n,quarters,avg_gross,avg_net,avg_qavg_net,pct_win,median,top5_share,avg_wo_top5,protocol,family,rule,part,side,seed
8,8,-1.5335992256218725,-1.7035992256218726,-1.7035992256218726,12.5,-1.0862791983888052,,-3.6172346386877767,WF,HGBc+,top1,is,long,2000
8,8,-0.49122053918157504,-0.6612205391815751,-0.6612205391815751,62.5,0.833060953074605,,-4.0182445636088,WF,HGBc+,top1,oos,long,2000
16,16,-1.0124098824017238,-1.1824098824017237,-1.1824098824017237,37.5,-0.844026063776685,,-2.3224722834192195,WF,HGBc+,top1,all,long,2000
8,8,2.695063166329046,2.525063166329046,2.525063166329046,75.0,1.243234983668285,1.263604150349036,-1.8944795629257365,SPLIT,HGBc+,top1,oos,long,2000
16,8,-1.0209744545864379,-1.1909744545864376,-1.190974454586438,25.0,-1.5194779073723002,,-3.594555117654609,WF,HGBc+,top2,is,long,2000
16,8,-0.21461087957515868,-0.3846108795751587,-0.3846108795751587,50.0,0.25571783300369505,,-2.0562898153607434,WF,HGBc+,top2,oos,long,2000
32,16,-0.617792667080798,-0.7877926670807982,-0.7877926670807982,37.5,-1.0862791983888052,,-2.0292770139272545,WF,HGBc+,top2,all,long,2000
16,8,0.9397233279515131,0.7697233279515131,0.7697233279515134,56.25,0.837015466655285,2.3665100258693963,-1.867841962456869,SPLIT,HGBc+,top2,oos,long,2000
24,8,-1.0794838972276863,-1.2494838972276858,-1.249483897227686,29.166666666666668,-1.5194779073723002,,-2.9943193790429796,WF,HGBc+,top3,is,long,2000
24,8,-0.33601175997931126,-0.5060117599793114,-0.506011759979311,50.0,0.25571783300369505,,-1.5022292762961136,WF,HGBc+,top3,oos,long,2000
48,16,-0.7077478286034986,-0.8777478286034984,-0.8777478286034985,39.58333333333333,-0.9641511885796449,,-1.6700898668141648,WF,HGBc+,top3,all,long,2000
24,8,1.0862972682789198,0.9162972682789202,0.9162972682789202,58.333333333333336,0.99274641869748,1.6840677556395087,-0.9386538117080715,SPLIT,HGBc+,top3,oos,long,2000
40,8,-0.119385002451605,-0.289385002451605,-0.28938500245160503,42.5,-0.62598432753098,,-1.3533384872320928,WF,HGBc+,top5,is,long,2000
40,8,-0.2709941621689755,-0.4409941621689754,-0.4409941621689754,52.5,0.760992475633295,,-1.362851770995748,WF,HGBc+,top5,oos,long,2000
80,16,-0.19518958231029035,-0.3651895823102901,-0.36518958231029025,47.5,-0.34878023421862003,,-0.8852706689942714,WF,HGBc+,top5,all,long,2000
40,8,1.1393863204383987,0.9693863204383991,0.9693863204383989,60.0,0.837015466655285,1.1250428639963808,-0.16282528994961726,SPLIT,HGBc+,top5,oos,long,2000
80,8,0.39423325129602693,0.22423325129602698,0.22423325129602703,51.24999999999999,0.30207357700776,1.5373203193057798,-0.22595150556515947,WF,HGBc+,top10,is,long,2000
80,8,-1.0920026207986053,-1.2620026207986053,-1.262002620798605,45.0,-0.867053237985365,,-1.7235569662974486,WF,HGBc+,top10,oos,long,2000
160,16,-0.34888468475128914,-0.5188846847512891,-0.518884684751289,48.125,-0.473141425800795,,-0.7079004085407908,WF,HGBc+,top10,all,long,2000
80,8,1.0887715260079884,0.9187715260079884,0.9187715260079885,60.0,0.837015466655285,0.6908576522045122,0.35902441148051817,SPLIT,HGBc+,top10,oos,long,2000
34,8,-0.6081354922502165,-0.7781354922502165,-1.0554347869950056,29.411764705882355,-0.9705435296322649,,-2.0091576150342747,WF,HGBc+,T2,is,long,2000
18,7,0.3419228703379856,0.17192287033798567,-0.15969015171305137,61.111111111111114,0.8663313075170299,3.13617994965114,-1.0113352337674686,WF,HGBc+,T2,oos,long,2000
52,15,-0.27926913596968495,-0.44926913596968504,-0.637420623863427,40.38461538461539,-0.62598432753098,,-1.155497670626691,WF,HGBc+,T2,all,long,2000
16,8,1.6795927875998165,1.5095927875998163,2.0924353042333186,68.75,1.663445614728035,1.3318462752748552,-0.810715069881469,SPLIT,HGBc+,T2,oos,long,2000
74,8,0.3904839298297895,0.2204839298297896,-0.6615057500939174,47.2972972972973,-0.12097122983243001,1.896629437218707,-0.3754903562640761,WF,HGBc+,T5,is,long,2000
66,8,-0.7241171682258247,-0.8941171682258245,-1.423693945216431,46.96969696969697,-0.62210892141573,,-1.4837247779439315,WF,HGBc+,T5,oos,long,2000
140,16,-0.13497087353928572,-0.3049708735392857,-1.042599847655174,47.14285714285714,-0.34234567653167997,,-0.5970357417455199,WF,HGBc+,T5,all,long,2000
73,8,0.7572838967392947,0.5872838967392948,0.34895432993457914,54.794520547945204,0.58313004618437,1.0029029758789183,-0.0023600222449722706,SPLIT,HGBc+,T5,oos,long,2000
0,0,,,,,,,,WF,HGBc+,TE,is,long,2000
0,0,,,,,,,,WF,HGBc+,TE,oos,long,2000
0,0,,,,,,,,WF,HGBc+,TE,all,long,2000
0,0,,,,,,,,SPLIT,HGBc+,TE,oos,long,2000
8,8,-1.7697582872454474,-1.9397582872454473,-1.9397582872454473,25.0,-1.406603614655685,,-5.059209398414502,WF,RFc+,top1,is,long,2000
8,8,-0.6827266177373962,-0.8527266177373961,-0.8527266177373961,62.5,0.9754271373495801,,-4.609679871669607,WF,RFc+,top1,oos,long,2000
16,16,-1.2262424524914222,-1.3962424524914216,-1.3962424524914216,43.75,-0.965549206181205,,-2.802428570141342,WF,RFc+,top1,all,long,2000
8,8,-0.17771609433778002,-0.34771609433778006,-0.34771609433778006,50.0,-0.10701585374686999,,-2.1531607876073564,SPLIT,RFc+,top1,oos,long,2000
16,8,-0.9488510331289532,-1.1188510331289532,-1.1188510331289532,31.25,-1.89900838274628,,-3.9290961452172506,WF,RFc+,top2,is,long,2000
16,8,-2.2015859683248316,-2.371585968324831,-2.371585968324831,43.75,-1.325159193570085,,-4.303960300923959,WF,RFc+,top2,oos,long,2000
32,16,-1.5752185007268924,-1.745218500726892,-1.7452185007268923,37.5,-1.89900838274628,,-3.0362813369565806,WF,RFc+,top2,all,long,2000
16,8,-0.8166543361742058,-0.9866543361742056,-0.9866543361742055,43.75,-0.351689075985065,,-2.5323446268423453,SPLIT,RFc+,top2,oos,long,2000
24,8,-0.7217423824802869,-0.8917423824802866,-0.8917423824802866,33.33333333333333,-1.89900838274628,,-2.7806914680876744,WF,RFc+,top3,is,long,2000
24,8,-1.6544972615894782,-1.8244972615894777,-1.8244972615894777,45.83333333333333,-0.351689075985065,,-2.8324685843026822,WF,RFc+,top3,oos,long,2000
48,16,-1.1881198220348825,-1.358119822034882,-1.3581198220348822,39.58333333333333,-1.6345003959141902,,-2.208603144026745,WF,RFc+,top3,all,long,2000
24,8,0.012988114205218665,-0.15701188579478118,-0.15701188579478123,54.166666666666664,0.49431713522118004,84.21803098794203,-1.3652782615639787,SPLIT,RFc+,top3,oos,long,2000
40,8,-0.480751931391894,-0.650751931391894,-0.6507519313918941,37.5,-1.478333357211115,,-1.7500607745260668,WF,RFc+,top5,is,long,2000
40,8,-0.6273730814664723,-0.7973730814664719,-0.7973730814664719,50.0,0.031272404005695004,,-1.784863978990714,WF,RFc+,top5,oos,long,2000
80,16,-0.554062506429183,-0.7240625064291831,-0.7240625064291831,43.75,-0.965549206181205,,-1.3202630196891825,WF,RFc+,top5,all,long,2000
40,8,0.663939567045004,0.4939395670450039,0.493939567045004,55.00000000000001,0.49431713522118004,1.8407899639911511,-0.6379813996206513,SPLIT,RFc+,top5,oos,long,2000
80,8,0.29368217277019154,0.1236821727701919,0.12368217277019167,40.0,-1.10537244700015,3.5898153572107048,-0.8112881079245324,WF,RFc+,top10,is,long,2000
80,8,-0.45180647769326027,-0.6218064776932601,-0.6218064776932603,47.5,-0.24804588793782997,,-1.150499759923168,WF,RFc+,top10,oos,long,2000
160,16,-0.07906215246153439,-0.24906215246153413,-0.2490621524615342,43.75,-0.626003129372975,,-0.6350054939959958,WF,RFc+,top10,all,long,2000
80,8,-0.4873169066639388,-0.6573169066639385,-0.6573169066639387,46.25,-0.5463836995479899,,-1.215427344376497,SPLIT,RFc+,top10,oos,long,2000
18,6,0.4508829152393243,0.28088291523932446,-0.545645149784562,38.88888888888889,-1.406603614655685,6.515975591689702,-3.443620368696936,WF,RFc+,T2,is,long,2000
23,6,-0.4626354278899113,-0.6326354278899111,-0.5850265257727727,34.78260869565217,-1.65899119412138,,-2.2893980147632798,WF,RFc+,T2,oos,long,2000
41,12,-0.061578594320978564,-0.2315785943209785,-0.5653358377786675,36.58536585365854,-1.65899119412138,,-1.9208103239159016,WF,RFc+,T2,all,long,2000
32,8,0.6247406902556505,0.4547406902556507,0.5273173040039795,50.0,0.118715519912995,2.445361152986824,-1.0701936881608196,SPLIT,RFc+,T2,oos,long,2000
41,7,0.865769280331803,0.6957692803318029,-0.7012219261390573,43.90243902439025,-0.97340490567219,2.412810567613168,-1.3930524311964545,WF,RFc+,T5,is,long,2000
85,8,-0.3106196318292512,-0.4806196318292511,-0.5372500913970546,47.05882352941176,-0.38003863745461997,,-0.9467382612720028,WF,RFc+,T5,oos,long,2000
126,15,0.07217358561998062,-0.09782641438001916,-0.6137702809433224,46.03174603174603,-0.52121464399638,9.575806136835894,-0.6445229875052673,WF,RFc+,T5,all,long,2000
94,8,-0.2597241751564623,-0.4297241751564622,-0.45881005623804577,48.93617021276596,-0.12421694034650001,,-0.889319134709329,SPLIT,RFc+,T5,oos,long,2000
0,0,,,,,,,,WF,RFc+,TE,is,long,2000
0,0,,,,,,,,WF,RFc+,TE,oos,long,2000
0,0,,,,,,,,WF,RFc+,TE,all,long,2000
0,0,,,,,,,,SPLIT,RFc+,TE,oos,long,2000
8,8,-2.566600570076943,-2.7366005700769436,-2.7366005700769436,37.5,-2.182618993429495,,-7.392148511305627,WF,ETc+,top1,is,long,2000
8,8,-0.39711239766236994,-0.56711239766237,-0.56711239766237,37.5,-0.21233117177594998,,-4.892900440455893,WF,ETc+,top1,oos,long,2000
16,16,-1.4818564838696566,-1.6518564838696566,-1.6518564838696566,37.5,-1.062737636697445,,-3.7639166102653006,WF,ETc+,top1,all,long,2000
8,8,1.27614360113001,1.1061436011300103,1.1061436011300103,50.0,2.26869478873655,2.410476125330605,-4.799920218366136,SPLIT,ETc+,top1,oos,long,2000
16,8,0.12555965216990236,-0.044440347830097385,-0.04444034783009747,43.75,-0.8625896589159601,16.226713174967344,-2.780888450821483,WF,ETc+,top2,is,long,2000
16,8,-1.1255857323251055,-1.2955857323251054,-1.2955857323251057,25.0,-0.695509600042865,,-2.8509586689776234,WF,ETc+,top2,oos,long,2000
32,16,-0.5000130400776016,-0.6700130400776015,-0.6700130400776014,34.375,-0.711221521645255,,-1.9954463322184157,WF,ETc+,top2,all,long,2000
16,8,2.801026998151434,2.6310269981514343,2.6310269981514347,62.5,3.8149287810055306,0.9048671041898056,0.3875924502933554,SPLIT,ETc+,top2,oos,long,2000
24,8,0.14151831011601682,-0.028481689883983207,-0.028481689883983266,50.0,0.14447619798101002,10.878547762800983,-1.7658889083687834,WF,ETc+,top3,is,long,2000
24,8,-1.392334835667739,-1.5623348356677387,-1.5623348356677385,29.166666666666668,-0.695509600042865,,-2.632147848109484,WF,ETc+,top3,oos,long,2000
48,16,-0.625408262775861,-0.795408262775861,-0.7954082627758609,39.58333333333333,-0.59313237124732,,-1.6517403025210209,WF,ETc+,top3,all,long,2000
24,8,1.7972956625500716,1.6272956625500716,1.6272956625500716,54.166666666666664,3.02169195005183,1.053242944960226,-0.1208757651011452,SPLIT,ETc+,top3,oos,long,2000
40,8,0.8377320022611187,0.6677320022611186,0.6677320022611187,50.0,-0.165699342934745,1.6215825624187188,-0.5951081195264345,WF,ETc+,top5,is,long,2000
40,8,-1.0295616464258692,-1.1995616464258692,-1.1995616464258692,37.5,-0.635027087577315,,-2.1637062859242335,WF,ETc+,top5,oos,long,2000
80,16,-0.0959148220823754,-0.2659148220823754,-0.26591482208237516,43.75,-0.59313237124732,,-0.9078638942625551,WF,ETc+,top5,all,long,2000
40,8,0.7786061025553656,0.6086061025553656,0.6086061025553656,55.00000000000001,0.49557548875953994,1.57737188037095,-0.5137660222865009,SPLIT,ETc+,top5,oos,long,2000
80,8,0.48197534152201027,0.31197534152201034,0.31197534152201034,48.75,0.030929502127304997,1.4466241859724938,-0.22961263420382141,WF,ETc+,top10,is,long,2000
80,8,-0.5817419677963341,-0.7517419677963341,-0.7517419677963341,42.5,-0.52165472437946,,-1.2515137486815084,WF,ETc+,top10,oos,long,2000
160,16,-0.04988331313716194,-0.21988331313716186,-0.21988331313716192,45.625,-0.43194424841747503,,-0.4513080074111298,WF,ETc+,top10,all,long,2000
80,8,0.8431127188680748,0.6731127188680748,0.6731127188680748,56.25,0.720814556446415,0.8540962062082856,0.13121423389535888,SPLIT,ETc+,top10,oos,long,2000
53,6,0.4568021030534306,0.2868021030534307,-0.6709838755997108,56.60377358490566,0.8234173847453501,1.8175331940349895,-0.4123520159294185,WF,ETc+,T2,is,long,2000
90,8,-0.45693616079857147,-0.6269361607985715,-0.5989332404044461,40.0,-0.673846865023965,,-1.2336013063754088,WF,ETc+,T2,oos,long,2000
143,14,-0.11827792314713019,-0.28827792314713,-0.6298120840595597,46.15384615384615,-0.38003863745461997,,-0.6160839248507801,WF,ETc+,T2,all,long,2000
155,8,0.44303814569708877,0.273038145697089,0.15680197814553962,50.967741935483865,0.24196447277713998,0.8745295195750679,0.05744114928675791,SPLIT,ETc+,T2,oos,long,2000
129,8,0.7255374290664401,0.5555374290664401,0.8450846268598039,49.6124031007752,0.14969740394722,0.7530018238390945,0.18643248710765245,WF,ETc+,T5,is,long,2000
237,8,-0.4000077311670909,-0.5700077311670907,-0.49638427763853066,43.88185654008439,-0.57742044964493,,-0.6979678973637057,WF,ETc+,T5,oos,long,2000
366,16,-0.0032991910847807743,-0.17329919108478067,0.17435017461063668,45.90163934426229,-0.36942645208209496,,-0.21877694156969157,WF,ETc+,T5,all,long,2000
328,8,-0.28131885851764116,-0.45131885851764103,-0.45586410634116936,45.73170731707317,-0.29880251311633,,-0.4967609873140353,SPLIT,ETc+,T5,oos,long,2000
0,0,,,,,,,,WF,ETc+,TE,is,long,2000
0,0,,,,,,,,WF,ETc+,TE,oos,long,2000
0,0,,,,,,,,WF,ETc+,TE,all,long,2000
0,0,,,,,,,,SPLIT,ETc+,TE,oos,long,2000
8,8,-0.27208147728888876,-0.4420814772888888,-0.4420814772888888,50.0,0.08429572270371999,,-3.576606067620327,WF,LR+,top1,is,long,2000
8,8,-1.0911159237291115,-1.261115923729111,-1.261115923729111,37.5,-1.9092448044541597,,-5.351491200485406,WF,LR+,top1,oos,long,2000
16,16,-0.681598700509,-0.8515987005089999,-0.8515987005089999,43.75,-1.105936897660625,,-2.670458417948985,WF,LR+,top1,all,long,2000
8,8,1.8517964753595164,1.6817964753595163,1.6817964753595163,75.0,1.7626248660026451,1.491866745859155,-2.4288989502094367,SPLIT,LR+,top1,oos,long,2000
16,8,0.6464005550441423,0.4764005550441427,0.47640055504414275,50.0,-0.40562966579256504,3.920003181346513,-2.745442439495341,WF,LR+,top2,is,long,2000
16,8,-0.3740821857478376,-0.5440821857478373,-0.5440821857478375,37.5,-0.818595931483965,,-2.7274912404913967,WF,LR+,top2,oos,long,2000
32,16,0.13615918464815224,-0.03384081535184741,-0.03384081535184741,43.75,-0.818595931483965,11.028591592960247,-1.6183524201087776,WF,LR+,top2,all,long,2000
16,8,0.47806300740527885,0.3080630074052789,0.30806300740527887,50.0,0.144319983146185,3.6371228904703132,-1.8337613089680582,SPLIT,LR+,top2,oos,long,2000
24,8,0.4105385211958252,0.24053852119582503,0.2405385211958251,45.83333333333333,-1.061616056382715,5.660107653692185,-2.416615206012804,WF,LR+,top3,is,long,2000
24,8,-0.4968261867119896,-0.6668261867119895,-0.6668261867119895,41.66666666666667,-0.818595931483965,,-1.896240256063833,WF,LR+,top3,oos,long,2000
48,16,-0.043143832758082395,-0.2131438327580823,-0.21314383275808213,43.75,-0.818595931483965,,-1.411564367556222,WF,LR+,top3,all,long,2000
24,8,0.0010982328921637272,-0.16890176710783614,-0.16890176710783614,45.83333333333333,-0.508251302271715,1194.7160854868075,-1.6559725502987872,SPLIT,LR+,top3,oos,long,2000
40,8,1.6242882222562656,1.4542882222562659,1.454288222256266,52.5,0.65389880048197,1.044936596701934,-0.08341712545283542,WF,LR+,top5,is,long,2000
40,8,-0.5037427822681902,-0.6737427822681898,-0.6737427822681901,50.0,-0.19445896965416998,,-1.7994080230820206,WF,LR+,top5,oos,long,2000
80,16,0.5602727199940377,0.39027271999403784,0.39027271999403795,51.24999999999999,0.30587020104350504,1.5640628951243598,-0.3370976559989723,WF,LR+,top5,all,long,2000
40,8,-0.9825170301312547,-1.1525170301312548,-1.1525170301312546,40.0,-0.818595931483965,,-2.2824883253040653,SPLIT,LR+,top5,oos,long,2000
80,8,0.3985802782848187,0.22858027828481842,0.2285802782848186,45.0,-0.48568631704883997,2.40818459522457,-0.598692915030404,WF,LR+,top10,is,long,2000
80,8,-0.9721254916987488,-1.1421254916987484,-1.1421254916987484,51.24999999999999,0.263471892304125,,-1.6250442742462061,WF,LR+,top10,oos,long,2000
160,16,-0.286772606706965,-0.45677260670696507,-0.45677260670696507,48.125,-0.27417604548818,,-0.7955831674794599,WF,LR+,top10,all,long,2000
80,8,-0.9962071098933273,-1.166207109893327,-1.1662071098933273,47.5,-0.508251302271715,,-1.6218217217815225,SPLIT,LR+,top10,oos,long,2000
53,7,0.6304461810188846,0.46044618101888507,-0.1395600054706139,45.28301886792453,-0.34052774255836,2.0522288131732807,-0.7324750573255373,WF,LR+,T2,is,long,2000
58,6,-1.113072848553835,-1.283072848553835,-1.4126020112356121,41.37931034482759,-0.87896826300596,,-1.9779253876077036,WF,LR+,T2,oos,long,2000
111,13,-0.2805817803794734,-0.45058178037947316,-0.7271178542852286,43.24324324324324,-0.8235931125271301,,-0.940726678941021,WF,LR+,T2,all,long,2000
49,8,-0.35692108045973486,-0.5269210804597348,-0.32046451593177305,40.816326530612244,-0.8235931125271301,,-1.2795597058139243,SPLIT,LR+,T2,oos,long,2000
129,8,0.693076782947895,0.5230767829478952,0.11169632583911708,50.3875968992248,0.17609209983568,0.8383389814405307,0.11656138168221557,WF,LR+,T5,is,long,2000
156,8,-0.0015499465982847765,-0.17154994659828476,-0.13464902450213082,46.15384615384615,-0.535214376396895,,-0.5267482991907171,WF,LR+,T5,oos,long,2000
285,16,0.31286004677524926,0.14286004677524936,-0.011476349331506906,48.07017543859649,-0.17167684536829,1.0188052975902855,-0.005988487467356902,WF,LR+,T5,all,long,2000
187,8,0.06023329047605404,-0.10976670952394581,-0.17744398246944845,52.406417112299465,0.33844127427166,6.311498680403488,-0.32871830229969884,SPLIT,LR+,T5,oos,long,2000
0,0,,,,,,,,WF,LR+,TE,is,long,2000
0,0,,,,,,,,WF,LR+,TE,oos,long,2000
0,0,,,,,,,,WF,LR+,TE,all,long,2000
0,0,,,,,,,,SPLIT,LR+,TE,oos,long,2000
8,8,-3.664908380374436,-3.8349083803744364,-3.8349083803744364,25.0,-4.320943362891059,,-9.206652011598484,WF,HGBr,top1,is,long,2000
8,8,2.898254663175535,2.7282546631755356,2.7282546631755356,100.0,3.343380439462895,0.8970096574261983,0.79597930833751,WF,HGBr,top1,oos,long,2000
16,16,-0.38332685859945065,-0.5533268585994507,-0.5533268585994507,62.5,0.837015466655285,,-2.710517233816982,WF,HGBr,top1,all,long,2000
8,8,0.8500599732672723,0.6800599732672729,0.6800599732672729,62.5,2.0974738180595405,3.4237269272959105,-5.494168658731546,SPLIT,HGBr,top1,oos,long,2000
16,8,-2.3091119241100078,-2.4791119241100086,-2.4791119241100077,25.0,-1.362415947458105,,-4.38737500960359,WF,HGBr,top2,is,long,2000
16,8,0.7124157070391407,0.5424157070391407,0.5424157070391407,75.0,1.35861041601809,2.311181349304667,-1.3586999098493364,WF,HGBr,top2,oos,long,2000
32,16,-0.7983481085354339,-0.9683481085354337,-0.9683481085354337,50.0,0.09029890058587,,-2.0201473389443985,WF,HGBr,top2,all,long,2000
16,8,2.0246695623560504,1.854669562356051,1.8546695623560507,75.0,2.75130831832237,1.0356503242336605,-0.10498927471129628,SPLIT,HGBr,top2,oos,long,2000
24,8,-1.643242562668181,-1.8132425626681812,-1.8132425626681812,33.33333333333333,-1.28965040557993,,-3.118844080239803,WF,HGBr,top3,is,long,2000
24,8,0.30043915508220415,0.13043915508220427,0.13043915508220427,62.5,0.724769070027095,5.30669465706627,-1.6343996260623577,WF,HGBr,top3,oos,long,2000
48,16,-0.6714017037929885,-0.8414017037929884,-0.8414017037929884,47.91666666666667,-0.23650048569329002,,-1.7052813567922125,WF,HGBr,top3,all,long,2000
24,8,1.3392418692393755,1.1692418692393756,1.1692418692393756,66.66666666666666,2.0172296694078398,1.1152396322952403,-0.1949478828196241,SPLIT,HGBr,top3,oos,long,2000
40,8,-0.6267877934819968,-0.7967877934819968,-0.7967877934819968,30.0,-1.5723542941397501,,-2.5753268846465716,WF,HGBr,top5,is,long,2000
40,8,-0.11135817987572752,-0.2813581798757275,-0.28135817987572725,50.0,0.15012382988707001,,-1.3964252235721835,WF,HGBr,top5,oos,long,2000
80,16,-0.36907298667886224,-0.5390729866788622,-0.5390729866788619,40.0,-0.8011117687167348,,-1.4419495802681956,WF,HGBr,top5,all,long,2000
40,8,0.8129767941845649,0.6429767941845651,0.642976794184565,52.5,0.73167663477155,1.3692838574323343,-0.34310766463937026,SPLIT,HGBr,top5,oos,long,2000
80,8,-0.4952466564561094,-0.6652466564561094,-0.6652466564561096,38.75,-0.8236919529742849,,-1.4393224199613348,WF,HGBr,top10,is,long,2000
80,8,0.21602106031173188,0.04602106031173194,0.04602106031173208,50.0,0.061709412505035,3.238924082867689,-0.5158984046277868,WF,HGBr,top10,oos,long,2000
160,16,-0.13961279807218877,-0.3096127980721887,-0.30961279807218856,44.375,-0.5425108861570599,,-0.6843736675812302,WF,HGBr,top10,all,long,2000
80,8,0.20754762780333838,0.03754762780333858,0.03754762780333858,52.5,0.53018150769738,3.2260552705809173,-0.49281332348606705,SPLIT,HGBr,top10,oos,long,2000
19,6,0.22499822392553245,0.05499822392553264,-0.41445300957799974,36.84210526315789,-0.97340490567219,11.432777411956433,-3.185697955550828,WF,HGBr,T2,is,long,2000
22,8,0.6936010453332977,0.523601045333298,0.6421983973795388,63.63636363636363,0.724769070027095,2.6856920619244984,-1.5130794751611318,WF,HGBr,T2,oos,long,2000
41,14,0.4764436402906748,0.30644364029067495,0.1893477943977365,51.21951219512195,0.36533134510066,3.4042756698116743,-1.3045993318856213,WF,HGBr,T2,all,long,2000
42,8,1.2670272424416176,1.0970272424416176,0.6245131878462375,64.28571428571429,1.26518017623839,0.8939170979865997,0.15257343043097824,SPLIT,HGBr,T2,oos,long,2000
66,8,-0.1632977589489878,-0.3332977589489876,-1.1666947704559651,40.909090909090914,-0.655644571032705,,-1.5040766397957073,WF,HGBr,T5,is,long,2000
71,8,0.39276692552865705,0.22276692552865712,-0.31229869610756533,53.52112676056338,0.45502886072664994,1.7930506667956494,-0.33508135038167103,WF,HGBr,T5,oos,long,2000
137,16,0.12488174906497412,-0.045118250935025715,-0.7394967332817652,47.44525547445255,-0.1011583679115,5.065694871156499,-0.526963324806129,WF,HGBr,T5,all,long,2000
135,8,0.347685617412617,0.1776856174126171,0.01922901910548576,54.81481481481482,0.73563114835223,1.368647234646321,-0.13310308528490092,SPLIT,HGBr,T5,oos,long,2000
0,0,,,,,,,,WF,HGBr,TE,is,long,2000
0,0,,,,,,,,WF,HGBr,TE,oos,long,2000
0,0,,,,,,,,WF,HGBr,TE,all,long,2000
0,0,,,,,,,,SPLIT,HGBr,TE,oos,long,2000
8,8,-1.7185132465443878,-1.8885132465443877,-1.8885132465443877,37.5,-0.9771840227007351,,-6.87827636152548,WF,RIDGE,top1,is,long,2000
8,8,1.797401813295203,1.6274018132952028,1.6274018132952028,50.0,-0.10741795027159498,1.5104201337770893,-2.4464801973155232,WF,RIDGE,top1,oos,long,2000
16,16,0.03944428337540745,-0.13055571662459234,-0.13055571662459234,43.75,-0.36599950343948,45.372056237464754,-2.545780305716474,WF,RIDGE,top1,all,long,2000
8,8,-0.48461081594631866,-0.6546108159463185,-0.6546108159463185,37.5,-1.092622505793135,,-4.6014362346529465,SPLIT,RIDGE,top1,oos,long,2000
16,8,0.2924366802106157,0.12243668021061568,0.12243668021061568,50.0,0.09682953169318999,6.998806035771987,-2.5516667961142754,WF,RIDGE,top2,is,long,2000
16,8,-0.1569654180952531,-0.3269654180952529,-0.32696541809525276,43.75,-0.31891387937274,,-3.169448424828218,WF,RIDGE,top2,oos,long,2000
32,16,0.06773563105768148,-0.10226436894231854,-0.10226436894231872,46.875,-0.07248861020618,21.138363098256615,-1.6166930168049036,WF,RIDGE,top2,all,long,2000
16,8,-1.0926219963160912,-1.262621996316091,-1.2626219963160912,37.5,-1.383897576858255,,-3.3966504434168376,SPLIT,RIDGE,top2,oos,long,2000
24,8,0.23875725616165472,0.06875725616165453,0.06875725616165466,50.0,0.09682953169318999,6.482669141794546,-1.653507840930998,WF,RIDGE,top3,is,long,2000
24,8,-0.7213195689469342,-0.891319568946934,-0.8913195689469338,37.5,-0.61242477260604,,-2.9424502362939116,WF,RIDGE,top3,oos,long,2000
48,16,-0.24128115639263978,-0.4112811563926396,-0.4112811563926396,43.75,-0.429738781642355,,-1.395090574997043,WF,RIDGE,top3,all,long,2000
24,8,-1.1546394735961059,-1.3246394735961056,-1.3246394735961056,37.5,-1.383897576858255,,-2.8887230567638174,SPLIT,RIDGE,top3,oos,long,2000
40,8,1.6415739392391426,1.4715739392391425,1.4715739392391427,57.49999999999999,1.03974493920749,0.9912375735149719,0.016439052528366895,WF,RIDGE,top5,is,long,2000
40,8,-1.3534353507922905,-1.52343535079229,-1.5234353507922902,37.5,-1.724483645376265,,-2.905028106578011,WF,RIDGE,top5,oos,long,2000
80,16,0.1440692942234261,-0.025930705776573762,-0.02593070577657378,47.5,-0.18331351247579503,5.988325048890469,-0.7665754337607333,WF,RIDGE,top5,all,long,2000
40,8,-1.2122784801110842,-1.3822784801110841,-1.3822784801110841,37.5,-1.4842510364184598,,-2.3288322448576837,SPLIT,RIDGE,top5,oos,long,2000
80,8,0.6038849981977326,0.43388499819773263,0.43388499819773274,48.75,0.030929502127304997,1.4830083802594058,-0.3111269491652702,WF,RIDGE,top10,is,long,2000
80,8,-0.5259038161708912,-0.6959038161708913,-0.695903816170891,47.5,-0.429738781642355,,-1.2877372157728038,WF,RIDGE,top10,oos,long,2000
160,16,0.038990591013420665,-0.13100940898657926,-0.13100940898657912,48.125,-0.07248861020618,11.587523771835741,-0.42613038372388823,WF,RIDGE,top10,all,long,2000
80,8,-0.21520321155674588,-0.3852032115567458,-0.38520321155674586,48.75,-0.0017604673844099988,,-0.9042744064230794,SPLIT,RIDGE,top10,oos,long,2000
91,7,0.8052288665481714,0.6352288665481716,1.1823305851479984,56.043956043956044,0.8222163133771699,0.8882830083782012,0.09518784808068784,WF,RIDGE,T2,is,long,2000
20,6,-1.0241182238544835,-1.1941182238544834,0.4915097214643463,40.0,-0.700187251679635,,-3.7617860050510528,WF,RIDGE,T2,oos,long,2000
111,13,0.4756167781873328,0.30561677818733285,0.8634901865247742,53.153153153153156,0.67738647102941,1.2737536649936703,-0.13634343220660647,WF,RIDGE,T2,all,long,2000
55,8,0.24613500514892636,0.07613500514892649,-0.8598754244279271,47.27272727272727,-0.43908215489850005,3.6091347790893304,-0.7064193425139347,SPLIT,RIDGE,T2,oos,long,2000
185,8,0.6304823322670374,0.4604823322670375,0.4220326522296679,51.35135135135135,0.20319221236575,0.7163628990629719,0.18379563038613433,WF,RIDGE,T5,is,long,2000
64,7,-0.40799181014224833,-0.5779918101422482,-0.12608497296932783,46.875,-0.578772036732795,,-1.335914347640888,WF,RIDGE,T5,oos,long,2000
249,15,0.3635652836156547,0.19356528361565475,0.16624442713680324,50.20080321285141,0.17609209983568,0.9229878441961832,0.02857269516557422,WF,RIDGE,T5,all,long,2000
138,8,-0.1384837455149929,-0.30848374551499275,-0.4177209811106069,45.65217391304348,-0.298247923273445,,-0.5467502601757945,SPLIT,RIDGE,T5,oos,long,2000
0,0,,,,,,,,WF,RIDGE,TE,is,long,2000
0,0,,,,,,,,WF,RIDGE,TE,oos,long,2000
0,0,,,,,,,,WF,RIDGE,TE,all,long,2000
0,0,,,,,,,,SPLIT,RIDGE,TE,oos,long,2000
8,8,-2.2578897795656814,-2.4278897795656817,-2.4278897795656817,12.5,-1.5194779073723002,,-6.627999537293889,WF,HGBnet,top1,is,long,2000
8,8,-2.96531465110793,-3.1353146511079295,-3.1353146511079295,37.5,-3.4999532906407747,,-7.2838109936933195,WF,HGBnet,top1,oos,long,2000
16,16,-2.6116022153368057,-2.7816022153368056,-2.7816022153368056,25.0,-1.9028719386577602,,-4.771721928260814,WF,HGBnet,top1,all,long,2000
8,8,1.92430553042513,1.7543055304251296,1.7543055304251296,62.5,1.243234983668285,1.6157974176310284,-3.1599530036504038,SPLIT,HGBnet,top1,oos,long,2000
16,8,-1.8622367960967463,-2.0322367960967465,-2.0322367960967465,25.0,-1.5194779073723002,,-3.676247326697407,WF,HGBnet,top2,is,long,2000
16,8,-2.0281653032592293,-2.198165303259229,-2.198165303259229,43.75,-1.746519573642125,,-4.016271683775803,WF,HGBnet,top2,oos,long,2000
32,16,-1.945201049677988,-2.115201049677988,-2.115201049677988,34.375,-1.6834499586235452,,-2.9193997001316556,WF,HGBnet,top2,all,long,2000
16,8,1.7790011144578468,1.6090011144578469,1.6090011144578469,62.5,1.243234983668285,1.363007246199226,-0.9393313389741045,SPLIT,HGBnet,top2,oos,long,2000
24,8,-0.3923164408026071,-0.5623164408026071,-0.5623164408026072,41.66666666666667,-0.844026063776685,,-2.090426384864209,WF,HGBnet,top3,is,long,2000
24,8,-1.4038264082331775,-1.5738264082331774,-1.5738264082331774,50.0,-0.025743441646380004,,-2.767394604960949,WF,HGBnet,top3,oos,long,2000
48,16,-0.8980714245178921,-1.0680714245178922,-1.0680714245178924,45.83333333333333,-0.746928113182405,,-1.8473496625323442,WF,HGBnet,top3,all,long,2000
24,8,1.1058738077432004,0.9358738077432005,0.9358738077432005,58.333333333333336,1.243234983668285,1.7218840399688466,-1.0083949288792338,SPLIT,HGBnet,top3,oos,long,2000
40,8,-0.7041435769175524,-0.8741435769175524,-0.8741435769175524,40.0,-0.844026063776685,,-1.823539642834883,WF,HGBnet,top5,is,long,2000
40,8,-0.5729953232590858,-0.7429953232590858,-0.7429953232590857,52.5,0.760992475633295,,-1.7460636617887677,WF,HGBnet,top5,oos,long,2000
80,16,-0.6385694500883189,-0.808569450088319,-0.808569450088319,46.25,-0.66141442416164,,-1.3139916030561705,WF,HGBnet,top5,all,long,2000
40,8,1.0557721259546535,0.8857721259546536,0.8857721259546539,57.49999999999999,0.837015466655285,1.2106623419027869,-0.2541844897934757,SPLIT,HGBnet,top5,oos,long,2000
80,8,0.18676557106604197,0.016765571066041964,0.016765571066042165,47.5,-0.28499119253053495,3.1156702528298976,-0.4214766538210274,WF,HGBnet,top10,is,long,2000
80,8,-0.4497137435059621,-0.619713743505962,-0.619713743505962,48.75,-0.497747729833555,,-1.205667339433371,WF,HGBnet,top10,oos,long,2000
160,16,-0.13147408621996007,-0.30147408621995997,-0.3014740862199599,48.125,-0.34878023421862003,,-0.52406158277662,WF,HGBnet,top10,all,long,2000
80,8,0.6091148009306064,0.43911480093060645,0.43911480093060656,55.00000000000001,0.6804383383217001,1.2733523953801085,-0.17760318922224982,SPLIT,HGBnet,top10,oos,long,2000
32,8,-0.18974501041401537,-0.35974501041401535,-2.1854870476405797,40.625,-0.84116468773676,,-1.6265896429981792,WF,HGBnet,T2,is,long,2000
11,7,-2.5016315528024324,-2.671631552802433,-2.835101611980912,36.36363636363637,-4.4531282834531,,-5.371483010504454,WF,HGBnet,T2,oos,long,2000
43,15,-0.7811578468389594,-0.9511578468389592,-2.4886405109994016,39.53488372093023,-0.97340490567219,,-1.8798912484678312,WF,HGBnet,T2,all,long,2000
15,7,0.03236575938763339,-0.13763424061236673,1.701354990783691,46.666666666666664,-0.59000019321328,62.07620710089597,-2.965166735005298,SPLIT,HGBnet,T2,oos,long,2000
98,8,-0.2971786192903438,-0.4671786192903439,-1.0671920600055957,43.87755102040816,-0.661745757365445,,-0.7732959623194081,WF,HGBnet,T5,is,long,2000
47,7,-0.6937208554760755,-0.8637208554760754,-1.107983469156236,51.06382978723404,0.42323789175042004,,-1.811482031938204,WF,HGBnet,T5,oos,long,2000
145,15,-0.42571299929537404,-0.5957129992953741,-1.086228050942561,46.206896551724135,-0.60884429284971,,-0.8378754797390962,WF,HGBnet,T5,all,long,2000
66,8,1.0094231205609288,0.839423120560929,1.4279122219612004,56.060606060606055,0.99274641869748,0.8801307919046639,0.13091668043039772,SPLIT,HGBnet,T5,oos,long,2000
0,0,,,,,,,,WF,HGBnet,TE,is,long,2000
0,0,,,,,,,,WF,HGBnet,TE,oos,long,2000
0,0,,,,,,,,WF,HGBnet,TE,all,long,2000
0,0,,,,,,,,SPLIT,HGBnet,TE,oos,long,2000
8,8,-3.799583345726665,-3.9695833457266656,-3.9695833457266656,0.0,-2.533021852214825,,-7.48113914757496,WF,ENS+,top1,is,long,2000
8,8,-0.197511210301465,-0.367511210301465,-0.367511210301465,62.5,0.999836586514695,,-3.8582991245470564,WF,ENS+,top1,oos,long,2000
16,16,-1.998547278014065,-2.168547278014065,-2.168547278014065,31.25,-1.363125542356665,,-3.8155967399504083,WF,ENS+,top1,all,long,2000
8,8,-1.969456317933695,-2.139456317933695,-2.139456317933695,37.5,-1.7691473669711097,,-5.272753997492813,SPLIT,ENS+,top1,oos,long,2000
16,8,-1.6173759148179412,-1.7873759148179413,-1.7873759148179416,31.25,-1.4306857800138602,,-3.5887570935294684,WF,ENS+,top2,is,long,2000
16,8,-0.6595026272906956,-0.8295026272906956,-0.8295026272906956,50.0,0.25571783300369505,,-2.00679689985705,WF,ENS+,top2,oos,long,2000
32,16,-1.1384392710543183,-1.3084392710543185,-1.3084392710543185,40.625,-0.8935018280564949,,-1.9489832168709988,WF,ENS+,top2,all,long,2000
16,8,-0.35619114987954625,-0.5261911498795463,-0.5261911498795461,43.75,-1.5895679515859802,,-2.4167654709850748,SPLIT,ENS+,top2,oos,long,2000
24,8,-0.8749544902888354,-1.0449544902888355,-1.0449544902888355,37.5,-1.0862791983888052,,-2.5623064078104023,WF,ENS+,top3,is,long,2000
24,8,-1.1790220160004286,-1.3490220160004285,-1.3490220160004287,45.83333333333333,-0.396853452414205,,-2.122427486369791,WF,ENS+,top3,oos,long,2000
48,16,-1.026988253144632,-1.196988253144632,-1.1969882531446319,41.66666666666667,-0.7641229861609901,,-1.80720565434658,WF,ENS+,top3,all,long,2000
24,8,0.11474899824090946,-0.05525100175909041,-0.055251001759090354,50.0,-0.00343507351445501,13.127832968095246,-1.7578821270593747,SPLIT,ENS+,top3,oos,long,2000
40,8,0.2676018699407266,0.09760186994072682,0.09760186994072699,45.0,-0.62598432753098,4.29055671682983,-1.0063532920796345,WF,ENS+,top5,is,long,2000
40,8,-0.9396396503029165,-1.1096396503029164,-1.1096396503029164,50.0,-0.013891972423445002,,-1.6659212027775376,WF,ENS+,top5,oos,long,2000
80,16,-0.336018890181095,-0.5060188901810948,-0.5060188901810947,47.5,-0.50929772321727,,-0.9707726831320516,WF,ENS+,top5,all,long,2000
40,8,1.5236382420885763,1.3536382420885766,1.3536382420885764,65.0,0.922537107307455,0.8543867666279795,0.2535564467654616,SPLIT,ENS+,top5,oos,long,2000
80,8,0.04884979598215836,-0.12115020401784152,-0.12115020401784139,43.75,-0.661745757365445,14.654092418987288,-0.7114662709216679,WF,ENS+,top10,is,long,2000
80,8,-0.7941604374649089,-0.9641604374649088,-0.9641604374649088,47.5,-0.4787295435497749,,-1.327536963159531,WF,ENS+,top10,oos,long,2000
160,16,-0.37265532074137525,-0.5426553207413751,-0.542655320741375,45.625,-0.59313237124732,,-0.7726202663145764,WF,ENS+,top10,all,long,2000
80,8,0.2802115947175383,0.11021159471753844,0.11021159471753848,53.75,0.53018150769738,2.613763626709793,-0.4823416312933433,SPLIT,ENS+,top10,oos,long,2000
32,7,-0.24532527230073917,-0.4153252723007391,-2.6303795399330667,34.375,-1.1577442580438149,,-1.7968180814775598,WF,ENS+,T2,is,long,2000
35,7,-0.25847987322208,-0.4284798732220801,0.12544423245215203,51.42857142857142,0.58313004618437,,-1.2889610055074285,WF,ENS+,T2,oos,long,2000
67,14,-0.2521970787521859,-0.4221970787521859,-1.2524676537404575,43.28358208955223,-0.7792090044836301,,-1.0261788481903564,WF,ENS+,T2,all,long,2000
38,8,1.454438224052757,1.2844382240527572,0.41069485280475443,63.1578947368421,1.0022965217047148,0.925413590729052,0.12491788897767814,SPLIT,ENS+,T2,oos,long,2000
91,8,0.30028146436538666,0.1302814643653867,-0.8623084938913564,41.75824175824176,-0.9576935066902201,2.936744209070763,-0.6153805027358902,WF,ENS+,T5,is,long,2000
123,8,-0.526846457523775,-0.6968464575237748,-1.2102006508011809,46.34146341463415,-0.57076832054712,,-1.0259878358756516,WF,ENS+,T5,oos,long,2000
214,16,-0.17512383653352398,-0.3451238365335237,-1.0362545723462686,44.39252336448598,-0.661745757365445,,-0.5632767345010092,WF,ENS+,T5,all,long,2000
154,8,0.27906096338221814,0.10906096338221831,0.24705454007780542,50.649350649350644,0.23105058821456,1.4488598438632077,-0.1294625913397121,SPLIT,ENS+,T5,oos,long,2000
0,0,,,,,,,,WF,ENS+,TE,is,long,2000
0,0,,,,,,,,WF,ENS+,TE,oos,long,2000
0,0,,,,,,,,WF,ENS+,TE,all,long,2000
0,0,,,,,,,,SPLIT,ENS+,TE,oos,long,2000
8,8,-2.967671120575946,-3.1376711205759467,-3.1376711205759467,25.0,-1.9033991063360252,,-7.7211637182048865,WF,HGBc-,top1,is,short,2000
8,8,1.810505021312516,1.6405050213125167,1.6405050213125167,75.0,1.51168450180119,1.8755200138246717,-4.227022350104457,WF,HGBc-,top1,oos,short,2000
16,16,-0.5785830496317151,-0.7485830496317151,-0.7485830496317151,50.0,0.2415944901081402,,-3.3897184435510535,WF,HGBc-,top1,all,short,2000
8,8,1.2601706495165286,1.0901706495165286,1.0901706495165286,75.0,0.64052862595302,1.082272038431157,-0.27647148828490664,SPLIT,HGBc-,top1,oos,short,2000
16,8,-3.2039721740267604,-3.3739721740267603,-3.3739721740267603,31.25,-1.9033991063360252,,-6.245862408927904,WF,HGBc-,top2,is,short,2000
16,8,1.9355237976691482,1.7655237976691482,1.7655237976691482,68.75,0.67046917026372,1.3807107131990888,-1.0718176660718992,WF,HGBc-,top2,oos,short,2000
32,16,-0.6342241881788062,-0.8042241881788061,-0.8042241881788061,50.0,0.0868436999115802,,-2.573231739693802,WF,HGBc-,top2,all,short,2000
16,8,1.539822278776121,1.3698222787761216,1.3698222787761212,68.75,0.9716198385574449,1.2910560440237318,-0.6518902995784528,SPLIT,HGBc-,top2,oos,short,2000
24,8,-3.2404892990562337,-3.410489299056233,-3.4104892990562337,25.0,-2.31372004714526,,-5.186187427699502,WF,HGBc-,top3,is,short,2000
24,8,1.1020407160240937,0.932040716024094,0.9320407160240938,62.5,0.559873947511645,1.702126252134054,-0.9773958538624752,WF,HGBc-,top3,oos,short,2000
48,16,-1.0692242915160697,-1.23922429151607,-1.2392242915160698,43.75,-1.09949373726488,,-2.3373220684367957,WF,HGBc-,top3,all,short,2000
24,8,0.6210952114488708,0.45109521144887105,0.4510952114488709,62.5,0.9716198385574449,2.2640424393342857,-0.991693523543589,SPLIT,HGBc-,top3,oos,short,2000
40,8,-1.9254542040684286,-2.095454204068429,-2.095454204068429,35.0,-1.9033991063360252,,-3.3212315466090927,WF,HGBc-,top5,is,short,2000
40,8,1.008637623193726,0.8386376231937264,0.8386376231937263,57.49999999999999,0.559873947511645,1.168127381209345,-0.19380525963060474,WF,HGBc-,top5,oos,short,2000
80,16,-0.45840829043735126,-0.6284082904373511,-0.6284082904373512,46.25,-0.700529199975515,,-1.1545424632941592,WF,HGBc-,top5,all,short,2000
40,8,-0.04795821068659152,-0.21795821068659127,-0.21795821068659135,52.5,0.49778374954499005,,-1.1364145686240215,SPLIT,HGBc-,top5,oos,short,2000
80,8,-1.690105509092078,-1.8601055090920777,-1.8601055090920777,37.5,-1.22759110754098,,-2.3818488078136375,WF,HGBc-,top10,is,short,2000
80,8,0.2622859064519456,0.0922859064519458,0.09228590645194586,53.75,0.5245181624402949,2.348340857466211,-0.3772275242738332,WF,HGBc-,top10,oos,short,2000
160,16,-0.7139098013200662,-0.8839098013200659,-0.8839098013200659,45.625,-0.494362230988055,,-1.064392261871701,WF,HGBc-,top10,all,short,2000
80,8,-0.2966131908532459,-0.4666131908532458,-0.46661319085324565,50.0,0.10537239599025998,,-0.9007767939366312,SPLIT,HGBc-,top10,oos,short,2000
0,0,,,,,,,,WF,HGBc-,T2,is,short,2000
2,1,-0.18298636557666,-0.35298636557666,-0.35298636557666,50.0,-0.18298636557666,,,WF,HGBc-,T2,oos,short,2000
2,1,-0.18298636557666,-0.35298636557666,-0.35298636557666,50.0,-0.18298636557666,,,WF,HGBc-,T2,all,short,2000
0,0,,,,,,,,SPLIT,HGBc-,T2,oos,short,2000
4,3,-9.434820045699894,-9.604820045699892,-6.640340564987553,25.0,-9.352244197844175,,,WF,HGBc-,T5,is,short,2000
23,4,-0.1584011582368813,-0.32840115823688104,-0.9924535266912713,56.52173913043478,0.49236850878433996,,-1.8112591376824279,WF,HGBc-,T5,oos,short,2000
27,7,-1.5326854378610313,-1.7026854378610308,-3.412976543103964,51.85185185185185,0.34403833182821,,-3.197361120958331,WF,HGBc-,T5,all,short,2000
5,3,-0.8759554293230282,-1.045955429323028,-0.034066795487088894,60.0,0.49236850878433996,,,SPLIT,HGBc-,T5,oos,short,2000
0,0,,,,,,,,WF,HGBc-,TE,is,short,2000
0,0,,,,,,,,WF,HGBc-,TE,oos,short,2000
0,0,,,,,,,,WF,HGBc-,TE,all,short,2000
0,0,,,,,,,,SPLIT,HGBc-,TE,oos,short,2000
8,8,-2.9232509896813115,-3.093250989681311,-3.093250989681311,37.5,-1.93323292044826,,-12.620103564286026,WF,RFc-,top1,is,short,2000
8,8,-0.4006786835972427,-0.5706786835972425,-0.5706786835972425,37.5,-0.39135536444922003,,-3.199832713878873,WF,RFc-,top1,oos,short,2000
16,16,-1.6619648366392767,-1.8319648366392765,-1.8319648366392765,37.5,-0.700529199975515,,-4.717413746796629,WF,RFc-,top1,all,short,2000
8,8,-3.5405432911604278,-3.7105432911604272,-3.7105432911604272,12.5,-2.472779112915445,,-7.019786871927447,SPLIT,RFc-,top1,oos,short,2000
16,8,-3.353889658368318,-3.5238896583683186,-3.5238896583683186,37.5,-1.66956604320815,,-7.167802361200451,WF,RFc-,top2,is,short,2000
16,8,0.8904689952013555,0.7204689952013559,0.7204689952013557,50.0,0.95573669422466,1.8947745114351073,-1.1589366692791325,WF,RFc-,top2,oos,short,2000
32,16,-1.2317103315834816,-1.4017103315834814,-1.4017103315834814,43.75,-0.6391741541828,,-2.8703207991500816,WF,RFc-,top2,all,short,2000
16,8,-2.1507871381158346,-2.320787138115834,-2.320787138115834,18.75,-1.4420668612487302,,-3.97550014022088,SPLIT,RFc-,top2,oos,short,2000
24,8,-2.053807339666601,-2.2238073396666005,-2.2238073396666005,41.66666666666667,-1.19630794546013,,-4.323481779439561,WF,RFc-,top3,is,short,2000
24,8,0.9978449265060625,0.8278449265060625,0.8278449265060627,54.166666666666664,1.6584241864244402,1.335378816441941,-0.42272343214004054,WF,RFc-,top3,oos,short,2000
48,16,-0.5279812065802693,-0.6979812065802692,-0.6979812065802689,47.91666666666667,-0.343000435423905,,-1.5670663858475389,WF,RFc-,top3,all,short,2000
24,8,-1.2149032681564067,-1.3849032681564066,-1.3849032681564064,29.166666666666668,-1.1428994504154502,,-2.753504251840435,SPLIT,RFc-,top3,oos,short,2000
40,8,-1.3630718337602843,-1.5330718337602842,-1.5330718337602844,42.5,-1.018783067390845,,-2.75950376320633,WF,RFc-,top5,is,short,2000
40,8,-0.5536266830451629,-0.7236266830451631,-0.723626683045163,47.5,-0.39135536444922003,,-1.5464311648175082,WF,RFc-,top5,oos,short,2000
80,16,-0.9583492584027237,-1.1283492584027235,-1.1283492584027235,45.0,-0.6391741541828,,-1.6105293602037403,WF,RFc-,top5,all,short,2000
40,8,-1.4027656415126453,-1.572765641512645,-1.5727656415126454,25.0,-1.3621095791895699,,-2.331686368318885,SPLIT,RFc-,top5,oos,short,2000
80,8,-0.12493471270712182,-0.29493471270712174,-0.29493471270712185,52.5,0.428916155113785,,-0.7668004615944626,WF,RFc-,top10,is,short,2000
80,8,-1.2463765647207345,-1.4163765647207343,-1.4163765647207343,43.75,-1.089153630475485,,-1.8621169346251762,WF,RFc-,top10,oos,short,2000
160,16,-0.6856556387139281,-0.855655638713928,-0.8556556387139279,48.125,-0.25059445819149,,-1.0245359364853546,WF,RFc-,top10,all,short,2000
80,8,-0.8929404147506214,-1.0629404147506214,-1.0629404147506214,38.75,-0.8452144902290251,,-1.5531148115612314,SPLIT,RFc-,top10,oos,short,2000
3,2,-8.45805696833648,-8.62805696833648,-11.671184374406703,0.0,-2.6785380126319,,,WF,RFc-,T2,is,short,2000
8,2,0.12307878106212373,-0.04692121893787597,-0.20252365462953056,37.5,-0.549167404411365,15.621835959088763,-4.799033991293263,WF,RFc-,T2,oos,short,2000
11,4,-2.2172309687738587,-2.387230968773859,-5.936854014518116,27.27272727272727,-2.06506629976017,,-6.628545479814872,WF,RFc-,T2,all,short,2000
1,1,-0.85834123993766,-1.02834123993766,-1.02834123993766,0.0,-0.85834123993766,,,SPLIT,RFc-,T2,oos,short,2000
6,2,-1.095055153765693,-1.2650551537656933,-3.1123003291134035,50.0,0.798714291272065,,-20.63056659261737,WF,RFc-,T5,is,short,2000
53,4,-1.4520988016664016,-1.6220988016664015,-0.8720771556159597,39.62264150943396,-1.06619325845109,,-2.3876535050511905,WF,RFc-,T5,oos,short,2000
59,6,-1.4157892781510755,-1.5857892781510754,-1.6188182134484408,40.67796610169492,-1.06619325845109,,-2.2944941972053736,WF,RFc-,T5,all,short,2000
18,3,-1.6948420933111104,-1.86484209331111,-2.3279082888678486,33.33333333333333,-2.0197839389499253,,-4.378570190006852,SPLIT,RFc-,T5,oos,short,2000
0,0,,,,,,,,WF,RFc-,TE,is,short,2000
0,0,,,,,,,,WF,RFc-,TE,oos,short,2000
0,0,,,,,,,,WF,RFc-,TE,all,short,2000
0,0,,,,,,,,SPLIT,RFc-,TE,oos,short,2000
8,8,-1.621983483274939,-1.7919834832749386,-1.7919834832749386,37.5,-1.599580693891705,,-4.49677724504378,WF,ETc-,top1,is,short,2000
8,8,-1.0569769993670663,-1.2269769993670663,-1.2269769993670663,25.0,-0.90477035214404,,-3.54600923333997,WF,ETc-,top1,oos,short,2000
16,16,-1.3394802413210025,-1.5094802413210027,-1.5094802413210027,31.25,-0.9617739312264599,,-2.661546208932837,WF,ETc-,top1,all,short,2000
8,8,-0.9078399692332314,-1.0778399692332308,-1.0778399692332308,37.5,-1.205700583630815,,-6.761554326522483,SPLIT,ETc-,top1,oos,short,2000
16,8,-2.609627723408016,-2.779627723408016,-2.779627723408016,31.25,-1.3228084823435449,,-4.498274080417464,WF,ETc-,top2,is,short,2000
16,8,-0.10332363391449507,-0.273323633914495,-0.27332363391449493,37.5,-0.90477035214404,,-1.86107934390955,WF,ETc-,top2,oos,short,2000
32,16,-1.3564756786612553,-1.5264756786612554,-1.526475678661255,34.375,-1.2309968074603752,,-2.304663568797529,WF,ETc-,top2,all,short,2000
16,8,1.498357024772084,1.3283570247720846,1.3283570247720846,62.5,1.968682849262725,1.5997430356783406,-1.3070970044607655,SPLIT,ETc-,top2,oos,short,2000
24,8,-1.1837648163703258,-1.353764816370326,-1.353764816370326,41.66666666666667,-1.018783067390845,,-2.821308430827283,WF,ETc-,top3,is,short,2000
24,8,-0.36818571036067,-0.5381857103606699,-0.5381857103606699,41.66666666666667,-0.50980309092608,,-1.84346474085487,WF,ETc-,top3,oos,short,2000
48,16,-0.775975263365498,-0.9459752633654978,-0.9459752633654978,41.66666666666667,-0.79263472743465,,-1.688921271220834,WF,ETc-,top3,all,short,2000
24,8,0.7537733738932725,0.5837733738932722,0.5837733738932724,58.333333333333336,1.2575713433363251,2.3512801996199304,-1.2866008864960297,SPLIT,ETc-,top3,oos,short,2000
40,8,-0.4342934960508948,-0.6042934960508946,-0.6042934960508944,47.5,-0.016937392065259793,,-1.5862009121143967,WF,ETc-,top5,is,short,2000
40,8,-0.35475101112775137,-0.5247510111277511,-0.5247510111277511,42.5,-0.8733794780952949,,-1.5787359754573314,WF,ETc-,top5,oos,short,2000
80,16,-0.3945222535893229,-0.564522253589323,-0.5645222535893228,45.0,-0.50980309092608,,-1.0466251993566875,WF,ETc-,top5,all,short,2000
40,8,0.02977820153155147,-0.14022179846844826,-0.14022179846844823,55.00000000000001,0.72937561538101,38.23712102742621,-1.2672622793251094,SPLIT,ETc-,top5,oos,short,2000
80,8,-0.39116807993622926,-0.5611680799362293,-0.5611680799362293,46.25,-0.142945301530185,,-1.01156881934082,WF,ETc-,top10,is,short,2000
80,8,0.010250069189094609,-0.1597499308109052,-0.15974993081090536,48.75,-0.2119609022692,68.34230941204324,-0.7362808862153174,WF,ETc-,top10,oos,short,2000
160,16,-0.19045900537356733,-0.36045900537356723,-0.3604590053735672,47.5,-0.20057105926819,,-0.5747736361868437,WF,ETc-,top10,all,short,2000
80,8,-0.141436715497903,-0.31143671549790275,-0.31143671549790275,57.49999999999999,0.667374950567785,,-0.7728640688247363,SPLIT,ETc-,top10,oos,short,2000
0,0,,,,,,,,WF,ETc-,T2,is,short,2000
2,1,2.3342515062220603,2.16425150622206,2.16425150622206,100.0,2.3342515062220603,1.0,,WF,ETc-,T2,oos,short,2000
2,1,2.3342515062220603,2.16425150622206,2.16425150622206,100.0,2.3342515062220603,1.0,,WF,ETc-,T2,all,short,2000
0,0,,,,,,,,SPLIT,ETc-,T2,oos,short,2000
0,0,,,,,,,,WF,ETc-,T5,is,short,2000
24,2,0.07723002795483372,-0.09276997204516624,-0.7668821725693928,62.5,0.864230747220765,13.5465201274932,-1.2239597054932847,WF,ETc-,T5,oos,short,2000
24,2,0.07723002795483372,-0.09276997204516624,-0.7668821725693928,62.5,0.864230747220765,13.5465201274932,-1.2239597054932847,WF,ETc-,T5,all,short,2000
0,0,,,,,,,,SPLIT,ETc-,T5,oos,short,2000
0,0,,,,,,,,WF,ETc-,TE,is,short,2000
0,0,,,,,,,,WF,ETc-,TE,oos,short,2000
0,0,,,,,,,,WF,ETc-,TE,all,short,2000
0,0,,,,,,,,SPLIT,ETc-,TE,oos,short,2000
8,8,0.5273455862972601,0.35734558629726026,0.35734558629726026,75.0,1.088948988102925,3.650615609655386,-3.7274411805930363,WF,LR-,top1,is,short,2000
8,8,-3.8636827342844975,-4.033682734284497,-4.033682734284497,25.0,-1.349560158107285,,-12.294490935695794,WF,LR-,top1,oos,short,2000
16,16,-1.668168573993619,-1.8381685739936184,-1.8381685739936184,50.0,-0.27486900195107,,-4.556122613358715,WF,LR-,top1,all,short,2000
8,8,-2.9047893836829575,-3.0747893836829574,-3.0747893836829574,12.5,-1.519385966477165,,-9.033743836506343,SPLIT,LR-,top1,oos,short,2000
16,8,-0.47907289256474744,-0.6490728925647473,-0.6490728925647473,68.75,1.494621722982565,,-3.1390283556488296,WF,LR-,top2,is,short,2000
16,8,-3.133693788790674,-3.3036937887906745,-3.3036937887906745,31.25,-1.349560158107285,,-6.254514319261925,WF,LR-,top2,oos,short,2000
32,16,-1.8063833406777106,-1.9763833406777107,-1.9763833406777107,50.0,-0.213513956158355,,-3.385842133212437,WF,LR-,top2,all,short,2000
16,8,-2.178502950962938,-2.3485029509629385,-2.3485029509629376,31.25,-1.13777960827952,,-5.033251408875401,SPLIT,LR-,top2,oos,short,2000
24,8,-1.6558749755166418,-1.8258749755166417,-1.8258749755166412,50.0,0.23789716236799,,-3.5055339496579254,WF,LR-,top3,is,short,2000
24,8,-2.8699030522779485,-3.039903052277948,-3.039903052277949,29.166666666666668,-1.805277147855645,,-4.870533959868656,WF,LR-,top3,oos,short,2000
48,16,-2.2628890138972957,-2.4328890138972947,-2.432889013897295,39.58333333333333,-1.404740892298785,,-3.353520403195484,WF,LR-,top3,all,short,2000
24,8,-2.764447380422732,-2.934447380422732,-2.934447380422732,25.0,-1.648661987621175,,-4.925052710532838,SPLIT,LR-,top3,oos,short,2000
40,8,-2.1200736028162144,-2.2900736028162143,-2.2900736028162143,42.5,-1.66956604320815,,-3.5989103444607338,WF,LR-,top5,is,short,2000
40,8,-2.045896379480109,-2.215896379480109,-2.215896379480109,35.0,-1.805277147855645,,-3.400389716350436,WF,LR-,top5,oos,short,2000
80,16,-2.0829849911481615,-2.252984991148162,-2.252984991148162,38.75,-1.805277147855645,,-2.847763823416858,WF,LR-,top5,all,short,2000
40,8,-1.6522290859113615,-1.8222290859113617,-1.822229085911362,35.0,-1.155719811118845,,-2.932261360065449,SPLIT,LR-,top5,oos,short,2000
80,8,-1.0520093165453486,-1.2220093165453483,-1.2220093165453483,45.0,-0.8940644472973152,,-1.785250584036033,WF,LR-,top10,is,short,2000
80,8,-0.8274490483802528,-0.9974490483802532,-0.9974490483802528,47.5,-0.03773411406049,,-1.5002572832335213,WF,LR-,top10,oos,short,2000
160,16,-0.9397291824628007,-1.1097291824628008,-1.1097291824628006,46.25,-0.533762947008145,,-1.3204450937022019,WF,LR-,top10,all,short,2000
80,8,-0.8279629927632111,-0.9979629927632105,-0.9979629927632105,45.0,-0.6359632434555651,,-1.4461172527573651,SPLIT,LR-,top10,oos,short,2000
6,1,1.0472449286551702,0.8772449286551699,0.8772449286551702,33.33333333333333,-2.008228021380535,1.4262832790019764,-2.6785380126319,WF,LR-,T2,is,short,2000
1,1,8.366091073449141,8.196091073449141,8.196091073449141,100.0,8.366091073449141,1.0,,WF,LR-,T2,oos,short,2000
7,2,2.0927943779114515,1.9227943779114514,4.536668001052155,42.857142857142854,-1.9513897430009,1.3304822310111848,-2.420709742709445,WF,LR-,T2,all,short,2000
0,0,,,,,,,,SPLIT,LR-,T2,oos,short,2000
13,3,1.3340532684680877,1.1640532684680878,2.3018308239806466,53.84615384615385,1.29435036822932,1.8106332038208153,-1.7573202970146136,WF,LR-,T5,is,short,2000
25,3,0.7277115453088646,0.5577115453088651,-1.8596189415958535,56.00000000000001,0.93434341348479,2.3126469151390436,-1.1940353938259345,WF,LR-,T5,oos,short,2000
38,6,0.9351442400738621,0.7651442400738624,0.22110594119239663,55.26315789473685,1.0437342249725,1.2466327936158355,-0.2655822721757764,WF,LR-,T5,all,short,2000
5,1,3.1452777138376806,2.9752777138376807,2.9752777138376802,60.0,2.94892299522042,1.0000000000000002,,SPLIT,LR-,T5,oos,short,2000
0,0,,,,,,,,WF,LR-,TE,is,short,2000
0,0,,,,,,,,WF,LR-,TE,oos,short,2000
0,0,,,,,,,,WF,LR-,TE,all,short,2000
0,0,,,,,,,,SPLIT,LR-,TE,oos,short,2000
8,8,-2.6423667411595186,-2.812366741159518,-2.812366741159518,25.0,-3.606564183067465,,-7.012796310430231,WF,-HGBr,top1,is,short,2000
8,8,1.4410667811371725,1.2710667811371725,1.2710667811371725,62.5,1.6543029748062348,2.164326004977185,-4.474324075164734,WF,-HGBr,top1,oos,short,2000
16,16,-0.6006499800111731,-0.770649980011173,-0.770649980011173,43.75,-2.14370951850056,,-3.839040392092574,WF,-HGBr,top1,all,short,2000
8,8,-1.9805550459694696,-2.15055504596947,-2.15055504596947,25.0,-1.63455626264258,,-5.075050663512492,SPLIT,-HGBr,top1,oos,short,2000
16,8,-2.2636106189807017,-2.4336106189807016,-2.433610618980702,25.0,-2.14370951850056,,-4.757916319770648,WF,-HGBr,top2,is,short,2000
16,8,0.77286497636274,0.6028649763627403,0.6028649763627402,56.25,1.08861073800497,2.5497846824001593,-1.7422171664444153,WF,-HGBr,top2,oos,short,2000
32,16,-0.7453728213089807,-0.9153728213089808,-0.9153728213089809,40.625,-1.56580971939744,,-2.2105993988629336,WF,-HGBr,top2,all,short,2000
16,8,-1.1875191183987526,-1.3575191183987525,-1.3575191183987523,37.5,-0.82630203500669,,-2.8439381513351005,SPLIT,-HGBr,top2,oos,short,2000
24,8,-2.2960890880336193,-2.4660890880336193,-2.4660890880336197,33.33333333333333,-1.5928150968714152,,-3.9396586702608567,WF,-HGBr,top3,is,short,2000
24,8,1.1522046411826747,0.9822046411826747,0.9822046411826747,62.5,1.1141572545000251,1.2942256538492685,-0.4282208386359593,WF,-HGBr,top3,oos,short,2000
48,16,-0.5719422234254725,-0.7419422234254722,-0.7419422234254723,47.91666666666667,-0.18561758928545,,-1.5261437722006161,WF,-HGBr,top3,all,short,2000
24,8,-0.7569822909360799,-0.9269822909360801,-0.9269822909360799,50.0,0.060751223470650005,,-1.910328159126296,SPLIT,-HGBr,top3,oos,short,2000
40,8,-2.902915506386692,-3.0729155063866913,-3.0729155063866918,30.0,-1.885881248578105,,-4.182019886621536,WF,-HGBr,top5,is,short,2000
40,8,0.5035890889859945,0.3335890889859946,0.33358908898599454,52.5,0.359744297496365,1.7767018837982984,-0.4470155360865039,WF,-HGBr,top5,oos,short,2000
80,16,-1.1996632087003487,-1.3696632087003484,-1.3696632087003484,41.25,-1.2986765563917102,,-1.8006157829176774,WF,-HGBr,top5,all,short,2000
40,8,-1.1172035284263113,-1.2872035284263112,-1.287203528426311,47.5,-0.46089153126585,,-1.8566327098904465,SPLIT,-HGBr,top5,oos,short,2000
80,8,-2.068037088184973,-2.2380370881849734,-2.2380370881849734,41.25,-1.3115930233441602,,-2.714310813969709,WF,-HGBr,top10,is,short,2000
80,8,0.5959728263298856,0.4259728263298855,0.4259728263298855,51.24999999999999,0.359744297496365,1.1370047627827438,-0.08709452340937326,WF,-HGBr,top10,oos,short,2000
160,16,-0.7360321309275439,-0.906032130927544,-0.906032130927544,46.25,-0.29418100901489996,,-1.139750054871453,WF,-HGBr,top10,all,short,2000
80,8,-0.7726405619623034,-0.9426405619623036,-0.9426405619623034,45.0,-0.44741623256236496,,-1.4772530590937878,SPLIT,-HGBr,top10,oos,short,2000
4,2,-2.620153183839953,-2.7901531838399527,-2.7901531838399527,25.0,-3.44949553885596,,,WF,-HGBr,T2,is,short,2000
3,2,5.511033054599477,5.341033054599477,5.6781141130156305,100.0,5.60872561493412,1.0,,WF,-HGBr,T2,oos,short,2000
7,4,0.8646409183483741,0.6946409183483743,1.4439804645878387,57.14285714285714,1.59577480550615,2.5527254194369933,-4.69892476411703,WF,-HGBr,T2,all,short,2000
0,0,,,,,,,,SPLIT,-HGBr,T2,oos,short,2000
11,4,0.03011222005873986,-0.13988777994125984,0.9353161814074279,36.36363636363637,-1.60888102436922,62.31587159151216,-3.384987867171259,WF,-HGBr,T5,is,short,2000
18,2,2.047379216324129,1.8773792163241292,1.8740080375755612,61.111111111111114,2.218370262379335,1.079968247305617,-0.2266966073068454,WF,-HGBr,T5,oos,short,2000
29,6,1.2822089763613953,1.1122089763613956,1.2482134667968057,51.724137931034484,0.58771469959162,1.164409888945656,-0.2547261344521793,WF,-HGBr,T5,all,short,2000
0,0,,,,,,,,SPLIT,-HGBr,T5,oos,short,2000
0,0,,,,,,,,WF,-HGBr,TE,is,short,2000
0,0,,,,,,,,WF,-HGBr,TE,oos,short,2000
0,0,,,,,,,,WF,-HGBr,TE,all,short,2000
0,0,,,,,,,,SPLIT,-HGBr,TE,oos,short,2000
8,8,-2.3560274717748526,-2.526027471774852,-2.526027471774852,25.0,-3.2257681115933448,,-8.322670134816883,WF,-RIDGE,top1,is,short,2000
8,8,-1.0269820721655112,-1.196982072165511,-1.196982072165511,25.0,-0.719928882881465,,-5.505436929149243,WF,-RIDGE,top1,oos,short,2000
16,16,-1.6915047719701815,-1.8615047719701814,-1.8615047719701814,25.0,-1.179917727035445,,-4.605271297730662,WF,-RIDGE,top1,all,short,2000
8,8,-0.7027956834603449,-0.8727956834603451,-0.8727956834603451,50.0,0.63817706191321,,-6.496200029431587,SPLIT,-RIDGE,top1,oos,short,2000
16,8,-1.6786095200080013,-1.8486095200080008,-1.8486095200080006,31.25,-1.6736676969747197,,-4.639863937790613,WF,-RIDGE,top2,is,short,2000
16,8,-0.651797080435132,-0.8217970804351318,-0.8217970804351318,37.5,-0.27620317535989997,,-2.471503852682498,WF,-RIDGE,top2,oos,short,2000
32,16,-1.1652033002215667,-1.3352033002215664,-1.3352033002215662,34.375,-0.853012141622295,,-2.466801307019366,WF,-RIDGE,top2,all,short,2000
16,8,-0.7392664520617265,-0.909266452061726,-0.909266452061726,43.75,-0.36520796927701,,-3.225811587799509,SPLIT,-RIDGE,top2,oos,short,2000
24,8,-1.4282346830571973,-1.5982346830571967,-1.598234683057197,45.83333333333333,-0.83340678702309,,-3.482783050896214,WF,-RIDGE,top3,is,short,2000
24,8,-1.730113837274613,-1.900113837274613,-1.900113837274613,37.5,-0.5327817676685199,,-3.3461039369882037,WF,-RIDGE,top3,oos,short,2000
48,16,-1.579174260165905,-1.749174260165905,-1.749174260165905,41.66666666666667,-0.6258888838087701,,-2.6220472234944743,WF,-RIDGE,top3,all,short,2000
24,8,-1.0788327025580642,-1.2488327025580641,-1.2488327025580641,45.83333333333333,-0.36520796927701,,-3.033935050459192,SPLIT,-RIDGE,top3,oos,short,2000
40,8,-1.2580932148503212,-1.4280932148503211,-1.428093214850321,47.5,-0.20936082625386498,,-2.3930221376766556,WF,-RIDGE,top5,is,short,2000
40,8,-1.7860071126242765,-1.9560071126242768,-1.9560071126242764,40.0,-0.6755887031165501,,-3.0506580016537064,WF,-RIDGE,top5,oos,short,2000
80,16,-1.522050163737299,-1.6920501637372984,-1.6920501637372984,43.75,-0.6258888838087701,,-2.19599422796549,WF,-RIDGE,top5,all,short,2000
40,8,-1.5402261676465783,-1.7102261676465786,-1.710226167646578,40.0,-0.8384964171238549,,-2.8000056162523155,SPLIT,-RIDGE,top5,oos,short,2000
80,8,-0.6859887230691213,-0.8559887230691213,-0.8559887230691213,47.5,-0.427180403916065,,-1.2838197351306182,WF,-RIDGE,top10,is,short,2000
80,8,-1.7002121250635671,-1.8702121250635675,-1.870212125063567,42.5,-0.6755887031165501,,-2.3836683837498773,WF,-RIDGE,top10,oos,short,2000
160,16,-1.1931004240663443,-1.363100424066344,-1.3631004240663442,45.0,-0.6359632434555651,,-1.521354451811418,WF,-RIDGE,top10,all,short,2000
80,8,-1.4927652055502283,-1.6627652055502282,-1.6627652055502282,40.0,-0.8482200938310549,,-2.111300650464525,SPLIT,-RIDGE,top10,oos,short,2000
0,0,,,,,,,,WF,-RIDGE,T2,is,short,2000
0,0,,,,,,,,WF,-RIDGE,T2,oos,short,2000
0,0,,,,,,,,WF,-RIDGE,T2,all,short,2000
0,0,,,,,,,,SPLIT,-RIDGE,T2,oos,short,2000
0,0,,,,,,,,WF,-RIDGE,T5,is,short,2000
4,2,-0.5445889380906901,-0.7145889380906896,1.9082549859813174,50.0,-0.70052991640018,,,WF,-RIDGE,T5,oos,short,2000
4,2,-0.5445889380906901,-0.7145889380906896,1.9082549859813174,50.0,-0.70052991640018,,,WF,-RIDGE,T5,all,short,2000
1,1,7.323942834125329,7.15394283412533,7.15394283412533,100.0,7.323942834125329,1.0,,SPLIT,-RIDGE,T5,oos,short,2000
0,0,,,,,,,,WF,-RIDGE,TE,is,short,2000
0,0,,,,,,,,WF,-RIDGE,TE,oos,short,2000
0,0,,,,,,,,WF,-RIDGE,TE,all,short,2000
0,0,,,,,,,,SPLIT,-RIDGE,TE,oos,short,2000
8,8,-2.9450884572738674,-3.1150884572738677,-3.1150884572738677,37.5,-0.0650586138385398,,-9.7700074722079,WF,-HGBnet,top1,is,short,2000
8,8,1.81024807325397,1.64024807325397,1.64024807325397,62.5,1.7900032639653451,1.809085327685663,-3.9057204147760767,WF,-HGBnet,top1,oos,short,2000
16,16,-0.5674201920099485,-0.7374201920099486,-0.7374201920099486,50.0,0.2415944901081402,,-3.359913102131298,WF,-HGBnet,top1,all,short,2000
8,8,-1.3310278194220748,-1.501027819422075,-1.501027819422075,37.5,-1.393030492304415,,-5.521203535914476,SPLIT,-HGBnet,top1,oos,short,2000
16,8,-3.3408062264730116,-3.5108062264730124,-3.510806226473013,37.5,-1.141909585948005,,-6.162577496708274,WF,-HGBnet,top2,is,short,2000
16,8,2.1072496511846017,1.937249651184602,1.937249651184602,62.5,1.40429541046451,1.2220101773722438,-0.680481263748498,WF,-HGBnet,top2,oos,short,2000
32,16,-0.6167782876442053,-0.7867782876442051,-0.7867782876442053,50.0,0.2415944901081402,,-2.2569701305482104,WF,-HGBnet,top2,all,short,2000
16,8,-0.27914324174623945,-0.44914324174623893,-0.44914324174623926,43.75,-0.73220135021972,,-2.854909766344501,SPLIT,-HGBnet,top2,oos,short,2000
24,8,-2.7641456556105766,-2.934145655610576,-2.9341456556105765,33.33333333333333,-1.66956604320815,,-4.68203595625289,WF,-HGBnet,top3,is,short,2000
24,8,1.6030604031443814,1.4330604031443814,1.4330604031443812,58.333333333333336,0.81394559052053,1.1596878060258773,-0.3233547773116857,WF,-HGBnet,top3,oos,short,2000
48,16,-0.5805426262330976,-0.7505426262330973,-0.7505426262330974,45.83333333333333,-0.13287903494404002,,-1.7334100102038723,WF,-HGBnet,top3,all,short,2000
24,8,0.4457408405515051,0.2757408405515052,0.275740840551505,58.333333333333336,1.17708124852875,2.955781675507612,-1.1011853911275715,SPLIT,-HGBnet,top3,oos,short,2000
40,8,-1.9428990450912091,-2.112899045091209,-2.112899045091209,32.5,-1.698317469564225,,-3.132426677232241,WF,-HGBnet,top5,is,short,2000
40,8,1.0284945532036591,0.8584945532036595,0.8584945532036594,57.49999999999999,0.5277242938556901,1.1730094081654907,-0.20335912451565227,WF,-HGBnet,top5,oos,short,2000
80,16,-0.45720224594377484,-0.6272022459437748,-0.6272022459437747,45.0,-0.21322204379144,,-1.1434435016735047,WF,-HGBnet,top5,all,short,2000
40,8,0.2772120343408008,0.1072120343408009,0.10721203434080089,55.00000000000001,0.77858980544918,3.97616589732185,-0.9428902890654912,SPLIT,-HGBnet,top5,oos,short,2000
80,8,-1.8337854122659352,-2.0037854122659358,-2.0037854122659353,36.25,-1.239376924655885,,-2.5032877981777806,WF,-HGBnet,top10,is,short,2000
80,8,0.09275587331080547,-0.07724412668919427,-0.07724412668919431,52.5,0.2425879633131,6.994346281436478,-0.5930782125461543,WF,-HGBnet,top10,oos,short,2000
160,16,-0.8705147694775648,-1.040514769477565,-1.0405147694775647,44.375,-0.260808642844445,,-1.239683788265307,WF,-HGBnet,top10,all,short,2000
80,8,0.08563599449398797,-0.08436400550601186,-0.08436400550601181,53.75,0.49778374954499005,6.970547799700161,-0.5453800517346293,SPLIT,-HGBnet,top10,oos,short,2000
0,0,,,,,,,,WF,-HGBnet,T2,is,short,2000
2,1,-0.18298636557666,-0.35298636557666,-0.35298636557666,50.0,-0.18298636557666,,,WF,-HGBnet,T2,oos,short,2000
2,1,-0.18298636557666,-0.35298636557666,-0.35298636557666,50.0,-0.18298636557666,,,WF,-HGBnet,T2,all,short,2000
0,0,,,,,,,,SPLIT,-HGBnet,T2,oos,short,2000
2,1,-3.1916672689335055,-3.3616672689335045,-3.3616672689335045,0.0,-3.1916672689335055,,,WF,-HGBnet,T5,is,short,2000
6,3,1.0397594224401152,0.8697594224401153,2.1716698653191835,50.0,-0.18298636557666,2.015105363519987,-6.3327921989364295,WF,-HGBnet,T5,oos,short,2000
8,4,-0.01809725040329011,-0.1880972504032896,0.7883355817560115,37.5,-1.47069001981181,,-4.238708912267813,WF,-HGBnet,T5,all,short,2000
3,2,2.1668130702938733,1.996813070293874,1.2405244927359904,33.33333333333333,-0.85834123993766,1.0,,SPLIT,-HGBnet,T5,oos,short,2000
0,0,,,,,,,,WF,-HGBnet,TE,is,short,2000
0,0,,,,,,,,WF,-HGBnet,TE,oos,short,2000
0,0,,,,,,,,WF,-HGBnet,TE,all,short,2000
0,0,,,,,,,,SPLIT,-HGBnet,TE,oos,short,2000
8,8,-1.6459017540850183,-1.8159017540850184,-1.8159017540850184,37.5,-0.4294089175425648,,-8.194390130635133,WF,ENS-,top1,is,short,2000
8,8,-0.6488529451273326,-0.8188529451273324,-0.8188529451273324,37.5,-0.796986194144945,,-3.32468703171356,WF,ENS-,top1,oos,short,2000
16,16,-1.1473773496061757,-1.3173773496061754,-1.3173773496061754,37.5,-0.79263472743465,,-3.2586036631733277,WF,ENS-,top1,all,short,2000
8,8,0.6327386408753837,0.46273864087538386,0.46273864087538386,25.0,-1.239947598135305,2.271445610789111,-2.1453140472471306,SPLIT,ENS-,top1,oos,short,2000
16,8,-2.1000455577419053,-2.2700455577419048,-2.270045557741905,37.5,-1.0618520465866002,,-4.536832994523454,WF,ENS-,top2,is,short,2000
16,8,-2.0537521822559546,-2.223752182255955,-2.223752182255955,31.25,-1.648661987621175,,-4.5531141787147495,WF,ENS-,top2,oos,short,2000
32,16,-2.0768988699989297,-2.2468988699989296,-2.2468988699989296,34.375,-1.44780987149454,,-3.43549272763544,WF,ENS-,top2,all,short,2000
16,8,-1.2321693239302396,-1.4021693239302397,-1.4021693239302397,25.0,-1.519385966477165,,-3.3944324652108464,SPLIT,ENS-,top2,oos,short,2000
24,8,-0.8698413186374423,-1.0398413186374418,-1.0398413186374418,45.83333333333333,-0.4294089175425648,,-2.7721136768137074,WF,ENS-,top3,is,short,2000
24,8,-2.701200930231491,-2.87120093023149,-2.87120093023149,25.0,-1.994634506829945,,-4.3704804693232955,WF,ENS-,top3,oos,short,2000
48,16,-1.7855211244344662,-1.9555211244344661,-1.9555211244344661,35.41666666666667,-1.648661987621175,,-2.8413009576615487,WF,ENS-,top3,all,short,2000
24,8,-0.966850611608589,-1.1368506116085886,-1.136850611608589,37.5,-0.8430320583357399,,-2.943315894391718,SPLIT,ENS-,top3,oos,short,2000
40,8,-1.4813314534406,-1.6513314534406,-1.6513314534406,47.5,-0.4294089175425648,,-2.8089371319523453,WF,ENS-,top5,is,short,2000
40,8,-2.286544871517201,-2.4565448715172007,-2.456544871517201,40.0,-1.648661987621175,,-3.4849498908030387,WF,ENS-,top5,oos,short,2000
80,16,-1.8839381624789007,-2.0539381624789006,-2.0539381624789006,43.75,-1.056424758069125,,-2.596423252816667,WF,ENS-,top5,all,short,2000
40,8,-1.6110150332640787,-1.781015033264079,-1.7810150332640786,40.0,-0.94925024838645,,-2.919456329950419,SPLIT,ENS-,top5,oos,short,2000
80,8,-1.4430066179621097,-1.6130066179621099,-1.6130066179621099,38.75,-1.16861328710928,,-2.1527527240653836,WF,ENS-,top10,is,short,2000
80,8,-1.0986290710327746,-1.2686290710327741,-1.2686290710327746,50.0,-0.179925115811075,,-1.8021098512019016,WF,ENS-,top10,oos,short,2000
160,16,-1.2708178444974423,-1.4408178444974418,-1.4408178444974422,44.375,-0.8539897732273649,,-1.6407786904743589,WF,ENS-,top10,all,short,2000
80,8,-0.9063311550385483,-1.0763311550385481,-1.076331155038548,50.0,-0.095937080254845,,-1.5142606858192256,SPLIT,ENS-,top10,oos,short,2000
2,1,-2.3718021561960354,-2.5418021561960353,-2.5418021561960353,0.0,-2.3718021561960354,,,WF,ENS-,T2,is,short,2000
1,1,-0.85834123993766,-1.02834123993766,-1.02834123993766,0.0,-0.85834123993766,,,WF,ENS-,T2,oos,short,2000
3,2,-1.8673151841099103,-2.0373151841099104,-1.7850716980668475,0.0,-2.06506629976017,,,WF,ENS-,T2,all,short,2000
0,0,,,,,,,,SPLIT,ENS-,T2,oos,short,2000
6,2,-2.0659512129475748,-2.235951212947575,-9.661797364815493,33.33333333333333,-2.11397388627358,,-20.63056659261737,WF,ENS-,T5,is,short,2000
5,3,-0.601437204150408,-0.7714372041504075,-0.4359006299553754,40.0,-0.85834123993766,,,WF,ENS-,T5,oos,short,2000
11,5,-1.4002630271306808,-1.570263027130681,-4.126259323899423,36.36363636363637,-2.06506629976017,,-6.53622827459574,WF,ENS-,T5,all,short,2000
1,1,-0.85834123993766,-1.02834123993766,-1.02834123993766,0.0,-0.85834123993766,,,SPLIT,ENS-,T5,oos,short,2000
0,0,,,,,,,,WF,ENS-,TE,is,short,2000
0,0,,,,,,,,WF,ENS-,TE,oos,short,2000
0,0,,,,,,,,WF,ENS-,TE,all,short,2000
0,0,,,,,,,,SPLIT,ENS-,TE,oos,short,2000
8,8,3.1953284409642713,3.025328440964272,3.025328440964272,62.5,2.33611993693277,1.1317012609332093,-1.1222100927219731,WF,HGBc+,top1,is,long,2001
8,8,-0.6642123591901725,-0.8342123591901723,-0.8342123591901723,37.5,-1.39045660164996,,-4.47674074776194,WF,HGBc+,top1,oos,long,2001
16,16,1.2655580408870497,1.0955580408870496,1.0955580408870496,50.0,0.010436932911790002,1.7411258063671575,-1.3642730524463342,WF,HGBc+,top1,all,long,2001
8,8,-3.477568235509971,-3.6475682355099717,-3.6475682355099717,25.0,-1.2479261124969852,,-9.771451715557271,SPLIT,HGBc+,top1,oos,long,2001
16,8,1.522695563383481,1.3526955633834814,1.3526955633834814,56.25,0.937270123693015,1.36325050127822,-0.8045380751900665,WF,HGBc+,top2,is,long,2001
16,8,-1.508451467032287,-1.678451467032287,-1.678451467032287,43.75,-1.39045660164996,,-4.7934893762597515,WF,HGBc+,top2,oos,long,2001
32,16,0.00712204817559705,-0.16287795182440262,-0.16287795182440284,50.0,0.010436932911790002,180.6916253140806,-1.5167673033934415,WF,HGBc+,top2,all,long,2001
16,8,-1.556883759817811,-1.726883759817811,-1.7268837598178106,31.25,-1.426426954903385,,-4.434050515820041,SPLIT,HGBc+,top2,oos,long,2001
24,8,1.5974840210098578,1.4274840210098574,1.4274840210098574,62.5,1.39669534472192,0.9098840315871298,0.18184271946617578,WF,HGBc+,top3,is,long,2001
24,8,-1.0022086330656286,-1.1722086330656287,-1.1722086330656287,45.83333333333333,-0.9174818023503,,-3.066158366709252,WF,HGBc+,top3,oos,long,2001
48,16,0.29763769397211437,0.12763769397211439,0.1276376939721143,54.166666666666664,0.8796143161760851,2.882462999986335,-0.6254421726181522,WF,HGBc+,top3,all,long,2001
24,8,-0.5282030896567684,-0.6982030896567684,-0.6982030896567687,45.83333333333333,-0.6120021450114851,,-2.5932859210802297,SPLIT,HGBc+,top3,oos,long,2001
40,8,1.5325127875722635,1.3625127875722638,1.3625127875722634,65.0,1.358827859946035,0.6139123478127049,0.6762105875437509,WF,HGBc+,top5,is,long,2001
40,8,-0.21636365131199098,-0.386363651311991,-0.38636365131199096,50.0,0.225512564411885,,-1.297919401305125,WF,HGBc+,top5,oos,long,2001
80,16,0.6580745681301363,0.48807456813013633,0.48807456813013617,57.49999999999999,0.920248280541895,0.7895827282656048,0.1477016055719823,WF,HGBc+,top5,all,long,2001
40,8,-0.32475606697886195,-0.494756066978862,-0.4947560669788616,50.0,0.053008715842230006,,-1.6196855461504105,SPLIT,HGBc+,top5,oos,long,2001
80,8,0.6866793895612544,0.5166793895612545,0.5166793895612544,60.0,1.23513609165485,0.8307942874379983,0.12393608043984258,WF,HGBc+,top10,is,long,2001
80,8,0.2361364524860666,0.06613645248606664,0.06613645248606673,42.5,-0.85329442104445,4.246074532561374,-0.8176176262660371,WF,HGBc+,top10,oos,long,2001
160,16,0.4614079210236605,0.29140792102366053,0.2914079210236606,51.24999999999999,0.473796415365795,1.1014564535996754,-0.04832290201791964,WF,HGBc+,top10,all,long,2001
80,8,0.17766194628684445,0.007661946286844531,0.007661946286844582,47.5,-0.18419770694831,4.603881906547831,-0.6829575186189134,SPLIT,HGBc+,top10,oos,long,2001
9,5,1.55205789210478,1.3820578921047806,2.51732255528885,55.55555555555556,0.45178680878552,1.8297171901276879,-2.89748050459353,WF,HGBc+,T2,is,long,2001
19,6,-1.3758926227296617,-1.5458926227296619,-3.136501482569259,47.368421052631575,-1.09469043855252,,-3.8649230834408907,WF,HGBc+,T2,oos,long,2001
28,11,-0.43476567153287676,-0.6047656715328767,-0.5665814653610276,50.0,-0.005706706714555003,,-2.3113840101049514,WF,HGBc+,T2,all,long,2001
20,8,-1.3783485569125415,-1.5483485569125413,-1.3234685696816855,40.0,-0.95367157881894,,-2.7843636001576466,SPLIT,HGBc+,T2,oos,long,2001
39,7,0.8572019914916466,0.6872019914916472,1.2360211285872054,56.41025641025641,0.8496383065170701,1.1106423591977586,-0.10879032868407203,WF,HGBc+,T5,is,long,2001
52,8,-0.13367246762303842,-0.3036724676230383,-0.6708095670211774,44.230769230769226,-0.8654669931063799,,-1.515072410301179,WF,HGBc+,T5,oos,long,2001
91,15,0.29098801485468373,0.12098801485468408,0.21904475759606779,49.45054945054945,-0.28535158163586,2.5860874970650443,-0.4883657342589302,WF,HGBc+,T5,all,long,2001
75,8,-0.07874273170104328,-0.24874273170104316,-0.488107744682781,48.0,-0.062374924512479994,,-0.834456718330534,SPLIT,HGBc+,T5,oos,long,2001
0,0,,,,,,,,WF,HGBc+,TE,is,long,2001
0,0,,,,,,,,WF,HGBc+,TE,oos,long,2001
0,0,,,,,,,,WF,HGBc+,TE,all,long,2001
0,0,,,,,,,,SPLIT,HGBc+,TE,oos,long,2001
8,8,4.509835214131705,4.339835214131705,4.339835214131705,62.5,4.94053997670387,1.0997310525792816,-1.1993883009719064,WF,RFc+,top1,is,long,2001
8,8,-3.3192523267768275,-3.4892523267768274,-3.4892523267768274,37.5,-1.2358454286249398,,-13.609228915012206,WF,RFc+,top1,oos,long,2001
16,16,0.5952914436774386,0.4252914436774391,0.4252914436774391,50.0,0.057642627052414984,4.849175068431796,-3.332917794114862,WF,RFc+,top1,all,long,2001
8,8,2.931749017198384,2.761749017198384,2.761749017198384,62.5,4.53369924949001,1.7668027074579138,-5.994861557266127,SPLIT,RFc+,top1,oos,long,2001
16,8,1.458438125119058,1.2884381251190586,1.2884381251190586,50.0,0.45515628303821004,1.9310460480482787,-1.975088076676422,WF,RFc+,top2,is,long,2001
16,8,-0.2149940158556667,-0.38499401585566667,-0.3849940158556667,50.0,0.057642627052414984,,-4.452916232796135,WF,RFc+,top2,oos,long,2001
32,16,0.6217220546316956,0.451722054631696,0.4517220546316963,50.0,0.057642627052414984,2.690487483128241,-1.2456454534395898,WF,RFc+,top2,all,long,2001
16,8,1.1415147551531164,0.9715147551531164,0.9715147551531167,56.25,3.492990393506025,2.6989786426928832,-2.8209588208348233,SPLIT,RFc+,top2,oos,long,2001
24,8,1.110904134808021,0.9409041348080208,0.940904134808021,45.83333333333333,-0.48670506104732003,1.7033187649348163,-0.986930177752621,WF,RFc+,top3,is,long,2001
24,8,0.24434205247579424,0.07434205247579423,0.07434205247579417,50.0,0.049679855922744987,8.406040939356979,-2.285819676432308,WF,RFc+,top3,oos,long,2001
48,16,0.6776230936419076,0.5076230936419075,0.5076230936419076,47.91666666666667,-0.334997252694055,1.6825192708871561,-0.5162688221121197,WF,RFc+,top3,all,long,2001
24,8,0.46674825411543086,0.29674825411543093,0.29674825411543093,50.0,-0.20091594593821,4.400550571336638,-2.0048855269927666,SPLIT,RFc+,top3,oos,long,2001
40,8,1.7678841063457407,1.5978841063457403,1.5978841063457407,52.5,0.562020607964445,0.9758219955469472,0.048850182623666874,WF,RFc+,top5,is,long,2001
40,8,-0.14232585704405656,-0.3123258570440567,-0.31232585704405647,50.0,0.049679855922744987,,-1.571080496954148,WF,RFc+,top5,oos,long,2001
80,16,0.812779124650842,0.6427791246508419,0.642779124650842,51.24999999999999,0.34640404540132996,1.1524772032987673,-0.132192307014806,WF,RFc+,top5,all,long,2001
40,8,0.5128603359481012,0.34286033594810117,0.34286033594810117,50.0,0.049679855922744987,2.5368758269533926,-0.9008030319106658,SPLIT,RFc+,top5,oos,long,2001
80,8,1.348096939102458,1.178096939102458,1.178096939102458,53.75,0.71369357210149,0.7915414922696871,0.2997570946145079,WF,RFc+,top10,is,long,2001
80,8,0.36900258878778625,0.19900258878778634,0.19900258878778632,48.75,-0.008364998459170004,2.020713968419504,-0.4017558365425617,WF,RFc+,top10,oos,long,2001
160,16,0.8585497639451222,0.6885497639451221,0.6885497639451222,51.24999999999999,0.42508641923853496,0.6411187922567269,0.3180566463920806,WF,RFc+,top10,all,long,2001
80,8,1.2489756199930213,1.0789756199930218,1.0789756199930216,56.25,1.70874909659308,0.6602149893117263,0.4526754073479701,SPLIT,RFc+,top10,oos,long,2001
54,7,1.3878491566105169,1.2178491566105167,1.5491519542532666,53.70370370370371,0.689230651732595,1.0516738688603915,-0.07903344708370634,WF,RFc+,T2,is,long,2001
64,8,-0.04852418992138439,-0.21852418992138423,-0.15348933475206777,45.3125,-1.17669828785,,-1.0340270196808667,WF,RFc+,T2,oos,long,2001
118,15,0.6087992059491468,0.4387992059491467,0.6410766001170882,49.152542372881356,0.14071734121927498,1.1498948019889086,-0.09529370529519253,WF,RFc+,T2,all,long,2001
73,8,0.7786236045680434,0.6086236045680432,0.6507997707136236,50.68493150684932,0.33844127427166,1.1391748957582846,-0.11633286333898396,SPLIT,RFc+,T2,oos,long,2001
86,8,1.1258688069714307,0.9558688069714306,1.6090213163447693,52.32558139534884,0.56132321224427,0.8560038856114464,0.17212818620128376,WF,RFc+,T5,is,long,2001
143,8,-0.11557684456603443,-0.28557684456603427,-0.2703429752209183,46.85314685314685,-0.49966043224667,,-0.5686130100266267,WF,RFc+,T5,oos,long,2001
229,16,0.35064291976681267,0.18064291976681274,0.6693391705619253,48.90829694323144,0.11258385455211,1.062971992903625,-0.022573555853816485,WF,RFc+,T5,all,long,2001
132,8,0.31853611975006557,0.1485361197500656,0.2717619443389245,51.515151515151516,0.47192446644542996,1.5689052331234847,-0.18835138772704985,SPLIT,RFc+,T5,oos,long,2001
0,0,,,,,,,,WF,RFc+,TE,is,long,2001
0,0,,,,,,,,WF,RFc+,TE,oos,long,2001
0,0,,,,,,,,WF,RFc+,TE,all,long,2001
0,0,,,,,,,,SPLIT,RFc+,TE,oos,long,2001
8,8,2.2184768732992977,2.0484768732992977,2.0484768732992977,75.0,3.1698586126131705,1.4899729759204163,-2.898649908322873,WF,ETc+,top1,is,long,2001
8,8,0.4556140336095825,0.2856140336095823,0.2856140336095823,37.5,-0.9616110729433149,5.290348022250011,-5.212647381349927,WF,ETc+,top1,oos,long,2001
16,16,1.33704545345444,1.16704545345444,1.16704545345444,56.25,0.80105884820238,1.8019576277700857,-1.559641891015421,WF,ETc+,top1,all,long,2001
8,8,0.7838010377649675,0.6138010377649676,0.6138010377649676,62.5,0.841709149605235,2.797417734816837,-3.756847695590917,SPLIT,ETc+,top1,oos,long,2001
16,8,1.147030908066327,0.9770309080663273,0.9770309080663269,56.25,0.80105884820238,2.632168830929482,-2.723124503648872,WF,ETc+,top2,is,long,2001
16,8,0.16749609631296936,-0.002503903687030469,-0.0025039036870302955,43.75,-0.55927615002968,13.585731952091969,-3.0662705035880906,WF,ETc+,top2,oos,long,2001
32,16,0.6572635021896482,0.4872635021896483,0.4872635021896483,50.0,-0.0017513352934849999,2.8846938744065818,-1.4681368846789298,WF,ETc+,top2,all,long,2001
16,8,-1.2876192134630644,-1.4576192134630641,-1.4576192134630641,43.75,-0.6836961244593801,,-4.301765595606396,SPLIT,ETc+,top2,oos,long,2001
24,8,1.5295134338248881,1.3595134338248882,1.3595134338248882,50.0,0.0038437062179799935,1.5555202038269462,-1.0732744604393103,WF,ETc+,top3,is,long,2001
24,8,0.45374556719736325,0.28374556719736344,0.28374556719736355,50.0,0.042555461981524996,3.8545485184585253,-1.636091035705713,WF,ETc+,top3,oos,long,2001
48,16,0.9916295005111257,0.8216295005111259,0.8216295005111257,50.0,0.0038437062179799935,1.4461828023294196,-0.4938954746908762,WF,ETc+,top3,all,long,2001
24,8,-0.3372522771463824,-0.5072522771463823,-0.5072522771463821,41.66666666666667,-0.8412025690720699,,-2.673116642599931,SPLIT,ETc+,top3,oos,long,2001
40,8,0.5846834299840575,0.41468342998405744,0.4146834299840576,47.5,-0.047636354587450004,2.5250685836715023,-1.0190655205279804,WF,ETc+,top5,is,long,2001
40,8,0.3462726964719512,0.17627269647195132,0.17627269647195135,52.5,0.52090291286482,3.484807231570622,-0.9833381717588151,WF,ETc+,top5,oos,long,2001
80,16,0.46547806322800434,0.29547806322800446,0.2954780632280045,50.0,0.12788419699882,1.899807161883125,-0.4467631946581805,WF,ETc+,top5,all,long,2001
40,8,0.09410691163295352,-0.07589308836704649,-0.07589308836704646,47.5,-0.43020825497892995,12.167189929846598,-1.2010397210474084,SPLIT,ETc+,top5,oos,long,2001
80,8,0.2585904432588211,0.08859044325882096,0.08859044325882082,51.24999999999999,0.177728178819965,2.97932288666346,-0.5459562481222759,WF,ETc+,top10,is,long,2001
80,8,0.16746565866564903,-0.002534341334350654,-0.0025343413343508446,51.24999999999999,0.254971162565705,4.824845697038058,-0.6832323242122152,WF,ETc+,top10,oos,long,2001
160,16,0.21302805096223504,0.04302805096223515,0.043028050962235026,51.24999999999999,0.210664365290695,2.2743368413290086,-0.2802265740156796,WF,ETc+,top10,all,long,2001
80,8,-0.16327299206529092,-0.3332729920652909,-0.33327299206529093,48.75,-0.176605880493235,,-0.8904234605967186,SPLIT,ETc+,top10,oos,long,2001
18,6,3.308631402093285,3.138631402093285,4.076312665828271,55.55555555555556,0.80105884820238,0.9915921123505975,0.03851806306442456,WF,ETc+,T2,is,long,2001
54,8,-0.41147633285876556,-0.5814763328587655,-0.6563756953069105,44.44444444444444,-1.12990936662602,,-1.4326199976005363,WF,ETc+,T2,oos,long,2001
72,14,0.5185506008792471,0.3485506008792471,1.371919316608167,47.22222222222222,-0.410574800144195,1.858609875648969,-0.47845898536688425,WF,ETc+,T2,all,long,2001
45,7,0.908305828996672,0.7383058289966721,0.863232230188982,51.11111111111111,0.26797785235427,1.389643345734504,-0.3981547374304677,SPLIT,ETc+,T2,oos,long,2001
44,7,0.48486041781678807,0.3148604178167881,-0.17168230365719706,45.45454545454545,-0.28098771379625,2.768117672624153,-0.9671992829205885,WF,ETc+,T5,is,long,2001
138,8,-0.4206168073937246,-0.5906168073937244,-0.7304649334792097,44.20289855072464,-0.716459133069315,,-0.8981359252771884,WF,ETc+,T5,oos,long,2001
182,15,-0.20171022547469947,-0.37171022547469945,-0.46969970622893714,44.505494505494504,-0.5544578277303049,,-0.6430582955919641,WF,ETc+,T5,all,long,2001
129,8,0.6032758017831177,0.43327580178311775,-0.009246091229327385,51.162790697674424,0.32776398391402,0.825534043244468,0.10949508550787278,SPLIT,ETc+,T5,oos,long,2001
0,0,,,,,,,,WF,ETc+,TE,is,long,2001
0,0,,,,,,,,WF,ETc+,TE,oos,long,2001
0,0,,,,,,,,WF,ETc+,TE,all,long,2001
0,0,,,,,,,,SPLIT,ETc+,TE,oos,long,2001
8,8,0.04399825945246259,-0.12600174054753743,-0.12600174054753743,37.5,-2.04204521824102,25.016329324836335,-2.8178045032798265,WF,LR+,top1,is,long,2001
8,8,-2.56613906811086,-2.7361390681108593,-2.7361390681108593,25.0,-1.340023396474425,,-6.14593120419866,WF,LR+,top1,oos,long,2001
16,16,-1.261070404329199,-1.4310704043291986,-1.4310704043291986,31.25,-1.601570117146415,,-3.159094071856261,WF,LR+,top1,all,long,2001
8,8,-1.1311704903638364,-1.3011704903638364,-1.3011704903638364,50.0,0.32225706095246004,,-5.0105192297797565,SPLIT,LR+,top1,oos,long,2001
16,8,0.6011070426369343,0.43110704263693445,0.4311070426369343,43.75,-1.0479568778642252,3.3473316684042747,-2.052360141501839,WF,LR+,top2,is,long,2001
16,8,-0.8828962448101298,-1.0528962448101298,-1.0528962448101298,43.75,-1.1867877225299601,,-2.9494600889568092,WF,LR+,top2,oos,long,2001
32,16,-0.14089460108659776,-0.3108946010865975,-0.3108946010865976,43.75,-1.1867877225299601,,-1.711798012459418,WF,LR+,top2,all,long,2001
16,8,-2.1259674200177994,-2.2959674200177993,-2.2959674200177993,31.25,-1.340023396474425,,-3.8407273880191597,SPLIT,LR+,top2,oos,long,2001
24,8,1.2412929342345376,1.0712929342345376,1.0712929342345376,54.166666666666664,0.617101136068385,1.3990696528379392,-0.6257208509496806,WF,LR+,top3,is,long,2001
24,8,-0.47747565572061196,-0.6474756557206117,-0.6474756557206118,50.0,-0.37016181101076007,,-2.3069406514203274,WF,LR+,top3,oos,long,2001
48,16,0.38190863925696283,0.21190863925696293,0.21190863925696296,52.083333333333336,0.32883142670954,2.824665974375624,-0.7778854318574233,WF,LR+,top3,all,long,2001
24,8,-1.7539646078913087,-1.9239646078913084,-1.9239646078913084,33.33333333333333,-1.340023396474425,,-3.252016848499357,SPLIT,LR+,top3,oos,long,2001
40,8,2.1233876671499887,1.9533876671499888,1.9533876671499892,60.0,0.92791396156116,0.8374036408946754,0.39457726131169923,WF,LR+,top5,is,long,2001
40,8,-1.0880867042638178,-1.2580867042638177,-1.2580867042638182,45.0,-0.6668860004893451,,-2.351578664002362,WF,LR+,top5,oos,long,2001
80,16,0.5176504814430856,0.3476504814430857,0.34765048144308563,52.5,0.34640404540132996,1.7544896749482166,-0.41659940637950005,WF,LR+,top5,all,long,2001
40,8,-2.2781802093173664,-2.4481802093173655,-2.448180209317366,32.5,-1.79994079308863,,-3.3152460141075695,SPLIT,LR+,top5,oos,long,2001
80,8,1.0429296529658636,0.8729296529658638,0.8729296529658638,50.0,0.23339025522395,0.868504630254783,0.14628311502399716,WF,LR+,top10,is,long,2001
80,8,-0.3436984124000063,-0.5136984124000062,-0.5136984124000062,46.25,-0.427227316531255,,-1.2547803635669292,WF,LR+,top10,oos,long,2001
160,16,0.3496156202829286,0.17961562028292868,0.17961562028292877,48.125,-0.14506678412659002,1.4673958152486357,-0.16868013199049972,WF,LR+,top10,all,long,2001
80,8,-1.1134775285745155,-1.2834775285745152,-1.2834775285745155,42.5,-1.340023396474425,,-1.9945670205389363,SPLIT,LR+,top10,oos,long,2001
18,6,1.4022617600481926,1.2322617600481929,0.25979804444372506,50.0,-0.56014982943925,2.023754641587205,-1.9877150569424962,WF,LR+,T2,is,long,2001
21,7,-1.7257900402400699,-1.8957900402400691,-2.769066562026507,47.61904761904761,-1.09469043855252,,-3.2011787035078023,WF,LR+,T2,oos,long,2001
39,13,-0.28207382472241005,-0.45207382472241003,-1.3711290513479384,48.717948717948715,-1.09469043855252,,-1.8748259004526993,WF,LR+,T2,all,long,2001
57,7,-1.4582176151781814,-1.628217615178181,-1.8929361009092065,43.859649122807014,-1.26301601082424,,-2.1395092655005126,SPLIT,LR+,T2,oos,long,2001
47,8,0.6620887703075307,0.49208877030753095,0.6409601504321749,38.297872340425535,-0.71464722188118,2.240045042018236,-0.9187603609238756,WF,LR+,T5,is,long,2001
81,8,-0.21746489383129686,-0.3874648938312969,-0.6043869556778746,46.913580246913575,-0.23908156242617,,-1.1082540878401876,WF,LR+,T5,oos,long,2001
128,16,0.10549621721967876,-0.06450378278032107,0.018286597377150174,43.75,-0.6782205543159799,6.063618387171983,-0.5559077310341777,WF,LR+,T5,all,long,2001
130,8,-0.20878801440444247,-0.3787880144044423,-0.829964125053224,47.69230769230769,-0.45426142797704,,-0.9134434796057852,SPLIT,LR+,T5,oos,long,2001
0,0,,,,,,,,WF,LR+,TE,is,long,2001
0,0,,,,,,,,WF,LR+,TE,oos,long,2001
0,0,,,,,,,,WF,LR+,TE,all,long,2001
0,0,,,,,,,,SPLIT,LR+,TE,oos,long,2001
8,8,4.031377466796567,3.861377466796566,3.861377466796566,75.0,3.8789818895429997,1.0550490262585501,-0.5917957440741634,WF,HGBr,top1,is,long,2001
8,8,0.7302780898789,0.5602780898789,0.5602780898789,50.0,0.225512564411885,1.3016774688272272,-0.5874891885190634,WF,HGBr,top1,oos,long,2001
16,16,2.380827778337733,2.210827778337733,2.210827778337733,62.5,0.8796143161760851,0.8932399288859911,0.36971249880079177,WF,HGBr,top1,all,long,2001
8,8,3.933488575231112,3.7634885752311122,3.7634885752311122,87.5,4.27228053320123,0.9950033624186143,0.05241124490920334,SPLIT,HGBr,top1,oos,long,2001
16,8,2.1359616844055247,1.9659616844055248,1.9659616844055248,62.5,0.800629603719895,1.0973807114044334,-0.302547590341851,WF,HGBr,top2,is,long,2001
16,8,1.33003575618905,1.16003575618905,1.16003575618905,56.25,0.62401580005338,1.1731255889921115,-0.33492832533934186,WF,HGBr,top2,oos,long,2001
32,16,1.7329987202972872,1.5629987202972873,1.5629987202972873,59.375,0.800629603719895,0.7714487747247268,0.4694269403548746,WF,HGBr,top2,all,long,2001
16,8,1.6675246259076157,1.4975246259076158,1.4975246259076158,68.75,2.384385760822895,1.2580020667201284,-0.6257815269685437,SPLIT,HGBr,top2,oos,long,2001
24,8,2.1321075450009057,1.962107545000906,1.962107545000906,62.5,0.800629603719895,0.8364328254462735,0.4405172298700805,WF,HGBr,top3,is,long,2001
24,8,1.4299796680579924,1.2599796680579927,1.2599796680579927,58.333333333333336,1.182174240355715,1.084406897245202,-0.15246334345831425,WF,HGBr,top3,oos,long,2001
48,16,1.781043606529449,1.6110436065294493,1.6110436065294491,60.416666666666664,0.8796143161760851,0.585363245197686,0.8243566227044992,WF,HGBr,top3,all,long,2001
24,8,0.5188325469234262,0.3488325469234263,0.3488325469234262,62.5,1.34001792126182,3.046346931872635,-1.3411091249083174,SPLIT,HGBr,top3,oos,long,2001
40,8,1.3057075488510779,1.1357075488510775,1.1357075488510777,60.0,0.8287687042934051,1.062677518621905,-0.09352972480900049,WF,HGBr,top5,is,long,2001
40,8,0.730125689424851,0.560125689424851,0.5601256894248513,52.5,0.2902028735244,1.6323100108233721,-0.5276180372373138,WF,HGBr,top5,oos,long,2001
80,16,1.0179166191379647,0.8479166191379645,0.8479166191379647,56.25,0.7797600014962299,0.7498051811893135,0.27165596169558337,WF,HGBr,top5,all,long,2001
40,8,0.153286571053484,-0.016713428946515986,-0.016713428946515865,52.5,0.32448976291813997,7.746447591276709,-1.181874077781535,SPLIT,HGBr,top5,oos,long,2001
80,8,1.400080844782307,1.2300808447823075,1.2300808447823073,60.0,1.000476693351915,0.5786296500431352,0.6292827259027454,WF,HGBr,top10,is,long,2001
80,8,0.46689077513956667,0.29689077513956685,0.2968907751395669,47.5,-0.16993148535011,1.5254254652242225,-0.2616707229190452,WF,HGBr,top10,oos,long,2001
160,16,0.9334858099609369,0.7634858099609373,0.7634858099609372,53.75,0.7797600014962299,0.4840659357903744,0.49715316419629496,WF,HGBr,top10,all,long,2001
80,8,0.21503969205204895,0.04503969205204898,0.04503969205204893,47.5,-0.17245858212112,3.4529051993739373,-0.5626367772866572,SPLIT,HGBr,top10,oos,long,2001
19,6,2.540270125060485,2.370270125060486,2.8869501509988584,68.42105263157895,0.9309062352486901,0.8067127760450664,0.6663595322002341,WF,HGBr,T2,is,long,2001
13,6,2.0206901774349757,1.8506901774349764,2.055965112124521,69.23076923076923,1.5480701823782301,1.0350585408881683,-0.11511897996287629,WF,HGBr,T2,oos,long,2001
32,12,2.3291907713376228,2.159190771337623,2.47145763156169,68.75,1.23948820881346,0.5741246569040348,1.1756384223755445,WF,HGBr,T2,all,long,2001
23,4,0.09926343171066032,-0.07073656828933937,1.2889598459802265,47.82608695652174,0.15270784179211,13.449466170855509,-1.5790480503862498,SPLIT,HGBr,T2,oos,long,2001
63,8,1.1166286113017316,0.9466286113017315,2.534596787855769,58.730158730158735,0.8496383065170701,0.8663188940540256,0.16214043628367528,WF,HGBr,T5,is,long,2001
45,7,0.4326589174528849,0.262658917452885,0.5872222125430036,51.11111111111111,0.24196447277713998,2.2740201953467425,-0.6201182233483137,WF,HGBr,T5,oos,long,2001
108,15,0.831641238864712,0.661641238864712,1.6258219860431453,55.55555555555556,0.7797600014962299,0.7037202447118752,0.25835955316254183,WF,HGBr,T5,all,long,2001
85,8,0.43725887967196003,0.2672588796719601,0.25149271512124716,50.588235294117645,0.31053825156462,1.4417081294324499,-0.2052121019312324,SPLIT,HGBr,T5,oos,long,2001
0,0,,,,,,,,WF,HGBr,TE,is,long,2001
0,0,,,,,,,,WF,HGBr,TE,oos,long,2001
0,0,,,,,,,,WF,HGBr,TE,all,long,2001
0,0,,,,,,,,SPLIT,HGBr,TE,oos,long,2001
8,8,-0.8649666929786162,-1.034966692978616,-1.034966692978616,50.0,-1.082275419770805,,-5.43028554470815,WF,RIDGE,top1,is,long,2001
8,8,0.6844311773088849,0.514431177308885,0.514431177308885,62.5,1.51530262793102,2.5319435706569795,-2.7960265110280895,WF,RIDGE,top1,oos,long,2001
16,16,-0.09026775783486575,-0.2602677578348656,-0.2602677578348656,56.25,0.7689127599089599,,-1.9835134384294744,WF,RIDGE,top1,all,long,2001
8,8,0.41957683795444745,0.24957683795444746,0.24957683795444746,62.5,1.449651017112845,3.3017625389896965,-2.5753766608834603,SPLIT,RIDGE,top1,oos,long,2001
16,8,1.180773939420882,1.0107739394208823,1.0107739394208821,43.75,-0.595168821306325,2.538981992833516,-2.6431852078193896,WF,RIDGE,top2,is,long,2001
16,8,1.7355842557927763,1.565584255792776,1.565584255792776,56.25,1.51530262793102,1.3162758304810012,-0.798433966357252,WF,RIDGE,top2,oos,long,2001
32,16,1.4581790976068292,1.288179097606829,1.288179097606829,50.0,0.09866112551044,1.424803971071165,-0.7341514325290063,WF,RIDGE,top2,all,long,2001
16,8,0.5167670594367975,0.3467670594367973,0.34676705943679725,50.0,0.39013823718232493,4.067449411386056,-2.3056826360627007,SPLIT,RIDGE,top2,oos,long,2001
24,8,2.1660799882716146,1.9960799882716145,1.996079988271614,50.0,-0.04760692778517999,1.3650501085730724,-0.9988139809219105,WF,RIDGE,top3,is,long,2001
24,8,1.1711905476005509,1.001190547600551,1.0011905476005507,58.333333333333336,1.51530262793102,1.3336869029932938,-0.4936559326027548,WF,RIDGE,top3,oos,long,2001
48,16,1.6686352679360823,1.4986352679360826,1.4986352679360826,54.166666666666664,0.48333823412724,1.0710459082813946,-0.13233455799168795,WF,RIDGE,top3,all,long,2001
24,8,0.40842049650362744,0.2384204965036274,0.23842049650362757,58.333333333333336,0.720503721376115,3.828386615573633,-1.4591634515833234,SPLIT,RIDGE,top3,oos,long,2001
40,8,1.86226386462475,1.6922638646247503,1.6922638646247503,57.49999999999999,0.834661258191155,1.0180441037429282,-0.038403294137137216,WF,RIDGE,top5,is,long,2001
40,8,1.395087572279045,1.2250875722790453,1.2250875722790453,60.0,1.5336390341361048,1.0106938898566826,-0.01705018610100429,WF,RIDGE,top5,oos,long,2001
80,16,1.6286757184518976,1.458675718451898,1.4586757184518975,58.75,0.9935783428583599,0.7061353561073352,0.51051755735413,WF,RIDGE,top5,all,long,2001
40,8,-0.28367635761038024,-0.4536763576103803,-0.45367635761038017,47.5,-0.5033849132225751,,-1.4152060524364998,SPLIT,RIDGE,top5,oos,long,2001
80,8,1.3458240469308127,1.175824046930813,1.1758240469308128,56.25,0.7856525553939799,0.787542422481505,0.304992551228862,WF,RIDGE,top10,is,long,2001
80,8,0.25916510480706656,0.08916510480706664,0.08916510480706655,52.5,0.5561346238235151,3.057765521495008,-0.568854418183063,WF,RIDGE,top10,oos,long,2001
160,16,0.8024945758689397,0.6324945758689399,0.6324945758689398,54.37499999999999,0.7627244371490449,0.74263744289392,0.21319438050001463,WF,RIDGE,top10,all,long,2001
80,8,-0.0656063241030191,-0.235606324103019,-0.23560632410301904,48.75,0.021062594486415002,,-0.8820211598393728,SPLIT,RIDGE,top10,oos,long,2001
51,7,0.5620094246864903,0.39200942468649025,-0.6110643603578819,49.01960784313725,0.013954250120510001,1.7913333014710666,-0.4930777271357778,WF,RIDGE,T2,is,long,2001
62,5,0.190863710073208,0.020863710073208024,0.5280304530179216,53.2258064516129,0.40783712174102504,4.3901255718634715,-0.7038108867388582,WF,RIDGE,T2,oos,long,2001
113,12,0.35837195295176916,0.1883719529517689,-0.13644152145129707,51.32743362831859,0.27744560698021997,1.7631716292732287,-0.2861613121839208,WF,RIDGE,T2,all,long,2001
199,8,0.07387311292234733,-0.09612688707765257,-0.0049581287063517315,48.24120603015075,-0.062374924512479994,4.9293564825457485,-0.29775507852734384,SPLIT,RIDGE,T2,oos,long,2001
113,8,1.3295614549197863,1.1595614549197863,2.189671843070689,55.75221238938053,0.94236332975922,0.5820314362918099,0.581442432955826,WF,RIDGE,T5,is,long,2001
120,7,0.13114014948653427,-0.03885985051346565,-0.38585844176924333,50.83333333333333,0.30320956331296495,4.004749383473753,-0.4111755999843334,WF,RIDGE,T5,oos,long,2001
233,15,0.712348765426266,0.5423487654262659,0.9877577101453872,53.21888412017167,0.77382797337537,0.5898074784084277,0.29860803406966013,WF,RIDGE,T5,all,long,2001
383,8,0.07256443986076559,-0.09743556013923438,-0.04662032177078657,45.95300261096606,-0.3319576432932,3.3232106666919443,-0.17081240770053654,SPLIT,RIDGE,T5,oos,long,2001
0,0,,,,,,,,WF,RIDGE,TE,is,long,2001
0,0,,,,,,,,WF,RIDGE,TE,oos,long,2001
0,0,,,,,,,,WF,RIDGE,TE,all,long,2001
0,0,,,,,,,,SPLIT,RIDGE,TE,oos,long,2001
8,8,3.1953284409642713,3.025328440964272,3.025328440964272,62.5,2.33611993693277,1.1317012609332093,-1.1222100927219731,WF,HGBnet,top1,is,long,2001
8,8,-0.13948358178268744,-0.3094835817826873,-0.3094835817826873,37.5,-1.5802786557745099,,-4.581508980461891,WF,HGBnet,top1,oos,long,2001
16,16,1.5279224295907918,1.3579224295907921,1.3579224295907921,50.0,0.010436932911790002,1.6008929203024975,-1.3354440301272699,WF,HGBnet,top1,all,long,2001
8,8,-3.1375275658848616,-3.3075275658848615,-3.3075275658848615,37.5,-0.6120021450114851,,-9.771451715557271,SPLIT,HGBnet,top1,oos,long,2001
16,8,2.6211348859473014,2.4511348859473014,2.4511348859473014,62.5,2.206357394905455,0.8451049186671317,0.5905467655901471,WF,HGBnet,top2,is,long,2001
16,8,-0.031570032853638075,-0.2015700328536381,-0.2015700328536381,50.0,-0.009178845445105034,,-3.532632025437817,WF,HGBnet,top2,oos,long,2001
32,16,1.2947824265468315,1.124782426546832,1.1247824265468318,56.25,0.8796143161760851,1.0649172480803688,-0.0996192142153988,WF,HGBnet,top2,all,long,2001
16,8,-0.5721727598487827,-0.7421727598487827,-0.7421727598487826,50.0,0.11252648253027499,,-3.2985246469027887,SPLIT,HGBnet,top2,oos,long,2001
24,8,1.0848258704773683,0.9148258704773685,0.9148258704773683,62.5,1.47390060132722,1.4159106705226305,-0.569925038135417,WF,HGBnet,top3,is,long,2001
24,8,0.03609024439292345,-0.13390975560707677,-0.13390975560707669,45.83333333333333,-0.834110591436695,45.37466929140585,-2.0229380963140966,WF,HGBnet,top3,oos,long,2001
48,16,0.5604580574351458,0.390458057435146,0.390458057435146,54.166666666666664,0.8796143161760851,1.64013003322213,-0.4004830157308692,WF,HGBnet,top3,all,long,2001
24,8,-0.1985422515768114,-0.3685422515768115,-0.36854225157681153,50.0,0.11252648253027499,,-2.130307838561876,SPLIT,HGBnet,top3,oos,long,2001
40,8,0.6855923418525885,0.5155923418525885,0.5155923418525885,62.5,1.027163184586355,1.344253515012136,-0.26973436976932064,WF,HGBnet,top5,is,long,2001
40,8,-0.1089729141043569,-0.27897291410435676,-0.27897291410435676,45.0,-0.834110591436695,,-1.2580538832367472,WF,HGBnet,top5,oos,long,2001
80,16,0.28830971387411597,0.11830971387411592,0.11830971387411597,53.75,0.473796415365795,1.9129929685867089,-0.28077305764513505,WF,HGBnet,top5,all,long,2001
40,8,-0.0891117698570535,-0.25911176985705353,-0.25911176985705336,47.5,0.007541512860419999,,-1.308207999788674,SPLIT,HGBnet,top5,oos,long,2001
80,8,0.9553662338381949,0.7853662338381948,0.7853662338381948,63.74999999999999,1.271068159131645,0.6061595634206154,0.40134597826990615,WF,HGBnet,top10,is,long,2001
80,8,0.18216711215651843,0.012167112156518459,0.012167112156518441,50.0,-0.009494632094974989,3.756773107962068,-0.53567295567808,WF,HGBnet,top10,oos,long,2001
160,16,0.5687666729973566,0.3987666729973566,0.3987666729973567,56.875,0.804174616673025,0.6232678146178161,0.22118473464861754,WF,HGBnet,top10,all,long,2001
80,8,0.11566585006557756,-0.05433414993442246,-0.05433414993442241,46.25,-0.13580360620794002,5.912778463825665,-0.6061234103490749,SPLIT,HGBnet,top10,oos,long,2001
13,7,2.403446436480089,2.2334464364800892,2.4928206590419855,61.53846153846154,0.8496383065170701,1.067204444498439,-0.26247370929877,WF,HGBnet,T2,is,long,2001
13,6,-1.4774204473198715,-1.647420447319872,-0.5463461511308616,38.46153846153847,-2.23260929482371,,-5.670949553974851,WF,HGBnet,T2,oos,long,2001
26,13,0.4630129945801088,0.293012994580109,1.0901282851160563,50.0,0.010436932911790002,3.374005136858153,-1.3609083769855534,WF,HGBnet,T2,all,long,2001
23,7,0.27338634267725437,0.10338634267725412,-0.3358442070810394,47.82608695652174,-0.12931385147045,6.157348095580723,-1.8016009042544052,SPLIT,HGBnet,T2,oos,long,2001
35,7,0.4695493201894475,0.29954932018944763,0.6862376383957014,57.14285714285714,0.49580602194607,2.369207922283346,-0.7500624239571765,WF,HGBnet,T5,is,long,2001
58,8,0.017432116939657953,-0.15256788306034194,0.8316813798941493,46.55172413793103,-0.371159242790945,44.96030431731155,-0.8386156151436768,WF,HGBnet,T5,oos,long,2001
93,15,0.18758375257129914,0.0175837525712993,0.7638076338615402,50.53763440860215,0.17609209983568,2.721296029130648,-0.34123303027303975,WF,HGBnet,T5,all,long,2001
80,8,-0.31017615106616364,-0.4801761510661637,-0.219893949022598,43.75,-0.639049541108155,,-1.023538116169013,SPLIT,HGBnet,T5,oos,long,2001
0,0,,,,,,,,WF,HGBnet,TE,is,long,2001
0,0,,,,,,,,WF,HGBnet,TE,oos,long,2001
0,0,,,,,,,,WF,HGBnet,TE,all,long,2001
0,0,,,,,,,,SPLIT,HGBnet,TE,oos,long,2001
8,8,-1.514909335668686,-1.684909335668686,-1.684909335668686,25.0,-2.317734161794225,,-4.767267708053896,WF,ENS+,top1,is,long,2001
8,8,-1.6693030822712278,-1.8393030822712275,-1.8393030822712275,25.0,-1.2479261124969852,,-4.9128220699353795,WF,ENS+,top1,oos,long,2001
16,16,-1.5921062089699571,-1.762106208969957,-1.762106208969957,25.0,-1.8416368875360551,,-3.327500256864744,WF,ENS+,top1,all,long,2001
8,8,-2.3127831924761666,-2.4827831924761656,-2.4827831924761656,25.0,-1.865985628033245,,-5.9963161228018205,SPLIT,ENS+,top1,oos,long,2001
16,8,0.08809721961516173,-0.0819027803848381,-0.0819027803848382,37.5,-2.317734161794225,24.39246219296834,-2.9975430969502534,WF,ENS+,top2,is,long,2001
16,8,-0.4740278101965307,-0.6440278101965304,-0.6440278101965305,43.75,-0.6668860004893451,,-2.5902076277337165,WF,ENS+,top2,oos,long,2001
32,16,-0.19296529529068432,-0.3629652952906841,-0.36296529529068444,40.625,-1.2479261124969852,,-1.904698945932098,WF,ENS+,top2,all,long,2001
16,8,-2.8578639057190345,-3.0278639057190344,-3.0278639057190344,31.25,-1.340023396474425,,-4.743251943970477,SPLIT,ENS+,top2,oos,long,2001
24,8,0.48006377199764966,0.3100637719976498,0.3100637719976497,41.66666666666667,-0.502848700673665,3.9373425731020277,-1.7811937961591262,WF,ENS+,top3,is,long,2001
24,8,-0.5158424190790634,-0.6858424190790633,-0.6858424190790633,54.166666666666664,0.34640404540132996,,-2.2418184538111343,WF,ENS+,top3,oos,long,2001
48,16,-0.01788932354070677,-0.18788932354070667,-0.18788932354070684,47.91666666666667,-0.334997252694055,,-1.2098269036061755,WF,ENS+,top3,all,long,2001
24,8,-1.7020781586255762,-1.8720781586255761,-1.8720781586255761,37.5,-1.340023396474425,,-3.316250805313672,SPLIT,ENS+,top3,oos,long,2001
40,8,1.258705017497635,1.0887050174976352,1.088705017497635,52.5,0.54001100138417,1.0190162756607004,-0.027355293243704573,WF,ENS+,top5,is,long,2001
40,8,-0.1976477958389217,-0.3676477958389214,-0.36764779583892176,45.0,-1.2479261124969852,,-1.6988157922690836,WF,ENS+,top5,oos,long,2001
80,16,0.5305286108293567,0.36052861082935667,0.36052861082935667,48.75,-0.334997252694055,1.5254034979812314,-0.2973243604361253,WF,ENS+,top5,all,long,2001
40,8,-0.3952402772444167,-0.5652402772444166,-0.5652402772444167,45.0,-1.1867877225299601,,-1.7899570263148294,SPLIT,ENS+,top5,oos,long,2001
80,8,0.8496929514736326,0.6796929514736323,0.6796929514736324,56.25,0.48603549573625,1.0644699956615085,-0.05843168095479405,WF,ENS+,top10,is,long,2001
80,8,-0.7363592989594819,-0.9063592989594818,-0.9063592989594816,43.75,-1.2709505086658202,,-1.5177075619444174,WF,ENS+,top10,oos,long,2001
160,16,0.05666682625707527,-0.11333317374292474,-0.11333317374292474,50.0,0.16453083087573497,8.524043404155442,-0.44011732679635546,WF,ENS+,top10,all,long,2001
80,8,-0.4308138155622419,-0.6008138155622419,-0.6008138155622419,48.75,-0.6120021450114851,,-1.1962547612493724,SPLIT,ENS+,top10,oos,long,2001
21,7,1.5224920847479368,1.3524920847479371,-0.3546086929793691,47.61904761904761,-0.43091294296194,1.811291159757073,-1.6211794845174043,WF,ENS+,T2,is,long,2001
34,7,-0.35034740168591166,-0.5203474016859116,-0.7692688375391721,47.05882352941176,-1.2479261124969852,,-1.6932611881996102,WF,ENS+,T2,oos,long,2001
55,14,0.36473676586155784,0.19473676586155786,-0.5619387652592706,47.27272727272727,-0.46320022221463003,3.398455167625927,-0.9622852589942036,WF,ENS+,T2,all,long,2001
68,8,-0.821426697094782,-0.991426697094782,-1.252816437470409,44.11764705882353,-1.1867877225299601,,-1.4966835015322846,SPLIT,ENS+,T2,oos,long,2001
64,8,1.6040296794574465,1.4340296794574465,1.3257353593739225,60.9375,1.089074834185885,0.7302707459776109,0.46931929911303477,WF,ENS+,T5,is,long,2001
99,8,-0.8216363583578202,-0.9916363583578203,-0.5731987971549979,41.41414141414141,-1.26301601082424,,-1.5610363568629522,WF,ENS+,T5,oos,long,2001
163,16,0.1307723926862107,-0.03922760731378934,0.3762682811094621,49.079754601226995,0.14969740394722,3.9683448458556048,-0.40046165774102455,WF,ENS+,T5,all,long,2001
173,8,0.13362105495711782,-0.03637894504288206,-0.22450639169442682,47.97687861271676,-0.12931385147045,3.9769023155207908,-0.4096154239727513,SPLIT,ENS+,T5,oos,long,2001
0,0,,,,,,,,WF,ENS+,TE,is,long,2001
0,0,,,,,,,,WF,ENS+,TE,oos,long,2001
0,0,,,,,,,,WF,ENS+,TE,all,long,2001
0,0,,,,,,,,SPLIT,ENS+,TE,oos,long,2001
8,8,-2.691415623276101,-2.8614156232761014,-2.8614156232761014,25.0,-0.575012217158605,,-9.229289455650285,WF,HGBc-,top1,is,short,2001
8,8,-0.23405213447503376,-0.4040521344750337,-0.4040521344750337,37.5,-0.59674292042159,,-5.716416251064047,WF,HGBc-,top1,oos,short,2001
16,16,-1.4627338788755675,-1.6327338788755676,-1.6327338788755676,31.25,-0.575012217158605,,-4.330315568210665,WF,HGBc-,top1,all,short,2001
8,8,0.5132530412790073,0.3432530412790078,0.3432530412790078,50.0,0.9978351652820201,5.468052178311735,-6.115310317631443,SPLIT,HGBc-,top1,oos,short,2001
16,8,-1.2271027995732602,-1.39710279957326,-1.3971027995732601,37.5,-0.432859810179055,,-3.798996393755831,WF,HGBc-,top2,is,short,2001
16,8,-0.4060852573710868,-0.5760852573710868,-0.5760852573710867,56.25,0.55046007327151,,-3.0100163238076436,WF,HGBc-,top2,oos,short,2001
32,16,-0.8165940284721734,-0.9865940284721734,-0.9865940284721734,46.875,-0.14561304936955502,,-2.1787099886723116,WF,HGBc-,top2,all,short,2001
16,8,-2.2918582099612492,-2.461858209961249,-2.4618582099612496,25.0,-0.48831541692927005,,-5.424860826588221,SPLIT,HGBc-,top2,oos,short,2001
24,8,-1.4914686633086587,-1.6614686633086586,-1.661468663308659,33.33333333333333,-0.575012217158605,,-3.075592811108045,WF,HGBc-,top3,is,short,2001
24,8,-0.3952184552915916,-0.5652184552915916,-0.5652184552915915,54.166666666666664,0.55046007327151,,-2.0016578633318236,WF,HGBc-,top3,oos,short,2001
48,16,-0.9433435593001255,-1.113343559300125,-1.113343559300125,43.75,-0.45930378733312505,,-1.8250752926009504,WF,HGBc-,top3,all,short,2001
24,8,-2.8273845472821173,-2.997384547282117,-2.9973845472821172,25.0,-1.3714100760431902,,-5.002506989969226,SPLIT,HGBc-,top3,oos,short,2001
40,8,-1.6536177450487948,-1.8236177450487945,-1.8236177450487945,35.0,-0.575012217158605,,-2.644570370799393,WF,HGBc-,top5,is,short,2001
40,8,-1.9372328168491586,-2.1072328168491588,-2.1072328168491583,42.5,-0.793031680564265,,-3.217695603076324,WF,HGBc-,top5,oos,short,2001
80,16,-1.7954252809489768,-1.9654252809489767,-1.9654252809489763,38.75,-0.70255429611014,,-2.469255927217514,WF,HGBc-,top5,all,short,2001
40,8,-2.1192120418742717,-2.289212041874272,-2.2892120418742716,30.0,-1.9191870219458098,,-3.608490939636639,SPLIT,HGBc-,top5,oos,short,2001
80,8,-1.239630692075185,-1.4096306920751849,-1.4096306920751849,40.0,-0.676576357154835,,-1.8630430327177587,WF,HGBc-,top10,is,short,2001
80,8,-1.1255831190856849,-1.2955831190856848,-1.2955831190856848,43.75,-0.529673276230885,,-1.8930803546550836,WF,HGBc-,top10,oos,short,2001
160,16,-1.1826069055804351,-1.3526069055804348,-1.3526069055804348,41.875,-0.556712650899095,,-1.5799382332966758,WF,HGBc-,top10,all,short,2001
80,8,-1.2095008278080386,-1.3795008278080385,-1.3795008278080383,38.75,-1.09434681866462,,-1.9907528987763317,SPLIT,HGBc-,top10,oos,short,2001
3,3,-5.350014146557666,-5.520014146557667,-5.520014146557667,33.33333333333333,-0.8537518300189599,,,WF,HGBc-,T2,is,short,2001
11,3,-1.144879044885359,-1.3148790448853587,-0.7928705744931673,45.45454545454545,-0.72772212119087,,-5.3822735517727605,WF,HGBc-,T2,oos,short,2001
14,6,-2.045979423815139,-2.2159794238151393,-3.156442360525417,42.857142857142854,-0.790736975604915,,-5.7135545404041945,WF,HGBc-,T2,all,short,2001
11,3,-4.110570698670421,-4.280570698670421,-5.936303415244507,18.181818181818183,-2.2597671689642302,,-9.822511213469191,SPLIT,HGBc-,T2,oos,short,2001
18,8,-1.838932290995925,-2.0089322909959253,-2.623725092981977,27.77777777777778,-0.575012217158605,,-3.883850305485544,WF,HGBc-,T5,is,short,2001
55,5,0.2741224176224415,0.10412241762244184,-1.4962101773862178,58.18181818181818,0.69211214363902,3.6014312906190273,-0.7844216981294717,WF,HGBc-,T5,oos,short,2001
73,13,-0.246904770804005,-0.4169047708040049,-2.190065510060531,50.68493150684932,0.25765136576542996,,-1.0635568550647094,WF,HGBc-,T5,all,short,2001
26,5,-2.2150443112342635,-2.3850443112342634,-4.818901820654153,26.923076923076923,-1.3714100760431902,,-4.448842410293062,SPLIT,HGBc-,T5,oos,short,2001
0,0,,,,,,,,WF,HGBc-,TE,is,short,2001
0,0,,,,,,,,WF,HGBc-,TE,oos,short,2001
0,0,,,,,,,,WF,HGBc-,TE,all,short,2001
0,0,,,,,,,,SPLIT,HGBc-,TE,oos,short,2001
8,8,2.04876556542614,1.8787655654261401,1.8787655654261401,75.0,2.995319881552565,1.3733197066883314,-2.03958549322144,WF,RFc-,top1,is,short,2001
8,8,1.1241407590568426,0.9541407590568427,0.9541407590568427,62.5,1.31585361470239,2.1542869437714605,-3.4602160030417397,WF,RFc-,top1,oos,short,2001
16,16,1.5864531622414912,1.4164531622414913,1.4164531622414913,68.75,2.61637060324971,1.1579232590199922,-0.36441869623817985,WF,RFc-,top1,all,short,2001
8,8,-1.2299375940176251,-1.399937594017625,-1.399937594017625,37.5,-0.92386876465561,,-6.009542093891427,SPLIT,RFc-,top1,oos,short,2001
16,8,-0.4199647425355668,-0.5899647425355669,-0.5899647425355665,50.0,1.00116452580306,,-2.8704869434599622,WF,RFc-,top2,is,short,2001
16,8,0.20565856875790384,0.03565856875790384,0.03565856875790384,56.25,0.96544143650474,9.998846017734442,-2.691912425425495,WF,RFc-,top2,oos,short,2001
32,16,-0.10715308688883174,-0.2771530868888315,-0.27715308688883133,53.125,0.96544143650474,,-1.4198589936740338,WF,RFc-,top2,all,short,2001
16,8,-4.715602286585285,-4.885602286585284,-4.885602286585285,31.25,-1.7330973793802849,,-8.279560024864443,SPLIT,RFc-,top2,oos,short,2001
24,8,-0.6848219034785983,-0.8548219034785982,-0.8548219034785981,37.5,-0.63417949249224,,-2.2506257574032373,WF,RFc-,top3,is,short,2001
24,8,-0.5963026189027776,-0.7663026189027773,-0.7663026189027774,45.83333333333333,-0.21494112862266498,,-2.484886138603872,WF,RFc-,top3,oos,short,2001
48,16,-0.640562261190688,-0.810562261190688,-0.8105622611906877,41.66666666666667,-0.45930378733312505,,-1.5268437810676585,WF,RFc-,top3,all,short,2001
24,8,-3.708095200363573,-3.878095200363573,-3.878095200363573,37.5,-1.7330973793802849,,-5.839565990819396,SPLIT,RFc-,top3,oos,short,2001
40,8,0.3616779392598422,0.19167793925984236,0.19167793925984233,50.0,0.147450852280705,2.938250383125018,-0.8011684621008643,WF,RFc-,top5,is,short,2001
40,8,-0.8434806007806227,-1.0134806007806227,-1.0134806007806227,40.0,-0.298620145671275,,-2.1733030208226225,WF,RFc-,top5,oos,short,2001
80,16,-0.24090133076039036,-0.41090133076039015,-0.4109013307603903,45.0,-0.13428101664665998,,-0.9424804164094006,WF,RFc-,top5,all,short,2001
40,8,-1.700000989729996,-1.8700009897299956,-1.870000989729996,45.0,-0.288369492470555,,-2.992160933777189,SPLIT,RFc-,top5,oos,short,2001
80,8,0.046917841634103605,-0.12308215836589627,-0.12308215836589645,50.0,0.147450852280705,13.293573531655415,-0.6152404651471111,WF,RFc-,top10,is,short,2001
80,8,-0.38036836839422355,-0.5503683683942235,-0.5503683683942233,46.25,-0.19394356249155,,-1.0365877213139867,WF,RFc-,top10,oos,short,2001
160,16,-0.16672526338006,-0.3367252633800599,-0.3367252633800599,48.125,-0.07047752416903,,-0.5413603949705219,WF,RFc-,top10,all,short,2001
80,8,-0.9167508976734258,-1.0867508976734257,-1.0867508976734257,42.5,-0.8759635926342201,,-1.691540529892914,SPLIT,RFc-,top10,oos,short,2001
16,4,-0.8447851760609606,-1.0147851760609605,-1.365993997686407,50.0,-0.16127699199486,,-3.444511753222326,WF,RFc-,T2,is,short,2001
49,5,0.2457484012042317,0.07574840120423124,-2.4730985974622937,44.89795918367347,-0.15597817874121,4.244113189746639,-0.8878305876269106,WF,RFc-,T2,oos,short,2001
65,9,-0.022690633199508294,-0.1926906331995081,-1.9810521086730106,46.15384615384615,-0.15597817874121,,-0.876351811209324,WF,RFc-,T2,all,short,2001
43,5,-2.01699024785333,-2.1869902478533296,-5.3797123862345275,37.2093023255814,-1.07390955593585,,-3.189712205794327,SPLIT,RFc-,T2,oos,short,2001
37,8,-1.0544738494910266,-1.2244738494910261,0.16284804118787427,54.054054054054056,1.13226278565959,,-2.417657840149255,WF,RFc-,T5,is,short,2001
107,5,0.2403416569153981,0.07034165691539844,-1.8324342024610176,49.532710280373834,0.0967535892374,2.3393990915102765,-0.3376934654012526,WF,RFc-,T5,oos,short,2001
144,13,-0.09235399403625262,-0.2623539940362525,-0.6045682063693917,50.69444444444444,0.21545170186089,,-0.5532007862692597,WF,RFc-,T5,all,short,2001
72,6,-0.09844739125700452,-0.2684473912570044,-0.7362624944110125,47.22222222222222,-0.0016779357864799992,,-0.9104402299293398,SPLIT,RFc-,T5,oos,short,2001
0,0,,,,,,,,WF,RFc-,TE,is,short,2001
0,0,,,,,,,,WF,RFc-,TE,oos,short,2001
0,0,,,,,,,,WF,RFc-,TE,all,short,2001
0,0,,,,,,,,SPLIT,RFc-,TE,oos,short,2001
8,8,1.275868512325811,1.1058685123258114,1.1058685123258114,50.0,1.022645609269125,1.5394097027239801,-1.8352422798628067,WF,ETc-,top1,is,short,2001
8,8,3.0312803209744086,2.861280320974409,2.861280320974409,75.0,2.071936223210915,1.1056323714714738,-0.8538702103982334,WF,ETc-,top1,oos,short,2001
16,16,2.15357441665011,1.98357441665011,1.98357441665011,62.5,2.071936223210915,0.9786391474422569,0.06691226994354993,WF,ETc-,top1,all,short,2001
8,8,-0.5199849450577837,-0.6899849450577836,-0.6899849450577836,37.5,-1.113614738567125,,-3.4714949217726465,SPLIT,ETc-,top1,oos,short,2001
16,8,-0.3726180101869362,-0.5426180101869362,-0.5426180101869362,50.0,0.05769076812668001,,-2.280752314333465,WF,ETc-,top2,is,short,2001
16,8,1.3021001479447973,1.1321001479447974,1.1321001479447974,62.5,0.585733492897465,1.4441241785811032,-0.8411551398346419,WF,ETc-,top2,oos,short,2001
32,16,0.4647410688789307,0.2947410688789306,0.2947410688789306,56.25,0.344435472794505,2.3409125439460245,-0.7385803009737975,WF,ETc-,top2,all,short,2001
16,8,-0.163020013417015,-0.333020013417015,-0.333020013417015,43.75,-0.56923023404026,,-1.8712082115656619,SPLIT,ETc-,top2,oos,short,2001
24,8,-1.2361306616102892,-1.406130661610289,-1.406130661610289,45.83333333333333,0.022133052421475,,-2.6560458124493405,WF,ETc-,top3,is,short,2001
24,8,0.35391845075532186,0.1839184507553218,0.18391845075532176,54.166666666666664,0.32354084708361497,3.9218132753974184,-1.3062108983052467,WF,ETc-,top3,oos,short,2001
48,16,-0.44110610542748363,-0.6111061054274837,-0.6111061054274838,50.0,0.20446883424700002,,-1.3306218085997312,WF,ETc-,top3,all,short,2001
24,8,-0.22327587548438957,-0.3932758754843897,-0.3932758754843895,41.66666666666667,-1.0260043839144601,,-1.606658347668665,SPLIT,ETc-,top3,oos,short,2001
40,8,-2.598902598280616,-2.768902598280616,-2.7689025982806164,37.5,-0.875908436701095,,-3.6598755537830283,WF,ETc-,top5,is,short,2001
40,8,1.3830440867273432,1.2130440867273433,1.2130440867273433,52.5,0.32354084708361497,1.1150862177637384,-0.18190778621937598,WF,ETc-,top5,oos,short,2001
80,16,-0.6079292557766365,-0.7779292557766364,-0.7779292557766364,45.0,-0.29000324386337,,-1.4709716859853712,WF,ETc-,top5,all,short,2001
40,8,-0.35860901236439624,-0.528609012364396,-0.5286090123643962,40.0,-1.0260043839144601,,-1.5058328279816613,SPLIT,ETc-,top5,oos,short,2001
80,8,-1.5555282530216274,-1.725528253021627,-1.725528253021627,38.75,-0.7498013922032899,,-2.2848887646736125,WF,ETc-,top10,is,short,2001
80,8,0.6196271557524671,0.4496271557524672,0.4496271557524671,52.5,0.33407593274228503,1.2444688595002373,-0.16157818035432683,WF,ETc-,top10,oos,short,2001
160,16,-0.4679505486345802,-0.6379505486345799,-0.63795054863458,45.625,-0.298620145671275,,-0.9263647461925243,WF,ETc-,top10,all,short,2001
80,8,0.020154578104753258,-0.1498454218952466,-0.14984542189524655,46.25,-0.45594465408109497,27.894878164491868,-0.5781919174230125,SPLIT,ETc-,top10,oos,short,2001
2,1,4.023465225292165,3.8534652252921653,3.8534652252921653,100.0,4.023465225292165,1.0,,WF,ETc-,T2,is,short,2001
5,2,0.8965303942677878,0.7265303942677881,-0.26654452674234397,60.0,0.35881426670957,1.0,,WF,ETc-,T2,oos,short,2001
7,3,1.7899403459890384,1.6199403459890387,1.1067920572691592,71.42857142857143,0.86220734378941,1.8079948654850715,-5.0619191317930055,WF,ETc-,T2,all,short,2001
0,0,,,,,,,,SPLIT,ETc-,T2,oos,short,2001
3,1,3.462786980523113,3.292786980523114,3.292786980523114,100.0,2.34143049098501,1.0,,WF,ETc-,T5,is,short,2001
26,3,-0.6756179869528797,-0.8456179869528797,-1.8762732034627791,50.0,0.12239334331516499,,-2.64325789953,WF,ETc-,T5,oos,short,2001
29,4,-0.2475071282484666,-0.4175071282484665,-0.5840081574663057,55.172413793103445,0.35881426670957,,-1.9870731880328112,WF,ETc-,T5,all,short,2001
0,0,,,,,,,,SPLIT,ETc-,T5,oos,short,2001
0,0,,,,,,,,WF,ETc-,TE,is,short,2001
0,0,,,,,,,,WF,ETc-,TE,oos,short,2001
0,0,,,,,,,,WF,ETc-,TE,all,short,2001
0,0,,,,,,,,SPLIT,ETc-,TE,oos,short,2001
8,8,2.7125443538298426,2.5425443538298427,2.5425443538298427,87.5,1.87323578043084,0.9492669080466085,0.36697536568134,WF,LR-,top1,is,short,2001
8,8,1.5092071089458963,1.3392071089458963,1.3392071089458963,62.5,2.055500620760655,1.9065289197089683,-3.6483730402395174,WF,LR-,top1,oos,short,2001
16,16,2.1108757313878694,1.9408757313878695,1.9408757313878695,75.0,2.055500620760655,0.979228135461602,0.0637771996360444,WF,LR-,top1,all,short,2001
8,8,0.6390186229961149,0.4690186229961151,0.4690186229961151,50.0,-0.10868350117116503,2.84542725584457,-3.144699690318123,SPLIT,LR-,top1,oos,short,2001
16,8,-0.5593509593564656,-0.7293509593564659,-0.7293509593564658,68.75,1.127021158911115,,-2.9644815119321275,WF,LR-,top2,is,short,2001
16,8,1.2413330771762483,1.0713330771762486,1.0713330771762486,62.5,1.8795603511213197,1.9712769886892008,-1.753713822778248,WF,LR-,top2,oos,short,2001
32,16,0.34099105890989123,0.17099105890989114,0.1709910589098914,65.625,1.5844899515037147,3.966023639731068,-1.1986815308606422,WF,LR-,top2,all,short,2001
16,8,1.4387508151045831,1.2687508151045837,1.2687508151045834,56.25,1.8795603511213197,1.617063097317536,-1.291345504344093,SPLIT,LR-,top2,oos,short,2001
24,8,-2.0379425786130683,-2.2079425786130686,-2.2079425786130686,50.0,0.07504772364206,,-3.8194896404349263,WF,LR-,top3,is,short,2001
24,8,0.5251829491352751,0.3551829491352753,0.3551829491352752,58.333333333333336,1.370731637703755,3.515109638082335,-1.6684960384757495,WF,LR-,top3,oos,short,2001
48,16,-0.7563798147388967,-0.9263798147388967,-0.9263798147388966,54.166666666666664,0.77688497602898,,-1.8890193384715142,WF,LR-,top3,all,short,2001
24,8,0.7310037530240591,0.5610037530240592,0.5610037530240592,58.333333333333336,1.29321962125994,2.1761304057993005,-1.0860072513915764,SPLIT,LR-,top3,oos,short,2001
40,8,-0.9430798174467421,-1.113079817446742,-1.113079817446742,47.5,-0.16608680698880002,,-2.2179946933346963,WF,LR-,top5,is,short,2001
40,8,0.2792528513145015,0.10925285131450177,0.10925285131450184,57.49999999999999,1.370731637703755,3.9664604409345428,-0.9467343273630222,WF,LR-,top5,oos,short,2001
80,16,-0.33191348306612023,-0.5019134830661203,-0.5019134830661203,52.5,0.7077960106917099,,-1.0432897073406813,WF,LR-,top5,all,short,2001
40,8,-0.912313267538282,-1.0823132675382816,-1.0823132675382816,50.0,0.290371886421735,,-2.1872527737405103,SPLIT,LR-,top5,oos,short,2001
80,8,-0.8092325758386915,-0.9792325758386917,-0.9792325758386913,46.25,-0.35561703512488,,-1.5371173649728758,WF,LR-,top10,is,short,2001
80,8,-0.15859351368299718,-0.328593513682997,-0.32859351368299694,51.24999999999999,0.33380449278319,,-0.820212734017087,WF,LR-,top10,oos,short,2001
160,16,-0.4839130447608443,-0.6539130447608443,-0.6539130447608442,48.75,0.03378008274289,,-0.8863675474049761,WF,LR-,top10,all,short,2001
80,8,-0.14810913368769132,-0.3181091336876911,-0.31810913368769106,55.00000000000001,0.655454443220725,,-0.855581387497126,SPLIT,LR-,top10,oos,short,2001
0,0,,,,,,,,WF,LR-,T2,is,short,2001
0,0,,,,,,,,WF,LR-,T2,oos,short,2001
0,0,,,,,,,,WF,LR-,T2,all,short,2001
0,0,,,,,,,,SPLIT,LR-,T2,oos,short,2001
0,0,,,,,,,,WF,LR-,T5,is,short,2001
10,2,-0.9422187548627882,-1.1122187548627878,-0.29831913346809114,40.0,-1.4545211346939602,,-6.103959925615126,WF,LR-,T5,oos,short,2001
10,2,-0.9422187548627882,-1.1122187548627878,-0.29831913346809114,40.0,-1.4545211346939602,,-6.103959925615126,WF,LR-,T5,all,short,2001
0,0,,,,,,,,SPLIT,LR-,T5,oos,short,2001
0,0,,,,,,,,WF,LR-,TE,is,short,2001
0,0,,,,,,,,WF,LR-,TE,oos,short,2001
0,0,,,,,,,,WF,LR-,TE,all,short,2001
0,0,,,,,,,,SPLIT,LR-,TE,oos,short,2001
8,8,-1.8406745409068024,-2.0106745409068023,-2.0106745409068023,37.5,-1.89944446086018,,-6.458248096277873,WF,-HGBr,top1,is,short,2001
8,8,0.9531170616306925,0.7831170616306926,0.7831170616306926,75.0,2.31580614952622,1.8844872509918043,-2.2480530392403133,WF,-HGBr,top1,oos,short,2001
16,16,-0.44377873963805486,-0.6137787396380547,-0.6137787396380547,56.25,1.36565479759875,,-2.195810658505717,WF,-HGBr,top1,all,short,2001
8,8,-1.09087382999348,-1.26087382999348,-1.26087382999348,50.0,-0.439828858364825,,-6.094043666542687,SPLIT,-HGBr,top1,oos,short,2001
16,8,-2.3976588574435826,-2.5676588574435826,-2.567658857443582,31.25,-2.77234924450808,,-5.2868403004531235,WF,-HGBr,top2,is,short,2001
16,8,0.46210958288076004,0.2921095828807601,0.29210958288076017,62.5,1.922278775769945,2.942969183379221,-1.3059849874640617,WF,-HGBr,top2,oos,short,2001
32,16,-0.967774637281411,-1.137774637281411,-1.137774637281411,46.875,-0.613991892742325,,-2.143274303782253,WF,-HGBr,top2,all,short,2001
16,8,-1.244804139485013,-1.4148041394850133,-1.4148041394850133,43.75,-0.03986834272626999,,-3.180976800483897,SPLIT,-HGBr,top2,oos,short,2001
24,8,-1.2746904025186305,-1.4446904025186302,-1.4446904025186305,41.66666666666667,-0.613991892742325,,-2.9109355721738988,WF,-HGBr,top3,is,short,2001
24,8,-0.26482456230261214,-0.43482456230261185,-0.4348245623026119,50.0,-0.33568155684678996,,-1.7106325331282697,WF,-HGBr,top3,oos,short,2001
48,16,-0.7697574824106213,-0.9397574824106211,-0.9397574824106211,45.83333333333333,-0.613991892742325,,-1.543163103535371,WF,-HGBr,top3,all,short,2001
24,8,-0.6849601676344601,-0.8549601676344597,-0.8549601676344597,41.66666666666667,-0.299924615752855,,-2.503766905593033,SPLIT,-HGBr,top3,oos,short,2001
40,8,-0.7537370986762418,-0.9237370986762417,-0.9237370986762419,47.5,-0.40530387872010504,,-1.655567440816828,WF,-HGBr,top5,is,short,2001
40,8,-0.13548968351054222,-0.3054896835105422,-0.3054896835105422,45.0,-0.66616419430306,,-1.3319040369800008,WF,-HGBr,top5,oos,short,2001
80,16,-0.4446133910933921,-0.614613391093392,-0.614613391093392,46.25,-0.41692062950410497,,-1.0369664809914145,WF,-HGBr,top5,all,short,2001
40,8,-0.5464915911369324,-0.7164915911369321,-0.7164915911369325,45.0,-0.299924615752855,,-1.6596594991056246,SPLIT,-HGBr,top5,oos,short,2001
80,8,-0.3605470526606287,-0.5305470526606286,-0.5305470526606285,45.0,-0.272987246603775,,-0.9542411851737617,WF,-HGBr,top10,is,short,2001
80,8,0.2848202779266918,0.114820277926692,0.11482027792669205,46.25,-0.32157088808634504,3.2020325440374102,-0.6689957559427788,WF,-HGBr,top10,oos,short,2001
160,16,-0.03786338736696844,-0.2078633873669683,-0.20786338736696824,45.625,-0.284603997387775,,-0.5200823301684335,WF,-HGBr,top10,all,short,2001
80,8,-0.5640532831837151,-0.734053283183715,-0.7340532831837152,43.75,-0.676739568224555,,-1.186744605706246,SPLIT,-HGBr,top10,oos,short,2001
5,5,-2.79391086626041,-2.96391086626041,-2.96391086626041,40.0,-3.1231226784401,,,WF,-HGBr,T2,is,short,2001
7,2,-2.5201762141316473,-2.690176214131647,-1.5779005090653442,28.57142857142857,-4.58400091227354,,-7.729066355872449,WF,-HGBr,T2,oos,short,2001
12,7,-2.634232319185298,-2.804232319185298,-2.5679079070618194,33.33333333333333,-4.171602963629425,,-6.30744149544001,WF,-HGBr,T2,all,short,2001
1,1,0.6752125526916201,0.50521255269162,0.50521255269162,100.0,0.6752125526916201,1.0,,SPLIT,-HGBr,T2,oos,short,2001
14,7,-2.2660593356271277,-2.436059335627127,-2.1227747722217893,35.714285714285715,-1.512679898799185,,-5.457243148458582,WF,-HGBr,T5,is,short,2001
22,4,1.4159185538075185,1.2459185538075186,1.5141713766806342,59.09090909090909,1.5497838098966,1.5836415340156769,-1.0694444287812084,WF,-HGBr,T5,oos,short,2001
36,11,-0.01596173652817686,-0.18596173652817677,-0.8002488998936355,50.0,-0.14821234258577,,-1.6098511609051718,WF,-HGBr,T5,all,short,2001
8,4,-0.7882457514087483,-0.9582457514087486,-0.3169604246384919,62.5,0.52727705540017,,-6.6014947380375375,SPLIT,-HGBr,T5,oos,short,2001
0,0,,,,,,,,WF,-HGBr,TE,is,short,2001
0,0,,,,,,,,WF,-HGBr,TE,oos,short,2001
0,0,,,,,,,,WF,-HGBr,TE,all,short,2001
0,0,,,,,,,,SPLIT,-HGBr,TE,oos,short,2001
8,8,-1.2171607860700584,-1.3871607860700588,-1.3871607860700588,62.5,1.024683437879505,,-7.030504115562859,WF,-RIDGE,top1,is,short,2001
8,8,0.40426303756682613,0.2342630375668262,0.2342630375668262,62.5,1.18966843323936,3.5310573797958353,-2.72856785229919,WF,-RIDGE,top1,oos,short,2001
16,16,-0.4064488742516162,-0.5764488742516164,-0.5764488742516164,62.5,1.031372287928215,,-2.1056626724182745,WF,-RIDGE,top1,all,short,2001
8,8,0.20823210769452644,0.03823210769452658,0.03823210769452658,50.0,0.5456058227145899,9.008535000893417,-4.447024327417126,SPLIT,-RIDGE,top1,oos,short,2001
16,8,-0.8367041521378151,-1.006704152137815,-1.006704152137815,56.25,1.0187231387997149,,-2.5707257672819273,WF,-RIDGE,top2,is,short,2001
16,8,0.9537940986893143,0.7837940986893145,0.7837940986893145,68.75,1.5506756406844,1.7755040722007214,-1.0758853928357528,WF,-RIDGE,top2,oos,short,2001
32,16,0.05854497327574971,-0.11145502672425021,-0.11145502672425031,62.5,1.0925759269193198,15.19183845256975,-0.9847239145949073,WF,-RIDGE,top2,all,short,2001
16,8,-0.18640316858036737,-0.3564031685803676,-0.35640316858036747,56.25,1.092239466051745,,-2.6979628005577383,SPLIT,-RIDGE,top2,oos,short,2001
24,8,-0.24613579354771034,-0.4161357935477104,-0.4161357935477103,54.166666666666664,1.0187231387997149,,-1.5935311837156487,WF,-RIDGE,top3,is,short,2001
24,8,0.5597826980592479,0.38978269805924803,0.38978269805924803,62.5,1.18966843323936,2.055608099792549,-0.7464140844569289,WF,-RIDGE,top3,oos,short,2001
48,16,0.15682345225576874,-0.013176547744231324,-0.013176547744231142,58.333333333333336,1.025411988848425,4.164400066252967,-0.5539558802323801,WF,-RIDGE,top3,all,short,2001
24,8,-0.06987336207336681,-0.23987336207336646,-0.2398733620733666,58.333333333333336,1.033945227058585,,-1.8541862887673293,SPLIT,-RIDGE,top3,oos,short,2001
40,8,-1.1051550059258193,-1.2751550059258188,-1.275155005925819,45.0,-0.06885998709974,,-1.959315248071001,WF,-RIDGE,top5,is,short,2001
40,8,0.08269876122907881,-0.0873012387709209,-0.08730123877092114,60.0,1.1964891512993852,10.778895375192004,-0.9242314671053103,WF,-RIDGE,top5,oos,short,2001
80,16,-0.5112281223483702,-0.68122812234837,-0.6812281223483702,52.5,0.35955922276092,,-1.022167702236457,WF,-RIDGE,top5,all,short,2001
40,8,0.02436579033108413,-0.1456342096689156,-0.14563420966891577,57.49999999999999,1.033945227058585,38.80497141558338,-1.052740579411124,SPLIT,-RIDGE,top5,oos,short,2001
80,8,-0.6396188766544807,-0.8096188766544804,-0.8096188766544804,45.0,-0.255120255702135,,-1.2164814540436115,WF,-RIDGE,top10,is,short,2001
80,8,0.43151746785159595,0.26151746785159596,0.26151746785159585,57.49999999999999,1.2913000478798848,1.8771281339604262,-0.4037291854378651,WF,-RIDGE,top10,oos,short,2001
160,16,-0.10405070440144236,-0.27405070440144225,-0.2740507044014423,51.24999999999999,0.31439758500801,,-0.5450136949113328,WF,-RIDGE,top10,all,short,2001
80,8,-0.2562339093017607,-0.42623390930176064,-0.42623390930176064,53.75,0.8010522202262501,,-0.8414007166087065,SPLIT,-RIDGE,top10,oos,short,2001
0,0,,,,,,,,WF,-RIDGE,T2,is,short,2001
0,0,,,,,,,,WF,-RIDGE,T2,oos,short,2001
0,0,,,,,,,,WF,-RIDGE,T2,all,short,2001
0,0,,,,,,,,SPLIT,-RIDGE,T2,oos,short,2001
4,3,-3.545468781189207,-3.715468781189208,-1.6275779633412302,50.0,0.983551523076745,,,WF,-RIDGE,T5,is,short,2001
10,4,-3.7900978041091937,-3.960097804109193,-2.120486846419201,30.0,-3.7953462187896747,,-8.202053681183264,WF,-RIDGE,T5,oos,short,2001
14,7,-3.720203797560625,-3.8902037975606256,-1.9092401822429284,35.714285714285715,-1.800851322312015,,-7.136694835556293,WF,-RIDGE,T5,all,short,2001
1,1,-4.58400091227354,-4.75400091227354,-4.75400091227354,0.0,-4.58400091227354,,,SPLIT,-RIDGE,T5,oos,short,2001
0,0,,,,,,,,WF,-RIDGE,TE,is,short,2001
0,0,,,,,,,,WF,-RIDGE,TE,oos,short,2001
0,0,,,,,,,,WF,-RIDGE,TE,all,short,2001
0,0,,,,,,,,SPLIT,-RIDGE,TE,oos,short,2001
8,8,0.16191718353142337,-0.008082816468576483,-0.008082816468576483,37.5,-0.4627409091508701,11.0141144896305,-4.323885903259167,WF,-HGBnet,top1,is,short,2001
8,8,-1.7873376933666425,-1.9573376933666427,-1.9573376933666427,50.0,-1.735468793763825,,-5.7531373271223725,WF,-HGBnet,top1,oos,short,2001
16,16,-0.8127102549176094,-0.9827102549176094,-0.9827102549176094,43.75,-0.4627409091508701,,-3.0740760343535145,WF,-HGBnet,top1,all,short,2001
8,8,-1.3803697461927749,-1.5503697461927746,-1.5503697461927746,25.0,-2.4165572854605797,,-7.373223565394631,SPLIT,-HGBnet,top1,oos,short,2001
16,8,-0.03491806089474573,-0.20491806089474565,-0.20491806089474565,37.5,-0.16845872430381997,,-1.8885807807926993,WF,-HGBnet,top2,is,short,2001
16,8,-1.6051534122079798,-1.7751534122079797,-1.7751534122079797,50.0,0.20078792537346501,,-3.5427239156306696,WF,-HGBnet,top2,oos,short,2001
32,16,-0.8200357365513629,-0.9900357365513627,-0.9900357365513627,43.75,0.036158247984574995,,-1.8426456043344985,WF,-HGBnet,top2,all,short,2001
16,8,-3.2887891055765817,-3.458789105576581,-3.4587891055765816,18.75,-2.4351007548361903,,-6.642471052100314,SPLIT,-HGBnet,top2,oos,short,2001
24,8,-1.144667661731009,-1.3146676617310087,-1.314667661731009,33.33333333333333,-0.370214066492835,,-2.5291102138774892,WF,-HGBnet,top3,is,short,2001
24,8,-0.43904816611171005,-0.6090481661117098,-0.6090481661117099,54.166666666666664,0.26780194389588,,-2.690533316633263,WF,-HGBnet,top3,oos,short,2001
48,16,-0.7918579139213596,-0.9618579139213594,-0.9618579139213594,43.75,-0.02383963930151382,,-1.8883157217916149,WF,-HGBnet,top3,all,short,2001
24,8,-3.132347296525756,-3.302347296525756,-3.302347296525755,25.0,-2.4351007548361903,,-5.314975621008653,SPLIT,-HGBnet,top3,oos,short,2001
40,8,-1.6011795898512315,-1.7711795898512315,-1.7711795898512315,25.0,-0.968398462494135,,-2.566198940293952,WF,-HGBnet,top5,is,short,2001
40,8,-0.34904131691844725,-0.5190413169184471,-0.519041316918447,57.49999999999999,0.607880077849455,,-1.8562321805195428,WF,-HGBnet,top5,oos,short,2001
80,16,-0.9751104533848396,-1.1451104533848395,-1.1451104533848393,41.25,-0.38719691235652,,-1.7202041321631099,WF,-HGBnet,top5,all,short,2001
40,8,-1.1504913627135611,-1.320491362713561,-1.320491362713561,42.5,-0.46039629018948,,-3.346461225681633,SPLIT,-HGBnet,top5,oos,short,2001
80,8,-1.8096860980176217,-1.9796860980176214,-1.9796860980176216,35.0,-1.1355264610306,,-2.377834301031444,WF,-HGBnet,top10,is,short,2001
80,8,-0.5418690378485169,-0.7118690378485169,-0.7118690378485167,48.75,-0.038834777914529994,,-1.2713769510664097,WF,-HGBnet,top10,oos,short,2001
160,16,-1.1757775679330693,-1.345777567933069,-1.345777567933069,41.875,-0.432859810179055,,-1.5492139301380023,WF,-HGBnet,top10,all,short,2001
80,8,-0.8364950889095554,-1.0064950889095554,-1.0064950889095554,42.5,-0.630013274864015,,-1.964121456588673,SPLIT,-HGBnet,top10,oos,short,2001
3,3,-3.0244186293903565,-3.194418629390356,-3.194418629390356,0.0,-0.8537518300189599,,,WF,-HGBnet,T2,is,short,2001
13,3,-0.6709892974549923,-0.8409892974549921,-0.1066237370975277,53.84615384615385,0.69211214363902,,-4.552890896867606,WF,-HGBnet,T2,oos,short,2001
16,6,-1.112257297192873,-1.2822572971928732,-1.650521183243942,43.75,-0.527884004736085,,-4.136034823919266,WF,-HGBnet,T2,all,short,2001
1,1,3.1578905504305,2.9878905504304996,2.9878905504304996,100.0,3.1578905504305,1.0,,SPLIT,-HGBnet,T2,oos,short,2001
22,7,-1.7036804158163406,-1.8736804158163398,-1.5071099198067515,22.727272727272727,-0.4627409091508701,,-3.2276612871379355,WF,-HGBnet,T5,is,short,2001
30,3,-0.9535839047996767,-1.1235839047996765,-0.3688675466501678,46.666666666666664,-0.40373172601393004,,-2.4528710767989903,WF,-HGBnet,T5,oos,short,2001
52,10,-1.2709324286913422,-1.4409324286913419,-1.1656372078597763,36.53846153846153,-0.432859810179055,,-2.164963989685297,WF,-HGBnet,T5,all,short,2001
10,3,1.0004933811091328,0.8304933811091328,1.3731720954641617,40.0,-0.488577983349225,2.688212626572214,-3.378091117580728,SPLIT,-HGBnet,T5,oos,short,2001
0,0,,,,,,,,WF,-HGBnet,TE,is,short,2001
0,0,,,,,,,,WF,-HGBnet,TE,oos,short,2001
0,0,,,,,,,,WF,-HGBnet,TE,all,short,2001
0,0,,,,,,,,SPLIT,-HGBnet,TE,oos,short,2001
8,8,-1.1531254248845435,-1.3231254248845434,-1.3231254248845434,50.0,0.339709465322825,,-7.447699203692217,WF,ENS-,top1,is,short,2001
8,8,-1.9988736869613677,-2.1688736869613674,-2.1688736869613674,50.0,0.028179240607885014,,-6.805218590582447,WF,ENS-,top1,oos,short,2001
16,16,-1.5759995559229558,-1.7459995559229553,-1.7459995559229553,50.0,0.028179240607885014,,-3.7463930228979287,WF,ENS-,top1,all,short,2001
8,8,0.37627791672635613,0.20627791672635615,0.20627791672635615,50.0,0.808934538384295,5.685490513431193,-4.70145762462665,SPLIT,ENS-,top1,oos,short,2001
16,8,-1.0464205784415475,-1.2164205784415474,-1.2164205784415472,50.0,0.24899339737297996,,-3.5768163289055863,WF,ENS-,top2,is,short,2001
16,8,0.7783929904796913,0.6083929904796916,0.6083929904796913,68.75,1.777827537877635,2.157091301000196,-1.3100680116997518,WF,ENS-,top2,oos,short,2001
32,16,-0.13401379398092805,-0.3040137939809281,-0.3040137939809279,59.375,1.0415467177097448,,-1.4102050161036146,WF,ENS-,top2,all,short,2001
16,8,0.4909821600308839,0.3209821600308841,0.320982160030884,50.0,0.808934538384295,4.351772898937853,-2.393688287786887,SPLIT,ENS-,top2,oos,short,2001
24,8,-1.3954907800444034,-1.565490780044403,-1.5654907800444033,41.66666666666667,-0.65329784251645,,-3.0079715790850328,WF,ENS-,top3,is,short,2001
24,8,1.0052995439435997,0.8352995439435995,0.8352995439435996,66.66666666666666,1.60176278323042,1.3015333887685578,-0.38290279353195694,WF,ENS-,top3,oos,short,2001
48,16,-0.19509561805040188,-0.3650956180504018,-0.3650956180504017,54.166666666666664,0.7077960106917099,,-1.035352097296785,WF,ENS-,top3,all,short,2001
24,8,0.6164696501773138,0.4464696501773138,0.4464696501773138,54.166666666666664,1.147704928672695,2.515107866829644,-1.179812231552042,SPLIT,ENS-,top3,oos,short,2001
40,8,-1.2176332647489772,-1.387633264748977,-1.387633264748977,40.0,-0.574542584722945,,-2.1797391083150504,WF,ENS-,top5,is,short,2001
40,8,0.8802994759539727,0.7102994759539728,0.7102994759539729,57.49999999999999,1.2234827440586749,1.2460998826080294,-0.2475903973624946,WF,ENS-,top5,oos,short,2001
80,16,-0.16866689439750224,-0.33866689439750214,-0.3386668943975022,48.75,-0.055129639818415,,-0.7731570591222483,WF,ENS-,top5,all,short,2001
40,8,-0.4549673598617982,-0.6249673598617979,-0.6249673598617979,52.5,0.55046007327151,,-1.7829894032096991,SPLIT,ENS-,top5,oos,short,2001
80,8,-1.5944233295706267,-1.7644233295706266,-1.7644233295706266,43.75,-0.4627409091508701,,-2.2679774036635343,WF,ENS-,top10,is,short,2001
80,8,-0.6324371146218449,-0.802437114621845,-0.8024371146218447,47.5,-0.38908354720701,,-1.3256459083518581,WF,ENS-,top10,oos,short,2001
160,16,-1.1134302220962358,-1.283430222096236,-1.283430222096236,45.625,-0.432859810179055,,-1.506556175497919,WF,ENS-,top10,all,short,2001
80,8,-0.6502298317328907,-0.8202298317328904,-0.8202298317328907,50.0,0.08784178645277502,,-1.4274722079912427,SPLIT,ENS-,top10,oos,short,2001
0,0,,,,,,,,WF,ENS-,T2,is,short,2001
1,1,-8.82094866977207,-8.99094866977207,-8.99094866977207,0.0,-8.82094866977207,,,WF,ENS-,T2,oos,short,2001
1,1,-8.82094866977207,-8.99094866977207,-8.99094866977207,0.0,-8.82094866977207,,,WF,ENS-,T2,all,short,2001
0,0,,,,,,,,SPLIT,ENS-,T2,oos,short,2001
4,3,-1.725453177988355,-1.895453177988355,-0.48684968143903007,75.0,2.50035731165962,,,WF,ENS-,T5,is,short,2001
34,4,1.1154401174700725,0.945440117470073,0.5238757067021106,55.88235294117647,0.75238243136219,1.2298212043722097,-0.3005503758920601,WF,ENS-,T5,oos,short,2001
38,7,0.8163987179481328,0.6463987179481329,0.09070768321305034,57.89473684210527,0.9724577523724749,1.5034231845386434,-0.47326586705524737,WF,ENS-,T5,all,short,2001
2,1,4.418250965690695,4.248250965690695,4.248250965690695,100.0,4.418250965690695,1.0,,SPLIT,ENS-,T5,oos,short,2001
0,0,,,,,,,,WF,ENS-,TE,is,short,2001
0,0,,,,,,,,WF,ENS-,TE,oos,short,2001
0,0,,,,,,,,WF,ENS-,TE,all,short,2001
0,0,,,,,,,,SPLIT,ENS-,TE,oos,short,2001
8,8,0.7161448579765313,0.5461448579765311,0.5461448579765311,50.0,1.456219610113275,3.784073580748926,-5.31679994421774,WF,HGBc+,top1,is,long,2002
8,8,-4.039638437952196,-4.209638437952195,-4.209638437952195,25.0,-3.01851821564308,,-9.01696976955077,WF,HGBc+,top1,oos,long,2002
16,16,-1.6617467899878324,-1.8317467899878326,-1.8317467899878326,37.5,-1.38704446774645,,-4.5375905673177375,WF,HGBc+,top1,all,long,2002
8,8,-1.23173807785866,-1.40173807785866,-1.40173807785866,62.5,0.756367945079175,,-5.807755002507356,SPLIT,HGBc+,top1,oos,long,2002
16,8,0.11217697419486916,-0.05782302580513059,-0.05782302580513077,56.25,1.8943115214374502,15.083856138771262,-2.2980136242082807,WF,HGBc+,top2,is,long,2002
16,8,-2.5135658207093807,-2.6835658207093807,-2.6835658207093807,25.0,-2.157616228283405,,-5.067285332527073,WF,HGBc+,top2,oos,long,2002
32,16,-1.2006944232572556,-1.3706944232572553,-1.3706944232572558,40.625,-0.40132404533028004,,-2.616163151192119,WF,HGBc+,top2,all,long,2002
16,8,-0.5450649656614481,-0.7150649656614481,-0.7150649656614478,56.25,0.622699028929465,,-2.5806541115151407,SPLIT,HGBc+,top2,oos,long,2002
24,8,0.057722788861442005,-0.11227721113855813,-0.11227721113855807,54.166666666666664,1.115099656908825,20.10522096158766,-1.3930189082740048,WF,HGBc+,top3,is,long,2002
24,8,-1.36492927000666,-1.5349292700066597,-1.53492927000666,37.5,-1.3339881394750799,,-3.160119113293589,WF,HGBc+,top3,oos,long,2002
48,16,-0.653603240572609,-0.8236032405726089,-0.8236032405726089,45.83333333333333,-0.042317434730905,,-1.5307562221522566,WF,HGBc+,top3,all,long,2002
24,8,-0.5127744883927954,-0.6827744883927953,-0.6827744883927953,54.166666666666664,0.5640730070528951,,-1.7213722793819872,SPLIT,HGBc+,top3,oos,long,2002
40,8,0.15894791585906676,-0.011052084140933116,-0.01105208414093296,47.5,-0.207618731876165,8.456967968356432,-1.3545937339406562,WF,HGBc+,top5,is,long,2002
40,8,-1.3599806385718383,-1.5299806385718382,-1.529980638571838,40.0,-1.221815054709525,,-2.3987500049583783,WF,HGBc+,top5,oos,long,2002
80,16,-0.6005163613563859,-0.7705163613563853,-0.7705163613563856,43.75,-0.40835718825669504,,-1.4445120018437196,WF,HGBc+,top5,all,long,2002
40,8,0.7838328706463948,0.6138328706463948,0.6138328706463948,55.00000000000001,0.622699028929465,1.2838167721510965,-0.2542456174317575,SPLIT,HGBc+,top5,oos,long,2002
80,8,0.33488429411099474,0.16488429411099467,0.1648842941109947,48.75,-0.103496744439125,2.3417842159652147,-0.47929862401363793,WF,HGBc+,top10,is,long,2002
80,8,-0.48618004958389405,-0.6561800495838939,-0.6561800495838939,42.5,-0.66649454108302,,-1.1648934610862187,WF,HGBc+,top10,oos,long,2002
160,16,-0.07564787773644968,-0.24564787773644964,-0.24564787773644964,45.625,-0.38834187868135,,-0.5559511928023658,WF,HGBc+,top10,all,long,2002
80,8,1.033502817779809,0.8635028177798089,0.8635028177798089,53.75,0.622699028929465,0.8072550313656853,0.21248263274287454,SPLIT,HGBc+,top10,oos,long,2002
14,5,-0.07721028132517861,-0.2472102813251786,-0.11222689553525093,42.857142857142854,-0.22299840132986,,-1.8234974878779402,WF,HGBc+,T2,is,long,2002
10,5,-1.5231679594924112,-1.6931679594924107,-3.0868163167004976,50.0,-0.93272239508036,,-6.062637208318177,WF,HGBc+,T2,oos,long,2002
24,10,-0.6796926472281921,-0.849692647228192,-1.5995216061178743,45.83333333333333,-0.22299840132986,,-1.9717674190116643,WF,HGBc+,T2,all,long,2002
6,5,-0.49222618997274503,-0.662226189972745,-1.099305210697861,83.33333333333334,1.220656525233605,,-9.82915638246391,SPLIT,HGBc+,T2,oos,long,2002
52,7,-0.015867123892339047,-0.18586712389233906,1.1649457630966638,48.07692307692308,-0.22299840132986,,-0.6915931291288225,WF,HGBc+,T5,is,long,2002
52,8,-0.011653730641028861,-0.18165373064102897,-1.1831676845220132,46.15384615384615,-0.24815026602008497,,-1.1171419130276508,WF,HGBc+,T5,oos,long,2002
104,15,-0.013760427266683946,-0.1837604272666839,-0.08738140896663057,47.11538461538461,-0.243055891111435,,-0.5866618273676651,WF,HGBc+,T5,all,long,2002
27,7,0.9117929650474982,0.741792965047498,0.5613683169307142,66.66666666666666,1.23499666664819,1.5899974882793872,-0.6602181863017573,SPLIT,HGBc+,T5,oos,long,2002
0,0,,,,,,,,WF,HGBc+,TE,is,long,2002
0,0,,,,,,,,WF,HGBc+,TE,oos,long,2002
0,0,,,,,,,,WF,HGBc+,TE,all,long,2002
0,0,,,,,,,,SPLIT,HGBc+,TE,oos,long,2002
8,8,0.61671440215799,0.44671440215799,0.44671440215799,50.0,-0.22622049859383,2.163934140039432,-1.9141731928685135,WF,RFc+,top1,is,long,2002
8,8,1.8203668369897938,1.6503668369897937,1.6503668369897937,62.5,1.3848176437294148,1.4970672744500333,-2.4129194190979866,WF,RFc+,top1,oos,long,2002
16,16,1.218540619573892,1.048540619573892,1.048540619573892,56.25,0.74545275461394,1.4636875887195822,-0.8218504169412126,WF,RFc+,top1,all,long,2002
8,8,3.563387708626642,3.3933877086266424,3.3933877086266424,87.5,3.9118586546614305,1.0402759973931002,-0.38271731750200344,SPLIT,RFc+,top1,oos,long,2002
16,8,-1.0838761063350348,-1.2538761063350348,-1.2538761063350348,37.5,-0.7254494703343399,,-3.0686287037145368,WF,RFc+,top2,is,long,2002
16,8,-0.5543166155753274,-0.7243166155753276,-0.7243166155753272,50.0,0.246818957636235,,-2.7882508002197772,WF,RFc+,top2,oos,long,2002
32,16,-0.8190963609551811,-0.9890963609551813,-0.989096360955181,43.75,-0.6301014517287951,,-2.066213829206729,WF,RFc+,top2,all,long,2002
16,8,2.554887670214784,2.3848876702147837,2.3848876702147837,81.25,3.120580893334695,1.0126886000862347,-0.04715337878197463,SPLIT,RFc+,top2,oos,long,2002
24,8,0.20174660858745044,0.031746608587450494,0.03174660858745047,41.66666666666667,-0.6301014517287951,6.59258718060709,-1.425202732947956,WF,RFc+,top3,is,long,2002
24,8,0.24069521187790385,0.07069521187790383,0.07069521187790398,58.333333333333336,0.8492419838681949,6.4911720292914445,-1.6695142926926188,WF,RFc+,top3,oos,long,2002
48,16,0.2212209102326771,0.051220910232677164,0.051220910232677205,50.0,0.14725894856275498,4.445218568419899,-0.8507769908722276,WF,RFc+,top3,all,long,2002
24,8,0.005714540636516755,-0.16428545936348324,-0.16428545936348296,58.333333333333336,0.58071057548058,301.83885666378006,-2.171565311303256,SPLIT,RFc+,top3,oos,long,2002
40,8,1.084326191638477,0.914326191638477,0.9143261916384772,57.49999999999999,1.96269592343097,0.9405534755184948,0.07366791256819938,WF,RFc+,top5,is,long,2002
40,8,-0.03217625434355878,-0.2021762543435586,-0.20217625434355868,50.0,0.246818957636235,,-1.341739142520427,WF,RFc+,top5,oos,long,2002
80,16,0.5260749686474591,0.3560749686474592,0.35607496864745924,53.75,0.5471827290419,1.249865302989652,-0.14021107353212686,WF,RFc+,top5,all,long,2002
40,8,0.3225686363653911,0.15256863636539109,0.15256863636539109,55.00000000000001,0.41631140258431504,3.57464567189894,-0.9491427925811396,SPLIT,RFc+,top5,oos,long,2002
80,8,1.366293469447963,1.196293469447963,1.1962934694479632,60.0,1.92843495416656,0.44120949442323626,0.8143699397963287,WF,RFc+,top10,is,long,2002
80,8,0.41419049960279875,0.24419049960279895,0.24419049960279884,51.24999999999999,0.34557886028012996,1.6634032252990372,-0.2930936675463641,WF,RFc+,top10,oos,long,2002
160,16,0.8902419845253808,0.720241984525381,0.7202419845253809,55.625,1.1444042626303101,0.39451456273238256,0.5564165752509337,WF,RFc+,top10,all,long,2002
80,8,0.6285207053513183,0.4585207053513185,0.4585207053513183,51.24999999999999,0.27625136217088003,1.1486199605213123,-0.0996381039105495,SPLIT,RFc+,top10,oos,long,2002
31,7,-0.06949330401118688,-0.239493304011187,-0.18718970954303213,48.38709677419355,-0.07145871424635,,-1.2480443077282835,WF,RFc+,T2,is,long,2002
27,7,-0.4032772858734555,-0.5732772858734554,-0.3215362860593073,44.44444444444444,-0.96420834985732,,-2.0334971577435472,WF,RFc+,T2,oos,long,2002
58,14,-0.22487550246431204,-0.3948755024643122,-0.2543629978011697,46.55172413793103,-0.42352521080157995,,-0.9835301190685956,WF,RFc+,T2,all,long,2002
41,6,-0.6026089382422853,-0.772608938242285,-0.8208348876686039,43.90243902439025,-0.6380737922936099,,-1.8165351552479683,SPLIT,RFc+,T2,oos,long,2002
73,8,0.7226070066902363,0.5526070066902362,1.3365817456472326,53.42465753424658,0.4726379632878,0.8596926947832005,0.10884197138650571,WF,RFc+,T5,is,long,2002
85,8,-0.6771375595899302,-0.8471375595899302,-0.6220767662191524,40.0,-1.2201721267840602,,-1.3344844796570545,WF,RFc+,T5,oos,long,2002
158,16,-0.03042013339719518,-0.20042013339719508,0.3572524897140401,46.20253164556962,-0.5336856878735601,,-0.3851392060554081,WF,RFc+,T5,all,long,2002
103,8,0.10817934717297015,-0.06182065282702977,0.4744439189753867,49.51456310679612,0.06455091214467,5.102417450836977,-0.46643953766573565,SPLIT,RFc+,T5,oos,long,2002
0,0,,,,,,,,WF,RFc+,TE,is,long,2002
0,0,,,,,,,,WF,RFc+,TE,oos,long,2002
0,0,,,,,,,,WF,RFc+,TE,all,long,2002
0,0,,,,,,,,SPLIT,RFc+,TE,oos,long,2002
8,8,1.414585182575539,1.244585182575539,1.244585182575539,50.0,1.52781843214245,1.9455422297423133,-3.5668000738477668,WF,ETc+,top1,is,long,2002
8,8,-0.3457105397307175,-0.5157105397307173,-0.5157105397307173,50.0,-0.17903139960247488,,-5.47966608210737,WF,ETc+,top1,oos,long,2002
16,16,0.5344373214224106,0.3644373214224108,0.3644373214224108,50.0,0.897512564247335,3.6044049381161662,-2.024569016765241,WF,ETc+,top1,all,long,2002
8,8,0.35893362187373756,0.18893362187373755,0.18893362187373755,37.5,-0.9212957131591448,4.001686604760163,-2.87308331940386,SPLIT,ETc+,top1,oos,long,2002
16,8,0.6759940040465799,0.50599400404658,0.5059940040465801,43.75,-0.104215943295275,2.556926126360664,-1.5308694198738573,WF,ETc+,top2,is,long,2002
16,8,0.034710378406482834,-0.13528962159351718,-0.13528962159351735,50.0,-0.10381884598043992,44.081710458971315,-2.1751017780791617,WF,ETc+,top2,oos,long,2002
32,16,0.3553521912265312,0.18535219122653143,0.18535219122653135,46.875,-0.104215943295275,3.0576620217291,-0.8666011356741332,WF,ETc+,top2,all,long,2002
16,8,-0.05508659165546232,-0.22508659165546233,-0.2250865916554624,37.5,-1.177452041578635,,-2.3622139580071675,SPLIT,ETc+,top2,oos,long,2002
24,8,1.5457346827416085,1.3757346827416084,1.3757346827416088,50.0,1.305794144454685,1.2098549928360152,-0.4097433357134152,WF,ETc+,top3,is,long,2002
24,8,0.21982452527121915,0.04982452527121928,0.04982452527121928,54.166666666666664,0.9252318941520951,5.785402422843758,-1.3287774515789952,WF,ETc+,top3,oos,long,2002
48,16,0.882779604006414,0.712779604006414,0.712779604006414,52.083333333333336,0.9252318941520951,1.1672506886365333,-0.16481357769416807,WF,ETc+,top3,all,long,2002
24,8,-0.2480164325136796,-0.41801643251367954,-0.4180164325136794,37.5,-1.177452041578635,,-2.0274996275584765,SPLIT,ETc+,top3,oos,long,2002
40,8,1.0373361864847548,0.8673361864847549,0.8673361864847547,50.0,0.16743913481551,1.2220114390167465,-0.2632005708635709,WF,ETc+,top5,is,long,2002
40,8,0.5964533343908929,0.426453334390893,0.4264533343908929,52.5,0.9252318941520951,1.790022038657184,-0.5385271762278493,WF,ETc+,top5,oos,long,2002
80,16,0.8168947604378238,0.6468947604378238,0.6468947604378239,51.24999999999999,0.33448471562432497,0.8886160478761337,0.09705489801263356,WF,ETc+,top5,all,long,2002
40,8,-0.5969076970009232,-0.7669076970009231,-0.7669076970009231,37.5,-1.618530824085275,,-1.6523688052900192,SPLIT,ETc+,top5,oos,long,2002
80,8,0.9531458908169399,0.78314589081694,0.78314589081694,55.00000000000001,0.62777688458517,0.7318910657568628,0.27258339089616573,WF,ETc+,top10,is,long,2002
80,8,-0.0002695873798604087,-0.17026958737986037,-0.17026958737986037,48.75,-0.12654487872568498,,-0.5721160258965247,WF,ETc+,top10,oos,long,2002
160,16,0.47643815171853976,0.30643815171853983,0.3064381517185398,51.87500000000001,0.35546885165317,0.7669324982600016,0.11462425781126433,WF,ETc+,top10,all,long,2002
80,8,-0.09634934660269892,-0.2663493466026987,-0.26634934660269877,46.25,-0.38188627284897003,,-0.7740600419181337,SPLIT,ETc+,top10,oos,long,2002
58,4,0.6916570525416734,0.5216570525416736,0.370008435885764,50.0,0.16743913481551,1.3947040662818526,-0.298754554045693,WF,ETc+,T2,is,long,2002
46,4,-0.5798692201028227,-0.7498692201028223,0.5569031285945082,50.0,-0.010936912384455006,,-1.5781132037787766,WF,ETc+,T2,oos,long,2002
104,8,0.12925120117968475,-0.04074879882031514,0.46345578224013617,50.0,0.16743913481551,4.34264781749374,-0.45386151045756185,WF,ETc+,T2,all,long,2002
0,0,,,,,,,,SPLIT,ETc+,T2,oos,long,2002
141,8,0.6174491487744294,0.4474491487744293,0.5304228358047697,52.4822695035461,0.27744560698021997,0.9204123000054658,0.05094802517389794,WF,ETc+,T5,is,long,2002
187,8,-0.055454298676813875,-0.22545429867681355,-0.15103757646862676,45.45454545454545,-0.52330606741158,,-0.4792297753937416,WF,ETc+,T5,oos,long,2002
328,16,0.23381212233119017,0.06381212233119027,0.18969262966807143,48.47560975609756,-0.08630854107892501,1.3027336585806024,-0.07187850817997508,WF,ETc+,T5,all,long,2002
140,8,0.09028222976474237,-0.07971777023525736,-0.30662714396916324,45.714285714285715,-0.564664653517605,6.239539323405928,-0.4905571927999938,SPLIT,ETc+,T5,oos,long,2002
0,0,,,,,,,,WF,ETc+,TE,is,long,2002
0,0,,,,,,,,WF,ETc+,TE,oos,long,2002
0,0,,,,,,,,WF,ETc+,TE,all,long,2002
0,0,,,,,,,,SPLIT,ETc+,TE,oos,long,2002
8,8,2.919669339588409,2.749669339588409,2.749669339588409,62.5,2.44921798783137,1.3878332228260115,-3.0195860521569733,WF,LR+,top1,is,long,2002
8,8,-0.6873707644282026,-0.8573707644282025,-0.8573707644282025,37.5,-0.248145970033605,,-2.8933351725869834,WF,LR+,top1,oos,long,2002
16,16,1.1161492875801031,0.9461492875801033,0.9461492875801033,50.0,0.250929461999755,1.8284079314708168,-1.34491188732634,WF,LR+,top1,all,long,2002
8,8,-1.8139905902615348,-1.983990590261535,-1.983990590261535,25.0,-3.10515383041814,,-5.23478840357829,SPLIT,LR+,top1,oos,long,2002
16,8,1.0972433283933658,0.9272433283933657,0.9272433283933657,62.5,1.995844319964525,2.045543171202163,-1.6686767551255508,WF,LR+,top2,is,long,2002
16,8,-1.2021369729576592,-1.3721369729576591,-1.3721369729576594,37.5,-0.789493196746815,,-3.2825821048495456,WF,LR+,top2,oos,long,2002
32,16,-0.0524468222821468,-0.2224468222821466,-0.22244682228214674,50.0,0.2839389415554,,-1.57630702799375,WF,LR+,top2,all,long,2002
16,8,-0.21832869344237618,-0.3883286934423763,-0.38832869344237614,43.75,-0.17265101088782,,-2.216188559027474,SPLIT,LR+,top2,oos,long,2002
24,8,1.4250564078640682,1.2550564078640685,1.2550564078640685,62.5,1.8375924717219299,1.397194815960391,-0.714978969669151,WF,LR+,top3,is,long,2002
24,8,-0.016084496995719066,-0.18608449699571888,-0.18608449699571897,45.83333333333333,-0.17265101088782,,-1.6722682648874765,WF,LR+,top3,oos,long,2002
48,16,0.7044859554341747,0.5344859554341747,0.5344859554341748,54.166666666666664,0.77300551350686,1.5875106977679705,-0.46202013236636386,WF,LR+,top3,all,long,2002
24,8,0.2869745969769485,0.1169745969769484,0.11697459697694841,45.83333333333333,-0.17265101088782,4.507979113498012,-1.2716221797469203,SPLIT,LR+,top3,oos,long,2002
40,8,0.9340910259474797,0.7640910259474795,0.7640910259474796,62.5,1.571613628033125,1.4050142147545137,-0.4323658781524079,WF,LR+,top5,is,long,2002
40,8,-0.38990233464236496,-0.5599023346423648,-0.5599023346423648,45.0,-0.22758040437604998,,-1.649870409944169,WF,LR+,top5,oos,long,2002
80,16,0.27209434565255725,0.10209434565255737,0.10209434565255746,53.75,0.526189904608915,2.669495581182276,-0.48454432824706895,WF,LR+,top5,all,long,2002
40,8,-0.7187879672584873,-0.8887879672584873,-0.8887879672584871,40.0,-0.514632766017775,,-1.8036591872021321,SPLIT,LR+,top5,oos,long,2002
80,8,0.13077655027124113,-0.039223449728758845,-0.039223449728758804,53.75,0.5438712166123799,5.452565563608766,-0.6211105752162976,WF,LR+,top10,is,long,2002
80,8,0.20012017306114985,0.030120173061149932,0.030120173061149867,50.0,0.32816655037786496,4.081168294940682,-0.657710861241661,WF,LR+,top10,oos,long,2002
160,16,0.16544836166619553,-0.004551638333804456,-0.004551638333804447,51.87500000000001,0.484762843657845,2.7589651880405897,-0.30040558305980625,WF,LR+,top10,all,long,2002
80,8,-0.16241878595663034,-0.33241878595663027,-0.3324187859566302,43.75,-0.303075363521835,,-0.9407112341112303,SPLIT,LR+,top10,oos,long,2002
49,7,0.3088444933490507,0.13884449334905083,1.2621402170599891,55.10204081632652,0.93794546272926,3.880592696700279,-0.9907523728616202,WF,LR+,T2,is,long,2002
68,6,0.21061856382621058,0.0406185638262106,0.01169967931688217,48.529411764705884,-0.09992629893506,3.7016053807504083,-0.6141676298679263,WF,LR+,T2,oos,long,2002
117,13,0.25175591892551963,0.08175591892551982,0.6850138150247089,51.28205128205128,0.5302952556138201,2.2817836261703963,-0.3371027135394187,WF,LR+,T2,all,long,2002
18,6,0.7917951164615097,0.6217951164615095,0.7543811957221812,50.0,0.310495171886625,2.4002256832179905,-1.5351118032682878,SPLIT,LR+,T2,oos,long,2002
127,8,0.24965776977607804,0.07965776977607798,-0.24671913814531535,55.118110236220474,0.67576624328026,1.937772696870574,-0.2437174138304584,WF,LR+,T5,is,long,2002
181,8,-0.015821236301926302,-0.185821236301926,-0.4629268119958131,44.751381215469614,-0.37624064129991003,,-0.5756508668025825,WF,LR+,T5,oos,long,2002
308,16,0.09364575646400412,-0.07635424353599578,-0.3548229750705642,49.02597402597403,0.11803590473431999,3.5506394268549792,-0.24279808596429867,WF,LR+,T5,all,long,2002
62,8,-1.0995596295819676,-1.2695596295819676,-0.8230788361656777,32.25806451612903,-1.480069951237195,,-1.9102562819764277,SPLIT,LR+,T5,oos,long,2002
0,0,,,,,,,,WF,LR+,TE,is,long,2002
0,0,,,,,,,,WF,LR+,TE,oos,long,2002
0,0,,,,,,,,WF,LR+,TE,all,long,2002
0,0,,,,,,,,SPLIT,LR+,TE,oos,long,2002
8,8,-1.2801218279606739,-1.4501218279606736,-1.4501218279606736,37.5,-0.096554190425705,,-6.90805481578634,WF,HGBr,top1,is,long,2002
8,8,-0.16404785354085005,-0.33404785354084987,-0.33404785354084987,37.5,-1.16870565563523,,-2.99113233299864,WF,HGBr,top1,oos,long,2002
16,16,-0.7220848407507618,-0.8920848407507618,-0.8920848407507618,37.5,-0.46762420852292996,,-2.8175531338026025,WF,HGBr,top1,all,long,2002
8,8,-3.2468537347791244,-3.416853734779125,-3.416853734779125,37.5,-4.47306198838684,,-7.396676124166756,SPLIT,HGBr,top1,oos,long,2002
16,8,1.1589979489388422,0.9889979489388425,0.9889979489388425,56.25,1.007503395576385,2.1507412669560186,-1.939937117325542,WF,HGBr,top2,is,long,2002
16,8,-0.8138830955296461,-0.983883095529646,-0.983883095529646,43.75,-1.16870565563523,,-2.8958967226245966,WF,HGBr,top2,oos,long,2002
32,16,0.17255742670459814,0.0025574267045982545,0.002557426704598298,50.0,0.2839389415554,7.810499243954607,-1.3928322656123473,WF,HGBr,top2,all,long,2002
16,8,-2.421062376288324,-2.591062376288324,-2.5910623762883245,37.5,-3.666234726235075,,-4.841582670566962,SPLIT,HGBr,top2,oos,long,2002
24,8,2.1030415413021575,1.9330415413021587,1.9330415413021582,62.5,2.1118828676439096,1.0582586401761125,-0.15476253528017547,WF,HGBr,top3,is,long,2002
24,8,-0.07278381875577203,-0.24278381875577187,-0.24278381875577193,50.0,0.14026116532379,,-1.4982973801721247,WF,HGBr,top3,oos,long,2002
48,16,1.015128861273193,0.8451288612731934,0.8451288612731932,56.25,0.7471710375906051,1.0961967325709552,-0.10900697256888037,WF,HGBr,top3,all,long,2002
24,8,-2.102441441024881,-2.2724414410248817,-2.272441441024881,37.5,-3.2995315678359103,,-3.751720678671856,SPLIT,HGBr,top3,oos,long,2002
40,8,1.3208504781657975,1.1508504781657973,1.1508504781657978,55.00000000000001,0.54017786261195,1.0109676690231415,-0.016556172426949574,WF,HGBr,top5,is,long,2002
40,8,0.31883414418363554,0.14883414418363555,0.14883414418363564,50.0,0.18989559632929,2.859373943563215,-0.6775221714438046,WF,HGBr,top5,oos,long,2002
80,16,0.8198423111747165,0.6498423111747165,0.6498423111747167,52.5,0.421864675999465,0.8143865660739268,0.1623186630986958,WF,HGBr,top5,all,long,2002
40,8,-0.902714581308684,-1.072714581308684,-1.072714581308684,42.5,-1.86637692237037,,-2.003519561769348,SPLIT,HGBr,top5,oos,long,2002
80,8,1.5761592207961288,1.406159220796129,1.4061592207961289,52.5,0.54017786261195,0.6118007532140258,0.6526547438163466,WF,HGBr,top10,is,long,2002
80,8,0.016741870305321677,-0.1532581296946783,-0.1532581296946783,47.5,-0.22758040437604998,34.78046987778108,-0.6032514619164122,WF,HGBr,top10,oos,long,2002
160,16,0.7964505455507254,0.6264505455507253,0.6264505455507252,50.0,0.177247850635975,0.6231634713667487,0.30981332522672955,WF,HGBr,top10,all,long,2002
80,8,-0.3255109744068887,-0.4955109744068884,-0.49551097440688857,47.5,-0.9065431903619251,,-0.9944978546349287,SPLIT,HGBr,top10,oos,long,2002
25,4,0.33034159753481646,0.16034159753481664,-0.008735192388730094,48.0,0.16348447355982001,4.568603556035611,-1.4735727495865385,WF,HGBr,T2,is,long,2002
12,5,0.2193832377473425,0.04938323774734263,-0.04906421974004687,58.333333333333336,0.8742865153569651,6.848160326139528,-2.199408595224076,WF,HGBr,T2,oos,long,2002
37,9,0.2943551024686087,0.12435510246860874,-0.03114020758390607,51.35135135135135,0.45310439903676,3.6442183308756153,-0.899954651130244,WF,HGBr,T2,all,long,2002
17,6,-1.3586829270311813,-1.528682927031181,-2.337664035246874,47.05882352941176,-3.44117258524132,,-3.6145574615855964,SPLIT,HGBr,T2,oos,long,2002
67,7,1.0143279649113053,0.8443279649113057,0.40723139916220996,56.71641791044776,0.59416702463389,0.8633623380309877,0.14977245011101437,WF,HGBr,T5,is,long,2002
29,7,0.3330999923243638,0.16309999232436392,0.17781281140667263,58.620689655172406,0.73563114835223,3.454889593440642,-0.9880828098847877,WF,HGBr,T5,oos,long,2002
96,14,0.8085403481923334,0.6385403481923335,0.2925221052844412,57.291666666666664,0.68062053937577,0.7559157101404136,0.2081955130141696,WF,HGBr,T5,all,long,2002
53,8,-0.16306441852290818,-0.3330644185229079,-1.6224065005651551,49.056603773584904,-1.06481110211402,,-1.1087130102154923,SPLIT,HGBr,T5,oos,long,2002
0,0,,,,,,,,WF,HGBr,TE,is,long,2002
0,0,,,,,,,,WF,HGBr,TE,oos,long,2002
0,0,,,,,,,,WF,HGBr,TE,all,long,2002
0,0,,,,,,,,SPLIT,HGBr,TE,oos,long,2002
8,8,0.7949278790058476,0.6249278790058481,0.6249278790058481,50.0,0.576232362897145,3.4519750461262375,-5.197715527446387,WF,RIDGE,top1,is,long,2002
8,8,-2.58115958443878,-2.75115958443878,-2.75115958443878,37.5,-2.6879227214954953,,-7.70320819574897,WF,RIDGE,top1,oos,long,2002
16,16,-0.8931158527164659,-1.0631158527164661,-1.0631158527164661,43.75,-1.1707979552196202,,-3.8939865036027683,WF,RIDGE,top1,all,long,2002
8,8,-3.9684633263825724,-4.138463326382572,-4.138463326382572,25.0,-5.24059049173115,,-8.000601496299065,SPLIT,RIDGE,top1,oos,long,2002
16,8,-0.5642955188290895,-0.734295518829089,-0.7342955188290892,43.75,-0.58314297930586,,-3.781719798613593,WF,RIDGE,top2,is,long,2002
16,8,-1.5763793732118634,-1.746379373211863,-1.7463793732118629,37.5,-1.6578402667655,,-4.114276704665292,WF,RIDGE,top2,oos,long,2002
32,16,-1.0703374460204762,-1.240337446020476,-1.2403374460204761,40.625,-1.1707979552196202,,-2.649172030812008,WF,RIDGE,top2,all,long,2002
16,8,-2.7063997896458325,-2.8763997896458324,-2.8763997896458324,31.25,-3.4372642714745547,,-4.810714435210377,SPLIT,RIDGE,top2,oos,long,2002
24,8,0.11078277186744405,-0.05921722813255597,-0.059217228132555935,50.0,0.017460857699534964,15.659131173104202,-2.0513421278209774,WF,RIDGE,top3,is,long,2002
24,8,-0.8377557592154807,-1.0077557592154804,-1.0077557592154802,41.66666666666667,-0.9789305381237401,,-2.5917523642252887,WF,RIDGE,top3,oos,long,2002
48,16,-0.363486493674018,-0.5334864936740183,-0.533486493674018,45.83333333333333,-0.39127556220998,,-1.4456532593131626,WF,RIDGE,top3,all,long,2002
24,8,-2.1096333936072287,-2.2796333936072286,-2.2796333936072286,33.33333333333333,-2.46959920021945,,-3.7244413325088987,SPLIT,RIDGE,top3,oos,long,2002
40,8,1.5288869396966287,1.3588869396966292,1.358886939696629,60.0,1.30130305205532,1.1741271695592306,-0.3042522918690831,WF,RIDGE,top5,is,long,2002
40,8,-0.7969114142840446,-0.9669114142840446,-0.9669114142840444,45.0,-0.6760388854517401,,-1.8738710441629243,WF,RIDGE,top5,oos,long,2002
80,16,0.36598776270629213,0.19598776270629226,0.19598776270629237,52.5,0.5323600168056201,2.452414913832329,-0.5670038238237293,WF,RIDGE,top5,all,long,2002
40,8,-1.4912748891813776,-1.6612748891813776,-1.6612748891813776,30.0,-1.9252108509934147,,-2.6197604863934685,SPLIT,RIDGE,top5,oos,long,2002
80,8,0.8091311745310253,0.6391311745310255,0.6391311745310254,53.75,0.61077237072582,1.1117189624839054,-0.09642164835412285,WF,RIDGE,top10,is,long,2002
80,8,-0.23928504098514009,-0.40928504098513996,-0.40928504098513996,45.0,-0.324309115595835,,-0.8689585260276091,WF,RIDGE,top10,oos,long,2002
160,16,0.28492306677294266,0.11492306677294273,0.11492306677294271,49.375,0.14807587664301,1.6047664699730415,-0.17787036625152564,WF,RIDGE,top10,all,long,2002
80,8,-1.1623710834685133,-1.3323710834685132,-1.3323710834685132,33.75,-1.7790511074679798,,-1.833766470118596,SPLIT,RIDGE,top10,oos,long,2002
50,7,0.8962358374621062,0.7262358374621061,0.9075738048374471,52.0,0.46816661043616004,1.5490461427049877,-0.5467498105694931,WF,RIDGE,T2,is,long,2002
20,2,-2.008086503955506,-2.1780865039555057,-1.8947215098076113,25.0,-2.5755841809411,,-3.922916004611231,WF,RIDGE,T2,oos,long,2002
70,9,0.0664294541999312,-0.10357054580006873,0.2848415126941009,44.285714285714285,-0.440013387129485,14.927873310924952,-0.9963918700728815,WF,RIDGE,T2,all,long,2002
45,7,-1.0523956977361046,-1.2223956977361041,-1.8204421569247748,37.77777777777778,-1.39614889257104,,-1.9866821861834842,SPLIT,RIDGE,T2,oos,long,2002
128,8,0.6627437612497299,0.4927437612497301,0.9252316652764391,50.78125,0.17476957618290997,0.9313522553075613,0.04734528990572049,WF,RIDGE,T5,is,long,2002
50,7,0.03490002357355709,-0.13509997642644292,-0.6523580719451779,46.0,-0.661511308283445,25.06593158141168,-0.9332239772343108,WF,RIDGE,T5,oos,long,2002
178,15,0.48638316077889493,0.316383160778895,0.18902312123968448,49.43820224719101,0.153439060376405,0.931633076904609,0.03421357564346708,WF,RIDGE,T5,all,long,2002
133,8,-0.7113639892401227,-0.8813639892401226,-1.4714742683854594,42.10526315789473,-1.07410805827246,,-1.0988608181094837,SPLIT,RIDGE,T5,oos,long,2002
0,0,,,,,,,,WF,RIDGE,TE,is,long,2002
0,0,,,,,,,,WF,RIDGE,TE,oos,long,2002
0,0,,,,,,,,WF,RIDGE,TE,all,long,2002
0,0,,,,,,,,SPLIT,RIDGE,TE,oos,long,2002
8,8,1.7692727410791587,1.599272741079159,1.599272741079159,50.0,0.621989018881875,1.413794002005946,-1.9523051951231334,WF,HGBnet,top1,is,long,2002
8,8,-3.27901858088704,-3.4490185808870395,-3.4490185808870395,25.0,-3.01851821564308,,-7.92590247786812,WF,HGBnet,top1,oos,long,2002
16,16,-0.7548729199039409,-0.9248729199039404,-0.9248729199039404,37.5,-0.5726701970600301,,-3.150558904033846,WF,HGBnet,top1,all,long,2002
8,8,1.1043329894459486,0.9343329894459487,0.9343329894459487,87.5,1.75568207298703,1.904176812118239,-2.66269941843798,SPLIT,HGBnet,top1,oos,long,2002
16,8,-0.9456489095240238,-1.1156489095240238,-1.1156489095240238,43.75,-0.469566903596625,,-3.6377555604039546,WF,HGBnet,top2,is,long,2002
16,8,-1.787518142271583,-1.9575181422715824,-1.9575181422715824,37.5,-2.579756813387845,,-4.46988380654992,WF,HGBnet,top2,oos,long,2002
32,16,-1.3665835258978032,-1.536583525897803,-1.5365835258978031,40.625,-1.270464861490185,,-2.7910317075820923,WF,HGBnet,top2,all,long,2002
16,8,1.8080180594159618,1.638018059415962,1.638018059415962,75.0,1.3848176437294148,1.3855326796990732,-1.0138909780232064,SPLIT,HGBnet,top2,oos,long,2002
24,8,0.47826644538900454,0.30826644538900444,0.3082664453890046,45.83333333333333,-0.469566903596625,4.736441704023703,-2.2572817164462955,WF,HGBnet,top3,is,long,2002
24,8,-1.9609269254266748,-2.1309269254266754,-2.1309269254266754,41.66666666666667,-1.4107274756462098,,-3.559509358207579,WF,HGBnet,top3,oos,long,2002
48,16,-0.7413302400188354,-0.9113302400188353,-0.9113302400188354,43.75,-0.675399734885805,,-2.154242853395063,WF,HGBnet,top3,all,long,2002
24,8,1.674870703129698,1.5048707031296982,1.504870703129698,70.83333333333334,1.454658248304045,1.0766408385091744,-0.16214336220923467,SPLIT,HGBnet,top3,oos,long,2002
40,8,-0.029330144371874575,-0.19933014437187438,-0.19933014437187452,45.0,-0.40835718825669504,,-1.7823705810213217,WF,HGBnet,top5,is,long,2002
40,8,-1.4554188901567644,-1.6254188901567643,-1.6254188901567643,45.0,-1.025343446123445,,-2.511932415257846,WF,HGBnet,top5,oos,long,2002
80,16,-0.7423745172643196,-0.9123745172643194,-0.9123745172643194,45.0,-0.42883123261904,,-1.6350697016338227,WF,HGBnet,top5,all,long,2002
40,8,0.3024145476940277,0.13241454769402805,0.1324145476940279,55.00000000000001,0.622699028929465,3.9649286670005472,-1.024728642029745,SPLIT,HGBnet,top5,oos,long,2002
80,8,0.07140310249372457,-0.09859689750627543,-0.09859689750627539,46.25,-0.670305359977155,12.464145435038807,-0.8731472549344431,WF,HGBnet,top10,is,long,2002
80,8,-0.6056802757174765,-0.7756802757174766,-0.7756802757174764,42.5,-0.340631033930895,,-1.2474156605843338,WF,HGBnet,top10,oos,long,2002
160,16,-0.267138586611876,-0.43713858661187605,-0.43713858661187593,44.375,-0.42883123261904,,-0.7762903941632134,WF,HGBnet,top10,all,long,2002
80,8,0.48491251979233324,0.3149125197923333,0.31491251979233337,50.0,0.29092939815426,1.4367422050854546,-0.2259005473788243,SPLIT,HGBnet,top10,oos,long,2002
26,7,-0.6946860847031295,-0.8646860847031297,0.49907215013301764,42.30769230769231,-0.670305359977155,,-2.2143817411353544,WF,HGBnet,T2,is,long,2002
9,4,-2.9219779376536614,-3.091977937653661,-3.5913391584953063,33.33333333333333,-2.9493984121398102,,-7.104357717731917,WF,HGBnet,T2,oos,long,2002
35,11,-1.2674182754618375,-1.4374182754618376,-0.9883501439136451,40.0,-1.6240558607364501,,-2.489602829060591,WF,HGBnet,T2,all,long,2002
10,6,0.30740866516580306,0.13740866516580327,0.5552216772529127,70.0,0.920529063574985,5.237203092383768,-2.605105893332214,SPLIT,HGBnet,T2,oos,long,2002
70,8,0.25783075231931385,0.08783075231931393,0.015958194778979175,50.0,0.0843756413814,3.6010869863600554,-0.7222279233520507,WF,HGBnet,T5,is,long,2002
48,7,-0.6313643651858267,-0.8013643651858268,-0.8247467138519116,41.66666666666667,-1.281429982970375,,-1.735988800271349,WF,HGBnet,T5,oos,long,2002
118,15,-0.10387573615735346,-0.27387573615735344,-0.37637076258210317,46.61016949152542,-0.42883123261904,,-0.7652048017458672,WF,HGBnet,T5,all,long,2002
49,8,-0.14559497729353357,-0.31559497729353353,0.1438829299668094,51.02040816326531,0.5220845536040101,,-1.112760039395217,SPLIT,HGBnet,T5,oos,long,2002
0,0,,,,,,,,WF,HGBnet,TE,is,long,2002
0,0,,,,,,,,WF,HGBnet,TE,oos,long,2002
0,0,,,,,,,,WF,HGBnet,TE,all,long,2002
0,0,,,,,,,,SPLIT,HGBnet,TE,oos,long,2002
8,8,-2.9001261293545437,-3.0701261293545437,-3.0701261293545437,37.5,-2.15972857169213,,-7.636579084632878,WF,ENS+,top1,is,long,2002
8,8,-0.3384229503402775,-0.5084229503402774,-0.5084229503402774,37.5,-2.2999276321640045,,-2.83156203765353,WF,ENS+,top1,oos,long,2002
16,16,-1.6192745398474107,-1.7892745398474106,-1.7892745398474106,37.5,-2.2999276321640045,,-3.6425297210901637,WF,ENS+,top1,all,long,2002
8,8,0.29998876200601754,0.12998876200601756,0.12998876200601756,50.0,0.15713010259300503,4.481867523467354,-2.785389674223813,SPLIT,ENS+,top1,oos,long,2002
16,8,-0.751487336557255,-0.9214873365572548,-0.921487336557255,50.0,-0.24360743408284002,,-3.107131958504563,WF,ENS+,top2,is,long,2002
16,8,-2.25780863223801,-2.4278086322380106,-2.4278086322380106,37.5,-2.42258951271958,,-4.538059797762777,WF,ENS+,top2,oos,long,2002
32,16,-1.504647984397633,-1.6746479843976327,-1.6746479843976327,43.75,-1.918190890649865,,-2.784542843428621,WF,ENS+,top2,all,long,2002
16,8,0.5400791930603055,0.3700791930603055,0.37007919306030557,62.5,0.622699028929465,2.9183254378301866,-1.5069784065314684,SPLIT,ENS+,top2,oos,long,2002
24,8,0.2867831359243546,0.11678313592435469,0.11678313592435474,54.166666666666664,0.60993508684213,5.53234365557126,-1.6418522862714682,WF,ENS+,top3,is,long,2002
24,8,-1.126435870757515,-1.2964358707575148,-1.2964358707575148,41.66666666666667,-1.4762995433556798,,-2.7984655143881487,WF,ENS+,top3,oos,long,2002
48,16,-0.41982636741658,-0.58982636741658,-0.58982636741658,47.91666666666667,-0.17959297278286002,,-1.4975137520037747,WF,ENS+,top3,all,long,2002
24,8,0.29527175232368313,0.12527175232368326,0.12527175232368337,58.333333333333336,0.622699028929465,3.9015010691437495,-1.0821869116485663,SPLIT,ENS+,top3,oos,long,2002
40,8,-0.4315696212285962,-0.6015696212285959,-0.6015696212285959,45.0,-0.48779496070031503,,-1.6380550628959063,WF,ENS+,top5,is,long,2002
40,8,-1.4707988651619406,-1.6407988651619403,-1.6407988651619403,40.0,-1.2403141918217448,,-2.568545490263831,WF,ENS+,top5,oos,long,2002
80,16,-0.9511842431952683,-1.121184243195268,-1.1211842431952679,42.5,-0.67321181603048,,-1.6044822020771725,WF,ENS+,top5,all,long,2002
40,8,0.14587370127714674,-0.024126298722853233,-0.024126298722853233,50.0,0.23524105327266503,4.9883128561796095,-0.6649028093510265,SPLIT,ENS+,top5,oos,long,2002
80,8,0.04342402384217681,-0.12657597615782334,-0.126575976157823,50.0,0.09222506416667,19.336533738873584,-0.8493291501437078,WF,ENS+,top10,is,long,2002
80,8,-0.6044836123043631,-0.774483612304363,-0.774483612304363,43.75,-0.45868762659883,,-1.19227264010141,WF,ENS+,top10,oos,long,2002
160,16,-0.28052979423109314,-0.4505297942310932,-0.4505297942310931,46.875,-0.303075363521835,,-0.7387211965505891,WF,ENS+,top10,all,long,2002
80,8,0.6129055898816103,0.44290558988161033,0.44290558988161044,48.75,0.006474232542994998,1.0527514508232563,-0.03448710302286804,SPLIT,ENS+,top10,oos,long,2002
38,6,-0.3598120151692228,-0.5298120151692229,-3.051314198515242,50.0,0.09222506416667,,-1.3376123866894223,WF,ENS+,T2,is,long,2002
39,6,-0.9434577044123399,-1.1134577044123402,-0.7099827422014805,46.15384615384615,-0.6504066400824,,-2.1114417943910877,WF,ENS+,T2,oos,long,2002
77,12,-0.6554247668637886,-0.8254247668637885,-1.8806484703583612,48.05194805194805,-0.07145871424635,,-1.2485817828188077,WF,ENS+,T2,all,long,2002
14,5,0.8395839456132299,0.66958394561323,0.13527017408442357,57.14285714285714,0.6402762853674501,2.11147347028888,-1.4516059936459935,SPLIT,ENS+,T2,oos,long,2002
96,8,0.10419616599648493,-0.06580383400351508,0.7267745447798664,50.0,0.11682444881517999,5.066459522505118,-0.4469902327120145,WF,ENS+,T5,is,long,2002
114,7,0.23303410867198,0.06303410867197994,-0.17084381065168952,46.49122807017544,-0.303075363521835,3.057232805107241,-0.5013964870629105,WF,ENS+,T5,oos,long,2002
210,15,0.17413676344889656,0.004136763448896582,0.307885978911807,48.095238095238095,-0.10446819380199499,2.220972042725919,-0.21780187880094973,WF,ENS+,T5,all,long,2002
93,8,0.08871571879189398,-0.08128428120810566,0.34804846345796797,47.31182795698925,-0.13747767335764,6.638921791326451,-0.5286849203793005,SPLIT,ENS+,T5,oos,long,2002
0,0,,,,,,,,WF,ENS+,TE,is,long,2002
0,0,,,,,,,,WF,ENS+,TE,oos,long,2002
0,0,,,,,,,,WF,ENS+,TE,all,long,2002
0,0,,,,,,,,SPLIT,ENS+,TE,oos,long,2002
8,8,1.1542868935861226,0.9842868935861224,0.9842868935861224,50.0,1.0342331967466,1.5276538554387766,-1.6241704791551101,WF,HGBc-,top1,is,short,2002
8,8,-0.46743123613254245,-0.6374312361325423,-0.6374312361325423,50.0,0.05359319343350502,,-4.8675174215667205,WF,HGBc-,top1,oos,short,2002
16,16,0.34342782872678995,0.17342782872679002,0.17342782872679002,50.0,0.47413467660596,3.712791840340138,-1.35512467129566,WF,HGBc-,top1,all,short,2002
8,8,-0.12057653457721637,-0.2905765345772162,-0.2905765345772162,62.5,1.0146834405141352,,-4.323721598615337,SPLIT,HGBc-,top1,oos,short,2002
16,8,0.1573188982055885,-0.012681101794411159,-0.012681101794411332,43.75,-0.69496794475944,9.778530462442719,-2.0087690766773583,WF,HGBc-,top2,is,short,2002
16,8,0.1410019193507444,-0.028998080649255506,-0.028998080649255548,56.25,1.00764022520726,10.218429427160117,-1.8906418074603053,WF,HGBc-,top2,oos,short,2002
32,16,0.14916040877816653,-0.02083959122183329,-0.02083959122183331,50.0,0.27174091232232,6.3525860895564135,-0.9462446567568148,WF,HGBc-,top2,all,short,2002
16,8,-0.7994607532327282,-0.9694607532327278,-0.9694607532327281,50.0,-0.04680882233948501,,-3.57324221979553,SPLIT,HGBc-,top2,oos,short,2002
24,8,0.3486555418040375,0.17865554180403748,0.17865554180403764,54.166666666666664,0.644618744458895,3.3924987441857586,-1.0536731948457663,WF,HGBc-,top3,is,short,2002
24,8,-0.18873307157344738,-0.35873307157344764,-0.35873307157344764,58.333333333333336,1.630036072326255,,-1.4673653281542152,WF,HGBc-,top3,oos,short,2002
48,16,0.07996123511529499,-0.0900387648847048,-0.09003876488470489,56.25,0.9504868130533601,8.332752266946002,-0.6545145243454676,WF,HGBc-,top3,all,short,2002
24,8,0.2682238707930596,0.09822387079305978,0.09822387079305968,58.333333333333336,1.09010264484244,4.702246260027728,-1.2543547231500196,SPLIT,HGBc-,top3,oos,short,2002
40,8,0.3100199860415208,0.14001998604152086,0.14001998604152083,55.00000000000001,0.55020824229995,2.961712502497912,-0.6950515230192912,WF,HGBc-,top5,is,short,2002
40,8,0.6482320946208813,0.4782320946208814,0.47823209462088134,65.0,2.110511700824405,1.364169630609368,-0.2697902199396837,WF,HGBc-,top5,oos,short,2002
80,16,0.4791260403312011,0.309126040331201,0.30912604033120117,60.0,0.9504868130533601,1.1905947671815624,-0.0974068438480525,WF,HGBc-,top5,all,short,2002
40,8,-0.6847785543713026,-0.8547785543713023,-0.8547785543713023,47.5,-0.568384324631195,,-1.7462641136454367,SPLIT,HGBc-,top5,oos,short,2002
80,8,0.13978650906699655,-0.03021349093300336,-0.030213490933003434,52.5,0.278980966042555,4.928155680526237,-0.5857100476292854,WF,HGBc-,top10,is,short,2002
80,8,-0.2547821885147018,-0.4247821885147015,-0.4247821885147015,57.49999999999999,0.6749876472053299,,-0.8172536427244326,WF,HGBc-,top10,oos,short,2002
160,16,-0.0574978397238526,-0.22749783972385246,-0.2274978397238525,55.00000000000001,0.55020824229995,,-0.43528833957578356,WF,HGBc-,top10,all,short,2002
80,8,-1.1286722564298879,-1.2986722564298878,-1.2986722564298878,47.5,-0.258876288318715,,-1.6638584073880212,SPLIT,HGBc-,top10,oos,short,2002
6,4,1.20205721689541,1.0320572168954099,2.1240681477995067,66.66666666666666,1.510585333194,1.3448676950681495,-2.4873042103845298,WF,HGBc-,T2,is,short,2002
3,3,1.8884012051466665,1.7184012051466666,1.7184012051466666,66.66666666666666,2.3930395375530202,1.0,,WF,HGBc-,T2,oos,short,2002
9,7,1.4308385463124955,1.2608385463124954,1.9502108866625754,66.66666666666666,2.0825283596068602,1.3302187237557894,-1.0631017769937774,WF,HGBc-,T2,all,short,2002
1,1,-1.3065131732367599,-1.47651317323676,-1.47651317323676,0.0,-1.3065131732367599,,,SPLIT,HGBc-,T2,oos,short,2002
14,7,0.1421323139651308,-0.027867686034869235,0.9372883884360169,42.857142857142854,-0.345254586135875,10.195025118870287,-2.032971417730611,WF,HGBc-,T5,is,short,2002
20,5,-0.15910786882324887,-0.329107868823249,-0.07364368240202503,60.0,1.9872532589548249,,-2.093967568004109,WF,HGBc-,T5,oos,short,2002
34,12,-0.03506779355744554,-0.20506779355744534,0.5160666922534993,52.94117647058824,0.9504868130533601,,-1.0885091538820688,WF,HGBc-,T5,all,short,2002
11,4,1.2629834615861628,1.092983461586163,1.4057404653111587,63.63636363636363,1.8413608089034201,1.557356502686904,-1.2905420826852831,SPLIT,HGBc-,T5,oos,short,2002
0,0,,,,,,,,WF,HGBc-,TE,is,short,2002
0,0,,,,,,,,WF,HGBc-,TE,oos,short,2002
0,0,,,,,,,,WF,HGBc-,TE,all,short,2002
0,0,,,,,,,,SPLIT,HGBc-,TE,oos,short,2002
8,8,3.343629493114739,3.173629493114739,3.173629493114739,75.0,1.59614528764438,1.057072022503428,-0.5088738604644533,WF,RFc-,top1,is,short,2002
8,8,-1.4711854991377622,-1.6411854991377623,-1.6411854991377623,62.5,1.6776854284393,,-8.091831337836643,WF,RFc-,top1,oos,short,2002
16,16,0.9362219969884882,0.7662219969884884,0.7662219969884884,68.75,1.59614528764438,2.1153564688419864,-1.5188672881647607,WF,RFc-,top1,all,short,2002
8,8,0.4663626119813387,0.29636261198133873,0.29636261198133873,50.0,0.32513346162214496,4.226361749673677,-4.012411980731994,SPLIT,RFc-,top1,oos,short,2002
16,8,2.142217305929517,1.972217305929517,1.972217305929517,62.5,1.0231044958363,1.307685860478293,-0.9587345092456938,WF,RFc-,top2,is,short,2002
16,8,-1.1342295165292333,-1.3042295165292328,-1.3042295165292328,50.0,0.430186922865105,,-3.157990049250592,WF,RFc-,top2,oos,short,2002
32,16,0.5039938947001419,0.33399389470014174,0.3339938947001418,56.25,0.80554088542206,2.8228435400331002,-1.0888320179795865,WF,RFc-,top2,all,short,2002
16,8,-0.37551522937304255,-0.5455152293730425,-0.5455152293730423,43.75,-0.51617633471684,,-2.7290900641132145,SPLIT,RFc-,top2,oos,short,2002
24,8,2.221509758196809,2.051509758196809,2.0515097581968096,62.5,1.418771949229775,0.9542152805224959,0.12847730664704682,WF,RFc-,top3,is,short,2002
24,8,0.5533174949981878,0.3833174949981881,0.38331749499818807,58.333333333333336,1.0330067117927149,2.650535929887556,-1.1536047235324889,WF,RFc-,top3,oos,short,2002
48,16,1.3874136265974981,1.2174136265974986,1.2174136265974986,60.416666666666664,1.15579493925396,0.7989881376070618,0.31131527106050655,WF,RFc-,top3,all,short,2002
24,8,0.650173286669323,0.48017328666932296,0.4801732866693228,54.166666666666664,0.68564730982186,2.361394288547404,-1.1180743566792133,SPLIT,RFc-,top3,oos,short,2002
40,8,1.2828954721499812,1.1128954721499815,1.1128954721499815,55.00000000000001,1.0231044958363,1.0204821830268882,-0.030030285559933933,WF,RFc-,top5,is,short,2002
40,8,0.325363151868481,0.1553631518684813,0.15536315186848118,57.49999999999999,1.0330067117927149,3.355910025697027,-0.8760300702621016,WF,RFc-,top5,oos,short,2002
80,16,0.8041293120092312,0.6341293120092312,0.6341293120092313,56.25,1.0330067117927149,0.8804022119247006,0.1025835595123373,WF,RFc-,top5,all,short,2002
40,8,-0.45380724396605054,-0.6238072439660504,-0.6238072439660504,45.0,-0.42367385412809005,,-1.7170294597944482,SPLIT,RFc-,top5,oos,short,2002
80,8,0.04908118875457905,-0.12091881124542087,-0.12091881124542088,48.75,-0.032338949246209996,14.223711287811817,-0.6923045010700261,WF,RFc-,top10,is,short,2002
80,8,-0.16006289672744542,-0.3300628967274454,-0.33006289672744543,50.0,0.15193987374705,,-0.9147539197406929,WF,RFc-,top10,oos,short,2002
160,16,-0.05549085398643317,-0.22549085398643312,-0.2254908539864332,49.375,0.10498735193863,,-0.4919556801882648,WF,RFc-,top10,all,short,2002
80,8,0.41033445712297734,0.24033445712297744,0.2403344571229776,53.75,0.657239415390785,1.9757792869404955,-0.4270889215771458,SPLIT,RFc-,top10,oos,short,2002
17,2,0.5133897536210882,0.34338975362108853,1.0329177445990265,52.94117647058824,0.21743418952675,4.088743959360755,-2.246450125417694,WF,RFc-,T2,is,short,2002
25,4,-1.1993432483362505,-1.36934324833625,-1.7590722715928517,44.0,-0.72772212119087,,-3.4927390937576313,WF,RFc-,T2,oos,short,2002
42,6,-0.506094176115423,-0.6760941761154226,-0.8284089328622256,47.61904761904761,-0.294426956923735,,-1.8504336267738624,WF,RFc-,T2,all,short,2002
12,3,2.627053587837658,2.4570535878376583,3.2615362956445133,58.333333333333336,2.94951739933133,1.3799715224069093,-1.7112095163689285,SPLIT,RFc-,T2,oos,short,2002
25,3,0.06500280899467645,-0.10499719100532351,2.7677722714251396,56.00000000000001,0.30682906325076004,29.261703340795776,-2.2963626301574465,WF,RFc-,T5,is,short,2002
64,4,1.1262600451909006,0.9562600451909006,2.0767065223256114,56.25,1.52122235829051,1.0093127231307206,-0.011377407971857224,WF,RFc-,T5,oos,short,2002
89,7,0.8281540799672421,0.6581540799672424,2.3728775576539802,56.17977528089888,0.43955215809822,1.037915582569559,-0.033268988708798054,WF,RFc-,T5,all,short,2002
34,4,2.1489194449639926,1.9789194449639929,0.7904470057420395,58.82352941176471,2.401757997173545,0.8961429688195885,0.261659772041166,SPLIT,RFc-,T5,oos,short,2002
0,0,,,,,,,,WF,RFc-,TE,is,short,2002
0,0,,,,,,,,WF,RFc-,TE,oos,short,2002
0,0,,,,,,,,WF,RFc-,TE,all,short,2002
0,0,,,,,,,,SPLIT,RFc-,TE,oos,short,2002
8,8,2.858121039970457,2.688121039970457,2.688121039970457,62.5,2.376424244503245,1.2649367578701032,-2.019256858480267,WF,ETc-,top1,is,short,2002
8,8,2.523181450412917,2.353181450412918,2.353181450412918,87.5,2.998288426128105,1.5471120320625509,-3.6812344815945197,WF,ETc-,top1,oos,short,2002
16,16,2.6906512451916873,2.5206512451916874,2.5206512451916874,75.0,2.998288426128105,1.0723465810862969,-0.2831409723421181,WF,ETc-,top1,all,short,2002
8,8,2.079705151566215,1.909705151566215,1.909705151566215,62.5,2.5563889920078604,2.1284644051881196,-6.258328631543564,SPLIT,ETc-,top1,oos,short,2002
16,8,1.9037116733402895,1.733711673340289,1.7337116733402893,62.5,1.0732750405146052,1.1119924400782544,-0.31011100436776085,WF,ETc-,top2,is,short,2002
16,8,2.2782942803691077,2.1082942803691074,2.1082942803691074,62.5,2.737025345582625,1.3452910288765187,-1.1442539289485627,WF,ETc-,top2,oos,short,2002
32,16,2.0910029768546985,1.9210029768546986,1.9210029768546983,62.5,2.038048346957955,0.8869169450230086,0.2802453387718076,WF,ETc-,top2,all,short,2002
16,8,0.7918620727030056,0.6218620727030055,0.6218620727030054,50.0,-0.07122845018401004,4.062573466437856,-3.5274702151835773,SPLIT,ETc-,top2,oos,short,2002
24,8,1.6346400390186127,1.464640039018613,1.4646400390186127,54.166666666666664,0.6653347579885249,1.0797257853483977,-0.16461847689182435,WF,ETc-,top3,is,short,2002
24,8,1.7731204843247135,1.6031204843247133,1.6031204843247135,66.66666666666666,2.4246517977731004,1.1758272780650547,-0.3938058296086811,WF,ETc-,top3,oos,short,2002
48,16,1.703880261671663,1.5338802616716634,1.5338802616716631,60.416666666666664,1.7462294191072598,0.7843063657504157,0.4102505592179648,WF,ETc-,top3,all,short,2002
24,8,0.7640139496609828,0.594013949660983,0.5940139496609829,50.0,0.34035380126087994,2.933242789398179,-1.865715106334802,SPLIT,ETc-,top3,oos,short,2002
40,8,0.7576086293823425,0.5876086293823426,0.5876086293823426,50.0,0.245736245320185,1.634607165751516,-0.549467274332822,WF,ETc-,top5,is,short,2002
40,8,0.11365634490984161,-0.05634365509015797,-0.056343655090158005,52.5,1.2694453721303198,11.481577366961856,-1.361483168478407,WF,ETc-,top5,oos,short,2002
80,16,0.4356324871460923,0.26563248714609217,0.2656324871460922,51.24999999999999,0.6599876129606099,1.8535116911386884,-0.39660524887361526,WF,ETc-,top5,all,short,2002
40,8,0.33414945394128176,0.16414945394128175,0.16414945394128186,55.00000000000001,1.21641947526446,4.024016886593219,-1.1548269615592446,SPLIT,ETc-,top5,oos,short,2002
80,8,0.46187599787744177,0.2918759978774418,0.2918759978774419,50.0,0.14276693602942,1.4320555062293772,-0.21285980595001272,WF,ETc-,top10,is,short,2002
80,8,-0.001056672555614785,-0.1710566725556146,-0.1710566725556146,50.0,0.05307804865124499,,-0.9120777091935487,WF,ETc-,top10,oos,short,2002
160,16,0.2304096626609135,0.06040966266091359,0.060409662660913625,50.0,0.14276693602942,2.0196282917997905,-0.24251066916450398,WF,ETc-,top10,all,short,2002
80,8,-0.4032261236842966,-0.5732261236842964,-0.5732261236842965,48.75,-0.293127132523315,,-1.2474123259741814,SPLIT,ETc-,top10,oos,short,2002
0,0,,,,,,,,WF,ETc-,T2,is,short,2002
23,2,-0.5440177434866627,-0.7140177434866626,-0.09182394900502243,47.82608695652174,-0.62247605698926,,-2.5455336945143463,WF,ETc-,T2,oos,short,2002
23,2,-0.5440177434866627,-0.7140177434866626,-0.09182394900502243,47.82608695652174,-0.62247605698926,,-2.5455336945143463,WF,ETc-,T2,all,short,2002
0,0,,,,,,,,SPLIT,ETc-,T2,oos,short,2002
0,0,,,,,,,,WF,ETc-,T5,is,short,2002
53,2,-0.718793505128164,-0.8887935051281635,-0.40781177884529185,50.943396226415096,0.21628645518348,,-1.7364523735735247,WF,ETc-,T5,oos,short,2002
53,2,-0.718793505128164,-0.8887935051281635,-0.40781177884529185,50.943396226415096,0.21628645518348,,-1.7364523735735247,WF,ETc-,T5,all,short,2002
0,0,,,,,,,,SPLIT,ETc-,T5,oos,short,2002
0,0,,,,,,,,WF,ETc-,TE,is,short,2002
0,0,,,,,,,,WF,ETc-,TE,oos,short,2002
0,0,,,,,,,,WF,ETc-,TE,all,short,2002
0,0,,,,,,,,SPLIT,ETc-,TE,oos,short,2002
8,8,-0.38551012279687874,-0.555510122796879,-0.555510122796879,37.5,-2.06679676075706,,-4.3037699222962695,WF,LR-,top1,is,short,2002
8,8,-0.6940709877457998,-0.8640709877457998,-0.8640709877457998,37.5,-0.9989129798546301,,-4.293442228148916,WF,LR-,top1,oos,short,2002
16,16,-0.5397905552713395,-0.7097905552713393,-0.7097905552713393,37.5,-1.42494124892771,,-2.692955532953921,WF,LR-,top1,all,short,2002
8,8,-0.03695754667045878,-0.20695754667045851,-0.20695754667045851,50.0,0.9297107316600152,,-5.405248600050791,SPLIT,LR-,top1,oos,short,2002
16,8,-0.5674747684449912,-0.7374747684449913,-0.7374747684449912,43.75,-2.06679676075706,,-2.913511342411396,WF,LR-,top2,is,short,2002
16,8,-0.40632157035227384,-0.5763215703522735,-0.5763215703522737,31.25,-1.13448243975724,,-2.6767711019300258,WF,LR-,top2,oos,short,2002
32,16,-0.48689816939863245,-0.6568981693986324,-0.6568981693986324,37.5,-1.394606089406995,,-1.7833242912341032,WF,LR-,top2,all,short,2002
16,8,0.5875707405940668,0.41757074059406707,0.4175707405940669,62.5,1.2921311020470598,2.2060000295957702,-1.0307059353397137,SPLIT,LR-,top2,oos,short,2002
24,8,-0.3198056357896112,-0.48980563578961134,-0.48980563578961117,50.0,0.24586415618785498,,-1.6774006669149417,WF,LR-,top3,is,short,2002
24,8,-0.7903325923445826,-0.9603325923445825,-0.9603325923445826,25.0,-1.13448243975724,,-2.5088331091282305,WF,LR-,top3,oos,short,2002
48,16,-0.5550691140670968,-0.7250691140670968,-0.7250691140670968,37.5,-1.058664024924145,,-1.4404506022231238,WF,LR-,top3,all,short,2002
24,8,-0.7813134815061762,-0.9513134815061762,-0.9513134815061761,50.0,-0.03309202294184,,-2.078443194441587,SPLIT,LR-,top3,oos,short,2002
40,8,0.1869353197572482,0.016935319757248324,0.01693531975724839,50.0,0.30742589761133,4.518875956045797,-0.7517739451765868,WF,LR-,top5,is,short,2002
40,8,-0.5229433974393322,-0.6929433974393323,-0.692943397439332,35.0,-1.13448243975724,,-1.7561516247070907,WF,LR-,top5,oos,short,2002
80,16,-0.1680040388410421,-0.33800403884104185,-0.3380040388410419,42.5,-0.5763784720776299,,-0.8052336352480124,WF,LR-,top5,all,short,2002
40,8,-0.43483349052677217,-0.6048334905267723,-0.604833490526772,50.0,0.167498008527145,,-1.1496076568593185,SPLIT,LR-,top5,oos,short,2002
80,8,0.5108692197723976,0.34086921977239754,0.34086921977239754,55.00000000000001,0.53022339032233,1.255668359192084,-0.139320634859679,WF,LR-,top10,is,short,2002
80,8,-0.31940188745123776,-0.489401887451238,-0.48940188745123775,41.25,-0.9527887850851748,,-1.0084623656491014,WF,LR-,top10,oos,short,2002
160,16,0.09573366616057989,-0.07426633383942023,-0.07426633383942015,48.125,0.008410014219319998,4.098997726729261,-0.3062486852160981,WF,LR-,top10,all,short,2002
80,8,-0.9961207232237136,-1.1661207232237136,-1.1661207232237134,42.5,-0.8852566043193899,,-1.6063726060057717,SPLIT,LR-,top10,oos,short,2002
2,2,-3.0144511410680703,-3.1844511410680703,-3.1844511410680703,0.0,-3.0144511410680703,,,WF,LR-,T2,is,short,2002
8,3,0.1649533157819149,-0.005046684218085011,0.6079818849531078,62.5,1.8251531706119852,12.763188815444346,-5.17433866473675,WF,LR-,T2,oos,short,2002
10,5,-0.470927575588082,-0.640927575588082,-0.9089913254553635,50.0,-0.4214124415636401,,-4.310383655269279,WF,LR-,T2,all,short,2002
2,1,2.64666125817383,2.47666125817383,2.47666125817383,100.0,2.64666125817383,1.0,,SPLIT,LR-,T2,oos,short,2002
12,4,0.010168919899743282,-0.1598310801002566,-1.0030361691395344,41.66666666666667,-1.05719242218354,198.6059426526645,-3.4447525757969317,WF,LR-,T5,is,short,2002
44,3,0.3138121190616691,0.14381211906166905,1.1051423094046025,61.36363636363637,1.511861359501,3.3466983886563866,-0.8308355215970784,WF,LR-,T5,oos,short,2002
56,7,0.2487457192412564,0.07874571924125652,-0.09953110690633302,57.14285714285714,1.3250090516268849,3.388146940884691,-0.6522806743920284,WF,LR-,T5,all,short,2002
14,4,-1.312691642089134,-1.482691642089134,0.4176960694915073,64.28571428571429,2.722419921152715,,-4.347652430781224,SPLIT,LR-,T5,oos,short,2002
0,0,,,,,,,,WF,LR-,TE,is,short,2002
0,0,,,,,,,,WF,LR-,TE,oos,short,2002
0,0,,,,,,,,WF,LR-,TE,all,short,2002
0,0,,,,,,,,SPLIT,LR-,TE,oos,short,2002
8,8,-2.7517342096700372,-2.921734209670037,-2.921734209670037,25.0,-3.0833990108045946,,-8.6316152466297,WF,-HGBr,top1,is,short,2002
8,8,-3.2712186017309146,-3.441218601730915,-3.441218601730915,25.0,-2.02362297488135,,-8.650743490843098,WF,-HGBr,top1,oos,short,2002
16,16,-3.011476405700476,-3.1814764057004763,-3.1814764057004763,25.0,-2.4775792033181547,,-5.737549811815755,WF,-HGBr,top1,all,short,2002
8,8,-0.29048866916629257,-0.4604886691662924,-0.4604886691662924,37.5,-0.9119136604603999,,-2.8626223797915435,SPLIT,-HGBr,top1,oos,short,2002
16,8,-1.2317240413703086,-1.4017240413703085,-1.4017240413703087,37.5,-1.7851313886829798,,-3.728873934349857,WF,-HGBr,top2,is,short,2002
16,8,-1.5983392684476148,-1.768339268447615,-1.768339268447615,37.5,-1.415374396630425,,-3.981859599276369,WF,-HGBr,top2,oos,short,2002
32,16,-1.4150316549089617,-1.5850316549089618,-1.5850316549089618,37.5,-1.69884704072145,,-2.713938276443206,WF,-HGBr,top2,all,short,2002
16,8,0.9945330687926631,0.8245330687926631,0.8245330687926633,62.5,0.46586659043170997,1.5325158065450653,-0.7703339334747108,SPLIT,-HGBr,top2,oos,short,2002
24,8,-0.09714824780463245,-0.26714824780463226,-0.2671482478046322,45.83333333333333,-0.26587303244389,,-1.989075269701774,WF,-HGBr,top3,is,short,2002
24,8,-1.3629722506161157,-1.5329722506161154,-1.5329722506161152,45.83333333333333,-0.482167226936195,,-2.7118200645647255,WF,-HGBr,top3,oos,short,2002
48,16,-0.7300602492103739,-0.9000602492103738,-0.9000602492103736,45.83333333333333,-0.26587303244389,,-1.6902795209343457,WF,-HGBr,top3,all,short,2002
24,8,-0.12283900526773989,-0.29283900526773954,-0.29283900526773976,54.166666666666664,0.39193794004419996,,-1.9962773286622069,SPLIT,-HGBr,top3,oos,short,2002
40,8,-0.8517810833164441,-1.0217810833164438,-1.0217810833164438,45.0,-0.31715049540998497,,-2.0096702876930266,WF,-HGBr,top5,is,short,2002
40,8,-1.078278982168358,-1.248278982168358,-1.2482789821683582,50.0,0.14258145103270503,,-2.414094884095163,WF,-HGBr,top5,oos,short,2002
80,16,-0.9650300327424011,-1.1350300327424008,-1.1350300327424008,47.5,-0.09841994098112498,,-1.6810301931610416,WF,-HGBr,top5,all,short,2002
40,8,-1.520613221183783,-1.690613221183783,-1.690613221183783,45.0,-1.051316208992655,,-2.8869990324285117,SPLIT,-HGBr,top5,oos,short,2002
80,8,-0.9016126152571201,-1.07161261525712,-1.07161261525712,42.5,-0.36633012680828503,,-1.602348402600418,WF,-HGBr,top10,is,short,2002
80,8,-0.5524635887123571,-0.7224635887123574,-0.722463588712357,43.75,-0.285175110256775,,-1.3151477715748996,WF,-HGBr,top10,oos,short,2002
160,16,-0.7270381019847387,-0.8970381019847387,-0.8970381019847385,43.125,-0.29324897050774,,-1.1257834963414683,WF,-HGBr,top10,all,short,2002
80,8,-0.30560932143293845,-0.47560932143293816,-0.47560932143293816,51.24999999999999,0.280162393505845,,-1.1123572467049692,SPLIT,-HGBr,top10,oos,short,2002
5,4,-3.5854408546276675,-3.7554408546276674,-3.9482763502731055,20.0,-3.48006451765774,,,WF,-HGBr,T2,is,short,2002
3,2,0.23393726092859998,0.06393726092859998,-0.43925231607301,33.33333333333333,0.08759329231062,0.9999999999999998,,WF,-HGBr,T2,oos,short,2002
8,6,-2.153174061294067,-2.323174061294067,-2.7786016722064066,25.0,-2.232777275514645,,-6.8549728216338135,WF,-HGBr,T2,all,short,2002
2,2,1.4512133430798948,1.2812133430798949,1.2812133430798949,50.0,1.4512133430798948,1.0,,SPLIT,-HGBr,T2,oos,short,2002
19,6,1.3121318710338419,1.1421318710338417,2.2833053596735997,68.42105263157895,2.89673193813018,1.4561337720103789,-0.8122603953203109,WF,-HGBr,T5,is,short,2002
8,3,-2.6088849669395313,-2.7788849669395312,-2.960307532992906,37.5,-0.8456138773836102,,-8.863802105895326,WF,-HGBr,T5,oos,short,2002
27,9,0.15034910422691639,-0.01965089577308348,0.535434395451431,59.25925925925925,1.11138029227015,8.94268124270097,-1.4655784213636633,WF,-HGBr,T5,all,short,2002
11,4,-1.6738131892129828,-1.8438131892129825,-1.6848518502707248,45.45454545454545,-0.7731226491184999,,-4.355804441954813,SPLIT,-HGBr,T5,oos,short,2002
0,0,,,,,,,,WF,-HGBr,TE,is,short,2002
0,0,,,,,,,,WF,-HGBr,TE,oos,short,2002
0,0,,,,,,,,WF,-HGBr,TE,all,short,2002
0,0,,,,,,,,SPLIT,-HGBr,TE,oos,short,2002
8,8,2.780201021490102,2.6102010214901026,2.6102010214901026,62.5,2.832815370809445,1.4948356732594656,-3.668647051375223,WF,-RIDGE,top1,is,short,2002
8,8,-0.31207268801970867,-0.4820726880197086,-0.4820726880197086,37.5,-0.62821486204665,,-3.855531969890053,WF,-RIDGE,top1,oos,short,2002
16,16,1.2340641667351968,1.0640641667351969,1.0640641667351969,50.0,0.88810323074022,1.783501492271295,-1.4063870781026306,WF,-RIDGE,top1,all,short,2002
8,8,-1.0876586391859038,-1.2576586391859037,-1.2576586391859037,37.5,-1.8346507651542998,,-4.174892714471383,SPLIT,-RIDGE,top1,oos,short,2002
16,8,1.3572649892472415,1.1872649892472413,1.1872649892472413,50.0,0.596006159797385,1.7463554750738317,-1.4734576812373879,WF,-RIDGE,top2,is,short,2002
16,8,-1.4153622880063117,-1.5853622880063116,-1.5853622880063116,31.25,-1.356234250074635,,-3.1647659811830353,WF,-RIDGE,top2,oos,short,2002
32,16,-0.029048649379535267,-0.19904864937953515,-0.19904864937953523,40.625,-1.1171119056380099,,-1.4390307815448984,WF,-RIDGE,top2,all,short,2002
16,8,-0.9118557274782464,-1.081855727478246,-1.081855727478246,31.25,-1.356234250074635,,-2.9603006908836007,SPLIT,-RIDGE,top2,oos,short,2002
24,8,0.5256696460772138,0.3556696460772139,0.3556696460772139,50.0,0.126201883984645,3.006028802545423,-1.3320106745112632,WF,-RIDGE,top3,is,short,2002
24,8,-2.2075089045068648,-2.3775089045068647,-2.377508904506865,29.166666666666668,-1.714457464385255,,-3.665344712825047,WF,-RIDGE,top3,oos,short,2002
48,16,-0.8409196292148258,-1.0109196292148253,-1.0109196292148255,39.58333333333333,-1.1171119056380099,,-1.825728678473584,WF,-RIDGE,top3,all,short,2002
24,8,-0.14696840257091548,-0.31696840257091524,-0.3169684025709153,41.66666666666667,-0.327573418996155,,-1.4151461140548434,SPLIT,-RIDGE,top3,oos,short,2002
40,8,0.22750195304425844,0.057501953044258175,0.05750195304425844,47.5,0.009586349669940002,5.577693181688648,-1.1902104448817752,WF,-RIDGE,top5,is,short,2002
40,8,-2.391912160889841,-2.561912160889841,-2.5619121608898414,35.0,-1.714457464385255,,-3.2363908532444556,WF,-RIDGE,top5,oos,short,2002
80,16,-1.0822051039227916,-1.2522051039227915,-1.2522051039227913,41.25,-1.056937329549475,,-1.8311180267527438,WF,-RIDGE,top5,all,short,2002
40,8,0.4193617779472295,0.2493617779472295,0.24936177794722958,47.5,0.07633848881857001,1.8202258854863254,-0.3931101550352982,SPLIT,-RIDGE,top5,oos,short,2002
80,8,0.3228072532106997,0.1528072532106997,0.15280725321069974,45.0,-0.180714698511205,2.3207342931743495,-0.4547654500275059,WF,-RIDGE,top10,is,short,2002
80,8,-1.0329530775252938,-1.2029530775252937,-1.2029530775252937,48.75,-0.25774547801142,,-1.6267507849742167,WF,-RIDGE,top10,oos,short,2002
160,16,-0.355072912157297,-0.525072912157297,-0.525072912157297,46.875,-0.180714698511205,,-0.7765969758693734,WF,-RIDGE,top10,all,short,2002
80,8,-0.18674337318265788,-0.35674337318265775,-0.3567433731826578,48.75,0.07633848881857001,,-0.7036355200996273,SPLIT,-RIDGE,top10,oos,short,2002
18,4,0.04597254700309011,-0.12402745299690983,-0.057719034015130295,38.88888888888889,-0.714034053540405,42.360413302930866,-2.632767984880924,WF,-RIDGE,T2,is,short,2002
1,1,3.8361947265984604,3.6661947265984605,3.6661947265984605,100.0,3.8361947265984604,1.0,,WF,-RIDGE,T2,oos,short,2002
19,5,0.24545792487653068,0.0754579248765307,0.6870637181075878,42.10526315789473,-0.67644720615809,7.516239326136436,-2.170699219775254,WF,-RIDGE,T2,all,short,2002
1,1,1.64261544555182,1.4726154455518201,1.4726154455518201,100.0,1.64261544555182,1.0,,SPLIT,-RIDGE,T2,oos,short,2002
41,7,0.14523108709150828,-0.024768912908491494,0.7251296892674649,39.02439024390244,-0.75162090092272,7.991577535238347,-1.1564214067504603,WF,-RIDGE,T5,is,short,2002
9,3,-1.760696164989321,-1.930696164989321,-1.6104749927019948,44.44444444444444,-1.37430804399454,,-5.862449444602692,WF,-RIDGE,T5,oos,short,2002
50,10,-0.197835818283041,-0.36783581828304085,0.024448284676627085,40.0,-0.8695667458291552,,-1.2772763583982323,WF,-RIDGE,T5,all,short,2002
8,6,-1.6457315377721573,-1.8157315377721572,-2.4035435763711117,25.0,-2.02749890946702,,-4.40511887046632,SPLIT,-RIDGE,T5,oos,short,2002
0,0,,,,,,,,WF,-RIDGE,TE,is,short,2002
0,0,,,,,,,,WF,-RIDGE,TE,oos,short,2002
0,0,,,,,,,,WF,-RIDGE,TE,all,short,2002
0,0,,,,,,,,SPLIT,-RIDGE,TE,oos,short,2002
8,8,-0.5446054702048663,-0.7146054702048663,-0.7146054702048663,37.5,-1.3865529772700902,,-3.8086895662429336,WF,-HGBnet,top1,is,short,2002
8,8,-2.037080067609346,-2.207080067609346,-2.207080067609346,50.0,-0.04479821342871504,,-8.521663254687473,WF,-HGBnet,top1,oos,short,2002
16,16,-1.2908427689071063,-1.4608427689071062,-1.4608427689071062,43.75,-1.2139008347941151,,-3.4337484076892695,WF,-HGBnet,top1,all,short,2002
8,8,0.9455976468252649,0.7755976468252652,0.7755976468252652,75.0,1.4018460641145,2.190358643173921,-3.0016008849689997,SPLIT,-HGBnet,top1,oos,short,2002
16,8,0.6357482406270061,0.46574824062700637,0.4657482406270062,43.75,-0.764201252213225,3.538814311812011,-2.3477043374736715,WF,-HGBnet,top2,is,short,2002
16,8,-1.5605860129714557,-1.7305860129714559,-1.7305860129714554,37.5,-1.179220459709885,,-3.852737101071884,WF,-HGBnet,top2,oos,short,2002
32,16,-0.4624188861722249,-0.6324188861722246,-0.6324188861722245,40.625,-1.179220459709885,,-1.9845650567944337,WF,-HGBnet,top2,all,short,2002
16,8,-0.190677102909005,-0.3606771029090048,-0.36067710290900473,56.25,0.7745535361220249,,-2.4181709561471263,SPLIT,-HGBnet,top2,oos,short,2002
24,8,0.03624154236022286,-0.133758457639777,-0.133758457639777,45.83333333333333,-0.764201252213225,46.07962207094714,-2.0636905678320856,WF,-HGBnet,top3,is,short,2002
24,8,-1.460932025076428,-1.6309320250764276,-1.6309320250764276,45.83333333333333,-0.95353633932079,,-2.8961635747316006,WF,-HGBnet,top3,oos,short,2002
48,16,-0.7123452413581026,-0.8823452413581024,-0.8823452413581024,45.83333333333333,-0.95353633932079,,-1.7681767531379413,WF,-HGBnet,top3,all,short,2002
24,8,-0.2707820616668955,-0.44078206166689526,-0.4407820616668954,58.333333333333336,0.51330665058933,,-1.6736876232659994,SPLIT,-HGBnet,top3,oos,short,2002
40,8,0.5434101742212446,0.3734101742212445,0.3734101742212445,47.5,-0.088611918291845,2.3831804462348978,-0.8590106597347711,WF,-HGBnet,top5,is,short,2002
40,8,-0.0689390004428828,-0.2389390004428827,-0.23893900044288274,55.00000000000001,0.467100282860515,,-1.3322716599052005,WF,-HGBnet,top5,oos,short,2002
80,16,0.23723558688918098,0.06723558688918098,0.06723558688918091,51.24999999999999,0.26155775921712,3.188351635162969,-0.5537652101203048,WF,-HGBnet,top5,all,short,2002
40,8,-0.7288308875468134,-0.8988308875468134,-0.8988308875468134,47.5,-0.09701521224660001,,-1.6498308849706327,SPLIT,-HGBnet,top5,oos,short,2002
80,8,-0.2788540774472082,-0.4488540774472081,-0.4488540774472082,47.5,-0.09983552951813,,-1.0557429902307252,WF,-HGBnet,top10,is,short,2002
80,8,0.24111409344415952,0.07111409344415967,0.07111409344415973,57.49999999999999,0.53033157717364,2.425037971588788,-0.3665031878860102,WF,-HGBnet,top10,oos,short,2002
160,16,-0.01886999200152435,-0.1888699920015242,-0.18886999200152416,52.5,0.32367840290456,,-0.4166823444616258,WF,-HGBnet,top10,all,short,2002
80,8,-0.3638669181036892,-0.5338669181036889,-0.533866918103689,46.25,-0.719543979725205,,-1.0014586516630328,SPLIT,-HGBnet,top10,oos,short,2002
5,3,1.6321779873545519,1.462177987354552,2.043365454190949,60.0,2.0825283596068602,1.0000000000000002,,WF,-HGBnet,T2,is,short,2002
4,3,-1.299545384564375,-1.4695453845643744,-1.4456289392520927,50.0,-1.37129472050122,,,WF,-HGBnet,T2,oos,short,2002
9,6,0.3291898220572512,0.15918982205725143,0.29886825746942813,55.55555555555556,2.0825283596068602,6.4188372289690445,-4.013608642113438,WF,-HGBnet,T2,all,short,2002
3,3,1.0236105627024805,0.8536105627024809,0.8536105627024809,66.66666666666666,1.8413608089034201,1.0000000000000002,,SPLIT,-HGBnet,T2,oos,short,2002
20,7,0.6680320421596343,0.4980320421596342,0.5732336667293733,50.0,0.03245280425276001,2.5445925796337705,-1.375783113703154,WF,-HGBnet,T5,is,short,2002
19,3,-0.31577024437435647,-0.48577024437435595,-0.7814037377371417,57.89473684210527,0.43983754826019,,-2.551585648781817,WF,-HGBnet,T5,oos,short,2002
39,10,0.18874374871999766,0.018743748719997844,0.16684244538941884,53.84615384615385,0.21743418952675,5.648015152330052,-1.0062961280696139,WF,-HGBnet,T5,all,short,2002
13,4,1.128170506950607,0.958170506950607,1.3719713798610036,53.84615384615385,0.43983754826019,1.6295311349172827,-1.154104996883835,SPLIT,-HGBnet,T5,oos,short,2002
0,0,,,,,,,,WF,-HGBnet,TE,is,short,2002
0,0,,,,,,,,WF,-HGBnet,TE,oos,short,2002
0,0,,,,,,,,WF,-HGBnet,TE,all,short,2002
0,0,,,,,,,,SPLIT,-HGBnet,TE,oos,short,2002
8,8,3.4681046773029114,3.2981046773029115,3.2981046773029115,75.0,3.7078188923772,1.0873656354654242,-0.80798178398181,WF,ENS-,top1,is,short,2002
8,8,-0.06316809652210861,-0.2331680965221083,-0.2331680965221083,50.0,0.597878425186105,,-7.846077919244222,WF,ENS-,top1,oos,short,2002
16,16,1.7024682903904014,1.5324682903904014,1.5324682903904014,62.5,2.758463297067585,1.5188937670037639,-1.2849457227711025,WF,ENS-,top1,all,short,2002
8,8,-1.1974863346732663,-1.367486334673266,-1.367486334673266,50.0,-0.661752520834775,,-6.098320321487673,SPLIT,ENS-,top1,oos,short,2002
16,8,1.6204442760991762,1.4504442760991763,1.4504442760991765,62.5,2.747085282286215,1.3300721315359048,-0.777983267268671,WF,ENS-,top2,is,short,2002
16,8,-0.5309194115255962,-0.7009194115255959,-0.7009194115255962,43.75,-0.9989129798546301,,-3.184129757019269,WF,ENS-,top2,oos,short,2002
32,16,0.5447624322867899,0.37476243228679007,0.37476243228679024,53.125,0.8683742549801201,2.5732739728126672,-1.0157754738760647,WF,ENS-,top2,all,short,2002
16,8,-0.11079933675244691,-0.2807993367524467,-0.2807993367524468,62.5,1.2921311020470598,,-1.5771544569616571,SPLIT,ENS-,top2,oos,short,2002
24,8,1.0684295909638353,0.898429590963835,0.898429590963835,58.333333333333336,1.3191847399996248,1.353190173892006,-0.4766637890827984,WF,ENS-,top3,is,short,2002
24,8,-0.7605757739198721,-0.9305757739198718,-0.9305757739198721,41.66666666666667,-1.13448243975724,,-3.005609182377577,WF,ENS-,top3,oos,short,2002
48,16,0.15392690852198157,-0.016073091478018463,-0.01607309147801852,50.0,0.18182208376513498,7.024380263119485,-1.0351414656701297,WF,ENS-,top3,all,short,2002
24,8,0.45077907699508957,0.2807790769950896,0.2807790769950896,62.5,1.54572354559965,2.111430478065985,-0.6328542379538474,SPLIT,ENS-,top3,oos,short,2002
40,8,1.599956476559359,1.4299564765593586,1.4299564765593589,67.5,2.02037140073012,0.7594278820914852,0.4398913350026629,WF,ENS-,top5,is,short,2002
40,8,-0.6888068771329606,-0.8588068771329607,-0.8588068771329609,45.0,-0.9989129798546301,,-2.0134221731322137,WF,ENS-,top5,oos,short,2002
80,16,0.455574799713199,0.28557479971319893,0.2855747997131991,56.25,0.8565297487079,1.6186200646422695,-0.3006162261844994,WF,ENS-,top5,all,short,2002
40,8,-0.7533308042158035,-0.9233308042158033,-0.9233308042158035,50.0,0.06738671567639999,,-1.8592899106075422,SPLIT,ENS-,top5,oos,short,2002
80,8,0.39695772371975324,0.22695772371975342,0.22695772371975337,56.25,0.8381262792753851,1.5304546124536909,-0.22460592586267852,WF,ENS-,top10,is,short,2002
80,8,-0.05808985946413395,-0.22808985946413418,-0.22808985946413404,47.5,-0.37467959768012,,-1.0078910952259093,WF,ENS-,top10,oos,short,2002
160,16,0.1694339321278097,-0.000566067872190372,-0.0005660678721903546,51.87500000000001,0.550343001866875,2.8235053310492053,-0.31893024876974485,WF,ENS-,top10,all,short,2002
80,8,-1.2228079840568413,-1.3928079840568413,-1.3928079840568413,46.25,-0.20739376202832502,,-1.997984312596937,SPLIT,ENS-,top10,oos,short,2002
2,2,4.981448909342695,4.811448909342695,4.811448909342695,100.0,4.981448909342695,1.0,,WF,ENS-,T2,is,short,2002
3,1,-0.707269267152887,-0.8772692671528864,-0.8772692671528864,66.66666666666666,2.30054507006581,,,WF,ENS-,T2,oos,short,2002
5,3,1.5682180034453457,1.3982180034453462,2.915209517177501,80.0,2.3930395375530202,1.0000000000000002,,WF,ENS-,T2,all,short,2002
1,1,3.8086581480544397,3.6386581480544398,3.6386581480544398,100.0,3.8086581480544397,1.0,,SPLIT,ENS-,T2,oos,short,2002
7,2,1.423435861010127,1.2534358610101273,1.071911070467207,42.857142857142854,-0.04714247801503,1.6346435120670164,-3.1618101691176155,WF,ENS-,T5,is,short,2002
40,5,-0.2796048839748722,-0.4496048839748722,-1.2808776659025922,52.5,0.67337271948448,,-1.6972051715327758,WF,ENS-,T5,oos,short,2002
47,7,-0.02596051770051067,-0.1959605177005106,-0.6086523126540782,51.06382978723404,0.34403833182821,,-1.1838366519021835,WF,ENS-,T5,all,short,2002
3,3,-0.30835537675284996,-0.4783553767528495,-0.4783553767528495,66.66666666666666,2.30054507006581,,,SPLIT,ENS-,T5,oos,short,2002
0,0,,,,,,,,WF,ENS-,TE,is,short,2002
0,0,,,,,,,,WF,ENS-,TE,oos,short,2002
0,0,,,,,,,,WF,ENS-,TE,all,short,2002
0,0,,,,,,,,SPLIT,ENS-,TE,oos,short,2002
8,8,0.5272189442783738,0.35721894427837386,0.35721894427837386,50.0,-0.20978168250618995,3.5220415653160706,-3.5457815773123103,WF,HGBc+,top1,is,long,2003
8,8,1.3548599176551404,1.1848599176551404,1.1848599176551404,62.5,1.0552128116312403,2.2430196798499584,-4.490980109560624,WF,HGBc+,top1,oos,long,2003
16,16,0.9410394309667568,0.7710394309667575,0.7710394309667575,56.25,0.479749184867275,2.4024979224835548,-1.9197175954996117,WF,HGBc+,top1,all,long,2003
8,8,-1.4687806977892075,-1.6387806977892074,-1.6387806977892074,50.0,-0.717000182222535,,-6.409254459397194,SPLIT,HGBc+,top1,oos,long,2003
16,8,-1.0726278221908307,-1.2426278221908307,-1.2426278221908307,43.75,-1.26374759499053,,-4.471203929248123,WF,HGBc+,top2,is,long,2003
16,8,1.8894813097741447,1.7194813097741446,1.7194813097741444,68.75,1.40212082427053,1.1296512450023446,-0.35632524250309616,WF,HGBc+,top2,oos,long,2003
32,16,0.40842674379165694,0.2384267437916569,0.23842674379165696,56.25,0.41140327804795995,3.300922883994242,-1.1137877821931577,WF,HGBc+,top2,all,long,2003
16,8,0.5762681582699094,0.4062681582699096,0.4062681582699095,56.25,0.91613500974887,3.6271868858169087,-2.2021296699935546,SPLIT,HGBc+,top2,oos,long,2003
24,8,0.15047901108439604,-0.01952098891560399,-0.0195209889156037,58.333333333333336,0.9483481382534301,11.126982242389435,-1.9249241344471597,WF,HGBc+,top3,is,long,2003
24,8,0.4830101970620043,0.31301019706200445,0.3130101970620044,54.166666666666664,0.32347753095224,2.9460453450440953,-1.187317573391172,WF,HGBc+,top3,oos,long,2003
48,16,0.31674460407320004,0.14674460407320028,0.14674460407320028,56.25,0.5258211178145751,2.936282165021637,-0.6846216867725884,WF,HGBc+,top3,all,long,2003
24,8,0.30143049298413077,0.13143049298413084,0.13143049298413087,45.83333333333333,-1.31245626373738,6.015798581702724,-1.9097869126632712,SPLIT,HGBc+,top3,oos,long,2003
40,8,0.15405962646059973,-0.015940373539400643,-0.015940373539400417,52.5,0.33570789075863,8.53368509652217,-1.3264419563908487,WF,HGBc+,top5,is,long,2003
40,8,-1.330034080429655,-1.500034080429655,-1.5000340804296548,47.5,-0.68564730982186,,-2.4957897668887594,WF,HGBc+,top5,oos,long,2003
80,16,-0.5879872269845278,-0.7579872269845275,-0.7579872269845276,50.0,-0.024883492013120005,,-1.3463803793383051,WF,HGBc+,top5,all,long,2003
40,8,0.6508081077594694,0.4808081077594695,0.48080810775946936,50.0,0.18116800178659997,2.0044070072918623,-0.7470585415268212,SPLIT,HGBc+,top5,oos,long,2003
80,8,0.14702554981420288,-0.022974450185796885,-0.022974450185796972,55.00000000000001,0.58677966402948,4.50161599656187,-0.5491488182748978,WF,HGBc+,top10,is,long,2003
80,8,-0.34076364232532214,-0.5107636423253219,-0.5107636423253219,52.5,0.330272660098645,,-1.2370908394424118,WF,HGBc+,top10,oos,long,2003
160,16,-0.09686904625555963,-0.26686904625555935,-0.2668690462555595,53.75,0.43908983446597,,-0.6005769959477802,WF,HGBc+,top10,all,long,2003
80,8,0.9420718293774148,0.7720718293774149,0.7720718293774149,53.75,0.59413474159167,0.8721218006385466,0.1285018124905965,SPLIT,HGBc+,top10,oos,long,2003
2,2,3.18277744691111,3.01277744691111,3.01277744691111,50.0,3.18277744691111,1.0,,WF,HGBc+,T2,is,long,2003
4,2,1.3707950648931704,1.2007950648931704,1.2007950648931702,50.0,0.646410492458165,0.9999999999999998,,WF,HGBc+,T2,oos,long,2003
6,4,1.9747891922324832,1.8047891922324835,2.10678625590214,50.0,2.1385361677715298,1.3832158208902257,-4.5406227683191,WF,HGBc+,T2,all,long,2003
2,2,-3.25809472327072,-3.42809472327072,-3.42809472327072,50.0,-3.25809472327072,,,SPLIT,HGBc+,T2,oos,long,2003
33,7,0.4847845687143961,0.314784568714396,-1.0401937526862082,63.63636363636363,0.9636557781999899,2.4270887072742946,-0.81537175909336,WF,HGBc+,T5,is,long,2003
22,6,1.0710835683340276,0.901083568334028,2.54762668693286,50.0,-0.33663687734163994,1.7966649417637082,-1.1042637664117438,WF,HGBc+,T5,oos,long,2003
55,13,0.7193041685622488,0.5493041685622487,0.6157233732918234,58.18181818181818,0.59416702463389,1.3212553434464094,-0.2541883384852892,WF,HGBc+,T5,all,long,2003
11,6,0.1969979115273118,0.026997911527311905,0.46299237076430644,54.54545454545454,0.7731226491184999,9.080389244186282,-2.9183363099594932,SPLIT,HGBc+,T5,oos,long,2003
0,0,,,,,,,,WF,HGBc+,TE,is,long,2003
0,0,,,,,,,,WF,HGBc+,TE,oos,long,2003
0,0,,,,,,,,WF,HGBc+,TE,all,long,2003
0,0,,,,,,,,SPLIT,HGBc+,TE,oos,long,2003
8,8,0.9057460134955314,0.7357460134955314,0.7357460134955314,62.5,0.832107088044515,2.3868577953958208,-3.3497091185732435,WF,RFc+,top1,is,long,2003
8,8,1.8241557159923774,1.6541557159923777,1.6541557159923777,75.0,1.64554557140794,1.691848761971285,-3.365439663339117,WF,RFc+,top1,oos,long,2003
16,16,1.3649508647439543,1.1949508647439548,1.1949508647439548,68.75,0.911577347284975,1.6042299506667346,-1.1996279180607363,WF,RFc+,top1,all,long,2003
8,8,-1.1104219403028075,-1.2804219403028076,-1.2804219403028076,50.0,0.21197801554773998,,-5.440620518104996,SPLIT,RFc+,top1,oos,long,2003
16,8,0.12211980712724313,-0.0478801928727568,-0.0478801928727568,50.0,0.19245254722413002,14.01068509619291,-2.311072515695091,WF,RFc+,top2,is,long,2003
16,8,1.749498013940603,1.5794980139406036,1.5794980139406036,62.5,1.0326881056194,1.5450561238568148,-1.38701760897987,WF,RFc+,top2,oos,long,2003
32,16,0.935808910533923,0.7658089105339232,0.7658089105339233,56.25,0.67363728387435,1.6205683202681507,-0.688276579202376,WF,RFc+,top2,all,long,2003
16,8,-1.44892008433851,-1.6189200843385099,-1.6189200843385099,43.75,-0.31889953695271,,-3.622083880285734,SPLIT,RFc+,top2,oos,long,2003
24,8,0.8515617878281756,0.6815617878281753,0.6815617878281754,54.166666666666664,0.832107088044515,1.9856569107952649,-1.060228750916226,WF,RFc+,top3,is,long,2003
24,8,0.5064390530563483,0.33643905305634836,0.33643905305634836,58.333333333333336,1.0326881056194,4.433420392284586,-2.196401901742688,WF,RFc+,top3,oos,long,2003
48,16,0.6790004204422619,0.5090004204422619,0.509000420442262,56.25,0.911577347284975,1.8788957029621125,-0.6661624764682846,WF,RFc+,top3,all,long,2003
24,8,-0.3293886477206045,-0.49938864772060443,-0.49938864772060426,41.66666666666667,-0.36961604646866497,,-2.4652053722896907,SPLIT,RFc+,top3,oos,long,2003
40,8,0.5547685761786347,0.3847685761786348,0.38476857617863486,52.5,0.832107088044515,2.1634628009717156,-0.73766011603644,WF,RFc+,top5,is,long,2003
40,8,0.7361410245427922,0.566141024542792,0.5661410245427921,55.00000000000001,1.0326881056194,1.9601870760063225,-0.8078092547246195,WF,RFc+,top5,oos,long,2003
80,16,0.6454548003607136,0.4754548003607135,0.4754548003607135,53.75,0.911577347284975,1.2309706159131033,-0.1590198323022754,WF,RFc+,top5,all,long,2003
40,8,0.3637973238198089,0.19379732381980905,0.19379732381980913,47.5,-0.045679140796445,3.513517311578125,-1.0450409958021516,SPLIT,RFc+,top5,oos,long,2003
80,8,0.5827132210459561,0.41271322104595654,0.4127132210459564,56.25,0.785150794357735,1.2760441492035741,-0.17157821368885876,WF,RFc+,top10,is,long,2003
80,8,1.029307260993403,0.8593072609934033,0.8593072609934034,58.75,1.062670314415165,1.019307971171731,-0.021198757250254774,WF,RFc+,top10,oos,long,2003
160,16,0.8060102410196797,0.63601024101968,0.6360102410196797,57.49999999999999,0.8980575798890899,0.6725869363162554,0.27241113019120183,WF,RFc+,top10,all,long,2003
80,8,0.7736800817621274,0.6036800817621275,0.6036800817621275,52.5,0.41109589626810006,1.0133091193201849,-0.010983467225410787,SPLIT,RFc+,top10,oos,long,2003
22,4,0.4828418044372215,0.3128418044372215,0.45388174742827714,54.54545454545454,0.70879220468962,3.0623505232913413,-1.2886681798268746,WF,RFc+,T2,is,long,2003
39,7,1.6670956759307403,1.49709567593074,2.863487122712313,53.84615384615385,0.75310754311481,1.1615102401524287,-0.3088490557673327,WF,RFc+,T2,oos,long,2003
61,11,1.23998772227734,1.06998772227734,1.9872669862453909,54.09836065573771,0.75310754311481,0.9983916842138642,0.00217235359874204,WF,RFc+,T2,all,long,2003
27,6,1.188043780389649,1.0180437803896496,1.7231556298188857,48.148148148148145,0.15597817874121,2.02194463262508,-1.4900501839411773,SPLIT,RFc+,T2,oos,long,2003
48,7,0.18056432653288662,0.010564326532886668,-0.6538145277327172,45.83333333333333,-0.18081386489888998,5.629085983824809,-0.9330393969847276,WF,RFc+,T5,is,long,2003
94,8,1.3668521077411755,1.1968521077411758,2.083299149674203,54.25531914893617,0.40561363198327005,0.6682396038185672,0.4789430932342705,WF,RFc+,T5,oos,long,2003
142,15,0.9658534211355566,0.7958534211355568,0.8059794335509737,51.40845070422535,0.263184033795045,0.6601163069054824,0.34025877038263436,WF,RFc+,T5,all,long,2003
73,8,0.589872404453622,0.4198724044536224,0.8850715953227707,46.57534246575342,-0.2473364603341,1.8132865297670604,-0.5150099338251616,SPLIT,RFc+,T5,oos,long,2003
0,0,,,,,,,,WF,RFc+,TE,is,long,2003
0,0,,,,,,,,WF,RFc+,TE,oos,long,2003
0,0,,,,,,,,WF,RFc+,TE,all,long,2003
0,0,,,,,,,,SPLIT,RFc+,TE,oos,long,2003
8,8,1.4199230103579386,1.2499230103579386,1.2499230103579386,50.0,0.6500785838102899,1.7326945585981335,-2.7743196355134465,WF,ETc+,top1,is,long,2003
8,8,-2.7226282794287098,-2.8926282794287097,-2.8926282794287097,50.0,-0.6595649908085851,,-10.66089924529812,WF,ETc+,top1,oos,long,2003
16,16,-0.6513526345353855,-0.8213526345353855,-0.8213526345353855,50.0,0.030089583144789992,,-3.4307905108858887,WF,ETc+,top1,all,long,2003
8,8,0.05706849694309393,-0.112931503056906,-0.112931503056906,50.0,-0.593425586684605,28.51514215135613,-4.187327482009233,SPLIT,ETc+,top1,oos,long,2003
16,8,3.504757412477398,3.3347574124773987,3.3347574124773987,68.75,2.563083942612735,0.9027225323024808,0.49590389233441623,WF,ETc+,top2,is,long,2003
16,8,-0.5551468430318849,-0.725146843031885,-0.7251468430318849,43.75,0.021619254639895,,-3.5888250571171425,WF,ETc+,top2,oos,long,2003
32,16,1.4748052847227566,1.3048052847227567,1.304805284722757,56.25,1.69389855660135,1.14502796912427,-0.25349690701876404,WF,ETc+,top2,all,long,2003
16,8,1.0696010235355922,0.8996010235355921,0.8996010235355921,62.5,0.91350854952533,1.722152026263224,-1.1235120675482853,SPLIT,ETc+,top2,oos,long,2003
24,8,1.8335827511259146,1.6635827511259142,1.6635827511259145,58.333333333333336,1.056336073480285,1.1503247706545146,-0.3481678819440974,WF,ETc+,top3,is,long,2003
24,8,-0.6965904561138038,-0.8665904561138039,-0.8665904561138039,37.5,-0.21655800560235,,-2.4901524782373525,WF,ETc+,top3,oos,long,2003
48,16,0.5684961475060553,0.3984961475060553,0.39849614750605544,47.91666666666667,0.143927731722165,1.9803045953527203,-0.6221016400080045,WF,ETc+,top3,all,long,2003
24,8,0.9515467077240625,0.7815467077240629,0.7815467077240627,62.5,0.91350854952533,1.3037263641349064,-0.36506503811566726,SPLIT,ETc+,top3,oos,long,2003
40,8,1.607378284649913,1.4373782846499137,1.4373782846499137,62.5,1.4472417938489501,0.7882352946675661,0.3890125586361624,WF,ETc+,top5,is,long,2003
40,8,0.18574185097299073,0.015741850972990634,0.015741850972990877,40.0,-0.31011253537543,6.919481947606623,-1.2565663242853236,WF,ETc+,top5,oos,long,2003
80,16,0.8965600678114518,0.7265600678114522,0.7265600678114522,51.24999999999999,0.51291338754676,0.867327841587045,0.1268784632996381,WF,ETc+,top5,all,long,2003
40,8,0.37522716835593806,0.20522716835593816,0.20522716835593818,50.0,0.254864111145975,2.217984220733123,-0.5223094517118897,SPLIT,ETc+,top5,oos,long,2003
80,8,0.746475814769057,0.5764758147690572,0.5764758147690572,56.25,0.59051130576443,0.9279036359621065,0.05740607155954456,WF,ETc+,top10,is,long,2003
80,8,-0.03869191215107131,-0.20869191215107114,-0.20869191215107122,42.5,-0.41777511238171,,-0.8760709895033032,WF,ETc+,top10,oos,long,2003
160,16,0.3538919513089928,0.18389195130899302,0.18389195130899294,49.375,0.143927731722165,1.1850040742223604,-0.06758343517591232,WF,ETc+,top10,all,long,2003
80,8,0.574133569751122,0.4041335697511221,0.4041335697511221,53.75,0.471068128737315,1.2939286487445214,-0.18000459131286997,SPLIT,ETc+,top10,oos,long,2003
33,6,0.28973969981995634,0.11973969981995648,1.3478347258551253,51.515151515151516,0.8234173847453501,3.52708677436608,-0.8629468926066329,WF,ETc+,T2,is,long,2003
60,6,0.4000857413087171,0.23008574130871726,0.3943242794221336,46.666666666666664,-0.11181727313965,2.0300319747388467,-0.449564843110989,WF,ETc+,T2,oos,long,2003
93,12,0.36093069432883423,0.19093069432883436,0.8710795026386294,48.38709677419355,-0.0396620035691,1.4517787562692805,-0.17232563951188462,WF,ETc+,T2,all,long,2003
69,8,1.0505926741570772,0.8805926741570775,0.32432008447819866,56.52173913043478,0.75310754311481,0.7725828830718712,0.2575885974150075,SPLIT,ETc+,T2,oos,long,2003
82,8,0.8108072469294239,0.6408072469294239,1.1337114570729743,53.65853658536586,0.86074121406429,0.8682912482838923,0.11372485260762019,WF,ETc+,T5,is,long,2003
150,7,-0.03295858466437799,-0.20295858466437794,-0.3982024854826707,47.333333333333336,-0.13238476965661503,,-0.4792455257808188,WF,ETc+,T5,oos,long,2003
232,15,0.2652689937437761,0.09526899374377627,0.4188182838803399,49.56896551724138,0.060599320651855,1.1141082149820216,-0.030936097607724995,WF,ETc+,T5,all,long,2003
185,8,0.33889344250045883,0.16889344250045896,0.16374814570001378,48.10810810810811,0.01730730539686,1.1316791642146653,-0.045864794301465985,SPLIT,ETc+,T5,oos,long,2003
0,0,,,,,,,,WF,ETc+,TE,is,long,2003
0,0,,,,,,,,WF,ETc+,TE,oos,long,2003
0,0,,,,,,,,WF,ETc+,TE,all,long,2003
0,0,,,,,,,,SPLIT,ETc+,TE,oos,long,2003
8,8,-0.11258290108418761,-0.2825829010841876,-0.2825829010841876,50.0,-1.2284994340266,,-5.703556569711344,WF,LR+,top1,is,long,2003
8,8,-0.8780157375525174,-1.0480157375525174,-1.0480157375525174,37.5,-2.28650676069287,,-4.06210094813147,WF,LR+,top1,oos,long,2003
16,16,-0.4952993193183526,-0.6652993193183525,-0.6652993193183525,43.75,-2.025495658491025,,-3.2601110203013697,WF,LR+,top1,all,long,2003
8,8,-2.756591457360954,-2.9265914573609537,-2.9265914573609537,50.0,-1.7659018751554147,,-7.093034656061816,SPLIT,LR+,top1,oos,long,2003
16,8,1.1658736384920456,0.9958736384920456,0.9958736384920456,68.75,0.63530711539599,1.81601778611139,-1.3838161823533237,WF,LR+,top2,is,long,2003
16,8,0.3195684110255459,0.14956841102554555,0.1495684110255458,50.0,-0.4172465562216499,6.16584323187819,-2.4012222737721958,WF,LR+,top2,oos,long,2003
32,16,0.7427210247587958,0.5727210247587955,0.5727210247587955,59.375,0.53938530575332,2.1130516135039836,-0.979776989619093,WF,LR+,top2,all,long,2003
16,8,-2.6438305626205216,-2.8138305626205216,-2.813830562620522,31.25,-2.683630983945025,,-4.455633671599645,SPLIT,LR+,top2,oos,long,2003
24,8,2.0384884091546738,1.868488409154674,1.868488409154674,66.66666666666666,0.873247178806615,1.0237655538294053,-0.06119470233901116,WF,LR+,top3,is,long,2003
24,8,-0.7733773851494061,-0.9433773851494063,-0.9433773851494063,41.66666666666667,-1.9535860489780499,,-2.8759863774953507,WF,LR+,top3,oos,long,2003
48,16,0.6325555120026338,0.46255551200263384,0.46255551200263406,54.166666666666664,0.47518365326253004,1.923722271511925,-0.6522481277073061,WF,LR+,top3,all,long,2003
24,8,-1.9557413057880062,-2.125741305788006,-2.125741305788006,37.5,-2.17566192092308,,-3.295877157837037,SPLIT,LR+,top3,oos,long,2003
40,8,0.6648754332752452,0.4948754332752452,0.49487543327524536,52.5,0.38916960185299504,1.9571777558270607,-0.7273188287165069,WF,LR+,top5,is,long,2003
40,8,-1.2455697663434662,-1.4155697663434663,-1.4155697663434663,37.5,-2.44538009890096,,-2.712167770614139,WF,LR+,top5,oos,long,2003
80,16,-0.2903471665341105,-0.4603471665341104,-0.46034716653411045,45.0,-0.5667875151303,,-1.1336612592181523,WF,LR+,top5,all,long,2003
40,8,-1.0310738052419832,-1.2010738052419832,-1.2010738052419832,42.5,-1.7804044531438898,,-2.0312219519932406,SPLIT,LR+,top5,oos,long,2003
80,8,0.3768459077335059,0.2068459077335059,0.20684590773350592,51.24999999999999,0.36987145939799,1.9027001991737253,-0.3628574677000952,WF,LR+,top10,is,long,2003
80,8,-0.3599220085332532,-0.5299220085332533,-0.5299220085332531,41.25,-1.33034192639985,,-1.2780476070884372,WF,LR+,top10,oos,long,2003
160,16,0.008461949600126369,-0.1615380503998737,-0.16153805039987362,46.25,-0.32660867675960503,57.43974320091617,-0.4929963999073318,WF,LR+,top10,all,long,2003
80,8,-0.6685103070743703,-0.8385103070743702,-0.83851030707437,40.0,-1.654032630256005,,-1.530115896520525,SPLIT,LR+,top10,oos,long,2003
10,4,-0.11219004179356816,-0.28219004179356805,-1.8622716361165728,50.0,0.35109068978589497,,-3.2873008879373127,WF,LR+,T2,is,long,2003
14,3,-2.268245754992506,-2.4382457549925056,-1.8350485482443901,50.0,-0.69688132451477,,-6.026757976823941,WF,LR+,T2,oos,long,2003
24,7,-1.3698892078262814,-1.5398892078262816,-1.8506045984570656,50.0,0.04894897388447999,,-3.162893341885234,WF,LR+,T2,all,long,2003
0,0,,,,,,,,SPLIT,LR+,T2,oos,long,2003
26,6,2.081718948376613,1.911718948376613,3.709389150220871,69.23076923076923,1.48147295673935,0.8656829138754624,0.3461843335800367,WF,LR+,T5,is,long,2003
65,5,-0.11468644570222142,-0.28468644570222146,0.47439363832260695,44.61538461538462,-0.5373570869357,,-0.9185704530771635,WF,LR+,T5,oos,long,2003
91,11,0.5128579526060169,0.34285795260601704,2.238936644812569,51.64835164835166,0.48460358687275,1.2317660955118765,-0.1257737297176946,WF,LR+,T5,all,long,2003
21,3,-1.7971212768023186,-1.9671212768023187,-1.4116512881658239,38.095238095238095,-2.3862288613683202,,-3.419656511087268,SPLIT,LR+,T5,oos,long,2003
0,0,,,,,,,,WF,LR+,TE,is,long,2003
0,0,,,,,,,,WF,LR+,TE,oos,long,2003
0,0,,,,,,,,WF,LR+,TE,all,long,2003
0,0,,,,,,,,SPLIT,LR+,TE,oos,long,2003
8,8,0.0381147922273074,-0.1318852077726926,-0.1318852077726926,50.0,0.483905181058385,36.12447862357563,-3.5700325462135605,WF,HGBr,top1,is,long,2003
8,8,0.9131431481269162,0.7431431481269166,0.7431431481269166,62.5,1.50187365967669,3.1597522815800065,-5.259101326870019,WF,HGBr,top1,oos,long,2003
16,16,0.4756289701771119,0.3056289701771117,0.3056289701771117,56.25,0.767905435553725,3.682821029495545,-1.8560398595323127,WF,HGBr,top1,all,long,2003
8,8,0.21875830521385625,0.04875830521385649,0.04875830521385649,50.0,0.572310382442645,10.89711659300089,-5.773537206370161,SPLIT,HGBr,top1,oos,long,2003
16,8,-1.023944164841805,-1.193944164841805,-1.1939441648418048,43.75,-0.155749359762,,-2.6184444231944872,WF,HGBr,top2,is,long,2003
16,8,-0.22430060639424118,-0.394300606394241,-0.3943006063942411,50.0,-0.316917058074295,,-3.174712802300153,WF,HGBr,top2,oos,long,2003
32,16,-0.6241223856180231,-0.794122385618023,-0.7941223856180228,46.875,-0.155749359762,,-1.9964575943393768,WF,HGBr,top2,all,long,2003
16,8,0.3082976894860997,0.13829768948610022,0.13829768948610027,43.75,-1.213907732921875,7.074150050653743,-2.723849347212254,SPLIT,HGBr,top2,oos,long,2003
24,8,-0.3790029185822537,-0.5490029185822536,-0.5490029185822537,41.66666666666667,-0.44936914297996,,-1.971345842596093,WF,HGBr,top3,is,long,2003
24,8,-0.050576894428933844,-0.22057689442893366,-0.22057689442893363,41.66666666666667,-0.9387280487006499,,-2.577100489443195,WF,HGBr,top3,oos,long,2003
48,16,-0.2147899065055939,-0.38478990650559347,-0.38478990650559347,41.66666666666667,-0.733667308687345,,-1.3751130482882927,WF,HGBr,top3,all,long,2003
24,8,0.692903894579689,0.5229038945796893,0.5229038945796894,45.83333333333333,-0.577049451450155,2.671502356210817,-1.4629774641064444,SPLIT,HGBr,top3,oos,long,2003
40,8,-0.3218502056151995,-0.4918502056151994,-0.49185020561519943,42.5,-0.54335950448516,,-1.3042856533832894,WF,HGBr,top5,is,long,2003
40,8,0.16894573636896051,-0.0010542636310394843,-0.0010542636310392067,42.5,-0.9387280487006499,7.290221066745757,-1.214521177194183,WF,HGBr,top5,oos,long,2003
80,16,-0.07645223462311948,-0.2464522346231194,-0.2464522346231195,42.5,-0.733667308687345,,-0.7384299923520586,WF,HGBr,top5,all,long,2003
40,8,-0.5233782825402775,-0.6933782825402771,-0.6933782825402771,42.5,-0.9387280487006499,,-1.8674684739870309,SPLIT,HGBr,top5,oos,long,2003
80,8,-0.6157839665411708,-0.7857839665411707,-0.7857839665411707,45.0,-0.16398603064356,,-1.1901680209187189,WF,HGBr,top10,is,long,2003
80,8,0.5139227378949864,0.3439227378949865,0.34392273789498656,50.0,0.21116401975924498,1.4871733476871507,-0.26706075805103646,WF,HGBr,top10,oos,long,2003
160,16,-0.05093061432309223,-0.22093061432309205,-0.22093061432309197,47.5,-0.08171591495504,,-0.45834394543101337,WF,HGBr,top10,all,long,2003
80,8,-0.8299637901900827,-0.9999637901900825,-0.9999637901900825,40.0,-1.101639970030375,,-1.5674276399859757,SPLIT,HGBr,top10,oos,long,2003
1,1,1.07004715145514,0.9000471514551399,0.9000471514551399,100.0,1.07004715145514,1.0,,WF,HGBr,T2,is,long,2003
3,3,1.4110627548736967,1.2410627548736972,1.2410627548736972,66.66666666666666,8.73098204297545,1.0,,WF,HGBr,T2,oos,long,2003
4,4,1.3258088540190578,1.155808854019058,1.155808854019058,75.0,4.900514597215295,0.9999999999999998,,WF,HGBr,T2,all,long,2003
0,0,,,,,,,,SPLIT,HGBr,T2,oos,long,2003
17,6,-0.7602203050153793,-0.9302203050153794,-1.1378918776381588,35.294117647058826,-1.07530386790966,,-2.606522829536297,WF,HGBr,T5,is,long,2003
12,7,-0.33777969429054144,-0.5077796942905414,-0.5427281882523419,41.66666666666667,-1.19315224871071,,-4.636103845251498,WF,HGBr,T5,oos,long,2003
29,13,-0.585417293680964,-0.7554172936809636,-0.8174191218150266,37.93103448275862,-1.0995978358009,,-2.2191727568042543,WF,HGBr,T5,all,long,2003
7,5,0.9568128006376917,0.7868128006376917,1.0140776208776034,42.857142857142854,-1.10368210425985,2.0015307690517674,-3.35397111021435,SPLIT,HGBr,T5,oos,long,2003
0,0,,,,,,,,WF,HGBr,TE,is,long,2003
0,0,,,,,,,,WF,HGBr,TE,oos,long,2003
0,0,,,,,,,,WF,HGBr,TE,all,long,2003
0,0,,,,,,,,SPLIT,HGBr,TE,oos,long,2003
8,8,-1.5491413786189603,-1.7191413786189598,-1.7191413786189598,37.5,-2.31558894899268,,-4.441612963359947,WF,RIDGE,top1,is,long,2003
8,8,1.4478505415944087,1.2778505415944088,1.2778505415944088,62.5,2.1675725580716403,2.6800200076728165,-6.486447674662747,WF,RIDGE,top1,oos,long,2003
16,16,-0.050645418512275386,-0.22064541851227557,-0.22064541851227557,50.0,-0.8556271270347751,,-3.1429092871243713,WF,RIDGE,top1,all,long,2003
8,8,-1.0439932629167814,-1.2139932629167813,-1.2139932629167813,37.5,-1.6570786100904251,,-5.06386527517238,SPLIT,RIDGE,top1,oos,long,2003
16,8,0.339686931766228,0.16968693176622804,0.16968693176622804,43.75,-1.15782483418564,6.1371396540221665,-2.5382097558245995,WF,RIDGE,top2,is,long,2003
16,8,2.0834332480730477,1.9134332480730476,1.913433248073048,50.0,-0.4172465562216499,1.6198981834196986,-1.8785694338279062,WF,RIDGE,top2,oos,long,2003
32,16,1.2115600899196377,1.041560089919638,1.041560089919638,46.875,-1.0329830452364301,1.5956217835620652,-0.8552670597339854,WF,RIDGE,top2,all,long,2003
16,8,-0.6973253853910919,-0.8673253853910915,-0.8673253853910916,31.25,-2.030773058679745,,-4.316390987758437,SPLIT,RIDGE,top2,oos,long,2003
24,8,0.646581447616941,0.47658144761694116,0.4765814476169413,45.83333333333333,-0.30325229169083,2.427968421989485,-1.1662710182415663,WF,RIDGE,top3,is,long,2003
24,8,1.4029281583842332,1.232928158384233,1.232928158384233,54.166666666666664,0.530387419485265,1.6566200752577218,-1.1636094226603357,WF,RIDGE,top3,oos,long,2003
48,16,1.024754803000587,0.8547548030005871,0.8547548030005871,50.0,0.12825089473334,1.262111600070279,-0.29983269331444146,WF,RIDGE,top3,all,long,2003
24,8,-1.4660206441429646,-1.6360206441429646,-1.6360206441429648,33.33333333333333,-2.054739088910985,,-4.160009701652138,SPLIT,RIDGE,top3,oos,long,2003
40,8,-0.5170868137298329,-0.6870868137298326,-0.6870868137298326,45.0,-0.50185457609884,,-1.8417993707657492,WF,RIDGE,top5,is,long,2003
40,8,1.4033290515756576,1.2333290515756574,1.2333290515756574,52.5,0.530387419485265,0.9936880941989243,0.010123063750237684,WF,RIDGE,top5,oos,long,2003
80,16,0.44312111892291217,0.2731211189229125,0.27312111892291235,48.75,-0.165869054276715,1.7512434441019367,-0.35508462456954915,WF,RIDGE,top5,all,long,2003
40,8,0.34012958188867004,0.17012958188867022,0.17012958188867008,45.0,-1.33034192639985,4.429109571131792,-1.3329618339194205,SPLIT,RIDGE,top5,oos,long,2003
80,8,-0.1868409921477593,-0.35684099214775916,-0.3568409921477592,47.5,-0.18457130779084,,-1.0407405364261064,WF,RIDGE,top10,is,long,2003
80,8,-0.10805161435687434,-0.2780516143568742,-0.2780516143568742,45.0,-0.37373229520369494,,-0.8589731197375722,WF,RIDGE,top10,oos,long,2003
160,16,-0.14744630325231683,-0.3174463032523167,-0.3174463032523168,46.25,-0.25321589234349,,-0.6003730781416836,WF,RIDGE,top10,all,long,2003
80,8,-0.6446357121069514,-0.8146357121069515,-0.8146357121069515,46.25,-1.0958419684999599,,-1.4910627257504352,SPLIT,RIDGE,top10,oos,long,2003
93,8,0.002213107205156008,-0.1677868927948439,-0.5554453669172421,47.31182795698925,-0.39724265319602997,263.6779045505159,-0.6143647247412578,WF,RIDGE,T2,is,long,2003
34,6,-0.15485668019161278,-0.32485668019161246,2.0162792943325347,47.05882352941176,-0.6149954062227001,,-1.7812587175218144,WF,RIDGE,T2,oos,long,2003
127,14,-0.03983707209791585,-0.2098370720979158,0.5467223450469478,47.24409448818898,-0.5373570869357,,-0.5200070130239066,WF,RIDGE,T2,all,long,2003
45,8,0.03616908576852574,-0.13383091423147406,-1.1207608797236488,44.44444444444444,-1.15312503646021,32.259236759132,-1.27194526732466,SPLIT,RIDGE,T2,oos,long,2003
174,8,0.24344074205711436,0.0734407420571144,-0.2467660240017366,51.724137931034484,0.26679890460280503,1.6859219126541352,-0.1719216157236557,WF,RIDGE,T5,is,long,2003
86,7,-0.14163651009573153,-0.31163651009573134,0.035615034095130636,44.18604651162791,-0.6359074187448099,,-0.8975014457435898,WF,RIDGE,T5,oos,long,2003
260,15,0.11606903557578839,-0.053930964424211504,-0.11498819688986522,49.23076923076923,-0.00415284741441,2.4213436907559682,-0.16820877555302713,WF,RIDGE,T5,all,long,2003
122,8,0.663060247467987,0.4930602474679872,-0.5689450478373288,51.63934426229508,0.461312083543925,0.7921927728391914,0.1436771179398257,SPLIT,RIDGE,T5,oos,long,2003
0,0,,,,,,,,WF,RIDGE,TE,is,long,2003
0,0,,,,,,,,WF,RIDGE,TE,oos,long,2003
0,0,,,,,,,,WF,RIDGE,TE,all,long,2003
0,0,,,,,,,,SPLIT,RIDGE,TE,oos,long,2003
8,8,-0.18299048878871738,-0.3529904887887173,-0.3529904887887173,50.0,-0.278127589325505,,-4.446766831565417,WF,HGBnet,top1,is,long,2003
8,8,-4.120546402007228,-4.290546402007229,-4.290546402007229,25.0,-2.0437160215045544,,-14.426956087653728,WF,HGBnet,top1,oos,long,2003
16,16,-2.151768445397973,-2.321768445397973,-2.321768445397973,37.5,-1.26374759499053,,-5.607386647952197,WF,HGBnet,top1,all,long,2003
8,8,-0.7479048576712324,-0.9179048576712324,-0.9179048576712324,50.0,-0.717000182222535,,-5.0913345412354625,SPLIT,HGBnet,top1,oos,long,2003
16,8,-0.22821180165335558,-0.39821180165335546,-0.39821180165335546,50.0,-0.278127589325505,,-2.932527271784723,WF,HGBnet,top2,is,long,2003
16,8,0.3403807023876191,0.1703807023876191,0.1703807023876191,50.0,1.0859424019002901,8.226166708426932,-3.577669381504566,WF,HGBnet,top2,oos,long,2003
32,16,0.05608445036713178,-0.11391554963286832,-0.11391554963286807,50.0,0.020539031419319984,26.091967863982024,-1.6678746385554555,WF,HGBnet,top2,all,long,2003
16,8,0.17819135227235933,0.0081913522723593,0.008191352272359387,56.25,0.68595500797099,8.787514789595674,-2.0184258781077102,SPLIT,HGBnet,top2,oos,long,2003
24,8,-0.5949075856089276,-0.7649075856089274,-0.7649075856089274,54.166666666666664,0.33570789075863,,-2.470407124109482,WF,HGBnet,top3,is,long,2003
24,8,0.5525890391844636,0.38258903918446346,0.38258903918446385,54.166666666666664,1.5710930850326001,3.378072073602738,-1.6599114470697371,WF,HGBnet,top3,oos,long,2003
48,16,-0.02115927321223223,-0.19115927321223203,-0.19115927321223192,54.166666666666664,0.5258211178145751,,-1.113122606578058,WF,HGBnet,top3,all,long,2003
24,8,0.9781534653476904,0.8081534653476904,0.8081534653476906,62.5,0.92670510022748,1.515384635547485,-0.6367898112602888,SPLIT,HGBnet,top3,oos,long,2003
40,8,-0.16893198620438535,-0.33893198620438525,-0.33893198620438514,55.00000000000001,0.5258211178145751,,-1.4566858194217889,WF,HGBnet,top5,is,long,2003
40,8,0.9808457512418852,0.8108457512418856,0.8108457512418855,57.49999999999999,1.185708019251615,1.7107663209475426,-0.7967452868882547,WF,HGBnet,top5,oos,long,2003
80,16,0.40595688251874995,0.2359568825187501,0.2359568825187501,56.25,1.018623291136155,2.345929009706761,-0.5828150878635785,WF,HGBnet,top5,all,long,2003
40,8,1.9826448898632105,1.812644889863211,1.8126448898632106,65.0,1.018623291136155,0.7969102544104927,0.4601769671733216,SPLIT,HGBnet,top5,oos,long,2003
80,8,0.28119692320383627,0.11119692320383627,0.1111969232038362,53.75,0.676438975731435,2.494845726533714,-0.44836908689672933,WF,HGBnet,top10,is,long,2003
80,8,0.3063339416679392,0.13633394166793936,0.1363339416679395,55.00000000000001,0.5231712818977,3.0299554373733844,-0.6633005339102443,WF,HGBnet,top10,oos,long,2003
160,16,0.2937654324358877,0.12376543243588782,0.1237654324358879,54.37499999999999,0.591824570496875,1.8491904710093714,-0.2575099932247774,WF,HGBnet,top10,all,long,2003
80,8,0.8646332782747117,0.6946332782747117,0.6946332782747117,53.75,0.675947454969145,0.9577976134544913,0.03892222701851701,SPLIT,HGBnet,top10,oos,long,2003
5,3,-1.1629519511242803,-1.3329519511242802,-1.3080816908779451,40.0,-1.01373038964627,,,WF,HGBnet,T2,is,long,2003
4,2,-0.26346772895823983,-0.43346772895823965,-0.43346772895823965,25.0,-2.6221150952446552,,,WF,HGBnet,T2,oos,long,2003
9,5,-0.7631811857171512,-0.9331811857171511,-0.958236106110063,33.33333333333333,-1.24624845021631,,-5.670193809918305,WF,HGBnet,T2,all,long,2003
2,2,3.9188043021935703,3.7488043021935704,3.7488043021935704,100.0,3.9188043021935703,1.0,,SPLIT,HGBnet,T2,oos,long,2003
35,7,0.9253099945110184,0.7553099945110183,-0.5175054464632634,62.857142857142854,0.84174233450046,1.488447001161947,-0.5272923739580987,WF,HGBnet,T5,is,long,2003
20,6,0.6910995204385516,0.5210995204385513,0.8660669878292957,50.0,-0.49413159027108505,4.690756045420889,-3.4009063107280815,WF,HGBnet,T5,oos,long,2003
55,13,0.8401425493937578,0.6701425493937576,0.1210664462871487,58.18181818181818,0.59416702463389,1.6979939506567696,-0.6450558588828188,WF,HGBnet,T5,all,long,2003
18,7,1.733810421868532,1.563810421868532,-0.26304326321658794,66.66666666666666,0.92670510022748,1.27930660333024,-0.6705203535009278,SPLIT,HGBnet,T5,oos,long,2003
0,0,,,,,,,,WF,HGBnet,TE,is,long,2003
0,0,,,,,,,,WF,HGBnet,TE,oos,long,2003
0,0,,,,,,,,WF,HGBnet,TE,all,long,2003
0,0,,,,,,,,SPLIT,HGBnet,TE,oos,long,2003
8,8,0.9416606469287901,0.7716606469287899,0.7716606469287899,50.0,-0.20978168250618995,2.5629979961957314,-3.9248365446561997,WF,ENS+,top1,is,long,2003
8,8,1.4923438783087677,1.3223438783087675,1.3223438783087675,62.5,1.593207899974355,2.076830446163331,-4.2853368648222565,WF,ENS+,top1,oos,long,2003
16,16,1.2170022626187789,1.0470022626187787,1.0470022626187787,56.25,0.60970627646253,1.9697418307359424,-1.7166225485988635,WF,ENS+,top1,all,long,2003
8,8,-3.6413839156839516,-3.811383915683951,-3.811383915683951,25.0,-2.590911002104845,,-7.7762031071169595,SPLIT,ENS+,top1,oos,long,2003
16,8,1.022777098931285,0.852777098931285,0.8527770989312847,50.0,-0.26456340138676,2.31559459567183,-1.9571782166267802,WF,ENS+,top2,is,long,2003
16,8,0.371231967146492,0.20123196714649194,0.20123196714649222,50.0,-0.4172465562216499,4.6607262825691755,-1.9766961731825743,WF,ENS+,top2,oos,long,2003
32,16,0.6970045330388884,0.5270045330388885,0.5270045330388885,50.0,-0.27398333499697997,2.1810843680993,-0.9756695211455804,WF,ENS+,top2,all,long,2003
16,8,-1.2202725977556712,-1.3902725977556711,-1.3902725977556711,50.0,-0.6371020280190101,,-2.972340361812638,SPLIT,ENS+,top2,oos,long,2003
24,8,1.3509164248373715,1.1809164248373716,1.1809164248373716,58.333333333333336,0.53938530575332,1.574236336119003,-0.97988879772833,WF,ENS+,top3,is,long,2003
24,8,1.0504762676764248,0.8804762676764246,0.8804762676764246,58.333333333333336,0.461312083543925,1.6295612660740244,-0.8353757924956873,WF,ENS+,top3,oos,long,2003
48,16,1.200696346256898,1.030696346256898,1.030696346256898,58.333333333333336,0.47518365326253004,1.0465055433140327,-0.06233194709341513,WF,ENS+,top3,all,long,2003
24,8,-0.8699063246374518,-1.0399063246374516,-1.0399063246374514,50.0,-0.641553664127395,,-2.3179769016509786,SPLIT,ENS+,top3,oos,long,2003
40,8,1.423913484034348,1.253913484034348,1.253913484034348,60.0,0.768265177196555,0.9155330466259813,0.13745558155950374,WF,ENS+,top5,is,long,2003
40,8,1.1528548023829843,0.9828548023829844,0.9828548023829844,62.5,0.9235161025271749,1.0571578624611313,-0.07530824712258449,WF,ENS+,top5,oos,long,2003
80,16,1.288384143208666,1.1183841432086663,1.1183841432086663,61.25000000000001,0.8577429894388598,0.6002682871657479,0.54934186704351,WF,ENS+,top5,all,long,2003
40,8,0.01342213255430491,-0.15657786744569496,-0.15657786744569485,52.5,0.461312083543925,79.76635352921514,-1.2082427861581346,SPLIT,ENS+,top5,oos,long,2003
80,8,0.920725811089625,0.7507258110896251,0.7507258110896249,58.75,1.0168514648275648,0.9703925543819008,0.029077695339750798,WF,ENS+,top10,is,long,2003
80,8,0.5770897342131881,0.40708973421318806,0.4070897342131881,52.5,0.461312083543925,1.3104988862217932,-0.19113143437144078,WF,ENS+,top10,oos,long,2003
160,16,0.7489077726514065,0.5789077726514066,0.5789077726514065,55.625,0.68917653570299,0.6318075471913481,0.2846370990864362,WF,ENS+,top10,all,long,2003
80,8,-0.23337952960020358,-0.4033795296002034,-0.4033795296002035,50.0,-0.09067869051930498,,-0.9363362235294641,SPLIT,ENS+,top10,oos,long,2003
4,2,0.6117419553521001,0.44174195535210004,-0.6790835247274132,75.0,1.00620524060718,1.0,,WF,ENS+,T2,is,long,2003
12,2,-2.9079295693301477,-3.077929569330147,-2.741526845629263,33.33333333333333,-2.8331632222204703,,-7.7020011323830655,WF,ENS+,T2,oos,long,2003
16,4,-2.028011688159585,-2.1980116881595855,-1.7103051851783382,43.75,-2.12654806191633,,-5.137441663548672,WF,ENS+,T2,all,long,2003
3,2,-2.9681893099962364,-3.1381893099962364,-2.86102357466764,33.33333333333333,-1.85952636868185,,,SPLIT,ENS+,T2,oos,long,2003
32,7,2.3530934429992887,2.1830934429992888,2.168023901268248,65.625,1.8583197144800352,0.6983513868077259,0.8412531837541561,WF,ENS+,T5,is,long,2003
65,5,0.3012045820829419,0.13120458208294195,2.1791872075474767,47.69230769230769,-0.49189563260322994,2.391468217237496,-0.45404298642594276,WF,ENS+,T5,oos,long,2003
97,12,0.9781163712512211,0.8081163712512215,2.172675278884593,53.608247422680414,0.94236332975922,0.6239238616203644,0.38783787060052094,WF,ENS+,T5,all,long,2003
26,4,0.4698731338577041,0.29987313385770437,0.9228515330767831,53.84615384615385,0.498029487633065,3.2136905963253755,-1.2878093897645275,SPLIT,ENS+,T5,oos,long,2003
0,0,,,,,,,,WF,ENS+,TE,is,long,2003
0,0,,,,,,,,WF,ENS+,TE,oos,long,2003
0,0,,,,,,,,WF,ENS+,TE,all,long,2003
0,0,,,,,,,,SPLIT,ENS+,TE,oos,long,2003
8,8,0.13355248963409383,-0.036447510365906176,-0.036447510365906176,50.0,0.16905148708347997,6.802562033827191,-2.06652428233038,WF,HGBc-,top1,is,short,2003
8,8,-2.708883633051555,-2.8788836330515553,-2.8788836330515553,25.0,-1.59801951184961,,-7.676213426155383,WF,HGBc-,top1,oos,short,2003
16,16,-1.2876655717087304,-1.4576655717087306,-1.4576655717087306,37.5,-0.74821455199316,,-2.9706928908758057,WF,HGBc-,top1,all,short,2003
8,8,-2.009892498400063,-2.1798924984000627,-2.1798924984000627,50.0,-0.5703736273921151,,-7.353357160622299,SPLIT,HGBc-,top1,oos,short,2003
16,8,-0.07890354730798053,-0.2489035473079805,-0.2489035473079805,43.75,-0.35304563893970503,,-1.4574425417723817,WF,HGBc-,top2,is,short,2003
16,8,-1.573220880769299,-1.743220880769299,-1.743220880769299,37.5,-1.004345300632845,,-3.840936181491432,WF,HGBc-,top2,oos,short,2003
32,16,-0.8260622140386396,-0.9960622140386397,-0.9960622140386396,40.625,-0.530515602721215,,-1.7988475296638389,WF,HGBc-,top2,all,short,2003
16,8,0.041824453047107496,-0.12817554695289243,-0.12817554695289243,56.25,0.644240216188005,40.28449858461878,-2.389894787682253,SPLIT,HGBc-,top2,oos,short,2003
24,8,0.6632238156306882,0.49322381563068846,0.49322381563068834,41.66666666666667,-0.530515602721215,2.1943850505488323,-1.0006037185986305,WF,HGBc-,top3,is,short,2003
24,8,-1.5627757762906425,-1.7327757762906424,-1.7327757762906424,41.66666666666667,-1.004345300632845,,-3.05804124793219,WF,HGBc-,top3,oos,short,2003
48,16,-0.4497759803299771,-0.619775980329977,-0.6197759803299772,41.66666666666667,-0.531275106466635,,-1.392239766470354,WF,HGBc-,top3,all,short,2003
24,8,-0.31872160380479575,-0.48872160380479596,-0.4887216038047958,50.0,0.11078763675091,,-1.908762334400705,SPLIT,HGBc-,top3,oos,short,2003
40,8,0.5801043494410566,0.41010434944105667,0.41010434944105667,45.0,-0.35304563893970503,2.425280388251867,-0.9449272598833667,WF,HGBc-,top5,is,short,2003
40,8,-1.7191181610621484,-1.8891181610621481,-1.8891181610621484,40.0,-1.004345300632845,,-2.6971392640938605,WF,HGBc-,top5,oos,short,2003
80,16,-0.5695069058105459,-0.7395069058105457,-0.7395069058105458,42.5,-0.530515602721215,,-1.3788064706369139,WF,HGBc-,top5,all,short,2003
40,8,-0.8317446279338021,-1.0017446279338025,-1.001744627933802,42.5,-1.122983309422715,,-1.9446640204663892,SPLIT,HGBc-,top5,oos,short,2003
80,8,0.04888149246541219,-0.12111850753458767,-0.12111850753458758,47.5,-0.126248118014535,16.275182708432073,-0.7964519770346845,WF,HGBc-,top10,is,short,2003
80,8,-1.5269194083511772,-1.696919408351177,-1.6969194083511767,40.0,-1.5881614048576047,,-2.167160635558676,WF,HGBc-,top10,oos,short,2003
160,16,-0.7390189579428825,-0.9090189579428825,-0.9090189579428822,43.75,-0.56149540508944,,-1.1812850869221387,WF,HGBc-,top10,all,short,2003
80,8,-0.49556177992670325,-0.6655617799267031,-0.6655617799267031,45.0,-0.6259661462395251,,-1.1099718233529157,SPLIT,HGBc-,top10,oos,short,2003
13,5,0.5166609736272161,0.3466609736272162,0.30692058371668224,38.46153846153847,-0.52999917804373,3.605063760382207,-2.187144015550077,WF,HGBc-,T2,is,short,2003
13,3,-2.327330080231499,-2.497330080231499,-3.0660589977288364,38.46153846153847,-3.89366382630194,,-5.779853192821117,WF,HGBc-,T2,oos,short,2003
26,8,-0.9053345533021416,-1.0753345533021414,-0.9579467593253873,38.46153846153847,-0.530515602721215,,-2.77541505129373,WF,HGBc-,T2,all,short,2003
2,2,-1.016806531532425,-1.186806531532425,-1.186806531532425,50.0,-1.016806531532425,,,SPLIT,HGBc-,T2,oos,short,2003
31,6,0.2744819096620958,0.10448190966209595,-0.10157277057137577,48.38709677419355,-0.17609209983568,5.0014497584961575,-1.3095420271152953,WF,HGBc-,T5,is,short,2003
49,6,-1.6706593272663808,-1.8406593272663807,-1.7528440655297721,38.775510204081634,-0.70990612239723,,-2.656445036826316,WF,HGBc-,T5,oos,short,2003
80,12,-0.9169170979565963,-1.0869170979565959,-0.9272084180505741,42.5,-0.561252326021505,,-1.670652553536614,WF,HGBc-,T5,all,short,2003
15,3,-0.95342941043368,-1.12342941043368,-0.6300743667911499,40.0,-1.72708369792815,,-2.9463183849298433,SPLIT,HGBc-,T5,oos,short,2003
0,0,,,,,,,,WF,HGBc-,TE,is,short,2003
0,0,,,,,,,,WF,HGBc-,TE,oos,short,2003
0,0,,,,,,,,WF,HGBc-,TE,all,short,2003
0,0,,,,,,,,SPLIT,HGBc-,TE,oos,short,2003
8,8,-1.4093515026268426,-1.5793515026268425,-1.5793515026268425,25.0,-1.78979037973687,,-4.22637155205772,WF,RFc-,top1,is,short,2003
8,8,-1.1123306972372342,-1.282330697237234,-1.282330697237234,50.0,1.5475299664369602,,-10.912667495706684,WF,RFc-,top1,oos,short,2003
16,16,-1.2608410999320383,-1.430841099932038,-1.430841099932038,37.5,-0.72277906114671,,-4.381619060221613,WF,RFc-,top1,all,short,2003
8,8,-3.4808926684548553,-3.6508926684548553,-3.6508926684548553,50.0,0.029467007719045014,,-12.01736607807063,SPLIT,RFc-,top1,oos,short,2003
16,8,-2.12314627475538,-2.29314627475538,-2.2931462747553804,25.0,-1.854130851891935,,-4.113245226454856,WF,RFc-,top2,is,short,2003
16,8,-1.03634426314489,-1.2063442631448897,-1.2063442631448897,43.75,-0.07783300723931001,,-4.4952196237113,WF,RFc-,top2,oos,short,2003
32,16,-1.5797452689501348,-1.749745268950135,-1.749745268950135,34.375,-0.72277906114671,,-3.114685010490293,WF,RFc-,top2,all,short,2003
16,8,-1.2302686295038567,-1.4002686295038567,-1.4002686295038567,56.25,0.644240216188005,,-4.262131475137432,SPLIT,RFc-,top2,oos,short,2003
24,8,-1.876004653785872,-2.0460046537858716,-2.046004653785872,20.833333333333336,-1.6253466641872951,,-3.295071217942321,WF,RFc-,top3,is,short,2003
24,8,-0.976867032336399,-1.1468670323363983,-1.1468670323363985,45.83333333333333,-0.07783300723931001,,-3.2482146283487507,WF,RFc-,top3,oos,short,2003
48,16,-1.4264358430611352,-1.596435843061135,-1.596435843061135,33.33333333333333,-0.72277906114671,,-2.534408108906192,WF,RFc-,top3,all,short,2003
24,8,0.42274518525749655,0.252745185257497,0.2527451852574969,58.333333333333336,0.87500223794165,4.414711663187841,-1.8234352606171935,SPLIT,RFc-,top3,oos,short,2003
40,8,-1.6194652098273188,-1.7894652098273185,-1.7894652098273185,30.0,-1.454394680552775,,-2.785918900926572,WF,RFc-,top5,is,short,2003
40,8,-1.4312160406803494,-1.601216040680349,-1.601216040680349,42.5,-0.436548170724065,,-2.8139381393205607,WF,RFc-,top5,oos,short,2003
80,16,-1.525340625253834,-1.6953406252538339,-1.6953406252538339,36.25,-0.874529892781625,,-2.2391314197984387,WF,RFc-,top5,all,short,2003
40,8,0.23488324972442742,0.06488324972442741,0.06488324972442742,55.00000000000001,0.87500223794165,4.767384908295613,-1.0113092688265573,SPLIT,RFc-,top5,oos,short,2003
80,8,-1.4388049694160052,-1.608804969416005,-1.608804969416005,31.25,-1.164057711948505,,-2.257430233757798,WF,RFc-,top10,is,short,2003
80,8,0.05444309567688595,-0.11555690432311398,-0.11555690432311384,52.5,0.5870273260711449,13.053155578197373,-0.6999585091756707,WF,RFc-,top10,oos,short,2003
160,16,-0.6921809368695596,-0.8621809368695594,-0.8621809368695597,41.875,-0.30520358679638,,-1.161070284740121,WF,RFc-,top10,all,short,2003
80,8,0.27789733033483494,0.10789733033483508,0.10789733033483503,52.5,0.672660964977415,2.5572544981731884,-0.4616073255405252,SPLIT,RFc-,top10,oos,short,2003
17,2,-2.519201955070864,-2.6892019550708643,-1.893763209871699,29.411764705882355,-3.02471071507312,,-4.807497895026366,WF,RFc-,T2,is,short,2003
20,4,-2.2247991874836552,-2.394799187483654,-7.711323731112661,30.0,-0.71679115847662,,-5.099413181763815,WF,RFc-,T2,oos,short,2003
37,6,-2.360065323942643,-2.530065323942642,-5.772136890699007,29.72972972972973,-1.64181230400537,,-3.768653054880474,WF,RFc-,T2,all,short,2003
0,0,,,,,,,,SPLIT,RFc-,T2,oos,short,2003
46,4,-1.6489438963611043,-1.8189438963611047,-2.0432449527436094,34.78260869565217,-1.41009457793674,,-2.6667283634421404,WF,RFc-,T5,is,short,2003
63,5,-0.25183530761022765,-0.42183530761022764,-1.5998614390269708,47.61904761904761,-0.01137113015085,,-1.1574665966474342,WF,RFc-,T5,oos,short,2003
109,9,-0.8414407670830749,-1.011440767083075,-1.796920778456588,42.201834862385326,-0.62524552829117,,-1.3979540510261668,WF,RFc-,T5,all,short,2003
5,3,-1.4804883895273684,-1.6504883895273679,-1.2953392179257397,80.0,3.1549918335229297,,,SPLIT,RFc-,T5,oos,short,2003
0,0,,,,,,,,WF,RFc-,TE,is,short,2003
0,0,,,,,,,,WF,RFc-,TE,oos,short,2003
0,0,,,,,,,,WF,RFc-,TE,all,short,2003
0,0,,,,,,,,SPLIT,RFc-,TE,oos,short,2003
8,8,0.2320681565582492,0.06206815655824885,0.06206815655824885,25.0,-0.8416991357923099,8.537775793703062,-4.664740621317503,WF,ETc-,top1,is,short,2003
8,8,1.4653297704568962,1.2953297704568962,1.2953297704568962,37.5,-0.7920532181622,1.4697692279339218,-1.8356448931630065,WF,ETc-,top1,oos,short,2003
16,16,0.8486989635075725,0.6786989635075725,0.6786989635075725,31.25,-0.798017121617305,2.6823592912385554,-2.0768241261403584,WF,ETc-,top1,all,short,2003
8,8,0.3971829461250763,0.22718294612507628,0.22718294612507628,62.5,2.170466916781355,5.484971713147051,-4.75027807550767,SPLIT,ETc-,top1,oos,short,2003
16,8,-0.44387183117517426,-0.6138718311751743,-0.6138718311751742,31.25,-0.82270516373418,,-3.0595964533855957,WF,ETc-,top2,is,short,2003
16,8,0.3986917672797107,0.22869176727971074,0.22869176727971066,50.0,0.33373700638392,4.156964855198811,-1.8307722143405818,WF,ETc-,top2,oos,short,2003
32,16,-0.022590031947731765,-0.19259003194773178,-0.19259003194773172,40.625,-0.535136490060495,,-1.4492296074776156,WF,ETc-,top2,all,short,2003
16,8,-0.1684853428476981,-0.3384853428476981,-0.338485342847698,50.0,-0.651077452164065,,-2.5104251161657762,SPLIT,ETc-,top2,oos,short,2003
24,8,0.5841433409441509,0.41414334094415084,0.41414334094415084,41.66666666666667,-0.535136490060495,3.1409876504274656,-1.579760436683201,WF,ETc-,top3,is,short,2003
24,8,0.333820945036703,0.1638209450367031,0.16382094503670308,50.0,0.33373700638392,3.7069104391645364,-1.1414190327557339,WF,ETc-,top3,oos,short,2003
48,16,0.45898214299042683,0.2889821429904268,0.2889821429904269,45.83333333333333,-0.242092763288715,2.259692023953783,-0.6454059289253083,WF,ETc-,top3,all,short,2003
24,8,-0.09941254256697861,-0.2694125425669786,-0.2694125425669786,50.0,-0.73488771922703,,-1.6696145306965604,SPLIT,ETc-,top3,oos,short,2003
40,8,-0.014846553614165302,-0.1848465536141653,-0.18484655361416516,45.0,-0.535136490060495,,-1.2983166383112854,WF,ETc-,top5,is,short,2003
40,8,0.6233461448436356,0.4533461448436357,0.45334614484363556,60.0,1.2913000478798848,1.4698555642405402,-0.334723033831625,WF,ETc-,top5,oos,short,2003
80,16,0.3042497956147352,0.13424979561473524,0.1342497956147352,52.5,0.691781196229485,2.1081477132400277,-0.3596306296151622,WF,ETc-,top5,all,short,2003
40,8,-0.017627635950506274,-0.18762763595050613,-0.18762763595050624,52.5,0.4259876757295699,,-0.8824838770353477,SPLIT,ETc-,top5,oos,short,2003
80,8,-0.42272994115799495,-0.5927299411579947,-0.5927299411579947,43.75,-0.8935776725978801,,-1.258000412260813,WF,ETc-,top10,is,short,2003
80,8,0.11176896874505646,-0.05823103125494337,-0.05823103125494335,60.0,1.2913000478798848,4.6669655940653945,-0.4371764937304453,WF,ETc-,top10,oos,short,2003
160,16,-0.1554804862064692,-0.3254804862064691,-0.3254804862064691,51.87500000000001,0.480269816821075,,-0.5510226672255254,WF,ETc-,top10,all,short,2003
80,8,0.6191817653436288,0.44918176534362864,0.44918176534362875,60.0,0.7632941513094149,0.9599795104184053,0.026431954548317853,SPLIT,ETc-,top10,oos,short,2003
0,0,,,,,,,,WF,ETc-,T2,is,short,2003
18,2,-0.48810634108461226,-0.6581063410846121,-1.551815718595395,55.55555555555556,0.656643172492615,,-2.4225613596443876,WF,ETc-,T2,oos,short,2003
18,2,-0.48810634108461226,-0.6581063410846121,-1.551815718595395,55.55555555555556,0.656643172492615,,-2.4225613596443876,WF,ETc-,T2,all,short,2003
0,0,,,,,,,,SPLIT,ETc-,T2,oos,short,2003
1,1,4.43425862703619,4.26425862703619,4.26425862703619,100.0,4.43425862703619,1.0,,WF,ETc-,T5,is,short,2003
90,3,-0.21791316094822843,-0.3879131609482283,-0.7285522912529709,48.888888888888886,0.05432519846417,,-0.8269830555101696,WF,ETc-,T5,oos,short,2003
91,4,-0.16679039404730084,-0.33679039404730055,0.5196504383193193,49.45054945054945,0.12595770232519998,,-0.7658058266433515,WF,ETc-,T5,all,short,2003
0,0,,,,,,,,SPLIT,ETc-,T5,oos,short,2003
0,0,,,,,,,,WF,ETc-,TE,is,short,2003
0,0,,,,,,,,WF,ETc-,TE,oos,short,2003
0,0,,,,,,,,WF,ETc-,TE,all,short,2003
0,0,,,,,,,,SPLIT,ETc-,TE,oos,short,2003
8,8,-0.21457807332283252,-0.384578073322832,-0.384578073322832,50.0,0.33950666382692,,-5.565805922434136,WF,LR-,top1,is,short,2003
8,8,-0.3685034163997937,-0.5385034163997935,-0.5385034163997935,62.5,0.798878035166175,,-4.634292724084701,WF,LR-,top1,oos,short,2003
16,16,-0.2915407448613131,-0.4615407448613128,-0.4615407448613128,56.25,0.798878035166175,,-2.4529655914181117,WF,LR-,top1,all,short,2003
8,8,1.6961145051827264,1.5261145051827263,1.5261145051827263,87.5,1.378016776296245,1.2559983980142666,-1.1578735898014365,SPLIT,LR-,top1,oos,short,2003
16,8,-0.1611064331112067,-0.33110643311120636,-0.33110643311120636,43.75,-1.03974493920749,,-3.152143348616005,WF,LR-,top2,is,short,2003
16,8,0.1346604148888207,-0.03533958511117933,-0.03533958511117929,56.25,0.798878035166175,8.807516627102368,-1.5292558956465025,WF,LR-,top2,oos,short,2003
32,16,-0.013223009111193191,-0.18322300911119294,-0.1832230091111927,50.0,-0.14977300101565003,,-1.4335667876434988,WF,LR-,top2,all,short,2003
16,8,1.3162443262507089,1.146244326250709,1.146244326250709,62.5,1.207506547121775,1.2761964083719999,-0.5287882988370455,SPLIT,LR-,top2,oos,short,2003
24,8,-1.267373556718387,-1.4373735567183867,-1.4373735567183867,33.33333333333333,-1.85343930188277,,-3.390489910510766,WF,LR-,top3,is,short,2003
24,8,0.7434796498426481,0.5734796498426479,0.573479649842648,62.5,1.367133935393435,1.9439649683104,-0.8865078872881805,WF,LR-,top3,oos,short,2003
48,16,-0.2619469534378696,-0.4319469534378694,-0.43194695343786926,47.91666666666667,-0.9466205827731649,,-1.3518256420337236,WF,LR-,top3,all,short,2003
24,8,0.9417867745478904,0.7717867745478904,0.7717867745478904,54.166666666666664,0.798878035166175,1.206665199139806,-0.2458541700747479,SPLIT,LR-,top3,oos,short,2003
40,8,-1.1921195825354411,-1.3621195825354406,-1.3621195825354406,35.0,-1.4793681534513299,,-2.7343727516989254,WF,LR-,top5,is,short,2003
40,8,-0.1439411809290384,-0.3139411809290384,-0.3139411809290384,50.0,0.18383491665934,,-1.2064392652850082,WF,LR-,top5,oos,short,2003
80,16,-0.6680303817322397,-0.8380303817322396,-0.8380303817322396,42.5,-1.11174386423744,,-1.3913952017343245,WF,LR-,top5,all,short,2003
40,8,-0.08305204484719642,-0.25305204484719646,-0.2530520448471965,45.0,-0.19798587381313998,,-1.030978182268069,SPLIT,LR-,top5,oos,short,2003
80,8,-1.2633706441222927,-1.4333706441222924,-1.4333706441222924,36.25,-1.2866099336105399,,-2.0170402723133005,WF,LR-,top10,is,short,2003
80,8,-0.5879245872070531,-0.757924587207053,-0.757924587207053,45.0,-0.284320088291455,,-1.342532880715791,WF,LR-,top10,oos,short,2003
160,16,-0.925647615664673,-1.0956476156646726,-1.0956476156646728,40.625,-1.170724202055815,,-1.3487301628356299,WF,LR-,top10,all,short,2003
80,8,0.32360370975676606,0.15360370975676593,0.15360370975676615,50.0,0.31585999178236,2.1185623278825676,-0.38610231349009383,SPLIT,LR-,top10,oos,short,2003
8,4,-3.5867656536694263,-3.7567656536694263,-3.7714333028257934,25.0,-4.5177200810942,,-7.501343973778056,WF,LR-,T2,is,short,2003
33,4,-1.0312508395005553,-1.2012508395005552,-0.8935438208144995,39.39393939393939,-0.89539959599665,,-2.4746734796260084,WF,LR-,T2,oos,short,2003
41,8,-1.5298878764115547,-1.6998878764115548,-2.3324885618201465,36.58536585365854,-1.27578363115108,,-2.7218050738578787,WF,LR-,T2,all,short,2003
2,2,3.6722107908968904,3.5022107908968905,3.5022107908968905,100.0,3.6722107908968904,1.0,,SPLIT,LR-,T2,oos,short,2003
24,5,-2.0806646517384246,-2.250664651738425,-1.368739699832586,25.0,-1.46590448010323,,-3.9526343985026893,WF,LR-,T5,is,short,2003
86,7,-0.5428388118971594,-0.7128388118971594,-0.9656460588842887,48.837209302325576,-0.023756099475565,,-1.174640272985279,WF,LR-,T5,oos,short,2003
110,12,-0.8783644496807084,-1.048364449680708,-1.1336017426127458,43.63636363636363,-0.6315552158001,,-1.4336244301819723,WF,LR-,T5,all,short,2003
11,5,1.9849046268345418,1.8149046268345417,2.0001722353140563,63.63636363636363,1.07410805827246,1.2309536023162937,-0.8404382686731467,SPLIT,LR-,T5,oos,short,2003
0,0,,,,,,,,WF,LR-,TE,is,short,2003
0,0,,,,,,,,WF,LR-,TE,oos,short,2003
0,0,,,,,,,,WF,LR-,TE,all,short,2003
0,0,,,,,,,,SPLIT,LR-,TE,oos,short,2003
8,8,-2.8580505698647896,-3.02805056986479,-3.02805056986479,12.5,-2.73172865787954,,-7.28167182619347,WF,-HGBr,top1,is,short,2003
8,8,-2.7852759716211715,-2.955275971621171,-2.955275971621171,25.0,-2.3179474822960597,,-6.928839038583683,WF,-HGBr,top1,oos,short,2003
16,16,-2.821663270742981,-2.9916632707429804,-2.9916632707429804,18.75,-2.73172865787954,,-4.958074572875449,WF,-HGBr,top1,all,short,2003
8,8,1.3114933453505075,1.1414933453505078,1.1414933453505078,75.0,2.5668435556585054,2.2622412225276207,-4.414455902858836,SPLIT,-HGBr,top1,oos,short,2003
16,8,-0.12433247603873179,-0.29433247603873164,-0.29433247603873214,43.75,-0.41932065099355,,-2.9005140950495707,WF,-HGBr,top2,is,short,2003
16,8,-1.8211437401271124,-1.9911437401271121,-1.9911437401271124,31.25,-2.05012241985445,,-4.008673082432787,WF,-HGBr,top2,oos,short,2003
32,16,-0.9727381080829224,-1.142738108082922,-1.1427381080829222,37.5,-1.067305565376525,,-2.385445147974517,WF,-HGBr,top2,all,short,2003
16,8,1.7185928841048845,1.5485928841048844,1.5485928841048844,81.25,2.10339835363648,1.1061501852478464,-0.26535120438307563,SPLIT,-HGBr,top2,oos,short,2003
24,8,-0.7458573114894782,-0.9158573114894779,-0.9158573114894779,37.5,-1.067305565376525,,-2.9920938361260583,WF,-HGBr,top3,is,short,2003
24,8,-1.3676700780745419,-1.5376700780745414,-1.5376700780745414,37.5,-1.514788702830195,,-2.9841350089376597,WF,-HGBr,top3,oos,short,2003
48,16,-1.0567636947820096,-1.2267636947820098,-1.2267636947820095,37.5,-1.3125447894942899,,-2.131844987617516,WF,-HGBr,top3,all,short,2003
24,8,0.9023791962106271,0.7323791962106272,0.7323791962106271,62.5,1.49487205228573,1.4370251995154706,-0.4981420399106011,SPLIT,-HGBr,top3,oos,short,2003
40,8,-0.3572691530673064,-0.5272691530673063,-0.5272691530673063,45.0,-0.28321017402297,,-1.5702193347030207,WF,-HGBr,top5,is,short,2003
40,8,-0.43557767942824266,-0.6055776794282428,-0.6055776794282428,45.0,-0.45907416422504,,-1.528264933668105,WF,-HGBr,top5,oos,short,2003
80,16,-0.39642341624777455,-0.5664234162477746,-0.5664234162477745,45.0,-0.30520358679638,,-1.0502741879289421,WF,-HGBr,top5,all,short,2003
40,8,-0.3682629096028636,-0.5382629096028638,-0.5382629096028637,47.5,-0.176917390063745,,-1.3100661671848863,SPLIT,-HGBr,top5,oos,short,2003
80,8,0.06028422041804031,-0.10971577958195967,-0.10971577958195965,46.25,-0.17499663829495501,11.89740804986855,-0.7007378654545094,WF,-HGBr,top10,is,short,2003
80,8,-0.9819685238604634,-1.1519685238604633,-1.1519685238604636,40.0,-1.295460428640465,,-1.5580473296670718,WF,-HGBr,top10,oos,short,2003
160,16,-0.4608421517212117,-0.6308421517212117,-0.6308421517212116,43.125,-0.305182754057885,,-0.869135722836175,WF,-HGBr,top10,all,short,2003
80,8,-1.0009993727419666,-1.1709993727419665,-1.1709993727419665,46.25,-0.33603026392910496,,-1.5792619180646834,SPLIT,-HGBr,top10,oos,short,2003
3,2,-2.2379155182249666,-2.4079155182249665,-2.3891570068654726,33.33333333333333,-2.16288147278699,,,WF,-HGBr,T2,is,short,2003
6,1,0.4279988288482864,0.25799882884828673,0.25799882884828673,33.33333333333333,-2.19355393636606,3.0441309919556803,-5.2493140234171,WF,-HGBr,T2,oos,short,2003
9,3,-0.4606392868427978,-0.6306392868427978,-1.5067717282942195,33.33333333333333,-2.16288147278699,,-5.204330717381433,WF,-HGBr,T2,all,short,2003
2,2,-0.30837210237437995,-0.47837210237438,-0.47837210237438,50.0,-0.30837210237437995,,,SPLIT,-HGBr,T2,oos,short,2003
19,5,-0.4017330347259898,-0.5717330347259897,-1.4116121745567176,42.10526315789473,-1.22965465141104,,-2.9849820531553917,WF,-HGBr,T5,is,short,2003
34,4,-0.7309871469355204,-0.9009871469355203,-0.5008498146816736,41.17647058823529,-0.49189091744679503,,-2.352663700128917,WF,-HGBr,T5,oos,short,2003
53,9,-0.6129526538792734,-0.7829526538792733,-1.0068289035011426,41.509433962264154,-0.65710613108782,,-1.7661338176782633,WF,-HGBr,T5,all,short,2003
11,4,0.6802417836946618,0.5102417836946619,0.3137906274899487,54.54545454545454,0.8135987504408001,2.1231105164646995,-1.4006422851779965,SPLIT,-HGBr,T5,oos,short,2003
0,0,,,,,,,,WF,-HGBr,TE,is,short,2003
0,0,,,,,,,,WF,-HGBr,TE,oos,short,2003
0,0,,,,,,,,WF,-HGBr,TE,all,short,2003
0,0,,,,,,,,SPLIT,-HGBr,TE,oos,short,2003
8,8,1.1914638534708215,1.0214638534708216,1.0214638534708216,37.5,-0.81814647266353,2.1470424196198317,-3.6444255503326395,WF,-RIDGE,top1,is,short,2003
8,8,-0.7634971978755185,-0.9334971978755185,-0.9334971978755185,62.5,0.9485249209840251,,-8.529250869018593,WF,-RIDGE,top1,oos,short,2003
16,16,0.21398332779765122,0.04398332779765139,0.04398332779765139,50.0,0.22752412410244502,11.36466705607507,-3.225986833707095,WF,-RIDGE,top1,all,short,2003
8,8,0.11457637791698373,-0.05542362208301628,-0.05542362208301628,62.5,0.9485249209840251,18.819927024283448,-5.44464718183299,SPLIT,-RIDGE,top1,oos,short,2003
16,8,0.48474109404906696,0.31474109404906714,0.314741094049067,43.75,-0.81814647266353,3.680429072675009,-1.889911449031869,WF,-RIDGE,top2,is,short,2003
16,8,-0.7942336499261123,-0.9642336499261124,-0.9642336499261124,50.0,-0.02974101706224,,-3.93227592192487,WF,-RIDGE,top2,oos,short,2003
32,16,-0.1547462779385228,-0.3247462779385226,-0.3247462779385227,46.875,-0.45124949430707,,-1.8433914394362219,WF,-RIDGE,top2,all,short,2003
16,8,0.10395405935292928,-0.06604594064707056,-0.06604594064707048,62.5,1.207506547121775,17.432874803668703,-2.4847476984433925,SPLIT,-RIDGE,top2,oos,short,2003
24,8,0.5944150479637001,0.42441504796370033,0.4244150479637004,50.0,0.04575767072680999,3.0498701795298824,-1.5391246497910909,WF,-RIDGE,top3,is,short,2003
24,8,-0.15487519355315293,-0.324875193553153,-0.3248751935531529,50.0,0.14182722158740999,,-2.1677440304864826,WF,-RIDGE,top3,oos,short,2003
48,16,0.21976992720527355,0.0497699272052737,0.04976992720527374,50.0,0.08544535749915998,4.770044671689675,-0.924884587599482,WF,-RIDGE,top3,all,short,2003
24,8,-0.7488435525115679,-0.918843552511568,-0.9188435525115681,50.0,0.33927245325215,,-2.4719860469895694,SPLIT,-RIDGE,top3,oos,short,2003
40,8,0.47007445696215383,0.30007445696215396,0.3000744569621541,50.0,0.23154700053168,2.481080709221381,-0.7956779544049852,WF,-RIDGE,top5,is,short,2003
40,8,-0.5167352110596669,-0.686735211059667,-0.686735211059667,50.0,0.14182722158740999,,-1.7010619906847415,WF,-RIDGE,top5,oos,short,2003
80,16,-0.02333037704875654,-0.19333037704875644,-0.19333037704875633,50.0,0.23154700053168,,-0.6958056524870849,WF,-RIDGE,top5,all,short,2003
40,8,-0.16602567089900197,-0.3360256708990018,-0.33602567089900204,52.5,0.380387842731955,,-1.2758894320885763,SPLIT,-RIDGE,top5,oos,short,2003
80,8,-0.5407600728197672,-0.7107600728197673,-0.7107600728197673,43.75,-0.29390850452685496,,-1.2158269485383333,WF,-RIDGE,top10,is,short,2003
80,8,-1.2586065838847065,-1.4286065838847062,-1.4286065838847062,42.5,-1.06463642917636,,-1.8768198859923528,WF,-RIDGE,top10,oos,short,2003
160,16,-0.899683328352237,-1.0696833283522367,-1.069683328352237,43.125,-0.641973266815145,,-1.256200167047472,WF,-RIDGE,top10,all,short,2003
80,8,-0.6903803900192962,-0.860380390019296,-0.860380390019296,46.25,-0.5548806858381901,,-1.2593431732767266,SPLIT,-RIDGE,top10,oos,short,2003
31,7,-1.1644896408323417,-1.3344896408323415,0.2450919367151074,45.16129032258064,-0.60265076376546,,-2.634058334018234,WF,-RIDGE,T2,is,short,2003
10,5,-1.376152799132847,-1.5461527991328468,-2.3864036012083623,40.0,-1.5673438176920649,,-4.958264504472696,WF,-RIDGE,T2,oos,short,2003
41,12,-1.2161148013934404,-1.3861148013934406,-0.8513645374196718,43.90243902439025,-0.60265076376546,,-2.3843572078451993,WF,-RIDGE,T2,all,short,2003
4,4,-1.6165712158715972,-1.7865712158715974,-1.7865712158715974,75.0,0.9485249209840251,,,SPLIT,-RIDGE,T2,oos,short,2003
71,7,-0.31610774471802566,-0.48610774471802565,0.8602446674923301,43.66197183098591,-0.55221754220439,,-1.1980037056994104,WF,-RIDGE,T5,is,short,2003
21,6,-1.6993926868970062,-1.8693926868970054,-1.6626163997128105,42.857142857142854,-2.16267856498958,,-3.901138944245498,WF,-RIDGE,T5,oos,short,2003
92,13,-0.6318575684762713,-0.8018575684762712,-0.3041527481408117,43.47826086956522,-0.592890404974915,,-1.3190286321953817,WF,-RIDGE,T5,all,short,2003
9,5,-0.7832649121279123,-0.9532649121279121,-0.5265039695271688,66.66666666666666,1.07410805827246,,-5.229335887910723,SPLIT,-RIDGE,T5,oos,short,2003
0,0,,,,,,,,WF,-RIDGE,TE,is,short,2003
0,0,,,,,,,,WF,-RIDGE,TE,oos,short,2003
0,0,,,,,,,,WF,-RIDGE,TE,all,short,2003
0,0,,,,,,,,SPLIT,-RIDGE,TE,oos,short,2003
8,8,-2.038667726329794,-2.208667726329794,-2.208667726329794,25.0,-0.530515602721215,,-8.296360026199874,WF,-HGBnet,top1,is,short,2003
8,8,-4.189129190803215,-4.359129190803214,-4.359129190803214,25.0,-4.45437423495829,,-9.394870897581773,WF,-HGBnet,top1,oos,short,2003
16,16,-3.1138984585665046,-3.2838984585665045,-3.2838984585665045,25.0,-1.797080840648025,,-5.975697968059817,WF,-HGBnet,top1,all,short,2003
8,8,-2.628865023335104,-2.798865023335104,-2.798865023335104,37.5,-2.9730472818782703,,-7.301963045681979,SPLIT,-HGBnet,top1,oos,short,2003
16,8,-1.2829785247969472,-1.4529785247969476,-1.4529785247969476,37.5,-0.530515602721215,,-3.811652915371261,WF,-HGBnet,top2,is,short,2003
16,8,-1.9331514543665902,-2.1031514543665897,-2.1031514543665897,25.0,-2.637117109598175,,-4.782321839553654,WF,-HGBnet,top2,oos,short,2003
32,16,-1.6080649895817687,-1.7780649895817686,-1.7780649895817686,31.25,-1.161087227981695,,-3.036631528031055,WF,-HGBnet,top2,all,short,2003
16,8,-1.25349283779979,-1.4234928377997902,-1.42349283779979,43.75,-2.15083473287336,,-3.786393626738555,SPLIT,-HGBnet,top2,oos,short,2003
24,8,-0.7431595342981043,-0.913159534298104,-0.9131595342981038,45.83333333333333,-0.35304563893970503,,-2.4399585896620675,WF,-HGBnet,top3,is,short,2003
24,8,-2.00967031920711,-2.17967031920711,-2.17967031920711,25.0,-2.637117109598175,,-3.894178943721569,WF,-HGBnet,top3,oos,short,2003
48,16,-1.3764149267526071,-1.5464149267526068,-1.5464149267526068,35.41666666666667,-1.161087227981695,,-2.3889976317057617,WF,-HGBnet,top3,all,short,2003
24,8,-2.152596243201596,-2.3225962432015956,-2.3225962432015956,33.33333333333333,-2.6804460286562497,,-3.8556186487455664,SPLIT,-HGBnet,top3,oos,short,2003
40,8,0.11045262875565032,-0.05954737124434957,-0.05954737124434992,50.0,0.39584900800865,14.049352204970987,-1.6472402909684425,WF,-HGBnet,top5,is,short,2003
40,8,-2.2570566565449988,-2.4270566565449987,-2.4270566565449987,27.500000000000004,-2.568293303221035,,-3.3463207348686645,WF,-HGBnet,top5,oos,short,2003
80,16,-1.0733020138946743,-1.2433020138946742,-1.2433020138946744,38.75,-0.74821455199316,,-2.010723086289061,WF,-HGBnet,top5,all,short,2003
40,8,-1.5542009565660788,-1.7242009565660792,-1.7242009565660792,37.5,-2.092594355790165,,-2.5096909025980514,SPLIT,-HGBnet,top5,oos,short,2003
80,8,0.3220764840860538,0.15207648408605395,0.15207648408605387,52.5,0.580886019636215,2.6323234071799426,-0.5607818494676096,WF,-HGBnet,top10,is,short,2003
80,8,-1.4403493624064168,-1.610349362406417,-1.6103493624064165,37.5,-1.28455991295428,,-2.0415517603285815,WF,-HGBnet,top10,oos,short,2003
160,16,-0.5591364391601815,-0.7291364391601816,-0.7291364391601813,45.0,-0.47141746367854503,,-1.014752178726349,WF,-HGBnet,top10,all,short,2003
80,8,-0.6250712478684822,-0.7950712478684819,-0.7950712478684823,45.0,-1.218274550762575,,-1.2431293510590782,SPLIT,-HGBnet,top10,oos,short,2003
11,4,2.534029652846144,2.364029652846144,2.4543787817651723,54.54545454545454,0.86810215221069,1.4460401327022587,-2.0721780248160795,WF,-HGBnet,T2,is,short,2003
7,3,-1.28819538349901,-1.4581953834990098,-2.2403265009459967,28.57142857142857,-2.55155758919976,,-5.960674981175624,WF,-HGBnet,T2,oos,short,2003
18,7,1.047608805378584,0.8776088053785838,0.4423622320318143,44.44444444444444,-0.42833744092475,2.299110833231383,-1.884406081923563,WF,-HGBnet,T2,all,short,2003
2,2,-3.4255389785024253,-3.595538978502425,-3.595538978502425,0.0,-3.4255389785024253,,,SPLIT,-HGBnet,T2,oos,short,2003
35,8,0.6723083657073649,0.5023083657073649,-1.4562198933131785,45.714285714285715,-0.52999917804373,2.6378845737301497,-1.2846907511454575,WF,-HGBnet,T5,is,short,2003
20,5,-2.1861231305092192,-2.356123130509219,-3.480865464693602,30.0,-1.60600862851725,,-4.367983613765509,WF,-HGBnet,T5,oos,short,2003
55,13,-0.3671212692804842,-0.5371212692804839,-2.234929728459495,40.0,-0.5310320273987,,-1.6508447555172394,WF,-HGBnet,T5,all,short,2003
9,3,-0.8614089650579132,-1.0314089650579135,-0.567869521175953,44.44444444444444,-1.72708369792815,,-3.491133998726575,SPLIT,-HGBnet,T5,oos,short,2003
0,0,,,,,,,,WF,-HGBnet,TE,is,short,2003
0,0,,,,,,,,WF,-HGBnet,TE,oos,short,2003
0,0,,,,,,,,WF,-HGBnet,TE,all,short,2003
0,0,,,,,,,,SPLIT,-HGBnet,TE,oos,short,2003
8,8,-0.7572942896137411,-0.9272942896137408,-0.9272942896137408,37.5,-1.23250315904828,,-5.87619692088552,WF,ENS-,top1,is,short,2003
8,8,-0.5001318459002302,-0.6701318459002302,-0.6701318459002302,50.0,-0.14537868950665506,,-4.363740658864146,WF,ENS-,top1,oos,short,2003
16,16,-0.6287130677569857,-0.7987130677569856,-0.7987130677569856,43.75,-1.120205995356285,,-2.897163064859345,WF,ENS-,top1,all,short,2003
8,8,0.02956928546305887,-0.1404307145369413,-0.1404307145369413,75.0,1.245937565512635,63.048146766283914,-4.892584971162727,SPLIT,ENS-,top1,oos,short,2003
16,8,-1.6078221016231335,-1.7778221016231333,-1.7778221016231333,25.0,-1.538576954423085,,-3.791641495677214,WF,ENS-,top2,is,short,2003
16,8,-1.8444701469611555,-2.014470146961155,-2.014470146961156,37.5,-1.004345300632845,,-4.377241179302038,WF,ENS-,top2,oos,short,2003
32,16,-1.7261461242921445,-1.8961461242921445,-1.8961461242921445,31.25,-1.42627979073109,,-3.0543763337022756,WF,ENS-,top2,all,short,2003
16,8,-0.1942988053817824,-0.3642988053817824,-0.3642988053817825,68.75,1.12859468149424,,-2.030719646798744,SPLIT,ENS-,top2,oos,short,2003
24,8,-1.4968466491441306,-1.6668466491441307,-1.6668466491441307,29.166666666666668,-1.22215184570784,,-2.8507593061928316,WF,ENS-,top3,is,short,2003
24,8,-0.6921586924018124,-0.8621586924018121,-0.8621586924018123,45.83333333333333,-0.28140228181969,,-2.361417688512978,WF,ENS-,top3,oos,short,2003
48,16,-1.0945026707729717,-1.2645026707729714,-1.2645026707729716,37.5,-0.70733331936775,,-2.028741237094698,WF,ENS-,top3,all,short,2003
24,8,0.8841261893863568,0.7141261893863566,0.7141261893863566,66.66666666666666,1.7241256069244753,1.6790020713244012,-0.7583033859858774,SPLIT,ENS-,top3,oos,short,2003
40,8,-1.0694376405743,-1.2394376405743002,-1.2394376405743,35.0,-1.22215184570784,,-2.2201240481849474,WF,ENS-,top5,is,short,2003
40,8,-0.08489482386214345,-0.25489482386214346,-0.2548948238621434,55.00000000000001,0.599430282375755,,-1.1906706237491722,WF,ENS-,top5,oos,short,2003
80,16,-0.5771662322182219,-0.7471662322182218,-0.7471662322182218,45.0,-0.42833744092475,,-1.2550754691626975,WF,ENS-,top5,all,short,2003
40,8,0.8408861302282754,0.6708861302282756,0.6708861302282756,57.49999999999999,0.87500223794165,1.2826142191812444,-0.271595859559774,SPLIT,ENS-,top5,oos,short,2003
80,8,-0.8765677789574027,-1.0465677789574028,-1.0465677789574026,40.0,-0.811787707084625,,-1.7220337667337426,WF,ENS-,top10,is,short,2003
80,8,-0.5559327850554032,-0.7259327850554032,-0.7259327850554032,50.0,-0.024061393854379994,,-1.1895063974635596,WF,ENS-,top10,oos,short,2003
160,16,-0.716250282006403,-0.8862502820064029,-0.8862502820064029,45.0,-0.530515602721215,,-1.1231453404738054,WF,ENS-,top10,all,short,2003
80,8,0.20210346622814562,0.0321034662281457,0.032103466228145784,52.5,0.604421056420365,2.81197387682934,-0.39061994797019806,SPLIT,ENS-,top10,oos,short,2003
3,2,-0.9669681308837732,-1.1369681308837734,-0.4007534591580176,33.33333333333333,-1.64181230400537,,,WF,ENS-,T2,is,short,2003
25,3,-0.42409458791163035,-0.5940945879116302,-1.465939611224272,48.0,-0.03614106880028,,-2.0452870224146475,WF,ENS-,T2,oos,short,2003
28,5,-0.48225961037293136,-0.6522596103729311,-1.03986515039777,46.42857142857143,-0.181408386303025,,-1.9046367322149684,WF,ENS-,T2,all,short,2003
0,0,,,,,,,,SPLIT,ENS-,T2,oos,short,2003
19,6,-0.7658354807299879,-0.9358354807299876,0.1771260910410432,42.10526315789473,-0.52999917804373,,-3.134727139810356,WF,ENS-,T5,is,short,2003
67,4,-1.3537620837796904,-1.5237620837796901,-1.2695812845998256,43.28358208955223,-0.66045966783474,,-2.151674842914818,WF,ENS-,T5,oos,short,2003
86,10,-1.2238713226408027,-1.3938713226408024,-0.4015568592153043,43.02325581395349,-0.595229422939235,,-1.929448847869875,WF,ENS-,T5,all,short,2003
5,3,1.9464298885751539,1.7764298885751544,1.1976789230697547,80.0,0.6504066400824,1.0,,SPLIT,ENS-,T5,oos,short,2003
0,0,,,,,,,,WF,ENS-,TE,is,short,2003
0,0,,,,,,,,WF,ENS-,TE,oos,short,2003
0,0,,,,,,,,WF,ENS-,TE,all,short,2003
0,0,,,,,,,,SPLIT,ENS-,TE,oos,short,2003
8,8,1.0296608287857163,0.8596608287857166,0.8596608287857166,50.0,0.15636408477143499,2.052317040184448,-2.8894123619777368,WF,HGBc+,top1,is,long,2004
8,8,0.34975308066849103,0.17975308066849136,0.17975308066849136,62.5,2.0318790070338,7.58178083264494,-6.138661660006384,WF,HGBc+,top1,oos,long,2004
16,16,0.6897069547271039,0.5197069547271039,0.5197069547271039,56.25,0.9762425340259151,2.844824517639766,-1.850746618279596,WF,HGBc+,top1,all,long,2004
8,8,-1.2166136993390313,-1.3866136993390308,-1.3866136993390308,37.5,-1.426426954903385,,-6.983760976390017,SPLIT,HGBc+,top1,oos,long,2004
16,8,3.6872100480458734,3.5172100480458734,3.5172100480458734,50.0,0.15636408477143499,1.2720542592301682,-1.4590853792685865,WF,HGBc+,top2,is,long,2004
16,8,-0.44007887444684385,-0.6100788744468437,-0.6100788744468437,50.0,-0.024611925813009927,,-3.3261968530637427,WF,HGBc+,top2,oos,long,2004
32,16,1.6235655867995147,1.4535655867995145,1.453565586799515,50.0,0.15636408477143499,1.5529120845746798,-1.0639277428634464,WF,HGBc+,top2,all,long,2004
16,8,-0.5990158131900996,-0.7690158131900992,-0.7690158131900992,43.75,-1.426426954903385,,-2.9737065373494795,SPLIT,HGBc+,top2,oos,long,2004
24,8,2.5983485845316525,2.428348584531652,2.4283485845316526,54.166666666666664,0.23099861863291002,1.2034133973183971,-0.66762810062783,WF,HGBc+,top3,is,long,2004
24,8,0.42131911660216415,0.2513191166021644,0.2513191166021642,54.166666666666664,1.423579054220505,4.03798407931536,-1.6167925497455833,WF,HGBc+,top3,oos,long,2004
48,16,1.5098338505669084,1.3398338505669083,1.3398338505669083,54.166666666666664,0.29152239061801005,1.1132591924574453,-0.19088658157409136,WF,HGBc+,top3,all,long,2004
24,8,-0.8736821685288778,-1.0436821685288775,-1.0436821685288777,41.66666666666667,-1.426426954903385,,-2.655529484015088,SPLIT,HGBc+,top3,oos,long,2004
40,8,0.6746976593627096,0.5046976593627096,0.5046976593627096,42.5,-0.6017359326789851,3.14916572013113,-1.6571852353771954,WF,HGBc+,top5,is,long,2004
40,8,-0.19905131599034187,-0.3690513159903419,-0.36905131599034185,47.5,-0.17590450008381,,-1.4874906132625314,WF,HGBc+,top5,oos,long,2004
80,16,0.2378231716861839,0.067823171686184,0.06782317168618397,45.0,-0.36650504967735,4.513148318559063,-0.8912086141052804,WF,HGBc+,top5,all,long,2004
40,8,-1.2912224205859528,-1.461222420585953,-1.4612224205859528,42.5,-0.804493067429725,,-2.4380738318450517,SPLIT,HGBc+,top5,oos,long,2004
80,8,0.7950054096493933,0.6250054096493939,0.6250054096493938,51.24999999999999,0.23099861863291002,1.3365947467574069,-0.285434287500486,WF,HGBc+,top10,is,long,2004
80,8,-0.7037541039690186,-0.8737541039690183,-0.8737541039690185,42.5,-0.92903305924366,,-1.3543120242196605,WF,HGBc+,top10,oos,long,2004
160,16,0.04562565284018737,-0.12437434715981224,-0.12437434715981237,46.875,-0.13988551715153502,11.762365912543032,-0.5068799699249081,WF,HGBc+,top10,all,long,2004
80,8,-0.617950702323381,-0.7879507023233812,-0.7879507023233809,45.0,-0.145858531885235,,-1.3354711688974277,SPLIT,HGBc+,top10,oos,long,2004
20,7,2.5278556834045554,2.357855683404555,3.6046020295731327,45.0,-0.025461814201375,1.4843667783996326,-1.632545751506488,WF,HGBc+,T2,is,long,2004
25,6,-1.8700078164920153,-2.0400078164920146,-2.9903386238850294,36.0,-2.3862288613683202,,-3.8537201869251345,WF,HGBc+,T2,oos,long,2004
45,13,0.08459818346201656,-0.08540181653798354,0.5607832664385964,40.0,-0.53544048959991,20.962634943218895,-1.8999029849756564,WF,HGBc+,T2,all,long,2004
36,8,-0.8824910312609239,-1.0524910312609235,-0.7372259494711584,41.66666666666667,-1.426426954903385,,-2.2876045121838358,SPLIT,HGBc+,T2,oos,long,2004
75,8,0.7138740412569479,0.5438740412569482,0.1936135948265167,45.33333333333333,-0.30682906325076004,1.700165208843274,-0.5355318934119246,WF,HGBc+,T5,is,long,2004
85,8,-1.1059781770003254,-1.2759781770003251,-0.35986631339055797,40.0,-1.3558665819212299,,-1.7446262163879893,WF,HGBc+,T5,oos,long,2004
160,16,-0.25292244969222866,-0.4229224496922283,-0.08312635928202057,42.5,-0.5898063066984149,,-0.8483572747345961,WF,HGBc+,T5,all,long,2004
111,8,-0.26855681739811543,-0.43855681739811536,-0.6715870070736465,45.04504504504504,-0.207824348418,,-0.9287697489725943,SPLIT,HGBc+,T5,oos,long,2004
0,0,,,,,,,,WF,HGBc+,TE,is,long,2004
0,0,,,,,,,,WF,HGBc+,TE,oos,long,2004
0,0,,,,,,,,WF,HGBc+,TE,all,long,2004
0,0,,,,,,,,SPLIT,HGBc+,TE,oos,long,2004
8,8,-0.9359682718158489,-1.1059682718158488,-1.1059682718158488,12.5,-1.090898088046425,,-1.90662880641761,WF,RFc+,top1,is,long,2004
8,8,0.4836922671240074,0.3136922671240078,0.3136922671240078,37.5,-1.346215781187475,4.970299977528994,-5.12107572611572,WF,RFc+,top1,oos,long,2004
16,16,-0.22613800234592055,-0.3961380023459204,-0.3961380023459204,25.0,-1.090898088046425,,-2.4335845677677503,WF,RFc+,top1,all,long,2004
8,8,-2.1655265988446826,-2.3355265988446825,-2.3355265988446825,25.0,-2.7447617533807604,,-7.369264242145383,SPLIT,RFc+,top1,oos,long,2004
16,8,0.1003289964085638,-0.06967100359143619,-0.06967100359143626,25.0,-0.5928336284982549,10.258324671127482,-1.3510958875328973,WF,RFc+,top2,is,long,2004
16,8,0.6540379032421683,0.4840379032421684,0.4840379032421682,43.75,-0.5614534138830949,3.392534407205225,-2.2760846358156352,WF,RFc+,top2,oos,long,2004
32,16,0.37718344982536606,0.20718344982536613,0.20718344982536605,34.375,-0.5928336284982549,3.24946541384041,-1.005583555620943,WF,RFc+,top2,all,long,2004
16,8,1.2640993979997321,1.0940993979997322,1.0940993979997324,50.0,-0.16292059264767,2.5403685065936137,-2.8322602209203405,SPLIT,RFc+,top2,oos,long,2004
24,8,-0.49373820017036396,-0.6637382001703638,-0.6637382001703637,29.166666666666668,-0.6591290715773299,,-2.026467460746939,WF,RFc+,top3,is,long,2004
24,8,0.019623037298769894,-0.15037696270122977,-0.15037696270122974,41.66666666666667,-1.3470067615644,85.27853456528412,-2.08901157127609,WF,RFc+,top3,oos,long,2004
48,16,-0.2370575814357971,-0.4070575814357969,-0.40705758143579673,35.41666666666667,-0.9734581911327299,,-1.2722897236685948,WF,RFc+,top3,all,long,2004
24,8,1.4657299165903614,1.2957299165903615,1.295729916590362,54.166666666666664,0.509114325353575,1.67150508568137,-1.2432569598641152,SPLIT,RFc+,top3,oos,long,2004
40,8,0.18332982383206173,0.013329823832061855,0.01332982383206189,37.5,-0.32805536531812496,6.671435837362025,-1.188278094786767,WF,RFc+,top5,is,long,2004
40,8,0.027810056343509776,-0.1421899436564901,-0.14218994365649004,45.0,-0.39887657932830506,38.206878330899045,-1.1825432945696177,WF,RFc+,top5,oos,long,2004
80,16,0.10556994008778574,-0.06443005991221419,-0.06443005991221412,41.25,-0.39887657932830506,6.722593084366762,-0.6444093963342677,WF,RFc+,top5,all,long,2004
40,8,-0.0030607274698576936,-0.1730607274698578,-0.17306072746985768,45.0,-1.11158069151235,,-1.6834808381251767,SPLIT,RFc+,top5,oos,long,2004
80,8,0.16158635155248632,-0.008413648447513494,-0.00841364844751352,41.25,-0.21535249852195001,5.949646263111204,-0.8531149665403063,WF,RFc+,top10,is,long,2004
80,8,-0.7217727864197604,-0.8917727864197602,-0.8917727864197602,41.25,-0.7262220353507101,,-1.3667729976945364,WF,RFc+,top10,oos,long,2004
160,16,-0.280093217433637,-0.4500932174336369,-0.4500932174336369,41.25,-0.516848328478,,-0.7913999468215669,WF,RFc+,top10,all,long,2004
80,8,0.4653700942928669,0.2953700942928672,0.29537009429286726,51.24999999999999,0.402252622558615,1.8518070296942521,-0.42283255224335053,SPLIT,RFc+,top10,oos,long,2004
5,4,0.9268998507610241,0.7568998507610242,0.09059920872825258,40.0,-1.51376480033479,1.0000000000000002,,WF,RFc+,T2,is,long,2004
28,6,-1.5476932837894728,-1.7176932837894725,-0.9273768973461053,35.714285714285715,-2.3323246343262096,,-3.633624128849189,WF,RFc+,T2,oos,long,2004
33,10,-1.1727549300697004,-1.3427549300697001,-0.5201864549163622,36.36363636363637,-1.8019784478513798,,-2.9323706131836205,WF,RFc+,T2,all,long,2004
46,8,-0.061033221718731705,-0.23103322171873156,-0.27105663632600535,45.65217391304348,-0.74361926409319,,-1.5026080106011834,SPLIT,RFc+,T2,oos,long,2004
48,8,0.38232404595046426,0.21232404595046428,-0.12970447474429658,45.83333333333333,0.01353661284329,3.456671429642038,-1.0484590443367316,WF,RFc+,T5,is,long,2004
122,8,-0.29482692954109974,-0.4648269295410996,-0.5718852720657025,45.08196721311475,-0.62688346054047,,-0.869252610201,WF,RFc+,T5,oos,long,2004
170,16,-0.10363135999054054,-0.27363135999054045,-0.35079487340499965,45.294117647058826,-0.37669785824298,,-0.6230426448655586,WF,RFc+,T5,all,long,2004
184,8,0.4439931420939358,0.27399314209393594,0.206262953166665,52.71739130434783,0.387176904341115,1.0998120104990308,-0.045553721013813685,SPLIT,RFc+,T5,oos,long,2004
0,0,,,,,,,,WF,RFc+,TE,is,long,2004
0,0,,,,,,,,WF,RFc+,TE,oos,long,2004
0,0,,,,,,,,WF,RFc+,TE,all,long,2004
0,0,,,,,,,,SPLIT,RFc+,TE,oos,long,2004
8,8,-0.9210555525456312,-1.0910555525456314,-1.0910555525456314,25.0,-1.672521574298205,,-3.61854190125691,WF,ETc+,top1,is,long,2004
8,8,-1.6676479185638988,-1.8376479185638985,-1.8376479185638985,25.0,-1.20139763264644,,-7.130774862756879,WF,ETc+,top1,oos,long,2004
16,16,-1.2943517355547651,-1.4643517355547648,-1.4643517355547648,25.0,-1.41940111256132,,-3.502946397502924,WF,ETc+,top1,all,long,2004
8,8,0.9754001797545437,0.8054001797545438,0.8054001797545438,50.0,0.34918750002334,1.903296455938306,-2.34953473465031,SPLIT,ETc+,top1,oos,long,2004
16,8,-1.0849334787430462,-1.2549334787430464,-1.2549334787430464,31.25,-0.7753142807047949,,-3.4677569514172597,WF,ETc+,top2,is,long,2004
16,8,-1.1632119754728065,-1.3332119754728067,-1.3332119754728065,25.0,-2.037262363357005,,-4.148630213699029,WF,ETc+,top2,oos,long,2004
32,16,-1.1240727271079265,-1.2940727271079262,-1.2940727271079266,28.125,-1.41940111256132,,-2.7500229509257257,WF,ETc+,top2,all,long,2004
16,8,0.7300379849256731,0.5600379849256732,0.5600379849256734,56.25,1.4498502594530698,2.536834676456888,-1.631923913257433,SPLIT,ETc+,top2,oos,long,2004
24,8,-1.2254589321805889,-1.3954589321805888,-1.3954589321805888,33.33333333333333,-1.51996782990125,,-2.9519717292685757,WF,ETc+,top3,is,long,2004
24,8,-0.7481925290675151,-0.9181925290675148,-0.9181925290675151,37.5,-1.20139763264644,,-2.5780412908157464,WF,ETc+,top3,oos,long,2004
48,16,-0.9868257306240518,-1.1568257306240517,-1.1568257306240517,35.41666666666667,-1.41940111256132,,-1.9918826421420313,WF,ETc+,top3,all,long,2004
24,8,0.30029372757495126,0.1302937275749514,0.1302937275749513,54.166666666666664,1.03498971144078,4.111498188226204,-1.1802484917286158,SPLIT,ETc+,top3,oos,long,2004
40,8,-0.9107404120630676,-1.0807404120630675,-1.0807404120630673,37.5,-1.51996782990125,,-2.036106832126198,WF,ETc+,top5,is,long,2004
40,8,-0.856941664852036,-1.0269416648520358,-1.026941664852036,37.5,-1.329045156146385,,-1.9793815079401416,WF,ETc+,top5,oos,long,2004
80,16,-0.8838410384575517,-1.0538410384575516,-1.0538410384575516,37.5,-1.41940111256132,,-1.4769389756997502,WF,ETc+,top5,all,long,2004
40,8,0.6101056385783322,0.4401056385783324,0.4401056385783324,50.0,0.3530650190975951,1.664231600473116,-0.46314450830920945,SPLIT,ETc+,top5,oos,long,2004
80,8,-0.8290086586494452,-0.9990086586494451,-0.9990086586494452,38.75,-1.3049922179283449,,-1.6831551894587156,WF,ETc+,top10,is,long,2004
80,8,0.15943851201362333,-0.010561487986376523,-0.010561487986376471,46.25,-0.304178127650045,3.793599845697002,-0.4751012293967121,WF,ETc+,top10,oos,long,2004
160,16,-0.33478507331791096,-0.5047850733179108,-0.5047850733179109,42.5,-0.620587692608805,,-0.7705134249669515,WF,ETc+,top10,all,long,2004
80,8,0.3961416414696368,0.22614164146963675,0.2261416414696369,47.5,-0.13412553163531502,1.5398305729144341,-0.2281059938878063,SPLIT,ETc+,top10,oos,long,2004
73,7,0.4298629531512715,0.25986295315127145,-0.5862708333446548,45.20547945205479,-0.34260907094066,2.0283710203422785,-0.4745629128380123,WF,ETc+,T2,is,long,2004
183,8,0.5331623596000474,0.3631623596000474,0.07137921599265543,50.81967213114754,0.5473376574233799,0.6141624358423425,0.21149255113224438,WF,ETc+,T2,oos,long,2004
256,15,0.5037058882298886,0.33370588822988867,-0.23552414036475586,49.21875,0.11917636381135,0.5488550109957229,0.23177116803249762,WF,ETc+,T2,all,long,2004
328,8,0.6915973724616689,0.5215973724616689,0.1282329960453893,52.4390243902439,0.35794243794993497,0.3551193457590579,0.4529017562105336,SPLIT,ETc+,T2,oos,long,2004
155,8,0.5395713247418686,0.3695713247418685,-1.0258260886905224,47.096774193548384,-0.12067024103634,1.0607159166875184,-0.033852586520001005,WF,ETc+,T5,is,long,2004
342,8,0.22529952724397745,0.055299527243977555,-0.31405430130210804,47.368421052631575,-0.17590450008381,0.9772616371290808,0.0051989504526742895,WF,ETc+,T5,oos,long,2004
497,16,0.32331185845559335,0.1533118584555935,-0.6699401949963153,47.283702213279675,-0.15423939041283,0.6002936833615348,0.13054310296383062,WF,ETc+,T5,all,long,2004
694,8,0.24415259443624487,0.07415259443624495,-0.05868061263868368,47.83861671469741,-0.12763577689782502,0.5631186259776044,0.10743978276391442,SPLIT,ETc+,T5,oos,long,2004
0,0,,,,,,,,WF,ETc+,TE,is,long,2004
0,0,,,,,,,,WF,ETc+,TE,oos,long,2004
0,0,,,,,,,,WF,ETc+,TE,all,long,2004
0,0,,,,,,,,SPLIT,ETc+,TE,oos,long,2004
8,8,0.6164017990864749,0.4464017990864752,0.4464017990864752,37.5,-0.21136062685614998,3.3016316562998127,-3.7832797167402337,WF,LR+,top1,is,long,2004
8,8,-0.03979725357921016,-0.20979725357920964,-0.20979725357920964,50.0,0.5191579207898551,,-5.711938843141207,WF,LR+,top1,oos,long,2004
16,16,0.28830227275363246,0.11830227275363278,0.11830227275363278,43.75,-0.21136062685614998,6.685926557493872,-2.3843862534337767,WF,LR+,top1,all,long,2004
8,8,-0.39487553254442703,-0.5648755325444275,-0.5648755325444275,50.0,-0.215676928965575,,-7.2340688960365,SPLIT,LR+,top1,oos,long,2004
16,8,-0.6289679367126356,-0.7989679367126357,-0.7989679367126357,31.25,-0.99419302421881,,-2.5364214855907563,WF,LR+,top2,is,long,2004
16,8,-0.5979868500951545,-0.7679868500951542,-0.7679868500951542,31.25,-0.565113954962855,,-2.558008555693032,WF,LR+,top2,oos,long,2004
32,16,-0.613477393403895,-0.783477393403895,-0.783477393403895,31.25,-0.565113954962855,,-1.8693467311390481,WF,LR+,top2,all,long,2004
16,8,-0.15674398018725924,-0.3267439801872591,-0.32674398018725914,50.0,-0.18198334372433494,,-3.124861790930989,SPLIT,LR+,top2,oos,long,2004
24,8,-0.4477655349741555,-0.6177655349741553,-0.6177655349741555,33.33333333333333,-0.46188140317184,,-1.8168330756985471,WF,LR+,top3,is,long,2004
24,8,0.30804290915285465,0.13804290915285478,0.13804290915285466,41.66666666666667,-0.37851459956669004,4.534867598352437,-1.3754411349052416,WF,LR+,top3,oos,long,2004
48,16,-0.06986131291065045,-0.23986131291065035,-0.23986131291065035,37.5,-0.46188140317184,,-1.0496967624933544,WF,LR+,top3,all,long,2004
24,8,-0.43078153001804576,-0.6007815300180457,-0.6007815300180455,45.83333333333333,-0.600279432997715,,-2.2769670145883256,SPLIT,LR+,top3,oos,long,2004
40,8,0.1692275674850662,-0.0007724325149336894,-0.0007724325149337545,42.5,-0.107297727810845,6.208036828204744,-1.0072496043539751,WF,LR+,top5,is,long,2004
40,8,0.520611015460046,0.35061101546004597,0.35061101546004625,50.0,0.20154679726137503,1.818672496178088,-0.4870970509308399,WF,LR+,top5,oos,long,2004
80,16,0.3449192914725562,0.17491929147255614,0.17491929147255622,46.25,-0.107297727810845,1.7131939535828093,-0.26239397669578,WF,LR+,top5,all,long,2004
40,8,0.18521837807572578,0.015218378075726008,0.015218378075725937,52.5,0.538194477135665,5.715239962285898,-0.9981132549170744,SPLIT,LR+,top5,oos,long,2004
80,8,0.5933876620938087,0.42338766209380874,0.4233876620938087,45.0,-0.047489430404165006,1.2122675838832762,-0.1343540963613852,WF,LR+,top10,is,long,2004
80,8,-0.15400964299359582,-0.32400964299359547,-0.32400964299359564,46.25,-0.29226806143305,,-0.7224255215376515,WF,LR+,top10,oos,long,2004
160,16,0.21968900955010645,0.04968900955010663,0.049689009550106564,45.625,-0.12115995382070001,1.6870247469453536,-0.15580055348938063,WF,LR+,top10,all,long,2004
80,8,0.7575649137112234,0.5875649137112233,0.5875649137112233,57.49999999999999,1.012850109718555,0.8725400233216312,0.10299648664958182,SPLIT,LR+,top10,oos,long,2004
14,6,1.137604854665765,0.9676048546657651,2.1807583138126776,35.714285714285715,-0.38114593769168004,1.9363596185734224,-1.656989052136616,WF,LR+,T2,is,long,2004
16,4,0.9547431455492694,0.7847431455492697,0.6425632863076164,56.25,1.2347561373328602,2.1384493294693687,-1.5809842819869702,WF,LR+,T2,oos,long,2004
30,10,1.0400786098036336,0.8700786098036342,1.565480302810653,46.666666666666664,-0.13062516137599,1.6809738689707932,-0.8499196259420925,WF,LR+,T2,all,long,2004
22,6,-0.4883090835423872,-0.6583090835423869,-0.4210648237818953,54.54545454545454,0.61640624644733,,-2.029166339435965,SPLIT,LR+,T2,oos,long,2004
55,7,0.3292476212930604,0.1592476212930604,-0.7788161353921218,45.45454545454545,-0.09392521458535,3.794757512220819,-1.0121839892885776,WF,LR+,T5,is,long,2004
88,8,0.21679022747306764,0.04679022747306775,-0.5807703049731096,46.590909090909086,-0.32463188486839,2.662704920613322,-0.3821725260302517,WF,LR+,T5,oos,long,2004
143,15,0.260043071249988,0.09004307124998806,-0.6731916925019821,46.15384615384615,-0.12067024103634,2.065332055641845,-0.2870696189128561,WF,LR+,T5,all,long,2004
109,8,0.19918643666440267,0.029186436664402887,0.34752656573618257,51.37614678899083,0.52905129684795,2.435616660337204,-0.2997032211707627,SPLIT,LR+,T5,oos,long,2004
0,0,,,,,,,,WF,LR+,TE,is,long,2004
0,0,,,,,,,,WF,LR+,TE,oos,long,2004
0,0,,,,,,,,WF,LR+,TE,all,long,2004
0,0,,,,,,,,SPLIT,LR+,TE,oos,long,2004
8,8,2.158520643561295,1.9885206435612952,1.9885206435612952,62.5,0.5781519501406099,1.5555208056613523,-3.19760833852755,WF,HGBr,top1,is,long,2004
8,8,-0.16413644700578375,-0.3341364470057836,-0.3341364470057836,37.5,-0.39945964637294495,,-4.205893282723777,WF,HGBr,top1,oos,long,2004
16,16,0.9971920982777556,0.8271920982777556,0.8271920982777556,50.0,0.184959374631605,2.3356557580084547,-1.9373168987712246,WF,HGBr,top1,all,long,2004
8,8,0.7480258306387877,0.5780258306387879,0.5780258306387879,50.0,-0.73696914693174,2.559377894296172,-3.1105465190950863,SPLIT,HGBr,top1,oos,long,2004
16,8,1.3256771394432587,1.155677139443259,1.155677139443259,56.25,0.30873023578909004,1.784374711143684,-1.5124765430117688,WF,HGBr,top2,is,long,2004
16,8,0.21269500363667254,0.04269500363667271,0.04269500363667279,50.0,0.32139485626561504,7.567398157704651,-2.031785854598498,WF,HGBr,top2,oos,long,2004
32,16,0.7691860715399655,0.5991860715399658,0.5991860715399657,53.125,0.30873023578909004,2.1205607094862553,-1.0215344474687633,WF,HGBr,top2,all,long,2004
16,8,-1.0576241948322507,-1.2276241948322506,-1.2276241948322504,37.5,-2.07401865491187,,-3.2574297003296566,SPLIT,HGBr,top2,oos,long,2004
24,8,1.4013494517453462,1.2313494517453458,1.231349451745346,58.333333333333336,0.6729416154076999,1.4743199281267452,-0.8396058583987032,WF,HGBr,top3,is,long,2004
24,8,-0.34510420157067917,-0.5151042015706789,-0.515104201570679,45.83333333333333,-0.39945964637294495,,-2.2177385297806023,WF,HGBr,top3,oos,long,2004
48,16,0.5281226250873333,0.3581226250873334,0.3581226250873336,52.083333333333336,0.30873023578909004,2.265366210045983,-0.7459741669353986,WF,HGBr,top3,all,long,2004
24,8,0.4112959077876448,0.2412959077876446,0.24129590778764484,41.66666666666667,-1.73927947786023,5.430475435092697,-2.3017723149566036,SPLIT,HGBr,top3,oos,long,2004
40,8,3.2131450323700697,3.0431450323700697,3.0431450323700697,60.0,1.11356674910065,0.7955671443216796,0.7507113310583119,WF,HGBr,top5,is,long,2004
40,8,-0.5206269861310624,-0.690626986131062,-0.6906269861310621,45.0,-0.9712682814039999,,-1.7979407310548015,WF,HGBr,top5,oos,long,2004
80,16,1.3462590231195037,1.1762590231195038,1.1762590231195038,52.5,0.44516571742310007,0.9493985086802771,0.07266422855731208,WF,HGBr,top5,all,long,2004
40,8,0.0015420919603899297,-0.16845790803961014,-0.1684579080396101,40.0,-0.726897406792325,947.7635348734183,-1.6685673548784568,SPLIT,HGBr,top5,oos,long,2004
80,8,1.4758787454303413,1.3058787454303413,1.3058787454303415,56.25,0.6827684660538199,0.8660171526993165,0.21092526568887235,WF,HGBr,top10,is,long,2004
80,8,-0.0862083851354738,-0.25620838513547356,-0.2562083851354735,45.0,-0.44032999921486,,-0.9561151110740925,WF,HGBr,top10,oos,long,2004
160,16,0.6948351801474337,0.5248351801474339,0.524835180147434,50.625,0.23756795900995503,1.059603956509926,-0.04275089120936731,WF,HGBr,top10,all,long,2004
80,8,-0.27009059016909553,-0.4400905901690953,-0.44009059016909535,45.0,-0.44093212394821996,,-1.129960803110774,SPLIT,HGBr,top10,oos,long,2004
16,4,1.6183010524497543,1.4483010524497542,3.101862705437646,56.25,0.23756795900995503,1.5645393400159153,-1.3288648845047935,WF,HGBr,T2,is,long,2004
4,3,1.6740878088833326,1.5040878088833325,0.2954217948043017,50.0,-0.20613155087595997,1.0,,WF,HGBr,T2,oos,long,2004
20,7,1.6294584037364703,1.45945840373647,1.8991023151662128,55.00000000000001,0.23756795900995503,1.4917986874280542,-1.0684873389016114,WF,HGBr,T2,all,long,2004
14,5,1.4907820628934834,1.3207820628934832,0.6491176825086225,35.714285714285715,-0.726897406792325,2.1068268782424755,-2.5667252439302004,SPLIT,HGBr,T2,oos,long,2004
58,7,1.3632082211845453,1.1932082211845452,1.0704584272580129,46.55172413793103,-0.21966224306485,1.1010479733619525,-0.15074465707964055,WF,HGBr,T5,is,long,2004
38,5,1.6605289355772186,1.4905289355772189,1.9753900119471448,57.89473684210527,1.151785355408615,1.0271293227735052,-0.05187463538741569,WF,HGBr,T5,oos,long,2004
96,12,1.480897670631645,1.3108976706316453,1.4475132542118179,51.041666666666664,0.23756795900995503,0.7217233980640281,0.43474198322454927,WF,HGBr,T5,all,long,2004
77,8,0.22723784487248816,0.057237844872488126,-0.6037697435763462,46.75324675324675,-0.5378259160682299,3.5166906319952713,-0.6116017551077041,SPLIT,HGBr,T5,oos,long,2004
0,0,,,,,,,,WF,HGBr,TE,is,long,2004
0,0,,,,,,,,WF,HGBr,TE,oos,long,2004
0,0,,,,,,,,WF,HGBr,TE,all,long,2004
0,0,,,,,,,,SPLIT,HGBr,TE,oos,long,2004
8,8,0.6233851012894326,0.45338510128943266,0.45338510128943266,25.0,0.12815642653929502,2.078177298806449,-1.7923191056651335,WF,RIDGE,top1,is,long,2004
8,8,1.5609109689975214,1.3909109689975214,1.3909109689975214,62.5,2.29049188436567,1.9095642131489474,-3.785996686164777,WF,RIDGE,top1,oos,long,2004
16,16,1.092148035143477,0.9221480351434771,0.9221480351434771,43.75,0.15659093875352,1.8309754567794463,-1.3200701270896371,WF,RIDGE,top1,all,long,2004
8,8,1.693060382572069,1.523060382572069,1.523060382572069,75.0,1.487219946908225,1.62051191480226,-2.8015043729750433,SPLIT,RIDGE,top1,oos,long,2004
16,8,-0.5339288600189573,-0.7039288600189573,-0.7039288600189575,37.5,0.12815642653929502,,-2.2432550107371307,WF,RIDGE,top2,is,long,2004
16,8,-0.1067294034898112,-0.27672940348981107,-0.27672940348981107,43.75,-0.132329142080505,,-2.4607199106635664,WF,RIDGE,top2,oos,long,2004
32,16,-0.3203291317543843,-0.49032913175438436,-0.49032913175438425,40.625,0.038975882838975,,-1.5646545250526642,WF,RIDGE,top2,all,long,2004
16,8,1.1253645004686974,0.9553645004686976,0.9553645004686976,62.5,0.7938232347291599,1.6716834193221666,-1.0994744373215948,SPLIT,RIDGE,top2,oos,long,2004
24,8,-0.7078599809346016,-0.8778599809346017,-0.8778599809346017,37.5,0.11377657412019498,,-1.7646906619298044,WF,RIDGE,top3,is,long,2004
24,8,-0.021151176043726627,-0.19115117604372664,-0.1911511760437265,41.66666666666667,-0.132329142080505,,-1.716807150092136,WF,RIDGE,top3,oos,long,2004
48,16,-0.3645055784891641,-0.534505578489164,-0.5345055784891641,39.58333333333333,0.038975882838975,,-1.2695615502653739,WF,RIDGE,top3,all,long,2004
24,8,0.9706154921426261,0.8006154921426263,0.8006154921426263,58.333333333333336,0.7938232347291599,1.6328036578380225,-0.7758429900405553,SPLIT,RIDGE,top3,oos,long,2004
40,8,-0.2519121129499407,-0.42191211294994063,-0.4219121129499407,37.5,-0.088965291451105,,-1.3309994790480837,WF,RIDGE,top5,is,long,2004
40,8,0.5006671729157821,0.33066717291578207,0.3306671729157822,45.0,-0.132329142080505,2.1071103003670224,-0.6334786105036568,WF,RIDGE,top5,oos,long,2004
80,16,0.1243775299829206,-0.045622470017079204,-0.04562247001707925,41.25,-0.132329142080505,4.897951100024464,-0.5171386984696011,WF,RIDGE,top5,all,long,2004
40,8,0.30069380923815947,0.13069380923815965,0.13069380923815968,47.5,0.0036030524638150027,3.536197305750716,-0.8715643758237026,SPLIT,RIDGE,top5,oos,long,2004
80,8,0.25422973854235464,0.08422973854235472,0.08422973854235477,45.0,0.038975882838975,2.697894337080585,-0.4604322489477778,WF,RIDGE,top10,is,long,2004
80,8,0.07440474260821953,-0.09559525739178036,-0.09559525739178044,46.25,-0.132329142080505,7.515671842201321,-0.5171166787611872,WF,RIDGE,top10,oos,long,2004
160,16,0.16431724057528707,-0.005682759424712825,-0.005682759424712846,45.625,-0.050061198849885004,2.1203586906209564,-0.19003277264245375,WF,RIDGE,top10,all,long,2004
80,8,0.10151632670335413,-0.06848367329664592,-0.06848367329664579,46.25,-0.14049697139062,6.283537871281926,-0.5721230471366402,SPLIT,RIDGE,top10,oos,long,2004
38,7,-0.7274754526279436,-0.8974754526279433,-1.0208850373941578,36.84210526315789,-0.050061198849885004,,-1.4654617672549146,WF,RIDGE,T2,is,long,2004
9,5,1.5173457764227658,1.3473457764227657,2.761195117213152,66.66666666666666,2.36698607209384,1.9137317807964906,-3.119505881343317,WF,RIDGE,T2,oos,long,2004
47,12,-0.29761606834163734,-0.46761606834163727,0.5549816936922213,42.5531914893617,0.10661544913137,,-1.1058967275998932,WF,RIDGE,T2,all,long,2004
19,7,0.8210121180583332,0.6510121180583336,1.9290146795633765,52.63157894736842,0.39969850892769,2.4463389912306246,-1.611555352413683,SPLIT,RIDGE,T2,oos,long,2004
118,8,-0.11384690700420921,-0.2838469070042092,0.7575291937618254,45.76271186440678,-0.050061198849885004,,-0.6581044370812325,WF,RIDGE,T5,is,long,2004
51,6,0.22179281498000947,0.051792814980009524,-0.20735837659861223,43.13725490196079,-0.51084654637804,3.772807356156235,-0.681835352062557,WF,RIDGE,T5,oos,long,2004
169,14,-0.012559180251575224,-0.18255918025157503,0.34400594932163786,44.97041420118343,-0.13870058183581,,-0.38447785259877276,WF,RIDGE,T5,all,long,2004
97,8,0.26504648533711944,0.09504648533711944,0.1481704501915883,48.45360824742268,-0.12595770232519998,2.004720424319473,-0.28077031379992057,SPLIT,RIDGE,T5,oos,long,2004
0,0,,,,,,,,WF,RIDGE,TE,is,long,2004
0,0,,,,,,,,WF,RIDGE,TE,oos,long,2004
0,0,,,,,,,,WF,RIDGE,TE,all,long,2004
0,0,,,,,,,,SPLIT,RIDGE,TE,oos,long,2004
8,8,3.6302710434430727,3.4602710434430723,3.4602710434430723,62.5,1.2817318258941701,1.2322883545838483,-2.2487191663327506,WF,HGBnet,top1,is,long,2004
8,8,-0.7422910579940529,-0.9122910579940524,-0.9122910579940524,37.5,-0.7165621984601149,,-7.614040310812935,WF,HGBnet,top1,oos,long,2004
16,16,1.4439899927245101,1.2739899927245102,1.2739899927245102,50.0,0.09584031278633501,2.1552439530404226,-2.426415574321271,WF,HGBnet,top1,all,long,2004
8,8,-4.989099887048078,-5.159099887048077,-5.159099887048077,12.5,-4.0388007917370405,,-9.697851062215387,SPLIT,HGBnet,top1,oos,long,2004
16,8,0.3743901756139114,0.20439017561391137,0.20439017561391137,43.75,-0.025461814201375,6.152727987065974,-2.8060083432266856,WF,HGBnet,top2,is,long,2004
16,8,-0.4293200171108901,-0.5993200171108902,-0.59932001711089,50.0,0.166286071688595,,-2.9480508283277915,WF,HGBnet,top2,oos,long,2004
32,16,-0.027464920748489392,-0.19746492074848887,-0.19746492074848931,46.875,-0.025461814201375,,-1.9396634360559135,WF,HGBnet,top2,all,long,2004
16,8,-2.1104933490586086,-2.2804933490586077,-2.2804933490586077,31.25,-1.5001042979896801,,-4.4836163809931735,SPLIT,HGBnet,top2,oos,long,2004
24,8,1.8044776054744835,1.6344776054744838,1.6344776054744836,50.0,0.09584031278633501,1.598481893118488,-1.3641437979969913,WF,HGBnet,top3,is,long,2004
24,8,-0.1734506522479591,-0.34345065224795907,-0.343450652247959,45.83333333333333,-0.7165621984601149,,-2.336798983448134,WF,HGBnet,top3,oos,long,2004
48,16,0.8155134766132622,0.6455134766132621,0.6455134766132624,47.91666666666667,-0.025461814201375,2.061077421071397,-0.9659418827316496,WF,HGBnet,top3,all,long,2004
24,8,-1.8794952443621333,-2.0494952443621326,-2.049495244362133,33.33333333333333,-1.5001042979896801,,-4.209912983076696,SPLIT,HGBnet,top3,oos,long,2004
40,8,0.9241353683081192,0.7541353683081192,0.754135368308119,52.5,0.2744643425071,2.04758745272353,-1.1064144188087126,WF,HGBnet,top5,is,long,2004
40,8,-0.059623466577824816,-0.22962346657782476,-0.22962346657782462,45.0,-0.14826637567913,,-1.3281444996482261,WF,HGBnet,top5,oos,long,2004
80,16,0.4322559508651472,0.2622559508651472,0.2622559508651472,48.75,0.061603020800085,2.333112698431874,-0.6146622902091433,WF,HGBnet,top5,all,long,2004
40,8,-1.556651369134663,-1.7266513691346626,-1.726651369134663,35.0,-0.804493067429725,,-2.843200121693081,SPLIT,HGBnet,top5,oos,long,2004
80,8,0.4175793992486746,0.2475793992486747,0.2475793992486747,50.0,0.09584031278633501,2.7248645945204255,-0.768285782576158,WF,HGBnet,top10,is,long,2004
80,8,-0.3903030981629644,-0.560303098162964,-0.5603030981629641,43.75,-0.388375360867355,,-1.322586137003353,WF,HGBnet,top10,oos,long,2004
160,16,0.01363815054285511,-0.15636184945714465,-0.15636184945714465,46.875,-0.13412553163531502,47.03863170180613,-0.6481360412245613,WF,HGBnet,top10,all,long,2004
80,8,0.04305638813157764,-0.1269436118684221,-0.12694361186842204,45.0,-0.10771721549227001,20.994772653002116,-0.918296204747001,SPLIT,HGBnet,top10,oos,long,2004
20,6,0.6370756288543227,0.46707562885432274,1.2887740056470764,45.0,-0.025461814201375,3.561461924224212,-2.1757932882153908,WF,HGBnet,T2,is,long,2004
23,5,-1.228453039501515,-1.3984530395015147,-1.51475800139413,39.130434782608695,-1.37164626114547,,-3.2292677303001316,WF,HGBnet,T2,oos,long,2004
43,11,-0.3607652867778696,-0.5307652867778692,0.014441275173800833,41.86046511627907,-0.19756960975479002,,-1.9032928197170718,WF,HGBnet,T2,all,long,2004
30,7,-1.452532405501512,-1.622532405501512,-3.1559277922709996,36.666666666666664,-1.5001042979896801,,-3.384543543763041,SPLIT,HGBnet,T2,oos,long,2004
76,8,0.40189250153193107,0.23189250153193114,0.2616652400823028,48.68421052631579,0.01353661284329,2.782538708758798,-0.7668388661448372,WF,HGBnet,T5,is,long,2004
79,8,-0.9343845941300422,-1.1043845941300419,-1.0087720901657882,36.708860759493675,-1.2201721267840602,,-1.8479468735121056,WF,HGBnet,T5,oos,long,2004
155,16,-0.2791777601280423,-0.4491777601280423,-0.37355342504174266,42.58064516129032,-0.3837062385597,,-0.9727716219767358,WF,HGBnet,T5,all,long,2004
153,8,0.15399910402191713,-0.01600089597808274,-1.6666486659712012,49.673202614379086,0.1454659865495,2.9383494481609884,-0.3085886755379724,SPLIT,HGBnet,T5,oos,long,2004
0,0,,,,,,,,WF,HGBnet,TE,is,long,2004
0,0,,,,,,,,WF,HGBnet,TE,oos,long,2004
0,0,,,,,,,,WF,HGBnet,TE,all,long,2004
0,0,,,,,,,,SPLIT,HGBnet,TE,oos,long,2004
8,8,-0.5690185129328151,-0.7390185129328151,-0.7390185129328151,12.5,-0.6017359326789851,,-1.7923191056651335,WF,ENS+,top1,is,long,2004
8,8,-0.8650059241276913,-1.035005924127691,-1.035005924127691,37.5,-1.566479771310715,,-7.050325423018271,WF,ENS+,top1,oos,long,2004
16,16,-0.7170122185302532,-0.8870122185302529,-0.8870122185302529,25.0,-0.62360624386899,,-2.853972881533935,WF,ENS+,top1,all,long,2004
8,8,1.1026238576971599,0.9326238576971603,0.9326238576971603,62.5,1.429027860531295,3.011439753174556,-5.914297227122006,SPLIT,ENS+,top1,oos,long,2004
16,8,1.1295313741012056,0.9595313741012055,0.9595313741012055,37.5,-0.31163095871451,1.5278606893277453,-0.8672512141823683,WF,ENS+,top2,is,long,2004
16,8,-0.44162127328648715,-0.6116212732864867,-0.6116212732864867,31.25,-0.92903305924366,,-3.221495033341442,WF,ENS+,top2,oos,long,2004
32,16,0.34395505040735935,0.17395505040735934,0.1739550504073593,34.375,-0.5323885962217899,3.9414808097972305,-1.1990959172812878,WF,ENS+,top2,all,long,2004
16,8,-0.2632960522021589,-0.43329605220215833,-0.43329605220215833,56.25,0.6672092575878551,,-3.550462152956461,SPLIT,ENS+,top2,oos,long,2004
24,8,1.3633279258165485,1.1933279258165481,1.1933279258165483,41.66666666666667,-0.05809257976734,1.356571606373098,-0.6140514044484768,WF,ENS+,top3,is,long,2004
24,8,0.3200228867289347,0.15002288672893466,0.1500228867289347,37.5,-0.36709563817815,4.685065782535438,-1.4896489130690673,WF,ENS+,top3,oos,long,2004
48,16,0.8416754062727415,0.6716754062727415,0.6716754062727415,39.58333333333333,-0.12331397168076999,1.372463647234676,-0.3499462231904072,WF,ENS+,top3,all,long,2004
24,8,-0.3035868569273401,-0.4735868569273398,-0.47358685692733976,54.166666666666664,0.6672092575878551,,-2.368035564260946,SPLIT,ENS+,top3,oos,long,2004
40,8,0.986212419225507,0.8162124192255069,0.8162124192255069,37.5,-0.24426800645984498,1.799417861008122,-0.9010237973450288,WF,ENS+,top5,is,long,2004
40,8,0.46354746757001725,0.29354746757001754,0.2935474675700173,45.0,-0.16176365603999499,2.3140526542243753,-0.69614374870785,WF,ENS+,top5,oos,long,2004
80,16,0.7248799433977621,0.5548799433977623,0.5548799433977619,41.25,-0.16176365603999499,1.25610618753508,-0.19802265463919527,WF,ENS+,top5,all,long,2004
40,8,-0.22915663427582963,-0.3991566342758294,-0.3991566342758293,55.00000000000001,0.6672092575878551,,-1.3771598659629456,SPLIT,ENS+,top5,oos,long,2004
80,8,0.4164171085773798,0.2464171085773799,0.24641710857737972,45.0,-0.08012019597013001,2.476071061830269,-0.655638659863577,WF,ENS+,top10,is,long,2004
80,8,0.20312593497694595,0.03312593497694628,0.0331259349769463,46.25,-0.14646998612432,2.878606103580516,-0.4070331959927355,WF,ENS+,top10,oos,long,2004
160,16,0.3097715217771629,0.1397715217771631,0.13977152177716304,45.625,-0.12331397168076999,1.6819529172215075,-0.21806409594640758,WF,ENS+,top10,all,long,2004
80,8,-0.06720179468635779,-0.2372017946863576,-0.2372017946863576,52.5,0.539377387170255,,-0.6763638964097841,SPLIT,ENS+,top10,oos,long,2004
14,4,1.8468437479515092,1.6768437479515095,0.9185810829987519,28.57142857142857,-0.46188140317184,1.671908322480502,-1.930303953775091,WF,ENS+,T2,is,long,2004
40,5,-0.7915143152846665,-0.9615143152846664,-1.855418463700494,42.5,-1.11158069151235,,-1.9828798902354443,WF,ENS+,T2,oos,long,2004
54,9,-0.10749555814936158,-0.2774955581493616,-0.622529776278607,38.88888888888889,-0.7910851841102801,,-1.443054911982365,WF,ENS+,T2,all,long,2004
50,7,0.17743340602998536,0.007433406029985575,0.26356240122477914,60.0,0.710552991911755,4.527569383971673,-0.6954540564502124,SPLIT,ENS+,T2,oos,long,2004
67,7,0.7315868534888575,0.5615868534888573,0.4581293084705624,46.26865671641791,-0.02866368345342,1.6828327697706622,-0.539837886971052,WF,ENS+,T5,is,long,2004
152,8,-0.14189878952001586,-0.3118987895200158,-0.6914320938551703,45.39473684210527,-0.553694993574315,,-0.5134721420578852,WF,ENS+,T5,oos,long,2004
219,15,0.12533197797584927,-0.044668022024150454,-0.15497010610316178,45.662100456621005,-0.15423939041283,3.1675059971043855,-0.27800495907599104,WF,ENS+,T5,all,long,2004
223,8,0.4459205991857589,0.2759205991857591,0.2278972713634664,51.12107623318386,0.354366816531,0.7701530596257747,0.1048442533858234,SPLIT,ENS+,T5,oos,long,2004
0,0,,,,,,,,WF,ENS+,TE,is,long,2004
0,0,,,,,,,,WF,ENS+,TE,oos,long,2004
0,0,,,,,,,,WF,ENS+,TE,all,long,2004
0,0,,,,,,,,SPLIT,ENS+,TE,oos,long,2004
8,8,-1.3371057145134289,-1.5071057145134286,-1.5071057145134286,25.0,-1.5296144882977252,,-5.631395802005834,WF,HGBc-,top1,is,short,2004
8,8,2.527170150009539,2.3571701500095394,2.3571701500095394,75.0,2.251349469059105,1.289789463766539,-1.9529260869815168,WF,HGBc-,top1,oos,short,2004
16,16,0.595032217748055,0.4250322177480552,0.4250322177480552,50.0,0.10888479956106499,3.471777146469958,-2.1393265996261497,WF,HGBc-,top1,all,short,2004
8,8,1.9279316204832475,1.7579316204832482,1.7579316204832482,37.5,-0.481843401281415,1.6348882216009168,-3.2640562077247535,SPLIT,HGBc-,top1,oos,short,2004
16,8,-0.6229088223680943,-0.7929088223680942,-0.7929088223680942,37.5,-0.69241124397981,,-3.0112864607395906,WF,HGBc-,top2,is,short,2004
16,8,-1.1571851578516277,-1.3271851578516278,-1.3271851578516278,37.5,-1.555103859052685,,-4.0537365442406275,WF,HGBc-,top2,oos,short,2004
32,16,-0.8900469901098613,-1.060046990109861,-1.060046990109861,37.5,-1.05723330318994,,-2.491476809922755,WF,HGBc-,top2,all,short,2004
16,8,0.13744950182775806,-0.03255049817224142,-0.03255049817224159,43.75,-0.481843401281415,15.341161958349103,-2.867179006263679,SPLIT,HGBc-,top2,oos,short,2004
24,8,-0.5714213744804271,-0.741421374480427,-0.7414213744804271,37.5,-0.7023082981167401,,-2.2347213937292008,WF,HGBc-,top3,is,short,2004
24,8,-1.000385350864403,-1.1703853508644029,-1.1703853508644027,33.33333333333333,-1.48144429498434,,-2.7849975694703524,WF,HGBc-,top3,oos,short,2004
48,16,-0.7859033626724151,-0.9559033626724148,-0.9559033626724149,35.41666666666667,-1.05723330318994,,-1.7793425951784827,WF,HGBc-,top3,all,short,2004
24,8,0.1698383482559806,-0.00016165174401931254,-0.00016165174401960164,45.83333333333333,-0.481843401281415,8.92691548073233,-1.7005821878050627,SPLIT,HGBc-,top3,oos,short,2004
40,8,-0.2457756975041293,-0.4157756975041292,-0.4157756975041291,42.5,-0.352347075591195,,-1.1477254299376174,WF,HGBc-,top5,is,short,2004
40,8,-1.3575763753528591,-1.527576375352859,-1.527576375352859,32.5,-0.959059560893215,,-2.3998345352809447,WF,HGBc-,top5,oos,short,2004
80,16,-0.8016760364284942,-0.971676036428494,-0.971676036428494,37.5,-0.6167251959317751,,-1.372299374649045,WF,HGBc-,top5,all,short,2004
40,8,0.11885201894924799,-0.05114798105075203,-0.05114798105075192,50.0,0.104863979327245,8.984926103749135,-1.0845995298184425,SPLIT,HGBc-,top5,oos,short,2004
80,8,-0.5818513094493432,-0.7518513094493429,-0.7518513094493429,37.5,-0.6156744450583901,,-1.0885428307195286,WF,HGBc-,top10,is,short,2004
80,8,-0.5018663772385152,-0.6718663772385154,-0.6718663772385153,42.5,-0.43026291393783495,,-1.292337221259292,WF,HGBc-,top10,oos,short,2004
160,16,-0.5418588433439292,-0.7118588433439291,-0.711858843343929,40.0,-0.497361258445905,,-0.9256348151638342,WF,HGBc-,top10,all,short,2004
80,8,0.25814370588501645,0.08814370588501666,0.08814370588501674,50.0,0.211265121431665,2.9510041734946086,-0.5372154107125672,SPLIT,HGBc-,top10,oos,short,2004
1,1,-1.7385721817801,-1.9085721817801,-1.9085721817801,0.0,-1.7385721817801,,,WF,HGBc-,T2,is,short,2004
5,2,2.081756571416442,1.9117565714164426,2.457356118936359,40.0,0.0967535892374,1.0000000000000002,,WF,HGBc-,T2,oos,short,2004
6,3,1.445035112550352,1.2750351125503518,1.0020466853642058,33.33333333333333,-0.82090929627135,1.5923303563066544,-5.13562897855546,WF,HGBc-,T2,all,short,2004
1,1,12.63842745774305,12.468427457743052,12.468427457743052,100.0,12.63842745774305,1.0,,SPLIT,HGBc-,T2,oos,short,2004
14,4,-0.4755191092963029,-0.6455191092963027,-0.10263953222602552,50.0,0.29286880099062,,-2.5438290963902723,WF,HGBc-,T5,is,short,2004
40,5,-0.4413855773841448,-0.6113855773841446,-1.437344873254097,37.5,-0.5736650409475901,,-1.7210747646601168,WF,HGBc-,T5,oos,short,2004
54,9,-0.4502350115835931,-0.620235011583593,-0.844142499463843,40.74074074074074,-0.467460151458685,,-1.3684814602687136,WF,HGBc-,T5,all,short,2004
31,5,0.015855166142314615,-0.15414483385768532,-0.3404058428134459,48.38709677419355,0.0967535892374,82.48826207092016,-1.5404733825873198,SPLIT,HGBc-,T5,oos,short,2004
0,0,,,,,,,,WF,HGBc-,TE,is,short,2004
0,0,,,,,,,,WF,HGBc-,TE,oos,short,2004
0,0,,,,,,,,WF,HGBc-,TE,all,short,2004
0,0,,,,,,,,SPLIT,HGBc-,TE,oos,short,2004
8,8,-1.3352068464030449,-1.505206846403045,-1.505206846403045,25.0,-1.15077174304601,,-3.216478060818897,WF,RFc-,top1,is,short,2004
8,8,-1.4226221560148273,-1.5926221560148275,-1.5926221560148275,37.5,-2.1083532885982548,,-4.923107566468734,WF,RFc-,top1,oos,short,2004
16,16,-1.3789145012089363,-1.5489145012089363,-1.5489145012089363,31.25,-1.554604716311715,,-2.858976703567817,WF,RFc-,top1,all,short,2004
8,8,-0.75611075144855,-0.9261107514485498,-0.9261107514485498,50.0,0.0895359268940901,,-5.481311681839332,SPLIT,RFc-,top1,oos,short,2004
16,8,-0.7985942632793407,-0.9685942632793407,-0.9685942632793407,37.5,-0.36606669104531997,,-1.913374526584228,WF,RFc-,top2,is,short,2004
16,8,-1.3982759138270262,-1.5682759138270261,-1.5682759138270261,43.75,-1.2530383325203849,,-3.1612896211759605,WF,RFc-,top2,oos,short,2004
32,16,-1.0984350885531835,-1.2684350885531837,-1.2684350885531837,40.625,-0.6236839712234,,-1.8793423457678478,WF,RFc-,top2,all,short,2004
16,8,-0.42377852738462,-0.5937785273846199,-0.5937785273846199,56.25,0.840147734775115,,-2.8369567853397015,SPLIT,RFc-,top2,oos,short,2004
24,8,-0.44231129947202436,-0.6123112994720242,-0.6123112994720243,45.83333333333333,-0.13820270191533998,,-1.4948838248429195,WF,RFc-,top3,is,short,2004
24,8,-2.1767857869423226,-2.3467857869423225,-2.346785786942322,33.33333333333333,-1.8125292473807848,,-3.5385628892010965,WF,RFc-,top3,oos,short,2004
48,16,-1.3095485432071734,-1.4795485432071735,-1.4795485432071735,39.58333333333333,-0.83326869180046,,-1.9478470828621461,WF,RFc-,top3,all,short,2004
24,8,-0.32723957470892084,-0.4972395747089205,-0.49723957470892083,58.333333333333336,1.66199328205544,,-1.830829694300885,SPLIT,RFc-,top3,oos,short,2004
40,8,-0.26626422596181903,-0.4362642259618191,-0.4362642259618191,47.5,-0.013772742738910002,,-1.0305964900828453,WF,RFc-,top5,is,short,2004
40,8,-1.821381539198899,-1.9913815391988992,-1.9913815391988992,40.0,-1.77542306661151,,-2.693008508904034,WF,RFc-,top5,oos,short,2004
80,16,-1.043822882580359,-1.213822882580359,-1.213822882580359,43.75,-0.51918405979329,,-1.4807263145524596,WF,RFc-,top5,all,short,2004
40,8,-1.2053062216680444,-1.3753062216680438,-1.375306221668044,45.0,-0.53497094020059,,-2.2477917055924537,SPLIT,RFc-,top5,oos,short,2004
80,8,-0.7114239050747926,-0.8814239050747925,-0.8814239050747925,43.75,-0.36606669104531997,,-1.1637390124210738,WF,RFc-,top10,is,short,2004
80,8,-0.4265229408215787,-0.5965229408215785,-0.5965229408215786,42.5,-0.5067214296410151,,-1.3498406861989996,WF,RFc-,top10,oos,short,2004
160,16,-0.5689734229481856,-0.7389734229481855,-0.7389734229481856,43.125,-0.49927416394229507,,-1.0203352507800543,WF,RFc-,top10,all,short,2004
80,8,-0.8195210735215761,-0.9895210735215759,-0.9895210735215759,46.25,-0.44982364155168997,,-1.4654019623346652,SPLIT,RFc-,top10,oos,short,2004
14,6,-1.741035833544128,-1.911035833544128,-1.8304642915517224,28.57142857142857,-1.22796169354115,,-3.156580342509583,WF,RFc-,T2,is,short,2004
51,5,0.07676897048589656,-0.09323102951410317,-1.3668754550450917,47.05882352941176,0.0396620035691,12.008632120398428,-0.936982371117151,WF,RFc-,T2,oos,short,2004
65,11,-0.3147582180744163,-0.4847582180744159,-1.6197420931396174,43.07692307692308,-0.41283574931336,,-1.1245948456834458,WF,RFc-,T2,all,short,2004
13,5,-1.5336929096096585,-1.7036929096096585,-1.1766107542471935,46.15384615384615,-0.41283574931336,,-4.4311342307908035,SPLIT,RFc-,T2,oos,short,2004
31,8,-0.9444120478174886,-1.1144120478174881,-0.8568070717203068,38.70967741935484,-0.9309062352486901,,-1.909618704799463,WF,RFc-,T5,is,short,2004
93,5,-0.037124518238547705,-0.20712451823854763,-0.624442363811882,50.53763440860215,0.29716985450135003,,-0.6994983347066877,WF,RFc-,T5,oos,short,2004
124,13,-0.2639464006332827,-0.4339464006332827,-0.7674360302170665,47.58064516129033,-0.0006324875065749993,,-0.763299386021266,WF,RFc-,T5,all,short,2004
34,5,-0.8421670271040858,-1.0121670271040855,-1.210839942033473,44.11764705882353,-0.7051068371013149,,-1.878735849932404,SPLIT,RFc-,T5,oos,short,2004
0,0,,,,,,,,WF,RFc-,TE,is,short,2004
0,0,,,,,,,,WF,RFc-,TE,oos,short,2004
0,0,,,,,,,,WF,RFc-,TE,all,short,2004
0,0,,,,,,,,SPLIT,RFc-,TE,oos,short,2004
8,8,-1.3954188220167025,-1.5654188220167027,-1.5654188220167027,37.5,-1.7958006611379151,,-5.01176813408524,WF,ETc-,top1,is,short,2004
8,8,1.8201403124472395,1.6501403124472396,1.6501403124472396,75.0,1.829562377203555,1.1494597149314851,-0.7254337392897833,WF,ETc-,top1,oos,short,2004
16,16,0.2123607452152686,0.04236074521526867,0.04236074521526867,56.25,0.758401282196425,5.728499187259479,-1.4605783434999493,WF,ETc-,top1,all,short,2004
8,8,-1.306868987640909,-1.476868987640909,-1.476868987640909,25.0,-1.399992463496915,,-3.6630859687982533,SPLIT,ETc-,top1,oos,short,2004
16,8,-1.260843117554401,-1.4308431175544012,-1.4308431175544014,25.0,-1.444238326902385,,-2.9693853440905826,WF,ETc-,top2,is,short,2004
16,8,0.8209957964968949,0.6509957964968951,0.6509957964968951,62.5,1.829562377203555,1.9767442875708177,-1.166404297233448,WF,ETc-,top2,oos,short,2004
32,16,-0.2199236605287533,-0.38992366052875305,-0.38992366052875305,43.75,-1.0114952916626299,,-1.2577357736917323,WF,ETc-,top2,all,short,2004
16,8,-0.41009856084318685,-0.5800985608431868,-0.5800985608431869,43.75,-0.854559649463105,,-2.4484973923495765,SPLIT,ETc-,top2,oos,short,2004
24,8,-0.4329814790776635,-0.6029814790776633,-0.6029814790776632,41.66666666666667,-1.2646166680651252,,-1.9572203909869068,WF,ETc-,top3,is,short,2004
24,8,0.8246940981304999,0.6546940981305001,0.6546940981305001,62.5,1.829562377203555,1.3315258085493928,-0.34535668760668586,WF,ETc-,top3,oos,short,2004
48,16,0.19585630952641814,0.02585630952641847,0.025856309526418354,52.083333333333336,0.45204549662316507,3.3673859296694992,-0.5175822936667943,WF,ETc-,top3,all,short,2004
24,8,0.45920870447326356,0.2892087044732638,0.28920870447326386,50.0,0.4071368552395401,3.0980621458695103,-1.2169874525167994,SPLIT,ETc-,top3,oos,short,2004
40,8,0.1299884139427375,-0.04001158605726224,-0.04001158605726257,40.0,-1.13664698166543,8.423930055255505,-1.102885592119409,WF,ETc-,top5,is,short,2004
40,8,0.6127011126562814,0.4427011126562813,0.44270111265628137,57.49999999999999,0.49017789389944005,1.6180202259459202,-0.432756205807031,WF,ETc-,top5,oos,short,2004
80,16,0.37134476329950944,0.20134476329950948,0.20134476329950937,48.75,-0.12254592177926499,1.9040116155311617,-0.3580799780153881,WF,ETc-,top5,all,short,2004
40,8,0.036345139830165525,-0.13365486016983444,-0.1336548601698343,50.0,-0.08341439118900999,24.137463162943696,-0.9610678102542772,SPLIT,ETc-,top5,oos,short,2004
80,8,0.10623052116488207,-0.0637694788351178,-0.06376947883511776,46.25,-0.11472793418237501,7.099192598865899,-0.6911151023600169,WF,ETc-,top10,is,short,2004
80,8,-0.057217194334964756,-0.2272171943349647,-0.22721719433496462,51.24999999999999,0.38842456408066,,-0.7132126134309471,WF,ETc-,top10,oos,short,2004
160,16,0.02450666341495867,-0.14549333658504124,-0.14549333658504118,48.75,0.034062666962945,17.721902636295,-0.4230173311642749,WF,ETc-,top10,all,short,2004
80,8,-0.4873409816517805,-0.6573409816517807,-0.6573409816517806,43.75,-0.42465419423894496,,-1.0304063106317136,SPLIT,ETc-,top10,oos,short,2004
0,0,,,,,,,,WF,ETc-,T2,is,short,2004
27,2,-0.031572723440253705,-0.20157272344025365,-0.43289795094268413,37.03703703703704,-1.7704455166885398,,-1.902401438788672,WF,ETc-,T2,oos,short,2004
27,2,-0.031572723440253705,-0.20157272344025365,-0.43289795094268413,37.03703703703704,-1.7704455166885398,,-1.902401438788672,WF,ETc-,T2,all,short,2004
8,1,-1.060010470755815,-1.2300104707558153,-1.2300104707558148,50.0,-0.69152268304997,,-7.784092160656353,SPLIT,ETc-,T2,oos,short,2004
0,0,,,,,,,,WF,ETc-,T5,is,short,2004
93,2,0.02631686414654143,-0.14368313585345854,-0.10790545106157431,50.53763440860215,0.33400213131629,22.574187138411943,-0.600024324266015,WF,ETc-,T5,oos,short,2004
93,2,0.02631686414654143,-0.14368313585345854,-0.10790545106157431,50.53763440860215,0.33400213131629,22.574187138411943,-0.600024324266015,WF,ETc-,T5,all,short,2004
22,2,-2.581472214002961,-2.7514722140029604,-3.491966797094543,36.36363636363637,-3.916128163123225,,-4.615717900912688,SPLIT,ETc-,T5,oos,short,2004
0,0,,,,,,,,WF,ETc-,TE,is,short,2004
0,0,,,,,,,,WF,ETc-,TE,oos,short,2004
0,0,,,,,,,,WF,ETc-,TE,all,short,2004
0,0,,,,,,,,SPLIT,ETc-,TE,oos,short,2004
8,8,2.813980953486065,2.643980953486065,2.643980953486065,62.5,2.789112921951515,1.2161545224113648,-1.6220125575345534,WF,LR-,top1,is,short,2004
8,8,-0.5769426387617264,-0.7469426387617262,-0.7469426387617262,50.0,0.30825265868127505,,-4.1916661905437556,WF,LR-,top1,oos,short,2004
16,16,1.1185191573621696,0.9485191573621694,0.9485191573621694,56.25,0.551530824521335,1.7450055306261565,-1.2120770303216364,WF,LR-,top1,all,short,2004
8,8,-0.3375906973262626,-0.5075906973262623,-0.5075906973262623,50.0,-0.483577784914825,,-4.818805553416587,SPLIT,LR-,top1,oos,short,2004
16,8,0.8584265362099414,0.688426536209941,0.688426536209941,43.75,-0.31706447365211,2.9683886484579696,-2.457770253688354,WF,LR-,top2,is,short,2004
16,8,-0.313606281836185,-0.4836062818361848,-0.4836062818361848,50.0,0.222598349869855,,-1.7791360161887926,WF,LR-,top2,oos,short,2004
32,16,0.27241012718687824,0.10241012718687822,0.10241012718687804,46.875,0.020692062603495005,4.846869662629361,-1.2419866714882464,WF,LR-,top2,all,short,2004
16,8,-0.6953629790012311,-0.8653629790012312,-0.865362979001231,50.0,0.15394863151396498,,-2.6465235164173544,SPLIT,LR-,top2,oos,short,2004
24,8,0.0015920886405792224,-0.16840791135942082,-0.16840791135942085,41.66666666666667,-0.691875045131315,1148.8038843479978,-2.3083017169050377,WF,LR-,top3,is,short,2004
24,8,0.27782419871919506,0.10782419871919514,0.10782419871919495,54.166666666666664,0.42969264063963,4.169685651524809,-1.112356264833612,WF,LR-,top3,oos,short,2004
48,16,0.13970814367988704,-0.03029185632011285,-0.03029185632011308,47.91666666666667,0.020692062603495005,7.3164105074491825,-0.9850649154037492,WF,LR-,top3,all,short,2004
24,8,-0.18595403855247256,-0.3559540385524722,-0.35595403855247243,58.333333333333336,0.56253589326366,,-1.646272916522644,SPLIT,LR-,top3,oos,short,2004
40,8,-0.34188391100119914,-0.5118839110011992,-0.5118839110011992,45.0,-0.691875045131315,,-1.6493396995265925,WF,LR-,top5,is,short,2004
40,8,-0.9849088908485752,-1.1549088908485752,-1.1549088908485752,47.5,0.020692062603495005,,-1.919968726715495,WF,LR-,top5,oos,short,2004
80,16,-0.6633964009248874,-0.8333964009248873,-0.8333964009248872,46.25,-0.31706447365211,,-1.3618065911064903,WF,LR-,top5,all,short,2004
40,8,0.020968408381124536,-0.1490315916188753,-0.14903159161887536,62.5,1.1212864144984749,44.90866373377042,-1.052222620159052,SPLIT,LR-,top5,oos,short,2004
80,8,-0.847614419870962,-1.017614419870962,-1.017614419870962,38.75,-1.21454498129732,,-1.5999595377441636,WF,LR-,top10,is,short,2004
80,8,-0.6117079856657537,-0.7817079856657537,-0.7817079856657537,48.75,0.020692062603495005,,-1.2403417053214592,WF,LR-,top10,oos,short,2004
160,16,-0.7296612027683577,-0.8996612027683579,-0.8996612027683579,43.75,-1.04457251496124,,-1.1343024508764727,WF,LR-,top10,all,short,2004
80,8,-0.33334443127230895,-0.503344431272309,-0.5033444312723089,53.75,0.526352018193375,,-1.0369933759195233,SPLIT,LR-,top10,oos,short,2004
2,2,0.3482823083312152,0.17828230833121517,0.17828230833121517,50.0,0.3482823083312152,1.0,,WF,LR-,T2,is,short,2004
20,4,-0.2805353906063795,-0.4505353906063794,-0.3246606605267684,60.0,0.74614629411962,,-2.2221718798955794,WF,LR-,T2,oos,short,2004
22,6,-0.22337014524841642,-0.39337014524841624,-0.15701300424077388,59.09090909090909,0.74614629411962,,-1.9729344721647823,WF,LR-,T2,all,short,2004
7,2,-0.26827539446705295,-0.4382753944670527,1.9464146084307528,71.42857142857143,1.15312503646021,,-6.1993214789025,SPLIT,LR-,T2,oos,short,2004
7,4,-0.24016030726475104,-0.41016030726475133,2.9446151666698355,28.57142857142857,-1.7385721817801,,-6.817070195302816,WF,LR-,T5,is,short,2004
70,5,-0.5836224815841353,-0.7536224815841351,0.20155406405644286,47.14285714285714,-0.14632730641529,,-1.3426294857741672,WF,LR-,T5,oos,short,2004
77,9,-0.5523986475551004,-0.7223986475551003,1.4206923318846174,45.45454545454545,-0.18128509229028,,-1.3313616124974048,WF,LR-,T5,all,short,2004
26,5,-0.28334248652097543,-0.4533424865209753,-0.17064803242575574,57.692307692307686,0.7901279392461651,,-1.686338744304021,SPLIT,LR-,T5,oos,short,2004
0,0,,,,,,,,WF,LR-,TE,is,short,2004
0,0,,,,,,,,WF,LR-,TE,oos,short,2004
0,0,,,,,,,,WF,LR-,TE,all,short,2004
0,0,,,,,,,,SPLIT,LR-,TE,oos,short,2004
8,8,0.7989761409702663,0.6289761409702662,0.6289761409702662,50.0,0.229754748111135,2.247265161889213,-2.6574269488343933,WF,-HGBr,top1,is,short,2004
8,8,0.3269495923299474,0.1569495923299474,0.1569495923299474,50.0,0.08266833157253001,7.752600527195775,-5.8873599720897225,WF,-HGBr,top1,oos,short,2004
16,16,0.5629628666501069,0.3929628666501069,0.3929628666501069,50.0,0.229754748111135,3.4359995350528263,-1.9947305911442428,WF,-HGBr,top1,all,short,2004
8,8,1.9672087298868948,1.7972087298868955,1.7972087298868955,75.0,2.251349469059105,1.5406869057311992,-2.8363840029065264,SPLIT,-HGBr,top1,oos,short,2004
16,8,-0.4769930530485437,-0.6469930530485437,-0.6469930530485436,43.75,-0.45282356117584005,,-2.197506374771389,WF,-HGBr,top2,is,short,2004
16,8,-0.3605733416578838,-0.5305733416578836,-0.5305733416578835,43.75,-0.72441891710574,,-3.0041721595469526,WF,-HGBr,top2,oos,short,2004
32,16,-0.41878319735321373,-0.5887831973532136,-0.5887831973532135,43.75,-0.557994083647175,,-1.6686333509151159,WF,-HGBr,top2,all,short,2004
16,8,2.007916700102807,1.8379167001028076,1.8379167001028076,68.75,2.251349469059105,0.9889761797390717,0.03219623680123638,SPLIT,-HGBr,top2,oos,short,2004
24,8,-0.5500710846003883,-0.7200710846003882,-0.7200710846003883,41.66666666666667,-0.886927630676675,,-2.1957689469113575,WF,-HGBr,top3,is,short,2004
24,8,-0.43100947035652265,-0.6010094703565224,-0.6010094703565224,45.83333333333333,-0.10063308772537999,,-1.980049872476151,WF,-HGBr,top3,oos,short,2004
48,16,-0.4905402774784554,-0.6605402774784552,-0.6605402774784553,43.75,-0.557994083647175,,-1.4496719005097107,WF,-HGBr,top3,all,short,2004
24,8,2.0267137792975443,1.856713779297545,1.8567137792975448,66.66666666666666,2.251349469059105,0.8279380043574844,0.44048894837320485,SPLIT,-HGBr,top3,oos,short,2004
40,8,0.03544219356334395,-0.1345578064366559,-0.13455780643665594,52.5,0.42802302730762,30.46099726951992,-1.193328420337683,WF,-HGBr,top5,is,short,2004
40,8,-0.36425430845697726,-0.5342543084569771,-0.5342543084569772,40.0,-0.24912940350958496,,-1.4949857962436737,WF,-HGBr,top5,oos,short,2004
80,16,-0.16440605744681663,-0.33440605744681656,-0.3344060574468165,46.25,-0.20675773447216,,-0.9338982510884618,WF,-HGBr,top5,all,short,2004
40,8,2.032669835394222,1.8626698353942217,1.862669835394222,60.0,2.013268277043915,0.6038401441110512,0.9202996446395292,SPLIT,-HGBr,top5,oos,short,2004
80,8,-0.73228834838027,-0.9022883483802704,-0.9022883483802702,46.25,-0.18192758712455498,,-1.3785993609814124,WF,-HGBr,top10,is,short,2004
80,8,0.27205415056723364,0.10205415056723376,0.10205415056723369,45.0,-0.10673947962736,2.793351057287853,-0.5204145051299172,WF,-HGBr,top10,oos,short,2004
160,16,-0.23011709890651816,-0.4001170989065183,-0.40011709890651825,45.625,-0.172783207678455,,-0.6713206947532204,WF,-HGBr,top10,all,short,2004
80,8,1.105492559692169,0.935492559692169,0.935492559692169,58.75,0.6544584682560899,0.7265278694301628,0.32247616600332835,SPLIT,-HGBr,top10,oos,short,2004
3,3,-0.2870490995310267,-0.4570490995310266,-0.4570490995310266,33.33333333333333,-0.05600881583461,,,WF,-HGBr,T2,is,short,2004
5,3,2.037740602727096,1.8677406027270964,2.226327984731265,80.0,0.58771469959162,0.9999999999999999,,WF,-HGBr,T2,oos,short,2004
8,6,1.1659444643802999,0.9959444643803002,0.8846394426001192,62.5,0.46595773010675007,1.8139236171971524,-2.5306392957317603,WF,-HGBr,T2,all,short,2004
4,3,3.1848926536481756,3.0148926536481753,3.3959932980299152,75.0,2.0415907205029553,0.9999999999999998,,SPLIT,-HGBr,T2,oos,short,2004
10,6,0.0960939435293879,-0.07390605647061191,-0.6562837197612955,60.0,0.611934075912115,14.969425828611106,-2.684754433425056,WF,-HGBr,T5,is,short,2004
14,4,-0.14672198843490142,-0.31672198843490124,0.5973903651089397,42.857142857142854,-0.5879700933061899,,-2.5640791657528474,WF,-HGBr,T5,oos,short,2004
24,10,-0.04554868344978085,-0.21554868344978062,-0.15481408581320139,50.0,0.180194166161005,,-1.630094626278897,WF,-HGBr,T5,all,short,2004
9,4,3.8675070236359756,3.6975070236359757,2.4388725397960824,77.77777777777779,3.4954667414142904,1.0218548189727443,-0.19017824822410737,SPLIT,-HGBr,T5,oos,short,2004
0,0,,,,,,,,WF,-HGBr,TE,is,short,2004
0,0,,,,,,,,WF,-HGBr,TE,oos,short,2004
0,0,,,,,,,,WF,-HGBr,TE,all,short,2004
0,0,,,,,,,,SPLIT,-HGBr,TE,oos,short,2004
8,8,-0.45154215566163125,-0.6215421556616311,-0.6215421556616311,37.5,-0.556095663769485,,-3.6560971508697664,WF,-RIDGE,top1,is,short,2004
8,8,-0.3514800433484024,-0.5214800433484021,-0.5214800433484021,25.0,-2.168184467683065,,-5.1031730285163635,WF,-RIDGE,top1,oos,short,2004
16,16,-0.40151109950501684,-0.5715110995050167,-0.5715110995050167,31.25,-1.28252435666577,,-2.9217460500342587,WF,-RIDGE,top1,all,short,2004
8,8,0.8365324251577128,0.666532425157713,0.666532425157713,37.5,-0.22448840905682,2.60793336949484,-3.5869024028680827,SPLIT,-RIDGE,top1,oos,short,2004
16,8,-1.5086943443391763,-1.678694344339176,-1.6786943443391762,43.75,-0.556095663769485,,-3.466384832865252,WF,-RIDGE,top2,is,short,2004
16,8,1.0478241612893169,0.8778241612893173,0.8778241612893171,50.0,-0.044311805068219995,2.4305605890288997,-2.1803286536331026,WF,-RIDGE,top2,oos,short,2004
32,16,-0.23043509152492966,-0.40043509152492957,-0.40043509152492957,46.875,-0.29706042080182,,-1.7823231370144794,WF,-RIDGE,top2,all,short,2004
16,8,0.8536623526397382,0.6836623526397385,0.6836623526397383,43.75,-0.22448840905682,2.3040845051294983,-1.6192695951852747,SPLIT,-RIDGE,top2,oos,short,2004
24,8,-0.7541683881153237,-0.9241683881153236,-0.9241683881153238,37.5,-0.60731885251784,,-2.433002885079826,WF,-RIDGE,top3,is,short,2004
24,8,0.8247751356204792,0.6547751356204793,0.6547751356204793,54.166666666666664,0.6395548053320099,2.0585813843237117,-1.102852553457984,WF,-RIDGE,top3,oos,short,2004
48,16,0.03530337375257777,-0.1346966262474222,-0.1346966262474221,45.83333333333333,-0.24346184107636998,28.694566020030464,-1.0913990122276196,WF,-RIDGE,top3,all,short,2004
24,8,-0.26742127546767075,-0.4374212754676706,-0.43742127546767073,45.83333333333333,-0.22448840905682,,-1.9941407263419964,SPLIT,-RIDGE,top3,oos,short,2004
40,8,-0.7160689568009099,-0.8860689568009098,-0.8860689568009096,32.5,-1.006975665109,,-2.4482514707237635,WF,-RIDGE,top5,is,short,2004
40,8,0.5045591735435201,0.33455917354352027,0.33455917354352005,55.00000000000001,0.45596341938427004,2.2083897874317473,-0.6968047456742772,WF,-RIDGE,top5,oos,short,2004
80,16,-0.10575489162869488,-0.27575489162869476,-0.27575489162869476,43.75,-0.257546301778825,,-0.9886263152547446,WF,-RIDGE,top5,all,short,2004
40,8,0.20949748441637467,0.039497484416374865,0.03949748441637482,52.5,0.410544873173655,5.318743225545957,-1.0340181046767287,SPLIT,-RIDGE,top5,oos,short,2004
80,8,-0.4155857199985373,-0.5855857199985373,-0.5855857199985373,43.75,-0.368287662400465,,-1.2971137074875143,WF,-RIDGE,top10,is,short,2004
80,8,-0.15543916705585098,-0.3254391670558509,-0.32543916705585085,48.75,-0.14755276292971,,-0.7841129453814705,WF,-RIDGE,top10,oos,short,2004
160,16,-0.2855124435271941,-0.45551244352719406,-0.45551244352719406,46.25,-0.25953137647095,,-0.7292540856721742,WF,-RIDGE,top10,all,short,2004
80,8,0.08662990902719818,-0.08337009097280162,-0.08337009097280172,51.24999999999999,0.28266634502444504,7.102088964281116,-0.5638649726416459,SPLIT,-RIDGE,top10,oos,short,2004
7,6,0.37901886470859997,0.20901886470859996,0.18222985368461997,42.857142857142854,-0.18128509229028,2.3340529165762995,-1.7697092766568099,WF,-RIDGE,T2,is,short,2004
3,2,2.7827851126322334,2.612785112632234,1.1734468614373827,66.66666666666666,3.0639735190089503,1.0,,WF,-RIDGE,T2,oos,short,2004
10,8,1.1001487390856899,0.9301487390856902,0.43003410562281064,50.0,0.06437483185864,1.6931951564420018,-1.5252355545999523,WF,-RIDGE,T2,all,short,2004
3,2,2.7827851126322334,2.612785112632234,1.1734468614373827,66.66666666666666,3.0639735190089503,1.0,,SPLIT,-RIDGE,T2,oos,short,2004
13,6,1.6299815541412483,1.4599815541412484,0.8746750901750634,61.53846153846154,0.5641950666877701,1.2147519066104895,-0.5688176755491124,WF,-RIDGE,T5,is,short,2004
16,3,-0.2576361518962562,-0.4276361518962561,-1.7898375129341622,56.25,0.28266634502444504,,-2.048681115904031,WF,-RIDGE,T5,oos,short,2004
29,9,0.5885373025343494,0.41853730253434945,-0.013495777528011878,58.620689655172406,0.3319576432932,1.9270362835140944,-0.6592611489947813,WF,-RIDGE,T5,all,short,2004
5,2,2.005758307206486,1.835758307206486,-0.0318640175511347,80.0,1.44706115138004,1.0,,SPLIT,-RIDGE,T5,oos,short,2004
0,0,,,,,,,,WF,-RIDGE,TE,is,short,2004
0,0,,,,,,,,WF,-RIDGE,TE,oos,short,2004
0,0,,,,,,,,WF,-RIDGE,TE,all,short,2004
0,0,,,,,,,,SPLIT,-RIDGE,TE,oos,short,2004
8,8,-1.9548350237812238,-2.1248350237812232,-2.1248350237812232,25.0,-1.606009969022425,,-5.87309746583565,WF,-HGBnet,top1,is,short,2004
8,8,-0.7366082308613121,-0.906608230861312,-0.906608230861312,37.5,-1.403657958749815,,-6.9940429587771,WF,-HGBnet,top1,oos,short,2004
16,16,-1.3457216273212682,-1.515721627321268,-1.515721627321268,31.25,-1.606009969022425,,-4.176492174927098,WF,-HGBnet,top1,all,short,2004
8,8,1.0471724519528651,0.8771724519528658,0.8771724519528658,50.0,0.14043245790918493,3.2217145588886513,-6.204048752455487,SPLIT,-HGBnet,top1,oos,short,2004
16,8,-0.8258722507970665,-0.9958722507970665,-0.9958722507970663,37.5,-1.34564702282934,,-3.0169445303940137,WF,-HGBnet,top2,is,short,2004
16,8,-0.7971527914478579,-0.9671527914478579,-0.9671527914478577,31.25,-1.8125292473807848,,-3.5370264684322876,WF,-HGBnet,top2,oos,short,2004
32,16,-0.8115125211224622,-0.981512521122462,-0.9815125211224622,34.375,-1.42204250355404,,-2.193094752384964,WF,-HGBnet,top2,all,short,2004
16,8,-0.8335266014908693,-1.003526601490869,-1.0035266014908693,37.5,-2.5141940719829803,,-4.058068193308072,SPLIT,-HGBnet,top2,oos,short,2004
24,8,-1.548307621552799,-1.7183076215527993,-1.718307621552799,37.5,-1.2543323109536202,,-3.1359517648851973,WF,-HGBnet,top3,is,short,2004
24,8,0.34389265567212507,0.17389265567212522,0.17389265567212508,45.83333333333333,0.0026547213110050035,4.571549626486203,-1.5514480243163713,WF,-HGBnet,top3,oos,short,2004
48,16,-0.6022074829403371,-0.772207482940337,-0.772207482940337,41.66666666666667,-0.21590211391826,,-1.615190320946695,WF,-HGBnet,top3,all,short,2004
24,8,0.026072015860769255,-0.14392798413923047,-0.14392798413923072,45.83333333333333,-0.17787428983426,68.41802531790202,-2.2202827268085277,SPLIT,-HGBnet,top3,oos,short,2004
40,8,-1.0112497978227724,-1.1812497978227725,-1.1812497978227725,37.5,-0.830322895189845,,-1.8660882306561655,WF,-HGBnet,top5,is,short,2004
40,8,-0.3849257447315244,-0.5549257447315243,-0.5549257447315245,42.5,-0.047957655752394995,,-1.5179418853543725,WF,-HGBnet,top5,oos,short,2004
80,16,-0.6980877712771484,-0.8680877712771484,-0.8680877712771484,40.0,-0.21590211391826,,-1.2852566176232478,WF,-HGBnet,top5,all,short,2004
40,8,0.04872580607144163,-0.12127419392855839,-0.12127419392855839,50.0,0.139931274552245,22.753143490958298,-1.2113593727824878,SPLIT,-HGBnet,top5,oos,short,2004
80,8,-0.6001760100676261,-0.7701760100676258,-0.7701760100676258,40.0,-0.372678597633255,,-1.2346886749358859,WF,-HGBnet,top10,is,short,2004
80,8,-0.8312505268470601,-1.0012505268470602,-1.0012505268470602,41.25,-0.481843401281415,,-1.4410830193056774,WF,-HGBnet,top10,oos,short,2004
160,16,-0.7157132684573431,-0.885713268457343,-0.885713268457343,40.625,-0.40553961877972994,,-1.0884541455584948,WF,-HGBnet,top10,all,short,2004
80,8,0.010680187275267788,-0.15931981272473214,-0.15931981272473222,47.5,0.02388818996483,60.74128531654271,-0.6805846562622739,SPLIT,-HGBnet,top10,oos,short,2004
3,3,0.9655952306324865,0.7955952306324865,0.7955952306324865,33.33333333333333,-1.32065679481535,1.0,,WF,-HGBnet,T2,is,short,2004
4,2,4.876465814304516,4.706465814304515,4.706465814304515,75.0,4.39757777207309,1.0,,WF,-HGBnet,T2,oos,short,2004
7,5,3.2003784213022177,3.030378421302218,2.3599434641012977,57.14285714285714,4.05820501081779,1.1636543934951058,-1.8331459632256348,WF,-HGBnet,T2,all,short,2004
2,2,8.34831623428042,8.178316234280421,8.178316234280421,100.0,8.34831623428042,1.0,,SPLIT,-HGBnet,T2,oos,short,2004
11,4,-0.09825815207273823,-0.26825815207273823,-0.19040472140121256,45.45454545454545,0.02846333035679,,-2.536695096377732,WF,-HGBnet,T5,is,short,2004
19,4,-0.7603412746758735,-0.9303412746758735,-0.8793174684258239,31.57894736842105,-0.65710613108782,,-3.5577266895545976,WF,-HGBnet,T5,oos,short,2004
30,8,-0.5175774630547242,-0.6875774630547239,-0.5348610949135182,36.666666666666664,-0.6411758296894949,,-2.192851930521685,WF,-HGBnet,T5,all,short,2004
11,4,1.2160964780012056,1.0460964780012059,0.9425116108994485,54.54545454545454,0.29716985450135003,2.536108174145993,-3.42476885741431,SPLIT,-HGBnet,T5,oos,short,2004
0,0,,,,,,,,WF,-HGBnet,TE,is,short,2004
0,0,,,,,,,,WF,-HGBnet,TE,oos,short,2004
0,0,,,,,,,,WF,-HGBnet,TE,all,short,2004
0,0,,,,,,,,SPLIT,-HGBnet,TE,oos,short,2004
8,8,0.9742575212790563,0.8042575212790563,0.8042575212790563,37.5,-0.212190262328575,1.4970665346517187,-1.2913888265614766,WF,ENS-,top1,is,short,2004
8,8,-1.523364045808351,-1.6933640458083508,-1.6933640458083508,12.5,-1.77542306661151,,-6.72191122506503,WF,ENS-,top1,oos,short,2004
16,16,-0.27455326226464744,-0.4445532622646475,-0.4445532622646475,25.0,-0.9899460041679652,,-2.6502136508098393,WF,ENS-,top1,all,short,2004
8,8,-3.5671175525564367,-3.737117552556436,-3.737117552556436,25.0,-4.92227898161878,,-6.805554799076893,SPLIT,ENS-,top1,oos,short,2004
16,8,-0.3214451255360726,-0.49144512553607256,-0.49144512553607256,37.5,-0.691875045131315,,-2.1072269732452136,WF,ENS-,top2,is,short,2004
16,8,-1.4542405650139891,-1.6242405650139888,-1.6242405650139895,31.25,-1.4097156448878898,,-3.713051588308711,WF,ENS-,top2,oos,short,2004
32,16,-0.8878428452750309,-1.057842845275031,-1.0578428452750306,34.375,-0.9899460041679652,,-2.1736066780669483,WF,ENS-,top2,all,short,2004
16,8,-0.7270797197552107,-0.8970797197552104,-0.8970797197552106,50.0,-0.90228525161655,,-4.041046629735286,SPLIT,ENS-,top2,oos,short,2004
24,8,-0.40638784876476497,-0.5763878487647649,-0.576387848764765,41.66666666666667,-0.691875045131315,,-1.640225341862215,WF,ENS-,top3,is,short,2004
24,8,-0.8609891950949913,-1.0309891950949912,-1.030989195094991,37.5,-0.787808549289625,,-2.4490844410483614,WF,ENS-,top3,oos,short,2004
48,16,-0.6336885219298781,-0.8036885219298782,-0.8036885219298779,39.58333333333333,-0.7287687803703501,,-1.4878526215196846,WF,ENS-,top3,all,short,2004
24,8,-0.885123625972068,-1.0551236259720675,-1.0551236259720675,50.0,-0.90228525161655,,-3.0963386202234804,SPLIT,ENS-,top3,oos,short,2004
40,8,0.3493615085324079,0.1793615085324081,0.17936150853240812,45.0,-0.11472793418237501,2.8820847724031524,-0.75146054316873,WF,ENS-,top5,is,short,2004
40,8,-0.9439916994663893,-1.113991699466389,-1.113991699466389,37.5,-0.787808549289625,,-1.9519126159227358,WF,ENS-,top5,oos,short,2004
80,16,-0.2973150954669905,-0.46731509546699046,-0.46731509546699046,41.25,-0.3956425646428,,-0.946839175807867,WF,ENS-,top5,all,short,2004
40,8,-0.9211070779385757,-1.0911070779385756,-1.0911070779385754,47.5,-0.946655771846465,,-2.1314781813763997,SPLIT,ENS-,top5,oos,short,2004
80,8,-0.3826288098270995,-0.5526288098270997,-0.5526288098270995,42.5,-0.352347075591195,,-1.063621864430468,WF,ENS-,top10,is,short,2004
80,8,-0.6618639524294723,-0.8318639524294723,-0.8318639524294722,42.5,-0.13559094127247998,,-1.2411797569550076,WF,ENS-,top10,oos,short,2004
160,16,-0.5222463811282859,-0.692246381128286,-0.6922463811282858,42.5,-0.23612344208226002,,-0.9195580382105393,WF,ENS-,top10,all,short,2004
80,8,-0.8316293730454684,-1.0016293730454682,-1.0016293730454684,46.25,-0.854559649463105,,-1.5243288440581928,SPLIT,ENS-,top10,oos,short,2004
1,1,-1.7385721817801,-1.9085721817801,-1.9085721817801,0.0,-1.7385721817801,,,WF,ENS-,T2,is,short,2004
23,3,0.14832814939312872,-0.02167185060687103,3.735985970685498,47.82608695652174,0.0967535892374,9.053005569067041,-1.5262894723101272,WF,ENS-,T2,oos,short,2004
24,4,0.06970730226091085,-0.10029269773908905,2.3248464325690983,45.83333333333333,-0.06928884695875501,18.460977147717006,-1.5374622464927572,WF,ENS-,T2,all,short,2004
5,2,-0.8324237534735022,-1.002423753473502,-2.288302549894605,60.0,1.39336283481578,,,SPLIT,ENS-,T2,oos,short,2004
8,3,-3.278114673472661,-3.4481146734726615,-2.7797284844472108,12.5,-2.6093183497189196,,-6.560590745030543,WF,ENS-,T5,is,short,2004
65,3,-0.7798935987558574,-0.9498935987558571,-1.2069179545737643,38.46153846153847,-0.85834123993766,,-1.8307805125035506,WF,ENS-,T5,oos,short,2004
73,6,-1.0536712507796169,-1.2236712507796166,-1.9933232195104875,35.61643835616438,-1.7385721817801,,-2.0010551196763875,WF,ENS-,T5,all,short,2004
14,3,-0.9824059928227862,-1.1524059928227868,0.26414791160944556,50.0,-0.5148911269840051,,-3.997715048110346,SPLIT,ENS-,T5,oos,short,2004
0,0,,,,,,,,WF,ENS-,TE,is,short,2004
0,0,,,,,,,,WF,ENS-,TE,oos,short,2004
0,0,,,,,,,,WF,ENS-,TE,all,short,2004
0,0,,,,,,,,SPLIT,ENS-,TE,oos,short,2004
