symbol,company_b,quarter_b,period_b,qn,reaction_day_b,timing_b,XN_b,cut_rsi14,rx_rsi14,stock_pct,nifty_pct,vsN_net_b,raw_net_b,tp_net,year,industry,peer_group,cut_close_vs_sma200_pct,stock_21d_pct,lag_pct,i_react_b,period_r,quarter_r,company_r,results_date,timing_r,reaction_day_r,exit_day,i_cut,i_react_r,stock_ret_k,nifty_ret_k,XN_r,rsi14_cut,rsi_traded_on_cut,rsi14_react,blanks_k1_k21,raw_gross,nifty_H20,vsN_gross,raw_net_r,vsN_net_r,_merge,XN_t,rsi14_t,my_rsi_t,stock_t,nifty_t,vsN_net_t,raw_net_t,tp_net_t,reaction_day_t,i_react_t,i_cut_t,period_t,quarter_t,company_t,timing_t,results_date_t,disp_b,disp_r,disp_t
ABB,ABB India Limited,Q4 FY23,Jan-Mar 2023,8,2023-05-04,After close,4.63480000,62.73110000,75.67560000,8.21050000,1.27060000,6.74990000,8.04050000,2.84950000,2023,Electrical Equipment,,12.24840000,2.12900000,-4.48030000,1849,Jan-Mar 2023,Q4 FY23,ABB India Limited,2023-05-03,After close,2023-05-04,2023-06-01,1846,1849,5.55218000,0.91736500,4.63481500,62.73114000,True,75.67564400,0,8.21047700,1.27055500,6.93992200,8.04047700,6.74992200,both,4.63481474,62.73110000,62.73113982,8.21047731,1.27055511,6.74992220,8.04047731,2.84950645,2023-05-04,1849,1846,Jan-Mar 2023,Q4 FY23,ABB India Limited,After close,2023-05-03,+6.7,+6.7,+6.7
ABB,ABB India Limited,Q4 FY24,Jan-Mar 2024,12,2024-05-13,After close,11.00530000,72.27420000,78.09390000,0.97320000,5.22600000,-4.44280000,0.80320000,3.02040000,2024,Electrical Equipment,,47.85590000,10.53480000,11.47700000,2103,Jan-Mar 2024,Q4 FY24,ABB India Limited,2024-05-10,After close,2024-05-13,2024-06-10,2100,2103,11.22680000,0.22149000,11.00531000,72.27420500,True,78.09388300,0,0.97320500,5.22596500,-4.25276000,0.80320500,-4.44276000,both,11.00531028,72.27420000,72.27420486,0.97320512,5.22596538,-4.44276026,0.80320512,3.02035991,2024-05-13,2103,2100,Jan-Mar 2024,Q4 FY24,ABB India Limited,After close,2024-05-10,-4.4,-4.4,-4.4
ABB,ABB India Limited,Q3 FY26,Oct-Dec 2025,19,2026-02-20,After close,4.21770000,67.25200000,67.19670000,0.91030000,-11.96110000,12.68140000,0.74030000,3.17190000,2026,Electrical Equipment,,8.08660000,19.94660000,19.39980000,2547,Oct-Dec 2025,Q3 FY26,ABB India Limited,2026-02-19,After close,2026-02-20,2026-03-23,2544,2547,4.67698000,0.45925400,4.21772600,67.25203700,True,67.19666000,0,0.91029700,-11.96108900,12.87138700,0.74029700,12.68138700,both,4.21772647,67.25200000,67.25203703,0.91029743,-11.96108911,12.68138655,0.74029743,3.17193879,2026-02-20,2547,2544,Oct-Dec 2025,Q3 FY26,ABB India Limited,After close,2026-02-19,+12.7,+12.7,+12.7
ABCAPITAL,Aditya Birla Capital Limited,Q4 FY25,Jan-Mar 2025,16,2025-05-14,After close,6.19930000,51.14510000,67.85650000,12.78800000,1.92360000,10.67440000,12.61800000,3.09550000,2025,Finance,NBFCs,-1.24140000,2.60810000,-2.21000000,2352,Jan-Mar 2025,Q4 FY25,Aditya Birla Capital Limited,2025-05-13,After close,2025-05-14,2025-06-11,2349,2352,6.55962000,0.36027600,6.19934400,51.14506400,True,67.85647000,0,12.78798300,1.92363000,10.86435300,12.61798300,10.67435300,both,6.19934358,51.14510000,51.14506366,12.78798314,1.92363045,10.67435269,12.61798314,3.09554678,2025-05-14,2352,2349,Jan-Mar 2025,Q4 FY25,Aditya Birla Capital Limited,After close,2025-05-13,+10.7,+10.7,+10.7
ABCAPITAL,Aditya Birla Capital Limited,Q2 FY26,Jul-Sep 2025,18,2025-10-30,During market,5.82370000,65.22610000,72.76260000,9.56240000,1.25630000,8.11610000,9.39240000,4.75770000,2025,Finance,NBFCs,35.55350000,9.10990000,4.91020000,2469,Jul-Sep 2025,Q2 FY26,Aditya Birla Capital Limited,2025-10-30,During market,2025-10-30,2025-11-28,2467,2469,5.14801000,-0.67571500,5.82372500,65.22608400,True,72.76256500,0,9.56241800,1.25628700,8.30613200,9.39241800,8.11613200,both,5.82372458,65.22610000,65.22608369,9.56241843,1.25628675,8.11613168,9.39241843,4.75766033,2025-10-30,2469,2467,Jul-Sep 2025,Q2 FY26,Aditya Birla Capital Limited,During market,2025-10-30,+8.1,+8.1,+8.1
ADANIENSOL,Adani Energy Solutions Limited,Q4 FY26,Jan-Mar 2026,20,2026-04-24,After close,4.86260000,76.75940000,83.10230000,-0.54180000,0.55970000,-1.29150000,-0.71180000,-1.29150000,2026,Power,,34.84810000,26.45420000,22.23280000,2587,Jan-Mar 2026,Q4 FY26,Adani Energy Solutions Limited,2026-04-23,After close,2026-04-24,2026-05-25,2584,2587,3.72452000,-1.13804400,4.86256400,76.75935500,True,83.10233500,0,-0.54180900,0.55967100,-1.10148100,-0.71180900,-1.29148100,both,4.86256423,76.75940000,76.75935488,-0.54180946,0.55967144,-1.29148090,-0.71180946,-1.29148090,2026-04-24,2587,2584,Jan-Mar 2026,Q4 FY26,Adani Energy Solutions Limited,After close,2026-04-23,-1.3,-1.3,-1.3
ADANIENT,Adani Enterprises Limited,Q2 FY23,Jul-Sep 2022,6,2022-11-04,After close,6.40690000,66.86780000,76.81670000,2.53440000,3.22290000,-0.87850000,2.36440000,3.86710000,2022,Trading,,47.46120000,3.02530000,-4.86680000,1728,Jul-Sep 2022,Q2 FY23,Adani Enterprises Limited,2022-11-03,After close,2022-11-04,2022-12-05,1725,1728,6.76387000,0.35701000,6.40686000,66.86783400,True,76.81668800,0,2.53440900,3.22291300,-0.68850400,2.36440900,-0.87850400,both,6.40685969,66.86780000,66.86783413,2.53440883,3.22291310,-0.87850427,2.36440883,3.86709565,2022-11-04,1728,1725,Jul-Sep 2022,Q2 FY23,Adani Enterprises Limited,After close,2022-11-03,-0.9,-0.9,-0.9
ADANIPORTS,Adani Ports and Special Economic Zone Limited,Q4 FY25,Jan-Mar 2025,16,2025-05-02,Non-trading day,4.10810000,55.65610000,64.03530000,13.07710000,1.65940000,11.22770000,12.90710000,5.65350000,2025,Shipping,,-5.74500000,2.87120000,0.05180000,2344,Jan-Mar 2025,Q4 FY25,Adani Ports and Special Economic Zone Limited,2025-05-01,Non-trading day,2025-05-02,2025-05-30,2342,2344,4.15947000,0.05136800,4.10810200,55.65612400,True,64.03528500,0,13.07711000,1.65936200,11.41774700,12.90711000,11.22774700,both,4.10810197,55.65610000,55.65612416,13.07710957,1.65936246,11.22774711,12.90710957,5.65354576,2025-05-02,2344,2342,Jan-Mar 2025,Q4 FY25,Adani Ports and Special Economic Zone Limited,Non-trading day,2025-05-01,+11.2,+11.2,+11.2
ALKEM,Alkem Laboratories Limited,Q2 FY24,Jul-Sep 2023,10,2023-11-07,During market,5.31070000,67.03210000,77.98560000,17.34270000,7.88900000,9.26370000,17.17270000,4.71930000,2023,Pharmaceuticals,Pharma,10.09030000,9.57850000,10.63580000,1977,Jul-Sep 2023,Q2 FY24,Alkem Laboratories Limited,2023-11-07,During market,2023-11-07,2023-12-06,1975,1977,5.28469000,-0.02601500,5.31070500,67.03210100,True,77.98559000,0,17.34267100,7.88902800,9.45364300,17.17267100,9.26364300,both,5.31070517,67.03210000,67.03210089,17.34267052,7.88902802,9.26364250,17.17267052,4.71926477,2023-11-07,1977,1975,Jul-Sep 2023,Q2 FY24,Alkem Laboratories Limited,During market,2023-11-07,+9.3,+9.3,+9.3
AMBER,Amber Enterprises India Limited,Q1 FY26,Apr-Jun 2025,17,2025-07-29,During market,4.05320000,50.78270000,64.69500000,-7.12500000,-1.29000000,-6.02500000,-7.29500000,-6.02500000,2025,Consumer Durables,Consumer brands,11.73810000,7.17600000,9.96280000,2406,Apr-Jun 2025,Q1 FY26,Amber Enterprises India Limited,2025-07-29,During market,2025-07-29,2025-08-28,2404,2406,4.62126000,0.56805100,4.05320900,50.78266500,True,64.69496200,0,-7.12503900,-1.29003100,-5.83500700,-7.29503900,-6.02500700,both,4.05320940,50.78270000,50.78266502,-7.12503894,-1.29003147,-6.02500747,-7.29503894,-6.02500747,2025-07-29,2406,2404,Apr-Jun 2025,Q1 FY26,Amber Enterprises India Limited,During market,2025-07-29,-6.0,-6.0,-6.0
AMBER,Amber Enterprises India Limited,Q3 FY26,Oct-Dec 2025,19,2026-02-10,Before open,6.29990000,64.15320000,77.23290000,-2.69620000,-7.97490000,5.08870000,-2.86620000,3.95160000,2026,Consumer Durables,Consumer brands,-6.24070000,-0.19540000,1.51480000,2539,Oct-Dec 2025,Q3 FY26,Amber Enterprises India Limited,2026-02-10,Before open,2026-02-10,2026-03-11,2537,2539,6.56215000,0.26230000,6.29985000,64.15319800,True,77.23285200,0,-2.69622000,-7.97489100,5.27867200,-2.86622000,5.08867200,both,6.29984972,64.15320000,64.15319789,-2.69621965,-7.97489122,5.08867157,-2.86621965,3.95157829,2026-02-10,2539,2537,Oct-Dec 2025,Q3 FY26,Amber Enterprises India Limited,Before open,2026-02-10,+5.1,+5.1,+5.1
ANGELONE,Angel One Limited,Q4 FY26,Jan-Mar 2026,20,2026-04-17,After close,9.55670000,69.95500000,78.22380000,-5.74320000,-2.88910000,-3.04410000,-5.91320000,-3.04410000,2026,Capital Markets,,11.36890000,24.47740000,26.20420000,2582,Jan-Mar 2026,Q4 FY26,Angel One Limited,2026-04-16,After close,2026-04-17,2026-05-18,2579,2582,10.20470000,0.64802100,9.55667900,69.95495700,True,78.22383600,0,-5.74315900,-2.88910700,-2.85405200,-5.91315900,-3.04405200,both,9.55667909,69.95500000,69.95495734,-5.74315879,-2.88910652,-3.04405227,-5.91315879,-3.04405227,2026-04-17,2582,2579,Jan-Mar 2026,Q4 FY26,Angel One Limited,After close,2026-04-16,-3.0,-3.0,-3.0
APLAPOLLO,APL Apollo Tubes Limited,Q3 FY26,Oct-Dec 2025,19,2026-01-22,During market,4.65840000,55.38520000,63.81310000,11.48790000,0.65030000,10.64760000,11.31790000,4.54410000,2026,Steel And Steel Products,Metals,10.28490000,6.14250000,8.40100000,2526,Oct-Dec 2025,Q3 FY26,APL Apollo Tubes Limited,2026-01-22,During market,2026-01-22,2026-02-19,2524,2526,5.18471000,0.52628400,4.65842600,55.38524600,True,63.81309200,0,11.48786700,0.65026000,10.83760700,11.31786700,10.64760700,both,4.65842559,55.38520000,55.38524624,11.48786654,0.65025959,10.64760695,11.31786654,4.54413219,2026-01-22,2526,2524,Oct-Dec 2025,Q3 FY26,APL Apollo Tubes Limited,During market,2026-01-22,+10.6,+10.6,+10.6
APLAPOLLO,APL Apollo Tubes Limited,Q1 FY27,Apr-Jun 2026,21,2026-08-03,Non-trading day,5.10280000,65.19610000,64.64380000,14.51970000,-2.80090000,17.13060000,14.34970000,4.62220000,2026,Steel And Steel Products,Metals,-0.54490000,6.05010000,4.75330000,2655,Apr-Jun 2026,Q1 FY27,APL Apollo Tubes Limited,2026-08-01,Non-trading day,2026-08-03,2026-08-31,2653,2655,6.70514000,1.60230600,5.10283400,65.19611400,True,64.64380100,0,14.51971100,-2.80088600,17.32059700,14.34971100,17.13059700,both,5.10283353,65.19610000,65.19611422,14.51971099,-2.80088640,17.13059739,14.34971099,4.62221623,2026-08-03,2655,2653,Apr-Jun 2026,Q1 FY27,APL Apollo Tubes Limited,Non-trading day,2026-08-01,+17.1,+17.1,+17.1
APOLLOHOSP,Apollo Hospitals Enterprise Limited,Q1 FY22,Apr-Jun 2021,1,2021-08-16,After close,6.70880000,61.46650000,73.05320000,10.28630000,5.77430000,4.32200000,10.11630000,12.74130000,2021,Miscellaneous,,35.80950000,7.44380000,3.68630000,1425,Apr-Jun 2021,Q1 FY22,Apollo Hospitals Enterprise Limited,2021-08-13,After close,2021-08-16,2021-09-15,1422,1425,6.91420000,0.20539500,6.70880500,61.46647100,True,73.05322900,0,10.28631400,5.77429900,4.51201500,10.11631400,4.32201500,both,6.70880467,61.46650000,61.46647094,10.28631375,5.77429882,4.32201493,10.11631375,12.74126505,2021-08-16,1425,1422,Apr-Jun 2021,Q1 FY22,Apollo Hospitals Enterprise Limited,After close,2021-08-13,+4.3,+4.3,+4.3
APOLLOHOSP,Apollo Hospitals Enterprise Limited,Q2 FY22,Jul-Sep 2021,2,2021-11-15,After close,8.77440000,59.59420000,76.82920000,2.57930000,-4.33230000,6.72160000,2.40930000,13.82600000,2021,Miscellaneous,,24.76910000,3.96420000,3.28240000,1486,Jul-Sep 2021,Q2 FY22,Apollo Hospitals Enterprise Limited,2021-11-12,After close,2021-11-15,2021-12-14,1483,1486,8.81144000,0.03701100,8.77442900,59.59422200,True,76.82922400,0,2.57926200,-4.33226900,6.91153000,2.40926200,6.72153000,both,8.77442905,59.59420000,59.59422247,2.57926153,-4.33226851,6.72153005,2.40926153,13.82598358,2021-11-15,1486,1483,Jul-Sep 2021,Q2 FY22,Apollo Hospitals Enterprise Limited,After close,2021-11-12,+6.7,+6.7,+6.7
APOLLOHOSP,Apollo Hospitals Enterprise Limited,Q3 FY23,Oct-Dec 2022,7,2023-02-15,After close,4.65170000,56.33710000,59.16220000,-3.76230000,-5.71860000,1.76630000,-3.93230000,3.15830000,2023,Miscellaneous,,4.22150000,1.27620000,1.49520000,1799,Oct-Dec 2022,Q3 FY23,Apollo Hospitals Enterprise Limited,2023-02-14,After close,2023-02-15,2023-03-16,1796,1799,5.13136000,0.47964700,4.65171300,56.33708500,True,59.16216700,0,-3.76234500,-5.71857600,1.95623100,-3.93234500,1.76623100,both,4.65171293,56.33710000,56.33708513,-3.76234507,-5.71857559,1.76623052,-3.93234507,3.15828664,2023-02-15,1799,1796,Oct-Dec 2022,Q3 FY23,Apollo Hospitals Enterprise Limited,After close,2023-02-14,+1.8,+1.8,+1.8
ASHOKLEY,Ashok Leyland Limited,Q2 FY22,Jul-Sep 2021,2,2021-11-15,After close,4.35560000,64.70240000,66.48720000,-17.19260000,-4.33230000,-13.05030000,-17.36260000,-13.05040000,2021,Automobiles - 4 Wheelers,,18.44830000,10.19270000,9.51100000,1486,Jul-Sep 2021,Q2 FY22,Ashok Leyland Limited,2021-11-12,After close,2021-11-15,2021-12-14,1483,1486,4.39259000,0.03701100,4.35557900,64.70235900,True,66.48720300,0,-17.19263000,-4.33226900,-12.86036100,-17.36263000,-13.05036100,both,4.35557905,64.70240000,64.70235892,-17.19262990,-4.33226851,-13.05036138,-17.36262990,-13.05036138,2021-11-15,1486,1483,Jul-Sep 2021,Q2 FY22,Ashok Leyland Limited,After close,2021-11-12,-13.1,-13.1,-13.1
ASHOKLEY,Ashok Leyland Limited,Q1 FY24,Apr-Jun 2023,9,2023-07-21,During market,4.67230000,71.44890000,80.49130000,2.74950000,-1.77970000,4.33920000,2.57950000,3.51400000,2023,Automobiles - 4 Wheelers,,16.62910000,3.12590000,-2.62010000,1904,Apr-Jun 2023,Q1 FY24,Ashok Leyland Limited,2023-07-21,During market,2023-07-21,2023-08-21,1902,1904,3.50028000,-1.17197200,4.67225200,71.44887700,True,80.49125000,0,2.74952200,-1.77969100,4.52921300,2.57952200,4.33921300,both,4.67225178,71.44890000,71.44887748,2.74952225,-1.77969106,4.33921331,2.57952225,3.51396459,2023-07-21,1904,1902,Apr-Jun 2023,Q1 FY24,Ashok Leyland Limited,During market,2023-07-21,+4.3,+4.3,+4.3
ASIANPAINT,Asian Paints Limited,Q1 FY22,Apr-Jun 2021,1,2021-07-20,During market,6.70280000,51.58370000,70.88490000,-4.98570000,5.99250000,-11.16820000,-5.15570000,-11.16820000,2021,Paints,Consumer brands,17.62600000,-2.32010000,-3.79860000,1407,Apr-Jun 2021,Q1 FY22,Asian Paints Limited,2021-07-20,During market,2021-07-20,2021-08-18,1405,1407,5.93907000,-0.76369300,6.70276300,51.58367000,True,70.88491800,0,-4.98567500,5.99247700,-10.97815200,-5.15567500,-11.16815200,both,6.70276315,51.58370000,51.58367010,-4.98567478,5.99247702,-11.16815180,-5.15567478,-11.16815180,2021-07-20,1407,1405,Apr-Jun 2021,Q1 FY22,Asian Paints Limited,During market,2021-07-20,-11.2,-11.2,-11.2
ASTRAL,Astral Limited,Q4 FY23,Jan-Mar 2023,8,2023-05-16,After close,6.30420000,73.24210000,85.07290000,19.00090000,2.34950000,16.46140000,18.83090000,3.50130000,2023,Plastic And Plastic Products,,2.72980000,10.19090000,6.37250000,1857,Jan-Mar 2023,Q4 FY23,Astral Limited,2023-05-15,After close,2023-05-16,2023-06-13,1854,1857,5.69360000,-0.61063600,6.30423600,73.24206300,True,85.07294300,0,19.00089700,2.34954700,16.65134900,18.83089700,16.46134900,both,6.30423599,73.24210000,73.24206343,19.00089671,2.34954748,16.46134923,18.83089671,3.50133156,2023-05-16,1857,1854,Jan-Mar 2023,Q4 FY23,Astral Limited,After close,2023-05-15,+16.5,+16.5,+16.5
ASTRAL,Astral Limited,Q4 FY25,Jan-Mar 2025,16,2025-05-22,After close,5.51740000,63.32270000,62.95990000,5.34520000,0.74580000,4.40940000,5.17520000,2.81590000,2025,Plastic And Plastic Products,,-13.93210000,8.01490000,1.57960000,2358,Jan-Mar 2025,Q4 FY25,Astral Limited,2025-05-21,After close,2025-05-22,2025-06-19,2355,2358,4.69623000,-0.82112700,5.51735700,63.32265000,True,62.95993100,0,5.34524200,0.74584400,4.59939700,5.17524200,4.40939700,both,5.51735725,63.32270000,63.32265031,5.34524153,0.74584412,4.40939741,5.17524153,2.81587025,2025-05-22,2358,2355,Jan-Mar 2025,Q4 FY25,Astral Limited,After close,2025-05-21,+4.4,+4.4,+4.4
ASTRAL,Astral Limited,Q2 FY26,Jul-Sep 2025,18,2025-11-06,Non-trading day,7.08430000,63.27220000,74.13120000,-8.00720000,2.05430000,-10.25150000,-8.17720000,-10.25150000,2025,Plastic And Plastic Products,,4.62680000,7.57770000,3.84510000,2473,Jul-Sep 2025,Q2 FY26,Astral Limited,2025-11-05,Non-trading day,2025-11-06,2025-12-04,2471,2473,6.74073000,-0.34358600,7.08431600,63.27216600,True,74.13116000,0,-8.00715500,2.05431700,-10.06147100,-8.17715500,-10.25147100,both,7.08431623,63.27220000,63.27216556,-8.00715458,2.05431659,-10.25147117,-8.17715458,-10.25147117,2025-11-06,2473,2471,Jul-Sep 2025,Q2 FY26,Astral Limited,Non-trading day,2025-11-05,-10.3,-10.3,-10.3
ASTRAL,Astral Limited,Q1 FY27,Apr-Jun 2026,21,2026-08-13,After close,8.90730000,50.20520000,72.93550000,-8.35430000,-3.76310000,-4.78120000,-8.52430000,-4.78110000,2026,Plastic And Plastic Products,,-4.41220000,7.73730000,6.18030000,2663,Apr-Jun 2026,Q1 FY27,Astral Limited,2026-08-12,After close,2026-08-13,2026-09-10,2660,2663,8.74317000,-0.16410200,8.90727200,50.20522400,True,72.93550000,0,-8.35426300,-3.76314000,-4.59112300,-8.52426300,-4.78112300,both,8.90727248,50.20520000,50.20522412,-8.35426260,-3.76314004,-4.78112256,-8.52426260,-4.78112256,2026-08-13,2663,2660,Apr-Jun 2026,Q1 FY27,Astral Limited,After close,2026-08-12,-4.8,-4.8,-4.8
AUBANK,AU Small Finance Bank Limited,Q4 FY25,Jan-Mar 2025,16,2025-04-23,After close,7.74570000,62.46350000,74.70550000,3.56150000,1.15400000,2.21750000,3.39150000,3.26060000,2025,Banks,Banks,-4.10820000,16.64510000,10.15120000,2338,Jan-Mar 2025,Q4 FY25,AU Small Finance Bank Limited,2025-04-22,After close,2025-04-23,2025-05-22,2335,2338,8.41479000,0.66908700,7.74570300,62.46349800,True,74.70552700,0,3.56150700,1.15397500,2.40753200,3.39150700,2.21753200,both,7.74570270,62.46350000,62.46349770,3.56150711,1.15397500,2.21753211,3.39150711,3.26064900,2025-04-23,2338,2335,Jan-Mar 2025,Q4 FY25,AU Small Finance Bank Limited,After close,2025-04-22,+2.2,+2.2,+2.2
AUBANK,AU Small Finance Bank Limited,Q2 FY26,Jul-Sep 2025,18,2025-10-20,After close,8.66190000,73.60540000,80.65650000,6.98680000,0.81070000,5.98610000,6.81680000,2.92650000,2025,Banks,Banks,19.47020000,12.43340000,11.41880000,2462,Jul-Sep 2025,Q2 FY26,AU Small Finance Bank Limited,2025-10-17,After close,2025-10-20,2025-11-19,2459,2462,9.18039000,0.51847800,8.66191200,73.60537700,True,80.65647400,0,6.98682100,0.81066000,6.17616200,6.81682100,5.98616200,both,8.66191167,73.60540000,73.60537672,6.98682130,0.81065969,5.98616161,6.81682130,2.92645382,2025-10-20,2462,2459,Jul-Sep 2025,Q2 FY26,AU Small Finance Bank Limited,After close,2025-10-17,+6.0,+6.0,+6.0
AXISBANK,Axis Bank Limited,Q3 FY22,Oct-Dec 2021,3,2022-01-25,After close,6.00430000,57.17350000,62.27840000,3.32360000,-1.24260000,4.37620000,3.15360000,3.65940000,2022,Banks,Banks,-1.01790000,8.89670000,4.16930000,1536,Oct-Dec 2021,Q3 FY22,Axis Bank Limited,2022-01-24,After close,2022-01-25,2022-02-23,1533,1536,6.75561000,0.75135100,6.00425900,57.17351900,True,62.27839500,0,3.32358800,-1.24262400,4.56621300,3.15358800,4.37621300,both,6.00425862,57.17350000,57.17351857,3.32358838,-1.24262427,4.37621265,3.15358838,3.65940003,2022-01-25,1536,1533,Oct-Dec 2021,Q3 FY22,Axis Bank Limited,After close,2022-01-24,+4.4,+4.4,+4.4
AXISBANK,Axis Bank Limited,Q2 FY23,Jul-Sep 2022,6,2022-10-21,After close,8.95670000,65.18410000,78.33190000,-3.37070000,3.80000000,-7.36070000,-3.54070000,-7.36070000,2022,Banks,Banks,12.10920000,3.42710000,3.67750000,1719,Jul-Sep 2022,Q2 FY23,Axis Bank Limited,2022-10-20,After close,2022-10-21,2022-11-22,1716,1719,9.02706000,0.07031400,8.95674600,65.18410600,True,78.33185200,0,-3.37072400,3.80000300,-7.17072800,-3.54072400,-7.36072800,both,8.95674552,65.18410000,65.18410555,-3.37072441,3.80000341,-7.36072782,-3.54072441,-7.36072782,2022-10-21,1719,1716,Jul-Sep 2022,Q2 FY23,Axis Bank Limited,After close,2022-10-20,-7.4,-7.4,-7.4
AXISBANK,Axis Bank Limited,Q3 FY26,Oct-Dec 2025,19,2026-01-27,Non-trading day,4.08860000,57.21460000,59.53070000,5.38840000,2.13540000,3.06300000,5.21840000,3.38260000,2026,Banks,Banks,9.43150000,4.99510000,8.36700000,2528,Oct-Dec 2025,Q3 FY26,Axis Bank Limited,2026-01-26,Non-trading day,2026-01-27,2026-02-23,2526,2528,4.59459000,0.50601500,4.08857500,57.21459900,True,59.53072300,0,5.38835800,2.13541800,3.25294000,5.21835800,3.06294000,both,4.08857471,57.21460000,57.21459889,5.38835835,2.13541791,3.06294044,5.21835835,3.38261316,2026-01-27,2528,2526,Oct-Dec 2025,Q3 FY26,Axis Bank Limited,Non-trading day,2026-01-26,+3.1,+3.1,+3.1
BAJAJ-AUTO,Bajaj Auto Limited,Q2 FY24,Jul-Sep 2023,10,2023-10-19,After close,6.95630000,58.89020000,76.84520000,2.71590000,0.54570000,1.98020000,2.54590000,1.98010000,2023,Automobiles - 2 And 3 Wheelers,,16.12160000,5.58200000,7.26740000,1965,Jul-Sep 2023,Q2 FY24,Bajaj Auto Limited,2023-10-18,After close,2023-10-19,2023-11-17,1962,1965,6.72039000,-0.23587900,6.95626900,58.89023300,True,76.84518700,0,2.71585300,0.54574100,2.17011200,2.54585300,1.98011200,both,6.95626903,58.89020000,58.89023252,2.71585285,0.54574083,1.98011203,2.54585285,1.98011203,2023-10-19,1965,1962,Jul-Sep 2023,Q2 FY24,Bajaj Auto Limited,After close,2023-10-18,+2.0,+2.0,+2.0
BAJAJ-AUTO,Bajaj Auto Limited,Q3 FY24,Oct-Dec 2023,11,2024-01-25,After close,5.80530000,62.48890000,75.89440000,11.04900000,4.02810000,6.83090000,10.87900000,3.92130000,2024,Automobiles - 2 And 3 Wheelers,,37.25030000,13.58880000,12.09850000,2032,Oct-Dec 2023,Q3 FY24,Bajaj Auto Limited,2024-01-24,After close,2024-01-25,2024-02-23,2029,2032,5.33284000,-0.47240700,5.80524700,62.48892100,True,75.89442900,0,11.04901900,4.02808100,7.02093800,10.87901900,6.83093800,both,5.80524718,62.48890000,62.48892109,11.04901930,4.02808089,6.83093841,10.87901930,3.92134489,2024-01-25,2032,2029,Oct-Dec 2023,Q3 FY24,Bajaj Auto Limited,After close,2024-01-24,+6.8,+6.8,+6.8
BAJAJFINSV,Bajaj Finserv Limited,Q1 FY23,Apr-Jun 2022,5,2022-07-28,During market,8.30290000,70.88850000,81.04440000,9.86440000,2.26410000,7.41030000,9.69440000,3.07300000,2022,Finance,NBFCs,-13.75730000,14.81520000,10.69830000,1662,Apr-Jun 2022,Q1 FY23,Bajaj Finserv Limited,2022-07-28,During market,2022-07-28,2022-08-29,1660,1662,10.03230000,1.72938000,8.30292000,70.88852400,True,81.04436100,0,9.86440300,2.26408200,7.60032100,9.69440300,7.41032100,both,8.30291976,70.88850000,70.88852376,9.86440272,2.26408184,7.41032088,9.69440272,3.07299273,2022-07-28,1662,1660,Apr-Jun 2022,Q1 FY23,Bajaj Finserv Limited,During market,2022-07-28,+7.4,+7.4,+7.4
BAJAJFINSV,Bajaj Finserv Limited,Q1 FY27,Apr-Jun 2026,21,2026-07-31,During market,5.99570000,62.27410000,71.80230000,-1.33560000,-0.85280000,-0.67280000,-1.50560000,-0.67270000,2026,Finance,NBFCs,0.40310000,8.10020000,6.48930000,2654,Apr-Jun 2026,Q1 FY27,Bajaj Finserv Limited,2026-07-31,During market,2026-07-31,2026-08-28,2652,2654,6.26899000,0.27326400,5.99572600,62.27408300,True,71.80226000,0,-1.33557400,-0.85282700,-0.48274700,-1.50557400,-0.67274700,both,5.99572607,62.27410000,62.27408348,-1.33557400,-0.85282731,-0.67274669,-1.50557400,-0.67274669,2026-07-31,2654,2652,Apr-Jun 2026,Q1 FY27,Bajaj Finserv Limited,During market,2026-07-31,-0.7,-0.7,-0.7
BANDHANBNK,Bandhan Bank Limited,Q3 FY22,Oct-Dec 2021,3,2022-01-24,After close,6.83610000,69.47650000,67.79200000,-0.08120000,-0.33180000,0.06060000,-0.25120000,4.35340000,2022,Banks,Banks,1.25920000,23.31440000,16.35260000,1535,Oct-Dec 2021,Q3 FY22,Bandhan Bank Limited,2022-01-21,After close,2022-01-24,2022-02-22,1532,1535,4.17936000,-2.65678600,6.83614600,69.47646200,True,67.79199900,0,-0.08121500,-0.33179600,0.25058100,-0.25121500,0.06058100,both,6.83614614,69.47650000,69.47646247,-0.08121496,-0.33179584,0.06058088,-0.25121496,4.35343862,2022-01-24,1535,1532,Oct-Dec 2021,Q3 FY22,Bandhan Bank Limited,After close,2022-01-21,+0.1,+0.1,+0.1
BANDHANBNK,Bandhan Bank Limited,Q4 FY26,Jan-Mar 2026,20,2026-04-29,After close,10.24090000,59.19660000,72.92740000,5.04280000,-2.60530000,7.45810000,4.87280000,4.31760000,2026,Banks,Banks,7.90270000,10.24370000,6.85420000,2590,Jan-Mar 2026,Q4 FY26,Bandhan Bank Limited,2026-04-28,After close,2026-04-29,2026-05-29,2587,2590,10.99920000,0.75826100,10.24093900,59.19658300,True,72.92735900,0,5.04284300,-2.60529900,7.64814100,4.87284300,7.45814100,both,10.24093914,59.19660000,59.19658347,5.04284274,-2.60529870,7.45814143,4.87284274,4.31759716,2026-04-29,2590,2587,Jan-Mar 2026,Q4 FY26,Bandhan Bank Limited,After close,2026-04-28,+7.5,+7.5,+7.5
BANKBARODA,Bank of Baroda,Q3 FY22,Oct-Dec 2021,3,2022-02-07,Non-trading day,7.73470000,75.55860000,73.91650000,-13.72290000,-6.97210000,-6.94080000,-13.89290000,3.92800000,2022,Banks,Banks,29.50130000,30.57210000,31.94840000,1544,Oct-Dec 2021,Q3 FY22,Bank of Baroda,2022-02-05,Non-trading day,2022-02-07,2022-03-08,1542,1544,6.00657000,-1.72810500,7.73467500,75.55855600,True,73.91653300,0,-13.72289200,-6.97210300,-6.75078900,-13.89289200,-6.94078900,both,7.73467468,75.55860000,75.55855557,-13.72289195,-6.97210345,-6.94078850,-13.89289195,3.92797251,2022-02-07,1544,1542,Oct-Dec 2021,Q3 FY22,Bank of Baroda,Non-trading day,2022-02-05,-6.9,-6.9,-6.9
BANKBARODA,Bank of Baroda,Q2 FY23,Jul-Sep 2022,6,2022-11-07,Non-trading day,9.07410000,64.40020000,70.85180000,10.13580000,2.41690000,7.52890000,9.96580000,5.08210000,2022,Banks,Banks,29.75270000,15.69700000,8.79630000,1729,Jul-Sep 2022,Q2 FY23,Bank of Baroda,2022-11-05,Non-trading day,2022-11-07,2022-12-06,1727,1729,9.54687000,0.47275600,9.07411400,64.40019900,True,70.85183800,0,10.13576300,2.41693600,7.71882700,9.96576300,7.52882700,both,9.07411352,64.40020000,64.40019855,10.13576254,2.41693586,7.52882669,9.96576254,5.08212964,2022-11-07,1729,1727,Jul-Sep 2022,Q2 FY23,Bank of Baroda,Non-trading day,2022-11-05,+7.5,+7.5,+7.5
BANKBARODA,Bank of Baroda,Q2 FY26,Jul-Sep 2025,18,2025-11-03,After close,4.43730000,64.87350000,74.85090000,1.95740000,1.04350000,0.72390000,1.78740000,0.72390000,2025,Banks,Banks,16.18260000,10.52520000,4.85010000,2471,Jul-Sep 2025,Q2 FY26,Bank of Baroda,2025-10-31,After close,2025-11-03,2025-12-02,2468,2471,4.59770000,0.16036800,4.43733200,64.87350300,True,74.85093700,0,1.95742000,1.04353700,0.91388300,1.78742000,0.72388300,both,4.43733207,64.87350000,64.87350317,1.95741985,1.04353665,0.72388320,1.78741985,0.72388320,2025-11-03,2471,2468,Jul-Sep 2025,Q2 FY26,Bank of Baroda,After close,2025-10-31,+0.7,+0.7,+0.7
BANKINDIA,Bank of India,Q2 FY26,Jul-Sep 2025,18,2025-10-20,After close,4.89130000,62.95280000,65.46120000,14.50260000,0.81070000,13.50190000,14.33260000,4.06190000,2025,Banks,Banks,13.17190000,7.07690000,6.06230000,2462,Jul-Sep 2025,Q2 FY26,Bank of India,2025-10-17,After close,2025-10-20,2025-11-19,2459,2462,5.40980000,0.51847800,4.89132200,62.95282000,True,65.46116300,0,14.50257300,0.81066000,13.69191400,14.33257300,13.50191400,both,4.89132167,62.95280000,62.95282045,14.50257346,0.81065969,13.50191377,14.33257346,4.06191414,2025-10-20,2462,2459,Jul-Sep 2025,Q2 FY26,Bank of India,After close,2025-10-17,+13.5,+13.5,+13.5
BANKINDIA,Bank of India,Q3 FY26,Oct-Dec 2025,19,2026-01-22,After close,5.15060000,76.34620000,72.12160000,1.64640000,0.65030000,0.80610000,1.47640000,0.80620000,2026,Banks,Banks,30.29850000,14.85630000,15.75890000,2526,Oct-Dec 2025,Q3 FY26,Bank of India,2026-01-21,After close,2026-01-22,2026-02-19,2523,2526,5.67691000,0.52628400,5.15062600,76.34623700,True,72.12158800,0,1.64644200,0.65026000,0.99618200,1.47644200,0.80618200,both,5.15062559,76.34620000,76.34623662,1.64644179,0.65025959,0.80618220,1.47644179,0.80618220,2026-01-22,2526,2523,Oct-Dec 2025,Q3 FY26,Bank of India,After close,2026-01-21,+0.8,+0.8,+0.8
BDL,Bharat Dynamics Limited,Q2 FY26,Jul-Sep 2025,18,2025-11-14,After close,6.19850000,52.68030000,62.65460000,-12.63480000,0.52840000,-13.35320000,-12.80480000,-13.35310000,2025,Aerospace & Defence,,0.86250000,0.86170000,-1.17610000,2479,Jul-Sep 2025,Q2 FY26,Bharat Dynamics Limited,2025-11-13,After close,2025-11-14,2025-12-12,2476,2479,6.31794000,0.11940100,6.19853900,52.68028000,True,62.65461000,0,-12.63477500,0.52836600,-13.16314100,-12.80477500,-13.35314100,both,6.19853886,52.68030000,52.68027986,-12.63477454,0.52836641,-13.35314095,-12.80477454,-13.35314095,2025-11-14,2479,2476,Jul-Sep 2025,Q2 FY26,Bharat Dynamics Limited,After close,2025-11-13,-13.4,-13.4,-13.4
BEL,Bharat Electronics Limited,Q2 FY22,Jul-Sep 2021,2,2021-10-29,During market,4.30940000,54.06360000,53.30940000,-1.49870000,-3.89580000,2.20710000,-1.66870000,4.44550000,2021,Electronics - Industrial,,28.70580000,1.49510000,-0.49790000,1476,Jul-Sep 2021,Q2 FY22,Bharat Electronics Limited,2021-10-29,During market,2021-10-29,2021-11-30,1474,1476,3.27009000,-1.03935400,4.30944400,54.06360000,True,53.30935100,0,-1.49867200,-3.89578800,2.39711600,-1.66867200,2.20711600,both,4.30944376,54.06360000,54.06359995,-1.49867217,-3.89578789,2.20711572,-1.66867217,4.44554981,2021-10-29,1476,1474,Jul-Sep 2021,Q2 FY22,Bharat Electronics Limited,During market,2021-10-29,+2.2,+2.2,+2.2
BEL,Bharat Electronics Limited,Q4 FY24,Jan-Mar 2024,12,2024-05-21,Non-trading day,5.81100000,70.91040000,81.84060000,12.82150000,4.38080000,8.25070000,12.65150000,2.95190000,2024,Electronics - Industrial,,44.72790000,6.31830000,4.88160000,2109,Jan-Mar 2024,Q4 FY24,Bharat Electronics Limited,2024-05-20,Non-trading day,2024-05-21,2024-06-19,2107,2109,5.93122000,0.12021200,5.81100800,70.91036400,True,81.84055500,0,12.82145200,4.38078800,8.44066400,12.65145200,8.25066400,both,5.81100846,70.91040000,70.91036384,12.82145231,4.38078836,8.25066395,12.65145231,2.95185844,2024-05-21,2109,2107,Jan-Mar 2024,Q4 FY24,Bharat Electronics Limited,Non-trading day,2024-05-20,+8.3,+8.3,+8.3
BEL,Bharat Electronics Limited,Q3 FY26,Oct-Dec 2025,19,2026-01-28,During market,8.24260000,52.10630000,72.22510000,-3.96250000,0.32320000,-4.47570000,-4.13250000,-4.47560000,2026,Electronics - Industrial,,5.79530000,2.82920000,7.14020000,2529,Oct-Dec 2025,Q3 FY26,Bharat Electronics Limited,2026-01-28,During market,2026-01-28,2026-02-24,2527,2529,8.90732000,0.66473600,8.24258400,52.10627900,True,72.22506400,0,-3.96247500,0.32316900,-4.28564500,-4.13247500,-4.47564500,both,8.24258379,52.10630000,52.10627850,-3.96247546,0.32316935,-4.47564481,-4.13247546,-4.47564481,2026-01-28,2529,2527,Oct-Dec 2025,Q3 FY26,Bharat Electronics Limited,During market,2026-01-28,-4.5,-4.5,-4.5
BHARATFORG,Bharat Forge Limited,Q4 FY21,Jan-Mar 2021,0,2021-06-04,During market,8.03150000,65.44290000,74.71360000,2.79660000,0.33150000,2.27510000,2.62660000,2.27510000,2021,Castings/Forgings,,25.59340000,13.21220000,6.77480000,1375,Jan-Mar 2021,Q4 FY21,Bharat Forge Limited,2021-06-04,During market,2021-06-04,2021-07-02,1373,1375,7.90343000,-0.12810400,8.03153400,65.44292900,True,74.71356200,0,2.79664400,0.33152000,2.46512400,2.62664400,2.27512400,both,8.03153422,65.44290000,65.44292877,2.79664394,0.33151992,2.27512402,2.62664394,2.27512402,2021-06-04,1375,1373,Jan-Mar 2021,Q4 FY21,Bharat Forge Limited,During market,2021-06-04,+2.3,+2.3,+2.3
BHARATFORG,Bharat Forge Limited,Q1 FY24,Apr-Jun 2023,9,2023-08-09,During market,6.01650000,65.54110000,75.89220000,14.87380000,0.48130000,14.20250000,14.70380000,5.53960000,2023,Castings/Forgings,,9.36420000,7.97790000,6.60450000,1917,Apr-Jun 2023,Q1 FY24,Bharat Forge Limited,2023-08-09,During market,2023-08-09,2023-09-07,1915,1917,6.33177000,0.31526500,6.01650500,65.54112400,True,75.89224700,0,14.87384100,0.48134300,14.39249700,14.70384100,14.20249700,both,6.01650521,65.54110000,65.54112394,14.87384062,0.48134348,14.20249714,14.70384062,5.53963467,2023-08-09,1917,1915,Apr-Jun 2023,Q1 FY24,Bharat Forge Limited,During market,2023-08-09,+14.2,+14.2,+14.2
BHARATFORG,Bharat Forge Limited,Q4 FY24,Jan-Mar 2024,12,2024-05-08,During market,13.32310000,58.92170000,76.42140000,6.84980000,1.42520000,5.23460000,6.67980000,4.36280000,2024,Castings/Forgings,,11.83470000,8.05390000,8.10110000,2100,Jan-Mar 2024,Q4 FY24,Bharat Forge Limited,2024-05-08,During market,2024-05-08,2024-06-05,2098,2100,13.32310000,0.00000000,13.32310000,58.92170600,True,76.42141700,0,6.84975300,1.42517700,5.42457600,6.67975300,5.23457600,both,13.32310000,58.92170000,58.92170568,6.84975296,1.42517655,5.23457641,6.67975296,4.36276697,2024-05-08,2100,2098,Jan-Mar 2024,Q4 FY24,Bharat Forge Limited,During market,2024-05-08,+5.2,+5.2,+5.2
BHARATFORG,Bharat Forge Limited,Q2 FY26,Jul-Sep 2025,18,2025-11-11,During market,5.07650000,62.02230000,75.01270000,-1.34080000,0.56310000,-2.09390000,-1.51080000,-2.09400000,2025,Castings/Forgings,,10.71500000,8.24290000,6.71350000,2476,Jul-Sep 2025,Q2 FY26,Bharat Forge Limited,2025-11-11,During market,2025-11-11,2025-12-09,2474,2476,5.54803000,0.47156600,5.07646400,62.02232800,True,75.01266800,0,-1.34084900,0.56314600,-1.90399500,-1.51084900,-2.09399500,both,5.07646376,62.02230000,62.02232764,-1.34084914,0.56314568,-2.09399481,-1.51084914,-2.09399481,2025-11-11,2476,2474,Jul-Sep 2025,Q2 FY26,Bharat Forge Limited,During market,2025-11-11,-2.1,-2.1,-2.1
BHARATFORG,Bharat Forge Limited,Q4 FY26,Jan-Mar 2026,20,2026-05-07,During market,6.37370000,55.83820000,67.98680000,-3.16620000,-3.94610000,0.58990000,-3.33620000,0.58980000,2026,Castings/Forgings,,29.24060000,11.87960000,5.91210000,2595,Jan-Mar 2026,Q4 FY26,Bharat Forge Limited,2026-05-07,During market,2026-05-07,2026-06-05,2593,2595,6.35607000,-0.01767300,6.37374300,55.83818400,True,67.98678100,0,-3.16623500,-3.94608400,0.77984900,-3.33623500,0.58984900,both,6.37374296,55.83820000,55.83818366,-3.16623482,-3.94608382,0.58984900,-3.33623482,0.58984900,2026-05-07,2595,2593,Jan-Mar 2026,Q4 FY26,Bharat Forge Limited,During market,2026-05-07,+0.6,+0.6,+0.6
BHEL,Bharat Heavy Electricals Limited,Q4 FY23,Jan-Mar 2023,8,2023-05-29,After close,4.59300000,52.58440000,58.44000000,0.96390000,0.49760000,0.27630000,0.79390000,2.96830000,2023,Electrical Equipment,,11.26720000,4.50690000,1.45220000,1866,Jan-Mar 2023,Q4 FY23,Bharat Heavy Electricals Limited,2023-05-26,After close,2023-05-29,2023-06-26,1863,1866,5.12983000,0.53677600,4.59305400,52.58441900,True,58.43998500,0,0.96386100,0.49761700,0.46624400,0.79386100,0.27624400,both,4.59305438,52.58440000,52.58441904,0.96386083,0.49761676,0.27624407,0.79386083,2.96833684,2023-05-29,1866,1863,Jan-Mar 2023,Q4 FY23,Bharat Heavy Electricals Limited,After close,2023-05-26,+0.3,+0.3,+0.3
BHEL,Bharat Heavy Electricals Limited,Q2 FY26,Jul-Sep 2025,18,2025-10-30,After close,7.15520000,51.02300000,74.68030000,11.31310000,1.25630000,9.86680000,11.14310000,3.17380000,2025,Electrical Equipment,,3.40080000,-0.42790000,-4.05630000,2469,Jul-Sep 2025,Q2 FY26,Bharat Heavy Electricals Limited,2025-10-29,After close,2025-10-30,2025-11-28,2466,2469,6.47948000,-0.67571500,7.15519500,51.02295600,True,74.68033400,0,11.31310200,1.25628700,10.05681500,11.14310200,9.86681500,both,7.15519458,51.02300000,51.02295554,11.31310174,1.25628675,9.86681499,11.14310174,3.17377055,2025-10-30,2469,2466,Jul-Sep 2025,Q2 FY26,Bharat Heavy Electricals Limited,After close,2025-10-29,+9.9,+9.9,+9.9
BHEL,Bharat Heavy Electricals Limited,Q4 FY26,Jan-Mar 2026,20,2026-05-04,During market,6.48450000,74.27590000,81.55380000,8.93780000,-2.63590000,11.38370000,8.76780000,6.74770000,2026,Electrical Equipment,,32.93900000,31.46340000,27.72540000,2592,Jan-Mar 2026,Q4 FY26,Bharat Heavy Electricals Limited,2026-05-04,During market,2026-05-04,2026-06-02,2590,2592,6.99186000,0.50734300,6.48451700,74.27591600,True,81.55384900,0,8.93780500,-2.63585600,11.57366100,8.76780500,11.38366100,both,6.48451654,74.27590000,74.27591624,8.93780539,-2.63585593,11.38366132,8.76780539,6.74768617,2026-05-04,2592,2590,Jan-Mar 2026,Q4 FY26,Bharat Heavy Electricals Limited,During market,2026-05-04,+11.4,+11.4,+11.4
BHEL,Bharat Heavy Electricals Limited,Q1 FY27,Apr-Jun 2026,21,2026-07-16,During market,4.19900000,54.77030000,66.10010000,-3.53700000,1.34220000,-5.06920000,-3.70700000,-5.06920000,2026,Electrical Equipment,,34.11180000,6.64020000,4.82360000,2643,Apr-Jun 2026,Q1 FY27,Bharat Heavy Electricals Limited,2026-07-16,During market,2026-07-16,2026-08-13,2641,2643,4.17514000,-0.02388000,4.19902000,54.77026400,True,66.10007700,0,-3.53698100,1.34218200,-4.87916200,-3.70698100,-5.06916200,both,4.19902023,54.77030000,54.77026355,-3.53698088,1.34218151,-5.06916239,-3.70698088,-5.06916239,2026-07-16,2643,2641,Apr-Jun 2026,Q1 FY27,Bharat Heavy Electricals Limited,During market,2026-07-16,-5.1,-5.1,-5.1
BIOCON,Biocon Limited,Q2 FY26,Jul-Sep 2025,18,2025-11-12,After close,4.69740000,63.76430000,76.72110000,-6.59030000,-0.45530000,-6.32500000,-6.76030000,2.98580000,2025,Pharmaceuticals,Pharma,7.66660000,9.37320000,7.84380000,2477,Jul-Sep 2025,Q2 FY26,Biocon Limited,2025-11-11,After close,2025-11-12,2025-12-10,2474,2477,5.40119000,0.70383500,4.69735500,63.76425200,True,76.72106700,0,-6.59030300,-0.45525200,-6.13505100,-6.76030300,-6.32505100,both,4.69735520,63.76430000,63.76425173,-6.59030286,-0.45525163,-6.32505123,-6.76030286,2.98584112,2025-11-12,2477,2474,Jul-Sep 2025,Q2 FY26,Biocon Limited,After close,2025-11-11,-6.3,-6.3,-6.3
BOSCHLTD,Bosch Limited,Q4 FY21,Jan-Mar 2021,0,2021-05-20,During market,8.03280000,59.03760000,73.01860000,-2.81430000,5.26870000,-8.27300000,-2.98430000,-8.27300000,2021,Auto Ancillaries,,5.86200000,5.88340000,2.27170000,1364,Jan-Mar 2021,Q4 FY21,Bosch Limited,2021-05-20,During market,2021-05-20,2021-06-17,1362,1364,7.20711000,-0.82567400,8.03278400,59.03762200,True,73.01863300,0,-2.81430900,5.26866600,-8.08297500,-2.98430900,-8.27297500,both,8.03278373,59.03760000,59.03762178,-2.81430875,5.26866608,-8.27297483,-2.98430875,-8.27297483,2021-05-20,1364,1362,Jan-Mar 2021,Q4 FY21,Bosch Limited,During market,2021-05-20,-8.3,-8.3,-8.3
BOSCHLTD,Bosch Limited,Q2 FY23,Jul-Sep 2022,6,2022-11-09,Non-trading day,4.97850000,55.36380000,70.76830000,-0.77860000,2.22230000,-3.19090000,-0.94860000,-3.19090000,2022,Auto Ancillaries,,4.79930000,2.62310000,-2.25610000,1730,Jul-Sep 2022,Q2 FY23,Bosch Limited,2022-11-08,Non-trading day,2022-11-09,2022-12-07,1728,1730,4.72693000,-0.25161000,4.97854000,55.36378500,True,70.76832500,0,-0.77859100,2.22228300,-3.00087400,-0.94859100,-3.19087400,both,4.97853964,55.36380000,55.36378543,-0.77859058,2.22228342,-3.19087399,-0.94859058,-3.19087399,2022-11-09,1730,1728,Jul-Sep 2022,Q2 FY23,Bosch Limited,Non-trading day,2022-11-08,-3.2,-3.2,-3.2
BOSCHLTD,Bosch Limited,Q1 FY27,Apr-Jun 2026,21,2026-08-11,After close,4.31760000,56.82550000,72.52240000,7.96720000,-3.41860000,11.19580000,7.79720000,2.82210000,2026,Auto Ancillaries,,13.43100000,0.93730000,-2.21970000,2661,Apr-Jun 2026,Q1 FY27,Bosch Limited,2026-08-10,After close,2026-08-11,2026-09-08,2658,2661,3.86163000,-0.45599100,4.31762100,56.82547700,True,72.52238700,0,7.96724600,-3.41864300,11.38588800,7.79724600,11.19588800,both,4.31762134,56.82550000,56.82547719,7.96724558,-3.41864276,11.19588834,7.79724558,2.82208711,2026-08-11,2661,2658,Apr-Jun 2026,Q1 FY27,Bosch Limited,After close,2026-08-10,+11.2,+11.2,+11.2
BRITANNIA,Britannia Industries Limited,Q4 FY22,Jan-Mar 2022,4,2022-05-04,After close,5.78310000,55.21710000,56.81920000,4.89890000,-0.92850000,5.63740000,4.72890000,3.43840000,2022,Food And Food Processing,FMCG,-6.57310000,8.50140000,8.36750000,1601,Jan-Mar 2022,Q4 FY22,Britannia Industries Limited,2022-05-02,After close,2022-05-04,2022-06-01,1598,1601,3.48944000,-2.29361800,5.78305800,55.21713400,True,56.81922400,0,4.89891700,-0.92849100,5.82740800,4.72891700,5.63740800,both,5.78305829,55.21710000,55.21713395,4.89891708,-0.92849091,5.63740799,4.72891708,3.43844973,2022-05-04,1601,1598,Jan-Mar 2022,Q4 FY22,Britannia Industries Limited,After close,2022-05-02,+5.6,+5.6,+5.6
BRITANNIA,Britannia Industries Limited,Q3 FY23,Oct-Dec 2022,7,2023-02-02,After close,4.65720000,57.44160000,66.81600000,-3.91100000,-1.63820000,-2.46280000,-4.08100000,-2.46270000,2023,Food And Food Processing,FMCG,15.43680000,1.34420000,4.32400000,1790,Oct-Dec 2022,Q3 FY23,Britannia Industries Limited,2023-02-01,After close,2023-02-02,2023-03-02,1787,1790,4.62371000,-0.03349200,4.65720200,57.44164300,True,66.81600000,0,-3.91095900,-1.63823600,-2.27272300,-4.08095900,-2.46272300,both,4.65720171,57.44160000,57.44164322,-3.91095901,-1.63823650,-2.46272251,-4.08095901,-2.46272251,2023-02-02,1790,1787,Oct-Dec 2022,Q3 FY23,Britannia Industries Limited,After close,2023-02-01,-2.5,-2.5,-2.5
BSE,BSE Limited,Q4 FY25,Jan-Mar 2025,16,2025-05-07,After close,6.38250000,61.51760000,64.86830000,26.13760000,0.84290000,25.10470000,25.96760000,9.10460000,2025,Capital Markets,,41.68520000,34.62910000,31.42990000,2347,Jan-Mar 2025,Q4 FY25,BSE Limited,2025-05-06,After close,2025-05-07,2025-06-04,2344,2347,6.52522000,0.14274200,6.38247800,61.51757100,True,64.86833700,0,26.13755400,0.84294500,25.29460800,25.96755400,25.10460800,both,6.38247771,61.51760000,61.51757102,26.13755362,0.84294515,25.10460847,25.96755362,9.10464214,2025-05-07,2347,2344,Jan-Mar 2025,Q4 FY25,BSE Limited,After close,2025-05-06,+25.1,+25.1,+25.1
BSE,BSE Limited,Q2 FY26,Jul-Sep 2025,18,2025-11-12,After close,4.25800000,69.04920000,70.92750000,-6.97920000,-0.45530000,-6.71390000,-7.14920000,3.55470000,2025,Capital Markets,,21.12740000,20.03860000,18.50920000,2477,Jul-Sep 2025,Q2 FY26,BSE Limited,2025-11-11,After close,2025-11-12,2025-12-10,2474,2477,4.96180000,0.70383500,4.25796500,69.04924500,True,70.92750500,0,-6.97917600,-0.45525200,-6.52392400,-7.14917600,-6.71392400,both,4.25796520,69.04920000,69.04924490,-6.97917565,-0.45525163,-6.71392402,-7.14917565,3.55473218,2025-11-12,2477,2474,Jul-Sep 2025,Q2 FY26,BSE Limited,After close,2025-11-11,-6.7,-6.7,-6.7
BSE,BSE Limited,Q3 FY26,Oct-Dec 2025,19,2026-02-10,After close,6.07250000,58.14080000,69.56460000,-10.61050000,-7.97490000,-2.82560000,-10.78050000,-2.82560000,2026,Capital Markets,,14.44970000,6.86920000,8.91620000,2539,Oct-Dec 2025,Q3 FY26,BSE Limited,2026-02-09,After close,2026-02-10,2026-03-11,2536,2539,6.33480000,0.26230000,6.07250000,58.14083800,True,69.56459000,0,-10.61053900,-7.97489100,-2.63564800,-10.78053900,-2.82564800,both,6.07249972,58.14080000,58.14083829,-10.61053938,-7.97489122,-2.82564816,-10.78053938,-2.82564816,2026-02-10,2539,2536,Oct-Dec 2025,Q3 FY26,BSE Limited,After close,2026-02-09,-2.8,-2.8,-2.8
CAMS,Computer Age Management Services Limited,Q4 FY26,Jan-Mar 2026,20,2026-05-05,After close,9.46450000,67.63570000,69.61160000,-5.64330000,-2.60980000,-3.22350000,-5.81330000,3.41550000,2026,Capital Markets,,1.71720000,18.12390000,14.38590000,2593,Jan-Mar 2026,Q4 FY26,Computer Age Management Services Limited,2026-05-04,After close,2026-05-05,2026-06-03,2590,2593,9.10584000,-0.35863400,9.46447400,67.63570500,True,69.61155800,0,-5.64334000,-2.60976700,-3.03357300,-5.81334000,-3.22357300,both,9.46447396,67.63570000,67.63570489,-5.64333998,-2.60976665,-3.22357333,-5.81333998,3.41548831,2026-05-05,2593,2590,Jan-Mar 2026,Q4 FY26,Computer Age Management Services Limited,After close,2026-05-04,-3.2,-3.2,-3.2
CHOLAFIN,Cholamandalam Investment and Finance Company Limited,Q3 FY23,Oct-Dec 2022,7,2023-02-01,After close,6.32080000,50.89020000,62.49160000,2.26060000,-0.93890000,3.00950000,2.09060000,3.20440000,2023,Finance,NBFCs,-0.13340000,-2.19070000,0.66850000,1789,Oct-Dec 2022,Q3 FY23,Cholamandalam Investment and Finance Company Limited,2023-01-31,After close,2023-02-01,2023-03-01,1786,1789,6.06125000,-0.25959500,6.32084500,50.89017400,True,62.49161200,0,2.26060300,-0.93890300,3.19950600,2.09060300,3.00950600,both,6.32084467,50.89020000,50.89017406,2.26060326,-0.93890317,3.00950644,2.09060326,3.20439171,2023-02-01,1789,1786,Oct-Dec 2022,Q3 FY23,Cholamandalam Investment and Finance Company Limited,After close,2023-01-31,+3.0,+3.0,+3.0
CHOLAFIN,Cholamandalam Investment and Finance Company Limited,Q4 FY23,Jan-Mar 2023,8,2023-05-04,After close,6.25610000,71.80060000,83.19530000,9.86110000,1.27060000,8.40050000,9.69110000,5.21650000,2023,Finance,NBFCs,16.95970000,19.71420000,13.10490000,1849,Jan-Mar 2023,Q4 FY23,Cholamandalam Investment and Finance Company Limited,2023-05-03,After close,2023-05-04,2023-06-01,1846,1849,7.17347000,0.91736500,6.25610500,71.80063800,True,83.19528700,0,9.86109600,1.27055500,8.59054100,9.69109600,8.40054100,both,6.25610474,71.80060000,71.80063842,9.86109581,1.27055511,8.40054070,9.69109581,5.21652645,2023-05-04,1849,1846,Jan-Mar 2023,Q4 FY23,Cholamandalam Investment and Finance Company Limited,After close,2023-05-03,+8.4,+8.4,+8.4
CIPLA,Cipla Limited,Q3 FY24,Oct-Dec 2023,11,2024-01-23,Non-trading day,8.59020000,63.85280000,73.73090000,2.71830000,3.84320000,-1.31490000,2.54830000,-1.31490000,2024,Pharmaceuticals,Pharma,18.38000000,7.42190000,5.18910000,2030,Oct-Dec 2023,Q3 FY24,Cipla Limited,2024-01-22,Non-trading day,2024-01-23,2024-02-21,2028,2030,7.04653000,-1.54368200,8.59021200,63.85275100,True,73.73087400,0,2.71826400,3.84320200,-1.12493800,2.54826400,-1.31493800,both,8.59021203,63.85280000,63.85275064,2.71826358,3.84320206,-1.31493849,2.54826358,-1.31493849,2024-01-23,2030,2028,Oct-Dec 2023,Q3 FY24,Cipla Limited,Non-trading day,2024-01-22,-1.3,-1.3,-1.3
COALINDIA,Coal India Limited,Q4 FY24,Jan-Mar 2024,12,2024-05-03,After close,5.32150000,56.38500000,67.46460000,3.49770000,0.24400000,3.06370000,3.32770000,2.95510000,2024,Mining,Metals,31.01140000,3.96830000,1.06580000,2097,Jan-Mar 2024,Q4 FY24,Coal India Limited,2024-05-02,After close,2024-05-03,2024-05-31,2094,2097,4.56048000,-0.76098800,5.32146800,56.38496300,True,67.46459600,0,3.49768200,0.24404000,3.25364300,3.32768200,3.06364300,both,5.32146763,56.38500000,56.38496313,3.49768242,0.24403971,3.06364271,3.32768242,2.95510966,2024-05-03,2097,2094,Jan-Mar 2024,Q4 FY24,Coal India Limited,After close,2024-05-02,+3.1,+3.1,+3.1
COFORGE,Coforge Limited,Q2 FY25,Jul-Sep 2024,14,2024-10-23,After close,11.28960000,57.15390000,63.06910000,10.18420000,-2.16180000,12.15600000,10.01420000,3.26110000,2024,Computers - Software,IT services,20.39150000,5.09640000,7.15920000,2216,Jul-Sep 2024,Q2 FY25,Coforge Limited,2024-10-22,After close,2024-10-23,2024-11-22,2213,2216,11.14000000,-0.14955800,11.28955800,57.15387100,True,63.06908100,0,10.18418400,-2.16181400,12.34599800,10.01418400,12.15599800,both,11.28955807,57.15390000,57.15387054,10.18418379,-2.16181375,12.15599755,10.01418379,3.26110608,2024-10-23,2216,2213,Jul-Sep 2024,Q2 FY25,Coforge Limited,After close,2024-10-22,+12.2,+12.2,+12.2
COFORGE,Coforge Limited,Q1 FY27,Apr-Jun 2026,21,2026-07-28,Before open,10.35560000,51.63380000,70.60530000,12.26570000,1.45590000,10.61980000,12.09570000,4.66960000,2026,Computers - Software,IT services,-2.19270000,-0.88120000,0.17700000,2651,Apr-Jun 2026,Q1 FY27,Coforge Limited,2026-07-28,Before open,2026-07-28,2026-08-25,2649,2651,10.31140000,-0.04417400,10.35557400,51.63375600,True,70.60534200,0,12.26571500,1.45588900,10.80982600,12.09571500,10.61982600,both,10.35557412,51.63380000,51.63375596,12.26571459,1.45588870,10.61982589,12.09571459,4.66961336,2026-07-28,2651,2649,Apr-Jun 2026,Q1 FY27,Coforge Limited,Before open,2026-07-28,+10.6,+10.6,+10.6
COLPAL,Colgate Palmolive (India) Limited,Q1 FY24,Apr-Jun 2023,9,2023-07-27,After close,6.87920000,80.36690000,84.55430000,-1.47360000,-2.00460000,0.34100000,-1.64360000,0.34100000,2023,Personal Care,FMCG,19.69960000,15.35900000,10.55860000,1908,Apr-Jun 2023,Q1 FY24,Colgate Palmolive (India) Limited,2023-07-26,After close,2023-07-27,2023-08-25,1905,1908,6.28053000,-0.59863600,6.87916600,80.36694200,True,84.55430100,0,-1.47359600,-2.00458800,0.53099200,-1.64359600,0.34099200,both,6.87916588,80.36690000,80.36694237,-1.47359581,-2.00458802,0.34099221,-1.64359581,0.34099221,2023-07-27,1908,1905,Apr-Jun 2023,Q1 FY24,Colgate Palmolive (India) Limited,After close,2023-07-26,+0.3,+0.3,+0.3
COLPAL,Colgate Palmolive (India) Limited,Q1 FY25,Apr-Jun 2024,13,2024-07-30,After close,4.79160000,72.66490000,84.34010000,6.77400000,0.78470000,5.79930000,6.60400000,3.08270000,2024,Personal Care,FMCG,23.17310000,11.34870000,8.46190000,2157,Apr-Jun 2024,Q1 FY25,Colgate Palmolive (India) Limited,2024-07-29,After close,2024-07-30,2024-08-28,2154,2157,4.87695000,0.08536000,4.79159000,72.66491400,True,84.34010600,0,6.77400900,0.78467900,5.98933000,6.60400900,5.79933000,both,4.79159038,72.66490000,72.66491436,6.77400917,0.78467895,5.79933023,6.60400917,3.08274133,2024-07-30,2157,2154,Apr-Jun 2024,Q1 FY25,Colgate Palmolive (India) Limited,After close,2024-07-29,+5.8,+5.8,+5.8
CONCOR,Container Corporation of India Limited,Q4 FY21,Jan-Mar 2021,0,2021-05-24,After close,7.97550000,56.74010000,63.59040000,7.78870000,3.61110000,3.98760000,7.61870000,5.07630000,2021,Travel And Transport,,31.08100000,5.58980000,2.76920000,1366,Jan-Mar 2021,Q4 FY21,Container Corporation of India Limited,2021-05-21,After close,2021-05-24,2021-06-21,1363,1366,8.12308000,0.14760800,7.97547200,56.74012800,True,63.59041700,0,7.78872700,3.61107300,4.17765400,7.61872700,3.98765400,both,7.97547172,56.74010000,56.74012762,7.78872692,3.61107273,3.98765419,7.61872692,5.07627561,2021-05-24,1366,1363,Jan-Mar 2021,Q4 FY21,Container Corporation of India Limited,After close,2021-05-21,+4.0,+4.0,+4.0
CONCOR,Container Corporation of India Limited,Q4 FY24,Jan-Mar 2024,12,2024-05-17,After close,4.60930000,58.00820000,66.99970000,4.85720000,4.44890000,0.21830000,4.68720000,4.28060000,2024,Travel And Transport,,24.82340000,5.81020000,8.16570000,2107,Jan-Mar 2024,Q4 FY24,Container Corporation of India Limited,2024-05-16,After close,2024-05-17,2024-06-14,2104,2107,4.88711000,0.27785400,4.60925600,58.00822000,True,66.99967200,0,4.85724800,4.44892500,0.40832300,4.68724800,0.21832300,both,4.60925597,58.00820000,58.00821971,4.85724789,4.44892527,0.21832262,4.68724789,4.28058588,2024-05-17,2107,2104,Jan-Mar 2024,Q4 FY24,Container Corporation of India Limited,After close,2024-05-16,+0.2,+0.2,+0.2
CONCOR,Container Corporation of India Limited,Q1 FY27,Apr-Jun 2026,21,2026-07-27,After close,5.93840000,51.41470000,63.34140000,1.15570000,0.92970000,0.03600000,0.98570000,0.03600000,2026,Travel And Transport,,-3.47850000,1.63620000,2.07870000,2650,Apr-Jun 2026,Q1 FY27,Container Corporation of India Limited,2026-07-24,After close,2026-07-27,2026-08-24,2647,2650,6.89980000,0.96139900,5.93840100,51.41469600,True,63.34135100,0,1.15572200,0.92974000,0.22598200,0.98572200,0.03598200,both,5.93840111,51.41470000,51.41469639,1.15572197,0.92974023,0.03598174,0.98572197,0.03598174,2026-07-27,2650,2647,Apr-Jun 2026,Q1 FY27,Container Corporation of India Limited,After close,2026-07-24,+0.0,+0.0,+0.0
CROMPTON,Crompton Greaves Consumer Electricals Limited,Q4 FY24,Jan-Mar 2024,12,2024-05-17,After close,15.29270000,67.19960000,84.56760000,8.84150000,4.44890000,4.20260000,8.67150000,3.72760000,2024,Consumer Durables,Consumer brands,12.20180000,14.72110000,17.07650000,2107,Jan-Mar 2024,Q4 FY24,Crompton Greaves Consumer Electricals Limited,2024-05-16,After close,2024-05-17,2024-06-14,2104,2107,15.57060000,0.27785400,15.29274600,67.19964100,True,84.56761900,0,8.84154900,4.44892500,4.39262400,8.67154900,4.20262400,both,15.29274597,67.19960000,67.19964095,8.84154939,4.44892527,4.20262412,8.67154939,3.72760280,2024-05-17,2107,2104,Jan-Mar 2024,Q4 FY24,Crompton Greaves Consumer Electricals Limited,After close,2024-05-16,+4.2,+4.2,+4.2
CROMPTON,Crompton Greaves Consumer Electricals Limited,Q3 FY26,Oct-Dec 2025,19,2026-02-09,After close,6.62550000,54.09330000,66.85200000,-6.72070000,-6.20750000,-0.70320000,-6.89070000,3.09120000,2026,Consumer Durables,Consumer brands,-19.70500000,-6.04040000,-4.23360000,2538,Oct-Dec 2025,Q3 FY26,Crompton Greaves Consumer Electricals Limited,2026-02-06,After close,2026-02-09,2026-03-10,2535,2538,7.30115000,0.67565200,6.62549800,54.09330800,True,66.85196300,0,-6.72067200,-6.20745100,-0.51322100,-6.89067200,-0.70322100,both,6.62549799,54.09330000,54.09330810,-6.72067172,-6.20745111,-0.70322061,-6.89067172,3.09124677,2026-02-09,2538,2535,Oct-Dec 2025,Q3 FY26,Crompton Greaves Consumer Electricals Limited,After close,2026-02-06,-0.7,-0.7,-0.7
CUMMINSIND,Cummins India Limited,Q3 FY23,Oct-Dec 2022,7,2023-02-09,After close,6.93590000,53.99980000,73.47880000,6.50050000,-2.68560000,8.99610000,6.33050000,3.19260000,2023,Diesel Engines,,18.32190000,2.32030000,3.58500000,1795,Oct-Dec 2022,Q3 FY23,Cummins India Limited,2023-02-08,After close,2023-02-09,2023-03-10,1792,1795,7.05759000,0.12170100,6.93588900,53.99984900,True,73.47884700,0,6.50046800,-2.68562000,9.18608800,6.33046800,8.99608800,both,6.93588921,53.99980000,53.99984869,6.50046849,-2.68561960,8.99608808,6.33046849,3.19259137,2023-02-09,1795,1792,Oct-Dec 2022,Q3 FY23,Cummins India Limited,After close,2023-02-08,+9.0,+9.0,+9.0
CUMMINSIND,Cummins India Limited,Q3 FY24,Oct-Dec 2023,11,2024-02-08,After close,8.67900000,76.33860000,85.13790000,7.69940000,3.48150000,4.02790000,7.52940000,4.30240000,2024,Diesel Engines,,29.05490000,17.94050000,17.41830000,2041,Oct-Dec 2023,Q3 FY24,Cummins India Limited,2024-02-07,After close,2024-02-08,2024-03-06,2038,2041,7.70977000,-0.96919800,8.67896800,76.33858800,True,85.13785700,0,7.69943000,3.48145200,4.21797800,7.52943000,4.02797800,both,8.67896815,76.33860000,76.33858753,7.69943046,3.48145198,4.02797848,7.52943046,4.30242884,2024-02-08,2041,2038,Oct-Dec 2023,Q3 FY24,Cummins India Limited,After close,2024-02-07,+4.0,+4.0,+4.0
CUMMINSIND,Cummins India Limited,Q4 FY25,Jan-Mar 2025,16,2025-05-29,After close,6.16720000,52.48390000,67.03800000,6.15890000,2.88080000,3.08810000,5.98890000,3.25800000,2025,Diesel Engines,,-9.83550000,0.29630000,-2.81520000,2363,Jan-Mar 2025,Q4 FY25,Cummins India Limited,2025-05-28,After close,2025-05-29,2025-06-26,2360,2363,6.49508000,0.32784600,6.16723400,52.48385800,True,67.03802100,0,6.15890600,2.88077400,3.27813100,5.98890600,3.08813100,both,6.16723367,52.48390000,52.48385787,6.15890564,2.88077443,3.08813121,5.98890564,3.25797192,2025-05-29,2363,2360,Jan-Mar 2025,Q4 FY25,Cummins India Limited,After close,2025-05-28,+3.1,+3.1,+3.1
CUMMINSIND,Cummins India Limited,Q1 FY26,Apr-Jun 2025,17,2025-08-08,After close,4.56400000,61.71020000,76.69720000,5.38760000,2.07400000,3.12360000,5.21760000,3.12360000,2025,Diesel Engines,,13.06530000,4.52260000,7.71070000,2414,Apr-Jun 2025,Q1 FY26,Cummins India Limited,2025-08-07,After close,2025-08-08,2025-09-09,2411,2414,3.61731000,-0.94669300,4.56400300,61.71022400,True,76.69722700,0,5.38759400,2.07402100,3.31357200,5.21759400,3.12357200,both,4.56400288,61.71020000,61.71022422,5.38759355,2.07402117,3.12357238,5.21759355,3.12357238,2025-08-08,2414,2411,Apr-Jun 2025,Q1 FY26,Cummins India Limited,After close,2025-08-07,+3.1,+3.1,+3.1
CUMMINSIND,Cummins India Limited,Q4 FY26,Jan-Mar 2026,20,2026-05-27,During market,11.26670000,59.07770000,77.46250000,-6.39570000,0.62260000,-7.20830000,-6.56570000,-7.20830000,2026,Diesel Engines,,22.24300000,3.96180000,4.54660000,2609,Jan-Mar 2026,Q4 FY26,Cummins India Limited,2026-05-27,During market,2026-05-27,2026-06-25,2607,2609,11.23930000,-0.02739000,11.26669000,59.07767500,True,77.46248900,0,-6.39567600,0.62261700,-7.01829300,-6.56567600,-7.20829300,both,11.26669016,59.07770000,59.07767518,-6.39567579,0.62261708,-7.20829288,-6.56567579,-7.20829288,2026-05-27,2609,2607,Jan-Mar 2026,Q4 FY26,Cummins India Limited,During market,2026-05-27,-7.2,-7.2,-7.2
DABUR,Dabur India Limited,Q4 FY26,Jan-Mar 2026,20,2026-05-08,After close,4.38460000,56.96560000,67.48080000,-13.93270000,-4.35620000,-9.76650000,-14.10270000,-9.76660000,2026,Personal Care,FMCG,-7.83470000,10.98930000,5.02170000,2596,Jan-Mar 2026,Q4 FY26,Dabur India Limited,2026-05-07,After close,2026-05-08,2026-06-08,2593,2596,3.76596000,-0.61866300,4.38462300,56.96560700,True,67.48076100,0,-13.93273700,-4.35615300,-9.57658400,-14.10273700,-9.76658400,both,4.38462307,56.96560000,56.96560750,-13.93273658,-4.35615265,-9.76658392,-14.10273658,-9.76658392,2026-05-08,2596,2593,Jan-Mar 2026,Q4 FY26,Dabur India Limited,After close,2026-05-07,-9.8,-9.8,-9.8
DELHIVERY,Delhivery Limited,Q4 FY25,Jan-Mar 2025,16,2025-05-19,After close,9.77200000,71.98990000,78.92220000,4.00000000,0.00420000,3.80580000,3.83000000,3.64750000,2025,Travel And Transport,,-6.03450000,33.12100000,22.99670000,2355,Jan-Mar 2025,Q4 FY25,Delhivery Limited,2025-05-16,After close,2025-05-19,2025-06-16,2352,2355,9.47483000,-0.29716500,9.77199500,71.98993900,True,78.92219600,0,3.99998200,0.00420900,3.99577300,3.82998200,3.80577300,both,9.77199465,71.98990000,71.98993902,3.99998222,0.00420918,3.80577303,3.82998222,3.64746656,2025-05-19,2355,2352,Jan-Mar 2025,Q4 FY25,Delhivery Limited,After close,2025-05-16,+3.8,+3.8,+3.8
DELHIVERY,Delhivery Limited,Q1 FY26,Apr-Jun 2025,17,2025-08-04,After close,6.74560000,50.07970000,70.65390000,3.55290000,-0.03110000,3.39400000,3.38290000,3.51450000,2025,Travel And Transport,,21.92710000,6.56340000,9.25210000,2410,Apr-Jun 2025,Q1 FY26,Delhivery Limited,2025-08-01,After close,2025-08-04,2025-09-03,2407,2410,7.38630000,0.64074000,6.74556000,50.07971400,True,70.65392300,0,3.55286500,-0.03114500,3.58401000,3.38286500,3.39401000,both,6.74556010,50.07970000,50.07971436,3.55286456,-0.03114540,3.39400996,3.38286456,3.51445891,2025-08-04,2410,2407,Apr-Jun 2025,Q1 FY26,Delhivery Limited,After close,2025-08-01,+3.4,+3.4,+3.4
DELHIVERY,Delhivery Limited,Q3 FY26,Oct-Dec 2025,19,2026-02-01,Non-trading day,5.23030000,55.20910000,66.01700000,-0.77840000,1.42270000,-2.39110000,-0.94840000,-2.39110000,2026,Travel And Transport,,0.81600000,1.62880000,3.64560000,2532,Oct-Dec 2025,Q3 FY26,Delhivery Limited,2026-01-31,Non-trading day,2026-02-01,2026-02-27,2530,2532,3.27462000,-1.95571600,5.23033600,55.20909600,True,66.01700600,0,-0.77839500,1.42273400,-2.20112900,-0.94839500,-2.39112900,both,5.23033599,55.20910000,55.20909588,-0.77839510,1.42273353,-2.39112863,-0.94839510,-2.39112863,2026-02-01,2532,2530,Oct-Dec 2025,Q3 FY26,Delhivery Limited,Non-trading day,2026-01-31,-2.4,-2.4,-2.4
DIVISLAB,Divi's Laboratories Limited,Q4 FY25,Jan-Mar 2025,16,2025-05-19,Non-trading day,5.08260000,60.71240000,70.67690000,1.63370000,0.00420000,1.43950000,1.46370000,1.43950000,2025,Pharmaceuticals,Pharma,9.49270000,11.18570000,1.40160000,2355,Jan-Mar 2025,Q4 FY25,Divi's Laboratories Limited,2025-05-17,Non-trading day,2025-05-19,2025-06-16,2353,2355,4.78541000,-0.29716500,5.08257500,60.71243500,True,70.67691600,0,1.63374300,0.00420900,1.62953300,1.46374300,1.43953300,both,5.08257465,60.71240000,60.71243472,1.63374264,0.00420918,1.43953346,1.46374264,1.43953346,2025-05-19,2355,2353,Jan-Mar 2025,Q4 FY25,Divi's Laboratories Limited,Non-trading day,2025-05-17,+1.4,+1.4,+1.4
DIVISLAB,Divi's Laboratories Limited,Q1 FY27,Apr-Jun 2026,21,2026-08-03,Non-trading day,4.96420000,78.92800000,87.46290000,10.27370000,-2.80090000,12.88460000,10.10370000,3.44290000,2026,Pharmaceuticals,Pharma,20.66200000,19.70060000,18.40380000,2655,Apr-Jun 2026,Q1 FY27,Divi's Laboratories Limited,2026-08-01,Non-trading day,2026-08-03,2026-08-31,2653,2655,6.56653000,1.60230600,4.96422400,78.92796400,True,87.46294400,0,10.27373700,-2.80088600,13.07462300,10.10373700,12.88462300,both,4.96422353,78.92800000,78.92796393,10.27373679,-2.80088640,12.88462319,10.10373679,3.44291705,2026-08-03,2655,2653,Apr-Jun 2026,Q1 FY27,Divi's Laboratories Limited,Non-trading day,2026-08-01,+12.9,+12.9,+12.9
DIXON,Dixon Technologies (India) Limited,Q4 FY23,Jan-Mar 2023,8,2023-05-24,After close,7.62680000,63.60620000,83.99950000,30.52670000,3.12520000,27.21150000,30.35670000,2.82000000,2023,Consumer Durables,Consumer brands,-16.88780000,0.82880000,-2.48960000,1863,Jan-Mar 2023,Q4 FY23,Dixon Technologies (India) Limited,2023-05-23,After close,2023-05-24,2023-06-21,1860,1863,7.28558000,-0.34118200,7.62676200,63.60623800,True,83.99952700,0,30.52669700,3.12517100,27.40152600,30.35669700,27.21152600,both,7.62676160,63.60620000,63.60623806,30.52669711,3.12517090,27.21152621,30.35669711,2.82000190,2023-05-24,1863,1860,Jan-Mar 2023,Q4 FY23,Dixon Technologies (India) Limited,After close,2023-05-23,+27.2,+27.2,+27.2
DLF,DLF Limited,Q4 FY23,Jan-Mar 2023,8,2023-05-15,After close,6.92720000,69.46130000,80.30870000,4.79540000,1.10140000,3.50400000,4.62540000,3.59270000,2023,Construction,Real estate,14.50800000,13.41080000,9.34270000,1856,Jan-Mar 2023,Q4 FY23,DLF Limited,2023-05-12,After close,2023-05-15,2023-06-12,1853,1856,7.38617000,0.45891800,6.92725200,69.46126300,True,80.30868000,0,4.79544600,1.10142800,3.69401800,4.62544600,3.50401800,both,6.92725153,69.46130000,69.46126292,4.79544584,1.10142753,3.50401831,4.62544584,3.59266336,2023-05-15,1856,1853,Jan-Mar 2023,Q4 FY23,DLF Limited,After close,2023-05-12,+3.5,+3.5,+3.5
DRREDDY,Dr. Reddy's Laboratories Limited,Q3 FY23,Oct-Dec 2022,7,2023-01-27,After close,4.29850000,51.26050000,49.95480000,4.10520000,-0.78700000,4.70220000,3.93520000,3.74800000,2023,Pharmaceuticals,Pharma,1.00400000,0.63570000,-1.11510000,1786,Oct-Dec 2022,Q3 FY23,Dr. Reddy's Laboratories Limited,2023-01-25,After close,2023-01-27,2023-02-24,1783,1786,2.69106000,-1.60742700,4.29848700,51.26049800,True,49.95481800,0,4.10524000,-0.78702100,4.89226200,3.93524000,4.70226200,both,4.29848680,51.26050000,51.26049809,4.10524034,-0.78702139,4.70226173,3.93524034,3.74802604,2023-01-27,1786,1783,Oct-Dec 2022,Q3 FY23,Dr. Reddy's Laboratories Limited,After close,2023-01-25,+4.7,+4.7,+4.7
EICHERMOT,Eicher Motors Limited,Q4 FY23,Jan-Mar 2023,8,2023-05-12,After close,6.39410000,69.20930000,80.61420000,-1.24230000,1.35740000,-2.78970000,-1.41230000,-2.78970000,2023,Automobiles - 4 Wheelers,,2.28560000,15.27570000,11.23800000,1855,Jan-Mar 2023,Q4 FY23,Eicher Motors Limited,2023-05-11,After close,2023-05-12,2023-06-09,1852,1855,6.49135000,0.09728400,6.39406600,69.20930000,True,80.61421800,0,-1.24227900,1.35737200,-2.59965100,-1.41227900,-2.78965100,both,6.39406629,69.20930000,69.20929970,-1.24227908,1.35737218,-2.78965126,-1.41227908,-2.78965126,2023-05-12,1855,1852,Jan-Mar 2023,Q4 FY23,Eicher Motors Limited,After close,2023-05-11,-2.8,-2.8,-2.8
ETERNAL,ETERNAL LIMITED,Q1 FY26,Apr-Jun 2025,17,2025-07-22,After close,10.46110000,51.83060000,75.48530000,8.92260000,-0.04130000,8.77390000,8.75260000,4.25820000,2025,Internet & E-commerce,,5.13340000,4.52480000,3.31810000,2401,Apr-Jun 2025,Q1 FY26,ETERNAL LIMITED,2025-07-21,After close,2025-07-22,2025-08-20,2398,2401,10.34230000,-0.11876900,10.46106900,51.83063100,True,75.48534200,0,8.92262200,-0.04129900,8.96392100,8.75262200,8.77392100,both,10.46106911,51.83060000,51.83063061,8.92262199,-0.04129939,8.77392138,8.75262199,4.25818171,2025-07-22,2401,2398,Apr-Jun 2025,Q1 FY26,ETERNAL LIMITED,After close,2025-07-21,+8.8,+8.8,+8.8
FEDERALBNK,The Federal Bank  Limited,Q2 FY22,Jul-Sep 2021,2,2021-10-22,During market,7.96030000,68.13490000,79.25370000,-10.73150000,-3.37600000,-7.54550000,-10.90150000,-7.54550000,2021,Banks,Banks,14.41930000,17.94230000,12.94310000,1471,Jul-Sep 2021,Q2 FY22,The Federal Bank  Limited,2021-10-22,During market,2021-10-22,2021-11-23,1469,1471,7.61264000,-0.34767100,7.96031100,68.13488100,True,79.25370900,0,-10.73148700,-3.37595000,-7.35553700,-10.90148700,-7.54553700,both,7.96031110,68.13490000,68.13488135,-10.73148706,-3.37595018,-7.54553688,-10.90148706,-7.54553688,2021-10-22,1471,1469,Jul-Sep 2021,Q2 FY22,The Federal Bank  Limited,During market,2021-10-22,-7.5,-7.5,-7.5
FEDERALBNK,The Federal Bank  Limited,Q2 FY26,Jul-Sep 2025,18,2025-10-20,Non-trading day,6.40310000,73.77970000,79.56630000,8.34070000,0.81070000,7.34000000,8.17070000,3.28120000,2025,Banks,Banks,9.06260000,9.21030000,7.83860000,2462,Jul-Sep 2025,Q2 FY26,The Federal Bank  Limited,2025-10-18,Non-trading day,2025-10-20,2025-11-19,2460,2462,6.92156000,0.51847800,6.40308200,73.77972400,True,79.56625500,0,8.34067700,0.81066000,7.53001800,8.17067700,7.34001800,both,6.40308167,73.77970000,73.77972362,8.34067732,0.81065969,7.34001763,8.17067732,3.28118748,2025-10-20,2462,2460,Jul-Sep 2025,Q2 FY26,The Federal Bank  Limited,Non-trading day,2025-10-18,+7.3,+7.3,+7.3
FEDERALBNK,The Federal Bank  Limited,Q1 FY27,Apr-Jun 2026,21,2026-07-17,During market,5.77200000,58.68620000,74.39190000,0.65900000,0.13030000,0.33870000,0.48900000,3.26690000,2026,Banks,Banks,20.54510000,3.29550000,2.35390000,2644,Apr-Jun 2026,Q1 FY27,The Federal Bank  Limited,2026-07-17,During market,2026-07-17,2026-08-14,2642,2644,6.85854000,1.08649800,5.77204200,58.68619700,True,74.39186300,0,0.65901500,0.13026900,0.52874600,0.48901500,0.33874600,both,5.77204178,58.68620000,58.68619664,0.65901509,0.13026880,0.33874629,0.48901509,3.26693062,2026-07-17,2644,2642,Apr-Jun 2026,Q1 FY27,The Federal Bank  Limited,During market,2026-07-17,+0.3,+0.3,+0.3
GAIL,GAIL (India) Limited,Q1 FY27,Apr-Jun 2026,21,2026-07-31,During market,4.21880000,56.64470000,65.90300000,-5.69880000,-0.85280000,-5.03600000,-5.86880000,-5.03600000,2026,Gas,,4.59100000,0.95700000,-0.65390000,2654,Apr-Jun 2026,Q1 FY27,GAIL (India) Limited,2026-07-31,During market,2026-07-31,2026-08-28,2652,2654,4.49205000,0.27326400,4.21878600,56.64473400,True,65.90299400,0,-5.69884800,-0.85282700,-4.84602100,-5.86884800,-5.03602100,both,4.21878607,56.64470000,56.64473408,-5.69884813,-0.85282731,-5.03602082,-5.86884813,-5.03602082,2026-07-31,2654,2652,Apr-Jun 2026,Q1 FY27,GAIL (India) Limited,During market,2026-07-31,-5.0,-5.0,-5.0
GLENMARK,Glenmark Pharmaceuticals Limited,Q2 FY23,Jul-Sep 2022,6,2022-11-14,After close,4.19810000,68.47450000,70.25770000,-1.26600000,0.91660000,-2.37260000,-1.43600000,-2.37250000,2022,Pharmaceuticals,Pharma,1.39440000,5.65260000,0.78760000,1733,Jul-Sep 2022,Q2 FY23,Glenmark Pharmaceuticals Limited,2022-11-11,After close,2022-11-14,2022-12-12,1730,1733,4.08607000,-0.11199100,4.19806100,68.47446400,True,70.25768500,0,-1.26596700,0.91657300,-2.18254000,-1.43596700,-2.37254000,both,4.19806093,68.47450000,68.47446378,-1.26596673,0.91657278,-2.37253952,-1.43596673,-2.37253952,2022-11-14,1733,1730,Jul-Sep 2022,Q2 FY23,Glenmark Pharmaceuticals Limited,After close,2022-11-11,-2.4,-2.4,-2.4
GLENMARK,Glenmark Pharmaceuticals Limited,Q4 FY24,Jan-Mar 2024,12,2024-05-27,After close,8.16240000,50.62520000,70.00920000,8.38800000,3.43990000,4.75810000,8.21800000,3.64340000,2024,Pharmaceuticals,Pharma,18.28740000,-1.34700000,-2.51730000,2113,Jan-Mar 2024,Q4 FY24,Glenmark Pharmaceuticals Limited,2024-05-24,After close,2024-05-27,2024-06-25,2110,2113,8.05502000,-0.10737400,8.16239400,50.62519300,True,70.00915200,0,8.38804700,3.43988500,4.94816100,8.21804700,4.75816100,both,8.16239419,50.62520000,50.62519288,8.38804688,3.43988540,4.75816148,8.21804688,3.64335605,2024-05-27,2113,2110,Jan-Mar 2024,Q4 FY24,Glenmark Pharmaceuticals Limited,After close,2024-05-24,+4.8,+4.8,+4.8
GMRAIRPORT,GMR AIRPORTS LIMITED,Q4 FY26,Jan-Mar 2026,20,2026-05-29,After close,4.08920000,51.84010000,59.63840000,9.01660000,1.69230000,7.13430000,8.84660000,3.33970000,2026,Travel And Transport,,1.76440000,0.47700000,1.06170000,2610,Jan-Mar 2026,Q4 FY26,GMR AIRPORTS LIMITED,2026-05-27,After close,2026-05-29,2026-06-29,2607,2610,2.58585000,-1.50331600,4.08916600,51.84014300,True,59.63844200,0,9.01663400,1.69230600,7.32432800,8.84663400,7.13432800,both,4.08916595,51.84010000,51.84014253,9.01663367,1.69230606,7.13432761,8.84663367,3.33974738,2026-05-29,2610,2607,Jan-Mar 2026,Q4 FY26,GMR AIRPORTS LIMITED,After close,2026-05-27,+7.1,+7.1,+7.1
GODREJCP,Godrej Consumer Products Limited,Q3 FY24,Oct-Dec 2023,11,2024-02-01,After close,7.89070000,60.02150000,71.85190000,0.25110000,1.31510000,-1.25400000,0.08110000,-1.25410000,2024,Personal Care,FMCG,13.31880000,4.99770000,5.18650000,2036,Oct-Dec 2023,Q3 FY24,Godrej Consumer Products Limited,2024-01-31,After close,2024-02-01,2024-02-29,2033,2036,7.76069000,-0.13003000,7.89072000,60.02153000,True,71.85189500,0,0.25108000,1.31513200,-1.06405100,0.08108000,-1.25405100,both,7.89072033,60.02150000,60.02153037,0.25108020,1.31513150,-1.25405130,0.08108020,-1.25405130,2024-02-01,2036,2033,Oct-Dec 2023,Q3 FY24,Godrej Consumer Products Limited,After close,2024-01-31,-1.3,-1.3,-1.3
GODREJCP,Godrej Consumer Products Limited,Q4 FY24,Jan-Mar 2024,12,2024-05-07,After close,6.40000000,56.45370000,71.17400000,1.97380000,-1.87420000,3.65800000,1.80380000,3.65800000,2024,Personal Care,FMCG,12.67350000,-1.47790000,-2.91690000,2099,Jan-Mar 2024,Q4 FY24,Godrej Consumer Products Limited,2024-05-06,After close,2024-05-07,2024-06-04,2096,2099,5.77531000,-0.62470200,6.40001200,56.45367400,True,71.17397600,0,1.97376100,-1.87422900,3.84799100,1.80376100,3.65799100,both,6.40001202,56.45370000,56.45367445,1.97376124,-1.87422935,3.65799059,1.80376124,3.65799059,2024-05-07,2099,2096,Jan-Mar 2024,Q4 FY24,Godrej Consumer Products Limited,After close,2024-05-06,+3.7,+3.7,+3.7
HAL,Hindustan Aeronautics Limited,Q4 FY24,Jan-Mar 2024,12,2024-05-16,During market,9.15880000,68.73790000,81.31520000,10.77390000,4.44140000,6.14250000,10.60390000,3.12960000,2024,Aerospace & Defence,,54.31750000,14.28450000,16.64000000,2106,Jan-Mar 2024,Q4 FY24,Hindustan Aeronautics Limited,2024-05-16,During market,2024-05-16,2024-06-13,2104,2106,10.07450000,0.91574300,9.15875700,68.73791200,True,81.31515000,0,10.77388300,4.44142400,6.33245900,10.60388300,6.14245900,both,9.15875692,68.73790000,68.73791248,10.77388339,4.44142413,6.14245926,10.60388339,3.12955954,2024-05-16,2106,2104,Jan-Mar 2024,Q4 FY24,Hindustan Aeronautics Limited,During market,2024-05-16,+6.1,+6.1,+6.1
HDFCAMC,HDFC Asset Management Company Limited,Q4 FY25,Jan-Mar 2025,16,2025-04-21,After close,4.58420000,60.00510000,70.45810000,6.85230000,2.31440000,4.34790000,6.68230000,4.32440000,2025,Capital Markets,,-0.72120000,9.36150000,5.66940000,2336,Jan-Mar 2025,Q4 FY25,HDFC Asset Management Company Limited,2025-04-17,After close,2025-04-21,2025-05-20,2333,2336,5.73257000,1.14834800,4.58422200,60.00508300,True,70.45809800,0,6.85232400,2.31435100,4.53797300,6.68232400,4.34797300,both,4.58422177,60.00510000,60.00508325,6.85232420,2.31435138,4.34797281,6.68232420,4.32443779,2025-04-21,2336,2333,Jan-Mar 2025,Q4 FY25,HDFC Asset Management Company Limited,After close,2025-04-17,+4.3,+4.3,+4.3
HDFCAMC,HDFC Asset Management Company Limited,Q4 FY26,Jan-Mar 2026,20,2026-04-17,After close,4.24270000,54.55220000,65.28940000,-5.99130000,-2.88910000,-3.29220000,-6.16130000,-3.29220000,2026,Capital Markets,,-4.87350000,0.44980000,2.17660000,2582,Jan-Mar 2026,Q4 FY26,HDFC Asset Management Company Limited,2026-04-16,After close,2026-04-17,2026-05-18,2579,2582,4.89069000,0.64802100,4.24266900,54.55224300,True,65.28938200,0,-5.99126400,-2.88910700,-3.10215700,-6.16126400,-3.29215700,both,4.24266909,54.55220000,54.55224256,-5.99126381,-2.88910652,-3.29215729,-6.16126381,-3.29215729,2026-04-17,2582,2579,Jan-Mar 2026,Q4 FY26,HDFC Asset Management Company Limited,After close,2026-04-16,-3.3,-3.3,-3.3
HEROMOTOCO,Hero MotoCorp Limited,Q1 FY26,Apr-Jun 2025,17,2025-08-07,After close,4.06270000,63.57110000,66.65110000,16.78500000,0.71960000,15.87540000,16.61500000,5.60510000,2025,Automobiles - 2 And 3 Wheelers,,7.10470000,4.39360000,7.29310000,2413,Apr-Jun 2025,Q1 FY26,Hero MotoCorp Limited,2025-08-06,After close,2025-08-07,2025-09-08,2410,2413,4.15205000,0.08932100,4.06272900,63.57113200,True,66.65113700,0,16.78503800,0.71962500,16.06541300,16.61503800,15.87541300,both,4.06272868,63.57110000,63.57113160,16.78503785,0.71962482,15.87541303,16.61503785,5.60508164,2025-08-07,2413,2410,Apr-Jun 2025,Q1 FY26,Hero MotoCorp Limited,After close,2025-08-06,+15.9,+15.9,+15.9
HINDALCO,Hindalco Industries Limited,Q1 FY23,Apr-Jun 2022,5,2022-08-10,During market,4.38250000,63.01020000,72.07990000,-3.20380000,1.70290000,-5.09670000,-3.37380000,-5.09670000,2022,Aluminium,Metals,-11.71860000,13.59050000,5.75180000,1670,Apr-Jun 2022,Q1 FY23,Hindalco Industries Limited,2022-08-10,During market,2022-08-10,2022-09-09,1668,1670,4.43759000,0.05506400,4.38252600,63.01023900,True,72.07993200,0,-3.20380100,1.70290400,-4.90670500,-3.37380100,-5.09670500,both,4.38252612,63.01020000,63.01023899,-3.20380118,1.70290423,-5.09670542,-3.37380118,-5.09670542,2022-08-10,1670,1668,Apr-Jun 2022,Q1 FY23,Hindalco Industries Limited,During market,2022-08-10,-5.1,-5.1,-5.1
HINDPETRO,Hindustan Petroleum Corporation Limited,Q2 FY24,Jul-Sep 2023,10,2023-11-07,After close,6.34040000,52.26830000,69.86440000,37.89700000,7.88900000,29.81800000,37.72700000,7.10290000,2023,Refineries,,0.27840000,0.31450000,2.33970000,1977,Jul-Sep 2023,Q2 FY24,Hindustan Petroleum Corporation Limited,2023-11-06,After close,2023-11-07,2023-12-06,1974,1977,6.31438000,-0.02601500,6.34039500,52.26831800,True,69.86438700,0,37.89701800,7.88902800,30.00799000,37.72701800,29.81799000,both,6.34039517,52.26830000,52.26831762,37.89701794,7.88902802,29.81798993,37.72701794,7.10287477,2023-11-07,1977,1974,Jul-Sep 2023,Q2 FY24,Hindustan Petroleum Corporation Limited,After close,2023-11-06,+29.8,+29.8,+29.8
HINDPETRO,Hindustan Petroleum Corporation Limited,Q4 FY26,Jan-Mar 2026,20,2026-05-13,During market,5.31960000,50.76730000,56.22010000,-6.25480000,-1.07210000,-5.37270000,-6.42480000,-5.37270000,2026,Refineries,,-10.98420000,3.72000000,4.47630000,2599,Jan-Mar 2026,Q4 FY26,Hindustan Petroleum Corporation Limited,2026-05-13,During market,2026-05-13,2026-06-11,2597,2599,5.46094000,0.14136300,5.31957700,50.76733300,True,56.22012800,0,-6.25477500,-1.07207200,-5.18270200,-6.42477500,-5.37270200,both,5.31957714,50.76730000,50.76733325,-6.25477464,-1.07207230,-5.37270234,-6.42477464,-5.37270234,2026-05-13,2599,2597,Jan-Mar 2026,Q4 FY26,Hindustan Petroleum Corporation Limited,During market,2026-05-13,-5.4,-5.4,-5.4
ICICIBANK,ICICI Bank Limited,Q2 FY22,Jul-Sep 2021,2,2021-10-25,Non-trading day,10.79410000,68.96050000,84.09040000,-9.68280000,-3.91910000,-5.95370000,-9.85280000,-5.95370000,2021,Banks,Banks,18.37150000,6.13190000,2.62380000,1472,Jul-Sep 2021,Q2 FY22,ICICI Bank Limited,2021-10-23,Non-trading day,2021-10-25,2021-11-24,1470,1472,10.85210000,0.05796300,10.79413700,68.96053400,True,84.09037000,0,-9.68279400,-3.91908600,-5.76370900,-9.85279400,-5.95370900,both,10.79413667,68.96050000,68.96053377,-9.68279444,-3.91908592,-5.95370852,-9.85279444,-5.95370852,2021-10-25,1472,1470,Jul-Sep 2021,Q2 FY22,ICICI Bank Limited,Non-trading day,2021-10-23,-6.0,-6.0,-6.0
ICICIPRULI,ICICI Prudential Life Insurance Company Limited,Q4 FY21,Jan-Mar 2021,0,2021-04-20,After close,6.16850000,51.89250000,61.83250000,13.38000000,4.26440000,8.92560000,13.21000000,6.70350000,2021,Insurance,Insurers,0.36110000,-1.25600000,1.73450000,1344,Jan-Mar 2021,Q4 FY21,ICICI Prudential Life Insurance Company Limited,2021-04-19,After close,2021-04-20,2021-05-20,1341,1344,5.72945000,-0.43908400,6.16853400,51.89251600,True,61.83248900,0,13.38004300,4.26436000,9.11568300,13.21004300,8.92568300,both,6.16853367,51.89250000,51.89251624,13.38004339,4.26436026,8.92568313,13.21004339,6.70345042,2021-04-20,1344,1341,Jan-Mar 2021,Q4 FY21,ICICI Prudential Life Insurance Company Limited,After close,2021-04-19,+8.9,+8.9,+8.9
ICICIPRULI,ICICI Prudential Life Insurance Company Limited,Q1 FY25,Apr-Jun 2024,13,2024-07-24,After close,9.01620000,60.51230000,73.91400000,5.58160000,1.63020000,3.76140000,5.41160000,3.61420000,2024,Insurance,Insurers,15.03580000,6.90370000,2.58790000,2153,Apr-Jun 2024,Q1 FY25,ICICI Prudential Life Insurance Company Limited,2024-07-23,After close,2024-07-24,2024-08-22,2150,2153,8.74843000,-0.26778000,9.01621000,60.51234300,True,73.91399600,0,5.58157000,1.63024600,3.95132400,5.41157000,3.76132400,both,9.01621000,60.51230000,60.51234345,5.58156979,1.63024556,3.76132423,5.41156979,3.61422250,2024-07-24,2153,2150,Apr-Jun 2024,Q1 FY25,ICICI Prudential Life Insurance Company Limited,After close,2024-07-23,+3.8,+3.8,+3.8
ICICIPRULI,ICICI Prudential Life Insurance Company Limited,Q1 FY27,Apr-Jun 2026,21,2026-07-15,During market,4.09680000,60.80800000,60.36530000,-3.57040000,1.48450000,-5.24490000,-3.74040000,-5.24490000,2026,Insurance,Insurers,-11.30490000,12.88010000,8.34930000,2642,Apr-Jun 2026,Q1 FY27,ICICI Prudential Life Insurance Company Limited,2026-07-15,During market,2026-07-15,2026-08-12,2640,2642,4.20677000,0.10997000,4.09680000,60.80803000,True,60.36531200,0,-3.57039700,1.48451900,-5.05491600,-3.74039700,-5.24491600,both,4.09680016,60.80800000,60.80803027,-3.57039699,1.48451938,-5.24491638,-3.74039699,-5.24491638,2026-07-15,2642,2640,Apr-Jun 2026,Q1 FY27,ICICI Prudential Life Insurance Company Limited,During market,2026-07-15,-5.2,-5.2,-5.2
IDFCFIRSTB,IDFC First Bank Limited,Q1 FY23,Apr-Jun 2022,5,2022-08-01,Non-trading day,10.65820000,65.43670000,81.29230000,17.16330000,1.16930000,15.80400000,16.99330000,3.23540000,2022,Banks,Banks,-13.65790000,15.63980000,8.48430000,1664,Apr-Jun 2022,Q1 FY23,IDFC First Bank Limited,2022-07-30,Non-trading day,2022-08-01,2022-09-01,1662,1664,11.71770000,1.05954900,10.65815100,65.43665300,True,81.29225400,0,17.16329000,1.16925800,15.99403100,16.99329000,15.80403100,both,10.65815139,65.43670000,65.43665274,17.16328960,1.16925845,15.80403115,16.99328960,3.23535822,2022-08-01,1664,1662,Apr-Jun 2022,Q1 FY23,IDFC First Bank Limited,Non-trading day,2022-07-30,+15.8,+15.8,+15.8
IDFCFIRSTB,IDFC First Bank Limited,Q2 FY26,Jul-Sep 2025,18,2025-10-20,Non-trading day,6.50710000,51.19630000,69.23760000,3.48370000,0.81070000,2.48300000,3.31370000,6.56980000,2025,Banks,Banks,7.82520000,0.33540000,-1.03620000,2462,Jul-Sep 2025,Q2 FY26,IDFC First Bank Limited,2025-10-18,Non-trading day,2025-10-20,2025-11-19,2460,2462,7.02560000,0.51847800,6.50712200,51.19634800,True,69.23757100,0,3.48368600,0.81066000,2.67302600,3.31368600,2.48302600,both,6.50712167,51.19630000,51.19634840,3.48368609,0.81065969,2.48302640,3.31368609,6.56983107,2025-10-20,2462,2460,Jul-Sep 2025,Q2 FY26,IDFC First Bank Limited,Non-trading day,2025-10-18,+2.5,+2.5,+2.5
IDFCFIRSTB,IDFC First Bank Limited,Q1 FY27,Apr-Jun 2026,21,2026-07-27,Non-trading day,4.10110000,54.56630000,68.75900000,1.18990000,0.92970000,0.07020000,1.01990000,0.07020000,2026,Banks,Banks,5.20570000,1.46030000,1.26930000,2650,Apr-Jun 2026,Q1 FY27,IDFC First Bank Limited,2026-07-25,Non-trading day,2026-07-27,2026-08-24,2648,2650,5.06251000,0.96139900,4.10111100,54.56633300,True,68.75898800,0,1.18991700,0.92974000,0.26017600,1.01991700,0.07017600,both,4.10111111,54.56630000,54.56633291,1.18991662,0.92974023,0.07017640,1.01991662,0.07017640,2026-07-27,2650,2648,Apr-Jun 2026,Q1 FY27,IDFC First Bank Limited,Non-trading day,2026-07-25,+0.1,+0.1,+0.1
INDIANB,Indian Bank,Q3 FY26,Oct-Dec 2025,19,2026-01-22,During market,4.90550000,55.62170000,67.37050000,3.41230000,0.65030000,2.57200000,3.24230000,2.57210000,2026,Banks,Banks,20.61750000,8.83850000,11.09700000,2526,Oct-Dec 2025,Q3 FY26,Indian Bank,2026-01-22,During market,2026-01-22,2026-02-19,2524,2526,5.43178000,0.52628400,4.90549600,55.62174300,True,67.37049700,0,3.41233400,0.65026000,2.76207500,3.24233400,2.57207500,both,4.90549559,55.62170000,55.62174261,3.41233439,0.65025959,2.57207480,3.24233439,2.57207480,2026-01-22,2526,2524,Oct-Dec 2025,Q3 FY26,Indian Bank,During market,2026-01-22,+2.6,+2.6,+2.6
INDIGO,InterGlobe Aviation Limited,Q2 FY22,Jul-Sep 2021,2,2021-10-29,After close,9.91090000,51.88430000,65.45320000,-12.41950000,-3.89580000,-8.71370000,-12.58950000,3.39520000,2021,Travel And Transport,,15.59420000,-5.49400000,-7.81960000,1476,Jul-Sep 2021,Q2 FY22,InterGlobe Aviation Limited,2021-10-28,After close,2021-10-29,2021-11-30,1473,1476,8.87159000,-1.03935400,9.91094400,51.88425300,True,65.45317800,0,-12.41954900,-3.89578800,-8.52376100,-12.58954900,-8.71376100,both,9.91094376,51.88430000,51.88425337,-12.41954932,-3.89578789,-8.71376143,-12.58954932,3.39523456,2021-10-29,1476,1473,Jul-Sep 2021,Q2 FY22,InterGlobe Aviation Limited,After close,2021-10-28,-8.7,-8.7,-8.7
INDUSINDBK,IndusInd Bank Limited,Q2 FY22,Jul-Sep 2021,2,2021-10-28,After close,4.86990000,56.44170000,55.23130000,-23.85630000,-4.49850000,-19.54780000,-24.02630000,3.91990000,2021,Banks,Banks,16.70140000,0.73560000,-0.96140000,1475,Jul-Sep 2021,Q2 FY22,IndusInd Bank Limited,2021-10-27,After close,2021-10-28,2021-11-29,1472,1475,2.92766000,-1.94223800,4.86989800,56.44167000,True,55.23126800,0,-23.85626200,-4.49845300,-19.35780900,-24.02626200,-19.54780900,both,4.86989805,56.44170000,56.44166952,-23.85626151,-4.49845301,-19.54780850,-24.02626151,3.91986825,2021-10-28,1475,1472,Jul-Sep 2021,Q2 FY22,IndusInd Bank Limited,After close,2021-10-27,-19.5,-19.5,-19.5
INDUSINDBK,IndusInd Bank Limited,Q4 FY22,Jan-Mar 2022,4,2022-05-02,After close,4.23730000,54.46090000,63.06890000,-8.56990000,-2.83880000,-5.92110000,-8.73990000,-5.92110000,2022,Banks,Banks,-1.90340000,5.20920000,5.87730000,1600,Jan-Mar 2022,Q4 FY22,IndusInd Bank Limited,2022-04-29,After close,2022-05-02,2022-05-31,1597,1600,4.04169000,-0.19558500,4.23727500,54.46088500,True,63.06888600,0,-8.56986700,-2.83875500,-5.73111200,-8.73986700,-5.92111200,both,4.23727487,54.46090000,54.46088495,-8.56986747,-2.83875541,-5.92111205,-8.73986747,-5.92111205,2022-05-02,1600,1597,Jan-Mar 2022,Q4 FY22,IndusInd Bank Limited,After close,2022-04-29,-5.9,-5.9,-5.9
INDUSINDBK,IndusInd Bank Limited,Q1 FY23,Apr-Jun 2022,5,2022-07-21,After close,7.31350000,52.55480000,69.27030000,11.50720000,5.33230000,5.98490000,11.33720000,2.93340000,2022,Banks,Banks,-10.29460000,5.47150000,-0.96910000,1657,Apr-Jun 2022,Q1 FY23,IndusInd Bank Limited,2022-07-20,After close,2022-07-21,2022-08-22,1654,1657,7.82441000,0.51087000,7.31354000,52.55483400,True,69.27034400,0,11.50723800,5.33235000,6.17488900,11.33723800,5.98488900,both,7.31354040,52.55480000,52.55483395,11.50723846,5.33234971,5.98488875,11.33723846,2.93342303,2022-07-21,1657,1654,Apr-Jun 2022,Q1 FY23,IndusInd Bank Limited,After close,2022-07-20,+6.0,+6.0,+6.0
INDUSINDBK,IndusInd Bank Limited,Q4 FY26,Jan-Mar 2026,20,2026-04-27,After close,5.34110000,57.56610000,61.92430000,3.57160000,-0.74300000,4.12460000,3.40160000,3.99800000,2026,Banks,Banks,4.58680000,3.31890000,0.79430000,2588,Jan-Mar 2026,Q4 FY26,IndusInd Bank Limited,2026-04-24,After close,2026-04-27,2026-05-26,2585,2588,6.15602000,0.81492300,5.34109700,57.56612000,True,61.92426200,0,3.57163900,-0.74296400,4.31460300,3.40163900,4.12460300,both,5.34109654,57.56610000,57.56611958,3.57163904,-0.74296364,4.12460268,3.40163904,3.99802315,2026-04-27,2588,2585,Jan-Mar 2026,Q4 FY26,IndusInd Bank Limited,After close,2026-04-24,+4.1,+4.1,+4.1
INDUSTOWER,Indus Towers Limited,Q3 FY24,Oct-Dec 2023,11,2024-01-24,After close,4.90590000,63.99310000,68.06730000,-2.08740000,3.55880000,-5.83620000,-2.25740000,-5.83620000,2024,Telecommunication - Services,,26.68030000,21.97620000,19.74340000,2031,Oct-Dec 2023,Q3 FY24,Indus Towers Limited,2024-01-23,After close,2024-01-24,2024-02-22,2028,2031,5.91893000,1.01300500,4.90592500,63.99308700,True,68.06728700,0,-2.08743200,3.55878500,-5.64621700,-2.25743200,-5.83621700,both,4.90592550,63.99310000,63.99308707,-2.08743165,3.55878521,-5.83621687,-2.25743165,-5.83621687,2024-01-24,2031,2028,Oct-Dec 2023,Q3 FY24,Indus Towers Limited,After close,2024-01-23,-5.8,-5.8,-5.8
INDUSTOWER,Indus Towers Limited,Q2 FY26,Jul-Sep 2025,18,2025-10-28,After close,4.04710000,56.73150000,72.30290000,5.10490000,1.03750000,3.87740000,4.93490000,2.83860000,2025,Telecommunication - Services,,-1.69800000,0.77250000,-1.96160000,2467,Jul-Sep 2025,Q2 FY26,Indus Towers Limited,2025-10-27,After close,2025-10-28,2025-11-26,2464,2467,3.93213000,-0.11495800,4.04708800,56.73146600,True,72.30289200,0,5.10494900,1.03754600,4.06740300,4.93494900,3.87740300,both,4.04708780,56.73150000,56.73146562,5.10494888,1.03754598,3.87740290,4.93494888,2.83856859,2025-10-28,2467,2464,Jul-Sep 2025,Q2 FY26,Indus Towers Limited,After close,2025-10-27,+3.9,+3.9,+3.9
INFY,Infosys Limited,Q3 FY24,Oct-Dec 2023,11,2024-01-12,After close,6.79140000,53.51180000,64.32430000,4.17610000,-1.27200000,5.25810000,4.00610000,2.98550000,2024,Computers - Software,IT services,9.86840000,2.55840000,-0.18580000,2023,Oct-Dec 2023,Q3 FY24,Infosys Limited,2024-01-11,After close,2024-01-12,2024-02-12,2020,2023,7.93401000,1.14264200,6.79136800,53.51179500,True,64.32427800,0,4.17609200,-1.27200600,5.44809800,4.00609200,5.25809800,both,6.79136800,53.51180000,53.51179519,4.17609200,-1.27200605,5.25809805,4.00609200,2.98548774,2024-01-12,2023,2020,Oct-Dec 2023,Q3 FY24,Infosys Limited,After close,2024-01-11,+5.3,+5.3,+5.3
JINDALSTEL,JINDAL STEEL LIMITED,Q3 FY23,Oct-Dec 2022,7,2023-02-01,After close,4.49230000,51.69630000,59.44190000,-5.88570000,-0.93890000,-5.13680000,-6.05570000,-5.13680000,2023,Steel And Steel Products,Metals,28.34300000,1.72090000,4.58000000,1789,Oct-Dec 2022,Q3 FY23,JINDAL STEEL LIMITED,2023-01-31,After close,2023-02-01,2023-03-01,1786,1789,4.23271000,-0.25959500,4.49230500,51.69627800,True,59.44185300,0,-5.88572800,-0.93890300,-4.94682500,-6.05572800,-5.13682500,both,4.49230467,51.69630000,51.69627755,-5.88572848,-0.93890317,-5.13682530,-6.05572848,-5.13682530,2023-02-01,1789,1786,Oct-Dec 2022,Q3 FY23,JINDAL STEEL LIMITED,After close,2023-01-31,-5.1,-5.1,-5.1
JUBLFOOD,Jubilant Foodworks Limited,Q1 FY25,Apr-Jun 2024,13,2024-08-12,After close,8.84190000,62.30000000,71.35540000,2.22610000,2.85090000,-0.81480000,2.05610000,-0.81470000,2024,Food And Food Processing,FMCG,18.28630000,5.77370000,5.86850000,2166,Apr-Jun 2024,Q1 FY25,Jubilant Foodworks Limited,2024-08-09,After close,2024-08-12,2024-09-10,2163,2166,8.75772000,-0.08412800,8.84184800,62.30000300,True,71.35536700,0,2.22613500,2.85086500,-0.62472900,2.05613500,-0.81472900,both,8.84184845,62.30000000,62.30000320,2.22613530,2.85086458,-0.81472929,2.05613530,-0.81472929,2024-08-12,2166,2163,Apr-Jun 2024,Q1 FY25,Jubilant Foodworks Limited,After close,2024-08-09,-0.8,-0.8,-0.8
KFINTECH,Kfin Technologies Limited,Q1 FY27,Apr-Jun 2026,21,2026-07-27,After close,9.70600000,50.00690000,63.13000000,2.17540000,0.92970000,1.05570000,2.00540000,1.05570000,2026,Capital Markets,,-10.17310000,-2.71350000,-2.27100000,2650,Apr-Jun 2026,Q1 FY27,Kfin Technologies Limited,2026-07-24,After close,2026-07-27,2026-08-24,2647,2650,10.66740000,0.96139900,9.70600100,50.00685900,True,63.13001100,0,2.17541400,0.92974000,1.24567400,2.00541400,1.05567400,both,9.70600111,50.00690000,50.00685884,2.17541423,0.92974023,1.05567400,2.00541423,1.05567400,2026-07-27,2650,2647,Apr-Jun 2026,Q1 FY27,Kfin Technologies Limited,After close,2026-07-24,+1.1,+1.1,+1.1
KOTAKBANK,Kotak Mahindra Bank Limited,Q3 FY25,Oct-Dec 2024,15,2025-01-20,Non-trading day,8.59610000,56.10740000,66.85910000,1.66100000,-1.77980000,3.25080000,1.49100000,3.87550000,2025,Banks,Banks,1.91270000,1.20510000,5.41370000,2276,Oct-Dec 2024,Q3 FY25,Kotak Mahindra Bank Limited,2025-01-18,Non-trading day,2025-01-20,2025-02-14,2274,2276,9.20619000,0.61004500,8.59614500,56.10741700,True,66.85905100,0,1.66101900,-1.77984300,3.44086300,1.49101900,3.25086300,both,8.59614483,56.10740000,56.10741679,1.66101923,-1.77984343,3.25086266,1.49101923,3.87551097,2025-01-20,2276,2274,Oct-Dec 2024,Q3 FY25,Kotak Mahindra Bank Limited,Non-trading day,2025-01-18,+3.3,+3.3,+3.3
LICHSGFIN,LIC Housing Finance Limited,Q1 FY24,Apr-Jun 2023,9,2023-08-04,After close,7.49240000,71.42350000,65.22940000,4.95720000,0.06050000,4.70670000,4.78720000,4.70680000,2023,Finance - Housing,NBFCs,10.11500000,5.42240000,3.29540000,1914,Apr-Jun 2023,Q1 FY24,LIC Housing Finance Limited,2023-08-03,After close,2023-08-04,2023-09-04,1911,1914,8.19069000,0.69834100,7.49234900,71.42353200,True,65.22940900,0,4.95721400,0.06046000,4.89675400,4.78721400,4.70675400,both,7.49234904,71.42350000,71.42353157,4.95721449,0.06046011,4.70675438,4.78721449,4.70675438,2023-08-04,1914,1911,Apr-Jun 2023,Q1 FY24,LIC Housing Finance Limited,After close,2023-08-03,+4.7,+4.7,+4.7
LICI,Life Insurance Corporation Of India,Q4 FY25,Jan-Mar 2025,16,2025-05-28,After close,8.41760000,64.70950000,79.10510000,0.96600000,1.98890000,-1.21290000,0.79600000,-1.21290000,2025,Insurance,Insurers,-3.98570000,4.82540000,2.67080000,2362,Jan-Mar 2025,Q4 FY25,Life Insurance Corporation Of India,2025-05-27,After close,2025-05-28,2025-06-25,2359,2362,8.12052000,-0.29706500,8.41758500,64.70953900,True,79.10507700,0,0.96603600,1.98889400,-1.02285800,0.79603600,-1.21285800,both,8.41758520,64.70950000,64.70953906,0.96603599,1.98889403,-1.21285804,0.79603599,-1.21285804,2025-05-28,2362,2359,Jan-Mar 2025,Q4 FY25,Life Insurance Corporation Of India,After close,2025-05-27,-1.2,-1.2,-1.2
LICI,Life Insurance Corporation Of India,Q3 FY26,Oct-Dec 2025,19,2026-02-06,After close,7.19660000,53.81590000,70.49000000,-10.69470000,-6.48270000,-4.40200000,-10.86470000,-4.40200000,2026,Insurance,Insurers,-5.06210000,-2.61950000,-0.33680000,2537,Oct-Dec 2025,Q3 FY26,Life Insurance Corporation Of India,2026-02-05,After close,2026-02-06,2026-03-09,2534,2537,7.39506000,0.19849600,7.19656400,53.81591000,True,70.49000100,0,-10.69467300,-6.48271800,-4.21195500,-10.86467300,-4.40195500,both,7.19656374,53.81590000,53.81591008,-10.69467251,-6.48271755,-4.40195495,-10.86467251,-4.40195495,2026-02-06,2537,2534,Oct-Dec 2025,Q3 FY26,Life Insurance Corporation Of India,After close,2026-02-05,-4.4,-4.4,-4.4
LT,Larsen & Toubro Limited,Q4 FY25,Jan-Mar 2025,16,2025-05-09,During market,4.70520000,52.31970000,63.04820000,6.16740000,4.14470000,1.83270000,5.99740000,3.42980000,2025,Engineering,,-5.57230000,-2.88020000,-7.51780000,2349,Jan-Mar 2025,Q4 FY25,Larsen & Toubro Limited,2025-05-09,During market,2025-05-09,2025-06-06,2347,2349,3.61022000,-1.09500800,4.70522800,52.31968800,True,63.04819700,0,6.16742100,4.14466000,2.02276100,5.99742100,1.83276100,both,4.70522779,52.31970000,52.31968833,6.16742127,4.14466011,1.83276116,5.99742127,3.42976153,2025-05-09,2349,2347,Jan-Mar 2025,Q4 FY25,Larsen & Toubro Limited,During market,2025-05-09,+1.8,+1.8,+1.8
LTM,LTM Limited,Q2 FY22,Jul-Sep 2021,2,2021-10-19,After close,16.38940000,61.19650000,74.64490000,7.90500000,-2.82380000,10.53880000,7.73500000,4.13510000,2021,Computers - Software,IT services,36.69760000,6.64740000,2.14940000,1468,Jul-Sep 2021,Q2 FY22,LTM Limited,2021-10-18,After close,2021-10-19,2021-11-17,1465,1468,16.07390000,-0.31552700,16.38942700,61.19646300,True,74.64488800,0,7.90498500,-2.82375300,10.72873800,7.73498500,10.53873800,both,16.38942656,61.19650000,61.19646280,7.90498461,-2.82375297,10.53873758,7.73498461,4.13513468,2021-10-19,1468,1465,Jul-Sep 2021,Q2 FY22,LTM Limited,After close,2021-10-18,+10.5,+10.5,+10.5
LUPIN,Lupin Limited,Q1 FY23,Apr-Jun 2022,5,2022-08-04,After close,5.18990000,52.04160000,59.82900000,-1.12130000,1.57400000,-2.88530000,-1.29130000,4.06450000,2022,Pharmaceuticals,Pharma,-18.05910000,2.04520000,-8.03600000,1667,Apr-Jun 2022,Q1 FY23,Lupin Limited,2022-08-03,After close,2022-08-04,2022-09-06,1664,1667,5.15456000,-0.03536900,5.18992900,52.04155500,True,59.82897400,0,-1.12129700,1.57404200,-2.69533900,-1.29129700,-2.88533900,both,5.18992892,52.04160000,52.04155470,-1.12129659,1.57404211,-2.88533871,-1.29129659,4.06446280,2022-08-04,1667,1664,Apr-Jun 2022,Q1 FY23,Lupin Limited,After close,2022-08-03,-2.9,-2.9,-2.9
LUPIN,Lupin Limited,Q2 FY23,Jul-Sep 2022,6,2022-11-10,After close,4.32480000,59.35580000,60.31110000,4.93500000,3.22360000,1.52140000,4.76500000,3.72210000,2022,Pharmaceuticals,Pharma,0.61780000,-4.25730000,-9.13650000,1731,Jul-Sep 2022,Q2 FY23,Lupin Limited,2022-11-09,After close,2022-11-10,2022-12-08,1728,1731,3.61541000,-0.70936800,4.32477800,59.35584700,True,60.31112000,0,4.93501700,3.22356100,1.71145600,4.76501700,1.52145600,both,4.32477829,59.35580000,59.35584658,4.93501674,3.22356087,1.52145588,4.76501674,3.72210061,2022-11-10,1731,1728,Jul-Sep 2022,Q2 FY23,Lupin Limited,After close,2022-11-09,+1.5,+1.5,+1.5
MANAPPURAM,Manappuram Finance Limited,Q1 FY23,Apr-Jun 2022,5,2022-08-05,After close,6.30530000,68.47090000,71.85820000,-2.12670000,1.30420000,-3.62090000,-2.29670000,-3.62090000,2022,Finance,NBFCs,-23.09990000,13.56400000,4.02770000,1668,Apr-Jun 2022,Q1 FY23,Manappuram Finance Limited,2022-08-04,After close,2022-08-05,2022-09-07,1665,1668,6.39449000,0.08917300,6.30531700,68.47088100,True,71.85822100,0,-2.12668700,1.30421000,-3.43089800,-2.29668700,-3.62089800,both,6.30531729,68.47090000,68.47088067,-2.12668728,1.30421038,-3.62089766,-2.29668728,-3.62089766,2022-08-05,1668,1665,Apr-Jun 2022,Q1 FY23,Manappuram Finance Limited,After close,2022-08-04,-3.6,-3.6,-3.6
MANAPPURAM,Manappuram Finance Limited,Q2 FY23,Jul-Sep 2022,6,2022-11-14,Non-trading day,7.32710000,55.34850000,70.64060000,0.25720000,0.91660000,-0.84940000,0.08720000,3.82470000,2022,Finance,NBFCs,-2.47220000,4.38210000,-0.18380000,1733,Jul-Sep 2022,Q2 FY23,Manappuram Finance Limited,2022-11-12,Non-trading day,2022-11-14,2022-12-12,1731,1733,7.21507000,-0.11199100,7.32706100,55.34847500,True,70.64062000,0,0.25717600,0.91657300,-0.65939700,0.08717600,-0.84939700,both,7.32706093,55.34850000,55.34847508,0.25717564,0.91657278,-0.84939714,0.08717564,3.82470824,2022-11-14,1733,1731,Jul-Sep 2022,Q2 FY23,Manappuram Finance Limited,Non-trading day,2022-11-12,-0.8,-0.8,-0.8
MARICO,Marico Limited,Q4 FY23,Jan-Mar 2023,8,2023-05-08,After close,6.43480000,66.76120000,74.97040000,3.09970000,1.80380000,1.10590000,2.92970000,3.41090000,2023,Personal Care,FMCG,-0.89130000,4.84040000,-1.87370000,1851,Jan-Mar 2023,Q4 FY23,Marico Limited,2023-05-05,After close,2023-05-08,2023-06-05,1848,1851,7.51621000,1.08141000,6.43480000,66.76124900,True,74.97035200,0,3.09966800,1.80378200,1.29588600,2.92966800,1.10588600,both,6.43479985,66.76120000,66.76124881,3.09966834,1.80378222,1.10588612,2.92966834,3.41093493,2023-05-08,1851,1848,Jan-Mar 2023,Q4 FY23,Marico Limited,After close,2023-05-05,+1.1,+1.1,+1.1
MARICO,Marico Limited,Q1 FY25,Apr-Jun 2024,13,2024-08-05,During market,4.15060000,60.96090000,58.03470000,-4.77570000,5.08930000,-10.05500000,-4.94570000,-10.05500000,2024,Personal Care,FMCG,21.47080000,11.89590000,8.21880000,2161,Apr-Jun 2024,Q1 FY25,Marico Limited,2024-08-05,During market,2024-08-05,2024-09-03,2159,2161,1.47192000,-2.67864700,4.15056700,60.96090600,True,58.03472000,0,-4.77573700,5.08925200,-9.86498900,-4.94573700,-10.05498900,both,4.15056729,60.96090000,60.96090582,-4.77573750,5.08925157,-10.05498906,-4.94573750,-10.05498906,2024-08-05,2161,2159,Apr-Jun 2024,Q1 FY25,Marico Limited,During market,2024-08-05,-10.1,-10.1,-10.1
MARUTI,Maruti Suzuki India Limited,Q3 FY22,Oct-Dec 2021,3,2022-01-25,During market,6.08270000,63.78810000,69.86100000,1.11890000,-1.24260000,2.17150000,0.94890000,3.31070000,2022,Automobiles - 4 Wheelers,,13.37840000,10.86280000,7.67320000,1536,Oct-Dec 2021,Q3 FY22,Maruti Suzuki India Limited,2022-01-25,During market,2022-01-25,2022-02-23,1534,1536,6.83407000,0.75135100,6.08271900,63.78808700,True,69.86095200,0,1.11885600,-1.24262400,2.36148000,0.94885600,2.17148000,both,6.08271862,63.78810000,63.78808690,1.11885587,-1.24262427,2.17148014,0.94885587,3.31065003,2022-01-25,1536,1534,Oct-Dec 2021,Q3 FY22,Maruti Suzuki India Limited,During market,2022-01-25,+2.2,+2.2,+2.2
MARUTI,Maruti Suzuki India Limited,Q2 FY23,Jul-Sep 2022,6,2022-10-28,During market,4.70240000,58.15130000,70.64990000,-5.34260000,4.36250000,-9.89510000,-5.51260000,-9.89510000,2022,Automobiles - 4 Wheelers,,9.08990000,-3.62230000,-5.52110000,1723,Jul-Sep 2022,Q2 FY23,Maruti Suzuki India Limited,2022-10-28,During market,2022-10-28,2022-11-28,1721,1723,4.98344000,0.28105200,4.70238800,58.15125900,True,70.64989400,0,-5.34261600,4.36250500,-9.70512000,-5.51261600,-9.89512000,both,4.70238830,58.15130000,58.15125893,-5.34261555,4.36250478,-9.89512033,-5.51261555,-9.89512033,2022-10-28,1723,1721,Jul-Sep 2022,Q2 FY23,Maruti Suzuki India Limited,During market,2022-10-28,-9.9,-9.9,-9.9
MFSL,Max Financial Services Limited,Q2 FY25,Jul-Sep 2024,14,2024-10-23,After close,8.81720000,58.61150000,68.48790000,-8.29070000,-2.16180000,-6.31890000,-8.46070000,-6.31890000,2024,Insurance,Insurers,17.58310000,4.91870000,6.98150000,2216,Jul-Sep 2024,Q2 FY25,Max Financial Services Limited,2024-10-22,After close,2024-10-23,2024-11-22,2213,2216,8.66761000,-0.14955800,8.81716800,58.61145500,True,68.48788500,0,-8.29074900,-2.16181400,-6.12893500,-8.46074900,-6.31893500,both,8.81716807,58.61150000,58.61145548,-8.29074922,-2.16181375,-6.31893546,-8.46074922,-6.31893546,2024-10-23,2216,2213,Jul-Sep 2024,Q2 FY25,Max Financial Services Limited,After close,2024-10-22,-6.3,-6.3,-6.3
MFSL,Max Financial Services Limited,Q2 FY26,Jul-Sep 2025,18,2025-11-12,After close,4.38940000,61.60820000,74.71430000,-1.16360000,-0.45530000,-0.89830000,-1.33360000,-0.89830000,2025,Insurance,Insurers,16.35480000,1.95320000,0.42390000,2477,Jul-Sep 2025,Q2 FY26,Max Financial Services Limited,2025-11-11,After close,2025-11-12,2025-12-10,2474,2477,5.09324000,0.70383500,4.38940500,61.60822700,True,74.71431900,0,-1.16358500,-0.45525200,-0.70833300,-1.33358500,-0.89833300,both,4.38940520,61.60820000,61.60822712,-1.16358486,-0.45525163,-0.89833324,-1.33358486,-0.89833324,2025-11-12,2477,2474,Jul-Sep 2025,Q2 FY26,Max Financial Services Limited,After close,2025-11-11,-0.9,-0.9,-0.9
MFSL,Max Financial Services Limited,Q3 FY26,Oct-Dec 2025,19,2026-02-12,After close,5.14380000,66.49720000,71.05110000,-10.22330000,-10.29210000,-0.12120000,-10.39330000,3.29050000,2026,Insurance,Insurers,11.24080000,3.42750000,3.46440000,2541,Oct-Dec 2025,Q3 FY26,Max Financial Services Limited,2026-02-11,After close,2026-02-12,2026-03-13,2538,2541,4.57874000,-0.56504100,5.14378100,66.49723200,True,71.05113000,0,-10.22332000,-10.29208900,0.06876900,-10.39332000,-0.12123100,both,5.14378141,66.49720000,66.49723188,-10.22332035,-10.29208903,-0.12123132,-10.39332035,3.29053303,2026-02-12,2541,2538,Oct-Dec 2025,Q3 FY26,Max Financial Services Limited,After close,2026-02-11,-0.1,-0.1,-0.1
MOTHERSON,Samvardhana Motherson International Limited,Q4 FY21,Jan-Mar 2021,0,2021-06-02,During market,13.39210000,59.81850000,73.26720000,-10.03350000,0.93280000,-11.15630000,-10.20350000,-11.15630000,2021,Auto Ancillaries,,45.90870000,9.48040000,4.86200000,1373,Jan-Mar 2021,Q4 FY21,Samvardhana Motherson International Limited,2021-06-02,During market,2021-06-02,2021-06-30,1371,1373,13.40080000,0.00866800,13.39213200,59.81847200,True,73.26719700,0,-10.03345900,0.93283300,-10.96629200,-10.20345900,-11.15629200,both,13.39213218,59.81850000,59.81847203,-10.03345853,0.93283343,-11.15629195,-10.20345853,-11.15629195,2021-06-02,1373,1371,Jan-Mar 2021,Q4 FY21,Samvardhana Motherson International Limited,During market,2021-06-02,-11.2,-11.2,-11.2
MOTHERSON,Samvardhana Motherson International Limited,Q4 FY24,Jan-Mar 2024,12,2024-05-29,During market,4.81560000,76.46890000,76.88990000,34.42790000,5.90100000,28.33690000,34.25790000,3.46980000,2024,Auto Ancillaries,,34.65520000,12.97170000,11.36740000,2115,Jan-Mar 2024,Q4 FY24,Samvardhana Motherson International Limited,2024-05-29,During market,2024-05-29,2024-06-27,2113,2115,4.01408000,-0.80150600,4.81558600,76.46891400,True,76.88993400,0,34.42789600,5.90098100,28.52691600,34.25789600,28.33691600,both,4.81558646,76.46890000,76.46891381,34.42789645,5.90098085,28.33691560,34.25789645,3.46975509,2024-05-29,2115,2113,Jan-Mar 2024,Q4 FY24,Samvardhana Motherson International Limited,During market,2024-05-29,+28.3,+28.3,+28.3
MPHASIS,MphasiS Limited,Q1 FY22,Apr-Jun 2021,1,2021-07-23,After close,5.33500000,69.47740000,78.78120000,13.30950000,4.03880000,9.08070000,13.13950000,3.12750000,2021,Computers - Software,IT services,41.37210000,15.24710000,14.80680000,1409,Apr-Jun 2021,Q1 FY22,MphasiS Limited,2021-07-22,After close,2021-07-23,2021-08-23,1406,1409,5.53725000,0.20222400,5.33502600,69.47744100,True,78.78119000,0,13.30947600,4.03883700,9.27063900,13.13947600,9.08063900,both,5.33502617,69.47740000,69.47744066,13.30947615,4.03883691,9.08063924,13.13947615,3.12754754,2021-07-23,1409,1406,Apr-Jun 2021,Q1 FY22,MphasiS Limited,After close,2021-07-22,+9.1,+9.1,+9.1
MPHASIS,MphasiS Limited,Q1 FY24,Apr-Jun 2023,9,2023-07-21,After close,6.45450000,77.66810000,86.57230000,-0.59850000,-1.77970000,0.99120000,-0.76850000,2.95680000,2023,Computers - Software,IT services,7.80440000,14.15820000,9.25410000,1904,Apr-Jun 2023,Q1 FY24,MphasiS Limited,2023-07-20,After close,2023-07-21,2023-08-21,1901,1904,5.28253000,-1.17197200,6.45450200,77.66808100,True,86.57233800,0,-0.59853200,-1.77969100,1.18115900,-0.76853200,0.99115900,both,6.45450178,77.66810000,77.66808099,-0.59853171,-1.77969106,0.99115935,-0.76853171,2.95680209,2023-07-21,1904,1901,Apr-Jun 2023,Q1 FY24,MphasiS Limited,After close,2023-07-20,+1.0,+1.0,+1.0
MPHASIS,MphasiS Limited,Q1 FY25,Apr-Jun 2024,13,2024-07-26,After close,4.75380000,82.63590000,77.43760000,-0.33170000,0.70770000,-1.22940000,-0.50170000,-1.22940000,2024,Computers - Software,IT services,19.51170000,20.88280000,16.72150000,2155,Apr-Jun 2024,Q1 FY25,MphasiS Limited,2024-07-25,After close,2024-07-26,2024-08-26,2152,2155,6.51058000,1.75673300,4.75384700,82.63588600,True,77.43761700,0,-0.33169100,0.70767500,-1.03936600,-0.50169100,-1.22936600,both,4.75384705,82.63590000,82.63588566,-0.33169150,0.70767490,-1.22936640,-0.50169150,-1.22936640,2024-07-26,2155,2152,Apr-Jun 2024,Q1 FY25,MphasiS Limited,After close,2024-07-25,-1.2,-1.2,-1.2
MUTHOOTFIN,Muthoot Finance Limited,Q4 FY21,Jan-Mar 2021,0,2021-06-02,During market,8.08970000,66.57860000,76.67920000,4.71760000,0.93280000,3.59480000,4.54760000,5.91860000,2021,Finance,NBFCs,9.40960000,12.46300000,7.84470000,1373,Jan-Mar 2021,Q4 FY21,Muthoot Finance Limited,2021-06-02,During market,2021-06-02,2021-06-30,1371,1373,8.09840000,0.00866800,8.08973200,66.57860800,True,76.67917000,0,4.71763400,0.93283300,3.78480100,4.54763400,3.59480100,both,8.08973218,66.57860000,66.57860751,4.71763416,0.93283343,3.59480074,4.54763416,5.91862117,2021-06-02,1373,1371,Jan-Mar 2021,Q4 FY21,Muthoot Finance Limited,During market,2021-06-02,+3.6,+3.6,+3.6
MUTHOOTFIN,Muthoot Finance Limited,Q4 FY23,Jan-Mar 2023,8,2023-05-22,After close,8.01910000,59.85960000,72.06000000,5.00800000,2.40820000,2.40980000,4.83800000,2.40980000,2023,Finance,NBFCs,1.47210000,0.79130000,-1.89070000,1861,Jan-Mar 2023,Q4 FY23,Muthoot Finance Limited,2023-05-19,After close,2023-05-22,2023-06-19,1858,1861,8.62885000,0.60977600,8.01907400,59.85963600,True,72.05998100,0,5.00802100,2.40821400,2.59980700,4.83802100,2.40980700,both,8.01907380,59.85960000,59.85963586,5.00802144,2.40821430,2.40980714,4.83802144,2.40980714,2023-05-22,1861,1858,Jan-Mar 2023,Q4 FY23,Muthoot Finance Limited,After close,2023-05-19,+2.4,+2.4,+2.4
MUTHOOTFIN,Muthoot Finance Limited,Q3 FY25,Oct-Dec 2024,15,2025-02-13,After close,6.24240000,52.49100000,63.44480000,-1.19080000,-2.26930000,0.88850000,-1.36080000,0.88850000,2025,Finance,NBFCs,14.68040000,5.02500000,3.74440000,2295,Oct-Dec 2024,Q3 FY25,Muthoot Finance Limited,2025-02-12,After close,2025-02-13,2025-03-17,2292,2295,6.18228000,-0.06009900,6.24237900,52.49101800,True,63.44482800,0,-1.19078300,-2.26929300,1.07851000,-1.36078300,0.88851000,both,6.24237915,52.49100000,52.49101770,-1.19078288,-2.26929323,0.88851034,-1.36078288,0.88851034,2025-02-13,2295,2292,Oct-Dec 2024,Q3 FY25,Muthoot Finance Limited,After close,2025-02-12,+0.9,+0.9,+0.9
MUTHOOTFIN,Muthoot Finance Limited,Q2 FY26,Jul-Sep 2025,18,2025-11-14,After close,9.67990000,72.04870000,80.43880000,3.00620000,0.52840000,2.28780000,2.83620000,2.28790000,2025,Finance,NBFCs,32.89610000,4.30220000,2.26440000,2479,Jul-Sep 2025,Q2 FY26,Muthoot Finance Limited,2025-11-13,After close,2025-11-14,2025-12-12,2476,2479,9.79930000,0.11940100,9.67989900,72.04871800,True,80.43881700,0,3.00622700,0.52836600,2.47786100,2.83622700,2.28786100,both,9.67989886,72.04870000,72.04871803,3.00622709,0.52836641,2.28786068,2.83622709,2.28786068,2025-11-14,2479,2476,Jul-Sep 2025,Q2 FY26,Muthoot Finance Limited,After close,2025-11-13,+2.3,+2.3,+2.3
NATIONALUM,National Aluminium Company Limited,Q3 FY24,Oct-Dec 2023,11,2024-02-14,After close,9.38220000,67.55890000,60.66720000,-12.66840000,0.72180000,-13.58020000,-12.83840000,3.28510000,2024,Aluminium,Metals,59.16970000,20.50500000,19.74730000,2045,Oct-Dec 2023,Q3 FY24,National Aluminium Company Limited,2024-02-13,After close,2024-02-14,2024-03-13,2042,2045,9.82740000,0.44519600,9.38220400,67.55890600,True,60.66715600,0,-12.66836300,0.72183900,-13.39020200,-12.83836300,-13.58020200,both,9.38220436,67.55890000,67.55890606,-12.66836311,0.72183901,-13.58020211,-12.83836311,3.28512229,2024-02-14,2045,2042,Oct-Dec 2023,Q3 FY24,National Aluminium Company Limited,After close,2024-02-13,-13.6,-13.6,-13.6
NATIONALUM,National Aluminium Company Limited,Q2 FY26,Jul-Sep 2025,18,2025-11-10,After close,9.31900000,59.11650000,74.61810000,4.27030000,1.51010000,2.57020000,4.10030000,3.01280000,2025,Aluminium,Metals,21.89040000,5.47570000,2.65010000,2475,Jul-Sep 2025,Q2 FY26,National Aluminium Company Limited,2025-11-07,After close,2025-11-10,2025-12-08,2472,2475,9.64086000,0.32186200,9.31899800,59.11654900,True,74.61807200,0,4.27028200,1.51010700,2.76017500,4.10028200,2.57017500,both,9.31899810,59.11650000,59.11654921,4.27028168,1.51010681,2.57017487,4.10028168,3.01279821,2025-11-10,2475,2472,Jul-Sep 2025,Q2 FY26,National Aluminium Company Limited,After close,2025-11-07,+2.6,+2.6,+2.6
NAUKRI,Info Edge (India) Limited,Q4 FY23,Jan-Mar 2023,8,2023-05-26,During market,6.65230000,54.88070000,69.95960000,2.60020000,0.89810000,1.51210000,2.43020000,3.26490000,2023,Computers - Software,IT services,0.00990000,5.65300000,2.59840000,1865,Jan-Mar 2023,Q4 FY23,Info Edge (India) Limited,2023-05-26,During market,2023-05-26,2023-06-23,1863,1865,7.62496000,0.97264600,6.65231400,54.88074100,True,69.95963800,0,2.60019900,0.89814000,1.70206000,2.43019900,1.51206000,both,6.65231363,54.88070000,54.88074060,2.60019930,0.89813966,1.51205964,2.43019930,3.26491490,2023-05-26,1865,1863,Jan-Mar 2023,Q4 FY23,Info Edge (India) Limited,During market,2023-05-26,+1.5,+1.5,+1.5
NAUKRI,Info Edge (India) Limited,Q1 FY27,Apr-Jun 2026,21,2026-08-10,During market,4.57390000,63.46070000,67.75300000,1.59910000,-3.27310000,4.68220000,1.42910000,6.35020000,2026,Computers - Software,IT services,7.03920000,5.17390000,2.01690000,2660,Apr-Jun 2026,Q1 FY27,Info Edge (India) Limited,2026-08-10,During market,2026-08-10,2026-09-07,2658,2660,4.62744000,0.05351900,4.57392100,63.46068100,True,67.75299600,0,1.59907400,-3.27309000,4.87216400,1.42907400,4.68216400,both,4.57392086,63.46070000,63.46068104,1.59907377,-3.27309041,4.68216418,1.42907377,6.35023134,2026-08-10,2660,2658,Apr-Jun 2026,Q1 FY27,Info Edge (India) Limited,During market,2026-08-10,+4.7,+4.7,+4.7
NBCC,NBCC (India) Limited,Q4 FY25,Jan-Mar 2025,16,2025-05-30,After close,6.49560000,68.88820000,76.25590000,-0.12970000,3.58410000,-3.90380000,-0.29970000,-3.90380000,2025,Construction,,16.25300000,20.40010000,17.12690000,2364,Jan-Mar 2025,Q4 FY25,NBCC (India) Limited,2025-05-29,After close,2025-05-30,2025-06-27,2361,2364,6.16179000,-0.33382200,6.49561200,68.88815600,True,76.25585800,0,-0.12968900,3.58414100,-3.71383000,-0.29968900,-3.90383000,both,6.49561192,68.88820000,68.88815558,-0.12968904,3.58414105,-3.90383010,-0.29968904,-3.90383010,2025-05-30,2364,2361,Jan-Mar 2025,Q4 FY25,NBCC (India) Limited,After close,2025-05-29,-3.9,-3.9,-3.9
NESTLEIND,Nestle India Limited,Q4 FY26,Jan-Mar 2026,20,2026-04-21,During market,6.39930000,63.22140000,75.60770000,2.91330000,-3.73360000,6.45690000,2.74330000,3.66960000,2026,Food And Food Processing,FMCG,4.35410000,6.93730000,1.74340000,2584,Jan-Mar 2026,Q4 FY26,Nestle India Limited,2026-04-21,During market,2026-04-21,2026-05-20,2582,2584,7.26835000,0.86908000,6.39927000,63.22137700,True,75.60772400,0,2.91326100,-3.73363300,6.64689400,2.74326100,6.45689400,both,6.39927016,63.22140000,63.22137700,2.91326134,-3.73363281,6.45689415,2.74326134,3.66956421,2026-04-21,2584,2582,Jan-Mar 2026,Q4 FY26,Nestle India Limited,During market,2026-04-21,+6.5,+6.5,+6.5
NMDC,NMDC Limited,Q1 FY24,Apr-Jun 2023,9,2023-08-14,After close,4.31950000,53.91690000,69.73420000,14.99580000,2.87450000,11.93130000,14.82580000,2.83640000,2023,Mining,Metals,-0.86860000,4.30560000,3.31200000,1920,Apr-Jun 2023,Q1 FY24,NMDC Limited,2023-08-11,After close,2023-08-14,2023-09-12,1917,1920,4.35165000,0.03217000,4.31948000,53.91685100,True,69.73423500,0,14.99580700,2.87452000,12.12128800,14.82580700,11.93128800,both,4.31948043,53.91690000,53.91685102,14.99580742,2.87451986,11.93128756,14.82580742,2.83636215,2023-08-14,1920,1917,Apr-Jun 2023,Q1 FY24,NMDC Limited,After close,2023-08-11,+11.9,+11.9,+11.9
NMDC,NMDC Limited,Q3 FY24,Oct-Dec 2023,11,2024-02-15,After close,4.51600000,57.01050000,66.56530000,-18.22230000,1.07660000,-19.48890000,-18.39230000,-19.48900000,2024,Mining,Metals,54.52820000,9.75670000,9.90060000,2046,Oct-Dec 2023,Q3 FY24,NMDC Limited,2024-02-14,After close,2024-02-15,2024-03-14,2043,2046,4.83974000,0.32371700,4.51602300,57.01054100,True,66.56529200,0,-18.22231600,1.07664000,-19.29895600,-18.39231600,-19.48895600,both,4.51602279,57.01050000,57.01054071,-18.22231573,1.07664046,-19.48895619,-18.39231573,-19.48895619,2024-02-15,2046,2043,Oct-Dec 2023,Q3 FY24,NMDC Limited,After close,2024-02-14,-19.5,-19.5,-19.5
NMDC,NMDC Limited,Q4 FY26,Jan-Mar 2026,20,2026-06-01,After close,5.67920000,57.20820000,58.02520000,-7.80560000,2.06630000,-10.06190000,-7.97560000,3.68480000,2026,Mining,Metals,14.57400000,1.54550000,1.47960000,2611,Jan-Mar 2026,Q4 FY26,NMDC Limited,2026-05-29,After close,2026-06-01,2026-06-30,2608,2611,4.97784000,-0.70134100,5.67918100,57.20819700,True,58.02518300,0,-7.80556500,2.06628000,-9.87184500,-7.97556500,-10.06184500,both,5.67918089,57.20820000,57.20819740,-7.80556524,2.06628005,-10.06184529,-7.97556524,3.68478641,2026-06-01,2611,2608,Jan-Mar 2026,Q4 FY26,NMDC Limited,After close,2026-05-29,-10.1,-10.1,-10.1
OFSS,Oracle Financial Services Software Limited,Q3 FY24,Oct-Dec 2023,11,2024-01-18,After close,29.19990000,78.55630000,86.99280000,20.96100000,2.69520000,18.07580000,20.79100000,4.12990000,2024,Computers - Software,IT services,29.78140000,21.71270000,17.39430000,2027,Oct-Dec 2023,Q3 FY24,Oracle Financial Services Software Limited,2024-01-17,After close,2024-01-18,2024-02-16,2024,2027,28.69140000,-0.50853100,29.19993100,78.55633300,True,86.99282800,0,20.96097700,2.69519700,18.26578000,20.79097700,18.07578000,both,29.19993075,78.55630000,78.55633300,20.96097697,2.69519738,18.07577959,20.79097697,4.12988610,2024-01-18,2027,2024,Oct-Dec 2023,Q3 FY24,Oracle Financial Services Software Limited,After close,2024-01-17,+18.1,+18.1,+18.1
OFSS,Oracle Financial Services Software Limited,Q4 FY26,Jan-Mar 2026,20,2026-04-23,After close,9.02420000,75.08590000,79.49160000,8.34330000,-1.87710000,10.03040000,8.17330000,6.60890000,2026,Computers - Software,IT services,0.42510000,26.01340000,21.92930000,2586,Jan-Mar 2026,Q4 FY26,Oracle Financial Services Software Limited,2026-04-22,After close,2026-04-23,2026-05-22,2583,2586,8.18310000,-0.84112400,9.02422400,75.08587000,True,79.49162900,0,8.34328300,-1.87709000,10.22037300,8.17328300,10.03037300,both,9.02422380,75.08590000,75.08587039,8.34328268,-1.87709040,10.03037307,8.17328268,6.60886300,2026-04-23,2586,2583,Jan-Mar 2026,Q4 FY26,Oracle Financial Services Software Limited,After close,2026-04-22,+10.0,+10.0,+10.0
PAYTM,One 97 Communications Limited,Q4 FY25,Jan-Mar 2025,16,2025-05-07,After close,7.05490000,50.07980000,56.07000000,7.56150000,0.84290000,6.52860000,7.39150000,4.39360000,2025,Internet & E-commerce,,11.26490000,2.83300000,-0.36620000,2347,Jan-Mar 2025,Q4 FY25,One 97 Communications Limited,2025-05-06,After close,2025-05-07,2025-06-04,2344,2347,7.19764000,0.14274200,7.05489800,50.07983600,True,56.06999100,0,7.56152800,0.84294500,6.71858300,7.39152800,6.52858300,both,7.05489771,50.07980000,50.07983630,7.56152791,0.84294515,6.52858276,7.39152791,4.39361277,2025-05-07,2347,2344,Jan-Mar 2025,Q4 FY25,One 97 Communications Limited,After close,2025-05-06,+6.5,+6.5,+6.5
PAYTM,One 97 Communications Limited,Q2 FY26,Jul-Sep 2025,18,2025-11-06,After close,4.49190000,63.56890000,63.38270000,0.60580000,2.05430000,-1.63850000,0.43580000,-1.63850000,2025,Internet & E-commerce,,35.21410000,15.96370000,11.44950000,2473,Jul-Sep 2025,Q2 FY26,One 97 Communications Limited,2025-11-04,After close,2025-11-06,2025-12-04,2470,2473,4.14826000,-0.34358600,4.49184600,63.56890200,True,63.38273100,0,0.60577600,2.05431700,-1.44854100,0.43577600,-1.63854100,both,4.49184623,63.56890000,63.56890222,0.60577581,2.05431659,-1.63854078,0.43577581,-1.63854078,2025-11-06,2473,2470,Jul-Sep 2025,Q2 FY26,One 97 Communications Limited,After close,2025-11-04,-1.6,-1.6,-1.6
PAYTM,One 97 Communications Limited,Q4 FY26,Jan-Mar 2026,20,2026-05-07,After close,7.83330000,51.51000000,63.39040000,-11.04060000,-3.94610000,-7.28450000,-11.21060000,-7.28450000,2026,Internet & E-commerce,,-6.15700000,16.35040000,8.34420000,2595,Jan-Mar 2026,Q4 FY26,One 97 Communications Limited,2026-05-06,After close,2026-05-07,2026-06-05,2592,2595,7.81560000,-0.01767300,7.83327300,51.51004000,True,63.39035700,0,-11.04057700,-3.94608400,-7.09449300,-11.21057700,-7.28449300,both,7.83327296,51.51000000,51.51003967,-11.04057681,-3.94608382,-7.28449299,-11.21057681,-7.28449299,2026-05-07,2595,2592,Jan-Mar 2026,Q4 FY26,One 97 Communications Limited,After close,2026-05-06,-7.3,-7.3,-7.3
PERSISTENT,Persistent Systems Limited,Q3 FY23,Oct-Dec 2022,7,2023-01-19,After close,7.85640000,51.71380000,65.66950000,15.31650000,-0.90380000,16.03030000,15.14650000,7.61820000,2023,Computers - Software,IT services,6.67960000,0.14620000,2.19420000,1781,Oct-Dec 2022,Q3 FY23,Persistent Systems Limited,2023-01-18,After close,2023-01-19,2023-02-17,1778,1781,7.53990000,-0.31653700,7.85643700,51.71384900,True,65.66949200,0,15.31651600,-0.90375200,16.22026700,15.14651600,16.03026700,both,7.85643670,51.71380000,51.71384916,15.31651574,-0.90375169,16.03026743,15.14651574,7.61817654,2023-01-19,1781,1778,Oct-Dec 2022,Q3 FY23,Persistent Systems Limited,After close,2023-01-18,+16.0,+16.0,+16.0
PERSISTENT,Persistent Systems Limited,Q3 FY24,Oct-Dec 2023,11,2024-01-23,After close,5.74550000,73.61200000,82.74060000,3.21650000,3.84320000,-0.81670000,3.04650000,3.48970000,2024,Computers - Software,IT services,39.32970000,9.89270000,9.85000000,2030,Oct-Dec 2023,Q3 FY24,Persistent Systems Limited,2024-01-20,After close,2024-01-23,2024-02-21,2027,2030,4.20183000,-1.54368200,5.74551200,73.61196500,True,82.74057300,0,3.21647900,3.84320200,-0.62672300,3.04647900,-0.81672300,both,5.74551203,73.61200000,73.61196463,3.21647896,3.84320206,-0.81672311,3.04647896,3.48965533,2024-01-23,2030,2027,Oct-Dec 2023,Q3 FY24,Persistent Systems Limited,After close,2024-01-20,-0.8,-0.8,-0.8
PERSISTENT,Persistent Systems Limited,Q2 FY25,Jul-Sep 2024,14,2024-10-23,After close,11.01680000,57.68070000,61.23420000,1.35520000,-2.16180000,3.32700000,1.18520000,3.41810000,2024,Computers - Software,IT services,27.32510000,6.30250000,8.36530000,2216,Jul-Sep 2024,Q2 FY25,Persistent Systems Limited,2024-10-22,After close,2024-10-23,2024-11-22,2213,2216,10.86720000,-0.14955800,11.01675800,57.68065500,True,61.23419000,0,1.35518000,-2.16181400,3.51699400,1.18518000,3.32699400,both,11.01675807,57.68070000,57.68065474,1.35517998,-2.16181375,3.32699373,1.18517998,3.41805310,2024-10-23,2216,2213,Jul-Sep 2024,Q2 FY25,Persistent Systems Limited,After close,2024-10-22,+3.3,+3.3,+3.3
PERSISTENT,Persistent Systems Limited,Q2 FY26,Jul-Sep 2025,18,2025-10-15,After close,6.53630000,56.09060000,68.43370000,6.57510000,2.31600000,4.06910000,6.40510000,3.69570000,2025,Computers - Software,IT services,-3.75930000,-1.13120000,-2.38150000,2459,Jul-Sep 2025,Q2 FY26,Persistent Systems Limited,2025-10-14,After close,2025-10-15,2025-11-14,2456,2459,7.24442000,0.70807900,6.53634100,56.09064700,True,68.43373600,0,6.57513700,2.31602600,4.25911100,6.40513700,4.06911100,both,6.53634102,56.09060000,56.09064727,6.57513677,2.31602599,4.06911078,6.40513677,3.69572846,2025-10-15,2459,2456,Jul-Sep 2025,Q2 FY26,Persistent Systems Limited,After close,2025-10-14,+4.1,+4.1,+4.1
PETRONET,Petronet LNG Limited,Q1 FY25,Apr-Jun 2024,13,2024-07-24,During market,5.37950000,58.39330000,62.00630000,8.72790000,1.63020000,6.90770000,8.55790000,4.04740000,2024,Gas,,28.74720000,8.64100000,4.64280000,2153,Apr-Jun 2024,Q1 FY25,Petronet LNG Limited,2024-07-24,During market,2024-07-24,2024-08-22,2151,2153,5.11168000,-0.26778000,5.37946000,58.39331800,True,62.00625100,0,8.72789900,1.63024600,7.09765300,8.55789900,6.90765300,both,5.37946000,58.39330000,58.39331846,8.72789882,1.63024556,6.90765326,8.55789882,4.04738110,2024-07-24,2153,2151,Apr-Jun 2024,Q1 FY25,Petronet LNG Limited,During market,2024-07-24,+6.9,+6.9,+6.9
PFC,Power Finance Corporation Limited,Q2 FY24,Jul-Sep 2023,10,2023-11-09,After close,5.46510000,62.85840000,71.30760000,38.69460000,8.11590000,30.38870000,38.52460000,3.40550000,2023,Financial Institution,NBFCs,53.39800000,8.39740000,9.08300000,1979,Jul-Sep 2023,Q2 FY24,Power Finance Corporation Limited,2023-11-08,After close,2023-11-09,2023-12-08,1976,1979,5.21723000,-0.24789800,5.46512800,62.85841000,True,71.30756200,0,38.69455500,8.11588400,30.57867100,38.52455500,30.38867100,both,5.46512776,62.85840000,62.85840953,38.69455498,8.11588375,30.38867124,38.52455498,3.40551556,2023-11-09,1979,1976,Jul-Sep 2023,Q2 FY24,Power Finance Corporation Limited,After close,2023-11-08,+30.4,+30.4,+30.4
PIDILITIND,Pidilite Industries Limited,Q2 FY22,Jul-Sep 2021,2,2021-11-11,After close,5.34180000,50.43130000,59.99210000,-5.99230000,-2.02700000,-4.15530000,-6.16230000,-4.15530000,2021,Chemicals - Speciality,,15.15070000,-1.38060000,-3.77520000,1484,Jul-Sep 2021,Q2 FY22,Pidilite Industries Limited,2021-11-10,After close,2021-11-11,2021-12-10,1481,1484,4.54478000,-0.79701600,5.34179600,50.43134100,True,59.99207000,0,-5.99230800,-2.02701200,-3.96529600,-6.16230800,-4.15529600,both,5.34179618,50.43130000,50.43134142,-5.99230810,-2.02701191,-4.15529619,-6.16230810,-4.15529619,2021-11-11,1484,1481,Jul-Sep 2021,Q2 FY22,Pidilite Industries Limited,After close,2021-11-10,-4.2,-4.2,-4.2
PIIND,PI Industries Limited,Q2 FY23,Jul-Sep 2022,6,2022-11-09,Non-trading day,10.15560000,64.73060000,79.15940000,-4.30640000,2.22230000,-6.71870000,-4.47640000,-6.71870000,2022,Pesticides And Agrochemicals,,15.86030000,8.79110000,3.91190000,1730,Jul-Sep 2022,Q2 FY23,PI Industries Limited,2022-11-08,Non-trading day,2022-11-09,2022-12-07,1728,1730,9.90401000,-0.25161000,10.15562000,64.73062700,True,79.15940000,0,-4.30638400,2.22228300,-6.52866700,-4.47638400,-6.71866700,both,10.15561964,64.73060000,64.73062701,-4.30638383,2.22228342,-6.71866724,-4.47638383,-6.71866724,2022-11-09,1730,1728,Jul-Sep 2022,Q2 FY23,PI Industries Limited,Non-trading day,2022-11-08,-6.7,-6.7,-6.7
PNBHOUSING,PNB Housing Finance Limited,Q4 FY25,Jan-Mar 2025,16,2025-04-29,After close,4.44590000,66.83740000,66.06770000,1.49460000,1.71150000,-0.40690000,1.32460000,4.81160000,2025,Finance - Housing,NBFCs,13.02220000,22.12940000,17.57570000,2342,Jan-Mar 2025,Q4 FY25,PNB Housing Finance Limited,2025-04-28,After close,2025-04-29,2025-05-28,2339,2342,4.47655000,0.03062300,4.44592700,66.83742800,True,66.06768300,0,1.49457300,1.71146000,-0.21688700,1.32457300,-0.40688700,both,4.44592748,66.83740000,66.83742807,1.49457327,1.71145980,-0.40688652,1.32457327,4.81162093,2025-04-29,2342,2339,Jan-Mar 2025,Q4 FY25,PNB Housing Finance Limited,After close,2025-04-28,-0.4,-0.4,-0.4
PNBHOUSING,PNB Housing Finance Limited,Q4 FY26,Jan-Mar 2026,20,2026-04-21,After close,7.11000000,63.90520000,71.63260000,8.34440000,-3.73360000,11.88800000,8.17440000,4.37820000,2026,Finance - Housing,NBFCs,0.57880000,14.56770000,12.20890000,2584,Jan-Mar 2026,Q4 FY26,PNB Housing Finance Limited,2026-04-20,After close,2026-04-21,2026-05-20,2581,2584,7.97905000,0.86908000,7.10997000,63.90524200,True,71.63256600,0,8.34439200,-3.73363300,12.07802500,8.17439200,11.88802500,both,7.10997016,63.90520000,63.90524227,8.34439215,-3.73363281,11.88802495,8.17439215,4.37816428,2026-04-21,2584,2581,Jan-Mar 2026,Q4 FY26,PNB Housing Finance Limited,After close,2026-04-20,+11.9,+11.9,+11.9
POLICYBZR,PB Fintech Limited,Q2 FY26,Jul-Sep 2025,18,2025-10-30,After close,7.70250000,54.35890000,62.68020000,-1.38790000,1.25630000,-2.83420000,-1.55790000,-2.83420000,2025,Internet & E-commerce,,1.76700000,0.81840000,-2.81000000,2469,Jul-Sep 2025,Q2 FY26,PB Fintech Limited,2025-10-29,After close,2025-10-30,2025-11-28,2466,2469,7.02681000,-0.67571500,7.70252500,54.35890400,True,62.68017400,0,-1.38791700,1.25628700,-2.64420300,-1.55791700,-2.83420300,both,7.70252458,54.35890000,54.35890373,-1.38791656,1.25628675,-2.83420331,-1.55791656,-2.83420331,2025-10-30,2469,2466,Jul-Sep 2025,Q2 FY26,PB Fintech Limited,After close,2025-10-29,-2.8,-2.8,-2.8
POLYCAB,Polycab India Limited,Q4 FY23,Jan-Mar 2023,8,2023-05-12,During market,4.65350000,59.34190000,72.62630000,4.67840000,1.35740000,3.13100000,4.50840000,3.41650000,2023,Electrical Equipment,,17.59160000,9.93410000,5.86600000,1855,Jan-Mar 2023,Q4 FY23,Polycab India Limited,2023-05-12,During market,2023-05-12,2023-06-09,1853,1855,4.75079000,0.09728400,4.65350600,59.34186400,True,72.62631300,0,4.67843900,1.35737200,3.32106600,4.50843900,3.13106600,both,4.65350629,59.34190000,59.34186396,4.67843852,1.35737218,3.13106634,4.50843852,3.41645059,2023-05-12,1855,1853,Jan-Mar 2023,Q4 FY23,Polycab India Limited,During market,2023-05-12,+3.1,+3.1,+3.1
POLYCAB,Polycab India Limited,Q1 FY24,Apr-Jun 2023,9,2023-07-18,During market,5.26210000,72.14720000,80.24830000,17.57690000,-1.43930000,18.82620000,17.40690000,3.76240000,2023,Electrical Equipment,,29.97460000,7.98680000,3.67560000,1901,Apr-Jun 2023,Q1 FY24,Polycab India Limited,2023-07-18,During market,2023-07-18,2023-08-16,1899,1901,5.45387000,0.19176700,5.26210300,72.14717400,True,80.24830200,0,17.57688400,-1.43929500,19.01617900,17.40688400,18.82617900,both,5.26210329,72.14720000,72.14717440,17.57688401,-1.43929516,18.82617917,17.40688401,3.76243374,2023-07-18,1901,1899,Apr-Jun 2023,Q1 FY24,Polycab India Limited,During market,2023-07-18,+18.8,+18.8,+18.8
POLYCAB,Polycab India Limited,Q4 FY24,Jan-Mar 2024,12,2024-05-10,During market,5.62290000,75.85180000,76.00100000,11.22220000,5.59940000,5.43280000,11.05220000,4.06000000,2024,Electrical Equipment,,17.75170000,13.33220000,14.27440000,2102,Jan-Mar 2024,Q4 FY24,Polycab India Limited,2024-05-10,During market,2024-05-10,2024-06-07,2100,2102,6.06789000,0.44495000,5.62294000,75.85183600,True,76.00100900,0,11.22222200,5.59936000,5.62286200,11.05222200,5.43286200,both,5.62293953,75.85180000,75.85183589,11.22222167,5.59935979,5.43286188,11.05222167,4.06001028,2024-05-10,2102,2100,Jan-Mar 2024,Q4 FY24,Polycab India Limited,During market,2024-05-10,+5.4,+5.4,+5.4
POWERINDIA,Hitachi Energy India Limited,Q2 FY26,Jul-Sep 2025,18,2025-11-04,After close,14.80690000,51.00790000,72.47430000,6.80940000,1.51710000,5.10230000,6.63940000,4.00720000,2025,Electrical Equipment,,10.36770000,-6.82700000,-11.87250000,2472,Jul-Sep 2025,Q2 FY26,Hitachi Energy India Limited,2025-11-03,After close,2025-11-04,2025-12-03,2469,2472,14.16370000,-0.64316200,14.80686200,51.00786200,True,72.47427800,0,6.80938900,1.51713100,5.29225800,6.63938900,5.10225800,both,14.80686170,51.00790000,51.00786191,6.80938948,1.51713146,5.10225802,6.63938948,4.00719578,2025-11-04,2472,2469,Jul-Sep 2025,Q2 FY26,Hitachi Energy India Limited,After close,2025-11-03,+5.1,+5.1,+5.1
POWERINDIA,Hitachi Energy India Limited,Q3 FY26,Oct-Dec 2025,19,2026-02-06,After close,13.71890000,61.89280000,69.90510000,15.03820000,-6.48270000,21.33090000,14.86820000,3.16780000,2026,Electrical Equipment,,5.76510000,4.77580000,7.05850000,2537,Oct-Dec 2025,Q3 FY26,Hitachi Energy India Limited,2026-02-05,After close,2026-02-06,2026-03-09,2534,2537,13.91740000,0.19849600,13.71890400,61.89280900,True,69.90507700,0,15.03818400,-6.48271800,21.52090200,14.86818400,21.33090200,both,13.71890374,61.89280000,61.89280933,15.03818447,-6.48271755,21.33090202,14.86818447,3.16781029,2026-02-06,2537,2534,Oct-Dec 2025,Q3 FY26,Hitachi Energy India Limited,After close,2026-02-05,+21.3,+21.3,+21.3
RBLBANK,RBL Bank Limited,Q4 FY25,Jan-Mar 2025,16,2025-04-28,After close,8.90410000,68.85400000,70.48530000,1.85420000,2.04570000,-0.38150000,1.68420000,-0.38160000,2025,Banks,Banks,3.00410000,14.61460000,8.40990000,2341,Jan-Mar 2025,Q4 FY25,RBL Bank Limited,2025-04-25,After close,2025-04-28,2025-05-27,2338,2341,10.10690000,1.20282000,8.90408000,68.85401300,True,70.48527200,0,1.85417700,2.04574900,-0.19157200,1.68417700,-0.38157200,both,8.90408046,68.85400000,68.85401344,1.85417715,2.04574881,-0.38157166,1.68417715,-0.38157166,2025-04-28,2341,2338,Jan-Mar 2025,Q4 FY25,RBL Bank Limited,After close,2025-04-25,-0.4,-0.4,-0.4
RBLBANK,RBL Bank Limited,Q2 FY26,Jul-Sep 2025,18,2025-10-20,Non-trading day,8.54660000,78.06100000,78.95870000,-5.21960000,0.81070000,-6.22030000,-5.38960000,-6.22030000,2025,Banks,Banks,43.15310000,14.75870000,13.38700000,2462,Jul-Sep 2025,Q2 FY26,RBL Bank Limited,2025-10-18,Non-trading day,2025-10-20,2025-11-19,2460,2462,9.06511000,0.51847800,8.54663200,78.06100800,True,78.95872700,0,-5.21963300,0.81066000,-6.03029300,-5.38963300,-6.22029300,both,8.54663167,78.06100000,78.06100844,-5.21963295,0.81065969,-6.22029264,-5.38963295,-6.22029264,2025-10-20,2462,2460,Jul-Sep 2025,Q2 FY26,RBL Bank Limited,Non-trading day,2025-10-18,-6.2,-6.2,-6.2
RECLTD,REC Limited,Q3 FY23,Oct-Dec 2022,7,2023-01-31,After close,4.92740000,52.20410000,54.94600000,-6.11910000,-2.02810000,-4.28100000,-6.28910000,-4.28100000,2023,Financial Institution,NBFCs,19.64950000,6.21420000,7.53970000,1788,Oct-Dec 2022,Q3 FY23,REC Limited,2023-01-30,After close,2023-01-31,2023-02-28,1785,1788,5.00216000,0.07479200,4.92736800,52.20412400,True,54.94604100,0,-6.11910800,-2.02806600,-4.09104300,-6.28910800,-4.28104300,both,4.92736802,52.20410000,52.20412415,-6.11910824,-2.02806567,-4.28104257,-6.28910824,-4.28104257,2023-01-31,1788,1785,Oct-Dec 2022,Q3 FY23,REC Limited,After close,2023-01-30,-4.3,-4.3,-4.3
RECLTD,REC Limited,Q1 FY24,Apr-Jun 2023,9,2023-07-27,After close,9.04000000,68.49500000,78.53530000,27.15200000,-2.00460000,28.96660000,26.98200000,3.09510000,2023,Financial Institution,NBFCs,40.12980000,8.73940000,3.93900000,1908,Apr-Jun 2023,Q1 FY24,REC Limited,2023-07-26,After close,2023-07-27,2023-08-25,1905,1908,8.44137000,-0.59863600,9.04000600,68.49500100,True,78.53526000,0,27.15196400,-2.00458800,29.15655200,26.98196400,28.96655200,both,9.04000588,68.49500000,68.49500083,27.15196411,-2.00458802,28.96655213,26.98196411,3.09511797,2023-07-27,1908,1905,Apr-Jun 2023,Q1 FY24,REC Limited,After close,2023-07-26,+29.0,+29.0,+29.0
RECLTD,REC Limited,Q4 FY24,Jan-Mar 2024,12,2024-04-30,During market,9.70590000,54.93280000,71.00860000,12.14630000,0.44170000,11.51460000,11.97630000,8.83640000,2024,Financial Institution,NBFCs,30.05290000,-0.67380000,-2.13640000,2095,Jan-Mar 2024,Q4 FY24,REC Limited,2024-04-30,During market,2024-04-30,2024-05-29,2093,2095,9.53564000,-0.17024800,9.70588800,54.93282000,True,71.00861500,0,12.14629500,0.44171900,11.70457500,11.97629500,11.51457500,both,9.70588828,54.93280000,54.93282012,12.14629475,0.44171937,11.51457538,11.97629475,8.83640700,2024-04-30,2095,2093,Jan-Mar 2024,Q4 FY24,REC Limited,During market,2024-04-30,+11.5,+11.5,+11.5
RELIANCE,Reliance Industries Limited,Q4 FY25,Jan-Mar 2025,16,2025-04-28,After close,4.05710000,62.76080000,73.07110000,3.89390000,2.04570000,1.65820000,3.72390000,3.65100000,2025,Refineries,,-3.24520000,4.23770000,-1.96700000,2341,Jan-Mar 2025,Q4 FY25,Reliance Industries Limited,2025-04-25,After close,2025-04-28,2025-05-27,2338,2341,5.25992000,1.20282000,4.05710000,62.76075500,True,73.07113600,0,3.89392800,2.04574900,1.84818000,3.72392800,1.65818000,both,4.05710046,62.76080000,62.76075509,3.89392837,2.04574881,1.65817956,3.72392837,3.65102367,2025-04-28,2341,2338,Jan-Mar 2025,Q4 FY25,Reliance Industries Limited,After close,2025-04-25,+1.7,+1.7,+1.7
SAIL,Steel Authority of India Limited,Q3 FY25,Oct-Dec 2024,15,2025-02-12,After close,5.84390000,53.17630000,47.44370000,0.13240000,-2.81210000,2.75450000,-0.03760000,3.25540000,2025,Steel And Steel Products,Metals,-17.17480000,4.04600000,3.49780000,2294,Oct-Dec 2024,Q3 FY25,Steel Authority of India Limited,2025-02-11,After close,2025-02-12,2025-03-13,2291,2294,5.72885000,-0.11507600,5.84392600,53.17628500,True,47.44373500,0,0.13238500,-2.81207600,2.94446100,-0.03761500,2.75446100,both,5.84392555,53.17630000,53.17628493,0.13238520,-2.81207624,2.75446144,-0.03761480,3.25543915,2025-02-12,2294,2291,Oct-Dec 2024,Q3 FY25,Steel Authority of India Limited,After close,2025-02-11,+2.8,+2.8,+2.8
SBILIFE,SBI Life Insurance Company Limited,Q1 FY23,Apr-Jun 2022,5,2022-07-29,After close,7.29010000,50.70210000,77.45500000,2.68080000,3.50300000,-1.01220000,2.51080000,-1.01220000,2022,Insurance,Insurers,-0.21880000,4.94680000,0.82980000,1663,Apr-Jun 2022,Q1 FY23,SBI Life Insurance Company Limited,2022-07-28,After close,2022-07-29,2022-08-30,1660,1663,8.64073000,1.35059300,7.29013700,50.70210500,True,77.45503400,0,2.68078200,3.50298000,-0.82219800,2.51078200,-1.01219800,both,7.29013696,50.70210000,50.70210544,2.68078170,3.50297962,-1.01219791,2.51078170,-1.01219791,2022-07-29,1663,1660,Apr-Jun 2022,Q1 FY23,SBI Life Insurance Company Limited,After close,2022-07-28,-1.0,-1.0,-1.0
SBILIFE,SBI Life Insurance Company Limited,Q4 FY25,Jan-Mar 2025,16,2025-04-25,After close,6.25870000,66.59690000,73.34490000,6.28280000,4.00090000,2.09190000,6.11280000,2.09190000,2025,Insurance,Insurers,1.92350000,11.08060000,5.24310000,2340,Jan-Mar 2025,Q4 FY25,SBI Life Insurance Company Limited,2025-04-24,After close,2025-04-25,2025-05-26,2337,2340,5.40356000,-0.85516800,6.25872800,66.59692200,True,73.34492200,0,6.28280600,4.00094000,2.28186600,6.11280600,2.09186600,both,6.25872792,66.59690000,66.59692169,6.28280635,4.00094013,2.09186622,6.11280635,2.09186622,2025-04-25,2340,2337,Jan-Mar 2025,Q4 FY25,SBI Life Insurance Company Limited,After close,2025-04-24,+2.1,+2.1,+2.1
SBIN,State Bank of India,Q3 FY26,Oct-Dec 2025,19,2026-02-09,Non-trading day,6.78870000,62.36960000,72.93380000,-2.94940000,-6.20750000,3.06810000,-3.11940000,4.09120000,2026,Banks,Banks,22.00560000,5.35870000,7.40580000,2538,Oct-Dec 2025,Q3 FY26,State Bank of India,2026-02-07,Non-trading day,2026-02-09,2026-03-10,2536,2538,7.46437000,0.67565200,6.78871800,62.36956200,True,72.93381000,0,-2.94938800,-6.20745100,3.25806300,-3.11938800,3.06806300,both,6.78871799,62.36960000,62.36956176,-2.94938848,-6.20745111,3.06806262,-3.11938848,4.09120340,2026-02-09,2538,2536,Oct-Dec 2025,Q3 FY26,State Bank of India,Non-trading day,2026-02-07,+3.1,+3.1,+3.1
SHRIRAMFIN,Shriram Finance Limited,Q4 FY22,Jan-Mar 2022,4,2022-04-29,After close,6.10310000,52.01890000,58.38170000,-2.50820000,-2.57940000,-0.11880000,-2.67820000,-0.11880000,2022,Finance,NBFCs,-11.46390000,5.93650000,6.06390000,1599,Jan-Mar 2022,Q4 FY22,Shriram Finance Limited,2022-04-28,After close,2022-04-29,2022-05-30,1596,1599,5.27676000,-0.82632400,6.10308400,52.01894700,True,58.38173500,0,-2.50824600,-2.57944000,0.07119400,-2.67824600,-0.11880600,both,6.10308408,52.01890000,52.01894738,-2.50824595,-2.57943991,-0.11880605,-2.67824595,-0.11880605,2022-04-29,1599,1596,Jan-Mar 2022,Q4 FY22,Shriram Finance Limited,After close,2022-04-28,-0.1,-0.1,-0.1
SIEMENS,Siemens Limited,Q1 FY22,Apr-Jun 2021,1,2021-08-11,After close,6.38090000,67.10780000,74.95840000,1.78650000,6.67600000,-5.07950000,1.61650000,-5.07940000,2021,Electrical Equipment,,17.67260000,3.67100000,1.41310000,1422,Apr-Jun 2021,Q1 FY22,Siemens Limited,2021-08-10,After close,2021-08-11,2021-09-09,1419,1422,6.39414000,0.01320600,6.38093400,67.10782400,True,74.95841200,0,1.78653500,6.67598200,-4.88944600,1.61653500,-5.07944600,both,6.38093369,67.10780000,67.10782434,1.78653526,6.67598151,-5.07944625,1.61653526,-5.07944625,2021-08-11,1422,1419,Apr-Jun 2021,Q1 FY22,Siemens Limited,After close,2021-08-10,-5.1,-5.1,-5.1
SOLARINDS,Solar Industries India Limited,Q4 FY26,Jan-Mar 2026,20,2026-05-15,During market,4.08900000,60.40150000,73.41590000,-0.21370000,0.88990000,-1.29360000,-0.38370000,3.85460000,2026,Chemicals - Speciality,,14.16520000,12.17930000,14.83210000,2601,Jan-Mar 2026,Q4 FY26,Solar Industries India Limited,2026-05-15,During market,2026-05-15,2026-06-15,2599,2601,3.89439000,-0.19460000,4.08899000,60.40145100,True,73.41589200,0,-0.21370100,0.88988500,-1.10358600,-0.38370100,-1.29358600,both,4.08899016,60.40150000,60.40145109,-0.21370092,0.88988517,-1.29358609,-0.38370092,3.85456977,2026-05-15,2601,2599,Jan-Mar 2026,Q4 FY26,Solar Industries India Limited,During market,2026-05-15,-1.3,-1.3,-1.3
SOLARINDS,Solar Industries India Limited,Q1 FY27,Apr-Jun 2026,21,2026-08-13,During market,8.67450000,56.59670000,73.15050000,10.06690000,-3.76310000,13.64000000,9.89690000,3.14130000,2026,Chemicals - Speciality,,24.87580000,3.38180000,2.30500000,2663,Apr-Jun 2026,Q1 FY27,Solar Industries India Limited,2026-08-13,During market,2026-08-13,2026-09-10,2661,2663,8.51041000,-0.16410200,8.67451200,56.59674500,True,73.15050100,0,10.06690700,-3.76314000,13.83004700,9.89690700,13.64004700,both,8.67451248,56.59670000,56.59674520,10.06690679,-3.76314004,13.64004683,9.89690679,3.14128488,2026-08-13,2663,2661,Apr-Jun 2026,Q1 FY27,Solar Industries India Limited,During market,2026-08-13,+13.6,+13.6,+13.6
SRF,SRF Limited,Q3 FY25,Oct-Dec 2024,15,2025-01-30,After close,5.86750000,60.35690000,74.44850000,0.80710000,-3.03000000,3.64710000,0.63710000,3.27030000,2025,Textiles - Synthetic,,7.13860000,13.51100000,17.64420000,2284,Oct-Dec 2024,Q3 FY25,SRF Limited,2025-01-29,After close,2025-01-30,2025-02-27,2281,2284,6.24050000,0.37300700,5.86749300,60.35686300,True,74.44850000,0,0.80709300,-3.02995800,3.83705000,0.63709300,3.64705000,both,5.86749293,60.35690000,60.35686290,0.80709285,-3.02995763,3.64705049,0.63709285,3.27030062,2025-01-30,2284,2281,Oct-Dec 2024,Q3 FY25,SRF Limited,After close,2025-01-29,+3.6,+3.6,+3.6
SRF,SRF Limited,Q4 FY26,Jan-Mar 2026,20,2026-05-06,After close,6.56030000,50.78320000,64.84200000,0.25740000,-3.75820000,3.82560000,0.08740000,4.82820000,2026,Textiles - Synthetic,,-11.86910000,0.94990000,-4.21210000,2594,Jan-Mar 2026,Q4 FY26,SRF Limited,2026-05-05,After close,2026-05-06,2026-06-04,2591,2594,7.80086000,1.24059600,6.56026400,50.78324000,True,64.84203400,0,0.25738900,-3.75817600,4.01556500,0.08738900,3.82556500,both,6.56026381,50.78320000,50.78323965,0.25738867,-3.75817631,3.82556498,0.08738867,4.82821279,2026-05-06,2594,2591,Jan-Mar 2026,Q4 FY26,SRF Limited,After close,2026-05-05,+3.8,+3.8,+3.8
SUNPHARMA,Sun Pharmaceutical Industries Limited,Q1 FY22,Apr-Jun 2021,1,2021-07-30,During market,10.19010000,53.62580000,78.18260000,1.71200000,7.40970000,-5.88770000,1.54200000,-5.88770000,2021,Pharmaceuticals,Pharma,13.31870000,1.70040000,2.36630000,1414,Apr-Jun 2021,Q1 FY22,Sun Pharmaceutical Industries Limited,2021-07-30,During market,2021-07-30,2021-08-30,1412,1414,10.09250000,-0.09760100,10.19010100,53.62576300,True,78.18257500,0,1.71200500,7.40973400,-5.69772800,1.54200500,-5.88772800,both,10.19010148,53.62580000,53.62576270,1.71200509,7.40973352,-5.88772843,1.54200509,-5.88772843,2021-07-30,1414,1412,Apr-Jun 2021,Q1 FY22,Sun Pharmaceutical Industries Limited,During market,2021-07-30,-5.9,-5.9,-5.9
SUNPHARMA,Sun Pharmaceutical Industries Limited,Q1 FY23,Apr-Jun 2022,5,2022-07-29,During market,4.05260000,65.58990000,77.06300000,-5.31700000,3.50300000,-9.01000000,-5.48700000,-9.01000000,2022,Pharmaceuticals,Pharma,5.45660000,7.89280000,2.89860000,1663,Apr-Jun 2022,Q1 FY23,Sun Pharmaceutical Industries Limited,2022-07-29,During market,2022-07-29,2022-08-30,1661,1663,5.40314000,1.35059300,4.05254700,65.58990900,True,77.06301500,0,-5.31701000,3.50298000,-8.81999000,-5.48701000,-9.00999000,both,4.05254696,65.58990000,65.58990895,-5.31701013,3.50297962,-9.00998975,-5.48701013,-9.00998975,2022-07-29,1663,1661,Apr-Jun 2022,Q1 FY23,Sun Pharmaceutical Industries Limited,During market,2022-07-29,-9.0,-9.0,-9.0
TATACONSUM,TATA CONSUMER PRODUCTS LIMITED,Q3 FY25,Oct-Dec 2024,15,2025-01-31,After close,4.88110000,51.98520000,68.83760000,-5.94840000,-5.88600000,-0.25240000,-6.11840000,4.33290000,2025,Food And Food Processing,FMCG,-11.13900000,6.39180000,9.30000000,2285,Oct-Dec 2024,Q3 FY25,TATA CONSUMER PRODUCTS LIMITED,2025-01-30,After close,2025-01-31,2025-02-28,2282,2285,5.99462000,1.11357200,4.88104800,51.98516300,True,68.83764400,0,-5.94836400,-5.88598100,-0.06238300,-6.11836400,-0.25238300,both,4.88104767,51.98520000,51.98516296,-5.94836421,-5.88598118,-0.25238302,-6.11836421,4.33292221,2025-01-31,2285,2282,Oct-Dec 2024,Q3 FY25,TATA CONSUMER PRODUCTS LIMITED,After close,2025-01-30,-0.3,-0.3,-0.3
TATACONSUM,TATA CONSUMER PRODUCTS LIMITED,Q4 FY26,Jan-Mar 2026,20,2026-05-11,After close,9.55020000,57.42110000,76.22390000,-12.94260000,-2.40910000,-10.72350000,-13.11260000,-10.72350000,2026,Food And Food Processing,FMCG,2.15910000,10.57580000,3.45280000,2597,Jan-Mar 2026,Q4 FY26,TATA CONSUMER PRODUCTS LIMITED,2026-05-08,After close,2026-05-11,2026-06-09,2594,2597,8.05985000,-1.49031200,9.55016200,57.42113200,True,76.22393900,0,-12.94256600,-2.40911000,-10.53345600,-13.11256600,-10.72345600,both,9.55016173,57.42110000,57.42113174,-12.94256557,-2.40910990,-10.72345567,-13.11256557,-10.72345567,2026-05-11,2597,2594,Jan-Mar 2026,Q4 FY26,TATA CONSUMER PRODUCTS LIMITED,After close,2026-05-08,-10.7,-10.7,-10.7
TCS,Tata Consultancy Services Limited,Q1 FY25,Apr-Jun 2024,13,2024-07-12,After close,5.86700000,59.37180000,69.53750000,0.27970000,-0.63320000,0.72290000,0.10970000,3.09490000,2024,Computers - Software,IT services,5.14430000,2.35110000,-2.55680000,2146,Apr-Jun 2024,Q1 FY25,Tata Consultancy Services Limited,2024-07-11,After close,2024-07-12,2024-08-12,2143,2146,6.63277000,0.76575300,5.86701700,59.37175900,True,69.53746100,0,0.27965200,-0.63321000,0.91286200,0.10965200,0.72286200,both,5.86701748,59.37180000,59.37175909,0.27965217,-0.63320974,0.72286191,0.10965217,3.09487790,2024-07-12,2146,2143,Apr-Jun 2024,Q1 FY25,Tata Consultancy Services Limited,After close,2024-07-11,+0.7,+0.7,+0.7
TECHM,Tech Mahindra Limited,Q1 FY22,Apr-Jun 2021,1,2021-07-30,After close,7.34620000,59.79670000,73.89620000,17.33290000,7.40970000,9.73320000,17.16290000,3.10890000,2021,Computers - Software,IT services,15.37540000,2.87750000,3.59560000,1414,Apr-Jun 2021,Q1 FY22,Tech Mahindra Limited,2021-07-29,After close,2021-07-30,2021-08-30,1411,1414,7.24863000,-0.09760100,7.34623100,59.79667900,True,73.89624800,0,17.33291500,7.40973400,9.92318200,17.16291500,9.73318200,both,7.34623148,59.79670000,59.79667919,17.33291542,7.40973352,9.73318190,17.16291542,3.10889315,2021-07-30,1414,1411,Apr-Jun 2021,Q1 FY22,Tech Mahindra Limited,After close,2021-07-29,+9.7,+9.7,+9.7
TIINDIA,Tube Investments of India Limited,Q4 FY25,Jan-Mar 2025,16,2025-05-16,After close,4.78700000,62.78600000,61.66880000,-3.56040000,-1.20380000,-2.54660000,-3.73040000,-2.54660000,2025,Auto Ancillaries,,-14.76930000,16.53890000,7.47550000,2354,Jan-Mar 2025,Q4 FY25,Tube Investments of India Limited,2025-05-15,After close,2025-05-16,2025-06-13,2351,2354,4.61824000,-0.16878100,4.78702100,62.78598000,True,61.66883500,0,-3.56042200,-1.20384700,-2.35657500,-3.73042200,-2.54657500,both,4.78702075,62.78600000,62.78597950,-3.56042152,-1.20384655,-2.54657496,-3.73042152,-2.54657496,2025-05-16,2354,2351,Jan-Mar 2025,Q4 FY25,Tube Investments of India Limited,After close,2025-05-15,-2.5,-2.5,-2.5
TITAN,Titan Company Limited,Q4 FY25,Jan-Mar 2025,16,2025-05-09,After close,5.27990000,54.71210000,72.01440000,1.41300000,4.14470000,-2.92170000,1.24300000,-2.92170000,2025,Gems Jewellery And Watches,Consumer brands,-2.02710000,10.45710000,5.21710000,2349,Jan-Mar 2025,Q4 FY25,Titan Company Limited,2025-05-08,After close,2025-05-09,2025-06-06,2346,2349,4.18485000,-1.09500800,5.27985800,54.71211900,True,72.01440800,0,1.41298800,4.14466000,-2.73167200,1.24298800,-2.92167200,both,5.27985779,54.71210000,54.71211859,1.41298815,4.14466011,-2.92167197,1.24298815,-2.92167197,2025-05-09,2349,2346,Jan-Mar 2025,Q4 FY25,Titan Company Limited,After close,2025-05-08,-2.9,-2.9,-2.9
TITAN,Titan Company Limited,Q4 FY26,Jan-Mar 2026,20,2026-05-08,During market,5.29650000,50.64430000,60.01340000,-7.02150000,-4.35620000,-2.85530000,-7.19150000,-2.85540000,2026,Gems Jewellery And Watches,Consumer brands,12.26730000,6.40430000,-0.71860000,2596,Jan-Mar 2026,Q4 FY26,Titan Company Limited,2026-05-08,During market,2026-05-08,2026-06-08,2594,2596,4.67789000,-0.61866300,5.29655300,50.64433400,True,60.01342300,0,-7.02152800,-4.35615300,-2.66537600,-7.19152800,-2.85537600,both,5.29655307,50.64430000,50.64433372,-7.02152820,-4.35615265,-2.85537554,-7.19152820,-2.85537554,2026-05-08,2596,2594,Jan-Mar 2026,Q4 FY26,Titan Company Limited,During market,2026-05-08,-2.9,-2.9,-2.9
TMPV,Tata Motors Passenger Vehicles Limited,Q3 FY23,Oct-Dec 2022,7,2023-01-27,After close,7.94320000,52.25190000,68.74020000,-4.00590000,-0.78700000,-3.40890000,-4.17590000,-3.40880000,2023,Automobiles - 4 Wheelers,,-4.01400000,7.94240000,6.19160000,1786,Oct-Dec 2022,Q3 FY23,Tata Motors Passenger Vehicles Limited,2023-01-25,After close,2023-01-27,2023-02-24,1783,1786,6.33576000,-1.60742700,7.94318700,52.25194300,True,68.74016800,0,-4.00585300,-0.78702100,-3.21883100,-4.17585300,-3.40883100,both,7.94318680,52.25190000,52.25194332,-4.00585271,-0.78702139,-3.40883132,-4.17585271,-3.40883132,2023-01-27,1786,1783,Oct-Dec 2022,Q3 FY23,Tata Motors Passenger Vehicles Limited,After close,2023-01-25,-3.4,-3.4,-3.4
TMPV,Tata Motors Passenger Vehicles Limited,Q3 FY24,Oct-Dec 2023,11,2024-02-05,After close,5.84370000,78.07860000,81.80350000,6.64110000,2.78660000,3.66450000,6.47110000,3.66450000,2024,Automobiles - 4 Wheelers,,39.80710000,11.83910000,11.91360000,2038,Oct-Dec 2023,Q3 FY24,Tata Motors Passenger Vehicles Limited,2024-02-02,After close,2024-02-05,2024-03-02,2035,2038,5.46799000,-0.37567800,5.84366800,78.07863800,True,81.80353800,0,6.64112400,2.78664500,3.85447900,6.47112400,3.66447900,both,5.84366837,78.07860000,78.07863757,6.64112412,2.78664505,3.66447907,6.47112412,3.66447907,2024-02-05,2038,2035,Oct-Dec 2023,Q3 FY24,Tata Motors Passenger Vehicles Limited,After close,2024-02-02,+3.7,+3.7,+3.7
TORNTPHARM,Torrent Pharmaceuticals Limited,Q4 FY23,Jan-Mar 2023,8,2023-05-31,After close,7.66800000,66.18000000,82.81500000,6.41950000,2.36160000,3.86790000,6.24950000,3.86800000,2023,Pharmaceuticals,Pharma,8.00600000,4.81460000,0.96500000,1868,Jan-Mar 2023,Q4 FY23,Torrent Pharmaceuticals Limited,2023-05-30,After close,2023-05-31,2023-06-28,1865,1868,7.13431000,-0.53370600,7.66801600,66.17996700,True,82.81495300,0,6.41954800,2.36155500,4.05799400,6.24954800,3.86799400,both,7.66801613,66.18000000,66.17996735,6.41954842,2.36155473,3.86799369,6.24954842,3.86799369,2023-05-31,1868,1865,Jan-Mar 2023,Q4 FY23,Torrent Pharmaceuticals Limited,After close,2023-05-30,+3.9,+3.9,+3.9
TORNTPHARM,Torrent Pharmaceuticals Limited,Q1 FY27,Apr-Jun 2026,21,2026-07-31,After close,4.87240000,53.83140000,64.09830000,-1.42110000,-0.85280000,-0.75830000,-1.59110000,-0.75830000,2026,Pharmaceuticals,Pharma,18.16490000,5.16790000,5.00460000,2654,Apr-Jun 2026,Q1 FY27,Torrent Pharmaceuticals Limited,2026-07-30,After close,2026-07-31,2026-08-28,2651,2654,5.14563000,0.27326400,4.87236600,53.83141000,True,64.09833300,0,-1.42110600,-0.85282700,-0.56827900,-1.59110600,-0.75827900,both,4.87236607,53.83140000,53.83141039,-1.42110621,-0.85282731,-0.75827890,-1.59110621,-0.75827890,2026-07-31,2654,2651,Apr-Jun 2026,Q1 FY27,Torrent Pharmaceuticals Limited,After close,2026-07-30,-0.8,-0.8,-0.8
TRENT,Trent Limited,Q2 FY24,Jul-Sep 2023,10,2023-11-07,During market,8.56980000,65.70800000,80.06750000,18.31070000,7.88900000,10.23170000,18.14070000,5.19150000,2023,Miscellaneous,,34.05940000,8.61400000,9.67130000,1977,Jul-Sep 2023,Q2 FY24,Trent Limited,2023-11-07,During market,2023-11-07,2023-12-06,1975,1977,8.54379000,-0.02601500,8.56980500,65.70798200,True,80.06753100,0,18.31066400,7.88902800,10.42163600,18.14066400,10.23163600,both,8.56980517,65.70800000,65.70798223,18.31066420,7.88902802,10.23163618,18.14066420,5.19149461,2023-11-07,1977,1975,Jul-Sep 2023,Q2 FY24,Trent Limited,During market,2023-11-07,+10.2,+10.2,+10.2
TRENT,Trent Limited,Q1 FY25,Apr-Jun 2024,13,2024-08-09,During market,10.14550000,51.79850000,69.51900000,13.72510000,2.33470000,11.20040000,13.55510000,3.32570000,2024,Miscellaneous,,40.18240000,-2.17720000,-2.08250000,2165,Apr-Jun 2024,Q1 FY25,Trent Limited,2024-08-09,During market,2024-08-09,2024-09-09,2163,2165,11.18420000,1.03868600,10.14551400,51.79854200,True,69.51900400,0,13.72512200,2.33466700,11.39045500,13.55512200,11.20045500,both,10.14551360,51.79850000,51.79854156,13.72512164,2.33466708,11.20045456,13.55512164,3.32569226,2024-08-09,2165,2163,Apr-Jun 2024,Q1 FY25,Trent Limited,During market,2024-08-09,+11.2,+11.2,+11.2
TVSMOTOR,TVS Motor Company Limited,Q2 FY22,Jul-Sep 2021,2,2021-10-22,After close,7.75600000,65.12930000,75.02640000,14.99680000,-3.37600000,18.18280000,14.82680000,6.41950000,2021,Automobiles - 2 And 3 Wheelers,,0.83280000,6.60760000,1.86720000,1471,Jul-Sep 2021,Q2 FY22,TVS Motor Company Limited,2021-10-21,After close,2021-10-22,2021-11-23,1468,1471,7.40837000,-0.34767100,7.75604100,65.12932800,True,75.02638700,0,14.99678200,-3.37595000,18.37273200,14.82678200,18.18273200,both,7.75604110,65.12930000,65.12932831,14.99678157,-3.37595018,18.18273175,14.82678157,6.41946898,2021-10-22,1471,1468,Jul-Sep 2021,Q2 FY22,TVS Motor Company Limited,After close,2021-10-21,+18.2,+18.2,+18.2
TVSMOTOR,TVS Motor Company Limited,Q4 FY23,Jan-Mar 2023,8,2023-05-05,After close,4.94950000,61.67940000,71.07280000,7.45710000,2.57400000,4.69310000,7.28710000,3.38210000,2023,Automobiles - 2 And 3 Wheelers,,11.32190000,10.63390000,3.79320000,1850,Jan-Mar 2023,Q4 FY23,TVS Motor Company Limited,2023-05-04,After close,2023-05-05,2023-06-02,1847,1850,3.92626000,-1.02323600,4.94949600,61.67945800,True,71.07281000,0,7.45709300,2.57402200,4.88307100,7.28709300,4.69307100,both,4.94949645,61.67940000,61.67945776,7.45709315,2.57402181,4.69307135,7.28709315,3.38210559,2023-05-05,1850,1847,Jan-Mar 2023,Q4 FY23,TVS Motor Company Limited,After close,2023-05-04,+4.7,+4.7,+4.7
TVSMOTOR,TVS Motor Company Limited,Q4 FY24,Jan-Mar 2024,12,2024-05-09,After close,4.90000000,51.77850000,53.05590000,16.21440000,3.93440000,12.09000000,16.04440000,3.35000000,2024,Automobiles - 2 And 3 Wheelers,,14.91610000,-4.35700000,-4.30980000,2101,Jan-Mar 2024,Q4 FY24,TVS Motor Company Limited,2024-05-08,After close,2024-05-09,2024-06-06,2098,2101,3.35312000,-1.54691200,4.90003200,51.77850400,True,53.05589300,0,16.21437200,3.93441900,12.27995300,16.04437200,12.08995300,both,4.90003178,51.77850000,51.77850431,16.21437175,3.93441876,12.08995298,16.04437175,3.34997337,2024-05-09,2101,2098,Jan-Mar 2024,Q4 FY24,TVS Motor Company Limited,After close,2024-05-08,+12.1,+12.1,+12.1
TVSMOTOR,TVS Motor Company Limited,Q1 FY27,Apr-Jun 2026,21,2026-07-21,During market,5.83040000,55.51200000,65.35970000,14.89450000,-0.13560000,14.84010000,14.72450000,3.65000000,2026,Automobiles - 2 And 3 Wheelers,,0.99110000,4.91490000,3.88280000,2646,Apr-Jun 2026,Q1 FY27,TVS Motor Company Limited,2026-07-21,During market,2026-07-21,2026-08-18,2644,2646,5.62086000,-0.20958400,5.83044400,55.51204800,True,65.35965600,0,14.89453000,-0.13560600,15.03013700,14.72453000,14.84013700,both,5.83044393,55.51200000,55.51204779,14.89453039,-0.13560611,14.84013650,14.72453039,3.65003800,2026-07-21,2646,2644,Apr-Jun 2026,Q1 FY27,TVS Motor Company Limited,During market,2026-07-21,+14.8,+14.8,+14.8
ULTRACEMCO,UltraTech Cement Limited,Q1 FY23,Apr-Jun 2022,5,2022-07-22,During market,4.66240000,68.42770000,78.69620000,0.56820000,5.13200000,-4.75380000,0.39820000,-4.75380000,2022,Cement And Cement Products,,-10.06450000,12.36600000,6.72590000,1658,Apr-Jun 2022,Q1 FY23,UltraTech Cement Limited,2022-07-22,During market,2022-07-22,2022-08-23,1656,1658,5.35012000,0.68773400,4.66238600,68.42765300,True,78.69623100,0,0.56821800,5.13204700,-4.56382900,0.39821800,-4.75382900,both,4.66238570,68.42770000,68.42765309,0.56821799,5.13204681,-4.75382882,0.39821799,-4.75382882,2022-07-22,1658,1656,Apr-Jun 2022,Q1 FY23,UltraTech Cement Limited,During market,2022-07-22,-4.8,-4.8,-4.8
UNIONBANK,Union Bank of India,Q3 FY26,Oct-Dec 2025,19,2026-01-14,During market,8.12970000,65.14910000,78.73390000,0.96500000,0.55170000,0.22330000,0.79500000,0.22330000,2026,Banks,Banks,16.31460000,8.93510000,9.35330000,2521,Oct-Dec 2025,Q3 FY26,Union Bank of India,2026-01-14,During market,2026-01-14,2026-02-12,2519,2521,7.87051000,-0.25920700,8.12971700,65.14907000,True,78.73391900,0,0.96503000,0.55171100,0.41331900,0.79503000,0.22331900,both,8.12971730,65.14910000,65.14907004,0.96503030,0.55171124,0.22331906,0.79503030,0.22331906,2026-01-14,2521,2519,Oct-Dec 2025,Q3 FY26,Union Bank of India,During market,2026-01-14,+0.2,+0.2,+0.2
UNITDSPR,United Spirits Limited,Q1 FY24,Apr-Jun 2023,9,2023-07-21,After close,7.73570000,67.36420000,80.34250000,-3.51760000,-1.77970000,-1.92790000,-3.68760000,-1.92790000,2023,Brew/Distilleries,FMCG,14.45300000,5.60290000,0.69880000,1904,Apr-Jun 2023,Q1 FY24,United Spirits Limited,2023-07-20,After close,2023-07-21,2023-08-21,1901,1904,6.56377000,-1.17197200,7.73574200,67.36416100,True,80.34247500,0,-3.51762600,-1.77969100,-1.73793500,-3.68762600,-1.92793500,both,7.73574178,67.36420000,67.36416148,-3.51762628,-1.77969106,-1.92793522,-3.68762628,-1.92793522,2023-07-21,1904,1901,Apr-Jun 2023,Q1 FY24,United Spirits Limited,After close,2023-07-20,-1.9,-1.9,-1.9
UNITDSPR,United Spirits Limited,Q1 FY25,Apr-Jun 2024,13,2024-07-24,After close,4.08540000,59.09870000,76.29430000,4.98610000,1.63020000,3.16590000,4.81610000,4.24790000,2024,Brew/Distilleries,FMCG,14.29160000,1.95620000,-2.35960000,2153,Apr-Jun 2024,Q1 FY25,United Spirits Limited,2024-07-23,After close,2024-07-24,2024-08-22,2150,2153,3.81757000,-0.26778000,4.08535000,59.09869500,True,76.29426900,0,4.98608400,1.63024600,3.35583900,4.81608400,3.16583900,both,4.08535000,59.09870000,59.09869481,4.98608427,1.63024556,3.16583871,4.81608427,4.24787110,2024-07-24,2153,2150,Apr-Jun 2024,Q1 FY25,United Spirits Limited,After close,2024-07-23,+3.2,+3.2,+3.2
UPL,UPL Limited,Q4 FY21,Jan-Mar 2021,0,2021-05-14,After close,7.59490000,66.47080000,76.87360000,12.35710000,7.64110000,4.52600000,12.18710000,3.37210000,2021,Pesticides And Agrochemicals,,30.25520000,3.07890000,2.24690000,1360,Jan-Mar 2021,Q4 FY21,UPL Limited,2021-05-12,After close,2021-05-14,2021-06-11,1357,1360,7.46765000,-0.12724100,7.59489100,66.47083200,True,76.87359800,0,12.35705600,7.64113200,4.71592400,12.18705600,4.52592400,both,7.59489118,66.47080000,66.47083219,12.35705599,7.64113150,4.52592448,12.18705599,3.37213146,2021-05-14,1360,1357,Jan-Mar 2021,Q4 FY21,UPL Limited,After close,2021-05-12,+4.5,+4.5,+4.5
UPL,UPL Limited,Q3 FY25,Oct-Dec 2024,15,2025-01-31,During market,5.37730000,56.33280000,71.88590000,4.83650000,-5.88600000,10.53250000,4.66650000,4.82600000,2025,Pesticides And Agrochemicals,,0.81230000,10.39920000,12.43640000,2285,Oct-Dec 2024,Q3 FY25,UPL Limited,2025-01-31,During market,2025-01-31,2025-02-28,2283,2285,6.49087000,1.11357200,5.37729800,56.33282600,True,71.88587800,0,4.83645000,-5.88598100,10.72243100,4.66645000,10.53243100,both,5.37729767,56.33280000,56.33282618,4.83645007,-5.88598118,10.53243125,4.66645007,4.82603473,2025-01-31,2285,2283,Oct-Dec 2024,Q3 FY25,UPL Limited,During market,2025-01-31,+10.5,+10.5,+10.5
UPL,UPL Limited,Q4 FY26,Jan-Mar 2026,20,2026-05-11,During market,5.05070000,53.38010000,60.04230000,-6.06880000,-2.40910000,-3.84970000,-6.23880000,-3.84960000,2026,Pesticides And Agrochemicals,,-7.29340000,7.02590000,1.11170000,2597,Jan-Mar 2026,Q4 FY26,UPL Limited,2026-05-11,During market,2026-05-11,2026-06-09,2595,2597,3.56037000,-1.49031200,5.05068200,53.38010200,True,60.04231300,0,-6.06875900,-2.40911000,-3.65964900,-6.23875900,-3.84964900,both,5.05068173,53.38010000,53.38010150,-6.06875857,-2.40910990,-3.84964867,-6.23875857,-3.84964867,2026-05-11,2597,2595,Jan-Mar 2026,Q4 FY26,UPL Limited,During market,2026-05-11,-3.8,-3.8,-3.8
VBL,Varun Beverages Limited,Q2 FY26,Jul-Sep 2025,18,2025-10-29,During market,8.64010000,51.22540000,68.48820000,-5.68170000,0.62040000,-6.49210000,-5.85170000,-6.49210000,2025,Food And Food Processing,FMCG,-7.82860000,1.49140000,-2.13700000,2468,Jul-Sep 2025,Q2 FY26,Varun Beverages Limited,2025-10-29,During market,2025-10-29,2025-11-27,2466,2468,9.09391000,0.45380600,8.64010400,51.22540900,True,68.48817400,0,-5.68168800,0.62044500,-6.30213300,-5.85168800,-6.49213300,both,8.64010412,51.22540000,51.22540937,-5.68168814,0.62044454,-6.49213268,-5.85168814,-6.49213268,2025-10-29,2468,2466,Jul-Sep 2025,Q2 FY26,Varun Beverages Limited,During market,2025-10-29,-6.5,-6.5,-6.5
VBL,Varun Beverages Limited,Q4 FY26,Jan-Mar 2026,20,2026-04-27,During market,4.97570000,67.41850000,74.89470000,2.39950000,-0.74300000,2.95250000,2.22950000,5.33020000,2026,Food And Food Processing,FMCG,3.95570000,19.67130000,14.58090000,2588,Jan-Mar 2026,Q4 FY26,Varun Beverages Limited,2026-04-27,During market,2026-04-27,2026-05-26,2586,2588,5.79060000,0.81492300,4.97567700,67.41853500,True,74.89472800,0,2.39953600,-0.74296400,3.14250000,2.22953600,2.95250000,both,4.97567654,67.41850000,67.41853496,2.39953605,-0.74296364,2.95249969,2.22953605,5.33016228,2026-04-27,2588,2586,Jan-Mar 2026,Q4 FY26,Varun Beverages Limited,During market,2026-04-27,+3.0,+3.0,+3.0
VOLTAS,Voltas Limited,Q3 FY24,Oct-Dec 2023,11,2024-01-31,After close,6.51290000,52.99720000,65.99320000,1.63810000,1.03770000,0.41040000,1.46810000,0.41040000,2024,Engineering,,18.64520000,2.03000000,3.42530000,2035,Oct-Dec 2023,Q3 FY24,Voltas Limited,2024-01-30,After close,2024-01-31,2024-02-28,2032,2035,7.45894000,0.94600400,6.51293600,52.99717000,True,65.99319300,0,1.63806300,1.03771100,0.60035200,1.46806300,0.41035200,both,6.51293566,52.99720000,52.99717008,1.63806265,1.03771110,0.41035156,1.46806265,0.41035156,2024-01-31,2035,2032,Oct-Dec 2023,Q3 FY24,Voltas Limited,After close,2024-01-30,+0.4,+0.4,+0.4
WIPRO,Wipro Limited,Q4 FY21,Jan-Mar 2021,0,2021-04-16,After close,8.68930000,54.41850000,66.08980000,8.28010000,3.35380000,4.73630000,8.11010000,4.97730000,2021,Computers - Software,IT services,23.52490000,3.19660000,8.41300000,1342,Jan-Mar 2021,Q4 FY21,Wipro Limited,2021-04-15,After close,2021-04-16,2021-05-18,1339,1342,8.93894000,0.24963200,8.68930800,54.41850600,True,66.08982000,0,8.28005500,3.35377600,4.92627900,8.11005500,4.73627900,both,8.68930776,54.41850000,54.41850611,8.28005545,3.35377638,4.73627907,8.11005545,4.97732816,2021-04-16,1342,1339,Jan-Mar 2021,Q4 FY21,Wipro Limited,After close,2021-04-15,+4.7,+4.7,+4.7
WIPRO,Wipro Limited,Q2 FY22,Jul-Sep 2021,2,2021-10-14,After close,4.32690000,52.45470000,70.85430000,-6.96790000,-1.24930000,-5.90860000,-7.13790000,-5.90860000,2021,Computers - Software,IT services,26.51510000,-1.44180000,-4.76210000,1466,Jul-Sep 2021,Q2 FY22,Wipro Limited,2021-10-13,After close,2021-10-14,2021-11-15,1463,1466,5.30033000,0.97347400,4.32685600,52.45469400,True,70.85431900,0,-6.96789100,-1.24928100,-5.71861000,-7.13789100,-5.90861000,both,4.32685553,52.45470000,52.45469427,-6.96789118,-1.24928089,-5.90861029,-7.13789118,-5.90861029,2021-10-14,1466,1463,Jul-Sep 2021,Q2 FY22,Wipro Limited,After close,2021-10-13,-5.9,-5.9,-5.9
WIPRO,Wipro Limited,Q3 FY24,Oct-Dec 2023,11,2024-01-15,After close,5.33610000,56.79390000,72.14480000,3.43710000,-1.60290000,4.85000000,3.26710000,3.37350000,2024,Computers - Software,IT services,12.56130000,7.84590000,4.88550000,2024,Oct-Dec 2023,Q3 FY24,Wipro Limited,2024-01-12,After close,2024-01-15,2024-02-13,2021,2024,6.26276000,0.92671500,5.33604500,56.79389200,True,72.14475200,0,3.43712900,-1.60290000,5.04002900,3.26712900,4.85002900,both,5.33604536,56.79390000,56.79389233,3.43712892,-1.60289988,4.85002880,3.26712892,3.37349733,2024-01-15,2024,2021,Oct-Dec 2023,Q3 FY24,Wipro Limited,After close,2024-01-12,+4.8,+4.9,+4.9
ZYDUSLIFE,Zydus Lifesciences Limited,Q4 FY24,Jan-Mar 2024,12,2024-05-18,After close,4.83830000,54.88900000,70.49150000,-2.26460000,4.69250000,-7.14710000,-2.43460000,-7.14710000,2024,Pharmaceuticals,Pharma,33.39010000,3.62730000,5.04320000,2108,Jan-Mar 2024,Q4 FY24,Zydus Lifesciences Limited,2024-05-17,After close,2024-05-18,2024-06-18,2105,2108,4.99810000,0.15979600,4.83830400,54.88901000,True,70.49151200,0,-2.26458400,4.69247200,-6.95705600,-2.43458400,-7.14705600,both,4.83830368,54.88900000,54.88901048,-2.26458436,4.69247178,-7.14705614,-2.43458436,-7.14705614,2024-05-18,2108,2105,Jan-Mar 2024,Q4 FY24,Zydus Lifesciences Limited,After close,2024-05-17,-7.1,-7.1,-7.1
