symbol,company,quarter,qn,period,quarter_end,results_date,results_time,timing,industry,peer_group,sector_index,fin_type,mcap,cutoff,day_m1,result_day,day_p1,reaction_day,i_cut,i_m1,i_rd,i_p1,i_react,ret_dm1,ret_rd,ret_dp1,three_day,move,gap,sector_3d,nifty_3d,excess_nifty,excess_sector,in_fo,sales_yoy,pat_yoy,sales_qoq,pat_qoq,pe,next5,next20,next20_vs_nifty,fa_in_fo,eta_i_cut,rsi14,XN,stock,nifty,vsN_net,raw_net,tp_net,W,HI,MAIN,W_LO,year,my_rsi
WIPRO,Wipro Limited,Q4 FY21,0,Jan-Mar 2021,2021-03-31,2021-04-15,15:45,After close,Computers - Software,IT services,Nifty IT,Company,247252.53000000,2021-04-12,2021-04-13,2021-04-15,2021-04-16,2021-04-16,1339,1340,1341,1342,1342,-0.03155340,0.02804631,0.08938937,0.08588227,0.08938937,0.02553982,-0.01454793,0.02133698,0.06454530,0.10043020,True,0.03142122,0.27780405,0.03671985,0.00144879,24.35937518,0.02365729,0.08280051,0.04926275,True,1339,54.41850000,8.68930776,8.28005545,3.35377638,4.73627907,8.11005545,4.97732816,True,True,True,False,2021,54.41850611
ICICIPRULI,ICICI Prudential Life Insurance Company Limited,Q4 FY21,0,Jan-Mar 2021,2021-03-31,2021-04-19,18:38,After close,Insurance,Insurers,Nifty Financial Services,,,2021-04-15,2021-04-16,2021-04-19,2021-04-20,2021-04-20,1341,1342,1343,1344,1344,-0.01085526,0.00221705,0.05729455,0.04865633,0.05729455,0.02975335,-0.03041616,-0.01957153,0.06822787,0.07907249,True,,,,,,0.08975834,0.13380061,0.09115700,True,1341,51.89250000,6.16853367,13.38004339,4.26436026,8.92568313,13.21004339,6.70345042,True,True,True,False,2021,51.89251624
UPL,UPL Limited,Q4 FY21,0,Jan-Mar 2021,2021-03-31,2021-05-12,15:49,After close,Pesticides And Agrochemicals,,Nifty Commodities,Company,51606.90000000,2021-05-10,2021-05-11,2021-05-12,2021-05-14,2021-05-14,1357,1358,1359,1360,1360,0.01445301,0.01066706,0.07467650,0.09979656,0.07467650,0.02653076,-0.02440710,-0.01778932,0.11758588,0.12420366,True,0.14855040,0.72285251,0.40214771,0.33879093,21.28119588,0.04917261,0.12357056,0.04715925,True,1357,66.47080000,7.59489118,12.35705599,7.64113150,4.52592448,12.18705599,3.37213146,True,True,True,False,2021,66.47083219
BOSCHLTD,Bosch Limited,Q4 FY21,0,Jan-Mar 2021,2021-03-31,2021-05-20,13:18,During market,Auto Ancillaries,,Nifty Auto,Company,42614.67195000,2021-05-18,2021-05-19,2021-05-20,2021-05-21,2021-05-20,1362,1363,1364,1365,1364,0.02283650,0.07207107,-0.03519229,0.05971528,0.07207107,-0.00071378,-0.00106016,0.00464691,0.05506836,0.06077544,True,0.43766513,4.97144976,0.06146935,1.62225237,534.42026524,-0.01201584,-0.00502677,-0.03850551,True,1362,59.03760000,8.03278373,-2.81430875,5.26866608,-8.27297483,-2.98430875,-8.27297483,True,True,True,False,2021,59.03762178
CONCOR,Container Corporation of India Limited,Q4 FY21,0,Jan-Mar 2021,2021-03-31,2021-05-21,17:52,After close,Travel And Transport,,Nifty Services Sector,Company,36542.76750000,2021-05-19,2021-05-20,2021-05-21,2021-05-24,2021-05-24,1363,1364,1365,1366,1366,-0.01358900,-0.00845166,0.08123082,0.05919017,0.08123082,-0.03000341,0.02053702,0.01128248,0.04790769,0.03865315,True,0.23504238,-0.91769389,0.10742038,-0.89055363,46.19702093,0.07828143,0.07788727,0.04177654,True,1363,56.74010000,7.97547172,7.78872692,3.61107273,3.98765419,7.61872692,5.07627561,True,True,True,False,2021,56.74012762
MOTHERSON,Samvardhana Motherson International Limited,Q4 FY21,0,Jan-Mar 2021,2021-03-31,2021-06-02,12:49,During market,Auto Ancillaries,,Nifty Auto,Company,75852.75800000,2021-05-31,2021-06-01,2021-06-02,2021-06-03,2021-06-02,1371,1372,1373,1374,1373,-0.01207327,0.13400759,-0.06893348,0.05300083,0.13400759,0.00210704,0.01490861,0.00690499,0.04609584,0.03809223,True,0.11958929,2.89148217,-0.00705166,-0.10616498,149.05531254,-0.01536619,-0.02294951,-0.02228987,True,1371,59.81850000,13.39213218,-10.03345853,0.93283343,-11.15629195,-10.20345853,-11.15629195,True,True,True,False,2021,59.81847203
MUTHOOTFIN,Muthoot Finance Limited,Q4 FY21,0,Jan-Mar 2021,2021-03-31,2021-06-02,14:37,During market,Finance,NBFCs,Nifty Financial Services,NBFC / financial,52619.94924000,2021-05-31,2021-06-01,2021-06-02,2021-06-03,2021-06-02,1371,1372,1373,1374,1373,-0.00205855,0.08098403,0.06841473,0.14734021,0.08098403,-0.00106960,0.00704403,0.00690499,0.14043522,0.14029618,True,0.18019108,0.22981271,0.03456130,0.01506216,14.56084812,-0.01961368,-0.02735331,-0.02669367,True,1371,66.57860000,8.08973218,4.71763416,0.93283343,3.59480074,4.54763416,5.91862117,True,True,True,False,2021,66.57860751
BHARATFORG,Bharat Forge Limited,Q4 FY21,0,Jan-Mar 2021,2021-03-31,2021-06-04,11:53,During market,Castings/Forgings,,Nifty Auto,Company,32478.04125000,2021-06-02,2021-06-03,2021-06-04,2021-06-07,2021-06-04,1373,1374,1375,1376,1375,-0.00229391,0.07903434,-0.00119856,0.07554188,0.07903434,0.00373617,0.01485952,0.01124200,0.06429987,0.06068235,True,0.19571749,,0.20877239,,,-0.01240000,0.02786667,0.02261642,True,1373,65.44290000,8.03153422,2.79664394,0.33151992,2.27512402,2.62664394,2.27512402,True,True,True,False,2021,65.44292877
ASIANPAINT,Asian Paints Limited,Q1 FY22,1,Apr-Jun 2021,2021-06-30,2021-07-20,13:53,During market,Paints,Consumer brands,Nifty Consumer Durables,Company,286733.65600000,2021-07-16,2021-07-19,2021-07-20,2021-07-22,2021-07-20,1405,1406,1407,1408,1407,-0.00245877,0.05939067,-0.01655561,0.04037629,0.05939067,0.00471168,0.00813788,-0.00609662,0.04647291,0.03223841,True,0.91105363,1.60242618,-0.16027681,-0.33284827,91.33710361,-0.03518146,0.00199565,-0.03759282,True,1405,51.58370000,6.70276315,-4.98567478,5.99247702,-11.16815180,-5.15567478,-11.16815180,True,True,True,False,2021,51.58367010
MPHASIS,MphasiS Limited,Q1 FY22,1,Apr-Jun 2021,2021-06-30,2021-07-22,21:13,After close,Computers - Software,IT services,Nifty IT,Company,43821.83972000,2021-07-19,2021-07-20,2021-07-22,2021-07-23,2021-07-23,1406,1407,1408,1409,1409,0.01096978,0.01220182,0.05537249,0.07854408,0.05537249,0.06990907,0.02147780,0.00666453,0.07187955,0.05706629,True,0.17595382,0.23470549,0.06597953,0.07178444,36.01385573,0.02750825,0.13309488,0.09270651,True,1406,69.47740000,5.33502617,13.30947615,4.03883691,9.08063924,13.13947615,3.12754754,True,True,True,False,2021,69.47744066
SUNPHARMA,Sun Pharmaceutical Industries Limited,Q1 FY22,1,Apr-Jun 2021,2021-06-30,2021-07-30,13:55,During market,Pharmaceuticals,Pharma,Nifty Pharma,Company,165023.85400000,2021-07-28,2021-07-29,2021-07-30,2021-08-02,2021-07-30,1412,1413,1414,1415,1414,0.02209945,0.10092461,0.00135668,0.12438073,0.10092461,-0.00007112,0.03653667,0.01116541,0.11321533,0.08784407,True,0.28126825,,0.14029835,0.61513169,56.82991852,0.01780645,0.02458065,-0.05392349,True,1412,53.62580000,10.19010148,1.71200509,7.40973352,-5.88772843,1.54200509,-5.88772843,True,True,True,False,2021,53.62576270
TECHM,Tech Mahindra Limited,Q1 FY22,1,Apr-Jun 2021,2021-06-30,2021-07-29,15:32,After close,Computers - Software,IT services,Nifty IT,Company,97962.29000000,2021-07-27,2021-07-28,2021-07-29,2021-07-30,2021-07-30,1411,1412,1413,1414,1414,-0.00115983,0.00736903,0.07248626,0.07869545,0.07248626,0.05071821,0.01956772,0.00106653,0.07762892,0.05912774,True,0.11983415,0.39169169,0.04806833,0.25134085,22.12270625,0.04551279,0.17332892,0.09923159,True,1411,59.79670000,7.34623148,17.33291542,7.40973352,9.73318190,17.16291542,3.10889315,True,True,True,False,2021,59.79667919
SIEMENS,Siemens Limited,Q1 FY22,1,Apr-Jun 2021,2021-06-30,2021-08-10,21:36,After close,Electrical Equipment,,Nifty 500,Company,74245.58000000,2021-08-06,2021-08-09,2021-08-10,2021-08-11,2021-08-11,1419,1420,1421,1422,1422,-0.00793556,-0.00449493,0.06394135,0.05151087,0.06394135,-0.03871923,-0.00560614,0.00271074,0.04880013,0.05711701,True,1.19856137,,-0.15773459,-0.58462919,77.48442914,0.01610842,0.01786529,-0.04889452,True,1419,67.10780000,6.38093369,1.78653526,6.67598151,-5.07944625,1.61653526,-5.07944625,True,True,True,False,2021,67.10782434
APOLLOHOSP,Apollo Hospitals Enterprise Limited,Q1 FY22,1,Apr-Jun 2021,2021-06-30,2021-08-13,19:08,After close,Miscellaneous,,Nifty 500,Company,57890.86030000,2021-08-11,2021-08-12,2021-08-13,2021-08-16,2021-08-16,1422,1423,1424,1425,1425,0.02651285,-0.01669449,0.06914200,0.07896036,0.06914200,0.02015206,0.01394718,0.01716386,0.06179650,0.06501317,True,0.73161870,,0.31111421,1.91498362,385.01503259,0.11407102,0.10286300,0.04512001,True,1422,61.46650000,6.70880467,10.28631375,5.77429882,4.32201493,10.11631375,12.74126505,True,True,True,False,2021,61.46647094
WIPRO,Wipro Limited,Q2 FY22,2,Jul-Sep 2021,2021-09-30,2021-10-13,15:34,After close,Computers - Software,IT services,Nifty IT,Company,357669.12000000,2021-10-11,2021-10-12,2021-10-13,2021-10-14,2021-10-14,1463,1464,1465,1466,1466,0.00965074,0.02048248,0.05300327,0.08313648,0.05300327,0.03627713,0.01612209,0.02173555,0.06140093,0.06701439,True,0.30276153,0.18858742,0.07752405,-0.09618824,30.70490188,-0.03649841,-0.06967879,-0.05718598,True,1463,52.45470000,4.32685553,-6.96789118,-1.24928089,-5.90861029,-7.13789118,-5.90861029,True,True,True,False,2021,52.45469427
LTM,LTM Limited,Q2 FY22,2,Jul-Sep 2021,2021-09-30,2021-10-18,18:31,After close,Computers - Software,IT services,Nifty IT,Company,104148.62500000,2021-10-13,2021-10-14,2021-10-18,2021-10-19,2021-10-19,1465,1466,1467,1468,1468,0.02479269,-0.03165325,0.16073893,0.15387837,0.16073893,0.09112152,0.05075850,0.01413188,0.13974650,0.10311988,True,0.25633671,0.21049166,0.08794224,0.11122305,51.66614992,-0.05083769,0.07905006,0.10728759,True,1465,61.19650000,16.38942656,7.90498461,-2.82375297,10.53873758,7.73498461,4.13513468,True,True,True,False,2021,61.19646280
FEDERALBNK,The Federal Bank  Limited,Q2 FY22,2,Jul-Sep 2021,2021-09-30,2021-10-22,12:59,During market,Banks,Banks,Nifty Bank,Bank,18765.22000000,2021-10-20,2021-10-21,2021-10-22,2021-10-25,2021-10-22,1469,1470,1471,1472,1471,0.02712766,0.07612636,-0.01347449,0.08977952,0.07612636,0.00673226,0.04183120,-0.00774199,0.09752151,0.04794832,True,-0.03115055,0.49619661,0.00701491,0.25312423,12.05355789,-0.04390244,-0.09219512,-0.05300426,True,1469,68.13490000,7.96031110,-10.73148706,-3.37595018,-7.54553688,-10.90148706,-7.54553688,True,True,True,False,2021,68.13488135
TVSMOTOR,TVS Motor Company Limited,Q2 FY22,2,Jul-Sep 2021,2021-09-30,2021-10-21,16:44,After close,Automobiles - 2 And 3 Wheelers,,Nifty Auto,Company,27710.20750000,2021-10-19,2021-10-20,2021-10-21,2021-10-22,2021-10-22,1468,1469,1470,1471,1471,-0.00677240,-0.00388400,0.07408370,0.06342731,0.07408370,0.06403258,-0.01659065,-0.01658222,0.08000953,0.08001796,True,0.23391241,0.33493192,0.38258689,,36.24333931,0.06897386,0.14996773,0.18372723,True,1468,65.12930000,7.75604110,14.99678157,-3.37595018,18.18273175,14.82678157,6.41946898,True,True,True,False,2021,65.12932831
ICICIBANK,ICICI Bank Limited,Q2 FY22,2,Jul-Sep 2021,2021-09-30,2021-10-23,16:00,Non-trading day,Banks,Banks,Nifty Bank,Bank,523266.85500000,2021-10-21,2021-10-22,2021-10-25,2021-10-26,2021-10-25,1470,1471,1472,1473,1472,0.00502978,0.10852101,-0.01461328,0.09893751,0.10852101,0.05360200,0.02998943,0.00499240,0.09394510,0.06894808,True,0.08210897,0.29628846,0.04171186,0.19387481,28.73584767,-0.03430190,-0.09446588,-0.05438848,True,1470,68.96050000,10.79413667,-9.68279444,-3.91908592,-5.95370852,-9.85279444,-5.95370852,True,True,True,False,2021,68.96053377
INDUSINDBK,IndusInd Bank Limited,Q2 FY22,2,Jul-Sep 2021,2021-09-30,2021-10-27,17:01,After close,Banks,Banks,Nifty Bank,Bank,91143.71700000,2021-10-25,2021-10-26,2021-10-27,2021-10-28,2021-10-28,1472,1473,1474,1475,1475,-0.01940140,-0.01069357,0.02927662,-0.00081835,0.02927662,0.02577568,-0.04111606,-0.01467767,0.01385932,0.04029771,True,0.06592395,0.72096006,0.00998851,0.14214062,27.20139583,0.01113946,-0.23856293,-0.19357840,True,1472,56.44170000,4.86989805,-23.85626151,-4.49845301,-19.54780850,-24.02626151,3.91986825,True,True,True,False,2021,56.44166952
BEL,Bharat Electronics Limited,Q2 FY22,2,Jul-Sep 2021,2021-09-30,2021-10-29,13:08,During market,Electronics - Industrial,,Nifty India Manufacturing,Company,50449.80300000,2021-10-27,2021-10-28,2021-10-29,2021-11-01,2021-10-29,1474,1475,1476,1477,1476,-0.03260082,0.03270095,-0.03045685,-0.03035673,0.03270095,-0.01248128,0.00074837,-0.01521626,-0.01514046,-0.03110510,True,0.15110289,0.56502343,1.23091947,24.58213847,24.37706711,0.10097233,0.02642732,0.06896859,True,1474,54.06360000,4.30944376,-1.49867217,-3.89578789,2.20711572,-1.66867217,4.44554981,True,True,True,False,2021,54.06359995
INDIGO,InterGlobe Aviation Limited,Q2 FY22,2,Jul-Sep 2021,2021-09-30,2021-10-28,17:54,After close,Travel And Transport,,Nifty Services Sector,Company,77798.00920000,2021-10-26,2021-10-27,2021-10-28,2021-10-29,2021-10-29,1473,1474,1475,1476,1476,-0.00541757,-0.00611864,0.08871593,0.07717972,0.08871593,0.00102605,-0.03721827,-0.03296069,0.11014041,0.11439799,True,1.04617868,,0.86520129,,,-0.00609139,-0.12419548,-0.08523760,True,1473,51.88430000,9.91094376,-12.41954932,-3.89578789,-8.71376143,-12.58954932,3.39523456,True,True,True,False,2021,51.88425337
PIDILITIND,Pidilite Industries Limited,Q2 FY22,2,Jul-Sep 2021,2021-09-30,2021-11-10,18:57,After close,Chemicals - Speciality,,Nifty Commodities,Company,121068.48600000,2021-11-08,2021-11-09,2021-11-10,2021-11-11,2021-11-11,1481,1482,1483,1484,1484,0.00411367,-0.01072280,0.04544782,0.03883870,0.04544782,0.01502250,-0.01015787,-0.01081413,0.04965283,0.04899657,True,0.39674951,0.05108854,0.35603240,0.70241287,91.21891910,-0.01390461,-0.05992320,-0.03965308,True,1481,50.43130000,5.34179618,-5.99230810,-2.02701191,-4.15529619,-6.16230810,-4.15529619,True,True,True,False,2021,50.43134142
APOLLOHOSP,Apollo Hospitals Enterprise Limited,Q2 FY22,2,Jul-Sep 2021,2021-09-30,2021-11-12,19:50,After close,Miscellaneous,,Nifty 500,Company,65460.87730000,2021-11-10,2021-11-11,2021-11-12,2021-11-15,2021-11-15,1483,1484,1485,1486,1486,0.00316285,0.02238765,0.08811436,0.11366486,0.08811436,0.02811864,0.00468059,0.00522053,0.10844433,0.10898428,True,0.34641325,3.12659698,-0.01147276,-0.49168165,77.20990918,0.07347051,0.02579242,0.06911511,True,1483,59.59420000,8.77442905,2.57926153,-4.33226851,6.72153005,2.40926153,13.82598358,True,True,True,False,2021,59.59422247
ASHOKLEY,Ashok Leyland Limited,Q2 FY22,2,Jul-Sep 2021,2021-09-30,2021-11-12,19:28,After close,Automobiles - 4 Wheelers,,Nifty Auto,Company,43636.20750000,2021-11-10,2021-11-11,2021-11-12,2021-11-15,2021-11-15,1483,1484,1485,1486,1486,-0.01513623,-0.00478142,0.04392588,0.02400823,0.04392588,0.00102951,-0.01196224,0.00522053,0.01878770,0.03597046,True,0.44373242,,0.36071910,,,-0.11209730,-0.17192636,-0.12860368,True,1483,64.70240000,4.35557905,-17.19262990,-4.33226851,-13.05036138,-17.36262990,-13.05036138,True,True,True,False,2021,64.70235892
BANDHANBNK,Bandhan Bank Limited,Q3 FY22,3,Oct-Dec 2021,2021-12-31,2022-01-21,16:18,After close,Banks,Banks,Nifty Bank,Bank,48900.87325200,2022-01-19,2022-01-20,2022-01-21,2022-01-24,2022-01-24,1532,1533,1534,1535,1535,-0.01202240,-0.01483581,0.04179357,0.01493537,0.04179357,0.01489002,-0.02899430,-0.04455601,0.05949138,0.04392967,True,0.03047907,0.35785885,0.07160651,,,0.03703102,-0.00081208,0.00250587,True,1532,69.47650000,6.83614614,-0.08121496,-0.33179584,0.06058088,-0.25121496,4.35343862,True,True,True,False,2022,69.47646247
AXISBANK,Axis Bank Limited,Q3 FY22,3,Oct-Dec 2021,2021-12-31,2022-01-24,16:40,After close,Banks,Banks,Nifty Bank,Bank,223528.11850000,2022-01-20,2022-01-21,2022-01-24,2022-01-25,2022-01-25,1533,1534,1535,1536,1536,-0.02249966,-0.01108772,0.06755606,0.03396868,0.06755606,0.01334090,-0.00343855,-0.02693011,0.06089880,0.03740723,True,0.11373920,2.23682608,0.05663011,0.15348576,24.59831856,0.06899761,0.03323584,0.04566208,True,1533,57.17350000,6.00425862,3.32358838,-1.24262427,4.37621265,3.15358838,3.65940003,True,True,True,False,2022,57.17351857
MARUTI,Maruti Suzuki India Limited,Q3 FY22,3,Oct-Dec 2021,2021-12-31,2022-01-25,13:53,During market,Automobiles - 4 Wheelers,,Nifty Auto,Company,247325.92000000,2022-01-21,2022-01-24,2022-01-25,2022-01-27,2022-01-25,1534,1535,1536,1537,1536,-0.01676517,0.06834072,0.02529468,0.07687024,0.06834072,-0.00773692,0.00060216,-0.02876615,0.10563638,0.07626808,True,-0.00928794,-0.47823909,0.13149789,1.13965907,58.89133033,-0.02568536,-0.06916510,-0.01877396,True,1534,63.78810000,6.08271862,1.11885587,-1.24262427,2.17148014,0.94885587,3.31065003,True,True,True,False,2022,63.78808690
BANKBARODA,Bank of Baroda,Q3 FY22,3,Oct-Dec 2021,2021-12-31,2022-02-05,14:49,Non-trading day,Banks,Banks,Nifty Bank,Bank,,2022-02-03,2022-02-04,2022-02-07,2022-02-08,2022-02-07,1542,1543,1544,1545,1544,-0.02738476,0.06006570,0.04426737,0.07694832,0.06006570,0.02111685,-0.02525468,-0.01669334,0.09364166,0.10220299,True,0.01093382,1.07050164,0.07617456,0.05229303,,-0.06612972,-0.16193302,-0.10857035,True,1542,75.55860000,7.73467468,-13.72289195,-6.97210345,-6.94078850,-13.89289195,3.92797251,True,True,True,False,2022,75.55855557
SHRIRAMFIN,Shriram Finance Limited,Q4 FY22,4,Jan-Mar 2022,2022-03-31,2022-04-28,16:49,After close,Finance,NBFCs,Nifty Financial Services,Company,31305.92700000,2022-04-26,2022-04-27,2022-04-28,2022-04-29,2022-04-29,1596,1597,1598,1599,1599,-0.01382588,0.00048193,0.05276756,0.03942361,0.05276756,0.04606761,-0.00989897,-0.00557618,0.04499978,0.04932258,True,0.13076189,0.44209066,0.05255952,0.59066791,13.11753982,-0.03747764,-0.02508215,0.00071225,True,1596,52.01890000,6.10308408,-2.50824595,-2.57943991,-0.11880605,-2.67824595,-0.11880605,True,True,True,False,2022,52.01894738
INDUSINDBK,IndusInd Bank Limited,Q4 FY22,4,Jan-Mar 2022,2022-03-31,2022-04-29,17:30,After close,Banks,Banks,Nifty Bank,Bank,75479.89750000,2022-04-27,2022-04-28,2022-04-29,2022-05-02,2022-05-02,1597,1598,1599,1600,1600,0.01421242,-0.00991552,0.04041694,0.04471384,0.04041694,-0.00669358,0.00384091,0.00190940,0.04280445,0.04087294,True,0.05937574,0.55416405,0.01581908,0.17231135,18.29505235,-0.10544151,-0.08569885,-0.05731130,True,1597,54.46090000,4.23727487,-8.56986747,-2.83875541,-5.92111205,-8.73986747,-5.92111205,True,True,True,False,2022,54.46088495
BRITANNIA,Britannia Industries Limited,Q4 FY22,4,Jan-Mar 2022,2022-03-31,2022-05-02,16:39,After close,Food And Food Processing,FMCG,Nifty FMCG,Company,80891.81100000,2022-04-28,2022-04-29,2022-05-02,2022-05-04,2022-05-04,1598,1599,1600,1601,1601,-0.02342238,-0.00242433,0.03489438,0.00904767,0.03489438,0.02100083,-0.02186512,-0.03315527,0.04220294,0.03091279,True,0.20246627,0.07471850,-0.00686158,0.02341182,53.98509820,-0.03709994,0.04898906,0.05827397,True,1598,55.21710000,5.78305829,4.89891708,-0.92849091,5.63740799,4.72891708,3.43844973,True,True,True,False,2022,55.21713395
INDUSINDBK,IndusInd Bank Limited,Q1 FY23,5,Apr-Jun 2022,2022-06-30,2022-07-20,16:11,After close,Banks,Banks,Nifty Bank,Bank,65927.43930000,2022-07-18,2022-07-19,2022-07-20,2022-07-21,2022-07-21,1654,1655,1656,1657,1657,0.02003408,0.01290174,0.07824406,0.11117987,0.07824406,0.02695326,0.02363910,0.01995437,0.09122550,0.08754077,True,0.08014443,0.64448433,0.04095223,0.17770334,14.29748940,0.07340998,0.11507225,0.06174875,True,1654,52.55480000,7.31354040,11.50723846,5.33234971,5.98488875,11.33723846,2.93342303,True,True,True,False,2022,52.55483395
ULTRACEMCO,UltraTech Cement Limited,Q1 FY23,5,Apr-Jun 2022,2022-06-30,2022-07-22,13:52,During market,Cement And Cement Products,,Nifty Commodities,,175771.16300000,2022-07-20,2022-07-21,2022-07-22,2022-07-25,2022-07-22,1656,1657,1658,1659,1658,0.00684842,0.05350123,-0.01173611,0.04861354,0.05350123,0.00004893,0.01702065,0.00669579,0.04191775,0.03159289,True,,,,,23.93548112,0.04304470,0.01965408,-0.03890825,True,1656,68.42770000,4.66238570,0.56821799,5.13204681,-4.75382882,0.39821799,-4.75382882,True,True,True,False,2022,68.42765309
BAJAJFINSV,Bajaj Finserv Limited,Q1 FY23,5,Apr-Jun 2022,2022-06-30,2022-07-28,12:01,During market,Finance,NBFCs,Nifty Financial Services,NBFC / financial,211863.08200000,2022-07-26,2022-07-27,2022-07-28,2022-07-29,2022-07-28,1660,1661,1662,1663,1662,-0.00044693,0.10032276,0.02769762,0.12757345,0.10032276,0.01502587,0.04154709,0.04038184,0.08719162,0.08602637,True,0.13898828,0.57231889,-0.15764299,-0.02726435,46.49413554,0.00254193,0.12723291,0.09220312,True,1660,70.88850000,8.30291976,9.86440272,2.26408184,7.41032088,9.69440272,3.07299273,True,True,True,False,2022,70.88852376
SBILIFE,SBI Life Insurance Company Limited,Q1 FY23,5,Apr-Jun 2022,2022-06-30,2022-07-28,18:14,After close,Insurance,Insurers,Nifty Financial Services,,,2022-07-26,2022-07-27,2022-07-28,2022-07-29,2022-07-29,1660,1661,1662,1663,1663,0.00979617,0.03662940,0.08640732,0.13283289,0.08640732,0.05980108,0.04154709,0.04038184,0.09245105,0.09128580,True,,,,,,-0.02143850,0.02680779,-0.00822201,True,1660,50.70210000,7.29013696,2.68078170,3.50297962,-1.01219791,2.51078170,-1.01219791,True,True,True,False,2022,50.70210544
SUNPHARMA,Sun Pharmaceutical Industries Limited,Q1 FY23,5,Apr-Jun 2022,2022-06-30,2022-07-29,13:39,During market,Pharmaceuticals,Pharma,Nifty Pharma,Company,214497.42000000,2022-07-27,2022-07-28,2022-07-29,2022-08-01,2022-07-29,1661,1662,1663,1664,1663,0.00095078,0.05403140,-0.02597540,0.02900678,0.05403140,0.00240264,0.01090525,0.04139522,-0.01238844,0.01810153,True,0.10732050,0.42703421,0.13920117,,65.54082372,-0.00903451,-0.05099597,-0.06268856,True,1661,65.58990000,4.05254696,-5.31701013,3.50297962,-9.00998975,-5.48701013,-9.00998975,True,True,True,False,2022,65.58990895
IDFCFIRSTB,IDFC First Bank Limited,Q1 FY23,5,Apr-Jun 2022,2022-06-30,2022-07-30,15:47,Non-trading day,Banks,Banks,Nifty Bank,Bank,22756.81860000,2022-07-28,2022-07-29,2022-08-01,2022-08-02,2022-08-01,1662,1663,1664,1665,1664,0.02595628,0.11717710,0.03456496,0.17769834,0.11717710,0.03861518,0.01720076,0.02441283,0.15328551,0.16049758,True,0.20355361,,0.08082325,0.38397572,156.41500172,0.03225806,0.11866359,0.10747911,True,1662,65.43670000,10.65815139,17.16328960,1.16925845,15.80403115,16.99328960,3.23535822,True,True,True,False,2022,65.43665274
LUPIN,Lupin Limited,Q1 FY23,5,Apr-Jun 2022,2022-06-30,2022-08-03,22:35,After close,Pharmaceuticals,Pharma,Nifty Pharma,Company,29140.26750000,2022-08-01,2022-08-02,2022-08-03,2022-08-04,2022-08-04,1664,1665,1666,1667,1667,-0.00389924,-0.01730212,0.05154557,0.03034421,0.05154557,-0.02485660,0.01704523,0.00241947,0.02792474,0.01329898,True,-0.36010107,-0.78398407,-0.29629954,,,0.03469960,-0.01121297,-0.02695339,True,1664,52.04160000,5.18992892,-1.12129659,1.57404211,-2.88533871,-1.29129659,4.06446280,True,True,True,False,2022,52.04155470
MANAPPURAM,Manappuram Finance Limited,Q1 FY23,5,Apr-Jun 2022,2022-06-30,2022-08-04,18:23,After close,Finance,NBFCs,Nifty Financial Services,NBFC / financial,8751.25900000,2022-08-02,2022-08-03,2022-08-04,2022-08-05,2022-08-05,1665,1666,1667,1668,1668,-0.01402321,-0.00294262,0.06394491,0.04697908,0.06394491,-0.01180521,-0.00022537,0.00299978,0.04397930,0.04720445,True,-0.03922472,-0.35381303,0.01392649,0.08035236,6.58767041,-0.01479427,-0.02126676,-0.03430886,True,1665,68.47090000,6.30531729,-2.12668728,1.30421038,-3.62089766,-2.29668728,-3.62089766,True,True,True,False,2022,68.47088067
HINDALCO,Hindalco Industries Limited,Q1 FY23,5,Apr-Jun 2022,2022-06-30,2022-08-10,13:24,During market,Aluminium,Metals,Nifty Metal,Company,91197.60000000,2022-08-05,2022-08-08,2022-08-10,2022-08-11,2022-08-10,1668,1669,1670,1671,1670,0.02580331,0.04437589,-0.01499659,0.05518261,0.04437589,0.00391552,0.02892417,0.01497096,0.04021165,0.02625844,True,0.40282412,0.47793326,0.04042034,0.06959231,6.64221413,-0.01418685,-0.00542099,-0.02112686,True,1668,63.01020000,4.38252612,-3.20380118,1.70290423,-5.09670542,-3.37380118,-5.09670542,True,True,True,False,2022,63.01023899
AXISBANK,Axis Bank Limited,Q2 FY23,6,Jul-Sep 2022,2022-09-30,2022-10-20,16:51,After close,Banks,Banks,Nifty Bank,Bank,250737.82075000,2022-10-18,2022-10-19,2022-10-20,2022-10-21,2022-10-21,1716,1717,1718,1719,1719,0.01653702,-0.00482015,0.09027063,0.10198751,0.09027063,0.04147242,0.01164249,0.00510216,0.09688535,0.09034501,True,0.27220784,0.79117677,0.10967956,0.36047910,16.72634771,0.00621946,-0.03370724,-0.07170728,True,1716,65.18410000,8.95674552,-3.37072441,3.80000341,-7.36072782,-3.54072441,-7.36072782,True,True,True,False,2022,65.18410555
MARUTI,Maruti Suzuki India Limited,Q2 FY23,6,Jul-Sep 2022,2022-09-30,2022-10-28,14:01,During market,Automobiles - 4 Wheelers,,Nifty Auto,Company,271951.00000000,2022-10-25,2022-10-27,2022-10-28,2022-10-31,2022-10-28,1721,1722,1723,1724,1723,0.00410328,0.04983438,0.00369237,0.05763003,0.04983438,0.00586710,0.03280939,0.02004777,0.03758226,0.02482064,True,0.45699215,3.33867324,0.12940702,1.03869909,61.24057018,-0.02039338,-0.06480121,-0.09843675,True,1721,58.15130000,4.70238830,-5.34261555,4.36250478,-9.89512033,-5.51261555,-9.89512033,True,True,True,False,2022,58.15125893
ADANIENT,Adani Enterprises Limited,Q2 FY23,6,Jul-Sep 2022,2022-09-30,2022-11-03,18:19,After close,Trading,,Nifty 500,Company,407629.80000000,2022-11-01,2022-11-02,2022-11-03,2022-11-04,2022-11-04,1725,1726,1727,1728,1728,0.00139833,0.00270897,0.06763870,0.07174600,0.06763870,0.01437166,-0.00041358,-0.00154438,0.07329038,0.07215958,True,1.88812016,1.17004849,0.87884373,0.04063756,429.97109827,0.04938368,0.02534403,-0.00688510,True,1725,66.86780000,6.40685969,2.53440883,3.22291310,-0.87850427,2.36440883,3.86709565,True,True,True,False,2022,66.86783413
BANKBARODA,Bank of Baroda,Q2 FY23,6,Jul-Sep 2022,2022-09-30,2022-11-05,13:13,Non-trading day,Banks,Banks,Nifty Bank,Bank,,2022-11-03,2022-11-04,2022-11-07,2022-11-09,2022-11-07,1727,1728,1729,1730,1729,-0.02429970,0.09546870,0.05020524,0.12137424,0.09546870,0.09996541,0.01172844,0.00578157,0.11559267,0.10964580,True,0.27335421,0.58700098,,,,-0.01803969,0.06133494,0.03911210,True,1727,64.40020000,9.07411352,10.13576254,2.41693586,7.52882669,9.96576254,5.08212964,True,True,True,False,2022,64.40019855
BOSCHLTD,Bosch Limited,Q2 FY23,6,Jul-Sep 2022,2022-09-30,2022-11-08,15:26,Non-trading day,Auto Ancillaries,,Nifty Auto,Company,,2022-11-04,2022-11-07,2022-11-09,2022-11-10,2022-11-09,1728,1729,1730,1731,1730,0.00759393,0.04726928,-0.02381616,0.03104705,0.04726928,-0.00356921,-0.01418623,-0.00488221,0.03592926,0.04523328,True,0.25484498,0.00381536,,,,-0.00654835,0.03814814,0.00591254,True,1728,55.36380000,4.97853964,-0.77859058,2.22228342,-3.19087399,-0.94859058,-3.19087399,True,True,True,False,2022,55.36378543
PIIND,PI Industries Limited,Q2 FY23,6,Jul-Sep 2022,2022-09-30,2022-11-08,19:09,Non-trading day,Pesticides And Agrochemicals,,Nifty Commodities,Company,50194.96000000,2022-11-04,2022-11-07,2022-11-09,2022-11-10,2022-11-09,1728,1729,1730,1731,1730,-0.00155952,0.09904008,-0.03565417,0.06182640,0.09904008,0.04635822,-0.00855035,-0.00488221,0.06670861,0.07037675,True,0.30704475,0.39152120,0.14696734,0.27591463,54.89987969,-0.03519817,-0.00556589,-0.03780150,True,1728,64.73060000,10.15561964,-4.30638383,2.22228342,-6.71866724,-4.47638383,-6.71866724,True,True,True,False,2022,64.73062701
LUPIN,Lupin Limited,Q2 FY23,6,Jul-Sep 2022,2022-09-30,2022-11-09,20:11,After close,Pharmaceuticals,Pharma,Nifty Pharma,Company,32309.70225000,2022-11-04,2022-11-07,2022-11-09,2022-11-10,2022-11-10,1728,1729,1730,1731,1731,-0.00112573,-0.02197647,0.03615412,0.01305192,0.03615412,0.03305726,-0.03306186,-0.00488221,0.01793413,0.04611378,True,0.01324508,,0.51712175,0.10710019,,0.02328491,0.04935011,0.01711450,True,1728,59.35580000,4.32477829,4.93501674,3.22356087,1.52145588,4.76501674,3.72210061,True,True,True,False,2022,59.35584658
GLENMARK,Glenmark Pharmaceuticals Limited,Q2 FY23,6,Jul-Sep 2022,2022-09-30,2022-11-11,18:46,After close,Pharmaceuticals,Pharma,Nifty Pharma,Company,11866.65935000,2022-11-09,2022-11-10,2022-11-11,2022-11-14,2022-11-14,1730,1731,1732,1733,1733,-0.01188919,-0.00469258,0.04086074,0.02427897,0.04086074,0.00580271,-0.00454052,0.00961958,0.01465939,0.02881948,True,0.07237675,0.01406088,0.21530348,0.44740560,13.75568651,-0.04378630,-0.01265970,-0.02182543,True,1730,68.47450000,4.19806093,-1.26596673,0.91657278,-2.37253952,-1.43596673,-2.37253952,True,True,True,False,2022,68.47446378
MANAPPURAM,Manappuram Finance Limited,Q2 FY23,6,Jul-Sep 2022,2022-09-30,2022-11-12,16:17,Non-trading day,Finance,NBFCs,Nifty Financial Services,NBFC / financial,8971.84000000,2022-11-10,2022-11-11,2022-11-14,2022-11-15,2022-11-14,1731,1732,1733,1734,1733,0.02641509,0.07215074,0.00342906,0.10199489,0.07215074,0.00000000,0.02567157,0.02076419,0.08123070,0.07632332,True,0.10727714,0.10424554,0.12934926,0.44763897,7.64224263,-0.04527979,0.00341734,-0.00770017,True,1731,55.34850000,7.32706093,0.25717564,0.91657278,-0.84939714,0.08717564,3.82470824,True,True,True,False,2022,55.34847508
PERSISTENT,Persistent Systems Limited,Q3 FY23,7,Oct-Dec 2022,2022-12-31,2023-01-18,16:22,After close,Computers - Software,IT services,Nifty IT,Company,,2023-01-16,2023-01-17,2023-01-18,2023-01-19,2023-01-19,1778,1779,1780,1781,1781,0.00064165,-0.00430005,0.07539903,0.07174063,0.07539903,-0.00242449,0.01252633,0.01189576,0.05984487,0.05921429,True,0.45427584,0.34898381,0.05893029,0.08154027,,0.07486819,0.15316511,0.16220262,True,1778,51.71380000,7.85643670,15.31651574,-0.90375169,16.03026743,15.14651574,7.61817654,True,True,True,False,2023,51.71384916
DRREDDY,Dr. Reddy's Laboratories Limited,Q3 FY23,7,Oct-Dec 2022,2022-12-31,2023-01-25,16:09,After close,Pharmaceuticals,Pharma,Nifty Pharma,Company,72181.82400000,2023-01-23,2023-01-24,2023-01-25,2023-01-27,2023-01-27,1783,1784,1785,1786,1786,-0.01961801,-0.01218035,0.02691058,-0.00488779,0.02691058,0.01881717,-0.01654296,-0.02858096,0.02369317,0.01165517,True,0.27190304,0.75370083,0.07233330,0.11640639,23.21332176,0.01028048,0.04105239,0.04892260,True,1783,51.26050000,4.29848680,4.10524034,-0.78702139,4.70226173,3.93524034,3.74802604,True,True,True,False,2023,51.26049809
TMPV,Tata Motors Passenger Vehicles Limited,Q3 FY23,7,Oct-Dec 2022,2022-12-31,2023-01-25,16:36,After close,Automobiles - 4 Wheelers,,Nifty Auto,Company,156413.11600000,2023-01-23,2023-01-24,2023-01-25,2023-01-27,2023-01-27,1783,1784,1785,1786,1786,0.03366797,-0.00734336,0.06335759,0.08968221,0.06335759,0.04522133,0.02274422,-0.02858096,0.11826317,0.06693798,True,0.22510674,,0.11150694,,,-0.00033662,-0.04005835,-0.03218813,True,1783,52.25190000,7.94318680,-4.00585271,-0.78702139,-3.40883132,-4.17585271,-3.40883132,True,True,True,False,2023,52.25194332
RECLTD,REC Limited,Q3 FY23,7,Oct-Dec 2022,2022-12-31,2023-01-30,18:36,After close,Financial Institution,NBFCs,Nifty 500,NBFC / financial,31730.34920000,2023-01-25,2023-01-27,2023-01-30,2023-01-31,2023-01-31,1785,1786,1787,1788,1788,-0.04439834,0.00694746,0.05002156,0.01257068,0.05002156,0.00172488,-0.01549712,-0.01279288,0.02536356,0.02806780,True,-0.02543476,0.05116390,-0.01750002,0.06706148,3.09230715,-0.00944559,-0.06119097,-0.04091031,True,1785,52.20410000,4.92736802,-6.11910824,-2.02806567,-4.28104257,-6.28910824,-4.28104257,True,True,True,False,2023,52.20412415
CHOLAFIN,Cholamandalam Investment and Finance Company Limited,Q3 FY23,7,Oct-Dec 2022,2022-12-31,2023-01-31,18:08,After close,Finance,NBFCs,Nifty Financial Services,NBFC / financial,58350.23050000,2023-01-27,2023-01-30,2023-01-31,2023-02-01,2023-02-01,1786,1787,1788,1789,1789,0.00119735,-0.00534647,0.06061249,0.05646338,0.06061249,0.03416083,0.00299341,0.00068544,0.05577794,0.05346997,True,0.31238269,0.05305081,0.11246536,0.20933107,23.66813252,0.06168312,0.02260603,0.03199506,True,1786,50.89020000,6.32084467,2.26060326,-0.93890317,3.00950644,2.09060326,3.20439171,True,True,True,False,2023,50.89017406
JINDALSTEL,JINDAL STEEL LIMITED,Q3 FY23,7,Oct-Dec 2022,2022-12-31,2023-01-31,16:41,After close,Steel And Steel Products,Metals,Nifty Metal,Company,,2023-01-27,2023-01-30,2023-01-31,2023-02-01,2023-02-01,1786,1787,1788,1789,1789,-0.02261328,0.01513438,0.04232714,0.03484824,0.04232714,-0.00608345,-0.03261223,0.00068544,0.03416280,0.06746047,True,-0.00578210,-0.72205372,-0.07905690,1.59711582,,-0.02474312,-0.05885738,-0.04946835,True,1786,51.69630000,4.49230467,-5.88572848,-0.93890317,-5.13682530,-6.05572848,-5.13682530,True,True,True,False,2023,51.69627755
BRITANNIA,Britannia Industries Limited,Q3 FY23,7,Oct-Dec 2022,2022-12-31,2023-02-01,16:26,After close,Food And Food Processing,FMCG,Nifty FMCG,Company,106158.60750000,2023-01-30,2023-01-31,2023-02-01,2023-02-02,2023-02-02,1787,1788,1789,1790,1790,-0.02023033,0.01235640,0.04623709,0.03836316,0.04623709,0.03385992,0.03938767,-0.00218294,0.04054611,-0.00102450,True,0.17393664,1.51196185,-0.04174116,0.89018407,67.79009285,0.01406064,-0.03910957,-0.02272720,True,1787,57.44160000,4.65720171,-3.91095901,-1.63823650,-2.46272251,-4.08095901,-2.46272251,True,True,True,False,2023,57.44164322
CUMMINSIND,Cummins India Limited,Q3 FY23,7,Oct-Dec 2022,2022-12-31,2023-02-08,20:14,After close,Diesel Engines,,Nifty India Manufacturing,Company,40094.20800000,2023-02-06,2023-02-07,2023-02-08,2023-02-09,2023-02-09,1792,1793,1794,1795,1795,0.00017284,0.01911312,0.07057587,0.08986183,0.07057587,0.04456352,-0.00013340,0.00726642,0.08259542,0.08999523,True,0.25313421,0.65851703,0.11636557,0.54801541,43.05589839,0.04178414,0.06500459,0.09186079,True,1792,53.99980000,6.93588921,6.50046849,-2.68561960,8.99608808,6.33046849,3.19259137,True,True,True,False,2023,53.99984869
APOLLOHOSP,Apollo Hospitals Enterprise Limited,Q3 FY23,7,Oct-Dec 2022,2022-12-31,2023-02-14,17:01,After close,Miscellaneous,,Nifty 500,Company,63496.84250000,2023-02-10,2023-02-13,2023-02-14,2023-02-15,2023-02-15,1796,1797,1798,1799,1799,-0.01304274,-0.02060271,0.05131359,0.01766814,0.05131359,-0.02315612,0.00163503,0.00894710,0.00872104,0.01603310,True,0.17165760,-0.32802032,0.00294279,-0.24770822,75.62659151,-0.00864547,-0.03762339,0.01956237,True,1796,56.33710000,4.65171293,-3.76234507,-5.71857559,1.76623052,-3.93234507,3.15828664,True,True,True,False,2023,56.33708513
ABB,ABB India Limited,Q4 FY23,8,Jan-Mar 2023,2023-03-31,2023-05-03,18:25,After close,Electrical Equipment,,Nifty India Manufacturing,Company,72426.36050000,2023-04-28,2023-05-02,2023-05-03,2023-05-04,2023-05-04,1846,1847,1848,1849,1849,0.00708027,0.00332641,0.05552177,0.06592845,0.05552177,0.00880241,0.01322278,0.01056381,0.05536464,0.05270567,True,0.22095237,2.07419031,-0.00646913,-0.19792349,99.45806910,0.05900668,0.08210460,0.06939905,True,1846,62.73110000,4.63481474,8.21047731,1.27055511,6.74992220,8.04047731,2.84950645,True,True,True,False,2023,62.73113982
CHOLAFIN,Cholamandalam Investment and Finance Company Limited,Q4 FY23,8,Jan-Mar 2023,2023-03-31,2023-05-03,17:37,After close,Finance,NBFCs,Nifty Financial Services,NBFC / financial,71617.48650000,2023-04-28,2023-05-02,2023-05-03,2023-05-04,2023-05-04,1846,1847,1848,1849,1849,0.00413271,0.01360466,0.07173472,0.08947209,0.07173472,0.03772840,0.01651951,0.01056381,0.07890827,0.07295257,True,0.43608809,0.24530390,0.11470950,0.24879530,28.64871352,0.05119975,0.09861082,0.08590527,True,1846,71.80060000,6.25610474,9.86109581,1.27055511,8.40054070,9.69109581,5.21652645,True,True,True,False,2023,71.80063842
TVSMOTOR,TVS Motor Company Limited,Q4 FY23,8,Jan-Mar 2023,2023-03-31,2023-05-04,17:33,After close,Automobiles - 2 And 3 Wheelers,,Nifty Auto,Company,55014.20450000,2023-05-02,2023-05-03,2023-05-04,2023-05-05,2023-05-05,1847,1848,1849,1850,1850,-0.00060452,0.01019659,0.03926265,0.04885472,0.03926265,0.01792053,0.00471403,-0.00424370,0.05309842,0.04414069,True,0.21961368,0.21138944,-0.00430566,0.11701951,43.31758909,0.01851928,0.07457097,0.04883075,True,1847,61.67940000,4.94949645,7.45709315,2.57402181,4.69307135,7.28709315,3.38210559,True,True,True,False,2023,61.67945776
MARICO,Marico Limited,Q4 FY23,8,Jan-Mar 2023,2023-03-31,2023-05-05,15:56,After close,Personal Care,FMCG,Nifty FMCG,Company,64822.50000000,2023-05-03,2023-05-04,2023-05-05,2023-05-08,2023-05-08,1848,1849,1850,1851,1851,-0.01034826,-0.00744018,0.07516207,0.05737364,0.07516207,0.03525122,0.00867592,0.00975539,0.04761825,0.04869772,True,0.03655715,0.20318725,-0.09311741,-0.07926829,51.81654676,0.01168268,0.03099680,0.01295897,True,1848,66.76120000,6.43479985,3.09966834,1.80378222,1.10588612,2.92966834,3.41093493,True,True,True,False,2023,66.76124881
EICHERMOT,Eicher Motors Limited,Q4 FY23,8,Jan-Mar 2023,2023-03-31,2023-05-11,16:55,After close,Automobiles - 4 Wheelers,,Nifty Auto,Company,92494.96500000,2023-05-09,2023-05-10,2023-05-11,2023-05-12,2023-05-12,1852,1853,1854,1855,1855,0.01030486,-0.00335114,0.06491352,0.07186724,0.06491352,0.03368279,0.01907943,0.00267538,0.06919186,0.05278780,True,0.19133692,0.48421674,0.02239183,0.22236920,35.32364522,-0.01529086,-0.01242296,-0.02599668,True,1852,69.20930000,6.39406629,-1.24227908,1.35737218,-2.78965126,-1.41227908,-2.78965126,True,True,True,False,2023,69.20929970
POLYCAB,Polycab India Limited,Q4 FY23,8,Jan-Mar 2023,2023-03-31,2023-05-12,14:29,During market,Electrical Equipment,,Nifty India Manufacturing,Company,48044.71897500,2023-05-10,2023-05-11,2023-05-12,2023-05-15,2023-05-12,1853,1854,1855,1856,1855,0.00810158,0.04750792,-0.00228684,0.05332266,0.04750792,0.00523916,-0.00083565,0.00457377,0.04874889,0.05415831,True,0.08909335,0.30556930,0.16378713,0.18762355,41.04502376,0.01483201,0.04522063,0.03420636,True,1853,59.34190000,4.65350629,4.67843852,1.35737218,3.13106634,4.50843852,3.41645059,True,True,True,False,2023,59.34186396
DLF,DLF Limited,Q4 FY23,8,Jan-Mar 2023,2023-03-31,2023-05-12,16:39,After close,Construction,Real estate,Nifty Infrastructure,Company,107489.90250000,2023-05-10,2023-05-11,2023-05-12,2023-05-15,2023-05-15,1853,1854,1855,1856,1856,-0.00333909,0.00727819,0.07386168,0.07780078,0.07386168,0.01617158,-0.00793975,0.00457377,0.07322701,0.08574053,True,-0.05894291,0.40628624,-0.02591651,0.09784095,57.44590359,0.02136067,0.04795472,0.03694044,True,1853,69.46130000,6.92725153,4.79544584,1.10142753,3.50401831,4.62544584,3.59266336,True,True,True,False,2023,69.46126292
ASTRAL,Astral Limited,Q4 FY23,8,Jan-Mar 2023,2023-03-31,2023-05-15,17:37,After close,Plastic And Plastic Products,,Nifty 500,Company,41467.64000000,2023-05-11,2023-05-12,2023-05-15,2023-05-16,2023-05-16,1854,1855,1856,1857,1857,0.01693272,0.01407690,0.05693604,0.08794567,0.05693604,0.03343465,0.00055691,-0.00054434,0.08849000,0.08738875,True,0.08312958,0.45473833,0.18804228,1.21182796,105.32801626,0.01583160,0.19000889,0.16651342,True,1854,73.24210000,6.30423599,19.00089671,2.34954748,16.46134923,18.83089671,3.50133156,True,True,True,False,2023,73.24206343
MUTHOOTFIN,Muthoot Finance Limited,Q4 FY23,8,Jan-Mar 2023,2023-03-31,2023-05-19,17:07,After close,Finance,NBFCs,Nifty Financial Services,NBFC / financial,42438.96960500,2023-05-17,2023-05-18,2023-05-19,2023-05-22,2023-05-22,1858,1859,1860,1861,1861,-0.00638509,-0.01475628,0.08628853,0.06514715,0.08628853,0.01072567,0.00439742,0.00730006,0.05784710,0.06074973,True,0.08399101,-0.02359914,0.08814674,0.04935363,11.67243920,-0.00733855,0.05008006,0.02599791,True,1858,59.85960000,8.01907380,5.00802144,2.40821430,2.40980714,4.83802144,2.40980714,True,True,True,False,2023,59.85963586
DIXON,Dixon Technologies (India) Limited,Q4 FY23,8,Jan-Mar 2023,2023-03-31,2023-05-23,16:13,After close,Consumer Durables,Consumer brands,Nifty Consumer Durables,Company,,2023-05-19,2023-05-22,2023-05-23,2023-05-24,2023-05-24,1860,1861,1862,1863,1863,0.06463834,0.01364670,0.07285577,0.15114082,0.07285577,0.01659213,0.02154598,0.00452057,0.14662025,0.12959484,True,0.03816781,0.28045101,0.27476380,0.55326527,,0.10370486,0.30526705,0.27401534,True,1860,63.60620000,7.62676160,30.52669711,3.12517090,27.21152621,30.35669711,2.82000190,True,True,True,False,2023,63.60623806
NAUKRI,Info Edge (India) Limited,Q4 FY23,8,Jan-Mar 2023,2023-03-31,2023-05-26,14:00,During market,Computers - Software,IT services,Nifty IT,Company,50098.84704000,2023-05-24,2023-05-25,2023-05-26,2023-05-29,2023-05-26,1863,1864,1865,1866,1865,0.00573735,0.07624957,0.00222738,0.08421430,0.07624957,0.00470471,0.01213787,0.01704933,0.06716497,0.07207643,True,0.27875639,-1.43382218,0.02589747,,63.07255656,-0.01668608,0.04765753,0.04268136,True,1863,54.88070000,6.65231363,2.60019930,0.89813966,1.51205964,2.43019930,3.26491490,True,True,True,False,2023,54.88074060
BHEL,Bharat Heavy Electricals Limited,Q4 FY23,8,Jan-Mar 2023,2023-03-31,2023-05-26,17:32,After close,Electrical Equipment,,Nifty India Manufacturing,Company,27856.40000000,2023-05-24,2023-05-25,2023-05-26,2023-05-29,2023-05-29,1863,1864,1865,1866,1866,0.02375000,-0.03601954,0.05129829,0.03902875,0.05129829,0.00189994,0.01738076,0.01704933,0.02197942,0.02164799,True,0.02050565,-0.33038894,0.56306214,13.45127720,35.94374194,0.03132530,0.00963855,0.00466239,True,1863,52.58440000,4.59305438,0.96386083,0.49761676,0.27624407,0.79386083,2.96833684,True,True,True,False,2023,52.58441904
TORNTPHARM,Torrent Pharmaceuticals Limited,Q4 FY23,8,Jan-Mar 2023,2023-03-31,2023-05-30,16:57,After close,Pharmaceuticals,Pharma,Nifty Pharma,Company,57546.66150000,2023-05-26,2023-05-29,2023-05-30,2023-05-31,2023-05-31,1865,1866,1867,1868,1868,0.00335245,0.00445500,0.07134312,0.07915056,0.07134312,0.02068805,0.00609977,0.00192331,0.07722726,0.07305079,True,0.16893477,,0.00000000,0.01413428,71.57544963,-0.01838436,0.06419545,0.04057990,True,1865,66.18000000,7.66801613,6.41954842,2.36155473,3.86799369,6.24954842,3.86799369,True,True,True,False,2023,66.17996735
POLYCAB,Polycab India Limited,Q1 FY24,9,Apr-Jun 2023,2023-06-30,2023-07-18,13:09,During market,Electrical Equipment,,Nifty India Manufacturing,Company,58024.20277500,2023-07-14,2023-07-17,2023-07-18,2023-07-19,2023-07-18,1899,1900,1901,1902,1901,0.01040174,0.05453872,0.04377263,0.10871310,0.05453872,0.00264391,0.00771753,0.01367698,0.09503612,0.10099557,True,0.42126840,0.81687955,-0.10044659,-0.05998352,45.69014747,0.08470938,0.11816378,0.14175559,True,1899,72.14720000,5.26210329,17.57688401,-1.43929516,18.82617917,17.40688401,3.76243374,True,True,True,False,2023,72.14717440
ASHOKLEY,Ashok Leyland Limited,Q1 FY24,9,Apr-Jun 2023,2023-06-30,2023-07-21,11:05,During market,Automobiles - 4 Wheelers,,Nifty Auto,Company,,2023-07-19,2023-07-20,2023-07-21,2023-07-24,2023-07-21,1902,1903,1904,1905,1904,0.01443418,0.03500285,0.00329942,0.05273645,0.03500285,0.00227661,0.00671756,-0.00803772,0.06077417,0.04601888,True,,,-0.26595090,-0.27725141,,0.00849548,0.02987120,0.04389596,True,1902,71.44890000,4.67225178,2.74952225,-1.77969106,4.33921331,2.57952225,3.51396459,True,True,True,False,2023,71.44887748
MPHASIS,MphasiS Limited,Q1 FY24,9,Apr-Jun 2023,2023-06-30,2023-07-20,22:27,After close,Computers - Software,IT services,Nifty IT,Company,40006.34238000,2023-07-18,2023-07-19,2023-07-20,2023-07-21,2023-07-21,1901,1902,1903,1904,1904,0.02185175,0.02032445,0.05282533,0.09500153,0.05282533,-0.04464971,-0.04811543,-0.00011004,0.09511157,0.14311696,True,0.46262844,0.18946322,-0.03249146,-0.02283454,25.49782499,-0.03453676,-0.00598494,0.01181197,True,1901,77.66810000,6.45450178,-0.59853171,-1.77969106,0.99115935,-0.76853171,2.95680209,True,True,True,False,2023,77.66808099
UNITDSPR,United Spirits Limited,Q1 FY24,9,Apr-Jun 2023,2023-06-30,2023-07-20,16:12,After close,Brew/Distilleries,FMCG,Nifty 500,Company,69861.82500000,2023-07-18,2023-07-19,2023-07-20,2023-07-21,2023-07-21,1901,1902,1903,1904,1904,0.01109028,0.00422267,0.06563766,0.08095061,0.06563766,0.02046049,0.00197104,-0.00011004,0.08106066,0.07897957,True,-0.18550615,0.79075883,0.00290075,3.63715953,61.48184898,-0.02617776,-0.03517636,-0.01737945,True,1901,67.36420000,7.73574178,-3.51762628,-1.77969106,-1.92793522,-3.68762628,-1.92793522,True,True,True,False,2023,67.36416148
COLPAL,Colgate Palmolive (India) Limited,Q1 FY24,9,Apr-Jun 2023,2023-06-30,2023-07-26,18:42,After close,Personal Care,FMCG,Nifty FMCG,Company,51369.92000000,2023-07-24,2023-07-25,2023-07-26,2023-07-27,2023-07-27,1905,1906,1907,1908,1908,0.00553320,-0.00813565,0.06280527,0.06020282,0.06280527,0.02728817,-0.00504754,-0.00060271,0.06080553,0.06525036,True,0.10599845,0.30528926,-0.01996106,-0.13452660,49.05688774,-0.00364654,-0.01473600,0.00530988,True,1905,80.36690000,6.87916588,-1.47359581,-2.00458802,0.34099221,-1.64359581,0.34099221,True,True,True,False,2023,80.36694237
RECLTD,REC Limited,Q1 FY24,9,Apr-Jun 2023,2023-06-30,2023-07-26,15:48,After close,Financial Institution,NBFCs,Nifty 500,NBFC / financial,45541.53990000,2023-07-24,2023-07-25,2023-07-26,2023-07-27,2023-07-27,1905,1906,1907,1908,1908,-0.00462561,0.00813244,0.08441371,0.08792054,0.08441371,0.00115241,0.00321754,-0.00060271,0.08852325,0.08470300,True,0.16742494,0.20939548,0.08244607,-0.03174821,4.07822877,0.06030818,0.27151966,0.29156554,True,1905,68.49500000,9.04000588,27.15196411,-2.00458802,28.96655213,26.98196411,3.09511797,True,True,True,False,2023,68.49500083
LICHSGFIN,LIC Housing Finance Limited,Q1 FY24,9,Apr-Jun 2023,2023-06-30,2023-08-03,19:12,After close,Finance - Housing,NBFCs,Nifty Financial Services,NBFC / financial,23006.72000000,2023-08-01,2023-08-02,2023-08-03,2023-08-04,2023-08-04,1911,1912,1913,1914,1914,-0.00873206,-0.04826837,0.08190694,0.02490651,0.08190694,-0.01103081,-0.01662041,-0.01092701,0.03583351,0.04152692,True,0.27620330,0.42309020,0.05100356,0.10761014,7.95870982,-0.00398453,0.04957225,0.04896765,True,1911,71.42350000,7.49234904,4.95721449,0.06046011,4.70675438,4.78721449,4.70675438,True,True,True,False,2023,71.42353157
BHARATFORG,Bharat Forge Limited,Q1 FY24,9,Apr-Jun 2023,2023-06-30,2023-08-09,12:51,During market,Castings/Forgings,,Nifty Auto,Company,42382.09770000,2023-08-07,2023-08-08,2023-08-09,2023-08-10,2023-08-09,1915,1916,1917,1918,1917,-0.00488904,0.06331769,-0.01308275,0.04534590,0.06331769,0.00000000,0.00354714,-0.00275324,0.04809914,0.04179876,True,0.35974678,0.87663489,0.06839779,-0.10859113,70.86371148,0.02130458,0.16296686,0.14880073,True,1915,65.54110000,6.01650521,14.87384062,0.48134348,14.20249714,14.70384062,5.53963467,True,True,True,False,2023,65.54112394
NMDC,NMDC Limited,Q1 FY24,9,Apr-Jun 2023,2023-06-30,2023-08-11,16:33,After close,Mining,Metals,Nifty Metal,Company,33014.33550000,2023-08-09,2023-08-10,2023-08-11,2023-08-14,2023-08-14,1917,1918,1919,1920,1920,0.00932091,0.00043975,0.04351648,0.05327714,0.04351648,0.01098901,-0.01968180,-0.01010871,0.06338585,0.07295894,True,0.13165110,0.14597436,-0.07805181,-0.28597729,5.83311728,0.01853412,0.14995788,0.12121268,True,1917,53.91690000,4.31948043,14.99580742,2.87451986,11.93128756,14.82580742,2.83636215,True,True,True,False,2023,53.91685102
BAJAJ-AUTO,Bajaj Auto Limited,Q2 FY24,10,Jul-Sep 2023,2023-09-30,2023-10-18,16:49,After close,Automobiles - 2 And 3 Wheelers,,Nifty Auto,Company,143650.30320000,2023-10-16,2023-10-17,2023-10-18,2023-10-19,2023-10-19,1962,1963,1964,1965,1965,0.01271495,-0.00075857,0.06720391,0.07916029,0.06720391,0.03166029,0.00596677,-0.00540387,0.08456416,0.07319352,True,0.06229031,0.17483018,0.05104098,0.22863625,21.96145298,-0.01989020,0.02715865,0.02170124,True,1962,58.89020000,6.95626903,2.71585285,0.54574083,1.98011203,2.54585285,1.98011203,True,True,True,False,2023,58.89023252
ALKEM,Alkem Laboratories Limited,Q2 FY24,10,Jul-Sep 2023,2023-09-30,2023-11-07,13:51,During market,Pharmaceuticals,Pharma,Nifty Pharma,Company,45535.99725000,2023-11-03,2023-11-06,2023-11-07,2023-11-08,2023-11-07,1975,1976,1977,1978,1977,0.00426627,0.05284691,0.05098886,0.10810204,0.05284691,0.00000000,0.04076215,0.01105598,0.09704606,0.06733989,True,0.11716682,0.87558941,0.15919629,1.16412653,39.82995753,0.02651972,0.15517282,0.08020432,True,1975,67.03210000,5.31070517,17.34267052,7.88902802,9.26364250,17.17267052,4.71926477,True,True,True,False,2023,67.03210089
HINDPETRO,Hindustan Petroleum Corporation Limited,Q2 FY24,10,Jul-Sep 2023,2023-09-30,2023-11-06,19:28,After close,Refineries,,Nifty Oil & Gas,Company,36201.39600000,2023-11-02,2023-11-03,2023-11-06,2023-11-07,2023-11-07,1974,1975,1976,1977,1977,0.00920846,0.01766647,0.06314384,0.09001877,0.06314384,0.01144601,0.02715037,0.01424773,0.07577104,0.06286840,True,-0.10110685,,-0.13840750,-0.13872441,4.33945140,0.08828279,0.37897003,0.30007975,True,1974,52.26830000,6.34039517,37.89701794,7.88902802,29.81798993,37.72701794,7.10287477,True,True,True,False,2023,52.26831762
TRENT,Trent Limited,Q2 FY24,10,Jul-Sep 2023,2023-09-30,2023-11-07,14:04,During market,Miscellaneous,,Nifty 500,Company,78085.57500000,2023-11-03,2023-11-06,2023-11-07,2023-11-08,2023-11-07,1975,1976,1977,1978,1977,0.01670840,0.08543794,0.01190182,0.11404815,0.08543794,0.00055973,0.01515834,0.01105598,0.10299217,0.09888981,True,0.52730010,1.52343582,0.13470326,0.35306664,164.22818474,0.04089121,0.15995678,0.08498829,True,1975,65.70800000,8.56980517,18.31066420,7.88902802,10.23163618,18.14066420,5.19149461,True,True,True,False,2023,65.70798223
PFC,Power Finance Corporation Limited,Q2 FY24,10,Jul-Sep 2023,2023-09-30,2023-11-08,19:44,After close,Financial Institution,NBFCs,Nifty 500,NBFC / financial,86050.10750000,2023-11-06,2023-11-07,2023-11-08,2023-11-09,2023-11-09,1976,1977,1978,1979,1979,0.00882071,0.00190078,0.05217226,0.06289375,0.05217226,0.01309050,0.00347438,-0.00084288,0.06373663,0.05941937,True,0.15799245,0.68430294,0.06661954,0.44836244,4.66917828,0.11900469,0.38694555,0.30578671,True,1976,62.85840000,5.46512776,38.69455498,8.11588375,30.38867124,38.52455498,3.40551556,True,True,True,False,2023,62.85840953
INFY,Infosys Limited,Q3 FY24,11,Oct-Dec 2023,2023-12-31,2024-01-11,16:09,After close,Computers - Software,IT services,Nifty IT,Company,633130.20000000,2024-01-09,2024-01-10,2024-01-11,2024-01-12,2024-01-12,2020,2021,2022,2023,2023,-0.00614660,-0.01690901,0.07934012,0.05628450,0.07934012,0.04537545,0.05354483,0.01617246,0.04011205,0.00273968,True,0.01312699,-0.07288187,-0.00443658,-0.01706375,25.26658951,0.02880174,0.04176097,0.05448103,True,2020,53.51180000,6.79136800,4.17609200,-1.27200605,5.25809805,4.00609200,2.98548774,True,True,True,False,2024,53.51179519
WIPRO,Wipro Limited,Q3 FY24,11,Oct-Dec 2023,2023-12-31,2024-01-12,15:36,After close,Computers - Software,IT services,Nifty IT,Company,236869.92000000,2024-01-10,2024-01-11,2024-01-12,2024-01-15,2024-01-15,2021,2022,2023,2024,2024,-0.01190476,0.03848728,0.06262756,0.08921009,0.06262756,0.09990332,0.06721148,0.02201187,0.06719822,0.02199860,True,-0.04407852,-0.11749484,-0.01380358,0.01810074,20.34300830,-0.03366357,0.03437121,0.05040021,True,2021,56.79390000,5.33604536,3.43712892,-1.60289988,4.85002880,3.26712892,3.37349733,True,True,True,False,2024,56.79389233
OFSS,Oracle Financial Services Software Limited,Q3 FY24,11,Oct-Dec 2023,2023-12-31,2024-01-17,19:59,After close,Computers - Software,IT services,Nifty IT,Company,43911.97711000,2024-01-15,2024-01-16,2024-01-17,2024-01-18,2024-01-18,2024,2025,2026,2027,2027,-0.03109130,0.03527448,0.28691361,0.29109679,0.28691361,0.09999607,-0.01263203,-0.02892793,0.32002472,0.30372882,True,0.25828126,0.69394279,0.26247297,0.77462953,23.92945032,0.02471927,0.20960966,0.18265768,True,2024,78.55630000,29.19993075,20.96097697,2.69519738,18.07577959,20.79097697,4.12988610,True,True,True,False,2024,78.55633300
CIPLA,Cipla Limited,Q3 FY24,11,Oct-Dec 2023,2023-12-31,2024-01-22,18:48,Non-trading day,Pharmaceuticals,Pharma,Nifty Pharma,Company,107212.04325000,2024-01-19,2024-01-20,2024-01-23,2024-01-24,2024-01-23,2028,2029,2030,2031,2030,-0.00881057,0.07046534,0.00592619,0.06758095,0.07046534,0.05223172,0.02164858,-0.00764694,0.07522789,0.04593237,True,0.13661062,0.31829305,-0.01113183,-0.06632712,31.04697739,-0.02095460,0.02536424,-0.01022362,True,2028,63.85280000,8.59021203,2.71826358,3.84320206,-1.31493849,2.54826358,-1.31493849,True,True,True,False,2024,63.85275064
PERSISTENT,Persistent Systems Limited,Q3 FY24,11,Oct-Dec 2023,2023-12-31,2024-01-20,15:43,After close,Computers - Software,IT services,Nifty IT,Company,59718.03137500,2024-01-18,2024-01-19,2024-01-20,2024-01-23,2024-01-23,2027,2028,2029,2030,2030,0.01321628,0.00709405,0.04201829,0.06232862,0.04201829,0.04007423,-0.00560600,-0.01031505,0.07264367,0.06793462,True,0.15158701,0.20247611,0.03588634,0.08685446,60.84345272,0.01196332,0.03216466,-0.00626736,True,2027,73.61200000,5.74551203,3.21647896,3.84320206,-0.81672311,3.04647896,3.48965533,True,True,True,False,2024,73.61196463
INDUSTOWER,Indus Towers Limited,Q3 FY24,11,Oct-Dec 2023,2023-12-31,2024-01-23,20:37,After close,Telecommunication - Services,,Nifty Services Sector,Company,59382.12150000,2024-01-19,2024-01-20,2024-01-23,2024-01-24,2024-01-24,2028,2029,2030,2031,2031,-0.02155661,0.00695733,0.05918931,0.04459003,0.05918931,0.03592814,-0.00405245,-0.00764694,0.05223697,0.04864248,True,0.06415373,,0.00932352,0.18985093,17.81374576,-0.04761905,-0.02087410,-0.05646196,True,2028,63.99310000,4.90592550,-2.08743165,3.55878521,-5.83621687,-2.25743165,-5.83621687,True,True,True,False,2024,63.99308707
BAJAJ-AUTO,Bajaj Auto Limited,Q3 FY24,11,Oct-Dec 2023,2023-12-31,2024-01-24,16:05,After close,Automobiles - 2 And 3 Wheelers,,Nifty Auto,Company,200764.36440000,2024-01-20,2024-01-23,2024-01-24,2024-01-25,2024-01-25,2029,2030,2031,2032,2032,0.00010571,0.01648135,0.05332843,0.06991549,0.05332843,0.02040109,-0.00174027,-0.01003085,0.07994634,0.07165576,True,0.30549743,0.38019963,0.12244516,0.00622262,29.34452234,0.01851925,0.11049029,0.07020948,True,2029,62.48890000,5.80524718,11.04901930,4.02808089,6.83093841,10.87901930,3.92134489,True,True,True,False,2024,62.48892109
VOLTAS,Voltas Limited,Q3 FY24,11,Oct-Dec 2023,2023-12-31,2024-01-30,19:14,After close,Engineering,,Nifty India Manufacturing,Company,33252.01600000,2024-01-25,2024-01-29,2024-01-30,2024-01-31,2024-01-31,2032,2033,2034,2035,2035,0.03501791,-0.02258747,0.07458944,0.08701988,0.07458944,-0.01563576,0.02446214,0.01757694,0.06944294,0.06255774,True,0.30918773,,0.14522735,-1.82906216,166.55988780,-0.04927934,0.01638069,0.00600358,True,2032,52.99720000,6.51293566,1.63806265,1.03771110,0.41035156,1.46806265,0.41035156,True,True,True,False,2024,52.99717008
GODREJCP,Godrej Consumer Products Limited,Q3 FY24,11,Oct-Dec 2023,2023-12-31,2024-01-31,16:29,After close,Personal Care,FMCG,Nifty FMCG,Company,119449.90600000,2024-01-29,2024-01-30,2024-01-31,2024-02-01,2024-02-01,2033,2034,2035,2036,2036,0.00316754,-0.00648575,0.07760694,0.07428873,0.07760694,0.04110119,0.00148753,-0.00175396,0.07604269,0.07280120,True,0.01687173,0.06355017,0.01601632,0.34265314,68.25435897,-0.02981149,0.00251086,-0.01064045,True,2033,60.02150000,7.89072033,0.25108020,1.31513150,-1.25405130,0.08108020,-1.25405130,True,True,True,False,2024,60.02153037
TMPV,Tata Motors Passenger Vehicles Limited,Q3 FY24,11,Oct-Dec 2023,2023-12-31,2024-02-02,16:13,After close,Automobiles - 4 Wheelers,,Nifty Auto,Company,338741.44100000,2024-01-31,2024-02-01,2024-02-02,2024-02-05,2024-02-05,2035,2036,2037,2038,2038,-0.00644651,0.00028458,0.05467994,0.04851801,0.05467994,0.06287340,0.02007682,0.00214883,0.04636918,0.02844120,True,0.24962032,1.37518553,0.05183098,0.86639479,22.09332201,-0.01640052,0.06641131,0.03854486,True,2035,78.07860000,5.84366837,6.64112412,2.78664505,3.66447907,6.47112412,3.66447907,True,True,True,False,2024,78.07863757
CUMMINSIND,Cummins India Limited,Q3 FY24,11,Oct-Dec 2023,2023-12-31,2024-02-07,20:45,After close,Diesel Engines,,Nifty India Manufacturing,Company,65147.54400000,2024-02-05,2024-02-06,2024-02-07,2024-02-08,2024-02-08,2038,2039,2040,2041,2041,0.02197685,-0.00068697,0.07709774,0.09838762,0.07709774,0.09970002,0.01141668,-0.00239847,0.10078610,0.08697094,True,0.16308168,0.20567907,0.32256772,0.51602905,45.06858708,0.01860555,0.07699449,0.04217997,True,2038,76.33860000,8.67896815,7.69943046,3.48145198,4.02797848,7.52943046,4.30242884,True,True,True,False,2024,76.33858753
NATIONALUM,National Aluminium Company Limited,Q3 FY24,11,Oct-Dec 2023,2023-12-31,2024-02-13,20:09,After close,Aluminium,Metals,Nifty Metal,Company,28927.08000000,2024-02-09,2024-02-12,2024-02-13,2024-02-14,2024-02-14,2042,2043,2044,2045,2045,-0.09079365,-0.00872905,0.09827404,-0.00124866,0.09827404,0.02853117,-0.02698859,0.00269502,-0.00394368,0.02573993,True,0.01730102,0.83602528,0.09971677,1.51192954,22.73372995,0.00898012,-0.12668377,-0.13390216,True,2042,67.55890000,9.38220436,-12.66836311,0.72183901,-13.58020211,-12.83836311,3.28512229,True,True,True,False,2024,67.55890606
NMDC,NMDC Limited,Q3 FY24,11,Oct-Dec 2023,2023-12-31,2024-02-14,17:25,After close,Mining,Metals,Nifty Metal,Company,67420.75350000,2024-02-12,2024-02-13,2024-02-14,2024-02-15,2024-02-15,2043,2044,2045,2046,2046,-0.01412736,0.03858025,0.04839737,0.07285025,0.04839737,0.05625133,0.00151501,0.01357364,0.05927661,0.07133524,True,0.45427810,0.65898623,0.34776456,0.44598729,11.45267518,-0.03219275,-0.18222312,-0.19298953,True,2043,57.01050000,4.51602279,-18.22231573,1.07664046,-19.48895619,-18.39231573,-19.48895619,True,True,True,False,2024,57.01054071
RECLTD,REC Limited,Q4 FY24,12,Jan-Mar 2024,2024-03-31,2024-04-30,14:11,During market,Financial Institution,NBFCs,Nifty 500,NBFC / financial,120338.15400000,2024-04-26,2024-04-29,2024-04-30,2024-05-02,2024-04-30,2093,2094,2095,2096,2095,0.01312910,0.09535637,0.09218180,0.20066727,0.09535637,0.00215983,0.01168770,0.01018182,0.19048546,0.18897957,True,0.23763602,0.33070070,0.05189362,0.23294201,9.16391537,-0.07690919,-0.01110309,-0.00405838,True,2093,54.93280000,9.70588828,12.14629475,0.44171937,11.51457538,11.97629475,8.83640700,True,True,True,False,2024,54.93282012
COALINDIA,Coal India Limited,Q4 FY24,12,Jan-Mar 2024,2024-03-31,2024-05-02,18:13,After close,Mining,Metals,Nifty Metal,Company,279325.73725000,2024-04-29,2024-04-30,2024-05-02,2024-05-03,2024-05-03,2094,2095,2096,2097,2097,0.00231660,-0.00088048,0.04560476,0.04704089,0.04560476,0.00881251,0.00092302,-0.00739463,0.05443551,0.04611786,True,-0.01944704,0.56910159,0.03475192,-0.04267084,9.50953427,-0.05309735,0.03497682,0.03253643,True,2094,56.38500000,5.32146763,3.49768242,0.24403971,3.06364271,3.32768242,2.95510966,True,True,True,False,2024,56.38496313
GODREJCP,Godrej Consumer Products Limited,Q4 FY24,12,Jan-Mar 2024,2024-03-31,2024-05-06,18:45,After close,Personal Care,FMCG,Nifty FMCG,Company,126141.92400000,2024-05-02,2024-05-03,2024-05-06,2024-05-07,2024-05-07,2096,2097,2098,2099,2099,0.01451391,-0.00083919,0.05775307,0.07142778,0.05775307,0.01719794,0.02336390,-0.01533181,0.08675959,0.04806388,True,0.05795023,-5.18722077,-0.07487895,-4.25820053,70.67605937,-0.01168374,0.01973759,0.03847988,True,2096,56.45370000,6.40001202,1.97376124,-1.87422935,3.65799059,1.80376124,3.65799059,True,True,True,False,2024,56.45367445
BHARATFORG,Bharat Forge Limited,Q4 FY24,12,Jan-Mar 2024,2024-03-31,2024-05-08,13:03,During market,Castings/Forgings,,Nifty Auto,Company,58129.87340000,2024-05-06,2024-05-07,2024-05-08,2024-05-09,2024-05-08,2098,2099,2100,2101,2100,-0.00676866,0.13323118,0.00540868,0.13187119,0.13323118,0.00165329,0.00504554,-0.02171614,0.15358733,0.12682565,True,0.14746449,-0.05851911,0.07702160,-0.10808328,60.18868765,0.04972571,0.10214121,0.06279703,True,2098,58.92170000,13.32310000,6.84975296,1.42517655,5.23457641,6.67975296,4.36276697,True,True,True,False,2024,58.92170568
TVSMOTOR,TVS Motor Company Limited,Q4 FY24,12,Jan-Mar 2024,2024-03-31,2024-05-08,16:49,After close,Automobiles - 2 And 3 Wheelers,,Nifty Auto,Company,97720.94350000,2024-05-06,2024-05-07,2024-05-08,2024-05-09,2024-05-09,2098,2099,2100,2101,2101,-0.03755743,0.00861285,0.03353116,0.00458659,0.03353116,0.01364786,0.00504554,-0.02171614,0.02630272,-0.00045895,True,0.25040093,0.15138352,-0.00706648,-0.19168668,59.75025436,0.03115914,0.16214383,0.12279964,True,2098,51.77850000,4.90003178,16.21437175,3.93441876,12.08995298,16.04437175,3.34997337,True,True,True,False,2024,51.77850431
POLYCAB,Polycab India Limited,Q4 FY24,12,Jan-Mar 2024,2024-03-31,2024-05-10,11:44,During market,Electrical Equipment,,Nifty India Manufacturing,Company,88919.77126500,2024-05-08,2024-05-09,2024-05-10,2024-05-13,2024-05-10,2100,2101,2102,2103,2102,-0.01993566,0.06067890,0.04471502,0.08545826,0.06067890,0.00697855,0.00518591,-0.00880472,0.09426298,0.08027235,True,0.29331812,0.28547192,0.28831555,0.32252440,53.48751673,0.01016187,0.05722372,0.00496406,True,2100,75.85180000,5.62293953,11.22222167,5.59935979,5.43286188,11.05222167,4.06001028,True,True,True,False,2024,75.85183589
ABB,ABB India Limited,Q4 FY24,12,Jan-Mar 2024,2024-03-31,2024-05-10,17:09,After close,Electrical Equipment,,Nifty India Manufacturing,Company,152287.23250000,2024-05-08,2024-05-09,2024-05-10,2024-05-13,2024-05-13,2100,2101,2102,2103,2103,-0.02805858,0.02766603,0.11226814,0.11187559,0.11226814,0.05177374,0.00518591,-0.00880472,0.12068031,0.10668968,True,0.27751627,0.87549512,0.11708837,0.35619796,122.60958295,0.05415662,0.00973166,-0.04252799,True,2100,72.27420000,11.00531028,0.97320512,5.22596538,-4.44276026,0.80320512,3.02035991,True,True,True,False,2024,72.27420486
HAL,Hindustan Aeronautics Limited,Q4 FY24,12,Jan-Mar 2024,2024-03-31,2024-05-16,14:16,During market,Aerospace & Defence,,Nifty India Defence,Company,272507.78660000,2024-05-14,2024-05-15,2024-05-16,2024-05-17,2024-05-16,2104,2105,2106,2107,2106,0.02641912,0.10074480,-0.01563959,0.11152433,0.10074480,0.00780662,0.08401959,0.01115732,0.10036701,0.02750473,True,0.18200401,0.52187780,1.43657280,2.41581576,44.36568434,0.14011298,0.14759362,0.10310437,True,2104,68.73790000,9.15875692,10.77388339,4.44142413,6.14245926,10.60388339,3.12955954,True,True,True,False,2024,68.73791248
CONCOR,Container Corporation of India Limited,Q4 FY24,12,Jan-Mar 2024,2024-03-31,2024-05-16,18:29,After close,Travel And Transport,,Nifty Services Sector,Company,62581.20300000,2024-05-14,2024-05-15,2024-05-16,2024-05-17,2024-05-17,2104,2105,2106,2107,2107,0.00009736,0.00895639,0.04887109,0.05792484,0.04887109,-0.00135083,0.01147868,0.01115732,0.04676752,0.04644616,True,0.06445912,0.13546145,0.05182374,-0.04175485,51.17944602,0.01453475,0.04857182,0.00408257,True,2104,58.00820000,4.60925597,4.85724789,4.44892527,0.21832262,4.68724789,4.28058588,True,True,True,False,2024,58.00821971
CROMPTON,Crompton Greaves Consumer Electricals Limited,Q4 FY24,12,Jan-Mar 2024,2024-03-31,2024-05-16,15:38,After close,Consumer Durables,Consumer brands,Nifty Consumer Durables,Company,21328.26300000,2024-05-14,2024-05-15,2024-05-16,2024-05-17,2024-05-17,2104,2105,2106,2107,2107,0.01485817,0.00295770,0.15570628,0.17352216,0.15570628,0.03361840,0.04993820,0.01115732,0.16236484,0.12358396,True,0.09494349,0.05489478,0.15851101,0.60902431,49.28883111,0.00216892,0.08841541,0.04392616,True,2104,67.19960000,15.29274597,8.84154939,4.44892527,4.20262412,8.67154939,3.72760280,True,True,True,False,2024,67.19964095
ZYDUSLIFE,Zydus Lifesciences Limited,Q4 FY24,12,Jan-Mar 2024,2024-03-31,2024-05-17,15:34,After close,Pharmaceuticals,Pharma,Nifty Pharma,Company,100901.46000000,2024-05-15,2024-05-16,2024-05-17,2024-05-18,2024-05-18,2105,2106,2107,2108,2108,0.01198536,0.04202180,0.04998098,0.10398814,0.04998098,0.04998098,0.01169621,0.01353393,0.09045420,0.09229193,True,0.10441863,3.20128119,0.22831395,0.57814083,33.93014325,-0.04117034,-0.02264595,-0.06957067,True,2105,54.88900000,4.83830368,-2.26458436,4.69247178,-7.14705614,-2.43458436,-7.14705614,True,True,True,False,2024,54.88901048
BEL,Bharat Electronics Limited,Q4 FY24,12,Jan-Mar 2024,2024-03-31,2024-05-20,18:10,Non-trading day,Electronics - Industrial,,Nifty India Manufacturing,Company,181429.23600000,2024-05-17,2024-05-18,2024-05-21,2024-05-22,2024-05-21,2107,2108,2109,2110,2109,0.04270749,0.05931221,0.03447018,0.13648988,0.05931221,0.09350850,0.01964837,0.00585169,0.13063819,0.11684151,True,0.32179679,0.30035021,1.05760471,1.09068382,50.82692104,0.03014810,0.09978843,0.05689930,True,2107,70.91040000,5.81100846,12.82145231,4.38078836,8.25066395,12.65145231,2.95185844,True,True,True,False,2024,70.91036384
GLENMARK,Glenmark Pharmaceuticals Limited,Q4 FY24,12,Jan-Mar 2024,2024-03-31,2024-05-24,20:24,After close,Pharmaceuticals,Pharma,Nifty Pharma,Company,28932.30095000,2024-05-22,2024-05-23,2024-05-24,2024-05-27,2024-05-27,2110,2111,2112,2113,2113,0.00219437,0.00817439,0.08055019,0.09091895,0.08055019,-0.00458494,-0.01066590,0.01483355,0.07608540,0.10158485,True,-0.09211300,,0.22190560,,,0.05069454,0.08388048,0.04948162,True,2110,50.62520000,8.16239419,8.38804688,3.43988540,4.75816148,8.21804688,3.64335605,True,True,True,False,2024,50.62519288
MOTHERSON,Samvardhana Motherson International Limited,Q4 FY24,12,Jan-Mar 2024,2024-03-31,2024-05-29,14:35,During market,Auto Ancillaries,,Nifty Auto,Company,97377.15540000,2024-05-27,2024-05-28,2024-05-29,2024-05-30,2024-05-29,2113,2114,2115,2116,2115,-0.01183020,0.04014085,0.02708192,0.05539257,0.04014085,-0.00105634,-0.01707651,-0.01946248,0.07485504,0.07246908,True,0.20382616,1.09771240,0.05294900,1.53122002,48.72902279,0.00494397,0.25451549,0.18683913,True,2113,76.46890000,4.81558646,34.42789645,5.90098085,28.33691560,34.25789645,3.46975509,True,True,True,False,2024,76.46891381
TCS,Tata Consultancy Services Limited,Q1 FY25,13,Apr-Jun 2024,2024-06-30,2024-07-11,15:38,After close,Computers - Software,IT services,Nifty IT,Company,1442751.00000000,2024-07-09,2024-07-10,2024-07-11,2024-07-12,2024-07-12,2143,2144,2145,2146,2146,-0.01915694,0.00372204,0.06632770,0.05089279,0.06632770,0.01434870,0.03637257,0.00285717,0.04803562,0.01452022,True,0.05442818,0.08723135,0.02247008,-0.03168731,31.42700619,0.02471349,0.00279640,0.00912850,True,2143,59.37180000,5.86701748,0.27965217,-0.63320974,0.72286191,0.10965217,3.09487790,True,True,True,False,2024,59.37175909
ICICIPRULI,ICICI Prudential Life Insurance Company Limited,Q1 FY25,13,Apr-Jun 2024,2024-06-30,2024-07-23,18:20,After close,Insurance,Insurers,Nifty Financial Services,,,2024-07-19,2024-07-22,2024-07-23,2024-07-24,2024-07-24,2150,2151,2152,2153,2153,-0.01492073,0.00725781,0.08748434,0.07982141,0.08748434,-0.00532581,-0.01833238,-0.00479255,0.08461396,0.09815379,True,,,,,,0.06006482,0.05581563,0.03951317,True,2150,60.51230000,9.01621000,5.58156979,1.63024556,3.76132423,5.41156979,3.61422250,True,True,True,False,2024,60.51234345
PETRONET,Petronet LNG Limited,Q1 FY25,13,Apr-Jun 2024,2024-06-30,2024-07-24,14:09,During market,Gas,,Nifty Oil & Gas,Company,51202.50000000,2024-07-22,2024-07-23,2024-07-24,2024-07-25,2024-07-24,2151,2152,2153,2154,2153,-0.02285045,0.05111677,0.04207074,0.07033706,0.05111677,0.00014990,0.02706030,-0.00421310,0.07455016,0.04327676,True,0.15088304,0.34931891,-0.02740706,0.44613634,14.01874916,0.00656904,0.01491720,-0.00217074,True,2151,58.39330000,5.37946000,8.72789882,1.63024556,6.90765326,8.55789882,4.04738110,True,True,True,False,2024,58.39331846
UNITDSPR,United Spirits Limited,Q1 FY25,13,Apr-Jun 2024,2024-06-30,2024-07-23,19:31,After close,Brew/Distilleries,FMCG,Nifty 500,Company,94086.87500000,2024-07-19,2024-07-22,2024-07-23,2024-07-24,2024-07-24,2150,2151,2152,2153,2153,0.00797534,0.01827077,0.03817568,0.06442179,0.03817568,0.02102102,0.00298080,-0.00479255,0.06921434,0.06144099,True,0.07396185,0.01741137,-0.04192904,1.01244813,66.86105387,0.02201974,0.04986079,0.03355834,True,2150,59.09870000,4.08535000,4.98608427,1.63024556,3.16583871,4.81608427,4.24787110,True,True,True,False,2024,59.09869481
MPHASIS,MphasiS Limited,Q1 FY25,13,Apr-Jun 2024,2024-06-30,2024-07-25,22:23,After close,Computers - Software,IT services,Nifty IT,Company,55513.60357500,2024-07-23,2024-07-24,2024-07-25,2024-07-26,2024-07-26,2152,2153,2154,2155,2155,-0.02291337,-0.00879837,0.06510581,0.03339408,0.06510581,-0.01567883,0.02328665,0.01458642,0.01880766,0.01010742,True,0.05241403,0.02135073,0.00305066,0.02871181,35.70419957,-0.08399894,-0.00331705,-0.01039380,True,2152,82.63590000,4.75384705,-0.33169150,0.70767490,-1.22936640,-0.50169150,-1.22936640,True,True,True,False,2024,82.63588566
COLPAL,Colgate Palmolive (India) Limited,Q1 FY25,13,Apr-Jun 2024,2024-06-30,2024-07-29,17:43,After close,Personal Care,FMCG,Nifty FMCG,Company,85746.64000000,2024-07-25,2024-07-26,2024-07-29,2024-07-30,2024-07-30,2154,2155,2156,2157,2157,0.00404447,0.01415392,0.04876947,0.06696787,0.04876947,0.02803738,-0.00505829,0.01847126,0.04849661,0.07202616,True,0.13072745,0.32994738,0.00449661,-0.04170397,64.77995860,0.00715866,0.06773997,0.05989318,True,2154,72.66490000,4.79159038,6.77400917,0.78467895,5.79933023,6.60400917,3.08274133,True,True,True,False,2024,72.66491436
MARICO,Marico Limited,Q1 FY25,13,Apr-Jun 2024,2024-06-30,2024-08-05,13:55,During market,Personal Care,FMCG,Nifty FMCG,Company,87062.10000000,2024-08-01,2024-08-02,2024-08-05,2024-08-06,2024-08-05,2159,2160,2161,2162,2161,-0.01852126,0.01471920,-0.06494086,-0.06874292,0.01471920,-0.00943539,-0.00916563,-0.04113037,-0.02761255,-0.05957729,True,0.06701655,0.08665105,0.16022827,0.45911950,58.78602296,0.05099443,0.02720764,-0.02306422,True,2159,60.96090000,4.15056729,-4.77573750,5.08925157,-10.05498906,-4.94573750,-10.05498906,True,True,True,False,2024,60.96090582
TRENT,Trent Limited,Q1 FY25,13,Apr-Jun 2024,2024-06-30,2024-08-09,12:42,During market,Miscellaneous,,Nifty 500,Company,194545.59750000,2024-08-07,2024-08-08,2024-08-09,2024-08-12,2024-08-09,2163,2164,2165,2166,2165,0.03136621,0.11184245,0.01705084,0.16025950,0.11184245,0.01678744,0.00299133,0.00211683,0.15814267,0.15726818,True,0.56159140,1.26291215,0.24463717,-0.44255428,130.84853208,0.06448252,0.11838899,0.08988035,True,2163,51.79850000,10.14551360,13.72512164,2.33466708,11.20045456,13.55512164,3.32569226,True,True,True,False,2024,51.79854156
JUBLFOOD,Jubilant Foodworks Limited,Q1 FY25,13,Apr-Jun 2024,2024-06-30,2024-08-09,16:07,After close,Food And Food Processing,FMCG,Nifty FMCG,Company,40072.38685000,2024-08-07,2024-08-08,2024-08-09,2024-08-12,2024-08-12,2163,2164,2165,2166,2166,-0.01663099,0.00284662,0.08757722,0.07379285,0.08757722,0.02930372,-0.01050953,0.00211683,0.07167602,0.08430238,True,0.44848495,0.92966075,0.22906135,-0.73110507,100.34553380,-0.03999386,0.02226146,-0.00624719,True,2163,62.30000000,8.84184845,2.22613530,2.85086458,-0.81472929,2.05613530,-0.81472929,True,True,True,False,2024,62.30000320
COFORGE,Coforge Limited,Q2 FY25,14,Jul-Sep 2024,2024-09-30,2024-10-22,23:32,After close,Computers - Software,IT services,Nifty IT,Company,48093.36800000,2024-10-18,2024-10-21,2024-10-22,2024-10-23,2024-10-23,2213,2214,2215,2216,2216,-0.05341590,-0.00366287,0.11140032,0.05432155,0.11140032,0.02186684,0.00313613,-0.01689990,0.07122144,0.05118541,True,0.34535630,0.07610431,0.27553316,0.51801802,60.04915470,0.02442510,0.10184181,0.12345994,True,2213,57.15390000,11.28955807,10.18418379,-2.16181375,12.15599755,10.01418379,3.26110608,True,True,True,False,2024,57.15387054
MFSL,Max Financial Services Limited,Q2 FY25,14,Jul-Sep 2024,2024-09-30,2024-10-22,19:12,After close,Insurance,Insurers,Nifty Financial Services,NBFC / financial,41092.96100000,2024-10-18,2024-10-21,2024-10-22,2024-10-23,2024-10-23,2213,2214,2215,2216,2216,-0.00284127,-0.01910748,0.08667606,0.06472732,0.08667606,0.02097484,-0.00774521,-0.01689990,0.08162722,0.07247253,True,0.31558189,-0.23889377,0.13336481,-0.11572001,108.23051254,-0.01501690,-0.08290746,-0.06128932,True,2213,58.61150000,8.81716807,-8.29074922,-2.16181375,-6.31893546,-8.46074922,-6.31893546,True,True,True,False,2024,58.61145548
PERSISTENT,Persistent Systems Limited,Q2 FY25,14,Jul-Sep 2024,2024-09-30,2024-10-22,15:35,After close,Computers - Software,IT services,Nifty IT,Company,84822.24075000,2024-10-18,2024-10-21,2024-10-22,2024-10-23,2024-10-23,2213,2214,2215,2216,2216,-0.04694750,-0.01704573,0.10867163,0.04467840,0.10867163,0.00990656,0.00313613,-0.01689990,0.06157830,0.04154227,True,0.20130490,0.23447210,0.05844759,0.06064325,72.42719539,-0.01764372,0.01355191,0.03517005,True,2213,57.68070000,11.01675807,1.35517998,-2.16181375,3.32699373,1.18517998,3.41805310,True,True,True,False,2024,57.68065474
KOTAKBANK,Kotak Mahindra Bank Limited,Q3 FY25,15,Oct-Dec 2024,2024-12-31,2025-01-18,13:06,Non-trading day,Banks,Banks,Nifty Bank,Bank,358965.00660000,2025-01-16,2025-01-17,2025-01-20,2025-01-21,2025-01-20,2274,2275,2276,2277,2276,-0.02600316,0.09206187,-0.01416298,0.05189573,0.09206187,0.07471853,-0.01409008,-0.01227000,0.06416573,0.06598581,True,0.13802502,0.09976340,0.01598863,-0.01163973,21.45399383,-0.00293139,0.02746527,0.03029485,True,2274,56.10740000,8.59614483,1.66101923,-1.77984343,3.25086266,1.49101923,3.87551097,True,True,True,False,2025,56.10741679
SRF,SRF Limited,Q3 FY25,15,Oct-Dec 2024,2024-12-31,2025-01-29,15:55,After close,Textiles - Synthetic,,Nifty India Consumption,Company,76191.79680000,2025-01-27,2025-01-28,2025-01-29,2025-01-30,2025-01-30,2281,2282,2283,2284,2284,0.01159353,0.02486347,0.06240501,0.09886201,0.06240501,0.01319024,0.01822975,0.01830798,0.08055403,0.08063226,True,0.14355200,0.06964448,0.01956896,0.34584450,67.46935818,0.04507002,0.00807093,0.03837050,True,2281,60.35690000,5.86749293,0.80709285,-3.02995763,3.64705049,0.63709285,3.27030062,True,True,True,False,2025,60.35686290
TATACONSUM,TATA CONSUMER PRODUCTS LIMITED,Q3 FY25,15,Oct-Dec 2024,2024-12-31,2025-01-30,17:13,After close,Food And Food Processing,FMCG,Nifty FMCG,Company,95106.07500000,2025-01-28,2025-01-29,2025-01-30,2025-01-31,2025-01-31,2282,2283,2284,2285,2285,-0.00078023,0.00645497,0.05994621,0.06562095,0.05994621,0.00341368,0.02253917,0.02383246,0.04178849,0.04308177,True,0.16815285,0.00003586,0.05436297,-0.23472916,82.68367906,-0.00126873,-0.05948373,-0.00062391,True,2282,51.98520000,4.88104767,-5.94836421,-5.88598118,-0.25238302,-6.11836421,4.33292221,True,True,True,False,2025,51.98516296
UPL,UPL Limited,Q3 FY25,15,Oct-Dec 2024,2024-12-31,2025-01-31,14:54,During market,Pesticides And Agrochemicals,,Nifty Commodities,Company,41482.50000000,2025-01-29,2025-01-30,2025-01-31,2025-02-01,2025-01-31,2283,2284,2285,2286,2285,0.02504068,0.06490872,0.00041408,0.09036348,0.06490872,0.01067114,0.00746362,0.01374917,0.07661431,0.08289986,True,0.10316577,,-0.01650135,,,0.06183775,0.02102649,0.07906419,True,2283,56.33280000,5.37729767,4.83645007,-5.88598118,10.53243125,4.66645007,4.82603473,True,True,True,False,2025,56.33282618
SAIL,Steel Authority of India Limited,Q3 FY25,15,Oct-Dec 2024,2024-12-31,2025-02-11,20:48,After close,Steel And Steel Products,Metals,Nifty Metal,Company,45568.00696000,2025-02-07,2025-02-10,2025-02-11,2025-02-12,2025-02-12,2291,2292,2293,2294,2294,-0.04659173,-0.04905876,0.05728854,-0.03836195,0.05728854,0.00079984,-0.03713840,-0.02197054,-0.01639141,-0.00122355,True,0.04887951,-0.66449920,-0.00750916,-0.83909962,18.13846939,0.00737589,0.00132388,0.02944464,True,2291,53.17630000,5.84392555,0.13238520,-2.81207624,2.75446144,-0.03761480,3.25543915,True,True,True,False,2025,53.17628493
MUTHOOTFIN,Muthoot Finance Limited,Q3 FY25,15,Oct-Dec 2024,2024-12-31,2025-02-12,15:41,After close,Finance,NBFCs,Nifty Financial Services,NBFC / financial,88396.35084000,2025-02-10,2025-02-11,2025-02-12,2025-02-13,2025-02-13,2292,2293,2294,2295,2295,-0.00619933,-0.00244493,0.06182285,0.05317858,0.06182285,0.03021280,-0.00537807,-0.01500148,0.06818006,0.05855665,True,0.35856306,0.25886094,0.05293598,0.09246604,18.89525948,-0.01792648,-0.01190784,0.01078509,True,2292,52.49100000,6.24237915,-1.19078288,-2.26929323,0.88851034,-1.36078288,0.88851034,True,True,True,False,2025,52.49101770
HDFCAMC,HDFC Asset Management Company Limited,Q4 FY25,16,Jan-Mar 2025,2025-03-31,2025-04-17,18:06,After close,Capital Markets,,Nifty Financial Services,NBFC / financial,88349.14560000,2025-04-15,2025-04-16,2025-04-17,2025-04-21,2025-04-21,2333,2334,2335,2336,2336,-0.00075004,0.02130751,0.05732575,0.07788321,0.05732575,0.00403035,0.04503901,0.03382429,0.04405892,0.03284420,True,0.29611895,0.18049700,-0.03559697,-0.00452164,37.39535574,-0.00683887,0.06852325,0.04537974,True,2333,60.00510000,4.58422177,6.85232420,2.31435138,4.34797281,6.68232420,4.32443779,True,True,True,False,2025,60.00508325
AUBANK,AU Small Finance Bank Limited,Q4 FY25,16,Jan-Mar 2025,2025-03-31,2025-04-22,16:24,After close,Banks,Banks,Nifty Bank,Bank,43652.98074950,2025-04-17,2025-04-21,2025-04-22,2025-04-23,2025-04-23,2335,2336,2337,2338,2338,0.06316597,-0.01571520,0.08414793,0.13159870,0.08414793,0.01010101,0.01989905,0.01990281,0.11169589,0.11169965,True,0.50931334,0.35863067,0.03819792,-0.04683106,22.12554140,0.01976106,0.03561500,0.02407525,True,2335,62.46350000,7.74570270,3.56150711,1.15397500,2.21753211,3.39150711,3.26064900,True,True,True,False,2025,62.46349770
SBILIFE,SBI Life Insurance Company Limited,Q4 FY25,16,Jan-Mar 2025,2025-03-31,2025-04-24,20:26,After close,Insurance,Insurers,Nifty Financial Services,,,2025-04-22,2025-04-23,2025-04-24,2025-04-25,2025-04-25,2337,2338,2339,2340,2340,-0.00216183,-0.00451872,0.05403557,0.04735501,0.05403557,0.07169506,-0.02226944,-0.00524155,0.05259657,0.06962446,True,,,,,,0.04412719,0.06282815,0.02281875,True,2337,66.59690000,6.25872792,6.28280635,4.00094013,2.09186622,6.11280635,2.09186622,True,True,True,False,2025,66.59692169
RBLBANK,RBL Bank Limited,Q4 FY25,16,Jan-Mar 2025,2025-03-31,2025-04-25,17:00,After close,Banks,Banks,Nifty Bank,Bank,11649.12759000,2025-04-23,2025-04-24,2025-04-25,2025-04-28,2025-04-28,2338,2339,2340,2341,2341,0.03464288,-0.05153547,0.10106864,0.08417604,0.10106864,0.03088947,0.00128295,0.00009577,0.08408027,0.08289309,True,0.04087341,-0.80518376,-0.01718165,1.10542446,11.89524011,-0.04785128,0.01854177,-0.00191572,True,2338,68.85400000,8.90408046,1.85417715,2.04574881,-0.38157166,1.68417715,-0.38157166,True,True,True,False,2025,68.85401344
RELIANCE,Reliance Industries Limited,Q4 FY25,16,Jan-Mar 2025,2025-03-31,2025-04-25,20:05,After close,Refineries,,Nifty Oil & Gas,Company,1759160.00000000,2025-04-23,2025-04-24,2025-04-25,2025-04-28,2025-04-28,2338,2339,2340,2341,2341,0.00123077,-0.00092194,0.05259920,0.05290803,0.05259920,0.03045217,0.01644100,0.00009577,0.05281226,0.03646703,True,0.09911306,0.02406205,0.08491583,0.04676375,25.42432651,0.03806254,0.03893922,0.01848173,True,2338,62.76080000,4.05710046,3.89392837,2.04574881,1.65817956,3.72392837,3.65102367,True,True,True,False,2025,62.76075509
PNBHOUSING,PNB Housing Finance Limited,Q4 FY25,16,Jan-Mar 2025,2025-03-31,2025-04-28,18:38,After close,Finance - Housing,NBFCs,Nifty Financial Services,NBFC / financial,26215.97610000,2025-04-24,2025-04-25,2025-04-28,2025-04-29,2025-04-29,2339,2340,2341,2342,2342,-0.03682411,0.01497376,0.04476553,0.02291518,0.04476553,0.07477820,-0.00415144,0.00378274,0.01913244,0.02706662,True,0.11707506,0.25299943,0.04124609,0.13886647,14.36483970,0.02872671,0.01494565,-0.00216895,True,2339,66.83740000,4.44592748,1.49457327,1.71145980,-0.40688652,1.32457327,4.81162093,True,True,True,False,2025,66.83742807
ADANIPORTS,Adani Ports and Special Economic Zone Limited,Q4 FY25,16,Jan-Mar 2025,2025-03-31,2025-05-01,12:56,Non-trading day,Shipping,,Nifty Services Sector,Company,262760.64600000,2025-04-29,2025-04-30,2025-05-02,2025-05-05,2025-05-02,2342,2343,2344,2345,2344,0.00008221,0.04159474,0.06313630,0.10481324,0.04159474,0.03164817,0.00340068,0.00514261,0.09967063,0.10141256,True,0.23083303,0.47780512,0.06591156,0.19599565,25.97026473,0.01113503,0.08974835,0.07930526,True,2342,55.65610000,4.10810197,13.07710957,1.65936246,11.22774711,12.90710957,5.65354576,True,True,True,False,2025,55.65612416
BSE,BSE Limited,Q4 FY25,16,Jan-Mar 2025,2025-03-31,2025-05-06,19:56,After close,Capital Markets,,Nifty Financial Services,Company,85358.47750000,2025-05-02,2025-05-05,2025-05-06,2025-05-07,2025-05-07,2344,2345,2346,2347,2347,0.02330928,-0.03230805,0.06525220,0.05625344,0.06525220,0.02001601,0.00058819,0.00279441,0.05345903,0.05566524,True,0.73360362,3.61902093,0.09450061,1.25073975,91.02476939,0.10439684,0.26137542,0.25294597,True,2344,61.51760000,6.38247771,26.13755362,0.84294515,25.10460847,25.96755362,9.10464214,True,True,True,False,2025,61.51757102
PAYTM,One 97 Communications Limited,Q4 FY25,16,Jan-Mar 2025,2025-03-31,2025-05-06,16:50,After close,Internet & E-commerce,,Nifty India Digital,Company,53065.28500000,2025-05-02,2025-05-05,2025-05-06,2025-05-07,2025-05-07,2344,2345,2346,2347,2347,0.03955345,-0.05906467,0.07197644,0.05246522,0.07197644,-0.00840646,0.00559818,0.00279441,0.04967081,0.04686704,True,-0.15685237,,0.04579276,,,-0.02610189,0.07561534,0.06718589,True,2344,50.07980000,7.05489771,7.56152791,0.84294515,6.52858276,7.39152791,4.39361277,True,True,True,False,2025,50.07983630
LT,Larsen & Toubro Limited,Q4 FY25,16,Jan-Mar 2025,2025-03-31,2025-05-09,13:40,During market,Engineering,,Nifty India Manufacturing,Company,456742.32100000,2025-05-07,2025-05-08,2025-05-09,2025-05-12,2025-05-09,2347,2348,2349,2350,2349,0.00075269,0.03610217,0.04160980,0.07846467,0.03610217,0.00213605,0.01258804,0.02147413,0.05699054,0.06587663,True,0.10903017,,0.15037628,,32.77434732,0.00362400,0.02556311,0.01840154,True,2347,52.31970000,4.70522779,6.16742127,4.14466011,1.83276116,5.99742127,3.42976153,True,True,True,False,2025,52.31968833
TITAN,Titan Company Limited,Q4 FY25,16,Jan-Mar 2025,2025-03-31,2025-05-08,22:53,After close,Gems Jewellery And Watches,Consumer brands,Nifty Consumer Durables,Company,292911.85400000,2025-05-06,2025-05-07,2025-05-08,2025-05-09,2025-05-09,2346,2347,2348,2349,2349,0.01200255,0.00910479,0.04184846,0.06295580,0.04184846,-0.00068263,0.01081754,-0.01528155,0.07823735,0.05213826,True,0.19385305,0.12970169,-0.15918828,-0.16809933,90.48867902,0.03515369,0.01412985,-0.02731675,True,2346,54.71210000,5.27985779,1.41298815,4.14466011,-2.92167197,1.24298815,-2.92167197,True,True,True,False,2025,54.71211859
ABCAPITAL,Aditya Birla Capital Limited,Q4 FY25,16,Jan-Mar 2025,2025-03-31,2025-05-13,15:47,After close,Finance,NBFCs,Nifty Financial Services,NBFC / financial,50349.95367000,2025-05-09,2025-05-12,2025-05-13,2025-05-14,2025-05-14,2349,2350,2351,2352,2352,0.06403686,-0.00316240,0.06559617,0.12647063,0.06559617,0.00541754,0.02572451,0.02789002,0.09858062,0.10074612,True,0.11646112,-0.30577079,0.30194908,0.22118644,13.55990296,0.01433610,0.12787981,0.10864351,True,2349,51.14510000,6.19934358,12.78798314,1.92363045,10.67435269,12.61798314,3.09554678,True,True,True,False,2025,51.14506366
TIINDIA,Tube Investments of India Limited,Q4 FY25,16,Jan-Mar 2025,2025-03-31,2025-05-15,16:00,After close,Auto Ancillaries,,Nifty Auto,Company,57933.90000000,2025-05-13,2025-05-14,2025-05-15,2025-05-16,2025-05-16,2351,2352,2353,2354,2354,0.01503006,-0.04238236,0.04618239,0.01883009,0.04618239,0.00061851,0.03359446,0.01793643,0.00089366,-0.01476437,True,0.14695631,-0.75449797,0.07018382,-0.75964668,71.07233113,0.00072259,-0.03560402,-0.02356555,True,2351,62.78600000,4.78702075,-3.56042152,-1.20384655,-2.54657496,-3.73042152,-2.54657496,True,True,True,False,2025,62.78597950
DELHIVERY,Delhivery Limited,Q4 FY25,16,Jan-Mar 2025,2025-03-31,2025-05-16,16:52,After close,Travel And Transport,,Nifty Services Sector,Company,24063.32995000,2025-05-14,2025-05-15,2025-05-16,2025-05-19,2025-05-19,2352,2353,2354,2355,2355,0.00046303,-0.01002777,0.09474832,0.08518359,0.09474832,0.04675082,0.00786158,0.01136202,0.07382157,0.07732201,True,0.05590211,,-0.07851497,1.90367376,1141.36175829,0.03217082,0.04000000,0.03995791,True,2352,71.98990000,9.77199465,3.99998222,0.00420918,3.80577303,3.82998222,3.64746656,True,True,True,False,2025,71.98993902
DIVISLAB,Divi's Laboratories Limited,Q4 FY25,16,Jan-Mar 2025,2025-03-31,2025-05-17,13:31,Non-trading day,Pharmaceuticals,Pharma,Nifty Pharma,Company,164684.25000000,2025-05-15,2025-05-16,2025-05-19,2025-05-20,2025-05-19,2353,2354,2355,2356,2355,0.01045941,0.04785413,-0.01937690,0.03893664,0.04785413,0.01918943,-0.00892533,-0.01514433,0.05408097,0.04786197,True,0.12244898,0.23048327,0.11470461,0.12393888,79.67307692,0.03804727,0.01325068,0.00638385,True,2353,60.71240000,5.08257465,1.63374264,0.00420918,1.43953346,1.46374264,1.43953346,True,True,True,False,2025,60.71243472
ASTRAL,Astral Limited,Q4 FY25,16,Jan-Mar 2025,2025-03-31,2025-05-21,16:20,After close,Plastic And Plastic Products,,Nifty 500,Company,38173.79000000,2025-05-19,2025-05-20,2025-05-21,2025-05-22,2025-05-22,2355,2356,2357,2358,2358,-0.03798182,0.00915617,0.04696233,0.01813668,0.04696233,0.00602453,-0.01179959,-0.01344779,0.03158447,0.02993626,True,0.03464402,-0.01266520,0.20357910,0.57142857,72.55995058,0.04118136,0.05345258,0.04599414,True,2355,63.32270000,5.51735725,5.34524153,0.74584412,4.40939741,5.17524153,2.81587025,True,True,True,False,2025,63.32265031
LICI,Life Insurance Corporation Of India,Q4 FY25,16,Jan-Mar 2025,2025-03-31,2025-05-27,18:16,After close,Insurance,Insurers,Nifty Financial Services,,,2025-05-23,2025-05-26,2025-05-27,2025-05-28,2025-05-28,2359,2360,2361,2362,2362,0.01139204,0.00137923,0.08120516,0.09397643,0.08120516,0.02381636,-0.00123800,-0.00401335,0.09798978,0.09521443,True,,,,,,0.01194268,0.00966030,-0.01022864,True,2359,64.70950000,8.41758520,0.96603599,1.98889403,-1.21285804,0.79603599,-1.21285804,True,True,True,False,2025,64.70953906
CUMMINSIND,Cummins India Limited,Q4 FY25,16,Jan-Mar 2025,2025-03-31,2025-05-28,20:22,After close,Diesel Engines,,Nifty India Manufacturing,Company,81624.31200000,2025-05-26,2025-05-27,2025-05-28,2025-05-29,2025-05-29,2360,2361,2362,2363,2363,0.00995042,0.00073977,0.06495077,0.07564096,0.06495077,0.00806425,-0.00000996,-0.00668987,0.08233083,0.07565092,True,0.06526895,-0.01737000,-0.20211230,-0.05185689,40.62325785,0.05672998,0.06158894,0.03278120,True,2360,52.48390000,6.16723367,6.15890564,2.88077443,3.08813121,5.98890564,3.25797192,True,True,True,False,2025,52.48385787
NBCC,NBCC (India) Limited,Q4 FY25,16,Jan-Mar 2025,2025-03-31,2025-05-29,19:19,After close,Construction,,Nifty Infrastructure,Company,31041.90000000,2025-05-27,2025-05-28,2025-05-29,2025-05-30,2025-05-30,2361,2362,2363,2364,2364,0.00547969,0.00519031,0.06161790,0.07228790,0.06161790,0.01376936,-0.00197919,-0.00303041,0.07531831,0.07426709,True,0.15357051,0.29271366,0.64224104,0.27038357,61.92323306,0.03534371,-0.00129702,-0.03713843,True,2361,68.88820000,6.49561192,-0.12968904,3.58414105,-3.90383010,-0.29968904,-3.90383010,True,True,True,False,2025,68.88815558
ETERNAL,ETERNAL LIMITED,Q1 FY26,17,Apr-Jun 2025,2025-06-30,2025-07-21,18:15,After close,Internet & E-commerce,,Nifty India Digital,Company,235502.55000000,2025-07-17,2025-07-18,2025-07-21,2025-07-22,2025-07-22,2398,2399,2400,2401,2401,-0.00943578,0.05637636,0.10342289,0.15036347,0.10342289,0.07839529,0.01470788,-0.00198610,0.15234958,0.13565560,True,0.70399429,-0.90118577,0.22869878,-0.35897436,446.87390892,0.02251501,0.08922615,0.08963914,True,2398,51.83060000,10.46106911,8.92262199,-0.04129939,8.77392138,8.75262199,4.25818171,True,True,True,False,2025,51.83063061
AMBER,Amber Enterprises India Limited,Q1 FY26,17,Apr-Jun 2025,2025-06-30,2025-07-29,13:10,During market,Consumer Durables,Consumer brands,Nifty Consumer Durables,Company,24601.52272500,2025-07-25,2025-07-28,2025-07-29,2025-07-30,2025-07-29,2404,2405,2406,2407,2406,0.02639720,0.04621258,0.02944754,0.10205731,0.04621258,-0.00006697,-0.00182463,0.00076332,0.10129400,0.10388194,True,0.43636571,0.43525681,-0.08113726,-0.10513461,101.00888792,-0.05130278,-0.09613830,-0.07891041,True,2404,50.78270000,4.05320940,-7.12503894,-1.29003147,-6.02500747,-7.29503894,-6.02500747,True,True,True,False,2025,50.78266502
DELHIVERY,Delhivery Limited,Q1 FY26,17,Apr-Jun 2025,2025-06-30,2025-08-01,16:37,After close,Travel And Transport,,Nifty Services Sector,Company,30505.40570000,2025-07-30,2025-07-31,2025-08-01,2025-08-04,2025-08-04,2407,2408,2409,2410,2410,0.03934987,0.01081717,0.07386298,0.12403001,0.07386298,0.02361289,-0.00926676,-0.00527677,0.12930678,0.13329677,True,0.05602209,0.67490204,0.04674055,0.25482035,188.17952044,0.01375650,0.03552860,0.03584005,True,2407,50.07970000,6.74556010,3.55286456,-0.03114540,3.39400996,3.38286456,3.51445891,True,True,True,False,2025,50.07971436
HEROMOTOCO,Hero MotoCorp Limited,Q1 FY26,17,Apr-Jun 2025,2025-06-30,2025-08-06,18:01,After close,Automobiles - 2 And 3 Wheelers,,Nifty Auto,Company,90718.00000000,2025-08-04,2025-08-05,2025-08-06,2025-08-07,2025-08-07,2410,2411,2412,2413,2413,0.00240305,-0.01581332,0.04152048,0.02811021,0.04152048,-0.01003374,0.00088998,-0.00512447,0.03323469,0.02722023,True,-0.04730682,0.63046783,-0.02427930,0.46839400,20.71906232,0.01017015,0.16785032,0.16065407,True,2410,63.57110000,4.06272868,16.78503785,0.71962482,15.87541303,16.61503785,5.60508164,True,True,True,False,2025,63.57113160
CUMMINSIND,Cummins India Limited,Q1 FY26,17,Apr-Jun 2025,2025-06-30,2025-08-07,17:43,After close,Diesel Engines,,Nifty India Manufacturing,Company,99556.38000000,2025-08-05,2025-08-06,2025-08-07,2025-08-08,2025-08-08,2411,2412,2413,2414,2414,0.01230684,0.01053442,0.03617311,0.05901437,0.03617311,0.02885139,-0.01916862,-0.01163057,0.07064493,0.07818299,True,0.25534212,0.30541925,0.17666918,0.14050992,49.77968339,-0.00617300,0.05387586,0.03313565,True,2411,61.71020000,4.56400288,5.38759355,2.07402117,3.12357238,5.21759355,3.12357238,True,True,True,False,2025,61.71022422
PERSISTENT,Persistent Systems Limited,Q2 FY26,18,Jul-Sep 2025,2025-09-30,2025-10-14,15:45,After close,Computers - Software,IT services,Nifty IT,Company,83794.42800000,2025-10-10,2025-10-13,2025-10-14,2025-10-15,2025-10-15,2456,2457,2458,2459,2459,-0.00522612,0.00153855,0.07244422,0.06875664,0.07244422,0.03448922,-0.00578702,0.00154248,0.06721417,0.07454367,True,0.23594524,0.45069031,0.07413426,0.05180380,54.34156920,0.01944241,0.06575132,0.04259106,True,2456,56.09060000,6.53634102,6.57513677,2.31602599,4.06911078,6.40513677,3.69572846,True,True,True,False,2025,56.09064727
AUBANK,AU Small Finance Bank Limited,Q2 FY26,18,Jul-Sep 2025,2025-09-30,2025-10-17,15:56,After close,Banks,Banks,Nifty Bank,Bank,59771.93053000,2025-10-15,2025-10-16,2025-10-17,2025-10-20,2025-10-20,2459,2460,2461,2462,2462,-0.00448822,-0.00757671,0.09180390,0.07973897,0.09180390,0.03224178,0.02156843,0.02038904,0.05934993,0.05817055,True,0.15360014,-0.01810209,0.03033955,-0.03441098,27.36542491,0.01699029,0.06986824,0.06176164,True,2459,73.60540000,8.66191167,6.98682130,0.81065969,5.98616161,6.81682130,2.92645382,True,True,True,False,2025,73.60537672
BANKINDIA,Bank of India,Q2 FY26,18,Jul-Sep 2025,2025-09-30,2025-10-17,16:45,After close,Banks,Banks,Nifty Bank,Bank,57527.78194000,2025-10-15,2025-10-16,2025-10-17,2025-10-20,2025-10-20,2459,2460,2461,2462,2462,-0.00728194,-0.01841812,0.05409796,0.02839791,0.05409796,0.01137194,0.02156843,0.02038904,0.00800887,0.00682948,True,0.06059160,0.07620203,0.00293698,0.13429569,5.88916537,0.08723126,0.14502581,0.13691922,True,2459,62.95280000,4.89132167,14.50257346,0.81065969,13.50191377,14.33257346,4.06191414,True,True,True,False,2025,62.95282045
FEDERALBNK,The Federal Bank  Limited,Q2 FY26,18,Jul-Sep 2025,2025-09-30,2025-10-18,11:46,Non-trading day,Banks,Banks,Nifty Bank,Bank,52704.79500000,2025-10-16,2025-10-17,2025-10-20,2025-10-21,2025-10-20,2460,2461,2462,2463,2462,-0.00988345,0.06921556,0.00158534,0.06091745,0.06921556,0.01939919,0.01015824,0.01103760,0.04987985,0.05075921,True,0.02506811,-0.09598842,0.00830463,0.10851175,13.49982326,0.03284383,0.07689940,0.06439196,True,2460,73.77970000,6.40308167,8.34067732,0.81065969,7.34001763,8.17067732,3.28118748,True,True,True,False,2025,73.77972362
IDFCFIRSTB,IDFC First Bank Limited,Q2 FY26,18,Jul-Sep 2025,2025-09-30,2025-10-18,16:46,Non-trading day,Banks,Banks,Nifty Bank,Bank,52653.15507000,2025-10-16,2025-10-17,2025-10-20,2025-10-21,2025-10-20,2460,2461,2462,2463,2462,0.00125366,0.07025598,-0.00207981,0.06942983,0.07025598,0.01210351,0.01015824,0.01103760,0.05839223,0.05927159,True,0.10940802,0.75549355,0.03056894,-0.23836392,40.29259554,0.03360688,0.02813599,0.01562855,True,2460,51.19630000,6.50712167,3.48368609,0.81065969,2.48302640,3.31368609,6.56983107,True,True,True,False,2025,51.19634840
RBLBANK,RBL Bank Limited,Q2 FY26,18,Jul-Sep 2025,2025-09-30,2025-10-18,18:45,Non-trading day,Banks,Banks,Nifty Bank,Bank,18681.38175000,2025-10-16,2025-10-17,2025-10-20,2025-10-21,2025-10-20,2460,2461,2462,2463,2462,-0.02363488,0.09065109,-0.00612276,0.06089344,0.09065109,0.00934891,0.01015824,0.01103760,0.04985584,0.05073520,True,-0.00664414,-0.19773504,0.01929040,-0.10887036,35.63924940,-0.00323425,-0.03388264,-0.04639008,True,2460,78.06100000,8.54663167,-5.21963295,0.81065969,-6.22029264,-5.38963295,-6.22029264,True,True,True,False,2025,78.06100844
INDUSTOWER,Indus Towers Limited,Q2 FY26,18,Jul-Sep 2025,2025-09-30,2025-10-27,19:41,After close,Telecommunication - Services,,Nifty Services Sector,Company,94641.83750000,2025-10-23,2025-10-24,2025-10-27,2025-10-28,2025-10-28,2464,2465,2466,2467,2467,0.00780488,0.02696722,0.03932130,0.07409341,0.03932130,0.01535147,-0.00146806,0.00175825,0.07233516,0.07556147,True,0.09683469,-0.17279065,0.01620830,0.05901658,9.71422798,0.01723244,0.05104949,0.04067403,True,2464,56.73150000,4.04708780,5.10494888,1.03754598,3.87740290,4.93494888,2.83856859,True,True,True,False,2025,56.73146562
VBL,Varun Beverages Limited,Q2 FY26,18,Jul-Sep 2025,2025-09-30,2025-10-29,14:28,During market,Food And Food Processing,FMCG,Nifty FMCG,Company,155348.26552500,2025-10-27,2025-10-28,2025-10-29,2025-10-30,2025-10-29,2466,2467,2468,2469,2468,-0.01132034,0.09093912,-0.02058734,0.05903143,0.09093912,0.00187163,-0.00144754,-0.00336866,0.06240009,0.06047897,True,0.02345490,0.19621441,-0.29530543,-0.43722362,54.54125170,-0.03101494,-0.00762494,-0.02018780,True,2466,51.22540000,8.64010412,-5.68168814,0.62044454,-6.49213268,-5.85168814,-6.49213268,True,True,True,False,2025,51.22540937
ABCAPITAL,Aditya Birla Capital Limited,Q2 FY26,18,Jul-Sep 2025,2025-09-30,2025-10-30,14:07,During market,Finance,NBFCs,Nifty Financial Services,NBFC / financial,81596.10240000,2025-10-28,2025-10-29,2025-10-30,2025-10-31,2025-10-30,2467,2468,2469,2470,2469,-0.00575816,0.05148005,-0.00795594,0.03776596,0.05148005,0.00000000,-0.01146464,-0.00823775,0.04600371,0.04923059,True,0.02644349,-0.14552902,0.11494324,0.02414140,23.93844428,0.02884022,0.09839605,0.08075947,True,2467,65.22610000,5.82372458,9.56241843,1.25628675,8.11613168,9.39241843,4.75766033,True,True,True,False,2025,65.22608369
BHEL,Bharat Heavy Electricals Limited,Q2 FY26,18,Jul-Sep 2025,2025-09-30,2025-10-29,17:00,After close,Electrical Equipment,,Nifty India Manufacturing,Company,81828.17500000,2025-10-27,2025-10-28,2025-10-29,2025-10-30,2025-10-30,2466,2467,2468,2469,2469,0.00995745,0.03391759,0.06479482,0.10866985,0.06479482,0.03508700,0.00362690,-0.00336866,0.11203851,0.10504295,True,0.14090005,2.53170042,0.36904013,,282.36085231,0.00979754,0.11313100,0.10056814,True,2466,51.02300000,7.15519458,11.31310174,1.25628675,9.86681499,11.14310174,3.17377055,True,True,True,False,2025,51.02295554
POLICYBZR,PB Fintech Limited,Q2 FY26,18,Jul-Sep 2025,2025-09-30,2025-10-29,17:15,After close,Internet & E-commerce,,Nifty India Digital,Company,80341.19500000,2025-10-27,2025-10-28,2025-10-29,2025-10-30,2025-10-30,2466,2467,2468,2469,2469,0.01463359,-0.02907042,0.07026807,0.05583124,0.07026807,0.04496925,-0.00392863,-0.00336866,0.05919991,0.05975987,True,0.38237537,1.66153543,0.19700443,0.59427828,212.86946903,-0.03290865,-0.01387910,-0.02644197,True,2466,54.35890000,7.70252458,-1.38791656,1.25628675,-2.83420331,-1.55791656,-2.83420331,True,True,True,False,2025,54.35890373
BANKBARODA,Bank of Baroda,Q2 FY26,18,Jul-Sep 2025,2025-09-30,2025-10-31,16:44,After close,Banks,Banks,Nifty Bank,Bank,142178.26900000,2025-10-29,2025-10-30,2025-10-31,2025-11-03,2025-11-03,2468,2469,2470,2471,2471,-0.00673707,0.02071494,0.04597701,0.05995488,0.04597701,0.02191092,-0.00482876,-0.01117213,0.07112701,0.06478364,True,0.04122153,-0.08181476,0.01348665,0.05901977,7.23025153,-0.01837225,0.01957418,0.00913881,True,2468,64.87350000,4.43733207,1.95741985,1.04353665,0.72388320,1.78741985,0.72388320,True,True,True,False,2025,64.87350317
POWERINDIA,Hitachi Energy India Limited,Q2 FY26,18,Jul-Sep 2025,2025-09-30,2025-11-03,16:33,After close,Electrical Equipment,,Nifty India Manufacturing,Company,79981.18000000,2025-10-30,2025-10-31,2025-11-03,2025-11-04,2025-11-04,2469,2470,2471,2472,2472,-0.00864328,0.00793115,0.14163737,0.14092524,0.14163737,0.07204643,-0.00440275,-0.01084660,0.15177183,0.14532798,True,0.17944444,4.05565118,0.23913043,1.00881459,158.32841080,0.07630640,0.06809405,0.05292274,True,2469,51.00790000,14.80686170,6.80938948,1.51713146,5.10225802,6.63938948,4.00719578,True,True,True,False,2025,51.00786191
ASTRAL,Astral Limited,Q2 FY26,18,Jul-Sep 2025,2025-09-30,2025-11-05,16:24,Non-trading day,Plastic And Plastic Products,,Nifty 500,Company,39830.83000000,2025-11-03,2025-11-04,2025-11-06,2025-11-07,2025-11-06,2471,2472,2473,2474,2473,-0.00911731,0.06740731,-0.00561905,0.05267094,0.06740731,0.01042803,-0.01218030,-0.01054957,0.06322052,0.06485124,True,0.15105079,0.22545455,0.15883044,0.66214550,82.21017544,-0.02780453,-0.06280100,-0.09003079,True,2471,63.27220000,7.08431623,-8.00715458,2.05431659,-10.25147117,-8.17715458,-10.25147117,True,True,True,False,2025,63.27216556
PAYTM,One 97 Communications Limited,Q2 FY26,18,Jul-Sep 2025,2025-09-30,2025-11-04,21:47,After close,Internet & E-commerce,,Nifty India Digital,Company,83144.16000000,2025-10-31,2025-11-03,2025-11-04,2025-11-06,2025-11-06,2470,2471,2472,2473,2473,-0.02179251,-0.00533417,0.04148265,0.01435597,0.04148265,0.03312303,-0.00990502,-0.00826380,0.02261977,0.02426099,True,0.24194034,-0.97737800,0.07483703,-0.82857143,274.67512389,-0.00991973,0.00605785,-0.01448531,True,2470,63.56890000,4.49184623,0.60577581,2.05431659,-1.63854078,0.43577581,-1.63854078,True,True,True,False,2025,63.56890222
NATIONALUM,National Aluminium Company Limited,Q2 FY26,18,Jul-Sep 2025,2025-09-30,2025-11-07,16:20,After close,Aluminium,Metals,Nifty Metal,Company,42843.30128000,2025-11-04,2025-11-06,2025-11-07,2025-11-10,2025-11-10,2472,2473,2474,2475,2475,-0.01148883,0.01795394,0.09640864,0.10287375,0.09640864,0.02735057,-0.00105628,-0.00089934,0.10377309,0.10393003,True,0.07268811,0.36709466,0.12750398,0.36252239,7.47832105,0.01321107,0.04270283,0.02760176,True,2472,59.11650000,9.31899810,4.27028168,1.51010681,2.57017487,4.10028168,3.01279821,True,True,True,False,2025,59.11654921
BHARATFORG,Bharat Forge Limited,Q2 FY26,18,Jul-Sep 2025,2025-09-30,2025-11-11,12:59,During market,Castings/Forgings,,Nifty Auto,Company,62975.16085000,2025-11-07,2025-11-10,2025-11-11,2025-11-12,2025-11-11,2474,2475,2476,2477,2476,0.00857945,0.05548028,-0.00920048,0.05485925,0.05548028,0.00406504,0.02614541,0.01497263,0.03988662,0.02871383,True,0.09310513,0.22830951,0.03151341,0.05469485,61.61778271,0.04103081,-0.00388713,0.00066539,True,2474,62.02230000,5.07646376,-1.34084914,0.56314568,-2.09399481,-1.51084914,-2.09399481,True,True,True,False,2025,62.02232764
BIOCON,Biocon Limited,Q2 FY26,18,Jul-Sep 2025,2025-09-30,2025-11-11,20:28,After close,Pharmaceuticals,Pharma,Nifty Pharma,Company,50859.48000000,2025-11-07,2025-11-10,2025-11-11,2025-11-12,2025-11-12,2474,2475,2476,2477,2477,0.00460042,0.00771948,0.05401194,0.06633185,0.05401194,0.00623215,0.01902125,0.01497263,0.05135922,0.04731060,True,0.19638480,,0.08970294,1.69108280,132.10254545,0.01034738,-0.06590293,-0.06135042,True,2474,63.76430000,4.69735520,-6.59030286,-0.45525163,-6.32505123,-6.76030286,2.98584112,True,True,True,False,2025,63.76425173
BSE,BSE Limited,Q2 FY26,18,Jul-Sep 2025,2025-09-30,2025-11-11,18:02,After close,Capital Markets,,Nifty Financial Services,Company,108926.46100000,2025-11-07,2025-11-10,2025-11-11,2025-11-12,2025-11-12,2474,2475,2476,2477,2477,-0.01978867,0.00719918,0.04961803,0.03702854,0.04961803,0.04757583,0.00361897,0.01497263,0.02205591,0.03340957,True,0.43154411,0.61046864,0.11477582,0.03526075,68.06840244,0.04428191,-0.06979174,-0.06523923,True,2474,69.04920000,4.25796520,-6.97917565,-0.45525163,-6.71392402,-7.14917565,3.55473218,True,True,True,False,2025,69.04924490
MFSL,Max Financial Services Limited,Q2 FY26,18,Jul-Sep 2025,2025-09-30,2025-11-11,19:04,After close,Insurance,Insurers,Nifty Financial Services,NBFC / financial,55525.10150000,2025-11-07,2025-11-10,2025-11-11,2025-11-12,2025-11-12,2474,2475,2476,2477,2477,0.00061801,0.01012908,0.05093244,0.06167953,0.05093244,-0.02170590,0.00361897,0.01497263,0.04670690,0.05806056,True,-0.26777562,-0.96339730,-0.23632372,-0.94083860,195.96633550,-0.02955550,-0.01163603,-0.00708351,True,2474,61.60820000,4.38940520,-1.16358486,-0.45525163,-0.89833324,-1.33358486,-0.89833324,True,True,True,False,2025,61.60822712
BDL,Bharat Dynamics Limited,Q2 FY26,18,Jul-Sep 2025,2025-09-30,2025-11-13,16:53,After close,Aerospace & Defence,,Nifty India Defence,Company,56208.67841600,2025-11-11,2025-11-12,2025-11-13,2025-11-14,2025-11-14,2476,2477,2478,2479,2479,-0.00065215,-0.00946228,0.06317939,0.05306497,0.06317939,0.05474669,0.00208535,0.00836182,0.04470314,0.05097962,True,1.10553174,0.76185980,3.62643741,10.76489662,111.14943081,-0.06264717,-0.12634775,-0.13163141,True,2476,52.68030000,6.19853886,-12.63477454,0.52836641,-13.35314095,-12.80477454,-13.35314095,True,True,True,False,2025,52.68027986
MUTHOOTFIN,Muthoot Finance Limited,Q2 FY26,18,Jul-Sep 2025,2025-09-30,2025-11-13,15:51,After close,Finance,NBFCs,Nifty Financial Services,NBFC / financial,136069.54924000,2025-11-11,2025-11-12,2025-11-13,2025-11-14,2025-11-14,2476,2477,2478,2479,2479,-0.01900097,0.02051190,0.09799299,0.09950391,0.09799299,0.07571248,0.00777208,0.00836182,0.09114208,0.09173183,True,0.47759221,0.90360978,0.12909164,0.20059220,22.10835996,-0.02404982,0.03006227,0.02477861,True,2476,72.04870000,9.67989886,3.00622709,0.52836641,2.28786068,2.83622709,2.28786068,True,True,True,False,2025,72.04871803
UNIONBANK,Union Bank of India,Q3 FY26,19,Oct-Dec 2025,2025-12-31,2026-01-14,12:46,During market,Banks,Banks,Nifty Bank,Bank,125175.93678000,2026-01-12,2026-01-13,2026-01-14,2026-01-16,2026-01-14,2519,2520,2521,2522,2521,0.01347725,0.07870510,-0.01740392,0.07477843,0.07870510,0.00006017,0.01082458,-0.00371887,0.07849730,0.06395386,True,-0.01908604,0.08974223,-0.00776091,0.18067205,6.97236235,-0.01918819,0.01544139,0.02413007,True,2519,65.14910000,8.12971730,0.96503030,0.55171124,0.22331906,0.79503030,0.22331906,True,True,True,False,2026,65.14907004
APLAPOLLO,APL Apollo Tubes Limited,Q3 FY26,19,Oct-Dec 2025,2025-12-31,2026-01-22,13:45,During market,Steel And Steel Products,Metals,Nifty Metal,Company,52920.09000000,2026-01-20,2026-01-21,2026-01-22,2026-01-23,2026-01-22,2524,2525,2526,2527,2526,-0.01437566,0.05184712,0.01219636,0.04966782,0.05184712,0.01085915,0.00916450,-0.00724889,0.05691671,0.04050332,True,0.07038818,0.42895331,0.11694101,0.02818863,50.45823282,0.02439878,0.09369532,0.07283192,True,2524,55.38520000,4.65842559,11.48786654,0.65025959,10.64760695,11.31786654,4.54413219,True,True,True,False,2026,55.38524624
BANKINDIA,Bank of India,Q3 FY26,19,Oct-Dec 2025,2025-12-31,2026-01-21,16:40,After close,Banks,Banks,Nifty Bank,Bank,74243.35005000,2026-01-19,2026-01-20,2026-01-21,2026-01-22,2026-01-22,2523,2524,2525,2526,2526,-0.02023919,-0.01420970,0.05676911,0.02232022,0.05676911,0.02235204,-0.01150056,-0.01150639,0.03382661,0.03382078,True,0.03935143,0.07469335,0.02830802,0.05875744,7.46217570,-0.01394063,0.01646437,0.00996177,True,2523,76.34620000,5.15062559,1.64644179,0.65025959,0.80618220,1.47644179,0.80618220,True,True,True,False,2026,76.34623662
INDIANB,Indian Bank,Q3 FY26,19,Oct-Dec 2025,2025-12-31,2026-01-22,13:29,During market,Banks,Banks,Nifty Bank,Bank,114033.63360000,2026-01-20,2026-01-21,2026-01-22,2026-01-23,2026-01-22,2524,2525,2526,2527,2526,0.00466572,0.05431779,-0.02263730,0.03634621,0.05431779,0.01075774,-0.01564705,-0.00724889,0.04359511,0.05199326,True,0.08491471,0.07331473,0.03060469,0.01433295,9.66430133,-0.03799418,0.08015289,0.05928949,True,2524,55.62170000,4.90549559,3.41233439,0.65025959,2.57207480,3.24233439,2.57207480,True,True,True,False,2026,55.62174261
AXISBANK,Axis Bank Limited,Q3 FY26,19,Oct-Dec 2025,2025-12-31,2026-01-26,13:14,Non-trading day,Banks,Banks,Nifty Bank,Bank,401763.49200000,2026-01-22,2026-01-23,2026-01-27,2026-01-28,2026-01-27,2526,2527,2528,2529,2528,-0.02842138,0.04594595,0.00303998,0.02056454,0.04594595,0.02448331,0.00688799,0.00216813,0.01839641,0.01367655,True,0.04265887,0.02947443,0.04211044,0.27505482,16.52188452,0.02757994,0.05137142,0.04813973,True,2526,57.21460000,4.08857471,5.38835835,2.13541791,3.06294044,5.21835835,3.38261316,True,True,True,False,2026,57.21459889
BEL,Bharat Electronics Limited,Q3 FY26,19,Oct-Dec 2025,2025-12-31,2026-01-28,14:05,During market,Electronics - Industrial,,Nifty India Manufacturing,Company,300213.48600000,2026-01-23,2026-01-27,2026-01-28,2026-01-29,2026-01-28,2527,2528,2529,2530,2529,0.01278305,0.08907321,-0.01876380,0.08309246,0.08907321,0.00492848,0.02369579,0.01471232,0.06838014,0.05939667,True,0.23968711,0.20454632,0.23510684,0.22622829,52.70907303,-0.01192351,-0.01169854,-0.01420061,True,2527,52.10630000,8.24258379,-3.96247546,0.32316935,-4.47564481,-4.13247546,-4.47564481,True,True,True,False,2026,52.10627850
DELHIVERY,Delhivery Limited,Q3 FY26,19,Oct-Dec 2025,2025-12-31,2026-01-31,16:36,Non-trading day,Travel And Transport,,Nifty Services Sector,Company,30778.34380000,2026-01-29,2026-01-30,2026-02-01,2026-02-02,2026-02-01,2530,2531,2532,2533,2532,0.02707625,0.03274619,0.00709707,0.06691951,0.03274619,0.02257950,-0.01543935,-0.01283044,0.07974995,0.08235886,True,0.17940897,0.58508084,0.09598835,,222.68454075,-0.01398045,-0.02727893,-0.01840231,True,2530,55.20910000,5.23033599,-0.77839510,1.42273353,-2.39112863,-0.94839510,-2.39112863,True,True,True,False,2026,55.20909588
LICI,Life Insurance Corporation Of India,Q3 FY26,19,Oct-Dec 2025,2025-12-31,2026-02-05,16:05,After close,Insurance,Insurers,Nifty Financial Services,,,2026-02-03,2026-02-04,2026-02-05,2026-02-06,2026-02-06,2534,2535,2536,2537,2537,-0.00357867,0.00532743,0.07395058,0.07569934,0.07395058,0.00916940,0.00482431,-0.00129944,0.07699878,0.07087503,True,,,,,,-0.04374342,-0.10694683,-0.04211966,True,2534,53.81590000,7.19656374,-10.69467251,-6.48271755,-4.40195495,-10.86467251,-4.40195495,True,True,True,False,2026,53.81591008
POWERINDIA,Hitachi Energy India Limited,Q3 FY26,19,Oct-Dec 2025,2025-12-31,2026-02-05,17:00,After close,Electrical Equipment,,Nifty India Manufacturing,Company,87866.46000000,2026-02-03,2026-02-04,2026-02-05,2026-02-06,2026-02-06,2534,2535,2536,2537,2537,-0.03339932,0.00819199,0.13917392,0.11396658,0.13917392,0.08859836,0.00193596,-0.00129944,0.11526602,0.11203062,True,0.28510063,0.90289707,0.13623639,-0.01112120,122.50806575,0.02501029,0.15038178,0.21520896,True,2534,61.89280000,13.71890374,15.03818447,-6.48271755,21.33090202,14.86818447,3.16781029,True,True,True,False,2026,61.89280933
CROMPTON,Crompton Greaves Consumer Electricals Limited,Q3 FY26,19,Oct-Dec 2025,2025-12-31,2026-02-06,15:41,After close,Consumer Durables,Consumer brands,Nifty Consumer Durables,Company,15715.02340000,2026-02-04,2026-02-05,2026-02-06,2026-02-09,2026-02-09,2535,2536,2537,2538,2538,0.01053020,-0.00648745,0.07301147,0.07705421,0.07301147,0.00012243,0.03741412,0.00357388,0.07348033,0.03964009,True,0.07296477,-0.10497087,-0.00901559,0.38134045,33.23961124,0.03704549,-0.06720675,-0.00513224,True,2535,54.09330000,6.62549799,-6.72067172,-6.20745111,-0.70322061,-6.89067172,3.09124677,True,True,True,False,2026,54.09330810
SBIN,State Bank of India,Q3 FY26,19,Oct-Dec 2025,2025-12-31,2026-02-07,13:30,Non-trading day,Banks,Banks,Nifty Bank,Bank,990904.91000000,2026-02-05,2026-02-06,2026-02-09,2026-02-10,2026-02-09,2536,2537,2538,2539,2538,-0.00661388,0.07464366,-0.00165794,0.06637184,0.07464366,0.05026257,0.00936772,0.01136449,0.05500735,0.05700412,True,0.04368251,0.24489978,0.02425487,0.04308007,13.23781036,0.06057163,-0.04632462,0.03342429,True,2536,62.36960000,6.78871799,-2.94938848,-6.20745111,3.06806262,-3.11938848,4.09120340,True,True,True,False,2026,62.36956176
AMBER,Amber Enterprises India Limited,Q3 FY26,19,Oct-Dec 2025,2025-12-31,2026-02-10,00:22,Before open,Consumer Durables,Consumer brands,Nifty Consumer Durables,Company,23338.86960000,2026-02-06,2026-02-09,2026-02-10,2026-02-11,2026-02-10,2537,2538,2539,2540,2539,0.06144578,0.06562145,0.02469876,0.15176599,0.06562145,0.03561294,0.04150393,0.01010055,0.14166544,0.11026206,True,0.37944905,-1.75945894,0.78676532,,104.68085862,0.02572765,-0.09959719,-0.01041197,True,2537,64.15320000,6.29984972,-2.69621965,-7.97489122,5.08867157,-2.86621965,3.95157829,True,True,True,False,2026,64.15319789
BSE,BSE Limited,Q3 FY26,19,Oct-Dec 2025,2025-12-31,2026-02-09,18:40,After close,Capital Markets,,Nifty Financial Services,Company,117799.30600000,2026-02-05,2026-02-06,2026-02-09,2026-02-10,2026-02-10,2536,2537,2538,2539,2539,0.00165964,0.03041077,0.06334796,0.09541837,0.06334796,0.04184114,0.01787327,0.01136449,0.08405388,0.07754509,True,0.60832019,1.73960941,0.16446242,0.07768207,65.01316607,-0.13606578,-0.10610548,-0.02635656,True,2536,58.14080000,6.07249972,-10.61053938,-7.97489122,-2.82564816,-10.78053938,-2.82564816,True,True,True,False,2026,58.14083829
MFSL,Max Financial Services Limited,Q3 FY26,19,Oct-Dec 2025,2025-12-31,2026-02-11,18:13,After close,Insurance,Insurers,Nifty Financial Services,NBFC / financial,60161.05800000,2026-02-09,2026-02-10,2026-02-11,2026-02-12,2026-02-12,2538,2539,2540,2541,2541,-0.00342231,-0.00749771,0.04578744,0.03486742,0.04578744,0.00513235,0.00818979,-0.00230638,0.03717380,0.02667762,True,0.59795970,-0.35883111,0.45624255,9.86407767,343.97403087,0.01020127,-0.10223325,0.00068764,True,2538,66.49720000,5.14378141,-10.22332035,-10.29208903,-0.12123132,-10.39332035,3.29053303,True,True,True,False,2026,66.49723188
ABB,ABB India Limited,Q3 FY26,19,Oct-Dec 2025,2025-12-31,2026-02-19,17:12,After close,Electrical Equipment,,Nifty India Manufacturing,Company,123664.84000000,2026-02-17,2026-02-18,2026-02-19,2026-02-20,2026-02-20,2544,2545,2546,2547,2547,0.00779644,-0.02754399,0.04676982,0.02702226,0.04676982,0.00096162,-0.00137742,-0.00589212,0.03291438,0.02839968,True,0.05708291,-0.18084442,0.07439167,0.05820947,70.11193886,0.01436446,0.00910306,0.12871395,True,2544,67.25200000,4.21772647,0.91029743,-11.96108911,12.68138655,0.74029743,3.17193879,True,True,True,False,2026,67.25203703
ANGELONE,Angel One Limited,Q4 FY26,20,Jan-Mar 2026,2026-03-31,2026-04-16,19:59,After close,Capital Markets,,Nifty Financial Services,NBFC / financial,25481.19330000,2026-04-13,2026-04-15,2026-04-16,2026-04-17,2026-04-17,2579,2580,2581,2582,2582,0.06168438,-0.01729581,0.10204709,0.14643566,0.10204709,0.03209050,0.01816980,0.02135499,0.12508067,0.12826586,True,0.38201140,0.83494823,0.09328517,0.19196096,33.11899704,-0.02465346,-0.05743170,-0.02854063,True,2579,69.95500000,9.55667909,-5.74315879,-2.88910652,-3.04405227,-5.91315879,-3.04405227,True,True,True,False,2026,69.95495734
HDFCAMC,HDFC Asset Management Company Limited,Q4 FY26,20,Jan-Mar 2026,2026-03-31,2026-04-16,15:48,After close,Capital Markets,,Nifty Financial Services,NBFC / financial,109049.46300000,2026-04-13,2026-04-15,2026-04-16,2026-04-17,2026-04-17,2579,2580,2581,2582,2582,0.04618829,-0.00056313,0.04890692,0.09453208,0.04890692,-0.00597250,0.01816980,0.02135499,0.07317709,0.07636228,True,0.16658161,-0.02474705,-0.02194214,-0.19074108,37.94529413,-0.02055579,-0.05991262,-0.03102155,True,2579,54.55220000,4.24266909,-5.99126381,-2.88910652,-3.29215729,-6.16126381,-3.29215729,True,True,True,False,2026,54.55224256
NESTLEIND,Nestle India Limited,Q4 FY26,20,Jan-Mar 2026,2026-03-31,2026-04-21,14:15,During market,Food And Food Processing,FMCG,Nifty FMCG,Company,247902.24800000,2026-04-17,2026-04-20,2026-04-21,2026-04-22,2026-04-21,2582,2583,2584,2585,2584,0.00062228,0.07268346,0.01152257,0.08482831,0.07268346,0.00909515,0.03091534,0.00107801,0.08375030,0.05391297,True,0.22600511,0.27183729,0.19070714,0.11265700,76.00539851,0.05000716,0.00766585,0.03734003,True,2582,63.22140000,6.39927016,2.91326134,-3.73363281,6.45689415,2.74326134,3.66956421,True,True,True,False,2026,63.22137700
PNBHOUSING,PNB Housing Finance Limited,Q4 FY26,20,Jan-Mar 2026,2026-03-31,2026-04-20,19:30,After close,Finance - Housing,NBFCs,Nifty Financial Services,NBFC / financial,23284.38380000,2026-04-16,2026-04-17,2026-04-20,2026-04-21,2026-04-21,2581,2582,2583,2584,2584,0.03345267,-0.01835011,0.07979046,0.09489302,0.07979046,0.04714640,0.01916242,0.01563501,0.07925802,0.07573060,True,0.07897717,0.19154039,0.02949949,0.26030556,10.65247083,0.06582576,0.08344398,0.12078031,True,2581,63.90520000,7.10997016,8.34439215,-3.73363281,11.88802495,8.17439215,4.37816428,True,True,True,False,2026,63.90524227
OFSS,Oracle Financial Services Software Limited,Q4 FY26,20,Jan-Mar 2026,2026-03-31,2026-04-22,20:47,After close,Computers - Software,IT services,Nifty IT,Company,69869.17125000,2026-04-20,2026-04-21,2026-04-22,2026-04-23,2026-04-23,2583,2584,2585,2586,2586,-0.01874420,0.02465011,0.08183105,0.08773695,0.08183105,0.03734695,-0.04651364,-0.00779723,0.09553418,0.13425059,True,0.20328614,0.30719056,0.05051122,0.38074147,28.61731364,0.10635273,0.08343286,0.10220377,True,2583,75.08590000,9.02422380,8.34328268,-1.87709040,10.03037307,8.17328268,6.60886300,True,True,True,False,2026,75.08587039
ADANIENSOL,Adani Energy Solutions Limited,Q4 FY26,20,Jan-Mar 2026,2026-03-31,2026-04-23,16:56,After close,Power,,Nifty Energy,Company,151997.95840000,2026-04-21,2026-04-22,2026-04-23,2026-04-24,2026-04-24,2584,2585,2586,2587,2587,0.08124555,-0.00500694,0.03724518,0.11348379,0.03724518,-0.00095500,0.01440572,-0.02786847,0.14135226,0.09907807,True,0.16764869,0.05660202,0.10604118,0.23803661,67.67767114,-0.00959666,-0.00541804,-0.01101475,True,2584,76.75940000,4.86256423,-0.54180946,0.55967144,-1.29148090,-0.71180946,-1.29148090,True,True,True,False,2026,76.75935488
INDUSINDBK,IndusInd Bank Limited,Q4 FY26,20,Jan-Mar 2026,2026-03-31,2026-04-24,16:40,After close,Banks,Banks,Nifty Bank,Bank,67787.75080000,2026-04-22,2026-04-23,2026-04-24,2026-04-27,2026-04-27,2585,2586,2587,2588,2588,-0.01120561,-0.01441274,0.06156023,0.03594189,0.06156023,0.02034318,-0.01505595,-0.01164245,0.04758433,0.05099783,True,0.03494219,,-0.03231020,2.30547282,,0.01172027,0.03571627,0.04314591,True,2585,57.56610000,5.34109654,3.57163904,-0.74296364,4.12460268,3.40163904,3.99802315,True,True,True,False,2026,57.56611958
VBL,Varun Beverages Limited,Q4 FY26,20,Jan-Mar 2026,2026-03-31,2026-04-27,12:00,During market,Food And Food Processing,FMCG,Nifty FMCG,Company,163772.86575000,2026-04-23,2026-04-24,2026-04-27,2026-04-28,2026-04-27,2586,2587,2588,2589,2588,0.01280330,0.05790600,-0.00057820,0.07013111,0.05790600,0.00907330,-0.00500553,-0.00725732,0.07738843,0.07513664,True,0.18336377,0.20078377,0.55060089,2.46465465,53.93494452,-0.01851316,0.03075885,0.03444909,True,2586,67.41850000,4.97567654,2.39953605,-0.74296364,2.95249969,2.22953605,5.33016228,True,True,True,False,2026,67.41853496
BANDHANBNK,Bandhan Bank Limited,Q4 FY26,20,Jan-Mar 2026,2026-03-31,2026-04-28,15:52,After close,Banks,Banks,Nifty Bank,Bank,28138.83744380,2026-04-24,2026-04-27,2026-04-28,2026-04-29,2026-04-29,2587,2588,2589,2590,2590,0.04122059,-0.01770495,0.10999160,0.13350724,0.10999160,0.04119787,-0.01218457,0.01170573,0.12180151,0.14569180,True,-0.00099969,0.68018614,-0.00051699,1.59806441,27.93411946,0.04704992,0.05042864,0.07648163,True,2587,59.19660000,10.24093914,5.04284274,-2.60529870,7.45814143,4.87284274,4.31759716,True,True,True,False,2026,59.19658347
BHEL,Bharat Heavy Electricals Limited,Q4 FY26,20,Jan-Mar 2026,2026-03-31,2026-05-04,11:24,During market,Electrical Equipment,,Nifty India Manufacturing,Company,119956.62250000,2026-04-29,2026-04-30,2026-05-04,2026-05-05,2026-05-04,2590,2591,2592,2593,2592,0.02296081,0.06991856,-0.00556955,0.08730982,0.06991856,0.00734939,0.00220983,-0.00596193,0.09327175,0.08509999,True,0.36882726,1.55817227,0.45287675,2.30549871,147.32324029,0.04480597,0.08361115,0.10970881,True,2590,74.27590000,6.48451654,8.93780539,-2.63585593,11.38366132,8.76780539,6.74768617,True,True,True,False,2026,74.27591624
CAMS,Computer Age Management Services Limited,Q4 FY26,20,Jan-Mar 2026,2026-03-31,2026-05-04,18:31,After close,Capital Markets,,Nifty Financial Services,Company,18836.29703000,2026-04-29,2026-04-30,2026-05-04,2026-05-05,2026-05-05,2590,2591,2592,2593,2593,-0.02892453,-0.01049282,0.09105836,0.05164100,0.09105836,0.00978313,-0.00755791,-0.00596193,0.05760293,0.05919891,True,0.10965230,0.10885491,0.01302408,0.00712609,40.63103741,-0.01598947,-0.05643341,-0.03033574,True,2590,67.63570000,9.46447396,-5.64333998,-2.60976665,-3.22357333,-5.81333998,3.41548831,True,True,True,False,2026,67.63570489
SRF,SRF Limited,Q4 FY26,20,Jan-Mar 2026,2026-03-31,2026-05-05,15:57,After close,Textiles - Synthetic,,Nifty India Consumption,Company,74656.34120000,2026-04-30,2026-05-04,2026-05-05,2026-05-06,2026-05-06,2591,2592,2593,2594,2594,0.01302311,-0.01120953,0.07800856,0.07982214,0.07800856,0.03258284,0.01678434,0.01389306,0.06592908,0.06303780,True,0.06997594,0.10637570,0.24313339,0.34521333,41.96015175,-0.00897191,0.00257391,0.04015567,True,2591,50.78320000,6.56026381,0.25738867,-3.75817631,3.82556498,0.08738867,4.82821279,True,True,True,False,2026,50.78323965
BHARATFORG,Bharat Forge Limited,Q4 FY26,20,Jan-Mar 2026,2026-03-31,2026-05-07,12:57,During market,Castings/Forgings,,Nifty Auto,Company,89248.67910000,2026-05-05,2026-05-06,2026-05-07,2026-05-08,2026-05-07,2593,2594,2595,2596,2595,0.00385728,0.06356068,-0.00160570,0.06581226,0.06356068,0.00725798,0.04043028,0.00604260,0.05976966,0.02538198,True,0.17532012,-0.17529264,0.04262303,-0.11978548,79.04457746,-0.03849827,-0.04855003,-0.00498851,True,2593,55.83820000,6.37374296,-3.16623482,-3.94608382,0.58984900,-3.33623482,0.58984900,True,True,True,False,2026,55.83818366
PAYTM,One 97 Communications Limited,Q4 FY26,20,Jan-Mar 2026,2026-03-31,2026-05-06,20:21,After close,Internet & E-commerce,,Nifty India Digital,Company,71411.20000000,2026-05-04,2026-05-05,2026-05-06,2026-05-07,2026-05-07,2592,2593,2594,2595,2595,-0.02491486,0.02077206,0.07815595,0.07401315,0.07815595,0.03547632,0.01356115,0.00864289,0.06537026,0.06045200,True,0.18441015,,0.03190520,-0.18222222,,-0.04409554,-0.11040588,-0.07094504,True,2592,51.51000000,7.83327296,-11.04057681,-3.94608382,-7.28449299,-11.21057681,-7.28449299,True,True,True,False,2026,51.51003967
DABUR,Dabur India Limited,Q4 FY26,20,Jan-Mar 2026,2026-03-31,2026-05-07,16:34,After close,Personal Care,FMCG,Nifty FMCG,Company,81687.75350000,2026-05-05,2026-05-06,2026-05-07,2026-05-08,2026-05-08,2593,2594,2595,2596,2596,0.01237651,0.00804290,0.03765957,0.05807898,0.03765957,0.03191489,-0.00828905,0.00604260,0.05203637,0.06636802,True,0.07345220,0.15140724,-0.14629986,-0.34175045,44.23780083,-0.04100882,-0.13932746,-0.09576593,True,2593,56.96560000,4.38462307,-13.93273658,-4.35615265,-9.76658392,-14.10273658,-9.76658392,True,True,True,False,2026,56.96560750
TITAN,Titan Company Limited,Q4 FY26,20,Jan-Mar 2026,2026-03-31,2026-05-08,13:53,During market,Gems Jewellery And Watches,Consumer brands,Nifty Consumer Durables,Company,387045.28800000,2026-05-06,2026-05-07,2026-05-08,2026-05-11,2026-05-08,2594,2595,2596,2597,2596,-0.01195064,0.04677887,-0.06728765,-0.03245941,0.04677887,0.00150900,-0.03889402,-0.02126648,-0.01119293,0.00643461,True,0.80477340,0.35361653,0.05917532,-0.29988124,81.20967016,-0.00853624,-0.02394426,0.00014683,True,2594,50.64430000,5.29655307,-7.02152820,-4.35615265,-2.85537554,-7.19152820,-2.85537554,True,True,True,False,2026,50.64433372
TATACONSUM,TATA CONSUMER PRODUCTS LIMITED,Q4 FY26,20,Jan-Mar 2026,2026-03-31,2026-05-08,16:54,After close,Food And Food Processing,FMCG,Nifty FMCG,Company,114010.19000000,2026-05-06,2026-05-07,2026-05-08,2026-05-11,2026-05-11,2594,2595,2596,2597,2597,-0.00043395,0.02127290,0.08059854,0.10143749,0.08059854,0.02210508,-0.00493432,-0.02126648,0.12270396,0.10637181,True,0.17911471,0.21525301,0.06291471,0.08962325,77.65991404,-0.03147128,-0.12942565,-0.10533455,True,2594,57.42110000,9.55016173,-12.94256557,-2.40910990,-10.72345567,-13.11256557,-10.72345567,True,True,True,False,2026,57.42113174
UPL,UPL Limited,Q4 FY26,20,Jan-Mar 2026,2026-03-31,2026-05-11,13:20,During market,Pesticides And Agrochemicals,,Nifty Commodities,Company,54963.02500000,2026-05-07,2026-05-08,2026-05-11,2026-05-12,2026-05-11,2595,2596,2597,2598,2597,-0.00684142,0.03560372,-0.06405082,-0.03528852,0.03560372,-0.00309598,-0.03134565,-0.03940948,0.00412096,-0.00394288,True,0.17735825,0.18415179,0.49441682,1.67929293,31.28231360,0.01141899,-0.02419548,-0.01715514,True,2595,53.38010000,5.05068173,-6.06875857,-2.40910990,-3.84964867,-6.23875857,-3.84964867,True,True,True,False,2026,53.38010150
HINDPETRO,Hindustan Petroleum Corporation Limited,Q4 FY26,20,Jan-Mar 2026,2026-03-31,2026-05-13,12:01,During market,Refineries,,Nifty Oil & Gas,Company,80389.03960000,2026-05-11,2026-05-12,2026-05-13,2026-05-14,2026-05-13,2597,2598,2599,2600,2599,-0.02091053,0.05460935,-0.03217124,0.00152758,0.05460935,0.00675858,0.00914950,-0.00507487,0.00660245,-0.00762192,True,0.04405471,0.77583562,-0.00713799,0.51200578,5.22106086,0.02979738,0.03006224,0.03287782,True,2597,50.76730000,5.31957714,-6.25477464,-1.07207230,-5.37270234,-6.42477464,-5.37270234,True,True,True,False,2026,50.76733325
SOLARINDS,Solar Industries India Limited,Q4 FY26,20,Jan-Mar 2026,2026-03-31,2026-05-15,14:26,During market,Chemicals - Speciality,,Nifty Commodities,Company,142872.35000000,2026-05-13,2026-05-14,2026-05-15,2026-05-18,2026-05-15,2599,2600,2601,2602,2601,0.05561538,0.03894389,0.04071849,0.13527777,0.03894389,0.00450045,-0.00897200,0.01015804,0.12511973,0.14424977,True,0.40903741,0.69950036,0.19794610,0.22718207,98.38677134,0.01986792,-0.06215661,-0.07649914,True,2599,60.40150000,4.08899016,-0.21370092,0.88988517,-1.29358609,-0.38370092,3.85456977,True,True,True,False,2026,60.40145109
CUMMINSIND,Cummins India Limited,Q4 FY26,20,Jan-Mar 2026,2026-03-31,2026-05-27,14:21,During market,Diesel Engines,,Nifty India Manufacturing,Company,149189.04000000,2026-05-25,2026-05-26,2026-05-27,2026-05-29,2026-05-27,2607,2608,2609,2610,2609,0.00678187,0.11239273,-0.02430527,0.09486933,0.11239273,-0.00083049,-0.00338901,-0.02021724,0.11508657,0.09825834,True,0.21891369,0.22655335,-0.01431789,0.33617249,66.54907016,-0.01649379,-0.05772828,-0.07465134,True,2607,59.07770000,11.26669016,-6.39567579,0.62261708,-7.20829288,-6.56567579,-7.20829288,True,True,True,False,2026,59.07767518
GMRAIRPORT,GMR AIRPORTS LIMITED,Q4 FY26,20,Jan-Mar 2026,2026-03-31,2026-05-27,22:05,After close,Travel And Transport,,Nifty Services Sector,Company,102316.71000000,2026-05-25,2026-05-26,2026-05-27,2026-05-29,2026-05-29,2607,2608,2609,2610,2610,-0.00691434,0.01673075,0.02585854,0.03567495,0.02585854,0.04251840,-0.02327935,-0.02021724,0.05589219,0.05895430,True,0.37537282,,-0.01398838,1.48173685,,0.01653881,0.09016638,0.07324332,True,2607,51.84010000,4.08916595,9.01663367,1.69230606,7.13432761,8.84663367,3.33974738,True,True,True,False,2026,51.84014253
NMDC,NMDC Limited,Q4 FY26,20,Jan-Mar 2026,2026-03-31,2026-05-29,20:17,After close,Mining,Metals,Nifty Metal,Company,79715.25060000,2026-05-26,2026-05-27,2026-05-29,2026-06-01,2026-06-01,2608,2609,2610,2611,2611,0.01775670,-0.04648895,0.04977838,0.02104614,0.04977838,0.01261507,0.00139454,-0.02232047,0.04336661,0.01965159,True,0.63137033,0.35495535,0.49040113,0.15453132,11.52179263,-0.03009635,-0.07805565,-0.09871845,True,2608,57.20820000,5.67918089,-7.80556524,2.06628005,-10.06184529,-7.97556524,3.68478641,True,True,True,False,2026,57.20819740
ICICIPRULI,ICICI Prudential Life Insurance Company Limited,Q1 FY27,21,Apr-Jun 2026,2026-06-30,2026-07-15,13:44,During market,Insurance,Insurers,Nifty Financial Services,,,2026-07-13,2026-07-14,2026-07-15,2026-07-16,2026-07-15,2640,2641,2642,2643,2642,-0.03030595,0.04206767,-0.03103875,-0.01927703,0.04206767,0.00545689,-0.01037456,-0.00570430,-0.01357273,-0.00890247,True,,,,,,-0.01444434,-0.00363565,-0.01705746,True,2640,60.80800000,4.09680016,-3.57039699,1.48451938,-5.24491638,-3.74039699,-5.24491638,True,True,True,False,2026,60.80803027
BHEL,Bharat Heavy Electricals Limited,Q1 FY27,21,Apr-Jun 2026,2026-06-30,2026-07-16,14:20,During market,Electrical Equipment,,Nifty India Manufacturing,Company,140639.99950000,2026-07-14,2026-07-15,2026-07-16,2026-07-17,2026-07-16,2641,2642,2643,2644,2643,0.03478584,0.04175141,-0.03077630,0.04576095,0.04175141,0.01495394,0.00474573,0.01172588,0.03403507,0.04101522,True,0.40292441,,-0.37469629,-0.70808310,87.88566334,-0.01113744,-0.00071090,-0.00201359,True,2641,54.77030000,4.19902023,-3.53698088,1.34218151,-5.06916239,-3.70698088,-5.06916239,True,True,True,False,2026,54.77026355
FEDERALBNK,The Federal Bank  Limited,Q1 FY27,21,Apr-Jun 2026,2026-06-30,2026-07-17,13:30,During market,Banks,Banks,Nifty Bank,Bank,80718.14650000,2026-07-15,2026-07-16,2026-07-17,2026-07-20,2026-07-17,2642,2643,2644,2645,2644,-0.00290032,0.06858543,0.00501433,0.07069943,0.06858543,0.00642988,0.00342005,0.00668935,0.06401008,0.06727939,True,0.08250494,0.36574413,-0.02172970,-0.06526090,19.60453560,0.01639344,0.00955096,0.00752320,True,2642,58.68620000,5.77204178,0.65901509,0.13026880,0.33874629,0.48901509,3.26693062,True,True,True,False,2026,58.68619664
TVSMOTOR,TVS Motor Company Limited,Q1 FY27,21,Apr-Jun 2026,2026-06-30,2026-07-21,14:09,During market,Automobiles - 2 And 3 Wheelers,,Nifty Auto,Company,171900.68200000,2026-07-17,2026-07-20,2026-07-21,2026-07-22,2026-07-21,2644,2645,2646,2647,2646,-0.00773865,0.05620857,0.03048523,0.07895515,0.05620857,0.00000000,0.00849606,-0.01394785,0.09290299,0.07045908,True,0.33459896,0.67108714,0.08256243,0.32132673,56.95224909,0.04299314,0.11605589,0.11263661,True,2644,55.51200000,5.83044393,14.89453039,-0.13560611,14.84013650,14.72453039,3.65003800,True,True,True,False,2026,55.51204779
CONCOR,Container Corporation of India Limited,Q1 FY27,21,Apr-Jun 2026,2026-06-30,2026-07-24,18:59,After close,Travel And Transport,,Nifty Services Sector,Company,36664.38680000,2026-07-22,2026-07-23,2026-07-24,2026-07-27,2026-07-27,2647,2648,2649,2650,2650,-0.00186955,-0.00613944,0.06899801,0.06098903,0.06899801,-0.01580986,-0.00073821,0.00005658,0.06093245,0.06172723,True,0.00284636,0.00075036,-0.04574736,0.01557205,29.52519472,0.02840353,0.01155730,0.00225989,True,2647,51.41470000,5.93840111,1.15572197,0.92974023,0.03598174,0.98572197,0.03598174,True,True,True,False,2026,51.41469639
IDFCFIRSTB,IDFC First Bank Limited,Q1 FY27,21,Apr-Jun 2026,2026-06-30,2026-07-25,15:57,Non-trading day,Banks,Banks,Nifty Bank,Bank,68727.58300000,2026-07-23,2026-07-24,2026-07-27,2026-07-28,2026-07-27,2648,2649,2650,2651,2650,0.01113892,0.05062508,0.01024976,0.07201377,0.05062508,0.06820151,0.00292924,0.00489275,0.06712102,0.06908452,True,0.14612420,1.32388611,0.04722172,2.37041450,42.00028295,0.00291545,-0.00874636,-0.02330524,True,2648,54.56630000,4.10111111,1.18991662,0.92974023,0.07017640,1.01991662,0.07017640,True,True,True,False,2026,54.56633291
KFINTECH,Kfin Technologies Limited,Q1 FY27,21,Apr-Jun 2026,2026-06-30,2026-07-24,20:04,After close,Capital Markets,,Nifty Financial Services,Company,15185.56248000,2026-07-22,2026-07-23,2026-07-24,2026-07-27,2026-07-27,2647,2648,2649,2650,2650,-0.01357646,-0.01209329,0.10667444,0.08100469,0.10667444,0.01702128,-0.00232900,0.00005658,0.08094811,0.08333369,True,0.30095089,-0.02644421,0.02650505,-0.07313707,44.18106578,-0.00447722,0.02175402,0.01245661,True,2647,50.00690000,9.70600111,2.17541423,0.92974023,1.05567400,2.00541423,1.05567400,True,True,True,False,2026,50.00685884
COFORGE,Coforge Limited,Q1 FY27,21,Apr-Jun 2026,2026-06-30,2026-07-28,01:35,Before open,Computers - Software,IT services,Nifty IT,Company,49885.92000000,2026-07-24,2026-07-27,2026-07-28,2026-07-29,2026-07-28,2649,2650,2651,2652,2651,0.02943356,0.10311437,0.01714116,0.14968909,0.10311437,0.02721801,0.07976101,0.02021440,0.12947468,0.06992807,True,0.49859025,0.48595989,0.24206813,-0.09367354,32.24270941,0.03621202,0.09627384,0.09802434,True,2649,51.63380000,10.35557412,12.26571459,1.45588870,10.61982589,12.09571459,4.66961336,True,True,True,False,2026,51.63375596
BAJAJFINSV,Bajaj Finserv Limited,Q1 FY27,21,Apr-Jun 2026,2026-06-30,2026-07-31,11:56,During market,Finance,NBFCs,Nifty Financial Services,NBFC / financial,307653.82800000,2026-07-29,2026-07-30,2026-07-31,2026-08-03,2026-07-31,2652,2653,2654,2655,2654,-0.00779464,0.06268985,0.03297028,0.08786550,0.06268985,0.01183618,0.02637461,0.02151651,0.06634899,0.06149088,True,0.18617357,0.12308851,0.09204368,0.23385473,31.39014077,-0.03563931,-0.03578244,-0.00777358,True,2652,62.27410000,5.99572607,-1.33557400,-0.85282731,-0.67274669,-1.50557400,-0.67274669,True,True,True,False,2026,62.27408348
GAIL,GAIL (India) Limited,Q1 FY27,21,Apr-Jun 2026,2026-06-30,2026-07-31,14:13,During market,Gas,,Nifty Oil & Gas,Company,115143.15120000,2026-07-29,2026-07-30,2026-07-31,2026-08-03,2026-07-31,2652,2653,2654,2655,2654,-0.00845135,0.04492053,-0.03935185,-0.00288267,0.04492053,0.00466482,0.02517752,0.02151651,-0.02439918,-0.02806019,True,0.16713432,0.96917103,0.15809025,2.14224904,15.18540100,-0.01032702,0.01835915,0.04636801,True,2652,56.64470000,4.21878607,-5.69884813,-0.85282731,-5.03602082,-5.86884813,-5.03602082,True,True,True,False,2026,56.64473408
TORNTPHARM,Torrent Pharmaceuticals Limited,Q1 FY27,21,Apr-Jun 2026,2026-06-30,2026-07-30,16:50,After close,Pharmaceuticals,Pharma,Nifty Pharma,Company,165787.86180000,2026-07-28,2026-07-29,2026-07-30,2026-07-31,2026-07-31,2651,2652,2653,2654,2654,-0.00404222,-0.00131188,0.05145625,0.04610215,0.05145625,0.01557850,0.02053361,0.01653560,0.02956656,0.02556854,True,0.54845815,0.03284672,0.17250417,0.45501285,76.64718530,-0.03880690,-0.01421098,-0.00568271,True,2651,53.83140000,4.87236607,-1.42110621,-0.85282731,-0.75827890,-1.59110621,-0.75827890,True,True,True,False,2026,53.83141039
APLAPOLLO,APL Apollo Tubes Limited,Q1 FY27,21,Apr-Jun 2026,2026-06-30,2026-08-01,14:41,Non-trading day,Steel And Steel Products,Metals,Nifty Metal,Company,52571.38700000,2026-07-30,2026-07-31,2026-08-03,2026-08-04,2026-08-03,2653,2654,2655,2656,2655,-0.03887803,0.06705139,-0.01107391,0.01709945,0.06705139,0.00043968,0.02584640,0.01232162,0.00477783,-0.00874695,True,0.08451827,0.10937302,-0.10566806,-0.25748554,43.69660627,0.04828125,0.16354167,0.18625555,True,2653,65.19610000,5.10283353,14.51971099,-2.80088640,17.13059739,14.34971099,4.62221623,True,True,True,False,2026,65.19611422
DIVISLAB,Divi's Laboratories Limited,Q1 FY27,21,Apr-Jun 2026,2026-06-30,2026-08-01,11:33,Non-trading day,Pharmaceuticals,Pharma,Nifty Pharma,Company,207627.50000000,2026-07-30,2026-07-31,2026-08-03,2026-08-04,2026-08-03,2653,2654,2655,2656,2655,0.02820676,0.06566534,-0.02411182,0.06976028,0.06566534,0.04021847,0.00953901,0.01232162,0.05743867,0.06022127,True,0.27800830,0.65504587,0.08795479,0.20106525,80.85183022,0.02393173,0.09393650,0.11665039,True,2653,78.92800000,4.96422353,10.27373679,-2.80088640,12.88462319,10.10373679,3.44291705,True,True,True,False,2026,78.92796393
NAUKRI,Info Edge (India) Limited,Q1 FY27,21,Apr-Jun 2026,2026-06-30,2026-08-10,13:22,During market,Computers - Software,IT services,Nifty IT,Company,80404.08000000,2026-08-06,2026-08-07,2026-08-10,2026-08-11,2026-08-10,2658,2659,2660,2661,2660,-0.01185484,0.04627438,0.06084243,0.09526198,0.04627438,0.01207867,0.02290845,-0.00667734,0.10193932,0.07235353,True,0.11365573,0.50626358,0.01351316,-0.21221039,55.45820360,-0.00375000,-0.05000000,-0.01581357,True,2658,63.46070000,4.57392086,1.59907377,-3.27309041,4.68216418,1.42907377,6.35023134,True,True,True,False,2026,63.46068104
BOSCHLTD,Bosch Limited,Q1 FY27,21,Apr-Jun 2026,2026-06-30,2026-08-10,18:32,After close,Auto Ancillaries,,Nifty Auto,Company,123900.00000000,2026-08-06,2026-08-07,2026-08-10,2026-08-11,2026-08-11,2658,2659,2660,2661,2661,0.02261905,0.01292200,0.03861625,0.07415730,0.03861625,0.01379152,0.01196750,-0.00667734,0.08083465,0.06218980,True,0.21995990,-0.36735060,0.04962538,0.23877193,44.67762873,0.07845524,0.07967246,0.11385889,True,2658,56.82550000,4.31762134,7.96724558,-3.41864276,11.19588834,7.79724558,2.82208711,True,True,True,False,2026,56.82547719
ASTRAL,Astral Limited,Q1 FY27,21,Apr-Jun 2026,2026-06-30,2026-08-12,16:04,After close,Plastic And Plastic Products,,Nifty 500,Company,38655.30000000,2026-08-10,2026-08-11,2026-08-12,2026-08-13,2026-08-13,2660,2661,2662,2663,2663,-0.00842032,0.02744052,0.08743169,0.10645190,0.08743169,0.02390710,-0.00358695,-0.00766181,0.11411371,0.11003885,True,0.15927123,0.47965475,-0.24443380,-0.43661972,72.03745807,-0.03768844,-0.08354271,-0.04591131,True,2660,50.20520000,8.90727248,-8.35426260,-3.76314004,-4.78112256,-8.52426260,-4.78112256,True,True,True,False,2026,50.20522412
SOLARINDS,Solar Industries India Limited,Q1 FY27,21,Apr-Jun 2026,2026-06-30,2026-08-13,14:26,During market,Chemicals - Speciality,,Nifty Commodities,Company,169868.50000000,2026-08-11,2026-08-12,2026-08-13,2026-08-14,2026-08-13,2661,2662,2663,2664,2663,-0.00213106,0.08510411,-0.01746703,0.06550602,0.08510411,0.00603310,-0.01055736,-0.00432546,0.06983148,0.07606338,True,0.70261552,0.92663124,0.20160511,0.19158921,101.25987303,-0.00345536,0.11623016,0.15595354,True,2661,56.59670000,8.67451248,10.06690679,-3.76314004,13.64004683,9.89690679,3.14128488,True,True,True,False,2026,56.59674520
