symbol,qn,quarter,period,i_p1,i_react,XN,drift20,exit20
360ONE,0,Q4 FY21,Jan-Mar 2021,1363,1362,-8.53596,1.87732,1382
360ONE,1,Q1 FY22,Apr-Jun 2021,1417,1417,14.0783,-5.2786,1437
360ONE,2,Q2 FY22,Jul-Sep 2021,1476,1476,-1.01876,-4.68756,1496
360ONE,3,Q3 FY22,Oct-Dec 2021,1543,1543,1.39108,-1.26206,1563
360ONE,4,Q4 FY22,Jan-Mar 2022,1602,1602,1.62799,-12.1329,1622
360ONE,5,Q1 FY23,Apr-Jun 2022,1660,1660,0.717391,-5.47449,1680
360ONE,6,Q2 FY23,Jul-Sep 2022,1718,1718,-4.84715,-5.35345,1738
360ONE,7,Q3 FY23,Oct-Dec 2022,1782,1782,-0.477154,-3.71865,1802
360ONE,8,Q4 FY23,Jan-Mar 2023,1850,1850,-0.487774,-1.31768,1870
360ONE,9,Q1 FY24,Apr-Jun 2023,1904,1904,0.488557,1.22726,1924
360ONE,10,Q2 FY24,Jul-Sep 2023,1975,1975,-4.21653,5.88092,1995
360ONE,11,Q3 FY24,Oct-Dec 2023,2028,2028,-2.96997,9.33837,2048
360ONE,12,Q4 FY24,Jan-Mar 2024,2091,2091,4.46079,-0.514194,2111
360ONE,13,Q1 FY25,Apr-Jun 2024,2158,2158,2.32073,-5.33978,2178
360ONE,14,Q2 FY25,Jul-Sep 2024,2215,2215,-5.99388,11.1085,2235
360ONE,15,Q3 FY25,Oct-Dec 2024,2282,2282,-6.45959,1.39906,2302
360ONE,16,Q4 FY25,Jan-Mar 2025,2339,2339,-3.57795,-2.57974,2359
360ONE,17,Q1 FY26,Apr-Jun 2025,2400,2399,0.287643,-11.2707,2419
360ONE,18,Q2 FY26,Jul-Sep 2025,2462,2462,1.06105,-6.22773,2482
360ONE,19,Q3 FY26,Oct-Dec 2025,2523,2522,4.10831,-5.0508,2542
360ONE,20,Q4 FY26,Jan-Mar 2026,2585,2585,-4.0148,8.36129,2605
360ONE,21,Q1 FY27,Apr-Jun 2026,2644,2643,-1.55085,8.06316,2663
ABB,0,Q4 FY21,Jan-Mar 2021,1349,1349,-1.18695,10.6029,1369
ABB,1,Q1 FY22,Apr-Jun 2021,1413,1413,-1.17819,3.82409,1433
ABB,2,Q2 FY22,Jul-Sep 2021,1474,1474,2.16212,12.6383,1494
ABB,3,Q3 FY22,Oct-Dec 2021,1548,1547,-0.947266,0.265404,1567
ABB,4,Q4 FY22,Jan-Mar 2022,1602,1602,10.2281,9.21055,1622
ABB,5,Q1 FY23,Apr-Jun 2022,1671,1670,1.75671,17.9423,1690
ABB,6,Q2 FY23,Jul-Sep 2022,1733,1733,-4.02794,-2.03386,1753
ABB,7,Q3 FY23,Oct-Dec 2022,1797,1797,-2.25725,11.6114,1817
ABB,8,Q4 FY23,Jan-Mar 2023,1849,1849,4.63481,6.93992,1869
ABB,9,Q1 FY24,Apr-Jun 2023,1920,1920,-3.83078,-1.79063,1940
ABB,10,Q2 FY24,Jul-Sep 2023,1980,1979,1.06534,2.0059,1999
ABB,11,Q3 FY24,Oct-Dec 2023,2050,2050,10.8106,16.0051,2070
ABB,12,Q4 FY24,Jan-Mar 2024,2103,2103,11.0053,-4.25276,2123
ABB,13,Q1 FY25,Apr-Jun 2024,2165,2165,-0.66348,-6.9909,2185
ABB,14,Q2 FY25,Jul-Sep 2024,2225,2225,-4.00577,2.93994,2245
ABB,15,Q3 FY25,Oct-Dec 2024,2298,2298,-1.84299,5.12768,2318
ABB,16,Q4 FY25,Jan-Mar 2025,2350,2350,-1.12554,10.5242,2370
ABB,17,Q1 FY26,Apr-Jun 2025,2411,2410,-6.11638,1.91431,2430
ABB,18,Q2 FY26,Jul-Sep 2025,2474,2474,-3.97731,0.406687,2494
ABB,19,Q3 FY26,Oct-Dec 2025,2547,2547,4.21773,12.8714,2567
ABB,20,Q4 FY26,Jan-Mar 2026,2597,2597,-7.42235,10.9179,2617
ABB,21,Q1 FY27,Apr-Jun 2026,2655,2655,2.74253,3.29425,2675
ABCAPITAL,0,Q4 FY21,Jan-Mar 2021,1361,1361,1.66451,-7.35015,1381
ABCAPITAL,1,Q1 FY22,Apr-Jun 2021,1419,1419,7.69648,-18.7852,1439
ABCAPITAL,2,Q2 FY22,Jul-Sep 2021,1478,1477,1.43558,14.6059,1497
ABCAPITAL,3,Q3 FY22,Oct-Dec 2021,1543,1543,-0.592024,-10.821,1563
ABCAPITAL,4,Q4 FY22,Jan-Mar 2022,1608,1608,0.464277,-2.05933,1628
ABCAPITAL,5,Q1 FY23,Apr-Jun 2022,1667,1666,-1.45604,7.11731,1686
ABCAPITAL,6,Q2 FY23,Jul-Sep 2022,1730,1729,3.03107,20.8905,1749
ABCAPITAL,7,Q3 FY23,Oct-Dec 2022,1791,1791,0.963013,10.4846,1811
ABCAPITAL,8,Q4 FY23,Jan-Mar 2023,1855,1854,-3.96788,3.0347,1874
ABCAPITAL,9,Q1 FY24,Apr-Jun 2023,1913,1912,-2.11188,-3.23598,1932
ABCAPITAL,10,Q2 FY24,Jul-Sep 2023,1976,1975,-0.277184,-7.89004,1995
ABCAPITAL,11,Q3 FY24,Oct-Dec 2023,2037,2036,-2.3539,8.7538,2056
ABCAPITAL,12,Q4 FY24,Jan-Mar 2024,2104,2103,2.6231,-0.467655,2123
ABCAPITAL,13,Q1 FY25,Apr-Jun 2024,2160,2159,-3.23224,-0.890524,2179
ABCAPITAL,14,Q2 FY25,Jul-Sep 2024,2222,2221,5.82523,-8.90752,2241
ABCAPITAL,15,Q3 FY25,Oct-Dec 2024,2288,2287,-1.83963,-4.91264,2307
ABCAPITAL,16,Q4 FY25,Jan-Mar 2025,2352,2352,6.19934,10.8644,2372
ABCAPITAL,17,Q1 FY26,Apr-Jun 2025,2412,2411,1.57099,-1.92184,2431
ABCAPITAL,18,Q2 FY26,Jul-Sep 2025,2470,2469,5.82372,8.30613,2489
ABCAPITAL,19,Q3 FY26,Oct-Dec 2025,2535,2535,0.144579,-1.56306,2555
ABCAPITAL,20,Q4 FY26,Jan-Mar 2026,2593,2592,-0.406041,4.21168,2612
ABCAPITAL,21,Q1 FY27,Apr-Jun 2026,2655,2654,2.32793,1.162,2674
ADANIENSOL,0,Q4 FY21,Jan-Mar 2021,1356,1356,3.76173,28.8475,1376
ADANIENSOL,1,Q1 FY22,Apr-Jun 2021,1419,1418,1.37282,78.5222,1438
ADANIENSOL,2,Q2 FY22,Jul-Sep 2021,1477,1477,-1.84754,6.33303,1497
ADANIENSOL,3,Q3 FY22,Oct-Dec 2021,1543,1542,0.750109,23.2887,1562
ADANIENSOL,4,Q4 FY22,Jan-Mar 2022,1603,1603,2.15688,-31.6048,1623
ADANIENSOL,5,Q1 FY23,Apr-Jun 2022,1667,1667,0.751417,10.7077,1687
ADANIENSOL,6,Q2 FY23,Jul-Sep 2022,1730,1729,-0.0811255,-19.2049,1749
ADANIENSOL,7,Q3 FY23,Oct-Dec 2022,1794,1793,-0.0956377,-34.669,1813
ADANIENSOL,8,Q4 FY23,Jan-Mar 2023,1867,1867,-3.54182,-4.85175,1887
ADANIENSOL,9,Q1 FY24,Apr-Jun 2023,1911,1911,-1.93843,6.65214,1931
ADANIENSOL,10,Q2 FY24,Jul-Sep 2023,1977,1977,-1.24366,44.8962,1997
ADANIENSOL,11,Q3 FY24,Oct-Dec 2023,2034,2033,1.61095,5.34401,2053
ADANIENSOL,12,Q4 FY24,Jan-Mar 2024,2096,2096,-1.35118,5.14006,2116
ADANIENSOL,13,Q1 FY25,Apr-Jun 2024,2155,2155,-1.58533,-0.574623,2175
ADANIENSOL,14,Q2 FY25,Jul-Sep 2024,2216,2215,0.490198,-26.3695,2235
ADANIENSOL,15,Q3 FY25,Oct-Dec 2024,2280,2279,0.531451,-15.9068,2299
ADANIENSOL,16,Q4 FY25,Jan-Mar 2025,2347,2346,-2.84629,-6.27213,2366
ADANIENSOL,17,Q1 FY26,Apr-Jun 2025,2404,2403,-1.00215,-4.99328,2423
ADANIENSOL,18,Q2 FY26,Jul-Sep 2025,2467,2467,-2.54262,6.56123,2487
ADANIENSOL,19,Q3 FY26,Oct-Dec 2025,2527,2526,2.30926,8.25985,2546
ADANIENSOL,20,Q4 FY26,Jan-Mar 2026,2587,2587,4.86256,-1.10148,2607
ADANIENSOL,21,Q1 FY27,Apr-Jun 2026,2647,2646,0.909208,-7.82258,2666
ADANIENT,0,Q4 FY21,Jan-Mar 2021,1355,1354,-0.441059,17.5625,1374
ADANIENT,1,Q1 FY22,Apr-Jun 2021,1417,1417,-1.71218,3.86436,1437
ADANIENT,2,Q2 FY22,Jul-Sep 2021,1475,1475,-8.78196,23.5539,1495
ADANIENT,3,Q3 FY22,Oct-Dec 2021,1550,1550,1.79995,2.96148,1570
ADANIENT,4,Q4 FY22,Jan-Mar 2022,1602,1601,-1.36956,-3.63713,1621
ADANIENT,5,Q1 FY23,Apr-Jun 2022,1668,1668,-1.01442,27.4295,1688
ADANIENT,6,Q2 FY23,Jul-Sep 2022,1728,1728,6.40686,-0.688504,1748
ADANIENT,7,Q3 FY23,Oct-Dec 2022,1799,1798,0.97148,10.4451,1818
ADANIENT,8,Q4 FY23,Jan-Mar 2023,1850,1849,3.0114,29.1232,1869
ADANIENT,9,Q1 FY24,Apr-Jun 2023,1914,1913,3.12933,-3.53632,1933
ADANIENT,10,Q2 FY24,Jul-Sep 2023,1975,1974,-0.849054,0.723483,1994
ADANIENT,11,Q3 FY24,Oct-Dec 2023,2037,2036,0.496039,2.86753,2056
ADANIENT,12,Q4 FY24,Jan-Mar 2024,2097,2096,-0.686093,5.7923,2116
ADANIENT,13,Q1 FY25,Apr-Jun 2024,2160,2159,1.27028,-7.05084,2179
ADANIENT,14,Q2 FY25,Jul-Sep 2024,2221,2220,1.26012,-12.1867,2240
ADANIENT,15,Q3 FY25,Oct-Dec 2024,2285,2284,-3.21956,-3.25833,2304
ADANIENT,16,Q4 FY25,Jan-Mar 2025,2345,2344,-0.359889,8.17848,2364
ADANIENT,17,Q1 FY26,Apr-Jun 2025,2409,2408,-3.68608,-5.44852,2428
ADANIENT,18,Q2 FY26,Jul-Sep 2025,2473,2472,-1.27009,-11.022,2492
ADANIENT,19,Q3 FY26,Oct-Dec 2025,2535,2534,7.83631,-0.877936,2554
ADANIENT,20,Q4 FY26,Jan-Mar 2026,2592,2592,2.70226,22.0429,2612
ADANIENT,21,Q1 FY27,Apr-Jun 2026,2653,2652,-0.364783,3.06809,2672
ADANIGREEN,0,Q4 FY21,Jan-Mar 2021,1355,1355,2.56083,9.73506,1375
ADANIGREEN,1,Q1 FY22,Apr-Jun 2021,1418,1417,0.0199585,14.8439,1437
ADANIGREEN,2,Q2 FY22,Jul-Sep 2021,1476,1475,-2.94541,22.4211,1495
ADANIGREEN,3,Q3 FY22,Oct-Dec 2021,1542,1541,-0.509774,9.01563,1561
ADANIGREEN,4,Q4 FY22,Jan-Mar 2022,1602,1601,-3.32406,-29.878,1621
ADANIGREEN,5,Q1 FY23,Apr-Jun 2022,1666,1666,-4.23328,5.1709,1686
ADANIGREEN,6,Q2 FY23,Jul-Sep 2022,1732,1732,-0.83203,-7.32169,1752
ADANIGREEN,7,Q3 FY23,Oct-Dec 2022,1794,1793,-4.75682,-26.8713,1813
ADANIGREEN,8,Q4 FY23,Jan-Mar 2023,1848,1847,2.02935,-3.47943,1867
ADANIGREEN,9,Q1 FY24,Apr-Jun 2023,1911,1910,-0.484389,-8.78482,1930
ADANIGREEN,10,Q2 FY24,Jul-Sep 2023,1972,1971,4.60076,11.1166,1991
ADANIGREEN,11,Q3 FY24,Oct-Dec 2023,2034,2033,1.24235,13.093,2053
ADANIGREEN,12,Q4 FY24,Jan-Mar 2024,2098,2097,1.48573,5.7872,2117
ADANIGREEN,13,Q1 FY25,Apr-Jun 2024,2155,2154,6.12005,2.70757,2174
ADANIGREEN,14,Q2 FY25,Jul-Sep 2024,2216,2216,1.19738,-36.044,2236
ADANIGREEN,15,Q3 FY25,Oct-Dec 2024,2280,2280,-1.27411,-13.7637,2300
ADANIGREEN,16,Q4 FY25,Jan-Mar 2025,2342,2342,-2.00724,6.90192,2362
ADANIGREEN,17,Q1 FY26,Apr-Jun 2025,2406,2405,3.49765,-7.36298,2425
ADANIGREEN,18,Q2 FY26,Jul-Sep 2025,2468,2468,10.3409,-7.94563,2488
ADANIGREEN,19,Q3 FY26,Oct-Dec 2025,2528,2527,-13.5877,23.2048,2547
ADANIGREEN,20,Q4 FY26,Jan-Mar 2026,2588,2587,2.92118,13.6255,2607
ADANIGREEN,21,Q1 FY27,Apr-Jun 2026,2648,2647,-3.72239,-12.5201,2667
ADANIPORTS,0,Q4 FY21,Jan-Mar 2021,1354,1354,-4.82409,4.47719,1374
ADANIPORTS,1,Q1 FY22,Apr-Jun 2021,1417,1416,0.339742,-0.230668,1436
ADANIPORTS,2,Q2 FY22,Jul-Sep 2021,1475,1475,-5.8006,6.60571,1495
ADANIPORTS,3,Q3 FY22,Oct-Dec 2021,1541,1541,-0.282686,2.04366,1561
ADANIPORTS,4,Q4 FY22,Jan-Mar 2022,1616,1616,-5.26702,-1.77204,1636
ADANIPORTS,5,Q1 FY23,Apr-Jun 2022,1670,1669,-1.79484,8.84207,1689
ADANIPORTS,6,Q2 FY23,Jul-Sep 2022,1726,1726,-0.653147,2.82242,1746
ADANIPORTS,7,Q3 FY23,Oct-Dec 2022,1794,1793,1.6543,28.5407,1813
ADANIPORTS,8,Q4 FY23,Jan-Mar 2023,1868,1868,1.18761,0.027287,1888
ADANIPORTS,9,Q1 FY24,Apr-Jun 2023,1917,1916,-0.774812,2.70839,1936
ADANIPORTS,10,Q2 FY24,Jul-Sep 2023,1980,1979,-1.27891,18.7695,1999
ADANIPORTS,11,Q3 FY24,Oct-Dec 2023,2037,2036,1.05745,7.02469,2056
ADANIPORTS,12,Q4 FY24,Jan-Mar 2024,2097,2096,0.857367,4.04329,2116
ADANIPORTS,13,Q1 FY25,Apr-Jun 2024,2160,2159,1.05042,-7.70713,2179
ADANIPORTS,14,Q2 FY25,Jul-Sep 2024,2221,2220,0.991381,-12.6824,2240
ADANIPORTS,15,Q3 FY25,Oct-Dec 2024,2285,2284,-2.18713,3.20637,2304
ADANIPORTS,16,Q4 FY25,Jan-Mar 2025,2345,2344,4.1081,11.4177,2364
ADANIPORTS,17,Q1 FY26,Apr-Jun 2025,2412,2411,-1.9215,-2.54542,2431
ADANIPORTS,18,Q2 FY26,Jul-Sep 2025,2473,2472,0.622396,2.17299,2492
ADANIPORTS,19,Q3 FY26,Oct-Dec 2025,2535,2534,6.55369,-1.45022,2554
ADANIPORTS,20,Q4 FY26,Jan-Mar 2026,2592,2591,0.516139,10.1774,2611
ADANIPORTS,21,Q1 FY27,Apr-Jun 2026,2653,2652,-4.20334,-1.46478,2672
ADANIPOWER,0,Q4 FY21,Jan-Mar 2021,1356,1356,-0.461416,24.4935,1376
ADANIPOWER,1,Q1 FY22,Apr-Jun 2021,1419,1419,5.33762,-1.1293,1439
ADANIPOWER,2,Q2 FY22,Jul-Sep 2021,1477,1476,-1.81227,2.75152,1496
ADANIPOWER,3,Q3 FY22,Oct-Dec 2021,1543,1543,1.1329,16.7155,1563
ADANIPOWER,4,Q4 FY22,Jan-Mar 2022,1603,1602,4.39998,6.5113,1622
ADANIPOWER,5,Q1 FY23,Apr-Jun 2022,1667,1667,2.28802,15.8486,1687
ADANIPOWER,6,Q2 FY23,Jul-Sep 2022,1733,1732,-4.79894,-13.0576,1752
ADANIPOWER,7,Q3 FY23,Oct-Dec 2022,1795,1795,-5.12445,21.262,1815
ADANIPOWER,8,Q4 FY23,Jan-Mar 2023,1852,1851,-1.56088,6.88915,1871
ADANIPOWER,9,Q1 FY24,Apr-Jun 2023,1914,1913,3.41297,19.8796,1933
ADANIPOWER,10,Q2 FY24,Jul-Sep 2023,1975,1974,1.36327,12.1553,1994
ADANIPOWER,11,Q3 FY24,Oct-Dec 2023,2033,2033,3.19418,-1.76859,2053
ADANIPOWER,12,Q4 FY24,Jan-Mar 2024,2097,2096,-0.902035,15.554,2116
ADANIPOWER,13,Q1 FY25,Apr-Jun 2024,2159,2158,0.335506,-13.0793,2178
ADANIPOWER,14,Q2 FY25,Jul-Sep 2024,2220,2220,-1.51096,-3.02553,2240
ADANIPOWER,15,Q3 FY25,Oct-Dec 2024,2284,2283,4.24211,-2.11538,2303
ADANIPOWER,16,Q4 FY25,Jan-Mar 2025,2344,2344,-1.33884,1.88216,2364
ADANIPOWER,17,Q1 FY26,Apr-Jun 2025,2410,2409,-2.76824,7.23477,2429
ADANIPOWER,18,Q2 FY26,Jul-Sep 2025,2470,2469,0.965659,-10.5323,2489
ADANIPOWER,19,Q3 FY26,Oct-Dec 2025,2531,2530,-0.923995,4.72441,2550
ADANIPOWER,20,Q4 FY26,Jan-Mar 2026,2591,2591,1.91692,7.27293,2611
ADANIPOWER,21,Q1 FY27,Apr-Jun 2026,2648,2647,-0.760422,-6.30182,2667
ALKEM,0,Q4 FY21,Jan-Mar 2021,1368,1367,-3.11297,4.71814,1387
ALKEM,1,Q1 FY22,Apr-Jun 2021,1420,1419,2.47426,3.15032,1439
ALKEM,2,Q2 FY22,Jul-Sep 2021,1486,1485,-0.715518,0.953355,1505
ALKEM,3,Q3 FY22,Oct-Dec 2021,1544,1543,-0.426949,2.24654,1563
ALKEM,4,Q4 FY22,Jan-Mar 2022,1609,1608,-1.51646,5.23221,1628
ALKEM,5,Q1 FY23,Apr-Jun 2022,1669,1668,-1.32342,-1.64475,1688
ALKEM,6,Q2 FY23,Jul-Sep 2022,1733,1732,-1.86046,-1.91134,1752
ALKEM,7,Q3 FY23,Oct-Dec 2022,1797,1796,2.13348,-2.93273,1816
ALKEM,8,Q4 FY23,Jan-Mar 2023,1861,1860,-1.13267,-0.48726,1880
ALKEM,9,Q1 FY24,Apr-Jun 2023,1919,1918,-1.57525,-13.9764,1938
ALKEM,10,Q2 FY24,Jul-Sep 2023,1978,1977,5.31071,9.45364,1997
ALKEM,11,Q3 FY24,Oct-Dec 2023,2043,2042,0.0181544,-6.71034,2062
ALKEM,12,Q4 FY24,Jan-Mar 2024,2116,2115,-0.165778,-12.34,2135
ALKEM,13,Q1 FY25,Apr-Jun 2024,2166,2165,0.892014,5.79389,2185
ALKEM,14,Q2 FY25,Jul-Sep 2024,2232,2231,2.59023,-8.69851,2251
ALKEM,15,Q3 FY25,Oct-Dec 2024,2292,2291,-1.80159,-5.40466,2311
ALKEM,16,Q4 FY25,Jan-Mar 2025,2364,2363,0.242009,-11.4463,2383
ALKEM,17,Q1 FY26,Apr-Jun 2025,2417,2416,6.68267,2.63271,2436
ALKEM,18,Q2 FY26,Jul-Sep 2025,2479,2478,-0.741164,-1.81281,2498
ALKEM,19,Q3 FY26,Oct-Dec 2025,2543,2542,-6.66971,6.62509,2562
ALKEM,20,Q4 FY26,Jan-Mar 2026,2611,2610,2.35629,-3.17466,2630
ALKEM,21,Q1 FY27,Apr-Jun 2026,2665,2665,0.433328,0.849836,2685
AMBER,0,Q4 FY21,Jan-Mar 2021,1367,1366,-2.64986,-10.7559,1386
AMBER,1,Q1 FY22,Apr-Jun 2021,1421,1420,-3.05017,2.68457,1440
AMBER,2,Q2 FY22,Jul-Sep 2021,1478,1477,-6.87478,1.8027,1497
AMBER,3,Q3 FY22,Oct-Dec 2021,1540,1539,11.7695,-0.40404,1559
AMBER,4,Q4 FY22,Jan-Mar 2022,1609,1609,-20.3799,-17.1905,1629
AMBER,5,Q1 FY23,Apr-Jun 2022,1671,1670,-3.90409,3.30957,1690
AMBER,6,Q2 FY23,Jul-Sep 2022,1720,1720,-2.40915,-10.7566,1740
AMBER,7,Q3 FY23,Oct-Dec 2022,1784,1784,4.01574,-4.14587,1804
AMBER,8,Q4 FY23,Jan-Mar 2023,1858,1858,15.9617,-5.40707,1878
AMBER,9,Q1 FY24,Apr-Jun 2023,1907,1907,5.99037,18.1234,1927
AMBER,10,Q2 FY24,Jul-Sep 2023,1968,1967,-6.65746,15.2515,1987
AMBER,11,Q3 FY24,Oct-Dec 2023,2044,2043,-10.3251,-5.23718,2063
AMBER,12,Q4 FY24,Jan-Mar 2024,2109,2108,-0.430332,-3.50644,2128
AMBER,13,Q1 FY25,Apr-Jun 2024,2156,2155,-1.85138,-3.86493,2175
AMBER,14,Q2 FY25,Jul-Sep 2024,2216,2216,12.7206,3.33301,2236
AMBER,15,Q3 FY25,Oct-Dec 2024,2280,2280,3.53447,-15.5256,2300
AMBER,16,Q4 FY25,Jan-Mar 2025,2356,2355,-2.06873,3.48267,2375
AMBER,17,Q1 FY26,Apr-Jun 2025,2407,2406,4.05321,-5.83501,2426
AMBER,18,Q2 FY26,Jul-Sep 2025,2474,2474,-7.6624,-11.9177,2494
AMBER,19,Q3 FY26,Oct-Dec 2025,2540,2539,6.29985,5.27867,2559
AMBER,20,Q4 FY26,Jan-Mar 2026,2603,2602,-15.6352,7.75006,2622
AMBER,21,Q1 FY27,Apr-Jun 2026,2665,2664,0.777409,4.29081,2684
AMBUJACEM,0,Q4 FY21,Jan-Mar 2021,1351,1351,0.178976,-0.761231,1371
AMBUJACEM,1,Q1 FY22,Apr-Jun 2021,1410,1410,1.641,-8.18065,1430
AMBUJACEM,2,Q2 FY22,Jul-Sep 2021,1474,1474,0.708851,4.01643,1494
AMBUJACEM,3,Q3 FY22,Oct-Dec 2021,1553,1553,-5.79811,-11.2953,1573
AMBUJACEM,4,Q4 FY22,Jan-Mar 2022,1599,1599,-2.08225,2.4048,1619
AMBUJACEM,5,Q1 FY23,Apr-Jun 2022,1656,1656,-1.93908,6.80817,1676
AMBUJACEM,6,Q2 FY23,Jul-Sep 2022,1720,1719,-1.05544,6.58822,1739
AMBUJACEM,7,Q3 FY23,Oct-Dec 2022,1794,1793,1.37494,1.91044,1813
AMBUJACEM,8,Q4 FY23,Jan-Mar 2023,1848,1848,-2.40716,7.95568,1868
AMBUJACEM,9,Q1 FY24,Apr-Jun 2023,1913,1912,0.908145,-5.65462,1932
AMBUJACEM,10,Q2 FY24,Jul-Sep 2023,1974,1973,-3.71959,1.99223,1993
AMBUJACEM,11,Q3 FY24,Oct-Dec 2023,2036,2035,-2.79412,4.12916,2055
AMBUJACEM,12,Q4 FY24,Jan-Mar 2024,2097,2096,0.743862,-0.342375,2116
AMBUJACEM,13,Q1 FY25,Apr-Jun 2024,2159,2158,0.437924,-10.7246,2178
AMBUJACEM,14,Q2 FY25,Jul-Sep 2024,2220,2219,2.36667,-9.28988,2239
AMBUJACEM,15,Q3 FY25,Oct-Dec 2024,2284,2283,-4.77221,-7.4651,2303
AMBUJACEM,16,Q4 FY25,Jan-Mar 2025,2343,2343,1.08407,1.97777,2363
AMBUJACEM,17,Q1 FY26,Apr-Jun 2025,2409,2408,-3.72175,-3.74067,2428
AMBUJACEM,18,Q2 FY26,Jul-Sep 2025,2472,2471,1.92665,-6.96868,2491
AMBUJACEM,19,Q3 FY26,Oct-Dec 2025,2532,2531,-4.44512,-0.302658,2551
AMBUJACEM,20,Q4 FY26,Jan-Mar 2026,2593,2592,-0.259707,1.29966,2612
AMBUJACEM,21,Q1 FY27,Apr-Jun 2026,2652,2651,-1.10446,-4.48405,2671
ANANDRATHI,3,Q3 FY22,Oct-Dec 2021,1524,1524,-2.77913,-2.45634,1544
ANANDRATHI,4,Q4 FY22,Jan-Mar 2022,1589,1589,9.04431,1.70552,1609
ANANDRATHI,5,Q1 FY23,Apr-Jun 2022,1655,1655,-1.26196,-4.1212,1675
ANANDRATHI,6,Q2 FY23,Jul-Sep 2022,1714,1714,0.989829,-5.83311,1734
ANANDRATHI,7,Q3 FY23,Oct-Dec 2022,1777,1777,1.86102,4.52818,1797
ANANDRATHI,8,Q4 FY23,Jan-Mar 2023,1836,1836,2.51405,-4.25265,1856
ANANDRATHI,9,Q1 FY24,Apr-Jun 2023,1898,1898,7.28108,28.3057,1918
ANANDRATHI,10,Q2 FY24,Jul-Sep 2023,1961,1961,-1.41201,13.0148,1981
ANANDRATHI,11,Q3 FY24,Oct-Dec 2023,2024,2024,-5.4611,26.9052,2044
ANANDRATHI,12,Q4 FY24,Jan-Mar 2024,2085,2085,5.51764,-5.50193,2105
ANANDRATHI,13,Q1 FY25,Apr-Jun 2024,2146,2146,-4.28638,-7.9089,2166
ANANDRATHI,14,Q2 FY25,Jul-Sep 2024,2208,2208,-0.17642,0.0636531,2228
ANANDRATHI,15,Q3 FY25,Oct-Dec 2024,2272,2272,-1.36412,-7.61218,2292
ANANDRATHI,16,Q4 FY25,Jan-Mar 2025,2333,2332,-0.127637,-8.75826,2352
ANANDRATHI,17,Q1 FY26,Apr-Jun 2025,2394,2394,5.14048,20.1325,2414
ANANDRATHI,18,Q2 FY26,Jul-Sep 2025,2458,2458,8.10325,-5.74387,2478
ANANDRATHI,19,Q3 FY26,Oct-Dec 2025,2520,2520,0.879294,-5.14687,2540
ANANDRATHI,20,Q4 FY26,Jan-Mar 2026,2578,2577,5.49286,0.574299,2597
ANANDRATHI,21,Q1 FY27,Apr-Jun 2026,2639,2639,1.42455,-3.61281,2659
ANGELONE,0,Q4 FY21,Jan-Mar 2021,1355,1355,19.2637,52.1793,1375
ANGELONE,1,Q1 FY22,Apr-Jun 2021,1405,1405,20.0022,-7.68408,1425
ANGELONE,2,Q2 FY22,Jul-Sep 2021,1470,1470,-5.57059,-14.4348,1490
ANGELONE,3,Q3 FY22,Oct-Dec 2021,1531,1531,2.92759,-0.894291,1551
ANGELONE,4,Q4 FY22,Jan-Mar 2022,1593,1593,16.0447,-18.2202,1613
ANGELONE,5,Q1 FY23,Apr-Jun 2022,1655,1654,-1.09358,-7.73146,1674
ANGELONE,6,Q2 FY23,Jul-Sep 2022,1714,1714,2.84911,-14.1721,1734
ANGELONE,7,Q3 FY23,Oct-Dec 2022,1779,1779,-2.64077,-12.6706,1799
ANGELONE,8,Q4 FY23,Jan-Mar 2023,1838,1838,1.88106,-5.12704,1858
ANGELONE,9,Q1 FY24,Apr-Jun 2023,1899,1899,-2.83195,1.35764,1919
ANGELONE,10,Q2 FY24,Jul-Sep 2023,1961,1961,-1.57437,33.1455,1981
ANGELONE,11,Q3 FY24,Oct-Dec 2023,2025,2025,-13.7878,-0.750594,2045
ANGELONE,12,Q4 FY24,Jan-Mar 2024,2088,2087,-1.39093,-3.69549,2107
ANGELONE,13,Q1 FY25,Apr-Jun 2024,2148,2148,-2.6865,-2.81449,2168
ANGELONE,14,Q2 FY25,Jul-Sep 2024,2210,2210,18.6978,-10.3482,2230
ANGELONE,15,Q3 FY25,Oct-Dec 2024,2272,2272,-3.4967,-2.05751,2292
ANGELONE,16,Q4 FY25,Jan-Mar 2025,2335,2335,-1.61532,14.3472,2355
ANGELONE,17,Q1 FY26,Apr-Jun 2025,2398,2398,1.25664,-1.66078,2418
ANGELONE,18,Q2 FY26,Jul-Sep 2025,2460,2460,0.495907,13.0208,2480
ANGELONE,19,Q3 FY26,Oct-Dec 2025,2523,2522,8.86874,-1.08957,2542
ANGELONE,20,Q4 FY26,Jan-Mar 2026,2582,2582,9.55668,-2.85405,2602
ANGELONE,21,Q1 FY27,Apr-Jun 2026,2643,2643,-2.48049,-14.1259,2663
APLAPOLLO,0,Q4 FY21,Jan-Mar 2021,1375,1374,4.17713,23.1671,1394
APLAPOLLO,1,Q1 FY22,Apr-Jun 2021,1420,1419,2.91601,-9.82027,1439
APLAPOLLO,2,Q2 FY22,Jul-Sep 2021,1476,1475,4.00168,16.1587,1495
APLAPOLLO,3,Q3 FY22,Oct-Dec 2021,1537,1536,-8.94755,-2.87039,1556
APLAPOLLO,4,Q4 FY22,Jan-Mar 2022,1609,1608,7.54557,5.62837,1628
APLAPOLLO,5,Q1 FY23,Apr-Jun 2022,1662,1661,0.262859,1.54076,1681
APLAPOLLO,6,Q2 FY23,Jul-Sep 2022,1731,1730,-3.13544,5.35002,1750
APLAPOLLO,7,Q3 FY23,Oct-Dec 2022,1791,1790,3.04019,6.88471,1810
APLAPOLLO,8,Q4 FY23,Jan-Mar 2023,1856,1856,-2.80688,8.75056,1876
APLAPOLLO,9,Q1 FY24,Apr-Jun 2023,1916,1915,-3.73267,21.6401,1935
APLAPOLLO,10,Q2 FY24,Jul-Sep 2023,1972,1972,-2.07725,0.151087,1992
APLAPOLLO,11,Q3 FY24,Oct-Dec 2023,2034,2033,0.992521,-6.78329,2053
APLAPOLLO,12,Q4 FY24,Jan-Mar 2024,2104,2103,1.70303,-1.08538,2123
APLAPOLLO,13,Q1 FY25,Apr-Jun 2024,2167,2166,0.631458,-4.14195,2186
APLAPOLLO,14,Q2 FY25,Jul-Sep 2024,2221,2220,3.70914,-0.548213,2240
APLAPOLLO,15,Q3 FY25,Oct-Dec 2024,2277,2276,0.657345,-16.2699,2296
APLAPOLLO,16,Q4 FY25,Jan-Mar 2025,2348,2348,0.593929,13.161,2368
APLAPOLLO,17,Q1 FY26,Apr-Jun 2025,2404,2403,1.04849,-1.42201,2423
APLAPOLLO,18,Q2 FY26,Jul-Sep 2025,2469,2468,1.11062,-4.49345,2488
APLAPOLLO,19,Q3 FY26,Oct-Dec 2025,2527,2526,4.65843,10.8376,2546
APLAPOLLO,20,Q4 FY26,Jan-Mar 2026,2593,2592,-2.18713,-2.90604,2612
APLAPOLLO,21,Q1 FY27,Apr-Jun 2026,2656,2655,5.10283,17.3206,2675
APOLLOHOSP,0,Q4 FY21,Jan-Mar 2021,1389,1389,-1.94029,21.9259,1409
APOLLOHOSP,1,Q1 FY22,Apr-Jun 2021,1425,1425,6.7088,4.51201,1445
APOLLOHOSP,2,Q2 FY22,Jul-Sep 2021,1486,1486,8.77443,6.91153,1506
APOLLOHOSP,3,Q3 FY22,Oct-Dec 2021,1549,1548,-0.337458,11.9476,1568
APOLLOHOSP,4,Q4 FY22,Jan-Mar 2022,1617,1617,3.02912,8.91853,1637
APOLLOHOSP,5,Q1 FY23,Apr-Jun 2022,1672,1672,-2.86073,2.01088,1692
APOLLOHOSP,6,Q2 FY23,Jul-Sep 2022,1732,1732,1.38904,5.16361,1752
APOLLOHOSP,7,Q3 FY23,Oct-Dec 2022,1799,1799,4.65171,1.95623,1819
APOLLOHOSP,8,Q4 FY23,Jan-Mar 2023,1868,1867,-1.07926,10.8356,1887
APOLLOHOSP,9,Q1 FY24,Apr-Jun 2023,1920,1919,0.255272,0.944795,1939
APOLLOHOSP,10,Q2 FY24,Jul-Sep 2023,1980,1979,3.89986,-3.25048,1999
APOLLOHOSP,11,Q3 FY24,Oct-Dec 2023,2042,2041,1.8279,-6.31727,2061
APOLLOHOSP,12,Q4 FY24,Jan-Mar 2024,2117,2117,1.07463,-1.9914,2137
APOLLOHOSP,13,Q1 FY25,Apr-Jun 2024,2168,2168,-1.13587,3.22158,2188
APOLLOHOSP,14,Q2 FY25,Jul-Sep 2024,2227,2227,7.71767,-4.84532,2247
APOLLOHOSP,15,Q3 FY25,Oct-Dec 2024,2293,2293,-5.24038,-0.141771,2313
APOLLOHOSP,16,Q4 FY25,Jan-Mar 2025,2365,2365,0.646458,1.48278,2385
APOLLOHOSP,17,Q1 FY26,Apr-Jun 2025,2417,2417,7.36552,-1.16396,2437
APOLLOHOSP,18,Q2 FY26,Jul-Sep 2025,2474,2474,-1.73081,-8.64421,2494
APOLLOHOSP,19,Q3 FY26,Oct-Dec 2025,2540,2540,3.91737,9.81768,2560
APOLLOHOSP,20,Q4 FY26,Jan-Mar 2026,2605,2605,2.86523,0.663356,2625
APOLLOHOSP,21,Q1 FY27,Apr-Jun 2026,2663,2663,0.198998,7.25152,2683
ASHOKLEY,0,Q4 FY21,Jan-Mar 2021,1390,1390,3.95665,-1.02973,1410
ASHOKLEY,1,Q1 FY22,Apr-Jun 2021,1424,1424,-3.47651,-9.33055,1444
ASHOKLEY,2,Q2 FY22,Jul-Sep 2021,1486,1486,4.35558,-12.8604,1506
ASHOKLEY,3,Q3 FY22,Oct-Dec 2021,1549,1549,-3.74288,-10.2273,1569
ASHOKLEY,4,Q4 FY22,Jan-Mar 2022,1613,1613,3.17274,6.86184,1633
ASHOKLEY,5,Q1 FY23,Apr-Jun 2022,1664,1663,1.01973,-0.147266,1683
ASHOKLEY,6,Q2 FY23,Jul-Sep 2022,1732,1732,-0.99887,-3.57552,1752
ASHOKLEY,7,Q3 FY23,Oct-Dec 2022,1790,1790,2.97865,-2.89974,1810
ASHOKLEY,8,Q4 FY23,Jan-Mar 2023,1863,1863,-0.841468,5.85089,1883
ASHOKLEY,9,Q1 FY24,Apr-Jun 2023,1905,1904,4.67225,4.52921,1924
ASHOKLEY,10,Q2 FY24,Jul-Sep 2023,1980,1979,-1.56714,-5.47503,1999
ASHOKLEY,11,Q3 FY24,Oct-Dec 2023,2039,2039,-0.333819,-6.56162,2059
ASHOKLEY,12,Q4 FY24,Jan-Mar 2024,2113,2112,-0.731085,11.5188,2132
ASHOKLEY,13,Q1 FY25,Apr-Jun 2024,2155,2154,0.000203598,10.3249,2174
ASHOKLEY,14,Q2 FY25,Jul-Sep 2024,2229,2228,2.9858,1.2737,2248
ASHOKLEY,15,Q3 FY25,Oct-Dec 2024,2295,2294,7.79266,-7.5458,2314
ASHOKLEY,16,Q4 FY25,Jan-Mar 2025,2360,2359,-0.650048,-2.90448,2379
ASHOKLEY,17,Q1 FY26,Apr-Jun 2025,2419,2418,1.81398,8.04507,2438
ASHOKLEY,18,Q2 FY26,Jul-Sep 2025,2478,2477,-3.10728,11.3161,2497
ASHOKLEY,19,Q3 FY26,Oct-Dec 2025,2541,2540,-1.6837,-4.5925,2560
ASHOKLEY,20,Q4 FY26,Jan-Mar 2026,2611,2610,-3.49607,-0.457073,2630
ASHOKLEY,21,Q1 FY27,Apr-Jun 2026,2665,2664,-2.48219,-0.624491,2684
ASIANPAINT,0,Q4 FY21,Jan-Mar 2021,1360,1359,1.03671,8.34413,1379
ASIANPAINT,1,Q1 FY22,Apr-Jun 2021,1408,1407,6.70276,-10.9782,1427
ASIANPAINT,2,Q2 FY22,Jul-Sep 2021,1471,1470,-4.80324,12.8253,1490
ASIANPAINT,3,Q3 FY22,Oct-Dec 2021,1534,1533,1.80382,1.25688,1553
ASIANPAINT,4,Q4 FY22,Jan-Mar 2022,1606,1605,3.07771,-12.1553,1625
ASIANPAINT,5,Q1 FY23,Apr-Jun 2022,1661,1660,0.999127,1.87041,1680
ASIANPAINT,6,Q2 FY23,Jul-Sep 2022,1719,1718,-2.53162,-4.84512,1738
ASIANPAINT,7,Q3 FY23,Oct-Dec 2022,1782,1781,-2.36914,-0.23192,1801
ASIANPAINT,8,Q4 FY23,Jan-Mar 2023,1855,1854,3.33254,0.46426,1874
ASIANPAINT,9,Q1 FY24,Apr-Jun 2023,1907,1906,-4.08574,-5.60877,1926
ASIANPAINT,10,Q2 FY24,Jul-Sep 2023,1970,1969,-1.89816,0.484371,1989
ASIANPAINT,11,Q3 FY24,Oct-Dec 2023,2027,2026,0.433332,-8.53321,2046
ASIANPAINT,12,Q4 FY24,Jan-Mar 2024,2102,2101,-3.13779,3.24982,2121
ASIANPAINT,13,Q1 FY25,Apr-Jun 2024,2150,2149,-2.20549,5.02456,2169
ASIANPAINT,14,Q2 FY25,Jul-Sep 2024,2230,2229,-8.14453,-7.01993,2249
ASIANPAINT,15,Q3 FY25,Oct-Dec 2024,2289,2288,1.0902,-2.17304,2308
ASIANPAINT,16,Q4 FY25,Jan-Mar 2025,2349,2349,0.96472,-6.5103,2369
ASIANPAINT,17,Q1 FY26,Apr-Jun 2025,2407,2406,1.20767,4.9336,2426
ASIANPAINT,18,Q2 FY26,Jul-Sep 2025,2478,2477,3.53371,1.70804,2497
ASIANPAINT,19,Q3 FY26,Oct-Dec 2025,2529,2528,-3.49822,-9.49777,2548
ASIANPAINT,20,Q4 FY26,Jan-Mar 2026,2611,2610,1.49209,-2.24255,2630
ASIANPAINT,21,Q1 FY27,Apr-Jun 2026,2653,2652,-0.292872,-4.60671,2672
ASTRAL,0,Q4 FY21,Jan-Mar 2021,1363,1363,1.48345,3.01853,1383
ASTRAL,1,Q1 FY22,Apr-Jun 2021,1420,1420,-4.35017,-10.175,1440
ASTRAL,2,Q2 FY22,Jul-Sep 2021,1485,1485,1.84743,1.37795,1505
ASTRAL,3,Q3 FY22,Oct-Dec 2021,1544,1544,-1.50954,-6.1914,1564
ASTRAL,4,Q4 FY22,Jan-Mar 2022,1619,1619,-1.32992,4.83638,1639
ASTRAL,5,Q1 FY23,Apr-Jun 2022,1674,1673,0.00960384,19.6061,1693
ASTRAL,6,Q2 FY23,Jul-Sep 2022,1733,1733,-3.75086,2.20354,1753
ASTRAL,7,Q3 FY23,Oct-Dec 2022,1794,1794,-2.79979,-3.9204,1814
ASTRAL,8,Q4 FY23,Jan-Mar 2023,1857,1857,6.30424,16.6513,1877
ASTRAL,9,Q1 FY24,Apr-Jun 2023,1920,1920,0.735191,-7.10181,1940
ASTRAL,10,Q2 FY24,Jul-Sep 2023,1965,1965,-5.85305,3.11779,1985
ASTRAL,11,Q3 FY24,Oct-Dec 2023,2035,2035,-3.4001,11.0935,2055
ASTRAL,12,Q4 FY24,Jan-Mar 2024,2108,2108,-4.90361,-1.80016,2128
ASTRAL,13,Q1 FY25,Apr-Jun 2024,2165,2165,-3.48082,-7.98607,2185
ASTRAL,14,Q2 FY25,Jul-Sep 2024,2228,2228,0.124794,1.3494,2248
ASTRAL,15,Q3 FY25,Oct-Dec 2024,2285,2285,1.58103,-5.39577,2305
ASTRAL,16,Q4 FY25,Jan-Mar 2025,2358,2358,5.51736,4.5994,2378
ASTRAL,17,Q1 FY26,Apr-Jun 2025,2416,2416,-7.73107,11.3641,2436
ASTRAL,18,Q2 FY26,Jul-Sep 2025,2474,2473,7.08432,-10.0615,2493
ASTRAL,19,Q3 FY26,Oct-Dec 2025,2537,2537,-2.28682,15.5644,2557
ASTRAL,20,Q4 FY26,Jan-Mar 2026,2603,2603,-6.12743,6.04651,2623
ASTRAL,21,Q1 FY27,Apr-Jun 2026,2663,2663,8.90727,-4.59112,2683
ATHERENERG,16,Q4 FY25,Jan-Mar 2025,2351,2351,-0.839455,3.44432,2371
ATHERENERG,17,Q1 FY26,Apr-Jun 2025,2411,2410,13.3674,26.4613,2430
ATHERENERG,18,Q2 FY26,Jul-Sep 2025,2476,2476,4.97833,-2.25305,2496
ATHERENERG,19,Q3 FY26,Oct-Dec 2025,2534,2534,8.88591,8.5607,2554
ATHERENERG,20,Q4 FY26,Jan-Mar 2026,2593,2592,-0.598267,5.48382,2612
ATHERENERG,21,Q1 FY27,Apr-Jun 2026,2656,2655,-0.618413,37.7659,2675
AUBANK,0,Q4 FY21,Jan-Mar 2021,1351,1351,-8.91812,-8.07289,1371
AUBANK,1,Q1 FY22,Apr-Jun 2021,1420,1419,1.04768,-13.5323,1439
AUBANK,2,Q2 FY22,Jul-Sep 2021,1476,1476,0.122932,-5.99035,1496
AUBANK,3,Q3 FY22,Oct-Dec 2021,1539,1539,1.59741,-4.94205,1559
AUBANK,4,Q4 FY22,Jan-Mar 2022,1597,1597,-2.77173,2.05464,1617
AUBANK,5,Q1 FY23,Apr-Jun 2022,1657,1657,1.18772,3.21473,1677
AUBANK,6,Q2 FY23,Jul-Sep 2022,1718,1718,-5.66306,0.438879,1738
AUBANK,7,Q3 FY23,Oct-Dec 2022,1782,1782,-0.34583,-1.14247,1802
AUBANK,8,Q4 FY23,Jan-Mar 2023,1844,1844,-2.78689,16.8119,1864
AUBANK,9,Q1 FY24,Apr-Jun 2023,1906,1905,-3.30077,-0.0383724,1925
AUBANK,10,Q2 FY24,Jul-Sep 2023,1972,1971,-3.99116,6.77944,1991
AUBANK,11,Q3 FY24,Oct-Dec 2023,2033,2033,-13.3168,-8.17877,2053
AUBANK,12,Q4 FY24,Jan-Mar 2024,2092,2092,-2.3815,0.224537,2112
AUBANK,13,Q1 FY25,Apr-Jun 2024,2155,2155,1.21169,-3.31377,2175
AUBANK,14,Q2 FY25,Jul-Sep 2024,2217,2217,-0.833784,-6.91597,2237
AUBANK,15,Q3 FY25,Oct-Dec 2024,2281,2280,2.59097,-9.24734,2300
AUBANK,16,Q4 FY25,Jan-Mar 2025,2338,2338,7.7457,2.40753,2358
AUBANK,17,Q1 FY26,Apr-Jun 2025,2401,2400,-5.7735,1.1824,2420
AUBANK,18,Q2 FY26,Jul-Sep 2025,2462,2462,8.66191,6.17616,2482
AUBANK,19,Q3 FY26,Oct-Dec 2025,2525,2525,-0.336971,0.0980835,2545
AUBANK,20,Q4 FY26,Jan-Mar 2026,2589,2589,-1.53411,-1.3713,2609
AUBANK,21,Q1 FY27,Apr-Jun 2026,2651,2650,3.8394,4.94368,2670
AUROPHARMA,0,Q4 FY21,Jan-Mar 2021,1372,1372,-2.71966,-1.43411,1392
AUROPHARMA,1,Q1 FY22,Apr-Jun 2021,1424,1424,-8.86169,-6.88832,1444
AUROPHARMA,2,Q2 FY22,Jul-Sep 2021,1482,1482,0.878536,6.86921,1502
AUROPHARMA,3,Q3 FY22,Oct-Dec 2021,1547,1547,3.50792,-0.618472,1567
AUROPHARMA,4,Q4 FY22,Jan-Mar 2022,1620,1620,0.962997,2.6476,1640
AUROPHARMA,5,Q1 FY23,Apr-Jun 2022,1672,1672,2.8615,-8.89214,1692
AUROPHARMA,6,Q2 FY23,Jul-Sep 2022,1734,1733,-0.2661,-8.32246,1753
AUROPHARMA,7,Q3 FY23,Oct-Dec 2022,1796,1796,6.53375,-0.375955,1816
AUROPHARMA,8,Q4 FY23,Jan-Mar 2023,1867,1866,-1.11415,17.505,1886
AUROPHARMA,9,Q1 FY24,Apr-Jun 2023,1921,1920,0.952595,-2.92616,1940
AUROPHARMA,10,Q2 FY24,Jul-Sep 2023,1980,1980,2.89003,-5.56494,2000
AUROPHARMA,11,Q3 FY24,Oct-Dec 2023,2044,2043,2.30928,1.20554,2063
AUROPHARMA,12,Q4 FY24,Jan-Mar 2024,2114,2113,-3.02611,-1.63441,2133
AUROPHARMA,13,Q1 FY25,Apr-Jun 2024,2167,2166,0.918783,1.02108,2186
AUROPHARMA,14,Q2 FY25,Jul-Sep 2024,2230,2229,-2.87151,-6.97606,2249
AUROPHARMA,15,Q3 FY25,Oct-Dec 2024,2291,2291,0.175482,-3.59805,2311
AUROPHARMA,16,Q4 FY25,Jan-Mar 2025,2361,2361,1.57198,-8.18227,2381
AUROPHARMA,17,Q1 FY26,Apr-Jun 2025,2411,2411,-0.721896,-4.35568,2431
AUROPHARMA,18,Q2 FY26,Jul-Sep 2025,2474,2473,-0.396123,5.17871,2493
AUROPHARMA,19,Q3 FY26,Oct-Dec 2025,2539,2539,-6.87524,24.05,2559
AUROPHARMA,20,Q4 FY26,Jan-Mar 2026,2606,2606,-5.65229,0.323313,2626
AUROPHARMA,21,Q1 FY27,Apr-Jun 2026,2658,2658,-1.56462,6.14139,2678
AXISBANK,0,Q4 FY21,Jan-Mar 2021,1349,1349,-0.214026,2.77512,1369
AXISBANK,1,Q1 FY22,Apr-Jun 2021,1411,1411,-2.75977,-4.63612,1431
AXISBANK,2,Q2 FY22,Jul-Sep 2021,1474,1474,-6.1471,-9.46393,1494
AXISBANK,3,Q3 FY22,Oct-Dec 2021,1536,1536,6.00426,4.56621,1556
AXISBANK,4,Q4 FY22,Jan-Mar 2022,1599,1599,-5.73947,-2.21744,1619
AXISBANK,5,Q1 FY23,Apr-Jun 2022,1660,1660,-1.98865,-1.07741,1680
AXISBANK,6,Q2 FY23,Jul-Sep 2022,1719,1719,8.95675,-7.17073,1739
AXISBANK,7,Q3 FY23,Oct-Dec 2022,1784,1784,-2.41097,-5.33033,1804
AXISBANK,8,Q4 FY23,Jan-Mar 2023,1846,1846,-3.26497,5.16222,1866
AXISBANK,9,Q1 FY24,Apr-Jun 2023,1908,1908,-1.1315,4.42151,1928
AXISBANK,10,Q2 FY24,Jul-Sep 2023,1969,1969,3.1227,-2.23237,1989
AXISBANK,11,Q3 FY24,Oct-Dec 2023,2031,2031,-3.77637,0.383062,2051
AXISBANK,12,Q4 FY24,Jan-Mar 2024,2092,2092,5.24607,2.45684,2112
AXISBANK,13,Q1 FY25,Apr-Jun 2024,2154,2154,-5.08165,-2.55495,2174
AXISBANK,14,Q2 FY25,Jul-Sep 2024,2213,2213,5.3218,-0.269097,2233
AXISBANK,15,Q3 FY25,Oct-Dec 2024,2275,2275,-4.05726,2.47091,2295
AXISBANK,16,Q4 FY25,Jan-Mar 2025,2340,2340,-2.52483,0.191806,2360
AXISBANK,17,Q1 FY26,Apr-Jun 2025,2399,2399,-4.64676,-1.15288,2419
AXISBANK,18,Q2 FY26,Jul-Sep 2025,2460,2460,1.24921,2.78198,2480
AXISBANK,19,Q3 FY26,Oct-Dec 2025,2529,2528,4.08857,3.25294,2548
AXISBANK,20,Q4 FY26,Jan-Mar 2026,2590,2590,-0.184173,1.84937,2610
AXISBANK,21,Q1 FY27,Apr-Jun 2026,2646,2645,-5.0636,-2.48781,2665
BAJAJ-AUTO,0,Q4 FY21,Jan-Mar 2021,1351,1351,1.7007,2.86086,1371
BAJAJ-AUTO,1,Q1 FY22,Apr-Jun 2021,1409,1408,-2.56453,-6.59822,1428
BAJAJ-AUTO,2,Q2 FY22,Jul-Sep 2021,1475,1475,-0.064912,-6.37788,1495
BAJAJ-AUTO,3,Q3 FY22,Oct-Dec 2021,1533,1533,-2.71461,12.4812,1553
BAJAJ-AUTO,4,Q4 FY22,Jan-Mar 2022,1598,1598,-3.03713,5.14076,1618
BAJAJ-AUTO,5,Q1 FY23,Apr-Jun 2022,1661,1660,-1.4914,-2.80188,1680
BAJAJ-AUTO,6,Q2 FY23,Jul-Sep 2022,1715,1715,0.90468,-3.07764,1735
BAJAJ-AUTO,7,Q3 FY23,Oct-Dec 2022,1786,1785,2.08748,5.20787,1805
BAJAJ-AUTO,8,Q4 FY23,Jan-Mar 2023,1844,1844,-1.25246,5.17589,1864
BAJAJ-AUTO,9,Q1 FY24,Apr-Jun 2023,1907,1906,-0.73417,-2.67905,1926
BAJAJ-AUTO,10,Q2 FY24,Jul-Sep 2023,1965,1965,6.95627,2.17011,1985
BAJAJ-AUTO,11,Q3 FY24,Oct-Dec 2023,2032,2032,5.80525,7.02094,2052
BAJAJ-AUTO,12,Q4 FY24,Jan-Mar 2024,2088,2088,-3.09038,-1.49674,2108
BAJAJ-AUTO,13,Q1 FY25,Apr-Jun 2024,2149,2148,0.358228,2.22808,2168
BAJAJ-AUTO,14,Q2 FY25,Jul-Sep 2024,2212,2212,-12.0038,-1.37206,2232
BAJAJ-AUTO,15,Q3 FY25,Oct-Dec 2024,2283,2283,1.81158,0.246672,2303
BAJAJ-AUTO,16,Q4 FY25,Jan-Mar 2025,2364,2364,-2.68043,-5.57089,2384
BAJAJ-AUTO,17,Q1 FY26,Apr-Jun 2025,2413,2412,-0.326111,10.3991,2432
BAJAJ-AUTO,18,Q2 FY26,Jul-Sep 2025,2475,2475,0.257167,1.38547,2495
BAJAJ-AUTO,19,Q3 FY26,Oct-Dec 2025,2532,2532,0.934616,3.55648,2552
BAJAJ-AUTO,20,Q4 FY26,Jan-Mar 2026,2595,2595,2.78926,1.46612,2615
BAJAJ-AUTO,21,Q1 FY27,Apr-Jun 2026,2647,2646,-0.921326,11.7038,2666
BAJAJFINSV,0,Q4 FY21,Jan-Mar 2021,1350,1349,2.50009,10.1581,1369
BAJAJFINSV,1,Q1 FY22,Apr-Jun 2021,1409,1408,2.48284,10.6911,1428
BAJAJFINSV,2,Q2 FY22,Jul-Sep 2021,1476,1475,1.80733,-1.60183,1495
BAJAJFINSV,3,Q3 FY22,Oct-Dec 2021,1534,1533,-3.51571,-4.02795,1553
BAJAJFINSV,4,Q4 FY22,Jan-Mar 2022,1599,1598,0.0379614,-9.83516,1618
BAJAJFINSV,5,Q1 FY23,Apr-Jun 2022,1663,1662,8.30292,7.60032,1682
BAJAJFINSV,6,Q2 FY23,Jul-Sep 2022,1720,1719,-2.46064,-6.23995,1739
BAJAJFINSV,7,Q3 FY23,Oct-Dec 2022,1788,1787,2.00278,2.46023,1807
BAJAJFINSV,8,Q4 FY23,Jan-Mar 2023,1846,1845,1.32605,2.55835,1865
BAJAJFINSV,9,Q1 FY24,Apr-Jun 2023,1909,1908,-0.133019,-4.84873,1928
BAJAJFINSV,10,Q2 FY24,Jul-Sep 2023,1971,1970,-0.597314,-0.677888,1990
BAJAJFINSV,11,Q3 FY24,Oct-Dec 2023,2035,2034,-1.84317,-2.51026,2054
BAJAJFINSV,12,Q4 FY24,Jan-Mar 2024,2094,2093,-2.84909,-2.38294,2113
BAJAJFINSV,13,Q1 FY25,Apr-Jun 2024,2154,2153,-2.1784,1.31103,2173
BAJAJFINSV,14,Q2 FY25,Jul-Sep 2024,2217,2216,1.14224,-5.81944,2236
BAJAJFINSV,15,Q3 FY25,Oct-Dec 2024,2285,2284,-2.89759,13.364,2304
BAJAJFINSV,16,Q4 FY25,Jan-Mar 2025,2344,2343,-5.57121,0.98627,2363
BAJAJFINSV,17,Q1 FY26,Apr-Jun 2025,2405,2404,-1.38988,-1.6343,2424
BAJAJFINSV,18,Q2 FY26,Jul-Sep 2025,2477,2476,-6.55664,3.4632,2496
BAJAJFINSV,19,Q3 FY26,Oct-Dec 2025,2536,2535,0.154503,-1.41893,2555
BAJAJFINSV,20,Q4 FY26,Jan-Mar 2026,2592,2591,-0.218707,3.2322,2611
BAJAJFINSV,21,Q1 FY27,Apr-Jun 2026,2655,2654,5.99573,-0.482747,2674
BAJAJHLDNG,0,Q4 FY21,Jan-Mar 2021,1351,1351,-0.781044,-2.72671,1371
BAJAJHLDNG,1,Q1 FY22,Apr-Jun 2021,1409,1409,-0.948396,3.36041,1429
BAJAJHLDNG,2,Q2 FY22,Jul-Sep 2021,1476,1476,2.25167,8.20454,1496
BAJAJHLDNG,3,Q3 FY22,Oct-Dec 2021,1534,1534,-1.79793,2.3815,1554
BAJAJHLDNG,4,Q4 FY22,Jan-Mar 2022,1599,1599,-5.50047,0.0240456,1619
BAJAJHLDNG,5,Q1 FY23,Apr-Jun 2022,1663,1663,-1.01517,1.49999,1683
BAJAJHLDNG,6,Q2 FY23,Jul-Sep 2022,1720,1720,-0.295049,-2.96786,1740
BAJAJHLDNG,7,Q3 FY23,Oct-Dec 2022,1788,1788,-1.98443,8.31976,1808
BAJAJHLDNG,8,Q4 FY23,Jan-Mar 2023,1846,1846,2.13581,2.39207,1866
BAJAJHLDNG,9,Q1 FY24,Apr-Jun 2023,1909,1909,-0.112321,-1.09754,1929
BAJAJHLDNG,10,Q2 FY24,Jul-Sep 2023,1971,1971,0.478755,3.83563,1991
BAJAJHLDNG,11,Q3 FY24,Oct-Dec 2023,2035,2035,0.443416,3.01426,2055
BAJAJHLDNG,12,Q4 FY24,Jan-Mar 2024,2094,2094,-0.497065,-5.16952,2114
BAJAJHLDNG,13,Q1 FY25,Apr-Jun 2024,2154,2154,-0.934274,3.2254,2174
BAJAJHLDNG,14,Q2 FY25,Jul-Sep 2024,2217,2217,-0.826635,5.41499,2237
BAJAJHLDNG,15,Q3 FY25,Oct-Dec 2024,2285,2285,2.04231,6.01271,2305
BAJAJHLDNG,16,Q4 FY25,Jan-Mar 2025,2365,2364,0.986632,1.78338,2384
BAJAJHLDNG,17,Q1 FY26,Apr-Jun 2025,2413,2413,1.18208,-8.04182,2433
BAJAJHLDNG,18,Q2 FY26,Jul-Sep 2025,2477,2477,-2.0036,-7.01265,2497
BAJAJHLDNG,19,Q3 FY26,Oct-Dec 2025,2536,2536,0.535127,1.61063,2556
BAJAJHLDNG,20,Q4 FY26,Jan-Mar 2026,2596,2595,-0.123676,0.190313,2615
BAJAJHLDNG,21,Q1 FY27,Apr-Jun 2026,2655,2655,0.654594,3.18886,2675
BAJFINANCE,0,Q4 FY21,Jan-Mar 2021,1349,1349,7.10431,4.41499,1369
BAJFINANCE,1,Q1 FY22,Apr-Jun 2021,1408,1407,-0.459007,4.14325,1427
BAJFINANCE,2,Q2 FY22,Jul-Sep 2021,1474,1474,-4.44006,-2.51847,1494
BAJFINANCE,3,Q3 FY22,Oct-Dec 2021,1532,1532,-1.25944,-2.92959,1552
BAJFINANCE,4,Q4 FY22,Jan-Mar 2022,1597,1597,-6.32672,-8.25368,1617
BAJFINANCE,5,Q1 FY23,Apr-Jun 2022,1662,1661,1.14732,4.89749,1681
BAJFINANCE,6,Q2 FY23,Jul-Sep 2022,1719,1719,-3.29471,-10.8585,1739
BAJFINANCE,7,Q3 FY23,Oct-Dec 2022,1787,1787,4.27909,4.31986,1807
BAJFINANCE,8,Q4 FY23,Jan-Mar 2023,1845,1845,1.80997,8.10051,1865
BAJFINANCE,9,Q1 FY24,Apr-Jun 2023,1908,1907,-2.77476,-1.99819,1927
BAJFINANCE,10,Q2 FY24,Jul-Sep 2023,1964,1964,-2.08942,-6.88651,1984
BAJFINANCE,11,Q3 FY24,Oct-Dec 2023,2034,2034,-4.21536,-6.96993,2054
BAJFINANCE,12,Q4 FY24,Jan-Mar 2024,2093,2093,-7.06096,0.15497,2113
BAJFINANCE,13,Q1 FY25,Apr-Jun 2024,2153,2153,-1.51531,0.434922,2173
BAJFINANCE,14,Q2 FY25,Jul-Sep 2024,2216,2216,4.91004,-2.29585,2236
BAJFINANCE,15,Q3 FY25,Oct-Dec 2024,2284,2284,1.45697,13.2019,2304
BAJFINANCE,16,Q4 FY25,Jan-Mar 2025,2343,2343,-5.03515,4.5434,2363
BAJFINANCE,17,Q1 FY26,Apr-Jun 2025,2404,2403,-0.339914,-5.95478,2423
BAJFINANCE,18,Q2 FY26,Jul-Sep 2025,2476,2476,-7.82641,0.580889,2496
BAJFINANCE,19,Q3 FY26,Oct-Dec 2025,2535,2535,-0.302381,3.82534,2555
BAJFINANCE,20,Q4 FY26,Jan-Mar 2026,2591,2591,1.49759,-2.55484,2611
BAJFINANCE,21,Q1 FY27,Apr-Jun 2026,2654,2653,-0.361437,3.73081,2673
BANDHANBNK,0,Q4 FY21,Jan-Mar 2021,1358,1357,-1.27497,1.60487,1377
BANDHANBNK,1,Q1 FY22,Apr-Jun 2021,1415,1415,2.07519,-12.7077,1435
BANDHANBNK,2,Q2 FY22,Jul-Sep 2021,1477,1477,-2.72948,0.240205,1497
BANDHANBNK,3,Q3 FY22,Oct-Dec 2021,1535,1535,6.83615,0.250581,1555
BANDHANBNK,4,Q4 FY22,Jan-Mar 2022,1609,1608,4.53636,-0.7217,1628
BANDHANBNK,5,Q1 FY23,Apr-Jun 2022,1659,1658,0.28314,-7.19498,1678
BANDHANBNK,6,Q2 FY23,Jul-Sep 2022,1724,1723,-2.25741,-19.8138,1743
BANDHANBNK,7,Q3 FY23,Oct-Dec 2022,1792,1792,4.25595,-1.39394,1812
BANDHANBNK,8,Q4 FY23,Jan-Mar 2023,1861,1861,1.23935,0.665843,1881
BANDHANBNK,9,Q1 FY24,Apr-Jun 2023,1900,1900,-3.57151,7.16284,1920
BANDHANBNK,10,Q2 FY24,Jul-Sep 2023,1965,1965,-3.52304,-5.84794,1985
BANDHANBNK,11,Q3 FY24,Oct-Dec 2023,2043,2043,-6.40514,-7.74962,2063
BANDHANBNK,12,Q4 FY24,Jan-Mar 2024,2108,2108,0.861454,3.5261,2128
BANDHANBNK,13,Q1 FY25,Apr-Jun 2024,2156,2156,13.6937,-8.86864,2176
BANDHANBNK,14,Q2 FY25,Jul-Sep 2024,2219,2219,9.21376,-7.03541,2239
BANDHANBNK,15,Q3 FY25,Oct-Dec 2024,2286,2286,0.118268,-1.56793,2306
BANDHANBNK,16,Q4 FY25,Jan-Mar 2025,2344,2344,-2.39408,3.56508,2364
BANDHANBNK,17,Q1 FY26,Apr-Jun 2025,2400,2400,-3.04035,-4.08266,2420
BANDHANBNK,18,Q2 FY26,Jul-Sep 2025,2470,2470,-7.61715,-5.92181,2490
BANDHANBNK,19,Q3 FY26,Oct-Dec 2025,2527,2527,5.77635,12.6595,2547
BANDHANBNK,20,Q4 FY26,Jan-Mar 2026,2590,2590,10.2409,7.64814,2610
BANDHANBNK,21,Q1 FY27,Apr-Jun 2026,2647,2647,-16.1266,-2.82032,2667
BANKBARODA,0,Q4 FY21,Jan-Mar 2021,1372,1371,-4.71002,7.30982,1391
BANKBARODA,1,Q1 FY22,Apr-Jun 2021,1421,1420,-2.82131,-10.548,1440
BANKBARODA,2,Q2 FY22,Jul-Sep 2021,1484,1483,-5.16274,-5.6142,1503
BANKBARODA,3,Q3 FY22,Oct-Dec 2021,1545,1544,7.73467,-6.75079,1564
BANKBARODA,4,Q4 FY22,Jan-Mar 2022,1609,1609,4.72413,0.528747,1629
BANKBARODA,5,Q1 FY23,Apr-Jun 2022,1665,1664,-1.01654,13.5771,1684
BANKBARODA,6,Q2 FY23,Jul-Sep 2022,1730,1729,9.07411,7.71883,1749
BANKBARODA,7,Q3 FY23,Oct-Dec 2022,1792,1791,4.81573,7.13916,1811
BANKBARODA,8,Q4 FY23,Jan-Mar 2023,1858,1857,2.05203,-1.94741,1877
BANKBARODA,9,Q1 FY24,Apr-Jun 2023,1916,1915,-1.43051,3.49339,1935
BANKBARODA,10,Q2 FY24,Jul-Sep 2023,1977,1976,-4.96554,0.361075,1996
BANKBARODA,11,Q3 FY24,Oct-Dec 2023,2036,2035,3.32858,4.67714,2055
BANKBARODA,12,Q4 FY24,Jan-Mar 2024,2103,2102,-3.41468,0.659172,2122
BANKBARODA,13,Q1 FY25,Apr-Jun 2024,2159,2159,-1.18565,-1.35733,2179
BANKBARODA,14,Q2 FY25,Jul-Sep 2024,2219,2219,3.68716,-1.12448,2239
BANKBARODA,15,Q3 FY25,Oct-Dec 2024,2285,2285,-5.16051,-1.76201,2305
BANKBARODA,16,Q4 FY25,Jan-Mar 2025,2347,2347,0.120757,12.5691,2367
BANKBARODA,17,Q1 FY26,Apr-Jun 2025,2405,2405,-0.648972,-2.28981,2425
BANKBARODA,18,Q2 FY26,Jul-Sep 2025,2471,2471,4.43733,0.913883,2491
BANKBARODA,19,Q3 FY26,Oct-Dec 2025,2532,2532,-4.62411,13.6827,2552
BANKBARODA,20,Q4 FY26,Jan-Mar 2026,2597,2597,2.28607,5.32265,2617
BANKBARODA,21,Q1 FY27,Apr-Jun 2026,2650,2650,-1.95551,-1.95432,2670
BANKINDIA,0,Q4 FY21,Jan-Mar 2021,1376,1376,2.15044,-9.56757,1396
BANKINDIA,1,Q1 FY22,Apr-Jun 2021,1417,1416,-1.34394,-20.3874,1436
BANKINDIA,2,Q2 FY22,Jul-Sep 2021,1479,1478,3.7866,-10.3855,1498
BANKINDIA,3,Q3 FY22,Oct-Dec 2021,1544,1543,-3.08618,-8.70383,1563
BANKINDIA,4,Q4 FY22,Jan-Mar 2022,1616,1615,2.38813,-6.95209,1635
BANKINDIA,5,Q1 FY23,Apr-Jun 2022,1666,1665,2.51209,-0.126391,1685
BANKINDIA,6,Q2 FY23,Jul-Sep 2022,1728,1727,5.08476,28.5454,1747
BANKINDIA,7,Q3 FY23,Oct-Dec 2022,1780,1779,-5.43323,-16.0666,1799
BANKINDIA,8,Q4 FY23,Jan-Mar 2023,1852,1851,-6.93988,-10.3065,1871
BANKINDIA,9,Q1 FY24,Apr-Jun 2023,1910,1910,1.05868,3.25302,1930
BANKINDIA,10,Q2 FY24,Jul-Sep 2023,1977,1976,0.977202,1.7816,1996
BANKINDIA,11,Q3 FY24,Oct-Dec 2023,2038,2038,-8.16935,-3.58029,2058
BANKINDIA,12,Q4 FY24,Jan-Mar 2024,2103,2103,-10.4197,-6.23717,2123
BANKINDIA,13,Q1 FY25,Apr-Jun 2024,2162,2161,-0.402783,-7.90904,2181
BANKINDIA,14,Q2 FY25,Jul-Sep 2024,2230,2230,-2.06025,1.1892,2250
BANKINDIA,15,Q3 FY25,Oct-Dec 2024,2281,2281,7.15722,-2.51999,2301
BANKINDIA,16,Q4 FY25,Jan-Mar 2025,2350,2350,-3.93626,16.7423,2370
BANKINDIA,17,Q1 FY26,Apr-Jun 2025,2407,2407,1.61948,-1.65026,2427
BANKINDIA,18,Q2 FY26,Jul-Sep 2025,2462,2462,4.89132,13.6919,2482
BANKINDIA,19,Q3 FY26,Oct-Dec 2025,2526,2526,5.15063,0.996182,2546
BANKINDIA,20,Q4 FY26,Jan-Mar 2026,2597,2597,4.41655,5.09227,2617
BANKINDIA,21,Q1 FY27,Apr-Jun 2026,2650,2650,-4.29193,2.06582,2670
BDL,0,Q4 FY21,Jan-Mar 2021,1387,1386,-1.73431,7.8756,1406
BDL,1,Q1 FY22,Apr-Jun 2021,1425,1424,-0.837314,-2.79695,1444
BDL,2,Q2 FY22,Jul-Sep 2021,1485,1484,4.77092,-6.01634,1504
BDL,3,Q3 FY22,Oct-Dec 2021,1550,1549,5.63821,13.7238,1569
BDL,4,Q4 FY22,Jan-Mar 2022,1618,1618,-1.01947,2.10127,1638
BDL,5,Q1 FY23,Apr-Jun 2022,1673,1672,-7.29589,1.73849,1692
BDL,6,Q2 FY23,Jul-Sep 2022,1733,1733,-2.61916,-2.38383,1753
BDL,7,Q3 FY23,Oct-Dec 2022,1794,1793,-1.88246,5.98489,1813
BDL,8,Q4 FY23,Jan-Mar 2023,1865,1864,-5.58721,13.8211,1884
BDL,9,Q1 FY24,Apr-Jun 2023,1915,1914,-2.86623,1.07757,1934
BDL,10,Q2 FY24,Jul-Sep 2023,1976,1975,3.18621,11.2364,1995
BDL,11,Q3 FY24,Oct-Dec 2023,2032,2031,0.906555,-0.9261,2051
BDL,12,Q4 FY24,Jan-Mar 2024,2117,2117,0.446276,-3.43029,2137
BDL,13,Q1 FY25,Apr-Jun 2024,2166,2166,-6.19878,-9.81913,2186
BDL,14,Q2 FY25,Jul-Sep 2024,2233,2232,1.16884,25.2135,2252
BDL,15,Q3 FY25,Oct-Dec 2024,2291,2290,0.17006,-1.91927,2310
BDL,16,Q4 FY25,Jan-Mar 2025,2362,2362,-1.8967,-7.31987,2382
BDL,17,Q1 FY26,Apr-Jun 2025,2417,2417,6.5271,-3.5491,2437
BDL,18,Q2 FY26,Jul-Sep 2025,2479,2479,6.19854,-13.1631,2499
BDL,19,Q3 FY26,Oct-Dec 2025,2533,2532,-8.06248,-10.0131,2552
BDL,20,Q4 FY26,Jan-Mar 2026,2611,2610,-4.54878,9.14119,2630
BDL,21,Q1 FY27,Apr-Jun 2026,2665,2664,1.75813,-10.906,2684
BEL,0,Q4 FY21,Jan-Mar 2021,1388,1388,11.8386,8.62157,1408
BEL,1,Q1 FY22,Apr-Jun 2021,1420,1420,-2.5465,6.73668,1440
BEL,2,Q2 FY22,Jul-Sep 2021,1477,1476,4.30944,2.39712,1496
BEL,3,Q3 FY22,Oct-Dec 2021,1539,1539,-0.135639,3.50619,1559
BEL,4,Q4 FY22,Jan-Mar 2022,1615,1615,0.660315,2.41175,1635
BEL,5,Q1 FY23,Apr-Jun 2022,1655,1654,2.21689,4.26907,1674
BEL,6,Q2 FY23,Jul-Sep 2022,1723,1722,2.20891,-5.02297,1742
BEL,7,Q3 FY23,Oct-Dec 2022,1788,1787,-5.92673,8.7032,1807
BEL,8,Q4 FY23,Jan-Mar 2023,1862,1861,2.61452,10.6294,1881
BEL,9,Q1 FY24,Apr-Jun 2023,1909,1909,2.34943,5.38027,1929
BEL,10,Q2 FY24,Jul-Sep 2023,1972,1971,-0.680779,3.17397,1991
BEL,11,Q3 FY24,Oct-Dec 2023,2034,2033,-1.17048,5.22459,2053
BEL,12,Q4 FY24,Jan-Mar 2024,2110,2109,5.81101,8.44066,2129
BEL,13,Q1 FY25,Apr-Jun 2024,2157,2156,3.68971,-7.09517,2176
BEL,14,Q2 FY25,Jul-Sep 2024,2219,2218,1.26445,9.32465,2238
BEL,15,Q3 FY25,Oct-Dec 2024,2285,2284,3.94959,-6.405,2304
BEL,16,Q4 FY25,Jan-Mar 2025,2356,2356,1.06223,9.74489,2376
BEL,17,Q1 FY26,Apr-Jun 2025,2406,2406,-0.824955,-4.99458,2426
BEL,18,Q2 FY26,Jul-Sep 2025,2471,2470,4.55405,-3.84063,2490
BEL,19,Q3 FY26,Oct-Dec 2025,2530,2529,8.24258,-4.28564,2549
BEL,20,Q4 FY26,Jan-Mar 2026,2604,2603,-0.720507,-2.7132,2623
BEL,21,Q1 FY27,Apr-Jun 2026,2651,2651,-4.41365,4.77805,2671
BHARATFORG,0,Q4 FY21,Jan-Mar 2021,1376,1375,8.03153,2.46512,1395
BHARATFORG,1,Q1 FY22,Apr-Jun 2021,1424,1423,5.21924,-12.46,1443
BHARATFORG,2,Q2 FY22,Jul-Sep 2021,1486,1485,-2.17714,-0.645542,1505
BHARATFORG,3,Q3 FY22,Oct-Dec 2021,1548,1547,-3.22014,-7.82464,1567
BHARATFORG,4,Q4 FY22,Jan-Mar 2022,1610,1609,4.76155,0.0506279,1629
BHARATFORG,5,Q1 FY23,Apr-Jun 2022,1672,1671,2.26489,5.10152,1691
BHARATFORG,6,Q2 FY23,Jul-Sep 2022,1734,1733,-3.01107,0.247236,1753
BHARATFORG,7,Q3 FY23,Oct-Dec 2022,1799,1799,-4.80707,0.0706178,1819
BHARATFORG,8,Q4 FY23,Jan-Mar 2023,1851,1850,-0.886314,1.20106,1870
BHARATFORG,9,Q1 FY24,Apr-Jun 2023,1918,1917,6.01651,14.3925,1937
BHARATFORG,10,Q2 FY24,Jul-Sep 2023,1977,1976,3.40879,1.37742,1996
BHARATFORG,11,Q3 FY24,Oct-Dec 2023,2044,2043,-13.1699,-0.759762,2063
BHARATFORG,12,Q4 FY24,Jan-Mar 2024,2101,2100,13.3231,5.42458,2120
BHARATFORG,13,Q1 FY25,Apr-Jun 2024,2165,2164,3.82483,-6.42737,2184
BHARATFORG,14,Q2 FY25,Jul-Sep 2024,2233,2232,0.660466,-2.16502,2252
BHARATFORG,15,Q3 FY25,Oct-Dec 2024,2295,2295,-2.51538,2.28323,2315
BHARATFORG,16,Q4 FY25,Jan-Mar 2025,2349,2348,-1.83449,12.0636,2368
BHARATFORG,17,Q1 FY26,Apr-Jun 2025,2413,2412,-1.51249,-0.915735,2432
BHARATFORG,18,Q2 FY26,Jul-Sep 2025,2477,2476,5.07646,-1.90399,2496
BHARATFORG,19,Q3 FY26,Oct-Dec 2025,2542,2541,3.56552,7.30372,2561
BHARATFORG,20,Q4 FY26,Jan-Mar 2026,2596,2595,6.37374,0.779849,2615
BHARATFORG,21,Q1 FY27,Apr-Jun 2026,2661,2660,-7.65108,-3.32478,2680
BHARTIARTL,0,Q4 FY21,Jan-Mar 2021,1362,1362,-3.65907,-3.89138,1382
BHARTIARTL,1,Q1 FY22,Apr-Jun 2021,1417,1417,-1.79348,10.0352,1437
BHARTIARTL,2,Q2 FY22,Jul-Sep 2021,1479,1479,-1.74597,6.30111,1499
BHARTIARTL,3,Q3 FY22,Oct-Dec 2021,1546,1546,0.332899,1.97273,1566
BHARTIARTL,4,Q4 FY22,Jan-Mar 2022,1611,1611,-1.42476,1.35701,1631
BHARTIARTL,5,Q1 FY23,Apr-Jun 2022,1670,1670,1.49247,5.35756,1690
BHARTIARTL,6,Q2 FY23,Jul-Sep 2022,1725,1725,-0.312816,-1.79818,1745
BHARTIARTL,7,Q3 FY23,Oct-Dec 2022,1794,1794,-2.22178,1.35915,1814
BHARTIARTL,8,Q4 FY23,Jan-Mar 2023,1858,1858,1.19517,1.34831,1878
BHARTIARTL,9,Q1 FY24,Apr-Jun 2023,1914,1914,1.36085,-2.7975,1934
BHARTIARTL,10,Q2 FY24,Jul-Sep 2023,1973,1973,0.370174,5.05986,1993
BHARTIARTL,11,Q3 FY24,Oct-Dec 2023,2039,2039,1.11663,-2.22002,2059
BHARTIARTL,12,Q4 FY24,Jan-Mar 2024,2105,2105,2.07117,4.75418,2125
BHARTIARTL,13,Q1 FY25,Apr-Jun 2024,2162,2162,-1.24912,3.17135,2182
BHARTIARTL,14,Q2 FY25,Jul-Sep 2024,2220,2220,-2.10281,-2.42614,2240
BHARTIARTL,15,Q3 FY25,Oct-Dec 2024,2291,2291,3.70293,1.93598,2311
BHARTIARTL,16,Q4 FY25,Jan-Mar 2025,2352,2352,0.38673,-0.506123,2372
BHARTIARTL,17,Q1 FY26,Apr-Jun 2025,2412,2412,0.196978,-2.46142,2432
BHARTIARTL,18,Q2 FY26,Jul-Sep 2025,2472,2472,2.53805,-2.80895,2492
BHARTIARTL,19,Q3 FY26,Oct-Dec 2025,2537,2537,2.11027,-1.94056,2557
BHARTIARTL,20,Q4 FY26,Jan-Mar 2026,2600,2600,4.08739,-2.95709,2620
BHARTIARTL,21,Q1 FY27,Apr-Jun 2026,2657,2657,0.361385,-2.93997,2677
BHEL,0,Q4 FY21,Jan-Mar 2021,1381,1381,-11.6277,-0.432759,1401
BHEL,1,Q1 FY22,Apr-Jun 2021,1415,1415,-0.0170203,-20.0476,1435
BHEL,2,Q2 FY22,Jul-Sep 2021,1483,1483,-7.96382,-0.392744,1503
BHEL,3,Q3 FY22,Oct-Dec 2021,1538,1538,-2.72986,-14.0298,1558
BHEL,4,Q4 FY22,Jan-Mar 2022,1615,1614,-3.45018,-12.2806,1634
BHEL,5,Q1 FY23,Apr-Jun 2022,1668,1667,-0.998461,13.9055,1687
BHEL,6,Q2 FY23,Jul-Sep 2022,1733,1733,-4.04908,20.582,1753
BHEL,7,Q3 FY23,Oct-Dec 2022,1797,1797,-4.62672,8.63662,1817
BHEL,8,Q4 FY23,Jan-Mar 2023,1866,1866,4.59305,0.466244,1886
BHEL,9,Q1 FY24,Apr-Jun 2023,1915,1915,-2.78638,43.3856,1935
BHEL,10,Q2 FY24,Jul-Sep 2023,1979,1979,0.64694,32.3452,1999
BHEL,11,Q3 FY24,Oct-Dec 2023,2045,2044,-2.13437,11.6882,2064
BHEL,12,Q4 FY24,Jan-Mar 2024,2110,2110,-5.7093,-7.12048,2130
BHEL,13,Q1 FY25,Apr-Jun 2024,2159,2158,-1.05493,-8.49708,2178
BHEL,14,Q2 FY25,Jul-Sep 2024,2220,2219,5.29395,8.05941,2239
BHEL,15,Q3 FY25,Oct-Dec 2024,2283,2283,5.62715,0.0306386,2303
BHEL,16,Q4 FY25,Jan-Mar 2025,2355,2354,2.06963,2.48204,2374
BHEL,17,Q1 FY26,Apr-Jun 2025,2413,2413,-5.03449,-5.67202,2433
BHEL,18,Q2 FY26,Jul-Sep 2025,2469,2469,7.15519,10.0568,2489
BHEL,19,Q3 FY26,Oct-Dec 2025,2524,2523,-0.442982,-0.608144,2543
BHEL,20,Q4 FY26,Jan-Mar 2026,2593,2592,6.48452,11.5737,2612
BHEL,21,Q1 FY27,Apr-Jun 2026,2644,2643,4.19902,-4.87916,2663
BIOCON,0,Q4 FY21,Jan-Mar 2021,1350,1350,0.576174,-6.61342,1370
BIOCON,1,Q1 FY22,Apr-Jun 2021,1409,1409,-1.40569,-20.3518,1429
BIOCON,2,Q2 FY22,Jul-Sep 2021,1471,1471,-5.78365,16.3469,1491
BIOCON,3,Q3 FY22,Oct-Dec 2021,1534,1534,4.32959,5.08801,1554
BIOCON,4,Q4 FY22,Jan-Mar 2022,1599,1599,-1.37673,-6.75696,1619
BIOCON,5,Q1 FY23,Apr-Jun 2022,1662,1662,-6.84846,-3.32357,1682
BIOCON,6,Q2 FY23,Jul-Sep 2022,1734,1734,-1.15684,-7.36504,1754
BIOCON,7,Q3 FY23,Oct-Dec 2022,1799,1799,0.861063,-1.10628,1819
BIOCON,8,Q4 FY23,Jan-Mar 2023,1863,1863,0.692204,-2.26097,1883
BIOCON,9,Q1 FY24,Apr-Jun 2023,1919,1919,-1.40187,4.96063,1939
BIOCON,10,Q2 FY24,Jul-Sep 2023,1981,1981,2.73836,-5.43232,2001
BIOCON,11,Q3 FY24,Oct-Dec 2023,2042,2042,-4.26631,-0.155329,2062
BIOCON,12,Q4 FY24,Jan-Mar 2024,2107,2107,-0.245148,5.01651,2127
BIOCON,13,Q1 FY25,Apr-Jun 2024,2165,2165,-1.68737,9.72946,2185
BIOCON,14,Q2 FY25,Jul-Sep 2024,2222,2222,-0.877683,18.452,2242
BIOCON,15,Q3 FY25,Oct-Dec 2024,2285,2285,0.441048,-10.691,2305
BIOCON,16,Q4 FY25,Jan-Mar 2025,2349,2349,-0.309652,-4.09919,2369
BIOCON,17,Q1 FY26,Apr-Jun 2025,2414,2414,-4.77819,4.08588,2434
BIOCON,18,Q2 FY26,Jul-Sep 2025,2477,2477,4.69736,-6.13505,2497
BIOCON,19,Q3 FY26,Oct-Dec 2025,2542,2542,2.07558,7.85849,2562
BIOCON,20,Q4 FY26,Jan-Mar 2026,2596,2596,0.134687,11.9403,2616
BIOCON,21,Q1 FY27,Apr-Jun 2026,2658,2658,2.635,-4.82961,2678
BLUESTARCO,0,Q4 FY21,Jan-Mar 2021,1356,1356,1.01534,-8.06757,1376
BLUESTARCO,1,Q1 FY22,Apr-Jun 2021,1418,1417,-0.507753,-11.912,1437
BLUESTARCO,2,Q2 FY22,Jul-Sep 2021,1476,1476,3.54295,2.71883,1496
BLUESTARCO,3,Q3 FY22,Oct-Dec 2021,1542,1542,10.8968,10.2725,1562
BLUESTARCO,4,Q4 FY22,Jan-Mar 2022,1603,1603,-0.20025,-7.51933,1623
BLUESTARCO,5,Q1 FY23,Apr-Jun 2022,1668,1667,4.28114,8.35815,1687
BLUESTARCO,6,Q2 FY23,Jul-Sep 2022,1730,1729,-1.50301,-0.186271,1749
BLUESTARCO,7,Q3 FY23,Oct-Dec 2022,1789,1789,3.35166,14.3412,1809
BLUESTARCO,8,Q4 FY23,Jan-Mar 2023,1850,1850,1.06848,-2.29227,1870
BLUESTARCO,9,Q1 FY24,Apr-Jun 2023,1914,1913,-0.0192724,-3.37154,1933
BLUESTARCO,10,Q2 FY24,Jul-Sep 2023,1972,1972,1.74768,6.1375,1992
BLUESTARCO,11,Q3 FY24,Oct-Dec 2023,2035,2034,2.9656,14.3547,2054
BLUESTARCO,12,Q4 FY24,Jan-Mar 2024,2097,2096,-1.89949,2.72744,2116
BLUESTARCO,13,Q1 FY25,Apr-Jun 2024,2163,2162,-2.04897,1.90332,2182
BLUESTARCO,14,Q2 FY25,Jul-Sep 2024,2227,2227,-4.28628,16.6938,2247
BLUESTARCO,15,Q3 FY25,Oct-Dec 2024,2284,2284,-1.98724,10.174,2304
BLUESTARCO,16,Q4 FY25,Jan-Mar 2025,2348,2348,-3.56669,-3.40811,2368
BLUESTARCO,17,Q1 FY26,Apr-Jun 2025,2413,2412,1.43095,9.09869,2432
BLUESTARCO,18,Q2 FY26,Jul-Sep 2025,2474,2473,-6.54523,-3.90814,2493
BLUESTARCO,19,Q3 FY26,Oct-Dec 2025,2531,2531,5.25809,7.45106,2551
BLUESTARCO,20,Q4 FY26,Jan-Mar 2026,2595,2595,-3.19278,-5.59297,2615
BLUESTARCO,21,Q1 FY27,Apr-Jun 2026,2659,2658,-5.69174,-2.33438,2678
BOSCHLTD,0,Q4 FY21,Jan-Mar 2021,1365,1364,8.03278,-8.08297,1384
BOSCHLTD,1,Q1 FY22,Apr-Jun 2021,1418,1417,0.631165,-14.8648,1437
BOSCHLTD,2,Q2 FY22,Jul-Sep 2021,1483,1483,0.270898,-8.41184,1503
BOSCHLTD,3,Q3 FY22,Oct-Dec 2021,1547,1546,-0.133951,-6.81519,1566
BOSCHLTD,4,Q4 FY22,Jan-Mar 2022,1613,1612,-2.93382,4.00991,1632
BOSCHLTD,5,Q1 FY23,Apr-Jun 2022,1666,1666,-3.06719,0.0867578,1686
BOSCHLTD,6,Q2 FY23,Jul-Sep 2022,1731,1730,4.97854,-3.00087,1750
BOSCHLTD,7,Q3 FY23,Oct-Dec 2022,1799,1798,-0.869739,8.96638,1818
BOSCHLTD,8,Q4 FY23,Jan-Mar 2023,1854,1854,0.714437,-5.47533,1874
BOSCHLTD,9,Q1 FY24,Apr-Jun 2023,1911,1911,0.237196,0.0119313,1931
BOSCHLTD,10,Q2 FY24,Jul-Sep 2023,1980,1979,-0.321911,2.58927,1999
BOSCHLTD,11,Q3 FY24,Oct-Dec 2023,2045,2044,3.62288,9.33671,2064
BOSCHLTD,12,Q4 FY24,Jan-Mar 2024,2113,2113,2.46242,3.69271,2133
BOSCHLTD,13,Q1 FY25,Apr-Jun 2024,2163,2163,-2.09229,0.488972,2183
BOSCHLTD,14,Q2 FY25,Jul-Sep 2024,2231,2231,1.15843,4.67566,2251
BOSCHLTD,15,Q3 FY25,Oct-Dec 2024,2283,2283,-6.4051,-0.862797,2303
BOSCHLTD,16,Q4 FY25,Jan-Mar 2025,2362,2362,-2.33491,-1.59369,2382
BOSCHLTD,17,Q1 FY26,Apr-Jun 2025,2411,2411,-0.968666,0.0133605,2431
BOSCHLTD,18,Q2 FY26,Jul-Sep 2025,2477,2476,-2.08101,-0.290517,2496
BOSCHLTD,19,Q3 FY26,Oct-Dec 2025,2538,2538,-2.62942,-3.75605,2558
BOSCHLTD,20,Q4 FY26,Jan-Mar 2026,2605,2605,-4.38042,12.6428,2625
BOSCHLTD,21,Q1 FY27,Apr-Jun 2026,2661,2661,4.31762,11.3859,2681
BPCL,0,Q4 FY21,Jan-Mar 2021,1369,1369,-1.15911,-3.32492,1389
BPCL,1,Q1 FY22,Apr-Jun 2021,1424,1424,0.499737,3.24957,1444
BPCL,2,Q2 FY22,Jul-Sep 2021,1477,1477,-0.514311,-8.29182,1497
BPCL,3,Q3 FY22,Oct-Dec 2021,1540,1540,-5.9506,-4.17667,1560
BPCL,4,Q4 FY22,Jan-Mar 2022,1617,1617,-1.45263,-1.27767,1637
BPCL,5,Q1 FY23,Apr-Jun 2022,1670,1669,-3.92904,2.79903,1689
BPCL,6,Q2 FY23,Jul-Sep 2022,1730,1730,-0.684629,6.73974,1750
BPCL,7,Q3 FY23,Oct-Dec 2022,1788,1788,2.35732,-5.51746,1808
BPCL,8,Q4 FY23,Jan-Mar 2023,1862,1862,1.19928,-0.958769,1882
BPCL,9,Q1 FY24,Apr-Jun 2023,1908,1907,-0.289389,-7.30465,1927
BPCL,10,Q2 FY24,Jul-Sep 2023,1971,1971,3.07603,18.4575,1991
BPCL,11,Q3 FY24,Oct-Dec 2023,2034,2033,2.0439,25.5327,2053
BPCL,12,Q4 FY24,Jan-Mar 2024,2102,2102,4.03027,-8.64631,2122
BPCL,13,Q1 FY25,Apr-Jun 2024,2151,2150,-3.42198,12.9964,2170
BPCL,14,Q2 FY25,Jul-Sep 2024,2219,2218,-3.8171,-4.1213,2238
BPCL,15,Q3 FY25,Oct-Dec 2024,2279,2279,-2.50339,-4.59548,2299
BPCL,16,Q4 FY25,Jan-Mar 2025,2343,2343,-0.522164,0.882765,2363
BPCL,17,Q1 FY26,Apr-Jun 2025,2418,2418,-1.42838,-1.87215,2438
BPCL,18,Q2 FY26,Jul-Sep 2025,2471,2471,2.78246,-3.37134,2491
BPCL,19,Q3 FY26,Oct-Dec 2025,2528,2528,1.85686,1.97762,2548
BPCL,20,Q4 FY26,Jan-Mar 2026,2604,2604,2.37484,5.52521,2624
BPCL,21,Q1 FY27,Apr-Jun 2026,2648,2647,-0.883762,-2.57124,2667
BRITANNIA,0,Q4 FY21,Jan-Mar 2021,1349,1349,-3.20692,-5.0267,1369
BRITANNIA,1,Q1 FY22,Apr-Jun 2021,1415,1415,1.59877,6.21233,1435
BRITANNIA,2,Q2 FY22,Jul-Sep 2021,1482,1482,-2.45044,1.91782,1502
BRITANNIA,3,Q3 FY22,Oct-Dec 2021,1539,1539,-0.660227,0.0978572,1559
BRITANNIA,4,Q4 FY22,Jan-Mar 2022,1601,1601,5.78306,5.82741,1621
BRITANNIA,5,Q1 FY23,Apr-Jun 2022,1668,1667,0.169321,-5.97795,1687
BRITANNIA,6,Q2 FY23,Jul-Sep 2022,1729,1729,8.33461,4.47079,1749
BRITANNIA,7,Q3 FY23,Oct-Dec 2022,1790,1790,4.6572,-2.27272,1810
BRITANNIA,8,Q4 FY23,Jan-Mar 2023,1851,1851,-1.67804,0.0272844,1871
BRITANNIA,9,Q1 FY24,Apr-Jun 2023,1915,1915,-3.30297,-2.99315,1935
BRITANNIA,10,Q2 FY24,Jul-Sep 2023,1974,1974,2.19637,3.86598,1994
BRITANNIA,11,Q3 FY24,Oct-Dec 2023,2040,2040,1.41697,-6.91575,2060
BRITANNIA,12,Q4 FY24,Jan-Mar 2024,2098,2098,6.82877,-1.56094,2118
BRITANNIA,13,Q1 FY25,Apr-Jun 2024,2161,2161,2.28619,-1.26066,2181
BRITANNIA,14,Q2 FY25,Jul-Sep 2024,2230,2230,-6.42273,-6.74758,2250
BRITANNIA,15,Q3 FY25,Oct-Dec 2024,2291,2291,-1.5423,1.94084,2311
BRITANNIA,16,Q4 FY25,Jan-Mar 2025,2349,2349,1.92973,-0.989763,2369
BRITANNIA,17,Q1 FY26,Apr-Jun 2025,2412,2412,-3.82881,11.7877,2432
BRITANNIA,18,Q2 FY26,Jul-Sep 2025,2474,2473,2.39705,-4.33252,2493
BRITANNIA,19,Q3 FY26,Oct-Dec 2025,2540,2540,2.40513,5.06408,2560
BRITANNIA,20,Q4 FY26,Jan-Mar 2026,2596,2596,-4.4381,-3.64203,2616
BRITANNIA,21,Q1 FY27,Apr-Jun 2026,2659,2659,2.22677,-4.67497,2679
BSE,0,Q4 FY21,Jan-Mar 2021,1361,1360,2.3629,15.2236,1380
BSE,1,Q1 FY22,Apr-Jun 2021,1420,1420,-2.04126,-10.453,1440
BSE,2,Q2 FY22,Jul-Sep 2021,1486,1486,5.1452,58.0283,1506
BSE,3,Q3 FY22,Oct-Dec 2021,1546,1546,6.43761,22.1794,1566
BSE,4,Q4 FY22,Jan-Mar 2022,1607,1607,2.79277,-3.24094,1627
BSE,5,Q1 FY23,Apr-Jun 2022,1667,1666,-2.68848,-5.83228,1686
BSE,6,Q2 FY23,Jul-Sep 2022,1730,1730,-2.03624,-3.16737,1750
BSE,7,Q3 FY23,Oct-Dec 2022,1794,1794,-2.24545,-4.3903,1814
BSE,8,Q4 FY23,Jan-Mar 2023,1855,1855,1.67075,-0.49327,1875
BSE,9,Q1 FY24,Apr-Jun 2023,1918,1918,-2.89612,46.9895,1938
BSE,10,Q2 FY24,Jul-Sep 2023,1981,1981,5.21836,1.40614,2001
BSE,11,Q3 FY24,Oct-Dec 2023,2039,2039,-4.30489,-8.23789,2059
BSE,12,Q4 FY24,Jan-Mar 2024,2101,2101,-2.32803,-4.26649,2121
BSE,13,Q1 FY25,Apr-Jun 2024,2164,2164,9.13336,5.58509,2184
BSE,14,Q2 FY25,Jul-Sep 2024,2231,2231,-2.62618,20.3169,2251
BSE,15,Q3 FY25,Oct-Dec 2024,2291,2291,3.03162,-25.4953,2311
BSE,16,Q4 FY25,Jan-Mar 2025,2347,2347,6.38248,25.2946,2367
BSE,17,Q1 FY26,Apr-Jun 2025,2414,2414,-1.07198,-3.73311,2434
BSE,18,Q2 FY26,Jul-Sep 2025,2477,2477,4.25797,-6.52392,2497
BSE,19,Q3 FY26,Oct-Dec 2025,2539,2539,6.0725,-2.63565,2559
BSE,20,Q4 FY26,Jan-Mar 2026,2596,2596,-0.799237,4.59672,2616
BSE,21,Q1 FY27,Apr-Jun 2026,2657,2657,-2.34475,-7.48765,2677
CAMS,0,Q4 FY21,Jan-Mar 2021,1369,1368,-2.20973,12.5709,1388
CAMS,1,Q1 FY22,Apr-Jun 2021,1422,1421,-1.54267,9.169,1441
CAMS,2,Q2 FY22,Jul-Sep 2021,1487,1486,0.071429,-3.42029,1506
CAMS,3,Q3 FY22,Oct-Dec 2021,1548,1547,-3.08698,1.52996,1567
CAMS,4,Q4 FY22,Jan-Mar 2022,1603,1602,0.601474,1.19907,1622
CAMS,5,Q1 FY23,Apr-Jun 2022,1669,1668,-3.14521,-3.94563,1688
CAMS,6,Q2 FY23,Jul-Sep 2022,1729,1728,-1.14957,-9.55698,1748
CAMS,7,Q3 FY23,Oct-Dec 2022,1794,1793,0.435432,1.54192,1813
CAMS,8,Q4 FY23,Jan-Mar 2023,1852,1851,-1.91143,5.04277,1871
CAMS,9,Q1 FY24,Apr-Jun 2023,1915,1914,-2.42328,3.10802,1934
CAMS,10,Q2 FY24,Jul-Sep 2023,1979,1978,0.716104,8.24409,1998
CAMS,11,Q3 FY24,Oct-Dec 2023,2040,2039,0.793775,1.2781,2059
CAMS,12,Q4 FY24,Jan-Mar 2024,2102,2101,0.201912,5.10495,2121
CAMS,13,Q1 FY25,Apr-Jun 2024,2161,2160,0.134749,-1.13422,2180
CAMS,14,Q2 FY25,Jul-Sep 2024,2220,2219,-1.56437,13.6823,2239
CAMS,15,Q3 FY25,Oct-Dec 2024,2284,2283,5.13763,-12.5457,2303
CAMS,16,Q4 FY25,Jan-Mar 2025,2346,2346,-4.91636,15.5878,2366
CAMS,17,Q1 FY26,Apr-Jun 2025,2408,2408,-3.59442,3.33493,2428
CAMS,18,Q2 FY26,Jul-Sep 2025,2468,2468,-3.70835,0.388517,2488
CAMS,19,Q3 FY26,Oct-Dec 2025,2527,2526,0.494266,1.26424,2546
CAMS,20,Q4 FY26,Jan-Mar 2026,2593,2593,9.46447,-3.03357,2613
CAMS,21,Q1 FY27,Apr-Jun 2026,2656,2655,-2.24917,1.66307,2675
CANBK,0,Q4 FY21,Jan-Mar 2021,1362,1361,2.36096,-5.14085,1381
CANBK,1,Q1 FY22,Apr-Jun 2021,1411,1410,0.610111,1.11474,1430
CANBK,2,Q2 FY22,Jul-Sep 2021,1474,1473,-5.04743,15.2309,1493
CANBK,3,Q3 FY22,Oct-Dec 2021,1538,1537,9.7336,-8.45756,1557
CANBK,4,Q4 FY22,Jan-Mar 2022,1604,1603,-0.77583,-4.81555,1623
CANBK,5,Q1 FY23,Apr-Jun 2022,1660,1659,-1.32647,-2.60891,1679
CANBK,6,Q2 FY23,Jul-Sep 2022,1719,1718,3.68068,17.8697,1738
CANBK,7,Q3 FY23,Oct-Dec 2022,1784,1783,0.781245,-12.0404,1803
CANBK,8,Q4 FY23,Jan-Mar 2023,1852,1851,-2.7609,-2.18692,1871
CANBK,9,Q1 FY24,Apr-Jun 2023,1906,1905,0.826317,-2.58634,1925
CANBK,10,Q2 FY24,Jul-Sep 2023,1970,1969,2.96834,4.42369,1989
CANBK,11,Q3 FY24,Oct-Dec 2023,2032,2031,-1.36396,24.5944,2051
CANBK,12,Q4 FY24,Jan-Mar 2024,2101,2100,-3.30299,1.85613,2120
CANBK,13,Q1 FY25,Apr-Jun 2024,2155,2154,-0.476536,-1.52109,2174
CANBK,14,Q2 FY25,Jul-Sep 2024,2221,2220,2.52429,1.43015,2240
CANBK,15,Q3 FY25,Oct-Dec 2024,2282,2281,-3.84278,-4.85817,2301
CANBK,16,Q4 FY25,Jan-Mar 2025,2349,2348,2.39077,20.0645,2368
CANBK,17,Q1 FY26,Apr-Jun 2025,2404,2403,5.92255,-2.38781,2423
CANBK,18,Q2 FY26,Jul-Sep 2025,2470,2469,3.87521,12.808,2489
CANBK,19,Q3 FY26,Oct-Dec 2025,2531,2530,-5.00442,5.47757,2550
CANBK,20,Q4 FY26,Jan-Mar 2026,2598,2597,-2.1646,8.65187,2617
CANBK,21,Q1 FY27,Apr-Jun 2026,2651,2650,0.319941,-0.898308,2670
CDSL,0,Q4 FY21,Jan-Mar 2021,1353,1352,-1.37806,14.8699,1372
CDSL,1,Q1 FY22,Apr-Jun 2021,1416,1415,4.22371,-22.8611,1435
CDSL,2,Q2 FY22,Jul-Sep 2021,1478,1477,1.12659,8.4972,1497
CDSL,3,Q3 FY22,Oct-Dec 2021,1545,1544,-2.02043,-5.2164,1564
CDSL,4,Q4 FY22,Jan-Mar 2022,1600,1600,-5.9407,-0.0496216,1620
CDSL,5,Q1 FY23,Apr-Jun 2022,1665,1664,2.01512,7.55148,1684
CDSL,6,Q2 FY23,Jul-Sep 2022,1721,1720,0.94224,-3.84244,1740
CDSL,7,Q3 FY23,Oct-Dec 2022,1790,1790,-1.25847,-0.394473,1810
CDSL,8,Q4 FY23,Jan-Mar 2023,1848,1847,-1.95413,-3.42619,1867
CDSL,9,Q1 FY24,Apr-Jun 2023,1916,1915,-1.71543,2.26493,1935
CDSL,10,Q2 FY24,Jul-Sep 2023,1972,1971,3.06872,27.9248,1991
CDSL,11,Q3 FY24,Oct-Dec 2023,2039,2038,-2.09257,2.79735,2058
CDSL,12,Q4 FY24,Jan-Mar 2024,2099,2098,3.35724,-3.21646,2118
CDSL,13,Q1 FY25,Apr-Jun 2024,2162,2161,-3.12194,17.9321,2181
CDSL,14,Q2 FY25,Jul-Sep 2024,2220,2219,3.90117,9.31263,2239
CDSL,15,Q3 FY25,Oct-Dec 2024,2282,2281,-9.27247,-6.4315,2301
CDSL,16,Q4 FY25,Jan-Mar 2025,2346,2345,-1.57684,27.079,2365
CDSL,17,Q1 FY26,Apr-Jun 2025,2406,2405,-5.06296,-2.14222,2425
CDSL,18,Q2 FY26,Jul-Sep 2025,2472,2471,0.230257,-1.12513,2491
CDSL,19,Q3 FY26,Oct-Dec 2025,2533,2532,-4.85385,1.98293,2552
CDSL,20,Q4 FY26,Jan-Mar 2026,2593,2592,-3.15671,1.70718,2612
CDSL,21,Q1 FY27,Apr-Jun 2026,2656,2655,-2.41251,8.8741,2675
CGPOWER,0,Q4 FY21,Jan-Mar 2021,1381,1381,4.86593,-9.48432,1401
CGPOWER,1,Q1 FY22,Apr-Jun 2021,1416,1416,3.44758,-2.55022,1436
CGPOWER,2,Q2 FY22,Jul-Sep 2021,1471,1470,1.25175,15.4657,1490
CGPOWER,3,Q3 FY22,Oct-Dec 2021,1538,1537,2.78936,-5.10698,1557
CGPOWER,4,Q4 FY22,Jan-Mar 2022,1601,1600,-2.48254,-2.69085,1620
CGPOWER,5,Q1 FY23,Apr-Jun 2022,1662,1661,-2.14842,-2.28354,1681
CGPOWER,6,Q2 FY23,Jul-Sep 2022,1718,1717,-1.77616,-2.2005,1737
CGPOWER,7,Q3 FY23,Oct-Dec 2022,1785,1784,-1.38225,8.14042,1804
CGPOWER,8,Q4 FY23,Jan-Mar 2023,1852,1851,1.14409,20.3188,1871
CGPOWER,9,Q1 FY24,Apr-Jun 2023,1909,1908,-0.312839,7.33472,1928
CGPOWER,10,Q2 FY24,Jul-Sep 2023,1967,1966,4.059,-0.774441,1986
CGPOWER,11,Q3 FY24,Oct-Dec 2023,2031,2030,0.536932,-8.63756,2050
CGPOWER,12,Q4 FY24,Jan-Mar 2024,2099,2098,-0.199097,21.9587,2118
CGPOWER,13,Q1 FY25,Apr-Jun 2024,2154,2153,3.3281,4.61705,2173
CGPOWER,14,Q2 FY25,Jul-Sep 2024,2215,2214,-5.00564,-2.29281,2234
CGPOWER,15,Q3 FY25,Oct-Dec 2024,2283,2282,-4.00389,6.55107,2302
CGPOWER,16,Q4 FY25,Jan-Mar 2025,2347,2347,1.68699,12.375,2367
CGPOWER,17,Q1 FY26,Apr-Jun 2025,2404,2403,0.244995,0.692609,2423
CGPOWER,18,Q2 FY26,Jul-Sep 2025,2469,2468,3.15865,-9.8844,2488
CGPOWER,19,Q3 FY26,Oct-Dec 2025,2529,2528,-3.86606,33.6415,2548
CGPOWER,20,Q4 FY26,Jan-Mar 2026,2595,2594,-0.998729,16.9081,2614
CGPOWER,21,Q1 FY27,Apr-Jun 2026,2650,2649,-1.39373,-2.11939,2669
CHOLAFIN,0,Q4 FY21,Jan-Mar 2021,1357,1357,-3.39687,-2.31622,1377
CHOLAFIN,1,Q1 FY22,Apr-Jun 2021,1415,1415,9.8823,-2.60775,1435
CHOLAFIN,2,Q2 FY22,Jul-Sep 2021,1477,1477,-5.7056,-0.731855,1497
CHOLAFIN,3,Q3 FY22,Oct-Dec 2021,1541,1541,-3.4113,12.9516,1561
CHOLAFIN,4,Q4 FY22,Jan-Mar 2022,1603,1603,-9.34056,2.32939,1623
CHOLAFIN,5,Q1 FY23,Apr-Jun 2022,1664,1664,3.67143,6.38677,1684
CHOLAFIN,6,Q2 FY23,Jul-Sep 2022,1726,1726,5.30596,-6.1567,1746
CHOLAFIN,7,Q3 FY23,Oct-Dec 2022,1789,1789,6.32084,3.19951,1809
CHOLAFIN,8,Q4 FY23,Jan-Mar 2023,1849,1849,6.2561,8.59054,1869
CHOLAFIN,9,Q1 FY24,Apr-Jun 2023,1912,1912,-1.69772,3.43884,1932
CHOLAFIN,10,Q2 FY24,Jul-Sep 2023,1975,1974,1.71722,-10.113,1994
CHOLAFIN,11,Q3 FY24,Oct-Dec 2023,2033,2033,-2.91979,-11.5143,2053
CHOLAFIN,12,Q4 FY24,Jan-Mar 2024,2096,2095,2.08331,3.50532,2115
CHOLAFIN,13,Q1 FY25,Apr-Jun 2024,2156,2155,1.7119,-1.83456,2175
CHOLAFIN,14,Q2 FY25,Jul-Sep 2024,2219,2218,-0.110456,-7.83613,2238
CHOLAFIN,15,Q3 FY25,Oct-Dec 2024,2286,2285,-0.609429,14.8217,2305
CHOLAFIN,16,Q4 FY25,Jan-Mar 2025,2341,2341,-2.34956,7.09044,2361
CHOLAFIN,17,Q1 FY26,Apr-Jun 2025,2409,2409,-0.614716,0.567652,2429
CHOLAFIN,18,Q2 FY26,Jul-Sep 2025,2474,2474,1.28598,-1.16772,2494
CHOLAFIN,19,Q3 FY26,Oct-Dec 2025,2532,2532,-1.23746,8.15625,2552
CHOLAFIN,20,Q4 FY26,Jan-Mar 2026,2592,2591,1.36294,-1.91629,2611
CHOLAFIN,21,Q1 FY27,Apr-Jun 2026,2652,2651,-1.75955,5.38951,2671
CIPLA,0,Q4 FY21,Jan-Mar 2021,1361,1361,-4.19909,4.81991,1381
CIPLA,1,Q1 FY22,Apr-Jun 2021,1419,1419,-3.26081,-2.74939,1439
CIPLA,2,Q2 FY22,Jul-Sep 2021,1474,1474,1.96737,11.2957,1494
CIPLA,3,Q3 FY22,Oct-Dec 2021,1537,1537,3.39485,1.6109,1557
CIPLA,4,Q4 FY22,Jan-Mar 2022,1606,1606,1.6855,1.53376,1626
CIPLA,5,Q1 FY23,Apr-Jun 2022,1664,1664,1.71823,0.66738,1684
CIPLA,6,Q2 FY23,Jul-Sep 2022,1729,1728,-1.81862,-5.90593,1748
CIPLA,7,Q3 FY23,Oct-Dec 2022,1786,1785,-1.28331,-5.11202,1805
CIPLA,8,Q4 FY23,Jan-Mar 2023,1856,1855,-0.749043,2.03482,1875
CIPLA,9,Q1 FY24,Apr-Jun 2023,1908,1907,0.807202,16.2055,1927
CIPLA,10,Q2 FY24,Jul-Sep 2023,1971,1970,1.02571,-1.84627,1990
CIPLA,11,Q3 FY24,Oct-Dec 2023,2031,2030,8.59021,-1.12494,2050
CIPLA,12,Q4 FY24,Jan-Mar 2024,2103,2102,-1.86164,6.17325,2122
CIPLA,13,Q1 FY25,Apr-Jun 2024,2156,2155,3.23977,0.495497,2175
CIPLA,14,Q2 FY25,Jul-Sep 2024,2221,2220,-2.22776,3.2877,2240
CIPLA,15,Q3 FY25,Oct-Dec 2024,2283,2282,1.19377,5.71192,2302
CIPLA,16,Q4 FY25,Jan-Mar 2025,2352,2352,-2.02464,-0.124059,2372
CIPLA,17,Q1 FY26,Apr-Jun 2025,2405,2404,3.89568,3.95644,2424
CIPLA,18,Q2 FY26,Jul-Sep 2025,2470,2469,-1.91742,-1.82768,2489
CIPLA,19,Q3 FY26,Oct-Dec 2025,2528,2527,-3.08868,-0.101546,2547
CIPLA,20,Q4 FY26,Jan-Mar 2026,2600,2599,2.5902,5.26762,2619
CIPLA,21,Q1 FY27,Apr-Jun 2026,2649,2648,-1.03394,1.71282,2668
COALINDIA,0,Q4 FY21,Jan-Mar 2021,1382,1382,-1.74363,-5.4003,1402
COALINDIA,1,Q1 FY22,Apr-Jun 2021,1422,1421,-0.867377,-1.70584,1441
COALINDIA,2,Q2 FY22,Jul-Sep 2021,1486,1486,-4.34968,-2.45958,1506
COALINDIA,3,Q3 FY22,Oct-Dec 2021,1550,1550,-1.78868,10.2697,1570
COALINDIA,4,Q4 FY22,Jan-Mar 2022,1617,1617,0.510445,0.465255,1637
COALINDIA,5,Q1 FY23,Apr-Jun 2022,1671,1671,-1.27716,4.33061,1691
COALINDIA,6,Q2 FY23,Jul-Sep 2022,1730,1730,2.75612,-12.406,1750
COALINDIA,7,Q3 FY23,Oct-Dec 2022,1789,1789,-1.60832,0.0778243,1809
COALINDIA,8,Q4 FY23,Jan-Mar 2023,1852,1851,-2.99801,-3.15659,1871
COALINDIA,9,Q1 FY24,Apr-Jun 2023,1917,1917,1.63914,16.2386,1937
COALINDIA,10,Q2 FY24,Jul-Sep 2023,1981,1981,2.08158,-2.34025,2001
COALINDIA,11,Q3 FY24,Oct-Dec 2023,2044,2044,3.92865,-3.39901,2064
COALINDIA,12,Q4 FY24,Jan-Mar 2024,2097,2097,5.32147,3.25364,2117
COALINDIA,13,Q1 FY25,Apr-Jun 2024,2159,2159,3.24578,-3.75858,2179
COALINDIA,14,Q2 FY25,Jul-Sep 2024,2219,2219,-4.87303,-5.28339,2239
COALINDIA,15,Q3 FY25,Oct-Dec 2024,2282,2282,-1.91841,0.181063,2302
COALINDIA,16,Q4 FY25,Jan-Mar 2025,2348,2348,1.13681,0.48618,2368
COALINDIA,17,Q1 FY26,Apr-Jun 2025,2409,2409,-0.203386,1.98225,2429
COALINDIA,18,Q2 FY26,Jul-Sep 2025,2469,2468,-2.85545,-1.65448,2488
COALINDIA,19,Q3 FY26,Oct-Dec 2025,2542,2542,-1.13115,20.6532,2562
COALINDIA,20,Q4 FY26,Jan-Mar 2026,2589,2589,3.60703,-0.476807,2609
COALINDIA,21,Q1 FY27,Apr-Jun 2026,2651,2651,-4.01431,-2.95534,2671
COCHINSHIP,0,Q4 FY21,Jan-Mar 2021,1381,1381,1.31465,-6.56114,1401
COCHINSHIP,1,Q1 FY22,Apr-Jun 2021,1423,1422,-1.90259,-3.80131,1442
COCHINSHIP,2,Q2 FY22,Jul-Sep 2021,1485,1485,-1.89687,-2.19596,1505
COCHINSHIP,3,Q3 FY22,Oct-Dec 2021,1548,1548,-2.16397,-4.0477,1568
COCHINSHIP,4,Q4 FY22,Jan-Mar 2022,1614,1614,6.27677,-6.95317,1634
COCHINSHIP,5,Q1 FY23,Apr-Jun 2022,1671,1671,-3.54909,15.3859,1691
COCHINSHIP,6,Q2 FY23,Jul-Sep 2022,1732,1732,7.02868,-5.05339,1752
COCHINSHIP,7,Q3 FY23,Oct-Dec 2022,1797,1797,-0.836823,-1.24071,1817
COCHINSHIP,8,Q4 FY23,Jan-Mar 2023,1861,1861,-11.0128,19.6093,1881
COCHINSHIP,9,Q1 FY24,Apr-Jun 2023,1920,1919,-1.39315,83.5049,1939
COCHINSHIP,10,Q2 FY24,Jul-Sep 2023,1978,1977,3.80477,14.9174,1997
COCHINSHIP,11,Q3 FY24,Oct-Dec 2023,2035,2035,2.87827,-7.39596,2055
COCHINSHIP,12,Q4 FY24,Jan-Mar 2024,2113,2113,3.1635,7.59765,2133
COCHINSHIP,13,Q1 FY25,Apr-Jun 2024,2165,2165,1.88716,-25.8345,2185
COCHINSHIP,14,Q2 FY25,Jul-Sep 2024,2228,2228,-4.76944,10.8952,2248
COCHINSHIP,15,Q3 FY25,Oct-Dec 2024,2291,2291,-3.39755,0.299019,2311
COCHINSHIP,16,Q4 FY25,Jan-Mar 2025,2354,2354,12.5026,7.39361,2374
COCHINSHIP,17,Q1 FY26,Apr-Jun 2025,2417,2417,0.414846,1.71014,2437
COCHINSHIP,18,Q2 FY26,Jul-Sep 2025,2478,2478,-4.73951,-6.53545,2498
COCHINSHIP,19,Q3 FY26,Oct-Dec 2025,2530,2530,-1.08303,-7.89522,2550
COCHINSHIP,20,Q4 FY26,Jan-Mar 2026,2602,2602,-5.10724,-6.84555,2622
COCHINSHIP,21,Q1 FY27,Apr-Jun 2026,2665,2665,-2.26448,-4.29627,2685
COFORGE,0,Q4 FY21,Jan-Mar 2021,1356,1355,16.6705,2.35236,1375
COFORGE,1,Q1 FY22,Apr-Jun 2021,1413,1412,0.649188,-1.14336,1432
COFORGE,2,Q2 FY22,Jul-Sep 2021,1473,1472,-6.13855,10.0028,1492
COFORGE,3,Q3 FY22,Oct-Dec 2021,1538,1538,7.14777,-1.89061,1558
COFORGE,4,Q4 FY22,Jan-Mar 2022,1608,1607,0.402068,-7.07704,1627
COFORGE,5,Q1 FY23,Apr-Jun 2022,1661,1660,-1.41235,-6.79361,1680
COFORGE,6,Q2 FY23,Jul-Sep 2022,1719,1719,0.0281745,-5.20468,1739
COFORGE,7,Q3 FY23,Oct-Dec 2022,1783,1782,3.85771,6.70651,1802
COFORGE,8,Q4 FY23,Jan-Mar 2023,1846,1845,2.15889,6.82539,1865
COFORGE,9,Q1 FY24,Apr-Jun 2023,1904,1903,-1.89489,5.43795,1923
COFORGE,10,Q2 FY24,Jul-Sep 2023,1966,1965,0.563838,10.5361,1985
COFORGE,11,Q3 FY24,Oct-Dec 2023,2031,2030,0.241842,1.7102,2050
COFORGE,12,Q4 FY24,Jan-Mar 2024,2097,2097,-9.33091,10.6527,2117
COFORGE,13,Q1 FY25,Apr-Jun 2024,2152,2152,1.82083,-2.62967,2172
COFORGE,14,Q2 FY25,Jul-Sep 2024,2216,2216,11.2896,12.346,2236
COFORGE,15,Q3 FY25,Oct-Dec 2024,2280,2279,11.5516,-14.2862,2299
COFORGE,16,Q4 FY25,Jan-Mar 2025,2346,2346,-0.607053,13.7811,2366
COFORGE,17,Q1 FY26,Apr-Jun 2025,2406,2405,2.75427,0.720311,2425
COFORGE,18,Q2 FY26,Jul-Sep 2025,2466,2466,3.34883,0.372984,2486
COFORGE,19,Q3 FY26,Oct-Dec 2025,2527,2527,-2.0857,-20.1626,2547
COFORGE,20,Q4 FY26,Jan-Mar 2026,2594,2594,8.30765,15.9497,2614
COFORGE,21,Q1 FY27,Apr-Jun 2026,2652,2651,10.3556,10.8098,2671
COLPAL,0,Q4 FY21,Jan-Mar 2021,1362,1361,0.220638,-0.102114,1381
COLPAL,1,Q1 FY22,Apr-Jun 2021,1414,1413,-5.06197,-9.02649,1433
COLPAL,2,Q2 FY22,Jul-Sep 2021,1473,1472,-2.05969,-0.0650121,1492
COLPAL,3,Q3 FY22,Oct-Dec 2021,1538,1537,-0.68996,5.26864,1557
COLPAL,4,Q4 FY22,Jan-Mar 2022,1618,1617,1.50499,-3.24117,1637
COLPAL,5,Q1 FY23,Apr-Jun 2022,1662,1661,1.01753,-5.04085,1681
COLPAL,6,Q2 FY23,Jul-Sep 2022,1719,1718,1.44154,-4.90105,1738
COLPAL,7,Q3 FY23,Oct-Dec 2022,1785,1784,-2.10837,2.99637,1804
COLPAL,8,Q4 FY23,Jan-Mar 2023,1856,1856,2.36408,-3.93057,1876
COLPAL,9,Q1 FY24,Apr-Jun 2023,1908,1908,6.87917,0.530992,1928
COLPAL,10,Q2 FY24,Jul-Sep 2023,1970,1970,1.25845,1.58409,1990
COLPAL,11,Q3 FY24,Oct-Dec 2023,2031,2030,-2.31248,0.14098,2050
COLPAL,12,Q4 FY24,Jan-Mar 2024,2105,2105,-5.14917,5.53153,2125
COLPAL,13,Q1 FY25,Apr-Jun 2024,2157,2157,4.79159,5.98933,2177
COLPAL,14,Q2 FY25,Jul-Sep 2024,2218,2217,-3.40664,-11.043,2237
COLPAL,15,Q3 FY25,Oct-Dec 2024,2283,2283,1.06272,-5.09904,2303
COLPAL,16,Q4 FY25,Jan-Mar 2025,2358,2358,-5.65426,-4.25998,2378
COLPAL,17,Q1 FY26,Apr-Jun 2025,2402,2401,-0.403806,-0.925272,2421
COLPAL,18,Q2 FY26,Jul-Sep 2025,2465,2465,-1.7053,-4.33009,2485
COLPAL,19,Q3 FY26,Oct-Dec 2025,2531,2531,0.457523,7.87119,2551
COLPAL,20,Q4 FY26,Jan-Mar 2026,2607,2607,-4.0942,-4.6917,2627
COLPAL,21,Q1 FY27,Apr-Jun 2026,2653,2652,0.219394,-13.9682,2672
CONCOR,0,Q4 FY21,Jan-Mar 2021,1366,1366,7.97547,4.17765,1386
CONCOR,1,Q1 FY22,Apr-Jun 2021,1414,1414,2.28773,-1.81881,1434
CONCOR,2,Q2 FY22,Jul-Sep 2021,1471,1471,2.71823,-2.86531,1491
CONCOR,3,Q3 FY22,Oct-Dec 2021,1534,1534,-4.79195,-3.29048,1554
CONCOR,4,Q4 FY22,Jan-Mar 2022,1613,1613,-8.37781,12.2841,1633
CONCOR,5,Q1 FY23,Apr-Jun 2022,1668,1668,0.860124,4.62231,1688
CONCOR,6,Q2 FY23,Jul-Sep 2022,1732,1732,-6.20259,0.0134657,1752
CONCOR,7,Q3 FY23,Oct-Dec 2022,1784,1784,-2.93056,-10.6227,1804
CONCOR,8,Q4 FY23,Jan-Mar 2023,1860,1860,-1.20494,3.27729,1880
CONCOR,9,Q1 FY24,Apr-Jun 2023,1919,1919,-2.08288,5.28473,1939
CONCOR,10,Q2 FY24,Jul-Sep 2023,1975,1975,4.06995,4.63785,1995
CONCOR,11,Q3 FY24,Oct-Dec 2023,2032,2032,-1.00779,17.2475,2052
CONCOR,12,Q4 FY24,Jan-Mar 2024,2107,2107,4.60926,0.408323,2127
CONCOR,13,Q1 FY25,Apr-Jun 2024,2165,2165,-2.74736,-5.78594,2185
CONCOR,14,Q2 FY25,Jul-Sep 2024,2221,2221,3.78445,0.0118932,2241
CONCOR,15,Q3 FY25,Oct-Dec 2024,2285,2285,2.04015,-14.1627,2305
CONCOR,16,Q4 FY25,Jan-Mar 2025,2359,2359,-3.29969,1.36357,2379
CONCOR,17,Q1 FY26,Apr-Jun 2025,2412,2412,-3.85738,-2.94084,2432
CONCOR,18,Q2 FY26,Jul-Sep 2025,2477,2477,0.740035,-4.67246,2497
CONCOR,19,Q3 FY26,Oct-Dec 2025,2531,2531,0.716127,-1.17253,2551
CONCOR,20,Q4 FY26,Jan-Mar 2026,2608,2608,-6.56884,-0.861152,2628
CONCOR,21,Q1 FY27,Apr-Jun 2026,2650,2650,5.9384,0.225982,2670
CROMPTON,0,Q4 FY21,Jan-Mar 2021,1366,1366,2.37524,0.632492,1386
CROMPTON,1,Q1 FY22,Apr-Jun 2021,1410,1409,-3.13189,-7.88499,1429
CROMPTON,2,Q2 FY22,Jul-Sep 2021,1472,1472,-3.77511,1.28986,1492
CROMPTON,3,Q3 FY22,Oct-Dec 2021,1539,1539,0.923021,4.1027,1559
CROMPTON,4,Q4 FY22,Jan-Mar 2022,1619,1619,5.38757,3.41339,1639
CROMPTON,5,Q1 FY23,Apr-Jun 2022,1659,1658,-2.38242,-2.25444,1678
CROMPTON,6,Q2 FY23,Jul-Sep 2022,1723,1722,-3.38054,-4.8237,1742
CROMPTON,7,Q3 FY23,Oct-Dec 2022,1791,1791,-9.5677,3.38804,1811
CROMPTON,8,Q4 FY23,Jan-Mar 2023,1861,1861,1.4138,9.51168,1881
CROMPTON,9,Q1 FY24,Apr-Jun 2023,1921,1920,1.59192,-0.960097,1940
CROMPTON,10,Q2 FY24,Jul-Sep 2023,1976,1976,-2.12852,-2.56169,1996
CROMPTON,11,Q3 FY24,Oct-Dec 2023,2046,2046,-1.11195,-2.48908,2066
CROMPTON,12,Q4 FY24,Jan-Mar 2024,2107,2107,15.2927,4.39262,2127
CROMPTON,13,Q1 FY25,Apr-Jun 2024,2159,2158,0.958175,2.20807,2178
CROMPTON,14,Q2 FY25,Jul-Sep 2024,2231,2231,-0.0249373,1.72427,2251
CROMPTON,15,Q3 FY25,Oct-Dec 2024,2295,2295,0.721864,5.38104,2315
CROMPTON,16,Q4 FY25,Jan-Mar 2025,2354,2354,7.45345,-0.888685,2374
CROMPTON,17,Q1 FY26,Apr-Jun 2025,2414,2414,1.05629,-1.37023,2434
CROMPTON,18,Q2 FY26,Jul-Sep 2025,2474,2474,-0.434394,-8.87489,2494
CROMPTON,19,Q3 FY26,Oct-Dec 2025,2538,2538,6.6255,-0.513221,2558
CROMPTON,20,Q4 FY26,Jan-Mar 2026,2600,2600,0.274036,-11.0526,2620
CROMPTON,21,Q1 FY27,Apr-Jun 2026,2659,2659,-7.16067,-4.28255,2679
CUMMINSIND,0,Q4 FY21,Jan-Mar 2021,1369,1369,-4.08764,4.83663,1389
CUMMINSIND,1,Q1 FY22,Apr-Jun 2021,1423,1423,-0.0652671,3.98272,1443
CUMMINSIND,2,Q2 FY22,Jul-Sep 2021,1475,1475,1.97577,2.16859,1495
CUMMINSIND,3,Q3 FY22,Oct-Dec 2021,1548,1548,2.24254,12.7501,1568
CUMMINSIND,4,Q4 FY22,Jan-Mar 2022,1618,1618,-2.39167,2.15259,1638
CUMMINSIND,5,Q1 FY23,Apr-Jun 2022,1671,1670,-1.99155,2.80769,1690
CUMMINSIND,6,Q2 FY23,Jul-Sep 2022,1729,1728,-0.281873,5.26871,1748
CUMMINSIND,7,Q3 FY23,Oct-Dec 2022,1795,1795,6.93589,9.18609,1815
CUMMINSIND,8,Q4 FY23,Jan-Mar 2023,1864,1863,-4.9654,13.3294,1883
CUMMINSIND,9,Q1 FY24,Apr-Jun 2023,1914,1914,-5.21443,-3.96615,1934
CUMMINSIND,10,Q2 FY24,Jul-Sep 2023,1978,1978,3.81837,3.23765,1998
CUMMINSIND,11,Q3 FY24,Oct-Dec 2023,2041,2041,8.67897,4.21798,2061
CUMMINSIND,12,Q4 FY24,Jan-Mar 2024,2116,2116,-5.25108,3.52063,2136
CUMMINSIND,13,Q1 FY25,Apr-Jun 2024,2163,2163,5.15838,-1.01281,2183
CUMMINSIND,14,Q2 FY25,Jul-Sep 2024,2228,2228,3.04717,-5.44573,2248
CUMMINSIND,15,Q3 FY25,Oct-Dec 2024,2290,2290,1.8968,2.22455,2310
CUMMINSIND,16,Q4 FY25,Jan-Mar 2025,2363,2363,6.16723,3.27813,2383
CUMMINSIND,17,Q1 FY26,Apr-Jun 2025,2414,2414,4.564,3.31357,2434
CUMMINSIND,18,Q2 FY26,Jul-Sep 2025,2474,2474,-0.494799,1.4035,2494
CUMMINSIND,19,Q3 FY26,Oct-Dec 2025,2536,2536,5.01668,13.9703,2556
CUMMINSIND,20,Q4 FY26,Jan-Mar 2026,2610,2609,11.2667,-7.01829,2629
CUMMINSIND,21,Q1 FY27,Apr-Jun 2026,2658,2658,-0.744621,-3.0321,2678
DABUR,0,Q4 FY21,Jan-Mar 2021,1357,1356,-2.62115,-3.66378,1376
DABUR,1,Q1 FY22,Apr-Jun 2021,1417,1416,0.991252,-3.90786,1436
DABUR,2,Q2 FY22,Jul-Sep 2021,1479,1478,0.394488,-0.53656,1498
DABUR,3,Q3 FY22,Oct-Dec 2021,1542,1542,1.05683,4.3607,1562
DABUR,4,Q4 FY22,Jan-Mar 2022,1603,1602,-1.70299,-1.06169,1622
DABUR,5,Q1 FY23,Apr-Jun 2022,1668,1667,0.75492,-2.07934,1687
DABUR,6,Q2 FY23,Jul-Sep 2022,1723,1722,2.71931,-3.00792,1742
DABUR,7,Q3 FY23,Oct-Dec 2022,1791,1790,-1.30115,-2.75351,1810
DABUR,8,Q4 FY23,Jan-Mar 2023,1850,1849,-2.32085,3.72567,1869
DABUR,9,Q1 FY24,Apr-Jun 2023,1914,1913,-1.13188,-0.583091,1933
DABUR,10,Q2 FY24,Jul-Sep 2023,1975,1974,1.81319,-3.90348,1994
DABUR,11,Q3 FY24,Oct-Dec 2023,2036,2035,-0.26497,-1.65856,2055
DABUR,12,Q4 FY24,Jan-Mar 2024,2098,2097,1.98886,2.26655,2117
DABUR,13,Q1 FY25,Apr-Jun 2024,2160,2159,0.987522,-1.88639,2179
DABUR,14,Q2 FY25,Jul-Sep 2024,2222,2221,2.53047,-2.70546,2241
DABUR,15,Q3 FY25,Oct-Dec 2024,2285,2284,2.63799,-2.6755,2304
DABUR,16,Q4 FY25,Jan-Mar 2025,2348,2348,-2.20362,2.30164,2368
DABUR,17,Q1 FY26,Apr-Jun 2025,2409,2408,1.68982,-0.432778,2428
DABUR,18,Q2 FY26,Jul-Sep 2025,2470,2470,-2.18948,3.91781,2490
DABUR,19,Q3 FY26,Oct-Dec 2025,2531,2531,-0.367713,2.8288,2551
DABUR,20,Q4 FY26,Jan-Mar 2026,2596,2596,4.38462,-9.57658,2616
DABUR,21,Q1 FY27,Apr-Jun 2026,2653,2653,-2.02844,-8.43338,2673
DELHIVERY,4,Q4 FY22,Jan-Mar 2022,1620,1620,2.18787,-0.909188,1640
DELHIVERY,5,Q1 FY23,Apr-Jun 2022,1670,1670,-6.67191,-6.92131,1690
DELHIVERY,6,Q2 FY23,Jul-Sep 2022,1733,1733,-2.22187,-2.44218,1753
DELHIVERY,7,Q3 FY23,Oct-Dec 2022,1797,1797,1.44625,7.46951,1817
DELHIVERY,8,Q4 FY23,Jan-Mar 2023,1861,1861,-0.471406,5.84108,1881
DELHIVERY,9,Q1 FY24,Apr-Jun 2023,1915,1915,-2.08702,6.48364,1935
DELHIVERY,10,Q2 FY24,Jul-Sep 2023,1977,1976,-0.718247,-9.82909,1996
DELHIVERY,11,Q3 FY24,Oct-Dec 2023,2038,2038,-3.24896,0.590538,2058
DELHIVERY,12,Q4 FY24,Jan-Mar 2024,2108,2108,-4.32509,-12.9942,2128
DELHIVERY,13,Q1 FY25,Apr-Jun 2024,2161,2161,0.275377,-0.410598,2181
DELHIVERY,14,Q2 FY25,Jul-Sep 2024,2233,2233,-0.647932,13.2872,2253
DELHIVERY,15,Q3 FY25,Oct-Dec 2024,2292,2292,-4.90786,-12.6612,2312
DELHIVERY,16,Q4 FY25,Jan-Mar 2025,2355,2355,9.77199,3.99577,2375
DELHIVERY,17,Q1 FY26,Apr-Jun 2025,2410,2410,6.74556,3.58401,2430
DELHIVERY,18,Q2 FY26,Jul-Sep 2025,2474,2473,-8.37045,-11.3178,2493
DELHIVERY,19,Q3 FY26,Oct-Dec 2025,2533,2532,5.23034,-2.20113,2552
DELHIVERY,20,Q4 FY26,Jan-Mar 2026,2603,2602,-4.23117,-2.41067,2622
DELHIVERY,21,Q1 FY27,Apr-Jun 2026,2661,2660,1.01346,-1.85914,2680
DIVISLAB,0,Q4 FY21,Jan-Mar 2021,1372,1371,0.836627,1.3826,1391
DIVISLAB,1,Q1 FY22,Apr-Jun 2021,1421,1420,-0.332994,-0.584444,1440
DIVISLAB,2,Q2 FY22,Jul-Sep 2021,1482,1481,-6.82522,-0.616797,1501
DIVISLAB,3,Q3 FY22,Oct-Dec 2021,1549,1548,0.791044,5.28735,1568
DIVISLAB,4,Q4 FY22,Jan-Mar 2022,1615,1614,-9.13594,-4.01544,1634
DIVISLAB,5,Q1 FY23,Apr-Jun 2022,1673,1672,-5.84093,-3.67399,1692
DIVISLAB,6,Q2 FY23,Jul-Sep 2022,1730,1729,-9.32816,-4.13458,1749
DIVISLAB,7,Q3 FY23,Oct-Dec 2022,1792,1791,-13.0962,0.277529,1811
DIVISLAB,8,Q4 FY23,Jan-Mar 2023,1862,1861,4.77059,7.38504,1881
DIVISLAB,9,Q1 FY24,Apr-Jun 2023,1921,1920,1.36489,-1.33989,1940
DIVISLAB,10,Q2 FY24,Jul-Sep 2023,1977,1976,3.71375,-0.749668,1996
DIVISLAB,11,Q3 FY24,Oct-Dec 2023,2044,2043,3.16948,-6.93529,2063
DIVISLAB,12,Q4 FY24,Jan-Mar 2024,2114,2113,3.33001,3.23541,2133
DIVISLAB,13,Q1 FY25,Apr-Jun 2024,2162,2161,-0.613113,-0.136855,2181
DIVISLAB,14,Q2 FY25,Jul-Sep 2024,2230,2229,-0.810103,-1.59864,2249
DIVISLAB,15,Q3 FY25,Oct-Dec 2024,2288,2287,5.24202,-0.754599,2307
DIVISLAB,16,Q4 FY25,Jan-Mar 2025,2356,2355,5.08257,1.62953,2375
DIVISLAB,17,Q1 FY26,Apr-Jun 2025,2413,2412,-3.99295,-2.7086,2432
DIVISLAB,18,Q2 FY26,Jul-Sep 2025,2475,2474,-3.22953,-5.47218,2494
DIVISLAB,19,Q3 FY26,Oct-Dec 2025,2541,2540,3.34463,7.28227,2560
DIVISLAB,20,Q4 FY26,Jan-Mar 2026,2608,2607,-3.21194,0.723268,2627
DIVISLAB,21,Q1 FY27,Apr-Jun 2026,2656,2655,4.96422,13.0746,2675
DIXON,0,Q4 FY21,Jan-Mar 2021,1370,1370,-0.556254,9.82036,1390
DIXON,1,Q1 FY22,Apr-Jun 2021,1412,1411,0.219208,-20.9624,1431
DIXON,2,Q2 FY22,Jul-Sep 2021,1477,1476,-2.19486,6.04155,1496
DIXON,3,Q3 FY22,Oct-Dec 2021,1539,1538,0.0809503,3.55328,1558
DIXON,4,Q4 FY22,Jan-Mar 2022,1620,1619,9.30278,0.563962,1639
DIXON,5,Q1 FY23,Apr-Jun 2022,1662,1662,-5.0197,8.99761,1682
DIXON,6,Q2 FY23,Jul-Sep 2022,1719,1719,-0.554508,-2.09357,1739
DIXON,7,Q3 FY23,Oct-Dec 2022,1786,1786,-17.4782,3.54806,1806
DIXON,8,Q4 FY23,Jan-Mar 2023,1863,1863,7.62676,27.4015,1883
DIXON,9,Q1 FY24,Apr-Jun 2023,1907,1907,-1.12129,23.0188,1927
DIXON,10,Q2 FY24,Jul-Sep 2023,1970,1970,-0.374724,-5.72706,1990
DIXON,11,Q3 FY24,Oct-Dec 2023,2036,2036,2.355,7.81965,2056
DIXON,12,Q4 FY24,Jan-Mar 2024,2106,2106,1.02185,26.9859,2126
DIXON,13,Q1 FY25,Apr-Jun 2024,2158,2158,0.700315,8.24369,2178
DIXON,14,Q2 FY25,Jul-Sep 2024,2218,2218,-6.5307,11.1644,2238
DIXON,15,Q3 FY25,Oct-Dec 2024,2277,2277,-12.3826,-5.956,2297
DIXON,16,Q4 FY25,Jan-Mar 2025,2357,2357,-6.28362,-7.969,2377
DIXON,17,Q1 FY26,Apr-Jun 2025,2402,2402,2.12126,1.56063,2422
DIXON,18,Q2 FY26,Jul-Sep 2025,2462,2462,-4.26099,-4.13881,2482
DIXON,19,Q3 FY26,Oct-Dec 2025,2531,2531,1.44098,-3.85379,2551
DIXON,20,Q4 FY26,Jan-Mar 2026,2599,2599,9.58442,3.29249,2619
DIXON,21,Q1 FY27,Apr-Jun 2026,2655,2654,-2.28888,5.13072,2674
DLF,0,Q4 FY21,Jan-Mar 2021,1381,1381,-3.57856,4.68134,1401
DLF,1,Q1 FY22,Apr-Jun 2021,1411,1411,1.40622,-14.4537,1431
DLF,2,Q2 FY22,Jul-Sep 2021,1476,1476,1.55631,-2.07511,1496
DLF,3,Q3 FY22,Oct-Dec 2021,1540,1540,2.18911,-8.79197,1560
DLF,4,Q4 FY22,Jan-Mar 2022,1611,1611,-2.62184,0.974883,1631
DLF,5,Q1 FY23,Apr-Jun 2022,1664,1664,-1.50002,2.48723,1684
DLF,6,Q2 FY23,Jul-Sep 2022,1720,1720,-1.46014,3.48852,1740
DLF,7,Q3 FY23,Oct-Dec 2022,1786,1786,2.71523,-1.99426,1806
DLF,8,Q4 FY23,Jan-Mar 2023,1856,1856,6.92725,3.69402,1876
DLF,9,Q1 FY24,Apr-Jun 2023,1905,1905,-0.990429,-1.32128,1925
DLF,10,Q2 FY24,Jul-Sep 2023,1972,1972,1.95251,7.82853,1992
DLF,11,Q3 FY24,Oct-Dec 2023,2032,2032,1.97763,14.5048,2052
DLF,12,Q4 FY24,Jan-Mar 2024,2104,2104,-0.47907,-2.69229,2124
DLF,13,Q1 FY25,Apr-Jun 2024,2155,2155,0.460837,1.59438,2175
DLF,14,Q2 FY25,Jul-Sep 2024,2219,2219,5.25248,0.361181,2239
DLF,15,Q3 FY25,Oct-Dec 2024,2281,2281,2.38329,-2.36181,2301
DLF,16,Q4 FY25,Jan-Mar 2025,2356,2356,3.19721,12.3127,2376
DLF,17,Q1 FY26,Apr-Jun 2025,2411,2411,-1.20483,-3.26974,2431
DLF,18,Q2 FY26,Jul-Sep 2025,2470,2470,-2.01226,-7.54879,2490
DLF,19,Q3 FY26,Oct-Dec 2025,2527,2527,-3.09791,4.85563,2547
DLF,20,Q4 FY26,Jan-Mar 2026,2600,2600,0.401826,0.933083,2620
DLF,21,Q1 FY27,Apr-Jun 2026,2656,2656,-3.11846,7.20611,2676
DMART,0,Q4 FY21,Jan-Mar 2021,1358,1357,-2.29094,6.13726,1377
DMART,1,Q1 FY22,Apr-Jun 2021,1402,1401,-0.863121,2.30569,1421
DMART,2,Q2 FY22,Jul-Sep 2021,1468,1467,-8.75618,6.33682,1487
DMART,3,Q3 FY22,Oct-Dec 2021,1526,1525,-3.13708,-9.25817,1545
DMART,4,Q4 FY22,Jan-Mar 2022,1610,1609,9.84917,3.25077,1629
DMART,5,Q1 FY23,Apr-Jun 2022,1650,1649,1.1738,-1.47117,1669
DMART,6,Q2 FY23,Jul-Sep 2022,1725,1724,-0.952653,-11.5979,1744
DMART,7,Q3 FY23,Oct-Dec 2022,1779,1778,-4.45334,-5.51454,1798
DMART,8,Q4 FY23,Jan-Mar 2023,1857,1856,-4.65057,1.90703,1876
DMART,9,Q1 FY24,Apr-Jun 2023,1901,1900,-4.01259,-4.09536,1920
DMART,10,Q2 FY24,Jul-Sep 2023,1963,1962,-1.91074,-0.0523267,1982
DMART,11,Q3 FY24,Oct-Dec 2023,2025,2024,-0.477613,-2.41577,2044
DMART,12,Q4 FY24,Jan-Mar 2024,2099,2098,-0.107259,-9.12032,2118
DMART,13,Q1 FY25,Apr-Jun 2024,2148,2147,0.569232,0.631252,2167
DMART,14,Q2 FY25,Jul-Sep 2024,2210,2209,-9.16494,-3.19416,2229
DMART,15,Q3 FY25,Oct-Dec 2024,2272,2271,-3.37574,4.67676,2291
DMART,16,Q4 FY25,Jan-Mar 2025,2346,2345,-1.4752,-0.867619,2365
DMART,17,Q1 FY26,Apr-Jun 2025,2395,2395,-1.03302,6.30028,2415
DMART,18,Q2 FY26,Jul-Sep 2025,2458,2457,-2.49722,-6.01115,2477
DMART,19,Q3 FY26,Oct-Dec 2025,2520,2519,0.404354,3.86606,2539
DMART,20,Q4 FY26,Jan-Mar 2026,2593,2592,-5.07351,-4.6645,2612
DMART,21,Q1 FY27,Apr-Jun 2026,2641,2640,-2.14872,-0.0400704,2660
DRREDDY,0,Q4 FY21,Jan-Mar 2021,1361,1360,-1.84581,-2.71217,1380
DRREDDY,1,Q1 FY22,Apr-Jun 2021,1412,1411,-10.0019,-11.7191,1431
DRREDDY,2,Q2 FY22,Jul-Sep 2021,1477,1476,2.99233,4.25316,1496
DRREDDY,3,Q3 FY22,Oct-Dec 2021,1539,1538,-0.838985,1.59795,1558
DRREDDY,4,Q4 FY22,Jan-Mar 2022,1613,1612,3.25879,11.9508,1632
DRREDDY,5,Q1 FY23,Apr-Jun 2022,1663,1663,-5.33411,0.279091,1683
DRREDDY,6,Q2 FY23,Jul-Sep 2022,1724,1724,-1.8558,-2.92036,1744
DRREDDY,7,Q3 FY23,Oct-Dec 2022,1786,1786,4.29849,4.89226,1806
DRREDDY,8,Q4 FY23,Jan-Mar 2023,1854,1854,-6.79,0.745629,1874
DRREDDY,9,Q1 FY24,Apr-Jun 2023,1908,1908,1.17117,6.9483,1928
DRREDDY,10,Q2 FY24,Jul-Sep 2023,1971,1970,-1.4622,0.686451,1990
DRREDDY,11,Q3 FY24,Oct-Dec 2023,2035,2035,3.85116,3.97605,2055
DRREDDY,12,Q4 FY24,Jan-Mar 2024,2100,2100,-3.21609,-5.25916,2120
DRREDDY,13,Q1 FY25,Apr-Jun 2024,2157,2156,-0.56619,1.06538,2176
DRREDDY,14,Q2 FY25,Jul-Sep 2024,2226,2226,1.23207,-4.50839,2246
DRREDDY,15,Q3 FY25,Oct-Dec 2024,2280,2280,-4.5535,-3.59004,2300
DRREDDY,16,Q4 FY25,Jan-Mar 2025,2350,2350,-0.383761,9.6134,2370
DRREDDY,17,Q1 FY26,Apr-Jun 2025,2403,2403,2.07672,1.72224,2423
DRREDDY,18,Q2 FY26,Jul-Sep 2025,2466,2466,-0.607994,-3.44011,2486
DRREDDY,19,Q3 FY26,Oct-Dec 2025,2526,2526,4.68457,4.67211,2546
DRREDDY,20,Q4 FY26,Jan-Mar 2026,2599,2599,-0.511442,1.91773,2619
DRREDDY,21,Q1 FY27,Apr-Jun 2026,2648,2648,-0.867199,-0.342968,2668
EICHERMOT,0,Q4 FY21,Jan-Mar 2021,1370,1370,0.683382,0.369725,1390
EICHERMOT,1,Q1 FY22,Apr-Jun 2021,1424,1424,-3.67217,5.59109,1444
EICHERMOT,2,Q2 FY22,Jul-Sep 2021,1480,1480,5.05024,-2.56503,1500
EICHERMOT,3,Q3 FY22,Oct-Dec 2021,1550,1550,2.93331,-11.2666,1570
EICHERMOT,4,Q4 FY22,Jan-Mar 2022,1609,1609,7.23608,3.5933,1629
EICHERMOT,5,Q1 FY23,Apr-Jun 2022,1671,1671,-0.0143579,9.84152,1691
EICHERMOT,6,Q2 FY23,Jul-Sep 2022,1732,1732,-6.67949,-5.38766,1752
EICHERMOT,7,Q3 FY23,Oct-Dec 2022,1799,1798,-3.2602,0.0259896,1818
EICHERMOT,8,Q4 FY23,Jan-Mar 2023,1855,1855,6.39407,-2.59965,1875
EICHERMOT,9,Q1 FY24,Apr-Jun 2023,1914,1914,-1.29455,2.16008,1934
EICHERMOT,10,Q2 FY24,Jul-Sep 2023,1981,1981,0.572929,3.33365,2001
EICHERMOT,11,Q3 FY24,Oct-Dec 2023,2045,2044,-1.04431,-3.8521,2064
EICHERMOT,12,Q4 FY24,Jan-Mar 2024,2104,2103,-0.230077,-2.53565,2123
EICHERMOT,13,Q1 FY25,Apr-Jun 2024,2165,2165,4.50436,-4.05807,2185
EICHERMOT,14,Q2 FY25,Jul-Sep 2024,2232,2232,6.54069,-5.75094,2252
EICHERMOT,15,Q3 FY25,Oct-Dec 2024,2293,2293,-5.47871,3.51322,2313
EICHERMOT,16,Q4 FY25,Jan-Mar 2025,2353,2353,-1.24412,-2.05951,2373
EICHERMOT,17,Q1 FY26,Apr-Jun 2025,2409,2409,1.90764,14.7937,2429
EICHERMOT,18,Q2 FY26,Jul-Sep 2025,2479,2478,-0.361834,5.77479,2498
EICHERMOT,19,Q3 FY26,Oct-Dec 2025,2540,2540,6.43832,-1.31825,2560
EICHERMOT,20,Q4 FY26,Jan-Mar 2026,2607,2607,4.87787,3.07589,2627
EICHERMOT,21,Q1 FY27,Apr-Jun 2026,2653,2653,1.44008,3.30029,2673
ENRIN,16,Q4 FY25,Jan-Mar 2025,2396,2395,-2.89822,3.16904,2415
ENRIN,17,Q1 FY26,Apr-Jun 2025,2411,2411,1.10942,3.62564,2431
ENRIN,18,Q2 FY26,Jul-Sep 2025,2486,2486,-1.77996,-17.4039,2506
ENRIN,19,Q3 FY26,Oct-Dec 2025,2543,2542,1.62454,9.83379,2562
ENRIN,20,Q4 FY26,Jan-Mar 2026,2601,2601,-0.407693,14.1712,2621
ENRIN,21,Q1 FY27,Apr-Jun 2026,2659,2659,12.4601,-11.8714,2679
ETERNAL,1,Q1 FY22,Apr-Jun 2021,1422,1422,8.33344,-2.28968,1442
ETERNAL,2,Q2 FY22,Jul-Sep 2021,1484,1484,4.36189,1.77861,1504
ETERNAL,3,Q3 FY22,Oct-Dec 2021,1548,1548,-4.77525,-7.69992,1568
ETERNAL,4,Q4 FY22,Jan-Mar 2022,1615,1615,14.3998,4.70969,1635
ETERNAL,5,Q1 FY23,Apr-Jun 2022,1665,1665,19.9473,6.44228,1685
ETERNAL,6,Q2 FY23,Jul-Sep 2022,1732,1732,12.0556,-12.6824,1752
ETERNAL,7,Q3 FY23,Oct-Dec 2022,1796,1796,-1.81556,1.30583,1816
ETERNAL,8,Q4 FY23,Jan-Mar 2023,1861,1861,-2.16017,17.0406,1881
ETERNAL,9,Q1 FY24,Apr-Jun 2023,1914,1913,2.50574,12.0282,1933
ETERNAL,10,Q2 FY24,Jul-Sep 2023,1976,1975,7.81291,-6.79977,1995
ETERNAL,11,Q3 FY24,Oct-Dec 2023,2042,2041,3.60453,8.62818,2061
ETERNAL,12,Q4 FY24,Jan-Mar 2024,2104,2103,-3.69889,-11.474,2123
ETERNAL,13,Q1 FY25,Apr-Jun 2024,2160,2159,1.78276,6.12331,2179
ETERNAL,14,Q2 FY25,Jul-Sep 2024,2216,2216,3.15327,2.21864,2236
ETERNAL,15,Q3 FY25,Oct-Dec 2024,2277,2276,-4.24751,-8.13043,2296
ETERNAL,16,Q4 FY25,Jan-Mar 2025,2345,2344,0.709857,0.0564762,2364
ETERNAL,17,Q1 FY26,Apr-Jun 2025,2401,2401,10.4611,8.96392,2421
ETERNAL,18,Q2 FY26,Jul-Sep 2025,2461,2461,-1.9817,-11.431,2481
ETERNAL,19,Q3 FY26,Oct-Dec 2025,2526,2526,-3.20706,-2.15444,2546
ETERNAL,20,Q4 FY26,Jan-Mar 2026,2590,2590,-0.378919,1.2472,2610
ETERNAL,21,Q1 FY27,Apr-Jun 2026,2648,2648,1.47716,12.7109,2668
FEDERALBNK,0,Q4 FY21,Jan-Mar 2021,1362,1361,0.713868,-1.35677,1381
FEDERALBNK,1,Q1 FY22,Apr-Jun 2021,1410,1409,1.16277,-12.4112,1429
FEDERALBNK,2,Q2 FY22,Jul-Sep 2021,1472,1471,7.96031,-7.35554,1491
FEDERALBNK,3,Q3 FY22,Oct-Dec 2021,1537,1536,3.43343,5.88529,1556
FEDERALBNK,4,Q4 FY22,Jan-Mar 2022,1604,1603,-1.61267,-2.09726,1623
FEDERALBNK,5,Q1 FY23,Apr-Jun 2022,1654,1653,0.901053,0.680565,1673
FEDERALBNK,6,Q2 FY23,Jul-Sep 2022,1715,1714,3.3564,-2.67434,1734
FEDERALBNK,7,Q3 FY23,Oct-Dec 2022,1779,1778,1.6801,-7.71518,1798
FEDERALBNK,8,Q4 FY23,Jan-Mar 2023,1851,1850,-7.33401,-3.82647,1870
FEDERALBNK,9,Q1 FY24,Apr-Jun 2023,1899,1898,-5.73852,5.21143,1918
FEDERALBNK,10,Q2 FY24,Jul-Sep 2023,1963,1962,-0.471226,4.38889,1982
FEDERALBNK,11,Q3 FY24,Oct-Dec 2023,2026,2025,-1.83005,0.705573,2045
FEDERALBNK,12,Q4 FY24,Jan-Mar 2024,2097,2096,3.12926,-3.87887,2116
FEDERALBNK,13,Q1 FY25,Apr-Jun 2024,2154,2153,1.91963,-0.59162,2173
FEDERALBNK,14,Q2 FY25,Jul-Sep 2024,2220,2220,7.96768,7.41593,2240
FEDERALBNK,15,Q3 FY25,Oct-Dec 2024,2282,2282,-4.24428,0.205853,2302
FEDERALBNK,16,Q4 FY25,Jan-Mar 2025,2344,2344,-3.61045,4.86742,2364
FEDERALBNK,17,Q1 FY26,Apr-Jun 2025,2411,2410,-0.436721,-1.61296,2430
FEDERALBNK,18,Q2 FY26,Jul-Sep 2025,2463,2462,6.40308,7.53002,2482
FEDERALBNK,19,Q3 FY26,Oct-Dec 2025,2523,2522,9.36742,7.54786,2542
FEDERALBNK,20,Q4 FY26,Jan-Mar 2026,2591,2590,-2.77134,4.08027,2610
FEDERALBNK,21,Q1 FY27,Apr-Jun 2026,2645,2644,5.77204,0.528746,2664
FORCEMOT,12,Q4 FY24,Jan-Mar 2024,2094,2094,-2.00971,-15.7292,2114
FORCEMOT,13,Q1 FY25,Apr-Jun 2024,2158,2157,8.16382,-14.0393,2177
FORCEMOT,14,Q2 FY25,Jul-Sep 2024,2221,2221,20.5144,-9.18277,2241
FORCEMOT,15,Q3 FY25,Oct-Dec 2024,2293,2293,1.35595,16.4201,2313
FORCEMOT,16,Q4 FY25,Jan-Mar 2025,2341,2341,-2.81828,20.3373,2361
FORCEMOT,17,Q1 FY26,Apr-Jun 2025,2403,2403,12.3468,6.32775,2423
FORCEMOT,18,Q2 FY26,Jul-Sep 2025,2475,2475,-0.409803,-6.86274,2495
FORCEMOT,19,Q3 FY26,Oct-Dec 2025,2536,2536,5.60421,5.85895,2556
FORCEMOT,20,Q4 FY26,Jan-Mar 2026,2591,2591,-4.4064,-2.46156,2611
FORCEMOT,21,Q1 FY27,Apr-Jun 2026,2653,2653,1.36232,-0.448655,2673
FORTIS,0,Q4 FY21,Jan-Mar 2021,1372,1371,-2.01806,2.94844,1391
FORTIS,1,Q1 FY22,Apr-Jun 2021,1425,1425,8.75866,0.667295,1445
FORTIS,2,Q2 FY22,Jul-Sep 2021,1486,1486,7.40711,6.66585,1506
FORTIS,3,Q3 FY22,Oct-Dec 2021,1549,1549,2.98447,-1.73171,1569
FORTIS,4,Q4 FY22,Jan-Mar 2022,1617,1617,-2.41025,2.93322,1637
FORTIS,5,Q1 FY23,Apr-Jun 2022,1669,1669,1.06308,5.73928,1689
FORTIS,6,Q2 FY23,Jul-Sep 2022,1733,1733,7.76478,-6.16588,1753
FORTIS,7,Q3 FY23,Oct-Dec 2022,1797,1797,-3.23415,0.513068,1817
FORTIS,8,Q4 FY23,Jan-Mar 2023,1863,1863,-0.143247,4.48959,1883
FORTIS,9,Q1 FY24,Apr-Jun 2023,1915,1915,-4.72459,3.49499,1935
FORTIS,10,Q2 FY24,Jul-Sep 2023,1981,1981,-0.794063,0.587048,2001
FORTIS,11,Q3 FY24,Oct-Dec 2023,2041,2041,-1.5728,-17.1127,2061
FORTIS,12,Q4 FY24,Jan-Mar 2024,2112,2112,-1.4361,2.44865,2132
FORTIS,13,Q1 FY25,Apr-Jun 2024,2163,2163,-3.41431,11.9152,2183
FORTIS,14,Q2 FY25,Jul-Sep 2024,2229,2229,0.544079,12.311,2249
FORTIS,15,Q3 FY25,Oct-Dec 2024,2292,2292,-2.79602,3.65986,2312
FORTIS,16,Q4 FY25,Jan-Mar 2025,2357,2357,-1.57026,12.9437,2377
FORTIS,17,Q1 FY26,Apr-Jun 2025,2413,2413,2.92297,5.94327,2433
FORTIS,18,Q2 FY26,Jul-Sep 2025,2477,2477,-2.47706,-11.5573,2497
FORTIS,19,Q3 FY26,Oct-Dec 2025,2543,2543,-0.940023,-2.25114,2563
FORTIS,20,Q4 FY26,Jan-Mar 2026,2607,2607,-0.281041,1.04421,2627
FORTIS,21,Q1 FY27,Apr-Jun 2026,2659,2659,4.08591,-2.51165,2679
GAIL,0,Q4 FY21,Jan-Mar 2021,1379,1378,-2.55262,-9.22873,1398
GAIL,1,Q1 FY22,Apr-Jun 2021,1419,1418,0.130936,-3.16592,1438
GAIL,2,Q2 FY22,Jul-Sep 2021,1477,1476,1.98883,-8.90231,1496
GAIL,3,Q3 FY22,Oct-Dec 2021,1543,1542,2.403,12.949,1562
GAIL,4,Q4 FY22,Jan-Mar 2022,1619,1618,-6.68295,-3.25338,1638
GAIL,5,Q1 FY23,Apr-Jun 2022,1668,1667,-0.46179,-1.94878,1687
GAIL,6,Q2 FY23,Jul-Sep 2022,1729,1728,-2.56573,1.97188,1748
GAIL,7,Q3 FY23,Oct-Dec 2022,1788,1787,-4.48936,11.1412,1807
GAIL,8,Q4 FY23,Jan-Mar 2023,1860,1859,-3.16965,-2.18406,1879
GAIL,9,Q1 FY24,Apr-Jun 2023,1911,1911,1.15205,-1.57481,1931
GAIL,10,Q2 FY24,Jul-Sep 2023,1973,1972,0.994225,0.0253494,1992
GAIL,11,Q3 FY24,Oct-Dec 2023,2034,2033,2.03612,4.25761,2053
GAIL,12,Q4 FY24,Jan-Mar 2024,2107,2106,-3.55584,8.03229,2126
GAIL,13,Q1 FY25,Apr-Jun 2024,2158,2158,2.71121,-4.56456,2178
GAIL,14,Q2 FY25,Jul-Sep 2024,2226,2226,5.25114,-0.0781381,2246
GAIL,15,Q3 FY25,Oct-Dec 2024,2285,2284,0.770923,-1.60171,2304
GAIL,16,Q4 FY25,Jan-Mar 2025,2352,2352,0.782084,5.69212,2372
GAIL,17,Q1 FY26,Apr-Jun 2025,2406,2406,0.732949,-5.13689,2426
GAIL,18,Q2 FY26,Jul-Sep 2025,2471,2470,0.421627,-5.78533,2490
GAIL,19,Q3 FY26,Oct-Dec 2025,2533,2532,-0.955394,2.9548,2552
GAIL,20,Q4 FY26,Jan-Mar 2026,2606,2606,2.8507,8.66454,2626
GAIL,21,Q1 FY27,Apr-Jun 2026,2655,2654,4.21879,-4.84602,2674
GLENMARK,0,Q4 FY21,Jan-Mar 2021,1371,1371,-3.4385,11.0941,1391
GLENMARK,1,Q1 FY22,Apr-Jun 2021,1425,1425,0.877605,-11.6494,1445
GLENMARK,2,Q2 FY22,Jul-Sep 2021,1486,1486,2.2444,1.07516,1506
GLENMARK,3,Q3 FY22,Oct-Dec 2021,1549,1549,0.773577,-6.09324,1569
GLENMARK,4,Q4 FY22,Jan-Mar 2022,1619,1619,1.01342,-0.798377,1639
GLENMARK,5,Q1 FY23,Apr-Jun 2022,1671,1671,2.79015,-1.39062,1691
GLENMARK,6,Q2 FY23,Jul-Sep 2022,1733,1733,4.19806,-2.18254,1753
GLENMARK,7,Q3 FY23,Oct-Dec 2022,1797,1797,6.02384,2.48523,1817
GLENMARK,8,Q4 FY23,Jan-Mar 2023,1861,1861,-3.54106,3.26834,1881
GLENMARK,9,Q1 FY24,Apr-Jun 2023,1920,1920,-0.493891,-0.79968,1940
GLENMARK,10,Q2 FY24,Jul-Sep 2023,1981,1981,-2.44421,-2.5495,2001
GLENMARK,11,Q3 FY24,Oct-Dec 2023,2046,2046,1.31326,14.6284,2066
GLENMARK,12,Q4 FY24,Jan-Mar 2024,2113,2113,8.16239,4.94816,2133
GLENMARK,13,Q1 FY25,Apr-Jun 2024,2169,2169,3.35671,8.67788,2189
GLENMARK,14,Q2 FY25,Jul-Sep 2024,2233,2233,-2.79115,-1.85331,2253
GLENMARK,15,Q3 FY25,Oct-Dec 2024,2297,2297,3.7039,8.44413,2317
GLENMARK,16,Q4 FY25,Jan-Mar 2025,2360,2360,-2.71492,21.3169,2380
GLENMARK,17,Q1 FY26,Apr-Jun 2025,2419,2419,-4.4552,3.76739,2439
GLENMARK,18,Q2 FY26,Jul-Sep 2025,2480,2480,-1.8076,6.19107,2500
GLENMARK,19,Q3 FY26,Oct-Dec 2025,2532,2532,-1.80935,8.71644,2552
GLENMARK,20,Q4 FY26,Jan-Mar 2026,2611,2611,-2.53836,-1.92543,2631
GLENMARK,21,Q1 FY27,Apr-Jun 2026,2655,2655,-1.77689,14.0116,2675
GMRAIRPORT,0,Q4 FY21,Jan-Mar 2021,1386,1386,9.17181,-2.14104,1406
GMRAIRPORT,1,Q1 FY22,Apr-Jun 2021,1425,1425,2.64665,6.18409,1445
GMRAIRPORT,2,Q2 FY22,Jul-Sep 2021,1486,1486,-3.7231,10.8755,1506
GMRAIRPORT,3,Q3 FY22,Oct-Dec 2021,1547,1547,-2.2039,-1.98037,1567
GMRAIRPORT,4,Q4 FY22,Jan-Mar 2022,1611,1611,-1.25677,3.23597,1631
GMRAIRPORT,5,Q1 FY23,Apr-Jun 2022,1664,1664,-4.92622,5.34946,1684
GMRAIRPORT,6,Q2 FY23,Jul-Sep 2022,1738,1737,0.197613,11.1883,1757
GMRAIRPORT,7,Q3 FY23,Oct-Dec 2022,1799,1799,0.175661,14.4425,1819
GMRAIRPORT,8,Q4 FY23,Jan-Mar 2023,1867,1866,-10.4257,3.94136,1886
GMRAIRPORT,9,Q1 FY24,Apr-Jun 2023,1921,1921,-0.251198,11.4614,1941
GMRAIRPORT,10,Q2 FY24,Jul-Sep 2023,1972,1972,0.228765,5.10925,1992
GMRAIRPORT,11,Q3 FY24,Oct-Dec 2023,2036,2036,1.08727,4.87957,2056
GMRAIRPORT,12,Q4 FY24,Jan-Mar 2024,2116,2116,-5.88751,12.381,2136
GMRAIRPORT,13,Q1 FY25,Apr-Jun 2024,2169,2168,-2.21354,-3.9063,2188
GMRAIRPORT,14,Q2 FY25,Jul-Sep 2024,2218,2218,-3.58784,1.68149,2238
GMRAIRPORT,15,Q3 FY25,Oct-Dec 2024,2283,2283,-0.615215,0.566531,2303
GMRAIRPORT,16,Q4 FY25,Jan-Mar 2025,2360,2359,-3.33887,-7.82416,2379
GMRAIRPORT,17,Q1 FY26,Apr-Jun 2025,2407,2407,-0.557972,-2.47356,2427
GMRAIRPORT,18,Q2 FY26,Jul-Sep 2025,2479,2479,0.0690999,8.53404,2499
GMRAIRPORT,19,Q3 FY26,Oct-Dec 2025,2543,2543,6.07111,-1.98421,2563
GMRAIRPORT,20,Q4 FY26,Jan-Mar 2026,2610,2610,4.08917,7.32433,2630
GMRAIRPORT,21,Q1 FY27,Apr-Jun 2026,2663,2663,-1.31844,-1.61548,2683
GODFRYPHLP,0,Q4 FY21,Jan-Mar 2021,1391,1390,5.12575,3.85819,1410
GODFRYPHLP,1,Q1 FY22,Apr-Jun 2021,1425,1424,2.23605,-9.94957,1444
GODFRYPHLP,2,Q2 FY22,Jul-Sep 2021,1478,1477,-3.4256,0.854614,1497
GODFRYPHLP,3,Q3 FY22,Oct-Dec 2021,1540,1539,-3.17875,-5.0873,1559
GODFRYPHLP,4,Q4 FY22,Jan-Mar 2022,1620,1619,-4.79905,-6.50565,1639
GODFRYPHLP,5,Q1 FY23,Apr-Jun 2022,1665,1664,2.85386,-8.01389,1684
GODFRYPHLP,6,Q2 FY23,Jul-Sep 2022,1734,1733,6.10872,12.1879,1753
GODFRYPHLP,7,Q3 FY23,Oct-Dec 2022,1787,1787,-3.18605,-5.95287,1807
GODFRYPHLP,8,Q4 FY23,Jan-Mar 2023,1867,1866,-2.98105,-8.55711,1886
GODFRYPHLP,9,Q1 FY24,Apr-Jun 2023,1908,1908,11.3091,15.0198,1928
GODFRYPHLP,10,Q2 FY24,Jul-Sep 2023,1976,1975,-9.00553,-9.76867,1995
GODFRYPHLP,11,Q3 FY24,Oct-Dec 2023,2034,2034,-1.03138,21.5565,2054
GODFRYPHLP,12,Q4 FY24,Jan-Mar 2024,2117,2116,0.263388,0.476437,2136
GODFRYPHLP,13,Q1 FY25,Apr-Jun 2024,2164,2164,-0.766325,71.5246,2184
GODFRYPHLP,14,Q2 FY25,Jul-Sep 2024,2230,2229,-0.861543,-11.8334,2249
GODFRYPHLP,15,Q3 FY25,Oct-Dec 2024,2296,2296,20.4431,3.77441,2316
GODFRYPHLP,16,Q4 FY25,Jan-Mar 2025,2354,2354,-4.82741,-3.08589,2374
GODFRYPHLP,17,Q1 FY26,Apr-Jun 2025,2411,2411,10.2143,5.51467,2431
GODFRYPHLP,18,Q2 FY26,Jul-Sep 2025,2472,2472,-2.1911,-9.20842,2492
GODFRYPHLP,19,Q3 FY26,Oct-Dec 2025,2532,2532,-0.024144,4.60173,2552
GODFRYPHLP,20,Q4 FY26,Jan-Mar 2026,2602,2602,-4.56355,-4.4452,2622
GODFRYPHLP,21,Q1 FY27,Apr-Jun 2026,2651,2651,-8.06259,2.27077,2671
GODREJCP,0,Q4 FY21,Jan-Mar 2021,1359,1359,22.9111,-5.6071,1379
GODREJCP,1,Q1 FY22,Apr-Jun 2021,1418,1417,-3.5615,7.80867,1437
GODREJCP,2,Q2 FY22,Jul-Sep 2021,1485,1484,-1.87012,1.2223,1504
GODREJCP,3,Q3 FY22,Oct-Dec 2021,1546,1545,-1.59615,-14.7047,1565
GODREJCP,4,Q4 FY22,Jan-Mar 2022,1613,1613,-7.56482,1.61514,1633
GODREJCP,5,Q1 FY23,Apr-Jun 2022,1667,1666,-0.587293,2.07554,1686
GODREJCP,6,Q2 FY23,Jul-Sep 2022,1731,1730,-1.19968,8.00045,1750
GODREJCP,7,Q3 FY23,Oct-Dec 2022,1789,1788,0.970798,3.12854,1808
GODREJCP,8,Q4 FY23,Jan-Mar 2023,1854,1854,2.19245,5.8236,1874
GODREJCP,9,Q1 FY24,Apr-Jun 2023,1916,1916,-1.92674,0.0372966,1936
GODREJCP,10,Q2 FY24,Jul-Sep 2023,1974,1974,0.934066,-2.47466,1994
GODREJCP,11,Q3 FY24,Oct-Dec 2023,2036,2036,7.89072,-1.06405,2056
GODREJCP,12,Q4 FY24,Jan-Mar 2024,2099,2099,6.40001,3.84799,2119
GODREJCP,13,Q1 FY25,Apr-Jun 2024,2164,2164,-1.91041,-4.44521,2184
GODREJCP,14,Q2 FY25,Jul-Sep 2024,2218,2218,3.77617,-4.01794,2238
GODREJCP,15,Q3 FY25,Oct-Dec 2024,2281,2281,0.811797,-6.46244,2301
GODREJCP,16,Q4 FY25,Jan-Mar 2025,2347,2347,-0.454542,-2.42286,2367
GODREJCP,17,Q1 FY26,Apr-Jun 2025,2414,2414,-1.832,2.8834,2434
GODREJCP,18,Q2 FY26,Jul-Sep 2025,2471,2471,5.20348,-4.98891,2491
GODREJCP,19,Q3 FY26,Oct-Dec 2025,2528,2528,-5.86719,2.03871,2548
GODREJCP,20,Q4 FY26,Jan-Mar 2026,2595,2595,-5.23779,0.222371,2615
GODREJCP,21,Q1 FY27,Apr-Jun 2026,2660,2659,-2.26885,-13.6421,2679
GODREJPROP,0,Q4 FY21,Jan-Mar 2021,1353,1352,-4.30703,-2.50354,1372
GODREJPROP,1,Q1 FY22,Apr-Jun 2021,1417,1416,-1.4345,-11.827,1436
GODREJPROP,2,Q2 FY22,Jul-Sep 2021,1479,1478,0.421003,-11.2811,1498
GODREJPROP,3,Q3 FY22,Oct-Dec 2021,1543,1542,-5.18001,-4.59675,1562
GODREJPROP,4,Q4 FY22,Jan-Mar 2022,1602,1601,-1.96446,-10.6621,1621
GODREJPROP,5,Q1 FY23,Apr-Jun 2022,1666,1665,-3.21514,-4.20907,1685
GODREJPROP,6,Q2 FY23,Jul-Sep 2022,1731,1730,-6.93347,9.90902,1750
GODREJPROP,7,Q3 FY23,Oct-Dec 2022,1791,1790,-0.00542049,-1.03044,1810
GODREJPROP,8,Q4 FY23,Jan-Mar 2023,1849,1848,0.303447,2.19046,1868
GODREJPROP,9,Q1 FY24,Apr-Jun 2023,1913,1912,-0.854095,0.553341,1932
GODREJPROP,10,Q2 FY24,Jul-Sep 2023,1975,1974,2.35066,3.19853,1994
GODREJPROP,11,Q3 FY24,Oct-Dec 2023,2040,2039,-1.69082,6.15965,2059
GODREJPROP,12,Q4 FY24,Jan-Mar 2024,2098,2097,2.22188,7.88923,2117
GODREJPROP,13,Q1 FY25,Apr-Jun 2024,2159,2158,0.832735,-11.6898,2178
GODREJPROP,14,Q2 FY25,Jul-Sep 2024,2217,2216,2.09612,-1.45288,2236
GODREJPROP,15,Q3 FY25,Oct-Dec 2024,2289,2288,1.40295,-7.2563,2308
GODREJPROP,16,Q4 FY25,Jan-Mar 2025,2345,2345,-1.80827,1.76751,2365
GODREJPROP,17,Q1 FY26,Apr-Jun 2025,2410,2409,-1.66745,-3.58867,2429
GODREJPROP,18,Q2 FY26,Jul-Sep 2025,2474,2473,-3.99533,-7.25557,2493
GODREJPROP,19,Q3 FY26,Oct-Dec 2025,2537,2536,-0.76267,3.31832,2556
GODREJPROP,20,Q4 FY26,Jan-Mar 2026,2593,2592,3.01271,-6.80196,2612
GODREJPROP,21,Q1 FY27,Apr-Jun 2026,2657,2656,-2.04119,-0.46269,2676
GRASIM,0,Q4 FY21,Jan-Mar 2021,1367,1367,0.23202,5.1193,1387
GRASIM,1,Q1 FY22,Apr-Jun 2021,1425,1424,-0.698204,2.52797,1444
GRASIM,2,Q2 FY22,Jul-Sep 2021,1486,1486,-0.176913,-2.88006,1506
GRASIM,3,Q3 FY22,Oct-Dec 2021,1550,1549,-0.867853,-3.72264,1569
GRASIM,4,Q4 FY22,Jan-Mar 2022,1616,1616,-1.32293,0.139801,1636
GRASIM,5,Q1 FY23,Apr-Jun 2022,1673,1672,1.18763,8.19385,1692
GRASIM,6,Q2 FY23,Jul-Sep 2022,1734,1733,2.45622,2.90384,1753
GRASIM,7,Q3 FY23,Oct-Dec 2022,1799,1798,-1.97932,1.97003,1818
GRASIM,8,Q4 FY23,Jan-Mar 2023,1866,1865,-1.73968,0.748493,1885
GRASIM,9,Q1 FY24,Apr-Jun 2023,1919,1918,-0.376064,-0.353944,1938
GRASIM,10,Q2 FY24,Jul-Sep 2023,1983,1983,-0.409833,0.567522,2003
GRASIM,11,Q3 FY24,Oct-Dec 2023,2042,2042,5.10792,-0.515857,2062
GRASIM,12,Q4 FY24,Jan-Mar 2024,2111,2111,-0.932829,-1.81933,2131
GRASIM,13,Q1 FY25,Apr-Jun 2024,2166,2165,0.0655936,3.0137,2185
GRASIM,14,Q2 FY25,Jul-Sep 2024,2233,2233,0.0658591,-0.481947,2253
GRASIM,15,Q3 FY25,Oct-Dec 2024,2293,2293,2.06085,-1.10849,2313
GRASIM,16,Q4 FY25,Jan-Mar 2025,2359,2359,-1.55755,0.957313,2379
GRASIM,17,Q1 FY26,Apr-Jun 2025,2415,2414,-0.952207,1.801,2434
GRASIM,18,Q2 FY26,Jul-Sep 2025,2474,2473,-5.968,-0.932134,2493
GRASIM,19,Q3 FY26,Oct-Dec 2025,2540,2540,-0.793184,0.069732,2560
GRASIM,20,Q4 FY26,Jan-Mar 2026,2605,2604,1.04949,3.70503,2624
GRASIM,21,Q1 FY27,Apr-Jun 2026,2663,2662,-0.287361,3.87473,2682
GVT&D,0,Q4 FY21,Jan-Mar 2021,1380,1380,-0.499798,3.87602,1400
GVT&D,1,Q1 FY22,Apr-Jun 2021,1425,1425,-1.47028,-4.75697,1445
GVT&D,2,Q2 FY22,Jul-Sep 2021,1484,1484,-1.96624,-0.545957,1504
GVT&D,3,Q3 FY22,Oct-Dec 2021,1542,1542,-0.97327,-19.7508,1562
GVT&D,4,Q4 FY22,Jan-Mar 2022,1614,1614,-2.87467,-1.51395,1634
GVT&D,5,Q1 FY23,Apr-Jun 2022,1672,1672,3.72021,5.80285,1692
GVT&D,6,Q2 FY23,Jul-Sep 2022,1730,1729,-4.2887,-3.35042,1749
GVT&D,7,Q3 FY23,Oct-Dec 2022,1796,1796,1.37609,1.37261,1816
GVT&D,8,Q4 FY23,Jan-Mar 2023,1863,1863,-4.64205,5.95197,1883
GVT&D,9,Q1 FY24,Apr-Jun 2023,1917,1917,4.66911,16.4072,1937
GVT&D,10,Q2 FY24,Jul-Sep 2023,1979,1979,0.648726,2.43145,1999
GVT&D,11,Q3 FY24,Oct-Dec 2023,2039,2039,4.27531,25.1142,2059
GVT&D,12,Q4 FY24,Jan-Mar 2024,2110,2110,4.67612,5.90026,2130
GVT&D,13,Q1 FY25,Apr-Jun 2024,2159,2159,4.76037,2.06259,2179
GVT&D,14,Q2 FY25,Jul-Sep 2024,2229,2229,5.02695,8.07786,2249
GVT&D,15,Q3 FY25,Oct-Dec 2024,2290,2290,0.959424,-12.7868,2310
GVT&D,16,Q4 FY25,Jan-Mar 2025,2360,2360,9.40397,12.1733,2380
GVT&D,17,Q1 FY26,Apr-Jun 2025,2407,2407,4.86039,8.73856,2427
GVT&D,18,Q2 FY26,Jul-Sep 2025,2472,2471,4.24471,-11.106,2491
GVT&D,19,Q3 FY26,Oct-Dec 2025,2530,2530,8.4052,20.5738,2550
GVT&D,20,Q4 FY26,Jan-Mar 2026,2603,2603,-0.802377,15.5145,2623
GVT&D,21,Q1 FY27,Apr-Jun 2026,2658,2658,-1.02795,2.98765,2678
HAL,0,Q4 FY21,Jan-Mar 2021,1392,1392,-0.194877,5.95094,1412
HAL,1,Q1 FY22,Apr-Jun 2021,1425,1424,-2.41433,24.3301,1444
HAL,2,Q2 FY22,Jul-Sep 2021,1485,1485,0.302112,-3.3977,1505
HAL,3,Q3 FY22,Oct-Dec 2021,1548,1547,-1.99049,4.6281,1567
HAL,4,Q4 FY22,Jan-Mar 2022,1609,1608,-0.301223,22.7102,1628
HAL,5,Q1 FY23,Apr-Jun 2022,1673,1672,0.032225,12.3159,1692
HAL,6,Q2 FY23,Jul-Sep 2022,1733,1732,0.191093,8.93081,1752
HAL,7,Q3 FY23,Oct-Dec 2022,1796,1795,-1.18175,21.0096,1815
HAL,8,Q4 FY23,Jan-Mar 2023,1856,1855,-1.56828,24.1626,1875
HAL,9,Q1 FY24,Apr-Jun 2023,1920,1919,0.570277,4.77072,1939
HAL,10,Q2 FY24,Jul-Sep 2023,1981,1980,1.22876,27.503,2000
HAL,11,Q3 FY24,Oct-Dec 2023,2044,2044,2.10124,9.0781,2064
HAL,12,Q4 FY24,Jan-Mar 2024,2107,2106,9.15876,6.33246,2126
HAL,13,Q1 FY25,Apr-Jun 2024,2169,2168,-0.863053,-5.58627,2188
HAL,14,Q2 FY25,Jul-Sep 2024,2233,2232,0.60731,9.59329,2252
HAL,15,Q3 FY25,Oct-Dec 2024,2295,2294,-1.40022,-2.69689,2314
HAL,16,Q4 FY25,Jan-Mar 2025,2353,2353,0.428053,2.56857,2373
HAL,17,Q1 FY26,Apr-Jun 2025,2417,2416,-0.401475,1.78042,2436
HAL,18,Q2 FY26,Jul-Sep 2025,2478,2477,-3.05031,-9.11408,2497
HAL,19,Q3 FY26,Oct-Dec 2025,2542,2541,1.1917,4.41313,2561
HAL,20,Q4 FY26,Jan-Mar 2026,2601,2600,-1.41047,-8.73972,2620
HAL,21,Q1 FY27,Apr-Jun 2026,2663,2662,1.89797,4.22066,2682
HAVELLS,0,Q4 FY21,Jan-Mar 2021,1365,1365,-5.91411,-6.44036,1385
HAVELLS,1,Q1 FY22,Apr-Jun 2021,1409,1408,3.09902,3.42412,1428
HAVELLS,2,Q2 FY22,Jul-Sep 2021,1470,1470,-8.11009,11.3211,1490
HAVELLS,3,Q3 FY22,Oct-Dec 2021,1534,1534,-4.45931,-0.923893,1554
HAVELLS,4,Q4 FY22,Jan-Mar 2022,1609,1609,-0.296103,-11.1774,1629
HAVELLS,5,Q1 FY23,Apr-Jun 2022,1657,1657,2.24817,-2.93378,1677
HAVELLS,6,Q2 FY23,Jul-Sep 2022,1718,1718,-3.40658,-1.34339,1738
HAVELLS,7,Q3 FY23,Oct-Dec 2022,1782,1781,0.536856,2.69561,1801
HAVELLS,8,Q4 FY23,Jan-Mar 2023,1849,1848,1.59951,2.91192,1868
HAVELLS,9,Q1 FY24,Apr-Jun 2023,1904,1903,-1.90549,-1.24333,1923
HAVELLS,10,Q2 FY24,Jul-Sep 2023,1966,1966,-4.70041,-2.10475,1986
HAVELLS,11,Q3 FY24,Oct-Dec 2023,2031,2031,-1.58796,6.11876,2051
HAVELLS,12,Q4 FY24,Jan-Mar 2024,2096,2096,0.027578,12.2746,2116
HAVELLS,13,Q1 FY25,Apr-Jun 2024,2150,2149,-1.44307,1.78803,2169
HAVELLS,14,Q2 FY25,Jul-Sep 2024,2213,2212,-6.01,-5.42252,2232
HAVELLS,15,Q3 FY25,Oct-Dec 2024,2275,2275,1.48944,-2.54063,2295
HAVELLS,16,Q4 FY25,Jan-Mar 2025,2338,2338,-3.83483,-3.98276,2358
HAVELLS,17,Q1 FY26,Apr-Jun 2025,2401,2401,3.18746,-0.636517,2421
HAVELLS,18,Q2 FY26,Jul-Sep 2025,2462,2462,-0.927462,-3.84014,2482
HAVELLS,19,Q3 FY26,Oct-Dec 2025,2524,2524,-5.58597,4.59043,2544
HAVELLS,20,Q4 FY26,Jan-Mar 2026,2586,2585,2.30527,-7.3388,2605
HAVELLS,21,Q1 FY27,Apr-Jun 2026,2645,2644,0.340122,9.1934,2664
HCLTECH,0,Q4 FY21,Jan-Mar 2021,1347,1347,-3.81126,-3.72402,1367
HCLTECH,1,Q1 FY22,Apr-Jun 2021,1407,1407,-1.53585,10.079,1427
HCLTECH,2,Q2 FY22,Jul-Sep 2021,1467,1467,-3.13305,-2.16248,1487
HCLTECH,3,Q3 FY22,Oct-Dec 2021,1530,1530,-6.1535,-1.94603,1550
HCLTECH,4,Q4 FY22,Jan-Mar 2022,1594,1594,1.52792,-2.02496,1614
HCLTECH,5,Q1 FY23,Apr-Jun 2022,1651,1651,-0.512477,-5.73957,1671
HCLTECH,6,Q2 FY23,Jul-Sep 2022,1713,1713,3.79977,4.17546,1733
HCLTECH,7,Q3 FY23,Oct-Dec 2022,1777,1777,0.0228736,4.30008,1797
HCLTECH,8,Q4 FY23,Jan-Mar 2023,1841,1841,1.10588,2.84205,1861
HCLTECH,9,Q1 FY24,Apr-Jun 2023,1898,1898,-0.309507,1.63349,1918
HCLTECH,10,Q2 FY24,Jul-Sep 2023,1961,1961,2.84415,1.4841,1981
HCLTECH,11,Q3 FY24,Oct-Dec 2023,2024,2024,2.14961,6.47634,2044
HCLTECH,12,Q4 FY24,Jan-Mar 2024,2094,2094,-6.86225,-3.17113,2114
HCLTECH,13,Q1 FY25,Apr-Jun 2024,2147,2147,0.257415,3.28942,2167
HCLTECH,14,Q2 FY25,Jul-Sep 2024,2210,2210,1.04609,4.83192,2230
HCLTECH,15,Q3 FY25,Oct-Dec 2024,2272,2272,-9.22963,-5.2816,2292
HCLTECH,16,Q4 FY25,Jan-Mar 2025,2338,2338,7.04089,1.2927,2358
HCLTECH,17,Q1 FY26,Apr-Jun 2025,2396,2396,-3.74921,-1.4849,2416
HCLTECH,18,Q2 FY26,Jul-Sep 2025,2458,2458,0.371282,3.97685,2478
HCLTECH,19,Q3 FY26,Oct-Dec 2025,2520,2520,0.0687843,-7.6718,2540
HCLTECH,20,Q4 FY26,Jan-Mar 2026,2585,2585,-10.0097,-6.14331,2605
HCLTECH,21,Q1 FY27,Apr-Jun 2026,2641,2641,-3.8063,15.2862,2661
HDFCAMC,0,Q4 FY21,Jan-Mar 2021,1349,1349,-3.50785,-1.97952,1369
HDFCAMC,1,Q1 FY22,Apr-Jun 2021,1406,1405,0.273968,-8.69799,1425
HDFCAMC,2,Q2 FY22,Jul-Sep 2021,1473,1473,-1.96459,-3.41691,1493
HDFCAMC,3,Q3 FY22,Oct-Dec 2021,1536,1535,-2.00895,-3.08367,1555
HDFCAMC,4,Q4 FY22,Jan-Mar 2022,1598,1598,-2.11538,-6.80747,1618
HDFCAMC,5,Q1 FY23,Apr-Jun 2022,1659,1658,-1.89809,8.36346,1678
HDFCAMC,6,Q2 FY23,Jul-Sep 2022,1718,1717,1.20472,0.163954,1737
HDFCAMC,7,Q3 FY23,Oct-Dec 2022,1785,1784,-1.85288,-4.26859,1804
HDFCAMC,8,Q4 FY23,Jan-Mar 2023,1844,1843,-1.0048,-4.24422,1863
HDFCAMC,9,Q1 FY24,Apr-Jun 2023,1906,1905,0.287927,1.49457,1925
HDFCAMC,10,Q2 FY24,Jul-Sep 2023,1961,1960,0.387882,2.38504,1980
HDFCAMC,11,Q3 FY24,Oct-Dec 2023,2023,2022,2.29,3.22883,2042
HDFCAMC,12,Q4 FY24,Jan-Mar 2024,2089,2089,-2.49873,3.22251,2109
HDFCAMC,13,Q1 FY25,Apr-Jun 2024,2148,2147,0.313367,0.525755,2167
HDFCAMC,14,Q2 FY25,Jul-Sep 2024,2211,2210,1.91079,1.22499,2230
HDFCAMC,15,Q3 FY25,Oct-Dec 2024,2273,2272,0.405119,-0.696719,2292
HDFCAMC,16,Q4 FY25,Jan-Mar 2025,2336,2336,4.58422,4.53797,2356
HDFCAMC,17,Q1 FY26,Apr-Jun 2025,2399,2398,3.32234,1.56724,2418
HDFCAMC,18,Q2 FY26,Jul-Sep 2025,2460,2459,2.33089,-8.40556,2479
HDFCAMC,19,Q3 FY26,Oct-Dec 2025,2522,2521,3.01095,10.4737,2541
HDFCAMC,20,Q4 FY26,Jan-Mar 2026,2582,2582,4.24267,-3.10216,2602
HDFCAMC,21,Q1 FY27,Apr-Jun 2026,2643,2642,2.49925,-10.249,2662
HDFCBANK,0,Q4 FY21,Jan-Mar 2021,1344,1343,0.630262,-1.42809,1363
HDFCBANK,1,Q1 FY22,Apr-Jun 2021,1407,1406,-2.29918,-2.50609,1426
HDFCBANK,2,Q2 FY22,Jul-Sep 2021,1468,1467,-1.76863,-4.73586,1487
HDFCBANK,3,Q3 FY22,Oct-Dec 2021,1531,1530,-1.81736,4.97665,1550
HDFCBANK,4,Q4 FY22,Jan-Mar 2022,1591,1590,-3.01607,-0.512679,1610
HDFCBANK,5,Q1 FY23,Apr-Jun 2022,1655,1654,-2.4933,1.81497,1674
HDFCBANK,6,Q2 FY23,Jul-Sep 2022,1717,1716,-1.19839,7.17138,1736
HDFCBANK,7,Q3 FY23,Oct-Dec 2022,1779,1778,-0.6151,5.38063,1798
HDFCBANK,8,Q4 FY23,Jan-Mar 2023,1838,1837,-0.844871,-4.4346,1857
HDFCBANK,9,Q1 FY24,Apr-Jun 2023,1901,1900,1.34071,-2.64551,1920
HDFCBANK,10,Q2 FY24,Jul-Sep 2023,1963,1963,0.354197,-1.70103,1983
HDFCBANK,11,Q3 FY24,Oct-Dec 2023,2026,2026,-6.34639,-9.59983,2046
HDFCBANK,12,Q4 FY24,Jan-Mar 2024,2090,2089,-2.1025,-4.39378,2109
HDFCBANK,13,Q1 FY25,Apr-Jun 2024,2152,2151,2.28138,-1.06885,2171
HDFCBANK,14,Q2 FY25,Jul-Sep 2024,2215,2214,3.07913,5.87883,2234
HDFCBANK,15,Q3 FY25,Oct-Dec 2024,2279,2278,0.872318,4.3284,2298
HDFCBANK,16,Q4 FY25,Jan-Mar 2025,2337,2336,-0.0784382,-2.94743,2356
HDFCBANK,17,Q1 FY26,Apr-Jun 2025,2401,2400,1.71208,-0.0312714,2420
HDFCBANK,18,Q2 FY26,Jul-Sep 2025,2463,2462,-0.47858,-1.6432,2482
HDFCBANK,19,Q3 FY26,Oct-Dec 2025,2524,2523,0.079954,-0.606412,2543
HDFCBANK,20,Q4 FY26,Jan-Mar 2026,2584,2583,-0.60272,-1.08332,2603
HDFCBANK,21,Q1 FY27,Apr-Jun 2026,2646,2645,-4.73077,-6.45277,2665
HDFCLIFE,0,Q4 FY21,Jan-Mar 2021,1348,1348,-4.80841,-7.40844,1368
HDFCLIFE,1,Q1 FY22,Apr-Jun 2021,1407,1406,-1.69115,-6.84372,1426
HDFCLIFE,2,Q2 FY22,Jul-Sep 2021,1472,1471,-0.199446,4.04912,1491
HDFCLIFE,3,Q3 FY22,Oct-Dec 2021,1535,1534,-0.444233,-6.93794,1554
HDFCLIFE,4,Q4 FY22,Jan-Mar 2022,1597,1597,0.544033,10.6468,1617
HDFCLIFE,5,Q1 FY23,Apr-Jun 2022,1656,1655,-1.64327,-0.40051,1675
HDFCLIFE,6,Q2 FY23,Jul-Sep 2022,1720,1719,0.8139,-4.16905,1739
HDFCLIFE,7,Q3 FY23,Oct-Dec 2022,1783,1782,-1.98585,-12.9716,1802
HDFCLIFE,8,Q4 FY23,Jan-Mar 2023,1845,1845,-3.15604,8.19934,1865
HDFCLIFE,9,Q1 FY24,Apr-Jun 2023,1905,1904,-0.908048,-1.64223,1924
HDFCLIFE,10,Q2 FY24,Jul-Sep 2023,1962,1961,0.313039,1.40561,1981
HDFCLIFE,11,Q3 FY24,Oct-Dec 2023,2024,2023,-2.13643,-8.20103,2043
HDFCLIFE,12,Q4 FY24,Jan-Mar 2024,2088,2087,0.86019,-7.99111,2107
HDFCLIFE,13,Q1 FY25,Apr-Jun 2024,2148,2147,0.0482882,9.17925,2167
HDFCLIFE,14,Q2 FY25,Jul-Sep 2024,2211,2210,-3.27697,2.68975,2230
HDFCLIFE,15,Q3 FY25,Oct-Dec 2024,2274,2274,7.51869,-0.766483,2294
HDFCLIFE,16,Q4 FY25,Jan-Mar 2025,2336,2336,-2.23855,2.57894,2356
HDFCLIFE,17,Q1 FY26,Apr-Jun 2025,2397,2397,-0.183409,5.08254,2417
HDFCLIFE,18,Q2 FY26,Jul-Sep 2025,2460,2460,-3.43788,2.01507,2480
HDFCLIFE,19,Q3 FY26,Oct-Dec 2025,2523,2522,-1.54501,-4.01134,2542
HDFCLIFE,20,Q4 FY26,Jan-Mar 2026,2582,2582,-3.03123,1.02358,2602
HDFCLIFE,21,Q1 FY27,Apr-Jun 2026,2643,2643,-0.178318,-6.54832,2663
HEROMOTOCO,0,Q4 FY21,Jan-Mar 2021,1356,1356,-2.47,0.428323,1376
HEROMOTOCO,1,Q1 FY22,Apr-Jun 2021,1424,1424,-1.39273,-2.28013,1444
HEROMOTOCO,2,Q2 FY22,Jul-Sep 2021,1486,1486,0.343153,-3.44456,1506
HEROMOTOCO,3,Q3 FY22,Oct-Dec 2021,1548,1548,0.745718,-10.9588,1568
HEROMOTOCO,4,Q4 FY22,Jan-Mar 2022,1602,1601,-0.834272,15.3755,1621
HEROMOTOCO,5,Q1 FY23,Apr-Jun 2022,1673,1673,1.27685,0.223321,1693
HEROMOTOCO,6,Q2 FY23,Jul-Sep 2022,1729,1729,0.769084,4.3647,1749
HEROMOTOCO,7,Q3 FY23,Oct-Dec 2022,1794,1794,-2.27823,-4.95586,1814
HEROMOTOCO,8,Q4 FY23,Jan-Mar 2023,1850,1850,2.32569,10.9857,1870
HEROMOTOCO,9,Q1 FY24,Apr-Jun 2023,1919,1919,-0.65439,-1.05104,1939
HEROMOTOCO,10,Q2 FY24,Jul-Sep 2023,1974,1974,-2.06364,17.2636,1994
HEROMOTOCO,11,Q3 FY24,Oct-Dec 2023,2043,2043,-3.74505,-3.65219,2063
HEROMOTOCO,12,Q4 FY24,Jan-Mar 2024,2101,2100,3.06361,21.2151,2120
HEROMOTOCO,13,Q1 FY25,Apr-Jun 2024,2168,2168,-3.3187,9.24803,2188
HEROMOTOCO,14,Q2 FY25,Jul-Sep 2024,2233,2233,3.13719,-10.4781,2253
HEROMOTOCO,15,Q3 FY25,Oct-Dec 2024,2291,2291,1.23823,-11.5163,2311
HEROMOTOCO,16,Q4 FY25,Jan-Mar 2025,2352,2352,-0.271685,6.51215,2372
HEROMOTOCO,17,Q1 FY26,Apr-Jun 2025,2413,2413,4.06273,16.0654,2433
HEROMOTOCO,18,Q2 FY26,Jul-Sep 2025,2479,2479,0.425212,7.08197,2499
HEROMOTOCO,19,Q3 FY26,Oct-Dec 2025,2537,2537,-0.415284,1.72909,2557
HEROMOTOCO,20,Q4 FY26,Jan-Mar 2026,2594,2594,-0.0466262,-1.80662,2614
HEROMOTOCO,21,Q1 FY27,Apr-Jun 2026,2659,2659,3.40912,-4.68473,2679
HINDALCO,0,Q4 FY21,Jan-Mar 2021,1379,1378,-0.520832,1.17796,1398
HINDALCO,1,Q1 FY22,Apr-Jun 2021,1420,1419,0.131728,-0.888885,1439
HINDALCO,2,Q2 FY22,Jul-Sep 2021,1486,1485,1.93415,1.85912,1505
HINDALCO,3,Q3 FY22,Oct-Dec 2021,1548,1547,0.0993821,13.1875,1567
HINDALCO,4,Q4 FY22,Jan-Mar 2022,1619,1618,-0.808641,-17.2324,1638
HINDALCO,5,Q1 FY23,Apr-Jun 2022,1671,1670,4.38253,-4.90671,1690
HINDALCO,6,Q2 FY23,Jul-Sep 2022,1733,1732,1.77004,6.87653,1752
HINDALCO,7,Q3 FY23,Oct-Dec 2022,1796,1795,1.72252,-6.0648,1815
HINDALCO,8,Q4 FY23,Jan-Mar 2023,1864,1863,-0.48748,0.327781,1883
HINDALCO,9,Q1 FY24,Apr-Jun 2023,1917,1916,-2.03777,4.94026,1936
HINDALCO,10,Q2 FY24,Jul-Sep 2023,1981,1980,-0.805156,0.448136,2000
HINDALCO,11,Q3 FY24,Oct-Dec 2023,2044,2044,-13.0102,0.970604,2064
HINDALCO,12,Q4 FY24,Jan-Mar 2024,2113,2112,-0.478593,-0.747313,2132
HINDALCO,13,Q1 FY25,Apr-Jun 2024,2168,2167,-0.408895,1.00338,2187
HINDALCO,14,Q2 FY25,Jul-Sep 2024,2230,2230,0.503503,-0.168963,2250
HINDALCO,15,Q3 FY25,Oct-Dec 2024,2296,2296,1.05763,15.5329,2316
HINDALCO,16,Q4 FY25,Jan-Mar 2025,2357,2356,1.71683,-3.86284,2376
HINDALCO,17,Q1 FY26,Apr-Jun 2025,2416,2416,-0.464812,9.21772,2436
HINDALCO,18,Q2 FY26,Jul-Sep 2025,2475,2474,0.321887,1.43313,2494
HINDALCO,19,Q3 FY26,Oct-Dec 2025,2541,2541,0.404577,4.65646,2561
HINDALCO,20,Q4 FY26,Jan-Mar 2026,2607,2607,-2.18256,-9.39443,2627
HINDALCO,21,Q1 FY27,Apr-Jun 2026,2660,2659,3.43955,-1.84781,2679
HINDPETRO,0,Q4 FY21,Jan-Mar 2021,1365,1365,1.90991,3.69158,1385
HINDPETRO,1,Q1 FY22,Apr-Jun 2021,1418,1418,-2.88318,-2.1829,1438
HINDPETRO,2,Q2 FY22,Jul-Sep 2021,1479,1478,-2.4978,1.76836,1498
HINDPETRO,3,Q3 FY22,Oct-Dec 2021,1540,1540,-8.56195,-2.94966,1560
HINDPETRO,4,Q4 FY22,Jan-Mar 2022,1613,1613,-0.817974,-8.18313,1633
HINDPETRO,5,Q1 FY23,Apr-Jun 2022,1670,1669,-5.38043,3.29106,1689
HINDPETRO,6,Q2 FY23,Jul-Sep 2022,1732,1731,1.34507,11.0622,1751
HINDPETRO,7,Q3 FY23,Oct-Dec 2022,1796,1796,0.529706,1.97799,1816
HINDPETRO,8,Q4 FY23,Jan-Mar 2023,1856,1856,-0.899953,4.2337,1876
HINDPETRO,9,Q1 FY24,Apr-Jun 2023,1913,1913,-1.41139,-7.71162,1933
HINDPETRO,10,Q2 FY24,Jul-Sep 2023,1977,1977,6.3404,30.008,1997
HINDPETRO,11,Q3 FY24,Oct-Dec 2023,2033,2032,-4.37788,18.4986,2052
HINDPETRO,12,Q4 FY24,Jan-Mar 2024,2102,2101,-2.69621,-1.03025,2121
HINDPETRO,13,Q1 FY25,Apr-Jun 2024,2157,2157,3.7724,1.95695,2177
HINDPETRO,14,Q2 FY25,Jul-Sep 2024,2219,2218,-7.09667,1.87675,2238
HINDPETRO,15,Q3 FY25,Oct-Dec 2024,2280,2280,-2.06694,-5.21867,2300
HINDPETRO,16,Q4 FY25,Jan-Mar 2025,2347,2347,-0.10494,1.5881,2367
HINDPETRO,17,Q1 FY26,Apr-Jun 2025,2414,2414,2.7111,-6.86036,2434
HINDPETRO,18,Q2 FY26,Jul-Sep 2025,2469,2469,0.867674,-3.86406,2489
HINDPETRO,19,Q3 FY26,Oct-Dec 2025,2526,2526,-0.840933,0.904571,2546
HINDPETRO,20,Q4 FY26,Jan-Mar 2026,2600,2599,5.31958,-5.1827,2619
HINDPETRO,21,Q1 FY27,Apr-Jun 2026,2648,2648,-2.01523,-7.21669,2668
HINDUNILVR,0,Q4 FY21,Jan-Mar 2021,1351,1350,-0.160546,-7.19831,1370
HINDUNILVR,1,Q1 FY22,Apr-Jun 2021,1409,1408,-3.55861,6.18559,1428
HINDUNILVR,2,Q2 FY22,Jul-Sep 2021,1469,1468,-3.72366,-3.28785,1488
HINDUNILVR,3,Q3 FY22,Oct-Dec 2021,1534,1534,3.5995,1.01421,1554
HINDUNILVR,4,Q4 FY22,Jan-Mar 2022,1598,1598,3.29743,9.13475,1618
HINDUNILVR,5,Q1 FY23,Apr-Jun 2022,1656,1656,0.31992,-6.33735,1676
HINDUNILVR,6,Q2 FY23,Jul-Sep 2022,1720,1720,-3.92332,-5.58109,1740
HINDUNILVR,7,Q3 FY23,Oct-Dec 2022,1782,1782,-3.36878,-0.448086,1802
HINDUNILVR,8,Q4 FY23,Jan-Mar 2023,1846,1845,-2.23631,4.16674,1865
HINDUNILVR,9,Q1 FY24,Apr-Jun 2023,1904,1904,-2.49954,0.195593,1924
HINDUNILVR,10,Q2 FY24,Jul-Sep 2023,1966,1966,-1.65992,-0.321586,1986
HINDUNILVR,11,Q3 FY24,Oct-Dec 2023,2029,2029,-3.52758,-5.52266,2049
HINDUNILVR,12,Q4 FY24,Jan-Mar 2024,2092,2092,-2.05044,4.48141,2112
HINDUNILVR,13,Q1 FY25,Apr-Jun 2024,2153,2153,-1.51435,1.1577,2173
HINDUNILVR,14,Q2 FY25,Jul-Sep 2024,2217,2217,-5.65078,-0.615772,2237
HINDUNILVR,15,Q3 FY25,Oct-Dec 2024,2279,2279,-1.12291,-1.89695,2299
HINDUNILVR,16,Q4 FY25,Jan-Mar 2025,2340,2340,1.1519,-1.34679,2360
HINDUNILVR,17,Q1 FY26,Apr-Jun 2025,2409,2409,2.10866,4.77027,2429
HINDUNILVR,18,Q2 FY26,Jul-Sep 2025,2465,2465,-2.90316,-4.3011,2485
HINDUNILVR,19,Q3 FY26,Oct-Dec 2025,2542,2541,-1.59502,-0.0701821,2561
HINDUNILVR,20,Q4 FY26,Jan-Mar 2026,2592,2591,-1.99879,-4.83892,2611
HINDUNILVR,21,Q1 FY27,Apr-Jun 2026,2652,2652,3.59742,-4.39573,2672
HINDZINC,0,Q4 FY21,Jan-Mar 2021,1349,1348,3.64009,-2.19756,1368
HINDZINC,1,Q1 FY22,Apr-Jun 2021,1409,1408,-3.01471,-9.75308,1428
HINDZINC,2,Q2 FY22,Jul-Sep 2021,1472,1471,-5.41172,4.72542,1491
HINDZINC,3,Q3 FY22,Oct-Dec 2021,1535,1534,1.96697,-1.85701,1554
HINDZINC,4,Q4 FY22,Jan-Mar 2022,1595,1594,-0.00351701,-7.77429,1614
HINDZINC,5,Q1 FY23,Apr-Jun 2022,1658,1657,0.97739,-6.67511,1677
HINDZINC,6,Q2 FY23,Jul-Sep 2022,1720,1719,0.935616,9.85818,1739
HINDZINC,7,Q3 FY23,Oct-Dec 2022,1782,1782,-6.05955,-7.99312,1802
HINDZINC,8,Q4 FY23,Jan-Mar 2023,1842,1841,-0.898356,-8.81542,1861
HINDZINC,9,Q1 FY24,Apr-Jun 2023,1905,1904,-0.375298,0.821024,1924
HINDZINC,10,Q2 FY24,Jul-Sep 2023,1967,1966,-1.42668,-1.90863,1986
HINDZINC,11,Q3 FY24,Oct-Dec 2023,2029,2028,0.247237,-3.59683,2048
HINDZINC,12,Q4 FY24,Jan-Mar 2024,2089,2088,-2.23058,53.8272,2108
HINDZINC,13,Q1 FY25,Apr-Jun 2024,2161,2160,1.82084,-26.5025,2180
HINDZINC,14,Q2 FY25,Jul-Sep 2024,2214,2213,-0.755527,3.62991,2233
HINDZINC,15,Q3 FY25,Oct-Dec 2024,2283,2282,-4.47595,-2.2919,2302
HINDZINC,16,Q4 FY25,Jan-Mar 2025,2341,2341,0.48257,-2.26676,2361
HINDZINC,17,Q1 FY26,Apr-Jun 2025,2400,2399,0.203611,-1.56256,2419
HINDZINC,18,Q2 FY26,Jul-Sep 2025,2462,2461,-1.75974,-5.63626,2481
HINDZINC,19,Q3 FY26,Oct-Dec 2025,2524,2523,3.97518,-10.4195,2543
HINDZINC,20,Q4 FY26,Jan-Mar 2026,2588,2587,0.530039,7.25682,2607
HINDZINC,21,Q1 FY27,Apr-Jun 2026,2650,2649,0.578567,9.79511,2669
HYUNDAI,14,Q2 FY25,Jul-Sep 2024,2231,2230,0.0746996,-3.08196,2250
HYUNDAI,15,Q3 FY25,Oct-Dec 2024,2283,2282,-1.73831,12.2309,2302
HYUNDAI,16,Q4 FY25,Jan-Mar 2025,2355,2355,2.39352,2.3658,2375
HYUNDAI,17,Q1 FY26,Apr-Jun 2025,2408,2407,-0.803224,19.6315,2427
HYUNDAI,18,Q2 FY26,Jul-Sep 2025,2470,2470,1.63762,-3.52689,2490
HYUNDAI,19,Q3 FY26,Oct-Dec 2025,2534,2533,-0.0249053,-1.38269,2553
HYUNDAI,20,Q4 FY26,Jan-Mar 2026,2597,2596,1.54469,6.61762,2616
HYUNDAI,21,Q1 FY27,Apr-Jun 2026,2654,2653,0.99343,12.5647,2673
ICICIBANK,0,Q4 FY21,Jan-Mar 2021,1348,1347,2.7092,5.02075,1367
ICICIBANK,1,Q1 FY22,Apr-Jun 2021,1411,1410,0.214072,-2.44097,1430
ICICIBANK,2,Q2 FY22,Jul-Sep 2021,1473,1472,10.7941,-5.76371,1492
ICICIBANK,3,Q3 FY22,Oct-Dec 2021,1536,1535,1.90477,-5.5734,1555
ICICIBANK,4,Q4 FY22,Jan-Mar 2022,1596,1595,1.87809,-0.967614,1615
ICICIBANK,5,Q1 FY23,Apr-Jun 2022,1660,1659,0.635268,3.1836,1679
ICICIBANK,6,Q2 FY23,Jul-Sep 2022,1721,1720,1.23227,-2.90167,1740
ICICIBANK,7,Q3 FY23,Oct-Dec 2022,1784,1783,-0.349115,-0.396787,1803
ICICIBANK,8,Q4 FY23,Jan-Mar 2023,1843,1842,1.47941,1.96971,1862
ICICIBANK,9,Q1 FY24,Apr-Jun 2023,1906,1905,-0.133564,-2.62978,1925
ICICIBANK,10,Q2 FY24,Jul-Sep 2023,1968,1967,1.03484,-3.01568,1987
ICICIBANK,11,Q3 FY24,Oct-Dec 2023,2030,2030,3.56113,-1.61784,2050
ICICIBANK,12,Q4 FY24,Jan-Mar 2024,2095,2094,3.71947,-3.94259,2114
ICICIBANK,13,Q1 FY25,Apr-Jun 2024,2157,2156,0.450567,0.394193,2176
ICICIBANK,14,Q2 FY25,Jul-Sep 2024,2220,2219,2.32415,0.871154,2239
ICICIBANK,15,Q3 FY25,Oct-Dec 2024,2282,2281,2.68974,0.552835,2301
ICICIBANK,16,Q4 FY25,Jan-Mar 2025,2337,2336,-0.927974,-0.299884,2356
ICICIBANK,17,Q1 FY26,Apr-Jun 2025,2401,2400,2.31562,-1.57395,2420
ICICIBANK,18,Q2 FY26,Jul-Sep 2025,2463,2462,-3.74137,-1.32855,2482
ICICIBANK,19,Q3 FY26,Oct-Dec 2025,2524,2523,-1.717,1.8653,2543
ICICIBANK,20,Q4 FY26,Jan-Mar 2026,2584,2583,0.651551,-5.4438,2603
ICICIBANK,21,Q1 FY27,Apr-Jun 2026,2646,2645,1.49456,-3.2777,2665
ICICIGI,0,Q4 FY21,Jan-Mar 2021,1344,1343,-2.21565,5.93038,1363
ICICIGI,1,Q1 FY22,Apr-Jun 2021,1409,1409,-4.02707,-3.96474,1429
ICICIGI,2,Q2 FY22,Jul-Sep 2021,1471,1471,0.0254971,0.573635,1491
ICICIGI,3,Q3 FY22,Oct-Dec 2021,1533,1533,-1.56079,-4.77992,1553
ICICIGI,4,Q4 FY22,Jan-Mar 2022,1594,1594,-4.6557,-1.79652,1614
ICICIGI,5,Q1 FY23,Apr-Jun 2022,1656,1656,-5.32614,-1.53724,1676
ICICIGI,6,Q2 FY23,Jul-Sep 2022,1717,1717,-1.1452,-4.64743,1737
ICICIGI,7,Q3 FY23,Oct-Dec 2022,1780,1780,-4.55486,-6.09876,1800
ICICIGI,8,Q4 FY23,Jan-Mar 2023,1839,1839,-4.5898,-1.17315,1859
ICICIGI,9,Q1 FY24,Apr-Jun 2023,1902,1902,0.670134,0.763811,1922
ICICIGI,10,Q2 FY24,Jul-Sep 2023,1965,1965,1.20382,4.88183,1985
ICICIGI,11,Q3 FY24,Oct-Dec 2023,2026,2026,7.92919,11.8435,2046
ICICIGI,12,Q4 FY24,Jan-Mar 2024,2088,2087,4.41381,-4.5091,2107
ICICIGI,13,Q1 FY25,Apr-Jun 2024,2151,2151,0.880219,8.07257,2171
ICICIGI,14,Q2 FY25,Jul-Sep 2024,2214,2214,0.461752,-3.96715,2234
ICICIGI,15,Q3 FY25,Oct-Dec 2024,2276,2276,-1.9468,-7.82903,2296
ICICIGI,16,Q4 FY25,Jan-Mar 2025,2334,2334,-1.0583,-4.66617,2354
ICICIGI,17,Q1 FY26,Apr-Jun 2025,2397,2397,-1.65734,-0.597182,2417
ICICIGI,18,Q2 FY26,Jul-Sep 2025,2459,2459,8.21471,-3.06839,2479
ICICIGI,19,Q3 FY26,Oct-Dec 2025,2521,2521,-1.2152,2.79113,2541
ICICIGI,20,Q4 FY26,Jan-Mar 2026,2581,2581,1.68725,-0.443166,2601
ICICIGI,21,Q1 FY27,Apr-Jun 2026,2643,2643,-10.4908,-1.08353,2663
ICICIPRULI,0,Q4 FY21,Jan-Mar 2021,1344,1344,6.16853,9.11568,1364
ICICIPRULI,1,Q1 FY22,Apr-Jun 2021,1408,1408,3.8316,0.888484,1428
ICICIPRULI,2,Q2 FY22,Jul-Sep 2021,1470,1469,-3.41071,4.07674,1489
ICICIPRULI,3,Q3 FY22,Oct-Dec 2021,1532,1532,-4.66078,-6.20885,1552
ICICIPRULI,4,Q4 FY22,Jan-Mar 2022,1591,1590,1.94069,-2.39512,1610
ICICIPRULI,5,Q1 FY23,Apr-Jun 2022,1655,1654,-0.278082,0.750826,1674
ICICIPRULI,6,Q2 FY23,Jul-Sep 2022,1716,1715,-1.44477,-13.1495,1735
ICICIPRULI,7,Q3 FY23,Oct-Dec 2022,1780,1780,-0.0946722,-11.3626,1800
ICICIPRULI,8,Q4 FY23,Jan-Mar 2023,1841,1841,-2.54326,-5.61716,1861
ICICIPRULI,9,Q1 FY24,Apr-Jun 2023,1902,1901,-1.53071,-3.5803,1921
ICICIPRULI,10,Q2 FY24,Jul-Sep 2023,1964,1964,-1.67093,4.74236,1984
ICICIPRULI,11,Q3 FY24,Oct-Dec 2023,2027,2027,-5.07454,2.62153,2047
ICICIPRULI,12,Q4 FY24,Jan-Mar 2024,2091,2091,-3.21854,-0.890231,2111
ICICIPRULI,13,Q1 FY25,Apr-Jun 2024,2153,2153,9.01621,3.95132,2173
ICICIPRULI,14,Q2 FY25,Jul-Sep 2024,2216,2216,2.25612,-5.77576,2236
ICICIPRULI,15,Q3 FY25,Oct-Dec 2024,2278,2278,-6.46805,-3.24804,2298
ICICIPRULI,16,Q4 FY25,Jan-Mar 2025,2334,2334,2.91079,-1.75507,2354
ICICIPRULI,17,Q1 FY26,Apr-Jun 2025,2397,2396,-0.883737,-5.07372,2416
ICICIPRULI,18,Q2 FY26,Jul-Sep 2025,2459,2458,1.07411,2.44146,2478
ICICIPRULI,19,Q3 FY26,Oct-Dec 2025,2522,2522,1.19541,-4.19751,2542
ICICIPRULI,20,Q4 FY26,Jan-Mar 2026,2581,2580,1.06893,-1.24774,2600
ICICIPRULI,21,Q1 FY27,Apr-Jun 2026,2643,2642,4.0968,-5.05492,2662
IDEA,0,Q4 FY21,Jan-Mar 2021,1394,1394,-8.78126,-9.36942,1414
IDEA,1,Q1 FY22,Apr-Jun 2021,1426,1425,-5.76096,44.6458,1445
IDEA,2,Q2 FY22,Jul-Sep 2021,1486,1485,3.28647,54.5428,1505
IDEA,3,Q3 FY22,Oct-Dec 2021,1535,1535,-4.93815,-0.124821,1555
IDEA,4,Q4 FY22,Jan-Mar 2022,1606,1606,-0.125515,4.61041,1626
IDEA,5,Q1 FY23,Apr-Jun 2022,1667,1667,-3.81078,2.99738,1687
IDEA,6,Q2 FY23,Jul-Sep 2022,1728,1728,-2.1114,-6.19909,1748
IDEA,7,Q3 FY23,Oct-Dec 2022,1799,1799,0.169704,-11.0556,1819
IDEA,8,Q4 FY23,Jan-Mar 2023,1865,1865,-0.25836,4.77563,1885
IDEA,9,Q1 FY24,Apr-Jun 2023,1921,1921,-3.26227,37.9174,1941
IDEA,10,Q2 FY24,Jul-Sep 2023,1970,1970,0.38778,18.5529,1990
IDEA,11,Q3 FY24,Oct-Dec 2023,2034,2034,-0.36917,6.16823,2054
IDEA,12,Q4 FY24,Jan-Mar 2024,2107,2107,0.482602,21.8152,2127
IDEA,13,Q1 FY25,Apr-Jun 2024,2167,2167,-2.51858,-18.2904,2187
IDEA,14,Q2 FY25,Jul-Sep 2024,2232,2232,-0.159892,4.03021,2252
IDEA,15,Q3 FY25,Oct-Dec 2024,2294,2294,-4.7602,-14.3512,2314
IDEA,16,Q4 FY25,Jan-Mar 2025,2365,2365,1.72737,2.45138,2385
IDEA,17,Q1 FY26,Apr-Jun 2025,2419,2419,4.04334,21.4545,2439
IDEA,18,Q2 FY26,Jul-Sep 2025,2476,2476,7.3179,4.31968,2496
IDEA,19,Q3 FY26,Oct-Dec 2025,2529,2529,0.556014,9.32509,2549
IDEA,20,Q4 FY26,Jan-Mar 2026,2603,2602,-0.722261,12.2516,2622
IDEA,21,Q1 FY27,Apr-Jun 2026,2661,2661,0.223793,23.0462,2681
IDFCFIRSTB,0,Q4 FY21,Jan-Mar 2021,1358,1357,-3.27111,1.88789,1377
IDFCFIRSTB,1,Q1 FY22,Apr-Jun 2021,1416,1415,-1.06306,-25.0153,1435
IDFCFIRSTB,2,Q2 FY22,Jul-Sep 2021,1478,1477,0.661244,-4.15339,1497
IDFCFIRSTB,3,Q3 FY22,Oct-Dec 2021,1540,1539,-1.06918,-6.79804,1559
IDFCFIRSTB,4,Q4 FY22,Jan-Mar 2022,1601,1600,-1.44999,-3.72495,1620
IDFCFIRSTB,5,Q1 FY23,Apr-Jun 2022,1665,1664,10.6582,15.994,1684
IDFCFIRSTB,6,Q2 FY23,Jul-Sep 2022,1721,1720,1.04098,-5.42307,1740
IDFCFIRSTB,7,Q3 FY23,Oct-Dec 2022,1784,1783,-0.588471,-6.315,1803
IDFCFIRSTB,8,Q4 FY23,Jan-Mar 2023,1848,1847,3.4481,9.537,1867
IDFCFIRSTB,9,Q1 FY24,Apr-Jun 2023,1911,1910,3.32289,5.63642,1930
IDFCFIRSTB,10,Q2 FY24,Jul-Sep 2023,1972,1971,-3.8037,-1.44809,1991
IDFCFIRSTB,11,Q3 FY24,Oct-Dec 2023,2030,2030,-5.1838,-4.88233,2050
IDFCFIRSTB,12,Q4 FY24,Jan-Mar 2024,2095,2094,-4.71128,-5.61242,2114
IDFCFIRSTB,13,Q1 FY25,Apr-Jun 2024,2157,2156,0.464892,-1.06548,2176
IDFCFIRSTB,14,Q2 FY25,Jul-Sep 2024,2220,2219,1.83369,-4.17515,2239
IDFCFIRSTB,15,Q3 FY25,Oct-Dec 2024,2282,2281,-7.75761,7.02031,2301
IDFCFIRSTB,16,Q4 FY25,Jan-Mar 2025,2342,2341,-0.567227,0.390336,2361
IDFCFIRSTB,17,Q1 FY26,Apr-Jun 2025,2406,2405,0.656786,-2.89771,2425
IDFCFIRSTB,18,Q2 FY26,Jul-Sep 2025,2463,2462,6.50712,2.67303,2482
IDFCFIRSTB,19,Q3 FY26,Oct-Dec 2025,2533,2532,0.101206,-11.8457,2552
IDFCFIRSTB,20,Q4 FY26,Jan-Mar 2026,2589,2588,3.70687,0.671799,2608
IDFCFIRSTB,21,Q1 FY27,Apr-Jun 2026,2651,2650,4.10111,0.260176,2670
IEX,0,Q4 FY21,Jan-Mar 2021,1361,1360,-6.04265,-9.94459,1380
IEX,1,Q1 FY22,Apr-Jun 2021,1409,1409,-0.673393,-10.1479,1429
IEX,2,Q2 FY22,Jul-Sep 2021,1471,1471,1.22504,6.86143,1491
IEX,3,Q3 FY22,Oct-Dec 2021,1536,1536,-1.31373,-11.2836,1556
IEX,4,Q4 FY22,Jan-Mar 2022,1598,1598,-3.15526,-9.03981,1618
IEX,5,Q1 FY23,Apr-Jun 2022,1660,1660,-1.85969,-3.08955,1680
IEX,6,Q2 FY23,Jul-Sep 2022,1719,1719,-4.47685,1.51597,1739
IEX,7,Q3 FY23,Oct-Dec 2022,1783,1783,1.70653,5.46801,1803
IEX,8,Q4 FY23,Jan-Mar 2023,1865,1864,-0.356025,-20.9776,1884
IEX,9,Q1 FY24,Apr-Jun 2023,1909,1908,-2.97853,5.50604,1928
IEX,10,Q2 FY24,Jul-Sep 2023,1975,1975,0.241299,6.02488,1995
IEX,11,Q3 FY24,Oct-Dec 2023,2033,2033,1.69731,2.93058,2053
IEX,12,Q4 FY24,Jan-Mar 2024,2106,2106,0.767527,15.9978,2126
IEX,13,Q1 FY25,Apr-Jun 2024,2154,2154,0.987715,5.59955,2174
IEX,14,Q2 FY25,Jul-Sep 2024,2218,2218,-1.08868,-8.15026,2238
IEX,15,Q3 FY25,Oct-Dec 2024,2280,2280,1.61032,1.0116,2300
IEX,16,Q4 FY25,Jan-Mar 2025,2340,2340,0.677008,-1.90119,2360
IEX,17,Q1 FY26,Apr-Jun 2025,2404,2404,10.4961,-1.31944,2424
IEX,18,Q2 FY26,Jul-Sep 2025,2470,2470,-2.52596,3.73039,2490
IEX,19,Q3 FY26,Oct-Dec 2025,2531,2530,-1.17842,-0.140476,2550
IEX,20,Q4 FY26,Jan-Mar 2026,2587,2587,-1.7693,2.97032,2607
IEX,21,Q1 FY27,Apr-Jun 2026,2649,2649,2.33053,-2.48937,2669
INDHOTEL,0,Q4 FY21,Jan-Mar 2021,1352,1352,-0.37959,15.9391,1372
INDHOTEL,1,Q1 FY22,Apr-Jun 2021,1421,1421,-0.587829,-3.82528,1441
INDHOTEL,2,Q2 FY22,Jul-Sep 2021,1471,1471,-3.99914,4.64642,1491
INDHOTEL,3,Q3 FY22,Oct-Dec 2021,1541,1541,-2.97519,-1.30057,1561
INDHOTEL,4,Q4 FY22,Jan-Mar 2022,1598,1598,3.55915,-3.71067,1618
INDHOTEL,5,Q1 FY23,Apr-Jun 2022,1670,1670,-1.015,14.7929,1690
INDHOTEL,6,Q2 FY23,Jul-Sep 2022,1732,1732,-8.67733,3.87676,1752
INDHOTEL,7,Q3 FY23,Oct-Dec 2022,1789,1789,8.7978,-2.64235,1809
INDHOTEL,8,Q4 FY23,Jan-Mar 2023,1846,1846,-1.10171,9.10728,1866
INDHOTEL,9,Q1 FY24,Apr-Jun 2023,1909,1909,1.81094,2.2796,1929
INDHOTEL,10,Q2 FY24,Jul-Sep 2023,1971,1970,-1.07427,8.34386,1990
INDHOTEL,11,Q3 FY24,Oct-Dec 2023,2037,2037,0.381418,15.6309,2057
INDHOTEL,12,Q4 FY24,Jan-Mar 2024,2092,2092,-5.80727,-2.99548,2112
INDHOTEL,13,Q1 FY25,Apr-Jun 2024,2151,2151,7.43382,-1.45062,2171
INDHOTEL,14,Q2 FY25,Jul-Sep 2024,2228,2228,7.39183,12.5028,2248
INDHOTEL,15,Q3 FY25,Oct-Dec 2024,2276,2276,-3.11205,-8.66152,2296
INDHOTEL,16,Q4 FY25,Jan-Mar 2025,2346,2346,-5.72174,0.354043,2366
INDHOTEL,17,Q1 FY26,Apr-Jun 2025,2399,2399,2.19444,1.58005,2419
INDHOTEL,18,Q2 FY26,Jul-Sep 2025,2473,2473,-5.87277,2.61571,2493
INDHOTEL,19,Q3 FY26,Oct-Dec 2025,2542,2542,-0.39709,-4.26943,2562
INDHOTEL,20,Q4 FY26,Jan-Mar 2026,2598,2598,-2.23578,5.66149,2618
INDHOTEL,21,Q1 FY27,Apr-Jun 2026,2647,2647,-0.131117,-0.548858,2667
INDIANB,0,Q4 FY21,Jan-Mar 2021,1371,1371,-2.77723,8.97983,1391
INDIANB,1,Q1 FY22,Apr-Jun 2021,1407,1406,1.90632,-15.1289,1426
INDIANB,2,Q2 FY22,Jul-Sep 2021,1476,1475,-6.05459,-13.4878,1495
INDIANB,3,Q3 FY22,Oct-Dec 2021,1545,1544,-3.91156,-1.96152,1564
INDIANB,4,Q4 FY22,Jan-Mar 2022,1607,1607,-2.28489,13.4379,1627
INDIANB,5,Q1 FY23,Apr-Jun 2022,1665,1664,-0.464648,8.23655,1684
INDIANB,6,Q2 FY23,Jul-Sep 2022,1728,1727,3.02796,8.63547,1747
INDIANB,7,Q3 FY23,Oct-Dec 2022,1786,1785,1.93859,-2.57871,1805
INDIANB,8,Q4 FY23,Jan-Mar 2023,1852,1851,-6.08292,-13.3483,1871
INDIANB,9,Q1 FY24,Apr-Jun 2023,1909,1908,0.659556,22.3394,1928
INDIANB,10,Q2 FY24,Jul-Sep 2023,1970,1969,-0.656756,-1.96419,1989
INDIANB,11,Q3 FY24,Oct-Dec 2023,2032,2031,-1.79934,15.8706,2051
INDIANB,12,Q4 FY24,Jan-Mar 2024,2099,2098,-2.09516,10.3593,2118
INDIANB,13,Q1 FY25,Apr-Jun 2024,2157,2156,0.992473,-7.27036,2176
INDIANB,14,Q2 FY25,Jul-Sep 2024,2220,2219,9.96704,1.72376,2239
INDIANB,15,Q3 FY25,Oct-Dec 2024,2284,2283,5.0549,-1.51878,2303
INDIANB,16,Q4 FY25,Jan-Mar 2025,2346,2345,2.82682,11.0546,2365
INDIANB,17,Q1 FY26,Apr-Jun 2025,2404,2403,5.06997,3.54153,2423
INDIANB,18,Q2 FY26,Jul-Sep 2025,2461,2460,-1.5818,13.773,2480
INDIANB,19,Q3 FY26,Oct-Dec 2025,2527,2526,4.9055,2.76207,2546
INDIANB,20,Q4 FY26,Jan-Mar 2026,2591,2590,-3.05153,-2.25451,2610
INDIANB,21,Q1 FY27,Apr-Jun 2026,2640,2639,8.75881,0.656524,2659
INDIGO,0,Q4 FY21,Jan-Mar 2021,1377,1376,-0.462458,-0.496547,1396
INDIGO,1,Q1 FY22,Apr-Jun 2021,1412,1412,-1.95845,-1.08537,1432
INDIGO,2,Q2 FY22,Jul-Sep 2021,1476,1476,9.91094,-8.52376,1496
INDIGO,3,Q3 FY22,Oct-Dec 2021,1544,1544,11.6428,-19.3539,1564
INDIGO,4,Q4 FY22,Jan-Mar 2022,1617,1617,9.46296,-6.92615,1637
INDIGO,5,Q1 FY23,Apr-Jun 2022,1667,1667,0.513451,0.203299,1687
INDIGO,6,Q2 FY23,Jul-Sep 2022,1729,1729,-1.58233,6.28923,1749
INDIGO,7,Q3 FY23,Oct-Dec 2022,1792,1792,-0.745593,-10.1181,1812
INDIGO,8,Q4 FY23,Jan-Mar 2023,1860,1860,-0.310193,3.75727,1880
INDIGO,9,Q1 FY24,Apr-Jun 2023,1913,1913,-3.84024,-0.638353,1933
INDIGO,10,Q2 FY24,Jul-Sep 2023,1976,1976,1.05466,3.38002,1996
INDIGO,11,Q3 FY24,Oct-Dec 2023,2038,2038,1.78433,-3.14455,2058
INDIGO,12,Q4 FY24,Jan-Mar 2024,2112,2112,-3.22643,-1.14008,2132
INDIGO,13,Q1 FY25,Apr-Jun 2024,2156,2156,-1.20902,6.19425,2176
INDIGO,14,Q2 FY25,Jul-Sep 2024,2219,2219,-8.68605,6.55094,2239
INDIGO,15,Q3 FY25,Oct-Dec 2024,2281,2281,1.47432,8.16817,2301
INDIGO,16,Q4 FY25,Jan-Mar 2025,2358,2358,1.58099,-4.96173,2378
INDIGO,17,Q1 FY26,Apr-Jun 2025,2408,2408,3.3192,-3.49046,2428
INDIGO,18,Q2 FY26,Jul-Sep 2025,2473,2473,1.33702,-6.55985,2493
INDIGO,19,Q3 FY26,Oct-Dec 2025,2527,2527,-3.21188,1.10423,2547
INDIGO,20,Q4 FY26,Jan-Mar 2026,2611,2611,1.79782,18.4825,2631
INDIGO,21,Q1 FY27,Apr-Jun 2026,2649,2649,-0.338448,0.468801,2669
INDUSINDBK,0,Q4 FY21,Jan-Mar 2021,1352,1352,-2.30439,4.12902,1372
INDUSINDBK,1,Q1 FY22,Apr-Jun 2021,1412,1412,1.97233,-5.02273,1432
INDUSINDBK,2,Q2 FY22,Jul-Sep 2021,1475,1475,4.8699,-19.3578,1495
INDUSINDBK,3,Q3 FY22,Oct-Dec 2021,1540,1539,-4.87178,8.72129,1559
INDUSINDBK,4,Q4 FY22,Jan-Mar 2022,1600,1600,4.23727,-5.73111,1620
INDUSINDBK,5,Q1 FY23,Apr-Jun 2022,1657,1657,7.31354,6.17489,1677
INDUSINDBK,6,Q2 FY23,Jul-Sep 2022,1718,1718,-5.0925,-5.19943,1738
INDUSINDBK,7,Q3 FY23,Oct-Dec 2022,1781,1781,-1.51911,-6.24714,1801
INDUSINDBK,8,Q4 FY23,Jan-Mar 2023,1843,1842,-1.96264,10.9483,1862
INDUSINDBK,9,Q1 FY24,Apr-Jun 2023,1902,1902,1.6827,-0.82845,1922
INDUSINDBK,10,Q2 FY24,Jul-Sep 2023,1965,1965,2.34804,2.77069,1985
INDUSINDBK,11,Q3 FY24,Oct-Dec 2023,2028,2028,-3.9578,-7.27617,2048
INDUSINDBK,12,Q4 FY24,Jan-Mar 2024,2093,2093,-2.65561,-0.993041,2113
INDUSINDBK,13,Q1 FY25,Apr-Jun 2024,2156,2156,0.536316,-2.73636,2176
INDUSINDBK,14,Q2 FY25,Jul-Sep 2024,2218,2218,-17.7323,-3.12887,2238
INDUSINDBK,15,Q3 FY25,Oct-Dec 2024,2286,2286,1.94782,3.28743,2306
INDUSINDBK,16,Q4 FY25,Jan-Mar 2025,2358,2358,2.7758,5.94206,2378
INDUSINDBK,17,Q1 FY26,Apr-Jun 2025,2406,2406,0.198734,-6.33184,2426
INDUSINDBK,18,Q2 FY26,Jul-Sep 2025,2463,2462,0.646632,9.69936,2482
INDUSINDBK,19,Q3 FY26,Oct-Dec 2025,2528,2528,-0.248297,0.658649,2548
INDUSINDBK,20,Q4 FY26,Jan-Mar 2026,2588,2588,5.3411,4.3146,2608
INDUSINDBK,21,Q1 FY27,Apr-Jun 2026,2648,2648,-5.43873,-1.26899,2668
INDUSTOWER,0,Q4 FY21,Jan-Mar 2021,1346,1346,-2.69859,-9.99496,1366
INDUSTOWER,1,Q1 FY22,Apr-Jun 2021,1414,1414,0.165184,-9.88609,1434
INDUSTOWER,2,Q2 FY22,Jul-Sep 2021,1473,1473,-3.24953,9.46163,1493
INDUSTOWER,3,Q3 FY22,Oct-Dec 2021,1538,1538,1.45016,-12.6178,1558
INDUSTOWER,4,Q4 FY22,Jan-Mar 2022,1603,1603,0.0434699,0.277866,1623
INDUSTOWER,5,Q1 FY23,Apr-Jun 2022,1666,1666,-6.12718,-4.91478,1686
INDUSTOWER,6,Q2 FY23,Jul-Sep 2022,1723,1723,-2.11399,4.09308,1743
INDUSTOWER,7,Q3 FY23,Oct-Dec 2022,1785,1785,-6.11357,11.6908,1805
INDUSTOWER,8,Q4 FY23,Jan-Mar 2023,1845,1845,0.724201,4.88485,1865
INDUSTOWER,9,Q1 FY24,Apr-Jun 2023,1909,1909,-1.06591,0.926017,1929
INDUSTOWER,10,Q2 FY24,Jul-Sep 2023,1969,1969,-0.938946,4.18505,1989
INDUSTOWER,11,Q3 FY24,Oct-Dec 2023,2031,2031,4.90593,-5.64622,2051
INDUSTOWER,12,Q4 FY24,Jan-Mar 2024,2096,2096,-0.713194,-1.90212,2116
INDUSTOWER,13,Q1 FY25,Apr-Jun 2024,2158,2158,-3.43262,2.28884,2178
INDUSTOWER,14,Q2 FY25,Jul-Sep 2024,2216,2216,-2.48166,-5.39911,2236
INDUSTOWER,15,Q3 FY25,Oct-Dec 2024,2280,2280,0.855852,-6.52182,2300
INDUSTOWER,16,Q4 FY25,Jan-Mar 2025,2344,2344,-7.13123,-0.380695,2364
INDUSTOWER,17,Q1 FY26,Apr-Jun 2025,2408,2408,-5.07067,-5.92282,2428
INDUSTOWER,18,Q2 FY26,Jul-Sep 2025,2467,2467,4.04709,4.0674,2487
INDUSTOWER,19,Q3 FY26,Oct-Dec 2025,2534,2534,-0.984372,5.70223,2554
INDUSTOWER,20,Q4 FY26,Jan-Mar 2026,2592,2592,-2.87348,9.85633,2612
INDUSTOWER,21,Q1 FY27,Apr-Jun 2026,2651,2651,-1.45299,0.0247271,2671
INFY,0,Q4 FY21,Jan-Mar 2021,1342,1341,-3.13375,-4.64726,1361
INFY,1,Q1 FY22,Apr-Jun 2021,1404,1404,-0.195786,4.51362,1424
INFY,2,Q2 FY22,Jul-Sep 2021,1466,1466,-0.590254,5.41072,1486
INFY,3,Q3 FY22,Oct-Dec 2021,1528,1528,0.781094,-4.41321,1548
INFY,4,Q4 FY22,Jan-Mar 2022,1590,1590,-5.54362,-1.02532,1610
INFY,5,Q1 FY23,Apr-Jun 2022,1660,1659,0.349778,-3.60163,1679
INFY,6,Q2 FY23,Jul-Sep 2022,1714,1714,2.82064,1.03723,1734
INFY,7,Q3 FY23,Oct-Dec 2022,1777,1777,1.00579,5.27716,1797
INFY,8,Q4 FY23,Jan-Mar 2023,1837,1837,-8.74314,-2.79675,1857
INFY,9,Q1 FY24,Apr-Jun 2023,1904,1904,-6.96187,7.32192,1924
INFY,10,Q2 FY24,Jul-Sep 2023,1961,1961,-2.12693,-1.85937,1981
INFY,11,Q3 FY24,Oct-Dec 2023,2023,2023,6.79137,5.4481,2043
INFY,12,Q4 FY24,Jan-Mar 2024,2089,2088,-1.25085,0.692907,2108
INFY,13,Q1 FY25,Apr-Jun 2024,2150,2150,3.07362,3.83717,2170
INFY,14,Q2 FY25,Jul-Sep 2024,2213,2213,-4.91773,2.00813,2233
INFY,15,Q3 FY25,Oct-Dec 2024,2275,2275,-5.39377,2.27171,2295
INFY,16,Q4 FY25,Jan-Mar 2025,2336,2336,1.07074,5.23906,2356
INFY,17,Q1 FY26,Apr-Jun 2025,2403,2403,-0.771574,-3.4207,2423
INFY,18,Q2 FY26,Jul-Sep 2025,2461,2461,-2.55272,2.36474,2481
INFY,19,Q3 FY26,Oct-Dec 2025,2522,2522,5.51368,-18.1097,2542
INFY,20,Q4 FY26,Jan-Mar 2026,2587,2587,-5.79409,0.644222,2607
INFY,21,Q1 FY27,Apr-Jun 2026,2649,2649,-0.192634,5.65656,2669
INOXWIND,0,Q4 FY21,Jan-Mar 2021,1391,1391,-4.96622,48.2073,1411
INOXWIND,1,Q1 FY22,Apr-Jun 2021,1425,1425,0.343194,-25.0261,1445
INOXWIND,2,Q2 FY22,Jul-Sep 2021,1467,1467,-1.41364,6.87468,1487
INOXWIND,3,Q3 FY22,Oct-Dec 2021,1549,1549,-5.31717,-7.18428,1569
INOXWIND,4,Q4 FY22,Jan-Mar 2022,1619,1619,-1.71561,-0.976072,1639
INOXWIND,5,Q1 FY23,Apr-Jun 2022,1673,1673,-6.29602,40.1139,1693
INOXWIND,6,Q2 FY23,Jul-Sep 2022,1748,1748,-1.91327,-9.84717,1768
INOXWIND,7,Q3 FY23,Oct-Dec 2022,1797,1797,-0.702153,19.3661,1817
INOXWIND,8,Q4 FY23,Jan-Mar 2023,1866,1866,14.1641,11.7602,1886
INOXWIND,9,Q1 FY24,Apr-Jun 2023,1911,1910,-0.240253,-1.15663,1930
INOXWIND,10,Q2 FY24,Jul-Sep 2023,1971,1971,6.05907,22.5579,1991
INOXWIND,11,Q3 FY24,Oct-Dec 2023,2043,2043,-3.19915,-2.16652,2063
INOXWIND,12,Q4 FY24,Jan-Mar 2024,2098,2098,-1.46869,-2.38783,2118
INOXWIND,13,Q1 FY25,Apr-Jun 2024,2166,2166,19.7822,12.9583,2186
INOXWIND,14,Q2 FY25,Jul-Sep 2024,2219,2219,4.28256,-11.8651,2239
INOXWIND,15,Q3 FY25,Oct-Dec 2024,2286,2286,2.06314,-10.4576,2306
INOXWIND,16,Q4 FY25,Jan-Mar 2025,2365,2365,-4.80069,-8.6493,2385
INOXWIND,17,Q1 FY26,Apr-Jun 2025,2419,2419,1.1628,6.62337,2439
INOXWIND,18,Q2 FY26,Jul-Sep 2025,2480,2480,-2.13422,-13.8237,2500
INOXWIND,19,Q3 FY26,Oct-Dec 2025,2543,2543,-5.70968,-14.5268,2563
INOXWIND,20,Q4 FY26,Jan-Mar 2026,2611,2611,-9.16751,5.42422,2631
INOXWIND,21,Q1 FY27,Apr-Jun 2026,2660,2660,-5.82275,6.13024,2680
IOC,0,Q4 FY21,Jan-Mar 2021,1364,1363,2.07919,3.20953,1383
IOC,1,Q1 FY22,Apr-Jun 2021,1415,1414,-0.624247,-3.33799,1434
IOC,2,Q2 FY22,Jul-Sep 2021,1478,1477,1.43178,-6.34214,1497
IOC,3,Q3 FY22,Oct-Dec 2021,1540,1540,-4.12238,-2.27913,1560
IOC,4,Q4 FY22,Jan-Mar 2022,1611,1611,-4.98764,-4.12157,1631
IOC,5,Q1 FY23,Apr-Jun 2022,1664,1663,-0.101463,-5.49064,1683
IOC,6,Q2 FY23,Jul-Sep 2022,1725,1724,-1.55942,6.96611,1744
IOC,7,Q3 FY23,Oct-Dec 2022,1789,1788,-0.074792,-4.94441,1808
IOC,8,Q4 FY23,Jan-Mar 2023,1858,1857,3.93606,3.28264,1877
IOC,9,Q1 FY24,Apr-Jun 2023,1910,1909,-3.32712,-1.78642,1929
IOC,10,Q2 FY24,Jul-Sep 2023,1973,1972,1.96332,15.6842,1992
IOC,11,Q3 FY24,Oct-Dec 2023,2032,2031,2.22558,21.7113,2051
IOC,12,Q4 FY24,Jan-Mar 2024,2096,2095,-4.29934,-2.69223,2115
IOC,13,Q1 FY25,Apr-Jun 2024,2158,2157,1.33379,-5.81339,2177
IOC,14,Q2 FY25,Jul-Sep 2024,2220,2219,-0.169587,-5.19107,2239
IOC,15,Q3 FY25,Oct-Dec 2024,2282,2281,-2.04971,-2.14153,2301
IOC,16,Q4 FY25,Jan-Mar 2025,2344,2344,3.88015,-2.57367,2364
IOC,17,Q1 FY26,Apr-Jun 2025,2419,2418,-1.66337,0.976756,2438
IOC,18,Q2 FY26,Jul-Sep 2025,2467,2467,-0.323186,6.12657,2487
IOC,19,Q3 FY26,Oct-Dec 2025,2537,2536,2.24728,0.616147,2556
IOC,20,Q4 FY26,Jan-Mar 2026,2603,2603,2.55525,5.73823,2623
IOC,21,Q1 FY27,Apr-Jun 2026,2655,2655,0.916064,-0.379344,2675
IREDA,11,Q3 FY24,Oct-Dec 2023,2030,2029,10.2082,14.7036,2049
IREDA,12,Q4 FY24,Jan-Mar 2024,2089,2089,5.24313,6.8501,2109
IREDA,13,Q1 FY25,Apr-Jun 2024,2147,2147,1.55108,-15.1478,2167
IREDA,14,Q2 FY25,Jul-Sep 2024,2208,2208,-2.03701,-8.99219,2228
IREDA,15,Q3 FY25,Oct-Dec 2024,2270,2270,-6.50999,-6.9825,2290
IREDA,16,Q4 FY25,Jan-Mar 2025,2334,2334,5.16967,-8.50999,2354
IREDA,17,Q1 FY26,Apr-Jun 2025,2394,2394,-4.87253,-7.92255,2414
IREDA,18,Q2 FY26,Jul-Sep 2025,2459,2458,3.28973,-6.30228,2478
IREDA,19,Q3 FY26,Oct-Dec 2025,2519,2519,3.16311,-9.19789,2539
IREDA,20,Q4 FY26,Jan-Mar 2026,2611,2611,-4.53693,-0.149752,2631
IREDA,21,Q1 FY27,Apr-Jun 2026,2656,2656,-1.51106,-2.8387,2676
IRFC,0,Q4 FY21,Jan-Mar 2021,1402,1402,-1.39203,-5.71435,1422
IRFC,1,Q1 FY22,Apr-Jun 2021,1425,1425,-0.415479,-9.56378,1445
IRFC,2,Q2 FY22,Jul-Sep 2021,1478,1477,0.192924,-1.64018,1497
IRFC,3,Q3 FY22,Oct-Dec 2021,1548,1547,-0.379558,-0.939271,1567
IRFC,4,Q4 FY22,Jan-Mar 2022,1614,1613,-2.42181,-1.92738,1633
IRFC,5,Q1 FY23,Apr-Jun 2022,1671,1670,-0.0550639,5.32286,1690
IRFC,6,Q2 FY23,Jul-Sep 2022,1732,1732,-1.57882,25.9341,1752
IRFC,7,Q3 FY23,Oct-Dec 2022,1798,1797,-0.0189617,-5.42153,1817
IRFC,8,Q4 FY23,Jan-Mar 2023,1865,1864,-5.6608,0.0432821,1884
IRFC,9,Q1 FY24,Apr-Jun 2023,1920,1920,3.95556,59.9574,1940
IRFC,10,Q2 FY24,Jul-Sep 2023,1975,1975,-1.74083,-1.68179,1995
IRFC,11,Q3 FY24,Oct-Dec 2023,2043,2043,-12.7362,2.81497,2063
IRFC,12,Q4 FY24,Jan-Mar 2024,2110,2109,3.45843,-7.85254,2129
IRFC,13,Q1 FY25,Apr-Jun 2024,2167,2167,-0.722405,-11.9105,2187
IRFC,14,Q2 FY25,Jul-Sep 2024,2225,2225,-2.08293,-2.44095,2245
IRFC,15,Q3 FY25,Oct-Dec 2024,2277,2276,-0.261184,-15.2276,2296
IRFC,16,Q4 FY25,Jan-Mar 2025,2342,2341,-2.46835,7.76789,2361
IRFC,17,Q1 FY26,Apr-Jun 2025,2402,2402,2.48553,-6.43827,2422
IRFC,18,Q2 FY26,Jul-Sep 2025,2460,2459,-0.418969,-5.415,2479
IRFC,19,Q3 FY26,Oct-Dec 2025,2524,2523,-0.632096,-6.76554,2543
IRFC,20,Q4 FY26,Jan-Mar 2026,2601,2600,-2.45431,-4.01028,2620
IRFC,21,Q1 FY27,Apr-Jun 2026,2654,2653,-0.511691,-3.87144,2673
ITC,0,Q4 FY21,Jan-Mar 2021,1373,1373,-2.91227,-3.94719,1393
ITC,1,Q1 FY22,Apr-Jun 2021,1411,1410,-0.389219,-7.61383,1430
ITC,2,Q2 FY22,Jul-Sep 2021,1475,1475,-3.65642,2.89916,1495
ITC,3,Q3 FY22,Oct-Dec 2021,1543,1543,0.186018,5.44718,1563
ITC,4,Q4 FY22,Jan-Mar 2022,1612,1612,5.97037,-2.58473,1632
ITC,5,Q1 FY23,Apr-Jun 2022,1665,1665,0.765606,3.1403,1685
ITC,6,Q2 FY23,Jul-Sep 2022,1719,1719,-1.24274,-5.34803,1739
ITC,7,Q3 FY23,Oct-Dec 2022,1792,1792,1.22345,1.53811,1812
ITC,8,Q4 FY23,Jan-Mar 2023,1860,1859,-1.56262,3.68813,1879
ITC,9,Q1 FY24,Apr-Jun 2023,1921,1921,0.0770693,-2.38631,1941
ITC,10,Q2 FY24,Jul-Sep 2023,1966,1966,-2.2684,-1.11669,1986
ITC,11,Q3 FY24,Oct-Dec 2023,2034,2034,-1.6209,-9.28298,2054
ITC,12,Q4 FY24,Jan-Mar 2024,2112,2111,-1.30704,-7.25067,2131
ITC,13,Q1 FY25,Apr-Jun 2024,2160,2160,0.240549,2.01376,2180
ITC,14,Q2 FY25,Jul-Sep 2024,2218,2218,3.14311,-1.15555,2238
ITC,15,Q3 FY25,Oct-Dec 2024,2291,2291,-2.13987,-1.33231,2311
ITC,16,Q4 FY25,Jan-Mar 2025,2359,2359,1.40456,-5.11142,2379
ITC,17,Q1 FY26,Apr-Jun 2025,2410,2410,-0.54469,-1.19232,2430
ITC,18,Q2 FY26,Jul-Sep 2025,2470,2470,0.983956,-5.5938,2490
ITC,19,Q3 FY26,Oct-Dec 2025,2531,2531,1.50077,-1.88979,2551
ITC,20,Q4 FY26,Jan-Mar 2026,2606,2605,0.18075,-6.56301,2625
ITC,21,Q1 FY27,Apr-Jun 2026,2655,2655,0.532924,-8.17473,2675
JINDALSTEL,0,Q4 FY21,Jan-Mar 2021,1360,1360,-8.47986,-6.73053,1380
JINDALSTEL,1,Q1 FY22,Apr-Jun 2021,1422,1421,-4.36732,-7.75452,1441
JINDALSTEL,2,Q2 FY22,Jul-Sep 2021,1479,1478,-2.55787,-12.757,1498
JINDALSTEL,3,Q3 FY22,Oct-Dec 2021,1546,1546,-2.51464,17.2923,1566
JINDALSTEL,4,Q4 FY22,Jan-Mar 2022,1620,1620,-1.89048,-7.42863,1640
JINDALSTEL,5,Q1 FY23,Apr-Jun 2022,1654,1654,0.307878,6.45279,1674
JINDALSTEL,6,Q2 FY23,Jul-Sep 2022,1732,1732,3.28144,8.6001,1752
JINDALSTEL,7,Q3 FY23,Oct-Dec 2022,1789,1789,4.4923,-4.94683,1809
JINDALSTEL,8,Q4 FY23,Jan-Mar 2023,1858,1858,-4.47713,-1.56039,1878
JINDALSTEL,9,Q1 FY24,Apr-Jun 2023,1920,1920,-5.18112,0.689103,1940
JINDALSTEL,10,Q2 FY24,Jul-Sep 2023,1973,1973,-7.21763,8.63239,1993
JINDALSTEL,11,Q3 FY24,Oct-Dec 2023,2036,2036,-1.81146,3.23737,2056
JINDALSTEL,12,Q4 FY24,Jan-Mar 2024,2104,2104,3.63653,-1.60035,2124
JINDALSTEL,13,Q1 FY25,Apr-Jun 2024,2154,2154,-3.53286,0.64245,2174
JINDALSTEL,14,Q2 FY25,Jul-Sep 2024,2227,2227,0.716299,0.33423,2247
JINDALSTEL,15,Q3 FY25,Oct-Dec 2024,2285,2285,-6.88704,14.0472,2305
JINDALSTEL,16,Q4 FY25,Jan-Mar 2025,2344,2344,0.183099,4.0382,2364
JINDALSTEL,17,Q1 FY26,Apr-Jun 2025,2417,2417,-0.754172,1.96533,2437
JINDALSTEL,18,Q2 FY26,Jul-Sep 2025,2468,2468,-0.72395,-3.37591,2488
JINDALSTEL,19,Q3 FY26,Oct-Dec 2025,2532,2532,-0.694464,11.4811,2552
JINDALSTEL,20,Q4 FY26,Jan-Mar 2026,2593,2592,2.62405,-1.9622,2612
JINDALSTEL,21,Q1 FY27,Apr-Jun 2026,2650,2650,1.92526,6.8867,2670
JIOFIN,10,Q2 FY24,Jul-Sep 2023,1963,1963,-2.1168,2.13502,1983
JIOFIN,11,Q3 FY24,Oct-Dec 2023,2025,2025,-6.41557,10.5772,2045
JIOFIN,12,Q4 FY24,Jan-Mar 2024,2089,2089,2.5493,-7.38196,2109
JIOFIN,13,Q1 FY25,Apr-Jun 2024,2148,2148,-3.24428,-5.07969,2168
JIOFIN,14,Q2 FY25,Jul-Sep 2024,2214,2214,-0.66002,2.69588,2234
JIOFIN,15,Q3 FY25,Oct-Dec 2024,2276,2276,-1.79285,-17.5927,2296
JIOFIN,16,Q4 FY25,Jan-Mar 2025,2336,2336,-1.18486,7.86099,2356
JIOFIN,17,Q1 FY26,Apr-Jun 2025,2399,2399,0.161048,4.31136,2419
JIOFIN,18,Q2 FY26,Jul-Sep 2025,2461,2461,-1.38395,-1.86177,2481
JIOFIN,19,Q3 FY26,Oct-Dec 2025,2523,2522,-2.96916,-4.45753,2542
JIOFIN,20,Q4 FY26,Jan-Mar 2026,2583,2583,-2.79798,1.4334,2603
JIOFIN,21,Q1 FY27,Apr-Jun 2026,2644,2644,2.02405,2.36789,2664
JSWENERGY,0,Q4 FY21,Jan-Mar 2021,1391,1391,0.125329,64.8847,1411
JSWENERGY,1,Q1 FY22,Apr-Jun 2021,1415,1414,1.0974,-7.54831,1434
JSWENERGY,2,Q2 FY22,Jul-Sep 2021,1477,1477,-3.29562,-7.60855,1497
JSWENERGY,3,Q3 FY22,Oct-Dec 2021,1533,1532,4.28987,11.1973,1552
JSWENERGY,4,Q4 FY22,Jan-Mar 2022,1602,1601,3.6545,-13.4682,1621
JSWENERGY,5,Q1 FY23,Apr-Jun 2022,1658,1658,0.161343,29.1344,1678
JSWENERGY,6,Q2 FY23,Jul-Sep 2022,1725,1724,4.82861,-11.8783,1744
JSWENERGY,7,Q3 FY23,Oct-Dec 2022,1783,1783,-6.41237,-7.82816,1803
JSWENERGY,8,Q4 FY23,Jan-Mar 2023,1863,1863,0.965804,6.72667,1883
JSWENERGY,9,Q1 FY24,Apr-Jun 2023,1900,1900,-4.46089,19.7989,1920
JSWENERGY,10,Q2 FY24,Jul-Sep 2023,1967,1967,-1.61752,3.78865,1987
JSWENERGY,11,Q3 FY24,Oct-Dec 2023,2031,2031,-0.208715,-3.72246,2051
JSWENERGY,12,Q4 FY24,Jan-Mar 2024,2100,2100,-4.58865,7.78076,2120
JSWENERGY,13,Q1 FY25,Apr-Jun 2024,2151,2151,0.769107,-0.759495,2171
JSWENERGY,14,Q2 FY25,Jul-Sep 2024,2218,2218,0.582958,-1.7759,2238
JSWENERGY,15,Q3 FY25,Oct-Dec 2024,2283,2283,-6.70024,1.07767,2303
JSWENERGY,16,Q4 FY25,Jan-Mar 2025,2354,2354,3.54383,1.79926,2374
JSWENERGY,17,Q1 FY26,Apr-Jun 2025,2409,2409,0.159464,-0.126419,2429
JSWENERGY,18,Q2 FY26,Jul-Sep 2025,2462,2462,-3.4031,-3.00982,2482
JSWENERGY,19,Q3 FY26,Oct-Dec 2025,2528,2528,-8.37789,8.39749,2548
JSWENERGY,20,Q4 FY26,Jan-Mar 2026,2598,2598,-5.12033,8.94807,2618
JSWENERGY,21,Q1 FY27,Apr-Jun 2026,2648,2647,-0.003254,-3.50198,2667
JSWSTEEL,0,Q4 FY21,Jan-Mar 2021,1366,1366,-2.54664,-4.85841,1386
JSWSTEEL,1,Q1 FY22,Apr-Jun 2021,1410,1410,-1.61243,-6.88737,1430
JSWSTEEL,2,Q2 FY22,Jul-Sep 2021,1471,1471,-0.586908,5.697,1491
JSWSTEEL,3,Q3 FY22,Oct-Dec 2021,1535,1535,-4.01488,0.363966,1555
JSWSTEEL,4,Q4 FY22,Jan-Mar 2022,1619,1619,-3.63075,11.0647,1639
JSWSTEEL,5,Q1 FY23,Apr-Jun 2022,1659,1659,1.05267,5.41618,1679
JSWSTEEL,6,Q2 FY23,Jul-Sep 2022,1720,1720,0.33499,11.4199,1740
JSWSTEEL,7,Q3 FY23,Oct-Dec 2022,1783,1783,-1.51576,-0.276262,1803
JSWSTEEL,8,Q4 FY23,Jan-Mar 2023,1861,1861,0.939554,7.10783,1881
JSWSTEEL,9,Q1 FY24,Apr-Jun 2023,1905,1904,-0.404898,2.83507,1924
JSWSTEEL,10,Q2 FY24,Jul-Sep 2023,1967,1966,-0.997754,-1.75575,1986
JSWSTEEL,11,Q3 FY24,Oct-Dec 2023,2033,2032,0.903335,-3.37834,2052
JSWSTEEL,12,Q4 FY24,Jan-Mar 2024,2108,2108,-1.99461,-0.81393,2128
JSWSTEEL,13,Q1 FY25,Apr-Jun 2024,2151,2151,-0.01293,2.44513,2171
JSWSTEEL,14,Q2 FY25,Jul-Sep 2024,2219,2218,-0.591396,2.03585,2238
JSWSTEEL,15,Q3 FY25,Oct-Dec 2024,2281,2281,-0.265771,6.94936,2301
JSWSTEEL,16,Q4 FY25,Jan-Mar 2025,2360,2360,1.76444,-3.30257,2380
JSWSTEEL,17,Q1 FY26,Apr-Jun 2025,2400,2399,0.588999,4.75527,2419
JSWSTEEL,18,Q2 FY26,Jul-Sep 2025,2462,2461,-1.23759,-0.804483,2481
JSWSTEEL,19,Q3 FY26,Oct-Dec 2025,2528,2527,-0.261872,3.5376,2547
JSWSTEEL,20,Q4 FY26,Jan-Mar 2026,2601,2601,-1.20104,0.494237,2621
JSWSTEEL,21,Q1 FY27,Apr-Jun 2026,2645,2644,0.248472,2.51259,2664
JUBLFOOD,0,Q4 FY21,Jan-Mar 2021,1383,1382,-1.10838,-2.33198,1402
JUBLFOOD,1,Q1 FY22,Apr-Jun 2021,1409,1408,10.6974,11.7338,1428
JUBLFOOD,2,Q2 FY22,Jul-Sep 2021,1470,1469,-7.6232,-1.02068,1489
JUBLFOOD,3,Q3 FY22,Oct-Dec 2021,1542,1541,-5.19019,-7.99922,1561
JUBLFOOD,4,Q4 FY22,Jan-Mar 2022,1620,1619,7.80589,0.708476,1639
JUBLFOOD,5,Q1 FY23,Apr-Jun 2022,1663,1662,-0.51216,4.412,1682
JUBLFOOD,6,Q2 FY23,Jul-Sep 2022,1731,1730,-7.29695,-7.12121,1750
JUBLFOOD,7,Q3 FY23,Oct-Dec 2022,1790,1789,-5.98463,-2.02966,1809
JUBLFOOD,8,Q4 FY23,Jan-Mar 2023,1859,1858,3.65832,-0.414114,1878
JUBLFOOD,9,Q1 FY24,Apr-Jun 2023,1907,1906,2.02444,4.56944,1926
JUBLFOOD,10,Q2 FY24,Jul-Sep 2023,1969,1969,-2.97115,1.21467,1989
JUBLFOOD,11,Q3 FY24,Oct-Dec 2023,2036,2035,0.896596,-10.6326,2055
JUBLFOOD,12,Q4 FY24,Jan-Mar 2024,2111,2111,-2.60612,13.8774,2131
JUBLFOOD,13,Q1 FY25,Apr-Jun 2024,2166,2166,8.84185,-0.624729,2186
JUBLFOOD,14,Q2 FY25,Jul-Sep 2024,2230,2230,6.85713,2.74964,2250
JUBLFOOD,15,Q3 FY25,Oct-Dec 2024,2295,2294,-2.95463,-4.15362,2314
JUBLFOOD,16,Q4 FY25,Jan-Mar 2025,2353,2353,-3.05069,-1.63153,2373
JUBLFOOD,17,Q1 FY26,Apr-Jun 2025,2418,2418,-1.2834,-1.78573,2438
JUBLFOOD,18,Q2 FY26,Jul-Sep 2025,2479,2479,7.16918,-5.68844,2499
JUBLFOOD,19,Q3 FY26,Oct-Dec 2025,2540,2540,-1.41577,-6.6665,2560
JUBLFOOD,20,Q4 FY26,Jan-Mar 2026,2605,2605,-7.79053,-5.33702,2625
JUBLFOOD,21,Q1 FY27,Apr-Jun 2026,2664,2663,1.57735,0.152109,2683
KALYANKJIL,0,Q4 FY21,Jan-Mar 2021,1370,1369,-4.03002,13.4725,1389
KALYANKJIL,1,Q1 FY22,Apr-Jun 2021,1422,1421,-1.40589,-5.15392,1441
KALYANKJIL,2,Q2 FY22,Jul-Sep 2021,1484,1483,3.77356,-10.7199,1503
KALYANKJIL,3,Q3 FY22,Oct-Dec 2021,1543,1542,-1.63116,-1.07321,1562
KALYANKJIL,4,Q4 FY22,Jan-Mar 2022,1607,1606,5.58179,-3.44823,1626
KALYANKJIL,5,Q1 FY23,Apr-Jun 2022,1668,1667,5.74966,13.6465,1687
KALYANKJIL,6,Q2 FY23,Jul-Sep 2022,1732,1731,-3.48448,1.64024,1751
KALYANKJIL,7,Q3 FY23,Oct-Dec 2022,1794,1793,-1.59224,-0.652949,1813
KALYANKJIL,8,Q4 FY23,Jan-Mar 2023,1857,1856,-2.30139,1.52645,1876
KALYANKJIL,9,Q1 FY24,Apr-Jun 2023,1918,1917,2.47112,32.2679,1937
KALYANKJIL,10,Q2 FY24,Jul-Sep 2023,1984,1983,-3.38722,-9.35856,2003
KALYANKJIL,11,Q3 FY24,Oct-Dec 2023,2036,2035,-5.62755,7.04338,2055
KALYANKJIL,12,Q4 FY24,Jan-Mar 2024,2103,2103,-2.76686,-2.93903,2123
KALYANKJIL,13,Q1 FY25,Apr-Jun 2024,2160,2160,0.295717,12.0403,2180
KALYANKJIL,14,Q2 FY25,Jul-Sep 2024,2232,2231,-3.44793,6.29978,2251
KALYANKJIL,15,Q3 FY25,Oct-Dec 2024,2285,2285,13.0586,-2.23366,2305
KALYANKJIL,16,Q4 FY25,Jan-Mar 2025,2349,2349,2.41234,4.32112,2369
KALYANKJIL,17,Q1 FY26,Apr-Jun 2025,2414,2414,-9.68871,-7.34764,2434
KALYANKJIL,18,Q2 FY26,Jul-Sep 2025,2475,2475,-0.789881,-8.43605,2495
KALYANKJIL,19,Q3 FY26,Oct-Dec 2025,2538,2538,14.3407,-3.96746,2558
KALYANKJIL,20,Q4 FY26,Jan-Mar 2026,2597,2596,3.87781,-12.2143,2616
KALYANKJIL,21,Q1 FY27,Apr-Jun 2026,2657,2657,-3.74269,6.48375,2677
KAYNES,7,Q3 FY23,Oct-Dec 2022,1789,1789,4.90443,8.81476,1809
KAYNES,8,Q4 FY23,Jan-Mar 2023,1858,1858,17.6257,28.3482,1878
KAYNES,9,Q1 FY24,Apr-Jun 2023,1911,1911,-4.22877,16.1842,1931
KAYNES,10,Q2 FY24,Jul-Sep 2023,1973,1973,-1.70349,-0.229948,1993
KAYNES,11,Q3 FY24,Oct-Dec 2023,2035,2035,-0.827544,1.36754,2055
KAYNES,12,Q4 FY24,Jan-Mar 2024,2107,2107,19.7038,18.8439,2127
KAYNES,13,Q1 FY25,Apr-Jun 2024,2156,2156,8.09389,8.00472,2176
KAYNES,14,Q2 FY25,Jul-Sep 2024,2221,2221,1.03381,14.4799,2241
KAYNES,15,Q3 FY25,Oct-Dec 2024,2282,2282,-12.0777,-4.88249,2302
KAYNES,16,Q4 FY25,Jan-Mar 2025,2355,2354,-0.386995,-11.363,2374
KAYNES,17,Q1 FY26,Apr-Jun 2025,2408,2408,9.82026,7.5131,2428
KAYNES,18,Q2 FY26,Jul-Sep 2025,2473,2473,-4.16193,-23.7654,2493
KAYNES,19,Q3 FY26,Oct-Dec 2025,2537,2537,2.12998,6.52325,2557
KAYNES,20,Q4 FY26,Jan-Mar 2026,2600,2600,-21.332,-7.49903,2620
KAYNES,21,Q1 FY27,Apr-Jun 2026,2660,2660,-3.19643,-0.236866,2680
KEI,0,Q4 FY21,Jan-Mar 2021,1372,1371,-2.04463,11.0301,1391
KEI,1,Q1 FY22,Apr-Jun 2021,1416,1415,4.93928,-6.14217,1435
KEI,2,Q2 FY22,Jul-Sep 2021,1476,1476,0.21385,24.9077,1496
KEI,3,Q3 FY22,Oct-Dec 2021,1538,1538,-1.0953,-3.63837,1558
KEI,4,Q4 FY22,Jan-Mar 2022,1605,1605,0.592755,13.5122,1625
KEI,5,Q1 FY23,Apr-Jun 2022,1661,1661,0.179199,9.90009,1681
KEI,6,Q2 FY23,Jul-Sep 2022,1719,1719,2.4758,0.406571,1739
KEI,7,Q3 FY23,Oct-Dec 2022,1784,1784,-1.1057,12.3758,1804
KEI,8,Q4 FY23,Jan-Mar 2023,1848,1848,-2.19544,6.31088,1868
KEI,9,Q1 FY24,Apr-Jun 2023,1911,1911,-6.45014,20.1828,1931
KEI,10,Q2 FY24,Jul-Sep 2023,1973,1973,3.29209,10.5922,1993
KEI,11,Q3 FY24,Oct-Dec 2023,2031,2031,8.95631,-9.54867,2051
KEI,12,Q4 FY24,Jan-Mar 2024,2097,2097,-1.89342,5.07212,2117
KEI,13,Q1 FY25,Apr-Jun 2024,2157,2157,-0.580913,4.72026,2177
KEI,14,Q2 FY25,Jul-Sep 2024,2211,2211,-6.17701,-5.63009,2231
KEI,15,Q3 FY25,Oct-Dec 2024,2278,2278,1.73744,-16.6323,2298
KEI,16,Q4 FY25,Jan-Mar 2025,2347,2347,3.03206,9.27145,2367
KEI,17,Q1 FY26,Apr-Jun 2025,2402,2402,-1.13567,0.111681,2422
KEI,18,Q2 FY26,Jul-Sep 2025,2460,2460,-6.64372,-2.19349,2480
KEI,19,Q3 FY26,Oct-Dec 2025,2526,2526,-2.8338,18.064,2546
KEI,20,Q4 FY26,Jan-Mar 2026,2593,2593,-0.434122,6.67097,2613
KEI,21,Q1 FY27,Apr-Jun 2026,2656,2656,10.1332,-0.492255,2676
KFINTECH,7,Q3 FY23,Oct-Dec 2022,1797,1797,-1.29234,-3.67903,1817
KFINTECH,8,Q4 FY23,Jan-Mar 2023,1851,1850,-4.3486,1.2685,1870
KFINTECH,9,Q1 FY24,Apr-Jun 2023,1910,1910,-1.40931,10.8035,1930
KFINTECH,10,Q2 FY24,Jul-Sep 2023,1967,1967,-0.464041,13.2133,1987
KFINTECH,11,Q3 FY24,Oct-Dec 2023,2033,2033,1.69467,27.5922,2053
KFINTECH,12,Q4 FY24,Jan-Mar 2024,2095,2095,6.44062,-1.24843,2115
KFINTECH,13,Q1 FY25,Apr-Jun 2024,2156,2156,3.07338,43.0202,2176
KFINTECH,14,Q2 FY25,Jul-Sep 2024,2220,2220,-0.312651,21.4963,2240
KFINTECH,15,Q3 FY25,Oct-Dec 2024,2280,2280,5.99913,-23.7289,2300
KFINTECH,16,Q4 FY25,Jan-Mar 2025,2342,2342,2.43872,-16.8004,2362
KFINTECH,17,Q1 FY26,Apr-Jun 2025,2404,2404,-4.61862,-5.24909,2424
KFINTECH,18,Q2 FY26,Jul-Sep 2025,2467,2467,0.619706,-9.91563,2487
KFINTECH,19,Q3 FY26,Oct-Dec 2025,2543,2543,2.55714,-1.80309,2563
KFINTECH,20,Q4 FY26,Jan-Mar 2026,2591,2591,-7.60463,-3.0364,2611
KFINTECH,21,Q1 FY27,Apr-Jun 2026,2650,2650,9.706,1.24567,2670
KOTAKBANK,0,Q4 FY21,Jan-Mar 2021,1353,1352,-1.35605,-2.28138,1372
KOTAKBANK,1,Q1 FY22,Apr-Jun 2021,1411,1410,1.2237,-7.10742,1430
KOTAKBANK,2,Q2 FY22,Jul-Sep 2021,1474,1473,1.83115,-3.94586,1493
KOTAKBANK,3,Q3 FY22,Oct-Dec 2021,1539,1538,0.526951,0.402127,1558
KOTAKBANK,4,Q4 FY22,Jan-Mar 2022,1602,1601,2.36407,5.96904,1621
KOTAKBANK,5,Q1 FY23,Apr-Jun 2022,1660,1659,-1.19776,-1.84355,1679
KOTAKBANK,6,Q2 FY23,Jul-Sep 2022,1721,1720,-1.23876,0.00983897,1740
KOTAKBANK,7,Q3 FY23,Oct-Dec 2022,1784,1783,0.678485,-1.39132,1803
KOTAKBANK,8,Q4 FY23,Jan-Mar 2023,1848,1847,-1.32953,0.108263,1867
KOTAKBANK,9,Q1 FY24,Apr-Jun 2023,1906,1905,-3.33473,-5.66828,1925
KOTAKBANK,10,Q2 FY24,Jul-Sep 2023,1968,1967,-0.295281,-1.08222,1987
KOTAKBANK,11,Q3 FY24,Oct-Dec 2023,2030,2029,2.64291,-5.34985,2049
KOTAKBANK,12,Q4 FY24,Jan-Mar 2024,2099,2098,5.16462,2.11262,2118
KOTAKBANK,13,Q1 FY25,Apr-Jun 2024,2152,2151,-3.42788,1.96318,2171
KOTAKBANK,14,Q2 FY25,Jul-Sep 2024,2215,2214,-4.08104,1.66051,2234
KOTAKBANK,15,Q3 FY25,Oct-Dec 2024,2277,2276,8.59614,3.44086,2296
KOTAKBANK,16,Q4 FY25,Jan-Mar 2025,2347,2347,0.864968,-3.16287,2367
KOTAKBANK,17,Q1 FY26,Apr-Jun 2025,2406,2405,-6.80819,-0.171983,2425
KOTAKBANK,18,Q2 FY26,Jul-Sep 2025,2467,2466,-2.41836,-3.34994,2486
KOTAKBANK,19,Q3 FY26,Oct-Dec 2025,2529,2528,-3.84093,3.24751,2548
KOTAKBANK,20,Q4 FY26,Jan-Mar 2026,2593,2592,-3.54673,4.62696,2612
KOTAKBANK,21,Q1 FY27,Apr-Jun 2026,2646,2645,-1.63222,2.58482,2665
KPITTECH,0,Q4 FY21,Jan-Mar 2021,1350,1350,0.62014,20.3348,1370
KPITTECH,1,Q1 FY22,Apr-Jun 2021,1411,1411,0.204528,3.66526,1431
KPITTECH,2,Q2 FY22,Jul-Sep 2021,1478,1478,5.91267,52.258,1498
KPITTECH,3,Q3 FY22,Oct-Dec 2021,1541,1540,-4.97994,-3.924,1560
KPITTECH,4,Q4 FY22,Jan-Mar 2022,1598,1597,13.4393,-16.4283,1617
KPITTECH,5,Q1 FY23,Apr-Jun 2022,1661,1660,-1.02832,2.48101,1680
KPITTECH,6,Q2 FY23,Jul-Sep 2022,1718,1717,-1.76528,1.1158,1737
KPITTECH,7,Q3 FY23,Oct-Dec 2022,1789,1789,-2.40131,14.5936,1809
KPITTECH,8,Q4 FY23,Jan-Mar 2023,1845,1844,6.02975,9.82886,1864
KPITTECH,9,Q1 FY24,Apr-Jun 2023,1907,1906,-0.0608621,12.6304,1926
KPITTECH,10,Q2 FY24,Jul-Sep 2023,1972,1971,4.55042,21.767,1991
KPITTECH,11,Q3 FY24,Oct-Dec 2023,2035,2034,4.55176,5.27784,2054
KPITTECH,12,Q4 FY24,Jan-Mar 2024,2095,2094,5.50198,-1.37588,2114
KPITTECH,13,Q1 FY25,Apr-Jun 2024,2154,2153,3.57511,-2.78729,2173
KPITTECH,14,Q2 FY25,Jul-Sep 2024,2217,2216,-3.12578,-17.7886,2236
KPITTECH,15,Q3 FY25,Oct-Dec 2024,2284,2283,7.91518,-3.51385,2303
KPITTECH,16,Q4 FY25,Jan-Mar 2025,2342,2341,-0.367439,5.9627,2361
KPITTECH,17,Q1 FY26,Apr-Jun 2025,2408,2407,3.97517,-4.4262,2427
KPITTECH,18,Q2 FY26,Jul-Sep 2025,2476,2475,3.13868,0.803574,2495
KPITTECH,19,Q3 FY26,Oct-Dec 2025,2531,2530,-5.99771,-24.6173,2550
KPITTECH,20,Q4 FY26,Jan-Mar 2026,2595,2594,-4.33445,7.01759,2614
KPITTECH,21,Q1 FY27,Apr-Jun 2026,2653,2652,4.92118,-7.45706,2672
LAURUSLABS,0,Q4 FY21,Jan-Mar 2021,1351,1350,-3.70113,10.2857,1370
LAURUSLABS,1,Q1 FY22,Apr-Jun 2021,1414,1413,-2.55758,2.91405,1433
LAURUSLABS,2,Q2 FY22,Jul-Sep 2021,1476,1475,-4.3806,-2.2233,1495
LAURUSLABS,3,Q3 FY22,Oct-Dec 2021,1538,1537,-1.19724,12.8183,1557
LAURUSLABS,4,Q4 FY22,Jan-Mar 2022,1599,1598,-2.49025,4.06564,1618
LAURUSLABS,5,Q1 FY23,Apr-Jun 2022,1662,1661,5.17689,4.89206,1681
LAURUSLABS,6,Q2 FY23,Jul-Sep 2022,1720,1719,-7.66248,-9.70231,1739
LAURUSLABS,7,Q3 FY23,Oct-Dec 2022,1788,1787,-0.267973,-6.34502,1807
LAURUSLABS,8,Q4 FY23,Jan-Mar 2023,1846,1845,-3.21951,11.3935,1865
LAURUSLABS,9,Q1 FY24,Apr-Jun 2023,1909,1908,1.40473,14.6972,1928
LAURUSLABS,10,Q2 FY24,Jul-Sep 2023,1967,1966,1.56593,-8.97998,1986
LAURUSLABS,11,Q3 FY24,Oct-Dec 2023,2032,2031,-0.524222,-3.78326,2051
LAURUSLABS,12,Q4 FY24,Jan-Mar 2024,2093,2092,-2.70642,1.26839,2112
LAURUSLABS,13,Q1 FY25,Apr-Jun 2024,2155,2154,-0.130775,1.13784,2174
LAURUSLABS,14,Q2 FY25,Jul-Sep 2024,2218,2217,-0.330626,19.6745,2237
LAURUSLABS,15,Q3 FY25,Oct-Dec 2024,2281,2280,3.47829,-10.1597,2300
LAURUSLABS,16,Q4 FY25,Jan-Mar 2025,2341,2340,-2.21997,-8.89186,2360
LAURUSLABS,17,Q1 FY26,Apr-Jun 2025,2405,2404,1.0476,3.70512,2424
LAURUSLABS,18,Q2 FY26,Jul-Sep 2025,2465,2464,1.04835,4.00484,2484
LAURUSLABS,19,Q3 FY26,Oct-Dec 2025,2528,2527,2.00783,-1.83054,2547
LAURUSLABS,20,Q4 FY26,Jan-Mar 2026,2592,2591,0.279303,28.6718,2611
LAURUSLABS,21,Q1 FY27,Apr-Jun 2026,2650,2649,2.52576,10.5019,2669
LICHSGFIN,0,Q4 FY21,Jan-Mar 2021,1383,1383,-4.46744,-5.29496,1403
LICHSGFIN,1,Q1 FY22,Apr-Jun 2021,1414,1413,-4.63075,-12.4173,1433
LICHSGFIN,2,Q2 FY22,Jul-Sep 2021,1471,1471,-6.81142,1.61339,1491
LICHSGFIN,3,Q3 FY22,Oct-Dec 2021,1538,1538,10.9452,-8.85103,1558
LICHSGFIN,4,Q4 FY22,Jan-Mar 2022,1612,1612,1.41338,-9.47603,1632
LICHSGFIN,5,Q1 FY23,Apr-Jun 2022,1668,1668,1.86002,10.4046,1688
LICHSGFIN,6,Q2 FY23,Jul-Sep 2022,1726,1726,-8.10722,3.42439,1746
LICHSGFIN,7,Q3 FY23,Oct-Dec 2022,1793,1793,-2.87433,-4.69242,1813
LICHSGFIN,8,Q4 FY23,Jan-Mar 2023,1858,1858,-5.57108,-2.50998,1878
LICHSGFIN,9,Q1 FY24,Apr-Jun 2023,1914,1914,7.49235,4.89675,1934
LICHSGFIN,10,Q2 FY24,Jul-Sep 2023,1974,1974,-2.65018,3.87584,1994
LICHSGFIN,11,Q3 FY24,Oct-Dec 2023,2038,2038,1.34533,-1.53744,2058
LICHSGFIN,12,Q4 FY24,Jan-Mar 2024,2106,2106,2.59456,5.68647,2126
LICHSGFIN,13,Q1 FY25,Apr-Jun 2024,2161,2161,-5.66359,-3.9379,2181
LICHSGFIN,14,Q2 FY25,Jul-Sep 2024,2220,2219,2.72165,1.7354,2239
LICHSGFIN,15,Q3 FY25,Oct-Dec 2024,2286,2286,-2.12877,-8.53691,2306
LICHSGFIN,16,Q4 FY25,Jan-Mar 2025,2354,2354,-0.447268,-2.19336,2374
LICHSGFIN,17,Q1 FY26,Apr-Jun 2025,2410,2410,3.00678,-5.71286,2430
LICHSGFIN,18,Q2 FY26,Jul-Sep 2025,2469,2469,-3.19993,-4.99895,2489
LICHSGFIN,19,Q3 FY26,Oct-Dec 2025,2532,2532,-1.59739,4.51699,2552
LICHSGFIN,20,Q4 FY26,Jan-Mar 2026,2600,2600,-5.49457,0.120958,2620
LICHSGFIN,21,Q1 FY27,Apr-Jun 2026,2654,2654,-3.56407,3.12772,2674
LICI,4,Q4 FY22,Jan-Mar 2022,1620,1620,-2.69602,-13.8083,1640
LICI,5,Q1 FY23,Apr-Jun 2022,1653,1653,-1.22708,-12.5977,1673
LICI,6,Q2 FY23,Jul-Sep 2022,1733,1733,5.99856,3.98074,1753
LICI,7,Q3 FY23,Oct-Dec 2022,1796,1796,1.33184,-2.18801,1816
LICI,8,Q4 FY23,Jan-Mar 2023,1864,1864,1.43776,3.86369,1884
LICI,9,Q1 FY24,Apr-Jun 2023,1919,1919,3.41584,-0.0140815,1939
LICI,10,Q2 FY24,Jul-Sep 2023,1981,1981,-0.909102,23.1822,2001
LICI,11,Q3 FY24,Oct-Dec 2023,2042,2042,-2.50487,-8.45005,2062
LICI,12,Q4 FY24,Jan-Mar 2024,2114,2114,-1.74205,-5.72155,2134
LICI,13,Q1 FY25,Apr-Jun 2024,2165,2165,-0.34128,-11.5234,2185
LICI,14,Q2 FY25,Jul-Sep 2024,2229,2229,0.444033,0.142464,2249
LICI,15,Q3 FY25,Oct-Dec 2024,2292,2292,-0.12524,-2.97662,2312
LICI,16,Q4 FY25,Jan-Mar 2025,2362,2362,8.41759,-1.02286,2382
LICI,17,Q1 FY26,Apr-Jun 2025,2414,2414,4.10488,-6.26373,2434
LICI,18,Q2 FY26,Jul-Sep 2025,2474,2474,3.19844,-8.59324,2494
LICI,19,Q3 FY26,Oct-Dec 2025,2537,2537,7.19656,-4.21195,2557
LICI,20,Q4 FY26,Jan-Mar 2026,2606,2606,1.32025,7.22092,2626
LICI,21,Q1 FY27,Apr-Jun 2026,2659,2659,1.92956,8.15763,2679
LODHA,0,Q4 FY21,Jan-Mar 2021,1361,1361,-1.74874,-0.131877,1381
LODHA,1,Q1 FY22,Apr-Jun 2021,1415,1415,6.84428,-3.53521,1435
LODHA,2,Q2 FY22,Jul-Sep 2021,1471,1471,2.79132,32.3995,1491
LODHA,3,Q3 FY22,Oct-Dec 2021,1537,1537,-0.34881,-11.7742,1557
LODHA,4,Q4 FY22,Jan-Mar 2022,1597,1597,1.01825,-8.10091,1617
LODHA,5,Q1 FY23,Apr-Jun 2022,1660,1660,-1.13891,-11.8484,1680
LODHA,6,Q2 FY23,Jul-Sep 2022,1730,1729,-2.4657,11.161,1749
LODHA,7,Q3 FY23,Oct-Dec 2022,1785,1785,0.233279,-22.3332,1805
LODHA,8,Q4 FY23,Jan-Mar 2023,1843,1842,-0.693723,5.59928,1862
LODHA,9,Q1 FY24,Apr-Jun 2023,1909,1909,2.75123,-11.9191,1929
LODHA,10,Q2 FY24,Jul-Sep 2023,1972,1971,2.59349,10.4733,1991
LODHA,11,Q3 FY24,Oct-Dec 2023,2034,2033,-3.86736,6.07765,2053
LODHA,12,Q4 FY24,Jan-Mar 2024,2092,2092,-3.72063,8.38291,2112
LODHA,13,Q1 FY25,Apr-Jun 2024,2158,2158,-1.83076,-4.95743,2178
LODHA,14,Q2 FY25,Jul-Sep 2024,2219,2219,1.73346,15.9426,2239
LODHA,15,Q3 FY25,Oct-Dec 2024,2282,2281,1.49837,10.2997,2301
LODHA,16,Q4 FY25,Jan-Mar 2025,2340,2340,-0.288602,6.26646,2360
LODHA,17,Q1 FY26,Apr-Jun 2025,2406,2405,-5.32742,2.66635,2425
LODHA,18,Q2 FY26,Jul-Sep 2025,2470,2470,2.86412,-7.58218,2490
LODHA,19,Q3 FY26,Oct-Dec 2025,2530,2530,2.09969,7.22298,2550
LODHA,20,Q4 FY26,Jan-Mar 2026,2588,2588,3.79433,3.50036,2608
LODHA,21,Q1 FY27,Apr-Jun 2026,2650,2650,3.81091,4.05064,2670
LT,0,Q4 FY21,Jan-Mar 2021,1361,1361,-3.70265,3.34715,1381
LT,1,Q1 FY22,Apr-Jun 2021,1411,1411,1.15953,-6.53913,1431
LT,2,Q2 FY22,Jul-Sep 2021,1475,1475,3.60653,1.90784,1495
LT,3,Q3 FY22,Oct-Dec 2021,1539,1539,-0.777119,-1.69382,1559
LT,4,Q4 FY22,Jan-Mar 2022,1608,1608,0.710653,0.638491,1628
LT,5,Q1 FY23,Apr-Jun 2022,1661,1661,1.63422,0.542114,1681
LT,6,Q2 FY23,Jul-Sep 2022,1725,1725,-0.672769,-0.888424,1745
LT,7,Q3 FY23,Oct-Dec 2022,1788,1788,0.469484,1.31023,1808
LT,8,Q4 FY23,Jan-Mar 2023,1854,1854,-5.07362,2.53265,1874
LT,9,Q1 FY24,Apr-Jun 2023,1907,1907,2.83638,3.56331,1927
LT,10,Q2 FY24,Jul-Sep 2023,1973,1973,-0.678183,1.36335,1993
LT,11,Q3 FY24,Oct-Dec 2023,2035,2035,-5.17219,-1.31215,2055
LT,12,Q4 FY24,Jan-Mar 2024,2101,2101,-4.51587,2.38843,2121
LT,13,Q1 FY25,Apr-Jun 2024,2154,2154,2.86314,-2.27799,2174
LT,14,Q2 FY25,Jul-Sep 2024,2222,2222,6.83391,1.96475,2242
LT,15,Q3 FY25,Oct-Dec 2024,2285,2285,3.1674,-5.42617,2305
LT,16,Q4 FY25,Jan-Mar 2025,2350,2349,4.70523,2.02276,2369
LT,17,Q1 FY26,Apr-Jun 2025,2407,2407,4.71217,-0.0261537,2427
LT,18,Q2 FY26,Jul-Sep 2025,2469,2469,1.4185,0.802655,2489
LT,19,Q3 FY26,Oct-Dec 2025,2530,2530,3.36056,9.04573,2550
LT,20,Q4 FY26,Jan-Mar 2026,2594,2594,-2.37514,2.10169,2614
LT,21,Q1 FY27,Apr-Jun 2026,2652,2652,1.48973,2.88909,2672
LTF,0,Q4 FY21,Jan-Mar 2021,1351,1351,-1.39911,1.13466,1371
LTF,1,Q1 FY22,Apr-Jun 2021,1406,1406,-3.50988,-15.3575,1426
LTF,2,Q2 FY22,Jul-Sep 2021,1470,1470,-6.24786,-3.14631,1490
LTF,3,Q3 FY22,Oct-Dec 2021,1535,1535,-0.453734,-4.10809,1555
LTF,4,Q4 FY22,Jan-Mar 2022,1600,1600,-3.0597,-7.66892,1620
LTF,5,Q1 FY23,Apr-Jun 2022,1656,1656,-2.89897,-1.09171,1676
LTF,6,Q2 FY23,Jul-Sep 2022,1719,1719,0.498946,-1.91321,1739
LTF,7,Q3 FY23,Oct-Dec 2022,1778,1778,3.26438,-1.24655,1798
LTF,8,Q4 FY23,Jan-Mar 2023,1847,1847,-0.565565,10.1927,1867
LTF,9,Q1 FY24,Apr-Jun 2023,1903,1903,-2.49644,-6.64009,1923
LTF,10,Q2 FY24,Jul-Sep 2023,1967,1967,-2.546,4.30398,1987
LTF,11,Q3 FY24,Oct-Dec 2023,2031,2031,0.0524955,2.85983,2051
LTF,12,Q4 FY24,Jan-Mar 2024,2095,2094,2.05584,-8.1899,2114
LTF,13,Q1 FY25,Apr-Jun 2024,2149,2149,-0.643877,-9.94054,2169
LTF,14,Q2 FY25,Jul-Sep 2024,2214,2214,-4.99934,-6.38009,2234
LTF,15,Q3 FY25,Oct-Dec 2024,2277,2277,2.47869,-6.58362,2297
LTF,16,Q4 FY25,Jan-Mar 2025,2341,2341,-4.28392,0.72174,2361
LTF,17,Q1 FY26,Apr-Jun 2025,2400,2400,3.16758,3.50157,2420
LTF,18,Q2 FY26,Jul-Sep 2025,2460,2460,-1.90271,9.54916,2480
LTF,19,Q3 FY26,Oct-Dec 2025,2523,2523,1.65507,-2.39646,2543
LTF,20,Q4 FY26,Jan-Mar 2026,2588,2588,-1.5941,-1.02568,2608
LTF,21,Q1 FY27,Apr-Jun 2026,2640,2640,1.05699,-5.18931,2660
LTM,0,Q4 FY21,Jan-Mar 2021,1354,1354,0.950291,-9.32024,1374
LTM,1,Q1 FY22,Apr-Jun 2021,1405,1405,-2.97332,7.32,1425
LTM,2,Q2 FY22,Jul-Sep 2021,1468,1468,16.3894,10.7287,1488
LTM,3,Q3 FY22,Oct-Dec 2021,1533,1533,-0.341592,-8.58186,1553
LTM,4,Q4 FY22,Jan-Mar 2022,1592,1592,-6.56859,-15.0481,1612
LTM,5,Q1 FY23,Apr-Jun 2022,1653,1652,-3.35724,15.7524,1672
LTM,6,Q2 FY23,Jul-Sep 2022,1724,1724,2.12926,0.271569,1744
LTM,7,Q3 FY23,Oct-Dec 2022,1783,1783,1.8575,13.2855,1803
LTM,8,Q4 FY23,Jan-Mar 2023,1846,1846,1.46152,9.93105,1866
LTM,9,Q1 FY24,Apr-Jun 2023,1901,1901,-2.79555,5.37339,1921
LTM,10,Q2 FY24,Jul-Sep 2023,1965,1965,6.10568,0.566421,1985
LTM,11,Q3 FY24,Oct-Dec 2023,2027,2027,-10.2092,-3.09856,2047
LTM,12,Q4 FY24,Jan-Mar 2024,2092,2092,-2.69816,2.7107,2112
LTM,13,Q1 FY25,Apr-Jun 2024,2150,2149,2.73441,-2.30796,2169
LTM,14,Q2 FY25,Jul-Sep 2024,2211,2211,-1.22683,-0.82,2231
LTM,15,Q3 FY25,Oct-Dec 2024,2275,2275,-1.01437,-4.16342,2295
LTM,16,Q4 FY25,Jan-Mar 2025,2339,2339,0.274151,8.79179,2359
LTM,17,Q1 FY26,Apr-Jun 2025,2399,2399,-0.78754,-0.307039,2419
LTM,18,Q2 FY26,Jul-Sep 2025,2461,2461,-0.798052,1.91532,2481
LTM,19,Q3 FY26,Oct-Dec 2025,2524,2524,-5.33952,-15.54,2544
LTM,20,Q4 FY26,Jan-Mar 2026,2587,2587,-4.36124,-7.34807,2607
LTM,21,Q1 FY27,Apr-Jun 2026,2641,2640,2.1405,14.7223,2660
LUPIN,0,Q4 FY21,Jan-Mar 2021,1361,1360,-2.66096,-3.23703,1380
LUPIN,1,Q1 FY22,Apr-Jun 2021,1422,1422,-6.18787,-13.238,1442
LUPIN,2,Q2 FY22,Jul-Sep 2021,1475,1475,-3.93917,5.77434,1495
LUPIN,3,Q3 FY22,Oct-Dec 2021,1543,1543,-2.83889,-10.2137,1563
LUPIN,4,Q4 FY22,Jan-Mar 2022,1612,1612,-4.43731,-2.17813,1632
LUPIN,5,Q1 FY23,Apr-Jun 2022,1667,1667,5.18993,-2.69534,1687
LUPIN,6,Q2 FY23,Jul-Sep 2022,1731,1731,4.32478,1.71146,1751
LUPIN,7,Q3 FY23,Oct-Dec 2022,1796,1796,-4.59753,-7.30677,1816
LUPIN,8,Q4 FY23,Jan-Mar 2023,1853,1853,0.354621,6.74524,1873
LUPIN,9,Q1 FY24,Apr-Jun 2023,1914,1914,2.06884,3.07864,1934
LUPIN,10,Q2 FY24,Jul-Sep 2023,1979,1979,-0.292933,-5.22686,1999
LUPIN,11,Q3 FY24,Oct-Dec 2023,2041,2041,1.72815,0.19136,2061
LUPIN,12,Q4 FY24,Jan-Mar 2024,2099,2099,-3.48628,-0.972538,2119
LUPIN,13,Q1 FY25,Apr-Jun 2024,2163,2163,3.10946,11.3402,2183
LUPIN,14,Q2 FY25,Jul-Sep 2024,2228,2228,-0.115413,-0.513249,2248
LUPIN,15,Q3 FY25,Oct-Dec 2024,2295,2294,-1.93561,0.00988287,2314
LUPIN,16,Q4 FY25,Jan-Mar 2025,2353,2353,-1.52973,-1.70375,2373
LUPIN,17,Q1 FY26,Apr-Jun 2025,2412,2412,-0.375463,4.29477,2432
LUPIN,18,Q2 FY26,Jul-Sep 2025,2474,2474,0.901755,3.71785,2494
LUPIN,19,Q3 FY26,Oct-Dec 2025,2542,2542,0.768679,12.2388,2562
LUPIN,20,Q4 FY26,Jan-Mar 2026,2596,2596,-2.65763,-0.897051,2616
LUPIN,21,Q1 FY27,Apr-Jun 2026,2659,2659,-0.636206,-7.98677,2679
M&M,0,Q4 FY21,Jan-Mar 2021,1371,1370,1.44418,-8.85179,1390
M&M,1,Q1 FY22,Apr-Jun 2021,1420,1419,0.201266,-7.4796,1439
M&M,2,Q2 FY22,Jul-Sep 2021,1483,1482,3.93321,-2.57754,1502
M&M,3,Q3 FY22,Oct-Dec 2021,1548,1547,0.716003,-8.32183,1567
M&M,4,Q4 FY22,Jan-Mar 2022,1620,1619,2.88583,13.4266,1639
M&M,5,Q1 FY23,Apr-Jun 2022,1669,1668,-2.14179,3.0489,1688
M&M,6,Q2 FY23,Jul-Sep 2022,1733,1732,-2.63835,-2.48651,1752
M&M,7,Q3 FY23,Oct-Dec 2022,1797,1796,-0.285411,-8.66412,1816
M&M,8,Q4 FY23,Jan-Mar 2023,1866,1865,-0.655695,6.23217,1885
M&M,9,Q1 FY24,Apr-Jun 2023,1915,1914,-1.00464,7.56934,1934
M&M,10,Q2 FY24,Jul-Sep 2023,1981,1980,-1.95577,0.313723,2000
M&M,11,Q3 FY24,Oct-Dec 2023,2046,2045,0.180278,11.1456,2065
M&M,12,Q4 FY24,Jan-Mar 2024,2107,2106,2.10081,16.2163,2126
M&M,13,Q1 FY25,Apr-Jun 2024,2159,2158,-0.866929,-5.9702,2178
M&M,14,Q2 FY25,Jul-Sep 2024,2228,2227,-0.309322,3.79615,2247
M&M,15,Q3 FY25,Oct-Dec 2024,2292,2291,2.04696,-10.8354,2311
M&M,16,Q4 FY25,Jan-Mar 2025,2346,2345,2.7867,-0.898676,2365
M&M,17,Q1 FY26,Apr-Jun 2025,2408,2408,0.168075,4.08453,2428
M&M,18,Q2 FY26,Jul-Sep 2025,2473,2472,1.5533,0.387248,2492
M&M,19,Q3 FY26,Oct-Dec 2025,2541,2540,-0.0965874,-8.5976,2560
M&M,20,Q4 FY26,Jan-Mar 2026,2594,2593,3.71611,-3.60987,2613
M&M,21,Q1 FY27,Apr-Jun 2026,2654,2653,1.64521,2.34063,2673
MAHABANK,0,Q4 FY21,Jan-Mar 2021,1351,1350,3.5694,-4.84256,1370
MAHABANK,1,Q1 FY22,Apr-Jun 2021,1409,1408,-3.5535,-23.8722,1428
MAHABANK,2,Q2 FY22,Jul-Sep 2021,1471,1470,5.49642,-8.5379,1490
MAHABANK,3,Q3 FY22,Oct-Dec 2021,1534,1533,-1.54096,-7.0548,1553
MAHABANK,4,Q4 FY22,Jan-Mar 2022,1599,1598,0.472541,-3.6638,1618
MAHABANK,5,Q1 FY23,Apr-Jun 2022,1655,1654,1.98742,-2.72532,1674
MAHABANK,6,Q2 FY23,Jul-Sep 2022,1727,1726,0.344715,30.1234,1746
MAHABANK,7,Q3 FY23,Oct-Dec 2022,1779,1778,4.60256,-18.1986,1798
MAHABANK,8,Q4 FY23,Jan-Mar 2023,1843,1842,7.40179,-3.40748,1862
MAHABANK,9,Q1 FY24,Apr-Jun 2023,1903,1902,5.28946,18.4252,1922
MAHABANK,10,Q2 FY24,Jul-Sep 2023,1963,1962,1.48661,-1.38452,1982
MAHABANK,11,Q3 FY24,Oct-Dec 2023,2026,2025,-0.498821,20.7727,2045
MAHABANK,12,Q4 FY24,Jan-Mar 2024,2094,2093,4.34452,2.07477,2113
MAHABANK,13,Q1 FY25,Apr-Jun 2024,2148,2147,5.29414,-10.7173,2167
MAHABANK,14,Q2 FY25,Jul-Sep 2024,2211,2210,0.502364,1.35274,2230
MAHABANK,15,Q3 FY25,Oct-Dec 2024,2274,2273,-3.47845,-5.07825,2293
MAHABANK,16,Q4 FY25,Jan-Mar 2025,2341,2340,-0.193502,-1.88137,2360
MAHABANK,17,Q1 FY26,Apr-Jun 2025,2397,2396,1.49114,0.205319,2416
MAHABANK,18,Q2 FY26,Jul-Sep 2025,2459,2458,-3.96523,0.439315,2478
MAHABANK,19,Q3 FY26,Oct-Dec 2025,2521,2520,2.23191,0.968381,2540
MAHABANK,20,Q4 FY26,Jan-Mar 2026,2584,2583,3.81721,6.77191,2603
MAHABANK,21,Q1 FY27,Apr-Jun 2026,2640,2639,1.71271,-8.58871,2659
MANAPPURAM,0,Q4 FY21,Jan-Mar 2021,1369,1368,-0.141577,-1.61509,1388
MANAPPURAM,1,Q1 FY22,Apr-Jun 2021,1422,1421,-4.81333,-20.5359,1441
MANAPPURAM,2,Q2 FY22,Jul-Sep 2021,1487,1486,-9.81041,-7.56526,1506
MANAPPURAM,3,Q3 FY22,Oct-Dec 2021,1550,1549,-3.38682,-19.3314,1569
MANAPPURAM,4,Q4 FY22,Jan-Mar 2022,1612,1612,-6.8637,-5.67068,1632
MANAPPURAM,5,Q1 FY23,Apr-Jun 2022,1668,1668,6.30532,-3.4309,1688
MANAPPURAM,6,Q2 FY23,Jul-Sep 2022,1734,1733,7.32706,-0.659397,1753
MANAPPURAM,7,Q3 FY23,Oct-Dec 2022,1792,1792,0.0274808,-4.19907,1812
MANAPPURAM,8,Q4 FY23,Jan-Mar 2023,1856,1856,-0.277017,6.70612,1876
MANAPPURAM,9,Q1 FY24,Apr-Jun 2023,1919,1918,3.29972,-2.67984,1938
MANAPPURAM,10,Q2 FY24,Jul-Sep 2023,1983,1982,1.86557,9.43831,2002
MANAPPURAM,11,Q3 FY24,Oct-Dec 2023,2041,2041,-2.89617,-8.35015,2061
MANAPPURAM,12,Q4 FY24,Jan-Mar 2024,2113,2112,1.08205,4.8206,2132
MANAPPURAM,13,Q1 FY25,Apr-Jun 2024,2168,2168,-2.53528,-3.0829,2188
MANAPPURAM,14,Q2 FY25,Jul-Sep 2024,2226,2226,-2.37621,6.13313,2246
MANAPPURAM,15,Q3 FY25,Oct-Dec 2024,2296,2296,-7.75498,18.9715,2316
MANAPPURAM,16,Q4 FY25,Jan-Mar 2025,2351,2350,-2.89538,14.0414,2370
MANAPPURAM,17,Q1 FY26,Apr-Jun 2025,2415,2415,-1.66453,10.6804,2435
MANAPPURAM,18,Q2 FY26,Jul-Sep 2025,2470,2470,-1.36248,3.02298,2490
MANAPPURAM,19,Q3 FY26,Oct-Dec 2025,2531,2531,-3.73945,2.2563,2551
MANAPPURAM,20,Q4 FY26,Jan-Mar 2026,2593,2593,1.04682,4.13946,2613
MANAPPURAM,21,Q1 FY27,Apr-Jun 2026,2662,2662,-1.90947,-5.13505,2682
MANKIND,8,Q4 FY23,Jan-Mar 2023,1868,1868,0.83239,22.6201,1888
MANKIND,9,Q1 FY24,Apr-Jun 2023,1913,1913,9.84369,-9.84403,1933
MANKIND,10,Q2 FY24,Jul-Sep 2023,1973,1973,0.591778,2.80781,1993
MANKIND,11,Q3 FY24,Oct-Dec 2023,2036,2036,2.44509,3.0514,2056
MANKIND,12,Q4 FY24,Jan-Mar 2024,2106,2106,-5.39822,2.61456,2126
MANKIND,13,Q1 FY25,Apr-Jun 2024,2159,2158,-1.71777,18.8121,2178
MANKIND,14,Q2 FY25,Jul-Sep 2024,2226,2226,0.156563,-6.69926,2246
MANKIND,15,Q3 FY25,Oct-Dec 2024,2280,2280,-4.37569,-5.54518,2300
MANKIND,16,Q4 FY25,Jan-Mar 2025,2358,2358,-2.82112,-5.4195,2378
MANKIND,17,Q1 FY26,Apr-Jun 2025,2409,2409,0.784537,-0.954235,2429
MANKIND,18,Q2 FY26,Jul-Sep 2025,2474,2474,-1.98021,-5.21215,2494
MANKIND,19,Q3 FY26,Oct-Dec 2025,2535,2535,-3.57776,10.4808,2555
MANKIND,20,Q4 FY26,Jan-Mar 2026,2604,2604,3.48924,-9.03634,2624
MANKIND,21,Q1 FY27,Apr-Jun 2026,2654,2653,-0.924053,-5.21869,2673
MARICO,0,Q4 FY21,Jan-Mar 2021,1352,1351,2.16146,8.98936,1371
MARICO,1,Q1 FY22,Apr-Jun 2021,1415,1414,3.66869,-11.3699,1434
MARICO,2,Q2 FY22,Jul-Sep 2021,1476,1475,0.013308,-0.746523,1495
MARICO,3,Q3 FY22,Oct-Dec 2021,1539,1539,0.952511,9.81104,1559
MARICO,4,Q4 FY22,Jan-Mar 2022,1603,1603,-1.4708,0.891339,1623
MARICO,5,Q1 FY23,Apr-Jun 2022,1670,1669,-0.0214897,-1.89582,1689
MARICO,6,Q2 FY23,Jul-Sep 2022,1729,1729,-6.83404,-2.96159,1749
MARICO,7,Q3 FY23,Oct-Dec 2022,1792,1792,2.68769,-0.443829,1812
MARICO,8,Q4 FY23,Jan-Mar 2023,1851,1851,6.4348,1.29589,1871
MARICO,9,Q1 FY24,Apr-Jun 2023,1910,1910,-2.95118,2.42923,1930
MARICO,10,Q2 FY24,Jul-Sep 2023,1972,1972,1.13762,-7.1102,1992
MARICO,11,Q3 FY24,Oct-Dec 2023,2034,2034,2.25928,-3.123,2054
MARICO,12,Q4 FY24,Jan-Mar 2024,2099,2098,2.73987,8.37188,2118
MARICO,13,Q1 FY25,Apr-Jun 2024,2162,2161,4.15057,-9.86499,2181
MARICO,14,Q2 FY25,Jul-Sep 2024,2221,2221,4.01176,-0.0904428,2241
MARICO,15,Q3 FY25,Oct-Dec 2024,2286,2285,-1.33674,-4.55912,2305
MARICO,16,Q4 FY25,Jan-Mar 2025,2345,2345,3.09853,-3.57665,2365
MARICO,17,Q1 FY26,Apr-Jun 2025,2411,2410,1.06061,1.61417,2430
MARICO,18,Q2 FY26,Jul-Sep 2025,2480,2479,2.19362,-2.10547,2499
MARICO,19,Q3 FY26,Oct-Dec 2025,2529,2529,-1.89161,9.68158,2549
MARICO,20,Q4 FY26,Jan-Mar 2026,2594,2593,3.24564,3.1115,2613
MARICO,21,Q1 FY27,Apr-Jun 2026,2657,2657,-2.66818,0.225659,2677
MARUTI,0,Q4 FY21,Jan-Mar 2021,1349,1348,-2.21682,2.66231,1368
MARUTI,1,Q1 FY22,Apr-Jun 2021,1413,1412,-0.803349,-13.6703,1432
MARUTI,2,Q2 FY22,Jul-Sep 2021,1475,1474,1.12162,3.97926,1494
MARUTI,3,Q3 FY22,Oct-Dec 2021,1537,1536,6.08272,2.36148,1556
MARUTI,4,Q4 FY22,Jan-Mar 2022,1600,1599,-1.33325,6.41604,1619
MARUTI,5,Q1 FY23,Apr-Jun 2022,1662,1661,0.592949,-4.78894,1681
MARUTI,6,Q2 FY23,Jul-Sep 2022,1724,1723,4.70239,-9.70512,1743
MARUTI,7,Q3 FY23,Oct-Dec 2022,1785,1784,3.34814,2.65477,1804
MARUTI,8,Q4 FY23,Jan-Mar 2023,1845,1844,0.199113,6.26043,1864
MARUTI,9,Q1 FY24,Apr-Jun 2023,1911,1911,-0.956468,2.77628,1931
MARUTI,10,Q2 FY24,Jul-Sep 2023,1971,1970,0.30237,-4.35077,1990
MARUTI,11,Q3 FY24,Oct-Dec 2023,2036,2035,1.41793,8.44407,2055
MARUTI,12,Q4 FY24,Jan-Mar 2024,2094,2094,-1.10293,-0.0662972,2114
MARUTI,13,Q1 FY25,Apr-Jun 2024,2159,2158,1.50341,-5.85212,2178
MARUTI,14,Q2 FY25,Jul-Sep 2024,2221,2220,-4.33239,1.38853,2240
MARUTI,15,Q3 FY25,Oct-Dec 2024,2284,2283,-2.09968,6.81888,2303
MARUTI,16,Q4 FY25,Jan-Mar 2025,2341,2340,-0.792722,2.17961,2360
MARUTI,17,Q1 FY26,Apr-Jun 2025,2409,2408,0.269571,18.6544,2428
MARUTI,18,Q2 FY26,Jul-Sep 2025,2471,2470,0.478455,-2.31352,2490
MARUTI,19,Q3 FY26,Oct-Dec 2025,2530,2529,-3.07865,0.00620775,2549
MARUTI,20,Q4 FY26,Jan-Mar 2026,2590,2589,-2.09323,4.03021,2609
MARUTI,21,Q1 FY27,Apr-Jun 2026,2655,2655,-2.19244,-1.46059,2675
MAXHEALTH,0,Q4 FY21,Jan-Mar 2021,1371,1371,-1.91078,13.3724,1391
MAXHEALTH,1,Q1 FY22,Apr-Jun 2021,1422,1421,5.40958,20.1809,1441
MAXHEALTH,2,Q2 FY22,Jul-Sep 2021,1486,1485,0.707552,20.348,1505
MAXHEALTH,3,Q3 FY22,Oct-Dec 2021,1550,1549,1.4739,-4.03453,1569
MAXHEALTH,4,Q4 FY22,Jan-Mar 2022,1617,1616,-1.34493,5.72432,1636
MAXHEALTH,5,Q1 FY23,Apr-Jun 2022,1671,1670,-2.62319,9.459,1690
MAXHEALTH,6,Q2 FY23,Jul-Sep 2022,1726,1725,-0.410768,-5.05995,1745
MAXHEALTH,7,Q3 FY23,Oct-Dec 2022,1791,1790,-0.0231719,-0.981114,1810
MAXHEALTH,8,Q4 FY23,Jan-Mar 2023,1858,1857,-1.72635,11.2004,1877
MAXHEALTH,9,Q1 FY24,Apr-Jun 2023,1916,1916,-3.95348,4.99565,1936
MAXHEALTH,10,Q2 FY24,Jul-Sep 2023,1977,1976,1.79951,7.55614,1996
MAXHEALTH,11,Q3 FY24,Oct-Dec 2023,2036,2035,5.08333,8.02351,2055
MAXHEALTH,12,Q4 FY24,Jan-Mar 2024,2111,2110,0.0900484,7.22249,2130
MAXHEALTH,13,Q1 FY25,Apr-Jun 2024,2160,2159,-0.0497149,-7.56086,2179
MAXHEALTH,14,Q2 FY25,Jul-Sep 2024,2226,2226,2.26109,0.713436,2246
MAXHEALTH,15,Q3 FY25,Oct-Dec 2024,2285,2284,1.46601,0.371546,2304
MAXHEALTH,16,Q4 FY25,Jan-Mar 2025,2357,2356,-0.912792,4.64518,2376
MAXHEALTH,17,Q1 FY26,Apr-Jun 2025,2418,2417,-0.0232216,-8.55169,2437
MAXHEALTH,18,Q2 FY26,Jul-Sep 2025,2480,2480,1.27802,-3.28077,2500
MAXHEALTH,19,Q3 FY26,Oct-Dec 2025,2537,2536,2.01366,4.76514,2556
MAXHEALTH,20,Q4 FY26,Jan-Mar 2026,2606,2606,-6.4916,5.39961,2626
MAXHEALTH,21,Q1 FY27,Apr-Jun 2026,2664,2663,0.739784,6.25993,2683
MAZDOCK,0,Q4 FY21,Jan-Mar 2021,1380,1380,-1.104,-8.10307,1400
MAZDOCK,1,Q1 FY22,Apr-Jun 2021,1422,1422,-0.180116,-5.38027,1442
MAZDOCK,2,Q2 FY22,Jul-Sep 2021,1484,1483,-2.07801,-8.41966,1503
MAZDOCK,3,Q3 FY22,Oct-Dec 2021,1549,1549,0.393947,-1.43835,1569
MAZDOCK,4,Q4 FY22,Jan-Mar 2022,1620,1619,-3.39947,-6.7777,1639
MAZDOCK,5,Q1 FY23,Apr-Jun 2022,1671,1671,4.32319,42.6218,1691
MAZDOCK,6,Q2 FY23,Jul-Sep 2022,1732,1731,-3.72876,14.0209,1751
MAZDOCK,7,Q3 FY23,Oct-Dec 2022,1788,1787,5.58455,-6.28474,1807
MAZDOCK,8,Q4 FY23,Jan-Mar 2023,1868,1867,3.07091,54.6512,1887
MAZDOCK,9,Q1 FY24,Apr-Jun 2023,1919,1919,-2.36097,27.5678,1939
MAZDOCK,10,Q2 FY24,Jul-Sep 2023,1979,1979,0.804461,-4.96528,1999
MAZDOCK,11,Q3 FY24,Oct-Dec 2023,2044,2043,3.81263,-8.64279,2063
MAZDOCK,12,Q4 FY24,Jan-Mar 2024,2116,2115,11.3552,25.6418,2135
MAZDOCK,13,Q1 FY25,Apr-Jun 2024,2169,2168,3.39186,-18.8303,2188
MAZDOCK,14,Q2 FY25,Jul-Sep 2024,2226,2225,3.33307,13.7671,2245
MAZDOCK,15,Q3 FY25,Oct-Dec 2024,2292,2291,1.62576,7.91833,2311
MAZDOCK,16,Q4 FY25,Jan-Mar 2025,2364,2364,-6.94385,-12.33,2384
MAZDOCK,17,Q1 FY26,Apr-Jun 2025,2406,2406,-3.05918,-2.10286,2426
MAZDOCK,18,Q2 FY26,Jul-Sep 2025,2467,2467,-0.952502,-4.0551,2487
MAZDOCK,19,Q3 FY26,Oct-Dec 2025,2537,2537,-0.0317183,5.84171,2557
MAZDOCK,20,Q4 FY26,Jan-Mar 2026,2592,2592,-4.95634,-3.7472,2612
MAZDOCK,21,Q1 FY27,Apr-Jun 2026,2654,2654,2.43038,8.12464,2674
MFSL,0,Q4 FY21,Jan-Mar 2021,1378,1378,-1.00544,3.85131,1398
MFSL,1,Q1 FY22,Apr-Jun 2021,1422,1421,-3.7751,-0.626876,1441
MFSL,2,Q2 FY22,Jul-Sep 2021,1483,1483,-0.619514,0.667389,1503
MFSL,3,Q3 FY22,Oct-Dec 2021,1539,1539,2.85132,-9.70134,1559
MFSL,4,Q4 FY22,Jan-Mar 2022,1606,1606,3.15575,13.3099,1626
MFSL,5,Q1 FY23,Apr-Jun 2022,1665,1665,-2.98106,-5.07697,1685
MFSL,6,Q2 FY23,Jul-Sep 2022,1718,1718,-2.4591,-11.0146,1738
MFSL,7,Q3 FY23,Oct-Dec 2022,1789,1789,-9.6369,-6.14657,1809
MFSL,8,Q4 FY23,Jan-Mar 2023,1856,1856,1.77006,0.699444,1876
MFSL,9,Q1 FY24,Apr-Jun 2023,1918,1918,8.73725,7.9858,1938
MFSL,10,Q2 FY24,Jul-Sep 2023,1973,1973,-2.84067,9.29571,1993
MFSL,11,Q3 FY24,Oct-Dec 2023,2040,2040,5.17023,-0.0410454,2060
MFSL,12,Q4 FY24,Jan-Mar 2024,2100,2100,1.35616,-7.17916,2120
MFSL,13,Q1 FY25,Apr-Jun 2024,2168,2168,-1.18827,5.34504,2188
MFSL,14,Q2 FY25,Jul-Sep 2024,2216,2216,8.81717,-6.12894,2236
MFSL,15,Q3 FY25,Oct-Dec 2024,2289,2289,1.78423,-3.46382,2309
MFSL,16,Q4 FY25,Jan-Mar 2025,2352,2352,3.36811,12.8649,2372
MFSL,17,Q1 FY26,Apr-Jun 2025,2414,2414,4.04324,0.890852,2434
MFSL,18,Q2 FY26,Jul-Sep 2025,2477,2477,4.38941,-0.708333,2497
MFSL,19,Q3 FY26,Oct-Dec 2025,2541,2541,5.14378,0.0687687,2561
MFSL,20,Q4 FY26,Jan-Mar 2026,2599,2599,-3.51561,-1.16836,2619
MFSL,21,Q1 FY27,Apr-Jun 2026,2664,2664,1.82165,-0.000100676,2684
MOTHERSON,0,Q4 FY21,Jan-Mar 2021,1374,1373,13.3921,-10.9663,1393
MOTHERSON,1,Q1 FY22,Apr-Jun 2021,1422,1421,-3.46917,-12.0369,1441
MOTHERSON,2,Q2 FY22,Jul-Sep 2021,1486,1485,2.25851,-3.98249,1505
MOTHERSON,3,Q3 FY22,Oct-Dec 2021,1549,1548,-3.23408,-22.6325,1568
MOTHERSON,4,Q4 FY22,Jan-Mar 2022,1618,1618,-0.719556,3.34465,1638
MOTHERSON,5,Q1 FY23,Apr-Jun 2022,1670,1670,-5.30594,-0.142984,1690
MOTHERSON,6,Q2 FY23,Jul-Sep 2022,1732,1731,3.85725,1.31868,1751
MOTHERSON,7,Q3 FY23,Oct-Dec 2022,1795,1794,-0.0360721,3.99333,1814
MOTHERSON,8,Q4 FY23,Jan-Mar 2023,1866,1865,-2.13544,2.0121,1885
MOTHERSON,9,Q1 FY24,Apr-Jun 2023,1919,1918,-2.43338,2.4978,1938
MOTHERSON,10,Q2 FY24,Jul-Sep 2023,1980,1979,-2.82157,-2.56034,1999
MOTHERSON,11,Q3 FY24,Oct-Dec 2023,2044,2043,-4.88533,-1.6543,2063
MOTHERSON,12,Q4 FY24,Jan-Mar 2024,2116,2115,4.81559,28.5269,2135
MOTHERSON,13,Q1 FY25,Apr-Jun 2024,2168,2167,-3.13591,-1.49131,2187
MOTHERSON,14,Q2 FY25,Jul-Sep 2024,2231,2230,-3.95422,-3.53824,2250
MOTHERSON,15,Q3 FY25,Oct-Dec 2024,2297,2296,-2.32976,-0.243524,2316
MOTHERSON,16,Q4 FY25,Jan-Mar 2025,2364,2363,1.95191,-1.36852,2383
MOTHERSON,17,Q1 FY26,Apr-Jun 2025,2418,2417,2.91745,10.0906,2437
MOTHERSON,18,Q2 FY26,Jul-Sep 2025,2479,2478,3.01764,9.70236,2498
MOTHERSON,19,Q3 FY26,Oct-Dec 2025,2540,2539,3.77275,1.76304,2559
MOTHERSON,20,Q4 FY26,Jan-Mar 2026,2605,2604,0.343554,7.31367,2624
MOTHERSON,21,Q1 FY27,Apr-Jun 2026,2659,2658,0.375029,7.61139,2678
MOTILALOFS,0,Q4 FY21,Jan-Mar 2021,1351,1351,3.1059,20.6868,1371
MOTILALOFS,1,Q1 FY22,Apr-Jun 2021,1414,1414,-10.8467,-19.3915,1434
MOTILALOFS,2,Q2 FY22,Jul-Sep 2021,1476,1476,3.95541,7.18781,1496
MOTILALOFS,3,Q3 FY22,Oct-Dec 2021,1538,1538,-4.12432,3.93634,1558
MOTILALOFS,4,Q4 FY22,Jan-Mar 2022,1599,1598,0.363861,-10.151,1618
MOTILALOFS,5,Q1 FY23,Apr-Jun 2022,1663,1663,-3.30961,-2.29357,1683
MOTILALOFS,6,Q2 FY23,Jul-Sep 2022,1720,1719,-1.06006,-7.95677,1739
MOTILALOFS,7,Q3 FY23,Oct-Dec 2022,1785,1785,-3.28645,-7.79352,1805
MOTILALOFS,8,Q4 FY23,Jan-Mar 2023,1846,1846,-2.16109,0.88555,1866
MOTILALOFS,9,Q1 FY24,Apr-Jun 2023,1909,1909,0.651133,6.91446,1929
MOTILALOFS,10,Q2 FY24,Jul-Sep 2023,1974,1973,-1.86204,12.4506,1993
MOTILALOFS,11,Q3 FY24,Oct-Dec 2023,2032,2031,9.4256,-6.71235,2051
MOTILALOFS,12,Q4 FY24,Jan-Mar 2024,2094,2093,6.08696,-15.0742,2113
MOTILALOFS,13,Q1 FY25,Apr-Jun 2024,2155,2155,0.573077,27.9593,2175
MOTILALOFS,14,Q2 FY25,Jul-Sep 2024,2220,2219,4.68344,-0.672292,2239
MOTILALOFS,15,Q3 FY25,Oct-Dec 2024,2283,2283,2.91138,-8.31779,2303
MOTILALOFS,16,Q4 FY25,Jan-Mar 2025,2342,2341,-3.6708,12.7901,2361
MOTILALOFS,17,Q1 FY26,Apr-Jun 2025,2404,2403,-2.20383,3.45698,2423
MOTILALOFS,18,Q2 FY26,Jul-Sep 2025,2470,2470,-4.01141,-3.94157,2490
MOTILALOFS,19,Q3 FY26,Oct-Dec 2025,2529,2529,7.2645,-6.26507,2549
MOTILALOFS,20,Q4 FY26,Jan-Mar 2026,2591,2591,2.69407,8.99178,2611
MOTILALOFS,21,Q1 FY27,Apr-Jun 2026,2649,2649,-6.83608,11.4999,2669
MPHASIS,0,Q4 FY21,Jan-Mar 2021,1361,1360,-0.456303,4.70758,1380
MPHASIS,1,Q1 FY22,Apr-Jun 2021,1409,1409,5.33503,9.27064,1429
MPHASIS,2,Q2 FY22,Jul-Sep 2021,1471,1471,-3.82581,4.48973,1491
MPHASIS,3,Q3 FY22,Oct-Dec 2021,1534,1534,-0.0793383,3.66254,1554
MPHASIS,4,Q4 FY22,Jan-Mar 2022,1599,1599,2.43994,-6.44209,1619
MPHASIS,5,Q1 FY23,Apr-Jun 2022,1658,1658,0.0557437,-5.6372,1678
MPHASIS,6,Q2 FY23,Jul-Sep 2022,1720,1719,-4.93433,-9.62492,1739
MPHASIS,7,Q3 FY23,Oct-Dec 2022,1782,1782,-1.62255,11.8049,1802
MPHASIS,8,Q4 FY23,Jan-Mar 2023,1846,1846,0.866984,5.50031,1866
MPHASIS,9,Q1 FY24,Apr-Jun 2023,1904,1904,6.4545,1.18116,1924
MPHASIS,10,Q2 FY24,Jul-Sep 2023,1967,1966,-3.60499,7.50759,1986
MPHASIS,11,Q3 FY24,Oct-Dec 2023,2037,2037,-2.25704,0.00927825,2057
MPHASIS,12,Q4 FY24,Jan-Mar 2024,2093,2093,3.75253,3.93876,2113
MPHASIS,13,Q1 FY25,Apr-Jun 2024,2155,2155,4.75385,-1.03937,2175
MPHASIS,14,Q2 FY25,Jul-Sep 2024,2213,2212,6.68653,-2.9031,2232
MPHASIS,15,Q3 FY25,Oct-Dec 2024,2280,2280,3.58289,-11.588,2300
MPHASIS,16,Q4 FY25,Jan-Mar 2025,2340,2340,3.71162,-3.70944,2360
MPHASIS,17,Q1 FY26,Apr-Jun 2025,2404,2404,-0.175881,10.6241,2424
MPHASIS,18,Q2 FY26,Jul-Sep 2025,2471,2470,-3.86646,0.692564,2490
MPHASIS,19,Q3 FY26,Oct-Dec 2025,2527,2527,-1.08513,-15.8541,2547
MPHASIS,20,Q4 FY26,Jan-Mar 2026,2591,2591,1.9001,4.04718,2611
MPHASIS,21,Q1 FY27,Apr-Jun 2026,2649,2649,2.92302,4.16294,2669
MUTHOOTFIN,0,Q4 FY21,Jan-Mar 2021,1374,1373,8.08973,3.7848,1393
MUTHOOTFIN,1,Q1 FY22,Apr-Jun 2021,1420,1419,-1.98635,-8.45286,1439
MUTHOOTFIN,2,Q2 FY22,Jul-Sep 2021,1481,1480,0.232784,1.46976,1500
MUTHOOTFIN,3,Q3 FY22,Oct-Dec 2021,1550,1549,-1.77985,-0.544791,1569
MUTHOOTFIN,4,Q4 FY22,Jan-Mar 2022,1618,1618,-4.74137,-6.11814,1638
MUTHOOTFIN,5,Q1 FY23,Apr-Jun 2022,1673,1673,-13.1235,-0.857175,1693
MUTHOOTFIN,6,Q2 FY23,Jul-Sep 2022,1732,1732,-4.63284,1.93235,1752
MUTHOOTFIN,7,Q3 FY23,Oct-Dec 2022,1793,1793,-2.331,-6.35433,1813
MUTHOOTFIN,8,Q4 FY23,Jan-Mar 2023,1861,1861,8.01907,2.59981,1881
MUTHOOTFIN,9,Q1 FY24,Apr-Jun 2023,1920,1920,-5.05791,-3.70122,1940
MUTHOOTFIN,10,Q2 FY24,Jul-Sep 2023,1980,1980,-3.20081,5.39788,2000
MUTHOOTFIN,11,Q3 FY24,Oct-Dec 2023,2046,2046,-2.92658,0.669009,2066
MUTHOOTFIN,12,Q4 FY24,Jan-Mar 2024,2117,2117,0.377533,-0.905265,2137
MUTHOOTFIN,13,Q1 FY25,Apr-Jun 2024,2168,2168,-1.99745,4.19893,2188
MUTHOOTFIN,14,Q2 FY25,Jul-Sep 2024,2233,2233,6.51823,7.86584,2253
MUTHOOTFIN,15,Q3 FY25,Oct-Dec 2024,2295,2295,6.24238,1.07851,2315
MUTHOOTFIN,16,Q4 FY25,Jan-Mar 2025,2353,2353,-8.49626,22.1235,2373
MUTHOOTFIN,17,Q1 FY26,Apr-Jun 2025,2418,2418,9.81241,4.73557,2438
MUTHOOTFIN,18,Q2 FY26,Jul-Sep 2025,2479,2479,9.6799,2.47786,2499
MUTHOOTFIN,19,Q3 FY26,Oct-Dec 2025,2542,2542,-10.52,1.81961,2562
MUTHOOTFIN,20,Q4 FY26,Jan-Mar 2026,2601,2601,-6.02726,-5.45894,2621
MUTHOOTFIN,21,Q1 FY27,Apr-Jun 2026,2656,2655,-8.93338,5.81724,2675
NAM-INDIA,0,Q4 FY21,Jan-Mar 2021,1349,1349,-1.22322,-1.29481,1369
NAM-INDIA,1,Q1 FY22,Apr-Jun 2021,1407,1407,-1.07423,-6.2438,1427
NAM-INDIA,2,Q2 FY22,Jul-Sep 2021,1474,1474,1.27747,-7.00981,1494
NAM-INDIA,3,Q3 FY22,Oct-Dec 2021,1538,1538,3.70082,-5.43618,1558
NAM-INDIA,4,Q4 FY22,Jan-Mar 2022,1597,1597,-1.49043,-10.1256,1617
NAM-INDIA,5,Q1 FY23,Apr-Jun 2022,1663,1663,-5.18946,4.58868,1683
NAM-INDIA,6,Q2 FY23,Jul-Sep 2022,1718,1718,1.62786,-7.92533,1738
NAM-INDIA,7,Q3 FY23,Oct-Dec 2022,1788,1788,5.68137,-9.05849,1808
NAM-INDIA,8,Q4 FY23,Jan-Mar 2023,1844,1844,0.175672,-4.98769,1864
NAM-INDIA,9,Q1 FY24,Apr-Jun 2023,1909,1909,0.701462,-0.699222,1929
NAM-INDIA,10,Q2 FY24,Jul-Sep 2023,1972,1971,-0.733738,5.65928,1991
NAM-INDIA,11,Q3 FY24,Oct-Dec 2023,2034,2034,0.418304,-1.51869,2054
NAM-INDIA,12,Q4 FY24,Jan-Mar 2024,2092,2091,3.70296,3.5862,2111
NAM-INDIA,13,Q1 FY25,Apr-Jun 2024,2151,2151,0.647135,9.44169,2171
NAM-INDIA,14,Q2 FY25,Jul-Sep 2024,2218,2218,1.24192,3.50873,2238
NAM-INDIA,15,Q3 FY25,Oct-Dec 2024,2280,2280,-4.59494,-12.857,2300
NAM-INDIA,16,Q4 FY25,Jan-Mar 2025,2342,2342,-2.0679,16.2988,2362
NAM-INDIA,17,Q1 FY26,Apr-Jun 2025,2406,2405,-1.39077,3.95143,2425
NAM-INDIA,18,Q2 FY26,Jul-Sep 2025,2470,2470,0.945982,-3.71269,2490
NAM-INDIA,19,Q3 FY26,Oct-Dec 2025,2531,2531,2.30156,6.77029,2551
NAM-INDIA,20,Q4 FY26,Jan-Mar 2026,2589,2588,0.241897,11.4533,2608
NAM-INDIA,21,Q1 FY27,Apr-Jun 2026,2648,2648,-3.13978,9.94016,2668
NATIONALUM,0,Q4 FY21,Jan-Mar 2021,1392,1392,-3.20383,11.071,1412
NATIONALUM,1,Q1 FY22,Apr-Jun 2021,1420,1420,-12.2785,9.58513,1440
NATIONALUM,2,Q2 FY22,Jul-Sep 2021,1486,1486,-1.71271,6.48765,1506
NATIONALUM,3,Q3 FY22,Oct-Dec 2021,1545,1545,-0.1407,7.9789,1565
NATIONALUM,4,Q4 FY22,Jan-Mar 2022,1617,1617,-1.6474,-23.1807,1637
NATIONALUM,5,Q1 FY23,Apr-Jun 2022,1670,1670,1.08707,-1.38924,1690
NATIONALUM,6,Q2 FY23,Jul-Sep 2022,1731,1730,-2.11993,3.78311,1750
NATIONALUM,7,Q3 FY23,Oct-Dec 2022,1797,1797,3.3477,8.34023,1817
NATIONALUM,8,Q4 FY23,Jan-Mar 2023,1864,1864,-0.319504,1.64011,1884
NATIONALUM,9,Q1 FY24,Apr-Jun 2023,1920,1920,-3.9028,2.3654,1940
NATIONALUM,10,Q2 FY24,Jul-Sep 2023,1980,1979,-3.58189,-0.317232,1999
NATIONALUM,11,Q3 FY24,Oct-Dec 2023,2045,2045,9.3822,-13.3902,2065
NATIONALUM,12,Q4 FY24,Jan-Mar 2024,2114,2114,-1.3247,-6.63563,2134
NATIONALUM,13,Q1 FY25,Apr-Jun 2024,2167,2166,-1.63096,-2.04724,2186
NATIONALUM,14,Q2 FY25,Jul-Sep 2024,2232,2232,0.19378,-4.80722,2252
NATIONALUM,15,Q3 FY25,Oct-Dec 2024,2293,2293,-2.72633,7.09585,2313
NATIONALUM,16,Q4 FY25,Jan-Mar 2025,2358,2358,2.58179,-2.37871,2378
NATIONALUM,17,Q1 FY26,Apr-Jun 2025,2414,2413,0.509735,10.2416,2433
NATIONALUM,18,Q2 FY26,Jul-Sep 2025,2475,2475,9.319,2.76017,2495
NATIONALUM,19,Q3 FY26,Oct-Dec 2025,2532,2531,-9.73358,-6.96009,2551
NATIONALUM,20,Q4 FY26,Jan-Mar 2026,2592,2591,-7.10186,11.3028,2611
NATIONALUM,21,Q1 FY27,Apr-Jun 2026,2655,2655,3.8112,6.18842,2675
NAUKRI,0,Q4 FY21,Jan-Mar 2021,1387,1386,-0.823761,2.87651,1406
NAUKRI,1,Q1 FY22,Apr-Jun 2021,1426,1425,0.112369,16.654,1445
NAUKRI,2,Q2 FY22,Jul-Sep 2021,1487,1486,-1.03287,-11.0658,1506
NAUKRI,3,Q3 FY22,Oct-Dec 2021,1539,1539,9.83653,-5.96223,1559
NAUKRI,4,Q4 FY22,Jan-Mar 2022,1619,1619,1.13914,8.14706,1639
NAUKRI,5,Q1 FY23,Apr-Jun 2022,1673,1672,0.497357,-3.6059,1692
NAUKRI,6,Q2 FY23,Jul-Sep 2022,1733,1733,6.469,-8.04592,1753
NAUKRI,7,Q3 FY23,Oct-Dec 2022,1797,1797,-8.69651,1.55237,1817
NAUKRI,8,Q4 FY23,Jan-Mar 2023,1866,1865,6.65231,1.70206,1885
NAUKRI,9,Q1 FY24,Apr-Jun 2023,1920,1919,-3.47314,-1.83322,1939
NAUKRI,10,Q2 FY24,Jul-Sep 2023,1978,1977,0.68703,1.74106,1997
NAUKRI,11,Q3 FY24,Oct-Dec 2023,2045,2044,-1.4349,-6.23495,2064
NAUKRI,12,Q4 FY24,Jan-Mar 2024,2107,2106,-2.1755,2.37582,2126
NAUKRI,13,Q1 FY25,Apr-Jun 2024,2166,2165,3.3287,0.494355,2185
NAUKRI,14,Q2 FY25,Jul-Sep 2024,2229,2228,-2.93174,9.38783,2248
NAUKRI,15,Q3 FY25,Oct-Dec 2024,2290,2289,3.2204,-8.17103,2309
NAUKRI,16,Q4 FY25,Jan-Mar 2025,2362,2361,-0.725412,2.77018,2381
NAUKRI,17,Q1 FY26,Apr-Jun 2025,2415,2415,-1.76604,3.35876,2435
NAUKRI,18,Q2 FY26,Jul-Sep 2025,2478,2477,1.93599,-1.98589,2497
NAUKRI,19,Q3 FY26,Oct-Dec 2025,2543,2542,0.588872,-8.68543,2562
NAUKRI,20,Q4 FY26,Jan-Mar 2026,2607,2606,3.47319,0.838646,2626
NAUKRI,21,Q1 FY27,Apr-Jun 2026,2661,2660,4.57392,4.87216,2680
NBCC,0,Q4 FY21,Jan-Mar 2021,1393,1393,2.34916,-4.62544,1413
NBCC,1,Q1 FY22,Apr-Jun 2021,1425,1425,-3.54952,-5.32787,1445
NBCC,2,Q2 FY22,Jul-Sep 2021,1486,1485,-0.42918,1.62611,1505
NBCC,3,Q3 FY22,Oct-Dec 2021,1550,1550,-0.780062,-8.57829,1570
NBCC,4,Q4 FY22,Jan-Mar 2022,1645,1645,-0.705868,5.22456,1665
NBCC,5,Q1 FY23,Apr-Jun 2022,1671,1671,-4.18182,6.6753,1691
NBCC,6,Q2 FY23,Jul-Sep 2022,1734,1734,1.4872,17.0312,1754
NBCC,7,Q3 FY23,Oct-Dec 2022,1799,1799,-1.20011,7.46021,1819
NBCC,8,Q4 FY23,Jan-Mar 2023,1867,1867,0.878359,-8.02729,1887
NBCC,9,Q1 FY24,Apr-Jun 2023,1919,1919,2.89592,20.6659,1939
NBCC,10,Q2 FY24,Jul-Sep 2023,1980,1980,-2.0206,13.5057,2000
NBCC,11,Q3 FY24,Oct-Dec 2023,2045,2045,4.53872,-16.0358,2065
NBCC,12,Q4 FY24,Jan-Mar 2024,2115,2115,3.2871,5.30465,2135
NBCC,13,Q1 FY25,Apr-Jun 2024,2168,2168,0.159192,-1.2867,2188
NBCC,14,Q2 FY25,Jul-Sep 2024,2232,2231,-2.86815,5.79329,2251
NBCC,15,Q3 FY25,Oct-Dec 2024,2294,2294,0.712546,-6.48104,2314
NBCC,16,Q4 FY25,Jan-Mar 2025,2364,2364,6.49561,-3.71383,2384
NBCC,17,Q1 FY26,Apr-Jun 2025,2414,2413,-0.507123,-7.19537,2433
NBCC,18,Q2 FY26,Jul-Sep 2025,2479,2478,-2.76148,-0.689762,2498
NBCC,19,Q3 FY26,Oct-Dec 2025,2543,2543,0.932928,-8.52882,2563
NBCC,20,Q4 FY26,Jan-Mar 2026,2608,2607,0.760549,13.5201,2627
NBCC,21,Q1 FY27,Apr-Jun 2026,2662,2661,-0.651019,-4.8969,2681
NESTLEIND,10,Q2 FY24,Jul-Sep 2023,1971,1970,1.16417,-3.58333,1990
NESTLEIND,11,Q3 FY24,Oct-Dec 2023,2041,2040,1.7433,-0.379342,2060
NESTLEIND,12,Q4 FY24,Jan-Mar 2024,2093,2092,1.75015,-5.41672,2112
NESTLEIND,13,Q1 FY25,Apr-Jun 2024,2155,2154,-2.3601,0.248347,2174
NESTLEIND,14,Q2 FY25,Jul-Sep 2024,2213,2212,-2.50642,-3.31777,2232
NESTLEIND,15,Q3 FY25,Oct-Dec 2024,2286,2285,3.20916,0.544895,2305
NESTLEIND,16,Q4 FY25,Jan-Mar 2025,2340,2340,0.0455349,-2.32287,2360
NESTLEIND,17,Q1 FY26,Apr-Jun 2025,2404,2403,-4.69132,0.92544,2423
NESTLEIND,18,Q2 FY26,Jul-Sep 2025,2461,2460,3.48578,-2.16692,2480
NESTLEIND,19,Q3 FY26,Oct-Dec 2025,2532,2531,3.84176,-1.77545,2551
NESTLEIND,20,Q4 FY26,Jan-Mar 2026,2585,2584,6.39927,6.64689,2604
NESTLEIND,21,Q1 FY27,Apr-Jun 2026,2648,2647,3.66362,-2.25676,2667
NHPC,0,Q4 FY21,Jan-Mar 2021,1380,1380,-1.13079,-2.09992,1400
NHPC,1,Q1 FY22,Apr-Jun 2021,1425,1425,-1.70916,0.905096,1445
NHPC,2,Q2 FY22,Jul-Sep 2021,1485,1485,-0.502027,2.6642,1505
NHPC,3,Q3 FY22,Oct-Dec 2021,1549,1549,3.57357,-3.34673,1569
NHPC,4,Q4 FY22,Jan-Mar 2022,1617,1616,-3.15462,0.687176,1636
NHPC,5,Q1 FY23,Apr-Jun 2022,1671,1670,-3.33141,6.39725,1690
NHPC,6,Q2 FY23,Jul-Sep 2022,1732,1731,0.594689,-6.32346,1751
NHPC,7,Q3 FY23,Oct-Dec 2022,1794,1794,-0.971936,3.1974,1814
NHPC,8,Q4 FY23,Jan-Mar 2023,1867,1867,1.90864,3.80949,1887
NHPC,9,Q1 FY24,Apr-Jun 2023,1920,1920,0.366634,-2.17939,1940
NHPC,10,Q2 FY24,Jul-Sep 2023,1977,1977,-0.172398,11.7929,1997
NHPC,11,Q3 FY24,Oct-Dec 2023,2044,2043,-15.0801,7.98117,2063
NHPC,12,Q4 FY24,Jan-Mar 2024,2108,2108,-1.52,-0.810983,2128
NHPC,13,Q1 FY25,Apr-Jun 2024,2164,2164,-1.01745,-5.77149,2184
NHPC,14,Q2 FY25,Jul-Sep 2024,2228,2228,-2.35607,2.49545,2248
NHPC,15,Q3 FY25,Oct-Dec 2024,2292,2292,-0.870275,4.31773,2312
NHPC,16,Q4 FY25,Jan-Mar 2025,2357,2357,0.641314,-5.80354,2377
NHPC,17,Q1 FY26,Apr-Jun 2025,2417,2417,0.891251,-3.90086,2437
NHPC,18,Q2 FY26,Jul-Sep 2025,2474,2474,-1.58538,-8.13536,2494
NHPC,19,Q3 FY26,Oct-Dec 2025,2536,2536,2.45356,-2.62515,2556
NHPC,20,Q4 FY26,Jan-Mar 2026,2602,2602,1.17079,-5.24328,2622
NHPC,21,Q1 FY27,Apr-Jun 2026,2657,2657,-2.39986,-0.869073,2677
NMDC,0,Q4 FY21,Jan-Mar 2021,1388,1388,-3.01589,-2.66368,1408
NMDC,1,Q1 FY22,Apr-Jun 2021,1424,1423,0.455882,-18.6813,1443
NMDC,2,Q2 FY22,Jul-Sep 2021,1485,1485,-2.38818,7.1682,1505
NMDC,3,Q3 FY22,Oct-Dec 2021,1546,1546,0.358139,3.4019,1566
NMDC,4,Q4 FY22,Jan-Mar 2022,1618,1618,-1.88195,-9.93106,1638
NMDC,5,Q1 FY23,Apr-Jun 2022,1669,1669,1.25033,6.61711,1689
NMDC,6,Q2 FY23,Jul-Sep 2022,1734,1734,-4.41214,12.4662,1754
NMDC,7,Q3 FY23,Oct-Dec 2022,1799,1799,1.50396,1.40568,1819
NMDC,8,Q4 FY23,Jan-Mar 2023,1863,1863,-0.273475,-1.55523,1883
NMDC,9,Q1 FY24,Apr-Jun 2023,1920,1920,4.31948,12.1213,1940
NMDC,10,Q2 FY24,Jul-Sep 2023,1984,1983,-4.30252,5.32531,2003
NMDC,11,Q3 FY24,Oct-Dec 2023,2046,2046,4.51602,-19.299,2066
NMDC,12,Q4 FY24,Jan-Mar 2024,2114,2114,-1.23485,-7.99326,2134
NMDC,13,Q1 FY25,Apr-Jun 2024,2167,2167,-1.39714,-11.1012,2187
NMDC,14,Q2 FY25,Jul-Sep 2024,2230,2230,-2.4394,4.34666,2250
NMDC,15,Q3 FY25,Oct-Dec 2024,2291,2290,0.376904,7.52289,2310
NMDC,16,Q4 FY25,Jan-Mar 2025,2362,2362,-2.28748,-4.58558,2382
NMDC,17,Q1 FY26,Apr-Jun 2025,2417,2417,1.77296,3.35041,2437
NMDC,18,Q2 FY26,Jul-Sep 2025,2469,2468,2.31987,-3.86684,2488
NMDC,19,Q3 FY26,Oct-Dec 2025,2535,2534,-2.28973,-1.20309,2554
NMDC,20,Q4 FY26,Jan-Mar 2026,2611,2611,5.67918,-9.87185,2631
NMDC,21,Q1 FY27,Apr-Jun 2026,2665,2665,1.62487,-1.0346,2685
NTPC,0,Q4 FY21,Jan-Mar 2021,1387,1386,3.51632,2.84389,1406
NTPC,1,Q1 FY22,Apr-Jun 2021,1416,1415,-1.15531,-9.37907,1435
NTPC,2,Q2 FY22,Jul-Sep 2021,1475,1474,-1.01234,-2.30673,1494
NTPC,3,Q3 FY22,Oct-Dec 2021,1540,1539,-0.0353794,-2.87048,1559
NTPC,4,Q4 FY22,Jan-Mar 2022,1614,1614,0.683948,-3.25952,1634
NTPC,5,Q1 FY23,Apr-Jun 2022,1664,1663,0.378707,3.7216,1683
NTPC,6,Q2 FY23,Jul-Sep 2022,1725,1724,-1.81305,-5.06776,1744
NTPC,7,Q3 FY23,Oct-Dec 2022,1788,1787,1.28002,3.55438,1807
NTPC,8,Q4 FY23,Jan-Mar 2023,1861,1861,-0.148149,4.34078,1881
NTPC,9,Q1 FY24,Apr-Jun 2023,1911,1910,3.42773,3.34081,1930
NTPC,10,Q2 FY24,Jul-Sep 2023,1972,1971,-1.33698,5.87055,1991
NTPC,11,Q3 FY24,Oct-Dec 2023,2034,2034,-1.81251,3.40408,2054
NTPC,12,Q4 FY24,Jan-Mar 2024,2113,2113,-1.30615,-5.8205,2133
NTPC,13,Q1 FY25,Apr-Jun 2024,2157,2156,-0.610635,3.26707,2176
NTPC,14,Q2 FY25,Jul-Sep 2024,2218,2218,-2.26019,-9.39483,2238
NTPC,15,Q3 FY25,Oct-Dec 2024,2282,2281,0.691114,1.40263,2301
NTPC,16,Q4 FY25,Jan-Mar 2025,2361,2360,-0.914709,-3.05622,2380
NTPC,17,Q1 FY26,Apr-Jun 2025,2407,2407,1.11845,-1.59775,2427
NTPC,18,Q2 FY26,Jul-Sep 2025,2470,2470,-1.77391,-4.68695,2490
NTPC,19,Q3 FY26,Oct-Dec 2025,2532,2532,-1.20439,9.3532,2552
NTPC,20,Q4 FY26,Jan-Mar 2026,2608,2607,-0.95685,-5.66095,2627
NTPC,21,Q1 FY27,Apr-Jun 2026,2650,2650,0.0754711,-4.15095,2670
NYKAA,2,Q2 FY22,Jul-Sep 2021,1487,1486,-3.26179,-7.35137,1506
NYKAA,3,Q3 FY22,Oct-Dec 2021,1547,1547,-8.29509,-13.3765,1567
NYKAA,4,Q4 FY22,Jan-Mar 2022,1619,1619,1.81041,10.0332,1639
NYKAA,5,Q1 FY23,Apr-Jun 2022,1669,1669,-0.382686,-6.09473,1689
NYKAA,6,Q2 FY23,Jul-Sep 2022,1726,1725,2.09286,-16.1669,1745
NYKAA,7,Q3 FY23,Oct-Dec 2022,1798,1798,-5.62147,1.56778,1818
NYKAA,8,Q4 FY23,Jan-Mar 2023,1864,1864,1.44449,14.5838,1884
NYKAA,9,Q1 FY24,Apr-Jun 2023,1920,1920,-8.1717,5.20443,1940
NYKAA,10,Q2 FY24,Jul-Sep 2023,1977,1977,1.31547,8.25839,1997
NYKAA,11,Q3 FY24,Oct-Dec 2023,2040,2040,-2.43568,0.198311,2060
NYKAA,12,Q4 FY24,Jan-Mar 2024,2111,2111,-4.45553,-2.01246,2131
NYKAA,13,Q1 FY25,Apr-Jun 2024,2168,2168,1.05369,4.57489,2188
NYKAA,14,Q2 FY25,Jul-Sep 2024,2231,2231,-1.77992,-7.48436,2251
NYKAA,15,Q3 FY25,Oct-Dec 2024,2293,2293,-0.215397,1.11366,2313
NYKAA,16,Q4 FY25,Jan-Mar 2025,2365,2365,-4.14738,3.87533,2385
NYKAA,17,Q1 FY26,Apr-Jun 2025,2417,2417,4.54325,9.21198,2437
NYKAA,18,Q2 FY26,Jul-Sep 2025,2475,2475,5.75859,-4.6617,2495
NYKAA,19,Q3 FY26,Oct-Dec 2025,2537,2537,7.04142,-3.3696,2557
NYKAA,20,Q4 FY26,Jan-Mar 2026,2606,2606,0.728724,8.15732,2626
NYKAA,21,Q1 FY27,Apr-Jun 2026,2657,2657,-2.1272,3.4954,2677
OBEROIRLTY,0,Q4 FY21,Jan-Mar 2021,1367,1367,-3.37126,3.81785,1387
OBEROIRLTY,1,Q1 FY22,Apr-Jun 2021,1414,1414,-2.63638,-3.57272,1434
OBEROIRLTY,2,Q2 FY22,Jul-Sep 2021,1477,1477,5.07378,-8.98658,1497
OBEROIRLTY,3,Q3 FY22,Oct-Dec 2021,1539,1539,1.0818,2.20947,1559
OBEROIRLTY,4,Q4 FY22,Jan-Mar 2022,1618,1618,-2.69538,4.29195,1638
OBEROIRLTY,5,Q1 FY23,Apr-Jun 2022,1654,1654,-0.367472,1.40593,1674
OBEROIRLTY,6,Q2 FY23,Jul-Sep 2022,1715,1715,-5.4819,-2.05642,1735
OBEROIRLTY,7,Q3 FY23,Oct-Dec 2022,1795,1795,0.605355,6.72656,1815
OBEROIRLTY,8,Q4 FY23,Jan-Mar 2023,1858,1858,-5.60571,8.22593,1878
OBEROIRLTY,9,Q1 FY24,Apr-Jun 2023,1911,1911,-0.906818,3.67547,1931
OBEROIRLTY,10,Q2 FY24,Jul-Sep 2023,1971,1971,1.19168,22.2982,1991
OBEROIRLTY,11,Q3 FY24,Oct-Dec 2023,2031,2030,-7.39463,-7.3767,2050
OBEROIRLTY,12,Q4 FY24,Jan-Mar 2024,2105,2105,3.6915,16.8164,2125
OBEROIRLTY,13,Q1 FY25,Apr-Jun 2024,2151,2151,4.43817,-0.12279,2171
OBEROIRLTY,14,Q2 FY25,Jul-Sep 2024,2214,2214,3.60959,1.948,2234
OBEROIRLTY,15,Q3 FY25,Oct-Dec 2024,2277,2277,-5.86082,-14.13,2297
OBEROIRLTY,16,Q4 FY25,Jan-Mar 2025,2342,2342,-2.22159,4.79272,2362
OBEROIRLTY,17,Q1 FY26,Apr-Jun 2025,2401,2401,-0.339096,-9.22932,2421
OBEROIRLTY,18,Q2 FY26,Jul-Sep 2025,2460,2460,4.31795,1.77036,2480
OBEROIRLTY,19,Q3 FY26,Oct-Dec 2025,2524,2524,-6.54224,-0.174986,2544
OBEROIRLTY,20,Q4 FY26,Jan-Mar 2026,2597,2597,-2.52026,2.27453,2617
OBEROIRLTY,21,Q1 FY27,Apr-Jun 2026,2645,2645,-0.244907,2.36267,2665
OFSS,0,Q4 FY21,Jan-Mar 2021,1355,1355,-2.3495,-5.63223,1375
OFSS,1,Q1 FY22,Apr-Jun 2021,1413,1413,-0.176587,2.76428,1433
OFSS,2,Q2 FY22,Jul-Sep 2021,1475,1475,-3.04221,-0.500363,1495
OFSS,3,Q3 FY22,Oct-Dec 2021,1533,1533,-6.43343,0.106161,1553
OFSS,4,Q4 FY22,Jan-Mar 2022,1602,1602,1.65861,-4.57899,1622
OFSS,5,Q1 FY23,Apr-Jun 2022,1657,1657,-2.37352,-2.51192,1677
OFSS,6,Q2 FY23,Jul-Sep 2022,1718,1718,-1.49468,1.54838,1738
OFSS,7,Q3 FY23,Oct-Dec 2022,1781,1781,-0.299905,5.30377,1801
OFSS,8,Q4 FY23,Jan-Mar 2023,1845,1845,0.385138,-0.506064,1865
OFSS,9,Q1 FY24,Apr-Jun 2023,1908,1908,0.376148,6.61205,1928
OFSS,10,Q2 FY24,Jul-Sep 2023,1965,1965,-2.68394,3.65598,1985
OFSS,11,Q3 FY24,Oct-Dec 2023,2027,2027,29.1999,18.2658,2047
OFSS,12,Q4 FY24,Jan-Mar 2024,2092,2092,-3.68156,3.8772,2112
OFSS,13,Q1 FY25,Apr-Jun 2024,2154,2154,-0.188442,-3.08555,2174
OFSS,14,Q2 FY25,Jul-Sep 2024,2218,2218,2.82105,7.79003,2238
OFSS,15,Q3 FY25,Oct-Dec 2024,2274,2274,-3.84171,-10.0987,2294
OFSS,16,Q4 FY25,Jan-Mar 2025,2341,2341,0.55218,-6.07202,2361
OFSS,17,Q1 FY26,Apr-Jun 2025,2403,2403,2.44823,-2.75779,2423
OFSS,18,Q2 FY26,Jul-Sep 2025,2462,2462,-2.73931,-3.75167,2482
OFSS,19,Q3 FY26,Oct-Dec 2025,2526,2526,2.38634,-16.4157,2546
OFSS,20,Q4 FY26,Jan-Mar 2026,2586,2586,9.02422,10.2204,2606
OFSS,21,Q1 FY27,Apr-Jun 2026,2648,2648,0.454065,7.54813,2668
OIL,0,Q4 FY21,Jan-Mar 2021,1387,1387,0.969276,3.60067,1407
OIL,1,Q1 FY22,Apr-Jun 2021,1424,1423,0.107084,11.4828,1443
OIL,2,Q2 FY22,Jul-Sep 2021,1484,1484,-1.59091,-3.32726,1504
OIL,3,Q3 FY22,Oct-Dec 2021,1549,1548,0.878227,3.72657,1568
OIL,4,Q4 FY22,Jan-Mar 2022,1619,1619,1.25288,8.82475,1639
OIL,5,Q1 FY23,Apr-Jun 2022,1671,1671,-0.146795,2.8189,1691
OIL,6,Q2 FY23,Jul-Sep 2022,1732,1731,0.58185,3.49247,1751
OIL,7,Q3 FY23,Oct-Dec 2022,1797,1797,8.28524,7.68355,1817
OIL,8,Q4 FY23,Jan-Mar 2023,1864,1864,-3.55171,-7.50277,1884
OIL,9,Q1 FY24,Apr-Jun 2023,1917,1917,0.744485,1.41705,1937
OIL,10,Q2 FY24,Jul-Sep 2023,1979,1979,-2.42435,-2.29386,1999
OIL,11,Q3 FY24,Oct-Dec 2023,2045,2045,5.7057,14.3258,2065
OIL,12,Q4 FY24,Jan-Mar 2024,2110,2109,2.58667,0.498721,2129
OIL,13,Q1 FY25,Apr-Jun 2024,2165,2165,4.03596,-3.87205,2185
OIL,14,Q2 FY25,Jul-Sep 2024,2226,2226,4.83419,-10.3514,2246
OIL,15,Q3 FY25,Oct-Dec 2024,2292,2292,-3.84516,-5.12862,2312
OIL,16,Q4 FY25,Jan-Mar 2025,2358,2358,-1.08977,11.5644,2378
OIL,17,Q1 FY26,Apr-Jun 2025,2417,2417,-4.79667,-4.1222,2437
OIL,18,Q2 FY26,Jul-Sep 2025,2480,2480,-0.53642,-7.54895,2500
OIL,19,Q3 FY26,Oct-Dec 2025,2540,2540,-2.03589,8.92895,2560
OIL,20,Q4 FY26,Jan-Mar 2026,2600,2600,0.877616,-18.992,2620
OIL,21,Q1 FY27,Apr-Jun 2026,2660,2660,2.25,10.7786,2680
ONGC,0,Q4 FY21,Jan-Mar 2021,1390,1390,-1.34431,-5.02593,1410
ONGC,1,Q1 FY22,Apr-Jun 2021,1425,1425,-0.722191,5.43783,1445
ONGC,2,Q2 FY22,Jul-Sep 2021,1486,1486,1.99985,-2.57521,1506
ONGC,3,Q3 FY22,Oct-Dec 2021,1549,1549,1.90195,-0.406611,1569
ONGC,4,Q4 FY22,Jan-Mar 2022,1620,1620,5.45951,3.17172,1640
ONGC,5,Q1 FY23,Apr-Jun 2022,1673,1673,-0.179361,-5.82454,1693
ONGC,6,Q2 FY23,Jul-Sep 2022,1734,1734,1.82112,0.293246,1754
ONGC,7,Q3 FY23,Oct-Dec 2022,1799,1799,-1.11959,8.90502,1819
ONGC,8,Q4 FY23,Jan-Mar 2023,1866,1866,-3.43754,-1.81838,1886
ONGC,9,Q1 FY24,Apr-Jun 2023,1920,1920,0.419297,-1.2453,1940
ONGC,10,Q2 FY24,Jul-Sep 2023,1981,1981,-0.0819258,-7.75816,2001
ONGC,11,Q3 FY24,Oct-Dec 2023,2044,2043,-2.84265,2.9276,2063
ONGC,12,Q4 FY24,Jan-Mar 2024,2110,2109,0.274053,-7.43332,2129
ONGC,13,Q1 FY25,Apr-Jun 2024,2162,2162,-1.07553,-2.31567,2182
ONGC,14,Q2 FY25,Jul-Sep 2024,2230,2230,0.776145,-3.60523,2250
ONGC,15,Q3 FY25,Oct-Dec 2024,2286,2286,-1.81515,-6.78407,2306
ONGC,16,Q4 FY25,Jan-Mar 2025,2358,2358,-1.99775,3.3465,2378
ONGC,17,Q1 FY26,Apr-Jun 2025,2417,2417,0.798621,-4.28011,2437
ONGC,18,Q2 FY26,Jul-Sep 2025,2476,2476,-1.24722,-4.41562,2496
ONGC,19,Q3 FY26,Oct-Dec 2025,2542,2542,-1.9363,5.49754,2562
ONGC,20,Q4 FY26,Jan-Mar 2026,2609,2609,-4.65087,-15.5651,2629
ONGC,21,Q1 FY27,Apr-Jun 2026,2657,2657,-0.783412,1.76004,2677
PAGEIND,0,Q4 FY21,Jan-Mar 2021,1370,1369,-0.462945,-10.0484,1389
PAGEIND,1,Q1 FY22,Apr-Jun 2021,1424,1423,-2.34502,-6.9691,1443
PAGEIND,2,Q2 FY22,Jul-Sep 2021,1485,1484,1.85444,1.5419,1504
PAGEIND,3,Q3 FY22,Oct-Dec 2021,1548,1547,-4.25991,6.84742,1567
PAGEIND,4,Q4 FY22,Jan-Mar 2022,1618,1617,-0.00768206,-3.10081,1637
PAGEIND,5,Q1 FY23,Apr-Jun 2022,1672,1672,0.035895,-3.64326,1692
PAGEIND,6,Q2 FY23,Jul-Sep 2022,1732,1731,-1.13699,-8.87945,1751
PAGEIND,7,Q3 FY23,Oct-Dec 2022,1796,1795,-3.65789,0.233183,1815
PAGEIND,8,Q4 FY23,Jan-Mar 2023,1865,1865,-9.77465,-0.430955,1885
PAGEIND,9,Q1 FY24,Apr-Jun 2023,1919,1918,3.09558,3.03789,1938
PAGEIND,10,Q2 FY24,Jul-Sep 2023,1980,1979,-0.265814,-9.04739,1999
PAGEIND,11,Q3 FY24,Oct-Dec 2023,2042,2041,2.25566,-6.28829,2061
PAGEIND,12,Q4 FY24,Jan-Mar 2024,2112,2111,-3.68441,9.55733,2131
PAGEIND,13,Q1 FY25,Apr-Jun 2024,2165,2164,-0.606325,-3.96543,2184
PAGEIND,14,Q2 FY25,Jul-Sep 2024,2228,2227,3.2255,0.611187,2247
PAGEIND,15,Q3 FY25,Oct-Dec 2024,2290,2289,-2.18993,-6.49465,2309
PAGEIND,16,Q4 FY25,Jan-Mar 2025,2354,2354,2.06482,-2.27723,2374
PAGEIND,17,Q1 FY26,Apr-Jun 2025,2414,2413,-1.25563,-3.95387,2433
PAGEIND,18,Q2 FY26,Jul-Sep 2025,2479,2478,-2.80028,-6.44101,2498
PAGEIND,19,Q3 FY26,Oct-Dec 2025,2537,2536,4.04617,-6.69975,2556
PAGEIND,20,Q4 FY26,Jan-Mar 2026,2606,2605,0.266314,2.64068,2625
PAGEIND,21,Q1 FY27,Apr-Jun 2026,2664,2663,-4.47097,1.6547,2683
PATANJALI,0,Q4 FY21,Jan-Mar 2021,1393,1393,-2.55275,-7.35832,1413
PATANJALI,1,Q1 FY22,Apr-Jun 2021,1426,1425,-0.11219,-11.2727,1445
PATANJALI,2,Q2 FY22,Jul-Sep 2021,1487,1486,-2.81272,-3.26731,1506
PATANJALI,3,Q3 FY22,Oct-Dec 2021,1550,1549,4.23396,32.0414,1569
PATANJALI,4,Q4 FY22,Jan-Mar 2022,1619,1618,1.65178,-1.66705,1638
PATANJALI,5,Q1 FY23,Apr-Jun 2022,1671,1671,-0.256611,22.1564,1691
PATANJALI,6,Q2 FY23,Jul-Sep 2022,1734,1733,-0.00258807,-1.41892,1753
PATANJALI,7,Q3 FY23,Oct-Dec 2022,1786,1786,-3.39128,-17.1717,1806
PATANJALI,8,Q4 FY23,Jan-Mar 2023,1868,1868,3.07397,11.1993,1888
PATANJALI,9,Q1 FY24,Apr-Jun 2023,1920,1920,-1.41172,-2.02815,1940
PATANJALI,10,Q2 FY24,Jul-Sep 2023,1979,1979,-0.619452,3.19235,1999
PATANJALI,11,Q3 FY24,Oct-Dec 2023,2042,2042,-3.94396,-8.08411,2062
PATANJALI,12,Q4 FY24,Jan-Mar 2024,2105,2105,3.35128,1.4141,2125
PATANJALI,13,Q1 FY25,Apr-Jun 2024,2151,2151,1.03852,12.4266,2171
PATANJALI,14,Q2 FY25,Jul-Sep 2024,2218,2218,-6.04103,5.90596,2238
PATANJALI,15,Q3 FY25,Oct-Dec 2024,2293,2293,-0.0792565,-2.36765,2313
PATANJALI,16,Q4 FY25,Jan-Mar 2025,2354,2354,-1.27233,-5.07067,2374
PATANJALI,17,Q1 FY26,Apr-Jun 2025,2419,2419,-0.266347,-0.150714,2439
PATANJALI,18,Q2 FY26,Jul-Sep 2025,2471,2471,-4.18593,-3.60342,2491
PATANJALI,19,Q3 FY26,Oct-Dec 2025,2541,2541,0.833369,2.34981,2561
PATANJALI,20,Q4 FY26,Jan-Mar 2026,2612,2611,-0.822109,-10.5693,2631
PATANJALI,21,Q1 FY27,Apr-Jun 2026,2665,2665,0.861328,0.475968,2685
PAYTM,2,Q2 FY22,Jul-Sep 2021,1496,1495,-2.75043,-22.7354,1515
PAYTM,3,Q3 FY22,Oct-Dec 2021,1544,1544,2.17392,-15.9823,1564
PAYTM,4,Q4 FY22,Jan-Mar 2022,1614,1614,7.93576,9.36838,1634
PAYTM,5,Q1 FY23,Apr-Jun 2022,1669,1669,5.72455,-16.8858,1689
PAYTM,6,Q2 FY23,Jul-Sep 2022,1730,1730,-0.91538,-23.0022,1750
PAYTM,7,Q3 FY23,Oct-Dec 2022,1792,1792,6.854,12.3626,1812
PAYTM,8,Q4 FY23,Jan-Mar 2023,1851,1851,3.79823,-3.0205,1871
PAYTM,9,Q1 FY24,Apr-Jun 2023,1905,1905,-4.64213,8.30396,1925
PAYTM,10,Q2 FY24,Jul-Sep 2023,1967,1967,-5.13994,-3.81961,1987
PAYTM,11,Q3 FY24,Oct-Dec 2023,2029,2029,1.74643,-54.9863,2049
PAYTM,12,Q4 FY24,Jan-Mar 2024,2111,2110,4.57116,7.27406,2130
PAYTM,13,Q1 FY25,Apr-Jun 2024,2151,2150,4.10891,24.6908,2170
PAYTM,14,Q2 FY25,Jul-Sep 2024,2216,2215,-4.19423,27.741,2235
PAYTM,15,Q3 FY25,Oct-Dec 2024,2277,2276,-0.782239,-17.6448,2296
PAYTM,16,Q4 FY25,Jan-Mar 2025,2347,2347,7.0549,6.71858,2367
PAYTM,17,Q1 FY26,Apr-Jun 2025,2402,2402,1.27792,16.8261,2422
PAYTM,18,Q2 FY26,Jul-Sep 2025,2473,2473,4.49185,-1.44854,2493
PAYTM,19,Q3 FY26,Oct-Dec 2025,2531,2531,-2.23312,-1.98701,2551
PAYTM,20,Q4 FY26,Jan-Mar 2026,2595,2595,7.83327,-7.09449,2615
PAYTM,21,Q1 FY27,Apr-Jun 2026,2646,2646,-3.27836,19.036,2666
PERSISTENT,0,Q4 FY21,Jan-Mar 2021,1351,1351,3.55885,18.2537,1371
PERSISTENT,1,Q1 FY22,Apr-Jun 2021,1409,1409,7.24139,1.72758,1429
PERSISTENT,2,Q2 FY22,Jul-Sep 2021,1474,1474,3.07561,3.31095,1494
PERSISTENT,3,Q3 FY22,Oct-Dec 2021,1534,1534,2.08035,-8.4612,1554
PERSISTENT,4,Q4 FY22,Jan-Mar 2022,1598,1598,4.47032,-12.5198,1618
PERSISTENT,5,Q1 FY23,Apr-Jun 2022,1658,1658,1.26989,-5.37704,1678
PERSISTENT,6,Q2 FY23,Jul-Sep 2022,1718,1718,0.907488,-4.66673,1738
PERSISTENT,7,Q3 FY23,Oct-Dec 2022,1781,1781,7.85644,16.2203,1801
PERSISTENT,8,Q4 FY23,Jan-Mar 2023,1844,1843,0.527387,8.15246,1863
PERSISTENT,9,Q1 FY24,Apr-Jun 2023,1904,1904,-4.66,7.27701,1924
PERSISTENT,10,Q2 FY24,Jul-Sep 2023,1965,1965,2.56628,8.65079,1985
PERSISTENT,11,Q3 FY24,Oct-Dec 2023,2030,2030,5.74551,-0.626723,2050
PERSISTENT,12,Q4 FY24,Jan-Mar 2024,2090,2089,-10.5393,-0.708592,2109
PERSISTENT,13,Q1 FY25,Apr-Jun 2024,2150,2150,-5.29818,6.17981,2170
PERSISTENT,14,Q2 FY25,Jul-Sep 2024,2216,2216,11.0168,3.51699,2236
PERSISTENT,15,Q3 FY25,Oct-Dec 2024,2279,2278,-4.18917,2.91484,2298
PERSISTENT,16,Q4 FY25,Jan-Mar 2025,2340,2339,0.202508,7.302,2359
PERSISTENT,17,Q1 FY26,Apr-Jun 2025,2403,2403,-7.0721,4.53494,2423
PERSISTENT,18,Q2 FY26,Jul-Sep 2025,2459,2459,6.53634,4.25911,2479
PERSISTENT,19,Q3 FY26,Oct-Dec 2025,2525,2525,-1.28731,-14.1816,2545
PERSISTENT,20,Q4 FY26,Jan-Mar 2026,2585,2585,-4.00667,1.89711,2605
PERSISTENT,21,Q1 FY27,Apr-Jun 2026,2656,2655,-1.13375,3.15068,2675
PETRONET,0,Q4 FY21,Jan-Mar 2021,1378,1378,-7.33369,-3.05174,1398
PETRONET,1,Q1 FY22,Apr-Jun 2021,1425,1425,-0.784635,2.89502,1445
PETRONET,2,Q2 FY22,Jul-Sep 2021,1483,1483,-0.125982,-0.244858,1503
PETRONET,3,Q3 FY22,Oct-Dec 2021,1547,1547,-0.102388,1.00821,1567
PETRONET,4,Q4 FY22,Jan-Mar 2022,1607,1607,0.534208,2.81535,1627
PETRONET,5,Q1 FY23,Apr-Jun 2022,1669,1669,-3.14252,2.04639,1689
PETRONET,6,Q2 FY23,Jul-Sep 2022,1731,1731,2.26179,-1.48321,1751
PETRONET,7,Q3 FY23,Oct-Dec 2022,1783,1783,1.13291,-4.19239,1803
PETRONET,8,Q4 FY23,Jan-Mar 2023,1849,1849,-5.09988,-2.83582,1869
PETRONET,9,Q1 FY24,Apr-Jun 2023,1911,1911,0.102512,-4.55168,1931
PETRONET,10,Q2 FY24,Jul-Sep 2023,1972,1971,-8.91392,-6.56449,1991
PETRONET,11,Q3 FY24,Oct-Dec 2023,2034,2034,2.74075,2.0158,2054
PETRONET,12,Q4 FY24,Jan-Mar 2024,2111,2111,-2.08864,1.53665,2131
PETRONET,13,Q1 FY25,Apr-Jun 2024,2154,2153,5.37946,7.09765,2173
PETRONET,14,Q2 FY25,Jul-Sep 2024,2218,2218,0.600547,-2.61924,2238
PETRONET,15,Q3 FY25,Oct-Dec 2024,2282,2282,-7.07656,6.61222,2302
PETRONET,16,Q4 FY25,Jan-Mar 2025,2356,2356,-0.198392,-6.90513,2376
PETRONET,17,Q1 FY26,Apr-Jun 2025,2405,2405,0.512508,-10.9424,2425
PETRONET,18,Q2 FY26,Jul-Sep 2025,2475,2475,-0.627068,-3.97723,2495
PETRONET,19,Q3 FY26,Oct-Dec 2025,2542,2542,-0.96923,5.66893,2562
PETRONET,20,Q4 FY26,Jan-Mar 2026,2593,2593,2.47283,-1.84962,2613
PETRONET,21,Q1 FY27,Apr-Jun 2026,2663,2663,-0.0324315,7.12871,2683
PFC,0,Q4 FY21,Jan-Mar 2021,1383,1382,-1.67525,-2.45724,1402
PFC,1,Q1 FY22,Apr-Jun 2021,1424,1423,0.0773089,0.925125,1443
PFC,2,Q2 FY22,Jul-Sep 2021,1485,1485,-2.28564,-6.69568,1505
PFC,3,Q3 FY22,Oct-Dec 2021,1549,1548,-0.189598,-4.81057,1568
PFC,4,Q4 FY22,Jan-Mar 2022,1617,1617,0.267485,-1.88728,1637
PFC,5,Q1 FY23,Apr-Jun 2022,1673,1672,0.95132,-6.44917,1692
PFC,6,Q2 FY23,Jul-Sep 2022,1732,1731,-0.516852,20.535,1751
PFC,7,Q3 FY23,Oct-Dec 2022,1798,1798,0.69735,17.3539,1818
PFC,8,Q4 FY23,Jan-Mar 2023,1867,1866,1.72195,14.161,1886
PFC,9,Q1 FY24,Apr-Jun 2023,1920,1920,-0.0321696,4.26426,1940
PFC,10,Q2 FY24,Jul-Sep 2023,1979,1979,5.46513,30.5787,1999
PFC,11,Q3 FY24,Oct-Dec 2023,2042,2041,0.873249,-12.9468,2061
PFC,12,Q4 FY24,Jan-Mar 2024,2110,2109,0.555826,2.04642,2129
PFC,13,Q1 FY25,Apr-Jun 2024,2163,2162,-4.55669,12.1124,2182
PFC,14,Q2 FY25,Jul-Sep 2024,2229,2228,-2.5159,13.1631,2248
PFC,15,Q3 FY25,Oct-Dec 2024,2295,2294,-0.324338,6.69064,2314
PFC,16,Q4 FY25,Jan-Mar 2025,2358,2357,1.06285,-3.78646,2377
PFC,17,Q1 FY26,Apr-Jun 2025,2413,2412,0.84982,-5.81407,2432
PFC,18,Q2 FY26,Jul-Sep 2025,2475,2475,-1.09767,-10.7468,2495
PFC,19,Q3 FY26,Oct-Dec 2025,2537,2537,0.813554,0.185004,2557
PFC,20,Q4 FY26,Jan-Mar 2026,2600,2600,0.0388464,-6.45229,2620
PFC,21,Q1 FY27,Apr-Jun 2026,2660,2660,-8.35114,-5.04834,2680
PGEL,0,Q4 FY21,Jan-Mar 2021,1377,1376,4.47267,-8.79232,1396
PGEL,1,Q1 FY22,Apr-Jun 2021,1426,1425,1.35323,11.0071,1445
PGEL,2,Q2 FY22,Jul-Sep 2021,1487,1486,-0.741169,41.2274,1506
PGEL,3,Q3 FY22,Oct-Dec 2021,1550,1550,-4.34931,0.550478,1570
PGEL,4,Q4 FY22,Jan-Mar 2022,1620,1619,10.6215,21.2879,1639
PGEL,5,Q1 FY23,Apr-Jun 2022,1673,1672,-1.7799,4.2357,1692
PGEL,6,Q2 FY23,Jul-Sep 2022,1734,1734,2.02142,0.766128,1754
PGEL,7,Q3 FY23,Oct-Dec 2022,1793,1792,3.08714,25.2205,1812
PGEL,8,Q4 FY23,Jan-Mar 2023,1866,1865,3.12716,-0.407845,1885
PGEL,9,Q1 FY24,Apr-Jun 2023,1915,1915,2.68857,13.0631,1935
PGEL,10,Q2 FY24,Jul-Sep 2023,1977,1977,-0.409453,7.42405,1997
PGEL,11,Q3 FY24,Oct-Dec 2023,2045,2044,0.829528,-18.8597,2064
PGEL,12,Q4 FY24,Jan-Mar 2024,2111,2111,3.49758,25.8195,2131
PGEL,13,Q1 FY25,Apr-Jun 2024,2154,2154,12.2355,22.4487,2174
PGEL,14,Q2 FY25,Jul-Sep 2024,2230,2229,-6.22777,29.1463,2249
PGEL,15,Q3 FY25,Oct-Dec 2024,2291,2291,2.9139,8.77238,2311
PGEL,16,Q4 FY25,Jan-Mar 2025,2351,2351,-2.53009,-12.0169,2371
PGEL,17,Q1 FY26,Apr-Jun 2025,2415,2414,-19.1456,-5.90384,2434
PGEL,18,Q2 FY26,Jul-Sep 2025,2479,2479,3.21423,-2.43115,2499
PGEL,19,Q3 FY26,Oct-Dec 2025,2534,2534,-2.67197,10.3355,2554
PGEL,20,Q4 FY26,Jan-Mar 2026,2610,2610,2.86872,9.48788,2630
PGEL,21,Q1 FY27,Apr-Jun 2026,2659,2659,3.69289,-8.09919,2679
PHOENIXLTD,0,Q4 FY21,Jan-Mar 2021,1370,1370,-1.04721,3.49572,1390
PHOENIXLTD,1,Q1 FY22,Apr-Jun 2021,1420,1420,-1.95019,-6.57632,1440
PHOENIXLTD,2,Q2 FY22,Jul-Sep 2021,1478,1478,5.36534,0.864126,1498
PHOENIXLTD,3,Q3 FY22,Oct-Dec 2021,1545,1545,-3.13765,0.66451,1565
PHOENIXLTD,4,Q4 FY22,Jan-Mar 2022,1616,1616,-1.80281,5.05234,1636
PHOENIXLTD,5,Q1 FY23,Apr-Jun 2022,1672,1672,2.89372,6.34914,1692
PHOENIXLTD,6,Q2 FY23,Jul-Sep 2022,1731,1730,-0.641074,-6.32449,1750
PHOENIXLTD,7,Q3 FY23,Oct-Dec 2022,1794,1794,-4.50817,-5.26243,1814
PHOENIXLTD,8,Q4 FY23,Jan-Mar 2023,1864,1864,-1.65783,7.90643,1884
PHOENIXLTD,9,Q1 FY24,Apr-Jun 2023,1917,1917,-0.625852,7.0197,1937
PHOENIXLTD,10,Q2 FY24,Jul-Sep 2023,1979,1979,-1.12108,-1.09606,1999
PHOENIXLTD,11,Q3 FY24,Oct-Dec 2023,2044,2044,-3.98412,6.6662,2064
PHOENIXLTD,12,Q4 FY24,Jan-Mar 2024,2108,2108,2.64753,17.0297,2128
PHOENIXLTD,13,Q1 FY25,Apr-Jun 2024,2159,2159,0.0301861,3.60564,2179
PHOENIXLTD,14,Q2 FY25,Jul-Sep 2024,2219,2219,-1.91953,15.3816,2239
PHOENIXLTD,15,Q3 FY25,Oct-Dec 2024,2285,2285,1.55347,0.178821,2305
PHOENIXLTD,16,Q4 FY25,Jan-Mar 2025,2344,2344,-7.6933,-1.67237,2364
PHOENIXLTD,17,Q1 FY26,Apr-Jun 2025,2404,2404,6.27073,3.53673,2424
PHOENIXLTD,18,Q2 FY26,Jul-Sep 2025,2471,2471,3.63732,-1.91958,2491
PHOENIXLTD,19,Q3 FY26,Oct-Dec 2025,2530,2530,-2.57716,0.17068,2550
PHOENIXLTD,20,Q4 FY26,Jan-Mar 2026,2589,2589,-1.69774,0.930923,2609
PHOENIXLTD,21,Q1 FY27,Apr-Jun 2026,2652,2652,-6.6746,0.886901,2672
PIDILITIND,0,Q4 FY21,Jan-Mar 2021,1360,1360,0.571414,4.47062,1380
PIDILITIND,1,Q1 FY22,Apr-Jun 2021,1423,1422,1.69219,-2.78261,1442
PIDILITIND,2,Q2 FY22,Jul-Sep 2021,1484,1484,5.3418,-3.9653,1504
PIDILITIND,3,Q3 FY22,Oct-Dec 2021,1537,1536,-2.66398,-5.48556,1556
PIDILITIND,4,Q4 FY22,Jan-Mar 2022,1612,1612,0.568156,1.85668,1632
PIDILITIND,5,Q1 FY23,Apr-Jun 2022,1671,1670,-0.528765,6.1608,1690
PIDILITIND,6,Q2 FY23,Jul-Sep 2022,1731,1731,0.863954,0.744277,1751
PIDILITIND,7,Q3 FY23,Oct-Dec 2022,1785,1785,-1.56516,0.0913205,1805
PIDILITIND,8,Q4 FY23,Jan-Mar 2023,1852,1852,0.850452,4.34032,1872
PIDILITIND,9,Q1 FY24,Apr-Jun 2023,1919,1918,-2.75148,-2.01381,1938
PIDILITIND,10,Q2 FY24,Jul-Sep 2023,1979,1979,-0.382877,-3.87995,1999
PIDILITIND,11,Q3 FY24,Oct-Dec 2023,2031,2031,1.74011,1.31188,2051
PIDILITIND,12,Q4 FY24,Jan-Mar 2024,2100,2100,-4.58266,11.0488,2120
PIDILITIND,13,Q1 FY25,Apr-Jun 2024,2164,2163,1.92348,-1.70115,2183
PIDILITIND,14,Q2 FY25,Jul-Sep 2024,2217,2217,1.14589,-3.60852,2237
PIDILITIND,15,Q3 FY25,Oct-Dec 2024,2279,2279,5.40708,-3.67014,2299
PIDILITIND,16,Q4 FY25,Jan-Mar 2025,2349,2349,1.85579,-1.80238,2369
PIDILITIND,17,Q1 FY26,Apr-Jun 2025,2413,2413,0.206556,1.01762,2433
PIDILITIND,18,Q2 FY26,Jul-Sep 2025,2470,2470,-2.21029,-0.102307,2490
PIDILITIND,19,Q3 FY26,Oct-Dec 2025,2535,2535,2.08791,2.93267,2555
PIDILITIND,20,Q4 FY26,Jan-Mar 2026,2596,2596,2.38369,3.25859,2616
PIDILITIND,21,Q1 FY27,Apr-Jun 2026,2657,2656,-0.726451,3.72201,2676
PIIND,0,Q4 FY21,Jan-Mar 2021,1363,1363,-5.69233,7.68671,1383
PIIND,1,Q1 FY22,Apr-Jun 2021,1415,1415,11.6415,-5.51361,1435
PIIND,2,Q2 FY22,Jul-Sep 2021,1486,1486,5.51297,6.49851,1506
PIIND,3,Q3 FY22,Oct-Dec 2021,1543,1543,2.73976,3.72114,1563
PIIND,4,Q4 FY22,Jan-Mar 2022,1611,1611,4.42938,2.12659,1631
PIIND,5,Q1 FY23,Apr-Jun 2022,1667,1667,3.73192,2.39671,1687
PIIND,6,Q2 FY23,Jul-Sep 2022,1731,1730,10.1556,-6.52867,1750
PIIND,7,Q3 FY23,Oct-Dec 2022,1799,1799,2.39543,0.925106,1819
PIIND,8,Q4 FY23,Jan-Mar 2023,1860,1860,0.152276,15.8251,1880
PIIND,9,Q1 FY24,Apr-Jun 2023,1918,1918,0.331981,-7.14073,1938
PIIND,10,Q2 FY24,Jul-Sep 2023,1979,1979,2.16877,-2.75246,1999
PIIND,11,Q3 FY24,Oct-Dec 2023,2043,2043,-1.55766,3.99069,2063
PIIND,12,Q4 FY24,Jan-Mar 2024,2110,2110,2.89712,-2.25633,2130
PIIND,13,Q1 FY25,Apr-Jun 2024,2163,2163,2.42087,-1.50411,2183
PIIND,14,Q2 FY25,Jul-Sep 2024,2232,2232,-3.95684,-12.077,2252
PIIND,15,Q3 FY25,Oct-Dec 2024,2291,2291,-2.49638,-3.5214,2311
PIIND,16,Q4 FY25,Jan-Mar 2025,2356,2356,0.282327,11.1652,2376
PIIND,17,Q1 FY26,Apr-Jun 2025,2417,2417,-2.2377,-3.90969,2437
PIIND,18,Q2 FY26,Jul-Sep 2025,2477,2477,-5.92988,-6.27383,2497
PIIND,19,Q3 FY26,Oct-Dec 2025,2542,2542,-0.92277,-0.171638,2562
PIIND,20,Q4 FY26,Jan-Mar 2026,2604,2604,-7.32332,-4.05406,2624
PIIND,21,Q1 FY27,Apr-Jun 2026,2662,2662,-8.90153,0.526166,2682
PNB,0,Q4 FY21,Jan-Mar 2021,1376,1376,-2.83965,-0.0499606,1396
PNB,1,Q1 FY22,Apr-Jun 2021,1416,1416,-2.5289,-13.1816,1436
PNB,2,Q2 FY22,Jul-Sep 2021,1475,1475,-8.74886,-4.57046,1495
PNB,3,Q3 FY22,Oct-Dec 2021,1538,1538,-0.681115,-11.8496,1558
PNB,4,Q4 FY22,Jan-Mar 2022,1607,1607,-11.374,4.50226,1627
PNB,5,Q1 FY23,Apr-Jun 2022,1663,1663,-5.33221,10.8511,1683
PNB,6,Q2 FY23,Jul-Sep 2022,1726,1725,-6.7184,24.5522,1745
PNB,7,Q3 FY23,Oct-Dec 2022,1788,1787,-0.450196,-3.67627,1807
PNB,8,Q4 FY23,Jan-Mar 2023,1861,1860,1.24606,1.24981,1880
PNB,9,Q1 FY24,Apr-Jun 2023,1908,1907,3.53981,1.5049,1927
PNB,10,Q2 FY24,Jul-Sep 2023,1970,1969,1.8889,4.58197,1989
PNB,11,Q3 FY24,Oct-Dec 2023,2033,2032,2.7229,18.4121,2052
PNB,12,Q4 FY24,Jan-Mar 2024,2102,2101,-0.576488,-2.50174,2121
PNB,13,Q1 FY25,Apr-Jun 2024,2157,2156,5.87242,-9.42432,2176
PNB,14,Q2 FY25,Jul-Sep 2024,2220,2219,2.3957,6.08312,2239
PNB,15,Q3 FY25,Oct-Dec 2024,2286,2285,3.73517,-7.76026,2305
PNB,16,Q4 FY25,Jan-Mar 2025,2348,2347,-0.37562,15.3799,2367
PNB,17,Q1 FY26,Apr-Jun 2025,2408,2407,-1.22563,-4.9562,2427
PNB,18,Q2 FY26,Jul-Sep 2025,2463,2462,3.35135,5.08265,2482
PNB,19,Q3 FY26,Oct-Dec 2025,2524,2523,-2.83264,-6.22156,2543
PNB,20,Q4 FY26,Jan-Mar 2026,2594,2593,-0.368271,0.672605,2613
PNB,21,Q1 FY27,Apr-Jun 2026,2646,2645,6.05691,4.77216,2665
PNBHOUSING,0,Q4 FY21,Jan-Mar 2021,1349,1349,-1.29754,10.5323,1369
PNBHOUSING,1,Q1 FY22,Apr-Jun 2021,1418,1417,4.20105,-15.0607,1437
PNBHOUSING,2,Q2 FY22,Jul-Sep 2021,1479,1479,-4.45213,20.6734,1499
PNBHOUSING,3,Q3 FY22,Oct-Dec 2021,1534,1534,-4.2042,-6.55638,1554
PNBHOUSING,4,Q4 FY22,Jan-Mar 2022,1599,1599,-2.15186,-8.46846,1619
PNBHOUSING,5,Q1 FY23,Apr-Jun 2022,1663,1663,-1.47834,-4.02884,1683
PNBHOUSING,6,Q2 FY23,Jul-Sep 2022,1723,1722,4.57598,-6.37215,1742
PNBHOUSING,7,Q3 FY23,Oct-Dec 2022,1785,1784,4.82429,8.10928,1804
PNBHOUSING,8,Q4 FY23,Jan-Mar 2023,1860,1860,-3.46508,18.9547,1880
PNBHOUSING,9,Q1 FY24,Apr-Jun 2023,1906,1905,6.38147,-3.19641,1925
PNBHOUSING,10,Q2 FY24,Jul-Sep 2023,1968,1968,0.33825,10.0886,1988
PNBHOUSING,11,Q3 FY24,Oct-Dec 2023,2032,2032,-4.0519,-18.4208,2052
PNBHOUSING,12,Q4 FY24,Jan-Mar 2024,2095,2094,1.27795,-2.9249,2114
PNBHOUSING,13,Q1 FY25,Apr-Jun 2024,2155,2154,0.713345,9.21605,2174
PNBHOUSING,14,Q2 FY25,Jul-Sep 2024,2218,2218,2.31922,-9.3629,2238
PNBHOUSING,15,Q3 FY25,Oct-Dec 2024,2278,2278,0.873638,-11.2877,2298
PNBHOUSING,16,Q4 FY25,Jan-Mar 2025,2342,2342,4.44593,-0.216887,2362
PNBHOUSING,17,Q1 FY26,Apr-Jun 2025,2401,2401,0.34013,-25.5569,2421
PNBHOUSING,18,Q2 FY26,Jul-Sep 2025,2467,2467,0.751008,-2.92292,2487
PNBHOUSING,19,Q3 FY26,Oct-Dec 2025,2526,2526,-8.08095,-2.516,2546
PNBHOUSING,20,Q4 FY26,Jan-Mar 2026,2584,2584,7.10997,12.078,2604
PNBHOUSING,21,Q1 FY27,Apr-Jun 2026,2657,2657,3.81224,4.61378,2677
POLICYBZR,3,Q3 FY22,Oct-Dec 2021,1546,1546,3.2897,-18.2688,1566
POLICYBZR,4,Q4 FY22,Jan-Mar 2022,1619,1619,-1.82402,-7.56671,1639
POLICYBZR,5,Q1 FY23,Apr-Jun 2022,1671,1671,3.35029,-14.9782,1691
POLICYBZR,6,Q2 FY23,Jul-Sep 2022,1730,1730,1.3142,15.3697,1750
POLICYBZR,7,Q3 FY23,Oct-Dec 2022,1797,1797,0.526915,9.53954,1817
POLICYBZR,8,Q4 FY23,Jan-Mar 2023,1862,1862,-0.110776,3.8211,1882
POLICYBZR,9,Q1 FY24,Apr-Jun 2023,1916,1916,-4.62604,1.03778,1936
POLICYBZR,10,Q2 FY24,Jul-Sep 2023,1977,1976,2.27715,5.99171,1996
POLICYBZR,11,Q3 FY24,Oct-Dec 2023,2035,2035,9.2987,14.8542,2055
POLICYBZR,12,Q4 FY24,Jan-Mar 2024,2100,2100,-0.0200997,2.5795,2120
POLICYBZR,13,Q1 FY25,Apr-Jun 2024,2163,2163,4.21039,10.205,2183
POLICYBZR,14,Q2 FY25,Jul-Sep 2024,2226,2226,0.182093,28.0068,2246
POLICYBZR,15,Q3 FY25,Oct-Dec 2024,2285,2285,3.1555,-9.35609,2305
POLICYBZR,16,Q4 FY25,Jan-Mar 2025,2354,2354,-1.04065,8.84535,2374
POLICYBZR,17,Q1 FY26,Apr-Jun 2025,2409,2409,-0.902166,2.49127,2429
POLICYBZR,18,Q2 FY26,Jul-Sep 2025,2469,2469,7.70252,-2.6442,2489
POLICYBZR,19,Q3 FY26,Oct-Dec 2025,2534,2534,-9.02108,6.0714,2554
POLICYBZR,20,Q4 FY26,Jan-Mar 2026,2595,2595,-1.02241,-4.96075,2615
POLICYBZR,21,Q1 FY27,Apr-Jun 2026,2658,2658,-1.34239,20.0434,2678
POLYCAB,0,Q4 FY21,Jan-Mar 2021,1361,1360,3.7225,6.35336,1380
POLYCAB,1,Q1 FY22,Apr-Jun 2021,1409,1408,-5.17899,-5.47564,1428
POLYCAB,2,Q2 FY22,Jul-Sep 2021,1472,1471,2.05178,8.4491,1491
POLYCAB,3,Q3 FY22,Oct-Dec 2021,1535,1534,-5.56592,-2.84343,1554
POLYCAB,4,Q4 FY22,Jan-Mar 2022,1606,1605,-1.44009,-0.0452898,1625
POLYCAB,5,Q1 FY23,Apr-Jun 2022,1656,1655,4.14675,-0.608052,1675
POLYCAB,6,Q2 FY23,Jul-Sep 2022,1717,1716,3.96191,-11.41,1736
POLYCAB,7,Q3 FY23,Oct-Dec 2022,1782,1781,3.04025,7.48652,1801
POLYCAB,8,Q4 FY23,Jan-Mar 2023,1856,1855,4.65351,3.32107,1875
POLYCAB,9,Q1 FY24,Apr-Jun 2023,1902,1901,5.2621,19.0162,1921
POLYCAB,10,Q2 FY24,Jul-Sep 2023,1965,1964,-1.65239,-1.78579,1984
POLYCAB,11,Q3 FY24,Oct-Dec 2023,2028,2027,0.435321,2.57865,2047
POLYCAB,12,Q4 FY24,Jan-Mar 2024,2103,2102,5.62294,5.62286,2122
POLYCAB,13,Q1 FY25,Apr-Jun 2024,2150,2149,-1.92398,2.91063,2169
POLYCAB,14,Q2 FY25,Jul-Sep 2024,2213,2213,-0.423119,-3.85644,2233
POLYCAB,15,Q3 FY25,Oct-Dec 2024,2279,2278,-6.59389,-10.8938,2298
POLYCAB,16,Q4 FY25,Jan-Mar 2025,2347,2346,2.24883,-1.26078,2366
POLYCAB,17,Q1 FY26,Apr-Jun 2025,2399,2398,-0.493327,3.13196,2418
POLYCAB,18,Q2 FY26,Jul-Sep 2025,2462,2461,-2.31446,2.19866,2481
POLYCAB,19,Q3 FY26,Oct-Dec 2025,2523,2522,-2.87026,7.41242,2542
POLYCAB,20,Q4 FY26,Jan-Mar 2026,2595,2594,-0.29901,19.2296,2614
POLYCAB,21,Q1 FY27,Apr-Jun 2026,2644,2643,-1.15045,-0.452327,2663
POWERGRID,0,Q4 FY21,Jan-Mar 2021,1385,1385,-2.80465,-1.16579,1405
POWERGRID,1,Q1 FY22,Apr-Jun 2021,1422,1422,2.15944,-8.29208,1442
POWERGRID,2,Q2 FY22,Jul-Sep 2021,1483,1483,-1.0026,12.9723,1503
POWERGRID,3,Q3 FY22,Oct-Dec 2021,1547,1547,0.476313,5.72885,1567
POWERGRID,4,Q4 FY22,Jan-Mar 2022,1615,1614,-1.62651,-1.94772,1634
POWERGRID,5,Q1 FY23,Apr-Jun 2022,1670,1670,0.665982,-1.97137,1690
POWERGRID,6,Q2 FY23,Jul-Sep 2022,1730,1729,0.345285,-4.39062,1749
POWERGRID,7,Q3 FY23,Oct-Dec 2022,1789,1789,0.213437,2.0241,1809
POWERGRID,8,Q4 FY23,Jan-Mar 2023,1861,1861,-0.331642,1.32553,1881
POWERGRID,9,Q1 FY24,Apr-Jun 2023,1911,1911,-5.25363,0.0899893,1931
POWERGRID,10,Q2 FY24,Jul-Sep 2023,1978,1978,-0.670394,3.61426,1998
POWERGRID,11,Q3 FY24,Oct-Dec 2023,2041,2040,-2.30219,8.15358,2060
POWERGRID,12,Q4 FY24,Jan-Mar 2024,2111,2111,-3.43252,-0.431441,2131
POWERGRID,13,Q1 FY25,Apr-Jun 2024,2156,2156,-0.542511,-2.77608,2176
POWERGRID,14,Q2 FY25,Jul-Sep 2024,2227,2227,-0.579742,3.42642,2247
POWERGRID,15,Q3 FY25,Oct-Dec 2024,2288,2288,-0.967066,-1.53357,2308
POWERGRID,16,Q4 FY25,Jan-Mar 2025,2356,2356,-0.974202,-3.82532,2376
POWERGRID,17,Q1 FY26,Apr-Jun 2025,2408,2407,-1.55268,-3.01851,2427
POWERGRID,18,Q2 FY26,Jul-Sep 2025,2472,2472,-2.46448,-5.31572,2492
POWERGRID,19,Q3 FY26,Oct-Dec 2025,2532,2532,-0.052084,17.3957,2552
POWERGRID,20,Q4 FY26,Jan-Mar 2026,2602,2602,-3.06799,-5.27846,2622
POWERGRID,21,Q1 FY27,Apr-Jun 2026,2658,2658,-3.95026,1.19315,2678
POWERINDIA,0,Q4 FY21,Jan-Mar 2021,1355,1354,-2.96019,0.68493,1374
POWERINDIA,1,Q1 FY22,Apr-Jun 2021,1410,1410,3.13292,-9.01998,1430
POWERINDIA,2,Q2 FY22,Jul-Sep 2021,1472,1472,-6.55474,16.3201,1492
POWERINDIA,3,Q3 FY22,Oct-Dec 2021,1547,1547,-4.57919,17.849,1567
POWERINDIA,4,Q4 FY22,Jan-Mar 2022,1619,1619,0.809641,-0.517852,1639
POWERINDIA,5,Q1 FY23,Apr-Jun 2022,1658,1657,-1.72894,-0.620543,1677
POWERINDIA,6,Q2 FY23,Jul-Sep 2022,1729,1729,0.866664,-8.52792,1749
POWERINDIA,7,Q3 FY23,Oct-Dec 2022,1793,1793,-3.17221,15.2722,1813
POWERINDIA,8,Q4 FY23,Jan-Mar 2023,1864,1863,-4.57644,6.20328,1883
POWERINDIA,9,Q1 FY24,Apr-Jun 2023,1907,1906,0.51002,13.0445,1926
POWERINDIA,10,Q2 FY24,Jul-Sep 2023,1977,1977,3.79232,-2.54089,1997
POWERINDIA,11,Q3 FY24,Oct-Dec 2023,2031,2031,-3.24047,-0.983553,2051
POWERINDIA,12,Q4 FY24,Jan-Mar 2024,2110,2110,-4.89799,1.89078,2130
POWERINDIA,13,Q1 FY25,Apr-Jun 2024,2154,2154,-2.29715,2.13706,2174
POWERINDIA,14,Q2 FY25,Jul-Sep 2024,2221,2221,-3.39773,-11.6771,2241
POWERINDIA,15,Q3 FY25,Oct-Dec 2024,2284,2284,19.627,-2.77131,2304
POWERINDIA,16,Q4 FY25,Jan-Mar 2025,2353,2353,-8.56361,10.0966,2373
POWERINDIA,17,Q1 FY26,Apr-Jun 2025,2408,2408,-3.15658,-5.15917,2428
POWERINDIA,18,Q2 FY26,Jul-Sep 2025,2472,2472,14.8069,5.29226,2492
POWERINDIA,19,Q3 FY26,Oct-Dec 2025,2537,2537,13.7189,21.5209,2557
POWERINDIA,20,Q4 FY26,Jan-Mar 2026,2608,2608,1.50126,-6.13275,2628
POWERINDIA,21,Q1 FY27,Apr-Jun 2026,2660,2660,10.5293,-8.58543,2680
PREMIERENE,14,Q2 FY25,Jul-Sep 2024,2229,2229,-7.71557,25.656,2249
PREMIERENE,15,Q3 FY25,Oct-Dec 2024,2288,2288,-6.39752,-5.66172,2308
PREMIERENE,16,Q4 FY25,Jan-Mar 2025,2356,2355,-2.88682,-5.41656,2375
PREMIERENE,17,Q1 FY26,Apr-Jun 2025,2406,2405,-2.64944,-4.13227,2425
PREMIERENE,18,Q2 FY26,Jul-Sep 2025,2468,2468,0.307034,-10.6186,2488
PREMIERENE,19,Q3 FY26,Oct-Dec 2025,2527,2527,-6.70405,10.4521,2547
PREMIERENE,20,Q4 FY26,Jan-Mar 2026,2602,2602,0.512655,5.49653,2622
PREMIERENE,21,Q1 FY27,Apr-Jun 2026,2659,2659,0.793245,-1.57743,2679
PRESTIGE,0,Q4 FY21,Jan-Mar 2021,1378,1378,-0.534982,-1.75344,1398
PRESTIGE,1,Q1 FY22,Apr-Jun 2021,1422,1422,2.38395,12.2463,1442
PRESTIGE,2,Q2 FY22,Jul-Sep 2021,1485,1485,1.7137,-5.72617,1505
PRESTIGE,3,Q3 FY22,Oct-Dec 2021,1547,1547,-1.29915,-0.989791,1567
PRESTIGE,4,Q4 FY22,Jan-Mar 2022,1618,1618,-4.83756,-1.77913,1638
PRESTIGE,5,Q1 FY23,Apr-Jun 2022,1671,1670,0.942037,7.17092,1690
PRESTIGE,6,Q2 FY23,Jul-Sep 2022,1731,1731,0.0451693,2.91476,1751
PRESTIGE,7,Q3 FY23,Oct-Dec 2022,1799,1799,2.02098,4.35091,1819
PRESTIGE,8,Q4 FY23,Jan-Mar 2023,1868,1868,2.31341,17.2039,1888
PRESTIGE,9,Q1 FY24,Apr-Jun 2023,1917,1917,-2.82565,7.36312,1937
PRESTIGE,10,Q2 FY24,Jul-Sep 2023,1978,1978,5.0885,27.7418,1998
PRESTIGE,11,Q3 FY24,Oct-Dec 2023,2045,2045,-4.16688,1.29951,2065
PRESTIGE,12,Q4 FY24,Jan-Mar 2024,2115,2115,-2.22352,17.3532,2135
PRESTIGE,13,Q1 FY25,Apr-Jun 2024,2159,2159,-3.5739,2.39319,2179
PRESTIGE,14,Q2 FY25,Jul-Sep 2024,2221,2221,3.09146,1.12293,2241
PRESTIGE,15,Q3 FY25,Oct-Dec 2024,2285,2285,0.164038,-11.2453,2305
PRESTIGE,16,Q4 FY25,Jan-Mar 2025,2364,2364,-1.95148,9.97104,2384
PRESTIGE,17,Q1 FY26,Apr-Jun 2025,2412,2412,0.0384221,-6.54315,2432
PRESTIGE,18,Q2 FY26,Jul-Sep 2025,2478,2478,3.16128,-5.94324,2498
PRESTIGE,19,Q3 FY26,Oct-Dec 2025,2531,2531,2.76831,-2.95263,2551
PRESTIGE,20,Q4 FY26,Jan-Mar 2026,2606,2606,-0.0637998,7.31326,2626
PRESTIGE,21,Q1 FY27,Apr-Jun 2026,2653,2653,-4.95032,2.69886,2673
RADICO,0,Q4 FY21,Jan-Mar 2021,1373,1372,1.13254,23.0647,1392
RADICO,1,Q1 FY22,Apr-Jun 2021,1413,1412,0.828188,0.561282,1432
RADICO,2,Q2 FY22,Jul-Sep 2021,1479,1478,-1.73765,4.31229,1498
RADICO,3,Q3 FY22,Oct-Dec 2021,1543,1542,-1.14927,-11.672,1562
RADICO,4,Q4 FY22,Jan-Mar 2022,1620,1620,-0.930114,8.15741,1640
RADICO,5,Q1 FY23,Apr-Jun 2022,1671,1671,2.89117,18.327,1691
RADICO,6,Q2 FY23,Jul-Sep 2022,1734,1734,-0.954012,8.47582,1754
RADICO,7,Q3 FY23,Oct-Dec 2022,1799,1799,-0.443861,11.2098,1819
RADICO,8,Q4 FY23,Jan-Mar 2023,1865,1865,0.976004,2.05936,1885
RADICO,9,Q1 FY24,Apr-Jun 2023,1914,1914,-5.05097,-9.93478,1934
RADICO,10,Q2 FY24,Jul-Sep 2023,1977,1977,4.8656,14.6537,1997
RADICO,11,Q3 FY24,Oct-Dec 2023,2040,2040,1.10168,-14.4634,2060
RADICO,12,Q4 FY24,Jan-Mar 2024,2105,2105,0.518722,1.33336,2125
RADICO,13,Q1 FY25,Apr-Jun 2024,2164,2164,2.76108,14.2925,2184
RADICO,14,Q2 FY25,Jul-Sep 2024,2218,2218,-0.306116,3.89969,2238
RADICO,15,Q3 FY25,Oct-Dec 2024,2284,2283,1.14482,-2.27453,2303
RADICO,16,Q4 FY25,Jan-Mar 2025,2347,2347,-3.74119,10.5026,2367
RADICO,17,Q1 FY26,Apr-Jun 2025,2409,2408,1.19334,5.0474,2428
RADICO,18,Q2 FY26,Jul-Sep 2025,2469,2468,-1.21283,-0.743704,2488
RADICO,19,Q3 FY26,Oct-Dec 2025,2527,2526,4.92493,-9.40211,2546
RADICO,20,Q4 FY26,Jan-Mar 2026,2595,2594,-0.692511,8.08321,2614
RADICO,21,Q1 FY27,Apr-Jun 2026,2652,2651,3.42289,6.47708,2671
RBLBANK,0,Q4 FY21,Jan-Mar 2021,1354,1354,0.510911,11.4742,1374
RBLBANK,1,Q1 FY22,Apr-Jun 2021,1416,1416,-5.55535,-14.322,1436
RBLBANK,2,Q2 FY22,Jul-Sep 2021,1476,1476,-9.15715,5.05893,1496
RBLBANK,3,Q3 FY22,Oct-Dec 2021,1538,1538,-3.60863,-7.30145,1558
RBLBANK,4,Q4 FY22,Jan-Mar 2022,1608,1608,9.16057,-0.178204,1628
RBLBANK,5,Q1 FY23,Apr-Jun 2022,1658,1658,-3.58399,7.77468,1678
RBLBANK,6,Q2 FY23,Jul-Sep 2022,1721,1720,-5.34403,7.69687,1740
RBLBANK,7,Q3 FY23,Oct-Dec 2022,1783,1783,-1.91766,-3.49675,1803
RBLBANK,8,Q4 FY23,Jan-Mar 2023,1848,1847,-4.90745,2.75424,1867
RBLBANK,9,Q1 FY24,Apr-Jun 2023,1906,1905,0.548446,1.13221,1925
RBLBANK,10,Q2 FY24,Jul-Sep 2023,1968,1967,-4.35237,-0.150481,1987
RBLBANK,11,Q3 FY24,Oct-Dec 2023,2029,2028,-2.45084,-3.83859,2048
RBLBANK,12,Q4 FY24,Jan-Mar 2024,2095,2094,-1.93863,-5.41715,2114
RBLBANK,13,Q1 FY25,Apr-Jun 2024,2152,2151,0.961982,-10.5612,2171
RBLBANK,14,Q2 FY25,Jul-Sep 2024,2215,2214,-13.8934,-6.23687,2234
RBLBANK,15,Q3 FY25,Oct-Dec 2024,2277,2276,1.36262,0.920085,2296
RBLBANK,16,Q4 FY25,Jan-Mar 2025,2341,2341,8.90408,-0.191572,2361
RBLBANK,17,Q1 FY26,Apr-Jun 2025,2401,2400,-1.25747,0.679888,2420
RBLBANK,18,Q2 FY26,Jul-Sep 2025,2463,2462,8.54663,-6.03029,2482
RBLBANK,19,Q3 FY26,Oct-Dec 2025,2524,2523,-6.27692,3.41718,2543
RBLBANK,20,Q4 FY26,Jan-Mar 2026,2589,2588,-3.49071,10.7973,2608
RBLBANK,21,Q1 FY27,Apr-Jun 2026,2645,2645,0.488766,3.3391,2665
RECLTD,0,Q4 FY21,Jan-Mar 2021,1371,1371,-1.12437,-3.78428,1391
RECLTD,1,Q1 FY22,Apr-Jun 2021,1419,1418,0.23318,-6.86299,1438
RECLTD,2,Q2 FY22,Jul-Sep 2021,1477,1477,-0.417246,-6.23189,1497
RECLTD,3,Q3 FY22,Oct-Dec 2021,1544,1543,0.249997,-4.71585,1563
RECLTD,4,Q4 FY22,Jan-Mar 2022,1609,1609,0.978523,-0.609901,1629
RECLTD,5,Q1 FY23,Apr-Jun 2022,1668,1668,0.513691,6.41114,1688
RECLTD,6,Q2 FY23,Jul-Sep 2022,1725,1725,-0.154419,3.60212,1745
RECLTD,7,Q3 FY23,Oct-Dec 2022,1788,1788,4.92737,-4.09104,1808
RECLTD,8,Q4 FY23,Jan-Mar 2023,1859,1859,-2.41983,13.9484,1879
RECLTD,9,Q1 FY24,Apr-Jun 2023,1908,1908,9.04001,29.1566,1928
RECLTD,10,Q2 FY24,Jul-Sep 2023,1974,1973,-1.17753,17.2564,1993
RECLTD,11,Q3 FY24,Oct-Dec 2023,2031,2030,-3.97626,0.584622,2050
RECLTD,12,Q4 FY24,Jan-Mar 2024,2096,2095,9.70589,11.7046,2115
RECLTD,13,Q1 FY25,Apr-Jun 2024,2157,2156,2.98267,-4.95883,2176
RECLTD,14,Q2 FY25,Jul-Sep 2024,2220,2219,2.42585,0.779603,2239
RECLTD,15,Q3 FY25,Oct-Dec 2024,2291,2290,-0.993325,-1.98575,2310
RECLTD,16,Q4 FY25,Jan-Mar 2025,2349,2349,-0.981952,3.85796,2369
RECLTD,17,Q1 FY26,Apr-Jun 2025,2404,2404,-0.126771,-6.93941,2424
RECLTD,18,Q2 FY26,Jul-Sep 2025,2462,2462,-0.585154,-4.88059,2482
RECLTD,19,Q3 FY26,Oct-Dec 2025,2531,2531,-2.59776,-3.44119,2551
RECLTD,20,Q4 FY26,Jan-Mar 2026,2590,2589,-0.192547,-9.23714,2609
RECLTD,21,Q1 FY27,Apr-Jun 2026,2650,2650,0.849991,-11.8628,2670
RELIANCE,0,Q4 FY21,Jan-Mar 2021,1352,1352,-1.79824,4.28371,1372
RELIANCE,1,Q1 FY22,Apr-Jun 2021,1410,1410,-1.1708,0.0883917,1430
RELIANCE,2,Q2 FY22,Jul-Sep 2021,1472,1472,-1.03231,-5.70503,1492
RELIANCE,3,Q3 FY22,Oct-Dec 2021,1535,1535,-1.37695,0.798605,1555
RELIANCE,4,Q4 FY22,Jan-Mar 2022,1604,1604,-3.2389,8.2554,1624
RELIANCE,5,Q1 FY23,Apr-Jun 2022,1660,1660,0.93024,2.39431,1680
RELIANCE,6,Q2 FY23,Jul-Sep 2022,1720,1720,-0.544948,0.0872785,1740
RELIANCE,7,Q3 FY23,Oct-Dec 2022,1783,1783,-1.00982,1.76713,1803
RELIANCE,8,Q4 FY23,Jan-Mar 2023,1842,1842,-0.294058,0.687111,1862
RELIANCE,9,Q1 FY24,Apr-Jun 2023,1905,1905,-1.65471,2.68895,1925
RELIANCE,10,Q2 FY24,Jul-Sep 2023,1971,1971,1.56941,-0.370413,1991
RELIANCE,11,Q3 FY24,Oct-Dec 2023,2029,2029,-0.555774,5.53269,2049
RELIANCE,12,Q4 FY24,Jan-Mar 2024,2090,2090,-1.52843,-0.936558,2110
RELIANCE,13,Q1 FY25,Apr-Jun 2024,2151,2151,-3.41462,-1.08844,2171
RELIANCE,14,Q2 FY25,Jul-Sep 2024,2210,2210,-1.7955,-0.506642,2230
RELIANCE,15,Q3 FY25,Oct-Dec 2024,2275,2275,3.30056,-5.88223,2295
RELIANCE,16,Q4 FY25,Jan-Mar 2025,2341,2341,4.0571,1.84818,2361
RELIANCE,17,Q1 FY26,Apr-Jun 2025,2400,2400,-3.7012,-0.15637,2420
RELIANCE,18,Q2 FY26,Jul-Sep 2025,2462,2462,3.0106,2.74129,2482
RELIANCE,19,Q3 FY26,Oct-Dec 2025,2523,2523,-2.61499,1.28233,2543
RELIANCE,20,Q4 FY26,Jan-Mar 2026,2588,2588,2.04696,0.0474206,2608
RELIANCE,21,Q1 FY27,Apr-Jun 2026,2645,2645,0.084762,-0.739394,2665
RVNL,0,Q4 FY21,Jan-Mar 2021,1393,1393,2.75865,-11.9349,1413
RVNL,1,Q1 FY22,Apr-Jun 2021,1424,1424,-0.837534,-2.95564,1444
RVNL,2,Q2 FY22,Jul-Sep 2021,1484,1484,0.927224,-2.78443,1504
RVNL,3,Q3 FY22,Oct-Dec 2021,1547,1547,2.98777,-2.20629,1567
RVNL,4,Q4 FY22,Jan-Mar 2022,1620,1620,0.615806,-1.74493,1640
RVNL,5,Q1 FY23,Apr-Jun 2022,1671,1670,0.266479,6.7907,1690
RVNL,6,Q2 FY23,Jul-Sep 2022,1732,1732,2.39183,30.871,1752
RVNL,7,Q3 FY23,Oct-Dec 2022,1797,1797,-2.80274,-4.49771,1817
RVNL,8,Q4 FY23,Jan-Mar 2023,1867,1867,-5.16459,6.24127,1887
RVNL,9,Q1 FY24,Apr-Jun 2023,1921,1920,-0.706238,32.7344,1940
RVNL,10,Q2 FY24,Jul-Sep 2023,1980,1980,-2.95518,6.08932,2000
RVNL,11,Q3 FY24,Oct-Dec 2023,2042,2042,-8.26669,-11.4803,2062
RVNL,12,Q4 FY24,Jan-Mar 2024,2108,2108,2.90072,27.4731,2128
RVNL,13,Q1 FY25,Apr-Jun 2024,2165,2164,-4.09099,2.7276,2184
RVNL,14,Q2 FY25,Jul-Sep 2024,2228,2228,-6.04582,0.464934,2248
RVNL,15,Q3 FY25,Oct-Dec 2024,2297,2297,-4.9805,3.49654,2317
RVNL,16,Q4 FY25,Jan-Mar 2025,2358,2358,-0.914103,-6.41391,2378
RVNL,17,Q1 FY26,Apr-Jun 2025,2417,2416,-3.41303,-0.385622,2436
RVNL,18,Q2 FY26,Jul-Sep 2025,2477,2477,-1.14443,-1.89974,2497
RVNL,19,Q3 FY26,Oct-Dec 2025,2537,2536,-0.85396,-5.01535,2556
RVNL,20,Q4 FY26,Jan-Mar 2026,2608,2608,-4.17039,-8.07796,2628
RVNL,21,Q1 FY27,Apr-Jun 2026,2662,2661,0.16121,-6.36397,2681
SAGILITY,14,Q2 FY25,Jul-Sep 2024,2238,2238,10.0852,57.0659,2258
SAGILITY,15,Q3 FY25,Oct-Dec 2024,2290,2290,5.39027,-12.1987,2310
SAGILITY,16,Q4 FY25,Jan-Mar 2025,2353,2353,-6.08674,-11.7227,2373
SAGILITY,17,Q1 FY26,Apr-Jun 2025,2408,2408,10.3276,-2.78909,2428
SAGILITY,18,Q2 FY26,Jul-Sep 2025,2469,2469,7.96881,-9.50106,2489
SAGILITY,19,Q3 FY26,Oct-Dec 2025,2530,2530,-4.96199,-13.5186,2550
SAGILITY,20,Q4 FY26,Jan-Mar 2026,2599,2599,-0.118156,-7.83746,2619
SAGILITY,21,Q1 FY27,Apr-Jun 2026,2647,2647,-0.833722,2.76789,2667
SAIL,0,Q4 FY21,Jan-Mar 2021,1381,1380,4.66498,-6.71129,1400
SAIL,1,Q1 FY22,Apr-Jun 2021,1420,1420,-5.01709,-17.1176,1440
SAIL,2,Q2 FY22,Jul-Sep 2021,1477,1477,7.35845,-13.8696,1497
SAIL,3,Q3 FY22,Oct-Dec 2021,1547,1547,-1.00645,1.91356,1567
SAIL,4,Q4 FY22,Jan-Mar 2022,1615,1615,0.957957,-4.32397,1635
SAIL,5,Q1 FY23,Apr-Jun 2022,1671,1671,-2.02273,4.00962,1691
SAIL,6,Q2 FY23,Jul-Sep 2022,1734,1733,1.2231,-2.65169,1753
SAIL,7,Q3 FY23,Oct-Dec 2022,1798,1798,0.12536,9.43876,1818
SAIL,8,Q4 FY23,Jan-Mar 2023,1865,1865,-1.15502,1.90332,1885
SAIL,9,Q1 FY24,Apr-Jun 2023,1919,1919,-1.35015,6.79079,1939
SAIL,10,Q2 FY24,Jul-Sep 2023,1981,1981,1.07328,4.65982,2001
SAIL,11,Q3 FY24,Oct-Dec 2023,2044,2044,-4.5803,7.37283,2064
SAIL,12,Q4 FY24,Jan-Mar 2024,2110,2109,2.95398,-18.3756,2129
SAIL,13,Q1 FY25,Apr-Jun 2024,2165,2165,-6.93174,-3.44791,2185
SAIL,14,Q2 FY25,Jul-Sep 2024,2228,2228,-3.9634,5.36262,2248
SAIL,15,Q3 FY25,Oct-Dec 2024,2294,2294,5.84393,2.94446,2314
SAIL,16,Q4 FY25,Jan-Mar 2025,2363,2363,0.447588,-0.064526,2383
SAIL,17,Q1 FY26,Apr-Jun 2025,2405,2405,-3.25916,-4.62498,2425
SAIL,18,Q2 FY26,Jul-Sep 2025,2469,2469,-1.81451,-2.81778,2489
SAIL,19,Q3 FY26,Oct-Dec 2025,2532,2532,0.301516,10.0689,2552
SAIL,20,Q4 FY26,Jan-Mar 2026,2602,2602,0.144238,-7.52567,2622
SAIL,21,Q1 FY27,Apr-Jun 2026,2650,2650,-0.236716,9.54255,2670
SBICARD,0,Q4 FY21,Jan-Mar 2021,1348,1348,2.6795,2.95467,1368
SBICARD,1,Q1 FY22,Apr-Jun 2021,1410,1410,6.50611,-4.00948,1430
SBICARD,2,Q2 FY22,Jul-Sep 2021,1476,1475,0.96163,-12.2792,1495
SBICARD,3,Q3 FY22,Oct-Dec 2021,1536,1536,3.55593,-4.89855,1556
SBICARD,4,Q4 FY22,Jan-Mar 2022,1600,1600,-1.09226,-2.05669,1620
SBICARD,5,Q1 FY23,Apr-Jun 2022,1663,1662,2.81045,-5.98792,1682
SBICARD,6,Q2 FY23,Jul-Sep 2022,1723,1723,-5.857,-4.06632,1743
SBICARD,7,Q3 FY23,Oct-Dec 2022,1785,1784,-2.88593,2.91825,1804
SBICARD,8,Q4 FY23,Jan-Mar 2023,1847,1847,0.798555,14.5982,1867
SBICARD,9,Q1 FY24,Apr-Jun 2023,1910,1910,-0.764275,-1.51949,1930
SBICARD,10,Q2 FY24,Jul-Sep 2023,1971,1971,-5.55872,-6.12434,1991
SBICARD,11,Q3 FY24,Oct-Dec 2023,2033,2033,-7.63316,0.23685,2053
SBICARD,12,Q4 FY24,Jan-Mar 2024,2094,2094,-4.50789,-3.6565,2114
SBICARD,13,Q1 FY25,Apr-Jun 2024,2156,2156,-1.91718,3.34404,2176
SBICARD,14,Q2 FY25,Jul-Sep 2024,2221,2220,2.11933,6.15565,2240
SBICARD,15,Q3 FY25,Oct-Dec 2024,2283,2283,-0.593677,13.0725,2303
SBICARD,16,Q4 FY25,Jan-Mar 2025,2340,2340,-5.51254,0.488737,2360
SBICARD,17,Q1 FY26,Apr-Jun 2025,2405,2405,-5.15653,-2.68265,2425
SBICARD,18,Q2 FY26,Jul-Sep 2025,2466,2466,-3.69283,-2.72883,2486
SBICARD,19,Q3 FY26,Oct-Dec 2025,2530,2530,-1.96842,2.27143,2550
SBICARD,20,Q4 FY26,Jan-Mar 2026,2589,2588,-0.755249,-5.51915,2608
SBICARD,21,Q1 FY27,Apr-Jun 2026,2650,2650,3.28102,-0.108055,2670
SBILIFE,0,Q4 FY21,Jan-Mar 2021,1353,1352,3.1987,-5.62486,1372
SBILIFE,1,Q1 FY22,Apr-Jun 2021,1411,1410,2.69346,2.72234,1430
SBILIFE,2,Q2 FY22,Jul-Sep 2021,1476,1475,0.348648,1.85517,1495
SBILIFE,3,Q3 FY22,Oct-Dec 2021,1535,1534,0.945,-6.20573,1554
SBILIFE,4,Q4 FY22,Jan-Mar 2022,1599,1598,2.75755,5.55651,1618
SBILIFE,5,Q1 FY23,Apr-Jun 2022,1663,1663,7.29014,-0.822198,1683
SBILIFE,6,Q2 FY23,Jul-Sep 2022,1720,1720,0.0238959,-5.51469,1740
SBILIFE,7,Q3 FY23,Oct-Dec 2022,1784,1783,-0.558234,-9.58653,1803
SBILIFE,8,Q4 FY23,Jan-Mar 2023,1845,1845,1.10714,1.90097,1865
SBILIFE,9,Q1 FY24,Apr-Jun 2023,1907,1907,-1.14588,2.06504,1927
SBILIFE,10,Q2 FY24,Jul-Sep 2023,1971,1970,-1.21437,4.27289,1990
SBILIFE,11,Q3 FY24,Oct-Dec 2023,2033,2032,-1.62961,6.70766,2052
SBILIFE,12,Q4 FY24,Jan-Mar 2024,2094,2094,-0.494979,0.915799,2114
SBILIFE,13,Q1 FY25,Apr-Jun 2024,2154,2154,3.85468,3.82973,2174
SBILIFE,14,Q2 FY25,Jul-Sep 2024,2217,2216,1.2007,-11.291,2236
SBILIFE,15,Q3 FY25,Oct-Dec 2024,2276,2275,2.24308,-3.80357,2295
SBILIFE,16,Q4 FY25,Jan-Mar 2025,2340,2340,6.25873,2.28187,2360
SBILIFE,17,Q1 FY26,Apr-Jun 2025,2404,2403,-0.253,4.41239,2423
SBILIFE,18,Q2 FY26,Jul-Sep 2025,2466,2465,-0.324536,8.87478,2485
SBILIFE,19,Q3 FY26,Oct-Dec 2025,2530,2529,0.0712068,1.12337,2549
SBILIFE,20,Q4 FY26,Jan-Mar 2026,2586,2586,-2.16716,4.20738,2606
SBILIFE,21,Q1 FY27,Apr-Jun 2026,2650,2649,0.703105,-5.57363,2669
SBIN,0,Q4 FY21,Jan-Mar 2021,1366,1365,2.52343,-0.431622,1385
SBIN,1,Q1 FY22,Apr-Jun 2021,1418,1417,1.5466,-11.9514,1437
SBIN,2,Q2 FY22,Jul-Sep 2021,1480,1479,1.47451,-6.78126,1499
SBIN,3,Q3 FY22,Oct-Dec 2021,1545,1544,2.28439,-10.4587,1564
SBIN,4,Q4 FY22,Jan-Mar 2022,1609,1608,-3.72711,1.2092,1628
SBIN,5,Q1 FY23,Apr-Jun 2022,1670,1669,-2.7389,3.0984,1689
SBIN,6,Q2 FY23,Jul-Sep 2022,1730,1729,2.9282,-3.26362,1749
SBIN,7,Q3 FY23,Oct-Dec 2022,1792,1792,0.721514,3.28783,1812
SBIN,8,Q4 FY23,Jan-Mar 2023,1860,1859,-1.77889,-4.4196,1879
SBIN,9,Q1 FY24,Apr-Jun 2023,1915,1914,-3.61113,0.331981,1934
SBIN,10,Q2 FY24,Jul-Sep 2023,1977,1976,-1.59926,-1.53312,1996
SBIN,11,Q3 FY24,Oct-Dec 2023,2039,2038,-0.655642,17.4871,2058
SBIN,12,Q4 FY24,Jan-Mar 2024,2102,2101,2.65692,-4.28203,2121
SBIN,13,Q1 FY25,Apr-Jun 2024,2162,2161,-1.59097,-3.4691,2181
SBIN,14,Q2 FY25,Jul-Sep 2024,2229,2228,-1.70231,0.975413,2248
SBIN,15,Q3 FY25,Oct-Dec 2024,2291,2290,-1.40919,1.8599,2310
SBIN,16,Q4 FY25,Jan-Mar 2025,2346,2345,-1.72008,1.94936,2365
SBIN,17,Q1 FY26,Apr-Jun 2025,2415,2414,0.841123,-1.50831,2434
SBIN,18,Q2 FY26,Jul-Sep 2025,2473,2472,1.475,-2.20113,2492
SBIN,19,Q3 FY26,Oct-Dec 2025,2539,2538,6.78872,3.25806,2558
SBIN,20,Q4 FY26,Jan-Mar 2026,2597,2596,-6.03885,0.691875,2616
SBIN,21,Q1 FY27,Apr-Jun 2026,2660,2659,1.38968,-4.6527,2679
SHREECEM,0,Q4 FY21,Jan-Mar 2021,1366,1366,-2.72991,1.27941,1386
SHREECEM,1,Q1 FY22,Apr-Jun 2021,1421,1421,-4.22063,6.96665,1441
SHREECEM,2,Q2 FY22,Jul-Sep 2021,1477,1477,0.322804,-6.22339,1497
SHREECEM,3,Q3 FY22,Oct-Dec 2021,1544,1544,2.30042,-2.20406,1564
SHREECEM,4,Q4 FY22,Jan-Mar 2022,1615,1614,0.045861,-10.7457,1634
SHREECEM,5,Q1 FY23,Apr-Jun 2022,1663,1662,-4.62162,4.98705,1682
SHREECEM,6,Q2 FY23,Jul-Sep 2022,1715,1715,-2.42051,5.28834,1735
SHREECEM,7,Q3 FY23,Oct-Dec 2022,1795,1794,-0.93947,7.02776,1814
SHREECEM,8,Q4 FY23,Jan-Mar 2023,1862,1862,1.03095,2.22387,1882
SHREECEM,9,Q1 FY24,Apr-Jun 2023,1908,1907,2.00634,0.270753,1927
SHREECEM,10,Q2 FY24,Jul-Sep 2023,1978,1978,-1.74497,-0.835399,1998
SHREECEM,11,Q3 FY24,Oct-Dec 2023,2036,2036,3.83255,-15.191,2056
SHREECEM,12,Q4 FY24,Jan-Mar 2024,2105,2105,-0.710803,1.60295,2125
SHREECEM,13,Q1 FY25,Apr-Jun 2024,2163,2162,-2.4711,-6.29379,2182
SHREECEM,14,Q2 FY25,Jul-Sep 2024,2230,2230,0.881956,8.93239,2250
SHREECEM,15,Q3 FY25,Oct-Dec 2024,2285,2285,2.48457,4.04435,2305
SHREECEM,16,Q4 FY25,Jan-Mar 2025,2354,2353,0.945203,-4.75199,2373
SHREECEM,17,Q1 FY26,Apr-Jun 2025,2411,2410,-0.738539,-2.26939,2430
SHREECEM,18,Q2 FY26,Jul-Sep 2025,2468,2468,1.73265,-9.0251,2488
SHREECEM,19,Q3 FY26,Oct-Dec 2025,2538,2538,-1.35256,-5.52583,2558
SHREECEM,20,Q4 FY26,Jan-Mar 2026,2595,2595,2.50015,-1.9535,2615
SHREECEM,21,Q1 FY27,Apr-Jun 2026,2655,2654,-1.78526,-7.03434,2674
SHRIRAMFIN,0,Q4 FY21,Jan-Mar 2021,1351,1351,-3.25963,-0.20377,1371
SHRIRAMFIN,1,Q1 FY22,Apr-Jun 2021,1415,1415,-1.79971,-9.53302,1435
SHRIRAMFIN,2,Q2 FY22,Jul-Sep 2021,1477,1477,-1.84292,5.16623,1497
SHRIRAMFIN,3,Q3 FY22,Oct-Dec 2021,1536,1536,0.296629,1.96262,1556
SHRIRAMFIN,4,Q4 FY22,Jan-Mar 2022,1599,1599,6.10308,0.071194,1619
SHRIRAMFIN,5,Q1 FY23,Apr-Jun 2022,1663,1663,-6.90862,-5.32215,1683
SHRIRAMFIN,6,Q2 FY23,Jul-Sep 2022,1719,1719,-1.55904,8.6238,1739
SHRIRAMFIN,7,Q3 FY23,Oct-Dec 2022,1789,1789,1.09513,-4.89608,1809
SHRIRAMFIN,8,Q4 FY23,Jan-Mar 2023,1846,1846,-6.02715,2.7641,1866
SHRIRAMFIN,9,Q1 FY24,Apr-Jun 2023,1909,1908,0.186356,4.9025,1928
SHRIRAMFIN,10,Q2 FY24,Jul-Sep 2023,1970,1969,0.363914,4.85036,1989
SHRIRAMFIN,11,Q3 FY24,Oct-Dec 2023,2033,2033,2.61148,1.39246,2053
SHRIRAMFIN,12,Q4 FY24,Jan-Mar 2024,2094,2093,0.937244,-7.03259,2113
SHRIRAMFIN,13,Q1 FY25,Apr-Jun 2024,2156,2155,7.4258,7.4,2175
SHRIRAMFIN,14,Q2 FY25,Jul-Sep 2024,2219,2219,4.73372,-7.10878,2239
SHRIRAMFIN,15,Q3 FY25,Oct-Dec 2024,2281,2280,0.0440391,10.8996,2300
SHRIRAMFIN,16,Q4 FY25,Jan-Mar 2025,2341,2341,-6.26998,4.36904,2361
SHRIRAMFIN,17,Q1 FY26,Apr-Jun 2025,2405,2404,-1.89561,0.285463,2424
SHRIRAMFIN,18,Q2 FY26,Jul-Sep 2025,2471,2470,2.04447,11.9431,2490
SHRIRAMFIN,19,Q3 FY26,Oct-Dec 2025,2528,2527,0.760005,3.46895,2547
SHRIRAMFIN,20,Q4 FY26,Jan-Mar 2026,2588,2587,1.3362,-5.43953,2607
SHRIRAMFIN,21,Q1 FY27,Apr-Jun 2026,2650,2649,-1.58999,10.3879,2669
SIEMENS,0,Q4 FY21,Jan-Mar 2021,1359,1359,3.86883,-2.67093,1379
SIEMENS,1,Q1 FY22,Apr-Jun 2021,1422,1422,6.38093,-4.88945,1442
SIEMENS,2,Q2 FY22,Jul-Sep 2021,1493,1493,-6.03552,15.139,1513
SIEMENS,3,Q3 FY22,Oct-Dec 2021,1544,1544,1.43918,0.100681,1564
SIEMENS,4,Q4 FY22,Jan-Mar 2022,1608,1608,1.24441,0.43162,1628
SIEMENS,5,Q1 FY23,Apr-Jun 2022,1666,1666,-4.70941,10.6706,1686
SIEMENS,6,Q2 FY23,Jul-Sep 2022,1743,1742,-1.50767,4.12463,1762
SIEMENS,7,Q3 FY23,Oct-Dec 2022,1799,1799,2.8628,6.78379,1819
SIEMENS,8,Q4 FY23,Jan-Mar 2023,1855,1855,2.37833,-7.33263,1875
SIEMENS,9,Q1 FY24,Apr-Jun 2023,1917,1917,-1.56547,5.0879,1937
SIEMENS,10,Q2 FY24,Jul-Sep 2023,1992,1992,-1.33504,0.544174,2012
SIEMENS,11,Q3 FY24,Oct-Dec 2023,2045,2044,1.66006,8.15463,2064
SIEMENS,12,Q4 FY24,Jan-Mar 2024,2114,2114,-0.885804,2.15765,2134
SIEMENS,13,Q1 FY25,Apr-Jun 2024,2166,2166,0.54062,-7.73531,2186
SIEMENS,14,Q2 FY25,Jul-Sep 2024,2239,2239,2.35047,-7.6714,2259
SIEMENS,15,Q3 FY25,Oct-Dec 2024,2295,2294,0.00556255,-2.40511,2314
SIEMENS,16,Q4 FY25,Jan-Mar 2025,2352,2352,2.72883,9.48716,2372
SIEMENS,17,Q1 FY26,Apr-Jun 2025,2415,2415,1.82747,-0.682662,2435
SIEMENS,18,Q2 FY26,Jul-Sep 2025,2480,2480,4.41255,-2.36716,2500
SIEMENS,19,Q3 FY26,Oct-Dec 2025,2538,2537,-3.95002,8.14194,2557
SIEMENS,20,Q4 FY26,Jan-Mar 2026,2614,2614,-0.65871,-7.73302,2634
SIEMENS,21,Q1 FY27,Apr-Jun 2026,2662,2661,2.92642,1.93023,2681
SOLARINDS,0,Q4 FY21,Jan-Mar 2021,1370,1370,4.39432,9.83796,1390
SOLARINDS,1,Q1 FY22,Apr-Jun 2021,1414,1414,4.85687,-4.90505,1434
SOLARINDS,2,Q2 FY22,Jul-Sep 2021,1477,1476,0.577095,15.1702,1496
SOLARINDS,3,Q3 FY22,Oct-Dec 2021,1540,1539,-6.24384,3.32829,1559
SOLARINDS,4,Q4 FY22,Jan-Mar 2022,1602,1601,4.98294,-11.6422,1621
SOLARINDS,5,Q1 FY23,Apr-Jun 2022,1660,1659,1.31928,15.3574,1679
SOLARINDS,6,Q2 FY23,Jul-Sep 2022,1729,1728,0.265503,-2.80133,1748
SOLARINDS,7,Q3 FY23,Oct-Dec 2022,1786,1785,0.421503,-2.90499,1805
SOLARINDS,8,Q4 FY23,Jan-Mar 2023,1849,1848,-0.0240475,-4.37473,1868
SOLARINDS,9,Q1 FY24,Apr-Jun 2023,1914,1913,-1.34739,24.8789,1933
SOLARINDS,10,Q2 FY24,Jul-Sep 2023,1975,1974,-4.43277,10.4324,1994
SOLARINDS,11,Q3 FY24,Oct-Dec 2023,2041,2040,2.62748,10.3868,2060
SOLARINDS,12,Q4 FY24,Jan-Mar 2024,2107,2106,-1.58178,12.9037,2126
SOLARINDS,13,Q1 FY25,Apr-Jun 2024,2163,2162,-1.0924,3.37192,2182
SOLARINDS,14,Q2 FY25,Jul-Sep 2024,2232,2231,-1.94873,2.1785,2251
SOLARINDS,15,Q3 FY25,Oct-Dec 2024,2290,2289,-0.803717,2.09511,2309
SOLARINDS,16,Q4 FY25,Jan-Mar 2025,2357,2356,-0.520392,26.491,2376
SOLARINDS,17,Q1 FY26,Apr-Jun 2025,2414,2413,-0.875254,-7.17102,2433
SOLARINDS,18,Q2 FY26,Jul-Sep 2025,2476,2475,-1.54488,-8.75259,2495
SOLARINDS,19,Q3 FY26,Oct-Dec 2025,2535,2534,1.95275,10.1397,2554
SOLARINDS,20,Q4 FY26,Jan-Mar 2026,2602,2601,4.08899,-1.10359,2621
SOLARINDS,21,Q1 FY27,Apr-Jun 2026,2664,2663,8.67451,13.83,2683
SONACOMS,1,Q1 FY22,Apr-Jun 2021,1419,1419,0.822317,26.3518,1439
SONACOMS,2,Q2 FY22,Jul-Sep 2021,1475,1475,10.6163,15.7342,1495
SONACOMS,3,Q3 FY22,Oct-Dec 2021,1541,1541,0.614058,-3.35753,1561
SONACOMS,4,Q4 FY22,Jan-Mar 2022,1603,1603,-1.42765,-4.76814,1623
SONACOMS,5,Q1 FY23,Apr-Jun 2022,1663,1663,-0.516742,-11.6581,1683
SONACOMS,6,Q2 FY23,Jul-Sep 2022,1724,1723,-3.32021,-7.22765,1743
SONACOMS,7,Q3 FY23,Oct-Dec 2022,1785,1784,3.55614,8.79941,1804
SONACOMS,8,Q4 FY23,Jan-Mar 2023,1849,1849,0.768025,5.24877,1869
SONACOMS,9,Q1 FY24,Apr-Jun 2023,1909,1909,-4.40085,6.19886,1929
SONACOMS,10,Q2 FY24,Jul-Sep 2023,1969,1969,7.8992,0.40974,1989
SONACOMS,11,Q3 FY24,Oct-Dec 2023,2031,2031,-0.0215395,1.09379,2051
SONACOMS,12,Q4 FY24,Jan-Mar 2024,2096,2096,-2.92624,5.60375,2116
SONACOMS,13,Q1 FY25,Apr-Jun 2024,2154,2154,1.55042,-2.07417,2174
SONACOMS,14,Q2 FY25,Jul-Sep 2024,2217,2217,13.3987,-7.07979,2237
SONACOMS,15,Q3 FY25,Oct-Dec 2024,2280,2280,-2.74683,-0.576867,2300
SONACOMS,16,Q4 FY25,Jan-Mar 2025,2344,2344,3.23243,7.79834,2364
SONACOMS,17,Q1 FY26,Apr-Jun 2025,2411,2411,1.22159,-2.39034,2431
SONACOMS,18,Q2 FY26,Jul-Sep 2025,2467,2467,0.218296,3.68012,2487
SONACOMS,19,Q3 FY26,Oct-Dec 2025,2528,2527,-1.81732,14.5767,2547
SONACOMS,20,Q4 FY26,Jan-Mar 2026,2592,2592,-5.74406,8.87445,2612
SONACOMS,21,Q1 FY27,Apr-Jun 2026,2649,2649,0.177863,11.8411,2669
SRF,0,Q4 FY21,Jan-Mar 2021,1355,1354,1.07316,-10.9995,1374
SRF,1,Q1 FY22,Apr-Jun 2021,1413,1412,1.12039,11.3727,1432
SRF,2,Q2 FY22,Jul-Sep 2021,1473,1472,-5.29121,5.77727,1492
SRF,3,Q3 FY22,Oct-Dec 2021,1537,1536,3.50235,-1.75679,1556
SRF,4,Q4 FY22,Jan-Mar 2022,1605,1605,-4.61798,9.27573,1625
SRF,5,Q1 FY23,Apr-Jun 2022,1658,1658,-2.94717,0.329511,1678
SRF,6,Q2 FY23,Jul-Sep 2022,1731,1730,-1.18085,-2.97296,1750
SRF,7,Q3 FY23,Oct-Dec 2022,1788,1787,0.699214,3.33443,1807
SRF,8,Q4 FY23,Jan-Mar 2023,1853,1852,1.6116,-3.92196,1872
SRF,9,Q1 FY24,Apr-Jun 2023,1906,1905,-2.72324,8.69606,1925
SRF,10,Q2 FY24,Jul-Sep 2023,1971,1970,2.25637,4.54899,1990
SRF,11,Q3 FY24,Oct-Dec 2023,2035,2035,3.67748,0.936389,2055
SRF,12,Q4 FY24,Jan-Mar 2024,2100,2099,-5.97408,-7.36508,2119
SRF,13,Q1 FY25,Apr-Jun 2024,2153,2152,-0.151326,3.85499,2172
SRF,14,Q2 FY25,Jul-Sep 2024,2216,2215,-3.13641,3.00398,2235
SRF,15,Q3 FY25,Oct-Dec 2024,2284,2284,5.86749,3.83705,2304
SRF,16,Q4 FY25,Jan-Mar 2025,2351,2351,-1.47324,3.44736,2371
SRF,17,Q1 FY26,Apr-Jun 2025,2403,2402,1.16692,-8.23559,2422
SRF,18,Q2 FY26,Jul-Sep 2025,2467,2466,-2.69368,-7.15875,2486
SRF,19,Q3 FY26,Oct-Dec 2025,2525,2524,-1.2971,-6.81956,2544
SRF,20,Q4 FY26,Jan-Mar 2026,2594,2594,6.56026,4.01556,2614
SRF,21,Q1 FY27,Apr-Jun 2026,2648,2647,-1.65149,-10.4075,2667
SUNPHARMA,0,Q4 FY21,Jan-Mar 2021,1370,1370,-4.89068,-2.37815,1390
SUNPHARMA,1,Q1 FY22,Apr-Jun 2021,1415,1414,10.1901,-5.69773,1434
SUNPHARMA,2,Q2 FY22,Jul-Sep 2021,1479,1478,0.670457,-3.30369,1498
SUNPHARMA,3,Q3 FY22,Oct-Dec 2021,1540,1539,-0.526864,4.27496,1559
SUNPHARMA,4,Q4 FY22,Jan-Mar 2022,1620,1620,-2.65707,0.709572,1640
SUNPHARMA,5,Q1 FY23,Apr-Jun 2022,1664,1663,4.05255,-8.81999,1683
SUNPHARMA,6,Q2 FY23,Jul-Sep 2022,1726,1725,1.19776,-2.46636,1745
SUNPHARMA,7,Q3 FY23,Oct-Dec 2022,1789,1788,-1.71024,-5.50214,1808
SUNPHARMA,8,Q4 FY23,Jan-Mar 2023,1866,1865,1.66227,1.32374,1885
SUNPHARMA,9,Q1 FY24,Apr-Jun 2023,1914,1913,1.24856,-3.08137,1933
SUNPHARMA,10,Q2 FY24,Jul-Sep 2023,1974,1973,3.00944,3.79903,1993
SUNPHARMA,11,Q3 FY24,Oct-Dec 2023,2036,2035,2.45841,9.9179,2055
SUNPHARMA,12,Q4 FY24,Jan-Mar 2024,2111,2110,-0.412239,-8.72601,2130
SUNPHARMA,13,Q1 FY25,Apr-Jun 2024,2160,2159,-0.480838,5.30666,2179
SUNPHARMA,14,Q2 FY25,Jul-Sep 2024,2220,2219,1.62959,-7.80003,2239
SUNPHARMA,15,Q3 FY25,Oct-Dec 2024,2286,2285,-0.834692,-2.75533,2305
SUNPHARMA,16,Q4 FY25,Jan-Mar 2025,2359,2359,-3.03148,-2.14197,2379
SUNPHARMA,17,Q1 FY26,Apr-Jun 2025,2409,2408,-1.21422,-7.82362,2428
SUNPHARMA,18,Q2 FY26,Jul-Sep 2025,2474,2473,0.100982,5.79906,2493
SUNPHARMA,19,Q3 FY26,Oct-Dec 2025,2533,2532,2.88344,6.45876,2552
SUNPHARMA,20,Q4 FY26,Jan-Mar 2026,2607,2606,-2.7423,-0.625163,2626
SUNPHARMA,21,Q1 FY27,Apr-Jun 2026,2655,2654,-0.802973,-2.68901,2674
SUPREMEIND,0,Q4 FY21,Jan-Mar 2021,1353,1352,2.89442,-0.070556,1372
SUPREMEIND,1,Q1 FY22,Apr-Jun 2021,1409,1408,-1.39196,-9.68585,1428
SUPREMEIND,2,Q2 FY22,Jul-Sep 2021,1472,1471,2.0614,-5.83589,1491
SUPREMEIND,3,Q3 FY22,Oct-Dec 2021,1536,1535,-2.1497,-3.87234,1555
SUPREMEIND,4,Q4 FY22,Jan-Mar 2022,1600,1599,1.44131,-3.86413,1619
SUPREMEIND,5,Q1 FY23,Apr-Jun 2022,1660,1659,-3.28882,-4.05946,1679
SUPREMEIND,6,Q2 FY23,Jul-Sep 2022,1725,1724,5.2584,5.89094,1744
SUPREMEIND,7,Q3 FY23,Oct-Dec 2022,1785,1784,1.9725,16.9443,1804
SUPREMEIND,8,Q4 FY23,Jan-Mar 2023,1847,1846,1.98495,0.449929,1866
SUPREMEIND,9,Q1 FY24,Apr-Jun 2023,1910,1909,-7.79188,34.3129,1929
SUPREMEIND,10,Q2 FY24,Jul-Sep 2023,1972,1971,6.97651,-12.732,1991
SUPREMEIND,11,Q3 FY24,Oct-Dec 2023,2029,2028,4.32452,-3.9402,2048
SUPREMEIND,12,Q4 FY24,Jan-Mar 2024,2094,2093,1.47849,26.9055,2113
SUPREMEIND,13,Q1 FY25,Apr-Jun 2024,2152,2151,-1.45917,-5.39137,2171
SUPREMEIND,14,Q2 FY25,Jul-Sep 2024,2216,2215,-8.67386,6.05023,2235
SUPREMEIND,15,Q3 FY25,Oct-Dec 2024,2277,2276,-4.94733,-4.60147,2296
SUPREMEIND,16,Q4 FY25,Jan-Mar 2025,2340,2339,-0.0674844,8.96051,2359
SUPREMEIND,17,Q1 FY26,Apr-Jun 2025,2404,2403,3.27001,10.0786,2423
SUPREMEIND,18,Q2 FY26,Jul-Sep 2025,2467,2466,-0.732463,-14.0239,2486
SUPREMEIND,19,Q3 FY26,Oct-Dec 2025,2526,2525,-0.41436,14.8715,2545
SUPREMEIND,20,Q4 FY26,Jan-Mar 2026,2589,2588,-0.0398145,-2.54759,2608
SUPREMEIND,21,Q1 FY27,Apr-Jun 2026,2652,2651,1.75767,4.36374,2671
SUZLON,0,Q4 FY21,Jan-Mar 2021,1393,1393,4.74629,-20.9872,1413
SUZLON,1,Q1 FY22,Apr-Jun 2021,1425,1425,2.10229,-7.27804,1445
SUZLON,2,Q2 FY22,Jul-Sep 2021,1486,1486,-2.14969,9.36823,1506
SUZLON,3,Q3 FY22,Oct-Dec 2021,1539,1539,3.43349,-18.1904,1559
SUZLON,4,Q4 FY22,Jan-Mar 2022,1617,1617,-10.6708,-4.48625,1637
SUZLON,5,Q1 FY23,Apr-Jun 2022,1671,1671,3.34546,26.3515,1691
SUZLON,6,Q2 FY23,Jul-Sep 2022,1732,1732,-2.98814,12.6141,1752
SUZLON,7,Q3 FY23,Oct-Dec 2022,1796,1795,2.10052,-6.01005,1815
SUZLON,8,Q4 FY23,Jan-Mar 2023,1868,1868,10.8623,23.1703,1888
SUZLON,9,Q1 FY24,Apr-Jun 2023,1907,1906,-5.04194,16.2022,1926
SUZLON,10,Q2 FY24,Jul-Sep 2023,1975,1975,4.39166,9.50801,1995
SUZLON,11,Q3 FY24,Oct-Dec 2023,2036,2035,3.96268,-7.02247,2055
SUZLON,12,Q4 FY24,Jan-Mar 2024,2113,2112,-4.81949,16.5127,2132
SUZLON,13,Q1 FY25,Apr-Jun 2024,2152,2152,5.11596,35.1585,2172
SUZLON,14,Q2 FY25,Jul-Sep 2024,2220,2220,-3.30558,-5.20437,2240
SUZLON,15,Q3 FY25,Oct-Dec 2024,2283,2283,4.09736,6.08743,2303
SUZLON,16,Q4 FY25,Jan-Mar 2025,2364,2364,9.59704,-9.40394,2384
SUZLON,17,Q1 FY26,Apr-Jun 2025,2417,2417,-4.89494,-7.4249,2437
SUZLON,18,Q2 FY26,Jul-Sep 2025,2473,2473,-0.289853,-16.7498,2493
SUZLON,19,Q3 FY26,Oct-Dec 2025,2537,2536,-3.34099,-11.7765,2556
SUZLON,20,Q4 FY26,Jan-Mar 2026,2608,2607,-0.870559,8.8283,2627
SUZLON,21,Q1 FY27,Apr-Jun 2026,2652,2651,-9.60776,-4.10063,2671
SWIGGY,14,Q2 FY25,Jul-Sep 2024,2244,2243,0.904797,10.9906,2263
SWIGGY,15,Q3 FY25,Oct-Dec 2024,2290,2290,-6.62843,-2.68707,2310
SWIGGY,16,Q4 FY25,Jan-Mar 2025,2350,2350,-1.51873,13.1146,2370
SWIGGY,17,Q1 FY26,Apr-Jun 2025,2409,2409,-2.00394,8.50578,2429
SWIGGY,18,Q2 FY26,Jul-Sep 2025,2470,2470,-1.31223,-6.95942,2490
SWIGGY,19,Q3 FY26,Oct-Dec 2025,2531,2531,-5.07663,-1.56635,2551
SWIGGY,20,Q4 FY26,Jan-Mar 2026,2597,2597,-4.49899,-2.80514,2617
SWIGGY,21,Q1 FY27,Apr-Jun 2026,2654,2654,-4.0075,-0.677736,2674
TATACONSUM,0,Q4 FY21,Jan-Mar 2021,1356,1356,-4.35801,5.01594,1376
TATACONSUM,1,Q1 FY22,Apr-Jun 2021,1417,1417,-1.95321,8.85448,1437
TATACONSUM,2,Q2 FY22,Jul-Sep 2021,1472,1472,-0.850167,5.1866,1492
TATACONSUM,3,Q3 FY22,Oct-Dec 2021,1542,1542,0.650322,-1.7455,1562
TATACONSUM,4,Q4 FY22,Jan-Mar 2022,1602,1602,-3.38519,-2.00384,1622
TATACONSUM,5,Q1 FY23,Apr-Jun 2022,1671,1671,-2.87164,5.15901,1691
TATACONSUM,6,Q2 FY23,Jul-Sep 2022,1719,1719,-1.24457,-2.53303,1739
TATACONSUM,7,Q3 FY23,Oct-Dec 2022,1791,1791,-2.81475,-0.850688,1811
TATACONSUM,8,Q4 FY23,Jan-Mar 2023,1844,1844,1.41832,1.65057,1864
TATACONSUM,9,Q1 FY24,Apr-Jun 2023,1908,1908,-2.13051,-0.054109,1928
TATACONSUM,10,Q2 FY24,Jul-Sep 2023,1973,1973,0.768348,-1.86128,1993
TATACONSUM,11,Q3 FY24,Oct-Dec 2023,2041,2041,-1.45748,3.73798,2061
TATACONSUM,12,Q4 FY24,Jan-Mar 2024,2091,2091,-5.54008,-1.82057,2111
TATACONSUM,13,Q1 FY25,Apr-Jun 2024,2158,2158,-0.875505,-0.00573873,2178
TATACONSUM,14,Q2 FY25,Jul-Sep 2024,2214,2214,-6.67653,-4.72752,2234
TATACONSUM,15,Q3 FY25,Oct-Dec 2024,2285,2285,4.88105,-0.062383,2305
TATACONSUM,16,Q4 FY25,Jan-Mar 2025,2339,2339,1.3119,-4.26643,2359
TATACONSUM,17,Q1 FY26,Apr-Jun 2025,2403,2403,1.58561,1.81942,2423
TATACONSUM,18,Q2 FY26,Jul-Sep 2025,2472,2471,2.62933,-3.99135,2491
TATACONSUM,19,Q3 FY26,Oct-Dec 2025,2529,2528,2.43286,-3.44921,2548
TATACONSUM,20,Q4 FY26,Jan-Mar 2026,2597,2597,9.55016,-10.5335,2617
TATACONSUM,21,Q1 FY27,Apr-Jun 2026,2650,2650,0.821691,-4.98429,2670
TATAELXSI,0,Q4 FY21,Jan-Mar 2021,1346,1346,4.96246,6.47212,1366
TATAELXSI,1,Q1 FY22,Apr-Jun 2021,1405,1405,-4.10565,-1.665,1425
TATAELXSI,2,Q2 FY22,Jul-Sep 2021,1472,1472,-3.75638,7.41441,1492
TATAELXSI,3,Q3 FY22,Oct-Dec 2021,1532,1532,10.389,3.01723,1552
TATAELXSI,4,Q4 FY22,Jan-Mar 2022,1593,1593,-0.262695,12.9108,1613
TATAELXSI,5,Q1 FY23,Apr-Jun 2022,1653,1653,2.65339,20.1783,1673
TATAELXSI,6,Q2 FY23,Jul-Sep 2022,1736,1735,-0.809603,-6.04239,1755
TATAELXSI,7,Q3 FY23,Oct-Dec 2022,1786,1786,2.62529,-1.48626,1806
TATAELXSI,8,Q4 FY23,Jan-Mar 2023,1860,1860,0.0487263,5.30067,1880
TATAELXSI,9,Q1 FY24,Apr-Jun 2023,1901,1901,-2.48143,-4.88665,1921
TATAELXSI,10,Q2 FY24,Jul-Sep 2023,1964,1964,2.90535,10.6961,1984
TATAELXSI,11,Q3 FY24,Oct-Dec 2023,2031,2031,-6.2261,-3.26787,2051
TATAELXSI,12,Q4 FY24,Jan-Mar 2024,2091,2091,-5.0901,2.97388,2111
TATAELXSI,13,Q1 FY25,Apr-Jun 2024,2145,2145,-2.24052,-1.38627,2165
TATAELXSI,14,Q2 FY25,Jul-Sep 2024,2208,2208,-0.947702,-6.29901,2228
TATAELXSI,15,Q3 FY25,Oct-Dec 2024,2270,2270,-6.41846,6.28755,2290
TATAELXSI,16,Q4 FY25,Jan-Mar 2025,2337,2337,2.41045,10.182,2357
TATAELXSI,17,Q1 FY26,Apr-Jun 2025,2394,2394,-0.354881,-1.9253,2414
TATAELXSI,18,Q2 FY26,Jul-Sep 2025,2456,2456,-3.38089,-3.91301,2476
TATAELXSI,19,Q3 FY26,Oct-Dec 2025,2521,2521,-4.71231,-10.1612,2541
TATAELXSI,20,Q4 FY26,Jan-Mar 2026,2585,2585,-5.38924,-0.351796,2605
TATAELXSI,21,Q1 FY27,Apr-Jun 2026,2642,2642,-4.89454,3.9552,2662
TATAPOWER,0,Q4 FY21,Jan-Mar 2021,1360,1360,-4.657,16.2012,1380
TATAPOWER,1,Q1 FY22,Apr-Jun 2021,1420,1420,-2.41722,-8.30404,1440
TATAPOWER,2,Q2 FY22,Jul-Sep 2021,1476,1476,-0.657896,5.06239,1496
TATAPOWER,3,Q3 FY22,Oct-Dec 2021,1547,1547,0.573153,2.16268,1567
TATAPOWER,4,Q4 FY22,Jan-Mar 2022,1604,1604,-5.5324,-0.663849,1624
TATAPOWER,5,Q1 FY23,Apr-Jun 2022,1661,1661,-4.56201,2.33321,1681
TATAPOWER,6,Q2 FY23,Jul-Sep 2022,1724,1724,-0.845104,-4.49188,1744
TATAPOWER,7,Q3 FY23,Oct-Dec 2022,1792,1792,2.08406,1.13832,1812
TATAPOWER,8,Q4 FY23,Jan-Mar 2023,1850,1850,-0.791824,5.17016,1870
TATAPOWER,9,Q1 FY24,Apr-Jun 2023,1918,1918,1.41347,11.9504,1938
TATAPOWER,10,Q2 FY24,Jul-Sep 2023,1979,1979,-2.47812,22.3478,1999
TATAPOWER,11,Q3 FY24,Oct-Dec 2023,2043,2043,-6.98897,10.9094,2063
TATAPOWER,12,Q4 FY24,Jan-Mar 2024,2101,2101,-3.40654,0.43076,2121
TATAPOWER,13,Q1 FY25,Apr-Jun 2024,2163,2163,-2.73656,-5.67295,2183
TATAPOWER,14,Q2 FY25,Jul-Sep 2024,2222,2222,3.61289,-5.64374,2242
TATAPOWER,15,Q3 FY25,Oct-Dec 2024,2289,2289,1.32717,1.54197,2309
TATAPOWER,16,Q4 FY25,Jan-Mar 2025,2353,2353,-1.35023,1.62361,2373
TATAPOWER,17,Q1 FY26,Apr-Jun 2025,2410,2410,-1.20586,0.560725,2430
TATAPOWER,18,Q2 FY26,Jul-Sep 2025,2477,2477,-2.46066,-1.809,2497
TATAPOWER,19,Q3 FY26,Oct-Dec 2025,2536,2536,-1.3807,7.66769,2556
TATAPOWER,20,Q4 FY26,Jan-Mar 2026,2599,2599,-3.47549,-2.43886,2619
TATAPOWER,21,Q1 FY27,Apr-Jun 2026,2651,2651,-1.54587,-1.65785,2671
TATASTEEL,0,Q4 FY21,Jan-Mar 2021,1355,1355,2.14179,-4.62229,1375
TATASTEEL,1,Q1 FY22,Apr-Jun 2021,1424,1424,0.825857,-5.78759,1444
TATASTEEL,2,Q2 FY22,Jul-Sep 2021,1485,1485,-2.23235,-5.41628,1505
TATASTEEL,3,Q3 FY22,Oct-Dec 2021,1544,1544,2.29769,14.284,1564
TATASTEEL,4,Q4 FY22,Jan-Mar 2022,1602,1601,-0.319882,-14.7531,1621
TATASTEEL,5,Q1 FY23,Apr-Jun 2022,1660,1660,-0.281027,5.60028,1680
TATASTEEL,6,Q2 FY23,Jul-Sep 2022,1725,1725,-1.08416,2.99554,1745
TATASTEEL,7,Q3 FY23,Oct-Dec 2022,1793,1793,-4.86594,-4.62712,1813
TATASTEEL,8,Q4 FY23,Jan-Mar 2023,1848,1848,-0.225472,-6.01261,1868
TATASTEEL,9,Q1 FY24,Apr-Jun 2023,1906,1906,3.20481,0.950619,1926
TATASTEEL,10,Q2 FY24,Jul-Sep 2023,1974,1974,0.527596,4.14596,1994
TATASTEEL,11,Q3 FY24,Oct-Dec 2023,2032,2032,-0.563483,4.71959,2052
TATASTEEL,12,Q4 FY24,Jan-Mar 2024,2116,2116,-4.8447,-0.760934,2136
TATASTEEL,13,Q1 FY25,Apr-Jun 2024,2159,2159,-1.61248,-7.21629,2179
TATASTEEL,14,Q2 FY25,Jul-Sep 2024,2227,2227,-0.575252,-2.44299,2247
TATASTEEL,15,Q3 FY25,Oct-Dec 2024,2282,2282,1.21937,8.78004,2302
TATASTEEL,16,Q4 FY25,Jan-Mar 2025,2352,2352,3.57467,-1.21539,2372
TATASTEEL,17,Q1 FY26,Apr-Jun 2025,2408,2408,-1.77066,-0.542109,2428
TATASTEEL,18,Q2 FY26,Jul-Sep 2025,2478,2478,-1.11031,-5.88872,2498
TATASTEEL,19,Q3 FY26,Oct-Dec 2025,2538,2538,1.8312,2.7421,2558
TATASTEEL,20,Q4 FY26,Jan-Mar 2026,2602,2602,-3.31542,-7.97187,2622
TATASTEEL,21,Q1 FY27,Apr-Jun 2026,2654,2654,1.20866,-0.828878,2674
TCS,0,Q4 FY21,Jan-Mar 2021,1340,1340,-5.74489,-2.88565,1360
TCS,1,Q1 FY22,Apr-Jun 2021,1400,1400,-1.30295,-0.052462,1420
TCS,2,Q2 FY22,Jul-Sep 2021,1463,1463,-6.63706,-5.85881,1483
TCS,3,Q3 FY22,Oct-Dec 2021,1528,1528,0.734925,-0.37008,1548
TCS,4,Q4 FY22,Jan-Mar 2022,1588,1588,0.675007,2.4893,1608
TCS,5,Q1 FY23,Apr-Jun 2022,1649,1649,-4.61572,0.297909,1669
TCS,6,Q2 FY23,Jul-Sep 2022,1711,1711,-0.0779971,-1.71708,1731
TCS,7,Q3 FY23,Oct-Dec 2022,1774,1774,0.0227969,7.34808,1794
TCS,8,Q4 FY23,Jan-Mar 2023,1836,1836,-1.71638,-1.126,1856
TCS,9,Q1 FY24,Apr-Jun 2023,1898,1898,2.32207,2.37364,1918
TCS,10,Q2 FY24,Jul-Sep 2023,1960,1960,-1.77812,-4.04009,1980
TCS,11,Q3 FY24,Oct-Dec 2023,2023,2023,2.79922,7.39903,2043
TCS,12,Q4 FY24,Jan-Mar 2024,2085,2085,-0.408082,-1.21963,2105
TCS,13,Q1 FY25,Apr-Jun 2024,2146,2146,5.86702,0.912862,2166
TCS,14,Q2 FY25,Jul-Sep 2024,2208,2208,-1.71303,3.21584,2228
TCS,15,Q3 FY25,Oct-Dec 2024,2270,2270,6.01926,-5.02117,2290
TCS,16,Q4 FY25,Jan-Mar 2025,2333,2332,-2.38214,1.76302,2352
TCS,17,Q1 FY26,Apr-Jun 2025,2394,2394,-2.61983,-3.90255,2414
TCS,18,Q2 FY26,Jul-Sep 2025,2456,2456,-1.50211,-1.00241,2476
TCS,19,Q3 FY26,Oct-Dec 2025,2520,2520,1.10135,-11.8218,2540
TCS,20,Q4 FY26,Jan-Mar 2026,2578,2578,-3.65781,-6.08359,2598
TCS,21,Q1 FY27,Apr-Jun 2026,2639,2639,-0.0672103,17.0425,2659
TECHM,0,Q4 FY21,Jan-Mar 2021,1348,1348,-0.42747,-0.447726,1368
TECHM,1,Q1 FY22,Apr-Jun 2021,1414,1414,7.34623,9.92318,1434
TECHM,2,Q2 FY22,Jul-Sep 2021,1473,1473,1.78306,3.75508,1493
TECHM,3,Q3 FY22,Oct-Dec 2021,1541,1541,-2.66998,3.41357,1561
TECHM,4,Q4 FY22,Jan-Mar 2022,1609,1609,-1.52841,-11.1016,1629
TECHM,5,Q1 FY23,Apr-Jun 2022,1660,1660,-0.874857,0.828936,1680
TECHM,6,Q2 FY23,Jul-Sep 2022,1726,1726,1.38123,-2.23283,1746
TECHM,7,Q3 FY23,Oct-Dec 2022,1788,1788,-2.11127,10.4271,1808
TECHM,8,Q4 FY23,Jan-Mar 2023,1846,1846,1.21154,5.87177,1866
TECHM,9,Q1 FY24,Apr-Jun 2023,1908,1908,-3.18897,10.1508,1928
TECHM,10,Q2 FY24,Jul-Sep 2023,1969,1969,-0.952396,3.54708,1989
TECHM,11,Q3 FY24,Oct-Dec 2023,2032,2032,-5.62866,-4.01296,2052
TECHM,12,Q4 FY24,Jan-Mar 2024,2093,2093,8.09726,1.69844,2113
TECHM,13,Q1 FY25,Apr-Jun 2024,2155,2155,-1.02797,5.71607,2175
TECHM,14,Q2 FY25,Jul-Sep 2024,2215,2214,1.08147,5.0039,2234
TECHM,15,Q3 FY25,Oct-Dec 2024,2276,2276,0.251245,0.854242,2296
TECHM,16,Q4 FY25,Jan-Mar 2025,2340,2340,2.01764,5.53395,2360
TECHM,17,Q1 FY26,Apr-Jun 2025,2398,2398,-2.34991,-3.01214,2418
TECHM,18,Q2 FY26,Jul-Sep 2025,2459,2459,-1.32116,-3.67313,2479
TECHM,19,Q3 FY26,Oct-Dec 2025,2523,2523,3.28505,-12.3454,2543
TECHM,20,Q4 FY26,Jan-Mar 2026,2586,2585,-1.73763,0.0548131,2605
TECHM,21,Q1 FY27,Apr-Jun 2026,2644,2644,3.05837,3.67797,2664
TIINDIA,0,Q4 FY21,Jan-Mar 2021,1385,1385,-4.14015,-6.84498,1405
TIINDIA,1,Q1 FY22,Apr-Jun 2021,1425,1424,3.10713,3.65383,1444
TIINDIA,2,Q2 FY22,Jul-Sep 2021,1475,1475,0.142778,17.8194,1495
TIINDIA,3,Q3 FY22,Oct-Dec 2021,1545,1544,2.01756,-11.9073,1564
TIINDIA,4,Q4 FY22,Jan-Mar 2022,1608,1608,5.66811,-14.4793,1628
TIINDIA,5,Q1 FY23,Apr-Jun 2022,1666,1665,2.76669,9.10949,1685
TIINDIA,6,Q2 FY23,Jul-Sep 2022,1729,1728,0.28661,-0.706498,1748
TIINDIA,7,Q3 FY23,Oct-Dec 2022,1792,1791,-1.38728,2.09773,1811
TIINDIA,8,Q4 FY23,Jan-Mar 2023,1857,1856,-4.22135,6.22634,1876
TIINDIA,9,Q1 FY24,Apr-Jun 2023,1914,1913,1.0374,-2.50984,1933
TIINDIA,10,Q2 FY24,Jul-Sep 2023,1972,1971,-0.573281,7.87699,1991
TIINDIA,11,Q3 FY24,Oct-Dec 2023,2037,2036,-2.91508,-9.00693,2056
TIINDIA,12,Q4 FY24,Jan-Mar 2024,2104,2103,-3.5348,-4.60464,2123
TIINDIA,13,Q1 FY25,Apr-Jun 2024,2160,2159,-1.41621,-2.34343,2179
TIINDIA,14,Q2 FY25,Jul-Sep 2024,2225,2224,-1.56619,-17.7786,2244
TIINDIA,15,Q3 FY25,Oct-Dec 2024,2288,2287,-3.58508,-5.23771,2307
TIINDIA,16,Q4 FY25,Jan-Mar 2025,2354,2354,4.78702,-2.35657,2374
TIINDIA,17,Q1 FY26,Apr-Jun 2025,2410,2409,-0.317446,8.45574,2429
TIINDIA,18,Q2 FY26,Jul-Sep 2025,2474,2473,-0.154325,-11.2564,2493
TIINDIA,19,Q3 FY26,Oct-Dec 2025,2536,2535,5.16861,9.39766,2555
TIINDIA,20,Q4 FY26,Jan-Mar 2026,2600,2599,-0.581444,2.23834,2619
TIINDIA,21,Q1 FY27,Apr-Jun 2026,2665,2664,-1.5503,-0.688354,2684
TITAN,0,Q4 FY21,Jan-Mar 2021,1351,1351,0.765636,0.507719,1371
TITAN,1,Q1 FY22,Apr-Jun 2021,1418,1418,-0.236859,5.91201,1438
TITAN,2,Q2 FY22,Jul-Sep 2021,1475,1475,-1.51087,2.35332,1495
TITAN,3,Q3 FY22,Oct-Dec 2021,1543,1542,1.68062,6.11595,1562
TITAN,4,Q4 FY22,Jan-Mar 2022,1602,1601,-1.75406,-3.10434,1621
TITAN,5,Q1 FY23,Apr-Jun 2022,1670,1669,-0.151805,5.7844,1689
TITAN,6,Q2 FY23,Jul-Sep 2022,1729,1729,-1.48912,-6.95999,1749
TITAN,7,Q3 FY23,Oct-Dec 2022,1791,1790,-1.57783,3.84135,1810
TITAN,8,Q4 FY23,Jan-Mar 2023,1849,1849,-0.301325,4.6031,1869
TITAN,9,Q1 FY24,Apr-Jun 2023,1913,1913,-1.7788,7.12129,1933
TITAN,10,Q2 FY24,Jul-Sep 2023,1976,1975,1.77138,-1.04001,1995
TITAN,11,Q3 FY24,Oct-Dec 2023,2037,2036,-1.76582,-1.3992,2056
TITAN,12,Q4 FY24,Jan-Mar 2024,2098,2098,-7.03296,-4.2368,2118
TITAN,13,Q1 FY25,Apr-Jun 2024,2161,2161,0.183237,2.17389,2181
TITAN,14,Q2 FY25,Jul-Sep 2024,2226,2226,-2.76512,8.43263,2246
TITAN,15,Q3 FY25,Oct-Dec 2024,2289,2289,-2.78764,-5.73344,2309
TITAN,16,Q4 FY25,Jan-Mar 2025,2349,2349,5.27986,-2.73167,2369
TITAN,17,Q1 FY26,Apr-Jun 2025,2414,2414,2.2495,2.8361,2434
TITAN,18,Q2 FY26,Jul-Sep 2025,2472,2472,3.03274,-1.40436,2492
TITAN,19,Q3 FY26,Oct-Dec 2025,2540,2540,-0.540586,6.10615,2560
TITAN,20,Q4 FY26,Jan-Mar 2026,2597,2596,5.29655,-2.66538,2616
TITAN,21,Q1 FY27,Apr-Jun 2026,2660,2660,2.96206,1.40668,2680
TMPV,0,Q4 FY21,Jan-Mar 2021,1363,1363,-4.8984,6.19261,1383
TMPV,1,Q1 FY22,Apr-Jun 2021,1411,1411,-0.104056,-8.04283,1431
TMPV,2,Q2 FY22,Jul-Sep 2021,1478,1478,0.669658,0.930446,1498
TMPV,3,Q3 FY22,Oct-Dec 2021,1540,1540,-3.96457,-5.71955,1560
TMPV,4,Q4 FY22,Jan-Mar 2022,1608,1608,8.75874,3.21533,1628
TMPV,5,Q1 FY23,Apr-Jun 2022,1662,1662,-2.13474,0.245828,1682
TMPV,6,Q2 FY23,Jul-Sep 2022,1731,1731,-4.12729,-2.01054,1751
TMPV,7,Q3 FY23,Oct-Dec 2022,1786,1786,7.94319,-3.21883,1806
TMPV,8,Q4 FY23,Jan-Mar 2023,1856,1856,2.42896,5.17154,1876
TMPV,9,Q1 FY24,Apr-Jun 2023,1907,1907,-0.238394,-2.72292,1927
TMPV,10,Q2 FY24,Jul-Sep 2023,1975,1975,1.22739,1.40066,1995
TMPV,11,Q3 FY24,Oct-Dec 2023,2038,2038,5.84367,3.85448,2058
TMPV,12,Q4 FY24,Jan-Mar 2024,2103,2103,-8.52417,-3.62138,2123
TMPV,13,Q1 FY25,Apr-Jun 2024,2160,2160,-3.0002,-2.63437,2180
TMPV,14,Q2 FY25,Jul-Sep 2024,2229,2229,-0.064542,-2.76913,2249
TMPV,15,Q3 FY25,Oct-Dec 2024,2284,2284,-7.76836,-3.90124,2304
TMPV,16,Q4 FY25,Jan-Mar 2025,2352,2352,-1.59668,3.43441,2372
TMPV,17,Q1 FY26,Apr-Jun 2025,2415,2415,2.25378,6.88813,2435
TMPV,18,Q2 FY26,Jul-Sep 2025,2480,2479,-1.81559,-11.7119,2499
TMPV,19,Q3 FY26,Oct-Dec 2025,2537,2537,-1.44132,-3.66613,2557
TMPV,20,Q4 FY26,Jan-Mar 2026,2601,2601,5.44921,10.2867,2621
TMPV,21,Q1 FY27,Apr-Jun 2026,2664,2664,-4.19686,-6.01272,2684
TORNTPHARM,0,Q4 FY21,Jan-Mar 2021,1363,1363,1.64309,0.024165,1383
TORNTPHARM,1,Q1 FY22,Apr-Jun 2021,1412,1412,2.96103,-6.93986,1432
TORNTPHARM,2,Q2 FY22,Jul-Sep 2021,1474,1474,-3.85636,14.1121,1494
TORNTPHARM,3,Q3 FY22,Oct-Dec 2021,1537,1537,-14.1348,4.49877,1557
TORNTPHARM,4,Q4 FY22,Jan-Mar 2022,1617,1617,9.20056,2.22384,1637
TORNTPHARM,5,Q1 FY23,Apr-Jun 2022,1664,1664,-1.26559,-0.53346,1684
TORNTPHARM,6,Q2 FY23,Jul-Sep 2022,1720,1720,-1.2791,0.390885,1740
TORNTPHARM,7,Q3 FY23,Oct-Dec 2022,1786,1786,0.364457,-2.9173,1806
TORNTPHARM,8,Q4 FY23,Jan-Mar 2023,1868,1868,7.66802,4.05799,1888
TORNTPHARM,9,Q1 FY24,Apr-Jun 2023,1916,1916,-0.403689,-6.00342,1936
TORNTPHARM,10,Q2 FY24,Jul-Sep 2023,1968,1968,3.22213,6.24102,1988
TORNTPHARM,11,Q3 FY24,Oct-Dec 2023,2038,2037,-0.197209,3.44282,2057
TORNTPHARM,12,Q4 FY24,Jan-Mar 2024,2113,2113,1.74179,3.15837,2133
TORNTPHARM,13,Q1 FY25,Apr-Jun 2024,2153,2153,0.497174,5.25808,2173
TORNTPHARM,14,Q2 FY25,Jul-Sep 2024,2219,2219,-4.03835,-2.5174,2239
TORNTPHARM,15,Q3 FY25,Oct-Dec 2024,2281,2281,3.88971,-8.79449,2301
TORNTPHARM,16,Q4 FY25,Jan-Mar 2025,2357,2357,0.940534,-1.87943,2377
TORNTPHARM,17,Q1 FY26,Apr-Jun 2025,2406,2406,3.43979,-3.78413,2426
TORNTPHARM,18,Q2 FY26,Jul-Sep 2025,2475,2475,6.31222,-3.01632,2495
TORNTPHARM,19,Q3 FY26,Oct-Dec 2025,2543,2543,3.66881,9.21542,2563
TORNTPHARM,20,Q4 FY26,Jan-Mar 2026,2607,2607,0.608839,-0.415494,2627
TORNTPHARM,21,Q1 FY27,Apr-Jun 2026,2654,2654,4.87237,-0.568279,2674
TRENT,0,Q4 FY21,Jan-Mar 2021,1352,1352,0.796715,0.870276,1372
TRENT,1,Q1 FY22,Apr-Jun 2021,1422,1422,-4.80281,6.87762,1442
TRENT,2,Q2 FY22,Jul-Sep 2021,1479,1479,5.60655,-2.9717,1499
TRENT,3,Q3 FY22,Oct-Dec 2021,1548,1548,0.917504,11.8349,1568
TRENT,4,Q4 FY22,Jan-Mar 2022,1598,1598,-1.15162,-7.65698,1618
TRENT,5,Q1 FY23,Apr-Jun 2022,1672,1671,1.49541,2.9177,1691
TRENT,6,Q2 FY23,Jul-Sep 2022,1732,1732,-5.30837,1.94423,1752
TRENT,7,Q3 FY23,Oct-Dec 2022,1795,1795,8.44187,2.61856,1815
TRENT,8,Q4 FY23,Jan-Mar 2023,1846,1846,-1.8896,9.48607,1866
TRENT,9,Q1 FY24,Apr-Jun 2023,1918,1917,4.01455,16.2897,1937
TRENT,10,Q2 FY24,Jul-Sep 2023,1978,1977,8.56981,10.4216,1997
TRENT,11,Q3 FY24,Oct-Dec 2023,2041,2040,18.8583,4.84427,2060
TRENT,12,Q4 FY24,Jan-Mar 2024,2095,2094,-0.781783,5.91479,2114
TRENT,13,Q1 FY25,Apr-Jun 2024,2166,2165,10.1455,11.3905,2185
TRENT,14,Q2 FY25,Jul-Sep 2024,2228,2227,-5.30623,5.09393,2247
TRENT,15,Q3 FY25,Oct-Dec 2024,2291,2290,-7.83129,-0.801695,2310
TRENT,16,Q4 FY25,Jan-Mar 2025,2343,2343,-4.05476,7.31458,2363
TRENT,17,Q1 FY26,Apr-Jun 2025,2413,2413,-1.07877,-0.493353,2433
TRENT,18,Q2 FY26,Jul-Sep 2025,2475,2475,-7.74736,-6.02023,2495
TRENT,19,Q3 FY26,Oct-Dec 2025,2536,2536,3.47494,-5.23809,2556
TRENT,20,Q4 FY26,Jan-Mar 2026,2586,2586,-3.28787,2.93791,2606
TRENT,21,Q1 FY27,Apr-Jun 2026,2659,2658,-0.745996,-6.28647,2678
TVSMOTOR,0,Q4 FY21,Jan-Mar 2021,1349,1349,12.5951,-2.47953,1369
TVSMOTOR,1,Q1 FY22,Apr-Jun 2021,1414,1414,3.20341,-17.6807,1434
TVSMOTOR,2,Q2 FY22,Jul-Sep 2021,1471,1471,7.75604,18.3727,1491
TVSMOTOR,3,Q3 FY22,Oct-Dec 2021,1545,1545,2.76054,-10.056,1565
TVSMOTOR,4,Q4 FY22,Jan-Mar 2022,1603,1603,1.30991,15.0412,1623
TVSMOTOR,5,Q1 FY23,Apr-Jun 2022,1663,1663,2.95104,5.0373,1683
TVSMOTOR,6,Q2 FY23,Jul-Sep 2022,1729,1729,-0.598412,-8.86942,1749
TVSMOTOR,7,Q3 FY23,Oct-Dec 2022,1785,1785,6.74301,9.77784,1805
TVSMOTOR,8,Q4 FY23,Jan-Mar 2023,1850,1850,4.9495,4.88307,1870
TVSMOTOR,9,Q1 FY24,Apr-Jun 2023,1906,1905,-2.30156,4.95613,1925
TVSMOTOR,10,Q2 FY24,Jul-Sep 2023,1972,1972,-0.798593,11.8214,1992
TVSMOTOR,11,Q3 FY24,Oct-Dec 2023,2032,2032,-2.51867,4.97972,2052
TVSMOTOR,12,Q4 FY24,Jan-Mar 2024,2101,2101,4.90003,12.28,2121
TVSMOTOR,13,Q1 FY25,Apr-Jun 2024,2163,2162,-0.321451,6.9181,2182
TVSMOTOR,14,Q2 FY25,Jul-Sep 2024,2217,2216,-3.58941,-3.64009,2236
TVSMOTOR,15,Q3 FY25,Oct-Dec 2024,2283,2282,4.11756,2.9003,2302
TVSMOTOR,16,Q4 FY25,Jan-Mar 2025,2342,2342,-3.27075,1.94798,2362
TVSMOTOR,17,Q1 FY26,Apr-Jun 2025,2409,2408,0.64235,20.7269,2428
TVSMOTOR,18,Q2 FY26,Jul-Sep 2025,2468,2467,-2.02521,-1.6945,2487
TVSMOTOR,19,Q3 FY26,Oct-Dec 2025,2530,2529,3.83078,2.03173,2549
TVSMOTOR,20,Q4 FY26,Jan-Mar 2026,2600,2599,-1.09053,-5.72653,2619
TVSMOTOR,21,Q1 FY27,Apr-Jun 2026,2647,2646,5.83044,15.0301,2666
UJJIVANSFB,0,Q4 FY21,Jan-Mar 2021,1363,1363,-2.59371,4.89116,1383
UJJIVANSFB,1,Q1 FY22,Apr-Jun 2021,1420,1420,-3.04852,-35.9797,1440
UJJIVANSFB,2,Q2 FY22,Jul-Sep 2021,1482,1482,-3.298,-5.82089,1502
UJJIVANSFB,3,Q3 FY22,Oct-Dec 2021,1545,1544,-0.816425,-3.99396,1564
UJJIVANSFB,4,Q4 FY22,Jan-Mar 2022,1608,1608,9.16973,-10.3513,1628
UJJIVANSFB,5,Q1 FY23,Apr-Jun 2022,1661,1660,10.6549,3.64692,1680
UJJIVANSFB,6,Q2 FY23,Jul-Sep 2022,1730,1729,4.57397,5.05636,1749
UJJIVANSFB,7,Q3 FY23,Oct-Dec 2022,1791,1790,3.34937,-9.3415,1810
UJJIVANSFB,8,Q4 FY23,Jan-Mar 2023,1855,1854,0.960895,23.2834,1874
UJJIVANSFB,9,Q1 FY24,Apr-Jun 2023,1909,1908,3.99841,14.9298,1928
UJJIVANSFB,10,Q2 FY24,Jul-Sep 2023,1971,1970,-0.819953,-1.3961,1990
UJJIVANSFB,11,Q3 FY24,Oct-Dec 2023,2032,2031,-5.08579,-6.5398,2051
UJJIVANSFB,12,Q4 FY24,Jan-Mar 2024,2109,2108,1.16847,-10.2543,2128
UJJIVANSFB,13,Q1 FY25,Apr-Jun 2024,2155,2154,-1.29583,-2.8933,2174
UJJIVANSFB,14,Q2 FY25,Jul-Sep 2024,2218,2217,-3.71357,-9.38181,2237
UJJIVANSFB,15,Q3 FY25,Oct-Dec 2024,2280,2280,-3.88161,-0.767728,2300
UJJIVANSFB,16,Q4 FY25,Jan-Mar 2025,2344,2344,-0.590894,-0.173492,2364
UJJIVANSFB,17,Q1 FY26,Apr-Jun 2025,2404,2403,-2.16035,-3.60932,2423
UJJIVANSFB,18,Q2 FY26,Jul-Sep 2025,2462,2461,-1.03794,7.94463,2481
UJJIVANSFB,19,Q3 FY26,Oct-Dec 2025,2527,2526,6.72662,-0.230622,2546
UJJIVANSFB,20,Q4 FY26,Jan-Mar 2026,2597,2596,0.187835,-11.7817,2616
UJJIVANSFB,21,Q1 FY27,Apr-Jun 2026,2649,2648,6.26184,3.0622,2668
ULTRACEMCO,0,Q4 FY21,Jan-Mar 2021,1357,1357,-2.01984,0.772257,1377
ULTRACEMCO,1,Q1 FY22,Apr-Jun 2021,1409,1408,-0.76595,-3.49834,1428
ULTRACEMCO,2,Q2 FY22,Jul-Sep 2021,1468,1467,-0.703857,9.11518,1487
ULTRACEMCO,3,Q3 FY22,Oct-Dec 2021,1531,1530,2.44868,-2.14729,1550
ULTRACEMCO,4,Q4 FY22,Jan-Mar 2022,1600,1599,1.02732,-5.37802,1619
ULTRACEMCO,5,Q1 FY23,Apr-Jun 2022,1659,1658,4.66239,-4.56383,1678
ULTRACEMCO,6,Q2 FY23,Jul-Sep 2022,1718,1717,0.669123,1.96044,1737
ULTRACEMCO,7,Q3 FY23,Oct-Dec 2022,1784,1783,-5.06593,8.77601,1803
ULTRACEMCO,8,Q4 FY23,Jan-Mar 2023,1847,1847,-1.77563,3.29344,1867
ULTRACEMCO,9,Q1 FY24,Apr-Jun 2023,1905,1904,-0.104148,3.01258,1924
ULTRACEMCO,10,Q2 FY24,Jul-Sep 2023,1966,1965,3.13805,2.65198,1985
ULTRACEMCO,11,Q3 FY24,Oct-Dec 2023,2029,2028,1.29025,-4.20894,2048
ULTRACEMCO,12,Q4 FY24,Jan-Mar 2024,2095,2094,1.7201,1.07127,2114
ULTRACEMCO,13,Q1 FY25,Apr-Jun 2024,2151,2150,-2.25094,0.336542,2170
ULTRACEMCO,14,Q2 FY25,Jul-Sep 2024,2215,2214,-1.51329,4.1773,2234
ULTRACEMCO,15,Q3 FY25,Oct-Dec 2024,2280,2279,6.58384,0.0415112,2299
ULTRACEMCO,16,Q4 FY25,Jan-Mar 2025,2342,2342,-2.05307,-7.02782,2362
ULTRACEMCO,17,Q1 FY26,Apr-Jun 2025,2401,2400,0.142282,2.71261,2420
ULTRACEMCO,18,Q2 FY26,Jul-Sep 2025,2463,2462,-0.712496,-6.31851,2482
ULTRACEMCO,19,Q3 FY26,Oct-Dec 2025,2529,2528,1.27262,0.938699,2548
ULTRACEMCO,20,Q4 FY26,Jan-Mar 2026,2589,2588,-0.714906,-2.47936,2608
ULTRACEMCO,21,Q1 FY27,Apr-Jun 2026,2646,2645,1.89449,-2.06784,2665
UNIONBANK,0,Q4 FY21,Jan-Mar 2021,1377,1377,0.213775,5.25386,1397
UNIONBANK,1,Q1 FY22,Apr-Jun 2021,1414,1413,6.18017,-15.6489,1433
UNIONBANK,2,Q2 FY22,Jul-Sep 2021,1479,1478,5.9076,-3.36117,1498
UNIONBANK,3,Q3 FY22,Oct-Dec 2021,1545,1544,0.894772,-12.2506,1564
UNIONBANK,4,Q4 FY22,Jan-Mar 2022,1609,1608,7.27463,0.245568,1628
UNIONBANK,5,Q1 FY23,Apr-Jun 2022,1661,1660,-1.22325,7.56201,1680
UNIONBANK,6,Q2 FY23,Jul-Sep 2022,1719,1718,1.97751,57.7707,1738
UNIONBANK,7,Q3 FY23,Oct-Dec 2022,1783,1782,0.0139798,-12.3385,1802
UNIONBANK,8,Q4 FY23,Jan-Mar 2023,1852,1851,-4.35366,-3.56292,1871
UNIONBANK,9,Q1 FY24,Apr-Jun 2023,1904,1904,5.14205,3.38456,1924
UNIONBANK,10,Q2 FY24,Jul-Sep 2023,1971,1971,-0.691872,4.61354,1991
UNIONBANK,11,Q3 FY24,Oct-Dec 2023,2030,2029,4.57545,-3.39166,2049
UNIONBANK,12,Q4 FY24,Jan-Mar 2024,2103,2103,-4.16515,2.70657,2123
UNIONBANK,13,Q1 FY25,Apr-Jun 2024,2151,2151,0.471595,-8.56532,2171
UNIONBANK,14,Q2 FY25,Jul-Sep 2024,2215,2215,-0.920372,10.0598,2235
UNIONBANK,15,Q3 FY25,Oct-Dec 2024,2282,2282,4.15524,7.84603,2302
UNIONBANK,16,Q4 FY25,Jan-Mar 2025,2349,2349,7.42829,20.5746,2369
UNIONBANK,17,Q1 FY26,Apr-Jun 2025,2401,2400,-3.09804,-3.14383,2420
UNIONBANK,18,Q2 FY26,Jul-Sep 2025,2470,2469,-1.92489,6.43765,2489
UNIONBANK,19,Q3 FY26,Oct-Dec 2025,2522,2521,8.12972,0.413319,2541
UNIONBANK,20,Q4 FY26,Jan-Mar 2026,2587,2586,-6.54873,-8.68994,2606
UNIONBANK,21,Q1 FY27,Apr-Jun 2026,2643,2642,0.89196,6.99673,2662
UNITDSPR,0,Q4 FY21,Jan-Mar 2021,1366,1366,0.0184027,13.4772,1386
UNITDSPR,1,Q1 FY22,Apr-Jun 2021,1410,1410,-3.57568,0.295971,1430
UNITDSPR,2,Q2 FY22,Jul-Sep 2021,1475,1474,6.1207,6.82145,1494
UNITDSPR,3,Q3 FY22,Oct-Dec 2021,1537,1537,-2.78332,5.33007,1557
UNITDSPR,4,Q4 FY22,Jan-Mar 2022,1619,1619,3.87694,-1.39198,1639
UNITDSPR,5,Q1 FY23,Apr-Jun 2022,1661,1661,-7.71425,-3.2722,1681
UNITDSPR,6,Q2 FY23,Jul-Sep 2022,1720,1720,0.93091,2.16299,1740
UNITDSPR,7,Q3 FY23,Oct-Dec 2022,1785,1785,-4.64639,-1.36581,1805
UNITDSPR,8,Q4 FY23,Jan-Mar 2023,1860,1860,2.11055,7.8765,1880
UNITDSPR,9,Q1 FY24,Apr-Jun 2023,1904,1904,7.73574,-1.73794,1924
UNITDSPR,10,Q2 FY24,Jul-Sep 2023,1979,1979,0.0250798,-12.842,1999
UNITDSPR,11,Q3 FY24,Oct-Dec 2023,2031,2031,-0.638473,0.716531,2051
UNITDSPR,12,Q4 FY24,Jan-Mar 2024,2113,2113,-1.64508,7.28829,2133
UNITDSPR,13,Q1 FY25,Apr-Jun 2024,2153,2153,4.08535,3.35584,2173
UNITDSPR,14,Q2 FY25,Jul-Sep 2024,2217,2217,-0.305771,2.53608,2237
UNITDSPR,15,Q3 FY25,Oct-Dec 2024,2280,2280,-1.57151,-7.71588,2300
UNITDSPR,16,Q4 FY25,Jan-Mar 2025,2357,2357,-0.473442,-6.1328,2377
UNITDSPR,17,Q1 FY26,Apr-Jun 2025,2418,2418,0.954371,-2.081,2438
UNITDSPR,18,Q2 FY26,Jul-Sep 2025,2470,2470,3.24062,-0.666823,2490
UNITDSPR,19,Q3 FY26,Oct-Dec 2025,2525,2525,0.403409,5.29341,2545
UNITDSPR,20,Q4 FY26,Jan-Mar 2026,2601,2601,3.98242,-4.61517,2621
UNITDSPR,21,Q1 FY27,Apr-Jun 2026,2648,2648,1.51056,7.36815,2668
UNOMINDA,0,Q4 FY21,Jan-Mar 2021,1382,1381,-0.446464,11.9299,1401
UNOMINDA,1,Q1 FY22,Apr-Jun 2021,1426,1425,-2.96334,-3.88111,1445
UNOMINDA,2,Q2 FY22,Jul-Sep 2021,1485,1484,0.249087,11.2887,1504
UNOMINDA,3,Q3 FY22,Oct-Dec 2021,1545,1544,6.6616,-9.53725,1564
UNOMINDA,4,Q4 FY22,Jan-Mar 2022,1616,1616,7.14033,2.51274,1636
UNOMINDA,5,Q1 FY23,Apr-Jun 2022,1670,1669,4.6559,4.07092,1689
UNOMINDA,6,Q2 FY23,Jul-Sep 2022,1732,1731,-0.593152,-6.65844,1751
UNOMINDA,7,Q3 FY23,Oct-Dec 2022,1795,1794,1.63829,1.78552,1814
UNOMINDA,8,Q4 FY23,Jan-Mar 2023,1860,1860,-5.4127,6.4944,1880
UNOMINDA,9,Q1 FY24,Apr-Jun 2023,1918,1917,-1.53268,8.51885,1937
UNOMINDA,10,Q2 FY24,Jul-Sep 2023,1978,1977,0.387679,4.04575,1997
UNOMINDA,11,Q3 FY24,Oct-Dec 2023,2041,2040,-1.37132,-8.97764,2060
UNOMINDA,12,Q4 FY24,Jan-Mar 2024,2112,2111,7.89155,27.9322,2131
UNOMINDA,13,Q1 FY25,Apr-Jun 2024,2164,2163,0.98636,10.7095,2183
UNOMINDA,14,Q2 FY25,Jul-Sep 2024,2231,2230,9.82765,3.33368,2250
UNOMINDA,15,Q3 FY25,Oct-Dec 2024,2291,2290,0.963377,-11.0311,2310
UNOMINDA,16,Q4 FY25,Jan-Mar 2025,2358,2357,1.0984,6.52009,2377
UNOMINDA,17,Q1 FY26,Apr-Jun 2025,2413,2412,-1.20823,18.8537,2432
UNOMINDA,18,Q2 FY26,Jul-Sep 2025,2476,2476,-1.09311,-6.61912,2496
UNOMINDA,19,Q3 FY26,Oct-Dec 2025,2537,2537,-6.11335,-0.0716791,2557
UNOMINDA,20,Q4 FY26,Jan-Mar 2026,2603,2602,-4.84097,0.597967,2622
UNOMINDA,21,Q1 FY27,Apr-Jun 2026,2657,2656,2.04837,6.13446,2676
UPL,0,Q4 FY21,Jan-Mar 2021,1360,1360,7.59489,4.71592,1380
UPL,1,Q1 FY22,Apr-Jun 2021,1415,1415,-2.93897,-14.1458,1435
UPL,2,Q2 FY22,Jul-Sep 2021,1477,1477,-4.18221,0.150253,1497
UPL,3,Q3 FY22,Oct-Dec 2021,1540,1539,-3.13103,-11.1528,1559
UPL,4,Q4 FY22,Jan-Mar 2022,1605,1605,1.94803,-6.60597,1625
UPL,5,Q1 FY23,Apr-Jun 2022,1665,1664,2.48248,-2.58974,1684
UPL,6,Q2 FY23,Jul-Sep 2022,1726,1725,-2.54722,6.76148,1745
UPL,7,Q3 FY23,Oct-Dec 2022,1789,1788,1.54233,-6.29207,1808
UPL,8,Q4 FY23,Jan-Mar 2023,1852,1851,-1.00447,-5.35424,1871
UPL,9,Q1 FY24,Apr-Jun 2023,1911,1910,-0.620439,-2.25671,1930
UPL,10,Q2 FY24,Jul-Sep 2023,1972,1971,-4.07173,0.710622,1991
UPL,11,Q3 FY24,Oct-Dec 2023,2038,2038,-10.802,-2.35416,2058
UPL,12,Q4 FY24,Jan-Mar 2024,2104,2103,6.19413,-1.96815,2123
UPL,13,Q1 FY25,Apr-Jun 2024,2161,2160,-2.90479,9.2445,2180
UPL,14,Q2 FY25,Jul-Sep 2024,2230,2229,-7.58441,5.08005,2249
UPL,15,Q3 FY25,Oct-Dec 2024,2286,2285,5.3773,10.7224,2305
UPL,16,Q4 FY25,Jan-Mar 2025,2351,2350,-3.50708,-6.29346,2370
UPL,17,Q1 FY26,Apr-Jun 2025,2410,2409,-4.67203,6.78257,2429
UPL,18,Q2 FY26,Jul-Sep 2025,2474,2473,0.617053,1.0956,2493
UPL,19,Q3 FY26,Oct-Dec 2025,2534,2533,3.99381,-9.94907,2553
UPL,20,Q4 FY26,Jan-Mar 2026,2598,2597,5.05068,-3.65965,2617
UPL,21,Q1 FY27,Apr-Jun 2026,2656,2655,0.995744,-6.51363,2675
VBL,0,Q4 FY21,Jan-Mar 2021,1353,1352,5.58643,-6.14421,1372
VBL,1,Q1 FY22,Apr-Jun 2021,1416,1415,2.80902,-0.519286,1435
VBL,2,Q2 FY22,Jul-Sep 2021,1477,1476,4.19092,8.85252,1496
VBL,3,Q3 FY22,Oct-Dec 2021,1543,1542,1.77308,5.97556,1562
VBL,4,Q4 FY22,Jan-Mar 2022,1599,1598,1.02074,8.00724,1618
VBL,5,Q1 FY23,Apr-Jun 2022,1665,1664,3.85718,11.3672,1684
VBL,6,Q2 FY23,Jul-Sep 2022,1726,1725,4.78455,9.51724,1745
VBL,7,Q3 FY23,Oct-Dec 2022,1793,1792,6.29805,10.8774,1812
VBL,8,Q4 FY23,Jan-Mar 2023,1848,1847,-2.54027,13.8003,1867
VBL,9,Q1 FY24,Apr-Jun 2023,1914,1913,2.5364,10.4027,1933
VBL,10,Q2 FY24,Jul-Sep 2023,1977,1976,-1.59335,4.85241,1996
VBL,11,Q3 FY24,Oct-Dec 2023,2039,2038,1.67842,8.44176,2058
VBL,12,Q4 FY24,Jan-Mar 2024,2104,2103,0.735252,-0.5722,2123
VBL,13,Q1 FY25,Apr-Jun 2024,2158,2157,-6.48778,-3.91643,2177
VBL,14,Q2 FY25,Jul-Sep 2024,2216,2215,4.03022,10.0015,2235
VBL,15,Q3 FY25,Oct-Dec 2024,2293,2292,-0.191162,-7.75303,2312
VBL,16,Q4 FY25,Jan-Mar 2025,2344,2343,-1.27789,-9.57594,2363
VBL,17,Q1 FY26,Apr-Jun 2025,2407,2407,1.80601,-4.97134,2427
VBL,18,Q2 FY26,Jul-Sep 2025,2469,2468,8.6401,-6.30213,2488
VBL,19,Q3 FY26,Oct-Dec 2025,2535,2534,-5.80729,0.114255,2554
VBL,20,Q4 FY26,Jan-Mar 2026,2589,2588,4.97568,3.1425,2608
VBL,21,Q1 FY27,Apr-Jun 2026,2652,2651,-7.38317,0.404572,2671
VEDL,0,Q4 FY21,Jan-Mar 2021,1361,1360,-3.31126,-6.22777,1380
VEDL,1,Q1 FY22,Apr-Jun 2021,1411,1410,1.80497,0.198998,1430
VEDL,2,Q2 FY22,Jul-Sep 2021,1477,1477,-2.06852,19.1805,1497
VEDL,3,Q3 FY22,Oct-Dec 2021,1539,1538,-0.119656,13.2604,1558
VEDL,4,Q4 FY22,Jan-Mar 2022,1599,1599,0.0246721,-20.7217,1619
VEDL,5,Q1 FY23,Apr-Jun 2022,1663,1663,2.23393,2.76911,1683
VEDL,6,Q2 FY23,Jul-Sep 2022,1724,1724,-2.68903,4.13288,1744
VEDL,7,Q3 FY23,Oct-Dec 2022,1787,1787,0.419054,-9.28123,1807
VEDL,8,Q4 FY23,Jan-Mar 2023,1856,1855,-2.35345,-0.757595,1875
VEDL,9,Q1 FY24,Apr-Jun 2023,1905,1905,-2.12981,-11.9775,1925
VEDL,10,Q2 FY24,Jul-Sep 2023,1977,1976,-0.791612,-3.44574,1996
VEDL,11,Q3 FY24,Oct-Dec 2023,2033,2033,-0.209739,-2.7208,2053
VEDL,12,Q4 FY24,Jan-Mar 2024,2093,2092,-1.37559,19.2155,2112
VEDL,13,Q1 FY25,Apr-Jun 2024,2163,2162,0.419391,5.95373,2182
VEDL,14,Q2 FY25,Jul-Sep 2024,2229,2228,0.211369,7.33619,2248
VEDL,15,Q3 FY25,Oct-Dec 2024,2286,2285,0.956028,-4.68265,2305
VEDL,16,Q4 FY25,Jan-Mar 2025,2344,2343,0.703804,5.68869,2363
VEDL,17,Q1 FY26,Apr-Jun 2025,2409,2408,-1.71054,1.83547,2428
VEDL,18,Q2 FY26,Jul-Sep 2025,2471,2470,-2.04139,6.29024,2490
VEDL,19,Q3 FY26,Oct-Dec 2025,2531,2531,-10.6789,7.50722,2551
VEDL,20,Q4 FY26,Jan-Mar 2026,2591,2590,3.88126,32.4525,2610
VEDL,21,Q1 FY27,Apr-Jun 2026,2654,2653,0.85814,5.97737,2673
VMM,15,Q3 FY25,Oct-Dec 2024,2286,2286,6.88331,-6.49017,2306
VMM,16,Q4 FY25,Jan-Mar 2025,2343,2343,10.0063,4.65773,2363
VMM,17,Q1 FY26,Apr-Jun 2025,2418,2418,1.59512,0.849084,2438
VMM,18,Q2 FY26,Jul-Sep 2025,2479,2479,-1.00244,-2.113,2499
VMM,19,Q3 FY26,Oct-Dec 2025,2529,2529,-4.79208,2.7888,2549
VMM,20,Q4 FY26,Jan-Mar 2026,2601,2600,-2.62245,1.97114,2620
VMM,21,Q1 FY27,Apr-Jun 2026,2649,2648,-1.39151,-8.13452,2668
VOLTAS,0,Q4 FY21,Jan-Mar 2021,1360,1359,-2.74752,1.47466,1379
VOLTAS,1,Q1 FY22,Apr-Jun 2021,1420,1419,0.594859,0.167783,1439
VOLTAS,2,Q2 FY22,Jul-Sep 2021,1477,1476,5.30231,3.60106,1496
VOLTAS,3,Q3 FY22,Oct-Dec 2021,1549,1549,1.21226,4.63086,1569
VOLTAS,4,Q4 FY22,Jan-Mar 2022,1603,1603,-5.98904,-5.90809,1623
VOLTAS,5,Q1 FY23,Apr-Jun 2022,1666,1666,-1.98687,-1.08264,1686
VOLTAS,6,Q2 FY23,Jul-Sep 2022,1726,1726,0.377721,-11.3928,1746
VOLTAS,7,Q3 FY23,Oct-Dec 2022,1796,1796,3.27484,7.93905,1816
VOLTAS,8,Q4 FY23,Jan-Mar 2023,1845,1845,-5.97555,-2.50074,1865
VOLTAS,9,Q1 FY24,Apr-Jun 2023,1920,1920,-0.412352,3.17709,1940
VOLTAS,10,Q2 FY24,Jul-Sep 2023,1966,1966,-1.99592,0.416595,1986
VOLTAS,11,Q3 FY24,Oct-Dec 2023,2035,2035,6.51294,0.600352,2055
VOLTAS,12,Q4 FY24,Jan-Mar 2024,2100,2100,-5.06766,9.25878,2120
VOLTAS,13,Q1 FY25,Apr-Jun 2024,2167,2166,10.841,12.7916,2186
VOLTAS,14,Q2 FY25,Jul-Sep 2024,2221,2221,-3.59097,-1.47352,2241
VOLTAS,15,Q3 FY25,Oct-Dec 2024,2284,2284,-14.2662,6.44523,2304
VOLTAS,16,Q4 FY25,Jan-Mar 2025,2348,2348,-1.10417,0.0294271,2368
VOLTAS,17,Q1 FY26,Apr-Jun 2025,2415,2415,-5.48524,10.4438,2435
VOLTAS,18,Q2 FY26,Jul-Sep 2025,2479,2479,0.927799,1.41847,2499
VOLTAS,19,Q3 FY26,Oct-Dec 2025,2531,2531,-1.1849,15.6168,2551
VOLTAS,20,Q4 FY26,Jan-Mar 2026,2601,2601,-4.66044,6.88619,2621
VOLTAS,21,Q1 FY27,Apr-Jun 2026,2665,2665,-3.72995,-5.4471,2685
WAAREEENER,14,Q2 FY25,Jul-Sep 2024,2234,2234,-7.10371,1.94381,2254
WAAREEENER,15,Q3 FY25,Oct-Dec 2024,2285,2284,-0.846382,3.74908,2304
WAAREEENER,16,Q4 FY25,Jan-Mar 2025,2338,2338,14.3085,-1.51305,2358
WAAREEENER,17,Q1 FY26,Apr-Jun 2025,2406,2406,1.3858,9.00295,2426
WAAREEENER,18,Q2 FY26,Jul-Sep 2025,2461,2461,-3.02581,-7.9464,2481
WAAREEENER,19,Q3 FY26,Oct-Dec 2025,2526,2526,8.68,8.15461,2546
WAAREEENER,20,Q4 FY26,Jan-Mar 2026,2591,2591,-10.2203,1.83471,2611
WAAREEENER,21,Q1 FY27,Apr-Jun 2026,2653,2653,-4.34377,0.896345,2673
WIPRO,0,Q4 FY21,Jan-Mar 2021,1342,1342,8.68931,4.92628,1362
WIPRO,1,Q1 FY22,Apr-Jun 2021,1405,1405,0.32626,2.26595,1425
WIPRO,2,Q2 FY22,Jul-Sep 2021,1466,1466,4.32686,-5.71861,1486
WIPRO,3,Q3 FY22,Oct-Dec 2021,1528,1528,-6.26677,-8.75328,1548
WIPRO,4,Q4 FY22,Jan-Mar 2022,1600,1600,-2.51668,-0.585486,1620
WIPRO,5,Q1 FY23,Apr-Jun 2022,1652,1652,-1.11551,-2.408,1672
WIPRO,6,Q2 FY23,Jul-Sep 2022,1713,1713,-6.43394,-3.12458,1733
WIPRO,7,Q3 FY23,Oct-Dec 2022,1778,1778,1.53708,1.43512,1798
WIPRO,8,Q4 FY23,Jan-Mar 2023,1846,1846,1.99419,0.890087,1866
WIPRO,9,Q1 FY24,Apr-Jun 2023,1899,1899,1.94984,2.67124,1919
WIPRO,10,Q2 FY24,Jul-Sep 2023,1965,1965,-2.74608,-0.520447,1985
WIPRO,11,Q3 FY24,Oct-Dec 2023,2024,2024,5.33605,5.04003,2044
WIPRO,12,Q4 FY24,Jan-Mar 2024,2089,2089,1.18788,-1.10058,2109
WIPRO,13,Q1 FY25,Apr-Jun 2024,2151,2151,-9.13643,2.95318,2171
WIPRO,14,Q2 FY25,Jul-Sep 2024,2213,2213,3.34258,6.39939,2233
WIPRO,15,Q3 FY25,Oct-Dec 2024,2276,2276,5.88046,4.39433,2296
WIPRO,16,Q4 FY25,Jan-Mar 2025,2335,2335,-6.10914,1.68262,2355
WIPRO,17,Q1 FY26,Apr-Jun 2025,2399,2399,3.00634,-7.77758,2419
WIPRO,18,Q2 FY26,Jul-Sep 2025,2461,2461,-5.57328,-0.778688,2481
WIPRO,19,Q3 FY26,Oct-Dec 2025,2523,2523,-7.61526,-13.6714,2543
WIPRO,20,Q4 FY26,Jan-Mar 2026,2582,2582,-3.47309,-3.05744,2602
WIPRO,21,Q1 FY27,Apr-Jun 2026,2644,2644,-2.06546,4.41519,2664
YESBANK,0,Q4 FY21,Jan-Mar 2021,1352,1352,-4.4882,-10.3849,1372
YESBANK,1,Q1 FY22,Apr-Jun 2021,1410,1410,2.115,-22.3496,1430
YESBANK,2,Q2 FY22,Jul-Sep 2021,1472,1471,-3.49848,-5.35132,1491
YESBANK,3,Q3 FY22,Oct-Dec 2021,1536,1535,0.474966,1.44705,1555
YESBANK,4,Q4 FY22,Jan-Mar 2022,1601,1600,1.29448,-1.87138,1620
YESBANK,5,Q1 FY23,Apr-Jun 2022,1660,1659,-2.5322,10.635,1679
YESBANK,6,Q2 FY23,Jul-Sep 2022,1721,1720,-2.7479,3.95831,1740
YESBANK,7,Q3 FY23,Oct-Dec 2022,1784,1783,-8.6055,-6.37821,1803
YESBANK,8,Q4 FY23,Jan-Mar 2023,1843,1842,-3.76362,-4.36287,1862
YESBANK,9,Q1 FY24,Apr-Jun 2023,1906,1905,-3.23317,-1.18373,1925
YESBANK,10,Q2 FY24,Jul-Sep 2023,1968,1967,-4.1563,17.8876,1987
YESBANK,11,Q3 FY24,Oct-Dec 2023,2034,2033,-3.81513,1.92746,2053
YESBANK,12,Q4 FY24,Jan-Mar 2024,2095,2094,2.63623,-16.948,2114
YESBANK,13,Q1 FY25,Apr-Jun 2024,2152,2151,3.72169,-5.29249,2171
YESBANK,14,Q2 FY25,Jul-Sep 2024,2220,2219,5.33069,-1.09922,2239
YESBANK,15,Q3 FY25,Oct-Dec 2024,2282,2281,2.50974,-2.88303,2301
YESBANK,16,Q4 FY25,Jan-Mar 2025,2337,2336,2.88703,8.31265,2356
YESBANK,17,Q1 FY26,Apr-Jun 2025,2401,2400,-0.539398,-3.57925,2420
YESBANK,18,Q2 FY26,Jul-Sep 2025,2463,2462,1.23433,0.470264,2482
YESBANK,19,Q3 FY26,Oct-Dec 2025,2524,2523,-2.56017,-8.28871,2543
YESBANK,20,Q4 FY26,Jan-Mar 2026,2584,2583,-1.77993,13.8012,2603
YESBANK,21,Q1 FY27,Apr-Jun 2026,2646,2645,-2.48646,-0.246398,2665
ZYDUSLIFE,0,Q4 FY21,Jan-Mar 2021,1370,1369,-0.436899,-4.36269,1389
ZYDUSLIFE,1,Q1 FY22,Apr-Jun 2021,1423,1422,-2.21635,-7.6782,1442
ZYDUSLIFE,2,Q2 FY22,Jul-Sep 2021,1477,1476,3.29682,-3.57238,1496
ZYDUSLIFE,3,Q3 FY22,Oct-Dec 2021,1543,1542,-0.40431,-7.65826,1562
ZYDUSLIFE,4,Q4 FY22,Jan-Mar 2022,1614,1613,2.45407,0.0527531,1633
ZYDUSLIFE,5,Q1 FY23,Apr-Jun 2022,1671,1670,1.01231,0.916768,1690
ZYDUSLIFE,6,Q2 FY23,Jul-Sep 2022,1733,1732,-2.78609,-5.85352,1752
ZYDUSLIFE,7,Q3 FY23,Oct-Dec 2022,1792,1791,-0.967709,10.2662,1811
ZYDUSLIFE,8,Q4 FY23,Jan-Mar 2023,1860,1859,-1.78719,5.01115,1879
ZYDUSLIFE,9,Q1 FY24,Apr-Jun 2023,1920,1919,-0.46145,-6.36495,1939
ZYDUSLIFE,10,Q2 FY24,Jul-Sep 2023,1978,1977,2.15477,-1.50195,1997
ZYDUSLIFE,11,Q3 FY24,Oct-Dec 2023,2043,2042,0.0768224,18.0635,2062
ZYDUSLIFE,12,Q4 FY24,Jan-Mar 2024,2108,2108,4.8383,-6.95706,2128
ZYDUSLIFE,13,Q1 FY25,Apr-Jun 2024,2166,2165,0.641794,-17.4588,2185
ZYDUSLIFE,14,Q2 FY25,Jul-Sep 2024,2231,2230,-0.791893,0.0311229,2250
ZYDUSLIFE,15,Q3 FY25,Oct-Dec 2024,2290,2289,0.488932,-2.26403,2309
ZYDUSLIFE,16,Q4 FY25,Jan-Mar 2025,2357,2356,-2.01873,7.73061,2376
ZYDUSLIFE,17,Q1 FY26,Apr-Jun 2025,2417,2416,0.407658,7.0874,2436
ZYDUSLIFE,18,Q2 FY26,Jul-Sep 2025,2474,2473,-3.25834,-2.15574,2493
ZYDUSLIFE,19,Q3 FY26,Oct-Dec 2025,2539,2538,3.2989,6.16956,2558
ZYDUSLIFE,20,Q4 FY26,Jan-Mar 2026,2604,2603,2.94006,2.1909,2623
ZYDUSLIFE,21,Q1 FY27,Apr-Jun 2026,2662,2661,6.89031,-0.401677,2681
