symbol,qn,quarter,period,results_for,industry,sector_index,fin_type,fo_raw,in_fo_b,i_cut,i_p1,i_react,reaction_day_s,XN,raw20,nif20,tradable,vsN_net,n_prev,n_drift_4,mean_drift_4,n_pos_drift_4,all4_known,max_exit_used,mean_drift_3,mean_drift_6,mean_drift_8,mean_drift_all,n_drift_all,median_drift_4,prev1_xn,prev1_drift,n_win_4,dist_52wh,vsN_252,vsN_63,first_fo_qn,mcap,S1,S3,W,NEAR,d_par
ABB,5,Q1 FY23,Apr-Jun 2022,Results for Apr-Jun 2022 (Q1 FY23),Electrical Equipment,Nifty India Manufacturing,Company,True,True,1668,1671,1670,2022-08-10,1.7567,19.645,1.7029,True,17.752,5,4,6.4846,4,True,1622,7.3714,,,7.3083,5,6.5173,10.228,9.2105,1,-2.793,58.645,13.118,5,56963,True,True,False,False,16.084
ABB,6,Q2 FY23,Jul-Sep 2022,Results for Jul-Sep 2022 (Q2 FY23),Electrical Equipment,Nifty India Manufacturing,Company,True,True,1730,1733,1733,2022-11-14,-4.0279,-1.1173,0.91657,True,-2.2239,6,4,10.014,4,True,1690,9.1394,9.0806,,9.0806,6,10.924,1.7567,17.942,1,-12.219,43.519,4.6668,5,65772,True,True,False,False,-1.756
ABB,7,Q3 FY23,Oct-Dec 2022,Results for Oct-Dec 2022 (Q3 FY23),Electrical Equipment,Nifty India Manufacturing,Company,True,True,1794,1797,1797,2023-02-13,-2.2572,7.5171,-4.0943,True,11.421,7,4,6.3461,3,True,1753,8.373,6.9745,,7.4928,7,4.738,-4.0279,-2.0339,1,-10.639,35.725,5.1477,5,65254,True,True,False,False,10.293
ABB,8,Q4 FY23,Jan-Mar 2023,Results for Jan-Mar 2023 (Q4 FY23),Electrical Equipment,Nifty India Manufacturing,Company,True,True,1846,1849,1849,2023-05-04,4.6348,8.2105,1.2706,True,6.7499,8,4,9.1826,3,True,1817,9.1733,8.2723,8.0076,8.0076,8,10.411,-2.2572,11.611,1,-0.47505,67.721,26.342,5,72426,True,True,True,True,3.2447
ABB,9,Q1 FY24,Apr-Jun 2023,Results for Apr-Jun 2023 (Q1 FY24),Electrical Equipment,Nifty India Manufacturing,Company,True,True,1917,1920,1920,2023-08-14,-3.8308,1.0839,2.8745,True,-1.9806,9,4,8.6149,3,True,1869,5.5058,7.3226,7.5498,7.889,9,9.2757,4.6348,6.9399,1,-5.627,50.284,5.0811,5,95799,True,True,False,False,-4.2922
ABB,11,Q3 FY24,Oct-Dec 2023,Results for Oct-Dec 2023 (Q3 FY24),Electrical Equipment,Nifty India Manufacturing,Company,True,True,2047,2050,2050,2024-02-21,10.811,15.026,-0.97914,True,15.815,11,4,4.6917,3,True,1999,2.3851,5.7792,5.5189,6.4742,11,4.4729,1.0653,2.0059,1,-2.9081,38.976,3.2322,5,95867,True,True,True,True,14.157
ABB,18,Q2 FY26,Jul-Sep 2025,Results for Jul-Sep 2025 (Q2 FY26),Electrical Equipment,Nifty India Manufacturing,Company,True,True,2471,2474,2474,2025-11-07,-3.9773,3.1297,2.723,True,0.21669,18,4,5.1265,4,True,2430,5.8554,1.5437,3.4092,5.3602,18,4.0338,-6.1164,1.9143,0,-36.979,-37.795,-4.7466,5,1.1138e+05,True,True,False,False,2.3102
ABB,19,Q3 FY26,Oct-Dec 2025,Results for Oct-Dec 2025 (Q3 FY26),Electrical Equipment,Nifty India Manufacturing,Company,True,True,2544,2547,2547,2026-02-20,4.2177,0.9103,-11.961,True,12.681,19,4,4.4932,4,True,2494,4.2817,2.3203,3.2093,5.0995,19,3.521,-3.9773,0.40669,0,-4.361,-1.0282,19.483,5,1.2366e+05,True,True,True,True,11.328
ABB,20,Q4 FY26,Jan-Mar 2026,Results for Jan-Mar 2026 (Q4 FY26),Electrical Equipment,Nifty India Manufacturing,Company,True,True,2594,2597,2597,2026-05-11,-7.4223,8.5088,-2.4091,True,10.728,20,4,6.4291,4,True,2567,5.0641,5.6307,2.8176,5.4881,20,6.2193,4.2177,12.871,1,-18.345,19.039,20.115,5,1.522e+05,True,True,False,False,9.704
ABB,21,Q1 FY27,Apr-Jun 2026,Results for Apr-Jun 2026 (Q1 FY27),Electrical Equipment,Nifty India Manufacturing,Company,True,True,2652,2655,2655,2026-08-03,2.7425,0.49336,-2.8009,True,3.1042,21,4,6.5276,4,True,2617,8.0653,6.9604,4.7139,5.7467,21,6.4161,-7.4223,10.918,1,-4.0823,34.523,2.3213,5,1.5491e+05,True,True,False,False,2.2174
ABCAPITAL,7,Q3 FY23,Oct-Dec 2022,Results for Oct-Dec 2022 (Q3 FY23),Finance,Nifty Financial Services,NBFC / financial,True,True,1788,1791,1791,2023-02-03,0.96301,9.03,-1.4546,True,10.295,7,4,3.7819,2,True,1749,8.6495,1.8247,,0.514,7,2.529,3.0311,20.89,0,-12.742,17.519,15.629,3,,True,False,False,False,9.1661
ABCAPITAL,8,Q4 FY23,Jan-Mar 2023,Results for Jan-Mar 2023 (Q4 FY23),Finance,Nifty Financial Services,NBFC / financial,True,True,1852,1855,1854,2023-05-11,-3.9679,4.8795,1.8448,True,2.8447,8,4,9.1082,3,True,1811,12.831,6.703,1.7603,1.7603,8,8.8009,0.96301,10.485,0,-6.4746,38.159,13.18,3,,True,True,False,False,-0.66057
ABCAPITAL,9,Q1 FY24,Apr-Jun 2023,Results for Apr-Jun 2023 (Q1 FY24),Finance,Nifty Financial Services,NBFC / financial,True,True,1910,1913,1912,2023-08-02,-2.1119,-4.6328,-1.3968,True,-3.426,9,4,10.382,4,True,1874,11.47,4.7744,3.0584,1.9019,9,8.8009,-3.9679,3.0347,0,-4.6914,66.768,2.6152,3,,True,True,False,False,-5.7376
ABCAPITAL,10,Q2 FY24,Jul-Sep 2023,Results for Jul-Sep 2023 (Q2 FY24),Finance,Nifty Financial Services,NBFC / financial,True,True,1973,1976,1975,2023-11-03,-0.27718,-0.31774,7.5723,True,-8.08,10,4,7.7934,3,True,1932,3.4278,6.0386,5.0021,1.3881,10,6.7596,-2.1119,-3.236,0,-13.146,40.786,-7.3551,3,44136,True,True,False,False,-10.6
ABCAPITAL,19,Q3 FY26,Oct-Dec 2025,Results for Oct-Dec 2025 (Q3 FY26),Finance,Nifty Financial Services,NBFC / financial,True,True,2532,2535,2535,2026-02-04,0.14458,-5.4818,-3.9188,True,-1.7531,19,4,3.084,2,True,2489,5.7496,0.42299,1.353,0.88502,19,3.1921,5.8237,8.3061,2,-6.1468,85.049,3.874,3,86004,True,False,False,False,-3.1067
ADANIENT,4,Q4 FY22,Jan-Mar 2022,Results for Jan-Mar 2022 (Q4 FY22),Trading,Nifty 500,Company,True,True,1599,1602,1601,2022-05-04,-1.3696,-4.5656,-0.92849,True,-3.8271,4,4,11.986,4,True,1570,10.127,,,11.986,4,10.713,1.7999,2.9615,0,-6.9043,77.965,35.551,0,2.5647e+05,True,True,False,False,-2.5673
ADANIENT,5,Q1 FY23,Apr-Jun 2022,Results for Apr-Jun 2022 (Q1 FY23),Trading,Nifty 500,Company,True,True,1665,1668,1668,2022-08-05,-1.0144,28.734,1.3042,True,27.239,5,4,6.6856,3,True,1621,7.6261,,,8.861,5,3.4129,-1.3696,-3.6371,0,-2.5021,79.172,20.789,0,2.9515e+05,True,True,False,False,25.572
ADANIENT,6,Q2 FY23,Jul-Sep 2022,Results for Jul-Sep 2022 (Q2 FY23),Trading,Nifty 500,Company,True,True,1725,1728,1728,2022-11-04,6.4069,2.5344,3.2229,True,-0.8785,6,4,12.577,3,True,1688,8.918,11.956,,11.956,6,13.258,-1.0144,27.43,0,-1.332,166.74,38.388,0,4.0763e+05,True,True,True,True,-0.41067
ADANIENT,7,Q3 FY23,Oct-Dec 2022,Results for Oct-Dec 2022 (Q3 FY23),Trading,Nifty 500,Company,True,True,1796,1799,1798,2023-02-14,0.97148,5.1037,-5.3414,True,10.255,7,4,6.5163,2,True,1748,7.7013,8.9139,,10.149,7,1.1365,6.4069,-0.6885,1,-58.241,-4.5446,-53.172,0,2.1055e+05,True,False,False,False,9.1266
ADANIENT,8,Q4 FY23,Jan-Mar 2023,Results for Jan-Mar 2023 (Q4 FY23),Trading,Nifty 500,Company,True,True,1847,1850,1849,2023-05-04,3.0114,30.394,1.2706,True,28.933,8,4,8.3872,2,True,1818,12.395,10.011,10.186,10.186,8,4.8783,0.97148,10.445,1,-54.385,-25.261,-34.489,0,2.1886e+05,True,False,False,False,25.428
ADANIENT,9,Q1 FY24,Apr-Jun 2023,Results for Apr-Jun 2023 (Q1 FY24),Trading,Nifty 500,Company,True,True,1911,1914,1913,2023-08-03,3.1293,-3.2595,0.27681,True,-3.7263,9,4,16.577,3,True,1869,12.96,10.939,11.632,12.29,9,18.937,3.0114,29.123,1,-39.556,-17.096,24.621,0,2.8284e+05,True,True,False,False,-6.0379
ADANIENT,10,Q2 FY24,Jul-Sep 2023,Results for Jul-Sep 2023 (Q2 FY24),Trading,Nifty 500,Company,True,True,1972,1975,1974,2023-11-02,-0.84905,6.6537,5.9303,True,0.53348,10,4,8.8359,2,True,1933,12.011,9.856,10.706,10.708,10,4.8783,3.1293,-3.5363,1,-47.129,-41.247,-7.671,0,2.6159e+05,True,False,False,False,-1.9868
ADANIENT,11,Q3 FY24,Oct-Dec 2023,Results for Oct-Dec 2023 (Q3 FY24),Trading,Nifty 500,Company,True,True,2034,2037,2036,2024-02-01,0.49604,4.1827,1.3151,True,2.6775,11,4,9.1889,3,True,1994,8.7701,10.583,7.8526,9.8001,11,5.5843,-0.84905,0.72348,0,-2.578,-28.136,27.96,0,3.5238e+05,True,True,False,False,1.0194
ADANIENT,12,Q4 FY24,Jan-Mar 2024,Results for Jan-Mar 2024 (Q4 FY24),Trading,Nifty 500,Company,True,True,2094,2097,2096,2024-05-02,-0.68609,5.0878,-0.70447,True,5.6023,12,4,7.2945,3,True,2056,0.018232,6.4891,7.8408,9.2224,12,1.7955,0.49604,2.8675,0,-9.2657,37.349,-5.0064,0,3.5126e+05,True,True,False,False,4.0543
ADANIGREEN,21,Q1 FY27,Apr-Jun 2026,Results for Apr-Jun 2026 (Q1 FY27),Power,Nifty Energy,Company,True,True,2645,2648,2647,2026-07-22,-3.7224,-12.178,0.34193,True,-12.71,21,4,5.3804,2,True,2607,9.6282,2.4433,-2.3346,-0.1823,21,3.1312,2.9212,13.626,1,-9.7579,47.843,30.387,15,2.5199e+05,True,False,False,False,-13.597
ADANIPORTS,4,Q4 FY22,Jan-Mar 2022,Results for Jan-Mar 2022 (Q4 FY22),Shipping,Nifty Services Sector,Company,True,True,1613,1616,1616,2022-05-25,-5.267,-5.594,-3.822,True,-1.962,4,4,3.224,3,True,1561,2.8062,,,3.224,4,3.2604,-0.28269,2.0437,0,-23.441,-15.061,4.5441,0,1.5672e+05,True,True,False,False,-0.7022
ADANIPORTS,6,Q2 FY23,Jul-Sep 2022,Results for Jul-Sep 2022 (Q2 FY23),Shipping,Nifty Services Sector,Company,True,True,1723,1726,1726,2022-11-02,-0.65315,6.8575,4.035,True,2.6324,6,4,3.9299,3,True,1689,3.0379,3.3277,,3.3277,6,4.3247,-1.7948,8.8421,0,-15.635,12.442,3.738,0,1.7328e+05,True,True,False,False,3.1003
ADANIPORTS,7,Q3 FY23,Oct-Dec 2022,Results for Oct-Dec 2022 (Q3 FY23),Shipping,Nifty Services Sector,Company,True,True,1791,1794,1793,2023-02-07,1.6543,28.726,0.18565,True,28.351,7,4,2.984,3,True,1746,3.2975,3.0519,,3.2555,7,2.433,-0.65315,2.8224,0,-44.005,-25.443,-35.506,0,1.0538e+05,True,True,False,False,27.222
ADANIPORTS,8,Q4 FY23,Jan-Mar 2023,Results for Jan-Mar 2023 (Q4 FY23),Shipping,Nifty Services Sector,Company,True,True,1865,1868,1868,2023-05-31,1.1876,2.3888,2.3615,True,-0.16271,8,4,9.6083,3,True,1813,13.402,7.8471,6.4161,6.4161,8,5.8322,1.6543,28.541,0,-25.206,-11.281,28.043,0,1.5701e+05,True,True,False,False,-3.668
ADANIPORTS,9,Q1 FY24,Apr-Jun 2023,Results for Apr-Jun 2023 (Q1 FY24),Shipping,Nifty Services Sector,Company,True,True,1914,1917,1916,2023-08-08,-0.77481,2.9138,0.20541,True,2.5184,9,4,10.058,4,True,1888,10.463,6.7507,5.8599,5.7063,9,5.8322,1.1876,0.027287,0,-20.616,-14.993,6.6313,0,1.6747e+05,True,True,False,False,0.20677
ADANIPORTS,10,Q2 FY24,Jul-Sep 2023,Results for Jul-Sep 2023 (Q2 FY24),Shipping,Nifty Services Sector,Company,True,True,1977,1980,1979,2023-11-09,-1.2789,26.885,8.1159,True,18.579,10,4,8.5247,4,True,1936,10.425,6.8615,6.2273,5.4065,10,2.7654,-0.77481,2.7084,0,-11.987,-10.753,3.7024,0,1.7228e+05,True,True,False,False,16.059
ADANIPORTS,11,Q3 FY24,Oct-Dec 2023,Results for Oct-Dec 2023 (Q3 FY24),Shipping,Nifty Services Sector,Company,True,True,2034,2037,2036,2024-02-01,1.0575,8.3398,1.3151,True,6.8347,11,4,12.511,4,True,1999,7.1684,10.285,7.7478,6.6213,11,10.739,-1.2789,18.77,0,-1.666,40.368,44.215,0,2.5648e+05,True,True,False,False,5.1766
ADANIPORTS,12,Q4 FY24,Jan-Mar 2024,Results for Jan-Mar 2024 (Q4 FY24),Shipping,Nifty Services Sector,Company,True,True,2094,2097,2096,2024-05-02,0.85737,3.3388,-0.70447,True,3.8533,12,4,7.1325,4,True,2056,9.5009,9.9822,8.3704,6.6549,12,4.8665,1.0575,7.0247,0,-6.0458,74.274,7.6899,0,2.8455e+05,True,True,False,False,2.3053
ADANIPORTS,13,Q1 FY25,Apr-Jun 2024,Results for Apr-Jun 2024 (Q1 FY25),Shipping,Nifty Services Sector,Company,True,True,2157,2160,2159,2024-08-01,1.0504,-6.8075,0.89961,True,-7.8971,13,4,8.1365,4,True,2116,9.9458,10.186,9.0973,6.454,13,5.534,0.85737,4.0433,0,-1.9273,84.817,8.3421,0,3.3401e+05,True,True,False,False,-7.542
ADANIPORTS,14,Q2 FY25,Jul-Sep 2024,Results for Jul-Sep 2024 (Q2 FY25),Shipping,Nifty Services Sector,Company,True,True,2218,2221,2220,2024-10-29,0.99138,-14.941,-2.259,True,-12.872,14,4,5.5326,3,True,2179,1.1203,4.1443,7.0286,5.4425,14,5.534,1.0504,-7.7071,0,-15.339,50.531,-9.6531,0,2.8486e+05,True,True,False,False,-12.483
ADANIPORTS,19,Q3 FY26,Oct-Dec 2025,Results for Oct-Dec 2025 (Q3 FY26),Shipping,Nifty Services Sector,Company,True,True,2532,2535,2534,2026-02-03,6.5537,-6.2974,-4.8471,True,-1.6402,19,4,3.5629,3,True,2492,3.6818,-1.023,0.61626,4.0929,19,2.6897,0.6224,2.173,1,-1.1749,29.582,6.0987,0,2.9052e+05,True,True,True,True,-2.9938
ALKEM,4,Q4 FY22,Jan-Mar 2022,Results for Jan-Mar 2022 (Q4 FY22),Pharmaceuticals,Nifty Pharma,Company,True,True,1606,1609,1608,2022-05-13,-1.5165,7.8912,2.659,True,5.0422,4,4,2.7671,4,True,1563,2.1167,,,2.7671,4,2.6984,-0.42695,2.2465,0,-28.606,-6.5281,-8.157,4,35176,True,True,False,False,6.3021
ALKEM,5,Q1 FY23,Apr-Jun 2022,Results for Apr-Jun 2022 (Q1 FY23),Pharmaceuticals,Nifty Pharma,Company,True,True,1666,1669,1668,2022-08-05,-1.3234,-0.34053,1.3042,True,-1.8348,5,4,2.8956,4,True,1628,2.8107,,,3.2601,5,2.6984,-1.5165,5.2322,0,-23.518,-19.095,-2.3738,4,37131,True,True,False,False,-3.5026
AMBUJACEM,8,Q4 FY23,Jan-Mar 2023,Results for Jan-Mar 2023 (Q4 FY23),Cement And Cement Products,Nifty Commodities,Company,True,True,1845,1848,1848,2023-05-03,-2.4072,10.413,2.4575,True,7.7657,8,4,4.4279,4,True,1813,5.1023,1.7388,0.18636,0.18636,8,4.4965,1.3749,1.9104,0,-35.844,-5.5581,-17.74,0,,True,True,False,False,4.2604
AMBUJACEM,9,Q1 FY24,Apr-Jun 2023,Results for Apr-Jun 2023 (Q1 FY24),Cement And Cement Products,Nifty Commodities,Company,True,True,1910,1913,1912,2023-08-02,0.90814,-7.0514,-1.3968,True,-5.8446,9,4,5.8156,4,True,1868,5.4848,2.3953,1.276,1.0496,9,6.6982,-2.4072,7.9557,0,-22.926,6.1258,11.736,0,,True,True,False,False,-8.1562
ANGELONE,19,Q3 FY26,Oct-Dec 2025,Results for Oct-Dec 2025 (Q3 FY26),Capital Markets,Nifty Financial Services,NBFC / financial,True,True,2520,2523,2522,2026-01-16,8.8687,-1.9584,-0.86887,True,-1.2796,19,4,5.9124,2,True,2480,8.5691,1.7478,0.75511,0.62047,19,5.68,0.49591,13.021,0,-16.219,-1.4754,11.091,15,22129,True,False,True,False,-2.6332
ANGELONE,20,Q4 FY26,Jan-Mar 2026,Results for Jan-Mar 2026 (Q4 FY26),Capital Markets,Nifty Financial Services,NBFC / financial,True,True,2579,2582,2582,2026-04-17,9.5567,-5.7432,-2.8891,True,-3.044,20,4,6.1544,2,True,2542,3.4235,2.0353,0.71274,0.53496,20,5.9656,8.8687,-1.0896,1,-1.8356,36.819,41.72,15,25481,True,False,True,True,-4.0679
APLAPOLLO,20,Q4 FY26,Jan-Mar 2026,Results for Jan-Mar 2026 (Q4 FY26),Steel And Steel Products,Nifty Metal,Company,True,True,2590,2593,2592,2026-05-04,-2.1871,-5.5419,-2.6359,True,-3.096,20,4,4.5208,2,True,2546,1.6407,0.21085,-0.49528,3.2918,20,4.7078,4.6584,10.838,1,-18.615,15.506,-5.598,15,54603,True,False,False,False,-4.1199
APOLLOHOSP,4,Q4 FY22,Jan-Mar 2022,Results for Jan-Mar 2022 (Q4 FY22),Miscellaneous,Nifty 500,Company,True,True,1614,1617,1617,2022-05-26,3.0291,5.1245,-3.794,True,8.7285,4,4,11.324,4,True,1568,7.7904,,,11.324,4,9.4296,-0.33746,11.948,2,-38.289,6.2239,-11.232,0,53442,True,True,False,False,9.9884
APOLLOHOSP,5,Q1 FY23,Apr-Jun 2022,Results for Apr-Jun 2022 (Q1 FY23),Miscellaneous,Nifty 500,Company,True,True,1669,1672,1672,2022-08-12,-2.8607,4.1122,2.1014,True,1.8209,5,4,8.0724,4,True,1637,9.2592,,,10.843,5,7.915,3.0291,8.9185,2,-27.338,-1.1373,5.2652,0,63656,True,True,False,False,0.153
APOLLOHOSP,6,Q2 FY23,Jul-Sep 2022,Results for Jul-Sep 2022 (Q2 FY23),Miscellaneous,Nifty 500,Company,True,True,1729,1732,1732,2022-11-11,1.389,5.9642,0.80056,True,4.9736,6,4,7.4471,4,True,1692,7.6257,9.3711,,9.3711,6,7.915,-2.8607,2.0109,1,-25.508,-2.8025,-4.8396,0,62743,True,True,False,False,5.4414
APOLLOHOSP,7,Q3 FY23,Oct-Dec 2022,Results for Oct-Dec 2022 (Q3 FY23),Miscellaneous,Nifty 500,Company,True,True,1796,1799,1799,2023-02-15,4.6517,-3.7624,-5.7186,True,1.7662,7,4,7.0102,4,True,1752,5.3643,6.5774,,8.77,7,7.0411,1.389,5.1636,0,-10.538,-4.567,3.7791,0,63497,True,True,True,False,0.63774
APOLLOHOSP,8,Q4 FY23,Jan-Mar 2023,Results for Jan-Mar 2023 (Q4 FY23),Miscellaneous,Nifty 500,Company,True,True,1865,1868,1867,2023-05-30,-1.0793,11.821,0.98503,True,10.646,8,4,4.5123,4,True,1819,3.0436,6.1514,7.9183,7.9183,8,3.5872,4.6517,1.9562,1,-6.1771,11.083,-2.7772,0,66281,True,True,False,False,7.1403
APOLLOHOSP,9,Q1 FY24,Apr-Jun 2023,Results for Apr-Jun 2023 (Q1 FY24),Miscellaneous,Nifty 500,Company,True,True,1917,1920,1919,2023-08-11,0.25527,3.8686,2.9238,True,0.75479,9,4,4.9916,4,True,1887,5.9851,6.8054,6.532,8.2424,9,3.5872,-1.0793,10.836,1,-8.5356,-0.16256,0.46424,0,71622,True,True,False,False,-1.5568
APOLLOHOSP,10,Q2 FY24,Jul-Sep 2023,Results for Jul-Sep 2023 (Q2 FY24),Miscellaneous,Nifty 500,Company,True,True,1977,1980,1979,2023-11-09,3.8999,4.8654,8.1159,True,-3.4405,10,4,4.7251,4,True,1939,4.5789,4.9716,6.0861,7.5127,10,3.5599,0.25527,0.9448,1,-1.2379,13.1,6.3565,0,73868,True,True,False,False,-5.9607
ASHOKLEY,15,Q3 FY25,Oct-Dec 2024,Results for Oct-Dec 2024 (Q3 FY25),Automobiles - 4 Wheelers,Nifty Auto,Company,True,True,2292,2295,2294,2025-02-12,7.7927,-10.358,-2.8121,True,-7.7358,15,4,4.139,3,True,2248,7.7058,2.6017,2.3201,-0.78319,15,5.7993,2.9858,1.2737,0,-17.117,20.666,3.0686,0,61400,True,True,True,False,-5.5933
ASHOKLEY,16,Q4 FY25,Jan-Mar 2025,Results for Jan-Mar 2025 (Q4 FY25),Automobiles - 4 Wheelers,Nifty Auto,Company,True,True,2357,2360,2359,2025-05-23,-0.65005,-1.8614,1.0431,True,-3.0945,16,4,3.8929,3,True,2314,1.351,0.58916,1.7394,-1.2059,16,5.7993,7.7927,-7.5458,1,-9.4616,4.6552,3.6552,0,71830,True,True,False,False,-5.5433
ASHOKLEY,21,Q1 FY27,Apr-Jun 2026,Results for Apr-Jun 2026 (Q1 FY27),Automobiles - 4 Wheelers,Nifty Auto,Company,True,True,2662,2665,2664,2026-08-14,-2.4822,-4.5968,-3.9723,True,-0.81449,21,4,3.5779,2,True,2630,2.0888,0.64356,1.9325,-0.37555,21,3.794,-3.4961,-0.45707,0,-20.323,43.016,9.032,0,1.0379e+05,True,False,False,False,-1.7014
ASIANPAINT,4,Q4 FY22,Jan-Mar 2022,Results for Jan-Mar 2022 (Q4 FY22),Paints,Nifty Consumer Durables,Company,True,True,1603,1606,1605,2022-05-10,3.0777,-11.07,1.0856,True,-12.345,4,4,2.862,3,True,1553,1.0347,,,2.862,4,4.8005,1.8038,1.2569,1,-14.029,7.268,3.876,0,2.8932e+05,True,True,False,False,-11.085
ASTRAL,6,Q2 FY23,Jul-Sep 2022,Results for Jul-Sep 2022 (Q2 FY23),Plastic And Plastic Products,Nifty 500,Company,True,True,1730,1733,1733,2022-11-14,-3.7509,3.1201,0.91657,True,2.0135,6,4,4.9073,3,True,1693,6.0837,2.0788,,2.0788,6,3.1072,0.0096038,19.606,0,-25.331,-13.962,-2.5183,2,42059,True,True,False,False,2.4814
ASTRAL,7,Q3 FY23,Oct-Dec 2022,Results for Oct-Dec 2022 (Q3 FY23),Plastic And Plastic Products,Nifty 500,Company,True,True,1791,1794,1794,2023-02-08,-2.7998,-5.4989,-1.5785,True,-4.1104,7,4,5.1137,3,True,1753,8.882,1.9429,,2.0966,7,3.52,-3.7509,2.2035,0,-23.382,-8.6504,-0.60445,2,41281,True,True,False,False,-5.2389
ASTRAL,8,Q4 FY23,Jan-Mar 2023,Results for Jan-Mar 2023 (Q4 FY23),Plastic And Plastic Products,Nifty 500,Company,True,True,1854,1857,1857,2023-05-16,6.3042,19.001,2.3495,True,16.461,8,4,5.6814,3,True,1814,5.9631,2.9854,1.3445,1.3445,8,3.52,-2.7998,-3.9204,0,-15.298,8.9615,8.2302,2,41468,True,True,True,False,12.956
ASTRAL,9,Q1 FY24,Apr-Jun 2023,Results for Apr-Jun 2023 (Q1 FY24),Plastic And Plastic Products,Nifty 500,Company,True,True,1917,1920,1920,2023-08-14,0.73519,-4.2273,2.8745,True,-7.2918,9,4,8.6351,3,True,1877,4.9782,5.5309,3.0486,3.0452,9,9.4275,6.3042,16.651,1,-3.3309,21.307,11.685,2,53189,True,True,False,False,-9.6034
ASTRAL,12,Q4 FY24,Jan-Mar 2024,Results for Jan-Mar 2024 (Q4 FY24),Plastic And Plastic Products,Nifty 500,Company,True,True,2105,2108,2108,2024-05-18,-4.9036,2.8923,4.6925,True,-1.9902,12,4,5.9402,3,True,2055,2.3698,3.674,5.8108,2.8764,12,7.1056,-3.4001,11.094,1,-6.7283,15.182,9.4489,2,59516,True,True,False,False,-3.5382
ASTRAL,18,Q2 FY26,Jul-Sep 2025,Results for Jul-Sep 2025 (Q2 FY26),Plastic And Plastic Products,Nifty 500,Company,True,True,2471,2474,2473,2025-11-06,7.0843,-8.0071,2.0543,True,-10.252,18,4,2.9793,3,True,2436,3.5226,0.35515,2.0428,2.036,18,2.9744,-7.7311,11.364,1,-16.117,-15.152,6.4494,2,39831,True,True,True,False,-8.158
ASTRAL,20,Q4 FY26,Jan-Mar 2026,Results for Jan-Mar 2026 (Q4 FY26),Plastic And Plastic Products,Nifty 500,Company,True,True,2600,2603,2603,2026-05-19,-6.1274,8.0268,1.9803,True,5.8565,20,4,5.3666,3,True,2557,5.6223,2.9033,0.95422,2.1075,20,7.9817,-2.2868,15.564,2,-18.081,11.704,0.0056319,2,41999,True,True,False,False,4.8327
ASTRAL,21,Q1 FY27,Apr-Jun 2026,Results for Apr-Jun 2026 (Q1 FY27),Plastic And Plastic Products,Nifty 500,Company,True,True,2660,2663,2663,2026-08-13,8.9073,-8.3543,-3.7631,True,-4.7811,21,4,5.7284,3,True,2623,3.8498,3.6862,1.9351,2.2951,21,8.7053,-6.1274,6.0465,1,-9.9904,12.592,-1.015,2,38655,True,True,True,False,-5.668
AUBANK,9,Q1 FY24,Apr-Jun 2023,Results for Apr-Jun 2023 (Q1 FY24),Banks,Nifty Bank,Bank,True,True,1903,1906,1905,2023-07-24,-3.3008,-1.4408,-1.4025,True,-0.22837,9,4,4.8308,3,True,1864,5.3694,2.7393,-0.38588,-1.24,9,1.8268,-2.7869,16.812,0,-7.0252,11.779,0.46316,0,,True,True,False,False,-2.54
AUBANK,11,Q3 FY24,Oct-Dec 2023,Results for Oct-Dec 2023 (Q3 FY24),Banks,Nifty Bank,Bank,True,True,2030,2033,2033,2024-01-29,-13.317,-6.4102,1.7686,True,-8.3688,11,4,5.6026,2,True,1991,7.851,4.344,2.8971,-0.40171,11,3.3705,-3.9912,6.7794,0,-22.996,-19.224,-23.362,0,47879,True,False,False,False,-10.027
AUROPHARMA,20,Q4 FY26,Jan-Mar 2026,Results for Jan-Mar 2026 (Q4 FY26),Pharmaceuticals,Nifty Pharma,Company,True,True,2603,2606,2606,2026-05-22,-5.6523,1.9406,1.6173,True,0.13331,20,4,4.1727,2,True,2559,8.291,1.0194,0.68791,-0.064598,20,0.41152,-6.8752,24.05,0,-5.5807,27.034,31.189,0,87863,True,False,False,False,-0.89054
AUROPHARMA,21,Q1 FY27,Apr-Jun 2026,Results for Apr-Jun 2026 (Q1 FY27),Pharmaceuticals,Nifty Pharma,Company,True,True,2655,2658,2658,2026-08-06,-1.5646,3.0461,-3.0953,True,5.9514,21,4,6.2991,3,True,2626,9.8507,2.236,0.93263,-0.046126,21,2.751,-5.6523,0.32331,0,-2.9264,37.945,6.1809,0,90297,True,True,False,False,5.0645
BAJAJ-AUTO,7,Q3 FY23,Oct-Dec 2022,Results for Oct-Dec 2022 (Q3 FY23),Automobiles - 2 And 3 Wheelers,Nifty Auto,Company,True,True,1783,1786,1785,2023-01-25,2.0875,3.0801,-2.1278,True,5.0179,7,4,2.9356,2,True,1735,-0.24625,-0.20561,,0.23245,7,1.1694,0.90468,-3.0776,0,-10.028,11.591,1.7515,0,,True,False,False,False,3.8894
BAJAJ-AUTO,21,Q1 FY27,Apr-Jun 2026,Results for Apr-Jun 2026 (Q1 FY27),Automobiles - 2 And 3 Wheelers,Nifty Auto,Company,True,True,2644,2647,2646,2026-07-21,-0.92133,11.568,-0.13561,True,11.514,21,4,4.2018,4,True,2615,2.136,1.9138,1.5424,1.3983,21,2.5113,2.7893,1.4661,0,-3.9736,32.789,6.8527,0,2.9188e+05,True,True,False,False,10.627
BAJAJFINSV,4,Q4 FY22,Jan-Mar 2022,Results for Jan-Mar 2022 (Q4 FY22),Finance,Nifty Financial Services,NBFC / financial,True,True,1596,1599,1598,2022-04-28,0.037961,-15.011,-5.176,True,-10.025,4,4,3.8048,2,True,1553,1.6871,,,3.8048,4,4.2781,-3.5157,-4.0279,0,-22.319,31.133,-4.9861,0,2.4562e+05,True,False,False,False,-8.7654
BAJAJFINSV,19,Q3 FY26,Oct-Dec 2025,Results for Oct-Dec 2025 (Q3 FY26),Finance,Nifty Financial Services,NBFC / financial,True,True,2533,2536,2535,2026-02-04,0.1545,-5.3377,-3.9188,True,-1.6089,19,4,4.0448,3,True,2496,0.93839,1.9451,0.8472,0.68495,19,2.2247,-6.5566,3.4632,0,-7.9909,1.5211,-3.2821,0,3.0826e+05,True,True,False,False,-2.9626
BAJFINANCE,17,Q1 FY26,Apr-Jun 2025,Results for Apr-Jun 2025 (Q1 FY26),Finance,Nifty Financial Services,NBFC / financial,True,True,2401,2404,2403,2025-07-24,-0.33991,-6.7209,-0.7661,True,-6.1448,17,4,3.9711,3,True,2363,5.1498,1.5116,0.023086,0.088267,17,2.4892,-5.0351,4.5434,1,-2.028,37.041,0.98586,0,5.9139e+05,True,True,False,False,-6.2139
BAJFINANCE,19,Q3 FY26,Oct-Dec 2025,Results for Oct-Dec 2025 (Q3 FY26),Finance,Nifty Financial Services,NBFC / financial,True,True,2532,2535,2535,2026-02-04,-0.30238,-0.093426,-3.9188,True,3.6353,19,4,3.0928,3,True,2496,-0.27683,1.7517,0.46194,-0.20386,19,2.5621,-7.8264,0.58089,0,-12.626,12.862,-9.5615,0,5.6082e+05,True,True,False,False,2.2817
BANKBARODA,7,Q3 FY23,Oct-Dec 2022,Results for Oct-Dec 2022 (Q3 FY23),Banks,Nifty Bank,Bank,True,True,1789,1792,1791,2023-02-03,4.8157,5.6846,-1.4546,True,6.9492,7,4,3.7685,3,True,1749,7.2749,-0.18138,,0.88879,7,4.1238,9.0741,7.7188,3,-17.038,49.15,14.631,0,,True,True,True,False,5.8207
BANKBARODA,8,Q4 FY23,Jan-Mar 2023,Results for Jan-Mar 2023 (Q4 FY23),Banks,Nifty Bank,Bank,True,True,1855,1858,1857,2023-05-16,2.052,0.40214,2.3495,True,-2.1374,8,4,7.2409,4,True,1811,9.4784,2.7665,1.6701,1.6701,8,7.429,4.8157,7.1392,3,-5.426,72.052,8.6909,0,,True,True,False,False,-5.6427
BANKBARODA,9,Q1 FY24,Apr-Jun 2023,Results for Apr-Jun 2023 (Q1 FY24),Banks,Nifty Bank,Bank,True,True,1913,1916,1915,2023-08-07,-1.4305,3.3791,-0.1143,True,3.3034,9,4,6.6219,3,True,1877,4.3035,3.3776,0.51293,1.2681,9,7.429,2.052,-1.9474,2,-10.152,48.71,-0.79446,0,,True,True,False,False,0.99177
BANKBARODA,10,Q2 FY24,Jul-Sep 2023,Results for Jul-Sep 2023 (Q2 FY24),Banks,Nifty Bank,Bank,True,True,1974,1977,1976,2023-11-06,-4.9655,7.7965,7.4355,True,0.17108,10,4,4.101,3,True,1935,2.895,5.085,2.2681,1.4907,10,5.3163,-1.4305,3.4934,2,-10.949,24.66,1.0346,0,1.035e+05,True,True,False,False,-2.3492
BANKBARODA,20,Q4 FY26,Jan-Mar 2026,Results for Jan-Mar 2026 (Q4 FY26),Banks,Nifty Bank,Bank,True,True,2594,2597,2597,2026-05-11,2.2861,2.9135,-2.4091,True,5.1326,20,4,6.219,3,True,2552,4.1023,3.6649,2.6614,2.0618,20,6.7415,-4.6241,13.683,1,-18.28,9.4096,0.63306,0,1.3995e+05,True,True,False,False,4.1088
BANKBARODA,21,Q1 FY27,Apr-Jun 2026,Results for Apr-Jun 2026 (Q1 FY27),Banks,Nifty Bank,Bank,True,True,2647,2650,2650,2026-07-27,-1.9555,-1.0246,0.92974,True,-2.1443,21,4,4.4074,3,True,2617,6.6398,4.7394,3.2443,2.2171,21,3.1183,2.2861,5.3227,1,-25.038,3.4199,-11.401,0,1.2724e+05,True,True,False,False,-3.0312
BANKINDIA,18,Q2 FY26,Jul-Sep 2025,Results for Jul-Sep 2025 (Q2 FY26),Banks,Nifty Bank,Bank,True,True,2459,2462,2462,2025-10-20,4.8913,14.503,0.81066,True,13.502,18,4,3.4403,2,True,2427,4.1907,-0.064157,-0.27296,-2.9378,18,-0.23053,1.6195,-1.6503,1,-0.52127,20.832,9.3204,15,57528,True,False,True,True,15.595
BANKINDIA,19,Q3 FY26,Oct-Dec 2025,Results for Oct-Dec 2025 (Q3 FY26),Banks,Nifty Bank,Bank,True,True,2523,2526,2526,2026-01-22,5.1506,1.6464,0.65026,True,0.80618,19,4,6.566,2,True,2482,9.5947,3.2574,1.2158,-2.0626,19,6.0208,4.8913,13.692,2,-1.1758,58.368,29.997,15,74243,True,False,True,True,-0.54745
BANKINDIA,20,Q4 FY26,Jan-Mar 2026,Results for Jan-Mar 2026 (Q4 FY26),Banks,Nifty Bank,Bank,True,True,2594,2597,2597,2026-05-11,4.4165,2.6832,-2.4091,True,4.9023,20,4,7.445,3,True,2546,4.346,4.7416,1.7879,-1.9097,20,7.3441,5.1506,0.99618,2,-19.343,26.272,-1.5246,15,64813,True,True,True,False,3.8784
BANKINDIA,21,Q1 FY27,Apr-Jun 2026,Results for Apr-Jun 2026 (Q1 FY27),Banks,Nifty Bank,Bank,True,True,2647,2650,2650,2026-07-27,-4.2919,2.9956,0.92974,True,1.8758,21,4,4.5325,3,True,2617,6.5935,5.3921,3.2041,-1.5762,21,3.0442,4.4165,5.0923,3,-22.701,23.193,-6.9009,15,65565,True,True,False,False,0.98895
BDL,18,Q2 FY26,Jul-Sep 2025,Results for Jul-Sep 2025 (Q2 FY26),Aerospace & Defence,Nifty India Defence,Company,True,True,2476,2479,2479,2025-11-14,6.1985,-12.635,0.52837,True,-13.353,18,4,3.1063,1,True,2437,-4.2627,-0.13736,1.1858,2.4784,18,-2.7342,6.5271,-3.5491,1,-23.028,42.759,2.7906,17,56209,True,False,True,False,-11.26
BEL,4,Q4 FY22,Jan-Mar 2022,Results for Jan-Mar 2022 (Q4 FY22),Electronics - Industrial,Nifty India Manufacturing,Company,True,True,1612,1615,1615,2022-05-24,0.66031,-0.60435,-3.0161,True,2.2218,4,4,5.3154,4,True,1559,4.2133,,,5.3154,4,5.1214,-0.13564,3.5062,2,-10.732,42.022,22.065,1,55433,True,True,False,False,3.4816
BEL,5,Q1 FY23,Apr-Jun 2022,Results for Apr-Jun 2022 (Q1 FY23),Electronics - Industrial,Nifty India Manufacturing,Company,True,True,1652,1655,1654,2022-07-18,2.2169,14.502,10.233,True,4.0791,5,4,3.7629,4,True,1635,2.7717,,,4.7347,5,2.959,0.66031,2.4118,1,-2.4348,37.129,5.6687,1,57845,True,True,False,False,2.4112
BEL,6,Q2 FY23,Jul-Sep 2022,Results for Jul-Sep 2022 (Q2 FY23),Electronics - Industrial,Nifty India Manufacturing,Company,True,True,1720,1723,1722,2022-10-27,2.2089,-0.64905,4.3739,True,-5.213,6,4,3.146,4,True,1674,3.3957,4.6571,,4.6571,6,2.959,2.2169,4.2691,1,-5.9311,60.719,13.161,1,76607,True,True,False,False,-4.7451
BEL,9,Q1 FY24,Apr-Jun 2023,Results for Apr-Jun 2023 (Q1 FY24),Electronics - Industrial,Nifty India Manufacturing,Company,True,True,1906,1909,1909,2023-07-28,2.3494,3.6496,-1.7306,True,5.1903,9,4,4.6447,3,True,1881,4.7699,4.0828,4.2038,4.6947,9,6.4861,2.6145,10.629,0,-1.1769,26.999,17.24,1,92871,True,True,False,False,2.8787
BEL,10,Q2 FY24,Jul-Sep 2023,Results for Jul-Sep 2023 (Q2 FY24),Electronics - Industrial,Nifty India Manufacturing,Company,True,True,1969,1972,1971,2023-10-30,-0.68078,7.086,3.912,True,2.984,10,4,4.9225,3,True,1929,8.2376,4.3951,4.0343,4.7632,10,7.0417,2.3494,5.3803,0,-10.33,18.525,6.3334,1,94187,True,True,False,False,0.4637
BEL,11,Q3 FY24,Oct-Dec 2023,Results for Oct-Dec 2023 (Q3 FY24),Electronics - Industrial,Nifty India Manufacturing,Company,True,True,2031,2034,2033,2024-01-29,-1.1705,6.9932,1.7686,True,5.0346,11,4,6.9717,4,True,1991,6.3945,4.5221,4.1314,4.6187,11,7.0417,-0.68078,3.174,0,-2.3529,65.565,30.278,1,1.3834e+05,True,True,False,False,3.3765
BEL,12,Q4 FY24,Jan-Mar 2024,Results for Jan-Mar 2024 (Q4 FY24),Electronics - Industrial,Nifty India Manufacturing,Company,True,True,2107,2110,2109,2024-05-21,5.811,12.822,4.3808,True,8.2507,12,4,6.1021,4,True,2053,4.5929,4.6814,4.3461,4.6692,12,5.3024,-1.1705,5.2246,0,-3.1272,129.59,44.61,1,1.8143e+05,True,True,True,True,6.7026
BEL,13,Q1 FY25,Apr-Jun 2024,Results for Apr-Jun 2024 (Q1 FY25),Electronics - Industrial,Nifty India Manufacturing,Company,True,True,2154,2157,2156,2024-07-29,3.6897,-6.3638,0.7314,True,-7.2852,13,4,5.5549,4,True,2129,5.6131,6.9253,5.0998,4.9593,13,5.3024,5.811,8.4407,1,-5.6241,131.4,23.707,1,2.2035e+05,True,True,False,False,-6.9301
BEL,15,Q3 FY25,Oct-Dec 2024,Results for Oct-Dec 2024 (Q3 FY25),Electronics - Industrial,Nifty India Manufacturing,Company,True,True,2282,2285,2284,2025-01-30,3.9496,-9.435,-3.03,True,-6.595,15,4,3.9737,3,True,2238,3.5567,4.0748,5.4727,4.4467,15,6.8326,1.2645,9.3247,1,-18.135,38.059,1.0873,1,1.8878e+05,True,True,False,False,-4.4525
BHARATFORG,18,Q2 FY26,Jul-Sep 2025,Results for Jul-Sep 2025 (Q2 FY26),Castings/Forgings,Nifty Auto,Company,True,True,2474,2477,2476,2025-11-11,5.0765,-1.3409,0.56315,True,-2.094,18,4,2.8165,2,True,2432,4.477,1.7106,1.3601,0.74886,18,0.68375,-1.5125,-0.91573,0,-5.2283,-8.5448,16.237,0,62975,True,False,True,False,-0.00051764
BHARATFORG,19,Q3 FY26,Oct-Dec 2025,Results for Oct-Dec 2025 (Q3 FY26),Castings/Forgings,Nifty Auto,Company,True,True,2539,2542,2541,2026-02-12,3.5655,-2.9884,-10.292,True,7.1137,19,4,2.8818,2,True,2496,3.0813,0.48912,0.94994,0.60923,19,0.68375,5.0765,-1.904,1,-1.7189,40.389,24.608,0,77171,True,False,False,False,5.7601
BHARTIARTL,4,Q4 FY22,Jan-Mar 2022,Results for Jan-Mar 2022 (Q4 FY22),Telecommunication - Services,Nifty Services Sector,Company,True,True,1608,1611,1611,2022-05-18,-1.4248,-2.0182,-3.3752,True,1.167,4,4,3.6044,3,True,1566,6.103,,,3.6044,4,4.1369,0.3329,1.9727,0,-10.956,13.421,3.8725,0,3.8565e+05,True,True,False,False,2.4269
BHARTIARTL,5,Q1 FY23,Apr-Jun 2022,Results for Apr-Jun 2022 (Q1 FY23),Telecommunication - Services,Nifty Services Sector,Company,True,True,1667,1670,1670,2022-08-10,1.4925,7.0605,1.7029,True,5.1676,5,4,4.9165,4,True,1631,3.2103,,,3.1549,5,4.1369,-1.4248,1.357,0,-8.5124,11.856,-9.5269,0,3.8811e+05,True,True,False,False,3.4997
BHARTIARTL,6,Q2 FY23,Jul-Sep 2022,Results for Jul-Sep 2022 (Q2 FY23),Telecommunication - Services,Nifty Services Sector,Company,True,True,1722,1725,1725,2022-11-01,-0.31282,1.5798,3.378,True,-1.9882,6,4,3.7471,4,True,1690,2.8958,3.522,,3.522,6,3.6652,1.4925,5.3576,0,-0.70117,20.689,18.116,0,4.5676e+05,True,True,False,False,-1.5203
BHEL,8,Q4 FY23,Jan-Mar 2023,Results for Jan-Mar 2023 (Q4 FY23),Electrical Equipment,Nifty India Manufacturing,Company,True,True,1863,1866,1866,2023-05-29,4.593,0.96386,0.49762,True,0.27624,8,4,7.7109,3,True,1817,14.375,2.7368,-0.50741,-0.50741,8,11.271,-4.6267,8.6366,0,-9.3392,47.724,12.984,1,27856,True,True,True,False,-3.229
BHEL,9,Q1 FY24,Apr-Jun 2023,Results for Apr-Jun 2023 (Q1 FY24),Electrical Equipment,Nifty India Manufacturing,Company,True,True,1912,1915,1915,2023-08-07,-2.7864,43.271,-0.1143,True,43.196,9,4,10.898,4,True,1886,9.895,2.88,-0.39504,-0.39923,9,11.271,4.593,0.46624,1,-9.8039,65.172,14.374,1,35012,True,True,False,False,40.884
BHEL,10,Q2 FY24,Jul-Sep 2023,Results for Jul-Sep 2023 (Q2 FY24),Electrical Equipment,Nifty India Manufacturing,Company,True,True,1976,1979,1979,2023-11-09,0.64694,40.461,8.1159,True,32.155,10,4,18.268,4,True,1935,17.496,12.449,7.5341,3.9793,10,14.609,-2.7864,43.386,1,-15.514,59.517,28.161,1,45284,True,True,False,False,29.635
BHEL,11,Q3 FY24,Oct-Dec 2023,Results for Oct-Dec 2023 (Q3 FY24),Electrical Equipment,Nifty India Manufacturing,Company,True,True,2042,2045,2044,2024-02-13,-2.1344,14.413,2.7247,True,11.498,11,4,21.208,4,True,1999,25.399,19.887,11.626,6.558,11,20.491,0.64694,32.345,1,-12.292,163.4,54.03,1,79234,True,True,False,False,9.8401
BHEL,12,Q4 FY24,Jan-Mar 2024,Results for Jan-Mar 2024 (Q4 FY24),Electrical Equipment,Nifty India Manufacturing,Company,True,True,2107,2110,2110,2024-05-22,-5.7093,-2.8316,4.2889,True,-7.3105,12,4,21.971,4,True,2064,29.14,19.517,14.841,6.9855,12,22.017,-2.1344,11.688,1,-6.3721,242.82,31.167,1,1.0443e+05,True,True,False,False,-8.8585
BHEL,13,Q1 FY25,Apr-Jun 2024,Results for Apr-Jun 2024 (Q1 FY25),Electrical Equipment,Nifty India Manufacturing,Company,True,True,2156,2159,2158,2024-07-31,-1.0549,-7.6923,0.80477,True,-8.6871,13,4,20.075,3,True,2130,12.304,14.9,15.486,5.9004,13,22.017,-5.7093,-7.1205,0,-5.9937,195.73,1.5302,1,1.1249e+05,True,True,False,False,-8.332
BHEL,14,Q2 FY25,Jul-Sep 2024,Results for Jul-Sep 2024 (Q2 FY25),Electrical Equipment,Nifty India Manufacturing,Company,True,True,2217,2220,2219,2024-10-28,5.2939,7.7954,-0.26398,True,7.8694,14,4,7.104,2,True,2178,-1.3098,12.045,12.686,4.872,14,2.2839,-1.0549,-8.4971,0,-31.489,68.888,-26.88,1,79147,True,False,True,False,8.2588
BHEL,21,Q1 FY27,Apr-Jun 2026,Results for Apr-Jun 2026 (Q1 FY27),Electrical Equipment,Nifty India Manufacturing,Company,True,True,2641,2644,2643,2026-07-16,4.199,-3.537,1.3422,True,-5.0692,21,4,3.8376,2,True,2612,7.0074,2.9772,2.1782,4.4824,21,4.7243,6.4845,11.574,2,-1.2698,74.375,49.509,1,1.4064e+05,True,False,True,True,-5.956
BIOCON,6,Q2 FY23,Jul-Sep 2022,Results for Jul-Sep 2022 (Q2 FY23),Pharmaceuticals,Nifty Pharma,Company,True,True,1731,1734,1734,2022-11-15,-1.1568,-6.2533,1.1118,True,-7.555,6,4,2.8386,2,True,1682,-1.6642,-2.6018,,-2.6018,6,0.88222,-6.8485,-3.3236,1,-30.886,-20.189,-14.318,0,33125,True,False,False,False,-7.0872
BIOCON,15,Q3 FY25,Oct-Dec 2024,Results for Oct-Dec 2024 (Q3 FY25),Pharmaceuticals,Nifty Pharma,Company,True,True,2282,2285,2285,2025-01-31,0.44105,-16.577,-5.886,True,-10.881,15,4,8.2607,3,True,2242,11.066,5.4285,3.6505,0.41519,15,7.373,-0.87768,18.452,0,-10.415,31.242,17.574,0,43210,True,True,False,False,-8.7385
BIOCON,16,Q4 FY25,Jan-Mar 2025,Results for Jan-Mar 2025 (Q4 FY25),Pharmaceuticals,Nifty Pharma,Company,True,True,2346,2349,2349,2025-05-09,-0.30965,0.045471,4.1447,True,-4.2892,16,4,5.6267,3,True,2305,5.8301,2.8199,2.4524,-0.27895,16,7.373,0.44105,-10.691,0,-18.483,1.2762,-13.185,0,40994,True,True,False,False,-6.738
BIOCON,17,Q1 FY26,Apr-Jun 2025,Results for Apr-Jun 2025 (Q1 FY26),Pharmaceuticals,Nifty Pharma,Company,True,True,2411,2414,2414,2025-08-08,-4.7782,6.1599,2.074,True,3.8959,17,4,3.3478,2,True,2369,1.2206,3.0421,2.2226,-0.50367,17,2.8151,-0.30965,-4.0992,0,-15.431,1.1004,4.9677,0,44704,True,False,False,False,3.8268
BIOCON,21,Q1 FY27,Apr-Jun 2026,Results for Apr-Jun 2026 (Q1 FY27),Pharmaceuticals,Nifty Pharma,Company,True,True,2655,2658,2658,2026-08-06,2.635,-7.9249,-3.0953,True,-5.0196,21,4,4.4374,3,True,2616,4.5546,0.49323,3.8926,0.43748,21,5.9722,0.13469,11.94,1,-2.3594,10.403,12.947,0,69217,True,True,False,False,-5.9065
BLUESTARCO,17,Q1 FY26,Apr-Jun 2025,Results for Apr-Jun 2025 (Q1 FY26),Airconditioners,Nifty Consumer Durables,Company,True,True,2410,2413,2412,2025-08-06,1.4309,9.7774,0.67876,True,8.9087,17,4,6.3408,3,True,2368,7.8199,7.0742,5.6514,2.9956,17,6.0387,-3.5667,-3.4081,0,-26.752,3.8018,8.7081,17,35762,True,True,False,False,8.8396
BLUESTARCO,18,Q2 FY26,Jul-Sep 2025,Results for Jul-Sep 2025 (Q2 FY26),Airconditioners,Nifty Consumer Durables,Company,True,True,2471,2474,2473,2025-11-06,-6.5452,-1.8538,2.0543,True,-4.0981,18,4,8.1396,3,True,2432,5.2882,6.1982,7.2102,3.3346,18,9.6364,1.4309,9.0987,0,-26.127,-6.0956,-0.53278,17,39771,True,True,False,False,-2.0047
BLUESTARCO,19,Q3 FY26,Oct-Dec 2025,Results for Oct-Dec 2025 (Q3 FY26),Airconditioners,Nifty Consumer Durables,Company,True,True,2528,2531,2531,2026-01-30,5.2581,8.1457,0.69469,True,7.2611,19,4,2.9891,2,True,2493,0.59415,5.0923,5.9545,2.9534,19,2.8453,-6.5452,-3.9081,0,-19.953,-14.434,-4.7272,17,34284,True,False,True,False,5.9074
BOSCHLTD,15,Q3 FY25,Oct-Dec 2024,Results for Oct-Dec 2024 (Q3 FY25),Auto Ancillaries,Nifty Auto,Company,True,True,2280,2283,2283,2025-01-29,-6.4051,-3.5203,-2.6575,True,-1.0528,15,4,4.5485,4,True,2251,2.9524,3.4659,3.0358,-0.85284,15,4.1842,1.1584,4.6757,0,-27.97,17.481,-17.356,0,89552,True,True,False,False,1.0897
BPCL,12,Q4 FY24,Jan-Mar 2024,Results for Jan-Mar 2024 (Q4 FY24),Refineries,Nifty Oil & Gas,Company,True,True,2099,2102,2102,2024-05-10,4.0303,-3.0469,5.5994,True,-8.8363,12,4,8.9317,2,True,2053,12.229,6.1582,4.8088,2.1606,12,8.7494,2.0439,25.533,0,-10.073,47.223,0.96086,0,1.2868e+05,True,False,True,False,-10.384
BPCL,13,Q1 FY25,Apr-Jun 2024,Results for Apr-Jun 2024 (Q1 FY25),Refineries,Nifty Oil & Gas,Company,True,True,2148,2151,2150,2024-07-19,-3.422,13.167,0.17019,True,12.806,13,4,7.0098,2,True,2122,11.781,3.5938,3.8877,1.3293,13,5.5764,4.0303,-8.6463,1,-11.68,33.726,-8.4722,0,1.3499e+05,True,False,False,False,13.162
BPCL,14,Q2 FY25,Jul-Sep 2024,Results for Jul-Sep 2024 (Q2 FY25),Refineries,Nifty Oil & Gas,Company,True,True,2216,2219,2218,2024-10-25,-3.8171,-4.0646,0.056656,True,-4.3113,14,4,12.085,3,True,2170,9.9609,6.6795,5.1624,2.1626,14,15.727,-3.422,12.996,1,-18.537,53.114,-4.2095,0,1.3803e+05,True,True,False,False,-3.9219
BPCL,15,Q3 FY25,Oct-Dec 2024,Results for Oct-Dec 2024 (Q3 FY25),Refineries,Nifty Oil & Gas,Company,True,True,2276,2279,2279,2025-01-23,-2.5034,-5.7696,-1.1741,True,-4.7855,15,4,6.4404,2,True,2238,0.076254,6.1524,3.8048,1.7437,15,4.4375,-3.8171,-4.1213,1,-27.859,6.5232,-11,0,1.1848e+05,True,False,False,False,-2.6429
BRITANNIA,5,Q1 FY23,Apr-Jun 2022,Results for Apr-Jun 2022 (Q1 FY23),Food And Food Processing,Nifty FMCG,Company,True,True,1665,1668,1667,2022-08-04,0.16932,-4.4039,1.574,True,-6.168,5,4,3.5139,4,True,1621,2.6144,,,1.8057,5,3.8726,5.7831,5.8274,1,-9.1006,-1.7075,9.4563,0,91256,True,True,False,False,-7.8358
BSE,17,Q1 FY26,Apr-Jun 2025,Results for Apr-Jun 2025 (Q1 FY26),Capital Markets,Nifty Financial Services,Company,True,True,2411,2414,2414,2025-08-08,-1.072,-1.6591,2.074,True,-3.9231,17,4,6.4253,3,True,2367,6.7054,2.1995,7.6991,7.6145,17,12.951,6.3825,25.295,2,-21.026,208.24,-0.99505,15,96120,True,True,False,False,-3.9922
BSE,18,Q2 FY26,Jul-Sep 2025,Results for Jul-Sep 2025 (Q2 FY26),Capital Markets,Nifty Financial Services,Company,True,True,2474,2477,2477,2025-11-12,4.258,-6.9792,-0.45525,True,-6.7139,18,4,4.0958,2,True,2434,-1.3113,2.9503,1.3587,6.9841,18,8.2919,-1.072,-3.7331,1,-8.4026,74.022,9.7767,15,1.0893e+05,True,False,True,False,-4.6204
CAMS,15,Q3 FY25,Oct-Dec 2024,Results for Oct-Dec 2024 (Q3 FY25),Capital Markets,Nifty Financial Services,Company,True,True,2281,2284,2283,2025-01-29,5.1376,-15.203,-2.6575,True,-12.736,15,4,4.7328,3,True,2239,5.8843,5.0472,4.6085,2.9609,15,3.1915,-1.5644,13.682,0,-26.504,36.382,-3.5893,15,18770,True,True,True,False,-10.593
CAMS,17,Q1 FY26,Apr-Jun 2025,Results for Apr-Jun 2025 (Q1 FY26),Capital Markets,Nifty Financial Services,Company,True,True,2405,2408,2408,2025-07-31,-3.5944,2.7564,-0.57856,True,3.1449,17,4,3.8975,2,True,2366,5.5748,3.6622,4.1657,2.7915,17,6.274,-4.9164,15.588,1,-30.381,-12.512,-3.1204,15,19258,True,False,False,False,3.0758
CAMS,18,Q2 FY26,Jul-Sep 2025,Results for Jul-Sep 2025 (Q2 FY26),Capital Markets,Nifty Financial Services,Company,True,True,2465,2468,2468,2025-10-29,-3.7083,1.009,0.62045,True,0.19852,18,4,5.0148,3,True,2428,2.1257,4.005,4.194,2.8217,18,8.5086,-3.5944,3.3349,1,-28.169,-22.077,-6.6051,15,19197,True,True,False,False,2.292
CAMS,20,Q4 FY26,Jan-Mar 2026,Results for Jan-Mar 2026 (Q4 FY26),Capital Markets,Nifty Financial Services,Company,True,True,2590,2593,2593,2026-05-05,9.4645,-5.6433,-2.6098,True,-3.2236,20,4,5.1439,4,True,2546,1.6626,3.6187,3.2104,2.6222,20,2.2996,0.49427,1.2642,0,-8.8686,2.3032,18.08,15,18836,True,True,True,False,-4.2474
CANBK,12,Q4 FY24,Jan-Mar 2024,Results for Jan-Mar 2024 (Q4 FY24),Banks,Nifty Bank,Bank,True,True,2098,2101,2100,2024-05-08,-3.303,3.2813,1.4252,True,1.6661,12,4,6.0612,2,True,2051,8.8106,5.0124,2.8312,2.1164,12,1.1184,-1.364,24.594,0,-11.882,51.267,6.3749,0,1.0736e+05,True,False,False,False,0.1181
CANBK,13,Q1 FY25,Apr-Jun 2024,Results for Apr-Jun 2024 (Q1 FY25),Banks,Nifty Bank,Bank,True,True,2152,2155,2154,2024-07-25,-0.47654,0.1877,1.7088,True,-1.7111,13,4,7.072,3,True,2120,10.291,2.3434,3.6652,2.0964,13,3.1399,-3.303,1.8561,0,-13.196,42.24,-15.226,0,1.0237e+05,True,True,False,False,-1.356
CANBK,14,Q2 FY25,Jul-Sep 2024,Results for Jul-Sep 2024 (Q2 FY25),Banks,Nifty Bank,Bank,True,True,2218,2221,2220,2024-10-29,2.5243,-0.82883,-2.259,True,1.2402,14,4,7.3383,3,True,2174,8.3098,4.0966,3.8011,1.838,14,3.1399,-0.47654,-1.5211,0,-19.503,18.707,-8.8032,0,85482,True,True,False,False,1.6295
CANBK,15,Q3 FY25,Oct-Dec 2024,Results for Oct-Dec 2024 (Q3 FY25),Banks,Nifty Bank,Bank,True,True,2279,2282,2281,2025-01-27,-3.8428,-5.0038,-0.14565,True,-5.0482,15,4,6.5899,3,True,2240,0.58839,4.6995,1.7462,1.8108,15,1.6431,2.5243,1.4302,0,-28.681,-9.466,3.1386,0,89028,True,True,False,False,-2.9056
CANBK,17,Q1 FY26,Apr-Jun 2025,Results for Apr-Jun 2025 (Q1 FY26),Banks,Nifty Bank,Bank,True,True,2401,2404,2403,2025-07-24,5.9226,-3.1539,-0.7661,True,-2.5778,17,4,3.7788,2,True,2368,5.5455,6.9276,5.4254,2.4923,17,-0.045474,2.3908,20.064,0,-4.8533,-3.3449,13.336,0,98008,True,False,True,True,-2.6469
CANBK,18,Q2 FY26,Jul-Sep 2025,Results for Jul-Sep 2025 (Q2 FY26),Banks,Nifty Bank,Bank,True,True,2467,2470,2469,2025-10-30,3.8752,14.064,1.2563,True,12.618,18,4,3.5622,2,True,2423,4.2728,2.4306,5.4502,2.2212,18,-0.47883,5.9226,-2.3878,1,-1.013,29.28,16.453,0,1.179e+05,True,False,False,False,14.711
CANBK,19,Q3 FY26,Oct-Dec 2025,Results for Oct-Dec 2025 (Q3 FY26),Banks,Nifty Bank,Bank,True,True,2528,2531,2530,2026-01-29,-5.0044,5.7278,0.25021,True,5.2876,19,4,6.4066,2,True,2489,10.162,4.2559,6.4983,2.7784,19,5.2101,3.8752,12.808,1,-6.5116,43.895,17.643,0,1.4034e+05,True,False,False,False,3.9339
CANBK,20,Q4 FY26,Jan-Mar 2026,Results for Jan-Mar 2026 (Q4 FY26),Banks,Nifty Bank,Bank,True,True,2595,2598,2597,2026-05-11,-2.1646,6.2428,-2.4091,True,8.4619,20,4,8.9906,3,True,2550,5.2992,5.4224,4.1086,2.9133,20,9.1428,-5.0044,5.4776,1,-20.541,35.851,-4.725,0,1.233e+05,True,True,False,False,7.438
CANBK,21,Q1 FY27,Apr-Jun 2026,Results for Apr-Jun 2026 (Q1 FY27),Banks,Nifty Bank,Bank,True,True,2648,2651,2650,2026-07-27,0.31994,0.031432,0.92974,True,-1.0883,21,4,6.1374,3,True,2617,8.9791,6.626,4.9581,3.1866,21,7.0647,-2.1646,8.6519,1,-21.874,14.595,-10.059,0,1.1358e+05,True,True,False,False,-1.9752
CDSL,15,Q3 FY25,Oct-Dec 2024,Results for Oct-Dec 2024 (Q3 FY25),Capital Markets,Nifty Financial Services,Company,True,True,2279,2282,2281,2025-01-27,-9.2725,-6.5771,-0.14565,True,-6.6215,15,4,6.7064,3,True,2239,8.0094,9.5026,6.6493,3.4762,15,6.055,3.9012,9.3126,0,-32.453,43.13,0.30787,15,31688,True,True,False,False,-4.479
CDSL,16,Q4 FY25,Jan-Mar 2025,Results for Jan-Mar 2025 (Q4 FY25),Capital Markets,Nifty Financial Services,Company,True,True,2343,2346,2345,2025-05-05,-1.5768,28.123,1.0443,True,26.889,16,4,4.3992,2,True,2301,6.9377,8.0532,5.8947,2.857,16,3.0481,-9.2725,-6.4315,0,-33.988,14.84,-2.6841,15,27588,True,False,False,False,24.44
CDSL,17,Q1 FY26,Apr-Jun 2025,Results for Apr-Jun 2025 (Q1 FY26),Capital Markets,Nifty Financial Services,Company,True,True,2403,2406,2405,2025-07-28,-5.063,-2.016,0.12621,True,-2.3322,17,4,11.973,3,True,2365,9.9867,7.9122,9.7079,4.2818,17,13.622,-1.5768,27.079,0,-23.47,26.678,11.701,15,35097,True,True,False,False,-2.4013
CDSL,18,Q2 FY26,Jul-Sep 2025,Results for Jul-Sep 2025 (Q2 FY26),Capital Markets,Nifty Financial Services,Company,True,True,2469,2472,2471,2025-11-03,0.23026,-0.081589,1.0435,True,-1.3151,18,4,6.9545,2,True,2425,6.1684,7.0889,9.157,3.9249,18,3.5852,-5.063,-2.1422,0,-19.922,1.5458,3.5868,15,33747,True,False,False,False,0.77834
CDSL,19,Q3 FY26,Oct-Dec 2025,Results for Oct-Dec 2025 (Q3 FY26),Capital Markets,Nifty Financial Services,Company,True,True,2530,2533,2532,2026-02-01,-4.8539,3.4057,1.4227,True,1.7929,19,4,4.345,1,True,2491,7.9372,7.4375,5.5257,3.6591,19,-1.6337,0.23026,-1.1251,0,-32.73,-25.5,-19.739,15,27651,True,False,False,False,0.4393
CDSL,20,Q4 FY26,Jan-Mar 2026,Results for Jan-Mar 2026 (Q4 FY26),Capital Markets,Nifty Financial Services,Company,True,True,2590,2593,2592,2026-05-04,-3.1567,-0.92868,-2.6359,True,1.5172,20,4,6.4486,2,True,2552,-0.42814,4.7793,5.4239,3.5753,20,0.4289,-4.8539,1.9829,0,-32.293,-7.2903,-3.9129,15,27304,True,False,False,False,0.49333
CGPOWER,15,Q3 FY25,Oct-Dec 2024,Results for Oct-Dec 2024 (Q3 FY25),Electrical Equipment,Nifty India Manufacturing,Company,True,True,2280,2283,2282,2025-01-28,-4.0039,4.7917,-1.7594,True,6.3611,15,4,3.9113,2,True,2234,8.0943,3.7009,6.3331,2.7876,15,1.1621,-5.0056,-2.2928,0,-34.269,20.418,-13.56,15,94851,True,False,False,False,8.5036
CGPOWER,16,Q4 FY25,Jan-Mar 2025,Results for Jan-Mar 2025 (Q4 FY25),Electrical Equipment,Nifty India Manufacturing,Company,True,True,2344,2347,2347,2025-05-07,1.687,13.218,0.84295,True,12.185,16,4,7.7085,3,True,2302,2.9584,3.5703,6.1344,3.0228,16,5.5841,-4.0039,6.5511,0,-30.33,2.0048,-6.8151,15,95111,True,True,False,False,9.7362
CGPOWER,17,Q1 FY26,Apr-Jun 2025,Results for Apr-Jun 2025 (Q1 FY26),Electrical Equipment,Nifty India Manufacturing,Company,True,True,2401,2404,2403,2025-07-24,0.24499,-0.073488,-0.7661,True,0.50261,17,4,5.3126,3,True,2367,5.5444,5.7619,5.1415,3.573,17,5.5841,1.687,12.375,0,-22.219,-3.6185,3.2088,15,1.0455e+05,True,True,False,False,0.43348
CGPOWER,18,Q2 FY26,Jul-Sep 2025,Results for Jul-Sep 2025 (Q2 FY26),Electrical Equipment,Nifty India Manufacturing,Company,True,True,2466,2469,2468,2025-10-29,3.1587,-9.2639,0.62045,True,-10.074,18,4,4.3315,3,True,2423,6.5396,7.3169,4.3112,3.4129,18,3.6218,0.24499,0.69261,0,-7.7397,-5.5293,8.0419,15,1.1137e+05,True,True,False,False,-7.9809
CGPOWER,20,Q4 FY26,Jan-Mar 2026,Results for Jan-Mar 2026 (Q4 FY26),Electrical Equipment,Nifty India Manufacturing,Company,True,True,2592,2595,2594,2026-05-06,-0.99873,13.15,-3.7582,True,16.718,20,4,9.2062,3,True,2548,8.1499,6.8472,8.4573,4.2595,20,6.5338,-3.8661,33.642,0,-2.1254,29.851,45.831,15,1.2635e+05,True,True,False,False,15.694
CGPOWER,21,Q1 FY27,Apr-Jun 2026,Results for Apr-Jun 2026 (Q1 FY27),Electrical Equipment,Nifty India Manufacturing,Company,True,True,2647,2650,2649,2026-07-24,-1.3937,-0.080676,2.0387,True,-2.3094,21,4,10.339,3,True,2614,13.555,10.047,7.826,4.8618,21,8.8004,-0.99873,16.908,0,-11.54,34.211,5.2467,15,1.4377e+05,True,True,False,False,-3.1963
CHOLAFIN,5,Q1 FY23,Apr-Jun 2022,Results for Apr-Jun 2022 (Q1 FY23),Finance,Nifty Financial Services,NBFC / financial,True,True,1661,1664,1664,2022-08-01,3.6714,7.556,1.1693,True,6.1968,5,4,2.9853,2,True,1623,4.8497,,,1.925,5,0.79877,-9.3406,2.3294,1,-4.4466,42.156,-0.92494,0,55592,True,False,False,False,4.5289
CHOLAFIN,6,Q2 FY23,Jul-Sep 2022,Results for Jul-Sep 2022 (Q2 FY23),Finance,Nifty Financial Services,NBFC / financial,True,True,1723,1726,1726,2022-11-02,5.306,-2.1217,4.035,True,-6.3467,6,4,5.234,3,True,1684,7.2226,2.6687,,2.6687,6,4.3581,3.6714,6.3868,0,-8.933,20.142,0.8908,0,58890,True,True,True,False,-5.8789
CHOLAFIN,7,Q3 FY23,Oct-Dec 2022,Results for Oct-Dec 2022 (Q3 FY23),Finance,Nifty Financial Services,NBFC / financial,True,True,1786,1789,1789,2023-02-01,6.3208,2.2606,-0.9389,True,3.0095,7,4,3.8778,3,True,1746,0.85316,2.0286,,1.4079,7,4.3581,5.306,-6.1567,1,-8.3094,11.533,3.2649,0,58350,True,True,True,False,1.881
CHOLAFIN,17,Q1 FY26,Apr-Jun 2025,Results for Apr-Jun 2025 (Q1 FY26),Finance,Nifty Financial Services,NBFC / financial,True,True,2406,2409,2409,2025-08-01,-0.61472,0.62566,0.058008,True,0.37765,17,4,3.0604,2,True,2361,4.692,0.70541,-0.30522,1.1296,17,2.6279,-2.3496,7.0904,0,-15.549,1.5025,-7.8245,0,1.2491e+05,True,False,False,False,0.30852
CHOLAFIN,18,Q2 FY26,Jul-Sep 2025,Results for Jul-Sep 2025 (Q2 FY26),Finance,Nifty Financial Services,NBFC / financial,True,True,2471,2474,2474,2025-11-07,1.286,1.5553,2.723,True,-1.3577,18,4,3.6609,3,True,2429,7.4933,2.7191,-0.66411,1.0984,18,3.829,-0.61472,0.56765,0,-4.3827,28.559,12.327,0,1.4461e+05,True,True,False,False,0.73575
CHOLAFIN,19,Q3 FY26,Oct-Dec 2025,Results for Oct-Dec 2025 (Q3 FY26),Finance,Nifty Financial Services,NBFC / financial,True,True,2529,2532,2532,2026-02-01,-1.2375,9.579,1.4227,True,7.9662,19,4,5.328,3,True,2494,2.1635,1.9402,0.45405,0.97913,19,3.829,1.286,-1.1677,0,-13.759,21.639,-3.6619,0,1.3778e+05,True,True,False,False,6.6126
CIPLA,4,Q4 FY22,Jan-Mar 2022,Results for Jan-Mar 2022 (Q4 FY22),Pharmaceuticals,Nifty Pharma,Company,True,True,1603,1606,1606,2022-05-11,1.6855,2.7037,1.17,True,1.3438,4,4,3.7443,3,True,1557,3.3857,,,3.7443,4,3.2154,3.3948,1.6109,0,-13.426,-5.09,6.8041,0,75416,True,True,False,False,2.6036
CIPLA,5,Q1 FY23,Apr-Jun 2022,Results for Apr-Jun 2022 (Q1 FY23),Pharmaceuticals,Nifty Pharma,,True,True,1661,1664,1664,2022-08-01,1.7182,1.8366,1.1693,True,0.47738,5,4,2.9227,3,True,1626,4.8134,,,3.3022,5,1.5723,1.6855,1.5338,0,-7.2438,2.5034,0.93629,0,78586,True,True,False,False,-1.1905
CIPLA,6,Q2 FY23,Jul-Sep 2022,Results for Jul-Sep 2022 (Q2 FY23),Pharmaceuticals,Nifty Pharma,Company,True,True,1726,1729,1728,2022-11-04,-1.8186,-2.683,3.2229,True,-6.0959,6,4,3.7769,4,True,1684,1.2707,2.863,,2.863,6,1.5723,1.7182,0.66738,0,-3.3031,24.113,9.6816,0,,True,True,False,False,-5.6281
CIPLA,16,Q4 FY25,Jan-Mar 2025,Results for Jan-Mar 2025 (Q4 FY25),Pharmaceuticals,Nifty Pharma,Company,True,True,2349,2352,2352,2025-05-14,-2.0246,1.7996,1.9236,True,-0.31406,16,4,3.9171,4,True,2302,3.165,2.1162,3.8672,2.3186,16,4.4998,1.1938,5.7119,0,-12.177,-2.6542,-0.059211,0,1.1952e+05,True,True,False,False,-2.7629
CIPLA,18,Q2 FY26,Jul-Sep 2025,Results for Jul-Sep 2025 (Q2 FY26),Pharmaceuticals,Nifty Pharma,Company,True,True,2467,2470,2469,2025-10-30,-1.9174,-0.5714,1.2563,True,-2.0177,18,4,3.208,3,True,2424,3.1814,3.2501,2.0662,2.2739,18,3.6221,3.8957,3.9564,0,-7.9438,-2.8562,-6.4112,0,1.2666e+05,True,True,False,False,0.075792
COALINDIA,6,Q2 FY23,Jul-Sep 2022,Results for Jul-Sep 2022 (Q2 FY23),Mining,Nifty Metal,Company,True,True,1727,1730,1730,2022-11-09,2.7561,-10.184,2.2223,True,-12.596,6,4,3.1515,3,True,1691,5.0219,0.91665,,0.91665,6,2.3979,-1.2772,4.3306,0,-2.8853,49.684,19.027,1,1.5173e+05,True,True,False,False,-12.128
COALINDIA,20,Q4 FY26,Jan-Mar 2026,Results for Jan-Mar 2026 (Q4 FY26),Mining,Nifty Metal,Company,True,True,2586,2589,2589,2026-04-28,3.607,-0.84583,-0.36902,True,-0.66681,20,4,5.3668,3,True,2562,6.9936,2.7275,1.9825,0.81871,20,1.2342,-1.1312,20.653,0,-1.8908,17.87,15.467,1,2.7772e+05,True,True,False,False,-1.6907
COALINDIA,21,Q1 FY27,Apr-Jun 2026,Results for Apr-Jun 2026 (Q1 FY27),Mining,Nifty Metal,Company,True,True,2648,2651,2651,2026-07-28,-4.0143,-1.4994,1.4559,True,-3.1453,21,4,5.126,2,True,2609,6.174,3.5286,1.5162,0.75702,21,0.75272,3.607,-0.47681,0,-16.509,9.5099,-8.9135,1,2.6318e+05,True,False,False,False,-4.0322
COFORGE,11,Q3 FY24,Oct-Dec 2023,Results for Oct-Dec 2023 (Q3 FY24),Computers - Software,Nifty IT,Company,True,True,2028,2031,2030,2024-01-23,0.24184,5.5534,3.8432,True,1.5202,11,4,7.3765,4,True,1985,7.5998,2.9179,1.0675,1.7956,11,6.766,0.56384,10.536,0,-8.6522,40.39,16.017,1,39454,True,True,False,False,-0.13792
COFORGE,12,Q4 FY24,Jan-Mar 2024,Results for Jan-Mar 2024 (Q4 FY24),Computers - Software,Nifty IT,Company,True,True,2094,2097,2097,2024-05-03,-9.3309,10.897,0.24404,True,10.463,12,4,6.1274,4,True,2050,5.8948,4.3353,1.5176,1.7885,12,6.1317,0.24184,1.7102,0,-34.537,-14.813,-32.651,1,32038,True,True,False,False,8.9147
COFORGE,13,Q1 FY25,Apr-Jun 2024,Results for Apr-Jun 2024 (Q1 FY25),Computers - Software,Nifty IT,Company,True,True,2149,2152,2152,2024-07-23,1.8208,-1.4403,1.1894,True,-2.8197,13,4,7.0842,4,True,2117,7.633,6.9781,3.7338,2.4704,13,7.987,-9.3309,10.653,0,-9.7569,0.44316,11.57,1,37065,True,True,False,False,-2.4646
COFORGE,14,Q2 FY25,Jul-Sep 2024,Results for Jul-Sep 2024 (Q2 FY25),Computers - Software,Nifty IT,Company,True,True,2213,2216,2216,2024-10-23,11.29,10.184,-2.1618,True,12.156,14,4,5.0673,3,True,2172,3.2444,5.4221,4.2543,2.1061,14,6.1232,1.8208,-2.6297,0,-1.1884,24.202,19.229,1,48093,True,True,True,True,12.545
COFORGE,15,Q3 FY25,Oct-Dec 2024,Results for Oct-Dec 2024 (Q3 FY25),Computers - Software,Nifty IT,Company,True,True,2277,2280,2279,2025-01-23,11.552,-15.46,-1.1741,True,-14.476,15,4,5.5198,3,True,2236,6.7897,6.3422,6.4481,2.7887,15,6.1814,11.29,12.346,1,-8.2813,33.654,26.716,1,55102,True,True,True,False,-12.334
COFORGE,18,Q2 FY26,Jul-Sep 2025,Results for Jul-Sep 2025 (Q2 FY26),Computers - Software,Nifty IT,Company,True,True,2463,2466,2466,2025-10-27,3.3488,0.060076,-0.31291,True,0.18298,18,4,3.1403,3,True,2425,0.071713,3.4307,4.1038,2.3359,18,6.5332,2.7543,0.72031,2,-8.7146,29.323,5.6175,1,58253,True,True,False,False,2.2765
CONCOR,7,Q3 FY23,Oct-Dec 2022,Results for Oct-Dec 2022 (Q3 FY23),Travel And Transport,Nifty Services Sector,Company,True,True,1781,1784,1784,2023-01-24,-2.9306,-13.736,-3.1129,True,-10.813,7,4,3.4074,3,True,1752,5.6399,1.4909,,1.8747,7,2.3179,-6.2026,0.013466,0,-17.907,0.36033,-13.02,0,43355,True,True,False,False,-11.941
CONCOR,12,Q4 FY24,Jan-Mar 2024,Results for Jan-Mar 2024 (Q4 FY24),Travel And Transport,Nifty Services Sector,Company,True,True,2104,2107,2107,2024-05-17,4.6093,4.8572,4.4489,True,0.21832,12,4,7.6118,4,True,2052,9.0567,3.3064,4.5931,2.7456,12,4.9613,-1.0078,17.247,1,-2.5985,47.651,14.156,0,62581,True,True,True,True,-1.3297
CONCOR,13,Q1 FY25,Apr-Jun 2024,Results for Apr-Jun 2024 (Q1 FY25),Travel And Transport,Nifty Services Sector,Company,True,True,2162,2165,2165,2024-08-09,-2.7474,-3.4513,2.3347,True,-5.9759,13,4,6.8946,4,True,2127,7.4312,3.3722,3.1086,2.5658,13,4.9613,4.6093,0.40832,2,-16.881,16.637,-12.575,0,59864,True,True,False,False,-5.6208
CROMPTON,16,Q4 FY25,Jan-Mar 2025,Results for Jan-Mar 2025 (Q4 FY25),Consumer Durables,Nifty Consumer Durables,Company,True,True,2351,2354,2354,2025-05-16,7.4535,-2.0925,-1.2039,True,-1.0787,16,4,3.4265,4,True,2315,3.1045,1.4425,2.1509,0.94189,16,3.3003,0.72186,5.381,1,-27.428,-6.9701,-10.187,2,21311,True,True,True,False,-3.5275
CUMMINSIND,4,Q4 FY22,Jan-Mar 2022,Results for Jan-Mar 2022 (Q4 FY22),Diesel Engines,Nifty India Manufacturing,Company,True,True,1615,1618,1618,2022-05-27,-2.3917,-1.8419,-3.9945,True,1.9626,4,4,5.9345,4,True,1568,6.3005,,,5.9345,4,4.4097,2.2425,12.75,0,-12.629,13.287,11.168,0,28159,True,True,False,False,3.2224
CUMMINSIND,5,Q1 FY23,Apr-Jun 2022,Results for Apr-Jun 2022 (Q1 FY23),Diesel Engines,Nifty India Manufacturing,Company,True,True,1668,1671,1670,2022-08-10,-1.9915,4.5106,1.7029,True,2.6177,5,4,5.2635,4,True,1638,5.6904,,,5.1781,5,3.0757,-2.3917,2.1526,0,-7.0883,21.317,10.944,0,32499,True,True,False,False,0.94981
CUMMINSIND,6,Q2 FY23,Jul-Sep 2022,Results for Jul-Sep 2022 (Q2 FY23),Diesel Engines,Nifty India Manufacturing,Company,True,True,1726,1729,1728,2022-11-04,-0.28187,8.4916,3.2229,True,5.0787,6,4,4.9697,4,True,1690,5.9035,4.7831,,4.7831,6,2.4881,-1.9915,2.8077,0,-2.9793,46.178,6.7001,0,37035,True,True,False,False,5.5465
CUMMINSIND,7,Q3 FY23,Oct-Dec 2022,Results for Oct-Dec 2022 (Q3 FY23),Diesel Engines,Nifty India Manufacturing,Company,True,True,1792,1795,1795,2023-02-09,6.9359,6.5005,-2.6856,True,8.9961,7,4,5.7448,4,True,1748,3.4097,4.8551,,4.8524,7,4.0382,-0.28187,5.2687,0,-2.4506,68.942,19.588,0,40094,True,True,True,True,7.8676
CUMMINSIND,8,Q4 FY23,Jan-Mar 2023,Results for Jan-Mar 2023 (Q4 FY23),Diesel Engines,Nifty India Manufacturing,Company,True,True,1861,1864,1863,2023-05-24,-4.9654,16.455,3.1252,True,13.139,8,4,4.8538,4,True,1815,5.7542,5.7223,5.3941,5.3941,8,4.0382,6.9359,9.1861,1,-6.9742,46.722,-4.3636,0,46197,True,True,False,False,9.6341
CUMMINSIND,9,Q1 FY24,Apr-Jun 2023,Results for Apr-Jun 2023 (Q1 FY24),Diesel Engines,Nifty India Manufacturing,Company,True,True,1911,1914,1914,2023-08-04,-5.2144,-3.9057,0.06046,True,-4.1562,9,4,7.648,4,True,1883,9.2614,7.5824,6.4557,6.2758,9,7.2274,-4.9654,13.329,1,-9.2948,33.321,4.1493,0,53423,True,True,False,False,-6.4678
CUMMINSIND,10,Q2 FY24,Jul-Sep 2023,Results for Jul-Sep 2023 (Q2 FY24),Diesel Engines,Nifty India Manufacturing,Company,True,True,1975,1978,1978,2023-11-08,3.8184,10.735,7.4969,True,3.0476,10,4,5.9545,3,True,1934,6.1831,4.7964,5.4621,5.2516,10,7.2274,-5.2144,-3.9661,1,-10.754,24.746,1.6668,0,47458,True,True,False,False,0.52738
CUMMINSIND,11,Q3 FY24,Oct-Dec 2023,Results for Oct-Dec 2023 (Q3 FY24),Diesel Engines,Nifty India Manufacturing,Company,True,True,2038,2041,2041,2024-02-08,8.679,7.6994,3.4815,True,4.028,11,4,5.4467,3,True,1998,4.2003,4.9772,5.5958,5.0686,11,6.2119,3.8184,3.2376,1,-2.3992,57.947,34.593,0,65148,True,True,True,True,2.3699
CUMMINSIND,19,Q3 FY26,Oct-Dec 2025,Results for Oct-Dec 2025 (Q3 FY26),Diesel Engines,Nifty India Manufacturing,Company,True,True,2533,2536,2536,2026-02-05,5.0167,9.3205,-4.6498,True,13.78,19,4,2.5549,4,True,2494,2.6651,0.62687,1.4375,3.5397,19,2.7513,-0.4948,1.4035,2,-4.8451,43.631,1.2229,0,1.1344e+05,True,True,True,True,12.427
CUMMINSIND,20,Q4 FY26,Jan-Mar 2026,Results for Jan-Mar 2026 (Q4 FY26),Diesel Engines,Nifty India Manufacturing,Company,True,True,2607,2610,2609,2026-05-27,11.267,-6.3957,0.62262,True,-7.2083,20,4,5.4914,4,True,2556,6.2291,3.1241,2.6565,4.0612,20,3.2959,5.0167,13.97,3,-1.1723,105.86,35.814,0,1.4919e+05,True,True,True,True,-8.2321
DIXON,6,Q2 FY23,Jul-Sep 2022,Results for Jul-Sep 2022 (Q2 FY23),Consumer Durables,Nifty Consumer Durables,,True,True,1716,1719,1719,2022-10-21,-0.55451,1.7064,3.8,True,-2.2836,6,4,4.7891,4,True,1682,4.3716,1.3357,,1.3357,6,4.7974,-5.0197,8.9976,1,-27.03,-20.822,2.2891,2,25496,True,True,False,False,-1.8157
DIXON,7,Q3 FY23,Oct-Dec 2022,Results for Oct-Dec 2022 (Q3 FY23),Consumer Durables,Nifty Consumer Durables,Company,True,True,1783,1786,1786,2023-01-27,-17.478,2.761,-0.78702,True,3.3581,7,4,2.7553,3,True,1739,2.4893,-0.64992,,0.84583,7,2.0586,-0.55451,-2.0936,1,-43.643,-45.264,-36.962,2,,True,True,False,False,2.2296
DIXON,9,Q1 FY24,Apr-Jun 2023,Results for Apr-Jun 2023 (Q1 FY24),Consumer Durables,Nifty Consumer Durables,Company,True,True,1904,1907,1907,2023-07-26,-1.1213,21.039,-1.98,True,22.829,9,4,9.4634,3,True,1883,9.6187,6.9951,3.3813,4.0967,9,6.2728,7.6268,27.401,1,-13.59,-13.839,33.262,2,,True,True,False,False,20.517
DIXON,10,Q2 FY24,Jul-Sep 2023,Results for Jul-Sep 2023 (Q2 FY24),Consumer Durables,Nifty Consumer Durables,Company,True,True,1967,1970,1970,2023-10-27,-0.37472,-1.8029,3.9242,True,-5.9171,10,4,12.969,3,True,1927,17.989,10.239,8.8789,5.9889,10,13.283,-1.1213,23.019,1,-4.1438,16.671,35.198,2,,True,True,False,False,-8.4373
DIXON,11,Q3 FY24,Oct-Dec 2023,Results for Oct-Dec 2023 (Q3 FY24),Consumer Durables,Nifty Consumer Durables,Company,True,True,2033,2036,2036,2024-02-01,2.355,9.1348,1.3151,True,7.6296,11,4,12.06,3,True,1990,14.898,9.1909,7.4078,4.9238,11,13.283,-0.37472,-5.7271,1,-9.4693,56.386,3.9396,2,34966,True,True,False,False,5.9715
DIXON,12,Q4 FY24,Jan-Mar 2024,Results for Jan-Mar 2024 (Q4 FY24),Consumer Durables,Nifty Consumer Durables,Company,True,True,2103,2106,2106,2024-05-16,1.0218,31.427,4.4414,True,26.796,12,4,13.128,3,True,2056,8.3705,8.9946,7.9411,5.1651,12,15.419,2.355,7.8197,1,-4.5656,161.23,28.108,2,49411,True,True,False,False,25.248
DIXON,13,Q1 FY25,Apr-Jun 2024,Results for Apr-Jun 2024 (Q1 FY25),Consumer Durables,Nifty Consumer Durables,Company,True,True,2155,2158,2158,2024-07-31,0.70032,9.0485,0.80477,True,8.0537,13,4,13.024,3,True,2126,9.6928,13.841,11.244,6.8437,13,15.419,1.0218,26.986,0,-5.9985,167.57,34.751,2,67410,True,True,False,False,8.4088
DIXON,14,Q2 FY25,Jul-Sep 2024,Results for Jul-Sep 2024 (Q2 FY25),Consumer Durables,Nifty Consumer Durables,Company,True,True,2215,2218,2218,2024-10-25,-6.5307,11.221,0.056656,True,10.974,14,4,9.3306,3,True,2178,14.35,14.624,11.15,6.9437,14,8.0317,0.70032,8.2437,0,-12.345,128.71,26.271,2,89224,True,True,False,False,11.364
DIXON,15,Q3 FY25,Oct-Dec 2024,Results for Oct-Dec 2024 (Q3 FY25),Consumer Durables,Nifty Consumer Durables,Company,True,True,2274,2277,2277,2025-01-21,-12.383,-6.239,-0.28296,True,-6.146,15,4,13.553,4,True,2238,15.465,11.918,12.807,7.2251,15,9.704,-6.5307,11.164,0,-20.913,134.23,5.4882,2,1.0138e+05,True,True,False,False,-4.0035
DIXON,16,Q4 FY25,Jan-Mar 2025,Results for Jan-Mar 2025 (Q4 FY25),Consumer Durables,Nifty Consumer Durables,Company,True,True,2354,2357,2357,2025-05-21,-6.2836,-7.9746,-0.0056421,True,-8.159,16,4,10.11,3,True,2297,4.484,7.0884,11.619,6.4012,16,9.704,-12.383,-5.956,0,-18.471,80.903,-1.9433,2,1.0004e+05,True,True,False,False,-10.608
DLF,12,Q4 FY24,Jan-Mar 2024,Results for Jan-Mar 2024 (Q4 FY24),Construction,Nifty Infrastructure,Company,True,True,2101,2104,2104,2024-05-14,-0.47907,2.0201,4.7124,True,-2.8823,12,4,6.1765,3,True,2052,7.004,4.3667,3.7078,0.75192,12,5.7613,1.9776,14.505,1,-13.285,72.589,-1.3148,1,2.0716e+05,True,True,False,False,-4.4303
DLF,14,Q2 FY25,Jul-Sep 2024,Results for Jul-Sep 2024 (Q2 FY25),Construction,Nifty Infrastructure,Company,True,True,2216,2219,2219,2024-10-28,5.2525,0.097203,-0.26398,True,0.17118,14,4,5.3089,3,True,2175,4.469,3.9347,3.1378,0.56608,14,4.7115,0.46084,1.5944,0,-14.954,28.176,-3.4129,1,1.9935e+05,True,True,True,False,0.56056
DRREDDY,6,Q2 FY23,Jul-Sep 2022,Results for Jul-Sep 2022 (Q2 FY23),Pharmaceuticals,Nifty Pharma,Company,True,True,1721,1724,1724,2022-10-31,-1.8558,0.4432,3.3636,True,-3.1104,6,4,4.5202,4,True,1683,4.6093,0.60829,,0.60829,6,2.9255,-5.3341,0.27909,0,-10.086,-4.5603,-4.7898,0,73921,True,True,False,False,-2.6425
DRREDDY,7,Q3 FY23,Oct-Dec 2022,Results for Oct-Dec 2022 (Q3 FY23),Pharmaceuticals,Nifty Pharma,Company,True,True,1783,1786,1786,2023-01-27,4.2985,4.1052,-0.78702,True,4.7023,7,4,2.7269,3,True,1744,3.1032,0.57359,,0.10419,7,0.93852,-1.8558,-2.9204,0,-7.1259,-3.9786,-2.2467,0,72182,True,True,True,False,3.5738
DRREDDY,8,Q4 FY23,Jan-Mar 2023,Results for Jan-Mar 2023 (Q4 FY23),Pharmaceuticals,Nifty Pharma,Company,True,True,1851,1854,1854,2023-05-11,-6.79,2.5905,1.8448,True,0.55563,8,4,3.5504,3,True,1806,0.75033,3.3422,0.7027,0.7027,8,2.5857,4.2985,4.8923,1,-9.1601,4.6578,1.5033,0,81752,True,True,False,False,-2.9496
EICHERMOT,19,Q3 FY26,Oct-Dec 2025,Results for Oct-Dec 2025 (Q3 FY26),Automobiles - 4 Wheelers,Nifty Auto,Company,True,True,2537,2540,2540,2026-02-11,6.4383,-10.237,-8.9185,True,-1.5083,19,4,5.5055,3,True,2498,6.1696,2.0355,0.72818,0.46957,19,4.644,-0.36183,5.7748,0,-0.43562,33.256,12.665,0,1.9688e+05,True,True,True,True,-2.8619
EICHERMOT,20,Q4 FY26,Jan-Mar 2026,Results for Jan-Mar 2026 (Q4 FY26),Automobiles - 4 Wheelers,Nifty Auto,Company,True,True,2604,2607,2607,2026-05-25,4.8779,2.212,-0.86386,True,2.8859,20,4,4.2977,2,True,2560,6.4167,2.4922,1.0449,0.38018,20,2.2283,6.4383,-1.3182,1,-9.9149,37.732,-1.1449,0,1.8788e+05,True,False,True,False,1.862
EICHERMOT,21,Q1 FY27,Apr-Jun 2026,Results for Apr-Jun 2026 (Q1 FY27),Automobiles - 4 Wheelers,Nifty Auto,Company,True,True,2650,2653,2653,2026-07-30,1.4401,2.3697,-0.93062,True,3.1103,21,4,5.5815,3,True,2627,2.5108,3.9633,1.7464,0.50855,21,4.4253,4.8779,3.0759,2,-3.8578,48.431,9.4794,0,2.1312e+05,True,True,False,False,2.2234
FEDERALBNK,19,Q3 FY26,Oct-Dec 2025,Results for Oct-Dec 2025 (Q3 FY26),Banks,Nifty Bank,Bank,True,True,2520,2523,2522,2026-01-16,9.3674,6.679,-0.86887,True,7.3579,19,4,2.7476,3,True,2482,3.5948,2.9691,1.8302,-0.34891,19,2.5366,6.4031,7.53,1,-2.9274,33.257,23.461,0,61313,True,True,True,True,6.0042
FEDERALBNK,20,Q4 FY26,Jan-Mar 2026,Results for Jan-Mar 2026 (Q4 FY26),Banks,Nifty Bank,Bank,True,True,2588,2591,2590,2026-04-29,-2.7713,1.475,-2.6053,True,3.8903,20,4,4.5831,3,True,2542,4.4883,4.3257,2.6854,0.04593,20,6.1987,9.3674,7.5479,2,-5.7119,43.161,5.703,0,72398,True,True,False,False,2.8664
FEDERALBNK,21,Q1 FY27,Apr-Jun 2026,Results for Apr-Jun 2026 (Q1 FY27),Banks,Nifty Bank,Bank,True,True,2642,2645,2644,2026-07-17,5.772,0.65902,0.13027,True,0.33875,21,4,4.3863,3,True,2610,6.3861,3.7697,3.6803,0.23804,21,5.8052,-2.7713,4.0803,2,-0.5698,67.65,22.146,0,80718,True,True,True,True,-0.54812
FORCEMOT,20,Q4 FY26,Jan-Mar 2026,Results for Jan-Mar 2026 (Q4 FY26),Automobiles - 4 Wheelers,Nifty Auto,Company,True,True,2588,2591,2591,2026-04-30,-4.4064,-5.0241,-2.5625,True,-2.6516,8,4,6.4153,3,True,2556,1.7747,5.4831,0.39125,0.39125,8,6.0934,5.6042,5.859,2,-24.749,115.75,10.636,20,26419,True,True,False,False,-3.6754
FORTIS,17,Q1 FY26,Apr-Jun 2025,Results for Apr-Jun 2025 (Q1 FY26),Miscellaneous,Nifty 500,Company,True,True,2410,2413,2413,2025-08-07,2.923,6.6629,0.71962,True,5.7533,17,4,10.207,4,True,2377,9.6382,4.3609,3.781,2.7239,17,12.113,-1.5703,12.944,0,-2.2664,73.901,31.962,17,65070,True,True,False,False,5.6841
FORTIS,18,Q2 FY26,Jul-Sep 2025,Results for Jul-Sep 2025 (Q2 FY26),Miscellaneous,Nifty 500,Company,True,True,2474,2477,2477,2025-11-12,-2.4771,-12.013,-0.45525,True,-11.747,18,4,8.7144,4,True,2433,7.5156,8.2036,4.087,2.9028,18,9.1271,2.923,5.9433,0,-12.216,51.004,1.8211,17,77006,True,True,False,False,-9.6538
FORTIS,19,Q3 FY26,Oct-Dec 2025,Results for Oct-Dec 2025 (Q3 FY26),Miscellaneous,Nifty 500,Company,True,True,2540,2543,2543,2026-02-16,-0.94002,-10.434,-8.1829,True,-2.4411,19,4,2.7474,3,True,2497,2.4432,5.8693,2.569,2.1417,19,4.8016,-2.4771,-11.557,0,-17.074,31.842,-1.7316,17,69370,True,True,False,False,-3.7948
GAIL,7,Q3 FY23,Oct-Dec 2022,Results for Oct-Dec 2022 (Q3 FY23),Gas,Nifty Oil & Gas,Company,True,True,1785,1788,1787,2023-01-30,-4.4894,9.6893,-1.4519,True,10.951,7,4,2.4297,2,True,1748,-1.0768,-0.39159,,-1.654,7,0.011548,-2.5657,1.9719,0,-17.911,-1.7965,6.0145,1,66343,True,False,False,False,9.8227
GLENMARK,14,Q2 FY25,Jul-Sep 2024,Results for Jul-Sep 2024 (Q2 FY25),Pharmaceuticals,Nifty Pharma,Company,True,True,2230,2233,2233,2024-11-18,-2.7912,1.9081,3.7614,True,-2.0433,14,4,6.4262,3,True,2189,9.4181,4.6956,3.5595,1.4796,14,6.813,3.3567,8.6779,1,-18.854,74.644,-4.3803,0,44503,True,True,False,False,-1.6539
GLENMARK,15,Q3 FY25,Oct-Dec 2024,Results for Oct-Dec 2024 (Q3 FY25),Pharmaceuticals,Nifty Pharma,Company,True,True,2294,2297,2297,2025-02-17,3.7039,8.2181,-0.22605,True,8.2541,15,4,6.6003,3,True,2253,3.9242,3.842,3.6007,1.2574,15,6.813,-2.7912,-1.8533,1,-24.968,67.203,-5.5855,0,39680,True,True,False,False,10.397
GLENMARK,16,Q4 FY25,Jan-Mar 2025,Results for Jan-Mar 2025 (Q4 FY25),Pharmaceuticals,Nifty Pharma,Company,True,True,2357,2360,2360,2025-05-26,-2.7149,21.2,-0.117,True,21.127,16,4,5.0542,3,True,2317,5.0896,5.3826,4.3456,1.7066,16,6.6962,3.7039,8.4441,1,-24.078,22.243,-7.7059,0,40638,True,True,False,False,18.678
GLENMARK,17,Q1 FY26,Apr-Jun 2025,Results for Apr-Jun 2025 (Q1 FY26),Pharmaceuticals,Nifty Pharma,Company,True,True,2416,2419,2419,2025-08-18,-4.4552,5.2232,1.4558,True,3.5774,17,4,9.1464,3,True,2380,9.3026,9.3604,6.6016,2.8601,17,8.561,-2.7149,21.317,0,-13.607,30.491,36.657,0,58080,True,True,False,False,3.5083
GLENMARK,18,Q2 FY26,Jul-Sep 2025,Results for Jul-Sep 2025 (Q2 FY26),Pharmaceuticals,Nifty Pharma,Company,True,True,2477,2480,2480,2025-11-17,-1.8076,6.2443,0.053242,True,6.0011,18,4,7.9188,3,True,2439,11.176,7.5502,7.1725,2.9105,18,6.1058,-4.4552,3.7674,0,-18.203,4.4211,-13.567,0,52145,True,True,False,False,8.0945
GLENMARK,19,Q3 FY26,Oct-Dec 2025,Results for Oct-Dec 2025 (Q3 FY26),Pharmaceuticals,Nifty Pharma,Company,True,True,2529,2532,2532,2026-02-01,-1.8094,10.139,1.4227,True,8.5264,19,4,9.9299,4,True,2500,10.425,7.7573,8.2651,3.0832,19,7.3176,-1.8076,6.1911,0,-15.091,26.278,7.1048,0,56257,True,True,False,False,7.1728
GLENMARK,20,Q4 FY26,Jan-Mar 2026,Results for Jan-Mar 2026 (Q4 FY26),Pharmaceuticals,Nifty Pharma,Company,True,True,2608,2611,2611,2026-06-01,-2.5384,0.14085,2.0663,True,-2.1154,20,4,9.9979,4,True,2552,6.225,7.7638,7.5261,3.3648,20,7.4538,-1.8094,8.7164,0,-11.027,60.909,17.007,0,66356,True,True,False,False,-3.1393
GLENMARK,21,Q1 FY27,Apr-Jun 2026,Results for Apr-Jun 2026 (Q1 FY27),Pharmaceuticals,Nifty Pharma,Company,True,True,2652,2655,2655,2026-08-03,-1.7769,11.211,-2.8009,True,13.822,21,4,4.1874,3,True,2631,4.3274,7.7518,6.6669,3.1129,21,4.9792,-2.5384,-1.9254,0,-9.8626,5.1499,-9.5544,0,63825,True,True,False,False,12.935
GMRAIRPORT,4,Q4 FY22,Jan-Mar 2022,Results for Jan-Mar 2022 (Q4 FY22),Travel And Transport,Nifty Services Sector,Company,True,True,1608,1611,1611,2022-05-18,-1.2568,-0.13927,-3.3752,True,3.046,4,4,3.2345,2,True,1567,5.0264,,,3.2345,4,2.1019,-2.2039,-1.9804,1,-23.126,44.312,-8.7009,1,20190,True,False,False,False,4.3058
GMRAIRPORT,5,Q1 FY23,Apr-Jun 2022,Results for Apr-Jun 2022 (Q1 FY23),Travel And Transport,Nifty Services Sector,Company,True,True,1661,1664,1664,2022-08-01,-4.9262,6.5187,1.1693,True,5.1595,5,4,4.5788,3,True,1631,4.0437,,,3.2348,5,4.71,-1.2568,3.236,0,-22.805,30.976,-4.1106,1,21428,True,True,False,False,3.4916
GMRAIRPORT,6,Q2 FY23,Jul-Sep 2022,Results for Jul-Sep 2022 (Q2 FY23),Travel And Transport,Nifty Services Sector,Company,True,True,1735,1738,1737,2022-11-18,0.19761,10.977,-0.21111,True,10.998,6,4,4.3701,3,True,1684,2.2017,3.5873,,3.5873,6,4.2927,-4.9262,5.3495,0,-20.021,-5.1795,3.6325,1,21971,True,True,False,False,11.466
GMRAIRPORT,7,Q3 FY23,Oct-Dec 2022,Results for Oct-Dec 2022 (Q3 FY23),Travel And Transport,Nifty Services Sector,Company,True,True,1796,1799,1799,2023-02-15,0.17566,8.724,-5.7186,True,14.252,7,4,4.4483,3,True,1757,6.5913,5.8088,,4.6731,7,4.2927,0.19761,11.188,0,-13.318,-12.082,4.5995,1,23389,True,True,False,False,13.124
GMRAIRPORT,8,Q4 FY23,Jan-Mar 2023,Results for Jan-Mar 2023 (Q4 FY23),Travel And Transport,Nifty Services Sector,Company,True,True,1864,1867,1866,2023-05-29,-10.426,4.439,0.49762,True,3.7514,8,4,8.5541,4,True,1819,10.327,7.1852,5.8943,5.8943,8,8.2689,0.17566,14.443,0,-14.361,-4.0612,-0.08865,1,27131,True,True,False,False,0.24609
GMRAIRPORT,9,Q1 FY24,Apr-Jun 2023,Results for Apr-Jun 2023 (Q1 FY24),Travel And Transport,Nifty Services Sector,Company,True,True,1918,1921,1921,2023-08-16,-0.2512,14.569,3.1081,True,11.271,9,4,8.7304,4,True,1886,9.8574,6.0296,6.6546,5.6773,9,8.2689,-10.426,3.9414,0,-3.4703,43.012,8.8412,1,32202,True,True,False,False,8.9598
GMRAIRPORT,10,Q2 FY24,Jul-Sep 2023,Results for Jul-Sep 2023 (Q2 FY24),Travel And Transport,Nifty Services Sector,Company,True,True,1969,1972,1972,2023-10-31,0.22876,10.44,5.3303,True,4.9192,10,4,10.258,4,True,1941,9.9484,8.2698,7.3143,6.2557,10,11.325,-0.2512,11.461,0,-18.202,48.84,11.109,1,32292,True,True,False,False,2.399
GMRAIRPORT,11,Q3 FY24,Oct-Dec 2023,Results for Oct-Dec 2023 (Q3 FY24),Travel And Transport,Nifty Services Sector,Company,True,True,2033,2036,2036,2024-02-01,1.0873,6.1947,1.3151,True,4.6896,11,4,8.7386,4,True,1992,6.8373,8.5821,6.5935,6.1515,11,8.2853,0.22876,5.1093,0,-10.823,78.74,31.544,1,47201,True,True,False,False,3.0315
GMRAIRPORT,12,Q4 FY24,Jan-Mar 2024,Results for Jan-Mar 2024 (Q4 FY24),Travel And Transport,Nifty Services Sector,Company,True,True,2113,2116,2116,2024-05-30,-5.8875,19.149,6.7676,True,12.191,12,4,6.3479,4,True,2056,7.1501,8.5037,7.451,6.0455,12,4.9944,1.0873,4.8796,0,-14.096,57.565,-9.1871,1,53237,True,True,False,False,10.643
GMRAIRPORT,13,Q1 FY25,Apr-Jun 2024,Results for Apr-Jun 2024 (Q1 FY25),Travel And Transport,Nifty Services Sector,Company,True,True,2166,2169,2168,2024-08-14,-2.2135,1.2509,5.1572,True,-4.0963,13,4,8.4578,4,True,2136,7.4566,8.7025,8.5941,6.5328,13,8.2853,-5.8875,12.381,0,-10.622,54.619,1.9694,1,59164,True,True,False,False,-3.7412
GMRAIRPORT,15,Q3 FY25,Oct-Dec 2024,Results for Oct-Dec 2024 (Q3 FY25),Travel And Transport,Nifty Services Sector,Company,True,True,2280,2283,2283,2025-01-29,-0.61521,-2.0909,-2.6575,True,0.37653,15,4,3.7589,3,True,2238,3.3854,5.2677,6.2488,5.5135,15,3.2805,-3.5878,1.6815,0,-31.316,-13.832,-5.0136,1,75486,True,True,False,False,2.5191
GODREJCP,8,Q4 FY23,Jan-Mar 2023,Results for Jan-Mar 2023 (Q4 FY23),Personal Care,Nifty FMCG,Company,True,True,1851,1854,1854,2023-05-11,2.1925,7.6684,1.8448,True,5.6336,8,4,3.7049,4,True,1808,4.4015,0.22287,0.44235,0.44235,8,2.602,0.9708,3.1285,0,-0.96755,19.265,2.61,0,96492,True,True,False,False,2.1283
GODREJCP,9,Q1 FY24,Apr-Jun 2023,Results for Apr-Jun 2023 (Q1 FY24),Personal Care,Nifty FMCG,Company,True,True,1913,1916,1916,2023-08-08,-1.9267,0.2427,0.20541,True,-0.1527,9,4,4.757,4,True,1874,5.6509,0.98976,1.8712,1.0403,9,4.4761,2.1925,5.8236,0,-8.4025,4.3357,-1.973,0,1.0375e+05,True,True,False,False,-2.4643
GODREJCP,10,Q2 FY24,Jul-Sep 2023,Results for Jul-Sep 2023 (Q2 FY24),Personal Care,Nifty FMCG,Company,True,True,1971,1974,1974,2023-11-02,0.93407,3.4556,5.9303,True,-2.6647,10,4,4.2475,4,True,1936,2.9965,3.4468,0.89977,0.93997,10,4.4761,-1.9267,0.037297,0,-10.063,10.743,0.17075,0,1.0003e+05,True,True,False,False,-5.1849
GRASIM,8,Q4 FY23,Jan-Mar 2023,Results for Jan-Mar 2023 (Q4 FY23),Cement And Cement Products,Nifty Commodities,Company,True,True,1863,1866,1865,2023-05-26,-1.7397,1.6466,0.89814,True,0.55849,8,4,3.3019,4,True,1818,4.3559,1.1008,1.7815,1.7815,8,2.4369,-1.9793,1.97,0,-8.2196,-0.29478,-0.21943,0,1.1196e+05,True,True,False,False,-2.9468
GVT&D,21,Q1 FY27,Apr-Jun 2026,Results for Apr-Jun 2026 (Q1 FY27),Electrical Equipment,Nifty India Manufacturing,Company,True,True,2655,2658,2658,2026-08-06,-1.0279,-0.10762,-3.0953,True,2.7976,21,4,8.4302,3,True,2623,8.3275,5.5179,5.406,3.8184,21,12.127,-0.80238,15.514,3,-22.713,77.292,-9.692,21,1.1189e+05,True,True,False,False,1.9108
HAL,4,Q4 FY22,Jan-Mar 2022,Results for Jan-Mar 2022 (Q4 FY22),Aerospace & Defence,Nifty India Defence,Company,True,True,1606,1609,1608,2022-05-13,-0.30122,25.369,2.659,True,22.52,4,4,7.8778,3,True,1567,8.5201,,,7.8778,4,5.2895,-1.9905,4.6281,0,-14.113,50.738,18.166,2,,True,True,False,False,23.78
HAL,5,Q1 FY23,Apr-Jun 2022,Results for Apr-Jun 2022 (Q1 FY23),Aerospace & Defence,Nifty India Defence,Company,True,True,1670,1673,1672,2022-08-12,0.032225,14.417,2.1014,True,12.126,5,4,12.068,3,True,1628,7.9802,,,10.844,5,13.669,-0.30122,22.71,0,-1.2098,100.2,30.137,2,,True,True,False,False,10.458
HAL,6,Q2 FY23,Jul-Sep 2022,Results for Jul-Sep 2022 (Q2 FY23),Aerospace & Defence,Nifty India Defence,Company,True,True,1730,1733,1732,2022-11-11,0.19109,9.7314,0.80056,True,8.7408,6,4,9.0641,3,True,1692,13.218,11.09,,11.09,6,8.472,0.032225,12.316,0,-6.036,82.578,10.108,2,,True,True,False,False,9.2086
HAL,7,Q3 FY23,Oct-Dec 2022,Results for Oct-Dec 2022 (Q3 FY23),Aerospace & Defence,Nifty India Defence,Company,True,True,1793,1796,1795,2023-02-09,-1.1818,18.324,-2.6856,True,20.82,7,4,12.146,4,True,1752,14.652,11.586,,10.781,7,10.623,0.19109,8.9308,0,-14.359,69.826,-0.37954,2,,True,True,False,False,19.691
HAL,8,Q4 FY23,Jan-Mar 2023,Results for Jan-Mar 2023 (Q4 FY23),Aerospace & Defence,Nifty India Defence,Company,True,True,1853,1856,1855,2023-05-12,-1.5683,25.52,1.3574,True,23.973,8,4,16.242,4,True,1815,14.085,11.033,12.06,12.06,8,16.663,-1.1818,21.01,0,-2.4934,76.287,20.673,2,98792,True,True,False,False,20.467
HAL,9,Q1 FY24,Apr-Jun 2023,Results for Apr-Jun 2023 (Q1 FY24),Aerospace & Defence,Nifty India Defence,Company,True,True,1917,1920,1919,2023-08-11,0.57028,7.6945,2.9238,True,4.5807,9,4,16.605,4,True,1875,18.034,15.626,14.336,13.405,9,16.663,-1.5683,24.163,0,-5.1989,77.338,19.754,2,1.2788e+05,True,True,False,False,2.2691
HAL,10,Q2 FY24,Jul-Sep 2023,Results for Jul-Sep 2023 (Q2 FY24),Aerospace & Defence,Nifty India Defence,Company,True,True,1978,1981,1980,2023-11-10,1.2288,35.594,8.0912,True,27.313,10,4,14.718,4,True,1939,16.648,15.65,11.891,12.541,10,14.97,0.57028,4.7707,0,-2.4657,53.571,8.7314,2,1.3674e+05,True,True,False,False,24.793
HAL,11,Q3 FY24,Oct-Dec 2023,Results for Oct-Dec 2023 (Q3 FY24),Aerospace & Defence,Nifty India Defence,Company,True,True,2041,2044,2044,2024-02-13,2.1012,11.803,2.7247,True,8.8881,11,4,19.361,4,True,2000,18.812,16.449,15.754,13.901,11,22.586,1.2288,27.503,0,-6.6858,120.87,29.582,2,2.0714e+05,True,True,False,False,7.23
HAL,12,Q4 FY24,Jan-Mar 2024,Results for Jan-Mar 2024 (Q4 FY24),Aerospace & Defence,Nifty India Defence,Company,True,True,2104,2107,2106,2024-05-16,9.1588,10.774,4.4414,True,6.1425,12,4,16.379,4,True,2064,13.784,15.909,16.31,13.499,12,16.62,2.1012,9.0781,0,-1.1318,182.6,58.113,2,2.7251e+05,True,True,True,True,4.5944
HAL,13,Q1 FY25,Apr-Jun 2024,Results for Apr-Jun 2024 (Q1 FY25),Aerospace & Defence,Nifty India Defence,Company,True,True,2166,2169,2168,2024-08-14,-0.86305,-0.42903,5.1572,True,-5.7763,13,4,11.921,4,True,2126,14.305,15.476,14.263,12.948,13,7.7053,9.1588,6.3325,1,-17.852,123.56,2.7083,2,3.161e+05,True,True,False,False,-5.4212
HAL,14,Q2 FY25,Jul-Sep 2024,Results for Jul-Sep 2024 (Q2 FY25),Aerospace & Defence,Nifty India Defence,Company,True,True,2230,2233,2232,2024-11-14,0.60731,14.419,4.8254,True,9.4033,14,4,9.3318,3,True,2188,3.2748,11.043,12.025,11.624,14,7.7053,-0.86305,-5.5863,1,-27.978,77.362,-10.205,2,2.838e+05,True,True,False,False,9.7927
HAL,15,Q3 FY25,Oct-Dec 2024,Results for Oct-Dec 2024 (Q3 FY25),Aerospace & Defence,Nifty India Defence,Company,True,True,2292,2295,2294,2025-02-12,-1.4002,-5.509,-2.8121,True,-2.8869,15,4,4.8544,3,True,2252,3.4465,8.6152,12.108,11.489,15,7.7053,0.60731,9.5933,1,-36.664,15.408,-9.4434,2,2.5324e+05,True,True,False,False,-0.74434
HAL,18,Q2 FY26,Jul-Sep 2025,Results for Jul-Sep 2025 (Q2 FY26),Aerospace & Defence,Nifty India Defence,Company,True,True,2475,2478,2477,2025-11-12,-3.0503,-9.5693,-0.45525,True,-9.3041,18,4,2.8114,3,True,2436,0.5507,1.9986,6.0716,9.6658,18,2.1745,-0.40148,1.7804,0,-8.0639,4.5501,0.72564,2,3.2033e+05,True,True,False,False,-7.2106
HAVELLS,15,Q3 FY25,Oct-Dec 2024,Results for Oct-Dec 2024 (Q3 FY25),Electrical Equipment,Nifty India Manufacturing,Company,True,True,2272,2275,2275,2025-01-17,1.4894,-3.2811,-0.74042,True,-2.7306,15,4,3.6897,3,True,2232,2.8801,1.9018,2.1273,0.59632,15,3.9534,-6.01,-5.4225,0,-25.252,3.9493,-6.5641,0,95602,True,True,False,False,-0.58808
HDFCBANK,7,Q3 FY23,Oct-Dec 2022,Results for Oct-Dec 2022 (Q3 FY23),Banks,Nifty Bank,Bank,True,True,1776,1779,1778,2023-01-16,-0.6151,5.5762,0.19559,True,5.1906,7,4,3.3626,3,True,1736,2.8246,1.0347,,0.6829,7,3.3958,-1.1984,7.1714,0,-7.9438,2.13,6.2238,0,8.9087e+05,True,True,False,False,4.0621
HDFCBANK,8,Q4 FY23,Jan-Mar 2023,Results for Jan-Mar 2023 (Q4 FY23),Banks,Nifty Bank,Bank,True,True,1835,1838,1837,2023-04-17,-0.84487,-1.161,3.2736,True,-4.6246,8,4,3.4636,3,True,1798,4.789,2.3492,1.2701,1.2701,8,3.5978,-0.6151,5.3806,0,-3.1017,9.5014,7.4283,0,9.3964e+05,True,True,False,False,-8.1299
HDFCLIFE,17,Q1 FY26,Apr-Jun 2025,Results for Apr-Jun 2025 (Q1 FY26),Insurance,Nifty Financial Services,,True,True,2394,2397,2397,2025-07-16,-0.18341,2.7317,-2.3509,True,4.8925,17,4,3.4204,3,True,2356,1.5007,-0.41845,-0.34341,-1.0931,17,2.6343,-2.2386,2.5789,1,-7.8952,15.503,-2.0006,0,,True,True,False,False,4.8234
HEROMOTOCO,7,Q3 FY23,Oct-Dec 2022,Results for Oct-Dec 2022 (Q3 FY23),Automobiles - 2 And 3 Wheelers,Nifty Auto,Company,True,True,1791,1794,1794,2023-02-08,-2.2782,-6.5343,-1.5785,True,-5.1459,7,4,2.2512,3,True,1749,6.6545,0.54667,,0.52976,7,2.294,0.76908,4.3647,0,-11.024,-7.7725,-2.7393,0,53032,True,True,False,False,-6.2744
HEROMOTOCO,8,Q4 FY23,Jan-Mar 2023,Results for Jan-Mar 2023 (Q4 FY23),Automobiles - 2 And 3 Wheelers,Nifty Auto,Company,True,True,1847,1850,1850,2023-05-05,2.3257,13.56,2.574,True,10.796,8,4,3.7519,3,True,1814,-0.12261,0.10071,-0.15594,-0.15594,8,2.294,-2.2782,-4.9559,0,-13.318,-3.5881,-8.1177,0,49881,True,True,False,False,7.2904
HEROMOTOCO,11,Q3 FY24,Oct-Dec 2023,Results for Oct-Dec 2023 (Q3 FY24),Automobiles - 2 And 3 Wheelers,Nifty Auto,Company,True,True,2040,2043,2043,2024-02-12,-3.745,-0.33706,3.3151,True,-3.8422,11,4,5.5606,2,True,1994,9.0661,4.4717,3.9059,2.3592,11,4.9673,-2.0636,17.264,0,-5.2848,55.533,39.679,0,95795,True,False,False,False,-5.5003
HEROMOTOCO,12,Q4 FY24,Jan-Mar 2024,Results for Jan-Mar 2024 (Q4 FY24),Automobiles - 2 And 3 Wheelers,Nifty Auto,Company,True,True,2098,2101,2100,2024-05-08,3.0636,22.64,1.4252,True,21.025,12,4,5.8865,2,True,2063,4.1868,3.8258,4.8192,1.8582,12,4.9673,-3.745,-3.6522,0,-6.772,61.073,-4.2451,0,90150,True,False,False,False,19.477
HEROMOTOCO,13,Q1 FY25,Apr-Jun 2024,Results for Apr-Jun 2024 (Q1 FY25),Automobiles - 2 And 3 Wheelers,Nifty Auto,Company,True,True,2165,2168,2168,2024-08-14,-3.3187,14.405,5.1572,True,9.058,13,4,8.4439,2,True,2120,11.609,6.6342,5.5492,3.3472,13,8.1063,3.0636,21.215,0,-13.947,42.028,-8.4534,0,1.0409e+05,True,False,False,False,9.4131
HEROMOTOCO,14,Q2 FY25,Jul-Sep 2024,Results for Jul-Sep 2024 (Q2 FY25),Automobiles - 2 And 3 Wheelers,Nifty Auto,Company,True,True,2230,2233,2233,2024-11-18,3.1372,-6.7167,3.7614,True,-10.668,14,4,11.019,3,True,2188,8.937,9.0015,6.6772,3.7687,14,13.256,-3.3187,9.248,0,-24.227,31.814,-4.2328,0,94460,True,True,False,False,-10.279
HEROMOTOCO,15,Q3 FY25,Oct-Dec 2024,Results for Oct-Dec 2024 (Q3 FY25),Automobiles - 2 And 3 Wheelers,Nifty Auto,Company,True,True,2288,2291,2291,2025-02-07,1.2382,-16.184,-4.6674,True,-11.706,15,4,4.0832,2,True,2253,6.6617,5.4242,4.8219,2.8189,15,2.7979,3.1372,-10.478,0,-31.564,-18.072,-7.928,0,84742,True,False,False,False,-9.5638
HEROMOTOCO,19,Q3 FY26,Oct-Dec 2025,Results for Oct-Dec 2025 (Q3 FY26),Automobiles - 2 And 3 Wheelers,Nifty Auto,Company,True,True,2534,2537,2537,2026-02-06,-0.41528,-4.7536,-6.4827,True,1.5391,19,4,4.5358,3,True,2499,9.8865,2.8188,4.3095,3.1804,19,6.7971,0.42521,7.082,1,-9.9397,23.299,7.8485,0,1.1529e+05,True,True,False,False,0.18546
HEROMOTOCO,20,Q4 FY26,Jan-Mar 2026,Results for Jan-Mar 2026 (Q4 FY26),Automobiles - 2 And 3 Wheelers,Nifty Auto,Company,True,True,2591,2594,2594,2026-05-06,-0.046626,-5.5648,-3.7582,True,-1.9966,20,4,7.8472,4,True,2557,8.2922,1.5657,4.9822,3.1078,20,6.7971,-0.41528,1.7291,1,-19.073,34.212,-2.6689,0,1.0203e+05,True,True,False,False,-3.0205
HEROMOTOCO,21,Q1 FY27,Apr-Jun 2026,Results for Apr-Jun 2026 (Q1 FY27),Automobiles - 2 And 3 Wheelers,Nifty Auto,Company,True,True,2656,2659,2659,2026-08-07,3.4091,-7.4236,-2.7388,True,-4.8747,21,4,5.7675,3,True,2614,2.3348,3.0109,2.1044,2.8738,21,4.4055,-0.046626,-1.8066,1,-10.386,35.809,5.9405,0,1.1102e+05,True,True,False,False,-5.7616
HINDALCO,4,Q4 FY22,Jan-Mar 2022,Results for Jan-Mar 2022 (Q4 FY22),Aluminium,Nifty Metal,Company,True,True,1616,1619,1618,2022-05-27,-0.80864,-21.227,-3.9945,True,-17.422,4,4,3.8339,3,True,1567,4.7193,,,3.8339,4,1.5185,0.099382,13.188,0,-35.668,-2.4994,-16.41,1,88101,True,True,False,False,-16.163
HINDALCO,16,Q4 FY25,Jan-Mar 2025,Results for Jan-Mar 2025 (Q4 FY25),Aluminium,Nifty Metal,Company,True,True,2354,2357,2356,2025-05-20,1.7168,-3.1761,0.68668,True,-4.0528,16,4,3.905,2,True,2316,5.4558,2.8398,2.7883,1.0197,16,0.41721,1.0576,15.533,0,-14.224,-8.6096,4.2404,1,1.4598e+05,True,False,False,False,-6.5017
HINDALCO,17,Q1 FY26,Apr-Jun 2025,Results for Apr-Jun 2025 (Q1 FY26),Aluminium,Nifty Metal,Company,True,True,2413,2416,2416,2025-08-12,-0.46481,11.334,2.1158,True,9.0277,17,4,3.1261,2,True,2376,3.8337,2.1213,2.2645,0.73249,17,0.41721,1.7168,-3.8628,0,-13.667,7.0954,3.155,1,1.5247e+05,True,False,False,False,8.9586
HINDALCO,18,Q2 FY26,Jul-Sep 2025,Results for Jul-Sep 2025 (Q2 FY26),Aluminium,Nifty Metal,Company,True,True,2472,2475,2474,2025-11-07,0.32189,4.1561,2.723,True,1.2431,18,4,5.1797,2,True,2436,6.9626,3.4958,2.7992,1.2039,18,4.5244,-0.46481,9.2177,0,-8.5185,9.8935,11.615,1,1.8457e+05,True,False,False,False,3.3366
HINDALCO,19,Q3 FY26,Oct-Dec 2025,Results for Oct-Dec 2025 (Q3 FY26),Aluminium,Nifty Metal,Company,True,True,2538,2541,2541,2026-02-12,0.40458,-5.6356,-10.292,True,4.4665,19,4,5.5802,3,True,2494,2.2627,3.8592,2.9223,1.216,19,5.3254,0.32189,1.4331,0,-6.3507,51.665,19.054,1,2.1406e+05,True,True,False,False,3.1128
HINDPETRO,9,Q1 FY24,Apr-Jun 2023,Results for Apr-Jun 2023 (Q1 FY24),Refineries,Nifty Oil & Gas,Company,True,True,1910,1913,1913,2023-08-03,-1.4114,-7.4348,0.27681,True,-7.9016,9,4,5.1412,4,True,1876,5.758,1.572,1.1272,1.4121,9,3.7624,-0.89995,4.2337,0,-12.762,-0.50828,-0.82766,0,40060,True,True,False,False,-10.213
HINDPETRO,11,Q3 FY24,Oct-Dec 2023,Results for Oct-Dec 2023 (Q3 FY24),Refineries,Nifty Oil & Gas,Company,True,True,2030,2033,2032,2024-01-25,-4.3779,22.527,4.0281,True,18.309,11,4,7.127,3,True,1997,8.8434,7.1436,3.9661,3.1823,11,3.1058,6.3404,30.008,1,-9.7275,59.437,64.591,0,62480,True,True,False,False,16.65
HINDPETRO,12,Q4 FY24,Jan-Mar 2024,Results for Jan-Mar 2024 (Q4 FY24),Refineries,Nifty Oil & Gas,Company,True,True,2099,2102,2101,2024-05-09,-2.6962,2.9042,3.9344,True,-1.2203,12,4,11.257,3,True,2052,13.598,9.6781,6.6471,4.4587,12,11.366,-4.3779,18.499,1,-15.77,73.759,-2.3089,0,72921,True,True,False,False,-2.7683
HINDPETRO,13,Q1 FY25,Apr-Jun 2024,Results for Apr-Jun 2024 (Q1 FY25),Refineries,Nifty Oil & Gas,Company,True,True,2154,2157,2157,2024-07-30,3.7724,2.7416,0.78468,True,1.767,13,4,9.9412,2,True,2121,15.825,7.6627,7.5412,4.0365,13,8.7342,-2.6962,-1.0303,1,-1.4935,70.894,7.6211,0,79528,True,False,False,False,2.1221
HINDPETRO,14,Q2 FY25,Jul-Sep 2024,Results for Jul-Sep 2024 (Q2 FY25),Refineries,Nifty Oil & Gas,Company,True,True,2216,2219,2218,2024-10-25,-7.0967,1.9334,0.056656,True,1.6867,14,4,12.358,3,True,2177,6.4751,7.6592,7.3744,3.8879,14,10.228,3.7724,1.9569,1,-18.539,97.319,1.5315,0,84655,True,True,False,False,2.0761
HINDPETRO,15,Q3 FY25,Oct-Dec 2024,Results for Oct-Dec 2024 (Q3 FY25),Refineries,Nifty Oil & Gas,Company,True,True,2277,2280,2280,2025-01-24,-2.0669,-5.994,-0.77537,True,-5.4087,15,4,5.3255,3,True,2238,0.93448,7.2664,6.2263,3.7538,15,1.9168,-7.0967,1.8767,0,-22.815,6.8417,-7.4652,0,78719,True,True,False,False,-3.2661
HINDUNILVR,5,Q1 FY23,Apr-Jun 2022,Results for Apr-Jun 2022 (Q1 FY23),Diversified,Nifty 500,Company,True,True,1653,1656,1656,2022-07-20,0.31992,1.1538,7.4911,True,-6.5274,5,4,3.2617,3,True,1618,2.287,,,1.1697,5,3.5999,3.2974,9.1348,0,-8.9113,4.2184,23.509,0,6.036e+05,True,True,False,False,-8.1952
HINDZINC,16,Q4 FY25,Jan-Mar 2025,Results for Jan-Mar 2025 (Q4 FY25),Metals,Nifty Metal,Company,True,True,2338,2341,2341,2025-04-28,0.48257,-0.22101,2.0457,True,-2.4568,16,4,7.1657,2,True,2302,-8.3882,3.8595,1.8954,-0.40649,16,0.66901,-4.476,-2.2919,0,-43.977,1.5279,-8.6565,16,1.8972e+05,True,False,False,False,-4.9056
HYUNDAI,20,Q4 FY26,Jan-Mar 2026,Results for Jan-Mar 2026 (Q4 FY26),Automobiles - 4 Wheelers,Nifty Auto,Company,True,True,2594,2597,2596,2026-05-08,1.5447,2.2615,-4.3562,True,6.4276,6,4,4.2719,2,True,2553,4.9073,4.3728,,4.3728,6,0.49156,-0.024905,-1.3827,0,-35.889,8.4716,-12.065,20,1.495e+05,True,False,False,False,5.4038
HYUNDAI,21,Q1 FY27,Apr-Jun 2026,Results for Apr-Jun 2026 (Q1 FY27),Automobiles - 4 Wheelers,Nifty Auto,Company,True,True,2651,2654,2653,2026-07-30,0.99343,11.634,-0.93062,True,12.375,7,4,5.3349,2,True,2616,0.56935,5.9894,,4.6935,7,2.6175,1.5447,6.6176,0,-30.166,-1.6045,10.472,20,1.6266e+05,True,False,False,False,11.488
ICICIGI,14,Q2 FY25,Jul-Sep 2024,Results for Jul-Sep 2024 (Q2 FY25),Insurance,Nifty Financial Services,,True,True,2211,2214,2214,2024-10-21,0.46175,-9.0622,-5.095,True,-4.1571,14,4,5.0722,3,True,2171,5.1356,3.3132,1.1417,0.2542,14,6.4772,0.88022,8.0726,2,-12.057,25.758,5.6434,1,,True,True,False,False,-3.7678
IDEA,4,Q4 FY22,Jan-Mar 2022,Results for Jan-Mar 2022 (Q4 FY22),Telecommunication - Services,Nifty Services Sector,Company,True,True,1603,1606,1606,2022-05-11,-0.12551,5.7804,1.17,True,4.4204,4,4,22.424,2,True,1555,33.021,,,22.424,4,22.261,-4.9382,-0.12482,0,-48.512,-7.0055,-15.749,0,26006,True,False,False,False,5.6803
IDEA,5,Q1 FY23,Apr-Jun 2022,Results for Apr-Jun 2022 (Q1 FY23),Telecommunication - Services,Nifty Services Sector,,True,True,1664,1667,1667,2022-08-04,-3.8108,4.5714,1.574,True,2.8074,5,4,25.919,3,True,1626,19.676,,,18.861,5,24.628,-0.12551,4.6104,0,-47.917,-3.3623,-8.8605,0,29228,True,True,False,False,1.1395
IDEA,6,Q2 FY23,Jul-Sep 2022,Results for Jul-Sep 2022 (Q2 FY23),Telecommunication - Services,Nifty Services Sector,,True,True,1725,1728,1728,2022-11-04,-2.1114,-2.9762,3.2229,True,-6.3891,6,4,15.506,3,True,1687,2.4943,16.217,,16.217,6,3.8039,-3.8108,2.9974,0,-50,-14.563,-15.087,0,,True,True,False,False,-5.9213
IDEA,10,Q2 FY24,Jul-Sep 2023,Results for Jul-Sep 2023 (Q2 FY24),Telecommunication - Services,Nifty Services Sector,Company,True,True,1967,1970,1970,2023-10-27,0.38778,22.477,3.9242,True,18.363,10,4,6.3596,2,True,1941,10.546,5.5077,10.933,12.274,10,-0.71173,-3.2623,37.917,0,-12.8,19.04,28.268,0,,True,False,False,False,15.843
IDEA,11,Q3 FY24,Oct-Dec 2023,Results for Oct-Dec 2023 (Q3 FY24),Telecommunication - Services,Nifty Services Sector,Company,True,True,2031,2034,2034,2024-01-30,-0.36917,9.3103,3.1421,True,5.9782,11,4,12.548,3,True,1990,20.415,7.8314,6.4343,12.845,11,11.664,0.38778,18.553,0,-21.196,80.616,12.023,0,72533,True,True,False,False,4.3201
IDEA,12,Q4 FY24,Jan-Mar 2024,Results for Jan-Mar 2024 (Q4 FY24),Telecommunication - Services,Nifty Services Sector,Company,True,True,2104,2107,2107,2024-05-17,0.4826,26.264,4.4489,True,21.625,12,4,16.854,4,True,2054,20.88,8.3599,7.2209,12.289,12,12.361,-0.36917,6.1682,0,-27.989,66.619,-13.188,0,64501,True,True,False,False,20.077
IDEA,13,Q1 FY25,Apr-Jun 2024,Results for Apr-Jun 2024 (Q1 FY25),Telecommunication - Services,Nifty Services Sector,Company,True,True,2164,2167,2167,2024-08-13,-2.5186,-15.061,3.229,True,-18.48,13,4,21.113,4,True,2127,15.512,13.029,9.3715,13.021,13,20.184,0.4826,21.815,0,-19.343,62.094,8.1078,0,79490,True,True,False,False,-18.125
IDEA,14,Q2 FY25,Jul-Sep 2024,Results for Jul-Sep 2024 (Q2 FY25),Telecommunication - Services,Nifty Services Sector,Company,True,True,2229,2232,2232,2024-11-14,-0.15989,8.8556,4.8254,True,3.8402,14,4,7.0615,3,True,2187,3.231,11.823,6.7105,10.785,14,12.361,-2.5186,-18.29,0,-61.731,-67.568,-49.669,0,53149,True,True,False,False,4.2296
IDEA,19,Q3 FY26,Oct-Dec 2025,Results for Oct-Dec 2025 (Q3 FY26),Telecommunication - Services,Nifty Services Sector,Company,True,True,2526,2529,2529,2026-01-28,0.55601,9.6483,0.32317,True,9.1351,19,4,3.4686,3,True,2496,9.4085,-0.064313,3.4497,8.889,19,3.3855,7.3179,4.3197,2,-22.266,-3.7645,2.1999,0,49556,True,True,False,False,7.7815
IDEA,20,Q4 FY26,Jan-Mar 2026,Results for Jan-Mar 2026 (Q4 FY26),Telecommunication - Services,Nifty Services Sector,Company,True,True,2600,2603,2602,2026-05-18,-0.72226,13.686,1.4343,True,12.062,20,4,9.3877,4,True,2549,11.7,4.5383,3.8443,8.9108,20,6.8224,0.55601,9.3251,2,-3.5259,87.01,20.832,0,63138,True,True,False,False,11.038
IDEA,21,Q1 FY27,Apr-Jun 2026,Results for Apr-Jun 2026 (Q1 FY27),Telecommunication - Services,Nifty Services Sector,Company,True,True,2658,2661,2661,2026-08-11,0.22379,19.628,-3.4186,True,22.856,21,4,11.838,4,True,2622,8.6321,5.9085,2.6488,9.0699,21,10.788,-0.72226,12.252,2,-15.971,95.684,3.739,0,61482,True,True,False,False,21.969
IEX,13,Q1 FY25,Apr-Jun 2024,Results for Apr-Jun 2024 (Q1 FY25),Capital Markets,Nifty Financial Services,Company,True,True,2151,2154,2154,2024-07-25,0.98772,7.3083,1.7088,True,5.4096,13,4,7.6148,4,True,2126,8.3178,2.4916,1.672,-1.5522,13,5.7655,0.76753,15.998,0,-7.8975,17.992,5.518,2,15282,True,True,False,False,5.7647
IEX,14,Q2 FY25,Jul-Sep 2024,Results for Jul-Sep 2024 (Q2 FY25),Capital Markets,Nifty Financial Services,Company,True,True,2215,2218,2218,2024-10-25,-1.0887,-8.0936,0.056656,True,-8.3403,14,4,7.6382,4,True,2174,8.176,2.5135,2.7582,-1.0413,14,5.8122,0.98772,5.5995,0,-26.039,14.094,4.9545,2,15961,True,True,False,False,-7.9509
IEX,15,Q3 FY25,Oct-Dec 2024,Results for Oct-Dec 2024 (Q3 FY25),Capital Markets,Nifty Financial Services,Company,True,True,2277,2280,2280,2025-01-24,1.6103,0.23623,-0.77537,True,0.8216,15,4,4.0944,3,True,2238,4.4824,4.6514,1.5499,-1.5153,15,4.2651,-1.0887,-8.1503,0,-30.716,14.109,-2.8249,2,15162,True,True,False,False,2.9642
IEX,16,Q4 FY25,Jan-Mar 2025,Results for Jan-Mar 2025 (Q4 FY25),Capital Markets,Nifty Financial Services,Company,True,True,2337,2340,2340,2025-04-25,0.67701,2.0997,4.0009,True,-2.0912,16,4,3.6147,3,True,2300,-0.51304,3.9024,0.99282,-1.3573,16,3.3056,1.6103,1.0116,0,-22.054,20.477,7.5267,2,16900,True,True,False,False,-4.54
INDHOTEL,4,Q4 FY22,Jan-Mar 2022,Results for Jan-Mar 2022 (Q4 FY22),Hotels,Nifty 500,Company,True,True,1595,1598,1598,2022-04-28,3.5591,-8.8866,-5.176,True,-3.9007,4,4,3.8649,2,True,1561,-0.15981,,,3.8649,4,1.6729,-2.9752,-1.3006,0,-5.1641,116.46,25.945,1,31013,True,False,False,False,-2.6408
INDHOTEL,6,Q2 FY23,Jul-Sep 2022,Results for Jul-Sep 2022 (Q2 FY23),Hotels,Nifty 500,Company,True,True,1729,1732,1732,2022-11-11,-8.6773,4.6773,0.80056,True,3.6868,6,4,3.607,2,True,1690,3.2605,4.4237,,4.4237,6,1.6729,-1.015,14.793,0,-9.6418,43.986,11.725,1,48826,True,False,False,False,4.1546
INDHOTEL,7,Q3 FY23,Oct-Dec 2022,Results for Oct-Dec 2022 (Q3 FY23),Hotels,Nifty 500,Company,True,True,1786,1789,1789,2023-02-01,8.7978,-3.5813,-0.9389,True,-2.8323,7,4,3.4146,2,True,1752,4.9863,2.4133,,4.3455,7,1.2881,-8.6773,3.8768,0,-6.3897,59.822,-2.0052,1,40687,True,False,True,False,-3.9608
INDHOTEL,8,Q4 FY23,Jan-Mar 2023,Results for Jan-Mar 2023 (Q4 FY23),Hotels,Nifty 500,Company,True,True,1843,1846,1846,2023-04-28,-1.1017,12.061,2.9541,True,8.9173,8,4,3.0792,2,True,1809,5.3424,2.6104,3.472,3.472,8,0.61721,8.7978,-2.6423,1,-2.8367,35.563,14.068,1,48130,True,False,False,False,5.412
INDHOTEL,9,Q1 FY24,Apr-Jun 2023,Results for Apr-Jun 2023 (Q1 FY24),Hotels,Nifty 500,Company,True,True,1906,1909,1909,2023-07-28,1.8109,0.54897,-1.7306,True,2.0896,9,4,6.2836,3,True,1866,3.4472,3.3539,2.6181,4.0982,9,6.492,-1.1017,9.1073,1,-3.5345,37.259,6.7449,1,55701,True,True,False,False,-0.22202
INDHOTEL,12,Q4 FY24,Jan-Mar 2024,Results for Jan-Mar 2024 (Q4 FY24),Hotels,Nifty 500,Company,True,True,2089,2092,2092,2024-04-25,-5.8073,-1.2819,1.7135,True,-3.1855,12,4,8.8404,4,True,2057,8.7515,6.0994,5.9598,5.2615,12,8.7256,0.38142,15.631,0,-7.2691,44.199,15.857,1,83319,True,True,False,False,-4.7335
INDHOTEL,13,Q1 FY25,Apr-Jun 2024,Results for Apr-Jun 2024 (Q1 FY25),Hotels,Nifty 500,Company,True,True,2148,2151,2151,2024-07-22,7.4338,-0.67704,0.77358,True,-1.6406,13,4,5.8147,3,True,2112,6.9931,4.954,6.0492,4.6264,13,5.3117,-5.8073,-2.9955,0,-6.4258,33.933,-6.7637,1,83532,True,True,True,False,-1.2855
INDHOTEL,14,Q2 FY25,Jul-Sep 2024,Results for Jul-Sep 2024 (Q2 FY25),Hotels,Nifty 500,Company,True,True,2225,2228,2228,2024-11-08,7.3918,14.415,1.9126,True,12.313,14,4,4.8822,2,True,2171,3.7283,5.1526,4.0187,4.1923,14,3.4466,7.4338,-1.4506,1,-1.3394,60.98,19.406,1,95083,True,False,True,True,12.702
INDHOTEL,15,Q3 FY25,Oct-Dec 2024,Results for Oct-Dec 2024 (Q3 FY25),Hotels,Nifty 500,Company,True,True,2273,2276,2276,2025-01-20,-3.112,-10.441,-1.7798,True,-8.8515,15,4,5.9219,2,True,2248,2.6856,5.7185,5.097,4.7463,15,5.5261,7.3918,12.503,2,-11.387,60.62,21.552,1,1.155e+05,True,False,False,False,-6.709
INDIANB,15,Q3 FY25,Oct-Dec 2024,Results for Oct-Dec 2024 (Q3 FY25),Banks,Nifty Bank,Bank,True,True,2281,2284,2283,2025-01-29,5.0549,-4.1762,-2.6575,True,-1.7088,15,4,5.1708,3,True,2239,1.6042,6.8431,3.1414,2.2562,15,6.0415,9.967,1.7238,1,-13.901,15.392,-0.91062,15,67153,True,True,True,False,0.43377
INDIANB,18,Q2 FY26,Jul-Sep 2025,Results for Jul-Sep 2025 (Q2 FY26),Banks,Nifty Bank,Bank,True,True,2458,2461,2460,2025-10-16,-1.5818,15.447,1.6734,True,13.583,18,4,3.7003,3,True,2423,4.3591,2.9817,3.9745,2.6067,18,2.6326,5.07,3.5415,3,-4.3303,44.505,18.714,15,1.0347e+05,True,True,False,False,15.676
INDIANB,19,Q3 FY26,Oct-Dec 2025,Results for Oct-Dec 2025 (Q3 FY26),Banks,Nifty Bank,Bank,True,True,2524,2527,2526,2026-01-22,4.9055,3.4123,0.65026,True,2.5721,19,4,6.7126,3,True,2480,9.4564,3.5506,5.9417,3.1944,19,7.298,-1.5818,13.773,2,-1.239,61.563,12.498,15,1.1403e+05,True,True,True,True,1.2184
INDIANB,20,Q4 FY26,Jan-Mar 2026,Results for Jan-Mar 2026 (Q4 FY26),Banks,Nifty Bank,Bank,True,True,2588,2591,2590,2026-04-29,-3.0515,-4.8598,-2.6053,True,-2.4445,20,4,7.7828,4,True,2546,6.6922,5.2227,4.3031,3.1728,20,7.298,4.9055,2.7621,2,-12.524,51.034,3.3746,15,1.2293e+05,True,True,False,False,-3.4684
INDIANB,21,Q1 FY27,Apr-Jun 2026,Results for Apr-Jun 2026 (Q1 FY27),Banks,Nifty Bank,Bank,True,True,2637,2640,2639,2026-07-10,8.7588,2.1592,1.5027,True,0.46652,21,4,4.4555,3,True,2610,4.7602,4.5597,2.7264,2.9143,21,3.1518,-3.0515,-2.2545,2,-13.008,38.717,-9.8434,15,1.0404e+05,True,True,True,False,-0.42034
INDIGO,16,Q4 FY25,Jan-Mar 2025,Results for Jan-Mar 2025 (Q4 FY25),Travel And Transport,Nifty Services Sector,Company,True,True,2355,2358,2358,2025-05-22,1.581,-4.2159,0.74584,True,-5.1517,16,4,4.9433,3,True,2301,6.9711,3.3348,2.891,-1.0552,16,6.3726,1.4743,8.1682,0,-2.8682,18.417,19.223,0,2.154e+05,True,True,False,False,-7.6006
INDIGO,17,Q1 FY26,Apr-Jun 2025,Results for Apr-Jun 2025 (Q1 FY26),Travel And Transport,Nifty Services Sector,Company,True,True,2405,2408,2408,2025-07-31,3.3192,-4.069,-0.57856,True,-3.6805,17,4,3.9879,3,True,2378,3.2525,1.9445,1.8011,-1.285,17,6.3726,1.581,-4.9617,0,-1.7863,33.413,5.5958,0,2.2264e+05,True,True,False,False,-3.7496
INDUSINDBK,19,Q3 FY26,Oct-Dec 2025,Results for Oct-Dec 2025 (Q3 FY26),Banks,Nifty Bank,Bank,True,True,2525,2528,2528,2026-01-27,-0.2483,2.7941,2.1354,True,0.46865,19,4,3.1492,3,True,2482,3.1032,1.122,-0.19218,-0.58842,19,4.6147,0.64663,9.6994,0,-17.652,-15.666,20.905,0,70674,True,True,False,False,-0.88498
INDUSTOWER,8,Q4 FY23,Jan-Mar 2023,Results for Jan-Mar 2023 (Q4 FY23),Telecommunication - Services,Nifty Services Sector,Company,True,True,1842,1845,1845,2023-04-27,0.7242,8.1463,3.2615,True,4.6948,8,4,2.7867,3,True,1805,3.623,1.3318,-1.4863,-1.4863,8,2.1855,-6.1136,11.691,0,-37.267,-36.083,-14.89,0,37419,True,True,False,False,1.1896
INDUSTOWER,9,Q1 FY24,Apr-Jun 2023,Results for Apr-Jun 2023 (Q1 FY24),Telecommunication - Services,Nifty Services Sector,Company,True,True,1906,1909,1909,2023-07-28,-1.0659,-0.80461,-1.7306,True,0.73602,9,4,3.9385,3,True,1865,6.8896,0.56899,0.37369,-0.77838,9,4.489,0.7242,4.8849,0,-24.265,-40.789,3.5061,0,46298,True,True,False,False,-1.5756
INDUSTOWER,10,Q2 FY24,Jul-Sep 2023,Results for Jul-Sep 2023 (Q2 FY24),Telecommunication - Services,Nifty Services Sector,Company,True,True,1966,1969,1969,2023-10-26,-0.93895,9.1951,5.01,True,3.995,10,4,5.3987,4,True,1929,5.8339,2.8263,1.7252,-0.60794,10,4.489,-1.0659,0.92602,0,-17.258,-18.617,3.2522,0,49627,True,True,False,False,1.4748
INDUSTOWER,11,Q3 FY24,Oct-Dec 2023,Results for Oct-Dec 2023 (Q3 FY24),Telecommunication - Services,Nifty Services Sector,Company,True,True,2028,2031,2031,2024-01-24,4.9059,-2.0874,3.5588,True,-5.8362,11,4,5.4217,4,True,1989,3.332,3.4775,1.0656,-0.17222,11,4.535,-0.93895,4.1851,0,-2.5636,11.854,19.771,0,59382,True,True,True,True,-7.4943
INDUSTOWER,21,Q1 FY27,Apr-Jun 2026,Results for Apr-Jun 2026 (Q1 FY27),Telecommunication - Services,Nifty Services Sector,Company,True,True,2648,2651,2651,2026-07-28,-1.453,1.4806,1.4559,True,-0.16527,21,4,3.4258,3,True,2612,6.542,1.1334,0.4613,-0.27392,21,4.8848,-2.8735,9.8563,1,-20.748,-1.4669,-4.6998,0,1.0295e+05,True,True,False,False,-1.0521
INFY,17,Q1 FY26,Apr-Jun 2025,Results for Apr-Jun 2025 (Q1 FY26),Computers - Software,Nifty IT,Company,True,True,2400,2403,2403,2025-07-24,-0.77157,-4.1868,-0.7661,True,-3.6107,17,4,3.339,4,True,2356,3.173,3.2495,3.1199,1.4538,17,3.0544,1.0707,5.2391,0,-22.625,-16.522,0.62999,0,6.5685e+05,True,True,False,False,-3.6798
IOC,12,Q4 FY24,Jan-Mar 2024,Results for Jan-Mar 2024 (Q4 FY24),Refineries,Nifty Oil & Gas,Company,True,True,2093,2096,2095,2024-04-30,-4.2993,-2.2505,0.44172,True,-2.8822,12,4,9.7229,3,True,2051,11.87,6.8189,3.9127,1.8793,12,9.4834,2.2256,21.711,0,-14.202,88.019,11.637,0,2.4225e+05,True,True,False,False,-4.4303
IOC,13,Q1 FY25,Apr-Jun 2024,Results for Apr-Jun 2024 (Q1 FY25),Refineries,Nifty Oil & Gas,Company,True,True,2155,2158,2157,2024-07-30,1.3338,-5.0287,0.78468,True,-6.0034,13,4,8.2292,2,True,2115,11.568,5.2092,4.0913,1.5276,13,6.9489,-4.2993,-2.6922,0,-7.0376,56.868,-6.2695,0,2.4931e+05,True,False,False,False,-5.6483
IOC,14,Q2 FY25,Jul-Sep 2024,Results for Jul-Sep 2024 (Q2 FY25),Refineries,Nifty Oil & Gas,Company,True,True,2217,2220,2219,2024-10-28,-0.16959,-5.455,-0.26398,True,-5.3811,14,4,7.2225,2,True,2177,4.4019,5.0644,4.051,1.0033,14,6.496,1.3338,-5.8134,0,-25.295,40.934,-16.498,0,2.1644e+05,True,False,False,False,-4.9917
IOC,21,Q1 FY27,Apr-Jun 2026,Results for Apr-Jun 2026 (Q1 FY27),Refineries,Nifty Oil & Gas,Company,True,True,2652,2655,2655,2026-08-03,0.91606,-3.1802,-2.8009,True,-0.56934,21,4,3.3644,4,True,2623,4.1603,1.4571,-0.28274,0.83797,21,3.3575,2.5553,5.7382,0,-23.952,-3.8246,-1.7034,0,1.9785e+05,True,True,False,False,-1.4562
JINDALSTEL,7,Q3 FY23,Oct-Dec 2022,Results for Oct-Dec 2022 (Q3 FY23),Steel And Steel Products,Nifty Metal,Company,True,True,1786,1789,1789,2023-02-01,4.4923,-5.8857,-0.9389,True,-5.1368,7,4,6.2291,3,True,1752,2.5414,0.73418,,-0.3322,7,7.5264,3.2814,8.6001,0,-2.3284,59.026,31.981,0,,True,True,True,True,-6.2653
JINDALSTEL,16,Q4 FY25,Jan-Mar 2025,Results for Jan-Mar 2025 (Q4 FY25),Steel And Steel Products,Nifty Metal,Company,True,True,2341,2344,2344,2025-05-02,0.1831,5.6976,1.6594,True,3.8482,16,4,3.3559,3,True,2305,5.008,4.2156,3.0528,1.0719,16,0.48834,-6.887,14.047,0,-18.163,-12.593,-0.10851,0,91821,True,True,False,False,1.3994
JINDALSTEL,17,Q1 FY26,Apr-Jun 2025,Results for Apr-Jun 2025 (Q1 FY26),Steel And Steel Products,Nifty Metal,Company,True,True,2414,2417,2417,2025-08-13,-0.75417,3.9745,2.0092,True,1.7753,17,4,4.7655,4,True,2364,6.1399,3.4499,3.7526,1.2464,17,2.3403,0.1831,4.0382,0,-7.2041,7.7146,3.1032,0,98559,True,True,False,False,1.7062
JINDALSTEL,18,Q2 FY26,Jul-Sep 2025,Results for Jul-Sep 2025 (Q2 FY26),Steel And Steel Products,Nifty Metal,Company,True,True,2465,2468,2468,2025-10-29,-0.72395,-2.7555,0.62045,True,-3.5659,18,4,5.0962,4,True,2437,6.6836,3.2378,3.9121,1.2863,18,3.0018,-0.75417,1.9653,0,-2.4688,10.325,3.9389,0,1.0258e+05,True,True,False,False,-1.4724
JINDALSTEL,19,Q3 FY26,Oct-Dec 2025,Results for Oct-Dec 2025 (Q3 FY26),Steel And Steel Products,Nifty Metal,Company,True,True,2529,2532,2532,2026-02-01,-0.69446,12.904,1.4227,True,11.291,19,4,4.1687,3,True,2488,0.87587,2.9419,2.4111,1.0409,19,3.0018,-0.72395,-3.3759,0,-5.6507,17.324,7.0382,0,1.139e+05,True,True,False,False,9.9375
JSWENERGY,21,Q1 FY27,Apr-Jun 2026,Results for Apr-Jun 2026 (Q1 FY27),Power,Nifty Energy,Company,True,True,2645,2648,2647,2026-07-22,-0.003254,-3.1601,0.34193,True,-3.692,21,4,3.5523,2,True,2618,4.7786,2.8477,1.8189,5.0385,21,4.1355,-5.1203,8.9481,0,-9.0143,10.211,5.1145,15,99698,True,False,False,False,-4.5788
JSWSTEEL,5,Q1 FY23,Apr-Jun 2022,Results for Apr-Jun 2022 (Q1 FY23),Steel And Steel Products,Nifty Metal,Company,True,True,1656,1659,1659,2022-07-25,1.0527,11.272,5.8562,True,5.2262,5,4,2.5596,3,True,1639,5.7086,,,1.076,5,3.0305,-3.6307,11.065,0,-25.886,-20.54,-15.503,0,1.4168e+05,True,True,False,False,3.5583
JSWSTEEL,6,Q2 FY23,Jul-Sep 2022,Results for Jul-Sep 2022 (Q2 FY23),Steel And Steel Products,Nifty Metal,Company,True,True,1717,1720,1720,2022-10-24,0.33499,14.446,3.0258,True,11.23,6,4,5.6355,4,True,1679,5.615,1.7994,,1.7994,6,5.5566,1.0527,5.4162,0,-20.304,-5.2229,0.37885,0,1.5084e+05,True,True,False,False,11.698
JSWSTEEL,7,Q3 FY23,Oct-Dec 2022,Results for Oct-Dec 2022 (Q3 FY23),Steel And Steel Products,Nifty Metal,Company,True,True,1780,1783,1783,2023-01-23,-1.5158,-1.887,-1.6108,True,-0.46626,7,4,7.0662,4,True,1740,9.3003,4.5124,,3.1737,7,8.2404,0.33499,11.42,0,-7.0949,7.8717,14.387,0,1.8412e+05,True,True,False,False,-1.5948
JSWSTEEL,8,Q4 FY23,Jan-Mar 2023,Results for Jan-Mar 2023 (Q4 FY23),Steel And Steel Products,Nifty Metal,Company,True,True,1858,1861,1861,2023-05-22,0.93955,9.516,2.4082,True,6.9178,8,4,6.9061,3,True,1803,5.5199,5.6142,2.7425,2.7425,8,8.2404,-1.5158,-0.27626,0,-10.07,1.3805,-4.8041,0,1.6752e+05,True,True,False,False,3.4126
JSWSTEEL,9,Q1 FY24,Apr-Jun 2023,Results for Apr-Jun 2023 (Q1 FY24),Steel And Steel Products,Nifty Metal,Company,True,True,1902,1905,1904,2023-07-21,-0.4049,1.0554,-1.7797,True,2.6451,9,4,5.9169,3,True,1881,6.0838,5.8494,4.2382,3.2275,9,6.262,0.93955,7.1078,0,-4.4817,10.785,-1.3681,0,1.9006e+05,True,True,False,False,0.33345
JSWSTEEL,10,Q2 FY24,Jul-Sep 2023,Results for Jul-Sep 2023 (Q2 FY24),Steel And Steel Products,Nifty Metal,Company,True,True,1964,1967,1966,2023-10-20,-0.99775,-0.98129,0.77446,True,-1.9458,10,4,5.2716,3,True,1924,3.2222,6.2612,5.4535,3.1883,10,4.9714,-0.4049,2.8351,0,-8.4048,6.4573,-1.5259,0,1.8904e+05,True,True,False,False,-4.466
KALYANKJIL,15,Q3 FY25,Oct-Dec 2024,Results for Oct-Dec 2024 (Q3 FY25),Gems Jewellery And Watches,Nifty Consumer Durables,Company,True,True,2282,2285,2285,2025-01-31,13.059,-8.1197,-5.886,True,-2.4237,15,4,5.6111,3,True,2251,5.1337,7.559,5.7784,3.6394,15,6.6716,-3.4479,6.2998,0,-36.749,33.592,-20.563,15,45173,True,True,True,False,-0.28111
KALYANKJIL,16,Q4 FY25,Jan-Mar 2025,Results for Jan-Mar 2025 (Q4 FY25),Gems Jewellery And Watches,Nifty Consumer Durables,Company,True,True,2346,2349,2349,2025-05-09,2.4123,8.4658,4.1447,True,4.1311,16,4,3.2919,2,True,2305,5.3688,1.8087,5.5808,3.2723,16,2.0331,13.059,-2.2337,1,-34.731,21.021,0.47112,15,51804,True,False,False,False,1.6823
KALYANKJIL,17,Q1 FY26,Apr-Jun 2025,Results for Apr-Jun 2025 (Q1 FY26),Gems Jewellery And Watches,Nifty Consumer Durables,Company,True,True,2411,2414,2414,2025-08-08,-9.6887,-5.2736,2.074,True,-7.5376,17,4,5.1069,3,True,2369,2.7957,4.0887,5.9302,3.334,17,5.3105,2.4123,4.3211,1,-33.606,-3.8575,-3.8861,15,61886,True,True,False,False,-7.6068
KEI,20,Q4 FY26,Jan-Mar 2026,Results for Jan-Mar 2026 (Q4 FY26),Miscellaneous,Nifty 500,Company,True,True,2590,2593,2593,2026-05-05,-0.43412,4.0612,-2.6098,True,6.481,20,4,6.3134,3,True,2546,5.3274,0.49854,1.5979,5.1336,20,4.6916,-2.8338,18.064,0,-5.3705,68.494,30.742,15,47180,True,True,False,False,5.4571
KEI,21,Q1 FY27,Apr-Jun 2026,Results for Apr-Jun 2026 (Q1 FY27),Miscellaneous,Nifty 500,Company,True,True,2653,2656,2656,2026-08-04,10.133,-2.7636,-2.2714,True,-0.68225,21,4,5.6633,3,True,2613,7.5138,2.5487,1.7978,5.2068,21,3.3913,-0.43412,6.671,0,-3.644,42.581,7.1789,15,45883,True,True,True,True,-1.5691
KFINTECH,17,Q1 FY26,Apr-Jun 2025,Results for Apr-Jun 2025 (Q1 FY26),Capital Markets,Nifty Financial Services,Company,True,True,2401,2404,2404,2025-07-25,-4.6186,-4.7226,0.52643,True,-5.4391,10,4,5.9968,2,True,2362,-6.3444,8.3885,9.2935,7.1937,10,2.3479,2.4387,-16.8,1,-29.046,58.269,-8.1101,17,22068,True,False,False,False,-5.5082
LAURUSLABS,4,Q4 FY22,Jan-Mar 2022,Results for Jan-Mar 2022 (Q4 FY22),Pharmaceuticals,Nifty Pharma,Company,True,True,1596,1599,1598,2022-04-28,-2.4903,-1.1103,-5.176,True,3.8756,4,4,5.9487,3,True,1557,4.503,,,5.9487,4,6.5999,-1.1972,12.818,0,-20.981,3.1801,21.238,3,30742,True,True,False,False,5.1355
LAURUSLABS,5,Q1 FY23,Apr-Jun 2022,Results for Apr-Jun 2022 (Q1 FY23),Pharmaceuticals,Nifty Pharma,Company,True,True,1659,1662,1661,2022-07-27,5.1769,10.403,5.5108,True,4.7021,5,4,4.3937,3,True,1618,4.8869,,,5.5721,5,3.4898,-2.4903,4.0656,0,-29.009,-25.641,-6.661,3,26709,True,True,True,False,3.0342
LAURUSLABS,6,Q2 FY23,Jul-Sep 2022,Results for Jul-Sep 2022 (Q2 FY23),Pharmaceuticals,Nifty Pharma,Company,True,True,1717,1720,1719,2022-10-21,-7.6625,-5.9023,3.8,True,-9.8923,6,4,4.8882,3,True,1681,7.2587,5.4588,,5.4588,6,4.4789,5.1769,4.8921,1,-22.361,-19.755,-11.861,3,28402,True,True,False,False,-9.4245
LAURUSLABS,7,Q3 FY23,Oct-Dec 2022,Results for Oct-Dec 2022 (Q3 FY23),Pharmaceuticals,Nifty Pharma,Company,True,True,1785,1788,1787,2023-01-30,-0.26797,-7.7969,-1.4519,True,-6.535,7,4,3.0184,3,True,1739,-0.2482,2.1274,,3.2929,7,4.4789,-7.6625,-9.7023,1,-45.425,-30.122,-22.788,3,18388,True,True,False,False,-7.6635
LAURUSLABS,15,Q3 FY25,Oct-Dec 2024,Results for Oct-Dec 2024 (Q3 FY25),Pharmaceuticals,Nifty Pharma,Company,True,True,2278,2281,2280,2025-01-24,3.4783,-10.935,-0.77537,True,-10.35,15,4,4.5744,3,True,2237,7.3602,4.0024,3.6329,3.4742,15,1.2031,-0.33063,19.674,0,-2.7042,39.406,40.088,3,30777,True,True,False,False,-8.2072
LAURUSLABS,16,Q4 FY25,Jan-Mar 2025,Results for Jan-Mar 2025 (Q4 FY25),Pharmaceuticals,Nifty Pharma,Company,True,True,2338,2341,2340,2025-04-25,-2.22,-4.8909,4.0009,True,-9.0819,16,4,2.9803,3,True,2300,3.5509,-0.14036,3.1561,2.6221,16,1.2031,3.4783,-10.16,0,-5.3336,38.15,4.0433,3,35089,True,True,False,False,-11.531
LAURUSLABS,21,Q1 FY27,Apr-Jun 2026,Results for Apr-Jun 2026 (Q1 FY27),Pharmaceuticals,Nifty Pharma,Company,True,True,2647,2650,2649,2026-07-24,2.5258,12.541,2.0387,True,10.312,21,4,8.6378,3,True,2611,10.282,2.5833,4.539,3.2197,21,3.855,0.2793,28.672,0,-0.54658,100.39,43.502,3,85178,True,True,False,False,9.425
LODHA,15,Q3 FY25,Oct-Dec 2024,Results for Oct-Dec 2024 (Q3 FY25),Construction,Nifty Infrastructure,Company,True,True,2279,2282,2281,2025-01-27,1.4984,10.154,-0.14565,True,10.11,15,4,6.3614,3,True,2239,6.456,4,0.90824,1.0291,15,7.2303,1.7335,15.943,0,-33.119,-8.018,7.5439,15,1.0438e+05,True,True,False,False,12.252
LODHA,16,Q4 FY25,Jan-Mar 2025,Results for Jan-Mar 2025 (Q4 FY25),Construction,Nifty Infrastructure,Company,True,True,2337,2340,2340,2025-04-25,-0.2886,10.267,4.0009,True,6.0765,16,4,7.4169,3,True,2301,7.0949,7.7031,4.9874,1.6085,16,9.3413,1.4984,10.3,0,-20.901,2.9073,9.3222,15,1.3095e+05,True,True,False,False,3.6276
LODHA,17,Q1 FY26,Apr-Jun 2025,Results for Apr-Jun 2025 (Q1 FY26),Construction,Nifty Infrastructure,Company,True,True,2403,2406,2405,2025-07-28,-5.3274,2.7926,0.12621,True,2.4764,17,4,6.8878,3,True,2360,10.836,7.002,5.0708,1.8825,17,8.2831,-0.2886,6.2665,0,-21.411,-15.168,-8.0013,15,1.3229e+05,True,True,False,False,2.4072
LODHA,18,Q2 FY26,Jul-Sep 2025,Results for Jul-Sep 2025 (Q2 FY26),Construction,Nifty Infrastructure,Company,True,True,2467,2470,2470,2025-10-31,2.8641,-5.8185,1.7637,True,-7.7722,18,4,8.7938,4,True,2425,6.4108,6.4334,6.8939,1.926,18,8.2831,-5.3274,2.6663,0,-21.757,4.3017,-6.7431,15,1.1668e+05,True,True,False,False,-5.6787
LODHA,19,Q3 FY26,Oct-Dec 2025,Results for Oct-Dec 2025 (Q3 FY26),Construction,Nifty Infrastructure,Company,True,True,2527,2530,2530,2026-01-29,2.0997,7.4732,0.25021,True,7.033,19,4,2.9126,3,True,2490,0.45021,3.7726,4.637,1.4256,19,4.4664,2.8641,-7.5822,0,-37.858,-21.454,-16.62,15,89895,True,True,False,False,5.6794
LTM,8,Q4 FY23,Jan-Mar 2023,Results for Jan-Mar 2023 (Q4 FY23),Computers - Software,Nifty IT,Company,True,True,1843,1846,1846,2023-04-28,1.4615,12.885,2.9541,True,9.741,8,4,3.5653,3,True,1803,9.7698,2.7347,1.801,1.801,8,6.7785,1.8575,13.286,0,-17.548,-18.44,1.4538,1,1.2392e+05,True,True,False,False,6.2358
LTM,9,Q1 FY24,Apr-Jun 2023,Results for Apr-Jun 2023 (Q1 FY24),Computers - Software,Nifty IT,Company,True,True,1898,1901,1901,2023-07-18,-2.7955,3.9341,-1.4393,True,5.1834,9,4,9.8101,4,True,1866,7.8294,2.6018,4.2074,2.7043,9,11.608,1.4615,9.9311,0,-7.8978,4.6467,3.9754,1,1.4484e+05,True,True,False,False,2.8718
LTM,10,Q2 FY24,Jul-Sep 2023,Results for Jul-Sep 2023 (Q2 FY24),Computers - Software,Nifty IT,Company,True,True,1962,1965,1965,2023-10-19,6.1057,1.1122,0.54574,True,0.37642,10,4,7.2154,4,True,1921,9.53,4.9276,3.9641,2.9712,10,7.6522,-2.7955,5.3734,0,-2.4243,3.3884,10.415,1,1.5281e+05,True,True,True,True,-2.1438
LTM,11,Q3 FY24,Oct-Dec 2023,Results for Oct-Dec 2023 (Q3 FY24),Computers - Software,Nifty IT,Company,True,True,2024,2027,2027,2024-01-18,-10.209,-0.40336,2.6952,True,-3.2886,11,4,7.2891,4,True,1985,5.2903,7.5301,2.6938,2.7526,11,7.6522,6.1057,0.56642,1,-13.024,12.67,-0.41911,1,1.8693e+05,True,True,False,False,-4.9467
LUPIN,20,Q4 FY26,Jan-Mar 2026,Results for Jan-Mar 2026 (Q4 FY26),Pharmaceuticals,Nifty Pharma,Company,True,True,2593,2596,2596,2026-05-08,-2.6576,-5.2532,-4.3562,True,-1.0871,20,4,4.6369,3,True,2562,6.7505,3.0074,3.5515,0.090866,20,4.0063,0.76868,12.239,0,-4.591,16.373,15.381,0,1.0705e+05,True,True,False,False,-2.1109
LUPIN,21,Q1 FY27,Apr-Jun 2026,Results for Apr-Jun 2026 (Q1 FY27),Pharmaceuticals,Nifty Pharma,Company,True,True,2656,2659,2659,2026-08-07,-0.63621,-10.726,-2.7388,True,-8.1768,21,4,4.8386,3,True,2616,5.0199,2.9434,3.5609,0.043822,21,4.0063,-2.6576,-0.89705,0,-6.5626,20.236,-2.3042,0,1.1018e+05,True,True,False,False,-9.0636
M&M,12,Q4 FY24,Jan-Mar 2024,Results for Jan-Mar 2024 (Q4 FY24),Automobiles - 4 Wheelers,Nifty Auto,Company,True,True,2104,2107,2106,2024-05-16,2.1008,20.658,4.4414,True,16.026,12,4,6.3152,4,True,2065,6.3429,2.3517,3.8232,0.27958,12,6.9008,0.18028,11.146,0,-0.92527,67.097,39.193,0,2.5298e+05,True,True,False,False,14.478
M&M,13,Q1 FY25,Apr-Jun 2024,Results for Apr-Jun 2024 (Q1 FY25),Automobiles - 4 Wheelers,Nifty Auto,Company,True,True,2156,2159,2158,2024-07-31,-0.86693,-5.1654,0.80477,True,-6.1602,13,4,8.8113,4,True,2126,9.2252,5.4688,4.1719,1.5055,13,9.3575,2.1008,16.216,0,-3.5076,58.932,24.469,0,3.2696e+05,True,True,False,False,-5.8051
M&M,14,Q2 FY25,Jul-Sep 2024,Results for Jul-Sep 2024 (Q2 FY25),Automobiles - 4 Wheelers,Nifty Auto,Company,True,True,2225,2228,2227,2024-11-07,-0.30932,5.5303,1.7341,True,3.6061,14,4,5.4264,3,True,2178,7.1306,5.9178,3.0446,0.97151,14,5.7297,-0.86693,-5.9702,0,-10.265,70.987,7.4261,0,3.2329e+05,True,True,False,False,3.9955
M&M,15,Q3 FY25,Oct-Dec 2024,Results for Oct-Dec 2024 (Q3 FY25),Automobiles - 4 Wheelers,Nifty Auto,Company,True,True,2289,2292,2291,2025-02-07,2.047,-15.503,-4.6674,True,-11.025,15,4,6.297,3,True,2247,4.6808,5.5118,3.8299,1.1598,15,7.4709,-0.30932,3.7961,0,-2.2045,77.698,9.9505,0,3.5458e+05,True,True,False,False,-8.8829
MANAPPURAM,16,Q4 FY25,Jan-Mar 2025,Results for Jan-Mar 2025 (Q4 FY25),Finance,Nifty Financial Services,NBFC / financial,True,True,2348,2351,2350,2025-05-12,-2.8954,14.758,0.71616,True,13.851,16,4,6.7106,3,True,2316,7.3406,4.6551,3.9946,-1.9407,16,5.4769,-7.755,18.971,0,-6.8134,8.7694,11.176,0,19287,True,True,False,False,11.403
MANAPPURAM,17,Q1 FY26,Apr-Jun 2025,Results for Apr-Jun 2025 (Q1 FY26),Finance,Nifty Financial Services,NBFC / financial,True,True,2412,2415,2415,2025-08-11,-1.6645,12.259,1.5784,True,10.49,17,4,9.0158,3,True,2370,13.049,5.4223,4.9115,-1.0006,17,10.087,-2.8954,14.041,0,-9.9509,26.823,10.486,0,21678,True,True,False,False,10.421
MANAPPURAM,18,Q2 FY26,Jul-Sep 2025,Results for Jul-Sep 2025 (Q2 FY26),Finance,Nifty Financial Services,NBFC / financial,True,True,2467,2470,2470,2025-10-31,-1.3625,4.7866,1.7637,True,2.833,18,4,12.457,4,True,2435,14.564,8.594,6.5815,-0.35162,18,12.361,-1.6645,10.68,0,-9.5638,79.207,1.5593,0,23392,True,True,False,False,4.9265
MANAPPURAM,19,Q3 FY26,Oct-Dec 2025,Results for Oct-Dec 2025 (Q3 FY26),Finance,Nifty Financial Services,NBFC / financial,True,True,2528,2531,2531,2026-01-30,-3.7395,2.951,0.69469,True,2.0663,19,4,11.679,4,True,2490,9.2483,8.2944,5.7796,-0.17401,19,12.361,-1.3625,3.023,0,-11.489,35.487,5.7433,0,24979,True,True,False,False,0.71267
MANAPPURAM,20,Q4 FY26,Jan-Mar 2026,Results for Jan-Mar 2026 (Q4 FY26),Finance,Nifty Financial Services,NBFC / financial,True,True,2590,2593,2593,2026-05-05,1.0468,1.5297,-2.6098,True,3.9495,20,4,7.5003,4,True,2551,5.3199,9.1843,7.1054,-0.052492,20,6.8517,-3.7395,2.2563,0,-4.4621,34.069,8.939,0,25000,True,True,False,False,2.9256
MANAPPURAM,21,Q1 FY27,Apr-Jun 2026,Results for Apr-Jun 2026 (Q1 FY27),Finance,Nifty Financial Services,NBFC / financial,True,True,2659,2662,2662,2026-08-12,-1.9095,-9.2456,-4.1105,True,-5.3251,21,4,5.0248,4,True,2613,3.1396,8.852,7.0203,0.14713,21,3.5812,1.0468,4.1395,0,-7.5875,34.67,9.5547,0,31044,True,True,False,False,-6.2119
MARICO,21,Q1 FY27,Apr-Jun 2026,Results for Apr-Jun 2026 (Q1 FY27),Personal Care,Nifty FMCG,Company,True,True,2654,2657,2657,2026-08-05,-2.6682,-2.6584,-2.8841,True,0.035659,21,4,3.0754,3,True,2613,3.5625,0.69433,-0.72368,-0.078643,21,2.3628,3.2456,3.1115,0,-4.1728,22.221,3.3584,0,1.1318e+05,True,True,False,False,-0.85121
MARUTI,18,Q2 FY26,Jul-Sep 2025,Results for Jul-Sep 2025 (Q2 FY26),Automobiles - 4 Wheelers,Nifty Auto,Company,True,True,2468,2471,2470,2025-10-31,0.47846,-0.54986,1.7637,True,-2.5035,18,4,7.2603,4,True,2428,9.2176,3.8538,3.402,1.4535,18,4.4992,0.26957,18.654,0,-2.8451,34.339,24.789,0,5.0738e+05,True,True,False,False,-0.41005
MARUTI,19,Q3 FY26,Oct-Dec 2025,Results for Oct-Dec 2025 (Q3 FY26),Automobiles - 4 Wheelers,Nifty Auto,Company,True,True,2527,2530,2529,2026-01-28,-3.0787,0.32938,0.32317,True,-0.18379,19,4,6.3348,3,True,2490,6.1735,3.4793,3.6567,1.2552,19,4.4992,0.47846,-2.3135,0,-14.352,15.12,-6.8197,0,4.8634e+05,True,True,False,False,-1.5374
MARUTI,20,Q4 FY26,Jan-Mar 2026,Results for Jan-Mar 2026 (Q4 FY26),Automobiles - 4 Wheelers,Nifty Auto,Company,True,True,2587,2590,2589,2026-04-28,-2.0932,3.6612,-0.36902,True,3.8402,20,4,4.6317,3,True,2549,5.449,4.4557,2.602,1.1928,20,1.0929,-3.0787,0.0062077,0,-25.78,10.579,-13.107,0,4.1023e+05,True,True,False,False,2.8164
MARUTI,21,Q1 FY27,Apr-Jun 2026,Results for Apr-Jun 2026 (Q1 FY27),Automobiles - 4 Wheelers,Nifty Auto,Company,True,True,2652,2655,2655,2026-08-03,-2.1924,-4.2615,-2.8009,True,-1.6506,21,4,5.0943,3,True,2609,0.5743,4.896,3.114,1.3279,21,2.0182,-2.0932,4.0302,0,-18.538,13.835,1.4817,0,4.3852e+05,True,True,False,False,-2.5375
MOTHERSON,13,Q1 FY25,Apr-Jun 2024,Results for Apr-Jun 2024 (Q1 FY25),Auto Ancillaries,Nifty Auto,Company,True,True,2165,2168,2167,2024-08-13,-3.1359,1.7377,3.229,True,-1.6813,13,4,6.7025,2,True,2135,8.1041,5.4692,4.2489,-0.94479,13,0.42175,4.8156,28.527,1,-13.491,59.998,33.023,0,1.2722e+05,True,False,False,False,-1.3262
MOTHERSON,14,Q2 FY25,Jul-Sep 2024,Results for Jul-Sep 2024 (Q2 FY25),Auto Ancillaries,Nifty Auto,Company,True,True,2228,2231,2230,2024-11-12,-3.9542,-0.75284,2.7854,True,-3.7282,14,4,5.7052,1,True,2187,8.4604,4.5551,4.0804,-0.98383,14,-1.5728,-3.1359,-1.4913,1,-23.48,55.991,-7.0542,0,1.1932e+05,True,False,False,False,-3.3389
MOTHERSON,15,Q3 FY25,Oct-Dec 2024,Results for Oct-Dec 2024 (Q3 FY25),Auto Ancillaries,Nifty Auto,Company,True,True,2294,2297,2296,2025-02-14,-2.3298,-0.65762,-0.4141,True,-0.43352,15,4,5.4608,1,True,2250,7.8325,3.6301,3.4732,-1.1541,15,-1.5728,-3.9542,-3.5382,1,-41.836,3.8655,-21.249,0,90508,True,False,False,False,1.709
MOTHERSON,16,Q4 FY25,Jan-Mar 2025,Results for Jan-Mar 2025 (Q4 FY25),Auto Ancillaries,Nifty Auto,Company,True,True,2361,2364,2363,2025-05-29,1.9519,1.5123,2.8808,True,-1.5585,16,4,5.8135,1,True,2316,-1.7577,3.1732,2.9436,-1.0972,16,-0.86742,-2.3298,-0.24352,1,-29.909,2.6075,7.0044,0,1.0437e+05,True,False,False,False,-4.0074
MOTHERSON,19,Q3 FY26,Oct-Dec 2025,Results for Oct-Dec 2025 (Q3 FY26),Auto Ancillaries,Nifty Auto,Company,True,True,2537,2540,2539,2026-02-10,3.7727,-6.2119,-7.9749,True,1.573,19,4,4.5452,2,True,2498,6.1415,2.1919,5.003,0.045742,19,4.7294,3.0176,9.7024,0,-1.8652,37.626,21.794,0,1.2465e+05,True,False,False,False,0.21941
MOTHERSON,20,Q4 FY26,Jan-Mar 2026,Results for Jan-Mar 2026 (Q4 FY26),Auto Ancillaries,Nifty Auto,Company,True,True,2602,2605,2604,2026-05-20,0.34355,9.4651,2.1514,True,7.1237,20,4,5.0469,3,True,2559,7.1853,2.7343,5.4302,0.13161,20,5.7327,3.7727,1.763,0,-2.9232,44.603,7.8946,0,1.3589e+05,True,True,False,False,6.0998
MOTHERSON,21,Q1 FY27,Apr-Jun 2026,Results for Apr-Jun 2026 (Q1 FY27),Auto Ancillaries,Nifty Auto,Company,True,True,2656,2659,2658,2026-08-06,0.37503,4.5161,-3.0953,True,7.4214,21,4,7.2174,4,True,2624,6.2597,4.5429,2.7785,0.47361,21,8.508,0.34355,7.3137,0,-1.8925,51.833,17.566,0,1.5937e+05,True,True,False,False,6.5345
MPHASIS,4,Q4 FY22,Jan-Mar 2022,Results for Jan-Mar 2022 (Q4 FY22),Computers - Software,Nifty IT,Company,True,True,1596,1599,1599,2022-04-29,2.4399,-9.0215,-2.5794,True,-6.6321,4,4,5.5326,4,True,1554,5.8076,,,5.5326,4,4.5987,-0.079338,3.6625,1,-22.312,46.819,-6.1381,0,51885,True,True,False,False,-5.3722
MPHASIS,5,Q1 FY23,Apr-Jun 2022,Results for Apr-Jun 2022 (Q1 FY23),Computers - Software,Nifty IT,Company,True,True,1655,1658,1658,2022-07-22,0.055744,-0.50516,5.132,True,-5.8272,5,4,2.7452,3,True,1619,0.57006,,,3.1377,5,4.0761,2.4399,-6.4421,1,-37.798,-8.9712,-17.165,0,40322,True,True,False,False,-7.4951
MPHASIS,11,Q3 FY24,Oct-Dec 2023,Results for Oct-Dec 2023 (Q3 FY24),Computers - Software,Nifty IT,Company,True,True,2034,2037,2037,2024-02-02,-2.257,2.2283,2.2191,True,-0.18072,11,4,6.4985,4,True,1986,4.7297,1.7886,0.99404,2.4018,11,6.5039,-3.605,7.5076,1,-8.1872,1.5379,2.8081,0,49099,True,True,False,False,-1.8388
MUTHOOTFIN,16,Q4 FY25,Jan-Mar 2025,Results for Jan-Mar 2025 (Q4 FY25),Finance,Nifty Financial Services,NBFC / financial,True,True,2350,2353,2353,2025-05-15,-8.4963,21.43,-0.69388,True,21.933,16,4,3.0595,3,True,2315,4.3811,3.0508,2.1504,0.12894,16,2.6387,6.2424,1.0785,2,-13.604,17.499,-11.978,0,90586,True,True,False,False,19.485
MUTHOOTFIN,17,Q1 FY26,Apr-Jun 2025,Results for Apr-Jun 2025 (Q1 FY26),Finance,Nifty Financial Services,NBFC / financial,True,True,2415,2418,2418,2025-08-14,9.8124,6.5134,1.7778,True,4.5456,17,4,8.8167,4,True,2373,10.356,5.8384,4.5909,1.4227,17,6.0324,-8.4963,22.123,2,-1.5214,44.719,33.502,0,1.0397e+05,True,True,True,True,4.4764
MUTHOOTFIN,18,Q2 FY26,Jul-Sep 2025,Results for Jul-Sep 2025 (Q2 FY26),Finance,Nifty Financial Services,NBFC / financial,True,True,2476,2479,2479,2025-11-14,9.6799,3.0062,0.52837,True,2.2879,18,4,8.9509,4,True,2438,9.3125,6.5162,5.6455,1.6068,18,6.3007,9.8124,4.7356,3,-0.78296,97.202,41.261,0,1.3607e+05,True,True,True,True,4.3813
MUTHOOTFIN,19,Q3 FY26,Oct-Dec 2025,Results for Oct-Dec 2025 (Q3 FY26),Finance,Nifty Financial Services,NBFC / financial,True,True,2539,2542,2542,2026-02-13,-10.52,-6.277,-8.0966,True,1.6296,19,4,7.6039,4,True,2499,9.779,7.08,5.2805,1.6526,19,3.6067,9.6799,2.4779,3,-13.578,52.639,-2.0502,0,1.5585e+05,True,True,False,False,0.27598
MUTHOOTFIN,20,Q4 FY26,Jan-Mar 2026,Results for Jan-Mar 2026 (Q4 FY26),Finance,Nifty Financial Services,NBFC / financial,True,True,2598,2601,2601,2026-05-15,-6.0273,-4.569,0.88989,True,-5.6489,20,4,7.7891,4,True,2562,3.011,6.6835,5.4243,1.661,20,3.6067,-10.52,1.8196,2,-20.198,50.038,-3.7953,0,1.3463e+05,True,True,False,False,-6.6728
NAM-INDIA,20,Q4 FY26,Jan-Mar 2026,Results for Jan-Mar 2026 (Q4 FY26),Capital Markets,Nifty Financial Services,NBFC / financial,True,True,2586,2589,2588,2026-04-27,0.2419,10.71,-0.74296,True,11.263,20,4,5.827,3,True,2551,2.3363,2.3266,3.3734,-0.85321,20,5.3609,2.3016,6.7703,0,-7.0224,56.327,22.994,0,65744,True,True,False,False,10.239
NAM-INDIA,21,Q1 FY27,Apr-Jun 2026,Results for Apr-Jun 2026 (Q1 FY27),Capital Markets,Nifty Financial Services,NBFC / financial,True,True,2645,2648,2648,2026-07-23,-3.1398,11.458,1.5176,True,9.7502,21,4,4.6156,3,True,2608,4.837,3.6507,4.3568,-0.26718,21,5.3609,0.2419,11.453,0,-10.353,36.035,6.3968,0,75502,True,True,False,False,8.8633
NATIONALUM,4,Q4 FY22,Jan-Mar 2022,Results for Jan-Mar 2022 (Q4 FY22),Aluminium,Nifty Metal,Company,True,True,1614,1617,1617,2022-05-26,-1.6474,-26.975,-3.794,True,-23.371,4,4,8.7807,4,True,1565,8.0172,,,8.7807,4,8.782,-0.1407,7.9789,0,-29.879,24.871,-10.635,0,17613,True,True,False,False,-22.111
NATIONALUM,10,Q2 FY24,Jul-Sep 2023,Results for Jul-Sep 2023 (Q2 FY24),Aluminium,Nifty Metal,Company,True,True,1977,1980,1979,2023-11-09,-3.5819,7.7987,8.1159,True,-0.50723,10,4,4.0322,4,True,1940,4.1152,-1.4068,0.75318,2.6682,10,3.0743,-3.9028,2.3654,0,-14.998,19.887,-3.7444,0,17209,True,True,False,False,-3.0275
NATIONALUM,19,Q3 FY26,Oct-Dec 2025,Results for Oct-Dec 2025 (Q3 FY26),Aluminium,Nifty Metal,Company,True,True,2529,2532,2531,2026-01-30,-9.7336,-6.2654,0.69469,True,-7.1501,19,4,4.4297,3,True,2495,3.541,1.8107,-1.1452,0.90542,19,4.928,9.319,2.7602,1,-10.672,78.178,64.7,0,74595,True,True,False,False,-8.5037
NATIONALUM,21,Q1 FY27,Apr-Jun 2026,Results for Apr-Jun 2026 (Q1 FY27),Aluminium,Nifty Metal,Company,True,True,2652,2655,2655,2026-08-03,3.8112,3.3875,-2.8009,True,5.9984,21,4,4.3361,3,True,2611,2.3676,3.6769,1.9009,1.026,21,6.5009,-7.1019,11.303,1,-17.107,86.669,-12.23,0,63309,True,True,False,False,5.1116
NAUKRI,5,Q1 FY23,Apr-Jun 2022,Results for Apr-Jun 2022 (Q1 FY23),Computers - Software,Nifty IT,Company,True,True,1670,1673,1672,2022-08-12,0.49736,-1.5046,2.1014,True,-3.7959,5,4,1.9433,2,True,1639,-2.9603,,,2.1299,5,1.0924,1.1391,8.1471,1,-40.616,-25.605,13.264,1,54605,True,False,False,False,-5.4638
NMDC,7,Q3 FY23,Oct-Dec 2022,Results for Oct-Dec 2022 (Q3 FY23),Mining,Nifty Metal,Company,True,True,1796,1799,1799,2023-02-15,1.504,-4.3129,-5.7186,True,1.2157,7,4,3.1385,3,True,1754,3.0508,0.1735,,-0.23181,7,5.0095,-4.4121,12.466,0,-15.462,-9.2731,13.714,1,34817,True,True,False,False,0.087186
NMDC,9,Q1 FY24,Apr-Jun 2023,Results for Apr-Jun 2023 (Q1 FY24),Mining,Nifty Metal,Company,True,True,1917,1920,1920,2023-08-14,4.3195,14.996,2.8745,True,11.931,9,4,4.7334,3,True,1883,4.1056,2.0674,0.11144,-0.19691,9,4.0114,-0.27348,-1.5552,0,-9.9393,22.468,4.6565,1,33014,True,True,True,False,9.6197
NMDC,10,Q2 FY24,Jul-Sep 2023,Results for Jul-Sep 2023 (Q2 FY24),Mining,Nifty Metal,Company,True,True,1981,1984,1983,2023-11-15,-4.3025,12.986,7.6606,True,5.1353,10,4,6.1095,3,True,1940,3.9906,3.5207,3.9618,1.0349,10,6.7635,4.3195,12.121,1,-4.4994,41.528,41.81,1,50511,True,True,False,False,2.615
OBEROIRLTY,10,Q2 FY24,Jul-Sep 2023,Results for Jul-Sep 2023 (Q2 FY24),Construction,Nifty Infrastructure,Company,True,True,1968,1971,1971,2023-10-30,1.1917,26.21,3.912,True,22.108,10,4,4.1429,3,True,1931,6.2093,3.7116,1.9365,1.5737,10,5.201,-0.90682,3.6755,0,-7.4074,19.909,2.9541,3,39236,True,True,False,False,19.588
OBEROIRLTY,11,Q3 FY24,Oct-Dec 2023,Results for Oct-Dec 2023 (Q3 FY24),Construction,Nifty Infrastructure,Company,True,True,2028,2031,2030,2024-01-23,-7.3946,-3.5335,3.8432,True,-7.5667,11,4,10.232,4,True,1991,11.4,6.7126,5.8471,3.4578,11,7.4763,1.1917,22.298,0,-13.61,44.262,16.135,3,55231,True,True,False,False,-9.2248
OBEROIRLTY,12,Q4 FY24,Jan-Mar 2024,Results for Jan-Mar 2024 (Q4 FY24),Construction,Nifty Infrastructure,Company,True,True,2102,2105,2105,2024-05-15,3.6915,21.872,5.0557,True,16.626,12,4,6.7057,3,True,2050,6.199,5.2489,4.6489,2.5549,12,5.9507,-7.3946,-7.3767,0,-3.3701,46.293,15.384,3,53436,True,True,False,False,15.078
OBEROIRLTY,13,Q1 FY25,Apr-Jun 2024,Results for Apr-Jun 2024 (Q1 FY25),Construction,Nifty Infrastructure,Company,True,True,2148,2151,2151,2024-07-22,4.4382,0.6508,0.77358,True,-0.31279,13,4,8.8534,3,True,2125,10.579,8.3943,6.2144,3.6519,13,10.246,3.6915,16.816,0,-10.704,39.215,14.383,3,62810,True,True,True,False,0.04232
OBEROIRLTY,14,Q2 FY25,Jul-Sep 2024,Results for Jul-Sep 2024 (Q2 FY25),Construction,Nifty Infrastructure,Company,True,True,2211,2214,2214,2024-10-21,3.6096,-3.147,-5.095,True,1.758,14,4,7.9038,2,True,2171,3.1056,7.2528,6.0233,3.3823,14,8.3468,4.4382,-0.12279,1,-3.3725,50.89,13.315,3,73833,True,False,False,False,2.1474
OFSS,12,Q4 FY24,Jan-Mar 2024,Results for Jan-Mar 2024 (Q4 FY24),Computers - Software,Nifty IT,Company,True,True,2089,2092,2092,2024-04-25,-3.6816,5.5907,1.7135,True,3.6872,12,4,7.0069,3,True,2047,9.5113,5.8133,3.4736,2.0439,12,5.134,29.2,18.266,1,-20.835,88.63,1.9758,2,65310,True,True,False,False,2.1392
OFSS,13,Q1 FY25,Apr-Jun 2024,Results for Apr-Jun 2024 (Q1 FY25),Computers - Software,Nifty IT,Company,True,True,2151,2154,2154,2024-07-25,-0.18844,-1.3768,1.7088,True,-3.2755,13,4,8.1028,4,True,2112,8.5997,6.2015,4.5306,2.1849,13,5.2446,-3.6816,3.8772,1,-2.7365,157.05,41.68,2,93641,True,True,False,False,-2.9204
OFSS,14,Q2 FY25,Jul-Sep 2024,Results for Jul-Sep 2024 (Q2 FY25),Computers - Software,Nifty IT,Company,True,True,2215,2218,2218,2024-10-25,2.8211,7.8467,0.056656,True,7.6,14,4,5.6784,3,True,2174,6.3525,4.8032,4.4589,1.8085,14,3.7666,-0.18844,-3.0856,1,-13.717,153.54,0.78027,2,94530,True,True,False,False,7.9894
OFSS,15,Q3 FY25,Oct-Dec 2024,Results for Oct-Dec 2024 (Q3 FY25),Computers - Software,Nifty IT,Company,True,True,2271,2274,2274,2025-01-16,-3.8417,-11.242,-1.1434,True,-10.289,15,4,6.7119,3,True,2238,2.8606,6.1859,5.2392,2.2072,15,5.8336,2.8211,7.79,1,-22.921,127.8,-5.2979,2,94151,True,True,False,False,-8.1462
PATANJALI,16,Q4 FY25,Jan-Mar 2025,Results for Jan-Mar 2025 (Q4 FY25),Food And Food Processing,Nifty FMCG,Company,True,True,2351,2354,2354,2025-05-16,-1.2723,-6.2745,-1.2039,True,-5.2607,16,4,4.3448,3,True,2313,5.3216,2.0812,2.7073,2.1063,16,3.66,-0.079256,-2.3676,0,-11.238,17.673,-9.6759,16,65837,True,True,False,False,-7.7095
PAYTM,16,Q4 FY25,Jan-Mar 2025,Results for Jan-Mar 2025 (Q4 FY25),Internet & E-commerce,Nifty India Digital,Company,True,True,2344,2347,2347,2025-05-07,7.0549,7.5615,0.84295,True,6.5286,14,4,10.515,3,True,2296,11.596,-2.7908,-1.4327,-4.8811,14,15.982,-0.78224,-17.645,2,-17.823,126.55,8.1519,15,53065,True,True,True,False,4.0797
PAYTM,17,Q1 FY26,Apr-Jun 2025,Results for Apr-Jun 2025 (Q1 FY26),Internet & E-commerce,Nifty India Digital,Company,True,True,2399,2402,2402,2025-07-23,1.2779,16.286,-0.53985,True,16.636,15,4,10.376,3,True,2367,5.6049,-1.0344,-0.21529,-4.1078,15,15.705,7.0549,6.7186,2,-1.6391,130.68,14.247,15,63902,True,True,False,False,16.567
PAYTM,18,Q2 FY26,Jul-Sep 2025,Results for Jul-Sep 2025 (Q2 FY26),Internet & E-commerce,Nifty India Digital,Company,True,True,2470,2473,2473,2025-11-06,4.4919,0.60578,2.0543,True,-1.6385,16,4,8.4102,3,True,2422,1.9666,10.934,0.84998,-2.7995,16,11.772,1.2779,16.826,1,-0.98965,70.786,19.299,15,83144,True,True,True,True,0.45493
PAYTM,20,Q4 FY26,Jan-Mar 2026,Results for Jan-Mar 2026 (Q4 FY26),Internet & E-commerce,Nifty India Digital,Company,True,True,2592,2595,2595,2026-05-07,7.8333,-11.041,-3.9461,True,-7.2845,18,4,5.0273,2,True,2551,4.4635,5.0342,7.7713,-2.6793,18,2.635,-2.2331,-1.987,2,-13.345,38.499,5.3403,15,71411,True,False,True,False,-8.3083
PERSISTENT,4,Q4 FY22,Jan-Mar 2022,Results for Jan-Mar 2022 (Q4 FY22),Computers - Software,Nifty IT,Company,True,True,1595,1598,1598,2022-04-28,4.4703,-17.696,-5.176,True,-12.71,4,4,3.7078,3,True,1554,-1.1409,,,3.7078,4,2.5193,2.0804,-8.4612,1,-13.611,109.55,5.4044,2,30626,True,True,True,False,-11.45
PERSISTENT,10,Q2 FY24,Jul-Sep 2023,Results for Jul-Sep 2023 (Q2 FY24),Computers - Software,Nifty IT,Company,True,True,1962,1965,1965,2023-10-19,2.5663,9.1965,0.54574,True,8.4608,10,4,6.7458,3,True,1924,10.55,1.5144,0.49199,2.3917,10,7.7147,-4.66,7.277,1,-3.0829,50.98,14.873,2,44316,True,True,False,False,5.9405
PERSISTENT,11,Q3 FY24,Oct-Dec 2023,Results for Oct-Dec 2023 (Q3 FY24),Computers - Software,Nifty IT,Company,True,True,2027,2030,2030,2024-01-23,5.7455,3.2165,3.8432,True,-0.81672,11,4,10.075,4,True,1985,8.0267,5.0428,1.1595,2.9607,11,8.4016,2.5663,8.6508,1,-5.271,89.016,32.014,2,59718,True,True,True,False,-2.4748
PERSISTENT,17,Q1 FY26,Apr-Jun 2025,Results for Apr-Jun 2025 (Q1 FY26),Computers - Software,Nifty IT,Company,True,True,2400,2403,2403,2025-07-24,-7.0721,3.7688,-0.7661,True,4.3449,17,4,4.9784,4,True,2359,4.5779,3.0964,4.3133,3.0086,17,4.8484,0.20251,7.302,1,-23.787,6.4647,-6.1413,2,90066,True,True,False,False,4.2758
PERSISTENT,18,Q2 FY26,Jul-Sep 2025,Results for Jul-Sep 2025 (Q2 FY26),Computers - Software,Nifty IT,Company,True,True,2456,2459,2459,2025-10-15,6.5363,6.5751,2.316,True,4.0691,18,4,4.5672,4,True,2423,4.9173,3.9567,3.9705,3.0934,18,4.026,-7.0721,4.5349,1,-15.677,7.9247,2.0568,2,83794,True,True,True,False,6.1626
PERSISTENT,19,Q3 FY26,Oct-Dec 2025,Results for Oct-Dec 2025 (Q3 FY26),Computers - Software,Nifty IT,Company,True,True,2522,2525,2525,2026-01-21,-1.2873,-11.551,2.6308,True,-14.372,19,4,4.7527,4,True,2479,5.3654,4.7846,3.4215,3.1548,19,4.397,6.5363,4.2591,1,-5.4099,-6.2364,9.4507,2,1.0014e+05,True,True,False,False,-15.725
PETRONET,16,Q4 FY25,Jan-Mar 2025,Results for Jan-Mar 2025 (Q4 FY25),Gas,Nifty Oil & Gas,Company,True,True,2353,2356,2356,2025-05-20,-0.19839,-6.2184,0.68668,True,-7.0951,16,4,3.1568,3,True,2302,3.6969,1.3464,0.086387,0.030242,16,4.0744,-7.0766,6.6122,1,-17.543,-6.9574,-2.1214,1,47970,True,True,False,False,-9.544
PFC,8,Q4 FY23,Jan-Mar 2023,Results for Jan-Mar 2023 (Q4 FY23),Financial Institution,Nifty 500,NBFC / financial,True,True,1864,1867,1866,2023-05-29,1.722,14.659,0.49762,True,13.971,8,4,7.3881,2,True,1818,10.48,3.0077,2.0643,2.0643,8,7.7333,0.69735,17.354,0,-1.7752,45.647,12.18,1,45040,True,False,False,False,10.466
PFC,9,Q1 FY24,Apr-Jun 2023,Results for Apr-Jun 2023 (Q1 FY24),Financial Institution,Nifty 500,NBFC / financial,True,True,1917,1920,1920,2023-08-14,-0.03217,7.1388,2.8745,True,4.0743,9,4,11.4,3,True,1886,17.35,6.4838,4.1415,3.4083,9,15.757,1.722,14.161,0,-4.6062,110.65,51.552,1,71295,True,True,False,False,1.7626
PFC,10,Q2 FY24,Jul-Sep 2023,Results for Jul-Sep 2023 (Q2 FY24),Financial Institution,Nifty 500,NBFC / financial,True,True,1976,1979,1979,2023-11-09,5.4651,38.695,8.1159,True,30.389,10,4,14.079,4,True,1940,11.926,7.9963,4.5589,3.4939,10,15.757,-0.03217,4.2643,0,-1.1408,189.33,29.754,1,86050,True,True,True,True,27.868
PFC,11,Q3 FY24,Oct-Dec 2023,Results for Oct-Dec 2023 (Q3 FY24),Financial Institution,Nifty 500,NBFC / financial,True,True,2039,2042,2041,2024-02-08,0.87325,-9.4654,3.4815,True,-13.137,11,4,16.59,4,True,1999,16.335,13.407,9.2182,5.9562,11,15.757,5.4651,30.579,1,-1.936,306.26,66.086,1,1.4982e+05,True,True,False,False,-14.795
PFC,12,Q4 FY24,Jan-Mar 2024,Results for Jan-Mar 2024 (Q4 FY24),Financial Institution,Nifty 500,NBFC / financial,True,True,2107,2110,2109,2024-05-21,0.55583,6.4272,4.3808,True,1.8564,12,4,9.0143,3,True,2061,7.2987,12.324,8.2012,4.3809,12,9.2126,0.87325,-12.947,1,-3.378,227.29,4.9058,1,1.5448e+05,True,True,False,False,0.30839
PFC,13,Q1 FY25,Apr-Jun 2024,Results for Apr-Jun 2024 (Q1 FY25),Financial Institution,Nifty 500,NBFC / financial,True,True,2160,2163,2162,2024-08-06,-4.5567,17.14,5.0272,True,11.922,13,4,5.9856,3,True,2129,6.5594,9.2429,8.6929,4.2013,13,3.1553,0.55583,2.0464,1,-18.267,105.23,4.8762,1,1.7368e+05,True,True,False,False,12.278
PFC,14,Q2 FY25,Jul-Sep 2024,Results for Jul-Sep 2024 (Q2 FY25),Financial Institution,Nifty 500,NBFC / financial,True,True,2226,2229,2228,2024-11-08,-2.5159,15.076,1.9126,True,12.973,14,4,7.9477,3,True,2182,0.40399,8.3693,11.013,4.7664,14,7.0794,-4.5567,12.112,1,-22.517,47.949,-9.3368,1,1.543e+05,True,True,False,False,13.362
PFC,15,Q3 FY25,Oct-Dec 2024,Results for Oct-Dec 2024 (Q3 FY25),Financial Institution,Nifty 500,NBFC / financial,True,True,2292,2295,2294,2025-02-12,-0.32434,3.8786,-2.8121,True,6.5006,15,4,3.5938,3,True,2248,9.1073,8.203,10.092,5.3262,15,7.0794,-2.5159,13.163,0,-35.543,-18.622,-16.803,1,1.3086e+05,True,True,False,False,8.6432
PFC,16,Q4 FY25,Jan-Mar 2025,Results for Jan-Mar 2025 (Q4 FY25),Financial Institution,Nifty 500,NBFC / financial,True,True,2355,2358,2357,2025-05-21,1.0629,-3.7921,-0.0056421,True,-3.9765,16,4,8.5031,4,True,2314,10.655,8.6074,8.7587,5.4115,16,9.4015,-0.32434,6.6906,0,-28.845,-17.233,2.7191,1,1.3834e+05,True,True,False,False,-6.4253
PFC,17,Q1 FY26,Apr-Jun 2025,Results for Apr-Jun 2025 (Q1 FY26),Financial Institution,Nifty 500,NBFC / financial,True,True,2410,2413,2412,2025-08-06,0.84982,-5.1353,0.67876,True,-6.0041,17,4,7.0449,3,True,2377,5.3558,2.8799,6.5153,4.8704,17,9.4015,1.0629,-3.7865,0,-26.598,-20.425,5.3768,1,1.3654e+05,True,True,False,False,-6.0732
PGEL,17,Q1 FY26,Apr-Jun 2025,Results for Apr-Jun 2025 (Q1 FY26),Consumer Durables,Nifty Consumer Durables,Company,True,True,2412,2415,2414,2025-08-08,-19.146,-3.8298,2.074,True,-6.0938,17,4,12.088,3,True,2371,8.6339,9.2184,9.4747,10.053,17,15.611,-2.5301,-12.017,1,-44.147,35.944,-29.601,17,21287,True,True,False,False,-6.163
PGEL,18,Q2 FY26,Jul-Sep 2025,Results for Jul-Sep 2025 (Q2 FY26),Consumer Durables,Nifty Consumer Durables,Company,True,True,2476,2479,2479,2025-11-14,3.2142,-1.9028,0.52837,True,-2.6212,18,4,4.9995,2,True,2434,-3.0495,11.378,7.1038,9.166,18,1.4343,-19.146,-5.9038,0,-45.162,-20.631,6.3991,17,14996,True,False,False,False,-0.52768
PHOENIXLTD,16,Q4 FY25,Jan-Mar 2025,Results for Jan-Mar 2025 (Q4 FY25),Construction,Nifty Infrastructure,Company,True,True,2341,2344,2344,2025-05-02,-7.6933,-0.013008,1.6594,True,-1.8624,16,4,9.049,4,True,2305,6.3887,6.961,7.0865,3.4347,16,9.4936,1.5535,0.17882,0,-25.68,-10.661,-3.0523,16,58444,True,True,False,False,-4.3112
PHOENIXLTD,17,Q1 FY26,Apr-Jun 2025,Results for Apr-Jun 2025 (Q1 FY26),Construction,Nifty Infrastructure,Company,True,True,2401,2404,2404,2025-07-25,6.2707,4.0632,0.52643,True,3.3467,17,4,4.3734,3,True,2364,4.6294,6.8649,5.8892,3.1343,17,1.8922,-7.6933,-1.6724,0,-22.464,-20.759,-8.7515,16,52685,True,True,True,False,3.2776
PHOENIXLTD,18,Q2 FY26,Jul-Sep 2025,Results for Jul-Sep 2025 (Q2 FY26),Construction,Nifty Infrastructure,Company,True,True,2468,2471,2471,2025-11-03,3.6373,-0.87604,1.0435,True,-2.1096,18,4,4.3562,3,True,2424,0.68106,6.3434,5.4538,3.1566,18,1.8578,6.2707,3.5367,1,-8.1756,13.457,13.671,16,61061,True,True,False,False,-0.016108
PIIND,4,Q4 FY22,Jan-Mar 2022,Results for Jan-Mar 2022 (Q4 FY22),Pesticides And Agrochemicals,Nifty Commodities,Company,True,True,1608,1611,1611,2022-05-18,4.4294,-1.2487,-3.3752,True,1.9366,4,4,3.0982,3,True,1563,1.5687,,,3.0982,4,5.1098,2.7398,3.7211,2,-25.688,-12.437,9.3756,0,36206,True,True,True,False,3.1964
PIIND,5,Q1 FY23,Apr-Jun 2022,Results for Apr-Jun 2022 (Q1 FY23),Pesticides And Agrochemicals,Nifty Commodities,Company,True,True,1664,1667,1667,2022-08-04,3.7319,3.9707,1.574,True,2.2067,5,4,1.7082,3,True,1631,4.1154,,,2.9039,5,2.9239,4.4294,2.1266,3,-11.159,-14.731,16.005,0,46870,True,True,False,False,0.53883
PIIND,6,Q2 FY23,Jul-Sep 2022,Results for Jul-Sep 2022 (Q2 FY23),Pesticides And Agrochemicals,Nifty Commodities,Company,True,True,1728,1731,1730,2022-11-09,10.156,-4.3064,2.2223,True,-6.7187,6,4,3.6857,4,True,1687,2.7481,2.8193,,2.8193,6,3.0589,3.7319,2.3967,2,-2.0211,28.762,10.929,0,50195,True,True,True,True,-6.2508
PNB,7,Q3 FY23,Oct-Dec 2022,Results for Oct-Dec 2022 (Q3 FY23),Banks,Nifty Bank,Bank,True,True,1785,1788,1787,2023-01-30,-0.4502,-5.1282,-1.4519,True,-3.8663,7,4,7.014,3,True,1745,13.302,1.7173,,1.4648,7,7.6767,-6.7184,24.552,0,-18.226,30.506,20.891,0,59129,True,True,False,False,-4.9948
PNB,8,Q4 FY23,Jan-Mar 2023,Results for Jan-Mar 2023 (Q4 FY23),Banks,Nifty Bank,Bank,True,True,1858,1861,1860,2023-05-19,1.2461,4.67,3.4202,True,1.0598,8,4,9.0573,3,True,1807,10.576,3.3015,0.82221,0.82221,8,7.6767,-0.4502,-3.6763,0,-20.564,52.747,-4.3262,0,54284,True,True,False,False,-2.4455
PNB,9,Q1 FY24,Apr-Jun 2023,Results for Apr-Jun 2023 (Q1 FY24),Banks,Nifty Bank,Bank,True,True,1905,1908,1907,2023-07-26,3.5398,-0.47505,-1.98,True,1.3149,9,4,8.2442,3,True,1880,7.3752,4.2716,0.98468,0.86972,9,6.0504,1.2461,1.2498,0,-3.0698,78.804,14.642,0,68378,True,True,False,False,-0.99672
PNB,10,Q2 FY24,Jul-Sep 2023,Results for Jul-Sep 2023 (Q2 FY24),Banks,Nifty Bank,Bank,True,True,1967,1970,1969,2023-10-26,1.8889,9.592,5.01,True,4.392,10,4,5.9077,3,True,1927,-0.30719,6.4973,2.8205,0.93324,10,1.3774,3.5398,1.5049,0,-16.347,69.829,19.258,0,76692,True,True,False,False,1.8717
PNB,12,Q4 FY24,Jan-Mar 2024,Results for Jan-Mar 2024 (Q4 FY24),Banks,Nifty Bank,Bank,True,True,2099,2102,2101,2024-05-09,-0.57649,1.4327,3.9344,True,-2.6917,12,4,6.4372,4,True,2052,8.1663,7.7708,7.7473,2.6939,12,3.0434,2.7229,18.412,0,-14.521,108.68,-0.44238,0,1.3466e+05,True,True,False,False,-4.2398
PNB,13,Q1 FY25,Apr-Jun 2024,Results for Apr-Jun 2024 (Q1 FY25),Banks,Nifty Bank,Bank,True,True,2154,2157,2156,2024-07-29,5.8724,-8.6929,0.7314,True,-9.6143,13,4,5.4993,3,True,2121,6.8308,3.2618,6.8717,2.2942,13,3.0434,-0.57649,-2.5017,0,-11.127,77.091,-17.702,0,1.2962e+05,True,True,True,False,-9.2592
POLICYBZR,15,Q3 FY25,Oct-Dec 2024,Results for Oct-Dec 2024 (Q3 FY25),Internet & E-commerce,Nifty India Digital,Company,True,True,2282,2285,2285,2025-01-31,3.1555,-15.242,-5.886,True,-9.5461,12,4,13.911,4,True,2246,13.597,10.446,9.5045,4.216,12,12.53,0.18209,28.007,2,-23.147,83.699,4.3871,15,74991,True,True,False,False,-7.4035
POLICYBZR,16,Q4 FY25,Jan-Mar 2025,Results for Jan-Mar 2025 (Q4 FY25),Internet & E-commerce,Nifty India Digital,Company,True,True,2351,2354,2354,2025-05-16,-1.0407,7.6415,-1.2039,True,8.6554,13,4,7.8588,3,True,2305,9.6186,8.7135,7.1425,3.172,13,6.3922,3.1555,-9.3561,1,-21.839,32.634,-4.4112,15,78721,True,True,False,False,6.2065
POLICYBZR,17,Q1 FY26,Apr-Jun 2025,Results for Apr-Jun 2025 (Q1 FY26),Internet & E-commerce,Nifty India Digital,Company,True,True,2406,2409,2409,2025-08-01,-0.90217,2.5493,0.058008,True,2.3013,14,4,9.4253,3,True,2374,9.1654,9.1891,7.7705,3.5772,14,9.5252,-1.0407,8.8453,1,-20.74,23.472,11.364,15,82210,True,True,False,False,2.2321
POLICYBZR,18,Q2 FY26,Jul-Sep 2025,Results for Jul-Sep 2025 (Q2 FY26),Internet & E-commerce,Nifty India Digital,Company,True,True,2466,2469,2469,2025-10-30,7.7025,-1.3879,1.2563,True,-2.8342,15,4,7.4969,3,True,2429,0.66018,7.1287,7.9522,3.5048,15,5.6683,-0.90217,2.4913,0,-17.909,5.9117,-1.2185,15,80341,True,True,True,False,-0.74073
POLYCAB,10,Q2 FY24,Jul-Sep 2023,Results for Jul-Sep 2023 (Q2 FY24),Electrical Equipment,Nifty India Manufacturing,Company,True,True,1962,1965,1964,2023-10-18,-1.6524,-1.3074,0.47837,True,-1.9758,10,4,4.6034,3,True,1921,9.9413,2.9601,2.9208,2.4244,10,5.4038,5.2621,19.016,2,-2.8196,92.393,29.721,2,81180,True,True,False,False,-4.4961
POLYCAB,11,Q3 FY24,Oct-Dec 2023,Results for Oct-Dec 2023 (Q3 FY24),Electrical Equipment,Nifty India Manufacturing,Company,True,True,2025,2028,2027,2024-01-18,0.43532,5.2739,2.6952,True,2.3887,11,4,7.0095,3,True,1984,6.8505,2.67,1.6414,2.0416,11,5.4038,-1.6524,-1.7858,2,-22.622,46.146,-26.014,2,65115,True,True,False,False,0.73053
POLYCAB,13,Q1 FY25,Apr-Jun 2024,Results for Apr-Jun 2024 (Q1 FY25),Electrical Equipment,Nifty India Manufacturing,Company,True,True,2147,2150,2149,2024-07-18,-1.924,1.8635,-1.0471,True,2.7206,13,4,6.358,3,True,2122,2.1386,6.0399,3.0277,2.3584,13,4.1007,5.6229,5.6229,2,-10.628,44.462,12.411,2,1.0018e+05,True,True,False,False,3.0757
POLYCAB,21,Q1 FY27,Apr-Jun 2026,Results for Apr-Jun 2026 (Q1 FY27),Electrical Equipment,Nifty India Manufacturing,Company,True,True,2641,2644,2643,2026-07-16,-1.1504,0.88985,1.3422,True,-0.64233,21,4,7.9932,4,True,2614,9.6136,3.303,2.359,2.3587,21,5.2722,-0.29901,19.23,0,-8.9966,42.229,18.932,2,1.4351e+05,True,True,False,False,-1.5292
POWERGRID,5,Q1 FY23,Apr-Jun 2022,Results for Apr-Jun 2022 (Q1 FY23),Power,Nifty Energy,Company,True,True,1667,1670,1670,2022-08-10,0.66598,-0.26846,1.7029,True,-2.1614,5,4,2.1153,2,True,1634,5.5845,,,1.4591,5,1.8906,-1.6265,-1.9477,0,-10.006,19.958,-16.18,1,1.5402e+05,True,False,False,False,-3.8292
POWERGRID,6,Q2 FY23,Jul-Sep 2022,Results for Jul-Sep 2022 (Q2 FY23),Power,Nifty Energy,Company,True,True,1727,1730,1729,2022-11-07,0.34529,-1.9737,2.4169,True,-4.5806,6,4,3.6955,2,True,1690,0.60325,0.88737,,0.88737,6,1.8906,0.66598,-1.9714,0,-8.1941,19.915,-2.7173,1,1.5908e+05,True,False,False,False,-4.1128
POWERINDIA,20,Q4 FY26,Jan-Mar 2026,Results for Jan-Mar 2026 (Q4 FY26),Electrical Equipment,Nifty India Manufacturing,Company,True,True,2605,2608,2608,2026-05-26,1.5013,-5.6813,0.45142,True,-6.3228,20,4,7.9376,3,True,2557,7.218,2.8837,2.6662,3.4247,20,7.6944,13.719,21.521,2,-2.0544,129.68,60.103,18,1.6257e+05,True,True,False,False,-7.3466
POWERINDIA,21,Q1 FY27,Apr-Jun 2026,Results for Apr-Jun 2026 (Q1 FY27),Electrical Equipment,Nifty India Manufacturing,Company,True,True,2657,2660,2660,2026-08-10,10.529,-11.858,-3.2731,True,-8.7754,21,4,3.8803,2,True,2628,6.8935,3.8077,1.6633,2.9695,21,0.066542,1.5013,-6.1327,2,-7.0517,80.143,5.9517,18,1.445e+05,True,False,True,False,-9.6623
PRESTIGE,15,Q3 FY25,Oct-Dec 2024,Results for Oct-Dec 2024 (Q3 FY25),Construction,Nifty Infrastructure,Company,True,True,2282,2285,2285,2025-01-31,0.16404,-17.131,-5.886,True,-11.435,15,4,5.5422,4,True,2241,6.9565,9.5456,9.8536,6.0608,15,1.8463,3.0915,1.1229,0,-34.476,3.9497,-14.044,15,54746,True,True,False,False,-9.2928
RBLBANK,8,Q4 FY23,Jan-Mar 2023,Results for Jan-Mar 2023 (Q4 FY23),Banks,Nifty Bank,Bank,True,True,1845,1848,1847,2023-05-02,-4.9074,5.4334,2.6791,True,2.5642,8,4,2.9491,2,True,1803,3.9916,1.5923,0.83828,0.83828,8,3.7593,-1.9177,-3.4968,1,-18.331,21.311,-3.9878,0,9553.5,True,False,False,False,-0.94103
RECLTD,9,Q1 FY24,Apr-Jun 2023,Results for Apr-Jun 2023 (Q1 FY24),Financial Institution,Nifty 500,NBFC / financial,True,True,1905,1908,1908,2023-07-27,9.04,27.152,-2.0046,True,28.967,9,4,4.9677,3,True,1879,4.4865,2.4242,0.18125,-0.25936,9,5.0066,-2.4198,13.948,1,-0.39693,81.586,40.7,0,45542,True,True,True,True,26.655
RECLTD,10,Q2 FY24,Jul-Sep 2023,Results for Jul-Sep 2023 (Q2 FY24),Financial Institution,Nifty 500,NBFC / financial,True,True,1971,1974,1973,2023-11-01,-1.1775,23.281,6.0245,True,17.066,10,4,10.654,3,True,1928,13.005,8.0695,4.6837,2.6822,10,8.7753,9.04,29.157,2,-5.4646,192.08,43.24,0,73309,True,True,False,False,14.546
RECLTD,11,Q3 FY24,Oct-Dec 2023,Results for Oct-Dec 2023 (Q3 FY24),Financial Institution,Nifty 500,NBFC / financial,True,True,2028,2031,2030,2024-01-23,-3.9763,4.4278,3.8432,True,0.39462,11,4,14.068,3,True,1993,20.12,11.047,7.6197,4.0072,11,15.602,-1.1775,17.256,2,-9.8029,233.48,46.067,0,1.1892e+05,True,True,False,False,-1.2635
RECLTD,12,Q4 FY24,Jan-Mar 2024,Results for Jan-Mar 2024 (Q4 FY24),Financial Institution,Nifty 500,NBFC / financial,True,True,2093,2096,2095,2024-04-30,9.7059,12.146,0.44172,True,11.515,12,4,15.236,4,True,2050,15.666,10.076,8.2823,3.7219,12,15.602,-3.9763,0.58462,1,-3.2157,278.34,2.0052,0,1.2034e+05,True,True,True,True,9.9666
RECLTD,13,Q1 FY25,Apr-Jun 2024,Results for Apr-Jun 2024 (Q1 FY25),Financial Institution,Nifty 500,NBFC / financial,True,True,2154,2157,2156,2024-07-29,2.9827,-4.2274,0.7314,True,-5.1488,13,4,14.675,4,True,2115,9.8485,11.427,9.8216,4.336,13,14.48,9.7059,11.705,2,-1.4373,272.49,30.273,0,1.601e+05,True,True,False,False,-4.7937
RECLTD,14,Q2 FY25,Jul-Sep 2024,Results for Jul-Sep 2024 (Q2 FY25),Financial Institution,Nifty 500,NBFC / financial,True,True,2217,2220,2219,2024-10-28,2.4259,0.51562,-0.26398,True,0.5896,14,4,6.1467,3,True,2176,2.4434,11.282,8.4003,3.6721,14,6.1446,2.9827,-4.9588,1,-19.931,61.931,-16.763,0,1.3727e+05,True,True,False,False,0.97898
RELIANCE,7,Q3 FY23,Oct-Dec 2022,Results for Oct-Dec 2022 (Q3 FY23),Refineries,Nifty Oil & Gas,Company,True,True,1780,1783,1783,2023-01-23,-1.0098,0.15635,-1.6108,True,1.5771,7,4,2.8839,4,True,1740,3.579,0.98649,,1.4575,7,1.5965,-0.54495,0.087278,0,-14.91,-3.6587,-4.1853,0,1.6744e+06,True,True,False,False,0.44864
RELIANCE,8,Q4 FY23,Jan-Mar 2023,Results for Jan-Mar 2023 (Q4 FY23),Refineries,Nifty Oil & Gas,Company,True,True,1839,1842,1842,2023-04-24,-0.29406,4.0946,3.4075,True,0.49711,8,4,3.126,4,True,1803,1.4162,1.2663,1.4962,1.4962,8,2.0807,-1.0098,1.7671,0,-17.441,-10.623,-3.1567,0,1.5914e+06,True,True,False,False,-3.0082
SAIL,11,Q3 FY24,Oct-Dec 2023,Results for Oct-Dec 2023 (Q3 FY24),Steel And Steel Products,Nifty Metal,Company,True,True,2041,2044,2044,2024-02-13,-4.5803,10.098,2.7247,True,7.1828,11,4,5.6982,4,True,2001,4.4513,4.0251,2.7175,-1.4507,11,5.7253,1.0733,4.6598,0,-21.433,17.154,20.318,1,57435,True,True,False,False,5.5247
SBICARD,16,Q4 FY25,Jan-Mar 2025,Results for Jan-Mar 2025 (Q4 FY25),Finance,Nifty Financial Services,NBFC / financial,True,True,2337,2340,2340,2025-04-25,-5.5125,4.4897,4.0009,True,0.29874,16,4,4.7289,3,True,2303,7.5241,2.1714,3.2634,-0.082398,16,4.7499,-0.59368,13.072,0,-6.7802,9.9571,9.3551,3,87125,True,True,False,False,-2.1501
SBICARD,17,Q1 FY26,Apr-Jun 2025,Results for Apr-Jun 2025 (Q1 FY26),Finance,Nifty Financial Services,NBFC / financial,True,True,2402,2405,2405,2025-07-28,-5.1565,-2.5564,0.12621,True,-2.8727,17,4,5.7652,4,True,2360,6.5723,3.2736,1.4997,-0.048801,17,4.7499,-5.5125,0.48874,0,-18.511,11.479,-6.1192,3,85199,True,True,False,False,-2.9418
SBICARD,18,Q2 FY26,Jul-Sep 2025,Results for Jul-Sep 2025 (Q2 FY26),Finance,Nifty Financial Services,NBFC / financial,True,True,2463,2466,2466,2025-10-27,-3.6928,-3.0417,-0.31291,True,-2.9188,18,4,4.2586,3,True,2425,3.6262,2.787,1.3543,-0.19513,18,3.3222,-5.1565,-2.6827,0,-12.31,20.512,-1.9134,3,89130,True,True,False,False,-0.82536
SBILIFE,19,Q3 FY26,Oct-Dec 2025,Results for Oct-Dec 2025 (Q3 FY26),Insurance,Nifty Financial Services,,True,True,2527,2530,2529,2026-01-28,0.071207,1.4465,0.32317,True,0.93337,19,4,2.9414,3,True,2485,5.1897,0.71737,1.491,0.13403,19,3.3471,-0.32454,8.8748,1,-2.6735,29.934,10.288,0,,True,True,False,False,-0.42026
SBILIFE,20,Q4 FY26,Jan-Mar 2026,Results for Jan-Mar 2026 (Q4 FY26),Insurance,Nifty Financial Services,,True,True,2583,2586,2586,2026-04-23,-2.1672,2.3303,-1.8771,True,4.0174,20,4,4.1731,4,True,2549,4.8035,0.26631,0.79292,0.1835,20,3.3471,0.071207,1.1234,1,-14.254,13.642,-6.3231,0,,True,True,False,False,2.9935
SBILIFE,21,Q1 FY27,Apr-Jun 2026,Results for Apr-Jun 2026 (Q1 FY27),Insurance,Nifty Financial Services,,True,True,2647,2650,2649,2026-07-24,0.7031,-3.5349,2.0387,True,-5.7636,21,4,4.6545,4,True,2606,4.7352,2.8494,1.2044,0.37511,21,4.3099,-2.1672,4.2074,0,-12.824,7.3426,3.3463,0,,True,True,False,False,-6.6505
SHREECEM,9,Q1 FY24,Apr-Jun 2023,Results for Apr-Jun 2023 (Q1 FY24),Cement And Cement Products,Nifty Commodities,Company,True,True,1905,1908,1907,2023-07-26,2.0063,-1.7092,-1.98,True,0.080753,9,4,4.8818,4,True,1882,4.8467,1.0962,0.91506,0.95555,9,5.1377,1.031,2.2239,0,-10.257,-0.07811,-9.7272,1,83839,True,True,False,False,-2.2309
SHRIRAMFIN,17,Q1 FY26,Apr-Jun 2025,Results for Apr-Jun 2025 (Q1 FY26),Finance,Nifty Financial Services,Company,True,True,2402,2405,2404,2025-07-25,-1.8956,0.8119,0.52643,True,0.095463,17,4,3.89,3,True,2361,2.7199,1.6533,2.4591,1.0768,17,5.8845,-6.27,4.369,2,-15.689,10.952,-3.0789,0,1.2299e+05,True,True,False,False,0.026334
SHRIRAMFIN,19,Q3 FY26,Oct-Dec 2025,Results for Oct-Dec 2025 (Q3 FY26),Finance,Nifty Financial Services,Company,True,True,2525,2528,2527,2026-01-23,0.76001,5.5553,2.0863,True,3.279,19,4,6.8743,4,True,2490,5.5325,4.6314,2.7685,1.6071,19,7.6343,2.0445,11.943,0,-2.15,82.654,44.67,0,1.8547e+05,True,True,False,False,1.9253
SHRIRAMFIN,20,Q4 FY26,Jan-Mar 2026,Results for Jan-Mar 2026 (Q4 FY26),Finance,Nifty Financial Services,Company,True,True,2585,2588,2587,2026-04-24,1.3362,-4.8799,0.55967,True,-5.6295,20,4,5.0166,4,True,2547,5.2325,3.9762,3.0281,1.7002,20,3.919,0.76001,3.4689,0,-8.7274,46,7.6991,0,1.9652e+05,True,True,False,False,-6.6534
SIEMENS,5,Q1 FY23,Apr-Jun 2022,Results for Apr-Jun 2022 (Q1 FY23),Electrical Equipment,Nifty India Manufacturing,,True,True,1663,1666,1666,2022-08-03,-4.7094,12.267,1.5968,True,10.481,5,4,2.6955,3,True,1628,5.2238,,,1.6222,5,0.26615,1.2444,0.43162,1,-7.1172,23.555,12.037,0,95914,True,True,False,False,8.8127
SIEMENS,7,Q3 FY23,Oct-Dec 2022,Results for Oct-Dec 2022 (Q3 FY23),Electrical Equipment,Nifty India Manufacturing,Company,True,True,1796,1799,1799,2023-02-15,2.8628,1.0652,-5.7186,True,6.5938,7,4,3.8319,4,True,1762,5.0756,4.2629,,3.2723,7,2.2781,-1.5077,4.1246,0,-0.57419,29.894,14.315,0,,True,True,False,False,5.4653
SIEMENS,8,Q4 FY23,Jan-Mar 2023,Results for Jan-Mar 2023 (Q4 FY23),Electrical Equipment,Nifty India Manufacturing,Company,True,True,1852,1855,1855,2023-05-12,2.3783,-5.9753,1.3574,True,-7.5226,8,4,5.5027,4,True,1819,7.193,6.2084,3.7113,3.7113,8,5.4542,2.8628,6.7838,0,-1.2023,63.99,23.301,0,,True,True,False,False,-11.028
SOLARINDS,15,Q3 FY25,Oct-Dec 2024,Results for Oct-Dec 2024 (Q3 FY25),Chemicals - Speciality,Nifty Commodities,Company,True,True,2287,2290,2289,2025-02-05,-0.80372,-2.7647,-4.8598,True,1.9051,15,4,7.2102,4,True,2251,6.1514,10.692,7.1091,5.4145,15,6.8794,-1.9487,2.1785,0,-27.404,41.227,-2.2385,15,86068,True,True,False,False,4.0477
SOLARINDS,16,Q4 FY25,Jan-Mar 2025,Results for Jan-Mar 2025 (Q4 FY25),Chemicals - Speciality,Nifty Commodities,Company,True,True,2354,2357,2356,2025-05-20,-0.52039,27.178,0.68668,True,26.301,16,4,5.1373,4,True,2309,2.5485,6.8947,7.7341,5.207,16,2.7752,-0.80372,2.0951,0,-5.9279,45.791,46.014,15,1.2693e+05,True,True,False,False,23.852
SOLARINDS,17,Q1 FY26,Apr-Jun 2025,Results for Apr-Jun 2025 (Q1 FY26),Chemicals - Speciality,Nifty Commodities,Company,True,True,2411,2414,2413,2025-08-07,-0.87525,-6.4514,0.71962,True,-7.361,17,4,8.5341,4,True,2376,10.255,9.5712,11.592,6.4591,17,2.7752,-0.52039,26.491,0,-16.409,42.026,13.411,15,1.3503e+05,True,True,False,False,-7.4301
SOLARINDS,18,Q2 FY26,Jul-Sep 2025,Results for Jul-Sep 2025 (Q2 FY26),Chemicals - Speciality,Nifty Commodities,Company,True,True,2473,2476,2475,2025-11-10,-1.5449,-7.2425,1.5101,True,-8.9426,18,4,5.8984,3,True,2433,7.1384,6.6449,7.5861,5.7018,18,2.1368,-0.87525,-7.171,0,-24.764,23.704,-14.773,15,1.2105e+05,True,True,False,False,-6.8491
SOLARINDS,19,Q3 FY26,Oct-Dec 2025,Results for Oct-Dec 2025 (Q3 FY26),Chemicals - Speciality,Nifty Commodities,Company,True,True,2532,2535,2534,2026-02-03,1.9527,5.2925,-4.8471,True,9.9497,19,4,3.1656,2,True,2495,3.5225,3.0355,5.1879,4.9411,19,-2.538,-1.5449,-8.7526,0,-22.598,37.015,-2.4597,15,1.1944e+05,True,False,False,False,8.5961
SOLARINDS,20,Q4 FY26,Jan-Mar 2026,Results for Jan-Mar 2026 (Q4 FY26),Chemicals - Speciality,Nifty Commodities,Company,True,True,2599,2602,2601,2026-05-15,4.089,-0.2137,0.88989,True,-1.2936,20,4,5.1768,2,True,2554,-1.928,4.1635,5.157,5.201,20,1.4843,1.9527,10.14,0,-2.8395,29.894,37.912,15,1.4287e+05,True,False,True,True,-2.3174
SONACOMS,20,Q4 FY26,Jan-Mar 2026,Results for Jan-Mar 2026 (Q4 FY26),Auto Ancillaries,Nifty Auto,Company,True,True,2589,2592,2592,2026-05-04,-5.7441,6.2386,-2.6359,True,8.6845,19,4,5.9162,3,True,2547,5.2888,2.668,2.4422,2.9665,19,5.7392,-1.8173,14.577,0,-6.2785,26.516,21.292,15,37229,True,True,False,False,7.6606
SONACOMS,21,Q1 FY27,Apr-Jun 2026,Results for Apr-Jun 2026 (Q1 FY27),Auto Ancillaries,Nifty Auto,Company,True,True,2646,2649,2649,2026-07-24,0.17786,13.88,2.0387,True,11.651,20,4,6.1852,3,True,2612,9.0437,5.3271,2.851,3.2619,20,6.2773,-5.7441,8.8744,0,-3.1956,63.504,26.637,15,45566,True,True,False,False,10.764
SRF,5,Q1 FY23,Apr-Jun 2022,Results for Apr-Jun 2022 (Q1 FY23),Textiles - Synthetic,Nifty India Consumption,,True,True,1655,1658,1658,2022-07-22,-2.9472,5.4616,5.132,True,0.13951,5,4,6.1672,3,True,1625,4.4321,,,2.7339,5,7.5265,-4.618,9.2757,0,-17.409,39.862,-4.5394,0,69124,True,True,False,False,-1.5284
SRF,6,Q2 FY23,Jul-Sep 2022,Results for Jul-Sep 2022 (Q2 FY23),Textiles - Synthetic,Nifty India Consumption,Company,True,True,1728,1731,1730,2022-11-09,-1.1808,-0.75067,2.2223,True,-3.163,6,4,3.4064,3,True,1678,2.6162,2.3331,,2.3331,6,3.0534,-2.9472,0.32951,0,-16.539,11.791,-7.0158,0,,True,True,False,False,-2.6951
SRF,17,Q1 FY26,Apr-Jun 2025,Results for Apr-Jun 2025 (Q1 FY26),Textiles - Synthetic,Nifty India Consumption,Company,True,True,2400,2403,2402,2025-07-23,1.1669,-8.7754,-0.53985,True,-8.4256,17,4,3.5358,4,True,2371,3.4295,1.2858,2.62,1.847,17,3.6422,-1.4732,3.4474,1,-3.9699,33.493,1.071,0,92791,True,True,False,False,-8.4947
SUPREMEIND,15,Q3 FY25,Oct-Dec 2024,Results for Oct-Dec 2024 (Q3 FY25),Plastic And Plastic Products,Nifty 500,Company,True,True,2274,2277,2276,2025-01-20,-4.9473,-6.3813,-1.7798,True,-4.7915,15,4,5.906,2,True,2235,9.1881,7.5342,7.8249,2.7401,15,1.055,-8.6739,6.0502,1,-37.742,-8.9317,-14.449,15,54866,True,False,False,False,-2.6489
SUPREMEIND,16,Q4 FY25,Jan-Mar 2025,Results for Jan-Mar 2025 (Q4 FY25),Plastic And Plastic Products,Nifty 500,Company,True,True,2337,2340,2339,2025-04-24,-0.067484,11.462,2.5012,True,8.7705,16,4,5.7407,2,True,2296,-1.3142,1.0484,5.1317,2.2813,16,0.72438,-4.9473,-4.6015,0,-45.639,-26.597,-16.549,15,44750,True,False,False,False,6.3217
SUPREMEIND,18,Q2 FY26,Jul-Sep 2025,Results for Jul-Sep 2025 (Q2 FY26),Plastic And Plastic Products,Nifty 500,Company,True,True,2464,2467,2466,2025-10-27,-0.73246,-14.337,-0.31291,True,-14.214,18,4,5.122,3,True,2423,4.8125,7.0003,3.1662,3.0855,18,7.5054,3.27,10.079,0,-22.414,-24.442,-9.306,15,52738,True,True,False,False,-12.12
SUPREMEIND,20,Q4 FY26,Jan-Mar 2026,Results for Jan-Mar 2026 (Q4 FY26),Plastic And Plastic Products,Nifty 500,Company,True,True,2586,2589,2588,2026-04-27,-0.039815,-3.2906,-0.74296,True,-2.7376,20,4,4.9717,3,True,2545,3.6421,3.5559,5.3562,2.8194,20,9.5195,-0.41436,14.871,0,-22.085,5.1891,14.496,15,46720,True,True,False,False,-3.7614
SUZLON,17,Q1 FY26,Apr-Jun 2025,Results for Apr-Jun 2025 (Q1 FY26),Electrical Equipment,Nifty India Manufacturing,Company,True,True,2414,2417,2417,2025-08-13,-4.8949,-5.4157,2.0092,True,-7.6149,17,4,6.6594,2,True,2384,-2.8403,6.0213,7.7298,4.4935,17,0.44153,9.597,-9.4039,3,-29.823,-22.147,0.45449,17,86311,True,False,False,False,-7.684
SWIGGY,19,Q3 FY26,Oct-Dec 2025,Results for Oct-Dec 2025 (Q3 FY26),Internet & E-commerce,Nifty India Digital,Company,True,True,2528,2531,2531,2026-01-30,-5.0766,-0.87166,0.69469,True,-1.7564,5,4,2.9935,2,True,2490,4.887,,,4.5929,5,2.9094,-1.3122,-6.9594,0,-34.652,-41.91,-23.251,19,72442,True,False,False,False,-3.11
TATACONSUM,4,Q4 FY22,Jan-Mar 2022,Results for Jan-Mar 2022 (Q4 FY22),Food And Food Processing,Nifty FMCG,Company,True,True,1599,1602,1602,2022-05-05,-3.3852,-2.3314,-0.32759,True,-2.1938,4,4,4.3279,3,True,1562,4.0985,,,4.3279,4,5.1013,0.65032,-1.7455,0,-12.671,3.5517,10.534,0,75917,True,True,False,False,-0.934
TATACONSUM,5,Q1 FY23,Apr-Jun 2022,Results for Apr-Jun 2022 (Q1 FY23),Food And Food Processing,Nifty FMCG,Company,True,True,1668,1671,1671,2022-08-11,-2.8716,6.7296,1.5706,True,4.969,5,4,2.5729,2,True,1622,0.47909,,,3.0615,5,1.7206,-3.3852,-2.0038,0,-12.998,-9.7608,-7.0319,0,72327,True,False,False,False,3.3011
TATAELXSI,19,Q3 FY26,Oct-Dec 2025,Results for Oct-Dec 2025 (Q3 FY26),Computers - Software,Nifty IT,Company,True,True,2518,2521,2521,2026-01-14,-4.7123,-9.6095,0.55171,True,-10.351,19,4,2.6578,2,True,2476,1.4479,0.49099,0.33149,2.8716,19,2.1811,-3.3809,-3.913,0,-18.263,-23.61,1.1182,15,35451,True,False,False,False,-11.705
TATAPOWER,4,Q4 FY22,Jan-Mar 2022,Results for Jan-Mar 2022 (Q4 FY22),Power,Nifty Energy,Company,True,True,1601,1604,1604,2022-05-09,-5.5324,0.9783,1.6421,True,-0.85385,4,4,3.7806,3,True,1567,-0.35966,,,3.7806,4,3.6125,0.57315,2.1627,0,-22.832,118.95,0.093292,0,78276,True,True,False,False,0.40599
TATAPOWER,11,Q3 FY24,Oct-Dec 2023,Results for Oct-Dec 2023 (Q3 FY24),Power,Nifty Energy,Company,True,True,2040,2043,2043,2024-02-12,-6.989,14.225,3.3151,True,10.719,11,4,10.152,4,True,1999,13.156,6.408,4.9934,4.8097,11,8.5603,-2.4781,22.348,0,-12.4,55.11,32.597,0,1.2627e+05,True,True,False,False,9.0613
TATAPOWER,12,Q4 FY24,Jan-Mar 2024,Results for Jan-Mar 2024 (Q4 FY24),Power,Nifty Energy,Company,True,True,2098,2101,2101,2024-05-09,-3.4065,4.3652,3.9344,True,0.24076,12,4,12.594,4,True,2063,15.069,7.8374,6.0867,5.318,12,11.43,-6.989,10.909,0,-10.922,82.568,4.0958,0,1.4262e+05,True,True,False,False,-1.3073
TATAPOWER,13,Q1 FY25,Apr-Jun 2024,Results for Apr-Jun 2024 (Q1 FY25),Power,Nifty Energy,Company,True,True,2160,2163,2163,2024-08-07,-2.7366,-2.1845,3.4884,True,-5.8629,13,4,11.41,4,True,2121,11.229,8.6578,6.2235,4.9421,13,11.43,-3.4065,0.43076,0,-8.6412,52.936,-10.037,0,1.4711e+05,True,True,False,False,-5.5078
TATAPOWER,14,Q2 FY25,Jul-Sep 2024,Results for Jul-Sep 2024 (Q2 FY25),Power,Nifty Energy,Company,True,True,2219,2222,2222,2024-10-31,3.6129,-5.3517,0.29208,True,-5.8337,14,4,7.0038,3,True,2183,1.8891,7.5226,5.2227,4.1838,14,5.6701,-2.7366,-5.673,0,-11.074,57.698,-2.0225,0,1.3604e+05,True,True,False,False,-5.4444
TECHM,4,Q4 FY22,Jan-Mar 2022,Results for Jan-Mar 2022 (Q4 FY22),Computers - Software,Nifty IT,Company,True,True,1606,1609,1609,2022-05-16,-1.5284,-11.53,-0.4286,True,-11.292,4,4,4.161,3,True,1561,5.6973,,,4.161,4,3.5843,-2.67,3.4136,1,-35.307,14.023,-8.9822,0,1.0732e+05,True,True,False,False,-10.032
TECHM,10,Q2 FY24,Jul-Sep 2023,Results for Jul-Sep 2023 (Q2 FY24),Computers - Software,Nifty IT,Company,True,True,1966,1969,1969,2023-10-26,-0.9524,8.5571,5.01,True,3.3571,10,4,6.0542,3,True,1928,8.8165,2.324,2.6391,3.0588,10,8.0113,-3.189,10.151,0,-15.496,1.7634,0.63409,0,1.0309e+05,True,True,False,False,0.83681
TECHM,11,Q3 FY24,Oct-Dec 2023,Results for Oct-Dec 2023 (Q3 FY24),Computers - Software,Nifty IT,Company,True,True,2029,2032,2032,2024-01-25,-5.6287,0.015125,4.0281,True,-4.203,11,4,7.4992,4,True,1989,6.5232,4.7655,2.6131,3.1032,11,8.0113,-0.9524,3.5471,0,-6.6547,8.562,5.2888,0,1.2213e+05,True,True,False,False,-5.8611
TECHM,16,Q4 FY25,Jan-Mar 2025,Results for Jan-Mar 2025 (Q4 FY25),Computers - Software,Nifty IT,Company,True,True,2337,2340,2340,2025-04-25,2.0176,9.5349,4.0009,True,5.344,16,4,3.3182,4,True,2296,3.8581,2.1345,3.6037,2.7122,16,3.3512,0.25124,0.85424,1,-19.124,13.937,-15.288,0,1.2176e+05,True,True,False,False,2.8951
TECHM,17,Q1 FY26,Apr-Jun 2025,Results for Apr-Jun 2025 (Q1 FY26),Computers - Software,Nifty IT,Company,True,True,2395,2398,2398,2025-07-17,-2.3499,-4.9242,-1.9121,True,-3.2021,17,4,4.277,4,True,2360,3.7974,2.4656,3.5614,2.8782,17,5.2689,2.0176,5.5339,0,-13.498,1.4101,14.377,0,1.3951e+05,True,True,False,False,-3.2713
TITAN,4,Q4 FY22,Jan-Mar 2022,Results for Jan-Mar 2022 (Q4 FY22),Gems Jewellery And Watches,Nifty Consumer Durables,Company,True,True,1599,1602,1601,2022-05-04,-1.7541,-4.0328,-0.92849,True,-3.2943,4,4,3.7222,4,True,1562,4.7938,,,3.7222,4,4.1327,1.6806,6.1159,0,-17.271,39.571,1.3736,0,2.1824e+05,True,True,False,False,-2.0345
TITAN,5,Q1 FY23,Apr-Jun 2022,Results for Apr-Jun 2022 (Q1 FY23),Gems Jewellery And Watches,Nifty Consumer Durables,Company,True,True,1667,1670,1669,2022-08-08,-0.1518,7.3459,1.5615,True,5.5944,5,4,2.8192,3,True,1621,1.7883,,,2.3569,5,4.1327,-1.7541,-3.1043,0,-11.599,28.184,7.3117,0,2.1517e+05,True,True,False,False,3.9265
TITAN,6,Q2 FY23,Jul-Sep 2022,Results for Jul-Sep 2022 (Q2 FY23),Gems Jewellery And Watches,Nifty Consumer Durables,Company,True,True,1726,1729,1729,2022-11-07,-1.4891,-4.5431,2.4169,True,-7.15,6,4,2.7873,3,True,1689,2.932,2.9282,,2.9282,6,4.0689,-0.1518,5.7844,0,-1.7718,12.409,8.7709,0,2.4223e+05,True,True,False,False,-6.6822
TORNTPHARM,6,Q2 FY23,Jul-Sep 2022,Results for Jul-Sep 2022 (Q2 FY23),Pharmaceuticals,Nifty Pharma,Company,True,True,1717,1720,1720,2022-10-24,-1.2791,3.4167,3.0258,True,0.20089,6,4,5.0753,3,True,1684,2.0631,2.2309,,2.2309,6,3.3613,-1.2656,-0.53346,1,-4.9689,5.7414,-1.2181,0,53400,True,True,False,False,0.66872
TRENT,4,Q4 FY22,Jan-Mar 2022,Results for Jan-Mar 2022 (Q4 FY22),Miscellaneous,Nifty 500,Company,True,True,1595,1598,1598,2022-04-28,-1.1516,-12.833,-5.176,True,-7.847,4,4,4.1528,3,True,1568,5.2469,,,4.1528,4,3.8739,0.9175,11.835,1,-8.9914,38.879,8.6922,1,43991,True,True,False,False,-6.5871
TRENT,5,Q1 FY23,Apr-Jun 2022,Results for Apr-Jun 2022 (Q1 FY23),Miscellaneous,Nifty 500,Company,True,True,1669,1672,1671,2022-08-11,1.4954,4.4883,1.5706,True,2.7277,5,4,2.021,2,True,1618,0.40208,,,1.7908,5,1.953,-1.1516,-7.657,1,-1.4378,37.022,17.967,1,46878,True,False,False,False,1.0598
TRENT,7,Q3 FY23,Oct-Dec 2022,Results for Oct-Dec 2022 (Q3 FY23),Miscellaneous,Nifty 500,Company,True,True,1792,1795,1795,2023-02-09,8.4419,-0.067058,-2.6856,True,2.4286,7,4,2.26,3,True,1752,-0.93168,2.1576,,1.9737,7,2.431,-5.3084,1.9442,0,-14.31,24.752,-2.9503,1,43730,True,True,True,False,1.3001
TRENT,9,Q1 FY24,Apr-Jun 2023,Results for Apr-Jun 2023 (Q1 FY24),Miscellaneous,Nifty 500,Company,True,True,1915,1918,1917,2023-08-09,4.0145,16.771,0.48134,True,16.1,9,4,4.2416,4,True,1866,4.683,3.5241,3.1313,2.8801,9,2.7681,-1.8896,9.4861,1,-1.0241,23.436,14.211,1,60072,True,True,True,True,13.788
TRENT,10,Q2 FY24,Jul-Sep 2023,Results for Jul-Sep 2023 (Q2 FY24),Miscellaneous,Nifty 500,Company,True,True,1975,1978,1977,2023-11-07,8.5698,18.311,7.889,True,10.232,10,4,7.5846,4,True,1937,9.4648,4.2665,4.3078,4.221,10,6.0523,4.0145,16.29,2,-1.0612,48.678,43.074,1,78086,True,True,True,True,7.7113
TRENT,11,Q3 FY24,Oct-Dec 2023,Results for Oct-Dec 2023 (Q3 FY24),Miscellaneous,Nifty 500,Company,True,True,2038,2041,2040,2024-02-07,18.858,6.7859,1.9416,True,4.6543,11,4,9.704,4,True,1997,12.066,7.2797,5.982,4.7847,11,9.9538,8.5698,10.422,3,-0.74834,177.31,35.819,1,1.0762e+05,True,True,True,True,2.9962
TRENT,12,Q4 FY24,Jan-Mar 2024,Results for Jan-Mar 2024 (Q4 FY24),Miscellaneous,Nifty 500,Company,True,True,2092,2095,2094,2024-04-29,-0.78178,6.9957,1.0809,True,5.7248,12,4,10.26,4,True,2060,10.518,7.6007,5.1082,4.7897,12,9.9538,18.858,4.8443,3,-4.4496,184.1,28.32,1,1.5369e+05,True,True,False,False,4.1768
TRENT,13,Q1 FY25,Apr-Jun 2024,Results for Apr-Jun 2024 (Q1 FY25),Miscellaneous,Nifty 500,Company,True,True,2163,2166,2165,2024-08-09,10.146,13.725,2.3347,True,11.2,13,4,9.3676,4,True,2114,7.0602,8.2625,6.8046,4.8762,13,8.1682,-0.78178,5.9148,3,-1.5454,246.16,29.86,1,1.9455e+05,True,True,True,True,11.556
TRENT,14,Q2 FY25,Jul-Sep 2024,Results for Jul-Sep 2024 (Q2 FY25),Miscellaneous,Nifty 500,Company,True,True,2225,2228,2227,2024-11-07,-5.3062,6.8281,1.7341,True,4.9039,14,4,8.1428,4,True,2185,7.3832,9.7245,7.8637,5.3415,14,8.1682,10.146,11.39,3,-22.043,170.34,14.92,1,2.4772e+05,True,True,False,False,5.2933
TRENT,15,Q3 FY25,Oct-Dec 2024,Results for Oct-Dec 2024 (Q3 FY25),Miscellaneous,Nifty 500,Company,True,True,2288,2291,2290,2025-02-06,-7.8313,-5.2538,-4.4521,True,-0.99169,15,4,6.8109,4,True,2247,7.4664,8.9925,8.2574,5.325,15,5.5044,-5.3062,5.0939,2,-36.763,65.913,-16.42,1,2.0442e+05,True,True,False,False,1.1509
TRENT,16,Q4 FY25,Jan-Mar 2025,Results for Jan-Mar 2025 (Q4 FY25),Miscellaneous,Nifty 500,Company,True,True,2340,2343,2343,2025-04-30,-4.0548,9.3668,2.0523,True,7.1246,16,4,5.3994,3,True,2310,5.2276,6.1439,7.8299,4.9421,16,5.5044,-7.8313,-0.8017,1,-38.017,13.897,-11.169,1,1.829e+05,True,True,False,False,4.6757
TRENT,17,Q1 FY26,Apr-Jun 2025,Results for Apr-Jun 2025 (Q1 FY26),Miscellaneous,Nifty 500,Company,True,True,2410,2413,2413,2025-08-07,-1.0788,0.22627,0.71962,True,-0.68335,17,4,5.7493,3,True,2363,3.8689,5.6261,7.5585,5.0817,17,6.2043,-4.0548,7.3146,1,-36.447,-3.0589,-1.209,1,1.866e+05,True,True,False,False,-0.75248
TRENT,18,Q2 FY26,Jul-Sep 2025,Results for Jul-Sep 2025 (Q2 FY26),Miscellaneous,Nifty 500,Company,True,True,2472,2475,2475,2025-11-10,-7.7474,-4.5101,1.5101,True,-6.2102,18,4,2.7784,2,True,2433,2.0065,4.7364,5.4606,4.772,18,2.3003,-1.0788,-0.49335,0,-42.831,-45.305,-24.098,1,1.6568e+05,True,False,False,False,-4.1168
TVSMOTOR,6,Q2 FY23,Jul-Sep 2022,Results for Jul-Sep 2022 (Q2 FY23),Automobiles - 2 And 3 Wheelers,Nifty Auto,Company,True,True,1726,1729,1729,2022-11-07,-0.59841,-6.4525,2.4169,True,-9.0594,6,4,7.0988,3,True,1683,3.3409,1.3725,,1.3725,6,10.039,2.951,5.0373,1,-5.4508,64.237,15.256,0,52974,True,True,False,False,-8.5916
TVSMOTOR,8,Q4 FY23,Jan-Mar 2023,Results for Jan-Mar 2023 (Q4 FY23),Automobiles - 2 And 3 Wheelers,Nifty Auto,Company,True,True,1847,1850,1850,2023-05-05,4.9495,7.4571,2.574,True,4.6931,8,4,5.2467,3,True,1805,1.9819,4.884,1.1429,1.1429,8,7.4076,6.743,9.7778,1,-1.6195,73.537,15.154,0,55014,True,True,True,True,1.1878
TVSMOTOR,11,Q3 FY24,Oct-Dec 2023,Results for Oct-Dec 2023 (Q3 FY24),Automobiles - 2 And 3 Wheelers,Nifty Auto,Company,True,True,2029,2032,2032,2024-01-25,-2.5187,9.0078,4.0281,True,4.7897,11,4,7.8596,4,True,1992,7.2202,4.6011,4.0739,2.8004,11,7.367,-0.79859,11.821,2,-7.9589,76.167,9.8553,0,95583,True,True,False,False,3.1316
TVSMOTOR,12,Q4 FY24,Jan-Mar 2024,Results for Jan-Mar 2024 (Q4 FY24),Automobiles - 2 And 3 Wheelers,Nifty Auto,Company,True,True,2098,2101,2101,2024-05-09,4.9,16.214,3.9344,True,12.09,12,4,6.6601,4,True,2052,7.2524,4.5915,5.9534,2.982,12,4.9679,-2.5187,4.9797,1,-10.8,56.242,1.0956,0,97721,True,True,True,False,10.542
TVSMOTOR,13,Q1 FY25,Apr-Jun 2024,Results for Apr-Jun 2024 (Q1 FY25),Automobiles - 2 And 3 Wheelers,Nifty Auto,Company,True,True,2160,2163,2162,2024-08-06,-0.32145,11.945,5.0272,True,6.7281,13,4,8.5093,4,True,2121,9.6937,8.1164,5.6082,3.6972,13,8.4006,4.9,12.28,1,-4.7403,58.596,17.639,0,1.2207e+05,True,True,False,False,7.0832
TVSMOTOR,14,Q2 FY25,Jul-Sep 2024,Results for Jul-Sep 2024 (Q2 FY25),Automobiles - 2 And 3 Wheelers,Nifty Auto,Company,True,True,2214,2217,2216,2024-10-23,-3.5894,-5.8019,-2.1618,True,-3.8301,14,4,8.9998,4,True,2182,8.0593,7.6397,5.8434,3.9273,14,9.3698,-0.32145,6.9181,1,-13.355,35.904,4.5393,0,1.3007e+05,True,True,False,False,-3.4407
TVSMOTOR,15,Q3 FY25,Oct-Dec 2024,Results for Oct-Dec 2024 (Q3 FY25),Automobiles - 2 And 3 Wheelers,Nifty Auto,Company,True,True,2280,2283,2282,2025-01-28,4.1176,1.1409,-1.7594,True,2.7103,15,4,5.1344,3,True,2236,5.186,6.2192,6.497,3.4228,15,5.9489,-3.5894,-3.6401,1,-21.035,9.4423,0.53828,0,1.0788e+05,True,True,True,False,4.8528
TVSMOTOR,16,Q4 FY25,Jan-Mar 2025,Results for Jan-Mar 2025 (Q4 FY25),Automobiles - 2 And 3 Wheelers,Nifty Auto,Company,True,True,2339,2342,2342,2025-04-29,-3.2708,3.6594,1.7115,True,1.758,16,4,4.6146,3,True,2302,2.0594,5.8766,5.6373,3.3901,16,4.9092,4.1176,2.9003,2,-8.6342,29.577,12.627,0,1.3179e+05,True,True,False,False,-0.69086
TVSMOTOR,18,Q2 FY26,Jul-Sep 2025,Results for Jul-Sep 2025 (Q2 FY26),Automobiles - 2 And 3 Wheelers,Nifty Auto,Company,True,True,2465,2468,2467,2025-10-28,-2.0252,-0.65695,1.0375,True,-1.8845,18,4,5.4838,3,True,2428,8.5251,6.8555,7.2418,4.2732,18,2.4241,0.64235,20.727,1,-4.2473,28.204,24.349,0,1.7103e+05,True,True,False,False,0.20897
TVSMOTOR,19,Q3 FY26,Oct-Dec 2025,Results for Oct-Dec 2025 (Q3 FY26),Automobiles - 2 And 3 Wheelers,Nifty Auto,Company,True,True,2527,2530,2529,2026-01-28,3.8308,2.3549,0.32317,True,1.8417,19,4,5.9702,3,True,2487,6.9935,4.5264,5.5523,3.9591,19,2.4241,-2.0252,-1.6945,1,-4.6201,53.1,4.8318,0,1.6865e+05,True,True,False,False,0.4881
TVSMOTOR,20,Q4 FY26,Jan-Mar 2026,Results for Jan-Mar 2026 (Q4 FY26),Automobiles - 2 And 3 Wheelers,Nifty Auto,Company,True,True,2597,2600,2599,2026-05-13,-1.0905,-6.7986,-1.0721,True,-5.9165,20,4,5.753,3,True,2549,7.0214,3.7121,5.1838,3.8627,20,1.9898,3.8308,2.0317,0,-11.154,30.803,3.7008,0,1.7169e+05,True,True,False,False,-6.9404
TVSMOTOR,21,Q1 FY27,Apr-Jun 2026,Results for Apr-Jun 2026 (Q1 FY27),Automobiles - 2 And 3 Wheelers,Nifty Auto,Company,True,True,2644,2647,2646,2026-07-21,5.8304,14.895,-0.13561,True,14.84,21,4,3.8344,2,True,2619,-1.7964,3.3643,2.933,3.4061,21,0.16862,-1.0905,-5.7265,0,-4.4836,41.906,1.5272,0,1.719e+05,True,False,True,True,13.953
ULTRACEMCO,10,Q2 FY24,Jul-Sep 2023,Results for Jul-Sep 2023 (Q2 FY24),Cement And Cement Products,Nifty Commodities,Company,True,True,1963,1966,1965,2023-10-19,3.138,3.1977,0.54574,True,2.462,10,4,4.2606,4,True,1924,5.0273,1.1834,1.7586,1.1342,10,3.153,-0.10415,3.0126,0,-2.6557,22.46,3.3244,0,2.3965e+05,True,True,False,False,-0.058287
UNIONBANK,16,Q4 FY25,Jan-Mar 2025,Results for Jan-Mar 2025 (Q4 FY25),Banks,Nifty Bank,Bank,True,True,2346,2349,2349,2025-05-09,7.4283,24.719,4.1447,True,20.385,16,4,3.0118,3,True,2302,3.1135,2.2115,1.6363,2.5202,16,5.2763,4.1552,7.846,1,-28.754,-26.227,7.0634,15,90244,True,True,True,False,17.936
UNIONBANK,17,Q1 FY26,Apr-Jun 2025,Results for Apr-Jun 2025 (Q1 FY26),Banks,Nifty Bank,Bank,True,True,2398,2401,2400,2025-07-21,-3.098,-3.5824,-0.43861,True,-3.3338,17,4,7.4788,3,True,2369,12.827,4.8717,4.6535,3.5823,17,8.9529,7.4283,20.575,2,-10.091,0.20028,7.6774,15,1.1169e+05,True,True,False,False,-3.403
UNIONBANK,18,Q2 FY26,Jul-Sep 2025,Results for Jul-Sep 2025 (Q2 FY26),Banks,Nifty Bank,Bank,True,True,2467,2470,2469,2025-10-30,-1.9249,7.6939,1.2563,True,6.2477,18,4,8.8342,3,True,2420,8.4256,4.913,3.8375,3.2086,18,8.9529,-3.098,-3.1438,2,-10.293,23.006,2.9677,15,1.1227e+05,True,True,False,False,8.3411
UNIONBANK,19,Q3 FY26,Oct-Dec 2025,Results for Oct-Dec 2025 (Q3 FY26),Banks,Nifty Bank,Bank,True,True,2519,2522,2521,2026-01-14,8.1297,0.96503,0.55171,True,0.22332,19,4,7.9286,3,True,2489,7.9562,5.5348,4.0655,3.3785,19,7.1418,-1.9249,6.4376,2,-0.78588,56.806,28.786,15,1.2518e+05,True,True,True,True,-1.1303
UNIONBANK,20,Q4 FY26,Jan-Mar 2026,Results for Jan-Mar 2026 (Q4 FY26),Banks,Nifty Bank,Bank,True,True,2584,2587,2586,2026-04-23,-6.5487,-10.567,-1.8771,True,-8.8799,20,4,6.0704,3,True,2541,1.2357,7.0313,4.5411,3.2303,20,3.4255,8.1297,0.41332,2,-12.546,38.075,6.8055,15,1.4609e+05,True,True,False,False,-9.9038
UNITDSPR,4,Q4 FY22,Jan-Mar 2022,Results for Jan-Mar 2022 (Q4 FY22),Brew/Distilleries,Nifty 500,Company,True,True,1616,1619,1619,2022-05-30,3.8769,-6.3697,-4.9777,True,-1.582,4,4,6.4812,4,True,1557,4.1492,,,6.4812,4,6.0758,-2.7833,5.3301,1,-19.344,30.282,-1.6195,0,54204,True,True,False,False,-0.32214
UNITDSPR,5,Q1 FY23,Apr-Jun 2022,Results for Apr-Jun 2022 (Q1 FY23),Brew/Distilleries,Nifty 500,Company,True,True,1658,1661,1661,2022-07-27,-7.7142,2.2386,5.5108,True,-3.4622,5,4,2.7639,3,True,1639,3.5865,,,4.9065,5,2.813,3.8769,-1.392,1,-22.261,11.059,-4.63,0,61313,True,True,False,False,-5.1301
UNOMINDA,18,Q2 FY26,Jul-Sep 2025,Results for Jul-Sep 2025 (Q2 FY26),Auto Ancillaries,Nifty Auto,Company,True,True,2473,2476,2476,2025-11-11,-1.0931,-6.056,0.56315,True,-6.8091,18,4,4.4191,3,True,2432,4.7809,9.3863,6.4233,4.3284,18,4.9269,-1.2082,18.854,1,-5.1303,29.497,13.959,17,70882,True,True,False,False,-4.7156
UNOMINDA,20,Q4 FY26,Jan-Mar 2026,Results for Jan-Mar 2026 (Q4 FY26),Auto Ancillaries,Nifty Auto,Company,True,True,2600,2603,2602,2026-05-18,-4.841,2.0322,1.4343,True,0.40797,20,4,4.6707,2,True,2557,4.0543,1.8309,6.2034,3.561,20,3.2242,-6.1133,-0.071679,0,-22.735,16.454,-4.4604,17,64762,True,False,False,False,-0.61588
UNOMINDA,21,Q1 FY27,Apr-Jun 2026,Results for Apr-Jun 2026 (Q1 FY27),Auto Ancillaries,Nifty Auto,Company,True,True,2654,2657,2656,2026-08-04,2.0484,3.8631,-2.2714,True,5.9445,21,4,3.1902,2,True,2622,-2.0309,1.375,2.7866,3.4199,21,0.26314,-4.841,0.59797,0,-11.216,13.971,10.447,17,68168,True,False,False,False,5.0576
UPL,16,Q4 FY25,Jan-Mar 2025,Results for Jan-Mar 2025 (Q4 FY25),Pesticides And Agrochemicals,Nifty Commodities,Company,True,True,2348,2351,2350,2025-05-12,-3.5071,-5.5773,0.71616,True,-6.4835,16,4,5.7697,3,True,2305,8.349,3.5726,1.728,-0.9584,16,7.1623,5.3773,10.722,2,-3.2311,28.959,0.70047,0,50879,True,True,False,False,-8.9323
UPL,17,Q1 FY26,Apr-Jun 2025,Results for Apr-Jun 2025 (Q1 FY26),Pesticides And Agrochemicals,Nifty Commodities,Company,True,True,2407,2410,2409,2025-08-01,-4.672,6.8406,0.058008,True,6.5926,17,4,4.6884,3,True,2370,3.1697,2.4052,1.6106,-1.2722,17,7.1623,-3.5071,-6.2935,1,-9.6079,18.921,-2.8089,0,57391,True,True,False,False,6.5234
UPL,18,Q2 FY26,Jul-Sep 2025,Results for Jul-Sep 2025 (Q2 FY26),Pesticides And Agrochemicals,Nifty Commodities,Company,True,True,2471,2474,2473,2025-11-06,0.61705,3.1499,2.0543,True,0.9056,18,4,4.0729,3,True,2429,3.7372,3.928,2.7405,-0.82474,18,5.9313,-4.672,6.7826,1,-1.8799,29.45,-0.14108,0,58083,True,True,False,False,2.9991
UPL,19,Q3 FY26,Oct-Dec 2025,Results for Oct-Dec 2025 (Q3 FY26),Pesticides And Agrochemicals,Nifty Commodities,Company,True,True,2531,2534,2533,2026-02-02,3.9938,-10.837,-0.88766,True,-10.139,19,4,3.0768,3,True,2493,0.52823,4.4386,2.7887,-0.72367,19,3.9391,0.61705,1.0956,1,-13.993,18.904,-0.52901,0,59484,True,True,False,False,-11.493
VEDL,4,Q4 FY22,Jan-Mar 2022,Results for Jan-Mar 2022 (Q4 FY22),Metals,Nifty Metal,Company,True,True,1596,1599,1599,2022-04-29,0.024672,-23.301,-2.5794,True,-20.912,4,4,6.603,3,True,1558,10.88,,,6.603,4,6.7297,-0.11966,13.26,0,-7.3511,54.484,29.407,0,1.5312e+05,True,True,False,False,-19.652
VEDL,5,Q1 FY23,Apr-Jun 2022,Results for Apr-Jun 2022 (Q1 FY23),Metals,Nifty Metal,Company,True,True,1660,1663,1663,2022-07-29,2.2339,6.2721,3.503,True,2.5791,5,4,2.9796,3,True,1619,3.9064,,,1.1381,5,6.7297,0.024672,-20.722,0,-42.303,-13.166,-38.171,0,89801,True,True,False,False,0.91123
VEDL,6,Q2 FY23,Jul-Sep 2022,Results for Jul-Sep 2022 (Q2 FY23),Metals,Nifty Metal,Company,True,True,1721,1724,1724,2022-10-31,-2.689,7.4964,3.3636,True,3.9429,6,4,3.6221,3,True,1683,-1.564,1.4099,,1.4099,6,8.0148,2.2339,2.7691,0,-36.29,-13.095,7.1309,0,1.0416e+05,True,True,False,False,4.4107
VEDL,14,Q2 FY25,Jul-Sep 2024,Results for Jul-Sep 2024 (Q2 FY25),Metals,Nifty Metal,Company,True,True,2226,2229,2228,2024-11-08,0.21137,9.2488,1.9126,True,7.1462,14,4,4.7507,2,True,2182,7.4828,1.0446,0.1399,0.6842,14,1.6165,0.41939,5.9537,0,-12.556,72.039,7.6739,0,1.7633e+05,True,False,False,False,7.5356
VEDL,15,Q3 FY25,Oct-Dec 2024,Results for Oct-Dec 2024 (Q3 FY25),Metals,Nifty Metal,Company,True,True,2283,2286,2285,2025-01-31,0.95603,-10.569,-5.886,True,-4.8727,15,4,7.4462,3,True,2248,10.835,2.3936,0.54032,1.1277,15,6.645,0.21137,7.3362,0,-16.235,56.678,-2.0016,0,1.6836e+05,True,True,False,False,-2.7301
VEDL,16,Q4 FY25,Jan-Mar 2025,Results for Jan-Mar 2025 (Q4 FY25),Metals,Nifty Metal,Company,True,True,2341,2344,2343,2025-04-30,0.7038,7.7409,2.0523,True,5.4987,16,4,6.9557,3,True,2305,2.8691,3.6094,1.1151,0.76452,16,6.645,0.95603,-4.6826,0,-20.448,0.70012,-10.537,0,1.627e+05,True,True,False,False,3.0498
VEDL,17,Q1 FY26,Apr-Jun 2025,Results for Apr-Jun 2025 (Q1 FY26),Metals,Nifty Metal,Company,True,True,2406,2409,2408,2025-07-31,-1.7105,1.2569,-0.57856,True,1.6455,17,4,3.574,3,True,2363,2.7807,5.1318,1.9209,1.0542,17,5.8212,0.7038,5.6887,0,-19.224,-4.917,0.21017,0,1.7184e+05,True,True,False,False,1.5763
VEDL,20,Q4 FY26,Jan-Mar 2026,Results for Jan-Mar 2026 (Q4 FY26),Metals,Nifty Metal,Company,,True,2588,2591,2590,2026-04-29,3.8813,29.847,-2.6053,True,32.263,20,4,5.3304,4,True,2551,5.211,3.9959,6.143,1.6777,20,5.9895,-10.679,7.5072,0,-2.6918,85.605,16.552,0,2.9032e+05,True,True,False,False,31.239
VEDL,21,Q1 FY27,Apr-Jun 2026,Results for Apr-Jun 2026 (Q1 FY27),Metals,Nifty Metal,Company,True,True,2651,2654,2653,2026-07-30,0.85814,5.0468,-0.93062,True,5.7874,21,4,12.021,4,True,2610,15.417,8.1819,7.7977,3.1432,21,6.8987,3.8813,32.453,0,-25.694,72.09,-2.0684,0,1.0141e+05,True,True,False,False,4.9005
VOLTAS,14,Q2 FY25,Jul-Sep 2024,Results for Jul-Sep 2024 (Q2 FY25),Engineering,Nifty India Manufacturing,Company,True,True,2218,2221,2221,2024-10-30,-3.591,-2.3352,-0.86172,True,-1.6635,14,4,5.7668,4,True,2186,7.5502,3.9573,2.5362,1.6553,14,4.9296,10.841,12.792,2,-12.7,75.758,12.871,0,58050,True,True,False,False,-1.2741
VOLTAS,15,Q3 FY25,Oct-Dec 2024,Results for Oct-Dec 2024 (Q3 FY25),Engineering,Nifty India Manufacturing,Company,True,True,2281,2284,2284,2025-01-30,-14.266,3.4153,-3.03,True,6.2552,15,4,5.2943,3,True,2241,6.859,4.1285,3.7761,1.4467,15,4.9296,-3.591,-1.4735,2,-34.737,17.39,-20.759,0,46932,True,True,False,False,8.3978
VOLTAS,16,Q4 FY25,Jan-Mar 2025,Results for Jan-Mar 2025 (Q4 FY25),Engineering,Nifty India Manufacturing,Company,True,True,2345,2348,2348,2025-05-08,-1.1042,1.9949,1.9655,True,-0.16057,16,4,6.7555,3,True,2304,5.9211,4.6732,3.5894,1.7591,16,7.852,-14.266,6.4452,1,-37.112,-24.644,-6.2499,0,41029,True,True,False,False,-2.6094
VOLTAS,17,Q1 FY26,Apr-Jun 2025,Results for Apr-Jun 2025 (Q1 FY26),Engineering,Nifty India Manufacturing,Company,True,True,2412,2415,2415,2025-08-11,-5.4852,12.022,1.5784,True,10.254,17,4,4.4482,3,True,2368,1.667,4.6086,3.9057,1.6573,17,3.2373,-1.1042,0.029427,1,-35.976,-16.464,0.067482,0,43474,True,True,False,False,10.185
VOLTAS,18,Q2 FY26,Jul-Sep 2025,Results for Jul-Sep 2025 (Q2 FY26),Engineering,Nifty India Manufacturing,Company,True,True,2476,2479,2479,2025-11-14,0.9278,1.9468,0.52837,True,1.2285,18,4,3.8612,3,True,2435,5.6395,6.2492,4.814,2.1455,18,3.2373,-5.4852,10.444,0,-27.348,-30.615,2.6963,0,43130,True,True,False,False,3.3219
VOLTAS,19,Q3 FY26,Oct-Dec 2025,Results for Oct-Dec 2025 (Q3 FY26),Engineering,Nifty India Manufacturing,Company,True,True,2528,2531,2531,2026-01-30,-1.1849,16.311,0.69469,True,15.427,19,4,4.5842,4,True,2499,3.9639,4.9425,4.9393,2.1072,19,3.9318,0.9278,1.4185,0,-13.266,-20.45,-3.5925,0,44016,True,True,False,False,14.073
VOLTAS,20,Q4 FY26,Jan-Mar 2026,Results for Jan-Mar 2026 (Q4 FY26),Engineering,Nifty India Manufacturing,Company,True,True,2598,2601,2601,2026-05-15,-4.6604,7.7761,0.88989,True,6.6962,20,4,6.8771,4,True,2551,9.1597,5.4134,6.8163,2.7827,20,5.9311,-1.1849,15.617,0,-22.231,1.1217,-9.5147,0,41998,True,True,False,False,5.6723
VOLTAS,21,Q1 FY27,Apr-Jun 2026,Results for Apr-Jun 2026 (Q1 FY27),Engineering,Nifty India Manufacturing,Company,True,True,2662,2665,2665,2026-08-17,-3.73,-10.26,-4.8133,True,-5.6371,21,4,8.5913,4,True,2621,7.9738,6.8066,6.5197,2.9781,21,8.665,-4.6604,6.8862,0,-19.937,-1.9691,-1.563,0,42673,True,True,False,False,-6.524
WIPRO,16,Q4 FY25,Jan-Mar 2025,Results for Jan-Mar 2025 (Q4 FY25),Computers - Software,Nifty IT,Company,True,True,2332,2335,2335,2025-04-17,-6.1091,6.2685,4.5858,True,1.4926,16,4,3.1616,3,True,2296,4.5823,2.861,2.5909,0.54779,16,3.6738,5.8805,4.3943,1,-27.018,-5.5582,-22.02,0,2.5099e+05,True,True,False,False,-0.95622
WIPRO,17,Q1 FY26,Apr-Jun 2025,Results for Apr-Jun 2025 (Q1 FY26),Computers - Software,Nifty IT,Company,True,True,2396,2399,2399,2025-07-18,3.0063,-8.1438,-0.36626,True,-7.9676,17,4,3.8574,4,True,2355,4.1588,3.2282,2.69,0.61454,17,3.6738,-6.1091,1.6826,1,-17.76,-6.1621,8.4586,0,2.6955e+05,True,True,False,False,-8.0367
ZYDUSLIFE,18,Q2 FY26,Jul-Sep 2025,Results for Jul-Sep 2025 (Q2 FY26),Pharmaceuticals,Nifty Pharma,Company,True,True,2471,2474,2473,2025-11-06,-3.2583,-0.10142,2.0543,True,-2.3457,18,4,3.1463,3,True,2436,4.1847,-1.9718,0.59135,-0.80624,18,3.5593,0.40766,7.0874,0,-11.553,-9.7393,-5.4931,0,98694,True,True,False,False,-0.25227
ZYDUSLIFE,19,Q3 FY26,Oct-Dec 2025,Results for Oct-Dec 2025 (Q3 FY26),Pharmaceuticals,Nifty Pharma,Company,True,True,2536,2539,2538,2026-02-09,3.2989,-0.037895,-6.2074,True,5.9796,19,4,2.5996,2,True,2493,4.2208,-1.1716,0.50963,-0.87726,19,2.4658,-3.2583,-2.1557,0,-12.804,-15.522,-3.7762,0,91043,True,False,False,False,4.6259
ZYDUSLIFE,20,Q4 FY26,Jan-Mar 2026,Results for Jan-Mar 2026 (Q4 FY26),Pharmaceuticals,Nifty Pharma,Company,True,True,2601,2604,2603,2026-05-19,2.9401,4.1712,1.9803,True,2.0009,20,4,4.708,3,True,2558,3.7004,2.7665,-0.97712,-0.52492,20,6.6285,3.2989,6.1696,0,-3.7911,16.886,22.425,0,1.0178e+05,True,True,False,False,0.97705
ZYDUSLIFE,21,Q1 FY27,Apr-Jun 2026,Results for Apr-Jun 2026 (Q1 FY27),Pharmaceuticals,Nifty Pharma,Company,True,True,2659,2662,2661,2026-08-11,6.8903,-3.8203,-3.4186,True,-0.59168,21,4,3.323,3,True,2623,2.0682,3.1265,0.16637,-0.3956,21,4.1802,2.9401,2.1909,0,-1.1618,25.875,23.304,0,1.1209e+05,True,True,True,True,-1.4785
