ret,why,cand,symbol,quarter,qn,reaction_day,exit_day,exit_at_expiry,raw_net,vsN_net,K,P,X,exit_how,entry_how,prem_pct,gross
,entry_zero_volume,C1 OPT_ATM_WR50,BHARATFORG,Q4 FY21,0,2021-06-04,2021-07-02,False,2.6266439370295416,2.275124018712972,,,,,,,
-89.76676197283773,ok,C1 OPT_ATM_WR50,BOSCHLTD,Q4 FY21,0,2021-05-20,2021-06-17,False,-2.984308752505712,-8.272974831044287,16000.0,839.4,102.25,close,fixed,5.273805634439949,-87.81868000953061
20.98084112149531,ok,C1 OPT_ATM_WR50,CONCOR,Q4 FY21,0,2021-05-24,2021-06-21,False,7.618726920644229,3.987654192534064,640.0,37.45,46.0,close,fixed,5.885126109845212,22.830440587449917
,entry_zero_volume,C1 OPT_ATM_WR50,ICICIPRULI,Q4 FY21,0,2021-04-20,2021-05-20,False,13.210043390465811,8.9256831319392,,,,,,,
-101.97007168458781,ok,C1 OPT_ATM_WR50,MOTHERSON,Q4 FY21,0,2021-06-02,2021-06-24,True,-10.203458528143836,-11.156291953497897,270.0,13.95,0.0,expiry_intrinsic,fixed,5.154258267134677,-100.0
-24.504587542087386,ok,C1 OPT_ATM_WR50,MUTHOOTFIN,Q4 FY21,0,2021-06-02,2021-06-24,True,4.547634162065076,3.5948007367110137,1420.0,59.4,46.15000000000009,expiry_intrinsic,fixed,4.17296006182163,-22.30639730639715
96.24529220779219,ok,C1 OPT_ATM_WR50,UPL,Q4 FY21,0,2021-05-14,2021-06-11,False,12.187055987924337,4.525924483202904,750.0,46.2,91.5,close,fixed,6.1984302676594885,98.05194805194803
84.53275488069414,ok,C1 OPT_ATM_WR50,WIPRO,Q4 FY21,0,2021-04-16,2021-05-18,False,8.110055449716773,4.736279073573902,470.0,23.05,43.0,close,fixed,4.910524073285045,86.55097613882863
,entry_zero_volume,C1 OPT_ATM_WR50,APOLLOHOSP,Q1 FY22,1,2021-08-16,2021-09-15,False,10.116313745177832,4.322014929440377,,,,,,,
-93.58529890199269,ok,C1 OPT_ATM_WR50,ASIANPAINT,Q1 FY22,1,2021-07-20,2021-08-18,False,-5.155674781096872,-11.16815179953968,3160.0,122.95,10.7,close,fixed,3.8819164890678035,-91.29727531516878
271.1184597295709,ok,C1 OPT_ATM_WR50,MPHASIS,Q1 FY22,1,2021-07-23,2021-08-23,False,13.139476146973465,9.08063923614131,2550.0,85.05,317.75,settle_fallback,fixed,3.3663170393825452,273.6037624926514
,entry_zero_volume,C1 OPT_ATM_WR50,SIEMENS,Q1 FY22,1,2021-08-11,2021-09-09,False,1.6165352604592877,-5.0794462531521525,,,,,,,
-102.27985074626865,ok,C1 OPT_ATM_WR50,SUNPHARMA,Q1 FY22,1,2021-07-30,2021-08-26,True,1.5420050940792054,-5.887728428303828,770.0,30.15,0.0,expiry_intrinsic,fixed,3.9067055393586005,-100.0
664.5322742474916,ok,C1 OPT_ATM_WR50,TECHM,Q1 FY22,1,2021-07-30,2021-08-26,True,17.1629154240726,9.733181901689571,1220.0,29.9,229.5,expiry_intrinsic,fixed,2.467607493604027,667.5585284280936
-10.245937499999993,ok,C1 OPT_ATM_WR50,APOLLOHOSP,Q2 FY22,2,2021-11-15,2021-12-14,False,2.4092615337931758,6.7215300455370395,5100.0,272.0,249.4,close,fixed,5.335530316404794,-8.308823529411757
-96.34208633093526,ok,C1 OPT_ATM_WR50,ASHOKLEY,Q2 FY22,2,2021-11-15,2021-12-14,False,-17.362629896287793,-13.050361384543928,152.5,6.95,0.4,close,fixed,4.5558833169452635,-94.24460431654677
,entry_zero_volume,C1 OPT_ATM_WR50,BEL,Q2 FY22,2,2021-10-29,2021-11-25,True,-1.6686721691957693,2.2071157170514124,,,,,,,
-100.4021875,ok,C1 OPT_ATM_WR50,FEDERALBNK,Q2 FY22,2,2021-10-22,2021-11-23,False,-10.901487060298328,-7.545536875643687,104.0,8.0,0.1,close,fixed,7.666506947771921,-98.75
-102.07463768115942,ok,C1 OPT_ATM_WR50,ICICIBANK,Q2 FY22,2,2021-10-25,2021-11-24,False,-9.852794444395915,-5.953708520774902,840.0,34.5,0.05,close,fixed,4.09982174688057,-99.85507246376811
-101.9953260373917,ok,C1 OPT_ATM_WR50,INDIGO,Q2 FY22,2,2021-10-29,2021-11-25,True,-12.589549319937928,-8.713761433690745,2180.0,109.65,0.0,expiry_intrinsic,fixed,5.0234795556064595,-100.0
-102.11051886792453,ok,C1 OPT_ATM_WR50,INDUSINDBK,Q2 FY22,2,2021-10-28,2021-11-25,True,-24.026261512379676,-19.54780850309773,1180.0,53.0,0.0,expiry_intrinsic,fixed,4.502399864078495,-100.0
,entry_zero_volume,C1 OPT_ATM_WR50,LTM,Q2 FY22,2,2021-10-19,2021-11-17,False,7.734984608260635,10.538737577381765,,,,,,,
,entry_zero_volume,C1 OPT_ATM_WR50,PIDILITIND,Q2 FY22,2,2021-11-11,2021-12-10,False,-6.162308098741383,-4.155296192913803,,,,,,,
138.11970284237725,ok,C1 OPT_ATM_WR50,TVSMOTOR,Q2 FY22,2,2021-10-22,2021-11-23,False,14.826781565749906,18.182731750404546,620.0,38.7,92.85,settle_fallback,fixed,6.228373702422146,139.92248062015503
-94.60550181378477,ok,C1 OPT_ATM_WR50,WIPRO,Q2 FY22,2,2021-10-14,2021-11-15,False,-7.137891176592,-5.908610290153336,710.0,41.35,3.0,close,fixed,5.8096241657885495,-92.74486094316808
-1.782260869565216,ok,C1 OPT_ATM_WR50,AXISBANK,Q3 FY22,3,2022-01-25,2022-02-23,False,3.1535883817902546,4.376212651451884,750.0,28.75,28.9,close,fixed,3.834355828220859,0.521739130434784
-85.72035519125683,ok,C1 OPT_ATM_WR50,BANDHANBNK,Q3 FY22,3,2022-01-24,2022-02-22,False,-0.251214962331444,0.060580875350991936,310.0,18.3,2.95,close,fixed,5.948317893710386,-83.87978142076503
,entry_zero_volume,C1 OPT_ATM_WR50,BANKBARODA,Q3 FY22,3,2022-02-07,2022-03-08,False,-13.892891954280625,-6.940788501197026,,,,,,,
-69.18252726750859,ok,C1 OPT_ATM_WR50,MARUTI,Q3 FY22,3,2022-01-25,2022-02-23,False,0.9488558742453391,2.171480143906969,8600.0,348.4,115.15,close,fixed,4.053118656095674,-66.94890929965555
68.61309207025032,ok,C1 OPT_ATM_WR50,BRITANNIA,Q4 FY22,4,2022-05-04,2022-05-26,True,4.72891708024357,5.637407990206623,3400.0,93.95,161.05000000000018,expiry_intrinsic,fixed,2.7656755961142183,71.4209686003195
-102.42224546722454,ok,C1 OPT_ATM_WR50,INDUSINDBK,Q4 FY22,4,2022-05-02,2022-05-26,True,-8.739867466551152,-5.921112054725108,1020.0,35.85,0.0,expiry_intrinsic,fixed,3.5155675410639864,-100.0
-102.03956896551725,ok,C1 OPT_ATM_WR50,SHRIRAMFIN,Q4 FY22,4,2022-04-29,2022-05-26,True,-2.67824595313478,-0.1188060450509108,1200.0,58.0,0.0,expiry_intrinsic,fixed,4.80968571191641,-100.0
145.26329391772276,ok,C1 OPT_ATM_WR50,BAJAJFINSV,Q1 FY23,5,2022-07-28,2022-08-25,True,9.694402720822408,7.4103208760062165,14500.0,706.15,1746.2999999999993,expiry_intrinsic,fixed,4.828871337231169,147.29873256390275
-66.17918367346938,ok,C1 OPT_ATM_WR50,HINDALCO,Q1 FY23,5,2022-08-10,2022-09-09,False,-3.373801182661037,-5.096705415684032,440.0,24.5,8.75,close,fixed,5.596162631338511,-64.28571428571428
245.44375000000014,ok,C1 OPT_ATM_WR50,IDFCFIRSTB,Q1 FY23,5,2022-08-01,2022-08-25,True,16.99328959908837,15.804031148276534,42.0,2.0,6.950000000000003,expiry_intrinsic,fixed,4.733727810650888,247.50000000000014
182.31416223404256,ok,C1 OPT_ATM_WR50,INDUSINDBK,Q1 FY23,5,2022-07-21,2022-08-22,False,11.337238456673274,5.984888747996787,950.0,37.6,107.0,close,fixed,3.9672909522553415,184.5744680851064
,entry_zero_volume,C1 OPT_ATM_WR50,LUPIN,Q1 FY23,5,2022-08-04,2022-09-06,False,-1.2912965939737306,-2.8853387065039358,,,,,,,
,entry_zero_volume,C1 OPT_ATM_WR50,MANAPPURAM,Q1 FY23,5,2022-08-05,2022-09-07,False,-2.296687283948636,-3.620897659002541,,,,,,,
-102.69089726918075,ok,C1 OPT_ATM_WR50,SBILIFE,Q1 FY23,5,2022-07-29,2022-08-25,True,2.510781701368673,-1.0121979148509195,1300.0,38.45,0.0,expiry_intrinsic,fixed,2.957009920787511,-100.0
-102.55833333333334,ok,C1 OPT_ATM_WR50,SUNPHARMA,Q1 FY23,5,2022-07-29,2022-08-25,True,-5.487010133947175,-9.009989750166767,940.0,30.3,0.0,expiry_intrinsic,fixed,3.2085561497326203,-100.0
-70.507768616336,ok,C1 OPT_ATM_WR50,ULTRACEMCO,Q1 FY23,5,2022-07-22,2022-08-23,False,0.39821798967896516,-4.753828818080862,6500.0,194.05,62.4,close,fixed,3.0040327262312974,-67.8433393455295
,entry_zero_volume,C1 OPT_ATM_WR50,ADANIENT,Q2 FY23,6,2022-11-04,2022-12-05,False,2.3644088283477673,-0.8785042678069774,,,,,,,
-98.73610719322991,ok,C1 OPT_ATM_WR50,AXISBANK,Q2 FY23,6,2022-10-21,2022-11-22,False,-3.5407244074884567,-7.360727821176215,890.0,35.45,1.25,close,fixed,3.961336462174545,-96.47390691114246
,entry_zero_volume,C1 OPT_ATM_WR50,BANKBARODA,Q2 FY23,6,2022-11-07,2022-12-06,False,9.96576254422468,7.528826688202518,,,,,,,
,entry_zero_volume,C1 OPT_ATM_WR50,BOSCHLTD,Q2 FY23,6,2022-11-09,2022-12-07,False,-0.9485905763056045,-3.190873993169617,,,,,,,
,entry_zero_volume,C1 OPT_ATM_WR50,GLENMARK,Q2 FY23,6,2022-11-14,2022-12-12,False,-1.4359667336432311,-2.37253951525067,,,,,,,
,entry_zero_volume,C1 OPT_ATM_WR50,LUPIN,Q2 FY23,6,2022-11-10,2022-12-08,False,4.765016742900333,1.5214558771455846,,,,,,,
,entry_zero_volume,C1 OPT_ATM_WR50,MANAPPURAM,Q2 FY23,6,2022-11-14,2022-12-12,False,0.08717563670764053,-0.8493971448997981,,,,,,,
-102.61649966032608,ok,C1 OPT_ATM_WR50,MARUTI,Q2 FY23,6,2022-10-28,2022-11-24,True,-5.512615551054319,-9.895120329879079,9500.0,294.4,0.0,expiry_intrinsic,fixed,3.093103031640216,-100.0
,entry_zero_volume,C1 OPT_ATM_WR50,PIIND,Q2 FY23,6,2022-11-09,2022-12-07,False,-4.476383825813487,-6.7186672426775,,,,,,,
-86.03935581974011,ok,C1 OPT_ATM_WR50,APOLLOHOSP,Q3 FY23,7,2023-02-15,2023-03-16,False,-3.932345066794681,1.766230520812896,4500.0,180.85,29.3,close,fixed,4.030218280276777,-83.7987282278131
-103.12616628175519,ok,C1 OPT_ATM_WR50,BRITANNIA,Q3 FY23,7,2023-02-02,2023-02-23,True,-4.080959006314751,-2.46272250969911,4600.0,108.25,0.0,expiry_intrinsic,fixed,2.3516505002009493,-100.0
-96.7038240917782,ok,C1 OPT_ATM_WR50,CHOLAFIN,Q3 FY23,7,2023-02-01,2023-02-23,True,2.0906032616984573,3.0095064365989646,750.0,26.15,1.5,expiry_intrinsic,fixed,3.4723144336741467,-94.26386233269598
,entry_zero_volume,C1 OPT_ATM_WR50,CUMMINSIND,Q3 FY23,7,2023-02-09,2023-03-10,False,6.330468486435818,8.996088084668687,,,,,,,
-6.408834951455962,ok,C1 OPT_ATM_WR50,DRREDDY,Q3 FY23,7,2023-01-27,2023-02-23,True,3.9352403399133298,4.702261729513059,4350.0,103.0,99.60000000000036,expiry_intrinsic,fixed,2.372069457878495,-3.3009708737860577
-102.41821345707656,ok,C1 OPT_ATM_WR50,JINDALSTEL,Q3 FY23,7,2023-02-01,2023-02-23,True,-6.055728478976871,-5.136825304076363,610.0,21.55,0.0,expiry_intrinsic,fixed,3.525562372188139,-100.0
306.8500875912408,ok,C1 OPT_ATM_WR50,PERSISTENT,Q3 FY23,7,2023-01-19,2023-02-17,False,15.146515737240133,16.03026742504403,4200.0,171.25,700.55,close,fixed,4.06436530634041,309.0802919708029
-102.97661290322581,ok,C1 OPT_ATM_WR50,RECLTD,Q3 FY23,7,2023-01-31,2023-02-23,True,-6.289108236486747,-4.28104257064199,123.0,3.1,0.0,expiry_intrinsic,fixed,2.5295797633618933,-100.0
-102.41529968454259,ok,C1 OPT_ATM_WR50,TMPV,Q3 FY23,7,2023-01-27,2023-02-23,True,-4.175852711494661,-3.4088313218949327,450.0,15.85,0.0,expiry_intrinsic,fixed,3.5328206842750474,-100.0
217.991368884002,ok,C1 OPT_ATM_WR50,ABB,Q4 FY23,8,2023-05-04,2023-05-25,True,8.04047730772233,6.749922196470016,3650.0,90.95,291.9499999999998,expiry_intrinsic,fixed,2.488576353736285,221.0005497526111
352.1599709934735,ok,C1 OPT_ATM_WR50,ASTRAL,Q4 FY23,8,2023-05-16,2023-06-13,False,18.83089671370324,16.46134923332152,1700.0,68.95,313.3,settle_fallback,fixed,4.0740959584022685,354.38723712835383
-74.18125,ok,C1 OPT_ATM_WR50,BHEL,Q4 FY23,8,2023-05-29,2023-06-26,False,0.7938608335860166,0.2762440710790694,84.0,3.2,0.9,close,fixed,3.8277511961722492,-71.875
334.0423076923079,ok,C1 OPT_ATM_WR50,CHOLAFIN,Q4 FY23,8,2023-05-04,2023-05-25,True,9.691095814088849,8.400540702836535,960.0,22.75,99.45000000000005,expiry_intrinsic,fixed,2.3803295840962595,337.14285714285734
546.1158460161146,ok,C1 OPT_ATM_WR50,DIXON,Q4 FY23,8,2023-05-24,2023-06-21,False,30.356697111982903,27.21152621060805,3500.0,167.55,1086.0,close,fixed,4.766985319221577,548.1647269471799
22.376941747572793,ok,C1 OPT_ATM_WR50,DLF,Q4 FY23,8,2023-05-15,2023-06-12,False,4.625445840398882,3.5040183055257814,470.0,20.6,25.65,close,fixed,4.395135481117986,24.514563106796096
,entry_zero_volume,C1 OPT_ATM_WR50,EICHERMOT,Q4 FY23,8,2023-05-12,2023-06-09,False,-1.412279079470565,-2.789651259346958,,,,,,,
,entry_zero_volume,C1 OPT_ATM_WR50,MARICO,Q4 FY23,8,2023-05-08,2023-06-05,False,2.9296683415727367,1.1058861204212191,,,,,,,
,entry_zero_volume,C1 OPT_ATM_WR50,MUTHOOTFIN,Q4 FY23,8,2023-05-22,2023-06-19,False,4.838021443686905,2.4098071423720904,,,,,,,
-29.09726657645468,ok,C1 OPT_ATM_WR50,NAUKRI,Q4 FY23,8,2023-05-26,2023-06-23,False,2.430199302385131,1.5120596380185272,4200.0,184.75,134.95,close,fixed,4.378584632886192,-26.95534506089311
22.969354250273607,ok,C1 OPT_ATM_WR50,POLYCAB,Q4 FY23,8,2023-05-12,2023-06-09,False,4.5084385222233605,3.131066342346968,3400.0,137.05,171.6,close,fixed,4.030882352941177,25.209777453484115
124.75187074829947,ok,C1 OPT_ATM_WR50,TORNTPHARM,Q4 FY23,8,2023-05-31,2023-06-28,True,6.24954841719814,3.8679936865351663,1820.0,58.8,133.6500000000001,expiry_intrinsic,fixed,3.238242097147263,127.29591836734708
129.50135281385278,ok,C1 OPT_ATM_WR50,TVSMOTOR,Q4 FY23,8,2023-05-05,2023-06-02,False,7.287093151829231,4.693071346527345,1220.0,46.2,107.1,settle_fallback,fixed,3.797000205465379,131.81818181818178
-25.893452380952386,ok,C1 OPT_ATM_WR50,ASHOKLEY,Q1 FY24,9,2023-07-21,2023-08-21,False,2.579522246577074,4.339213307605184,182.0,8.4,6.4,close,fixed,4.612850082372323,-23.809523809523814
227.4329207920792,ok,C1 OPT_ATM_WR50,BHARATFORG,Q1 FY24,9,2023-08-09,2023-08-31,True,14.703840624215774,14.202497141071715,970.0,30.3,100.0,expiry_intrinsic,fixed,3.1248388593822516,230.03300330033002
-86.65138888888889,ok,C1 OPT_ATM_WR50,COLPAL,Q1 FY24,9,2023-07-27,2023-08-25,False,-1.6435958083176736,0.3409922109499876,2000.0,64.8,10.3,close,fixed,3.2332102584572397,-84.10493827160494
-102.52446808510638,ok,C1 OPT_ATM_WR50,LICHSGFIN,Q1 FY24,9,2023-08-04,2023-08-31,True,4.787214491894302,4.70675438019681,430.0,14.1,0.0,expiry_intrinsic,fixed,3.2798325191905096,-100.0
,entry_zero_volume,C1 OPT_ATM_WR50,MPHASIS,Q1 FY24,9,2023-07-21,2023-08-21,False,-0.7685317110284383,0.991159349999672,,,,,,,
202.20210084033616,ok,C1 OPT_ATM_WR50,NMDC,Q1 FY24,9,2023-08-14,2023-09-12,False,14.825807419012387,11.931287556190751,119.0,5.95,18.1,settle_fallback,fixed,5.002101723413198,204.20168067226894
313.9995252306023,ok,C1 OPT_ATM_WR50,POLYCAB,Q1 FY24,9,2023-07-18,2023-08-16,False,17.406884007299997,18.826179170407453,4100.0,184.3,766.9,settle_fallback,fixed,4.482276402991427,316.11502984264786
653.1633333333333,ok,C1 OPT_ATM_WR50,RECLTD,Q1 FY24,9,2023-07-27,2023-08-25,False,26.981964109474955,28.966552128742617,188.15,6.75,51.0,close,fixed,3.5913806863527538,655.5555555555555
-89.75632911392405,ok,C1 OPT_ATM_WR50,UNITDSPR,Q1 FY24,9,2023-07-21,2023-08-21,False,-3.687626277246977,-1.9279352162188665,1040.0,47.4,5.85,close,fixed,4.553314121037464,-87.65822784810126
,entry_zero_volume,C1 OPT_ATM_WR50,ALKEM,Q2 FY24,10,2023-11-07,2023-11-30,True,17.172670520872792,9.26364250477525,,,,,,,
22.823240740740747,ok,C1 OPT_ATM_WR50,BAJAJ-AUTO,Q2 FY24,10,2023-10-19,2023-11-17,False,2.5458528545192074,1.9801120279078446,5500.0,135.0,169.9,close,fixed,2.4647405175955086,25.85185185185186
866.7762589928054,ok,C1 OPT_ATM_WR50,HINDPETRO,Q2 FY24,10,2023-11-07,2023-11-30,True,37.72701794316029,29.81798992706275,280.0,6.95,67.39999999999998,expiry_intrinsic,fixed,2.490146900752418,869.7841726618701
,entry_zero_volume,C1 OPT_ATM_WR50,PFC,Q2 FY24,10,2023-11-09,2023-12-08,False,38.52455498499343,30.388671239962406,,,,,,,
375.6126464507237,ok,C1 OPT_ATM_WR50,TRENT,Q2 FY24,10,2023-11-07,2023-11-30,True,18.14066420057039,10.23163618447285,2440.0,72.55,347.0,expiry_intrinsic,fixed,2.9794049403503005,378.2908339076499
195.08748243324632,ok,C1 OPT_ATM_WR50,BAJAJ-AUTO,Q3 FY24,11,2024-01-25,2024-02-23,False,10.879019301585972,6.830938412139243,7600.0,249.05,741.2,close,fixed,3.28204790300794,197.61092150170646
-21.625777414075287,ok,C1 OPT_ATM_WR50,CIPLA,Q3 FY24,11,2024-01-23,2024-02-21,False,2.54826357779692,-1.3149384863498246,1400.0,61.1,49.2,close,fixed,4.349683206378586,-19.476268412438625
51.850267119961224,ok,C1 OPT_ATM_WR50,CUMMINSIND,Q3 FY24,11,2024-02-08,2024-02-29,True,7.529430456956002,4.0279784782931936,2580.0,102.95,158.6500000000001,expiry_intrinsic,fixed,3.988300468756053,54.10393394851878
-102.57562344139652,ok,C1 OPT_ATM_WR50,GODREJCP,Q3 FY24,11,2024-02-01,2024-02-29,True,0.08108020381570116,-1.254051297812374,1260.0,40.1,0.0,expiry_intrinsic,fixed,3.1733470502116883,-100.0
-93.765,ok,C1 OPT_ATM_WR50,INDUSTOWER,Q3 FY24,11,2024-01-24,2024-02-22,False,-2.2574316530884007,-5.836216865135601,230.0,15.0,1.2,close,fixed,6.5359477124183005,-92.0
50.78390287769785,ok,C1 OPT_ATM_WR50,INFY,Q3 FY24,11,2024-01-12,2024-02-12,False,4.006092001703058,5.258098048870042,1620.0,55.6,85.2,close,fixed,3.4399554538142674,53.23741007194245
,entry_zero_volume,C1 OPT_ATM_WR50,NATIONALUM,Q3 FY24,11,2024-02-14,2024-03-13,False,-12.83836310512004,-13.580202111898885,,,,,,,
,entry_zero_volume,C1 OPT_ATM_WR50,NMDC,Q3 FY24,11,2024-02-15,2024-03-14,False,-18.392315725528672,-19.48895618740242,,,,,,,
254.66747220879648,ok,C1 OPT_ATM_WR50,OFSS,Q3 FY24,11,2024-01-18,2024-02-16,False,20.79097697029695,18.075779588848118,6500.0,413.8,1475.0,close,fixed,6.370073891625616,256.4523924601256
-1.1289193102540447,ok,C1 OPT_ATM_WR50,PERSISTENT,Q3 FY24,11,2024-01-23,2024-02-21,False,3.046478956272617,-0.8167231078741275,8300.0,379.85,383.5,close,fixed,4.587892842476508,0.9609056206397293
-29.371597096188587,ok,C1 OPT_ATM_WR50,TMPV,Q3 FY24,11,2024-02-05,2024-02-29,True,6.471124120682096,3.664479072293593,930.0,27.55,20.200000000000045,expiry_intrinsic,fixed,2.953631734119539,-26.678765880217625
-63.72559055118111,ok,C1 OPT_ATM_WR50,VOLTAS,Q3 FY24,11,2024-01-31,2024-02-28,False,1.4680626546992572,0.41035155678295204,1100.0,38.1,14.75,close,fixed,3.4734251071200655,-61.28608923884515
-2.8685803757828747,ok,C1 OPT_ATM_WR50,WIPRO,Q3 FY24,11,2024-01-15,2024-02-13,False,3.267128919517707,4.850028801630802,495.0,23.95,23.75,close,fixed,4.837895162104838,-0.8350730688935215
-41.76690541601256,ok,C1 OPT_ATM_WR50,ABB,Q4 FY24,12,2024-05-13,2024-06-10,False,0.8032051180804113,-4.442760259305189,8000.0,509.6,305.85,close,fixed,6.372947488213298,-39.98233908948195
73.31955445544557,ok,C1 OPT_ATM_WR50,BEL,Q4 FY24,12,2024-05-21,2024-06-19,False,12.651452313446514,8.250663953528983,275.0,20.2,35.35,close,fixed,7.348126591487814,75.00000000000003
155.50999999999985,ok,C1 OPT_ATM_WR50,BHARATFORG,Q4 FY24,12,2024-05-08,2024-05-30,True,6.679752961498967,5.23457641178482,1410.0,56.0,144.3499999999999,expiry_intrinsic,fixed,3.975014196479273,157.767857142857
-88.9071202531647,ok,C1 OPT_ATM_WR50,COALINDIA,Q4 FY24,12,2024-05-03,2024-05-30,True,3.327682423720616,3.0636427099834065,480.0,15.8,2.1499999999999773,expiry_intrinsic,fixed,3.3009505902016087,-86.39240506329129
,entry_zero_volume,C1 OPT_ATM_WR50,CONCOR,Q4 FY24,12,2024-05-17,2024-06-14,False,4.687247893057037,0.21832262342858083,,,,,,,
,entry_zero_volume,C1 OPT_ATM_WR50,CROMPTON,Q4 FY24,12,2024-05-17,2024-06-14,False,8.671549393298376,4.202624123669919,,,,,,,
31.896688963210718,ok,C1 OPT_ATM_WR50,GLENMARK,Q4 FY24,12,2024-05-27,2024-06-25,False,8.218046879297995,4.758161476735246,1120.0,74.75,99.9,close,fixed,6.6773862164455755,33.64548494983279
-102.26410748560461,ok,C1 OPT_ATM_WR50,GODREJCP,Q4 FY24,12,2024-05-07,2024-05-30,True,1.8037612434746588,3.6579905899604817,1320.0,52.1,0.0,expiry_intrinsic,fixed,3.9553598542362587,-100.0
65.87435441472087,ok,C1 OPT_ATM_WR50,HAL,Q4 FY24,12,2024-05-16,2024-06-13,False,10.60388339413865,6.142459263911016,4600.0,323.35,541.9,close,fixed,6.993543921878211,67.58929952064325
373.43571428571437,ok,C1 OPT_ATM_WR50,MOTHERSON,Q4 FY24,12,2024-05-29,2024-06-27,True,34.257896450183644,28.33691559599927,147.0,10.85,51.55000000000001,expiry_intrinsic,fixed,7.358426585283147,375.11520737327197
88.99716316681882,ok,C1 OPT_ATM_WR50,POLYCAB,Q4 FY24,12,2024-05-10,2024-06-07,False,11.052221668165243,5.432861879997365,6200.0,383.35,731.45,settle_fallback,fixed,6.1913029434327935,90.8047476196687
159.81115973741794,ok,C1 OPT_ATM_WR50,RECLTD,Q4 FY24,12,2024-04-30,2024-05-29,False,11.97629474640978,11.514575380875394,510.0,22.85,59.85,close,fixed,4.486550166895739,161.92560175054703
123.1937500000003,ok,C1 OPT_ATM_WR50,TVSMOTOR,Q4 FY24,12,2024-05-09,2024-05-30,True,16.044371746508105,12.089952982987652,2080.0,66.8,150.80000000000018,expiry_intrinsic,fixed,3.2159449245360228,125.74850299401228
,entry_zero_volume,C1 OPT_ATM_WR50,ZYDUSLIFE,Q4 FY24,12,2024-05-18,2024-06-18,False,-2.4345843572070556,-7.147056137493256,,,,,,,
130.49898363906794,ok,C1 OPT_ATM_WR50,COLPAL,Q1 FY25,13,2024-07-30,2024-08-28,False,6.604009174057061,5.799330226625111,3360.0,100.85,235.15,settle_fallback,fixed,2.9956483640522196,133.1680713931582
53.89837049742711,ok,C1 OPT_ATM_WR50,ICICIPRULI,Q1 FY25,13,2024-07-24,2024-08-22,False,5.411569789266583,3.76132422840887,690.0,29.15,45.5,settle_fallback,fixed,4.198775657184012,56.08919382504289
3.954957805907162,ok,C1 OPT_ATM_WR50,JUBLFOOD,Q1 FY25,13,2024-08-12,2024-09-10,False,2.0561352951452596,-0.8147292877602283,650.0,23.7,25.2,close,fixed,3.638596760574192,6.329113924050622
-102.82649456521739,ok,C1 OPT_ATM_WR50,MARICO,Q1 FY25,13,2024-08-05,2024-08-29,True,-4.945737496424859,-10.054989063627515,670.0,18.4,0.0,expiry_intrinsic,fixed,2.737484192516551,-100.0
-78.10492565055763,ok,C1 OPT_ATM_WR50,MPHASIS,Q1 FY25,13,2024-07-26,2024-08-26,False,-0.5016914985565745,-1.2293663989485601,3050.0,107.6,26.15,close,fixed,3.5513895306620897,-75.69702602230484
120.0410071942446,ok,C1 OPT_ATM_WR50,PETRONET,Q1 FY25,13,2024-07-24,2024-08-22,False,8.557898824581626,6.907653263723913,350.0,13.9,30.9,close,fixed,3.964632059326868,122.3021582733813
-49.56742868307932,ok,C1 OPT_ATM_WR50,TCS,Q1 FY25,13,2024-07-12,2024-08-12,False,0.10965217354581905,0.7228619122830362,4200.0,127.95,67.9,close,fixed,3.0580418494042854,-46.93239546697928
165.08791976903206,ok,C1 OPT_ATM_WR50,TRENT,Q1 FY25,13,2024-08-09,2024-09-09,False,13.555121640399806,11.20045456335046,6300.0,329.05,878.7,settle_fallback,fixed,5.2434904547917265,167.04148305728611
42.760689655172435,ok,C1 OPT_ATM_WR50,UNITDSPR,Q1 FY25,13,2024-07-24,2024-08-22,False,4.816084266928681,3.1658387060709683,1380.0,50.75,73.65,close,fixed,3.6698242823053002,45.12315270935963
-29.863750000000003,ok,C2 OPT_OTM5_WR50,BHARATFORG,Q4 FY21,0,2021-06-04,2021-07-02,False,2.6266439370295416,2.275124018712972,790.0,24.0,17.45,close,fixed,3.180492976411344,-27.29166666666667
,entry_zero_volume,C2 OPT_OTM5_WR50,BOSCHLTD,Q4 FY21,0,2021-05-20,2021-06-17,False,-2.984308752505712,-8.272974831044287,,,,,,,
-44.218447580645154,ok,C2 OPT_OTM5_WR50,CONCOR,Q4 FY21,0,2021-05-24,2021-06-21,False,7.618726920644229,3.987654192534064,670.0,24.8,14.4,close,fixed,3.8972263691364812,-41.93548387096774
,entry_zero_volume,C2 OPT_OTM5_WR50,ICICIPRULI,Q4 FY21,0,2021-04-20,2021-05-20,False,13.210043390465811,8.9256831319392,,,,,,,
-102.66042944785276,ok,C2 OPT_OTM5_WR50,MOTHERSON,Q4 FY21,0,2021-06-02,2021-06-24,True,-10.203458528143836,-11.156291953497897,285.0,8.15,0.0,expiry_intrinsic,fixed,3.0112691668206173,-100.0
-103.45422413793104,ok,C2 OPT_OTM5_WR50,MUTHOOTFIN,Q4 FY21,0,2021-06-02,2021-06-24,True,4.547634162065076,3.5948007367110137,1500.0,29.0,0.0,expiry_intrinsic,fixed,2.037303733885981,-100.0
,entry_zero_volume,C2 OPT_OTM5_WR50,UPL,Q4 FY21,0,2021-05-14,2021-06-11,False,12.187055987924337,4.525924483202904,,,,,,,
69.56782608695653,ok,C2 OPT_OTM5_WR50,WIPRO,Q4 FY21,0,2021-04-16,2021-05-18,False,8.110055449716773,4.736279073573902,495.0,11.5,19.85,close,fixed,2.449936088623775,72.60869565217392
,entry_zero_volume,C2 OPT_OTM5_WR50,APOLLOHOSP,Q1 FY22,1,2021-08-16,2021-09-15,False,10.116313745177832,4.322014929440377,,,,,,,
,entry_zero_volume,C2 OPT_OTM5_WR50,ASIANPAINT,Q1 FY22,1,2021-07-20,2021-08-18,False,-5.155674781096872,-11.16815179953968,,,,,,,
171.0459375,ok,C2 OPT_OTM5_WR50,MPHASIS,Q1 FY22,1,2021-07-23,2021-08-23,False,13.139476146973465,9.08063923614131,2650.0,80.0,218.9,settle_fallback,fixed,3.166435780724322,173.625
,entry_zero_volume,C2 OPT_OTM5_WR50,SIEMENS,Q1 FY22,1,2021-08-11,2021-09-09,False,1.6165352604592877,-5.0794462531521525,,,,,,,
-103.61610169491526,ok,C2 OPT_OTM5_WR50,SUNPHARMA,Q1 FY22,1,2021-07-30,2021-08-26,True,1.5420050940792054,-5.887728428303828,810.0,14.75,0.0,expiry_intrinsic,fixed,1.9112406867508909,-100.0
1400.2813333333334,ok,C2 OPT_OTM5_WR50,TECHM,Q1 FY22,1,2021-07-30,2021-08-26,True,17.1629154240726,9.733181901689571,1280.0,11.25,169.5,expiry_intrinsic,fixed,0.9284476355533547,1406.6666666666667
,entry_zero_volume,C2 OPT_OTM5_WR50,APOLLOHOSP,Q2 FY22,2,2021-11-15,2021-12-14,False,2.4092615337931758,6.7215300455370395,,,,,,,
-99.79139344262295,ok,C2 OPT_OTM5_WR50,ASHOKLEY,Q2 FY22,2,2021-11-15,2021-12-14,False,-17.362629896287793,-13.050361384543928,160.0,6.1,0.15,close,fixed,3.9986889544411666,-97.54098360655738
-102.6644,ok,C2 OPT_OTM5_WR50,BEL,Q2 FY22,2,2021-10-29,2021-11-25,True,-1.6686721691957693,2.2071157170514124,217.5,6.25,0.0,expiry_intrinsic,fixed,3.004085556356645,-100.0
-101.03883928571429,ok,C2 OPT_OTM5_WR50,FEDERALBNK,Q2 FY22,2,2021-10-22,2021-11-23,False,-10.901487060298328,-7.545536875643687,110.0,5.6,0.05,close,fixed,5.366554863440346,-99.10714285714286
-103.00405405405405,ok,C2 OPT_OTM5_WR50,ICICIBANK,Q2 FY22,2,2021-10-25,2021-11-24,False,-9.852794444395915,-5.953708520774902,880.0,18.5,0.05,close,fixed,2.1984551396316103,-99.72972972972973
-102.71330455259027,ok,C2 OPT_OTM5_WR50,INDIGO,Q2 FY22,2,2021-10-29,2021-11-25,True,-12.589549319937928,-8.713761433690745,2300.0,63.7,0.0,expiry_intrinsic,fixed,2.918336960256557,-100.0
-102.80544478527608,ok,C2 OPT_OTM5_WR50,INDUSINDBK,Q2 FY22,2,2021-10-28,2021-11-25,True,-24.026261512379676,-19.54780850309773,1240.0,32.6,0.0,expiry_intrinsic,fixed,2.7694006711124324,-100.0
,entry_zero_volume,C2 OPT_OTM5_WR50,LTM,Q2 FY22,2,2021-10-19,2021-11-17,False,7.734984608260635,10.538737577381765,,,,,,,
-98.13982758620689,ok,C2 OPT_OTM5_WR50,PIDILITIND,Q2 FY22,2,2021-11-11,2021-12-10,False,-6.162308098741383,-4.155296192913803,2600.0,58.0,2.9,close,fixed,2.336636854403352,-95.0
145.1424618320611,ok,C2 OPT_OTM5_WR50,TVSMOTOR,Q2 FY22,2,2021-10-22,2021-11-23,False,14.826781565749906,18.182731750404546,650.0,26.2,64.8,close,fixed,4.216625090528687,147.32824427480918
-98.2235,ok,C2 OPT_OTM5_WR50,WIPRO,Q2 FY22,2,2021-10-14,2021-11-15,False,-7.137891176592,-5.908610290153336,750.0,25.0,1.05,close,fixed,3.5124692658939236,-95.8
-97.0518796992481,ok,C2 OPT_OTM5_WR50,AXISBANK,Q3 FY22,3,2022-01-25,2022-02-23,False,3.1535883817902546,4.376212651451884,790.0,13.3,0.9,close,fixed,1.7738063483595627,-93.23308270676691
-97.19789272030651,ok,C2 OPT_OTM5_WR50,BANDHANBNK,Q3 FY22,3,2022-01-24,2022-02-22,False,-0.251214962331444,0.060580875350991936,325.0,13.05,0.65,close,fixed,4.24183325207216,-95.01915708812261
,entry_zero_volume,C2 OPT_OTM5_WR50,BANKBARODA,Q3 FY22,3,2022-02-07,2022-03-08,False,-13.892891954280625,-6.940788501197026,,,,,,,
,entry_zero_volume,C2 OPT_OTM5_WR50,MARUTI,Q3 FY22,3,2022-01-25,2022-02-23,False,0.9488558742453391,2.171480143906969,,,,,,,
-102.93293591654194,ok,C2 OPT_OTM5_WR50,BRITANNIA,Q4 FY22,4,2022-05-04,2022-05-26,True,4.72891708024357,5.637407990206623,3560.0,33.55,1.050000000000182,expiry_intrinsic,fixed,0.9876361495437149,-96.87034277198158
-103.93031609195403,ok,C2 OPT_OTM5_WR50,INDUSINDBK,Q4 FY22,4,2022-05-02,2022-05-26,True,-8.739867466551152,-5.921112054725108,1070.0,17.4,0.0,expiry_intrinsic,fixed,1.7063005638636919,-100.0
-102.80794602698651,ok,C2 OPT_OTM5_WR50,SHRIRAMFIN,Q4 FY22,4,2022-04-29,2022-05-26,True,-2.67824595313478,-0.1188060450509108,1260.0,33.35,0.0,expiry_intrinsic,fixed,2.765569284351936,-100.0
154.88311772315635,ok,C2 OPT_OTM5_WR50,BAJAJFINSV,Q1 FY23,5,2022-07-28,2022-08-25,True,9.694402720822408,7.4103208760062165,15250.0,386.5,996.2999999999993,expiry_intrinsic,fixed,2.6430061202858415,157.77490297542025
-73.19779411764705,ok,C2 OPT_OTM5_WR50,HINDALCO,Q1 FY23,5,2022-08-10,2022-09-09,False,-3.373801182661037,-5.096705415684032,460.0,13.6,4.0,close,fixed,3.106441297396071,-70.58823529411764
309.7395833333336,ok,C2 OPT_OTM5_WR50,IDFCFIRSTB,Q1 FY23,5,2022-08-01,2022-08-25,True,16.99328959908837,15.804031148276534,44.0,1.2,4.950000000000003,expiry_intrinsic,fixed,2.8402366863905324,312.5000000000003
220.96002538071065,ok,C2 OPT_OTM5_WR50,INDUSINDBK,Q1 FY23,5,2022-07-21,2022-08-22,False,11.337238456673274,5.984888747996787,1000.0,19.7,63.9,close,fixed,2.078607227644421,224.36548223350252
,entry_zero_volume,C2 OPT_OTM5_WR50,LUPIN,Q1 FY23,5,2022-08-04,2022-09-06,False,-1.2912965939737306,-2.8853387065039358,,,,,,,
,entry_zero_volume,C2 OPT_OTM5_WR50,MANAPPURAM,Q1 FY23,5,2022-08-05,2022-09-07,False,-2.296687283948636,-3.620897659002541,,,,,,,
-105.54650349650349,ok,C2 OPT_OTM5_WR50,SBILIFE,Q1 FY23,5,2022-07-29,2022-08-25,True,2.510781701368673,-1.0121979148509195,1370.0,14.3,0.0,expiry_intrinsic,fixed,1.0997462124125201,-100.0
-104.83882113821139,ok,C2 OPT_OTM5_WR50,SUNPHARMA,Q1 FY23,5,2022-07-29,2022-08-25,True,-5.487010133947175,-9.009989750166767,990.0,12.3,0.0,expiry_intrinsic,fixed,1.30248318949542,-100.0
-92.27293253536453,ok,C2 OPT_OTM5_WR50,ULTRACEMCO,Q1 FY23,5,2022-07-22,2022-08-23,False,0.39821798967896516,-4.753828818080862,6800.0,91.9,11.25,close,fixed,1.4226776992561518,-87.75843307943417
,entry_zero_volume,C2 OPT_OTM5_WR50,ADANIENT,Q2 FY23,6,2022-11-04,2022-12-05,False,2.3644088283477673,-0.8785042678069774,,,,,,,
-103.81879432624115,ok,C2 OPT_OTM5_WR50,AXISBANK,Q2 FY23,6,2022-10-21,2022-11-22,False,-3.5407244074884567,-7.360727821176215,940.0,14.1,0.05,close,fixed,1.5755950385517936,-99.64539007092199
,entry_zero_volume,C2 OPT_OTM5_WR50,BANKBARODA,Q2 FY23,6,2022-11-07,2022-12-06,False,9.96576254422468,7.528826688202518,,,,,,,
,entry_zero_volume,C2 OPT_OTM5_WR50,BOSCHLTD,Q2 FY23,6,2022-11-09,2022-12-07,False,-0.9485905763056045,-3.190873993169617,,,,,,,
,entry_zero_volume,C2 OPT_OTM5_WR50,GLENMARK,Q2 FY23,6,2022-11-14,2022-12-12,False,-1.4359667336432311,-2.37253951525067,,,,,,,
,entry_zero_volume,C2 OPT_OTM5_WR50,LUPIN,Q2 FY23,6,2022-11-10,2022-12-08,False,4.765016742900333,1.5214558771455846,,,,,,,
,entry_zero_volume,C2 OPT_OTM5_WR50,MANAPPURAM,Q2 FY23,6,2022-11-14,2022-12-12,False,0.08717563670764053,-0.8493971448997981,,,,,,,
-105.23773374888691,ok,C2 OPT_OTM5_WR50,MARUTI,Q2 FY23,6,2022-10-28,2022-11-24,True,-5.512615551054319,-9.895120329879079,10000.0,112.3,0.0,expiry_intrinsic,fixed,1.179875918658955,-100.0
,entry_zero_volume,C2 OPT_OTM5_WR50,PIIND,Q2 FY23,6,2022-11-09,2022-12-07,False,-4.476383825813487,-6.7186672426775,,,,,,,
-95.7303781297905,ok,C2 OPT_OTM5_WR50,APOLLOHOSP,Q3 FY23,7,2023-02-15,2023-03-16,False,-3.932345066794681,1.766230520812896,4700.0,97.85,7.4,close,fixed,2.1805742810344633,-92.43740419008687
-109.97300194931773,ok,C2 OPT_OTM5_WR50,BRITANNIA,Q3 FY23,7,2023-02-02,2023-02-23,True,-4.080959006314751,-2.46272250969911,4850.0,25.65,0.0,expiry_intrinsic,fixed,0.5572271162138971,-100.0
-104.58619047619048,ok,C2 OPT_OTM5_WR50,CHOLAFIN,Q3 FY23,7,2023-02-01,2023-02-23,True,2.0906032616984573,3.0095064365989646,790.0,10.5,0.0,expiry_intrinsic,fixed,1.3942371531005178,-100.0
,entry_zero_volume,C2 OPT_OTM5_WR50,CUMMINSIND,Q3 FY23,7,2023-02-09,2023-03-10,False,6.330468486435818,8.996088084668687,,,,,,,
-106.61733505821475,ok,C2 OPT_OTM5_WR50,DRREDDY,Q3 FY23,7,2023-01-27,2023-02-23,True,3.9352403399133298,4.702261729513059,4550.0,38.65,0.0,expiry_intrinsic,fixed,0.8901017917184838,-100.0
-104.2687165775401,ok,C2 OPT_OTM5_WR50,JINDALSTEL,Q3 FY23,7,2023-02-01,2023-02-23,True,-6.055728478976871,-5.136825304076363,640.0,9.35,0.0,expiry_intrinsic,fixed,1.5296523517382412,-100.0
440.20163616195225,ok,C2 OPT_OTM5_WR50,PERSISTENT,Q3 FY23,7,2023-01-19,2023-02-17,False,15.146515737240133,16.03026742504403,4400.0,90.15,490.0,close,fixed,2.13957683133774,443.53854686633383
-106.32826086956521,ok,C2 OPT_OTM5_WR50,RECLTD,Q3 FY23,7,2023-01-31,2023-02-23,True,-6.289108236486747,-4.28104257064199,129.0,1.15,0.0,expiry_intrinsic,fixed,0.938392492860057,-100.0
-103.67053571428572,ok,C2 OPT_OTM5_WR50,TMPV,Q3 FY23,7,2023-01-27,2023-02-23,True,-4.175852711494661,-3.4088313218949327,470.0,8.4,0.0,expiry_intrinsic,fixed,1.8722835172183216,-100.0
207.63921232876652,ok,C2 OPT_OTM5_WR50,ABB,Q4 FY23,8,2023-05-04,2023-05-25,True,8.04047730772233,6.749922196470016,3850.0,29.2,91.94999999999982,expiry_intrinsic,fixed,0.7989711877855912,214.897260273972
,entry_zero_volume,C2 OPT_OTM5_WR50,ASTRAL,Q4 FY23,8,2023-05-16,2023-06-13,False,18.83089671370324,16.46134923332152,,,,,,,
-92.21111111111111,ok,C2 OPT_OTM5_WR50,BHEL,Q4 FY23,8,2023-05-29,2023-06-26,False,0.7938608335860166,0.2762440710790694,88.0,1.8,0.2,close,fixed,2.1531100478468903,-88.88888888888889
526.363031914894,ok,C2 OPT_OTM5_WR50,CHOLAFIN,Q4 FY23,8,2023-05-04,2023-05-25,True,9.691095814088849,8.400540702836535,1000.0,9.4,59.450000000000045,expiry_intrinsic,fixed,0.9835207951870258,532.4468085106387
917.8945157526255,ok,C2 OPT_OTM5_WR50,DIXON,Q4 FY23,8,2023-05-24,2023-06-21,False,30.356697111982903,27.21152621060805,3700.0,85.7,874.95,close,fixed,2.4382610674860588,920.9451575262544
1.1510121457489815,ok,C2 OPT_OTM5_WR50,DLF,Q4 FY23,8,2023-05-15,2023-06-12,False,4.625445840398882,3.5040183055257814,490.0,12.35,12.85,close,fixed,2.6349477277576274,4.048582995951411
-68.5702407002188,ok,C2 OPT_OTM5_WR50,EICHERMOT,Q4 FY23,8,2023-05-12,2023-06-09,False,-1.412279079470565,-2.789651259346958,3800.0,68.55,24.05,close,fixed,1.8838628119160161,-64.9161196207148
-28.669,ok,C2 OPT_OTM5_WR50,MARICO,Q4 FY23,8,2023-05-08,2023-06-05,False,2.9296683415727367,1.1058861204212191,560.0,10.0,7.5,close,fixed,1.8733608092918699,-25.0
,entry_zero_volume,C2 OPT_OTM5_WR50,MUTHOOTFIN,Q4 FY23,8,2023-05-22,2023-06-19,False,4.838021443686905,2.4098071423720904,,,,,,,
-74.54662983425413,ok,C2 OPT_OTM5_WR50,NAUKRI,Q4 FY23,8,2023-05-26,2023-06-23,False,2.430199302385131,1.5120596380185272,4450.0,90.5,26.05,close,fixed,2.1448547186803815,-71.21546961325966
,entry_zero_volume,C2 OPT_OTM5_WR50,POLYCAB,Q4 FY23,8,2023-05-12,2023-06-09,False,4.5084385222233605,3.131066342346968,,,,,,,
77.18277027027055,ok,C2 OPT_OTM5_WR50,TORNTPHARM,Q4 FY23,8,2023-05-31,2023-06-28,True,6.24954841719814,3.8679936865351663,1900.0,29.6,53.65000000000009,expiry_intrinsic,fixed,1.630135477475493,81.25000000000028
,entry_zero_volume,C2 OPT_OTM5_WR50,TVSMOTOR,Q4 FY23,8,2023-05-05,2023-06-02,False,7.287093151829231,4.693071346527345,,,,,,,
-57.260000000000005,ok,C2 OPT_OTM5_WR50,ASHOKLEY,Q1 FY24,9,2023-07-21,2023-08-21,False,2.579522246577074,4.339213307605184,191.0,4.25,1.95,close,fixed,2.3338824821526636,-54.117647058823536
290.42430830039524,ok,C2 OPT_OTM5_WR50,BHARATFORG,Q1 FY24,9,2023-08-09,2023-08-31,True,14.703840624215774,14.202497141071715,1020.0,12.65,50.0,expiry_intrinsic,fixed,1.3045944412932502,295.25691699604744
-98.04387351778657,ok,C2 OPT_OTM5_WR50,COLPAL,Q1 FY24,9,2023-07-27,2023-08-25,False,-1.6435958083176736,0.3409922109499876,2100.0,25.3,1.75,close,fixed,1.2623490669593853,-93.08300395256917
-104.0062937062937,ok,C2 OPT_OTM5_WR50,LICHSGFIN,Q1 FY24,9,2023-08-04,2023-08-31,True,4.787214491894302,4.70675438019681,450.0,7.15,0.0,expiry_intrinsic,fixed,1.663177483135613,-100.0
,entry_zero_volume,C2 OPT_OTM5_WR50,MPHASIS,Q1 FY24,9,2023-07-21,2023-08-21,False,-0.7685317110284383,0.991159349999672,,,,,,,
275.7709459459459,ok,C2 OPT_OTM5_WR50,NMDC,Q1 FY24,9,2023-08-14,2023-09-12,False,14.825807419012387,11.931287556190751,125.0,3.7,14.0,close,fixed,3.110550651534258,278.3783783783784
430.8803642714571,ok,C2 OPT_OTM5_WR50,POLYCAB,Q1 FY24,9,2023-07-18,2023-08-16,False,17.406884007299997,18.826179170407453,4300.0,100.2,535.0,close,fixed,2.4369185869763483,433.9321357285429
1001.904794520548,ok,C2 OPT_OTM5_WR50,RECLTD,Q1 FY24,9,2023-07-27,2023-08-25,False,26.981964109474955,28.966552128742617,197.5,3.65,40.35,close,fixed,1.9420058526203778,1005.4794520547946
,entry_zero_volume,C2 OPT_OTM5_WR50,UNITDSPR,Q1 FY24,9,2023-07-21,2023-08-21,False,-3.687626277246977,-1.9279352162188665,,,,,,,
,entry_zero_volume,C2 OPT_OTM5_WR50,ALKEM,Q2 FY24,10,2023-11-07,2023-11-30,True,17.172670520872792,9.26364250477525,,,,,,,
,entry_zero_volume,C2 OPT_OTM5_WR50,BAJAJ-AUTO,Q2 FY24,10,2023-10-19,2023-11-17,False,2.5458528545192074,1.9801120279078446,,,,,,,
1637.4269841269836,ok,C2 OPT_OTM5_WR50,HINDPETRO,Q2 FY24,10,2023-11-07,2023-11-30,True,37.72701794316029,29.81798992706275,292.5,3.15,54.89999999999998,expiry_intrinsic,fixed,1.1286277319957003,1642.8571428571424
1311.0433333333333,ok,C2 OPT_OTM5_WR50,PFC,Q2 FY24,10,2023-11-09,2023-12-08,False,38.52455498499343,30.388671239962406,290.0,6.75,95.45,close,fixed,2.4621557541491885,1314.0740740740741
639.2704098360656,ok,C2 OPT_OTM5_WR50,TRENT,Q2 FY24,10,2023-11-07,2023-11-30,True,18.14066420057039,10.23163618447285,2560.0,30.5,227.0,expiry_intrinsic,fixed,1.2525410155848955,644.2622950819672
255.51925616197184,ok,C2 OPT_OTM5_WR50,BAJAJ-AUTO,Q3 FY24,11,2024-01-25,2024-02-23,False,10.879019301585972,6.830938412139243,7950.0,113.6,408.8,close,fixed,1.4970513623035615,259.85915492957747
,entry_zero_volume,C2 OPT_OTM5_WR50,CIPLA,Q3 FY24,11,2024-01-23,2024-02-21,False,2.54826357779692,-1.3149384863498246,,,,,,,
-67.9030505243087,ok,C2 OPT_OTM5_WR50,CUMMINSIND,Q3 FY24,11,2024-02-08,2024-02-29,True,7.529430456956002,4.0279784782931936,2720.0,52.45,18.65000000000009,expiry_intrinsic,fixed,2.031921899817921,-64.44232602478534
-104.81767371601208,ok,C2 OPT_OTM5_WR50,GODREJCP,Q3 FY24,11,2024-02-01,2024-02-29,True,0.08108020381570116,-1.254051297812374,1330.0,16.55,0.0,expiry_intrinsic,fixed,1.3096980967831282,-100.0
-89.92152466367713,ok,C2 OPT_OTM5_WR50,INDUSTOWER,Q3 FY24,11,2024-01-24,2024-02-22,False,-2.2574316530884007,-5.836216865135601,240.0,11.15,1.35,close,fixed,4.85838779956427,-87.89237668161435
7.597263157894748,ok,C2 OPT_OTM5_WR50,INFY,Q3 FY24,11,2024-01-12,2024-02-12,False,4.006092001703058,5.258098048870042,1700.0,23.75,26.6,close,fixed,1.4694054321598713,12.00000000000001
,entry_zero_volume,C2 OPT_OTM5_WR50,NATIONALUM,Q3 FY24,11,2024-02-14,2024-03-13,False,-12.83836310512004,-13.580202111898885,,,,,,,
-99.22070707070706,ok,C2 OPT_OTM5_WR50,NMDC,Q3 FY24,11,2024-02-15,2024-03-14,False,-18.392315725528672,-19.48895618740242,260.0,9.9,0.3,close,fixed,3.9967702866370614,-96.96969696969697
291.8034602076125,ok,C2 OPT_OTM5_WR50,OFSS,Q3 FY24,11,2024-01-18,2024-02-16,False,20.79097697029695,18.075779588848118,6800.0,289.0,1138.45,settle_fallback,fixed,4.448891625615763,293.92733564013844
-55.65630060203446,ok,C2 OPT_OTM5_WR50,PERSISTENT,Q3 FY24,11,2024-01-23,2024-02-21,False,3.046478956272617,-0.8167231078741275,8700.0,240.85,113.35,close,fixed,2.90902722419499,-52.93751297488063
-104.96914893617021,ok,C2 OPT_OTM5_WR50,TMPV,Q3 FY24,11,2024-02-05,2024-02-29,True,6.471124120682096,3.664479072293593,980.0,11.75,0.0,expiry_intrinsic,fixed,1.2597158938622353,-100.0
-98.4669191919192,ok,C2 OPT_OTM5_WR50,VOLTAS,Q3 FY24,11,2024-01-31,2024-02-28,False,1.4680626546992572,0.41035155678295204,1150.0,19.8,1.05,close,fixed,1.8050870635427112,-94.6969696969697
-23.88187022900763,ok,C2 OPT_OTM5_WR50,WIPRO,Q3 FY24,11,2024-01-15,2024-02-13,False,3.267128919517707,4.850028801630802,520.0,13.1,10.35,close,fixed,2.646197353802646,-20.992366412213737
,entry_zero_volume,C2 OPT_OTM5_WR50,ABB,Q4 FY24,12,2024-05-13,2024-06-10,False,0.8032051180804113,-4.442760259305189,,,,,,,
,entry_zero_volume,C2 OPT_OTM5_WR50,BEL,Q4 FY24,12,2024-05-21,2024-06-19,False,12.651452313446514,8.250663953528983,,,,,,,
122.16848484848457,ok,C2 OPT_OTM5_WR50,BHARATFORG,Q4 FY24,12,2024-05-08,2024-05-30,True,6.679752961498967,5.23457641178482,1480.0,33.0,74.34999999999991,expiry_intrinsic,fixed,2.3424190800681433,125.30303030303003
-103.75086206896552,ok,C2 OPT_OTM5_WR50,COALINDIA,Q4 FY24,12,2024-05-03,2024-05-30,True,3.327682423720616,3.0636427099834065,500.0,8.7,0.0,expiry_intrinsic,fixed,1.8176120338451895,-100.0
-53.73932346723045,ok,C2 OPT_OTM5_WR50,CONCOR,Q4 FY24,12,2024-05-17,2024-06-14,False,4.687247893057037,0.21832262342858083,1150.0,47.3,22.9,close,fixed,4.333883085944658,-51.58562367864694
,entry_zero_volume,C2 OPT_OTM5_WR50,CROMPTON,Q4 FY24,12,2024-05-17,2024-06-14,False,8.671549393298376,4.202624123669919,,,,,,,
-21.4092725409836,ok,C2 OPT_OTM5_WR50,GLENMARK,Q4 FY24,12,2024-05-27,2024-06-25,False,8.218046879297995,4.758161476735246,1180.0,48.8,39.4,close,fixed,4.359283576756443,-19.262295081967206
-103.30279720279721,ok,C2 OPT_OTM5_WR50,GODREJCP,Q4 FY24,12,2024-05-07,2024-05-30,True,1.8037612434746588,3.6579905899604817,1380.0,28.6,0.0,expiry_intrinsic,fixed,2.171272395991497,-100.0
,entry_zero_volume,C2 OPT_OTM5_WR50,HAL,Q4 FY24,12,2024-05-16,2024-06-13,False,10.60388339413865,6.142459263911016,,,,,,,
478.68366666666685,ok,C2 OPT_OTM5_WR50,MOTHERSON,Q4 FY24,12,2024-05-29,2024-06-27,True,34.257896450183644,28.33691559599927,155.0,7.5,43.55000000000001,expiry_intrinsic,fixed,5.0864699898270604,480.66666666666686
70.45643555227736,ok,C2 OPT_OTM5_WR50,POLYCAB,Q4 FY24,12,2024-05-10,2024-06-07,False,11.052221668165243,5.432861879997365,6500.0,271.15,468.0,close,fixed,4.3792142770622196,72.59819288216856
175.4384083044983,ok,C2 OPT_OTM5_WR50,RECLTD,Q4 FY24,12,2024-04-30,2024-05-29,False,11.97629474640978,11.514575380875394,530.0,14.45,40.2,close,fixed,2.8372275672491654,178.20069204152253
56.4728639240512,ok,C2 OPT_OTM5_WR50,TVSMOTOR,Q4 FY24,12,2024-05-09,2024-05-30,True,16.044371746508105,12.089952982987652,2180.0,31.6,50.80000000000018,expiry_intrinsic,fixed,1.5213152637026695,60.75949367088664
-99.42377384196186,ok,C2 OPT_OTM5_WR50,ZYDUSLIFE,Q4 FY24,12,2024-05-18,2024-06-18,False,-2.4345843572070556,-7.147056137493256,1200.0,36.7,1.15,close,fixed,3.210708192992433,-96.86648501362399
,entry_zero_volume,C2 OPT_OTM5_WR50,COLPAL,Q1 FY25,13,2024-07-30,2024-08-28,False,6.604009174057061,5.799330226625111,,,,,,,
,entry_zero_volume,C2 OPT_OTM5_WR50,ICICIPRULI,Q1 FY25,13,2024-07-24,2024-08-22,False,5.411569789266583,3.76132422840887,,,,,,,
,entry_zero_volume,C2 OPT_OTM5_WR50,JUBLFOOD,Q1 FY25,13,2024-08-12,2024-09-10,False,2.0561352951452596,-0.8147292877602283,,,,,,,
-105.87065217391304,ok,C2 OPT_OTM5_WR50,MARICO,Q1 FY25,13,2024-08-05,2024-08-29,True,-4.945737496424859,-10.054989063627515,705.0,6.9,0.0,expiry_intrinsic,fixed,1.0265565721937069,-100.0
-93.33785425101215,ok,C2 OPT_OTM5_WR50,MPHASIS,Q1 FY25,13,2024-07-26,2024-08-26,False,-0.5016914985565745,-1.2293663989485601,3200.0,49.4,5.3,close,fixed,1.6304706581292494,-89.27125506072875
85.53384615384617,ok,C2 OPT_OTM5_WR50,PETRONET,Q1 FY25,13,2024-07-24,2024-08-22,False,8.557898824581626,6.907653263723913,370.0,6.5,12.3,close,fixed,1.8539646320593268,89.23076923076924
-81.1628761061947,ok,C2 OPT_OTM5_WR50,TCS,Q1 FY25,13,2024-07-12,2024-08-12,False,0.10965217354581905,0.7228619122830362,4400.0,56.5,13.3,close,fixed,1.3503662719135765,-76.46017699115045
,entry_zero_volume,C2 OPT_OTM5_WR50,TRENT,Q1 FY25,13,2024-08-09,2024-09-09,False,13.555121640399806,11.20045456335046,,,,,,,
-40.1,ok,C2 OPT_OTM5_WR50,UNITDSPR,Q1 FY25,13,2024-07-24,2024-08-22,False,4.816084266928681,3.1658387060709683,1460.0,20.95,13.45,close,fixed,1.5149323884590353,-35.79952267303103
53.98563699469162,ok,C3 OPT_ATM_WIN,BAJFINANCE,Q4 FY21,0,2021-04-28,2021-05-27,True,7.429072198930235,4.224986572389234,5300.0,244.9,382.1999999999998,expiry_intrinsic,fixed,4.637950135881144,56.063699469171
,entry_zero_volume,C3 OPT_ATM_WIN,BHARATFORG,Q4 FY21,0,2021-06-04,2021-07-02,False,2.6266439370295416,2.275124018712972,,,,,,,
-89.76676197283773,ok,C3 OPT_ATM_WIN,BOSCHLTD,Q4 FY21,0,2021-05-20,2021-06-17,False,-2.984308752505712,-8.272974831044287,16000.0,839.4,102.25,close,fixed,5.273805634439949,-87.81868000953061
20.98084112149531,ok,C3 OPT_ATM_WIN,CONCOR,Q4 FY21,0,2021-05-24,2021-06-21,False,7.618726920644229,3.987654192534064,640.0,37.45,46.0,close,fixed,5.885126109845212,22.830440587449917
,entry_zero_volume,C3 OPT_ATM_WIN,GODREJCP,Q4 FY21,0,2021-05-12,2021-06-10,False,1.3079217375052945,-5.79709850540968,,,,,,,
,entry_zero_volume,C3 OPT_ATM_WIN,ICICIPRULI,Q4 FY21,0,2021-04-20,2021-05-20,False,13.210043390465811,8.9256831319392,,,,,,,
-101.97007168458781,ok,C3 OPT_ATM_WIN,MOTHERSON,Q4 FY21,0,2021-06-02,2021-06-24,True,-10.203458528143836,-11.156291953497897,270.0,13.95,0.0,expiry_intrinsic,fixed,5.154258267134677,-100.0
-24.504587542087386,ok,C3 OPT_ATM_WIN,MUTHOOTFIN,Q4 FY21,0,2021-06-02,2021-06-24,True,4.547634162065076,3.5948007367110137,1420.0,59.4,46.15000000000009,expiry_intrinsic,fixed,4.17296006182163,-22.30639730639715
-100.91988041853506,ok,C3 OPT_ATM_WIN,TVSMOTOR,Q4 FY21,0,2021-04-28,2021-05-27,True,0.534559306134378,-2.669526320406622,650.0,33.45,0.35000000000002274,expiry_intrinsic,fixed,5.174814356435644,-98.95366218236167
96.24529220779219,ok,C3 OPT_ATM_WIN,UPL,Q4 FY21,0,2021-05-14,2021-06-11,False,12.187055987924337,4.525924483202904,750.0,46.2,91.5,close,fixed,6.1984302676594885,98.05194805194803
84.53275488069414,ok,C3 OPT_ATM_WIN,WIPRO,Q4 FY21,0,2021-04-16,2021-05-18,False,8.110055449716773,4.736279073573902,470.0,23.05,43.0,close,fixed,4.910524073285045,86.55097613882863
,entry_zero_volume,C3 OPT_ATM_WIN,APOLLOHOSP,Q1 FY22,1,2021-08-16,2021-09-15,False,10.116313745177832,4.322014929440377,,,,,,,
-93.58529890199269,ok,C3 OPT_ATM_WIN,ASIANPAINT,Q1 FY22,1,2021-07-20,2021-08-18,False,-5.155674781096872,-11.16815179953968,3160.0,122.95,10.7,close,fixed,3.8819164890678035,-91.29727531516878
,entry_zero_volume,C3 OPT_ATM_WIN,BHARATFORG,Q1 FY22,1,2021-08-12,2021-09-13,False,-6.574824423435085,-12.650041846621994,,,,,,,
-98.69632701421801,ok,C3 OPT_ATM_WIN,CHOLAFIN,Q1 FY22,1,2021-08-02,2021-08-26,True,5.072668267355666,-2.7977454838522307,530.0,21.1,0.75,expiry_intrinsic,fixed,3.9973477313630763,-96.44549763033176
,entry_zero_volume,C3 OPT_ATM_WIN,JUBLFOOD,Q1 FY22,1,2021-07-22,2021-08-20,False,15.522653787835509,11.543806337277653,,,,,,,
271.1184597295709,ok,C3 OPT_ATM_WIN,MPHASIS,Q1 FY22,1,2021-07-23,2021-08-23,False,13.139476146973465,9.08063923614131,2550.0,85.05,317.75,settle_fallback,fixed,3.3663170393825452,273.6037624926514
,entry_zero_volume,C3 OPT_ATM_WIN,SIEMENS,Q1 FY22,1,2021-08-11,2021-09-09,False,1.6165352604592877,-5.0794462531521525,,,,,,,
-102.27985074626865,ok,C3 OPT_ATM_WIN,SUNPHARMA,Q1 FY22,1,2021-07-30,2021-08-26,True,1.5420050940792054,-5.887728428303828,770.0,30.15,0.0,expiry_intrinsic,fixed,3.9067055393586005,-100.0
664.5322742474916,ok,C3 OPT_ATM_WIN,TECHM,Q1 FY22,1,2021-07-30,2021-08-26,True,17.1629154240726,9.733181901689571,1220.0,29.9,229.5,expiry_intrinsic,fixed,2.467607493604027,667.5585284280936
-10.245937499999993,ok,C3 OPT_ATM_WIN,APOLLOHOSP,Q2 FY22,2,2021-11-15,2021-12-14,False,2.4092615337931758,6.7215300455370395,5100.0,272.0,249.4,close,fixed,5.335530316404794,-8.308823529411757
-96.34208633093526,ok,C3 OPT_ATM_WIN,ASHOKLEY,Q2 FY22,2,2021-11-15,2021-12-14,False,-17.362629896287793,-13.050361384543928,152.5,6.95,0.4,close,fixed,4.5558833169452635,-94.24460431654677
,entry_zero_volume,C3 OPT_ATM_WIN,BEL,Q2 FY22,2,2021-10-29,2021-11-25,True,-1.6686721691957693,2.2071157170514124,,,,,,,
,entry_zero_volume,C3 OPT_ATM_WIN,EICHERMOT,Q2 FY22,2,2021-11-04,2021-12-06,False,-8.341775539556547,-2.755026566525652,,,,,,,
-100.4021875,ok,C3 OPT_ATM_WIN,FEDERALBNK,Q2 FY22,2,2021-10-22,2021-11-23,False,-10.901487060298328,-7.545536875643687,104.0,8.0,0.1,close,fixed,7.666506947771921,-98.75
-102.07463768115942,ok,C3 OPT_ATM_WIN,ICICIBANK,Q2 FY22,2,2021-10-25,2021-11-24,False,-9.852794444395915,-5.953708520774902,840.0,34.5,0.05,close,fixed,4.09982174688057,-99.85507246376811
-101.9953260373917,ok,C3 OPT_ATM_WIN,INDIGO,Q2 FY22,2,2021-10-29,2021-11-25,True,-12.589549319937928,-8.713761433690745,2180.0,109.65,0.0,expiry_intrinsic,fixed,5.0234795556064595,-100.0
-102.11051886792453,ok,C3 OPT_ATM_WIN,INDUSINDBK,Q2 FY22,2,2021-10-28,2021-11-25,True,-24.026261512379676,-19.54780850309773,1180.0,53.0,0.0,expiry_intrinsic,fixed,4.502399864078495,-100.0
,entry_zero_volume,C3 OPT_ATM_WIN,LTM,Q2 FY22,2,2021-10-19,2021-11-17,False,7.734984608260635,10.538737577381765,,,,,,,
,entry_zero_volume,C3 OPT_ATM_WIN,PIDILITIND,Q2 FY22,2,2021-11-11,2021-12-10,False,-6.162308098741383,-4.155296192913803,,,,,,,
-28.63748449131513,ok,C3 OPT_ATM_WIN,PIIND,Q2 FY22,2,2021-11-15,2021-12-14,False,1.996246419993967,6.308514931737831,2900.0,161.2,118.1,close,fixed,5.552398174459657,-26.736972704714635
-101.954296875,ok,C3 OPT_ATM_WIN,SAIL,Q2 FY22,2,2021-11-01,2021-11-25,True,-18.293764204305006,-14.059637659726608,122.5,6.4,0.0,expiry_intrinsic,fixed,5.239459680720426,-100.0
,entry_zero_volume,C3 OPT_ATM_WIN,TRENT,Q2 FY22,2,2021-11-03,2021-12-03,False,-6.689249146693717,-3.1616979385632336,,,,,,,
138.11970284237725,ok,C3 OPT_ATM_WIN,TVSMOTOR,Q2 FY22,2,2021-10-22,2021-11-23,False,14.826781565749906,18.182731750404546,620.0,38.7,92.85,settle_fallback,fixed,6.228373702422146,139.92248062015503
36.42574916759163,ok,C3 OPT_ATM_WIN,UNITDSPR,Q2 FY22,2,2021-10-27,2021-11-25,True,0.14712322680024217,6.631451666557642,880.0,45.05,62.35000000000002,expiry_intrinsic,fixed,5.122811007505117,38.401775804661554
-99.50500000000018,ok,C3 OPT_ATM_WIN,VOLTAS,Q2 FY22,2,2021-10-29,2021-11-25,True,-0.4647271855964884,3.4110607006506934,1200.0,50.0,1.349999999999909,expiry_intrinsic,fixed,4.149377593360996,-97.30000000000018
-94.60550181378477,ok,C3 OPT_ATM_WIN,WIPRO,Q2 FY22,2,2021-10-14,2021-11-15,False,-7.137891176592,-5.908610290153336,710.0,41.35,3.0,close,fixed,5.8096241657885495,-92.74486094316808
-1.782260869565216,ok,C3 OPT_ATM_WIN,AXISBANK,Q3 FY22,3,2022-01-25,2022-02-23,False,3.1535883817902546,4.376212651451884,750.0,28.75,28.9,close,fixed,3.834355828220859,0.521739130434784
-85.72035519125683,ok,C3 OPT_ATM_WIN,BANDHANBNK,Q3 FY22,3,2022-01-24,2022-02-22,False,-0.251214962331444,0.060580875350991936,310.0,18.3,2.95,close,fixed,5.948317893710386,-83.87978142076503
,entry_zero_volume,C3 OPT_ATM_WIN,BANKBARODA,Q3 FY22,3,2022-02-07,2022-03-08,False,-13.892891954280625,-6.940788501197026,,,,,,,
2.410666666666663,ok,C3 OPT_ATM_WIN,BIOCON,Q3 FY22,3,2022-01-21,2022-02-21,False,2.5878898864821567,4.898005711118947,375.0,15.0,15.7,close,fixed,3.9808917197452227,4.666666666666663
-101.90622641509434,ok,C3 OPT_ATM_WIN,CANBK,Q3 FY22,3,2022-01-27,2022-02-24,True,-13.666670291519297,-8.647556081532825,240.0,13.25,0.0,expiry_intrinsic,fixed,5.5173849677285025,-100.0
-101.94689340101523,ok,C3 OPT_ATM_WIN,COFORGE,Q3 FY22,3,2022-01-28,2022-02-24,True,-4.654177070120355,-2.0806131782834623,4700.0,246.25,0.0,expiry_intrinsic,fixed,5.280425436104172,-100.0
,entry_zero_volume,C3 OPT_ATM_WIN,INDIGO,Q3 FY22,3,2022-02-07,2022-03-08,False,-26.49600985789836,-19.54390640481476,,,,,,,
-102.0581043956044,ok,C3 OPT_ATM_WIN,LICHSGFIN,Q3 FY22,3,2022-01-28,2022-02-24,True,-11.614597092513886,-9.041033200676994,385.0,18.2,0.0,expiry_intrinsic,fixed,4.725431650006492,-100.0
-69.18252726750859,ok,C3 OPT_ATM_WIN,MARUTI,Q3 FY22,3,2022-01-25,2022-02-23,False,0.9488558742453391,2.171480143906969,8600.0,348.4,115.15,close,fixed,4.053118656095674,-66.94890929965555
-101.97026893415068,ok,C3 OPT_ATM_WIN,NAUKRI,Q3 FY22,3,2022-01-31,2022-02-24,True,-9.28075869332041,-6.152230880219388,4900.0,252.85,0.0,expiry_intrinsic,fixed,5.153210438894154,-100.0
,entry_zero_volume,C3 OPT_ATM_WIN,BANDHANBNK,Q4 FY22,4,2022-05-13,2022-06-10,False,1.7673165133096616,-0.9117001605909212,,,,,,,
-54.5048245614035,ok,C3 OPT_ATM_WIN,BANKBARODA,Q4 FY22,4,2022-05-16,2022-06-13,False,-0.06985283121254335,0.3387465514528522,100.0,5.7,2.7,close,fixed,5.725765946760422,-52.63157894736842
-50.87215827338129,ok,C3 OPT_ATM_WIN,BHARATFORG,Q4 FY22,4,2022-05-16,2022-06-13,False,-0.5479714525707023,-0.13937206990530676,660.0,34.75,17.75,close,fixed,5.25599334492929,-48.92086330935251
68.61309207025032,ok,C3 OPT_ATM_WIN,BRITANNIA,Q4 FY22,4,2022-05-04,2022-05-26,True,4.72891708024357,5.637407990206623,3400.0,93.95,161.05000000000018,expiry_intrinsic,fixed,2.7656755961142183,71.4209686003195
-86.89986033519553,ok,C3 OPT_ATM_WIN,CROMPTON,Q4 FY22,4,2022-05-30,2022-06-27,False,-1.7342802934092814,3.2233926512412427,350.0,17.9,2.7,close,fixed,5.083061195513276,-84.91620111731844
-94.32768784730612,ok,C3 OPT_ATM_WIN,DIXON,Q4 FY22,4,2022-05-30,2022-06-27,False,-4.5837106903264555,0.37396225432406854,3800.0,206.95,15.7,close,fixed,5.470092247508789,-92.41362647982605
,entry_zero_volume,C3 OPT_ATM_WIN,EICHERMOT,Q4 FY22,4,2022-05-16,2022-06-13,False,2.9947031775147828,3.4033025601801783,,,,,,,
-99.24110383064516,ok,C3 OPT_ATM_WIN,INDIGO,Q4 FY22,4,2022-05-26,2022-06-23,False,-10.89017994691632,-7.116152062202818,1820.0,99.2,2.65,close,fixed,5.479603391609357,-97.32862903225806
-102.42224546722454,ok,C3 OPT_ATM_WIN,INDUSINDBK,Q4 FY22,4,2022-05-02,2022-05-26,True,-8.739867466551152,-5.921112054725108,1020.0,35.85,0.0,expiry_intrinsic,fixed,3.5155675410639864,-100.0
-83.96621004566211,ok,C3 OPT_ATM_WIN,ITC,Q4 FY22,4,2022-05-19,2022-06-16,False,-5.593550634952612,-2.7747332225271024,270.0,10.95,2.0,close,fixed,4.061572700296735,-81.7351598173516
-97.74936000000001,ok,C3 OPT_ATM_WIN,JUBLFOOD,Q4 FY22,4,2022-05-30,2022-06-27,False,-4.439196903756911,0.5184760408936131,570.0,31.25,1.3,close,fixed,5.498372481745403,-95.84
-76.86059322033898,ok,C3 OPT_ATM_WIN,ONGC,Q4 FY22,4,2022-05-31,2022-06-28,False,-1.4261953817576298,2.9817209620683918,152.5,5.9,1.5,close,fixed,3.8931045859452325,-74.57627118644068
-102.01174536058257,ok,C3 OPT_ATM_WIN,PERSISTENT,Q4 FY22,4,2022-04-28,2022-05-26,True,-17.865802990035494,-12.709824955758995,4300.0,212.85,0.0,expiry_intrinsic,fixed,4.9419549570466685,-100.0
-37.06939281288724,ok,C3 OPT_ATM_WIN,PIIND,Q4 FY22,4,2022-05-18,2022-06-15,False,-1.4186539221323478,1.9365916090462578,2600.0,121.05,78.7,close,fixed,4.613185975609756,-34.98554316398182
-22.88401015228426,ok,C3 OPT_ATM_WIN,RBLBANK,Q4 FY22,4,2022-05-13,2022-06-10,False,2.310812880454608,-0.3682037934459746,110.0,9.85,7.75,close,fixed,8.861898335582545,-21.319796954314718
-102.03956896551725,ok,C3 OPT_ATM_WIN,SHRIRAMFIN,Q4 FY22,4,2022-04-29,2022-05-26,True,-2.67824595313478,-0.1188060450509108,1200.0,58.0,0.0,expiry_intrinsic,fixed,4.80968571191641,-100.0
9.311290322580644,ok,C3 OPT_ATM_WIN,TMPV,Q4 FY22,4,2022-05-13,2022-06-10,False,5.704345831942907,3.025329158042324,410.0,23.25,25.85,close,fixed,5.737199259716225,11.18279569892473
145.26329391772276,ok,C3 OPT_ATM_WIN,BAJAJFINSV,Q1 FY23,5,2022-07-28,2022-08-25,True,9.694402720822408,7.4103208760062165,14500.0,706.15,1746.2999999999993,expiry_intrinsic,fixed,4.828871337231169,147.29873256390275
-66.17918367346938,ok,C3 OPT_ATM_WIN,HINDALCO,Q1 FY23,5,2022-08-10,2022-09-09,False,-3.373801182661037,-5.096705415684032,440.0,24.5,8.75,close,fixed,5.596162631338511,-64.28571428571428
245.44375000000014,ok,C3 OPT_ATM_WIN,IDFCFIRSTB,Q1 FY23,5,2022-08-01,2022-08-25,True,16.99328959908837,15.804031148276534,42.0,2.0,6.950000000000003,expiry_intrinsic,fixed,4.733727810650888,247.50000000000014
182.31416223404256,ok,C3 OPT_ATM_WIN,INDUSINDBK,Q1 FY23,5,2022-07-21,2022-08-22,False,11.337238456673274,5.984888747996787,950.0,37.6,107.0,close,fixed,3.9672909522553415,184.5744680851064
128.73901996370222,ok,C3 OPT_ATM_WIN,LAURUSLABS,Q1 FY23,5,2022-07-27,2022-08-25,True,10.232884051413475,4.702061904770672,510.0,27.55,63.549999999999955,expiry_intrinsic,fixed,5.362008563643442,130.67150635208696
,entry_zero_volume,C3 OPT_ATM_WIN,LUPIN,Q1 FY23,5,2022-08-04,2022-09-06,False,-1.2912965939737306,-2.8853387065039358,,,,,,,
,entry_zero_volume,C3 OPT_ATM_WIN,MANAPPURAM,Q1 FY23,5,2022-08-05,2022-09-07,False,-2.296687283948636,-3.620897659002541,,,,,,,
124.45484210526317,ok,C3 OPT_ATM_WIN,POLYCAB,Q1 FY23,5,2022-07-19,2022-08-18,False,9.111149635226683,-0.798052380617341,2250.0,95.0,215.3,settle_fallback,fixed,4.249038375525538,126.63157894736842
-102.69089726918075,ok,C3 OPT_ATM_WIN,SBILIFE,Q1 FY23,5,2022-07-29,2022-08-25,True,2.510781701368673,-1.0121979148509195,1300.0,38.45,0.0,expiry_intrinsic,fixed,2.957009920787511,-100.0
-102.55833333333334,ok,C3 OPT_ATM_WIN,SUNPHARMA,Q1 FY23,5,2022-07-29,2022-08-25,True,-5.487010133947175,-9.009989750166767,940.0,30.3,0.0,expiry_intrinsic,fixed,3.2085561497326203,-100.0
-70.507768616336,ok,C3 OPT_ATM_WIN,ULTRACEMCO,Q1 FY23,5,2022-07-22,2022-08-23,False,0.39821798967896516,-4.753828818080862,6500.0,194.05,62.4,close,fixed,3.0040327262312974,-67.8433393455295
,entry_zero_volume,C3 OPT_ATM_WIN,ADANIENT,Q2 FY23,6,2022-11-04,2022-12-05,False,2.3644088283477673,-0.8785042678069774,,,,,,,
-98.73610719322991,ok,C3 OPT_ATM_WIN,AXISBANK,Q2 FY23,6,2022-10-21,2022-11-22,False,-3.5407244074884567,-7.360727821176215,890.0,35.45,1.25,close,fixed,3.961336462174545,-96.47390691114246
,entry_zero_volume,C3 OPT_ATM_WIN,BANKBARODA,Q2 FY23,6,2022-11-07,2022-12-06,False,9.96576254422468,7.528826688202518,,,,,,,
,entry_zero_volume,C3 OPT_ATM_WIN,BOSCHLTD,Q2 FY23,6,2022-11-09,2022-12-07,False,-0.9485905763056045,-3.190873993169617,,,,,,,
100.56194620253164,ok,C3 OPT_ATM_WIN,BRITANNIA,Q2 FY23,6,2022-11-07,2022-12-06,False,6.717723933656287,4.280788077634124,4150.0,158.0,320.55,settle_fallback,fixed,3.794200636369094,102.87974683544303
-102.48132411067193,ok,C3 OPT_ATM_WIN,CHOLAFIN,Q2 FY23,6,2022-11-02,2022-11-24,True,-2.2916601275736546,-6.346698852110998,750.0,25.3,0.0,expiry_intrinsic,fixed,3.375358548462411,-100.0
,entry_zero_volume,C3 OPT_ATM_WIN,GLENMARK,Q2 FY23,6,2022-11-14,2022-12-12,False,-1.4359667336432311,-2.37253951525067,,,,,,,
,entry_zero_volume,C3 OPT_ATM_WIN,LUPIN,Q2 FY23,6,2022-11-10,2022-12-08,False,4.765016742900333,1.5214558771455846,,,,,,,
,entry_zero_volume,C3 OPT_ATM_WIN,MANAPPURAM,Q2 FY23,6,2022-11-14,2022-12-12,False,0.08717563670764053,-0.8493971448997981,,,,,,,
-102.61649966032608,ok,C3 OPT_ATM_WIN,MARUTI,Q2 FY23,6,2022-10-28,2022-11-24,True,-5.512615551054319,-9.895120329879079,9500.0,294.4,0.0,expiry_intrinsic,fixed,3.093103031640216,-100.0
-89.22501041666666,ok,C3 OPT_ATM_WIN,NAUKRI,Q2 FY23,6,2022-11-14,2022-12-12,False,-7.299349853086209,-8.235922634693647,4400.0,240.0,30.45,close,fixed,5.4793895046860195,-87.3125
,entry_zero_volume,C3 OPT_ATM_WIN,PIIND,Q2 FY23,6,2022-11-09,2022-12-07,False,-4.476383825813487,-6.7186672426775,,,,,,,
-86.03935581974011,ok,C3 OPT_ATM_WIN,APOLLOHOSP,Q3 FY23,7,2023-02-15,2023-03-16,False,-3.932345066794681,1.766230520812896,4500.0,180.85,29.3,close,fixed,4.030218280276777,-83.7987282278131
,entry_zero_volume,C3 OPT_ATM_WIN,AUROPHARMA,Q3 FY23,7,2023-02-10,2023-03-13,False,-4.478416115735492,-0.5659545471190173,,,,,,,
-40.1209706959707,ok,C3 OPT_ATM_WIN,BAJFINANCE,Q3 FY23,7,2023-01-30,2023-02-23,True,2.697928509842499,4.129856244920227,6100.0,163.8,102.75,expiry_intrinsic,fixed,2.702836493242909,-37.27106227106227
,entry_zero_volume,C3 OPT_ATM_WIN,BANDHANBNK,Q3 FY23,7,2023-02-06,2023-03-06,False,-1.8631270429428546,-1.5839365179662321,,,,,,,
-7.565022421524669,ok,C3 OPT_ATM_WIN,BANKBARODA,Q3 FY23,7,2023-02-03,2023-03-03,False,5.514592184660153,6.949164116518759,165.0,11.15,10.5,close,fixed,6.798780487804878,-5.829596412556059
-103.12616628175519,ok,C3 OPT_ATM_WIN,BRITANNIA,Q3 FY23,7,2023-02-02,2023-02-23,True,-4.080959006314751,-2.46272250969911,4600.0,108.25,0.0,expiry_intrinsic,fixed,2.3516505002009493,-100.0
-96.7038240917782,ok,C3 OPT_ATM_WIN,CHOLAFIN,Q3 FY23,7,2023-02-01,2023-02-23,True,2.0906032616984573,3.0095064365989646,750.0,26.15,1.5,expiry_intrinsic,fixed,3.4723144336741467,-94.26386233269598
,entry_zero_volume,C3 OPT_ATM_WIN,CUMMINSIND,Q3 FY23,7,2023-02-09,2023-03-10,False,6.330468486435818,8.996088084668687,,,,,,,
-6.408834951455962,ok,C3 OPT_ATM_WIN,DRREDDY,Q3 FY23,7,2023-01-27,2023-02-23,True,3.9352403399133298,4.702261729513059,4350.0,103.0,99.60000000000036,expiry_intrinsic,fixed,2.372069457878495,-3.3009708737860577
-57.86931818181818,ok,C3 OPT_ATM_WIN,GLENMARK,Q3 FY23,7,2023-02-13,2023-03-14,False,-1.7790999393466143,2.295234056117891,420.0,22.0,9.7,close,fixed,5.207100591715976,-55.90909090909091
-102.45444444444445,ok,C3 OPT_ATM_WIN,INDHOTEL,Q3 FY23,7,2023-02-01,2023-02-23,True,-3.751255985744358,-2.832352810843851,325.0,11.25,0.0,expiry_intrinsic,fixed,3.437738731856379,-100.0
-102.41821345707656,ok,C3 OPT_ATM_WIN,JINDALSTEL,Q3 FY23,7,2023-02-01,2023-02-23,True,-6.055728478976871,-5.136825304076363,610.0,21.55,0.0,expiry_intrinsic,fixed,3.525562372188139,-100.0
306.8500875912408,ok,C3 OPT_ATM_WIN,PERSISTENT,Q3 FY23,7,2023-01-19,2023-02-17,False,15.146515737240133,16.03026742504403,4200.0,171.25,700.55,close,fixed,4.06436530634041,309.0802919708029
-102.97661290322581,ok,C3 OPT_ATM_WIN,RECLTD,Q3 FY23,7,2023-01-31,2023-02-23,True,-6.289108236486747,-4.28104257064199,123.0,3.1,0.0,expiry_intrinsic,fixed,2.5295797633618933,-100.0
-102.41529968454259,ok,C3 OPT_ATM_WIN,TMPV,Q3 FY23,7,2023-01-27,2023-02-23,True,-4.175852711494661,-3.4088313218949327,450.0,15.85,0.0,expiry_intrinsic,fixed,3.5328206842750474,-100.0
,entry_zero_volume,C3 OPT_ATM_WIN,TRENT,Q3 FY23,7,2023-02-09,2023-03-10,False,-0.23705761397691746,2.4285619842559516,,,,,,,
138.94398437499987,ok,C3 OPT_ATM_WIN,TVSMOTOR,Q3 FY23,7,2023-01-25,2023-02-23,True,7.480063051109335,9.58783559686316,1040.0,32.0,77.29999999999995,expiry_intrinsic,fixed,3.0892503740889126,141.56249999999986
217.991368884002,ok,C3 OPT_ATM_WIN,ABB,Q4 FY23,8,2023-05-04,2023-05-25,True,8.04047730772233,6.749922196470016,3650.0,90.95,291.9499999999998,expiry_intrinsic,fixed,2.488576353736285,221.0005497526111
352.1599709934735,ok,C3 OPT_ATM_WIN,ASTRAL,Q4 FY23,8,2023-05-16,2023-06-13,False,18.83089671370324,16.46134923332152,1700.0,68.95,313.3,settle_fallback,fixed,4.0740959584022685,354.38723712835383
-74.18125,ok,C3 OPT_ATM_WIN,BHEL,Q4 FY23,8,2023-05-29,2023-06-26,False,0.7938608335860166,0.2762440710790694,84.0,3.2,0.9,close,fixed,3.8277511961722492,-71.875
334.0423076923079,ok,C3 OPT_ATM_WIN,CHOLAFIN,Q4 FY23,8,2023-05-04,2023-05-25,True,9.691095814088849,8.400540702836535,960.0,22.75,99.45000000000005,expiry_intrinsic,fixed,2.3803295840962595,337.14285714285734
232.9023453093812,ok,C3 OPT_ATM_WIN,DIVISLAB,Q4 FY23,8,2023-05-22,2023-06-19,False,9.623256412503837,7.1950421111890215,3260.0,100.2,336.2,settle_fallback,fixed,3.0739025063656165,235.52894211576842
546.1158460161146,ok,C3 OPT_ATM_WIN,DIXON,Q4 FY23,8,2023-05-24,2023-06-21,False,30.356697111982903,27.21152621060805,3500.0,167.55,1086.0,close,fixed,4.766985319221577,548.1647269471799
22.376941747572793,ok,C3 OPT_ATM_WIN,DLF,Q4 FY23,8,2023-05-15,2023-06-12,False,4.625445840398882,3.5040183055257814,470.0,20.6,25.65,close,fixed,4.395135481117986,24.514563106796096
,entry_zero_volume,C3 OPT_ATM_WIN,EICHERMOT,Q4 FY23,8,2023-05-12,2023-06-09,False,-1.412279079470565,-2.789651259346958,,,,,,,
,entry_zero_volume,C3 OPT_ATM_WIN,MARICO,Q4 FY23,8,2023-05-08,2023-06-05,False,2.9296683415727367,1.1058861204212191,,,,,,,
,entry_zero_volume,C3 OPT_ATM_WIN,MUTHOOTFIN,Q4 FY23,8,2023-05-22,2023-06-19,False,4.838021443686905,2.4098071423720904,,,,,,,
-29.09726657645468,ok,C3 OPT_ATM_WIN,NAUKRI,Q4 FY23,8,2023-05-26,2023-06-23,False,2.430199302385131,1.5120596380185272,4200.0,184.75,134.95,close,fixed,4.378584632886192,-26.95534506089311
22.969354250273607,ok,C3 OPT_ATM_WIN,POLYCAB,Q4 FY23,8,2023-05-12,2023-06-09,False,4.5084385222233605,3.131066342346968,3400.0,137.05,171.6,close,fixed,4.030882352941177,25.209777453484115
124.75187074829947,ok,C3 OPT_ATM_WIN,TORNTPHARM,Q4 FY23,8,2023-05-31,2023-06-28,True,6.24954841719814,3.8679936865351663,1820.0,58.8,133.6500000000001,expiry_intrinsic,fixed,3.238242097147263,127.29591836734708
129.50135281385278,ok,C3 OPT_ATM_WIN,TVSMOTOR,Q4 FY23,8,2023-05-05,2023-06-02,False,7.287093151829231,4.693071346527345,1220.0,46.2,107.1,settle_fallback,fixed,3.797000205465379,131.81818181818178
-25.893452380952386,ok,C3 OPT_ATM_WIN,ASHOKLEY,Q1 FY24,9,2023-07-21,2023-08-21,False,2.579522246577074,4.339213307605184,182.0,8.4,6.4,close,fixed,4.612850082372323,-23.809523809523814
227.4329207920792,ok,C3 OPT_ATM_WIN,BHARATFORG,Q1 FY24,9,2023-08-09,2023-08-31,True,14.703840624215774,14.202497141071715,970.0,30.3,100.0,expiry_intrinsic,fixed,3.1248388593822516,230.03300330033002
-86.65138888888889,ok,C3 OPT_ATM_WIN,COLPAL,Q1 FY24,9,2023-07-27,2023-08-25,False,-1.6435958083176736,0.3409922109499876,2000.0,64.8,10.3,close,fixed,3.2332102584572397,-84.10493827160494
-102.52446808510638,ok,C3 OPT_ATM_WIN,LICHSGFIN,Q1 FY24,9,2023-08-04,2023-08-31,True,4.787214491894302,4.70675438019681,430.0,14.1,0.0,expiry_intrinsic,fixed,3.2798325191905096,-100.0
,entry_zero_volume,C3 OPT_ATM_WIN,MFSL,Q1 FY24,9,2023-08-10,2023-09-08,False,9.23241644125508,7.795803928398871,,,,,,,
,entry_zero_volume,C3 OPT_ATM_WIN,MPHASIS,Q1 FY24,9,2023-07-21,2023-08-21,False,-0.7685317110284383,0.991159349999672,,,,,,,
202.20210084033616,ok,C3 OPT_ATM_WIN,NMDC,Q1 FY24,9,2023-08-14,2023-09-12,False,14.825807419012387,11.931287556190751,119.0,5.95,18.1,settle_fallback,fixed,5.002101723413198,204.20168067226894
313.9995252306023,ok,C3 OPT_ATM_WIN,POLYCAB,Q1 FY24,9,2023-07-18,2023-08-16,False,17.406884007299997,18.826179170407453,4100.0,184.3,766.9,settle_fallback,fixed,4.482276402991427,316.11502984264786
653.1633333333333,ok,C3 OPT_ATM_WIN,RECLTD,Q1 FY24,9,2023-07-27,2023-08-25,False,26.981964109474955,28.966552128742617,188.15,6.75,51.0,close,fixed,3.5913806863527538,655.5555555555555
327.9182683982682,ok,C3 OPT_ATM_WIN,TRENT,Q1 FY24,9,2023-08-09,2023-08-31,True,16.601078520908153,16.099735037764095,1800.0,57.75,248.5999999999999,expiry_intrinsic,fixed,3.209403134378126,330.47619047619025
-89.75632911392405,ok,C3 OPT_ATM_WIN,UNITDSPR,Q1 FY24,9,2023-07-21,2023-08-21,False,-3.687626277246977,-1.9279352162188665,1040.0,47.4,5.85,close,fixed,4.553314121037464,-87.65822784810126
,entry_zero_volume,C3 OPT_ATM_WIN,ALKEM,Q2 FY24,10,2023-11-07,2023-11-30,True,17.172670520872792,9.26364250477525,,,,,,,
22.823240740740747,ok,C3 OPT_ATM_WIN,BAJAJ-AUTO,Q2 FY24,10,2023-10-19,2023-11-17,False,2.5458528545192074,1.9801120279078446,5500.0,135.0,169.9,close,fixed,2.4647405175955086,25.85185185185186
285.40451388888886,ok,C3 OPT_ATM_WIN,CONCOR,Q2 FY24,10,2023-11-03,2023-11-30,True,12.040158155463248,4.447851519164848,720.0,14.4,56.0,expiry_intrinsic,fixed,2.0125786163522013,288.88888888888886
866.7762589928054,ok,C3 OPT_ATM_WIN,HINDPETRO,Q2 FY24,10,2023-11-07,2023-11-30,True,37.72701794316029,29.81798992706275,280.0,6.95,67.39999999999998,expiry_intrinsic,fixed,2.490146900752418,869.7841726618701
-28.33165789473684,ok,C3 OPT_ATM_WIN,LTM,Q2 FY24,10,2023-10-19,2023-11-17,False,0.9421613282136788,0.37642050160231605,5450.0,190.0,140.8,close,fixed,3.4796622896177865,-25.89473684210526
,entry_zero_volume,C3 OPT_ATM_WIN,PFC,Q2 FY24,10,2023-11-09,2023-12-08,False,38.52455498499343,30.388671239962406,,,,,,,
375.6126464507237,ok,C3 OPT_ATM_WIN,TRENT,Q2 FY24,10,2023-11-07,2023-11-30,True,18.14066420057039,10.23163618447285,2440.0,72.55,347.0,expiry_intrinsic,fixed,2.9794049403503005,378.2908339076499
167.39528814787968,ok,C3 OPT_ATM_WIN,ABB,Q3 FY24,11,2024-02-21,2024-03-20,False,14.855989495252956,15.815130326944574,5000.0,275.9,743.0,close,fixed,5.523744694482261,169.30047118521205
195.08748243324632,ok,C3 OPT_ATM_WIN,BAJAJ-AUTO,Q3 FY24,11,2024-01-25,2024-02-23,False,10.879019301585972,6.830938412139243,7600.0,249.05,741.2,close,fixed,3.28204790300794,197.61092150170646
-21.625777414075287,ok,C3 OPT_ATM_WIN,CIPLA,Q3 FY24,11,2024-01-23,2024-02-21,False,2.54826357779692,-1.3149384863498246,1400.0,61.1,49.2,close,fixed,4.349683206378586,-19.476268412438625
51.850267119961224,ok,C3 OPT_ATM_WIN,CUMMINSIND,Q3 FY24,11,2024-02-08,2024-02-29,True,7.529430456956002,4.0279784782931936,2580.0,102.95,158.6500000000001,expiry_intrinsic,fixed,3.988300468756053,54.10393394851878
-102.57562344139652,ok,C3 OPT_ATM_WIN,GODREJCP,Q3 FY24,11,2024-02-01,2024-02-29,True,0.08108020381570116,-1.254051297812374,1260.0,40.1,0.0,expiry_intrinsic,fixed,3.1733470502116883,-100.0
,entry_zero_volume,C3 OPT_ATM_WIN,GRASIM,Q3 FY24,11,2024-02-09,2024-03-07,False,2.57846058189433,-0.7058571043216708,,,,,,,
,entry_zero_volume,C3 OPT_ATM_WIN,ICICIGI,Q3 FY24,11,2024-01-17,2024-02-15,False,13.244019908008946,11.653461845339598,,,,,,,
-93.765,ok,C3 OPT_ATM_WIN,INDUSTOWER,Q3 FY24,11,2024-01-24,2024-02-22,False,-2.2574316530884007,-5.836216865135601,230.0,15.0,1.2,close,fixed,6.5359477124183005,-92.0
50.78390287769785,ok,C3 OPT_ATM_WIN,INFY,Q3 FY24,11,2024-01-12,2024-02-12,False,4.006092001703058,5.258098048870042,1620.0,55.6,85.2,close,fixed,3.4399554538142674,53.23741007194245
-102.31360544217686,ok,C3 OPT_ATM_WIN,MFSL,Q3 FY24,11,2024-02-07,2024-02-29,True,1.7305427688388422,-0.23104543024461283,970.0,36.75,0.0,expiry_intrinsic,fixed,3.8063179699637493,-100.0
,entry_zero_volume,C3 OPT_ATM_WIN,NATIONALUM,Q3 FY24,11,2024-02-14,2024-03-13,False,-12.83836310512004,-13.580202111898885,,,,,,,
,entry_zero_volume,C3 OPT_ATM_WIN,NMDC,Q3 FY24,11,2024-02-15,2024-03-14,False,-18.392315725528672,-19.48895618740242,,,,,,,
254.66747220879648,ok,C3 OPT_ATM_WIN,OFSS,Q3 FY24,11,2024-01-18,2024-02-16,False,20.79097697029695,18.075779588848118,6500.0,413.8,1475.0,close,fixed,6.370073891625616,256.4523924601256
-1.1289193102540447,ok,C3 OPT_ATM_WIN,PERSISTENT,Q3 FY24,11,2024-01-23,2024-02-21,False,3.046478956272617,-0.8167231078741275,8300.0,379.85,383.5,close,fixed,4.587892842476508,0.9609056206397293
-29.371597096188587,ok,C3 OPT_ATM_WIN,TMPV,Q3 FY24,11,2024-02-05,2024-02-29,True,6.471124120682096,3.664479072293593,930.0,27.55,20.200000000000045,expiry_intrinsic,fixed,2.953631734119539,-26.678765880217625
53.89295501936264,ok,C3 OPT_ATM_WIN,TRENT,Q3 FY24,11,2024-02-07,2024-02-29,True,6.615855455411993,4.654267256328538,3620.0,167.85,261.8000000000002,expiry_intrinsic,fixed,4.631175245216384,55.97259457849282
-63.72559055118111,ok,C3 OPT_ATM_WIN,VOLTAS,Q3 FY24,11,2024-01-31,2024-02-28,False,1.4680626546992572,0.41035155678295204,1100.0,38.1,14.75,close,fixed,3.4734251071200655,-61.28608923884515
-2.8685803757828747,ok,C3 OPT_ATM_WIN,WIPRO,Q3 FY24,11,2024-01-15,2024-02-13,False,3.267128919517707,4.850028801630802,495.0,23.95,23.75,close,fixed,4.837895162104838,-0.8350730688935215
-41.76690541601256,ok,C3 OPT_ATM_WIN,ABB,Q4 FY24,12,2024-05-13,2024-06-10,False,0.8032051180804113,-4.442760259305189,8000.0,509.6,305.85,close,fixed,6.372947488213298,-39.98233908948195
28.707223796034018,ok,C3 OPT_ATM_WIN,AXISBANK,Q4 FY24,12,2024-04-25,2024-05-24,False,4.00036746428594,2.2668362164320013,1130.0,35.3,46.35,close,fixed,3.1330434010828077,31.303116147308806
73.31955445544557,ok,C3 OPT_ATM_WIN,BEL,Q4 FY24,12,2024-05-21,2024-06-19,False,12.651452313446514,8.250663953528983,275.0,20.2,35.35,close,fixed,7.348126591487814,75.00000000000003
155.50999999999985,ok,C3 OPT_ATM_WIN,BHARATFORG,Q4 FY24,12,2024-05-08,2024-05-30,True,6.679752961498967,5.23457641178482,1410.0,56.0,144.3499999999999,expiry_intrinsic,fixed,3.975014196479273,157.767857142857
-64.63890845070422,ok,C3 OPT_ATM_WIN,BPCL,Q4 FY24,12,2024-05-10,2024-06-07,False,-3.2169500995786824,-8.83630988774656,620.0,42.6,15.8,close,fixed,6.867091158217136,-62.91079812206573
-29.966389197188178,ok,C3 OPT_ATM_WIN,BRITANNIA,Q4 FY24,12,2024-05-06,2024-05-30,True,1.9281585578145446,-1.7509377184802042,5100.0,135.15,98.55000000000018,expiry_intrinsic,fixed,2.6520020015109447,-27.081021087680224
-88.9071202531647,ok,C3 OPT_ATM_WIN,COALINDIA,Q4 FY24,12,2024-05-03,2024-05-30,True,3.327682423720616,3.0636427099834065,480.0,15.8,2.1499999999999773,expiry_intrinsic,fixed,3.3009505902016087,-86.39240506329129
,entry_zero_volume,C3 OPT_ATM_WIN,CONCOR,Q4 FY24,12,2024-05-17,2024-06-14,False,4.687247893057037,0.21832262342858083,,,,,,,
,entry_zero_volume,C3 OPT_ATM_WIN,CROMPTON,Q4 FY24,12,2024-05-17,2024-06-14,False,8.671549393298376,4.202624123669919,,,,,,,
31.896688963210718,ok,C3 OPT_ATM_WIN,GLENMARK,Q4 FY24,12,2024-05-27,2024-06-25,False,8.218046879297995,4.758161476735246,1120.0,74.75,99.9,close,fixed,6.6773862164455755,33.64548494983279
-102.26410748560461,ok,C3 OPT_ATM_WIN,GODREJCP,Q4 FY24,12,2024-05-07,2024-05-30,True,1.8037612434746588,3.6579905899604817,1320.0,52.1,0.0,expiry_intrinsic,fixed,3.9553598542362587,-100.0
65.87435441472087,ok,C3 OPT_ATM_WIN,HAL,Q4 FY24,12,2024-05-16,2024-06-13,False,10.60388339413865,6.142459263911016,4600.0,323.35,541.9,close,fixed,6.993543921878211,67.58929952064325
-70.65445783132532,ok,C3 OPT_ATM_WIN,ICICIGI,Q4 FY24,12,2024-04-18,2024-05-17,False,-2.5411972608419395,-4.699100547143663,1720.0,41.5,13.45,close,fixed,2.422367499416297,-67.59036144578315
60.5346730245229,ok,C3 OPT_ATM_WIN,KOTAKBANK,Q4 FY24,12,2024-05-06,2024-05-30,True,5.601712550711161,1.9226162744164124,1630.0,36.7,60.09999999999991,expiry_intrinsic,fixed,2.2466407517370146,63.76021798365097
373.43571428571437,ok,C3 OPT_ATM_WIN,MOTHERSON,Q4 FY24,12,2024-05-29,2024-06-27,True,34.257896450183644,28.33691559599927,147.0,10.85,51.55000000000001,expiry_intrinsic,fixed,7.358426585283147,375.11520737327197
88.99716316681882,ok,C3 OPT_ATM_WIN,POLYCAB,Q4 FY24,12,2024-05-10,2024-06-07,False,11.052221668165243,5.432861879997365,6200.0,383.35,731.45,settle_fallback,fixed,6.1913029434327935,90.8047476196687
159.81115973741794,ok,C3 OPT_ATM_WIN,RECLTD,Q4 FY24,12,2024-04-30,2024-05-29,False,11.97629474640978,11.514575380875394,510.0,22.85,59.85,close,fixed,4.486550166895739,161.92560175054703
7.4266707920792285,ok,C3 OPT_ATM_WIN,TECHM,Q4 FY24,12,2024-04-26,2024-05-27,False,3.8143533840575152,1.5084428445603328,1290.0,40.4,44.45,close,fixed,3.128751210067764,10.024752475247546
123.1937500000003,ok,C3 OPT_ATM_WIN,TVSMOTOR,Q4 FY24,12,2024-05-09,2024-05-30,True,16.044371746508105,12.089952982987652,2080.0,66.8,150.80000000000018,expiry_intrinsic,fixed,3.2159449245360228,125.74850299401228
,entry_zero_volume,C3 OPT_ATM_WIN,UPL,Q4 FY24,12,2024-05-13,2024-06-10,False,3.087819679885987,-2.1581456974996125,,,,,,,
,entry_zero_volume,C3 OPT_ATM_WIN,ZYDUSLIFE,Q4 FY24,12,2024-05-18,2024-06-18,False,-2.4345843572070556,-7.147056137493256,,,,,,,
-100.50524390243902,ok,C3 OPT_ATM_WIN,BANDHANBNK,Q1 FY25,13,2024-07-29,2024-08-27,False,-8.307243352716894,-9.058638378505966,220.0,8.2,0.15,close,fixed,3.7466873800603118,-98.17073170731707
130.49898363906794,ok,C3 OPT_ATM_WIN,COLPAL,Q1 FY25,13,2024-07-30,2024-08-28,False,6.604009174057061,5.799330226625111,3360.0,100.85,235.15,settle_fallback,fixed,2.9956483640522196,133.1680713931582
-102.54830648492359,ok,C3 OPT_ATM_WIN,CUMMINSIND,Q1 FY25,13,2024-08-07,2024-08-29,True,2.30561483632186,-1.2028098987331801,3750.0,121.05,0.0,expiry_intrinsic,fixed,3.2293347917139084,-100.0
,entry_zero_volume,C3 OPT_ATM_WIN,EICHERMOT,Q1 FY25,13,2024-08-09,2024-09-09,False,-1.8934027936857354,-4.248069870735082,,,,,,,
53.89837049742711,ok,C3 OPT_ATM_WIN,ICICIPRULI,Q1 FY25,13,2024-07-24,2024-08-22,False,5.411569789266583,3.76132422840887,690.0,29.15,45.5,settle_fallback,fixed,4.198775657184012,56.08919382504289
-72.63571428571427,ok,C3 OPT_ATM_WIN,INDHOTEL,Q1 FY25,13,2024-07-22,2024-08-20,False,-0.8470384166550514,-1.6406238996869535,620.0,29.05,8.55,close,fixed,4.682840332070605,-70.56798623063682
3.954957805907162,ok,C3 OPT_ATM_WIN,JUBLFOOD,Q1 FY25,13,2024-08-12,2024-09-10,False,2.0561352951452596,-0.8147292877602283,650.0,23.7,25.2,close,fixed,3.638596760574192,6.329113924050622
-102.82649456521739,ok,C3 OPT_ATM_WIN,MARICO,Q1 FY25,13,2024-08-05,2024-08-29,True,-4.945737496424859,-10.054989063627515,670.0,18.4,0.0,expiry_intrinsic,fixed,2.737484192516551,-100.0
-78.10492565055763,ok,C3 OPT_ATM_WIN,MPHASIS,Q1 FY25,13,2024-07-26,2024-08-26,False,-0.5016914985565745,-1.2293663989485601,3050.0,107.6,26.15,close,fixed,3.5513895306620897,-75.69702602230484
-57.74555436529191,ok,C3 OPT_ATM_WIN,OBEROIRLTY,Q1 FY25,13,2024-07-22,2024-08-20,False,0.480795183625652,-0.3127902994062502,1740.0,93.35,41.25,close,fixed,5.352791077725852,-55.81146223888591
120.0410071942446,ok,C3 OPT_ATM_WIN,PETRONET,Q1 FY25,13,2024-07-24,2024-08-22,False,8.557898824581626,6.907653263723913,350.0,13.9,30.9,close,fixed,3.964632059326868,122.3021582733813
-100.23958333333333,ok,C3 OPT_ATM_WIN,PNB,Q1 FY25,13,2024-07-29,2024-08-27,False,-8.862922691798643,-9.614317717587715,127.5,4.8,0.1,close,fixed,3.779527559055118,-97.91666666666666
103.98837659821773,ok,C3 OPT_ATM_WIN,SHRIRAMFIN,Q1 FY25,13,2024-07-26,2024-08-26,False,7.93767564444661,7.210000744054624,2900.0,129.05,266.0,close,fixed,4.411965811965812,106.12165827198758
-49.56742868307932,ok,C3 OPT_ATM_WIN,TCS,Q1 FY25,13,2024-07-12,2024-08-12,False,0.10965217354581905,0.7228619122830362,4200.0,127.95,67.9,close,fixed,3.0580418494042854,-46.93239546697928
165.08791976903206,ok,C3 OPT_ATM_WIN,TRENT,Q1 FY25,13,2024-08-09,2024-09-09,False,13.555121640399806,11.20045456335046,6300.0,329.05,878.7,settle_fallback,fixed,5.2434904547917265,167.04148305728611
42.760689655172435,ok,C3 OPT_ATM_WIN,UNITDSPR,Q1 FY25,13,2024-07-24,2024-08-22,False,4.816084266928681,3.1658387060709683,1380.0,50.75,73.65,close,fixed,3.6698242823053002,45.12315270935963
241.40954454119216,ok,C3 OPT_ATM_WIN,VOLTAS,Q1 FY25,13,2024-08-12,2024-09-10,False,15.472462809309098,12.601598226403611,1580.0,74.65,256.4,settle_fallback,fixed,4.717070550693502,243.46952444742124
11.014862757329876,ok,C4 OPT_OTM5_WIN,BAJFINANCE,Q4 FY21,0,2021-04-28,2021-05-27,True,7.429072198930235,4.224986572389234,5500.0,160.3,182.19999999999982,expiry_intrinsic,fixed,3.0357836128286952,13.661883967560694
-29.863750000000003,ok,C4 OPT_OTM5_WIN,BHARATFORG,Q4 FY21,0,2021-06-04,2021-07-02,False,2.6266439370295416,2.275124018712972,790.0,24.0,17.45,close,fixed,3.180492976411344,-27.29166666666667
,entry_zero_volume,C4 OPT_OTM5_WIN,BOSCHLTD,Q4 FY21,0,2021-05-20,2021-06-17,False,-2.984308752505712,-8.272974831044287,,,,,,,
-44.218447580645154,ok,C4 OPT_OTM5_WIN,CONCOR,Q4 FY21,0,2021-05-24,2021-06-21,False,7.618726920644229,3.987654192534064,670.0,24.8,14.4,close,fixed,3.8972263691364812,-41.93548387096774
,entry_zero_volume,C4 OPT_OTM5_WIN,GODREJCP,Q4 FY21,0,2021-05-12,2021-06-10,False,1.3079217375052945,-5.79709850540968,,,,,,,
,entry_zero_volume,C4 OPT_OTM5_WIN,ICICIPRULI,Q4 FY21,0,2021-04-20,2021-05-20,False,13.210043390465811,8.9256831319392,,,,,,,
-102.66042944785276,ok,C4 OPT_OTM5_WIN,MOTHERSON,Q4 FY21,0,2021-06-02,2021-06-24,True,-10.203458528143836,-11.156291953497897,285.0,8.15,0.0,expiry_intrinsic,fixed,3.0112691668206173,-100.0
-103.45422413793104,ok,C4 OPT_OTM5_WIN,MUTHOOTFIN,Q4 FY21,0,2021-06-02,2021-06-24,True,4.547634162065076,3.5948007367110137,1500.0,29.0,0.0,expiry_intrinsic,fixed,2.037303733885981,-100.0
-102.51737089201877,ok,C4 OPT_OTM5_WIN,TVSMOTOR,Q4 FY21,0,2021-04-28,2021-05-27,True,0.534559306134378,-2.669526320406622,680.0,21.3,0.0,expiry_intrinsic,fixed,3.295173267326733,-100.0
,entry_zero_volume,C4 OPT_OTM5_WIN,UPL,Q4 FY21,0,2021-05-14,2021-06-11,False,12.187055987924337,4.525924483202904,,,,,,,
69.56782608695653,ok,C4 OPT_OTM5_WIN,WIPRO,Q4 FY21,0,2021-04-16,2021-05-18,False,8.110055449716773,4.736279073573902,495.0,11.5,19.85,close,fixed,2.449936088623775,72.60869565217392
,entry_zero_volume,C4 OPT_OTM5_WIN,APOLLOHOSP,Q1 FY22,1,2021-08-16,2021-09-15,False,10.116313745177832,4.322014929440377,,,,,,,
,entry_zero_volume,C4 OPT_OTM5_WIN,ASIANPAINT,Q1 FY22,1,2021-07-20,2021-08-18,False,-5.155674781096872,-11.16815179953968,,,,,,,
,entry_zero_volume,C4 OPT_OTM5_WIN,BHARATFORG,Q1 FY22,1,2021-08-12,2021-09-13,False,-6.574824423435085,-12.650041846621994,,,,,,,
-102.97696629213483,ok,C4 OPT_OTM5_WIN,CHOLAFIN,Q1 FY22,1,2021-08-02,2021-08-26,True,5.072668267355666,-2.7977454838522307,550.0,13.35,0.0,expiry_intrinsic,fixed,2.529127593066212,-100.0
421.1346100759144,ok,C4 OPT_OTM5_WIN,JUBLFOOD,Q1 FY22,1,2021-07-22,2021-08-20,False,15.522653787835509,11.543806337277653,3600.0,72.45,380.0,close,fixed,2.1141248048556296,424.4996549344375
171.0459375,ok,C4 OPT_OTM5_WIN,MPHASIS,Q1 FY22,1,2021-07-23,2021-08-23,False,13.139476146973465,9.08063923614131,2650.0,80.0,218.9,settle_fallback,fixed,3.166435780724322,173.625
,entry_zero_volume,C4 OPT_OTM5_WIN,SIEMENS,Q1 FY22,1,2021-08-11,2021-09-09,False,1.6165352604592877,-5.0794462531521525,,,,,,,
-103.61610169491526,ok,C4 OPT_OTM5_WIN,SUNPHARMA,Q1 FY22,1,2021-07-30,2021-08-26,True,1.5420050940792054,-5.887728428303828,810.0,14.75,0.0,expiry_intrinsic,fixed,1.9112406867508909,-100.0
1400.2813333333334,ok,C4 OPT_OTM5_WIN,TECHM,Q1 FY22,1,2021-07-30,2021-08-26,True,17.1629154240726,9.733181901689571,1280.0,11.25,169.5,expiry_intrinsic,fixed,0.9284476355533547,1406.6666666666667
,entry_zero_volume,C4 OPT_OTM5_WIN,APOLLOHOSP,Q2 FY22,2,2021-11-15,2021-12-14,False,2.4092615337931758,6.7215300455370395,,,,,,,
-99.79139344262295,ok,C4 OPT_OTM5_WIN,ASHOKLEY,Q2 FY22,2,2021-11-15,2021-12-14,False,-17.362629896287793,-13.050361384543928,160.0,6.1,0.15,close,fixed,3.9986889544411666,-97.54098360655738
-102.6644,ok,C4 OPT_OTM5_WIN,BEL,Q2 FY22,2,2021-10-29,2021-11-25,True,-1.6686721691957693,2.2071157170514124,217.5,6.25,0.0,expiry_intrinsic,fixed,3.004085556356645,-100.0
-96.43137499999999,ok,C4 OPT_OTM5_WIN,EICHERMOT,Q2 FY22,2,2021-11-04,2021-12-06,False,-8.341775539556547,-2.755026566525652,2800.0,100.0,5.9,close,fixed,3.7555159139986856,-94.1
-101.03883928571429,ok,C4 OPT_OTM5_WIN,FEDERALBNK,Q2 FY22,2,2021-10-22,2021-11-23,False,-10.901487060298328,-7.545536875643687,110.0,5.6,0.05,close,fixed,5.366554863440346,-99.10714285714286
-103.00405405405405,ok,C4 OPT_OTM5_WIN,ICICIBANK,Q2 FY22,2,2021-10-25,2021-11-24,False,-9.852794444395915,-5.953708520774902,880.0,18.5,0.05,close,fixed,2.1984551396316103,-99.72972972972973
-102.71330455259027,ok,C4 OPT_OTM5_WIN,INDIGO,Q2 FY22,2,2021-10-29,2021-11-25,True,-12.589549319937928,-8.713761433690745,2300.0,63.7,0.0,expiry_intrinsic,fixed,2.918336960256557,-100.0
-102.80544478527608,ok,C4 OPT_OTM5_WIN,INDUSINDBK,Q2 FY22,2,2021-10-28,2021-11-25,True,-24.026261512379676,-19.54780850309773,1240.0,32.6,0.0,expiry_intrinsic,fixed,2.7694006711124324,-100.0
,entry_zero_volume,C4 OPT_OTM5_WIN,LTM,Q2 FY22,2,2021-10-19,2021-11-17,False,7.734984608260635,10.538737577381765,,,,,,,
-98.13982758620689,ok,C4 OPT_OTM5_WIN,PIDILITIND,Q2 FY22,2,2021-11-11,2021-12-10,False,-6.162308098741383,-4.155296192913803,2600.0,58.0,2.9,close,fixed,2.336636854403352,-95.0
,entry_zero_volume,C4 OPT_OTM5_WIN,PIIND,Q2 FY22,2,2021-11-15,2021-12-14,False,1.996246419993967,6.308514931737831,,,,,,,
-102.29946808510638,ok,C4 OPT_OTM5_WIN,SAIL,Q2 FY22,2,2021-11-01,2021-11-25,True,-18.293764204305006,-14.059637659726608,127.5,4.7,0.0,expiry_intrinsic,fixed,3.8477282030290625,-100.0
,entry_zero_volume,C4 OPT_OTM5_WIN,TRENT,Q2 FY22,2,2021-11-03,2021-12-03,False,-6.689249146693717,-3.1616979385632336,,,,,,,
145.1424618320611,ok,C4 OPT_OTM5_WIN,TVSMOTOR,Q2 FY22,2,2021-10-22,2021-11-23,False,14.826781565749906,18.182731750404546,650.0,26.2,64.8,close,fixed,4.216625090528687,147.32824427480918
-31.99118110236213,ok,C4 OPT_OTM5_WIN,UNITDSPR,Q2 FY22,2,2021-10-27,2021-11-25,True,0.14712322680024217,6.631451666557642,920.0,31.75,22.350000000000023,expiry_intrinsic,fixed,3.6104161928587675,-29.60629921259835
-103.144128113879,ok,C4 OPT_OTM5_WIN,VOLTAS,Q2 FY22,2,2021-10-29,2021-11-25,True,-0.4647271855964884,3.4110607006506934,1260.0,28.1,0.0,expiry_intrinsic,fixed,2.33195020746888,-100.0
-98.2235,ok,C4 OPT_OTM5_WIN,WIPRO,Q2 FY22,2,2021-10-14,2021-11-15,False,-7.137891176592,-5.908610290153336,750.0,25.0,1.05,close,fixed,3.5124692658939236,-95.8
-97.0518796992481,ok,C4 OPT_OTM5_WIN,AXISBANK,Q3 FY22,3,2022-01-25,2022-02-23,False,3.1535883817902546,4.376212651451884,790.0,13.3,0.9,close,fixed,1.7738063483595627,-93.23308270676691
-97.19789272030651,ok,C4 OPT_OTM5_WIN,BANDHANBNK,Q3 FY22,3,2022-01-24,2022-02-22,False,-0.251214962331444,0.060580875350991936,325.0,13.05,0.65,close,fixed,4.24183325207216,-95.01915708812261
,entry_zero_volume,C4 OPT_OTM5_WIN,BANKBARODA,Q3 FY22,3,2022-02-07,2022-03-08,False,-13.892891954280625,-6.940788501197026,,,,,,,
,entry_zero_volume,C4 OPT_OTM5_WIN,BIOCON,Q3 FY22,3,2022-01-21,2022-02-21,False,2.5878898864821567,4.898005711118947,,,,,,,
,entry_zero_volume,C4 OPT_OTM5_WIN,CANBK,Q3 FY22,3,2022-01-27,2022-02-24,True,-13.666670291519297,-8.647556081532825,,,,,,,
-102.36318327974277,ok,C4 OPT_OTM5_WIN,COFORGE,Q3 FY22,3,2022-01-28,2022-02-24,True,-4.654177070120355,-2.0806131782834623,4900.0,171.05,0.0,expiry_intrinsic,fixed,3.6678853638400755,-100.0
,entry_zero_volume,C4 OPT_OTM5_WIN,INDIGO,Q3 FY22,3,2022-02-07,2022-03-08,False,-26.49600985789836,-19.54390640481476,,,,,,,
-102.77488479262672,ok,C4 OPT_OTM5_WIN,LICHSGFIN,Q3 FY22,3,2022-01-28,2022-02-24,True,-11.614597092513886,-9.041033200676994,405.0,10.85,0.0,expiry_intrinsic,fixed,2.817084252888485,-100.0
,entry_zero_volume,C4 OPT_OTM5_WIN,MARUTI,Q3 FY22,3,2022-01-25,2022-02-23,False,0.9488558742453391,2.171480143906969,,,,,,,
-102.82674981384959,ok,C4 OPT_OTM5_WIN,NAUKRI,Q3 FY22,3,2022-01-31,2022-02-24,True,-9.28075869332041,-6.152230880219388,5200.0,134.3,0.0,expiry_intrinsic,fixed,2.7371016885247577,-100.0
,entry_zero_volume,C4 OPT_OTM5_WIN,BANDHANBNK,Q4 FY22,4,2022-05-13,2022-06-10,False,1.7673165133096616,-0.9117001605909212,,,,,,,
-64.50743243243244,ok,C4 OPT_OTM5_WIN,BANKBARODA,Q4 FY22,4,2022-05-16,2022-06-13,False,-0.06985283121254335,0.3387465514528522,105.0,3.7,1.4,close,fixed,3.7167252636865897,-62.16216216216217
,entry_zero_volume,C4 OPT_OTM5_WIN,BHARATFORG,Q4 FY22,4,2022-05-16,2022-06-13,False,-0.5479714525707023,-0.13937206990530676,,,,,,,
-102.93293591654194,ok,C4 OPT_OTM5_WIN,BRITANNIA,Q4 FY22,4,2022-05-04,2022-05-26,True,4.72891708024357,5.637407990206623,3560.0,33.55,1.050000000000182,expiry_intrinsic,fixed,0.9876361495437149,-96.87034277198158
-100.21772486772487,ok,C4 OPT_OTM5_WIN,CROMPTON,Q4 FY22,4,2022-05-30,2022-06-27,False,-1.7342802934092814,3.2233926512412427,370.0,9.45,0.25,close,fixed,2.6835155473519805,-97.35449735449735
-99.16266816143496,ok,C4 OPT_OTM5_WIN,DIXON,Q4 FY22,4,2022-05-30,2022-06-27,False,-4.5837106903264555,0.37396225432406854,4000.0,133.8,4.35,close,fixed,3.5365950360796132,-96.74887892376681
,entry_zero_volume,C4 OPT_OTM5_WIN,EICHERMOT,Q4 FY22,4,2022-05-16,2022-06-13,False,2.9947031775147828,3.4033025601801783,,,,,,,
-100.35109409190372,ok,C4 OPT_OTM5_WIN,INDIGO,Q4 FY22,4,2022-05-26,2022-06-23,False,-10.89017994691632,-7.116152062202818,1900.0,68.55,1.35,close,fixed,3.786560609826829,-98.03063457330416
-103.93031609195403,ok,C4 OPT_OTM5_WIN,INDUSINDBK,Q4 FY22,4,2022-05-02,2022-05-26,True,-8.739867466551152,-5.921112054725108,1070.0,17.4,0.0,expiry_intrinsic,fixed,1.7063005638636919,-100.0
-92.75680000000001,ok,C4 OPT_OTM5_WIN,ITC,Q4 FY22,4,2022-05-19,2022-06-16,False,-5.593550634952612,-2.7747332225271024,282.5,6.25,0.65,close,fixed,2.3182492581602374,-89.60000000000001
-99.90444162436549,ok,C4 OPT_OTM5_WIN,JUBLFOOD,Q4 FY22,4,2022-05-30,2022-06-27,False,-4.439196903756911,0.5184760408936131,600.0,19.7,0.5,close,fixed,3.466174012492302,-97.46192893401016
-87.74296875,ok,C4 OPT_OTM5_WIN,ONGC,Q4 FY22,4,2022-05-31,2022-06-28,False,-1.4261953817576298,2.9817209620683918,160.0,3.2,0.5,close,fixed,2.111514351699109,-84.375
-102.64955955572577,ok,C4 OPT_OTM5_WIN,PERSISTENT,Q4 FY22,4,2022-04-28,2022-05-26,True,-17.865802990035494,-12.709824955758995,4500.0,130.55,0.0,expiry_intrinsic,fixed,3.031112143022986,-100.0
,entry_zero_volume,C4 OPT_OTM5_WIN,PIIND,Q4 FY22,4,2022-05-18,2022-06-15,False,-1.4186539221323478,1.9365916090462578,,,,,,,
,entry_zero_volume,C4 OPT_OTM5_WIN,RBLBANK,Q4 FY22,4,2022-05-13,2022-06-10,False,2.310812880454608,-0.3682037934459746,,,,,,,
-102.80794602698651,ok,C4 OPT_OTM5_WIN,SHRIRAMFIN,Q4 FY22,4,2022-04-29,2022-05-26,True,-2.67824595313478,-0.1188060450509108,1260.0,33.35,0.0,expiry_intrinsic,fixed,2.765569284351936,-100.0
-10.494281045751638,ok,C4 OPT_OTM5_WIN,TMPV,Q4 FY22,4,2022-05-13,2022-06-10,False,5.704345831942907,3.025329158042324,430.0,15.3,14.05,close,fixed,3.775447254780999,-8.16993464052288
154.88311772315635,ok,C4 OPT_OTM5_WIN,BAJAJFINSV,Q1 FY23,5,2022-07-28,2022-08-25,True,9.694402720822408,7.4103208760062165,15250.0,386.5,996.2999999999993,expiry_intrinsic,fixed,2.6430061202858415,157.77490297542025
-73.19779411764705,ok,C4 OPT_OTM5_WIN,HINDALCO,Q1 FY23,5,2022-08-10,2022-09-09,False,-3.373801182661037,-5.096705415684032,460.0,13.6,4.0,close,fixed,3.106441297396071,-70.58823529411764
309.7395833333336,ok,C4 OPT_OTM5_WIN,IDFCFIRSTB,Q1 FY23,5,2022-08-01,2022-08-25,True,16.99328959908837,15.804031148276534,44.0,1.2,4.950000000000003,expiry_intrinsic,fixed,2.8402366863905324,312.5000000000003
220.96002538071065,ok,C4 OPT_OTM5_WIN,INDUSINDBK,Q1 FY23,5,2022-07-21,2022-08-22,False,11.337238456673274,5.984888747996787,1000.0,19.7,63.9,close,fixed,2.078607227644421,224.36548223350252
121.69632107023381,ok,C4 OPT_OTM5_WIN,LAURUSLABS,Q1 FY23,5,2022-07-27,2022-08-25,True,10.232884051413475,4.702061904770672,540.0,14.95,33.549999999999955,expiry_intrinsic,fixed,2.9096924873491634,124.41471571906324
,entry_zero_volume,C4 OPT_OTM5_WIN,LUPIN,Q1 FY23,5,2022-08-04,2022-09-06,False,-1.2912965939737306,-2.8853387065039358,,,,,,,
,entry_zero_volume,C4 OPT_OTM5_WIN,MANAPPURAM,Q1 FY23,5,2022-08-05,2022-09-07,False,-2.296687283948636,-3.620897659002541,,,,,,,
,entry_zero_volume,C4 OPT_OTM5_WIN,POLYCAB,Q1 FY23,5,2022-07-19,2022-08-18,False,9.111149635226683,-0.798052380617341,,,,,,,
-105.54650349650349,ok,C4 OPT_OTM5_WIN,SBILIFE,Q1 FY23,5,2022-07-29,2022-08-25,True,2.510781701368673,-1.0121979148509195,1370.0,14.3,0.0,expiry_intrinsic,fixed,1.0997462124125201,-100.0
-104.83882113821139,ok,C4 OPT_OTM5_WIN,SUNPHARMA,Q1 FY23,5,2022-07-29,2022-08-25,True,-5.487010133947175,-9.009989750166767,990.0,12.3,0.0,expiry_intrinsic,fixed,1.30248318949542,-100.0
-92.27293253536453,ok,C4 OPT_OTM5_WIN,ULTRACEMCO,Q1 FY23,5,2022-07-22,2022-08-23,False,0.39821798967896516,-4.753828818080862,6800.0,91.9,11.25,close,fixed,1.4226776992561518,-87.75843307943417
,entry_zero_volume,C4 OPT_OTM5_WIN,ADANIENT,Q2 FY23,6,2022-11-04,2022-12-05,False,2.3644088283477673,-0.8785042678069774,,,,,,,
-103.81879432624115,ok,C4 OPT_OTM5_WIN,AXISBANK,Q2 FY23,6,2022-10-21,2022-11-22,False,-3.5407244074884567,-7.360727821176215,940.0,14.1,0.05,close,fixed,1.5755950385517936,-99.64539007092199
,entry_zero_volume,C4 OPT_OTM5_WIN,BANKBARODA,Q2 FY23,6,2022-11-07,2022-12-06,False,9.96576254422468,7.528826688202518,,,,,,,
,entry_zero_volume,C4 OPT_OTM5_WIN,BOSCHLTD,Q2 FY23,6,2022-11-09,2022-12-07,False,-0.9485905763056045,-3.190873993169617,,,,,,,
,entry_zero_volume,C4 OPT_OTM5_WIN,BRITANNIA,Q2 FY23,6,2022-11-07,2022-12-06,False,6.717723933656287,4.280788077634124,,,,,,,
-104.47013888888888,ok,C4 OPT_OTM5_WIN,CHOLAFIN,Q2 FY23,6,2022-11-02,2022-11-24,True,-2.2916601275736546,-6.346698852110998,790.0,10.8,0.0,expiry_intrinsic,fixed,1.4408645187112268,-100.0
,entry_zero_volume,C4 OPT_OTM5_WIN,GLENMARK,Q2 FY23,6,2022-11-14,2022-12-12,False,-1.4359667336432311,-2.37253951525067,,,,,,,
,entry_zero_volume,C4 OPT_OTM5_WIN,LUPIN,Q2 FY23,6,2022-11-10,2022-12-08,False,4.765016742900333,1.5214558771455846,,,,,,,
,entry_zero_volume,C4 OPT_OTM5_WIN,MANAPPURAM,Q2 FY23,6,2022-11-14,2022-12-12,False,0.08717563670764053,-0.8493971448997981,,,,,,,
-105.23773374888691,ok,C4 OPT_OTM5_WIN,MARUTI,Q2 FY23,6,2022-10-28,2022-11-24,True,-5.512615551054319,-9.895120329879079,10000.0,112.3,0.0,expiry_intrinsic,fixed,1.179875918658955,-100.0
-93.36001666666667,ok,C4 OPT_OTM5_WIN,NAUKRI,Q2 FY23,6,2022-11-14,2022-12-12,False,-7.299349853086209,-8.235922634693647,4600.0,150.0,13.65,close,fixed,3.424618440428762,-90.9
,entry_zero_volume,C4 OPT_OTM5_WIN,PIIND,Q2 FY23,6,2022-11-09,2022-12-07,False,-4.476383825813487,-6.7186672426775,,,,,,,
-95.7303781297905,ok,C4 OPT_OTM5_WIN,APOLLOHOSP,Q3 FY23,7,2023-02-15,2023-03-16,False,-3.932345066794681,1.766230520812896,4700.0,97.85,7.4,close,fixed,2.1805742810344633,-92.43740419008687
,entry_zero_volume,C4 OPT_OTM5_WIN,AUROPHARMA,Q3 FY23,7,2023-02-10,2023-03-13,False,-4.478416115735492,-0.5659545471190173,,,,,,,
-105.56004514672686,ok,C4 OPT_OTM5_WIN,BAJFINANCE,Q3 FY23,7,2023-01-30,2023-02-23,True,2.697928509842499,4.129856244920227,6400.0,66.45,0.0,expiry_intrinsic,fixed,1.096480372258799,-100.0
-75.02886904761905,ok,C4 OPT_OTM5_WIN,BANDHANBNK,Q3 FY23,7,2023-02-06,2023-03-06,False,-1.8631270429428546,-1.5839365179662321,250.0,8.4,2.3,close,fixed,3.546548448385054,-72.61904761904762
,entry_zero_volume,C4 OPT_OTM5_WIN,BANKBARODA,Q3 FY23,7,2023-02-03,2023-03-03,False,5.514592184660153,6.949164116518759,,,,,,,
-109.97300194931773,ok,C4 OPT_OTM5_WIN,BRITANNIA,Q3 FY23,7,2023-02-02,2023-02-23,True,-4.080959006314751,-2.46272250969911,4850.0,25.65,0.0,expiry_intrinsic,fixed,0.5572271162138971,-100.0
-104.58619047619048,ok,C4 OPT_OTM5_WIN,CHOLAFIN,Q3 FY23,7,2023-02-01,2023-02-23,True,2.0906032616984573,3.0095064365989646,790.0,10.5,0.0,expiry_intrinsic,fixed,1.3942371531005178,-100.0
,entry_zero_volume,C4 OPT_OTM5_WIN,CUMMINSIND,Q3 FY23,7,2023-02-09,2023-03-10,False,6.330468486435818,8.996088084668687,,,,,,,
-106.61733505821475,ok,C4 OPT_OTM5_WIN,DRREDDY,Q3 FY23,7,2023-01-27,2023-02-23,True,3.9352403399133298,4.702261729513059,4550.0,38.65,0.0,expiry_intrinsic,fixed,0.8901017917184838,-100.0
,entry_zero_volume,C4 OPT_OTM5_WIN,GLENMARK,Q3 FY23,7,2023-02-13,2023-03-14,False,-1.7790999393466143,2.295234056117891,,,,,,,
-104.71875,ok,C4 OPT_OTM5_WIN,INDHOTEL,Q3 FY23,7,2023-02-01,2023-02-23,True,-3.751255985744358,-2.832352810843851,345.0,4.4,0.0,expiry_intrinsic,fixed,1.3445378151260505,-100.0
-104.2687165775401,ok,C4 OPT_OTM5_WIN,JINDALSTEL,Q3 FY23,7,2023-02-01,2023-02-23,True,-6.055728478976871,-5.136825304076363,640.0,9.35,0.0,expiry_intrinsic,fixed,1.5296523517382412,-100.0
440.20163616195225,ok,C4 OPT_OTM5_WIN,PERSISTENT,Q3 FY23,7,2023-01-19,2023-02-17,False,15.146515737240133,16.03026742504403,4400.0,90.15,490.0,close,fixed,2.13957683133774,443.53854686633383
-106.32826086956521,ok,C4 OPT_OTM5_WIN,RECLTD,Q3 FY23,7,2023-01-31,2023-02-23,True,-6.289108236486747,-4.28104257064199,129.0,1.15,0.0,expiry_intrinsic,fixed,0.938392492860057,-100.0
-103.67053571428572,ok,C4 OPT_OTM5_WIN,TMPV,Q3 FY23,7,2023-01-27,2023-02-23,True,-4.175852711494661,-3.4088313218949327,470.0,8.4,0.0,expiry_intrinsic,fixed,1.8722835172183216,-100.0
-59.87184210526316,ok,C4 OPT_OTM5_WIN,TRENT,Q3 FY23,7,2023-02-09,2023-03-10,False,-0.23705761397691746,2.4285619842559516,1400.0,38.0,16.3,close,fixed,2.830329211976762,-57.10526315789474
94.48959854014566,ok,C4 OPT_OTM5_WIN,TVSMOTOR,Q3 FY23,7,2023-01-25,2023-02-23,True,7.480063051109335,9.58783559686316,1090.0,13.7,27.299999999999955,expiry_intrinsic,fixed,1.3225853164068158,99.2700729927004
207.63921232876652,ok,C4 OPT_OTM5_WIN,ABB,Q4 FY23,8,2023-05-04,2023-05-25,True,8.04047730772233,6.749922196470016,3850.0,29.2,91.94999999999982,expiry_intrinsic,fixed,0.7989711877855912,214.897260273972
,entry_zero_volume,C4 OPT_OTM5_WIN,ASTRAL,Q4 FY23,8,2023-05-16,2023-06-13,False,18.83089671370324,16.46134923332152,,,,,,,
-92.21111111111111,ok,C4 OPT_OTM5_WIN,BHEL,Q4 FY23,8,2023-05-29,2023-06-26,False,0.7938608335860166,0.2762440710790694,88.0,1.8,0.2,close,fixed,2.1531100478468903,-88.88888888888889
526.363031914894,ok,C4 OPT_OTM5_WIN,CHOLAFIN,Q4 FY23,8,2023-05-04,2023-05-25,True,9.691095814088849,8.400540702836535,1000.0,9.4,59.450000000000045,expiry_intrinsic,fixed,0.9835207951870258,532.4468085106387
,entry_zero_volume,C4 OPT_OTM5_WIN,DIVISLAB,Q4 FY23,8,2023-05-22,2023-06-19,False,9.623256412503837,7.1950421111890215,,,,,,,
917.8945157526255,ok,C4 OPT_OTM5_WIN,DIXON,Q4 FY23,8,2023-05-24,2023-06-21,False,30.356697111982903,27.21152621060805,3700.0,85.7,874.95,close,fixed,2.4382610674860588,920.9451575262544
1.1510121457489815,ok,C4 OPT_OTM5_WIN,DLF,Q4 FY23,8,2023-05-15,2023-06-12,False,4.625445840398882,3.5040183055257814,490.0,12.35,12.85,close,fixed,2.6349477277576274,4.048582995951411
-68.5702407002188,ok,C4 OPT_OTM5_WIN,EICHERMOT,Q4 FY23,8,2023-05-12,2023-06-09,False,-1.412279079470565,-2.789651259346958,3800.0,68.55,24.05,close,fixed,1.8838628119160161,-64.9161196207148
-28.669,ok,C4 OPT_OTM5_WIN,MARICO,Q4 FY23,8,2023-05-08,2023-06-05,False,2.9296683415727367,1.1058861204212191,560.0,10.0,7.5,close,fixed,1.8733608092918699,-25.0
,entry_zero_volume,C4 OPT_OTM5_WIN,MUTHOOTFIN,Q4 FY23,8,2023-05-22,2023-06-19,False,4.838021443686905,2.4098071423720904,,,,,,,
-74.54662983425413,ok,C4 OPT_OTM5_WIN,NAUKRI,Q4 FY23,8,2023-05-26,2023-06-23,False,2.430199302385131,1.5120596380185272,4450.0,90.5,26.05,close,fixed,2.1448547186803815,-71.21546961325966
,entry_zero_volume,C4 OPT_OTM5_WIN,POLYCAB,Q4 FY23,8,2023-05-12,2023-06-09,False,4.5084385222233605,3.131066342346968,,,,,,,
77.18277027027055,ok,C4 OPT_OTM5_WIN,TORNTPHARM,Q4 FY23,8,2023-05-31,2023-06-28,True,6.24954841719814,3.8679936865351663,1900.0,29.6,53.65000000000009,expiry_intrinsic,fixed,1.630135477475493,81.25000000000028
,entry_zero_volume,C4 OPT_OTM5_WIN,TVSMOTOR,Q4 FY23,8,2023-05-05,2023-06-02,False,7.287093151829231,4.693071346527345,,,,,,,
-57.260000000000005,ok,C4 OPT_OTM5_WIN,ASHOKLEY,Q1 FY24,9,2023-07-21,2023-08-21,False,2.579522246577074,4.339213307605184,191.0,4.25,1.95,close,fixed,2.3338824821526636,-54.117647058823536
290.42430830039524,ok,C4 OPT_OTM5_WIN,BHARATFORG,Q1 FY24,9,2023-08-09,2023-08-31,True,14.703840624215774,14.202497141071715,1020.0,12.65,50.0,expiry_intrinsic,fixed,1.3045944412932502,295.25691699604744
-98.04387351778657,ok,C4 OPT_OTM5_WIN,COLPAL,Q1 FY24,9,2023-07-27,2023-08-25,False,-1.6435958083176736,0.3409922109499876,2100.0,25.3,1.75,close,fixed,1.2623490669593853,-93.08300395256917
-104.0062937062937,ok,C4 OPT_OTM5_WIN,LICHSGFIN,Q1 FY24,9,2023-08-04,2023-08-31,True,4.787214491894302,4.70675438019681,450.0,7.15,0.0,expiry_intrinsic,fixed,1.663177483135613,-100.0
74.18938640132671,ok,C4 OPT_OTM5_WIN,MFSL,Q1 FY24,9,2023-08-10,2023-09-08,False,9.23241644125508,7.795803928398871,900.0,30.15,53.25,close,fixed,3.5025557620817844,76.61691542288558
,entry_zero_volume,C4 OPT_OTM5_WIN,MPHASIS,Q1 FY24,9,2023-07-21,2023-08-21,False,-0.7685317110284383,0.991159349999672,,,,,,,
275.7709459459459,ok,C4 OPT_OTM5_WIN,NMDC,Q1 FY24,9,2023-08-14,2023-09-12,False,14.825807419012387,11.931287556190751,125.0,3.7,14.0,close,fixed,3.110550651534258,278.3783783783784
430.8803642714571,ok,C4 OPT_OTM5_WIN,POLYCAB,Q1 FY24,9,2023-07-18,2023-08-16,False,17.406884007299997,18.826179170407453,4300.0,100.2,535.0,close,fixed,2.4369185869763483,433.9321357285429
1001.904794520548,ok,C4 OPT_OTM5_WIN,RECLTD,Q1 FY24,9,2023-07-27,2023-08-25,False,26.981964109474955,28.966552128742617,197.5,3.65,40.35,close,fixed,1.9420058526203778,1005.4794520547946
491.5805653710244,ok,C4 OPT_OTM5_WIN,TRENT,Q1 FY24,9,2023-08-09,2023-08-31,True,16.601078520908153,16.099735037764095,1880.0,28.3,168.5999999999999,expiry_intrinsic,fixed,1.572746471045904,495.7597173144873
,entry_zero_volume,C4 OPT_OTM5_WIN,UNITDSPR,Q1 FY24,9,2023-07-21,2023-08-21,False,-3.687626277246977,-1.9279352162188665,,,,,,,
,entry_zero_volume,C4 OPT_OTM5_WIN,ALKEM,Q2 FY24,10,2023-11-07,2023-11-30,True,17.172670520872792,9.26364250477525,,,,,,,
,entry_zero_volume,C4 OPT_OTM5_WIN,BAJAJ-AUTO,Q2 FY24,10,2023-10-19,2023-11-17,False,2.5458528545192074,1.9801120279078446,,,,,,,
401.7892156862746,ok,C4 OPT_OTM5_WIN,CONCOR,Q2 FY24,10,2023-11-03,2023-11-30,True,12.040158155463248,4.447851519164848,750.0,5.1,26.0,expiry_intrinsic,fixed,0.7127882599580712,409.8039215686275
1637.4269841269836,ok,C4 OPT_OTM5_WIN,HINDPETRO,Q2 FY24,10,2023-11-07,2023-11-30,True,37.72701794316029,29.81798992706275,292.5,3.15,54.89999999999998,expiry_intrinsic,fixed,1.1286277319957003,1642.8571428571424
,entry_zero_volume,C4 OPT_OTM5_WIN,LTM,Q2 FY24,10,2023-10-19,2023-11-17,False,0.9421613282136788,0.37642050160231605,,,,,,,
1311.0433333333333,ok,C4 OPT_OTM5_WIN,PFC,Q2 FY24,10,2023-11-09,2023-12-08,False,38.52455498499343,30.388671239962406,290.0,6.75,95.45,close,fixed,2.4621557541491885,1314.0740740740741
639.2704098360656,ok,C4 OPT_OTM5_WIN,TRENT,Q2 FY24,10,2023-11-07,2023-11-30,True,18.14066420057039,10.23163618447285,2560.0,30.5,227.0,expiry_intrinsic,fixed,1.2525410155848955,644.2622950819672
,entry_zero_volume,C4 OPT_OTM5_WIN,ABB,Q3 FY24,11,2024-02-21,2024-03-20,False,14.855989495252956,15.815130326944574,,,,,,,
255.51925616197184,ok,C4 OPT_OTM5_WIN,BAJAJ-AUTO,Q3 FY24,11,2024-01-25,2024-02-23,False,10.879019301585972,6.830938412139243,7950.0,113.6,408.8,close,fixed,1.4970513623035615,259.85915492957747
,entry_zero_volume,C4 OPT_OTM5_WIN,CIPLA,Q3 FY24,11,2024-01-23,2024-02-21,False,2.54826357779692,-1.3149384863498246,,,,,,,
-67.9030505243087,ok,C4 OPT_OTM5_WIN,CUMMINSIND,Q3 FY24,11,2024-02-08,2024-02-29,True,7.529430456956002,4.0279784782931936,2720.0,52.45,18.65000000000009,expiry_intrinsic,fixed,2.031921899817921,-64.44232602478534
-104.81767371601208,ok,C4 OPT_OTM5_WIN,GODREJCP,Q3 FY24,11,2024-02-01,2024-02-29,True,0.08108020381570116,-1.254051297812374,1330.0,16.55,0.0,expiry_intrinsic,fixed,1.3096980967831282,-100.0
,entry_zero_volume,C4 OPT_OTM5_WIN,GRASIM,Q3 FY24,11,2024-02-09,2024-03-07,False,2.57846058189433,-0.7058571043216708,,,,,,,
,entry_zero_volume,C4 OPT_OTM5_WIN,ICICIGI,Q3 FY24,11,2024-01-17,2024-02-15,False,13.244019908008946,11.653461845339598,,,,,,,
-89.92152466367713,ok,C4 OPT_OTM5_WIN,INDUSTOWER,Q3 FY24,11,2024-01-24,2024-02-22,False,-2.2574316530884007,-5.836216865135601,240.0,11.15,1.35,close,fixed,4.85838779956427,-87.89237668161435
7.597263157894748,ok,C4 OPT_OTM5_WIN,INFY,Q3 FY24,11,2024-01-12,2024-02-12,False,4.006092001703058,5.258098048870042,1700.0,23.75,26.6,close,fixed,1.4694054321598713,12.00000000000001
-103.23495370370371,ok,C4 OPT_OTM5_WIN,MFSL,Q3 FY24,11,2024-02-07,2024-02-29,True,1.7305427688388422,-0.23104543024461283,1010.0,21.6,0.0,expiry_intrinsic,fixed,2.237182806835836,-100.0
,entry_zero_volume,C4 OPT_OTM5_WIN,NATIONALUM,Q3 FY24,11,2024-02-14,2024-03-13,False,-12.83836310512004,-13.580202111898885,,,,,,,
-99.22070707070706,ok,C4 OPT_OTM5_WIN,NMDC,Q3 FY24,11,2024-02-15,2024-03-14,False,-18.392315725528672,-19.48895618740242,260.0,9.9,0.3,close,fixed,3.9967702866370614,-96.96969696969697
291.8034602076125,ok,C4 OPT_OTM5_WIN,OFSS,Q3 FY24,11,2024-01-18,2024-02-16,False,20.79097697029695,18.075779588848118,6800.0,289.0,1138.45,settle_fallback,fixed,4.448891625615763,293.92733564013844
-55.65630060203446,ok,C4 OPT_OTM5_WIN,PERSISTENT,Q3 FY24,11,2024-01-23,2024-02-21,False,3.046478956272617,-0.8167231078741275,8700.0,240.85,113.35,close,fixed,2.90902722419499,-52.93751297488063
-104.96914893617021,ok,C4 OPT_OTM5_WIN,TMPV,Q3 FY24,11,2024-02-05,2024-02-29,True,6.471124120682096,3.664479072293593,980.0,11.75,0.0,expiry_intrinsic,fixed,1.2597158938622353,-100.0
-14.103938077131797,ok,C4 OPT_OTM5_WIN,TRENT,Q3 FY24,11,2024-02-07,2024-02-29,True,6.615855455411993,4.654267256328538,3800.0,92.05,81.80000000000018,expiry_intrinsic,fixed,2.539765751100197,-11.135252580119303
-98.4669191919192,ok,C4 OPT_OTM5_WIN,VOLTAS,Q3 FY24,11,2024-01-31,2024-02-28,False,1.4680626546992572,0.41035155678295204,1150.0,19.8,1.05,close,fixed,1.8050870635427112,-94.6969696969697
-23.88187022900763,ok,C4 OPT_OTM5_WIN,WIPRO,Q3 FY24,11,2024-01-15,2024-02-13,False,3.267128919517707,4.850028801630802,520.0,13.1,10.35,close,fixed,2.646197353802646,-20.992366412213737
,entry_zero_volume,C4 OPT_OTM5_WIN,ABB,Q4 FY24,12,2024-05-13,2024-06-10,False,0.8032051180804113,-4.442760259305189,,,,,,,
-43.98935483870968,ok,C4 OPT_OTM5_WIN,AXISBANK,Q4 FY24,12,2024-04-25,2024-05-24,False,4.00036746428594,2.2668362164320013,1180.0,15.5,9.4,close,fixed,1.37569894381823,-39.35483870967742
,entry_zero_volume,C4 OPT_OTM5_WIN,BEL,Q4 FY24,12,2024-05-21,2024-06-19,False,12.651452313446514,8.250663953528983,,,,,,,
122.16848484848457,ok,C4 OPT_OTM5_WIN,BHARATFORG,Q4 FY24,12,2024-05-08,2024-05-30,True,6.679752961498967,5.23457641178482,1480.0,33.0,74.34999999999991,expiry_intrinsic,fixed,2.3424190800681433,125.30303030303003
-74.91793388429751,ok,C4 OPT_OTM5_WIN,BPCL,Q4 FY24,12,2024-05-10,2024-06-07,False,-3.2169500995786824,-8.83630988774656,650.0,30.25,8.2,close,fixed,4.876279519626017,-72.89256198347107
-106.4041887592789,ok,C4 OPT_OTM5_WIN,BRITANNIA,Q4 FY24,12,2024-05-06,2024-05-30,True,1.9281585578145446,-1.7509377184802042,5350.0,47.15,0.0,expiry_intrinsic,fixed,0.9252082454401853,-100.0
-103.75086206896552,ok,C4 OPT_OTM5_WIN,COALINDIA,Q4 FY24,12,2024-05-03,2024-05-30,True,3.327682423720616,3.0636427099834065,500.0,8.7,0.0,expiry_intrinsic,fixed,1.8176120338451895,-100.0
-53.73932346723045,ok,C4 OPT_OTM5_WIN,CONCOR,Q4 FY24,12,2024-05-17,2024-06-14,False,4.687247893057037,0.21832262342858083,1150.0,47.3,22.9,close,fixed,4.333883085944658,-51.58562367864694
,entry_zero_volume,C4 OPT_OTM5_WIN,CROMPTON,Q4 FY24,12,2024-05-17,2024-06-14,False,8.671549393298376,4.202624123669919,,,,,,,
-21.4092725409836,ok,C4 OPT_OTM5_WIN,GLENMARK,Q4 FY24,12,2024-05-27,2024-06-25,False,8.218046879297995,4.758161476735246,1180.0,48.8,39.4,close,fixed,4.359283576756443,-19.262295081967206
-103.30279720279721,ok,C4 OPT_OTM5_WIN,GODREJCP,Q4 FY24,12,2024-05-07,2024-05-30,True,1.8037612434746588,3.6579905899604817,1380.0,28.6,0.0,expiry_intrinsic,fixed,2.171272395991497,-100.0
,entry_zero_volume,C4 OPT_OTM5_WIN,HAL,Q4 FY24,12,2024-05-16,2024-06-13,False,10.60388339413865,6.142459263911016,,,,,,,
-93.7665,ok,C4 OPT_OTM5_WIN,ICICIGI,Q4 FY24,12,2024-04-18,2024-05-17,False,-2.5411972608419395,-4.699100547143663,1800.0,40.0,3.75,close,fixed,2.334812047630166,-90.625
-108.01094420600859,ok,C4 OPT_OTM5_WIN,KOTAKBANK,Q4 FY24,12,2024-05-06,2024-05-30,True,5.601712550711161,1.9226162744164124,1720.0,11.65,0.0,expiry_intrinsic,fixed,0.7131707018456735,-100.0
478.68366666666685,ok,C4 OPT_OTM5_WIN,MOTHERSON,Q4 FY24,12,2024-05-29,2024-06-27,True,34.257896450183644,28.33691559599927,155.0,7.5,43.55000000000001,expiry_intrinsic,fixed,5.0864699898270604,480.66666666666686
70.45643555227736,ok,C4 OPT_OTM5_WIN,POLYCAB,Q4 FY24,12,2024-05-10,2024-06-07,False,11.052221668165243,5.432861879997365,6500.0,271.15,468.0,close,fixed,4.3792142770622196,72.59819288216856
175.4384083044983,ok,C4 OPT_OTM5_WIN,RECLTD,Q4 FY24,12,2024-04-30,2024-05-29,False,11.97629474640978,11.514575380875394,530.0,14.45,40.2,close,fixed,2.8372275672491654,178.20069204152253
-84.35912052117264,ok,C4 OPT_OTM5_WIN,TECHM,Q4 FY24,12,2024-04-26,2024-05-27,False,3.8143533840575152,1.5084428445603328,1360.0,15.35,3.2,close,fixed,1.1887705711519845,-79.15309446254072
56.4728639240512,ok,C4 OPT_OTM5_WIN,TVSMOTOR,Q4 FY24,12,2024-05-09,2024-05-30,True,16.044371746508105,12.089952982987652,2180.0,31.6,50.80000000000018,expiry_intrinsic,fixed,1.5213152637026695,60.75949367088664
,entry_zero_volume,C4 OPT_OTM5_WIN,UPL,Q4 FY24,12,2024-05-13,2024-06-10,False,3.087819679885987,-2.1581456974996125,,,,,,,
-99.42377384196186,ok,C4 OPT_OTM5_WIN,ZYDUSLIFE,Q4 FY24,12,2024-05-18,2024-06-18,False,-2.4345843572070556,-7.147056137493256,1200.0,36.7,1.15,close,fixed,3.210708192992433,-96.86648501362399
-102.30615384615385,ok,C4 OPT_OTM5_WIN,BANDHANBNK,Q1 FY25,13,2024-07-29,2024-08-27,False,-8.307243352716894,-9.058638378505966,230.0,4.55,0.05,close,fixed,2.0789545828383442,-98.9010989010989
,entry_zero_volume,C4 OPT_OTM5_WIN,COLPAL,Q1 FY25,13,2024-07-30,2024-08-28,False,6.604009174057061,5.799330226625111,,,,,,,
-104.660595703125,ok,C4 OPT_OTM5_WIN,CUMMINSIND,Q1 FY25,13,2024-08-07,2024-08-29,True,2.30561483632186,-1.2028098987331801,3950.0,51.2,0.0,expiry_intrinsic,fixed,1.3658979044671797,-100.0
,entry_zero_volume,C4 OPT_OTM5_WIN,EICHERMOT,Q1 FY25,13,2024-08-09,2024-09-09,False,-1.8934027936857354,-4.248069870735082,,,,,,,
,entry_zero_volume,C4 OPT_OTM5_WIN,ICICIPRULI,Q1 FY25,13,2024-07-24,2024-08-22,False,5.411569789266583,3.76132422840887,,,,,,,
-90.29338461538461,ok,C4 OPT_OTM5_WIN,INDHOTEL,Q1 FY25,13,2024-07-22,2024-08-20,False,-0.8470384166550514,-1.6406238996869535,650.0,16.25,2.05,close,fixed,2.6194889981462075,-87.38461538461539
,entry_zero_volume,C4 OPT_OTM5_WIN,JUBLFOOD,Q1 FY25,13,2024-08-12,2024-09-10,False,2.0561352951452596,-0.8147292877602283,,,,,,,
-105.87065217391304,ok,C4 OPT_OTM5_WIN,MARICO,Q1 FY25,13,2024-08-05,2024-08-29,True,-4.945737496424859,-10.054989063627515,705.0,6.9,0.0,expiry_intrinsic,fixed,1.0265565721937069,-100.0
-93.33785425101215,ok,C4 OPT_OTM5_WIN,MPHASIS,Q1 FY25,13,2024-07-26,2024-08-26,False,-0.5016914985565745,-1.2293663989485601,3200.0,49.4,5.3,close,fixed,1.6304706581292494,-89.27125506072875
-87.67820652173913,ok,C4 OPT_OTM5_WIN,OBEROIRLTY,Q1 FY25,13,2024-07-22,2024-08-20,False,0.480795183625652,-0.3127902994062502,1840.0,46.0,7.0,close,fixed,2.637690300754035,-84.78260869565217
85.53384615384617,ok,C4 OPT_OTM5_WIN,PETRONET,Q1 FY25,13,2024-07-24,2024-08-22,False,8.557898824581626,6.907653263723913,370.0,6.5,12.3,close,fixed,1.8539646320593268,89.23076923076924
-101.4909090909091,ok,C4 OPT_OTM5_WIN,PNB,Q1 FY25,13,2024-07-29,2024-08-27,False,-8.862922691798643,-9.614317717587715,132.5,2.75,0.05,close,fixed,2.1653543307086616,-98.18181818181819
75.21155638397018,ok,C4 OPT_OTM5_WIN,SHRIRAMFIN,Q1 FY25,13,2024-07-26,2024-08-26,False,7.93767564444661,7.210000744054624,3080.0,53.65,96.0,close,fixed,1.834188034188034,78.93755824790307
-81.1628761061947,ok,C4 OPT_OTM5_WIN,TCS,Q1 FY25,13,2024-07-12,2024-08-12,False,0.10965217354581905,0.7228619122830362,4400.0,56.5,13.3,close,fixed,1.3503662719135765,-76.46017699115045
,entry_zero_volume,C4 OPT_OTM5_WIN,TRENT,Q1 FY25,13,2024-08-09,2024-09-09,False,13.555121640399806,11.20045456335046,,,,,,,
-40.1,ok,C4 OPT_OTM5_WIN,UNITDSPR,Q1 FY25,13,2024-07-24,2024-08-22,False,4.816084266928681,3.1658387060709683,1460.0,20.95,13.45,close,fixed,1.5149323884590353,-35.79952267303103
,entry_zero_volume,C4 OPT_OTM5_WIN,VOLTAS,Q1 FY25,13,2024-08-12,2024-09-10,False,15.472462809309098,12.601598226403611,,,,,,,
,entry_zero_volume,C5 SPREAD_WR50,BHARATFORG,Q4 FY21,0,2021-06-04,2021-07-02,False,2.6266439370295416,2.275124018712972,,,,,,,
,entry_zero_volume,C5 SPREAD_WR50,BOSCHLTD,Q4 FY21,0,2021-05-20,2021-06-17,False,-2.984308752505712,-8.272974831044287,,,,,,,
139.85098814229246,ok,C5 SPREAD_WR50,CONCOR,Q4 FY21,0,2021-05-24,2021-06-21,False,7.618726920644229,3.987654192534064,,,,close,,1.9878997407087298,
,entry_zero_volume,C5 SPREAD_WR50,ICICIPRULI,Q4 FY21,0,2021-04-20,2021-05-20,False,13.210043390465811,8.9256831319392,,,,,,,
-108.47672413793103,ok,C5 SPREAD_WR50,MOTHERSON,Q4 FY21,0,2021-06-02,2021-06-24,True,-10.203458528143836,-11.156291953497897,,,,expiry_intrinsic,,2.1429891003140584,
44.21891447368452,ok,C5 SPREAD_WR50,MUTHOOTFIN,Q4 FY21,0,2021-06-02,2021-06-24,True,4.547634162065076,3.5948007367110137,,,,expiry_intrinsic,,2.1356563279356493,
,entry_zero_volume,C5 SPREAD_WR50,UPL,Q4 FY21,0,2021-05-14,2021-06-11,False,12.187055987924337,4.525924483202904,,,,,,,
93.37748917748915,ok,C5 SPREAD_WR50,WIPRO,Q4 FY21,0,2021-04-16,2021-05-18,False,8.110055449716773,4.736279073573902,,,,close,,2.4605879846612697,
,entry_zero_volume,C5 SPREAD_WR50,APOLLOHOSP,Q1 FY22,1,2021-08-16,2021-09-15,False,10.116313745177832,4.322014929440377,,,,,,,
,entry_zero_volume,C5 SPREAD_WR50,ASIANPAINT,Q1 FY22,1,2021-07-20,2021-08-18,False,-5.155674781096872,-11.16815179953968,,,,,,,
1774.7128712871295,ok,C5 SPREAD_WR50,MPHASIS,Q1 FY22,1,2021-07-23,2021-08-23,False,13.139476146973465,9.08063923614131,,,,settle_fallback,,0.19988125865822273,
,entry_zero_volume,C5 SPREAD_WR50,SIEMENS,Q1 FY22,1,2021-08-11,2021-09-09,False,1.6165352604592877,-5.0794462531521525,,,,,,,
-107.92694805194805,ok,C5 SPREAD_WR50,SUNPHARMA,Q1 FY22,1,2021-07-30,2021-08-26,True,1.5420050940792054,-5.887728428303828,,,,expiry_intrinsic,,1.9954648526077094,
213.01233243967835,ok,C5 SPREAD_WR50,TECHM,Q1 FY22,1,2021-07-30,2021-08-26,True,17.1629154240726,9.733181901689571,,,,expiry_intrinsic,,1.5391598580506725,
,entry_zero_volume,C5 SPREAD_WR50,APOLLOHOSP,Q2 FY22,2,2021-11-15,2021-12-14,False,2.4092615337931758,6.7215300455370395,,,,,,,
-103.88823529411764,ok,C5 SPREAD_WR50,ASHOKLEY,Q2 FY22,2,2021-11-15,2021-12-14,False,-17.362629896287793,-13.050361384543928,,,,close,,0.5571943625040974,
,entry_zero_volume,C5 SPREAD_WR50,BEL,Q2 FY22,2,2021-10-29,2021-11-25,True,-1.6686721691957693,2.2071157170514124,,,,,,,
-107.93124999999999,ok,C5 SPREAD_WR50,FEDERALBNK,Q2 FY22,2,2021-10-22,2021-11-23,False,-10.901487060298328,-7.545536875643687,,,,close,,2.2999520843315766,
-108.571875,ok,C5 SPREAD_WR50,ICICIBANK,Q2 FY22,2,2021-10-25,2021-11-24,False,-9.852794444395915,-5.953708520774902,,,,close,,1.9013666072489601,
-108.52285092491837,ok,C5 SPREAD_WR50,INDIGO,Q2 FY22,2,2021-10-29,2021-11-25,True,-12.589549319937928,-8.713761433690745,,,,expiry_intrinsic,,2.1051425953499026,
-109.96642156862744,ok,C5 SPREAD_WR50,INDUSINDBK,Q2 FY22,2,2021-10-28,2021-11-25,True,-24.026261512379676,-19.54780850309773,,,,expiry_intrinsic,,1.7329991929660618,
,entry_zero_volume,C5 SPREAD_WR50,LTM,Q2 FY22,2,2021-10-19,2021-11-17,False,7.734984608260635,10.538737577381765,,,,,,,
,entry_zero_volume,C5 SPREAD_WR50,PIDILITIND,Q2 FY22,2,2021-11-11,2021-12-10,False,-6.162308098741383,-4.155296192913803,,,,,,,
114.2371999999999,ok,C5 SPREAD_WR50,TVSMOTOR,Q2 FY22,2,2021-10-22,2021-11-23,False,14.826781565749906,18.182731750404546,,,,settle_fallback,,2.0117486118934584,
-96.48470948012232,ok,C5 SPREAD_WR50,WIPRO,Q2 FY22,2,2021-10-14,2021-11-15,False,-7.137891176592,-5.908610290153336,,,,close,,2.2971548998946263,
73.65501618122977,ok,C5 SPREAD_WR50,AXISBANK,Q3 FY22,3,2022-01-25,2022-02-23,False,3.1535883817902546,4.376212651451884,,,,close,,2.0605494798612964,
-68.02190476190476,ok,C5 SPREAD_WR50,BANDHANBNK,Q3 FY22,3,2022-01-24,2022-02-22,False,-0.251214962331444,0.060580875350991936,,,,close,,1.7064846416382253,
,entry_zero_volume,C5 SPREAD_WR50,BANKBARODA,Q3 FY22,3,2022-02-07,2022-03-08,False,-13.892891954280625,-6.940788501197026,,,,,,,
,entry_zero_volume,C5 SPREAD_WR50,MARUTI,Q3 FY22,3,2022-01-25,2022-02-23,False,0.9488558742453391,2.171480143906969,,,,,,,
157.16556291390725,ok,C5 SPREAD_WR50,BRITANNIA,Q4 FY22,4,2022-05-04,2022-05-26,True,4.72891708024357,5.637407990206623,,,,expiry_intrinsic,,1.7780394465705036,
-108.41327913279133,ok,C5 SPREAD_WR50,INDUSINDBK,Q4 FY22,4,2022-05-02,2022-05-26,True,-8.739867466551152,-5.921112054725108,,,,expiry_intrinsic,,1.8092669772002945,
-108.59797160243407,ok,C5 SPREAD_WR50,SHRIRAMFIN,Q4 FY22,4,2022-04-29,2022-05-26,True,-2.67824595313478,-0.1188060450509108,,,,expiry_intrinsic,,2.0441164275644743,
126.63851087126545,ok,C5 SPREAD_WR50,BAJAJFINSV,Q1 FY23,5,2022-07-28,2022-08-25,True,9.694402720822408,7.4103208760062165,,,,expiry_intrinsic,,2.1858652169453276,
-63.93394495412844,ok,C5 SPREAD_WR50,HINDALCO,Q1 FY23,5,2022-08-10,2022-09-09,False,-3.373801182661037,-5.096705415684032,,,,close,,2.4897213339424393,
140.71875,ok,C5 SPREAD_WR50,IDFCFIRSTB,Q1 FY23,5,2022-08-01,2022-08-25,True,16.99328959908837,15.804031148276534,,,,expiry_intrinsic,,1.893491124260355,
132.286312849162,ok,C5 SPREAD_WR50,INDUSINDBK,Q1 FY23,5,2022-07-21,2022-08-22,False,11.337238456673274,5.984888747996787,,,,close,,1.888683724610921,
,entry_zero_volume,C5 SPREAD_WR50,LUPIN,Q1 FY23,5,2022-08-04,2022-09-06,False,-1.2912965939737306,-2.8853387065039358,,,,,,,
,entry_zero_volume,C5 SPREAD_WR50,MANAPPURAM,Q1 FY23,5,2022-08-05,2022-09-07,False,-2.296687283948636,-3.620897659002541,,,,,,,
-107.56853002070392,ok,C5 SPREAD_WR50,SBILIFE,Q1 FY23,5,2022-07-29,2022-08-25,True,2.510781701368673,-1.0121979148509195,,,,expiry_intrinsic,,1.8572637083749906,
-107.61305555555556,ok,C5 SPREAD_WR50,SUNPHARMA,Q1 FY23,5,2022-07-29,2022-08-25,True,-5.487010133947175,-9.009989750166767,,,,expiry_intrinsic,,1.9060729602372002,
-59.04958394517866,ok,C5 SPREAD_WR50,ULTRACEMCO,Q1 FY23,5,2022-07-22,2022-08-23,False,0.39821798967896516,-4.753828818080862,,,,close,,1.5813550269751457,
,entry_zero_volume,C5 SPREAD_WR50,ADANIENT,Q2 FY23,6,2022-11-04,2022-12-05,False,2.3644088283477673,-0.8785042678069774,,,,,,,
-100.89180327868851,ok,C5 SPREAD_WR50,AXISBANK,Q2 FY23,6,2022-10-21,2022-11-22,False,-3.5407244074884567,-7.360727821176215,,,,close,,2.385741423622751,
,entry_zero_volume,C5 SPREAD_WR50,BANKBARODA,Q2 FY23,6,2022-11-07,2022-12-06,False,9.96576254422468,7.528826688202518,,,,,,,
,entry_zero_volume,C5 SPREAD_WR50,BOSCHLTD,Q2 FY23,6,2022-11-09,2022-12-07,False,-0.9485905763056045,-3.190873993169617,,,,,,,
,entry_zero_volume,C5 SPREAD_WR50,GLENMARK,Q2 FY23,6,2022-11-14,2022-12-12,False,-1.4359667336432311,-2.37253951525067,,,,,,,
,entry_zero_volume,C5 SPREAD_WR50,LUPIN,Q2 FY23,6,2022-11-10,2022-12-08,False,4.765016742900333,1.5214558771455846,,,,,,,
,entry_zero_volume,C5 SPREAD_WR50,MANAPPURAM,Q2 FY23,6,2022-11-14,2022-12-12,False,0.08717563670764053,-0.8493971448997981,,,,,,,
-107.4601592531576,ok,C5 SPREAD_WR50,MARUTI,Q2 FY23,6,2022-10-28,2022-11-24,True,-5.512615551054319,-9.895120329879079,,,,expiry_intrinsic,,1.9132271129812612,
,entry_zero_volume,C5 SPREAD_WR50,PIIND,Q2 FY23,6,2022-11-09,2022-12-07,False,-4.476383825813487,-6.7186672426775,,,,,,,
-82.37873493975904,ok,C5 SPREAD_WR50,APOLLOHOSP,Q3 FY23,7,2023-02-15,2023-03-16,False,-3.932345066794681,1.766230520812896,,,,close,,1.8496439992423144,
-107.19388619854722,ok,C5 SPREAD_WR50,BRITANNIA,Q3 FY23,7,2023-02-02,2023-02-23,True,-4.080959006314751,-2.46272250969911,,,,expiry_intrinsic,,1.7944233839870525,
-97.56932907348242,ok,C5 SPREAD_WR50,CHOLAFIN,Q3 FY23,7,2023-02-01,2023-02-23,True,2.0906032616984573,3.0095064365989646,,,,expiry_intrinsic,,2.0780772805736287,
,entry_zero_volume,C5 SPREAD_WR50,CUMMINSIND,Q3 FY23,7,2023-02-09,2023-03-10,False,6.330468486435818,8.996088084668687,,,,,,,
45.829526029526605,ok,C5 SPREAD_WR50,DRREDDY,Q3 FY23,7,2023-01-27,2023-02-23,True,3.9352403399133298,4.702261729513059,,,,expiry_intrinsic,,1.481967666160011,
-107.54303278688523,ok,C5 SPREAD_WR50,JINDALSTEL,Q3 FY23,7,2023-02-01,2023-02-23,True,-6.055728478976871,-5.136825304076363,,,,expiry_intrinsic,,1.9959100204498978,
151.19919852034522,ok,C5 SPREAD_WR50,PERSISTENT,Q3 FY23,7,2023-01-19,2023-02-17,False,15.146515737240133,16.03026742504403,,,,close,,1.9247884750026698,
-108.46410256410255,ok,C5 SPREAD_WR50,RECLTD,Q3 FY23,7,2023-01-31,2023-02-23,True,-6.289108236486747,-4.28104257064199,,,,expiry_intrinsic,,1.5911872705018362,
-109.27718120805369,ok,C5 SPREAD_WR50,TMPV,Q3 FY23,7,2023-01-27,2023-02-23,True,-4.175852711494661,-3.4088313218949327,,,,expiry_intrinsic,,1.6605371670567255,
216.02234817813763,ok,C5 SPREAD_WR50,ABB,Q4 FY23,8,2023-05-04,2023-05-25,True,8.04047730772233,6.749922196470016,,,,expiry_intrinsic,,1.6896051659506937,
,entry_zero_volume,C5 SPREAD_WR50,ASTRAL,Q4 FY23,8,2023-05-16,2023-06-13,False,18.83089671370324,16.46134923332152,,,,,,,
-59.542857142857144,ok,C5 SPREAD_WR50,BHEL,Q4 FY23,8,2023-05-29,2023-06-26,False,0.7938608335860166,0.2762440710790694,,,,close,,1.674641148325359,
190.05805243445693,ok,C5 SPREAD_WR50,CHOLAFIN,Q4 FY23,8,2023-05-04,2023-05-25,True,9.691095814088849,8.400540702836535,,,,expiry_intrinsic,,1.3968087889092335,
150.46145387904693,ok,C5 SPREAD_WR50,DIXON,Q4 FY23,8,2023-05-24,2023-06-21,False,30.356697111982903,27.21152621060805,,,,close,,2.3287242517355184,
45.476363636363594,ok,C5 SPREAD_WR50,DLF,Q4 FY23,8,2023-05-15,2023-06-12,False,4.625445840398882,3.5040183055257814,,,,close,,1.760187753360359,
,entry_zero_volume,C5 SPREAD_WR50,EICHERMOT,Q4 FY23,8,2023-05-12,2023-06-09,False,-1.412279079470565,-2.789651259346958,,,,,,,
,entry_zero_volume,C5 SPREAD_WR50,MARICO,Q4 FY23,8,2023-05-08,2023-06-05,False,2.9296683415727367,1.1058861204212191,,,,,,,
,entry_zero_volume,C5 SPREAD_WR50,MUTHOOTFIN,Q4 FY23,8,2023-05-22,2023-06-19,False,4.838021443686905,2.4098071423720904,,,,,,,
8.146525198938983,ok,C5 SPREAD_WR50,NAUKRI,Q4 FY23,8,2023-05-26,2023-06-23,False,2.430199302385131,1.5120596380185272,,,,close,,2.2337299142058114,
,entry_zero_volume,C5 SPREAD_WR50,POLYCAB,Q4 FY23,8,2023-05-12,2023-06-09,False,4.5084385222233605,3.131066342346968,,,,,,,
164.72671232876715,ok,C5 SPREAD_WR50,TORNTPHARM,Q4 FY23,8,2023-05-31,2023-06-28,True,6.24954841719814,3.8679936865351663,,,,expiry_intrinsic,,1.6081066196717697,
,entry_zero_volume,C5 SPREAD_WR50,TVSMOTOR,Q4 FY23,8,2023-05-05,2023-06-02,False,7.287093151829231,4.693071346527345,,,,,,,
-0.20722891566265453,ok,C5 SPREAD_WR50,ASHOKLEY,Q1 FY24,9,2023-07-21,2023-08-21,False,2.579522246577074,4.339213307605184,,,,close,,2.27896760021966,
175.3589235127479,ok,C5 SPREAD_WR50,BHARATFORG,Q1 FY24,9,2023-08-09,2023-08-31,True,14.703840624215774,14.202497141071715,,,,expiry_intrinsic,,1.820244418089001,
-85.70936708860759,ok,C5 SPREAD_WR50,COLPAL,Q1 FY24,9,2023-07-27,2023-08-25,False,-1.6435958083176736,0.3409922109499876,,,,close,,1.9708611914978544,
-109.24316546762591,ok,C5 SPREAD_WR50,LICHSGFIN,Q1 FY24,9,2023-08-04,2023-08-31,True,4.787214491894302,4.70675438019681,,,,expiry_intrinsic,,1.6166550360548964,
,entry_zero_volume,C5 SPREAD_WR50,MPHASIS,Q1 FY24,9,2023-07-21,2023-08-21,False,-0.7685317110284383,0.991159349999672,,,,,,,
72.64666666666673,ok,C5 SPREAD_WR50,NMDC,Q1 FY24,9,2023-08-14,2023-09-12,False,14.825807419012387,11.931287556190751,,,,settle_fallback,,1.8915510718789408,
167.4711652794292,ok,C5 SPREAD_WR50,POLYCAB,Q1 FY24,9,2023-07-18,2023-08-16,False,17.406884007299997,18.826179170407453,,,,settle_fallback,,2.0453578160150787,
234.1306451612903,ok,C5 SPREAD_WR50,RECLTD,Q1 FY24,9,2023-07-27,2023-08-25,False,26.981964109474955,28.966552128742617,,,,close,,1.6493748337323757,
,entry_zero_volume,C5 SPREAD_WR50,UNITDSPR,Q1 FY24,9,2023-07-21,2023-08-21,False,-3.687626277246977,-1.9279352162188665,,,,,,,
,entry_zero_volume,C5 SPREAD_WR50,ALKEM,Q2 FY24,10,2023-11-07,2023-11-30,True,17.172670520872792,9.26364250477525,,,,,,,
,entry_zero_volume,C5 SPREAD_WR50,BAJAJ-AUTO,Q2 FY24,10,2023-10-19,2023-11-17,False,2.5458528545192074,1.9801120279078446,,,,,,,
218.94473684210521,ok,C5 SPREAD_WR50,HINDPETRO,Q2 FY24,10,2023-11-07,2023-11-30,True,37.72701794316029,29.81798992706275,,,,expiry_intrinsic,,1.3615191687567179,
,entry_zero_volume,C5 SPREAD_WR50,PFC,Q2 FY24,10,2023-11-09,2023-12-08,False,38.52455498499343,30.388671239962406,,,,,,,
177.1330558858502,ok,C5 SPREAD_WR50,TRENT,Q2 FY24,10,2023-11-07,2023-11-30,True,18.14066420057039,10.23163618447285,,,,expiry_intrinsic,,1.7268639247654052,
137.12458471760795,ok,C5 SPREAD_WR50,BAJAJ-AUTO,Q3 FY24,11,2024-01-25,2024-02-23,False,10.879019301585972,6.830938412139243,,,,close,,1.7849965407043786,
,entry_zero_volume,C5 SPREAD_WR50,CIPLA,Q3 FY24,11,2024-01-23,2024-02-21,False,2.54826357779692,-1.3149384863498246,,,,,,,
169.0390099009901,ok,C5 SPREAD_WR50,CUMMINSIND,Q3 FY24,11,2024-02-08,2024-02-29,True,7.529430456956002,4.0279784782931936,,,,expiry_intrinsic,,1.956378568938132,
-107.77133757961784,ok,C5 SPREAD_WR50,GODREJCP,Q3 FY24,11,2024-02-01,2024-02-29,True,0.08108020381570116,-1.254051297812374,,,,expiry_intrinsic,,1.86364895342856,
-116.64935064935065,ok,C5 SPREAD_WR50,INDUSTOWER,Q3 FY24,11,2024-01-24,2024-02-22,False,-2.2574316530884007,-5.836216865135601,,,,close,,1.6775599128540302,
76.42135007849294,ok,C5 SPREAD_WR50,INFY,Q3 FY24,11,2024-01-12,2024-02-12,False,4.006092001703058,5.258098048870042,,,,close,,1.9705500216543959,
,entry_zero_volume,C5 SPREAD_WR50,NATIONALUM,Q3 FY24,11,2024-02-14,2024-03-13,False,-12.83836310512004,-13.580202111898885,,,,,,,
,entry_zero_volume,C5 SPREAD_WR50,NMDC,Q3 FY24,11,2024-02-15,2024-03-14,False,-18.392315725528672,-19.48895618740242,,,,,,,
158.83493589743586,ok,C5 SPREAD_WR50,OFSS,Q3 FY24,11,2024-01-18,2024-02-16,False,20.79097697029695,18.075779588848118,,,,close,,1.9211822660098525,
83.93064748201434,ok,C5 SPREAD_WR50,PERSISTENT,Q3 FY24,11,2024-01-23,2024-02-21,False,3.046478956272617,-0.8167231078741275,,,,close,,1.6788656182815185,
19.457278481012942,ok,C5 SPREAD_WR50,TMPV,Q3 FY24,11,2024-02-05,2024-02-29,True,6.471124120682096,3.664479072293593,,,,expiry_intrinsic,,1.6939158402573036,
-34.29453551912569,ok,C5 SPREAD_WR50,VOLTAS,Q3 FY24,11,2024-01-31,2024-02-28,False,1.4680626546992572,0.41035155678295204,,,,close,,1.6683380435773543,
15.524884792626734,ok,C5 SPREAD_WR50,WIPRO,Q3 FY24,11,2024-01-15,2024-02-13,False,3.267128919517707,4.850028801630802,,,,close,,2.191697808302192,
,entry_zero_volume,C5 SPREAD_WR50,ABB,Q4 FY24,12,2024-05-13,2024-06-10,False,0.8032051180804113,-4.442760259305189,,,,,,,
,entry_zero_volume,C5 SPREAD_WR50,BEL,Q4 FY24,12,2024-05-21,2024-06-19,False,12.651452313446514,8.250663953528983,,,,,,,
194.35304347826087,ok,C5 SPREAD_WR50,BHARATFORG,Q4 FY24,12,2024-05-08,2024-05-30,True,6.679752961498967,5.23457641178482,,,,expiry_intrinsic,,1.63259511641113,
-79.91056338028201,ok,C5 SPREAD_WR50,COALINDIA,Q4 FY24,12,2024-05-03,2024-05-30,True,3.327682423720616,3.0636427099834065,,,,expiry_intrinsic,,1.4833385563564194,
,entry_zero_volume,C5 SPREAD_WR50,CONCOR,Q4 FY24,12,2024-05-17,2024-06-14,False,4.687247893057037,0.21832262342858083,,,,,,,
,entry_zero_volume,C5 SPREAD_WR50,CROMPTON,Q4 FY24,12,2024-05-17,2024-06-14,False,8.671549393298376,4.202624123669919,,,,,,,
124.06570327552986,ok,C5 SPREAD_WR50,GLENMARK,Q4 FY24,12,2024-05-27,2024-06-25,False,8.218046879297995,4.758161476735246,,,,close,,2.3181026396891333,
-109.03914893617022,ok,C5 SPREAD_WR50,GODREJCP,Q4 FY24,12,2024-05-07,2024-05-30,True,1.8037612434746588,3.6579905899604817,,,,expiry_intrinsic,,1.7840874582447614,
,entry_zero_volume,C5 SPREAD_WR50,HAL,Q4 FY24,12,2024-05-16,2024-06-13,False,10.60388339413865,6.142459263911016,,,,,,,
128.92686567164182,ok,C5 SPREAD_WR50,MOTHERSON,Q4 FY24,12,2024-05-29,2024-06-27,True,34.257896450183644,28.33691559599927,,,,expiry_intrinsic,,2.2719565954560865,
123.45209447415324,ok,C5 SPREAD_WR50,POLYCAB,Q4 FY24,12,2024-05-10,2024-06-07,False,11.052221668165243,5.432861879997365,,,,settle_fallback,,1.8120886663705744,
123.42499999999991,ok,C5 SPREAD_WR50,RECLTD,Q4 FY24,12,2024-04-30,2024-05-29,False,11.97629474640978,11.514575380875394,,,,close,,1.6493225996465741,
175.3944602272728,ok,C5 SPREAD_WR50,TVSMOTOR,Q4 FY24,12,2024-05-09,2024-05-30,True,16.044371746508105,12.089952982987652,,,,expiry_intrinsic,,1.694629660833353,
,entry_zero_volume,C5 SPREAD_WR50,ZYDUSLIFE,Q4 FY24,12,2024-05-18,2024-06-18,False,-2.4345843572070556,-7.147056137493256,,,,,,,
,entry_zero_volume,C5 SPREAD_WR50,COLPAL,Q1 FY25,13,2024-07-30,2024-08-28,False,6.604009174057061,5.799330226625111,,,,,,,
,entry_zero_volume,C5 SPREAD_WR50,ICICIPRULI,Q1 FY25,13,2024-07-24,2024-08-22,False,5.411569789266583,3.76132422840887,,,,,,,
,entry_zero_volume,C5 SPREAD_WR50,JUBLFOOD,Q1 FY25,13,2024-08-12,2024-09-10,False,2.0561352951452596,-0.8147292877602283,,,,,,,
-108.04478260869566,ok,C5 SPREAD_WR50,MARICO,Q1 FY25,13,2024-08-05,2024-08-29,True,-4.945737496424859,-10.054989063627515,,,,expiry_intrinsic,,1.7109276203228443,
-72.07869415807559,ok,C5 SPREAD_WR50,MPHASIS,Q1 FY25,13,2024-07-26,2024-08-26,False,-0.5016914985565745,-1.2293663989485601,,,,close,,1.9209188725328403,
143.8567567567567,ok,C5 SPREAD_WR50,PETRONET,Q1 FY25,13,2024-07-24,2024-08-22,False,8.557898824581626,6.907653263723913,,,,close,,2.110667427267541,
-32.02036389083274,ok,C5 SPREAD_WR50,TCS,Q1 FY25,13,2024-07-12,2024-08-12,False,0.10965217354581905,0.7228619122830362,,,,close,,1.7076755774907086,
,entry_zero_volume,C5 SPREAD_WR50,TRENT,Q1 FY25,13,2024-08-09,2024-09-09,False,13.555121640399806,11.20045456335046,,,,,,,
94.96677852348994,ok,C5 SPREAD_WR50,UNITDSPR,Q1 FY25,13,2024-07-24,2024-08-22,False,4.816084266928681,3.1658387060709683,,,,close,,2.154891893846265,
9.100496074851888,ok,C6 FUTH_WR50 (illustr.),BHARATFORG,Q4 FY21,0,2021-06-04,2021-07-02,False,2.6266439370295416,2.275124018712972,,,,,,,
-33.09189932417715,ok,C6 FUTH_WR50 (illustr.),BOSCHLTD,Q4 FY21,0,2021-05-20,2021-06-17,False,-2.984308752505712,-8.272974831044287,,,,,,,
15.950616770136255,ok,C6 FUTH_WR50 (illustr.),CONCOR,Q4 FY21,0,2021-05-24,2021-06-21,False,7.618726920644229,3.987654192534064,,,,,,,
35.7027325277568,ok,C6 FUTH_WR50 (illustr.),ICICIPRULI,Q4 FY21,0,2021-04-20,2021-05-20,False,13.210043390465811,8.9256831319392,,,,,,,
-44.62516781399159,ok,C6 FUTH_WR50 (illustr.),MOTHERSON,Q4 FY21,0,2021-06-02,2021-06-24,True,-10.203458528143836,-11.156291953497897,,,,,,,
14.379202946844055,ok,C6 FUTH_WR50 (illustr.),MUTHOOTFIN,Q4 FY21,0,2021-06-02,2021-06-24,True,4.547634162065076,3.5948007367110137,,,,,,,
18.103697932811617,ok,C6 FUTH_WR50 (illustr.),UPL,Q4 FY21,0,2021-05-14,2021-06-11,False,12.187055987924337,4.525924483202904,,,,,,,
18.94511629429561,ok,C6 FUTH_WR50 (illustr.),WIPRO,Q4 FY21,0,2021-04-16,2021-05-18,False,8.110055449716773,4.736279073573902,,,,,,,
17.28805971776151,ok,C6 FUTH_WR50 (illustr.),APOLLOHOSP,Q1 FY22,1,2021-08-16,2021-09-15,False,10.116313745177832,4.322014929440377,,,,,,,
-44.67260719815872,ok,C6 FUTH_WR50 (illustr.),ASIANPAINT,Q1 FY22,1,2021-07-20,2021-08-18,False,-5.155674781096872,-11.16815179953968,,,,,,,
36.32255694456524,ok,C6 FUTH_WR50 (illustr.),MPHASIS,Q1 FY22,1,2021-07-23,2021-08-23,False,13.139476146973465,9.08063923614131,,,,,,,
-20.31778501260861,ok,C6 FUTH_WR50 (illustr.),SIEMENS,Q1 FY22,1,2021-08-11,2021-09-09,False,1.6165352604592877,-5.0794462531521525,,,,,,,
-23.550913713215312,ok,C6 FUTH_WR50 (illustr.),SUNPHARMA,Q1 FY22,1,2021-07-30,2021-08-26,True,1.5420050940792054,-5.887728428303828,,,,,,,
38.932727606758284,ok,C6 FUTH_WR50 (illustr.),TECHM,Q1 FY22,1,2021-07-30,2021-08-26,True,17.1629154240726,9.733181901689571,,,,,,,
26.886120182148158,ok,C6 FUTH_WR50 (illustr.),APOLLOHOSP,Q2 FY22,2,2021-11-15,2021-12-14,False,2.4092615337931758,6.7215300455370395,,,,,,,
-52.20144553817571,ok,C6 FUTH_WR50 (illustr.),ASHOKLEY,Q2 FY22,2,2021-11-15,2021-12-14,False,-17.362629896287793,-13.050361384543928,,,,,,,
8.82846286820565,ok,C6 FUTH_WR50 (illustr.),BEL,Q2 FY22,2,2021-10-29,2021-11-25,True,-1.6686721691957693,2.2071157170514124,,,,,,,
-30.182147502574747,ok,C6 FUTH_WR50 (illustr.),FEDERALBNK,Q2 FY22,2,2021-10-22,2021-11-23,False,-10.901487060298328,-7.545536875643687,,,,,,,
-23.81483408309961,ok,C6 FUTH_WR50 (illustr.),ICICIBANK,Q2 FY22,2,2021-10-25,2021-11-24,False,-9.852794444395915,-5.953708520774902,,,,,,,
-34.85504573476298,ok,C6 FUTH_WR50 (illustr.),INDIGO,Q2 FY22,2,2021-10-29,2021-11-25,True,-12.589549319937928,-8.713761433690745,,,,,,,
-78.19123401239092,ok,C6 FUTH_WR50 (illustr.),INDUSINDBK,Q2 FY22,2,2021-10-28,2021-11-25,True,-24.026261512379676,-19.54780850309773,,,,,,,
42.15495030952706,ok,C6 FUTH_WR50 (illustr.),LTM,Q2 FY22,2,2021-10-19,2021-11-17,False,7.734984608260635,10.538737577381765,,,,,,,
-16.621184771655212,ok,C6 FUTH_WR50 (illustr.),PIDILITIND,Q2 FY22,2,2021-11-11,2021-12-10,False,-6.162308098741383,-4.155296192913803,,,,,,,
72.73092700161818,ok,C6 FUTH_WR50 (illustr.),TVSMOTOR,Q2 FY22,2,2021-10-22,2021-11-23,False,14.826781565749906,18.182731750404546,,,,,,,
-23.634441160613346,ok,C6 FUTH_WR50 (illustr.),WIPRO,Q2 FY22,2,2021-10-14,2021-11-15,False,-7.137891176592,-5.908610290153336,,,,,,,
17.504850605807537,ok,C6 FUTH_WR50 (illustr.),AXISBANK,Q3 FY22,3,2022-01-25,2022-02-23,False,3.1535883817902546,4.376212651451884,,,,,,,
0.24232350140396774,ok,C6 FUTH_WR50 (illustr.),BANDHANBNK,Q3 FY22,3,2022-01-24,2022-02-22,False,-0.251214962331444,0.060580875350991936,,,,,,,
-27.763154004788102,ok,C6 FUTH_WR50 (illustr.),BANKBARODA,Q3 FY22,3,2022-02-07,2022-03-08,False,-13.892891954280625,-6.940788501197026,,,,,,,
8.685920575627875,ok,C6 FUTH_WR50 (illustr.),MARUTI,Q3 FY22,3,2022-01-25,2022-02-23,False,0.9488558742453391,2.171480143906969,,,,,,,
22.549631960826492,ok,C6 FUTH_WR50 (illustr.),BRITANNIA,Q4 FY22,4,2022-05-04,2022-05-26,True,4.72891708024357,5.637407990206623,,,,,,,
-23.68444821890043,ok,C6 FUTH_WR50 (illustr.),INDUSINDBK,Q4 FY22,4,2022-05-02,2022-05-26,True,-8.739867466551152,-5.921112054725108,,,,,,,
-0.4752241802036432,ok,C6 FUTH_WR50 (illustr.),SHRIRAMFIN,Q4 FY22,4,2022-04-29,2022-05-26,True,-2.67824595313478,-0.1188060450509108,,,,,,,
29.641283504024866,ok,C6 FUTH_WR50 (illustr.),BAJAJFINSV,Q1 FY23,5,2022-07-28,2022-08-25,True,9.694402720822408,7.4103208760062165,,,,,,,
-20.38682166273613,ok,C6 FUTH_WR50 (illustr.),HINDALCO,Q1 FY23,5,2022-08-10,2022-09-09,False,-3.373801182661037,-5.096705415684032,,,,,,,
63.21612459310614,ok,C6 FUTH_WR50 (illustr.),IDFCFIRSTB,Q1 FY23,5,2022-08-01,2022-08-25,True,16.99328959908837,15.804031148276534,,,,,,,
23.939554991987148,ok,C6 FUTH_WR50 (illustr.),INDUSINDBK,Q1 FY23,5,2022-07-21,2022-08-22,False,11.337238456673274,5.984888747996787,,,,,,,
-11.541354826015743,ok,C6 FUTH_WR50 (illustr.),LUPIN,Q1 FY23,5,2022-08-04,2022-09-06,False,-1.2912965939737306,-2.8853387065039358,,,,,,,
-14.483590636010163,ok,C6 FUTH_WR50 (illustr.),MANAPPURAM,Q1 FY23,5,2022-08-05,2022-09-07,False,-2.296687283948636,-3.620897659002541,,,,,,,
-4.048791659403678,ok,C6 FUTH_WR50 (illustr.),SBILIFE,Q1 FY23,5,2022-07-29,2022-08-25,True,2.510781701368673,-1.0121979148509195,,,,,,,
-36.03995900066707,ok,C6 FUTH_WR50 (illustr.),SUNPHARMA,Q1 FY23,5,2022-07-29,2022-08-25,True,-5.487010133947175,-9.009989750166767,,,,,,,
-19.01531527232345,ok,C6 FUTH_WR50 (illustr.),ULTRACEMCO,Q1 FY23,5,2022-07-22,2022-08-23,False,0.39821798967896516,-4.753828818080862,,,,,,,
-3.5140170712279097,ok,C6 FUTH_WR50 (illustr.),ADANIENT,Q2 FY23,6,2022-11-04,2022-12-05,False,2.3644088283477673,-0.8785042678069774,,,,,,,
-29.44291128470486,ok,C6 FUTH_WR50 (illustr.),AXISBANK,Q2 FY23,6,2022-10-21,2022-11-22,False,-3.5407244074884567,-7.360727821176215,,,,,,,
30.11530675281007,ok,C6 FUTH_WR50 (illustr.),BANKBARODA,Q2 FY23,6,2022-11-07,2022-12-06,False,9.96576254422468,7.528826688202518,,,,,,,
-12.763495972678468,ok,C6 FUTH_WR50 (illustr.),BOSCHLTD,Q2 FY23,6,2022-11-09,2022-12-07,False,-0.9485905763056045,-3.190873993169617,,,,,,,
-9.49015806100268,ok,C6 FUTH_WR50 (illustr.),GLENMARK,Q2 FY23,6,2022-11-14,2022-12-12,False,-1.4359667336432311,-2.37253951525067,,,,,,,
6.0858235085823384,ok,C6 FUTH_WR50 (illustr.),LUPIN,Q2 FY23,6,2022-11-10,2022-12-08,False,4.765016742900333,1.5214558771455846,,,,,,,
-3.3975885795991925,ok,C6 FUTH_WR50 (illustr.),MANAPPURAM,Q2 FY23,6,2022-11-14,2022-12-12,False,0.08717563670764053,-0.8493971448997981,,,,,,,
-39.580481319516316,ok,C6 FUTH_WR50 (illustr.),MARUTI,Q2 FY23,6,2022-10-28,2022-11-24,True,-5.512615551054319,-9.895120329879079,,,,,,,
-26.87466897071,ok,C6 FUTH_WR50 (illustr.),PIIND,Q2 FY23,6,2022-11-09,2022-12-07,False,-4.476383825813487,-6.7186672426775,,,,,,,
7.064922083251584,ok,C6 FUTH_WR50 (illustr.),APOLLOHOSP,Q3 FY23,7,2023-02-15,2023-03-16,False,-3.932345066794681,1.766230520812896,,,,,,,
-9.85089003879644,ok,C6 FUTH_WR50 (illustr.),BRITANNIA,Q3 FY23,7,2023-02-02,2023-02-23,True,-4.080959006314751,-2.46272250969911,,,,,,,
12.038025746395858,ok,C6 FUTH_WR50 (illustr.),CHOLAFIN,Q3 FY23,7,2023-02-01,2023-02-23,True,2.0906032616984573,3.0095064365989646,,,,,,,
35.984352338674746,ok,C6 FUTH_WR50 (illustr.),CUMMINSIND,Q3 FY23,7,2023-02-09,2023-03-10,False,6.330468486435818,8.996088084668687,,,,,,,
18.809046918052235,ok,C6 FUTH_WR50 (illustr.),DRREDDY,Q3 FY23,7,2023-01-27,2023-02-23,True,3.9352403399133298,4.702261729513059,,,,,,,
-20.547301216305453,ok,C6 FUTH_WR50 (illustr.),JINDALSTEL,Q3 FY23,7,2023-02-01,2023-02-23,True,-6.055728478976871,-5.136825304076363,,,,,,,
64.12106970017612,ok,C6 FUTH_WR50 (illustr.),PERSISTENT,Q3 FY23,7,2023-01-19,2023-02-17,False,15.146515737240133,16.03026742504403,,,,,,,
-17.12417028256796,ok,C6 FUTH_WR50 (illustr.),RECLTD,Q3 FY23,7,2023-01-31,2023-02-23,True,-6.289108236486747,-4.28104257064199,,,,,,,
-13.63532528757973,ok,C6 FUTH_WR50 (illustr.),TMPV,Q3 FY23,7,2023-01-27,2023-02-23,True,-4.175852711494661,-3.4088313218949327,,,,,,,
26.999688785880064,ok,C6 FUTH_WR50 (illustr.),ABB,Q4 FY23,8,2023-05-04,2023-05-25,True,8.04047730772233,6.749922196470016,,,,,,,
65.84539693328608,ok,C6 FUTH_WR50 (illustr.),ASTRAL,Q4 FY23,8,2023-05-16,2023-06-13,False,18.83089671370324,16.46134923332152,,,,,,,
1.1049762843162776,ok,C6 FUTH_WR50 (illustr.),BHEL,Q4 FY23,8,2023-05-29,2023-06-26,False,0.7938608335860166,0.2762440710790694,,,,,,,
33.60216281134614,ok,C6 FUTH_WR50 (illustr.),CHOLAFIN,Q4 FY23,8,2023-05-04,2023-05-25,True,9.691095814088849,8.400540702836535,,,,,,,
108.8461048424322,ok,C6 FUTH_WR50 (illustr.),DIXON,Q4 FY23,8,2023-05-24,2023-06-21,False,30.356697111982903,27.21152621060805,,,,,,,
14.016073222103126,ok,C6 FUTH_WR50 (illustr.),DLF,Q4 FY23,8,2023-05-15,2023-06-12,False,4.625445840398882,3.5040183055257814,,,,,,,
-11.158605037387831,ok,C6 FUTH_WR50 (illustr.),EICHERMOT,Q4 FY23,8,2023-05-12,2023-06-09,False,-1.412279079470565,-2.789651259346958,,,,,,,
4.423544481684877,ok,C6 FUTH_WR50 (illustr.),MARICO,Q4 FY23,8,2023-05-08,2023-06-05,False,2.9296683415727367,1.1058861204212191,,,,,,,
9.639228569488361,ok,C6 FUTH_WR50 (illustr.),MUTHOOTFIN,Q4 FY23,8,2023-05-22,2023-06-19,False,4.838021443686905,2.4098071423720904,,,,,,,
6.048238552074109,ok,C6 FUTH_WR50 (illustr.),NAUKRI,Q4 FY23,8,2023-05-26,2023-06-23,False,2.430199302385131,1.5120596380185272,,,,,,,
12.524265369387871,ok,C6 FUTH_WR50 (illustr.),POLYCAB,Q4 FY23,8,2023-05-12,2023-06-09,False,4.5084385222233605,3.131066342346968,,,,,,,
15.471974746140665,ok,C6 FUTH_WR50 (illustr.),TORNTPHARM,Q4 FY23,8,2023-05-31,2023-06-28,True,6.24954841719814,3.8679936865351663,,,,,,,
18.77228538610938,ok,C6 FUTH_WR50 (illustr.),TVSMOTOR,Q4 FY23,8,2023-05-05,2023-06-02,False,7.287093151829231,4.693071346527345,,,,,,,
17.356853230420736,ok,C6 FUTH_WR50 (illustr.),ASHOKLEY,Q1 FY24,9,2023-07-21,2023-08-21,False,2.579522246577074,4.339213307605184,,,,,,,
56.80998856428686,ok,C6 FUTH_WR50 (illustr.),BHARATFORG,Q1 FY24,9,2023-08-09,2023-08-31,True,14.703840624215774,14.202497141071715,,,,,,,
1.3639688437999504,ok,C6 FUTH_WR50 (illustr.),COLPAL,Q1 FY24,9,2023-07-27,2023-08-25,False,-1.6435958083176736,0.3409922109499876,,,,,,,
18.82701752078724,ok,C6 FUTH_WR50 (illustr.),LICHSGFIN,Q1 FY24,9,2023-08-04,2023-08-31,True,4.787214491894302,4.70675438019681,,,,,,,
3.964637399998688,ok,C6 FUTH_WR50 (illustr.),MPHASIS,Q1 FY24,9,2023-07-21,2023-08-21,False,-0.7685317110284383,0.991159349999672,,,,,,,
47.725150224763006,ok,C6 FUTH_WR50 (illustr.),NMDC,Q1 FY24,9,2023-08-14,2023-09-12,False,14.825807419012387,11.931287556190751,,,,,,,
75.30471668162981,ok,C6 FUTH_WR50 (illustr.),POLYCAB,Q1 FY24,9,2023-07-18,2023-08-16,False,17.406884007299997,18.826179170407453,,,,,,,
115.86620851497047,ok,C6 FUTH_WR50 (illustr.),RECLTD,Q1 FY24,9,2023-07-27,2023-08-25,False,26.981964109474955,28.966552128742617,,,,,,,
-7.711740864875466,ok,C6 FUTH_WR50 (illustr.),UNITDSPR,Q1 FY24,9,2023-07-21,2023-08-21,False,-3.687626277246977,-1.9279352162188665,,,,,,,
37.054570019101,ok,C6 FUTH_WR50 (illustr.),ALKEM,Q2 FY24,10,2023-11-07,2023-11-30,True,17.172670520872792,9.26364250477525,,,,,,,
7.920448111631378,ok,C6 FUTH_WR50 (illustr.),BAJAJ-AUTO,Q2 FY24,10,2023-10-19,2023-11-17,False,2.5458528545192074,1.9801120279078446,,,,,,,
119.271959708251,ok,C6 FUTH_WR50 (illustr.),HINDPETRO,Q2 FY24,10,2023-11-07,2023-11-30,True,37.72701794316029,29.81798992706275,,,,,,,
121.55468495984962,ok,C6 FUTH_WR50 (illustr.),PFC,Q2 FY24,10,2023-11-09,2023-12-08,False,38.52455498499343,30.388671239962406,,,,,,,
40.9265447378914,ok,C6 FUTH_WR50 (illustr.),TRENT,Q2 FY24,10,2023-11-07,2023-11-30,True,18.14066420057039,10.23163618447285,,,,,,,
27.323753648556973,ok,C6 FUTH_WR50 (illustr.),BAJAJ-AUTO,Q3 FY24,11,2024-01-25,2024-02-23,False,10.879019301585972,6.830938412139243,,,,,,,
-5.259753945399298,ok,C6 FUTH_WR50 (illustr.),CIPLA,Q3 FY24,11,2024-01-23,2024-02-21,False,2.54826357779692,-1.3149384863498246,,,,,,,
16.111913913172774,ok,C6 FUTH_WR50 (illustr.),CUMMINSIND,Q3 FY24,11,2024-02-08,2024-02-29,True,7.529430456956002,4.0279784782931936,,,,,,,
-5.016205191249496,ok,C6 FUTH_WR50 (illustr.),GODREJCP,Q3 FY24,11,2024-02-01,2024-02-29,True,0.08108020381570116,-1.254051297812374,,,,,,,
-23.344867460542403,ok,C6 FUTH_WR50 (illustr.),INDUSTOWER,Q3 FY24,11,2024-01-24,2024-02-22,False,-2.2574316530884007,-5.836216865135601,,,,,,,
21.032392195480167,ok,C6 FUTH_WR50 (illustr.),INFY,Q3 FY24,11,2024-01-12,2024-02-12,False,4.006092001703058,5.258098048870042,,,,,,,
-54.32080844759554,ok,C6 FUTH_WR50 (illustr.),NATIONALUM,Q3 FY24,11,2024-02-14,2024-03-13,False,-12.83836310512004,-13.580202111898885,,,,,,,
-77.95582474960968,ok,C6 FUTH_WR50 (illustr.),NMDC,Q3 FY24,11,2024-02-15,2024-03-14,False,-18.392315725528672,-19.48895618740242,,,,,,,
72.30311835539247,ok,C6 FUTH_WR50 (illustr.),OFSS,Q3 FY24,11,2024-01-18,2024-02-16,False,20.79097697029695,18.075779588848118,,,,,,,
-3.26689243149651,ok,C6 FUTH_WR50 (illustr.),PERSISTENT,Q3 FY24,11,2024-01-23,2024-02-21,False,3.046478956272617,-0.8167231078741275,,,,,,,
14.657916289174372,ok,C6 FUTH_WR50 (illustr.),TMPV,Q3 FY24,11,2024-02-05,2024-02-29,True,6.471124120682096,3.664479072293593,,,,,,,
1.6414062271318082,ok,C6 FUTH_WR50 (illustr.),VOLTAS,Q3 FY24,11,2024-01-31,2024-02-28,False,1.4680626546992572,0.41035155678295204,,,,,,,
19.400115206523207,ok,C6 FUTH_WR50 (illustr.),WIPRO,Q3 FY24,11,2024-01-15,2024-02-13,False,3.267128919517707,4.850028801630802,,,,,,,
-17.771041037220755,ok,C6 FUTH_WR50 (illustr.),ABB,Q4 FY24,12,2024-05-13,2024-06-10,False,0.8032051180804113,-4.442760259305189,,,,,,,
33.00265581411593,ok,C6 FUTH_WR50 (illustr.),BEL,Q4 FY24,12,2024-05-21,2024-06-19,False,12.651452313446514,8.250663953528983,,,,,,,
20.93830564713928,ok,C6 FUTH_WR50 (illustr.),BHARATFORG,Q4 FY24,12,2024-05-08,2024-05-30,True,6.679752961498967,5.23457641178482,,,,,,,
12.254570839933626,ok,C6 FUTH_WR50 (illustr.),COALINDIA,Q4 FY24,12,2024-05-03,2024-05-30,True,3.327682423720616,3.0636427099834065,,,,,,,
0.8732904937143233,ok,C6 FUTH_WR50 (illustr.),CONCOR,Q4 FY24,12,2024-05-17,2024-06-14,False,4.687247893057037,0.21832262342858083,,,,,,,
16.810496494679676,ok,C6 FUTH_WR50 (illustr.),CROMPTON,Q4 FY24,12,2024-05-17,2024-06-14,False,8.671549393298376,4.202624123669919,,,,,,,
19.032645906940985,ok,C6 FUTH_WR50 (illustr.),GLENMARK,Q4 FY24,12,2024-05-27,2024-06-25,False,8.218046879297995,4.758161476735246,,,,,,,
14.631962359841927,ok,C6 FUTH_WR50 (illustr.),GODREJCP,Q4 FY24,12,2024-05-07,2024-05-30,True,1.8037612434746588,3.6579905899604817,,,,,,,
24.569837055644065,ok,C6 FUTH_WR50 (illustr.),HAL,Q4 FY24,12,2024-05-16,2024-06-13,False,10.60388339413865,6.142459263911016,,,,,,,
113.34766238399708,ok,C6 FUTH_WR50 (illustr.),MOTHERSON,Q4 FY24,12,2024-05-29,2024-06-27,True,34.257896450183644,28.33691559599927,,,,,,,
21.73144751998946,ok,C6 FUTH_WR50 (illustr.),POLYCAB,Q4 FY24,12,2024-05-10,2024-06-07,False,11.052221668165243,5.432861879997365,,,,,,,
46.05830152350158,ok,C6 FUTH_WR50 (illustr.),RECLTD,Q4 FY24,12,2024-04-30,2024-05-29,False,11.97629474640978,11.514575380875394,,,,,,,
48.35981193195061,ok,C6 FUTH_WR50 (illustr.),TVSMOTOR,Q4 FY24,12,2024-05-09,2024-05-30,True,16.044371746508105,12.089952982987652,,,,,,,
-28.588224549973024,ok,C6 FUTH_WR50 (illustr.),ZYDUSLIFE,Q4 FY24,12,2024-05-18,2024-06-18,False,-2.4345843572070556,-7.147056137493256,,,,,,,
23.197320906500444,ok,C6 FUTH_WR50 (illustr.),COLPAL,Q1 FY25,13,2024-07-30,2024-08-28,False,6.604009174057061,5.799330226625111,,,,,,,
15.04529691363548,ok,C6 FUTH_WR50 (illustr.),ICICIPRULI,Q1 FY25,13,2024-07-24,2024-08-22,False,5.411569789266583,3.76132422840887,,,,,,,
-3.2589171510409134,ok,C6 FUTH_WR50 (illustr.),JUBLFOOD,Q1 FY25,13,2024-08-12,2024-09-10,False,2.0561352951452596,-0.8147292877602283,,,,,,,
-40.21995625451006,ok,C6 FUTH_WR50 (illustr.),MARICO,Q1 FY25,13,2024-08-05,2024-08-29,True,-4.945737496424859,-10.054989063627515,,,,,,,
-4.917465595794241,ok,C6 FUTH_WR50 (illustr.),MPHASIS,Q1 FY25,13,2024-07-26,2024-08-26,False,-0.5016914985565745,-1.2293663989485601,,,,,,,
27.63061305489565,ok,C6 FUTH_WR50 (illustr.),PETRONET,Q1 FY25,13,2024-07-24,2024-08-22,False,8.557898824581626,6.907653263723913,,,,,,,
2.891447649132145,ok,C6 FUTH_WR50 (illustr.),TCS,Q1 FY25,13,2024-07-12,2024-08-12,False,0.10965217354581905,0.7228619122830362,,,,,,,
44.80181825340184,ok,C6 FUTH_WR50 (illustr.),TRENT,Q1 FY25,13,2024-08-09,2024-09-09,False,13.555121640399806,11.20045456335046,,,,,,,
12.663354824283873,ok,C6 FUTH_WR50 (illustr.),UNITDSPR,Q1 FY25,13,2024-07-24,2024-08-22,False,4.816084266928681,3.1658387060709683,,,,,,,
16.899946289556937,ok,C7 FUTH_WIN (illustr.),BAJFINANCE,Q4 FY21,0,2021-04-28,2021-05-27,True,7.429072198930235,4.224986572389234,,,,,,,
9.100496074851888,ok,C7 FUTH_WIN (illustr.),BHARATFORG,Q4 FY21,0,2021-06-04,2021-07-02,False,2.6266439370295416,2.275124018712972,,,,,,,
-33.09189932417715,ok,C7 FUTH_WIN (illustr.),BOSCHLTD,Q4 FY21,0,2021-05-20,2021-06-17,False,-2.984308752505712,-8.272974831044287,,,,,,,
15.950616770136255,ok,C7 FUTH_WIN (illustr.),CONCOR,Q4 FY21,0,2021-05-24,2021-06-21,False,7.618726920644229,3.987654192534064,,,,,,,
-23.18839402163872,ok,C7 FUTH_WIN (illustr.),GODREJCP,Q4 FY21,0,2021-05-12,2021-06-10,False,1.3079217375052945,-5.79709850540968,,,,,,,
35.7027325277568,ok,C7 FUTH_WIN (illustr.),ICICIPRULI,Q4 FY21,0,2021-04-20,2021-05-20,False,13.210043390465811,8.9256831319392,,,,,,,
-44.62516781399159,ok,C7 FUTH_WIN (illustr.),MOTHERSON,Q4 FY21,0,2021-06-02,2021-06-24,True,-10.203458528143836,-11.156291953497897,,,,,,,
14.379202946844055,ok,C7 FUTH_WIN (illustr.),MUTHOOTFIN,Q4 FY21,0,2021-06-02,2021-06-24,True,4.547634162065076,3.5948007367110137,,,,,,,
-10.678105281626488,ok,C7 FUTH_WIN (illustr.),TVSMOTOR,Q4 FY21,0,2021-04-28,2021-05-27,True,0.534559306134378,-2.669526320406622,,,,,,,
18.103697932811617,ok,C7 FUTH_WIN (illustr.),UPL,Q4 FY21,0,2021-05-14,2021-06-11,False,12.187055987924337,4.525924483202904,,,,,,,
18.94511629429561,ok,C7 FUTH_WIN (illustr.),WIPRO,Q4 FY21,0,2021-04-16,2021-05-18,False,8.110055449716773,4.736279073573902,,,,,,,
17.28805971776151,ok,C7 FUTH_WIN (illustr.),APOLLOHOSP,Q1 FY22,1,2021-08-16,2021-09-15,False,10.116313745177832,4.322014929440377,,,,,,,
-44.67260719815872,ok,C7 FUTH_WIN (illustr.),ASIANPAINT,Q1 FY22,1,2021-07-20,2021-08-18,False,-5.155674781096872,-11.16815179953968,,,,,,,
-50.600167386487975,ok,C7 FUTH_WIN (illustr.),BHARATFORG,Q1 FY22,1,2021-08-12,2021-09-13,False,-6.574824423435085,-12.650041846621994,,,,,,,
-11.190981935408923,ok,C7 FUTH_WIN (illustr.),CHOLAFIN,Q1 FY22,1,2021-08-02,2021-08-26,True,5.072668267355666,-2.7977454838522307,,,,,,,
46.17522534911061,ok,C7 FUTH_WIN (illustr.),JUBLFOOD,Q1 FY22,1,2021-07-22,2021-08-20,False,15.522653787835509,11.543806337277653,,,,,,,
36.32255694456524,ok,C7 FUTH_WIN (illustr.),MPHASIS,Q1 FY22,1,2021-07-23,2021-08-23,False,13.139476146973465,9.08063923614131,,,,,,,
-20.31778501260861,ok,C7 FUTH_WIN (illustr.),SIEMENS,Q1 FY22,1,2021-08-11,2021-09-09,False,1.6165352604592877,-5.0794462531521525,,,,,,,
-23.550913713215312,ok,C7 FUTH_WIN (illustr.),SUNPHARMA,Q1 FY22,1,2021-07-30,2021-08-26,True,1.5420050940792054,-5.887728428303828,,,,,,,
38.932727606758284,ok,C7 FUTH_WIN (illustr.),TECHM,Q1 FY22,1,2021-07-30,2021-08-26,True,17.1629154240726,9.733181901689571,,,,,,,
26.886120182148158,ok,C7 FUTH_WIN (illustr.),APOLLOHOSP,Q2 FY22,2,2021-11-15,2021-12-14,False,2.4092615337931758,6.7215300455370395,,,,,,,
-52.20144553817571,ok,C7 FUTH_WIN (illustr.),ASHOKLEY,Q2 FY22,2,2021-11-15,2021-12-14,False,-17.362629896287793,-13.050361384543928,,,,,,,
8.82846286820565,ok,C7 FUTH_WIN (illustr.),BEL,Q2 FY22,2,2021-10-29,2021-11-25,True,-1.6686721691957693,2.2071157170514124,,,,,,,
-11.020106266102609,ok,C7 FUTH_WIN (illustr.),EICHERMOT,Q2 FY22,2,2021-11-04,2021-12-06,False,-8.341775539556547,-2.755026566525652,,,,,,,
-30.182147502574747,ok,C7 FUTH_WIN (illustr.),FEDERALBNK,Q2 FY22,2,2021-10-22,2021-11-23,False,-10.901487060298328,-7.545536875643687,,,,,,,
-23.81483408309961,ok,C7 FUTH_WIN (illustr.),ICICIBANK,Q2 FY22,2,2021-10-25,2021-11-24,False,-9.852794444395915,-5.953708520774902,,,,,,,
-34.85504573476298,ok,C7 FUTH_WIN (illustr.),INDIGO,Q2 FY22,2,2021-10-29,2021-11-25,True,-12.589549319937928,-8.713761433690745,,,,,,,
-78.19123401239092,ok,C7 FUTH_WIN (illustr.),INDUSINDBK,Q2 FY22,2,2021-10-28,2021-11-25,True,-24.026261512379676,-19.54780850309773,,,,,,,
42.15495030952706,ok,C7 FUTH_WIN (illustr.),LTM,Q2 FY22,2,2021-10-19,2021-11-17,False,7.734984608260635,10.538737577381765,,,,,,,
-16.621184771655212,ok,C7 FUTH_WIN (illustr.),PIDILITIND,Q2 FY22,2,2021-11-11,2021-12-10,False,-6.162308098741383,-4.155296192913803,,,,,,,
25.234059726951322,ok,C7 FUTH_WIN (illustr.),PIIND,Q2 FY22,2,2021-11-15,2021-12-14,False,1.996246419993967,6.308514931737831,,,,,,,
-56.23855063890643,ok,C7 FUTH_WIN (illustr.),SAIL,Q2 FY22,2,2021-11-01,2021-11-25,True,-18.293764204305006,-14.059637659726608,,,,,,,
-12.646791754252934,ok,C7 FUTH_WIN (illustr.),TRENT,Q2 FY22,2,2021-11-03,2021-12-03,False,-6.689249146693717,-3.1616979385632336,,,,,,,
72.73092700161818,ok,C7 FUTH_WIN (illustr.),TVSMOTOR,Q2 FY22,2,2021-10-22,2021-11-23,False,14.826781565749906,18.182731750404546,,,,,,,
26.52580666623057,ok,C7 FUTH_WIN (illustr.),UNITDSPR,Q2 FY22,2,2021-10-27,2021-11-25,True,0.14712322680024217,6.631451666557642,,,,,,,
13.644242802602774,ok,C7 FUTH_WIN (illustr.),VOLTAS,Q2 FY22,2,2021-10-29,2021-11-25,True,-0.4647271855964884,3.4110607006506934,,,,,,,
-23.634441160613346,ok,C7 FUTH_WIN (illustr.),WIPRO,Q2 FY22,2,2021-10-14,2021-11-15,False,-7.137891176592,-5.908610290153336,,,,,,,
17.504850605807537,ok,C7 FUTH_WIN (illustr.),AXISBANK,Q3 FY22,3,2022-01-25,2022-02-23,False,3.1535883817902546,4.376212651451884,,,,,,,
0.24232350140396774,ok,C7 FUTH_WIN (illustr.),BANDHANBNK,Q3 FY22,3,2022-01-24,2022-02-22,False,-0.251214962331444,0.060580875350991936,,,,,,,
-27.763154004788102,ok,C7 FUTH_WIN (illustr.),BANKBARODA,Q3 FY22,3,2022-02-07,2022-03-08,False,-13.892891954280625,-6.940788501197026,,,,,,,
19.59202284447579,ok,C7 FUTH_WIN (illustr.),BIOCON,Q3 FY22,3,2022-01-21,2022-02-21,False,2.5878898864821567,4.898005711118947,,,,,,,
-34.5902243261313,ok,C7 FUTH_WIN (illustr.),CANBK,Q3 FY22,3,2022-01-27,2022-02-24,True,-13.666670291519297,-8.647556081532825,,,,,,,
-8.322452713133849,ok,C7 FUTH_WIN (illustr.),COFORGE,Q3 FY22,3,2022-01-28,2022-02-24,True,-4.654177070120355,-2.0806131782834623,,,,,,,
-78.17562561925904,ok,C7 FUTH_WIN (illustr.),INDIGO,Q3 FY22,3,2022-02-07,2022-03-08,False,-26.49600985789836,-19.54390640481476,,,,,,,
-36.164132802707975,ok,C7 FUTH_WIN (illustr.),LICHSGFIN,Q3 FY22,3,2022-01-28,2022-02-24,True,-11.614597092513886,-9.041033200676994,,,,,,,
8.685920575627875,ok,C7 FUTH_WIN (illustr.),MARUTI,Q3 FY22,3,2022-01-25,2022-02-23,False,0.9488558742453391,2.171480143906969,,,,,,,
-24.608923520877553,ok,C7 FUTH_WIN (illustr.),NAUKRI,Q3 FY22,3,2022-01-31,2022-02-24,True,-9.28075869332041,-6.152230880219388,,,,,,,
-3.6468006423636847,ok,C7 FUTH_WIN (illustr.),BANDHANBNK,Q4 FY22,4,2022-05-13,2022-06-10,False,1.7673165133096616,-0.9117001605909212,,,,,,,
1.3549862058114088,ok,C7 FUTH_WIN (illustr.),BANKBARODA,Q4 FY22,4,2022-05-16,2022-06-13,False,-0.06985283121254335,0.3387465514528522,,,,,,,
-0.557488279621227,ok,C7 FUTH_WIN (illustr.),BHARATFORG,Q4 FY22,4,2022-05-16,2022-06-13,False,-0.5479714525707023,-0.13937206990530676,,,,,,,
22.549631960826492,ok,C7 FUTH_WIN (illustr.),BRITANNIA,Q4 FY22,4,2022-05-04,2022-05-26,True,4.72891708024357,5.637407990206623,,,,,,,
12.893570604964971,ok,C7 FUTH_WIN (illustr.),CROMPTON,Q4 FY22,4,2022-05-30,2022-06-27,False,-1.7342802934092814,3.2233926512412427,,,,,,,
1.4958490172962742,ok,C7 FUTH_WIN (illustr.),DIXON,Q4 FY22,4,2022-05-30,2022-06-27,False,-4.5837106903264555,0.37396225432406854,,,,,,,
13.613210240720713,ok,C7 FUTH_WIN (illustr.),EICHERMOT,Q4 FY22,4,2022-05-16,2022-06-13,False,2.9947031775147828,3.4033025601801783,,,,,,,
-28.46460824881127,ok,C7 FUTH_WIN (illustr.),INDIGO,Q4 FY22,4,2022-05-26,2022-06-23,False,-10.89017994691632,-7.116152062202818,,,,,,,
-23.68444821890043,ok,C7 FUTH_WIN (illustr.),INDUSINDBK,Q4 FY22,4,2022-05-02,2022-05-26,True,-8.739867466551152,-5.921112054725108,,,,,,,
-11.09893289010841,ok,C7 FUTH_WIN (illustr.),ITC,Q4 FY22,4,2022-05-19,2022-06-16,False,-5.593550634952612,-2.7747332225271024,,,,,,,
2.0739041635744524,ok,C7 FUTH_WIN (illustr.),JUBLFOOD,Q4 FY22,4,2022-05-30,2022-06-27,False,-4.439196903756911,0.5184760408936131,,,,,,,
11.926883848273567,ok,C7 FUTH_WIN (illustr.),ONGC,Q4 FY22,4,2022-05-31,2022-06-28,False,-1.4261953817576298,2.9817209620683918,,,,,,,
-50.83929982303598,ok,C7 FUTH_WIN (illustr.),PERSISTENT,Q4 FY22,4,2022-04-28,2022-05-26,True,-17.865802990035494,-12.709824955758995,,,,,,,
7.746366436185031,ok,C7 FUTH_WIN (illustr.),PIIND,Q4 FY22,4,2022-05-18,2022-06-15,False,-1.4186539221323478,1.9365916090462578,,,,,,,
-1.4728151737838984,ok,C7 FUTH_WIN (illustr.),RBLBANK,Q4 FY22,4,2022-05-13,2022-06-10,False,2.310812880454608,-0.3682037934459746,,,,,,,
-0.4752241802036432,ok,C7 FUTH_WIN (illustr.),SHRIRAMFIN,Q4 FY22,4,2022-04-29,2022-05-26,True,-2.67824595313478,-0.1188060450509108,,,,,,,
12.101316632169295,ok,C7 FUTH_WIN (illustr.),TMPV,Q4 FY22,4,2022-05-13,2022-06-10,False,5.704345831942907,3.025329158042324,,,,,,,
29.641283504024866,ok,C7 FUTH_WIN (illustr.),BAJAJFINSV,Q1 FY23,5,2022-07-28,2022-08-25,True,9.694402720822408,7.4103208760062165,,,,,,,
-20.38682166273613,ok,C7 FUTH_WIN (illustr.),HINDALCO,Q1 FY23,5,2022-08-10,2022-09-09,False,-3.373801182661037,-5.096705415684032,,,,,,,
63.21612459310614,ok,C7 FUTH_WIN (illustr.),IDFCFIRSTB,Q1 FY23,5,2022-08-01,2022-08-25,True,16.99328959908837,15.804031148276534,,,,,,,
23.939554991987148,ok,C7 FUTH_WIN (illustr.),INDUSINDBK,Q1 FY23,5,2022-07-21,2022-08-22,False,11.337238456673274,5.984888747996787,,,,,,,
18.80824761908269,ok,C7 FUTH_WIN (illustr.),LAURUSLABS,Q1 FY23,5,2022-07-27,2022-08-25,True,10.232884051413475,4.702061904770672,,,,,,,
-11.541354826015743,ok,C7 FUTH_WIN (illustr.),LUPIN,Q1 FY23,5,2022-08-04,2022-09-06,False,-1.2912965939737306,-2.8853387065039358,,,,,,,
-14.483590636010163,ok,C7 FUTH_WIN (illustr.),MANAPPURAM,Q1 FY23,5,2022-08-05,2022-09-07,False,-2.296687283948636,-3.620897659002541,,,,,,,
-3.192209522469364,ok,C7 FUTH_WIN (illustr.),POLYCAB,Q1 FY23,5,2022-07-19,2022-08-18,False,9.111149635226683,-0.798052380617341,,,,,,,
-4.048791659403678,ok,C7 FUTH_WIN (illustr.),SBILIFE,Q1 FY23,5,2022-07-29,2022-08-25,True,2.510781701368673,-1.0121979148509195,,,,,,,
-36.03995900066707,ok,C7 FUTH_WIN (illustr.),SUNPHARMA,Q1 FY23,5,2022-07-29,2022-08-25,True,-5.487010133947175,-9.009989750166767,,,,,,,
-19.01531527232345,ok,C7 FUTH_WIN (illustr.),ULTRACEMCO,Q1 FY23,5,2022-07-22,2022-08-23,False,0.39821798967896516,-4.753828818080862,,,,,,,
-3.5140170712279097,ok,C7 FUTH_WIN (illustr.),ADANIENT,Q2 FY23,6,2022-11-04,2022-12-05,False,2.3644088283477673,-0.8785042678069774,,,,,,,
-29.44291128470486,ok,C7 FUTH_WIN (illustr.),AXISBANK,Q2 FY23,6,2022-10-21,2022-11-22,False,-3.5407244074884567,-7.360727821176215,,,,,,,
30.11530675281007,ok,C7 FUTH_WIN (illustr.),BANKBARODA,Q2 FY23,6,2022-11-07,2022-12-06,False,9.96576254422468,7.528826688202518,,,,,,,
-12.763495972678468,ok,C7 FUTH_WIN (illustr.),BOSCHLTD,Q2 FY23,6,2022-11-09,2022-12-07,False,-0.9485905763056045,-3.190873993169617,,,,,,,
17.123152310536497,ok,C7 FUTH_WIN (illustr.),BRITANNIA,Q2 FY23,6,2022-11-07,2022-12-06,False,6.717723933656287,4.280788077634124,,,,,,,
-25.38679540844399,ok,C7 FUTH_WIN (illustr.),CHOLAFIN,Q2 FY23,6,2022-11-02,2022-11-24,True,-2.2916601275736546,-6.346698852110998,,,,,,,
-9.49015806100268,ok,C7 FUTH_WIN (illustr.),GLENMARK,Q2 FY23,6,2022-11-14,2022-12-12,False,-1.4359667336432311,-2.37253951525067,,,,,,,
6.0858235085823384,ok,C7 FUTH_WIN (illustr.),LUPIN,Q2 FY23,6,2022-11-10,2022-12-08,False,4.765016742900333,1.5214558771455846,,,,,,,
-3.3975885795991925,ok,C7 FUTH_WIN (illustr.),MANAPPURAM,Q2 FY23,6,2022-11-14,2022-12-12,False,0.08717563670764053,-0.8493971448997981,,,,,,,
-39.580481319516316,ok,C7 FUTH_WIN (illustr.),MARUTI,Q2 FY23,6,2022-10-28,2022-11-24,True,-5.512615551054319,-9.895120329879079,,,,,,,
-32.94369053877459,ok,C7 FUTH_WIN (illustr.),NAUKRI,Q2 FY23,6,2022-11-14,2022-12-12,False,-7.299349853086209,-8.235922634693647,,,,,,,
-26.87466897071,ok,C7 FUTH_WIN (illustr.),PIIND,Q2 FY23,6,2022-11-09,2022-12-07,False,-4.476383825813487,-6.7186672426775,,,,,,,
7.064922083251584,ok,C7 FUTH_WIN (illustr.),APOLLOHOSP,Q3 FY23,7,2023-02-15,2023-03-16,False,-3.932345066794681,1.766230520812896,,,,,,,
-2.263818188476069,ok,C7 FUTH_WIN (illustr.),AUROPHARMA,Q3 FY23,7,2023-02-10,2023-03-13,False,-4.478416115735492,-0.5659545471190173,,,,,,,
16.51942497968091,ok,C7 FUTH_WIN (illustr.),BAJFINANCE,Q3 FY23,7,2023-01-30,2023-02-23,True,2.697928509842499,4.129856244920227,,,,,,,
-6.3357460718649286,ok,C7 FUTH_WIN (illustr.),BANDHANBNK,Q3 FY23,7,2023-02-06,2023-03-06,False,-1.8631270429428546,-1.5839365179662321,,,,,,,
27.796656466075035,ok,C7 FUTH_WIN (illustr.),BANKBARODA,Q3 FY23,7,2023-02-03,2023-03-03,False,5.514592184660153,6.949164116518759,,,,,,,
-9.85089003879644,ok,C7 FUTH_WIN (illustr.),BRITANNIA,Q3 FY23,7,2023-02-02,2023-02-23,True,-4.080959006314751,-2.46272250969911,,,,,,,
12.038025746395858,ok,C7 FUTH_WIN (illustr.),CHOLAFIN,Q3 FY23,7,2023-02-01,2023-02-23,True,2.0906032616984573,3.0095064365989646,,,,,,,
35.984352338674746,ok,C7 FUTH_WIN (illustr.),CUMMINSIND,Q3 FY23,7,2023-02-09,2023-03-10,False,6.330468486435818,8.996088084668687,,,,,,,
18.809046918052235,ok,C7 FUTH_WIN (illustr.),DRREDDY,Q3 FY23,7,2023-01-27,2023-02-23,True,3.9352403399133298,4.702261729513059,,,,,,,
9.180936224471564,ok,C7 FUTH_WIN (illustr.),GLENMARK,Q3 FY23,7,2023-02-13,2023-03-14,False,-1.7790999393466143,2.295234056117891,,,,,,,
-11.329411243375404,ok,C7 FUTH_WIN (illustr.),INDHOTEL,Q3 FY23,7,2023-02-01,2023-02-23,True,-3.751255985744358,-2.832352810843851,,,,,,,
-20.547301216305453,ok,C7 FUTH_WIN (illustr.),JINDALSTEL,Q3 FY23,7,2023-02-01,2023-02-23,True,-6.055728478976871,-5.136825304076363,,,,,,,
64.12106970017612,ok,C7 FUTH_WIN (illustr.),PERSISTENT,Q3 FY23,7,2023-01-19,2023-02-17,False,15.146515737240133,16.03026742504403,,,,,,,
-17.12417028256796,ok,C7 FUTH_WIN (illustr.),RECLTD,Q3 FY23,7,2023-01-31,2023-02-23,True,-6.289108236486747,-4.28104257064199,,,,,,,
-13.63532528757973,ok,C7 FUTH_WIN (illustr.),TMPV,Q3 FY23,7,2023-01-27,2023-02-23,True,-4.175852711494661,-3.4088313218949327,,,,,,,
9.714247937023806,ok,C7 FUTH_WIN (illustr.),TRENT,Q3 FY23,7,2023-02-09,2023-03-10,False,-0.23705761397691746,2.4285619842559516,,,,,,,
38.35134238745264,ok,C7 FUTH_WIN (illustr.),TVSMOTOR,Q3 FY23,7,2023-01-25,2023-02-23,True,7.480063051109335,9.58783559686316,,,,,,,
26.999688785880064,ok,C7 FUTH_WIN (illustr.),ABB,Q4 FY23,8,2023-05-04,2023-05-25,True,8.04047730772233,6.749922196470016,,,,,,,
65.84539693328608,ok,C7 FUTH_WIN (illustr.),ASTRAL,Q4 FY23,8,2023-05-16,2023-06-13,False,18.83089671370324,16.46134923332152,,,,,,,
1.1049762843162776,ok,C7 FUTH_WIN (illustr.),BHEL,Q4 FY23,8,2023-05-29,2023-06-26,False,0.7938608335860166,0.2762440710790694,,,,,,,
33.60216281134614,ok,C7 FUTH_WIN (illustr.),CHOLAFIN,Q4 FY23,8,2023-05-04,2023-05-25,True,9.691095814088849,8.400540702836535,,,,,,,
28.780168444756086,ok,C7 FUTH_WIN (illustr.),DIVISLAB,Q4 FY23,8,2023-05-22,2023-06-19,False,9.623256412503837,7.1950421111890215,,,,,,,
108.8461048424322,ok,C7 FUTH_WIN (illustr.),DIXON,Q4 FY23,8,2023-05-24,2023-06-21,False,30.356697111982903,27.21152621060805,,,,,,,
14.016073222103126,ok,C7 FUTH_WIN (illustr.),DLF,Q4 FY23,8,2023-05-15,2023-06-12,False,4.625445840398882,3.5040183055257814,,,,,,,
-11.158605037387831,ok,C7 FUTH_WIN (illustr.),EICHERMOT,Q4 FY23,8,2023-05-12,2023-06-09,False,-1.412279079470565,-2.789651259346958,,,,,,,
4.423544481684877,ok,C7 FUTH_WIN (illustr.),MARICO,Q4 FY23,8,2023-05-08,2023-06-05,False,2.9296683415727367,1.1058861204212191,,,,,,,
9.639228569488361,ok,C7 FUTH_WIN (illustr.),MUTHOOTFIN,Q4 FY23,8,2023-05-22,2023-06-19,False,4.838021443686905,2.4098071423720904,,,,,,,
6.048238552074109,ok,C7 FUTH_WIN (illustr.),NAUKRI,Q4 FY23,8,2023-05-26,2023-06-23,False,2.430199302385131,1.5120596380185272,,,,,,,
12.524265369387871,ok,C7 FUTH_WIN (illustr.),POLYCAB,Q4 FY23,8,2023-05-12,2023-06-09,False,4.5084385222233605,3.131066342346968,,,,,,,
15.471974746140665,ok,C7 FUTH_WIN (illustr.),TORNTPHARM,Q4 FY23,8,2023-05-31,2023-06-28,True,6.24954841719814,3.8679936865351663,,,,,,,
18.77228538610938,ok,C7 FUTH_WIN (illustr.),TVSMOTOR,Q4 FY23,8,2023-05-05,2023-06-02,False,7.287093151829231,4.693071346527345,,,,,,,
17.356853230420736,ok,C7 FUTH_WIN (illustr.),ASHOKLEY,Q1 FY24,9,2023-07-21,2023-08-21,False,2.579522246577074,4.339213307605184,,,,,,,
56.80998856428686,ok,C7 FUTH_WIN (illustr.),BHARATFORG,Q1 FY24,9,2023-08-09,2023-08-31,True,14.703840624215774,14.202497141071715,,,,,,,
1.3639688437999504,ok,C7 FUTH_WIN (illustr.),COLPAL,Q1 FY24,9,2023-07-27,2023-08-25,False,-1.6435958083176736,0.3409922109499876,,,,,,,
18.82701752078724,ok,C7 FUTH_WIN (illustr.),LICHSGFIN,Q1 FY24,9,2023-08-04,2023-08-31,True,4.787214491894302,4.70675438019681,,,,,,,
31.183215713595484,ok,C7 FUTH_WIN (illustr.),MFSL,Q1 FY24,9,2023-08-10,2023-09-08,False,9.23241644125508,7.795803928398871,,,,,,,
3.964637399998688,ok,C7 FUTH_WIN (illustr.),MPHASIS,Q1 FY24,9,2023-07-21,2023-08-21,False,-0.7685317110284383,0.991159349999672,,,,,,,
47.725150224763006,ok,C7 FUTH_WIN (illustr.),NMDC,Q1 FY24,9,2023-08-14,2023-09-12,False,14.825807419012387,11.931287556190751,,,,,,,
75.30471668162981,ok,C7 FUTH_WIN (illustr.),POLYCAB,Q1 FY24,9,2023-07-18,2023-08-16,False,17.406884007299997,18.826179170407453,,,,,,,
115.86620851497047,ok,C7 FUTH_WIN (illustr.),RECLTD,Q1 FY24,9,2023-07-27,2023-08-25,False,26.981964109474955,28.966552128742617,,,,,,,
64.39894015105638,ok,C7 FUTH_WIN (illustr.),TRENT,Q1 FY24,9,2023-08-09,2023-08-31,True,16.601078520908153,16.099735037764095,,,,,,,
-7.711740864875466,ok,C7 FUTH_WIN (illustr.),UNITDSPR,Q1 FY24,9,2023-07-21,2023-08-21,False,-3.687626277246977,-1.9279352162188665,,,,,,,
37.054570019101,ok,C7 FUTH_WIN (illustr.),ALKEM,Q2 FY24,10,2023-11-07,2023-11-30,True,17.172670520872792,9.26364250477525,,,,,,,
7.920448111631378,ok,C7 FUTH_WIN (illustr.),BAJAJ-AUTO,Q2 FY24,10,2023-10-19,2023-11-17,False,2.5458528545192074,1.9801120279078446,,,,,,,
17.791406076659392,ok,C7 FUTH_WIN (illustr.),CONCOR,Q2 FY24,10,2023-11-03,2023-11-30,True,12.040158155463248,4.447851519164848,,,,,,,
119.271959708251,ok,C7 FUTH_WIN (illustr.),HINDPETRO,Q2 FY24,10,2023-11-07,2023-11-30,True,37.72701794316029,29.81798992706275,,,,,,,
1.5056820064092642,ok,C7 FUTH_WIN (illustr.),LTM,Q2 FY24,10,2023-10-19,2023-11-17,False,0.9421613282136788,0.37642050160231605,,,,,,,
121.55468495984962,ok,C7 FUTH_WIN (illustr.),PFC,Q2 FY24,10,2023-11-09,2023-12-08,False,38.52455498499343,30.388671239962406,,,,,,,
40.9265447378914,ok,C7 FUTH_WIN (illustr.),TRENT,Q2 FY24,10,2023-11-07,2023-11-30,True,18.14066420057039,10.23163618447285,,,,,,,
63.2605213077783,ok,C7 FUTH_WIN (illustr.),ABB,Q3 FY24,11,2024-02-21,2024-03-20,False,14.855989495252956,15.815130326944574,,,,,,,
27.323753648556973,ok,C7 FUTH_WIN (illustr.),BAJAJ-AUTO,Q3 FY24,11,2024-01-25,2024-02-23,False,10.879019301585972,6.830938412139243,,,,,,,
-5.259753945399298,ok,C7 FUTH_WIN (illustr.),CIPLA,Q3 FY24,11,2024-01-23,2024-02-21,False,2.54826357779692,-1.3149384863498246,,,,,,,
16.111913913172774,ok,C7 FUTH_WIN (illustr.),CUMMINSIND,Q3 FY24,11,2024-02-08,2024-02-29,True,7.529430456956002,4.0279784782931936,,,,,,,
-5.016205191249496,ok,C7 FUTH_WIN (illustr.),GODREJCP,Q3 FY24,11,2024-02-01,2024-02-29,True,0.08108020381570116,-1.254051297812374,,,,,,,
-2.8234284172866833,ok,C7 FUTH_WIN (illustr.),GRASIM,Q3 FY24,11,2024-02-09,2024-03-07,False,2.57846058189433,-0.7058571043216708,,,,,,,
46.61384738135839,ok,C7 FUTH_WIN (illustr.),ICICIGI,Q3 FY24,11,2024-01-17,2024-02-15,False,13.244019908008946,11.653461845339598,,,,,,,
-23.344867460542403,ok,C7 FUTH_WIN (illustr.),INDUSTOWER,Q3 FY24,11,2024-01-24,2024-02-22,False,-2.2574316530884007,-5.836216865135601,,,,,,,
21.032392195480167,ok,C7 FUTH_WIN (illustr.),INFY,Q3 FY24,11,2024-01-12,2024-02-12,False,4.006092001703058,5.258098048870042,,,,,,,
-0.9241817209784513,ok,C7 FUTH_WIN (illustr.),MFSL,Q3 FY24,11,2024-02-07,2024-02-29,True,1.7305427688388422,-0.23104543024461283,,,,,,,
-54.32080844759554,ok,C7 FUTH_WIN (illustr.),NATIONALUM,Q3 FY24,11,2024-02-14,2024-03-13,False,-12.83836310512004,-13.580202111898885,,,,,,,
-77.95582474960968,ok,C7 FUTH_WIN (illustr.),NMDC,Q3 FY24,11,2024-02-15,2024-03-14,False,-18.392315725528672,-19.48895618740242,,,,,,,
72.30311835539247,ok,C7 FUTH_WIN (illustr.),OFSS,Q3 FY24,11,2024-01-18,2024-02-16,False,20.79097697029695,18.075779588848118,,,,,,,
-3.26689243149651,ok,C7 FUTH_WIN (illustr.),PERSISTENT,Q3 FY24,11,2024-01-23,2024-02-21,False,3.046478956272617,-0.8167231078741275,,,,,,,
14.657916289174372,ok,C7 FUTH_WIN (illustr.),TMPV,Q3 FY24,11,2024-02-05,2024-02-29,True,6.471124120682096,3.664479072293593,,,,,,,
18.61706902531415,ok,C7 FUTH_WIN (illustr.),TRENT,Q3 FY24,11,2024-02-07,2024-02-29,True,6.615855455411993,4.654267256328538,,,,,,,
1.6414062271318082,ok,C7 FUTH_WIN (illustr.),VOLTAS,Q3 FY24,11,2024-01-31,2024-02-28,False,1.4680626546992572,0.41035155678295204,,,,,,,
19.400115206523207,ok,C7 FUTH_WIN (illustr.),WIPRO,Q3 FY24,11,2024-01-15,2024-02-13,False,3.267128919517707,4.850028801630802,,,,,,,
-17.771041037220755,ok,C7 FUTH_WIN (illustr.),ABB,Q4 FY24,12,2024-05-13,2024-06-10,False,0.8032051180804113,-4.442760259305189,,,,,,,
9.067344865728005,ok,C7 FUTH_WIN (illustr.),AXISBANK,Q4 FY24,12,2024-04-25,2024-05-24,False,4.00036746428594,2.2668362164320013,,,,,,,
33.00265581411593,ok,C7 FUTH_WIN (illustr.),BEL,Q4 FY24,12,2024-05-21,2024-06-19,False,12.651452313446514,8.250663953528983,,,,,,,
20.93830564713928,ok,C7 FUTH_WIN (illustr.),BHARATFORG,Q4 FY24,12,2024-05-08,2024-05-30,True,6.679752961498967,5.23457641178482,,,,,,,
-35.34523955098624,ok,C7 FUTH_WIN (illustr.),BPCL,Q4 FY24,12,2024-05-10,2024-06-07,False,-3.2169500995786824,-8.83630988774656,,,,,,,
-7.003750873920817,ok,C7 FUTH_WIN (illustr.),BRITANNIA,Q4 FY24,12,2024-05-06,2024-05-30,True,1.9281585578145446,-1.7509377184802042,,,,,,,
12.254570839933626,ok,C7 FUTH_WIN (illustr.),COALINDIA,Q4 FY24,12,2024-05-03,2024-05-30,True,3.327682423720616,3.0636427099834065,,,,,,,
0.8732904937143233,ok,C7 FUTH_WIN (illustr.),CONCOR,Q4 FY24,12,2024-05-17,2024-06-14,False,4.687247893057037,0.21832262342858083,,,,,,,
16.810496494679676,ok,C7 FUTH_WIN (illustr.),CROMPTON,Q4 FY24,12,2024-05-17,2024-06-14,False,8.671549393298376,4.202624123669919,,,,,,,
19.032645906940985,ok,C7 FUTH_WIN (illustr.),GLENMARK,Q4 FY24,12,2024-05-27,2024-06-25,False,8.218046879297995,4.758161476735246,,,,,,,
14.631962359841927,ok,C7 FUTH_WIN (illustr.),GODREJCP,Q4 FY24,12,2024-05-07,2024-05-30,True,1.8037612434746588,3.6579905899604817,,,,,,,
24.569837055644065,ok,C7 FUTH_WIN (illustr.),HAL,Q4 FY24,12,2024-05-16,2024-06-13,False,10.60388339413865,6.142459263911016,,,,,,,
-18.796402188574653,ok,C7 FUTH_WIN (illustr.),ICICIGI,Q4 FY24,12,2024-04-18,2024-05-17,False,-2.5411972608419395,-4.699100547143663,,,,,,,
7.6904650976656495,ok,C7 FUTH_WIN (illustr.),KOTAKBANK,Q4 FY24,12,2024-05-06,2024-05-30,True,5.601712550711161,1.9226162744164124,,,,,,,
113.34766238399708,ok,C7 FUTH_WIN (illustr.),MOTHERSON,Q4 FY24,12,2024-05-29,2024-06-27,True,34.257896450183644,28.33691559599927,,,,,,,
21.73144751998946,ok,C7 FUTH_WIN (illustr.),POLYCAB,Q4 FY24,12,2024-05-10,2024-06-07,False,11.052221668165243,5.432861879997365,,,,,,,
46.05830152350158,ok,C7 FUTH_WIN (illustr.),RECLTD,Q4 FY24,12,2024-04-30,2024-05-29,False,11.97629474640978,11.514575380875394,,,,,,,
6.033771378241331,ok,C7 FUTH_WIN (illustr.),TECHM,Q4 FY24,12,2024-04-26,2024-05-27,False,3.8143533840575152,1.5084428445603328,,,,,,,
48.35981193195061,ok,C7 FUTH_WIN (illustr.),TVSMOTOR,Q4 FY24,12,2024-05-09,2024-05-30,True,16.044371746508105,12.089952982987652,,,,,,,
-8.63258278999845,ok,C7 FUTH_WIN (illustr.),UPL,Q4 FY24,12,2024-05-13,2024-06-10,False,3.087819679885987,-2.1581456974996125,,,,,,,
-28.588224549973024,ok,C7 FUTH_WIN (illustr.),ZYDUSLIFE,Q4 FY24,12,2024-05-18,2024-06-18,False,-2.4345843572070556,-7.147056137493256,,,,,,,
-36.234553514023865,ok,C7 FUTH_WIN (illustr.),BANDHANBNK,Q1 FY25,13,2024-07-29,2024-08-27,False,-8.307243352716894,-9.058638378505966,,,,,,,
23.197320906500444,ok,C7 FUTH_WIN (illustr.),COLPAL,Q1 FY25,13,2024-07-30,2024-08-28,False,6.604009174057061,5.799330226625111,,,,,,,
-4.8112395949327205,ok,C7 FUTH_WIN (illustr.),CUMMINSIND,Q1 FY25,13,2024-08-07,2024-08-29,True,2.30561483632186,-1.2028098987331801,,,,,,,
-16.99227948294033,ok,C7 FUTH_WIN (illustr.),EICHERMOT,Q1 FY25,13,2024-08-09,2024-09-09,False,-1.8934027936857354,-4.248069870735082,,,,,,,
15.04529691363548,ok,C7 FUTH_WIN (illustr.),ICICIPRULI,Q1 FY25,13,2024-07-24,2024-08-22,False,5.411569789266583,3.76132422840887,,,,,,,
-6.562495598747814,ok,C7 FUTH_WIN (illustr.),INDHOTEL,Q1 FY25,13,2024-07-22,2024-08-20,False,-0.8470384166550514,-1.6406238996869535,,,,,,,
-3.2589171510409134,ok,C7 FUTH_WIN (illustr.),JUBLFOOD,Q1 FY25,13,2024-08-12,2024-09-10,False,2.0561352951452596,-0.8147292877602283,,,,,,,
-40.21995625451006,ok,C7 FUTH_WIN (illustr.),MARICO,Q1 FY25,13,2024-08-05,2024-08-29,True,-4.945737496424859,-10.054989063627515,,,,,,,
-4.917465595794241,ok,C7 FUTH_WIN (illustr.),MPHASIS,Q1 FY25,13,2024-07-26,2024-08-26,False,-0.5016914985565745,-1.2293663989485601,,,,,,,
-1.2511611976250008,ok,C7 FUTH_WIN (illustr.),OBEROIRLTY,Q1 FY25,13,2024-07-22,2024-08-20,False,0.480795183625652,-0.3127902994062502,,,,,,,
27.63061305489565,ok,C7 FUTH_WIN (illustr.),PETRONET,Q1 FY25,13,2024-07-24,2024-08-22,False,8.557898824581626,6.907653263723913,,,,,,,
-38.45727087035086,ok,C7 FUTH_WIN (illustr.),PNB,Q1 FY25,13,2024-07-29,2024-08-27,False,-8.862922691798643,-9.614317717587715,,,,,,,
28.840002976218496,ok,C7 FUTH_WIN (illustr.),SHRIRAMFIN,Q1 FY25,13,2024-07-26,2024-08-26,False,7.93767564444661,7.210000744054624,,,,,,,
2.891447649132145,ok,C7 FUTH_WIN (illustr.),TCS,Q1 FY25,13,2024-07-12,2024-08-12,False,0.10965217354581905,0.7228619122830362,,,,,,,
44.80181825340184,ok,C7 FUTH_WIN (illustr.),TRENT,Q1 FY25,13,2024-08-09,2024-09-09,False,13.555121640399806,11.20045456335046,,,,,,,
12.663354824283873,ok,C7 FUTH_WIN (illustr.),UNITDSPR,Q1 FY25,13,2024-07-24,2024-08-22,False,4.816084266928681,3.1658387060709683,,,,,,,
50.406392905614446,ok,C7 FUTH_WIN (illustr.),VOLTAS,Q1 FY25,13,2024-08-12,2024-09-10,False,15.472462809309098,12.601598226403611,,,,,,,
13.133219685147708,ok,C8 FUTU_WR50 (illustr.),BHARATFORG,Q4 FY21,0,2021-06-04,2021-07-02,False,2.6266439370295416,2.275124018712972,,,,,,,
-14.92154376252856,ok,C8 FUTU_WR50 (illustr.),BOSCHLTD,Q4 FY21,0,2021-05-20,2021-06-17,False,-2.984308752505712,-8.272974831044287,,,,,,,
38.09363460322114,ok,C8 FUTU_WR50 (illustr.),CONCOR,Q4 FY21,0,2021-05-24,2021-06-21,False,7.618726920644229,3.987654192534064,,,,,,,
66.05021695232905,ok,C8 FUTU_WR50 (illustr.),ICICIPRULI,Q4 FY21,0,2021-04-20,2021-05-20,False,13.210043390465811,8.9256831319392,,,,,,,
-51.01729264071918,ok,C8 FUTU_WR50 (illustr.),MOTHERSON,Q4 FY21,0,2021-06-02,2021-06-24,True,-10.203458528143836,-11.156291953497897,,,,,,,
22.738170810325382,ok,C8 FUTU_WR50 (illustr.),MUTHOOTFIN,Q4 FY21,0,2021-06-02,2021-06-24,True,4.547634162065076,3.5948007367110137,,,,,,,
60.93527993962168,ok,C8 FUTU_WR50 (illustr.),UPL,Q4 FY21,0,2021-05-14,2021-06-11,False,12.187055987924337,4.525924483202904,,,,,,,
40.55027724858386,ok,C8 FUTU_WR50 (illustr.),WIPRO,Q4 FY21,0,2021-04-16,2021-05-18,False,8.110055449716773,4.736279073573902,,,,,,,
50.581568725889156,ok,C8 FUTU_WR50 (illustr.),APOLLOHOSP,Q1 FY22,1,2021-08-16,2021-09-15,False,10.116313745177832,4.322014929440377,,,,,,,
-25.778373905484358,ok,C8 FUTU_WR50 (illustr.),ASIANPAINT,Q1 FY22,1,2021-07-20,2021-08-18,False,-5.155674781096872,-11.16815179953968,,,,,,,
65.69738073486732,ok,C8 FUTU_WR50 (illustr.),MPHASIS,Q1 FY22,1,2021-07-23,2021-08-23,False,13.139476146973465,9.08063923614131,,,,,,,
8.082676302296438,ok,C8 FUTU_WR50 (illustr.),SIEMENS,Q1 FY22,1,2021-08-11,2021-09-09,False,1.6165352604592877,-5.0794462531521525,,,,,,,
7.710025470396027,ok,C8 FUTU_WR50 (illustr.),SUNPHARMA,Q1 FY22,1,2021-07-30,2021-08-26,True,1.5420050940792054,-5.887728428303828,,,,,,,
85.814577120363,ok,C8 FUTU_WR50 (illustr.),TECHM,Q1 FY22,1,2021-07-30,2021-08-26,True,17.1629154240726,9.733181901689571,,,,,,,
12.046307668965879,ok,C8 FUTU_WR50 (illustr.),APOLLOHOSP,Q2 FY22,2,2021-11-15,2021-12-14,False,2.4092615337931758,6.7215300455370395,,,,,,,
-86.81314948143896,ok,C8 FUTU_WR50 (illustr.),ASHOKLEY,Q2 FY22,2,2021-11-15,2021-12-14,False,-17.362629896287793,-13.050361384543928,,,,,,,
-8.343360845978847,ok,C8 FUTU_WR50 (illustr.),BEL,Q2 FY22,2,2021-10-29,2021-11-25,True,-1.6686721691957693,2.2071157170514124,,,,,,,
-54.50743530149163,ok,C8 FUTU_WR50 (illustr.),FEDERALBNK,Q2 FY22,2,2021-10-22,2021-11-23,False,-10.901487060298328,-7.545536875643687,,,,,,,
-49.26397222197957,ok,C8 FUTU_WR50 (illustr.),ICICIBANK,Q2 FY22,2,2021-10-25,2021-11-24,False,-9.852794444395915,-5.953708520774902,,,,,,,
-62.94774659968964,ok,C8 FUTU_WR50 (illustr.),INDIGO,Q2 FY22,2,2021-10-29,2021-11-25,True,-12.589549319937928,-8.713761433690745,,,,,,,
-120.13130756189838,ok,C8 FUTU_WR50 (illustr.),INDUSINDBK,Q2 FY22,2,2021-10-28,2021-11-25,True,-24.026261512379676,-19.54780850309773,,,,,,,
38.674923041303174,ok,C8 FUTU_WR50 (illustr.),LTM,Q2 FY22,2,2021-10-19,2021-11-17,False,7.734984608260635,10.538737577381765,,,,,,,
-30.811540493706914,ok,C8 FUTU_WR50 (illustr.),PIDILITIND,Q2 FY22,2,2021-11-11,2021-12-10,False,-6.162308098741383,-4.155296192913803,,,,,,,
74.13390782874953,ok,C8 FUTU_WR50 (illustr.),TVSMOTOR,Q2 FY22,2,2021-10-22,2021-11-23,False,14.826781565749906,18.182731750404546,,,,,,,
-35.68945588296,ok,C8 FUTU_WR50 (illustr.),WIPRO,Q2 FY22,2,2021-10-14,2021-11-15,False,-7.137891176592,-5.908610290153336,,,,,,,
15.767941908951272,ok,C8 FUTU_WR50 (illustr.),AXISBANK,Q3 FY22,3,2022-01-25,2022-02-23,False,3.1535883817902546,4.376212651451884,,,,,,,
-1.25607481165722,ok,C8 FUTU_WR50 (illustr.),BANDHANBNK,Q3 FY22,3,2022-01-24,2022-02-22,False,-0.251214962331444,0.060580875350991936,,,,,,,
-69.46445977140311,ok,C8 FUTU_WR50 (illustr.),BANKBARODA,Q3 FY22,3,2022-02-07,2022-03-08,False,-13.892891954280625,-6.940788501197026,,,,,,,
4.744279371226695,ok,C8 FUTU_WR50 (illustr.),MARUTI,Q3 FY22,3,2022-01-25,2022-02-23,False,0.9488558742453391,2.171480143906969,,,,,,,
23.64458540121785,ok,C8 FUTU_WR50 (illustr.),BRITANNIA,Q4 FY22,4,2022-05-04,2022-05-26,True,4.72891708024357,5.637407990206623,,,,,,,
-43.69933733275575,ok,C8 FUTU_WR50 (illustr.),INDUSINDBK,Q4 FY22,4,2022-05-02,2022-05-26,True,-8.739867466551152,-5.921112054725108,,,,,,,
-13.391229765673899,ok,C8 FUTU_WR50 (illustr.),SHRIRAMFIN,Q4 FY22,4,2022-04-29,2022-05-26,True,-2.67824595313478,-0.1188060450509108,,,,,,,
48.472013604112036,ok,C8 FUTU_WR50 (illustr.),BAJAJFINSV,Q1 FY23,5,2022-07-28,2022-08-25,True,9.694402720822408,7.4103208760062165,,,,,,,
-16.869005913305184,ok,C8 FUTU_WR50 (illustr.),HINDALCO,Q1 FY23,5,2022-08-10,2022-09-09,False,-3.373801182661037,-5.096705415684032,,,,,,,
84.96644799544185,ok,C8 FUTU_WR50 (illustr.),IDFCFIRSTB,Q1 FY23,5,2022-08-01,2022-08-25,True,16.99328959908837,15.804031148276534,,,,,,,
56.68619228336637,ok,C8 FUTU_WR50 (illustr.),INDUSINDBK,Q1 FY23,5,2022-07-21,2022-08-22,False,11.337238456673274,5.984888747996787,,,,,,,
-6.456482969868653,ok,C8 FUTU_WR50 (illustr.),LUPIN,Q1 FY23,5,2022-08-04,2022-09-06,False,-1.2912965939737306,-2.8853387065039358,,,,,,,
-11.48343641974318,ok,C8 FUTU_WR50 (illustr.),MANAPPURAM,Q1 FY23,5,2022-08-05,2022-09-07,False,-2.296687283948636,-3.620897659002541,,,,,,,
12.553908506843365,ok,C8 FUTU_WR50 (illustr.),SBILIFE,Q1 FY23,5,2022-07-29,2022-08-25,True,2.510781701368673,-1.0121979148509195,,,,,,,
-27.435050669735872,ok,C8 FUTU_WR50 (illustr.),SUNPHARMA,Q1 FY23,5,2022-07-29,2022-08-25,True,-5.487010133947175,-9.009989750166767,,,,,,,
1.9910899483948257,ok,C8 FUTU_WR50 (illustr.),ULTRACEMCO,Q1 FY23,5,2022-07-22,2022-08-23,False,0.39821798967896516,-4.753828818080862,,,,,,,
11.822044141738836,ok,C8 FUTU_WR50 (illustr.),ADANIENT,Q2 FY23,6,2022-11-04,2022-12-05,False,2.3644088283477673,-0.8785042678069774,,,,,,,
-17.703622037442283,ok,C8 FUTU_WR50 (illustr.),AXISBANK,Q2 FY23,6,2022-10-21,2022-11-22,False,-3.5407244074884567,-7.360727821176215,,,,,,,
49.82881272112339,ok,C8 FUTU_WR50 (illustr.),BANKBARODA,Q2 FY23,6,2022-11-07,2022-12-06,False,9.96576254422468,7.528826688202518,,,,,,,
-4.742952881528022,ok,C8 FUTU_WR50 (illustr.),BOSCHLTD,Q2 FY23,6,2022-11-09,2022-12-07,False,-0.9485905763056045,-3.190873993169617,,,,,,,
-7.179833668216156,ok,C8 FUTU_WR50 (illustr.),GLENMARK,Q2 FY23,6,2022-11-14,2022-12-12,False,-1.4359667336432311,-2.37253951525067,,,,,,,
23.825083714501666,ok,C8 FUTU_WR50 (illustr.),LUPIN,Q2 FY23,6,2022-11-10,2022-12-08,False,4.765016742900333,1.5214558771455846,,,,,,,
0.4358781835382026,ok,C8 FUTU_WR50 (illustr.),MANAPPURAM,Q2 FY23,6,2022-11-14,2022-12-12,False,0.08717563670764053,-0.8493971448997981,,,,,,,
-27.563077755271593,ok,C8 FUTU_WR50 (illustr.),MARUTI,Q2 FY23,6,2022-10-28,2022-11-24,True,-5.512615551054319,-9.895120329879079,,,,,,,
-22.381919129067434,ok,C8 FUTU_WR50 (illustr.),PIIND,Q2 FY23,6,2022-11-09,2022-12-07,False,-4.476383825813487,-6.7186672426775,,,,,,,
-19.661725333973404,ok,C8 FUTU_WR50 (illustr.),APOLLOHOSP,Q3 FY23,7,2023-02-15,2023-03-16,False,-3.932345066794681,1.766230520812896,,,,,,,
-20.404795031573755,ok,C8 FUTU_WR50 (illustr.),BRITANNIA,Q3 FY23,7,2023-02-02,2023-02-23,True,-4.080959006314751,-2.46272250969911,,,,,,,
10.453016308492286,ok,C8 FUTU_WR50 (illustr.),CHOLAFIN,Q3 FY23,7,2023-02-01,2023-02-23,True,2.0906032616984573,3.0095064365989646,,,,,,,
31.652342432179086,ok,C8 FUTU_WR50 (illustr.),CUMMINSIND,Q3 FY23,7,2023-02-09,2023-03-10,False,6.330468486435818,8.996088084668687,,,,,,,
19.676201699566647,ok,C8 FUTU_WR50 (illustr.),DRREDDY,Q3 FY23,7,2023-01-27,2023-02-23,True,3.9352403399133298,4.702261729513059,,,,,,,
-30.278642394884354,ok,C8 FUTU_WR50 (illustr.),JINDALSTEL,Q3 FY23,7,2023-02-01,2023-02-23,True,-6.055728478976871,-5.136825304076363,,,,,,,
75.73257868620065,ok,C8 FUTU_WR50 (illustr.),PERSISTENT,Q3 FY23,7,2023-01-19,2023-02-17,False,15.146515737240133,16.03026742504403,,,,,,,
-31.445541182433736,ok,C8 FUTU_WR50 (illustr.),RECLTD,Q3 FY23,7,2023-01-31,2023-02-23,True,-6.289108236486747,-4.28104257064199,,,,,,,
-20.879263557473305,ok,C8 FUTU_WR50 (illustr.),TMPV,Q3 FY23,7,2023-01-27,2023-02-23,True,-4.175852711494661,-3.4088313218949327,,,,,,,
40.20238653861165,ok,C8 FUTU_WR50 (illustr.),ABB,Q4 FY23,8,2023-05-04,2023-05-25,True,8.04047730772233,6.749922196470016,,,,,,,
94.1544835685162,ok,C8 FUTU_WR50 (illustr.),ASTRAL,Q4 FY23,8,2023-05-16,2023-06-13,False,18.83089671370324,16.46134923332152,,,,,,,
3.9693041679300824,ok,C8 FUTU_WR50 (illustr.),BHEL,Q4 FY23,8,2023-05-29,2023-06-26,False,0.7938608335860166,0.2762440710790694,,,,,,,
48.45547907044424,ok,C8 FUTU_WR50 (illustr.),CHOLAFIN,Q4 FY23,8,2023-05-04,2023-05-25,True,9.691095814088849,8.400540702836535,,,,,,,
151.7834855599145,ok,C8 FUTU_WR50 (illustr.),DIXON,Q4 FY23,8,2023-05-24,2023-06-21,False,30.356697111982903,27.21152621060805,,,,,,,
23.12722920199441,ok,C8 FUTU_WR50 (illustr.),DLF,Q4 FY23,8,2023-05-15,2023-06-12,False,4.625445840398882,3.5040183055257814,,,,,,,
-7.061395397352825,ok,C8 FUTU_WR50 (illustr.),EICHERMOT,Q4 FY23,8,2023-05-12,2023-06-09,False,-1.412279079470565,-2.789651259346958,,,,,,,
14.648341707863683,ok,C8 FUTU_WR50 (illustr.),MARICO,Q4 FY23,8,2023-05-08,2023-06-05,False,2.9296683415727367,1.1058861204212191,,,,,,,
24.190107218434527,ok,C8 FUTU_WR50 (illustr.),MUTHOOTFIN,Q4 FY23,8,2023-05-22,2023-06-19,False,4.838021443686905,2.4098071423720904,,,,,,,
12.150996511925655,ok,C8 FUTU_WR50 (illustr.),NAUKRI,Q4 FY23,8,2023-05-26,2023-06-23,False,2.430199302385131,1.5120596380185272,,,,,,,
22.5421926111168,ok,C8 FUTU_WR50 (illustr.),POLYCAB,Q4 FY23,8,2023-05-12,2023-06-09,False,4.5084385222233605,3.131066342346968,,,,,,,
31.247742085990698,ok,C8 FUTU_WR50 (illustr.),TORNTPHARM,Q4 FY23,8,2023-05-31,2023-06-28,True,6.24954841719814,3.8679936865351663,,,,,,,
36.43546575914615,ok,C8 FUTU_WR50 (illustr.),TVSMOTOR,Q4 FY23,8,2023-05-05,2023-06-02,False,7.287093151829231,4.693071346527345,,,,,,,
12.897611232885371,ok,C8 FUTU_WR50 (illustr.),ASHOKLEY,Q1 FY24,9,2023-07-21,2023-08-21,False,2.579522246577074,4.339213307605184,,,,,,,
73.51920312107886,ok,C8 FUTU_WR50 (illustr.),BHARATFORG,Q1 FY24,9,2023-08-09,2023-08-31,True,14.703840624215774,14.202497141071715,,,,,,,
-8.217979041588368,ok,C8 FUTU_WR50 (illustr.),COLPAL,Q1 FY24,9,2023-07-27,2023-08-25,False,-1.6435958083176736,0.3409922109499876,,,,,,,
23.936072459471507,ok,C8 FUTU_WR50 (illustr.),LICHSGFIN,Q1 FY24,9,2023-08-04,2023-08-31,True,4.787214491894302,4.70675438019681,,,,,,,
-3.8426585551421915,ok,C8 FUTU_WR50 (illustr.),MPHASIS,Q1 FY24,9,2023-07-21,2023-08-21,False,-0.7685317110284383,0.991159349999672,,,,,,,
74.12903709506193,ok,C8 FUTU_WR50 (illustr.),NMDC,Q1 FY24,9,2023-08-14,2023-09-12,False,14.825807419012387,11.931287556190751,,,,,,,
87.03442003649998,ok,C8 FUTU_WR50 (illustr.),POLYCAB,Q1 FY24,9,2023-07-18,2023-08-16,False,17.406884007299997,18.826179170407453,,,,,,,
134.90982054737478,ok,C8 FUTU_WR50 (illustr.),RECLTD,Q1 FY24,9,2023-07-27,2023-08-25,False,26.981964109474955,28.966552128742617,,,,,,,
-18.438131386234883,ok,C8 FUTU_WR50 (illustr.),UNITDSPR,Q1 FY24,9,2023-07-21,2023-08-21,False,-3.687626277246977,-1.9279352162188665,,,,,,,
85.86335260436395,ok,C8 FUTU_WR50 (illustr.),ALKEM,Q2 FY24,10,2023-11-07,2023-11-30,True,17.172670520872792,9.26364250477525,,,,,,,
12.729264272596037,ok,C8 FUTU_WR50 (illustr.),BAJAJ-AUTO,Q2 FY24,10,2023-10-19,2023-11-17,False,2.5458528545192074,1.9801120279078446,,,,,,,
188.63508971580146,ok,C8 FUTU_WR50 (illustr.),HINDPETRO,Q2 FY24,10,2023-11-07,2023-11-30,True,37.72701794316029,29.81798992706275,,,,,,,
192.62277492496713,ok,C8 FUTU_WR50 (illustr.),PFC,Q2 FY24,10,2023-11-09,2023-12-08,False,38.52455498499343,30.388671239962406,,,,,,,
90.70332100285195,ok,C8 FUTU_WR50 (illustr.),TRENT,Q2 FY24,10,2023-11-07,2023-11-30,True,18.14066420057039,10.23163618447285,,,,,,,
54.39509650792986,ok,C8 FUTU_WR50 (illustr.),BAJAJ-AUTO,Q3 FY24,11,2024-01-25,2024-02-23,False,10.879019301585972,6.830938412139243,,,,,,,
12.7413178889846,ok,C8 FUTU_WR50 (illustr.),CIPLA,Q3 FY24,11,2024-01-23,2024-02-21,False,2.54826357779692,-1.3149384863498246,,,,,,,
37.64715228478001,ok,C8 FUTU_WR50 (illustr.),CUMMINSIND,Q3 FY24,11,2024-02-08,2024-02-29,True,7.529430456956002,4.0279784782931936,,,,,,,
0.4054010190785058,ok,C8 FUTU_WR50 (illustr.),GODREJCP,Q3 FY24,11,2024-02-01,2024-02-29,True,0.08108020381570116,-1.254051297812374,,,,,,,
-11.287158265442002,ok,C8 FUTU_WR50 (illustr.),INDUSTOWER,Q3 FY24,11,2024-01-24,2024-02-22,False,-2.2574316530884007,-5.836216865135601,,,,,,,
20.030460008515288,ok,C8 FUTU_WR50 (illustr.),INFY,Q3 FY24,11,2024-01-12,2024-02-12,False,4.006092001703058,5.258098048870042,,,,,,,
-64.19181552560019,ok,C8 FUTU_WR50 (illustr.),NATIONALUM,Q3 FY24,11,2024-02-14,2024-03-13,False,-12.83836310512004,-13.580202111898885,,,,,,,
-91.96157862764335,ok,C8 FUTU_WR50 (illustr.),NMDC,Q3 FY24,11,2024-02-15,2024-03-14,False,-18.392315725528672,-19.48895618740242,,,,,,,
103.95488485148474,ok,C8 FUTU_WR50 (illustr.),OFSS,Q3 FY24,11,2024-01-18,2024-02-16,False,20.79097697029695,18.075779588848118,,,,,,,
15.232394781363086,ok,C8 FUTU_WR50 (illustr.),PERSISTENT,Q3 FY24,11,2024-01-23,2024-02-21,False,3.046478956272617,-0.8167231078741275,,,,,,,
32.35562060341048,ok,C8 FUTU_WR50 (illustr.),TMPV,Q3 FY24,11,2024-02-05,2024-02-29,True,6.471124120682096,3.664479072293593,,,,,,,
7.340313273496286,ok,C8 FUTU_WR50 (illustr.),VOLTAS,Q3 FY24,11,2024-01-31,2024-02-28,False,1.4680626546992572,0.41035155678295204,,,,,,,
16.335644597588534,ok,C8 FUTU_WR50 (illustr.),WIPRO,Q3 FY24,11,2024-01-15,2024-02-13,False,3.267128919517707,4.850028801630802,,,,,,,
4.016025590402056,ok,C8 FUTU_WR50 (illustr.),ABB,Q4 FY24,12,2024-05-13,2024-06-10,False,0.8032051180804113,-4.442760259305189,,,,,,,
63.25726156723257,ok,C8 FUTU_WR50 (illustr.),BEL,Q4 FY24,12,2024-05-21,2024-06-19,False,12.651452313446514,8.250663953528983,,,,,,,
33.398764807494835,ok,C8 FUTU_WR50 (illustr.),BHARATFORG,Q4 FY24,12,2024-05-08,2024-05-30,True,6.679752961498967,5.23457641178482,,,,,,,
16.63841211860308,ok,C8 FUTU_WR50 (illustr.),COALINDIA,Q4 FY24,12,2024-05-03,2024-05-30,True,3.327682423720616,3.0636427099834065,,,,,,,
23.436239465285187,ok,C8 FUTU_WR50 (illustr.),CONCOR,Q4 FY24,12,2024-05-17,2024-06-14,False,4.687247893057037,0.21832262342858083,,,,,,,
43.357746966491874,ok,C8 FUTU_WR50 (illustr.),CROMPTON,Q4 FY24,12,2024-05-17,2024-06-14,False,8.671549393298376,4.202624123669919,,,,,,,
41.090234396489976,ok,C8 FUTU_WR50 (illustr.),GLENMARK,Q4 FY24,12,2024-05-27,2024-06-25,False,8.218046879297995,4.758161476735246,,,,,,,
9.018806217373294,ok,C8 FUTU_WR50 (illustr.),GODREJCP,Q4 FY24,12,2024-05-07,2024-05-30,True,1.8037612434746588,3.6579905899604817,,,,,,,
53.01941697069325,ok,C8 FUTU_WR50 (illustr.),HAL,Q4 FY24,12,2024-05-16,2024-06-13,False,10.60388339413865,6.142459263911016,,,,,,,
171.2894822509182,ok,C8 FUTU_WR50 (illustr.),MOTHERSON,Q4 FY24,12,2024-05-29,2024-06-27,True,34.257896450183644,28.33691559599927,,,,,,,
55.26110834082621,ok,C8 FUTU_WR50 (illustr.),POLYCAB,Q4 FY24,12,2024-05-10,2024-06-07,False,11.052221668165243,5.432861879997365,,,,,,,
59.881473732048896,ok,C8 FUTU_WR50 (illustr.),RECLTD,Q4 FY24,12,2024-04-30,2024-05-29,False,11.97629474640978,11.514575380875394,,,,,,,
80.22185873254053,ok,C8 FUTU_WR50 (illustr.),TVSMOTOR,Q4 FY24,12,2024-05-09,2024-05-30,True,16.044371746508105,12.089952982987652,,,,,,,
-12.172921786035277,ok,C8 FUTU_WR50 (illustr.),ZYDUSLIFE,Q4 FY24,12,2024-05-18,2024-06-18,False,-2.4345843572070556,-7.147056137493256,,,,,,,
33.0200458702853,ok,C8 FUTU_WR50 (illustr.),COLPAL,Q1 FY25,13,2024-07-30,2024-08-28,False,6.604009174057061,5.799330226625111,,,,,,,
27.057848946332914,ok,C8 FUTU_WR50 (illustr.),ICICIPRULI,Q1 FY25,13,2024-07-24,2024-08-22,False,5.411569789266583,3.76132422840887,,,,,,,
10.280676475726297,ok,C8 FUTU_WR50 (illustr.),JUBLFOOD,Q1 FY25,13,2024-08-12,2024-09-10,False,2.0561352951452596,-0.8147292877602283,,,,,,,
-24.728687482124293,ok,C8 FUTU_WR50 (illustr.),MARICO,Q1 FY25,13,2024-08-05,2024-08-29,True,-4.945737496424859,-10.054989063627515,,,,,,,
-2.5084574927828722,ok,C8 FUTU_WR50 (illustr.),MPHASIS,Q1 FY25,13,2024-07-26,2024-08-26,False,-0.5016914985565745,-1.2293663989485601,,,,,,,
42.789494122908124,ok,C8 FUTU_WR50 (illustr.),PETRONET,Q1 FY25,13,2024-07-24,2024-08-22,False,8.557898824581626,6.907653263723913,,,,,,,
0.5482608677290952,ok,C8 FUTU_WR50 (illustr.),TCS,Q1 FY25,13,2024-07-12,2024-08-12,False,0.10965217354581905,0.7228619122830362,,,,,,,
67.77560820199902,ok,C8 FUTU_WR50 (illustr.),TRENT,Q1 FY25,13,2024-08-09,2024-09-09,False,13.555121640399806,11.20045456335046,,,,,,,
24.080421334643404,ok,C8 FUTU_WR50 (illustr.),UNITDSPR,Q1 FY25,13,2024-07-24,2024-08-22,False,4.816084266928681,3.1658387060709683,,,,,,,
10.495818181818183,ok,C9 OPT_ITM5_WR50,BHARATFORG,Q4 FY21,0,2021-06-04,2021-07-02,False,2.6266439370295416,2.275124018712972,720.0,55.0,61.7,close,fixed,7.288629737609329,12.181818181818183
-31.795820000000003,ok,C9 OPT_ITM5_WR50,BOSCHLTD,Q4 FY21,0,2021-05-20,2021-06-17,False,-2.984308752505712,-8.272974831044287,15000.0,1000.0,700.0,close,fixed,6.282827775125028,-30.000000000000004
40.146354598177304,ok,C9 OPT_ITM5_WR50,CONCOR,Q4 FY21,0,2021-05-24,2021-06-21,False,7.618726920644229,3.987654192534064,600.0,60.35,85.5,close,fixed,9.483774652313977,41.67357083678542
,entry_zero_volume,C9 OPT_ITM5_WR50,ICICIPRULI,Q4 FY21,0,2021-04-20,2021-05-20,False,13.210043390465811,8.9256831319392,,,,,,,
-101.62075688073395,ok,C9 OPT_ITM5_WR50,MOTHERSON,Q4 FY21,0,2021-06-02,2021-06-24,True,-10.203458528143836,-11.156291953497897,255.0,21.8,0.0,expiry_intrinsic,fixed,8.054683170145946,-100.0
13.482383279044612,ok,C9 OPT_ITM5_WR50,MUTHOOTFIN,Q4 FY21,0,2021-06-02,2021-06-24,True,4.547634162065076,3.5948007367110137,1360.0,92.1,106.15000000000009,expiry_intrinsic,fixed,6.470195651410306,15.255157437567956
,entry_zero_volume,C9 OPT_ITM5_WR50,UPL,Q4 FY21,0,2021-05-14,2021-06-11,False,12.187055987924337,4.525924483202904,,,,,,,
,entry_zero_volume,C9 OPT_ITM5_WR50,WIPRO,Q4 FY21,0,2021-04-16,2021-05-18,False,8.110055449716773,4.736279073573902,,,,,,,
,entry_zero_volume,C9 OPT_ITM5_WR50,APOLLOHOSP,Q1 FY22,1,2021-08-16,2021-09-15,False,10.116313745177832,4.322014929440377,,,,,,,
-80.13110673767076,ok,C9 OPT_ITM5_WR50,ASIANPAINT,Q1 FY22,1,2021-07-20,2021-08-18,False,-5.155674781096872,-11.16815179953968,3000.0,215.95,46.65,close,fixed,6.818217696740074,-78.39777726325539
227.4413732394366,ok,C9 OPT_ITM5_WR50,MPHASIS,Q1 FY22,1,2021-07-23,2021-08-23,False,13.139476146973465,9.08063923614131,2400.0,142.0,467.65,settle_fallback,fixed,5.620423510785672,229.33098591549293
,entry_zero_volume,C9 OPT_ITM5_WR50,SIEMENS,Q1 FY22,1,2021-08-11,2021-09-09,False,1.6165352604592877,-5.0794462531521525,,,,,,,
-44.032813975448626,ok,C9 OPT_ITM5_WR50,SUNPHARMA,Q1 FY22,1,2021-07-30,2021-08-26,True,1.5420050940792054,-5.887728428303828,730.0,52.95,30.549999999999955,expiry_intrinsic,fixed,6.8610301263362485,-42.30406043437214
337.05026535253984,ok,C9 OPT_ITM5_WR50,TECHM,Q1 FY22,1,2021-07-30,2021-08-26,True,17.1629154240726,9.733181901689571,1160.0,65.95,289.5,expiry_intrinsic,fixed,5.4427663613105555,338.9689158453374
,entry_zero_volume,C9 OPT_ITM5_WR50,APOLLOHOSP,Q2 FY22,2,2021-11-15,2021-12-14,False,2.4092615337931758,6.7215300455370395,,,,,,,
-97.05229166666666,ok,C9 OPT_ITM5_WR50,ASHOKLEY,Q2 FY22,2,2021-11-15,2021-12-14,False,-17.362629896287793,-13.050361384543928,145.0,12.0,0.55,close,fixed,7.866273352999016,-95.41666666666666
16.049791666666714,ok,C9 OPT_ITM5_WR50,BEL,Q2 FY22,2,2021-10-29,2021-11-25,True,-1.6686721691957693,2.2071157170514124,197.5,12.0,14.150000000000006,expiry_intrinsic,fixed,5.767844268204758,17.916666666666714
-100.52175,ok,C9 OPT_ITM5_WR50,FEDERALBNK,Q2 FY22,2,2021-10-22,2021-11-23,False,-10.901487060298328,-7.545536875643687,99.0,10.0,0.1,close,fixed,9.583133684714902,-99.0
-101.36517783291976,ok,C9 OPT_ITM5_WR50,ICICIBANK,Q2 FY22,2,2021-10-25,2021-11-24,False,-9.852794444395915,-5.953708520774902,800.0,60.45,0.2,close,fixed,7.183600713012478,-99.66914805624482
-101.66043872919819,ok,C9 OPT_ITM5_WR50,INDIGO,Q2 FY22,2,2021-10-29,2021-11-25,True,-12.589549319937928,-8.713761433690745,2080.0,165.25,0.0,expiry_intrinsic,fixed,7.570725002863361,-100.0
-101.63287634408603,ok,C9 OPT_ITM5_WR50,INDUSINDBK,Q2 FY22,2,2021-10-28,2021-11-25,True,-24.026261512379676,-19.54780850309773,1120.0,93.0,0.0,expiry_intrinsic,fixed,7.9004374973452824,-100.0
33.049286800376514,ok,C9 OPT_ITM5_WR50,LTM,Q2 FY22,2,2021-10-19,2021-11-17,False,7.734984608260635,10.538737577381765,6500.0,690.55,929.1,close,fixed,10.087943552510481,34.54492795597712
,entry_zero_volume,C9 OPT_ITM5_WR50,PIDILITIND,Q2 FY22,2,2021-11-11,2021-12-10,False,-6.162308098741383,-4.155296192913803,,,,,,,
130.20627358490566,ok,C9 OPT_ITM5_WR50,TVSMOTOR,Q2 FY22,2,2021-10-22,2021-11-23,False,14.826781565749906,18.182731750404546,590.0,53.0,122.85,settle_fallback,fixed,8.52981411442826,131.79245283018867
-91.4745,ok,C9 OPT_ITM5_WR50,WIPRO,Q2 FY22,2,2021-10-14,2021-11-15,False,-7.137891176592,-5.908610290153336,680.0,75.0,7.5,close,fixed,10.53740779768177,-90.0
19.009050576752433,ok,C9 OPT_ITM5_WR50,AXISBANK,Q3 FY22,3,2022-01-25,2022-02-23,False,3.1535883817902546,4.376212651451884,710.0,56.35,68.0,close,fixed,7.515337423312884,20.67435669920141
-32.1914705882353,ok,C9 OPT_ITM5_WR50,BANDHANBNK,Q3 FY22,3,2022-01-24,2022-02-22,False,-0.251214962331444,0.060580875350991936,290.0,25.5,17.7,close,fixed,8.288639687957094,-30.58823529411765
,entry_zero_volume,C9 OPT_ITM5_WR50,BANKBARODA,Q3 FY22,3,2022-02-07,2022-03-08,False,-13.892891954280625,-6.940788501197026,,,,,,,
-14.610122723673793,ok,C9 OPT_ITM5_WR50,MARUTI,Q3 FY22,3,2022-01-25,2022-02-23,False,0.9488558742453391,2.171480143906969,8150.0,631.5,549.85,settle_fallback,fixed,7.346568402194082,-12.929532858273951
42.03540569020028,ok,C9 OPT_ITM5_WR50,BRITANNIA,Q4 FY22,4,2022-05-04,2022-05-26,True,4.72891708024357,5.637407990206623,3220.0,237.25,341.0500000000002,expiry_intrinsic,fixed,6.984103620841919,43.751317175974776
-101.76615326821938,ok,C9 OPT_ITM5_WR50,INDUSINDBK,Q4 FY22,4,2022-05-02,2022-05-26,True,-8.739867466551152,-5.921112054725108,970.0,66.55,0.0,expiry_intrinsic,fixed,6.526109340524639,-100.0
-94.54114162627904,ok,C9 OPT_ITM5_WR50,SHRIRAMFIN,Q4 FY22,4,2022-04-29,2022-05-26,True,-2.67824595313478,-0.1188060450509108,1140.0,92.85,6.599999999999909,expiry_intrinsic,fixed,7.699643419852392,-92.89176090468507
125.22898353036264,ok,C9 OPT_ITM5_WR50,BAJAJFINSV,Q1 FY23,5,2022-07-28,2022-08-25,True,9.694402720822408,7.4103208760062165,14000.0,989.7,2246.2999999999993,expiry_intrinsic,fixed,6.767873628064417,126.96776801050814
,entry_zero_volume,C9 OPT_ITM5_WR50,HINDALCO,Q1 FY23,5,2022-08-10,2022-09-09,False,-3.373801182661037,-5.096705415684032,,,,,,,
178.02734375000009,ok,C9 OPT_ITM5_WR50,IDFCFIRSTB,Q1 FY23,5,2022-08-01,2022-08-25,True,16.99328959908837,15.804031148276534,40.0,3.2,8.950000000000003,expiry_intrinsic,fixed,7.57396449704142,179.68750000000009
143.69637404580155,ok,C9 OPT_ITM5_WR50,INDUSINDBK,Q1 FY23,5,2022-07-21,2022-08-22,False,11.337238456673274,5.984888747996787,900.0,65.5,160.75,close,fixed,6.9111052492745975,145.4198473282443
,entry_zero_volume,C9 OPT_ITM5_WR50,LUPIN,Q1 FY23,5,2022-08-04,2022-09-06,False,-1.2912965939737306,-2.8853387065039358,,,,,,,
,entry_zero_volume,C9 OPT_ITM5_WR50,MANAPPURAM,Q1 FY23,5,2022-08-05,2022-09-07,False,-2.296687283948636,-3.620897659002541,,,,,,,
-27.913294422827494,ok,C9 OPT_ITM5_WR50,SBILIFE,Q1 FY23,5,2022-07-29,2022-08-25,True,2.510781701368673,-1.0121979148509195,1240.0,77.1,57.0,expiry_intrinsic,fixed,5.929400907482888,-26.070038910505833
-101.84923561151079,ok,C9 OPT_ITM5_WR50,SUNPHARMA,Q1 FY23,5,2022-07-29,2022-08-25,True,-5.487010133947175,-9.009989750166767,900.0,55.6,0.0,expiry_intrinsic,fixed,5.887647588288241,-100.0
-5.407250667595496,ok,C9 OPT_ITM5_WR50,ULTRACEMCO,Q1 FY23,5,2022-07-22,2022-08-23,False,0.39821798967896516,-4.753828818080862,6100.0,430.65,414.9,close,fixed,6.666769871432663,-3.6572622779519337
,entry_zero_volume,C9 OPT_ITM5_WR50,ADANIENT,Q2 FY23,6,2022-11-04,2022-12-05,False,2.3644088283477673,-0.8785042678069774,,,,,,,
-69.00228526398739,ok,C9 OPT_ITM5_WR50,AXISBANK,Q2 FY23,6,2022-10-21,2022-11-22,False,-3.5407244074884567,-7.360727821176215,850.0,63.45,20.75,close,fixed,7.090177673483071,-67.29708431836092
89.59301470588237,ok,C9 OPT_ITM5_WR50,BANKBARODA,Q2 FY23,6,2022-11-07,2022-12-06,False,9.96576254422468,7.528826688202518,150.0,13.6,26.0,close,fixed,8.56962822936358,91.1764705882353
,entry_zero_volume,C9 OPT_ITM5_WR50,BOSCHLTD,Q2 FY23,6,2022-11-09,2022-12-07,False,-0.9485905763056045,-3.190873993169617,,,,,,,
,entry_zero_volume,C9 OPT_ITM5_WR50,GLENMARK,Q2 FY23,6,2022-11-14,2022-12-12,False,-1.4359667336432311,-2.37253951525067,,,,,,,
,entry_zero_volume,C9 OPT_ITM5_WR50,LUPIN,Q2 FY23,6,2022-11-10,2022-12-08,False,4.765016742900333,1.5214558771455846,,,,,,,
-20.610232558139543,ok,C9 OPT_ITM5_WR50,MANAPPURAM,Q2 FY23,6,2022-11-14,2022-12-12,False,0.08717563670764053,-0.8493971448997981,110.0,10.75,8.7,close,fixed,9.251290877796901,-19.069767441860474
-101.7717465336901,ok,C9 OPT_ITM5_WR50,MARUTI,Q2 FY23,6,2022-10-28,2022-11-24,True,-5.512615551054319,-9.895120329879079,9000.0,616.65,0.0,expiry_intrinsic,fixed,6.478811088522213,-100.0
,entry_zero_volume,C9 OPT_ITM5_WR50,PIIND,Q2 FY23,6,2022-11-09,2022-12-07,False,-4.476383825813487,-6.7186672426775,,,,,,,
,entry_zero_volume,C9 OPT_ITM5_WR50,APOLLOHOSP,Q3 FY23,7,2023-02-15,2023-03-16,False,-3.932345066794681,1.766230520812896,,,,,,,
-65.69178679480335,ok,C9 OPT_ITM5_WR50,BRITANNIA,Q3 FY23,7,2023-02-02,2023-02-23,True,-4.080959006314751,-2.46272250969911,4350.0,280.95,101.5,expiry_intrinsic,fixed,6.103429173500755,-63.87257519131517
-31.605462653288743,ok,C9 OPT_ITM5_WR50,CHOLAFIN,Q3 FY23,7,2023-02-01,2023-02-23,True,2.0906032616984573,3.0095064365989646,720.0,44.85,31.5,expiry_intrinsic,fixed,5.955384411100783,-29.76588628762542
,entry_zero_volume,C9 OPT_ITM5_WR50,CUMMINSIND,Q3 FY23,7,2023-02-09,2023-03-10,False,6.330468486435818,8.996088084668687,,,,,,,
23.291224404513308,ok,C9 OPT_ITM5_WR50,DRREDDY,Q3 FY23,7,2023-01-27,2023-02-23,True,3.9352403399133298,4.702261729513059,4150.0,239.3,299.60000000000036,expiry_intrinsic,fixed,5.511031274469163,25.1984956122024
-100.15594362745104,ok,C9 OPT_ITM5_WR50,JINDALSTEL,Q3 FY23,7,2023-02-01,2023-02-23,True,-6.055728478976871,-5.136825304076363,580.0,40.8,0.6499999999999773,expiry_intrinsic,fixed,6.674846625766871,-98.4068627450981
188.83752182886172,ok,C9 OPT_ITM5_WR50,PERSISTENT,Q3 FY23,7,2023-01-19,2023-02-17,False,15.146515737240133,16.03026742504403,4000.0,314.95,914.95,settle_fallback,fixed,7.474872135660801,190.50642959199874
-101.79064516129033,ok,C9 OPT_ITM5_WR50,RECLTD,Q3 FY23,7,2023-01-31,2023-02-23,True,-6.289108236486747,-4.28104257064199,116.0,7.75,0.0,expiry_intrinsic,fixed,6.323949408404733,-100.0
-75.14692058346843,ok,C9 OPT_ITM5_WR50,TMPV,Q3 FY23,7,2023-01-27,2023-02-23,True,-4.175852711494661,-3.4088313218949327,425.0,30.85,8.199999999999989,expiry_intrinsic,fixed,6.876184107879194,-73.41977309562402
115.53309034680797,ok,C9 OPT_ITM5_WR50,ABB,Q4 FY23,8,2023-05-04,2023-05-25,True,8.04047730772233,6.749922196470016,3450.0,226.35,491.9499999999998,expiry_intrinsic,fixed,6.193394806687279,117.34040203225086
155.97112500000003,ok,C9 OPT_ITM5_WR50,ASTRAL,Q4 FY23,8,2023-05-16,2023-06-13,False,18.83089671370324,16.46134923332152,1600.0,160.0,412.0,settle_fallback,fixed,9.454029780193807,157.50000000000003
-19.046280991735536,ok,C9 OPT_ITM5_WR50,BHEL,Q4 FY23,8,2023-05-29,2023-06-26,False,0.7938608335860166,0.2762440710790694,79.0,6.05,5.0,close,fixed,7.236842105263158,-17.355371900826444
174.6191026827013,ok,C9 OPT_ITM5_WR50,CHOLAFIN,Q4 FY23,8,2023-05-04,2023-05-25,True,9.691095814088849,8.400540702836535,910.0,54.05,149.45000000000005,expiry_intrinsic,fixed,5.655244572325399,176.50323774283083
379.9236673773987,ok,C9 OPT_ITM5_WR50,DIXON,Q4 FY23,8,2023-05-24,2023-06-21,False,30.356697111982903,27.21152621060805,3350.0,257.95,1242.3,settle_fallback,fixed,7.338966655286218,381.6049622019771
51.43651771956855,ok,C9 OPT_ITM5_WR50,DLF,Q4 FY23,8,2023-05-15,2023-06-12,False,4.625445840398882,3.5040183055257814,445.0,32.45,49.7,settle_fallback,fixed,6.923405163217411,53.15870570107857
-19.21790525858323,ok,C9 OPT_ITM5_WR50,EICHERMOT,Q4 FY23,8,2023-05-12,2023-06-09,False,-1.412279079470565,-2.789651259346958,3450.0,230.1,190.0,close,fixed,6.323513246125096,-17.427205562798786
,entry_zero_volume,C9 OPT_ITM5_WR50,MARICO,Q4 FY23,8,2023-05-08,2023-06-05,False,2.9296683415727367,1.1058861204212191,,,,,,,
,entry_zero_volume,C9 OPT_ITM5_WR50,MUTHOOTFIN,Q4 FY23,8,2023-05-22,2023-06-19,False,4.838021443686905,2.4098071423720904,,,,,,,
-0.03470124753777004,ok,C9 OPT_ITM5_WR50,NAUKRI,Q4 FY23,8,2023-05-26,2023-06-23,False,2.430199302385131,1.5120596380185272,4000.0,304.6,309.65,close,fixed,7.219035881878941,1.657912015758356
,entry_zero_volume,C9 OPT_ITM5_WR50,POLYCAB,Q4 FY23,8,2023-05-12,2023-06-09,False,4.5084385222233605,3.131066342346968,,,,,,,
103.6984168865436,ok,C9 OPT_ITM5_WR50,TORNTPHARM,Q4 FY23,8,2023-05-31,2023-06-28,True,6.24954841719814,3.8679936865351663,1720.0,113.7,233.6500000000001,expiry_intrinsic,fixed,6.261702830708228,105.49692172383472
84.5093471810089,ok,C9 OPT_ITM5_WR50,TVSMOTOR,Q4 FY23,8,2023-05-05,2023-06-02,False,7.287093151829231,4.693071346527345,1160.0,84.25,156.9,settle_fallback,fixed,6.924183275118143,86.23145400593472
,entry_zero_volume,C9 OPT_ITM5_WR50,ASHOKLEY,Q1 FY24,9,2023-07-21,2023-08-21,False,2.579522246577074,4.339213307605184,,,,,,,
155.89892611683845,ok,C9 OPT_ITM5_WR50,BHARATFORG,Q1 FY24,9,2023-08-09,2023-08-31,True,14.703840624215774,14.202497141071715,920.0,58.2,150.0,expiry_intrinsic,fixed,6.002165729902543,157.73195876288656
-47.44184008762322,ok,C9 OPT_ITM5_WR50,COLPAL,Q1 FY24,9,2023-07-27,2023-08-25,False,-1.6435958083176736,0.3409922109499876,1900.0,136.95,74.35,close,fixed,6.8331503841931935,-45.710113179992696
-49.388801571709145,ok,C9 OPT_ITM5_WR50,LICHSGFIN,Q1 FY24,9,2023-08-04,2023-08-31,True,4.787214491894302,4.70675438019681,410.0,25.45,13.350000000000023,expiry_intrinsic,fixed,5.919981391021168,-47.5442043222003
,entry_zero_volume,C9 OPT_ITM5_WR50,MPHASIS,Q1 FY24,9,2023-07-21,2023-08-21,False,-0.7685317110284383,0.991159349999672,,,,,,,
,entry_zero_volume,C9 OPT_ITM5_WR50,NMDC,Q1 FY24,9,2023-08-14,2023-09-12,False,14.825807419012387,11.931287556190751,,,,,,,
216.22467885375494,ok,C9 OPT_ITM5_WR50,POLYCAB,Q1 FY24,9,2023-07-18,2023-08-16,False,17.406884007299997,18.826179170407453,3900.0,303.6,965.15,settle_fallback,fixed,7.383717395269655,217.9018445322793
,entry_zero_volume,C9 OPT_ITM5_WR50,RECLTD,Q1 FY24,9,2023-07-27,2023-08-25,False,26.981964109474955,28.966552128742617,,,,,,,
,entry_zero_volume,C9 OPT_ITM5_WR50,UNITDSPR,Q1 FY24,9,2023-07-21,2023-08-21,False,-3.687626277246977,-1.9279352162188665,,,,,,,
281.46313449023876,ok,C9 OPT_ITM5_WR50,ALKEM,Q2 FY24,10,2023-11-07,2023-11-30,True,17.172670520872792,9.26364250477525,3840.0,230.5,883.6000000000004,expiry_intrinsic,fixed,5.698463516236295,283.34056399132334
29.305030755711787,ok,C9 OPT_ITM5_WR50,BAJAJ-AUTO,Q2 FY24,10,2023-10-19,2023-11-17,False,2.5458528545192074,1.9801120279078446,5200.0,341.4,447.6,close,fixed,6.233054908941531,31.107205623901592
400.5881097560975,ok,C9 OPT_ITM5_WR50,HINDPETRO,Q2 FY24,10,2023-11-07,2023-11-30,True,37.72701794316029,29.81798992706275,265.0,16.4,82.39999999999998,expiry_intrinsic,fixed,5.876030096739519,402.43902439024384
501.94675480769223,ok,C9 OPT_ITM5_WR50,PFC,Q2 FY24,10,2023-11-09,2023-12-08,False,38.52455498499343,30.388671239962406,260.0,20.8,125.55,settle_fallback,fixed,7.587087360933796,503.60576923076917
235.54803106936416,ok,C9 OPT_ITM5_WR50,TRENT,Q2 FY24,10,2023-11-07,2023-11-30,True,18.14066420057039,10.23163618447285,2320.0,138.4,467.0,expiry_intrinsic,fixed,5.683661526457362,237.4277456647399
126.651554013277,ok,C9 OPT_ITM5_WR50,BAJAJ-AUTO,Q3 FY24,11,2024-01-25,2024-02-23,False,10.879019301585972,6.830938412139243,7200.0,497.1,1135.45,close,fixed,6.550917536981517,128.4148058740696
,entry_zero_volume,C9 OPT_ITM5_WR50,CIPLA,Q3 FY24,11,2024-01-23,2024-02-21,False,2.54826357779692,-1.3149384863498246,,,,,,,
61.340854550775596,ok,C9 OPT_ITM5_WR50,CUMMINSIND,Q3 FY24,11,2024-02-08,2024-02-29,True,7.529430456956002,4.0279784782931936,2460.0,170.85,278.6500000000001,expiry_intrinsic,fixed,6.618757990159996,63.09628328943524
-27.125339805825185,ok,C9 OPT_ITM5_WR50,GODREJCP,Q3 FY24,11,2024-02-01,2024-02-29,True,0.08108020381570116,-1.254051297812374,1200.0,77.25,57.700000000000045,expiry_intrinsic,fixed,6.113243382265659,-25.307443365695736
,entry_zero_volume,C9 OPT_ITM5_WR50,INDUSTOWER,Q3 FY24,11,2024-01-24,2024-02-22,False,-2.2574316530884007,-5.836216865135601,,,,,,,
47.46576805696846,ok,C9 OPT_ITM5_WR50,INFY,Q3 FY24,11,2024-01-12,2024-02-12,False,4.006092001703058,5.258098048870042,1540.0,98.3,146.75,settle_fallback,fixed,6.0817917465816995,49.28789420142421
,entry_zero_volume,C9 OPT_ITM5_WR50,NATIONALUM,Q3 FY24,11,2024-02-14,2024-03-13,False,-12.83836310512004,-13.580202111898885,,,,,,,
,entry_zero_volume,C9 OPT_ITM5_WR50,NMDC,Q3 FY24,11,2024-02-15,2024-03-14,False,-18.392315725528672,-19.48895618740242,,,,,,,
,entry_zero_volume,C9 OPT_ITM5_WR50,OFSS,Q3 FY24,11,2024-01-18,2024-02-16,False,20.79097697029695,18.075779588848118,,,,,,,
,entry_zero_volume,C9 OPT_ITM5_WR50,PERSISTENT,Q3 FY24,11,2024-01-23,2024-02-21,False,3.046478956272617,-0.8167231078741275,,,,,,,
15.553414634146424,ok,C9 OPT_ITM5_WR50,TMPV,Q3 FY24,11,2024-02-05,2024-02-29,True,6.471124120682096,3.664479072293593,890.0,51.25,60.200000000000045,expiry_intrinsic,fixed,5.4945054945054945,17.463414634146424
-2.6712851405622495,ok,C9 OPT_ITM5_WR50,VOLTAS,Q3 FY24,11,2024-01-31,2024-02-28,False,1.4680626546992572,0.41035155678295204,1040.0,74.7,74.0,close,fixed,6.810101194274774,-0.9370816599732268
13.512130937098844,ok,C9 OPT_ITM5_WR50,WIPRO,Q3 FY24,11,2024-01-15,2024-02-13,False,3.267128919517707,4.850028801630802,470.0,38.95,44.85,close,fixed,7.867892132107869,15.14762516046213
,entry_zero_volume,C9 OPT_ITM5_WR50,ABB,Q4 FY24,12,2024-05-13,2024-06-10,False,0.8032051180804113,-4.442760259305189,,,,,,,
74.2675579322638,ok,C9 OPT_ITM5_WR50,BEL,Q4 FY24,12,2024-05-21,2024-06-19,False,12.651452313446514,8.250663953528983,260.0,28.05,49.3,close,fixed,10.203710440160059,75.75757575757574
129.46990291262125,ok,C9 OPT_ITM5_WR50,BHARATFORG,Q4 FY24,12,2024-05-08,2024-05-30,True,6.679752961498967,5.23457641178482,1340.0,92.7,214.3499999999999,expiry_intrinsic,fixed,6.580068143100512,131.22977346278307
-12.332207578253783,ok,C9 OPT_ITM5_WR50,COALINDIA,Q4 FY24,12,2024-05-03,2024-05-30,True,3.327682423720616,3.0636427099834065,455.0,30.35,27.149999999999977,expiry_intrinsic,fixed,6.340750026115115,-10.543657331136814
,entry_zero_volume,C9 OPT_ITM5_WR50,CONCOR,Q4 FY24,12,2024-05-17,2024-06-14,False,4.687247893057037,0.21832262342858083,,,,,,,
,entry_zero_volume,C9 OPT_ITM5_WR50,CROMPTON,Q4 FY24,12,2024-05-17,2024-06-14,False,8.671549393298376,4.202624123669919,,,,,,,
,entry_zero_volume,C9 OPT_ITM5_WR50,GLENMARK,Q4 FY24,12,2024-05-27,2024-06-25,False,8.218046879297995,4.758161476735246,,,,,,,
-76.32690677966097,ok,C9 OPT_ITM5_WR50,GODREJCP,Q4 FY24,12,2024-05-07,2024-05-30,True,1.8037612434746588,3.6579905899604817,1250.0,94.4,23.950000000000045,expiry_intrinsic,fixed,7.166717279076829,-74.62923728813556
68.36242865463016,ok,C9 OPT_ITM5_WR50,HAL,Q4 FY24,12,2024-05-16,2024-06-13,False,10.60388339413865,6.142459263911016,4400.0,429.25,729.3,close,fixed,9.283991737950275,69.9009900990099
299.5224315068494,ok,C9 OPT_ITM5_WR50,MOTHERSON,Q4 FY24,12,2024-05-29,2024-06-27,True,34.257896450183644,28.33691559599927,140.0,14.6,58.55000000000001,expiry_intrinsic,fixed,9.901661580196677,301.02739726027403
162.60717617270788,ok,C9 OPT_ITM5_WR50,POLYCAB,Q4 FY24,12,2024-05-10,2024-06-07,False,11.052221668165243,5.432861879997365,5900.0,375.2,992.15,settle_fallback,fixed,6.059676182016393,164.432302771855
126.49138149556399,ok,C9 OPT_ITM5_WR50,RECLTD,Q4 FY24,12,2024-04-30,2024-05-29,False,11.97629474640978,11.514575380875394,480.0,39.45,90.0,close,fixed,7.745925780483017,128.13688212927755
98.17179027113251,ok,C9 OPT_ITM5_WR50,TVSMOTOR,Q4 FY24,12,2024-05-09,2024-05-30,True,16.044371746508105,12.089952982987652,1980.0,125.4,250.80000000000018,expiry_intrinsic,fixed,6.037118166718821,100.00000000000013
,entry_zero_volume,C9 OPT_ITM5_WR50,ZYDUSLIFE,Q4 FY24,12,2024-05-18,2024-06-18,False,-2.4345843572070556,-7.147056137493256,,,,,,,
87.89154446546831,ok,C9 OPT_ITM5_WR50,COLPAL,Q1 FY25,13,2024-07-30,2024-08-28,False,6.604009174057061,5.799330226625111,3200.0,211.4,401.0,close,fixed,6.279425524646894,89.68779564806056
65.03783068783069,ok,C9 OPT_ITM5_WR50,ICICIPRULI,Q1 FY25,13,2024-07-24,2024-08-22,False,5.411569789266583,3.76132422840887,660.0,47.25,78.8,close,fixed,6.805905653583003,66.77248677248677
22.560812499999994,ok,C9 OPT_ITM5_WR50,JUBLFOOD,Q1 FY25,13,2024-08-12,2024-09-10,False,2.0561352951452596,-0.8147292877602283,620.0,40.0,49.75,close,fixed,6.141091579028172,24.374999999999993
-44.840646492434665,ok,C9 OPT_ITM5_WR50,MARICO,Q1 FY25,13,2024-08-05,2024-08-29,True,-4.945737496424859,-10.054989063627515,640.0,36.35,20.75,expiry_intrinsic,fixed,5.408019043368296,-42.91609353507565
-33.97084656084657,ok,C9 OPT_ITM5_WR50,MPHASIS,Q1 FY25,13,2024-07-26,2024-08-26,False,-0.5016914985565745,-1.2293663989485601,2900.0,189.0,128.2,close,fixed,6.238035513895306,-32.16931216931218
135.76692111959292,ok,C9 OPT_ITM5_WR50,PETRONET,Q1 FY25,13,2024-07-24,2024-08-22,False,8.557898824581626,6.907653263723913,335.0,19.65,46.7,settle_fallback,fixed,5.6046776953793485,137.65903307888044
-9.795130662020895,ok,C9 OPT_ITM5_WR50,TCS,Q1 FY25,13,2024-07-12,2024-08-12,False,0.10965217354581905,0.7228619122830362,3950.0,287.0,263.85,close,fixed,6.859382655560999,-8.066202090592324
116.26662716049381,ok,C9 OPT_ITM5_WR50,TRENT,Q1 FY25,13,2024-08-09,2024-09-09,False,13.555121640399806,11.20045456335046,6000.0,506.25,1103.05,close,fixed,8.067214838894733,117.8864197530864
47.83506711409395,ok,C9 OPT_ITM5_WR50,UNITDSPR,Q1 FY25,13,2024-07-24,2024-08-22,False,4.816084266928681,3.1658387060709683,1320.0,89.4,133.75,settle_fallback,fixed,6.464675681538795,49.60850111856823
-20.77065420560748,ok,C10 OPT_ATM_WR50_LIQ (added after),BHARATFORG,Q4 FY21,0,2021-06-04,2021-07-02,False,2.6266439370295416,2.275124018712972,740.0,53.5,43.3,close,liq_fallback,7.08984892658362,-19.06542056074767
-89.76676197283773,ok,C10 OPT_ATM_WR50_LIQ (added after),BOSCHLTD,Q4 FY21,0,2021-05-20,2021-06-17,False,-2.984308752505712,-8.272974831044287,16000.0,839.4,102.25,close,fixed,5.273805634439949,-87.81868000953061
20.98084112149531,ok,C10 OPT_ATM_WR50_LIQ (added after),CONCOR,Q4 FY21,0,2021-05-24,2021-06-21,False,7.618726920644229,3.987654192534064,640.0,37.45,46.0,close,fixed,5.885126109845212,22.830440587449917
78.26314907872695,ok,C10 OPT_ATM_WR50_LIQ (added after),ICICIPRULI,Q4 FY21,0,2021-04-20,2021-05-20,False,13.210043390465811,8.9256831319392,490.0,29.85,53.75,settle_fallback,liq_fallback,6.220045842883934,80.06700167504187
-101.97007168458781,ok,C10 OPT_ATM_WR50_LIQ (added after),MOTHERSON,Q4 FY21,0,2021-06-02,2021-06-24,True,-10.203458528143836,-11.156291953497897,270.0,13.95,0.0,expiry_intrinsic,fixed,5.154258267134677,-100.0
-24.504587542087386,ok,C10 OPT_ATM_WR50_LIQ (added after),MUTHOOTFIN,Q4 FY21,0,2021-06-02,2021-06-24,True,4.547634162065076,3.5948007367110137,1420.0,59.4,46.15000000000009,expiry_intrinsic,fixed,4.17296006182163,-22.30639730639715
96.24529220779219,ok,C10 OPT_ATM_WR50_LIQ (added after),UPL,Q4 FY21,0,2021-05-14,2021-06-11,False,12.187055987924337,4.525924483202904,750.0,46.2,91.5,close,fixed,6.1984302676594885,98.05194805194803
84.53275488069414,ok,C10 OPT_ATM_WR50_LIQ (added after),WIPRO,Q4 FY21,0,2021-04-16,2021-05-18,False,8.110055449716773,4.736279073573902,470.0,23.05,43.0,close,fixed,4.910524073285045,86.55097613882863
121.82454333050129,ok,C10 OPT_ATM_WR50_LIQ (added after),APOLLOHOSP,Q1 FY22,1,2021-08-16,2021-09-15,False,10.116313745177832,4.322014929440377,4300.0,235.4,526.7,settle_fallback,liq_fallback,5.4214023329993895,123.74681393372984
-93.58529890199269,ok,C10 OPT_ATM_WR50_LIQ (added after),ASIANPAINT,Q1 FY22,1,2021-07-20,2021-08-18,False,-5.155674781096872,-11.16815179953968,3160.0,122.95,10.7,close,fixed,3.8819164890678035,-91.29727531516878
271.1184597295709,ok,C10 OPT_ATM_WR50_LIQ (added after),MPHASIS,Q1 FY22,1,2021-07-23,2021-08-23,False,13.139476146973465,9.08063923614131,2550.0,85.05,317.75,settle_fallback,fixed,3.3663170393825452,273.6037624926514
,entry_zero_volume,C10 OPT_ATM_WR50_LIQ (added after),SIEMENS,Q1 FY22,1,2021-08-11,2021-09-09,False,1.6165352604592877,-5.0794462531521525,,,,,,,
-102.27985074626865,ok,C10 OPT_ATM_WR50_LIQ (added after),SUNPHARMA,Q1 FY22,1,2021-07-30,2021-08-26,True,1.5420050940792054,-5.887728428303828,770.0,30.15,0.0,expiry_intrinsic,fixed,3.9067055393586005,-100.0
664.5322742474916,ok,C10 OPT_ATM_WR50_LIQ (added after),TECHM,Q1 FY22,1,2021-07-30,2021-08-26,True,17.1629154240726,9.733181901689571,1220.0,29.9,229.5,expiry_intrinsic,fixed,2.467607493604027,667.5585284280936
-10.245937499999993,ok,C10 OPT_ATM_WR50_LIQ (added after),APOLLOHOSP,Q2 FY22,2,2021-11-15,2021-12-14,False,2.4092615337931758,6.7215300455370395,5100.0,272.0,249.4,close,fixed,5.335530316404794,-8.308823529411757
-96.34208633093526,ok,C10 OPT_ATM_WR50_LIQ (added after),ASHOKLEY,Q2 FY22,2,2021-11-15,2021-12-14,False,-17.362629896287793,-13.050361384543928,152.5,6.95,0.4,close,fixed,4.5558833169452635,-94.24460431654677
-83.33171428571421,ok,C10 OPT_ATM_WR50_LIQ (added after),BEL,Q2 FY22,2,2021-10-29,2021-11-25,True,-1.6686721691957693,2.2071157170514124,210.0,8.75,1.6500000000000057,expiry_intrinsic,liq_fallback,4.205719778899303,-81.14285714285707
-100.4021875,ok,C10 OPT_ATM_WR50_LIQ (added after),FEDERALBNK,Q2 FY22,2,2021-10-22,2021-11-23,False,-10.901487060298328,-7.545536875643687,104.0,8.0,0.1,close,fixed,7.666506947771921,-98.75
-102.07463768115942,ok,C10 OPT_ATM_WR50_LIQ (added after),ICICIBANK,Q2 FY22,2,2021-10-25,2021-11-24,False,-9.852794444395915,-5.953708520774902,840.0,34.5,0.05,close,fixed,4.09982174688057,-99.85507246376811
-101.9953260373917,ok,C10 OPT_ATM_WR50_LIQ (added after),INDIGO,Q2 FY22,2,2021-10-29,2021-11-25,True,-12.589549319937928,-8.713761433690745,2180.0,109.65,0.0,expiry_intrinsic,fixed,5.0234795556064595,-100.0
-102.11051886792453,ok,C10 OPT_ATM_WR50_LIQ (added after),INDUSINDBK,Q2 FY22,2,2021-10-28,2021-11-25,True,-24.026261512379676,-19.54780850309773,1180.0,53.0,0.0,expiry_intrinsic,fixed,4.502399864078495,-100.0
-1.9326160714285616,ok,C10 OPT_ATM_WR50_LIQ (added after),LTM,Q2 FY22,2,2021-10-19,2021-11-17,False,7.734984608260635,10.538737577381765,6800.0,560.0,558.2,close,liq_fallback,8.180795582370385,-0.3214285714285614
-93.8745013477089,ok,C10 OPT_ATM_WR50_LIQ (added after),PIDILITIND,Q2 FY22,2,2021-11-11,2021-12-10,False,-6.162308098741383,-4.155296192913803,2500.0,92.75,7.85,close,liq_fallback,3.736604624929498,-91.53638814016173
138.11970284237725,ok,C10 OPT_ATM_WR50_LIQ (added after),TVSMOTOR,Q2 FY22,2,2021-10-22,2021-11-23,False,14.826781565749906,18.182731750404546,620.0,38.7,92.85,settle_fallback,fixed,6.228373702422146,139.92248062015503
-94.60550181378477,ok,C10 OPT_ATM_WR50_LIQ (added after),WIPRO,Q2 FY22,2,2021-10-14,2021-11-15,False,-7.137891176592,-5.908610290153336,710.0,41.35,3.0,close,fixed,5.8096241657885495,-92.74486094316808
-1.782260869565216,ok,C10 OPT_ATM_WR50_LIQ (added after),AXISBANK,Q3 FY22,3,2022-01-25,2022-02-23,False,3.1535883817902546,4.376212651451884,750.0,28.75,28.9,close,fixed,3.834355828220859,0.521739130434784
-85.72035519125683,ok,C10 OPT_ATM_WR50_LIQ (added after),BANDHANBNK,Q3 FY22,3,2022-01-24,2022-02-22,False,-0.251214962331444,0.060580875350991936,310.0,18.3,2.95,close,fixed,5.948317893710386,-83.87978142076503
-88.31691729323308,ok,C10 OPT_ATM_WR50_LIQ (added after),BANKBARODA,Q3 FY22,3,2022-02-07,2022-03-08,False,-13.892891954280625,-6.940788501197026,115.0,6.65,0.9,close,liq_fallback,5.877154220061865,-86.46616541353383
-69.18252726750859,ok,C10 OPT_ATM_WR50_LIQ (added after),MARUTI,Q3 FY22,3,2022-01-25,2022-02-23,False,0.9488558742453391,2.171480143906969,8600.0,348.4,115.15,close,fixed,4.053118656095674,-66.94890929965555
68.61309207025032,ok,C10 OPT_ATM_WR50_LIQ (added after),BRITANNIA,Q4 FY22,4,2022-05-04,2022-05-26,True,4.72891708024357,5.637407990206623,3400.0,93.95,161.05000000000018,expiry_intrinsic,fixed,2.7656755961142183,71.4209686003195
-102.42224546722454,ok,C10 OPT_ATM_WR50_LIQ (added after),INDUSINDBK,Q4 FY22,4,2022-05-02,2022-05-26,True,-8.739867466551152,-5.921112054725108,1020.0,35.85,0.0,expiry_intrinsic,fixed,3.5155675410639864,-100.0
-102.03956896551725,ok,C10 OPT_ATM_WR50_LIQ (added after),SHRIRAMFIN,Q4 FY22,4,2022-04-29,2022-05-26,True,-2.67824595313478,-0.1188060450509108,1200.0,58.0,0.0,expiry_intrinsic,fixed,4.80968571191641,-100.0
145.26329391772276,ok,C10 OPT_ATM_WR50_LIQ (added after),BAJAJFINSV,Q1 FY23,5,2022-07-28,2022-08-25,True,9.694402720822408,7.4103208760062165,14500.0,706.15,1746.2999999999993,expiry_intrinsic,fixed,4.828871337231169,147.29873256390275
-66.17918367346938,ok,C10 OPT_ATM_WR50_LIQ (added after),HINDALCO,Q1 FY23,5,2022-08-10,2022-09-09,False,-3.373801182661037,-5.096705415684032,440.0,24.5,8.75,close,fixed,5.596162631338511,-64.28571428571428
245.44375000000014,ok,C10 OPT_ATM_WR50_LIQ (added after),IDFCFIRSTB,Q1 FY23,5,2022-08-01,2022-08-25,True,16.99328959908837,15.804031148276534,42.0,2.0,6.950000000000003,expiry_intrinsic,fixed,4.733727810650888,247.50000000000014
182.31416223404256,ok,C10 OPT_ATM_WR50_LIQ (added after),INDUSINDBK,Q1 FY23,5,2022-07-21,2022-08-22,False,11.337238456673274,5.984888747996787,950.0,37.6,107.0,close,fixed,3.9672909522553415,184.5744680851064
-45.34396863691195,ok,C10 OPT_ATM_WR50_LIQ (added after),LUPIN,Q1 FY23,5,2022-08-04,2022-09-06,False,-1.2912965939737306,-2.8853387065039358,650.0,41.45,23.4,close,liq_fallback,6.269379112153067,-43.546441495778055
-50.034693877551014,ok,C10 OPT_ATM_WR50_LIQ (added after),MANAPPURAM,Q1 FY23,5,2022-08-05,2022-09-07,False,-2.296687283948636,-3.620897659002541,109.0,7.35,3.8,close,liq_fallback,6.799259944495837,-48.29931972789115
-102.69089726918075,ok,C10 OPT_ATM_WR50_LIQ (added after),SBILIFE,Q1 FY23,5,2022-07-29,2022-08-25,True,2.510781701368673,-1.0121979148509195,1300.0,38.45,0.0,expiry_intrinsic,fixed,2.957009920787511,-100.0
-102.55833333333334,ok,C10 OPT_ATM_WR50_LIQ (added after),SUNPHARMA,Q1 FY23,5,2022-07-29,2022-08-25,True,-5.487010133947175,-9.009989750166767,940.0,30.3,0.0,expiry_intrinsic,fixed,3.2085561497326203,-100.0
-70.507768616336,ok,C10 OPT_ATM_WR50_LIQ (added after),ULTRACEMCO,Q1 FY23,5,2022-07-22,2022-08-23,False,0.39821798967896516,-4.753828818080862,6500.0,194.05,62.4,close,fixed,3.0040327262312974,-67.8433393455295
-10.996396162820844,ok,C10 OPT_ATM_WR50_LIQ (added after),ADANIENT,Q2 FY23,6,2022-11-04,2022-12-05,False,2.3644088283477673,-0.8785042678069774,3900.0,192.85,175.5,close,liq_fallback,5.001166982184072,-8.996629504796472
-98.73610719322991,ok,C10 OPT_ATM_WR50_LIQ (added after),AXISBANK,Q2 FY23,6,2022-10-21,2022-11-22,False,-3.5407244074884567,-7.360727821176215,890.0,35.45,1.25,close,fixed,3.961336462174545,-96.47390691114246
105.5490566037736,ok,C10 OPT_ATM_WR50_LIQ (added after),BANKBARODA,Q2 FY23,6,2022-11-07,2022-12-06,False,9.96576254422468,7.528826688202518,160.0,7.95,16.5,close,liq_fallback,5.00945179584121,107.54716981132076
,entry_zero_volume,C10 OPT_ATM_WR50_LIQ (added after),BOSCHLTD,Q2 FY23,6,2022-11-09,2022-12-07,False,-0.9485905763056045,-3.190873993169617,,,,,,,
,entry_zero_volume,C10 OPT_ATM_WR50_LIQ (added after),GLENMARK,Q2 FY23,6,2022-11-14,2022-12-12,False,-1.4359667336432311,-2.37253951525067,,,,,,,
-12.605936073059366,ok,C10 OPT_ATM_WR50_LIQ (added after),LUPIN,Q2 FY23,6,2022-11-10,2022-12-08,False,4.765016742900333,1.5214558771455846,740.0,32.85,29.4,close,liq_fallback,4.530409598676044,-10.502283105022837
-29.085314685314682,ok,C10 OPT_ATM_WR50_LIQ (added after),MANAPPURAM,Q2 FY23,6,2022-11-14,2022-12-12,False,0.08717563670764053,-0.8493971448997981,115.0,7.15,5.2,close,liq_fallback,6.153184165232358,-27.27272727272727
-102.61649966032608,ok,C10 OPT_ATM_WR50_LIQ (added after),MARUTI,Q2 FY23,6,2022-10-28,2022-11-24,True,-5.512615551054319,-9.895120329879079,9500.0,294.4,0.0,expiry_intrinsic,fixed,3.093103031640216,-100.0
,entry_zero_volume,C10 OPT_ATM_WR50_LIQ (added after),PIIND,Q2 FY23,6,2022-11-09,2022-12-07,False,-4.476383825813487,-6.7186672426775,,,,,,,
-86.03935581974011,ok,C10 OPT_ATM_WR50_LIQ (added after),APOLLOHOSP,Q3 FY23,7,2023-02-15,2023-03-16,False,-3.932345066794681,1.766230520812896,4500.0,180.85,29.3,close,fixed,4.030218280276777,-83.7987282278131
-103.12616628175519,ok,C10 OPT_ATM_WR50_LIQ (added after),BRITANNIA,Q3 FY23,7,2023-02-02,2023-02-23,True,-4.080959006314751,-2.46272250969911,4600.0,108.25,0.0,expiry_intrinsic,fixed,2.3516505002009493,-100.0
-96.7038240917782,ok,C10 OPT_ATM_WR50_LIQ (added after),CHOLAFIN,Q3 FY23,7,2023-02-01,2023-02-23,True,2.0906032616984573,3.0095064365989646,750.0,26.15,1.5,expiry_intrinsic,fixed,3.4723144336741467,-94.26386233269598
58.47216589861751,ok,C10 OPT_ATM_WR50_LIQ (added after),CUMMINSIND,Q3 FY23,7,2023-02-09,2023-03-10,False,6.330468486435818,8.996088084668687,1600.0,54.25,87.3,close,liq_fallback,3.449481782921091,60.92165898617512
-6.408834951455962,ok,C10 OPT_ATM_WR50_LIQ (added after),DRREDDY,Q3 FY23,7,2023-01-27,2023-02-23,True,3.9352403399133298,4.702261729513059,4350.0,103.0,99.60000000000036,expiry_intrinsic,fixed,2.372069457878495,-3.3009708737860577
-102.41821345707656,ok,C10 OPT_ATM_WR50_LIQ (added after),JINDALSTEL,Q3 FY23,7,2023-02-01,2023-02-23,True,-6.055728478976871,-5.136825304076363,610.0,21.55,0.0,expiry_intrinsic,fixed,3.525562372188139,-100.0
306.8500875912408,ok,C10 OPT_ATM_WR50_LIQ (added after),PERSISTENT,Q3 FY23,7,2023-01-19,2023-02-17,False,15.146515737240133,16.03026742504403,4200.0,171.25,700.55,close,fixed,4.06436530634041,309.0802919708029
-102.97661290322581,ok,C10 OPT_ATM_WR50_LIQ (added after),RECLTD,Q3 FY23,7,2023-01-31,2023-02-23,True,-6.289108236486747,-4.28104257064199,123.0,3.1,0.0,expiry_intrinsic,fixed,2.5295797633618933,-100.0
-102.41529968454259,ok,C10 OPT_ATM_WR50_LIQ (added after),TMPV,Q3 FY23,7,2023-01-27,2023-02-23,True,-4.175852711494661,-3.4088313218949327,450.0,15.85,0.0,expiry_intrinsic,fixed,3.5328206842750474,-100.0
217.991368884002,ok,C10 OPT_ATM_WR50_LIQ (added after),ABB,Q4 FY23,8,2023-05-04,2023-05-25,True,8.04047730772233,6.749922196470016,3650.0,90.95,291.9499999999998,expiry_intrinsic,fixed,2.488576353736285,221.0005497526111
352.1599709934735,ok,C10 OPT_ATM_WR50_LIQ (added after),ASTRAL,Q4 FY23,8,2023-05-16,2023-06-13,False,18.83089671370324,16.46134923332152,1700.0,68.95,313.3,settle_fallback,fixed,4.0740959584022685,354.38723712835383
-74.18125,ok,C10 OPT_ATM_WR50_LIQ (added after),BHEL,Q4 FY23,8,2023-05-29,2023-06-26,False,0.7938608335860166,0.2762440710790694,84.0,3.2,0.9,close,fixed,3.8277511961722492,-71.875
334.0423076923079,ok,C10 OPT_ATM_WR50_LIQ (added after),CHOLAFIN,Q4 FY23,8,2023-05-04,2023-05-25,True,9.691095814088849,8.400540702836535,960.0,22.75,99.45000000000005,expiry_intrinsic,fixed,2.3803295840962595,337.14285714285734
546.1158460161146,ok,C10 OPT_ATM_WR50_LIQ (added after),DIXON,Q4 FY23,8,2023-05-24,2023-06-21,False,30.356697111982903,27.21152621060805,3500.0,167.55,1086.0,close,fixed,4.766985319221577,548.1647269471799
22.376941747572793,ok,C10 OPT_ATM_WR50_LIQ (added after),DLF,Q4 FY23,8,2023-05-15,2023-06-12,False,4.625445840398882,3.5040183055257814,470.0,20.6,25.65,close,fixed,4.395135481117986,24.514563106796096
-48.2825,ok,C10 OPT_ATM_WR50_LIQ (added after),EICHERMOT,Q4 FY23,8,2023-05-12,2023-06-09,False,-1.412279079470565,-2.789651259346958,3600.0,152.0,81.95,close,liq_fallback,4.177201275145652,-46.08552631578947
14.400689655172405,ok,C10 OPT_ATM_WR50_LIQ (added after),MARICO,Q4 FY23,8,2023-05-08,2023-06-05,False,2.9296683415727367,1.1058861204212191,540.0,14.5,17.0,close,liq_fallback,2.7163731734732113,17.24137931034482
39.71773526370216,ok,C10 OPT_ATM_WR50_LIQ (added after),MUTHOOTFIN,Q4 FY23,8,2023-05-22,2023-06-19,False,4.838021443686905,2.4098071423720904,1120.0,48.35,68.6,close,liq_fallback,4.294151605311071,41.88210961737331
-29.09726657645468,ok,C10 OPT_ATM_WR50_LIQ (added after),NAUKRI,Q4 FY23,8,2023-05-26,2023-06-23,False,2.430199302385131,1.5120596380185272,4200.0,184.75,134.95,close,fixed,4.378584632886192,-26.95534506089311
22.969354250273607,ok,C10 OPT_ATM_WR50_LIQ (added after),POLYCAB,Q4 FY23,8,2023-05-12,2023-06-09,False,4.5084385222233605,3.131066342346968,3400.0,137.05,171.6,close,fixed,4.030882352941177,25.209777453484115
124.75187074829947,ok,C10 OPT_ATM_WR50_LIQ (added after),TORNTPHARM,Q4 FY23,8,2023-05-31,2023-06-28,True,6.24954841719814,3.8679936865351663,1820.0,58.8,133.6500000000001,expiry_intrinsic,fixed,3.238242097147263,127.29591836734708
129.50135281385278,ok,C10 OPT_ATM_WR50_LIQ (added after),TVSMOTOR,Q4 FY23,8,2023-05-05,2023-06-02,False,7.287093151829231,4.693071346527345,1220.0,46.2,107.1,settle_fallback,fixed,3.797000205465379,131.81818181818178
-25.893452380952386,ok,C10 OPT_ATM_WR50_LIQ (added after),ASHOKLEY,Q1 FY24,9,2023-07-21,2023-08-21,False,2.579522246577074,4.339213307605184,182.0,8.4,6.4,close,fixed,4.612850082372323,-23.809523809523814
227.4329207920792,ok,C10 OPT_ATM_WR50_LIQ (added after),BHARATFORG,Q1 FY24,9,2023-08-09,2023-08-31,True,14.703840624215774,14.202497141071715,970.0,30.3,100.0,expiry_intrinsic,fixed,3.1248388593822516,230.03300330033002
-86.65138888888889,ok,C10 OPT_ATM_WR50_LIQ (added after),COLPAL,Q1 FY24,9,2023-07-27,2023-08-25,False,-1.6435958083176736,0.3409922109499876,2000.0,64.8,10.3,close,fixed,3.2332102584572397,-84.10493827160494
-102.52446808510638,ok,C10 OPT_ATM_WR50_LIQ (added after),LICHSGFIN,Q1 FY24,9,2023-08-04,2023-08-31,True,4.787214491894302,4.70675438019681,430.0,14.1,0.0,expiry_intrinsic,fixed,3.2798325191905096,-100.0
-51.012274220032836,ok,C10 OPT_ATM_WR50_LIQ (added after),MPHASIS,Q1 FY24,9,2023-07-21,2023-08-21,False,-0.7685317110284383,0.991159349999672,2300.0,121.8,62.05,close,liq_fallback,5.227692175629855,-49.05582922824302
202.20210084033616,ok,C10 OPT_ATM_WR50_LIQ (added after),NMDC,Q1 FY24,9,2023-08-14,2023-09-12,False,14.825807419012387,11.931287556190751,119.0,5.95,18.1,settle_fallback,fixed,5.002101723413198,204.20168067226894
313.9995252306023,ok,C10 OPT_ATM_WR50_LIQ (added after),POLYCAB,Q1 FY24,9,2023-07-18,2023-08-16,False,17.406884007299997,18.826179170407453,4100.0,184.3,766.9,settle_fallback,fixed,4.482276402991427,316.11502984264786
653.1633333333333,ok,C10 OPT_ATM_WR50_LIQ (added after),RECLTD,Q1 FY24,9,2023-07-27,2023-08-25,False,26.981964109474955,28.966552128742617,188.15,6.75,51.0,close,fixed,3.5913806863527538,655.5555555555555
-89.75632911392405,ok,C10 OPT_ATM_WR50_LIQ (added after),UNITDSPR,Q1 FY24,9,2023-07-21,2023-08-21,False,-3.687626277246977,-1.9279352162188665,1040.0,47.4,5.85,close,fixed,4.553314121037464,-87.65822784810126
497.171360759494,ok,C10 OPT_ATM_WR50_LIQ (added after),ALKEM,Q2 FY24,10,2023-11-07,2023-11-30,True,17.172670520872792,9.26364250477525,4060.0,110.6,663.6000000000004,expiry_intrinsic,liq_fallback,2.734273600415333,500.00000000000034
22.823240740740747,ok,C10 OPT_ATM_WR50_LIQ (added after),BAJAJ-AUTO,Q2 FY24,10,2023-10-19,2023-11-17,False,2.5458528545192074,1.9801120279078446,5500.0,135.0,169.9,close,fixed,2.4647405175955086,25.85185185185186
866.7762589928054,ok,C10 OPT_ATM_WR50_LIQ (added after),HINDPETRO,Q2 FY24,10,2023-11-07,2023-11-30,True,37.72701794316029,29.81798992706275,280.0,6.95,67.39999999999998,expiry_intrinsic,fixed,2.490146900752418,869.7841726618701
673.9189597315435,ok,C10 OPT_ATM_WR50_LIQ (added after),PFC,Q2 FY24,10,2023-11-09,2023-12-08,False,38.52455498499343,30.388671239962406,270.0,14.9,115.6,settle_fallback,liq_fallback,5.4349808498996905,675.8389261744966
375.6126464507237,ok,C10 OPT_ATM_WR50_LIQ (added after),TRENT,Q2 FY24,10,2023-11-07,2023-11-30,True,18.14066420057039,10.23163618447285,2440.0,72.55,347.0,expiry_intrinsic,fixed,2.9794049403503005,378.2908339076499
195.08748243324632,ok,C10 OPT_ATM_WR50_LIQ (added after),BAJAJ-AUTO,Q3 FY24,11,2024-01-25,2024-02-23,False,10.879019301585972,6.830938412139243,7600.0,249.05,741.2,close,fixed,3.28204790300794,197.61092150170646
-21.625777414075287,ok,C10 OPT_ATM_WR50_LIQ (added after),CIPLA,Q3 FY24,11,2024-01-23,2024-02-21,False,2.54826357779692,-1.3149384863498246,1400.0,61.1,49.2,close,fixed,4.349683206378586,-19.476268412438625
51.850267119961224,ok,C10 OPT_ATM_WR50_LIQ (added after),CUMMINSIND,Q3 FY24,11,2024-02-08,2024-02-29,True,7.529430456956002,4.0279784782931936,2580.0,102.95,158.6500000000001,expiry_intrinsic,fixed,3.988300468756053,54.10393394851878
-102.57562344139652,ok,C10 OPT_ATM_WR50_LIQ (added after),GODREJCP,Q3 FY24,11,2024-02-01,2024-02-29,True,0.08108020381570116,-1.254051297812374,1260.0,40.1,0.0,expiry_intrinsic,fixed,3.1733470502116883,-100.0
-93.765,ok,C10 OPT_ATM_WR50_LIQ (added after),INDUSTOWER,Q3 FY24,11,2024-01-24,2024-02-22,False,-2.2574316530884007,-5.836216865135601,230.0,15.0,1.2,close,fixed,6.5359477124183005,-92.0
50.78390287769785,ok,C10 OPT_ATM_WR50_LIQ (added after),INFY,Q3 FY24,11,2024-01-12,2024-02-12,False,4.006092001703058,5.258098048870042,1620.0,55.6,85.2,close,fixed,3.4399554538142674,53.23741007194245
-92.74346153846153,ok,C10 OPT_ATM_WR50_LIQ (added after),NATIONALUM,Q3 FY24,11,2024-02-14,2024-03-13,False,-12.83836310512004,-13.580202111898885,150.0,13.0,1.15,close,liq_fallback,8.48010437051533,-91.15384615384615
-99.3492700729927,ok,C10 OPT_ATM_WR50_LIQ (added after),NMDC,Q3 FY24,11,2024-02-15,2024-03-14,False,-18.392315725528672,-19.48895618740242,250.0,13.7,0.35,close,liq_fallback,5.530884134033105,-97.44525547445255
254.66747220879648,ok,C10 OPT_ATM_WR50_LIQ (added after),OFSS,Q3 FY24,11,2024-01-18,2024-02-16,False,20.79097697029695,18.075779588848118,6500.0,413.8,1475.0,close,fixed,6.370073891625616,256.4523924601256
-1.1289193102540447,ok,C10 OPT_ATM_WR50_LIQ (added after),PERSISTENT,Q3 FY24,11,2024-01-23,2024-02-21,False,3.046478956272617,-0.8167231078741275,8300.0,379.85,383.5,close,fixed,4.587892842476508,0.9609056206397293
-29.371597096188587,ok,C10 OPT_ATM_WR50_LIQ (added after),TMPV,Q3 FY24,11,2024-02-05,2024-02-29,True,6.471124120682096,3.664479072293593,930.0,27.55,20.200000000000045,expiry_intrinsic,fixed,2.953631734119539,-26.678765880217625
-63.72559055118111,ok,C10 OPT_ATM_WR50_LIQ (added after),VOLTAS,Q3 FY24,11,2024-01-31,2024-02-28,False,1.4680626546992572,0.41035155678295204,1100.0,38.1,14.75,close,fixed,3.4734251071200655,-61.28608923884515
-2.8685803757828747,ok,C10 OPT_ATM_WR50_LIQ (added after),WIPRO,Q3 FY24,11,2024-01-15,2024-02-13,False,3.267128919517707,4.850028801630802,495.0,23.95,23.75,close,fixed,4.837895162104838,-0.8350730688935215
-41.76690541601256,ok,C10 OPT_ATM_WR50_LIQ (added after),ABB,Q4 FY24,12,2024-05-13,2024-06-10,False,0.8032051180804113,-4.442760259305189,8000.0,509.6,305.85,close,fixed,6.372947488213298,-39.98233908948195
73.31955445544557,ok,C10 OPT_ATM_WR50_LIQ (added after),BEL,Q4 FY24,12,2024-05-21,2024-06-19,False,12.651452313446514,8.250663953528983,275.0,20.2,35.35,close,fixed,7.348126591487814,75.00000000000003
155.50999999999985,ok,C10 OPT_ATM_WR50_LIQ (added after),BHARATFORG,Q4 FY24,12,2024-05-08,2024-05-30,True,6.679752961498967,5.23457641178482,1410.0,56.0,144.3499999999999,expiry_intrinsic,fixed,3.975014196479273,157.767857142857
-88.9071202531647,ok,C10 OPT_ATM_WR50_LIQ (added after),COALINDIA,Q4 FY24,12,2024-05-03,2024-05-30,True,3.327682423720616,3.0636427099834065,480.0,15.8,2.1499999999999773,expiry_intrinsic,fixed,3.3009505902016087,-86.39240506329129
-27.191167664670658,ok,C10 OPT_ATM_WR50_LIQ (added after),CONCOR,Q4 FY24,12,2024-05-17,2024-06-14,False,4.687247893057037,0.21832262342858083,1100.0,66.8,49.85,close,liq_fallback,6.120579072750595,-25.374251497005986
42.53370370370371,ok,C10 OPT_ATM_WR50_LIQ (added after),CROMPTON,Q4 FY24,12,2024-05-17,2024-06-14,False,8.671549393298376,4.202624123669919,390.0,27.0,38.95,settle_fallback,liq_fallback,6.891271056661562,44.25925925925927
31.896688963210718,ok,C10 OPT_ATM_WR50_LIQ (added after),GLENMARK,Q4 FY24,12,2024-05-27,2024-06-25,False,8.218046879297995,4.758161476735246,1120.0,74.75,99.9,close,fixed,6.6773862164455755,33.64548494983279
-102.26410748560461,ok,C10 OPT_ATM_WR50_LIQ (added after),GODREJCP,Q4 FY24,12,2024-05-07,2024-05-30,True,1.8037612434746588,3.6579905899604817,1320.0,52.1,0.0,expiry_intrinsic,fixed,3.9553598542362587,-100.0
65.87435441472087,ok,C10 OPT_ATM_WR50_LIQ (added after),HAL,Q4 FY24,12,2024-05-16,2024-06-13,False,10.60388339413865,6.142459263911016,4600.0,323.35,541.9,close,fixed,6.993543921878211,67.58929952064325
373.43571428571437,ok,C10 OPT_ATM_WR50_LIQ (added after),MOTHERSON,Q4 FY24,12,2024-05-29,2024-06-27,True,34.257896450183644,28.33691559599927,147.0,10.85,51.55000000000001,expiry_intrinsic,fixed,7.358426585283147,375.11520737327197
88.99716316681882,ok,C10 OPT_ATM_WR50_LIQ (added after),POLYCAB,Q4 FY24,12,2024-05-10,2024-06-07,False,11.052221668165243,5.432861879997365,6200.0,383.35,731.45,settle_fallback,fixed,6.1913029434327935,90.8047476196687
159.81115973741794,ok,C10 OPT_ATM_WR50_LIQ (added after),RECLTD,Q4 FY24,12,2024-04-30,2024-05-29,False,11.97629474640978,11.514575380875394,510.0,22.85,59.85,close,fixed,4.486550166895739,161.92560175054703
123.1937500000003,ok,C10 OPT_ATM_WR50_LIQ (added after),TVSMOTOR,Q4 FY24,12,2024-05-09,2024-05-30,True,16.044371746508105,12.089952982987652,2080.0,66.8,150.80000000000018,expiry_intrinsic,fixed,3.2159449245360228,125.74850299401228
-96.86920833333333,ok,C10 OPT_ATM_WR50_LIQ (added after),ZYDUSLIFE,Q4 FY24,12,2024-05-18,2024-06-18,False,-2.4345843572070556,-7.147056137493256,1150.0,60.0,3.05,close,liq_fallback,5.249114211976729,-94.91666666666667
130.49898363906794,ok,C10 OPT_ATM_WR50_LIQ (added after),COLPAL,Q1 FY25,13,2024-07-30,2024-08-28,False,6.604009174057061,5.799330226625111,3360.0,100.85,235.15,settle_fallback,fixed,2.9956483640522196,133.1680713931582
53.89837049742711,ok,C10 OPT_ATM_WR50_LIQ (added after),ICICIPRULI,Q1 FY25,13,2024-07-24,2024-08-22,False,5.411569789266583,3.76132422840887,690.0,29.15,45.5,settle_fallback,fixed,4.198775657184012,56.08919382504289
3.954957805907162,ok,C10 OPT_ATM_WR50_LIQ (added after),JUBLFOOD,Q1 FY25,13,2024-08-12,2024-09-10,False,2.0561352951452596,-0.8147292877602283,650.0,23.7,25.2,close,fixed,3.638596760574192,6.329113924050622
-102.82649456521739,ok,C10 OPT_ATM_WR50_LIQ (added after),MARICO,Q1 FY25,13,2024-08-05,2024-08-29,True,-4.945737496424859,-10.054989063627515,670.0,18.4,0.0,expiry_intrinsic,fixed,2.737484192516551,-100.0
-78.10492565055763,ok,C10 OPT_ATM_WR50_LIQ (added after),MPHASIS,Q1 FY25,13,2024-07-26,2024-08-26,False,-0.5016914985565745,-1.2293663989485601,3050.0,107.6,26.15,close,fixed,3.5513895306620897,-75.69702602230484
120.0410071942446,ok,C10 OPT_ATM_WR50_LIQ (added after),PETRONET,Q1 FY25,13,2024-07-24,2024-08-22,False,8.557898824581626,6.907653263723913,350.0,13.9,30.9,close,fixed,3.964632059326868,122.3021582733813
-49.56742868307932,ok,C10 OPT_ATM_WR50_LIQ (added after),TCS,Q1 FY25,13,2024-07-12,2024-08-12,False,0.10965217354581905,0.7228619122830362,4200.0,127.95,67.9,close,fixed,3.0580418494042854,-46.93239546697928
165.08791976903206,ok,C10 OPT_ATM_WR50_LIQ (added after),TRENT,Q1 FY25,13,2024-08-09,2024-09-09,False,13.555121640399806,11.20045456335046,6300.0,329.05,878.7,settle_fallback,fixed,5.2434904547917265,167.04148305728611
42.760689655172435,ok,C10 OPT_ATM_WR50_LIQ (added after),UNITDSPR,Q1 FY25,13,2024-07-24,2024-08-22,False,4.816084266928681,3.1658387060709683,1380.0,50.75,73.65,close,fixed,3.6698242823053002,45.12315270935963
-29.863750000000003,ok,C11 OPT_OTM5_WR50_LIQ (added after),BHARATFORG,Q4 FY21,0,2021-06-04,2021-07-02,False,2.6266439370295416,2.275124018712972,790.0,24.0,17.45,close,fixed,3.180492976411344,-27.29166666666667
-93.38580523461448,ok,C11 OPT_OTM5_WR50_LIQ (added after),BOSCHLTD,Q4 FY21,0,2021-05-20,2021-06-17,False,-2.984308752505712,-8.272974831044287,17000.0,424.1,40.25,close,liq_fallback,2.6645472594305244,-90.50931384107523
-44.218447580645154,ok,C11 OPT_OTM5_WR50_LIQ (added after),CONCOR,Q4 FY21,0,2021-05-24,2021-06-21,False,7.618726920644229,3.987654192534064,670.0,24.8,14.4,close,fixed,3.8972263691364812,-41.93548387096774
138.46407506702414,ok,C11 OPT_OTM5_WR50_LIQ (added after),ICICIPRULI,Q4 FY21,0,2021-04-20,2021-05-20,False,13.210043390465811,8.9256831319392,500.0,18.65,44.9,settle_fallback,liq_fallback,3.8862262971452384,140.75067024128688
-102.66042944785276,ok,C11 OPT_OTM5_WR50_LIQ (added after),MOTHERSON,Q4 FY21,0,2021-06-02,2021-06-24,True,-10.203458528143836,-11.156291953497897,285.0,8.15,0.0,expiry_intrinsic,fixed,3.0112691668206173,-100.0
-103.45422413793104,ok,C11 OPT_OTM5_WR50_LIQ (added after),MUTHOOTFIN,Q4 FY21,0,2021-06-02,2021-06-24,True,4.547634162065076,3.5948007367110137,1500.0,29.0,0.0,expiry_intrinsic,fixed,2.037303733885981,-100.0
72.61198198198197,ok,C11 OPT_OTM5_WR50_LIQ (added after),UPL,Q4 FY21,0,2021-05-14,2021-06-11,False,12.187055987924337,4.525924483202904,800.0,27.75,48.55,close,liq_fallback,3.7230831153149526,74.95495495495494
69.56782608695653,ok,C11 OPT_OTM5_WR50_LIQ (added after),WIPRO,Q4 FY21,0,2021-04-16,2021-05-18,False,8.110055449716773,4.736279073573902,495.0,11.5,19.85,close,fixed,2.449936088623775,72.60869565217392
,entry_zero_volume,C11 OPT_OTM5_WR50_LIQ (added after),APOLLOHOSP,Q1 FY22,1,2021-08-16,2021-09-15,False,10.116313745177832,4.322014929440377,,,,,,,
-97.06532118055554,ok,C11 OPT_OTM5_WR50_LIQ (added after),ASIANPAINT,Q1 FY22,1,2021-07-20,2021-08-18,False,-5.155674781096872,-11.16815179953968,3300.0,57.6,3.85,close,liq_fallback,1.8186123608808904,-93.31597222222221
171.0459375,ok,C11 OPT_OTM5_WR50_LIQ (added after),MPHASIS,Q1 FY22,1,2021-07-23,2021-08-23,False,13.139476146973465,9.08063923614131,2650.0,80.0,218.9,settle_fallback,fixed,3.166435780724322,173.625
,entry_zero_volume,C11 OPT_OTM5_WR50_LIQ (added after),SIEMENS,Q1 FY22,1,2021-08-11,2021-09-09,False,1.6165352604592877,-5.0794462531521525,,,,,,,
-103.61610169491526,ok,C11 OPT_OTM5_WR50_LIQ (added after),SUNPHARMA,Q1 FY22,1,2021-07-30,2021-08-26,True,1.5420050940792054,-5.887728428303828,810.0,14.75,0.0,expiry_intrinsic,fixed,1.9112406867508909,-100.0
1400.2813333333334,ok,C11 OPT_OTM5_WR50_LIQ (added after),TECHM,Q1 FY22,1,2021-07-30,2021-08-26,True,17.1629154240726,9.733181901689571,1280.0,11.25,169.5,expiry_intrinsic,fixed,0.9284476355533547,1406.6666666666667
,entry_zero_volume,C11 OPT_OTM5_WR50_LIQ (added after),APOLLOHOSP,Q2 FY22,2,2021-11-15,2021-12-14,False,2.4092615337931758,6.7215300455370395,,,,,,,
-99.79139344262295,ok,C11 OPT_OTM5_WR50_LIQ (added after),ASHOKLEY,Q2 FY22,2,2021-11-15,2021-12-14,False,-17.362629896287793,-13.050361384543928,160.0,6.1,0.15,close,fixed,3.9986889544411666,-97.54098360655738
-102.6644,ok,C11 OPT_OTM5_WR50_LIQ (added after),BEL,Q2 FY22,2,2021-10-29,2021-11-25,True,-1.6686721691957693,2.2071157170514124,217.5,6.25,0.0,expiry_intrinsic,fixed,3.004085556356645,-100.0
-101.03883928571429,ok,C11 OPT_OTM5_WR50_LIQ (added after),FEDERALBNK,Q2 FY22,2,2021-10-22,2021-11-23,False,-10.901487060298328,-7.545536875643687,110.0,5.6,0.05,close,fixed,5.366554863440346,-99.10714285714286
-103.00405405405405,ok,C11 OPT_OTM5_WR50_LIQ (added after),ICICIBANK,Q2 FY22,2,2021-10-25,2021-11-24,False,-9.852794444395915,-5.953708520774902,880.0,18.5,0.05,close,fixed,2.1984551396316103,-99.72972972972973
-102.71330455259027,ok,C11 OPT_OTM5_WR50_LIQ (added after),INDIGO,Q2 FY22,2,2021-10-29,2021-11-25,True,-12.589549319937928,-8.713761433690745,2300.0,63.7,0.0,expiry_intrinsic,fixed,2.918336960256557,-100.0
-102.80544478527608,ok,C11 OPT_OTM5_WR50_LIQ (added after),INDUSINDBK,Q2 FY22,2,2021-10-28,2021-11-25,True,-24.026261512379676,-19.54780850309773,1240.0,32.6,0.0,expiry_intrinsic,fixed,2.7694006711124324,-100.0
-45.2056625,ok,C11 OPT_OTM5_WR50_LIQ (added after),LTM,Q2 FY22,2,2021-10-19,2021-11-17,False,7.734984608260635,10.538737577381765,7300.0,400.0,226.6,close,liq_fallback,5.843425415978847,-43.35
-98.13982758620689,ok,C11 OPT_OTM5_WR50_LIQ (added after),PIDILITIND,Q2 FY22,2,2021-11-11,2021-12-10,False,-6.162308098741383,-4.155296192913803,2600.0,58.0,2.9,close,fixed,2.336636854403352,-95.0
145.1424618320611,ok,C11 OPT_OTM5_WR50_LIQ (added after),TVSMOTOR,Q2 FY22,2,2021-10-22,2021-11-23,False,14.826781565749906,18.182731750404546,650.0,26.2,64.8,close,fixed,4.216625090528687,147.32824427480918
-98.2235,ok,C11 OPT_OTM5_WR50_LIQ (added after),WIPRO,Q2 FY22,2,2021-10-14,2021-11-15,False,-7.137891176592,-5.908610290153336,750.0,25.0,1.05,close,fixed,3.5124692658939236,-95.8
-97.0518796992481,ok,C11 OPT_OTM5_WR50_LIQ (added after),AXISBANK,Q3 FY22,3,2022-01-25,2022-02-23,False,3.1535883817902546,4.376212651451884,790.0,13.3,0.9,close,fixed,1.7738063483595627,-93.23308270676691
-97.19789272030651,ok,C11 OPT_OTM5_WR50_LIQ (added after),BANDHANBNK,Q3 FY22,3,2022-01-24,2022-02-22,False,-0.251214962331444,0.060580875350991936,325.0,13.05,0.65,close,fixed,4.24183325207216,-95.01915708812261
-90.82628865979382,ok,C11 OPT_OTM5_WR50_LIQ (added after),BANKBARODA,Q3 FY22,3,2022-02-07,2022-03-08,False,-13.892891954280625,-6.940788501197026,120.0,4.85,0.55,close,liq_fallback,4.286345558992487,-88.65979381443299
-100.66108922037715,ok,C11 OPT_OTM5_WR50_LIQ (added after),MARUTI,Q3 FY22,3,2022-01-25,2022-02-23,False,0.9488558742453391,2.171480143906969,9000.0,177.65,4.9,close,liq_fallback,2.066694974900679,-97.24176752040529
-102.93293591654194,ok,C11 OPT_OTM5_WR50_LIQ (added after),BRITANNIA,Q4 FY22,4,2022-05-04,2022-05-26,True,4.72891708024357,5.637407990206623,3560.0,33.55,1.050000000000182,expiry_intrinsic,fixed,0.9876361495437149,-96.87034277198158
-103.93031609195403,ok,C11 OPT_OTM5_WR50_LIQ (added after),INDUSINDBK,Q4 FY22,4,2022-05-02,2022-05-26,True,-8.739867466551152,-5.921112054725108,1070.0,17.4,0.0,expiry_intrinsic,fixed,1.7063005638636919,-100.0
-102.80794602698651,ok,C11 OPT_OTM5_WR50_LIQ (added after),SHRIRAMFIN,Q4 FY22,4,2022-04-29,2022-05-26,True,-2.67824595313478,-0.1188060450509108,1260.0,33.35,0.0,expiry_intrinsic,fixed,2.765569284351936,-100.0
154.88311772315635,ok,C11 OPT_OTM5_WR50_LIQ (added after),BAJAJFINSV,Q1 FY23,5,2022-07-28,2022-08-25,True,9.694402720822408,7.4103208760062165,15250.0,386.5,996.2999999999993,expiry_intrinsic,fixed,2.6430061202858415,157.77490297542025
-73.19779411764705,ok,C11 OPT_OTM5_WR50_LIQ (added after),HINDALCO,Q1 FY23,5,2022-08-10,2022-09-09,False,-3.373801182661037,-5.096705415684032,460.0,13.6,4.0,close,fixed,3.106441297396071,-70.58823529411764
309.7395833333336,ok,C11 OPT_OTM5_WR50_LIQ (added after),IDFCFIRSTB,Q1 FY23,5,2022-08-01,2022-08-25,True,16.99328959908837,15.804031148276534,44.0,1.2,4.950000000000003,expiry_intrinsic,fixed,2.8402366863905324,312.5000000000003
220.96002538071065,ok,C11 OPT_OTM5_WR50_LIQ (added after),INDUSINDBK,Q1 FY23,5,2022-07-21,2022-08-22,False,11.337238456673274,5.984888747996787,1000.0,19.7,63.9,close,fixed,2.078607227644421,224.36548223350252
-72.01839729119638,ok,C11 OPT_OTM5_WR50_LIQ (added after),LUPIN,Q1 FY23,5,2022-08-04,2022-09-06,False,-1.2912965939737306,-2.8853387065039358,700.0,22.15,6.75,close,liq_fallback,3.3502230961203963,-69.52595936794582
,entry_zero_volume,C11 OPT_OTM5_WR50_LIQ (added after),MANAPPURAM,Q1 FY23,5,2022-08-05,2022-09-07,False,-2.296687283948636,-3.620897659002541,,,,,,,
-105.54650349650349,ok,C11 OPT_OTM5_WR50_LIQ (added after),SBILIFE,Q1 FY23,5,2022-07-29,2022-08-25,True,2.510781701368673,-1.0121979148509195,1370.0,14.3,0.0,expiry_intrinsic,fixed,1.0997462124125201,-100.0
-104.83882113821139,ok,C11 OPT_OTM5_WR50_LIQ (added after),SUNPHARMA,Q1 FY23,5,2022-07-29,2022-08-25,True,-5.487010133947175,-9.009989750166767,990.0,12.3,0.0,expiry_intrinsic,fixed,1.30248318949542,-100.0
-92.27293253536453,ok,C11 OPT_OTM5_WR50_LIQ (added after),ULTRACEMCO,Q1 FY23,5,2022-07-22,2022-08-23,False,0.39821798967896516,-4.753828818080862,6800.0,91.9,11.25,close,fixed,1.4226776992561518,-87.75843307943417
-17.45709989976612,ok,C11 OPT_OTM5_WR50_LIQ (added after),ADANIENT,Q2 FY23,6,2022-11-04,2022-12-05,False,2.3644088283477673,-0.8785042678069774,4000.0,149.65,126.95,close,liq_fallback,3.8808640854749616,-15.16872702973605
-103.81879432624115,ok,C11 OPT_OTM5_WR50_LIQ (added after),AXISBANK,Q2 FY23,6,2022-10-21,2022-11-22,False,-3.5407244074884567,-7.360727821176215,940.0,14.1,0.05,close,fixed,1.5755950385517936,-99.64539007092199
114.14173913043479,ok,C11 OPT_OTM5_WR50_LIQ (added after),BANKBARODA,Q2 FY23,6,2022-11-07,2022-12-06,False,9.96576254422468,7.528826688202518,165.0,5.75,12.45,close,liq_fallback,3.6231884057971016,116.52173913043478
-83.56698750000001,ok,C11 OPT_OTM5_WR50_LIQ (added after),BOSCHLTD,Q2 FY23,6,2022-11-09,2022-12-07,False,-0.9485905763056045,-3.190873993169617,18500.0,400.0,78.4,close,liq_fallback,2.3073506423087347,-80.4
-73.71676923076923,ok,C11 OPT_OTM5_WR50_LIQ (added after),GLENMARK,Q2 FY23,6,2022-11-14,2022-12-12,False,-1.4359667336432311,-2.37253951525067,450.0,16.25,4.65,close,liq_fallback,3.7533202448319667,-71.38461538461539
-9.385624999999997,ok,C11 OPT_OTM5_WR50_LIQ (added after),LUPIN,Q2 FY23,6,2022-11-10,2022-12-08,False,4.765016742900333,1.5214558771455846,750.0,24.0,22.35,close,liq_fallback,3.3098882912701697,-6.874999999999998
-50.67809523809523,ok,C11 OPT_OTM5_WR50_LIQ (added after),MANAPPURAM,Q2 FY23,6,2022-11-14,2022-12-12,False,0.08717563670764053,-0.8493971448997981,120.0,5.25,2.7,close,liq_fallback,4.518072289156627,-48.57142857142856
-105.23773374888691,ok,C11 OPT_OTM5_WR50_LIQ (added after),MARUTI,Q2 FY23,6,2022-10-28,2022-11-24,True,-5.512615551054319,-9.895120329879079,10000.0,112.3,0.0,expiry_intrinsic,fixed,1.179875918658955,-100.0
,entry_zero_volume,C11 OPT_OTM5_WR50_LIQ (added after),PIIND,Q2 FY23,6,2022-11-09,2022-12-07,False,-4.476383825813487,-6.7186672426775,,,,,,,
-95.7303781297905,ok,C11 OPT_OTM5_WR50_LIQ (added after),APOLLOHOSP,Q3 FY23,7,2023-02-15,2023-03-16,False,-3.932345066794681,1.766230520812896,4700.0,97.85,7.4,close,fixed,2.1805742810344633,-92.43740419008687
-109.97300194931773,ok,C11 OPT_OTM5_WR50_LIQ (added after),BRITANNIA,Q3 FY23,7,2023-02-02,2023-02-23,True,-4.080959006314751,-2.46272250969911,4850.0,25.65,0.0,expiry_intrinsic,fixed,0.5572271162138971,-100.0
-104.58619047619048,ok,C11 OPT_OTM5_WR50_LIQ (added after),CHOLAFIN,Q3 FY23,7,2023-02-01,2023-02-23,True,2.0906032616984573,3.0095064365989646,790.0,10.5,0.0,expiry_intrinsic,fixed,1.3942371531005178,-100.0
,entry_zero_volume,C11 OPT_OTM5_WR50_LIQ (added after),CUMMINSIND,Q3 FY23,7,2023-02-09,2023-03-10,False,6.330468486435818,8.996088084668687,,,,,,,
-106.61733505821475,ok,C11 OPT_OTM5_WR50_LIQ (added after),DRREDDY,Q3 FY23,7,2023-01-27,2023-02-23,True,3.9352403399133298,4.702261729513059,4550.0,38.65,0.0,expiry_intrinsic,fixed,0.8901017917184838,-100.0
-104.2687165775401,ok,C11 OPT_OTM5_WR50_LIQ (added after),JINDALSTEL,Q3 FY23,7,2023-02-01,2023-02-23,True,-6.055728478976871,-5.136825304076363,640.0,9.35,0.0,expiry_intrinsic,fixed,1.5296523517382412,-100.0
440.20163616195225,ok,C11 OPT_OTM5_WR50_LIQ (added after),PERSISTENT,Q3 FY23,7,2023-01-19,2023-02-17,False,15.146515737240133,16.03026742504403,4400.0,90.15,490.0,close,fixed,2.13957683133774,443.53854686633383
-106.32826086956521,ok,C11 OPT_OTM5_WR50_LIQ (added after),RECLTD,Q3 FY23,7,2023-01-31,2023-02-23,True,-6.289108236486747,-4.28104257064199,129.0,1.15,0.0,expiry_intrinsic,fixed,0.938392492860057,-100.0
-103.67053571428572,ok,C11 OPT_OTM5_WR50_LIQ (added after),TMPV,Q3 FY23,7,2023-01-27,2023-02-23,True,-4.175852711494661,-3.4088313218949327,470.0,8.4,0.0,expiry_intrinsic,fixed,1.8722835172183216,-100.0
207.63921232876652,ok,C11 OPT_OTM5_WR50_LIQ (added after),ABB,Q4 FY23,8,2023-05-04,2023-05-25,True,8.04047730772233,6.749922196470016,3850.0,29.2,91.94999999999982,expiry_intrinsic,fixed,0.7989711877855912,214.897260273972
556.9626911314984,ok,C11 OPT_OTM5_WR50_LIQ (added after),ASTRAL,Q4 FY23,8,2023-05-16,2023-06-13,False,18.83089671370324,16.46134923332152,1800.0,32.7,216.0,close,liq_fallback,1.9321673363271097,560.5504587155963
-92.21111111111111,ok,C11 OPT_OTM5_WR50_LIQ (added after),BHEL,Q4 FY23,8,2023-05-29,2023-06-26,False,0.7938608335860166,0.2762440710790694,88.0,1.8,0.2,close,fixed,2.1531100478468903,-88.88888888888889
526.363031914894,ok,C11 OPT_OTM5_WR50_LIQ (added after),CHOLAFIN,Q4 FY23,8,2023-05-04,2023-05-25,True,9.691095814088849,8.400540702836535,1000.0,9.4,59.450000000000045,expiry_intrinsic,fixed,0.9835207951870258,532.4468085106387
917.8945157526255,ok,C11 OPT_OTM5_WR50_LIQ (added after),DIXON,Q4 FY23,8,2023-05-24,2023-06-21,False,30.356697111982903,27.21152621060805,3700.0,85.7,874.95,close,fixed,2.4382610674860588,920.9451575262544
1.1510121457489815,ok,C11 OPT_OTM5_WR50_LIQ (added after),DLF,Q4 FY23,8,2023-05-15,2023-06-12,False,4.625445840398882,3.5040183055257814,490.0,12.35,12.85,close,fixed,2.6349477277576274,4.048582995951411
-68.5702407002188,ok,C11 OPT_OTM5_WR50_LIQ (added after),EICHERMOT,Q4 FY23,8,2023-05-12,2023-06-09,False,-1.412279079470565,-2.789651259346958,3800.0,68.55,24.05,close,fixed,1.8838628119160161,-64.9161196207148
-28.669,ok,C11 OPT_OTM5_WR50_LIQ (added after),MARICO,Q4 FY23,8,2023-05-08,2023-06-05,False,2.9296683415727367,1.1058861204212191,560.0,10.0,7.5,close,fixed,1.8733608092918699,-25.0
4.142173913043465,ok,C11 OPT_OTM5_WR50_LIQ (added after),MUTHOOTFIN,Q4 FY23,8,2023-05-22,2023-06-19,False,4.838021443686905,2.4098071423720904,1200.0,17.25,18.7,close,liq_fallback,1.5320396109951595,8.405797101449263
-74.54662983425413,ok,C11 OPT_OTM5_WR50_LIQ (added after),NAUKRI,Q4 FY23,8,2023-05-26,2023-06-23,False,2.430199302385131,1.5120596380185272,4450.0,90.5,26.05,close,fixed,2.1448547186803815,-71.21546961325966
-22.478873239436616,ok,C11 OPT_OTM5_WR50_LIQ (added after),POLYCAB,Q4 FY23,8,2023-05-12,2023-06-09,False,4.5084385222233605,3.131066342346968,3600.0,71.0,57.45,close,liq_fallback,2.088235294117647,-19.084507042253517
77.18277027027055,ok,C11 OPT_OTM5_WR50_LIQ (added after),TORNTPHARM,Q4 FY23,8,2023-05-31,2023-06-28,True,6.24954841719814,3.8679936865351663,1900.0,29.6,53.65000000000009,expiry_intrinsic,fixed,1.630135477475493,81.25000000000028
60.449445983379505,ok,C11 OPT_OTM5_WR50_LIQ (added after),TVSMOTOR,Q4 FY23,8,2023-05-05,2023-06-02,False,7.287093151829231,4.693071346527345,1300.0,18.05,29.75,close,liq_fallback,1.4834600369837683,64.81994459833795
-57.260000000000005,ok,C11 OPT_OTM5_WR50_LIQ (added after),ASHOKLEY,Q1 FY24,9,2023-07-21,2023-08-21,False,2.579522246577074,4.339213307605184,191.0,4.25,1.95,close,fixed,2.3338824821526636,-54.117647058823536
290.42430830039524,ok,C11 OPT_OTM5_WR50_LIQ (added after),BHARATFORG,Q1 FY24,9,2023-08-09,2023-08-31,True,14.703840624215774,14.202497141071715,1020.0,12.65,50.0,expiry_intrinsic,fixed,1.3045944412932502,295.25691699604744
-98.04387351778657,ok,C11 OPT_OTM5_WR50_LIQ (added after),COLPAL,Q1 FY24,9,2023-07-27,2023-08-25,False,-1.6435958083176736,0.3409922109499876,2100.0,25.3,1.75,close,fixed,1.2623490669593853,-93.08300395256917
-104.0062937062937,ok,C11 OPT_OTM5_WR50_LIQ (added after),LICHSGFIN,Q1 FY24,9,2023-08-04,2023-08-31,True,4.787214491894302,4.70675438019681,450.0,7.15,0.0,expiry_intrinsic,fixed,1.663177483135613,-100.0
-80.287375,ok,C11 OPT_OTM5_WR50_LIQ (added after),MPHASIS,Q1 FY24,9,2023-07-21,2023-08-21,False,-0.7685317110284383,0.991159349999672,2480.0,40.0,9.45,close,liq_fallback,1.716811880338212,-76.375
275.7709459459459,ok,C11 OPT_OTM5_WR50_LIQ (added after),NMDC,Q1 FY24,9,2023-08-14,2023-09-12,False,14.825807419012387,11.931287556190751,125.0,3.7,14.0,close,fixed,3.110550651534258,278.3783783783784
430.8803642714571,ok,C11 OPT_OTM5_WR50_LIQ (added after),POLYCAB,Q1 FY24,9,2023-07-18,2023-08-16,False,17.406884007299997,18.826179170407453,4300.0,100.2,535.0,close,fixed,2.4369185869763483,433.9321357285429
1001.904794520548,ok,C11 OPT_OTM5_WR50_LIQ (added after),RECLTD,Q1 FY24,9,2023-07-27,2023-08-25,False,26.981964109474955,28.966552128742617,197.5,3.65,40.35,close,fixed,1.9420058526203778,1005.4794520547946
-96.6191489361702,ok,C11 OPT_OTM5_WR50_LIQ (added after),UNITDSPR,Q1 FY24,9,2023-07-21,2023-08-21,False,-3.687626277246977,-1.9279352162188665,1100.0,23.5,1.55,close,liq_fallback,2.2574447646493754,-93.40425531914893
997.0579473684218,ok,C11 OPT_OTM5_WR50_LIQ (added after),ALKEM,Q2 FY24,10,2023-11-07,2023-11-30,True,17.172670520872792,9.26364250477525,4200.0,47.5,523.6000000000004,expiry_intrinsic,liq_fallback,1.1743037614803644,1002.315789473685
-41.13018741633199,ok,C11 OPT_OTM5_WR50_LIQ (added after),BAJAJ-AUTO,Q2 FY24,10,2023-10-19,2023-11-17,False,2.5458528545192074,1.9801120279078446,5800.0,37.35,25.1,close,liq_fallback,0.6819115432014241,-32.797858099062914
1637.4269841269836,ok,C11 OPT_OTM5_WR50_LIQ (added after),HINDPETRO,Q2 FY24,10,2023-11-07,2023-11-30,True,37.72701794316029,29.81798992706275,292.5,3.15,54.89999999999998,expiry_intrinsic,fixed,1.1286277319957003,1642.8571428571424
1311.0433333333333,ok,C11 OPT_OTM5_WR50_LIQ (added after),PFC,Q2 FY24,10,2023-11-09,2023-12-08,False,38.52455498499343,30.388671239962406,290.0,6.75,95.45,close,fixed,2.4621557541491885,1314.0740740740741
639.2704098360656,ok,C11 OPT_OTM5_WR50_LIQ (added after),TRENT,Q2 FY24,10,2023-11-07,2023-11-30,True,18.14066420057039,10.23163618447285,2560.0,30.5,227.0,expiry_intrinsic,fixed,1.2525410155848955,644.2622950819672
255.51925616197184,ok,C11 OPT_OTM5_WR50_LIQ (added after),BAJAJ-AUTO,Q3 FY24,11,2024-01-25,2024-02-23,False,10.879019301585972,6.830938412139243,7950.0,113.6,408.8,close,fixed,1.4970513623035615,259.85915492957747
-56.784165477888735,ok,C11 OPT_OTM5_WR50_LIQ (added after),CIPLA,Q3 FY24,11,2024-01-23,2024-02-21,False,2.54826357779692,-1.3149384863498246,1460.0,35.05,16.2,close,liq_fallback,2.495194703495408,-53.78031383737518
-67.9030505243087,ok,C11 OPT_OTM5_WR50_LIQ (added after),CUMMINSIND,Q3 FY24,11,2024-02-08,2024-02-29,True,7.529430456956002,4.0279784782931936,2720.0,52.45,18.65000000000009,expiry_intrinsic,fixed,2.031921899817921,-64.44232602478534
-104.81767371601208,ok,C11 OPT_OTM5_WR50_LIQ (added after),GODREJCP,Q3 FY24,11,2024-02-01,2024-02-29,True,0.08108020381570116,-1.254051297812374,1330.0,16.55,0.0,expiry_intrinsic,fixed,1.3096980967831282,-100.0
-89.92152466367713,ok,C11 OPT_OTM5_WR50_LIQ (added after),INDUSTOWER,Q3 FY24,11,2024-01-24,2024-02-22,False,-2.2574316530884007,-5.836216865135601,240.0,11.15,1.35,close,fixed,4.85838779956427,-87.89237668161435
7.597263157894748,ok,C11 OPT_OTM5_WR50_LIQ (added after),INFY,Q3 FY24,11,2024-01-12,2024-02-12,False,4.006092001703058,5.258098048870042,1700.0,23.75,26.6,close,fixed,1.4694054321598713,12.00000000000001
,entry_zero_volume,C11 OPT_OTM5_WR50_LIQ (added after),NATIONALUM,Q3 FY24,11,2024-02-14,2024-03-13,False,-12.83836310512004,-13.580202111898885,,,,,,,
-99.22070707070706,ok,C11 OPT_OTM5_WR50_LIQ (added after),NMDC,Q3 FY24,11,2024-02-15,2024-03-14,False,-18.392315725528672,-19.48895618740242,260.0,9.9,0.3,close,fixed,3.9967702866370614,-96.96969696969697
291.8034602076125,ok,C11 OPT_OTM5_WR50_LIQ (added after),OFSS,Q3 FY24,11,2024-01-18,2024-02-16,False,20.79097697029695,18.075779588848118,6800.0,289.0,1138.45,settle_fallback,fixed,4.448891625615763,293.92733564013844
-55.65630060203446,ok,C11 OPT_OTM5_WR50_LIQ (added after),PERSISTENT,Q3 FY24,11,2024-01-23,2024-02-21,False,3.046478956272617,-0.8167231078741275,8700.0,240.85,113.35,close,fixed,2.90902722419499,-52.93751297488063
-104.96914893617021,ok,C11 OPT_OTM5_WR50_LIQ (added after),TMPV,Q3 FY24,11,2024-02-05,2024-02-29,True,6.471124120682096,3.664479072293593,980.0,11.75,0.0,expiry_intrinsic,fixed,1.2597158938622353,-100.0
-98.4669191919192,ok,C11 OPT_OTM5_WR50_LIQ (added after),VOLTAS,Q3 FY24,11,2024-01-31,2024-02-28,False,1.4680626546992572,0.41035155678295204,1150.0,19.8,1.05,close,fixed,1.8050870635427112,-94.6969696969697
-23.88187022900763,ok,C11 OPT_OTM5_WR50_LIQ (added after),WIPRO,Q3 FY24,11,2024-01-15,2024-02-13,False,3.267128919517707,4.850028801630802,520.0,13.1,10.35,close,fixed,2.646197353802646,-20.992366412213737
-62.04938333333333,ok,C11 OPT_OTM5_WR50_LIQ (added after),ABB,Q4 FY24,12,2024-05-13,2024-06-10,False,0.8032051180804113,-4.442760259305189,8500.0,300.0,120.85,close,liq_fallback,3.7517351775196026,-59.71666666666666
47.17108013937282,ok,C11 OPT_OTM5_WR50_LIQ (added after),BEL,Q4 FY24,12,2024-05-21,2024-06-19,False,12.651452313446514,8.250663953528983,290.0,14.35,21.4,close,liq_fallback,5.220080029101492,49.12891986062717
122.16848484848457,ok,C11 OPT_OTM5_WR50_LIQ (added after),BHARATFORG,Q4 FY24,12,2024-05-08,2024-05-30,True,6.679752961498967,5.23457641178482,1480.0,33.0,74.34999999999991,expiry_intrinsic,fixed,2.3424190800681433,125.30303030303003
-103.75086206896552,ok,C11 OPT_OTM5_WR50_LIQ (added after),COALINDIA,Q4 FY24,12,2024-05-03,2024-05-30,True,3.327682423720616,3.0636427099834065,500.0,8.7,0.0,expiry_intrinsic,fixed,1.8176120338451895,-100.0
-53.73932346723045,ok,C11 OPT_OTM5_WR50_LIQ (added after),CONCOR,Q4 FY24,12,2024-05-17,2024-06-14,False,4.687247893057037,0.21832262342858083,1150.0,47.3,22.9,close,fixed,4.333883085944658,-51.58562367864694
0.8752767527675269,ok,C11 OPT_OTM5_WR50_LIQ (added after),CROMPTON,Q4 FY24,12,2024-05-17,2024-06-14,False,8.671549393298376,4.202624123669919,420.0,13.55,14.0,close,liq_fallback,3.4583971413986725,3.3210332103321027
-21.4092725409836,ok,C11 OPT_OTM5_WR50_LIQ (added after),GLENMARK,Q4 FY24,12,2024-05-27,2024-06-25,False,8.218046879297995,4.758161476735246,1180.0,48.8,39.4,close,fixed,4.359283576756443,-19.262295081967206
-103.30279720279721,ok,C11 OPT_OTM5_WR50_LIQ (added after),GODREJCP,Q4 FY24,12,2024-05-07,2024-05-30,True,1.8037612434746588,3.6579905899604817,1380.0,28.6,0.0,expiry_intrinsic,fixed,2.171272395991497,-100.0
43.56584910358566,ok,C11 OPT_OTM5_WR50_LIQ (added after),HAL,Q4 FY24,12,2024-05-16,2024-06-13,False,10.60388339413865,6.142459263911016,4900.0,200.8,292.6,close,liq_fallback,4.342983205545522,45.71713147410359
478.68366666666685,ok,C11 OPT_OTM5_WR50_LIQ (added after),MOTHERSON,Q4 FY24,12,2024-05-29,2024-06-27,True,34.257896450183644,28.33691559599927,155.0,7.5,43.55000000000001,expiry_intrinsic,fixed,5.0864699898270604,480.66666666666686
70.45643555227736,ok,C11 OPT_OTM5_WR50_LIQ (added after),POLYCAB,Q4 FY24,12,2024-05-10,2024-06-07,False,11.052221668165243,5.432861879997365,6500.0,271.15,468.0,close,fixed,4.3792142770622196,72.59819288216856
175.4384083044983,ok,C11 OPT_OTM5_WR50_LIQ (added after),RECLTD,Q4 FY24,12,2024-04-30,2024-05-29,False,11.97629474640978,11.514575380875394,530.0,14.45,40.2,close,fixed,2.8372275672491654,178.20069204152253
56.4728639240512,ok,C11 OPT_OTM5_WR50_LIQ (added after),TVSMOTOR,Q4 FY24,12,2024-05-09,2024-05-30,True,16.044371746508105,12.089952982987652,2180.0,31.6,50.80000000000018,expiry_intrinsic,fixed,1.5213152637026695,60.75949367088664
-99.42377384196186,ok,C11 OPT_OTM5_WR50_LIQ (added after),ZYDUSLIFE,Q4 FY24,12,2024-05-18,2024-06-18,False,-2.4345843572070556,-7.147056137493256,1200.0,36.7,1.15,close,fixed,3.210708192992433,-96.86648501362399
77.92296437659034,ok,C11 OPT_OTM5_WR50_LIQ (added after),COLPAL,Q1 FY25,13,2024-07-30,2024-08-28,False,6.604009174057061,5.799330226625111,3520.0,39.3,72.0,close,liq_fallback,1.1673671859915935,83.20610687022902
29.81190476190476,ok,C11 OPT_OTM5_WR50_LIQ (added after),ICICIPRULI,Q1 FY25,13,2024-07-24,2024-08-22,False,5.411569789266583,3.76132422840887,720.0,15.75,20.95,close,liq_fallback,2.268635217861001,33.01587301587301
-29.857885304659494,ok,C11 OPT_OTM5_WR50_LIQ (added after),JUBLFOOD,Q1 FY25,13,2024-08-12,2024-09-10,False,2.0561352951452596,-0.8147292877602283,680.0,13.95,10.25,close,liq_fallback,2.141705688186075,-26.523297491039422
-105.87065217391304,ok,C11 OPT_OTM5_WR50_LIQ (added after),MARICO,Q1 FY25,13,2024-08-05,2024-08-29,True,-4.945737496424859,-10.054989063627515,705.0,6.9,0.0,expiry_intrinsic,fixed,1.0265565721937069,-100.0
-93.33785425101215,ok,C11 OPT_OTM5_WR50_LIQ (added after),MPHASIS,Q1 FY25,13,2024-07-26,2024-08-26,False,-0.5016914985565745,-1.2293663989485601,3200.0,49.4,5.3,close,fixed,1.6304706581292494,-89.27125506072875
85.53384615384617,ok,C11 OPT_OTM5_WR50_LIQ (added after),PETRONET,Q1 FY25,13,2024-07-24,2024-08-22,False,8.557898824581626,6.907653263723913,370.0,6.5,12.3,close,fixed,1.8539646320593268,89.23076923076924
-81.1628761061947,ok,C11 OPT_OTM5_WR50_LIQ (added after),TCS,Q1 FY25,13,2024-07-12,2024-08-12,False,0.10965217354581905,0.7228619122830362,4400.0,56.5,13.3,close,fixed,1.3503662719135765,-76.46017699115045
191.38171214330345,ok,C11 OPT_OTM5_WR50_LIQ (added after),TRENT,Q1 FY25,13,2024-08-09,2024-09-09,False,13.555121640399806,11.20045456335046,6500.0,240.05,705.0,close,liq_fallback,3.8252541670650477,193.68881483024367
-40.1,ok,C11 OPT_OTM5_WR50_LIQ (added after),UNITDSPR,Q1 FY25,13,2024-07-24,2024-08-22,False,4.816084266928681,3.1658387060709683,1460.0,20.95,13.45,close,fixed,1.5149323884590353,-35.79952267303103
