min_trades,list,rank,level,rule,conds,sign,is_avg_pct,is_obj_pct,is_trades,oos_avg_pct,oos_trades,oos_quarters
10,all,1,3,LONG: roe >= 0.1161 AND iv_t5 >= 0.3096 AND vol5_60 >= 1.474,"[945, 1075, 2031]",1,11.712543,4.392204,12,1.1241733371694522,36,8
10,all,2,3,LONG: roe >= 0.1161 AND iv_t5 >= 0.3303 AND vol5_60 >= 1.474,"[945, 1077, 2031]",1,13.107928,4.36931,10,1.8287077334035984,26,8
10,all,3,3,LONG: intra0 >= 0.02754 AND sec_d0 >= 0.00848 AND own_rd >= 0.004413,"[1676, 1878, 2207]",1,11.686427,4.1467967,11,0.35756437419093806,5,4
10,all,4,3,LONG: roe >= 0.1161 AND iv_t5 >= 0.3096 AND vol20_60 >= 1.128,"[945, 1075, 2053]",1,6.737771,4.0955076,31,0.539243653517846,125,8
10,all,5,3,LONG: pb >= 4.889 AND gap0 >= 0.00758 AND own_rd >= 0.004413,"[923, 1646, 2207]",1,10.92093,4.095349,12,-0.11943731826927663,24,7
10,all,6,3,LONG: roe >= 0.1161 AND iv_t5 >= 0.3096 AND vol20_60 >= 1.182,"[945, 1075, 2055]",1,8.189403,4.0947013,20,0.5939124671527126,91,8
10,all,7,3,LONG: intra0 >= 0.02754 AND sec_d0 >= 0.01026 AND own_rd >= 0.004413,"[1676, 1880, 2207]",1,12.134697,4.044899,10,0.35756437419093806,5,4
10,all,8,3,LONG: pb >= 1.913 AND iv_t5 >= 0.3303 AND vol20_60 >= 1.182,"[917, 1077, 2055]",1,9.411441,4.0334744,15,0.9688350137008871,94,8
10,all,9,3,LONG: vs_sector_3m >= 0.03546 AND debt_equity <= 0.3731 AND vol20_60 >= 1.128,"[585, 976, 2053]",1,6.471878,4.0296597,33,-0.11897885342693193,51,8
10,all,10,3,LONG: roe >= 0.0289 AND vol5_60 >= 1.474 AND own_rd >= 0.004413,"[937, 2031, 2207]",1,11.298873,4.009278,11,1.782598717377068,17,5
10,all,11,3,LONG: roe >= 0.1363 AND iv_t5 >= 0.3096 AND vol5_60 >= 1.474,"[947, 1075, 2031]",1,12.00871,4.0029035,10,1.2857115658823108,31,8
10,all,12,3,LONG: pb >= 4.889 AND gap0 >= 0.00758 AND own_rd >= 0.002313,"[923, 1646, 2205]",1,7.992772,3.996386,20,-0.012446349117369283,27,7
10,all,13,3,LONG: debt_equity <= 0.3731 AND iv_t5 >= 0.3303 AND vol20_60 >= 1.128,"[976, 1077, 2053]",1,8.411613,3.9844487,18,1.320615150225667,78,8
10,all,14,3,LONG: roe >= 0.06318 AND iv_t5 >= 0.3096 AND vol5_60 >= 1.474,"[939, 1075, 2031]",1,9.245855,3.9625094,15,1.2116063404472384,48,8
10,all,15,3,LONG: roe >= 0.0905 AND iv_t5 >= 0.3096 AND vol5_60 >= 1.474,"[943, 1075, 2031]",1,9.584751,3.9466624,14,1.104428908385619,42,8
10,all,16,3,LONG: roe >= 0.07781 AND iv_t5 >= 0.3096 AND vol5_60 >= 1.474,"[941, 1075, 2031]",1,9.584751,3.9466624,14,1.2499091171642822,45,8
10,all,17,3,LONG: debt_equity <= 0.3731 AND iv_t5 >= 0.3096 AND vol20_60 >= 1.128,"[976, 1075, 2053]",1,7.1006575,3.9448097,25,0.7938275153580979,98,8
10,all,18,3,LONG: vs_sector_3m >= 0.06695 AND debt_equity <= 0.3731 AND vol20_60 >= 1.128,"[587, 976, 2053]",1,7.093684,3.9409359,25,0.017305399290548137,33,8
10,all,19,3,LONG: roe >= 0.1161 AND vol5_60 >= 1.474 AND maxabs5 >= 0.04811,"[945, 2031, 2081]",1,9.550192,3.9324317,14,0.9577386428439721,34,8
10,all,20,3,LONG: roe >= 0.06318 AND iv_t5 >= 0.3303 AND vol5_60 >= 1.474,"[939, 1077, 2031]",1,9.939738,3.9156544,13,1.9949461685532157,34,8
10,all,21,3,LONG: exn_d0 >= 0.02795 AND sec_d0 >= 0.00848 AND own_rd >= 0.004413,"[1806, 1878, 2207]",1,11.739445,3.9131482,10,-0.09054660917748786,5,4
10,all,22,3,LONG: roe >= 0.0905 AND iv_t5 >= 0.3303 AND vol5_60 >= 1.474,"[943, 1077, 2031]",1,10.3929405,3.897353,12,1.9286593737659536,29,8
10,all,23,3,LONG: roe >= 0.07781 AND iv_t5 >= 0.3303 AND vol5_60 >= 1.474,"[941, 1077, 2031]",1,10.3929405,3.897353,12,2.1263540536043406,31,8
10,all,24,3,LONG: roe >= 0.1161 AND iv_t5 >= 0.3303 AND vol20_60 >= 1.128,"[945, 1077, 2053]",1,7.0132627,3.896257,25,0.7822101583354505,103,8
10,all,25,3,LONG: roe >= 0.1363 AND iv_t5 >= 0.3096 AND vol20_60 >= 1.182,"[947, 1075, 2055]",1,8.474541,3.893708,17,0.9086532263260138,79,8
10,all,26,3,LONG: pb >= 1.528 AND iv_t5 >= 0.3303 AND vol20_60 >= 1.182,"[915, 1077, 2055]",1,8.760001,3.8933337,16,0.8103542246583285,99,8
10,all,27,3,LONG: roe >= 0.0289 AND iv_t5 >= 0.3096 AND vol5_60 >= 1.474,"[937, 1075, 2031]",1,8.461663,3.8877912,17,0.9335928636751905,51,8
10,all,28,3,LONG: pb >= 1.913 AND iv_t5 >= 0.3096 AND vol20_60 >= 1.182,"[917, 1075, 2055]",1,7.557424,3.870876,21,0.6468007097940353,110,8
10,all,29,3,LONG: roe >= 0.06318 AND vol5_60 >= 1.474 AND own_rd >= 0.004413,"[939, 2031, 2207]",1,11.567264,3.8557544,10,1.782598717377068,17,5
10,all,30,3,LONG: roe >= 0.07781 AND vol5_60 >= 1.474 AND own_rd >= 0.004413,"[941, 2031, 2207]",1,11.567264,3.8557544,10,1.782598717377068,17,5
10,all,31,3,LONG: roe >= 0.0905 AND vol5_60 >= 1.474 AND own_rd >= 0.004413,"[943, 2031, 2207]",1,11.567264,3.8557544,10,2.0659131256148964,15,5
10,all,32,3,LONG: roe >= 0.1161 AND vol5_60 >= 1.474 AND own_rd >= 0.004413,"[945, 2031, 2207]",1,11.567264,3.8557544,10,2.166438699688932,12,3
10,all,33,3,LONG: roe >= 0.1363 AND iv_t5 >= 0.3096 AND vol20_60 >= 1.128,"[947, 1075, 2053]",1,6.704405,3.8514667,27,0.7382216677897441,104,8
10,all,34,3,LONG: volume_5d_vs_60d >= 1.034 AND prev_net_margin >= 0.1674 AND d0 >= 0.03278,"[327, 875, 1468]",1,10.240134,3.8400505,12,-0.09077205452136138,16,7
10,all,35,3,LONG: volume_5d_vs_60d >= 0.9389 AND prev_net_margin >= 0.1674 AND d0 >= 0.03278,"[325, 875, 1468]",1,10.240134,3.8400505,12,0.24986784040482063,17,8
10,all,36,3,LONG: roe >= 0.0289 AND iv_t5 >= 0.3303 AND vol5_60 >= 1.474,"[937, 1077, 2031]",1,8.95847,3.8393443,15,1.5279966196643575,36,8
10,all,37,3,LONG: roe >= 0.1161 AND iv_t5 >= 0.2852 AND vol5_60 >= 1.474,"[945, 1073, 2031]",1,8.927753,3.82618,15,1.1025221787590618,40,8
10,all,38,3,LONG: roe >= 0.1161 AND vol20_60 >= 1.128 AND maxabs5 >= 0.04811,"[945, 2053, 2081]",1,8.324509,3.8247743,17,1.1991357065370722,46,7
10,all,39,3,LONG: pb >= 1.913 AND iv_t5 >= 0.3303 AND vol20_60 >= 1.128,"[917, 1077, 2053]",1,6.746495,3.8132362,26,0.9214591149728861,129,8
10,all,40,3,LONG: roe >= 0.1616 AND iv_t5 >= 0.3096 AND vol20_60 >= 1.182,"[949, 1075, 2055]",1,9.675022,3.8113725,13,0.5274851680055377,59,8
10,all,41,3,LONG: pb >= 4.889 AND iv_t5 >= 0.3096 AND vol20_60 >= 1.128,"[923, 1075, 2053]",1,7.439333,3.81039,21,1.1531034354956053,90,8
10,all,42,3,LONG: vs_sector_3m >= 0.03546 AND debt_equity <= 0.3731 AND vol20_60 >= 1.182,"[585, 976, 2055]",1,6.984969,3.809983,24,-0.561394241468612,30,7
10,all,43,3,LONG: roe >= 0.1161 AND iv_t5 >= 0.3303 AND vol20_60 >= 1.182,"[945, 1077, 2055]",1,8.567931,3.8079693,16,0.7660654071052599,77,8
10,all,44,3,LONG: pb >= 4.889 AND iv_t5 >= 0.3303 AND vol20_60 >= 1.128,"[923, 1077, 2053]",1,8.559797,3.8043544,16,1.6362788790838447,74,8
10,all,45,3,LONG: debt_equity <= 1.552 AND iv_t5 >= 0.3303 AND vol20_60 >= 1.128,"[982, 1077, 2053]",1,6.724783,3.8009644,26,0.9512338741532547,121,8
10,all,46,3,LONG: debt_equity <= 1.268 AND iv_t5 >= 0.3303 AND vol20_60 >= 1.128,"[980, 1077, 2053]",1,6.724783,3.8009644,26,0.8971791429291734,117,8
10,all,47,3,LONG: roe >= 0.1161 AND iv_t5 >= 0.2852 AND vol20_60 >= 1.182,"[945, 1073, 2055]",1,6.7043395,3.7894092,26,0.26370131424632576,99,8
10,all,48,3,LONG: prev1_next20 >= 0.03534 AND intra0 >= 0.02754 AND own_rd >= 0.004413,"[791, 1676, 2207]",1,10.091749,3.7844062,12,2.7617247746811775,4,4
10,all,49,3,LONG: debt_equity <= 1.268 AND iv_t5 >= 0.3303 AND vol20_60 >= 1.182,"[980, 1077, 2055]",1,7.9820514,3.7809718,18,0.7493843260727652,86,8
10,all,50,3,LONG: prev1_next20 >= 0.0163 AND roe >= 0.1161 AND maxabs5 >= 0.05845,"[789, 945, 2083]",1,8.223181,3.778218,17,0.5419181592062646,13,5
10,all,51,3,LONG: prev1_next20 >= 0.03534 AND roe >= 0.1161 AND maxabs5 >= 0.05845,"[791, 945, 2083]",1,8.223181,3.778218,17,0.3972473019380908,12,5
10,all,52,3,LONG: pe >= 14.37 AND intra0 >= 0.02754 AND own_rd >= 0.004413,"[891, 1676, 2207]",1,11.325817,3.7752726,10,3.2179564572475834,6,6
10,all,53,3,LONG: roe >= 0.06318 AND vol5_60 >= 1.474 AND maxabs5 >= 0.04811,"[939, 2031, 2081]",1,8.199588,3.7673783,17,1.0960330347945118,47,8
10,all,54,3,LONG: roe >= 0.1161 AND vol20_60 >= 1.022 AND maxabs5 >= 0.04811,"[945, 2049, 2081]",1,7.1843014,3.7632055,22,1.7444317182709335,62,7
10,all,55,3,LONG: prev1_next20 >= 0.03534 AND d0 >= 0.03278 AND own_rd >= 0.004413,"[791, 1468, 2207]",1,11.287526,3.7625086,10,2.9266008937842565,3,2
10,all,56,3,LONG: roe <= 0.3066 AND days_after_quarter_end <= 40 AND maxabs5 >= 0.05845,"[960, 1134, 2083]",1,7.340626,3.7598326,21,-0.16799645269665744,39,8
10,all,57,3,LONG: pb >= 6.201 AND gap0 >= 0.00758 AND own_rd >= 0.002313,"[925, 1646, 2205]",1,8.761159,3.7547827,15,0.05349253920055319,24,7
10,all,58,3,LONG: pb >= 1.528 AND iv_t5 >= 0.3096 AND vol20_60 >= 1.182,"[915, 1075, 2055]",1,7.1679244,3.754627,22,0.5506011334302616,117,8
10,all,59,3,LONG: debt_equity <= 0.3731 AND pe_vs_peers <= 2.47 AND vol20_60 >= 1.128,"[976, 1012, 2053]",1,5.4176326,3.7506688,45,0.86537535356819,107,8
10,all,60,3,LONG: gap0 >= 0.009057 AND intra0 >= 0.02754 AND up10 <= 0.6,"[1648, 1676, 2144]",1,11.2467785,3.7489257,10,1.64651521530139,2,2
10,all,61,3,LONG: roe >= 0.0905 AND vol5_60 >= 1.474 AND maxabs5 >= 0.04811,"[943, 2031, 2081]",1,8.430731,3.7469916,16,1.0262649444093108,42,8
10,all,62,3,LONG: roe >= 0.07781 AND vol5_60 >= 1.474 AND maxabs5 >= 0.04811,"[941, 2031, 2081]",1,8.430731,3.7469916,16,1.176956084119728,45,8
10,all,63,3,LONG: roe >= 0.1616 AND iv_t5 >= 0.3096 AND vol20_60 >= 1.128,"[949, 1075, 2053]",1,7.493832,3.746916,20,0.36259042130014724,76,8
10,all,64,3,LONG: pe >= 14.37 AND exn_d0 >= 0.02795 AND own_rd >= 0.004413,"[891, 1806, 2207]",1,9.98565,3.744619,12,3.9392592764582375,8,6
10,all,65,3,LONG: roe >= 0.1161 AND iv_t5 >= 0.2852 AND vol20_60 >= 1.128,"[945, 1073, 2053]",1,5.6054907,3.736994,40,0.39006386019219147,140,8
10,all,66,3,LONG: roe >= 0.1161 AND d2 <= 0.008204 AND maxabs5 >= 0.04811,"[945, 1513, 2081]",1,6.9845176,3.7359047,23,0.8739139298062073,52,8
10,all,67,3,LONG: log_mcap <= 11.75 AND peers_reported_3d >= 0.06516 AND gap5 >= 0.01368,"[1030, 1167, 1692]",1,9.945421,3.729533,12,-0.9099063809550038,13,6
10,all,68,3,SHORT: vs_ma50 >= 0.145 AND log_mcap <= 11 AND days_after_quarter_end >= 32,"[257, 1024, 1129]",-1,7.4535027,3.7267513,20,-0.5916548458051955,5,3
10,all,69,3,LONG: r6m >= 0.3856 AND pe_vs_peers >= -0.6546 AND sector_index == Nifty 500,"[98, 987, 2328]",1,8.682054,3.7208803,15,-5.98695043985505,3,2
10,all,70,3,LONG: roe >= 0.1161 AND vol20_60 >= 0.9641 AND maxabs5 >= 0.05845,"[945, 2047, 2083]",1,8.675085,3.7178934,15,0.8592046276701236,28,8
10,all,71,3,LONG: roe >= 0.0905 AND intra0 >= 0.02754 AND own_rd >= 0.002313,"[943, 1676, 2205]",1,11.144173,3.7147243,10,1.811646465961175,17,8
10,all,72,3,LONG: roe >= 0.06318 AND intra0 >= 0.02754 AND own_rd >= 0.002313,"[939, 1676, 2205]",1,11.144173,3.7147243,10,1.8597290691381119,18,8
10,all,73,3,LONG: roe >= 0.1161 AND intra0 >= 0.02754 AND own_rd >= 0.002313,"[945, 1676, 2205]",1,11.144173,3.7147243,10,2.2853441255022515,15,6
10,all,74,3,LONG: roe >= 0.07781 AND intra0 >= 0.02754 AND own_rd >= 0.002313,"[941, 1676, 2205]",1,11.144173,3.7147243,10,1.8597290691381119,18,8
10,all,75,3,LONG: roe >= 0.1161 AND vol5_60 >= 1.474 AND own_rd >= 0.002313,"[945, 2031, 2205]",1,9.901941,3.7132282,12,2.184613858693848,19,6
10,all,76,3,LONG: r3m >= 0.1813 AND debt_equity <= 0.181 AND vol20_60 >= 1.182,"[70, 974, 2055]",1,8.347612,3.71005,16,-2.7285378346001243,5,4
10,all,77,3,LONG: pb >= 6.201 AND d2 <= 0.008204 AND maxabs5 >= 0.04811,"[925, 1513, 2081]",1,10.438465,3.7039716,11,0.2682666430680703,34,8
10,all,78,3,LONG: debt_equity <= 0.7725 AND iv_t5 >= 0.3303 AND vol20_60 >= 1.128,"[978, 1077, 2053]",1,6.923482,3.7032578,23,1.2796379482505844,103,8
10,all,79,3,LONG: roe >= 0.0289 AND vol5_60 >= 1.474 AND own_rd >= 0.002313,"[937, 2031, 2205]",1,8.988577,3.7011788,14,1.8546366516005668,25,7
10,all,80,3,LONG: roe >= 0.1161 AND roe <= 0.3066 AND maxabs5 >= 0.05845,"[945, 960, 2083]",1,7.5947456,3.700004,19,-0.20889060474370413,26,7
10,all,81,3,LONG: pb >= 1.913 AND iv_t5 >= 0.3096 AND vol20_60 >= 1.128,"[917, 1075, 2053]",1,5.875922,3.6996548,34,0.6291535491603076,156,8
10,all,82,3,LONG: pb >= 6.201 AND maxabs5 >= 0.04188 AND own_rd >= 0.002313,"[925, 2079, 2205]",1,10.425288,3.6992955,11,-1.2265319295033938,38,8
10,all,83,3,LONG: roe >= 0.1161 AND vol20_60 >= 1.128 AND maxabs5 >= 0.04188,"[945, 2053, 2079]",1,6.6552186,3.6973436,25,1.1443184913015871,69,8
10,all,84,3,SHORT: vs_ma50 >= 0.145 AND log_mcap <= 11 AND days_after_quarter_end >= 35,"[257, 1024, 1131]",-1,8.045683,3.6966653,17,-0.5916548458051955,5,3
10,all,85,3,LONG: days_since_dividend >= 247 AND peers_reported_3d >= 0.06516 AND d1 >= -0.007386,"[1055, 1167, 1478]",1,10.410034,3.6938827,11,-1.6844346412961,13,4
10,all,86,3,LONG: days_since_dividend >= 247 AND peers_reported_3d >= 0.06516 AND fin_type == Company,"[1055, 1167, 2320]",1,10.410034,3.6938827,11,-0.8760275828457247,16,4
10,all,87,3,LONG: vs_sector_3m >= 0.03546 AND debt_equity <= 0.3731 AND vol20_60 >= 1.088,"[585, 976, 2051]",1,5.407606,3.6909058,43,-0.25648740449093743,65,8
10,all,88,3,LONG: vs_sector_1w <= -0.0295 AND past_pct_up >= 0.5385 AND maxabs5 >= 0.03824,"[368, 767, 2077]",1,6.1444817,3.686689,30,0.2741464352717805,28,8
10,all,89,3,LONG: r3m >= 0.1813 AND debt_equity <= 0.181 AND vol20_60 >= 1.128,"[70, 974, 2053]",1,6.8853683,3.6828716,23,-4.380186105123945,6,5
10,all,90,3,LONG: debt_equity <= 0.3731 AND iv_t5 >= 0.3096 AND vol20_60 >= 1.182,"[976, 1075, 2055]",1,7.7743316,3.682578,18,0.5085799317959447,69,8
10,all,91,3,LONG: days_since_dividend >= 105 AND peers_reported_3d >= 0.04528 AND gap5 >= 0.02182,"[1049, 1165, 1696]",1,9.815606,3.680852,12,-1.7928993186688216,11,5
10,all,92,3,LONG: r6m >= 0.3235 AND pe_vs_peers >= -0.6546 AND sector_index == Nifty 500,"[96, 987, 2328]",1,7.3555255,3.6777627,20,-3.8439555755807095,4,3
10,all,93,3,LONG: roe >= 0.1161 AND iv_vs_realised >= 0.9029 AND maxabs5 >= 0.05845,"[945, 1093, 2083]",1,9.806027,3.6772602,12,0.36177101038412424,24,8
10,all,94,3,LONG: debt_equity <= 0.3731 AND vol20_60 >= 1.182 AND z20 <= 1.9,"[976, 2055, 2136]",1,5.380743,3.6725707,43,0.21725692829173668,102,8
10,all,95,3,LONG: vs_sector_3m >= -0.08323 AND days_since_dividend >= 247 AND peers_reported_3d >= 0.06516,"[577, 1055, 1167]",1,11.004391,3.6681302,10,1.7892834334924308,17,4
10,all,96,3,LONG: prev1_next20 >= 0.0163 AND intra0 >= 0.02754 AND own_rd >= 0.004413,"[789, 1676, 2207]",1,8.906939,3.6675627,14,3.3709593449758644,5,5
10,all,97,3,LONG: exn_d0 >= 0.01153 AND vol20_60 >= 1.182 AND own_rd >= 0.004413,"[1800, 2055, 2207]",1,9.777867,3.6667001,12,1.6077515283873218,11,4
10,all,98,3,LONG: pb >= 4.889 AND vol20_60 >= 1.128 AND maxabs5 >= 0.04811,"[923, 2053, 2081]",1,10.331715,3.6660922,11,0.8012507841557869,30,6
10,all,99,3,SHORT: vs_ma50 >= 0.145 AND gap0 >= 0.0007085 AND n_prior <= 7,"[257, 1636, 2307]",-1,6.484943,3.6654024,26,,0,0
10,all,100,3,LONG: vs_sector_3m >= 0.03546 AND pb >= 4.889 AND vol20_60 >= 1.128,"[585, 923, 2053]",1,6.281895,3.6644387,28,1.0826827364257718,51,7
10,upto2,1,2,LONG: days_since_dividend >= 247 AND peers_reported_3d >= 0.06516,"[1055, 1167]",1,7.9291306,3.2649364,14,-0.06949506814996731,20,4
10,upto2,2,2,LONG: roe >= 0.1161 AND maxabs5 >= 0.05845,"[945, 2083]",1,5.9712605,3.2570515,24,0.30938008655216037,33,8
10,upto2,3,2,LONG: pb >= 6.201 AND maxabs5 >= 0.04811,"[925, 2081]",1,6.34899,3.174495,20,-1.111515376488355,58,8
10,upto2,4,2,SHORT: nifty_1w >= 0.02482 AND intra0 <= -0.01753,"[437, 1657]",-1,5.9943395,3.139892,22,1.6574482042676024,9,3
10,upto2,5,2,LONG: peers_reported_3d >= 0.06516 AND gap5 >= 0.01721,"[1167, 1694]",1,8.218947,3.0821052,12,-1.3016606427535644,18,6
10,upto2,6,2,LONG: peers_reported_3d >= 0.06516 AND gap5 >= 0.02182,"[1167, 1696]",1,8.218947,3.0821052,12,-1.396369753563944,15,6
10,upto2,7,2,SHORT: nifty_1w >= 0.02482 AND intra0 <= -0.01431,"[437, 1659]",-1,5.0863843,3.0518305,30,1.4390615039329788,12,3
10,upto2,8,2,LONG: roe >= 0.1616 AND maxabs5 >= 0.05845,"[949, 2083]",1,6.43245,3.0469499,18,1.0880080829194314,21,7
10,upto2,9,2,LONG: roe >= 0.07781 AND maxabs5 >= 0.05845,"[941, 2083]",1,5.3902154,3.0466435,26,1.0972392391307508,44,8
10,upto2,10,2,LONG: roe >= 0.0905 AND maxabs5 >= 0.05845,"[943, 2083]",1,5.3902154,3.0466435,26,0.9117303023626464,42,8
10,upto2,11,2,LONG: pb >= 4.889 AND maxabs5 >= 0.04811,"[923, 2081]",1,5.681293,3.038831,23,-0.9369808640988028,70,8
10,upto2,12,2,LONG: roe >= 0.06318 AND maxabs5 >= 0.05845,"[939, 2083]",1,5.26976,3.027309,27,0.90639654893859,46,8
10,upto2,13,2,SHORT: nifty_1w >= 0.0227 AND intra0 <= -0.01753,"[435, 1657]",-1,5.2492785,3.015543,27,1.509990076679964,10,4
10,upto2,14,2,LONG: intra0 >= 0.02754 AND own_rd >= 0.004413,"[1676, 2207]",1,6.1409197,2.9917302,19,2.1114420964090153,11,7
10,upto2,15,2,LONG: nifty_d0 >= 0.00837 AND exn_d0 >= 0.02795,"[1750, 1806]",1,7.250991,2.9857023,14,0.07429473069213002,5,3
10,upto2,16,2,LONG: peers_reported_3d >= 0.06516 AND gap5 >= 0.01368,"[1167, 1692]",1,6.270227,2.9701076,18,-0.9791490392351279,21,7
10,upto2,17,2,LONG: roe >= 0.1858 AND maxabs5 >= 0.05845,"[951, 2083]",1,6.6648865,2.9621716,16,0.9129688578255243,17,6
10,upto2,18,2,LONG: prev_sales_yoy >= 0.404 AND pb >= 12.56,"[849, 931]",1,8.7687435,2.9229143,10,-0.3240710037499989,28,8
10,upto2,19,2,LONG: roe >= 0.06318 AND intra0 >= 0.02754,"[939, 1676]",1,5.165935,2.9198763,26,0.4729052628777287,55,8
10,upto2,20,2,LONG: roe >= 0.1161 AND intra0 >= 0.02754,"[945, 1676]",1,5.697481,2.9182217,21,0.7751735555102957,39,8
10,upto2,21,2,LONG: exn_d0 >= 0.02795 AND own_rd >= 0.004413,"[1806, 2207]",1,6.1465874,2.9115415,18,3.2086786144673414,14,7
10,upto2,22,2,SHORT: r20d >= 0.1613 AND intra0 <= -0.01753,"[1624, 1657]",-1,7.6867476,2.8825305,12,-1.4226585883793985,7,2
10,upto2,23,2,LONG: roe >= 0.0905 AND intra0 >= 0.02754,"[943, 1676]",1,5.381725,2.8785973,23,0.42906340949348887,48,8
10,upto2,24,2,LONG: roe >= 0.07781 AND intra0 >= 0.02754,"[941, 1676]",1,5.381725,2.8785973,23,0.5307078499358313,52,8
10,upto2,25,2,LONG: debt_equity <= 0.3731 AND vol20_60 >= 1.182,"[976, 2055]",1,4.0251875,2.875134,50,0.0946134866478727,104,8
10,upto2,26,2,LONG: vs_sector_1w <= -0.05064 AND past_pct_up >= 0.5385,"[364, 767]",1,4.7087984,2.8622108,31,0.3041575624188779,27,8
10,upto2,27,2,SHORT: vs_ma50 >= 0.145 AND pe <= 20.76,"[257, 894]",-1,5.1497936,2.8609965,25,3.3836894836889413,8,3
10,upto2,28,2,LONG: debt_equity <= 0.181 AND vol20_60 >= 1.182,"[974, 2055]",1,4.0779405,2.842201,46,0.16335900461362574,93,8
10,upto2,29,2,LONG: debt_equity <= 0.3731 AND vol20_60 >= 1.128,"[976, 2053]",1,3.6300447,2.8409045,72,0.4948675592453452,156,8
10,upto2,30,2,LONG: intra0 >= 0.02754 AND nifty_d0 >= 0.00837,"[1676, 1750]",1,4.869251,2.8403962,28,1.5427673331427558,9,5
10,upto2,31,2,LONG: pb >= 6.201 AND maxabs5 >= 0.05845,"[925, 2083]",1,7.9582224,2.8238854,11,-1.689652841029406,24,7
10,upto2,32,2,LONG: sector_3m <= -0.06247 AND sec_rank_1m >= 0.8421,"[548, 1308]",1,6.1043715,2.8047113,17,-3.7721850780384063,23,4
10,upto2,33,2,LONG: roe >= 0.1363 AND maxabs5 >= 0.05845,"[947, 2083]",1,5.472217,2.802843,21,0.3054931749443121,28,8
10,upto2,34,2,SHORT: vs_ma50 >= 0.145 AND intra0 <= -0.01753,"[257, 1657]",-1,6.099758,2.8025918,17,-0.0933499067890628,4,2
10,upto2,35,2,SHORT: nifty_1w >= 0.018 AND intra0 <= -0.01753,"[433, 1657]",-1,4.3142023,2.800447,37,-0.1941324443145053,15,4
10,upto2,36,2,LONG: d0 >= 0.03278 AND own_rd >= 0.004413,"[1468, 2207]",1,5.4428644,2.7878087,21,1.1406646071724171,14,6
10,upto2,37,2,LONG: vs_sector_1w <= -0.0295 AND past_pct_up >= 0.6,"[368, 769]",1,3.6653664,2.7821455,63,0.45684658783872584,56,8
10,upto2,38,2,SHORT: r1y <= 0.3484 AND vs_ma50 >= 0.145,"[119, 257]",-1,5.4213276,2.7767777,21,-0.029657777667464674,19,6
10,upto2,39,2,LONG: pb >= 4.889 AND maxabs5 >= 0.05845,"[923, 2083]",1,7.027804,2.768529,13,-1.5177944660802272,29,8
10,upto2,40,2,LONG: roe >= 0.06318 AND exn_d0 >= 0.02795,"[939, 1806]",1,4.8975387,2.768174,26,0.7501786085393596,59,8
10,upto2,41,2,SHORT: sector_1w >= 0.02903 AND iv_t5 >= 0.5038,"[357, 1089]",-1,5.8338294,2.7633927,18,-0.9770310525664251,8,4
10,upto2,42,2,LONG: prev_sales_yoy >= 0.404 AND pb >= 10.37,"[849, 929]",1,7.76526,2.755415,11,-0.03703328859246181,34,8
10,upto2,43,2,LONG: sector_3m <= -0.06247 AND r2d <= -0.03056,"[548, 1525]",1,4.374505,2.754318,34,1.0809172735278378,24,4
10,upto2,44,2,LONG: gap5 <= -0.01678 AND dist_20l <= 0,"[1679, 1959]",1,5.0486755,2.7538228,24,-1.7008341751261276,21,6
10,upto2,45,2,SHORT: vs_ma50 >= 0.145 AND iv_t5 >= 0.4326,"[257, 1085]",-1,4.4743595,2.7534523,32,-2.0524531731785878,15,4
10,upto2,46,2,LONG: from_52w_low >= 1.446 AND iv_t5 <= 0.3783,"[231, 1082]",1,7.3305516,2.748957,12,-4.86600408835856,2,1
10,upto2,47,2,SHORT: from_52w_high <= -0.01692 AND vs_ma50 >= 0.145,"[203, 257]",-1,4.3093543,2.7423165,35,-0.4285864167167654,19,5
10,upto2,48,2,LONG: past_avg_3d >= 0.0171 AND maxabs5 >= 0.04188,"[745, 2079]",1,4.3805504,2.7275126,33,-0.058036767544865836,36,8
10,upto2,49,2,LONG: sector_3m <= -0.04167 AND sec_rank_1m >= 0.8421,"[550, 1308]",1,5.5939636,2.7252645,19,-2.7839658102495597,26,4
10,upto2,50,2,LONG: prev_sales_yoy >= 0.3391 AND pb >= 12.56,"[847, 931]",1,7.6685576,2.7211013,11,-0.1994337736926848,41,8
10,upto2,51,2,LONG: vs_ma50 <= -0.08939 AND nifty_1w <= -0.01321,"[234, 422]",1,3.9419281,2.7100756,44,-1.3052002478863278,40,6
10,upto2,52,2,LONG: vs_sector_1w <= -0.0295 AND past_pct_up >= 0.5385,"[368, 767]",1,3.3643358,2.7046618,82,0.46234038301298547,75,8
10,upto2,53,2,LONG: r6m >= 0.3856 AND pb >= 10.37,"[98, 929]",1,5.0278177,2.689298,23,-0.522248174132556,31,8
10,upto2,54,2,LONG: vs_sector_1w <= -0.0295 AND past_avg_3d >= 0.0107,"[368, 743]",1,3.5679407,2.6869676,61,-0.3696990210567584,68,8
10,upto2,55,2,LONG: r1w <= -0.04535 AND past_avg_3d >= 0.0107,"[3, 743]",1,3.9058075,2.6852424,44,-1.0469712339857453,44,8
10,upto2,56,2,LONG: past_avg_3d >= -0.01655 AND intra0 >= 0.02754,"[733, 1676]",1,3.7337933,2.6820204,51,0.7031847588757024,58,8
10,upto2,57,2,LONG: prev_net_margin >= 0.1674 AND intra0 >= 0.02754,"[875, 1676]",1,5.1198363,2.681819,22,0.5634861168087497,19,8
10,upto2,58,2,LONG: from_52w_low >= 1.446 AND past_pct_up >= 0.5,"[231, 765]",1,5.8351436,2.681012,17,-1.7265776061489368,7,4
10,upto2,59,2,LONG: vs_sector_1w <= -0.05064 AND past_avg_3d >= 0.0107,"[364, 743]",1,4.8197894,2.6776607,25,-1.3004584497936356,26,8
10,upto2,60,2,LONG: roe >= 0.1161 AND maxabs5 >= 0.04811,"[945, 2081]",1,3.950429,2.6760972,42,0.6511241550200906,89,8
10,upto2,61,2,LONG: pb >= 20.71 AND pe_vs_peers >= -0.007256,"[935, 999]",1,7.136134,2.6760502,12,-0.33758886026045515,46,8
10,upto2,62,2,LONG: r6m >= 0.3856 AND sector_index == Nifty 500,"[98, 2328]",1,4.521323,2.6758852,29,-2.1551704610268083,5,3
10,upto2,63,2,LONG: intra0 >= 0.02754 AND own_rd >= 0.002313,"[1676, 2205]",1,4.7329826,2.6751642,26,1.6700434787500016,21,8
10,upto2,64,2,LONG: r1y >= 1.32 AND iv_t5 <= 0.3783,"[128, 1082]",1,7.129603,2.6736012,12,-8.32306018533901,3,1
10,upto2,65,2,LONG: vs_sector_1w <= -0.03692 AND past_pct_up >= 0.6,"[366, 769]",1,3.807754,2.671111,47,0.1501746332640839,41,8
10,upto2,66,2,LONG: gap0 >= 0.009057 AND intra0 >= 0.02754,"[1648, 1676]",1,6.48304,2.669487,14,-1.928853604188003,4,3
10,upto2,67,2,SHORT: r3y <= -0.2235 AND vs_ma50 >= 0.07667,"[131, 251]",-1,6.7724504,2.667935,13,3.144298497272522,5,3
10,upto2,68,2,SHORT: sec_reported_3d <= -0.01003 AND own_rd <= -0.01896,"[1427, 2192]",-1,6.211258,2.6619678,15,-0.3603921209843666,3,3
10,upto2,69,2,LONG: past_avg_3d >= 0.02644 AND prev_sales_yoy >= 0.404,"[749, 849]",1,4.784722,2.6581788,25,-3.749219876140918,17,8
10,upto2,70,2,LONG: r1w <= -0.06305 AND past_pct_up >= 0.5385,"[1, 767]",1,4.2657886,2.656057,33,0.2074650556393774,27,7
10,upto2,71,2,SHORT: from_52w_high <= -0.04295 AND vs_ma50 >= 0.145,"[199, 257]",-1,5.960595,2.6491535,16,-0.9827011394176832,15,4
10,upto2,72,2,LONG: vs_nifty_3m >= 0.2038 AND pb >= 10.37,"[619, 929]",1,5.960498,2.64911,16,-0.06858862656222242,33,8
10,upto2,73,2,LONG: past_pct_up >= 0.5385 AND pre5_vs_own <= -0.05698,"[767, 2272]",1,3.7506897,2.6475458,48,0.40447621550985097,48,8
10,upto2,74,2,LONG: roe >= 0.1858 AND maxabs5 >= 0.04811,"[951, 2081]",1,4.537743,2.6470168,28,-0.15367779335116494,49,8
10,upto2,75,2,SHORT: vs_ma50 >= 0.145 AND intra0 <= 0.001654,"[257, 1667]",-1,3.8714335,2.642407,43,-0.45991015709026734,11,4
10,upto2,76,2,SHORT: vs_ma50 >= 0.145 AND intra0 <= -0.0223,"[257, 1655]",-1,7.4434214,2.6412141,11,-1.6202963608223033,3,2
10,upto2,77,2,LONG: past_pct_up >= 0.5385 AND intra5 <= -0.07274,"[767, 1705]",1,4.45976,2.63945,29,2.98825436101201,15,6
10,upto2,78,2,LONG: roe >= 0.1161 AND vol5_60 >= 1.474,"[945, 2031]",1,4.28004,2.6338706,32,1.1849637905935817,52,8
10,upto2,79,2,SHORT: vs_ma50 >= 0.145 AND sec_vs_nifty_3m <= 0.04818,"[257, 1281]",-1,3.9810107,2.6315157,39,-1.8447023572210561,20,6
10,upto2,80,2,LONG: debt_equity <= 0.181 AND vol20_60 >= 1.128,"[974, 2053]",1,3.4502704,2.6287773,64,0.38636541192201157,138,8
10,upto2,81,2,LONG: from_52w_high >= -0.1951 AND vs_ma50 <= -0.08939,"[188, 234]",1,7.009803,2.628676,12,-3.5499805383419982,13,5
10,upto2,82,2,LONG: roe >= 0.1161 AND exn_d0 >= 0.02795,"[945, 1806]",1,5.016994,2.6279492,22,1.3078240862042574,43,8
10,upto2,83,2,LONG: prev_sales_yoy >= 0.3391 AND pb >= 15.85,"[847, 933]",1,7.883662,2.6278875,10,-0.22316133879856112,27,8
10,upto2,84,2,LONG: vs_sector_1w <= -0.0295 AND pe >= 115.8,"[368, 909]",1,6.668739,2.627079,13,1.380942989558499,12,6
10,upto2,85,2,LONG: r6m >= 0.3235 AND pb >= 20.71,"[96, 935]",1,7.3936133,2.6235404,11,0.13669523065093836,15,6
10,upto2,86,2,LONG: vs_sector_1w >= 0.03199 AND pb >= 6.201,"[383, 925]",1,4.035862,2.61977,37,0.21879744832253453,85,8
10,upto2,87,2,LONG: roe >= 0.06318 AND d0 >= 0.03278,"[939, 1468]",1,4.417113,2.6142097,29,0.2951502097134952,55,8
10,upto2,88,2,LONG: season_so_far_3d <= -0.01658 AND r10d <= -0.08012,"[1187, 1575]",1,4.4150314,2.6129777,29,-0.6309574232555276,4,2
10,upto2,89,2,LONG: pb >= 1.528 AND maxabs5 >= 0.05845,"[915, 2083]",1,4.7885327,2.611927,24,-0.10308035252227266,46,8
10,upto2,90,2,LONG: sector_3m <= -0.08887 AND r2d <= -0.03056,"[546, 1525]",1,5.0949965,2.6096323,21,0.23588790862657155,14,4
10,upto2,91,2,LONG: sec_rank_1m >= 0.5789 AND r10d <= -0.08012,"[1302, 1575]",1,5.5081086,2.6091044,18,1.3052836030008095,33,8
10,upto2,92,2,SHORT: from_52w_low <= 0.6105 AND vs_ma50 >= 0.145,"[224, 257]",-1,4.7786503,2.6065366,24,-0.48022742084103726,18,6
10,upto2,93,2,LONG: roe >= 0.07781 AND exn_d0 >= 0.02795,"[941, 1806]",1,4.7711015,2.6024191,24,0.849652784641309,55,8
10,upto2,94,2,LONG: roe >= 0.0905 AND exn_d0 >= 0.02795,"[943, 1806]",1,4.7711015,2.6024191,24,0.7790027179273771,51,8
10,upto2,95,2,LONG: sector_3m <= -0.06247 AND r2d <= -0.04052,"[548, 1523]",1,4.6030264,2.6017106,26,0.9156479187907475,16,3
10,upto2,96,2,LONG: past_avg_3d >= 0.0107 AND intra0 >= 0.02754,"[743, 1676]",1,5.653202,2.5974174,17,0.6077414257773117,20,8
10,upto2,97,2,SHORT: r10d >= 0.06139 AND intra0 <= -0.01753,"[1594, 1657]",-1,4.6701207,2.5945115,25,0.4112231582395394,19,6
10,upto2,98,2,LONG: gap5 <= -0.01678 AND dist_20l <= 0.00525,"[1679, 1961]",1,4.667538,2.5930767,25,-1.2622007357193827,29,6
10,upto2,99,2,LONG: pb >= 1.23 AND maxabs5 >= 0.05845,"[913, 2083]",1,4.5851765,2.5916214,26,-0.21401600177797916,53,8
10,upto2,100,2,LONG: pb >= 7.706 AND maxabs5 >= 0.04811,"[927, 2081]",1,5.8306985,2.5914214,16,-0.42608443467451074,46,8
10,upto1,1,1,LONG: debt_equity >= 2.499,[985],1,2.7220838,1.749911,36,-0.24449534904054027,77,8
10,upto1,2,1,LONG: vs_ma50 <= -0.08939,[234],1,2.025038,1.6601663,91,-0.41790473646393694,97,7
10,upto1,3,1,SHORT: nifty_1w >= 0.02964,[439],-1,2.0013163,1.6439384,92,-1.169648976961624,84,4
10,upto1,4,1,LONG: r10d <= -0.08012,[1575],1,1.9808885,1.6239716,91,0.41846599847950394,85,8
10,upto1,5,1,LONG: intra0 >= 0.02754,[1676],1,1.8459078,1.5133117,91,0.583967793650696,66,8
10,upto1,6,1,LONG: r1w <= -0.06305,[1],1,1.7975593,1.4736748,91,-0.4110695523022478,83,8
10,upto1,7,1,SHORT: vs_ma50 >= 0.145,[257],-1,1.7429894,1.4289373,91,-0.8436514674206383,38,6
10,upto1,8,1,LONG: industry == Automobiles - 4 Wheelers,[2339],1,1.8318402,1.4247645,70,0.8922884158626214,44,8
10,upto1,9,1,LONG: sector_index == Nifty Auto,[2326],1,1.5887417,1.4050721,153,0.6635809477306026,111,8
10,upto1,10,1,SHORT: own_abs3d >= 0.07011,[2267],-1,1.7527288,1.402183,80,0.3423724178713708,47,8
10,upto1,11,1,LONG: gap5 <= -0.01678,[1679],1,1.6785356,1.3760967,91,0.3371526064556016,94,8
10,upto1,12,1,LONG: vs_ma200 <= -0.1423,[260],1,1.6673386,1.3669173,91,0.43265941209963016,156,8
10,upto1,13,1,SHORT: r1m >= 0.1653,[50],-1,1.5565385,1.2760812,91,-0.6071797046931054,70,7
10,upto1,14,1,LONG: gap5 <= -0.009432,[1681],1,1.3959119,1.2570152,181,0.31567847253274445,197,8
10,upto1,15,1,LONG: peers_reported_3d >= 0.06516,[1167],1,1.6799476,1.2435975,57,-0.151872361867441,61,8
10,upto1,16,1,LONG: debt_equity >= 2.016,[983],1,1.5840235,1.2396705,72,-0.030356732232155126,121,8
10,upto1,17,1,LONG: r3d <= -0.04819,[1549],1,1.5023996,1.231697,91,-0.2145003329014803,80,8
10,upto1,18,1,LONG: pb >= 20.71,[935],1,1.8475194,1.2104437,38,-0.16034985153536518,98,8
10,upto1,19,1,SHORT: r5y <= -0.3783,[157],-1,1.4672029,1.1903721,86,-1.363653122337755,10,7
10,upto1,20,1,LONG: d0 >= 0.03278,[1468],1,1.4241579,1.1675528,91,0.5866724932635884,67,8
10,upto1,21,1,LONG: nifty_3d <= -0.0282,[1757],1,1.4100038,1.1604456,93,-0.28678157003287064,17,2
10,upto1,22,1,LONG: vol20_60 >= 1.247,[2057],1,1.407615,1.1539906,91,0.5030978613709557,128,8
10,upto1,23,1,LONG: r2d <= -0.04052,[1523],1,1.402629,1.149903,91,-0.15872299169679138,82,8
10,upto1,24,1,SHORT: industry == Telecommunication - Services,[2348],-1,1.7063088,1.1468633,41,0.9116566880649203,23,8
10,upto1,25,1,LONG: r10d <= -0.06029,[1577],1,1.265761,1.1398147,181,-0.19835869195773156,162,8
10,upto1,26,1,LONG: exn_3d >= 0.04611,[1832],1,1.3863776,1.1365799,91,0.39103652996295174,90,8
10,upto1,27,1,LONG: nifty_1w <= -0.0348,[416],1,1.3588598,1.1323831,100,1.10170824854639,11,2
10,upto1,28,1,LONG: pe >= 115.8,[909],1,1.4312397,1.1267207,74,0.5754337229609663,80,8
10,upto1,29,1,LONG: pre5_vs_own <= -0.05698,[2272],1,1.2573202,1.1168375,159,-0.32264617851072147,135,8
10,upto1,30,1,LONG: dist_20h <= -0.1298,[1939],1,1.358076,1.1133776,91,0.17261643523629297,76,5
10,upto1,31,1,LONG: nifty_3m <= -0.03871,[626],1,1.2356019,1.1132652,182,0.14089735384475102,313,4
10,upto1,32,1,LONG: exn_d0 >= 0.02795,[1806],1,1.3574564,1.1128697,91,0.8026328156108248,70,8
10,upto1,33,1,LONG: from_52w_high <= -0.35,[183],1,1.3450519,1.1027002,91,0.3284092819737481,108,8
10,upto1,34,1,LONG: z5 <= -1.528,[2086],1,1.3432013,1.101183,91,-0.2212865409377081,78,8
10,upto1,35,1,SHORT: nifty_1w >= 0.02482,[437],-1,1.2104903,1.0912302,183,-0.7410322459882368,126,6
10,upto1,36,1,LONG: d0 <= -0.0292,[1445],1,1.3254802,1.086655,91,0.17814554734119056,73,7
10,upto1,37,1,LONG: nifty_d0 <= -0.0127,[1731],1,1.3017278,1.0792103,97,1.2160693681411479,67,6
10,upto1,38,1,LONG: r1w <= -0.04535,[3],1,1.1944531,1.075602,181,-0.535496668214285,152,8
10,upto1,39,1,LONG: gap5 <= -0.005447,[1683],1,1.154675,1.075316,271,0.44858350355207605,303,8
10,upto1,40,1,LONG: r6m <= -0.2056,[79],1,1.3060364,1.0707145,91,0.8163076695226836,139,8
10,upto1,41,1,LONG: vol5_60 >= 1.474,[2031],1,1.2861227,1.0543889,91,0.3332045139720552,92,8
10,upto1,42,1,SHORT: own_dp1 <= -0.02953,[2218],-1,1.3103803,1.0483043,80,-1.527024762529755,2,2
10,upto1,43,1,SHORT: r20d >= 0.1613,[1624],-1,1.2217058,1.0015787,91,-0.8966480387205297,76,7
10,upto1,44,1,SHORT: log_mcap >= 13.27,[1037],-1,1.2399055,0.9894195,79,-0.4242811351973296,60,8
10,upto1,45,1,LONG: sec_reported_3d <= -0.02704,[1421],1,1.1872185,0.9893488,100,0.640523769607451,71,8
10,upto1,46,1,LONG: intra5 <= -0.07274,[1705],1,1.2026321,0.9859416,91,-0.16052755414787437,53,7
10,upto1,47,1,SHORT: own_dp1 <= -0.02166,[2220],-1,1.0930634,0.9709334,159,0.5336577336724904,21,8
10,upto1,48,1,LONG: sector_index == Nifty 500,[2328],1,1.1130172,0.96752477,133,0.0634896639881606,112,8
10,upto1,49,1,LONG: industry == Automobiles - 2 And 3 Wheelers,[2347],1,1.4031595,0.95052737,42,0.5547128480257301,24,8
10,upto1,50,1,SHORT: iv_t5 >= 0.5038,[1089],-1,1.1759833,0.9453984,82,1.2936314142482275,30,6
10,upto1,51,1,SHORT: own_rd <= -0.01896,[2192],-1,1.1723158,0.93785274,80,1.1995378695864156,13,8
10,upto1,52,1,SHORT: dist_20l >= 0.1684,[1980],-1,1.1300735,0.9264567,91,-1.0252615947943868,87,7
10,upto1,53,1,LONG: exn_d0 <= -0.02445,[1783],1,1.1206933,0.91876656,91,0.5265666810463802,82,8
10,upto1,54,1,SHORT: industry == Steel And Steel Products,[2344],-1,1.2237338,0.89740473,55,-0.4904649831464039,39,8
10,upto1,55,1,LONG: nifty_d0 >= 0.01228,[1754],1,1.0702982,0.8904162,99,1.0031576189705913,70,5
10,upto1,56,1,LONG: from_52w_high >= 0,[206],1,1.0305787,0.88335323,120,0.6170544425476171,52,7
10,upto1,57,1,LONG: dist_60h <= -0.1501,[1985],1,0.97470105,0.8777158,181,0.17644867486378732,244,8
10,upto1,58,1,LONG: india_vix >= 21.07,[671],1,0.9581803,0.86469936,185,4.5160836222074945,13,2
10,upto1,59,1,LONG: prev2_sum >= 0.1246,[725],1,1.0692548,0.85540384,80,-0.1652079802856518,69,8
10,upto1,60,1,LONG: sec_vs_50dma <= -0.05535,[1341],1,1.0587196,0.8551197,84,0.4533316679676375,71,5
10,upto1,61,1,LONG: days_since_dividend <= 32,[1042],1,0.94688886,0.8540567,184,0.05519330858485825,135,7
10,upto1,62,1,LONG: r1m <= -0.1077,[27],1,1.035486,0.848912,91,0.06022031392053702,95,7
10,upto1,63,1,SHORT: own_rd <= -0.01373,[2194],-1,0.9453711,0.83974314,159,0.7358706631588013,40,8
10,upto1,64,1,LONG: r3y >= 3.213,[154],1,1.0172318,0.83228064,90,-0.8772520093355866,91,8
10,upto1,65,1,LONG: sector_1w <= -0.04395,[338],1,0.9979617,0.81814873,91,-2.0826348846904206,28,6
10,upto1,66,1,LONG: r6m <= -0.1418,[81],1,0.9057591,0.8156338,181,0.42220335233470146,252,8
10,upto1,67,1,SHORT: nifty_1w >= 0.0227,[435],-1,0.8742824,0.81520927,276,-0.5322412080097163,134,6
10,upto1,68,1,LONG: maxabs5 >= 0.05845,[2083],1,0.985737,0.80812675,91,0.1834991864092209,59,8
10,upto1,69,1,LONG: pb >= 4.889,[923],1,0.8417659,0.7996775,380,-0.09477844404672829,748,8
10,upto1,70,1,LONG: pb >= 6.201,[925],1,0.8448012,0.792653,304,-0.20450625290169336,599,8
10,upto1,71,1,LONG: sec_3d <= -0.03539,[1887],1,0.96315444,0.78961307,91,-0.4669950946545731,43,6
10,upto1,72,1,LONG: dist_20h <= -0.1001,[1941],1,0.8766962,0.7894628,181,-0.1718244610151747,164,8
10,upto1,73,1,LONG: intra0 <= -0.03025,[1653],1,0.95791405,0.785317,91,-0.07105162109370294,80,7
10,upto1,74,1,LONG: r10d <= -0.04525,[1579],1,0.84276694,0.7848448,271,0.1294611988972614,256,8
10,upto1,75,1,LONG: pre5_vs_own <= -0.04449,[2274],1,0.84799415,0.78251195,239,-0.6251408721304386,211,8
10,upto1,76,1,LONG: nifty_1w <= -0.02519,[418],1,0.8664422,0.7823216,186,-0.7716349874995209,43,4
10,upto1,77,1,SHORT: nifty_3d >= 0.02401,[1780],-1,0.94158965,0.7763985,94,-2.627750999309108,40,4
10,upto1,78,1,LONG: pre5_vs_own <= -0.0795,[2270],1,0.9659385,0.7727508,80,1.0853636505931201,59,8
10,upto1,79,1,LONG: z5 <= -1.166,[2088],1,0.85376203,0.76881063,181,-0.508939850760809,169,8
10,upto1,80,1,LONG: d0 <= -0.02119,[1447],1,0.8501486,0.76555663,181,-0.03693803161466943,153,8
10,upto1,81,1,LONG: prev2_sum >= 0.08934,[723],1,0.8543882,0.7589258,159,-0.6641818102058787,141,8
10,upto1,82,1,SHORT: sector_3m >= 0.1995,[569],-1,0.9267981,0.75828934,90,1.8865675576372951,4,3
10,upto1,83,1,LONG: r20d <= -0.1057,[1601],1,0.9249252,0.75827205,91,0.2120061814091565,96,7
10,upto1,84,1,LONG: z5 >= 1.737,[2109],1,0.92465466,0.7580502,91,1.1106089379127027,60,8
10,upto1,85,1,LONG: vs_ma200 <= -0.09908,[262],1,0.8413475,0.75763136,181,0.08943421821880398,266,8
10,upto1,86,1,LONG: r1w <= -0.03521,[5],1,0.8127759,0.75691503,271,-0.5604295879220509,229,8
10,upto1,87,1,LONG: debt_equity >= 1.552,[981],1,0.8921243,0.7527299,108,-0.2237246509397243,167,8
10,upto1,88,1,LONG: roe >= 0.1858,[951],1,0.80084044,0.75140584,304,-0.19608770308771145,490,8
10,upto1,89,1,LONG: peers_reported_3d >= 0.04528,[1165],1,0.87789977,0.7478406,115,-0.6293287647485568,106,8
10,upto1,90,1,SHORT: days_after_quarter_end <= 21,[1122],-1,0.79774,0.74708986,295,0.07736675837816556,246,8
10,upto1,91,1,SHORT: nifty_1w >= 0.018,[433],-1,0.7871903,0.7460838,363,-0.3775931448461727,177,6
10,upto1,92,1,LONG: sec_d0 <= -0.0188,[1861],1,0.90437067,0.7428759,92,0.042039736665780154,56,6
10,upto1,93,1,LONG: vs_sector_1m <= -0.09598,[468],1,0.90217274,0.739619,91,-0.23388274888976632,82,8
10,upto1,94,1,LONG: pb >= 10.37,[929],1,0.8293811,0.73294145,152,-0.04407863314508027,363,8
10,upto1,95,1,SHORT: own_dm1 >= 0.01007,[2185],-1,0.7881603,0.7272985,239,-0.7992649505068439,86,8
10,upto1,96,1,SHORT: past_avg_3d <= -0.03404,[728],-1,0.9234246,0.72695124,74,3.6213224489051767,6,5
10,upto1,97,1,LONG: vol5_60 >= 1.16,[2027],1,0.7757363,0.72242105,271,0.2691119456386714,274,8
10,upto1,98,1,SHORT: z20 >= 1.9,[2135],-1,0.88018477,0.72159296,91,-0.7096763487045407,47,7
10,upto1,99,1,LONG: intra5 <= -0.05216,[1707],1,0.80077845,0.72109896,181,-0.2912736757163067,129,8
10,upto1,100,1,LONG: sec_reported_3d <= -0.02257,[1423],1,0.8141253,0.7183459,150,0.7594566000418872,88,8
20,all,1,3,LONG: roe >= 0.1161 AND iv_t5 >= 0.3096 AND vol20_60 >= 1.128,"[945, 1075, 2053]",1,6.737771,4.0955076,31,0.539243653517846,125,8
20,all,2,3,LONG: roe >= 0.1161 AND iv_t5 >= 0.3096 AND vol20_60 >= 1.182,"[945, 1075, 2055]",1,8.189403,4.0947013,20,0.5939124671527126,91,8
20,all,3,3,LONG: vs_sector_3m >= 0.03546 AND debt_equity <= 0.3731 AND vol20_60 >= 1.128,"[585, 976, 2053]",1,6.471878,4.0296597,33,-0.11897885342693193,51,8
20,all,4,3,LONG: pb >= 4.889 AND gap0 >= 0.00758 AND own_rd >= 0.002313,"[923, 1646, 2205]",1,7.992772,3.996386,20,-0.012446349117369283,27,7
20,all,5,3,LONG: debt_equity <= 0.3731 AND iv_t5 >= 0.3096 AND vol20_60 >= 1.128,"[976, 1075, 2053]",1,7.1006575,3.9448097,25,0.7938275153580979,98,8
20,all,6,3,LONG: vs_sector_3m >= 0.06695 AND debt_equity <= 0.3731 AND vol20_60 >= 1.128,"[587, 976, 2053]",1,7.093684,3.9409359,25,0.017305399290548137,33,8
20,all,7,3,LONG: roe >= 0.1161 AND iv_t5 >= 0.3303 AND vol20_60 >= 1.128,"[945, 1077, 2053]",1,7.0132627,3.896257,25,0.7822101583354505,103,8
20,all,8,3,LONG: pb >= 1.913 AND iv_t5 >= 0.3096 AND vol20_60 >= 1.182,"[917, 1075, 2055]",1,7.557424,3.870876,21,0.6468007097940353,110,8
20,all,9,3,LONG: roe >= 0.1363 AND iv_t5 >= 0.3096 AND vol20_60 >= 1.128,"[947, 1075, 2053]",1,6.704405,3.8514667,27,0.7382216677897441,104,8
20,all,10,3,LONG: pb >= 1.913 AND iv_t5 >= 0.3303 AND vol20_60 >= 1.128,"[917, 1077, 2053]",1,6.746495,3.8132362,26,0.9214591149728861,129,8
20,all,11,3,LONG: pb >= 4.889 AND iv_t5 >= 0.3096 AND vol20_60 >= 1.128,"[923, 1075, 2053]",1,7.439333,3.81039,21,1.1531034354956053,90,8
20,all,12,3,LONG: vs_sector_3m >= 0.03546 AND debt_equity <= 0.3731 AND vol20_60 >= 1.182,"[585, 976, 2055]",1,6.984969,3.809983,24,-0.561394241468612,30,7
20,all,13,3,LONG: debt_equity <= 1.268 AND iv_t5 >= 0.3303 AND vol20_60 >= 1.128,"[980, 1077, 2053]",1,6.724783,3.8009644,26,0.8971791429291734,117,8
20,all,14,3,LONG: debt_equity <= 1.552 AND iv_t5 >= 0.3303 AND vol20_60 >= 1.128,"[982, 1077, 2053]",1,6.724783,3.8009644,26,0.9512338741532547,121,8
20,all,15,3,LONG: roe >= 0.1161 AND iv_t5 >= 0.2852 AND vol20_60 >= 1.182,"[945, 1073, 2055]",1,6.7043395,3.7894092,26,0.26370131424632576,99,8
20,all,16,3,LONG: roe >= 0.1161 AND vol20_60 >= 1.022 AND maxabs5 >= 0.04811,"[945, 2049, 2081]",1,7.1843014,3.7632055,22,1.7444317182709335,62,7
20,all,17,3,LONG: roe <= 0.3066 AND days_after_quarter_end <= 40 AND maxabs5 >= 0.05845,"[960, 1134, 2083]",1,7.340626,3.7598326,21,-0.16799645269665744,39,8
20,all,18,3,LONG: pb >= 1.528 AND iv_t5 >= 0.3096 AND vol20_60 >= 1.182,"[915, 1075, 2055]",1,7.1679244,3.754627,22,0.5506011334302616,117,8
20,all,19,3,LONG: debt_equity <= 0.3731 AND pe_vs_peers <= 2.47 AND vol20_60 >= 1.128,"[976, 1012, 2053]",1,5.4176326,3.7506688,45,0.86537535356819,107,8
20,all,20,3,LONG: roe >= 0.1616 AND iv_t5 >= 0.3096 AND vol20_60 >= 1.128,"[949, 1075, 2053]",1,7.493832,3.746916,20,0.36259042130014724,76,8
20,all,21,3,LONG: roe >= 0.1161 AND iv_t5 >= 0.2852 AND vol20_60 >= 1.128,"[945, 1073, 2053]",1,5.6054907,3.736994,40,0.39006386019219147,140,8
20,all,22,3,LONG: roe >= 0.1161 AND d2 <= 0.008204 AND maxabs5 >= 0.04811,"[945, 1513, 2081]",1,6.9845176,3.7359047,23,0.8739139298062073,52,8
20,all,23,3,SHORT: vs_ma50 >= 0.145 AND log_mcap <= 11 AND days_after_quarter_end >= 32,"[257, 1024, 1129]",-1,7.4535027,3.7267513,20,-0.5916548458051955,5,3
20,all,24,3,LONG: debt_equity <= 0.7725 AND iv_t5 >= 0.3303 AND vol20_60 >= 1.128,"[978, 1077, 2053]",1,6.923482,3.7032578,23,1.2796379482505844,103,8
20,all,25,3,LONG: pb >= 1.913 AND iv_t5 >= 0.3096 AND vol20_60 >= 1.128,"[917, 1075, 2053]",1,5.875922,3.6996548,34,0.6291535491603076,156,8
20,all,26,3,LONG: roe >= 0.1161 AND vol20_60 >= 1.128 AND maxabs5 >= 0.04188,"[945, 2053, 2079]",1,6.6552186,3.6973436,25,1.1443184913015871,69,8
20,all,27,3,LONG: vs_sector_3m >= 0.03546 AND debt_equity <= 0.3731 AND vol20_60 >= 1.088,"[585, 976, 2051]",1,5.407606,3.6909058,43,-0.25648740449093743,65,8
20,all,28,3,LONG: vs_sector_1w <= -0.0295 AND past_pct_up >= 0.5385 AND maxabs5 >= 0.03824,"[368, 767, 2077]",1,6.1444817,3.686689,30,0.2741464352717805,28,8
20,all,29,3,LONG: r3m >= 0.1813 AND debt_equity <= 0.181 AND vol20_60 >= 1.128,"[70, 974, 2053]",1,6.8853683,3.6828716,23,-4.380186105123945,6,5
20,all,30,3,LONG: r6m >= 0.3235 AND pe_vs_peers >= -0.6546 AND sector_index == Nifty 500,"[96, 987, 2328]",1,7.3555255,3.6777627,20,-3.8439555755807095,4,3
20,all,31,3,LONG: debt_equity <= 0.3731 AND vol20_60 >= 1.182 AND z20 <= 1.9,"[976, 2055, 2136]",1,5.380743,3.6725707,43,0.21725692829173668,102,8
20,all,32,3,SHORT: vs_ma50 >= 0.145 AND gap0 >= 0.0007085 AND n_prior <= 7,"[257, 1636, 2307]",-1,6.484943,3.6654024,26,,0,0
20,all,33,3,LONG: vs_sector_3m >= 0.03546 AND pb >= 4.889 AND vol20_60 >= 1.128,"[585, 923, 2053]",1,6.281895,3.6644387,28,1.0826827364257718,51,7
20,all,34,3,LONG: debt_equity <= 1.268 AND iv_t5 >= 0.3096 AND vol20_60 >= 1.182,"[980, 1075, 2055]",1,6.717135,3.663892,24,0.33833388132033954,103,8
20,all,35,3,LONG: debt_equity <= 0.3731 AND iv_t5 >= 0.3303 AND vol20_60 >= 1.088,"[976, 1077, 2051]",1,6.370947,3.659906,27,0.7939463987557263,96,8
20,all,36,3,LONG: debt_equity <= 0.3731 AND iv_t5 >= 0.2852 AND vol20_60 >= 1.128,"[976, 1073, 2053]",1,5.8754177,3.658279,33,0.5734753358050053,110,8
20,all,37,3,SHORT: from_52w_high <= -0.01692 AND vs_ma50 >= 0.145 AND days_after_quarter_end >= 26.8,"[203, 257, 1125]",-1,6.5695233,3.649735,25,-0.8375925405165894,14,5
20,all,38,3,LONG: debt_equity <= 0.3731 AND pe_vs_peers >= -0.6546 AND vol20_60 >= 1.128,"[976, 987, 2053]",1,5.217311,3.6363072,46,0.6799943455330415,104,8
20,all,39,3,LONG: prev_net_margin >= 0.05081 AND roe <= 0.3066 AND maxabs5 >= 0.05845,"[865, 960, 2083]",1,6.9410043,3.6357641,22,0.4282290339459395,37,8
20,all,40,3,LONG: roe >= 0.1161 AND vol20_60 >= 1.088 AND maxabs5 >= 0.04811,"[945, 2051, 2081]",1,7.2689714,3.6344857,20,1.222929671051516,52,7
20,all,41,3,LONG: vs_sector_3m >= 0.06695 AND debt_equity <= 0.3731 AND vol20_60 >= 1.088,"[587, 976, 2051]",1,5.7576017,3.6251566,34,-0.19303313435450678,42,8
20,all,42,3,LONG: vs_sector_3m >= 0.03546 AND roe >= 0.1363 AND vol20_60 >= 1.128,"[585, 947, 2053]",1,5.818705,3.6229675,33,-0.35068016690108905,68,8
20,all,43,3,LONG: vs_sector_3m >= 0.03546 AND debt_equity <= 0.181 AND vol20_60 >= 1.128,"[585, 974, 2053]",1,6.188874,3.6101763,28,-0.19322948845171825,46,8
20,all,44,3,LONG: debt_equity <= 1.268 AND iv_t5 >= 0.3096 AND vol20_60 >= 1.128,"[980, 1075, 2053]",1,5.6640973,3.6044254,35,0.5517685217155593,144,8
20,all,45,3,LONG: debt_equity <= 1.552 AND iv_t5 >= 0.3096 AND vol20_60 >= 1.128,"[982, 1075, 2053]",1,5.6640973,3.6044254,35,0.5653474418066101,149,8
20,all,46,3,LONG: vs_sector_3m >= 0.03546 AND debt_equity <= 0.181 AND vol20_60 >= 1.182,"[585, 974, 2055]",1,6.8767905,3.6021285,22,-0.608793488022717,26,7
20,all,47,3,LONG: vs_nifty_1w <= -0.007466 AND past_avg_3d >= 0.0171 AND maxabs5 >= 0.03824,"[400, 745, 2077]",1,6.8725853,3.5999258,22,0.008747734372957979,20,8
20,all,48,3,SHORT: vs_ma50 >= 0.145 AND log_mcap <= 11 AND days_after_quarter_end >= 29,"[257, 1024, 1127]",-1,6.8657594,3.5963502,22,-0.5916548458051955,5,3
20,all,49,3,SHORT: vs_ma50 >= 0.145 AND gap0 >= 0.0007085 AND n_prior <= 8,"[257, 1636, 2309]",-1,6.258376,3.5952375,27,,0,0
20,all,50,3,LONG: vs_nifty_1w <= -0.01534 AND past_avg_3d >= 0.0171 AND maxabs5 >= 0.03824,"[398, 745, 2077]",1,7.011758,3.591388,21,-0.9650268357561251,18,8
20,all,51,3,LONG: vs_sector_3m >= 0.03546 AND vol20_60 >= 1.182 AND own_rd >= 0.002313,"[585, 2055, 2205]",1,5.9848633,3.590918,30,1.110979104357551,23,6
20,all,52,3,LONG: roe >= 0.1161 AND maxabs5 >= 0.05845 AND own_rd >= -0.00863,"[945, 2083, 2197]",1,7.1740165,3.5870082,20,0.5887651191886472,29,8
20,all,53,3,LONG: roe >= 0.1161 AND maxabs5 >= 0.05845 AND own_rd >= -0.0108,"[945, 2083, 2195]",1,7.1740165,3.5870082,20,0.5887651191886472,29,8
20,all,54,3,LONG: roe >= 0.0905 AND iv_t5 >= 0.3303 AND vol20_60 >= 1.128,"[943, 1077, 2053]",1,6.238752,3.5839639,27,0.7879113972427956,124,8
20,all,55,3,LONG: roe >= 0.1161 AND days_after_quarter_end <= 40 AND maxabs5 >= 0.05845,"[945, 1134, 2083]",1,6.995854,3.5832424,21,0.4283446760225182,27,7
20,all,56,3,LONG: vs_ma200 >= 0.1208 AND roe >= 0.1363 AND vol20_60 >= 1.128,"[273, 947, 2053]",1,5.7522798,3.581608,33,-1.0016027917659072,29,7
20,all,57,3,LONG: roe >= 0.0905 AND vol20_60 >= 1.128 AND maxabs5 >= 0.04811,"[943, 2053, 2081]",1,7.148143,3.5740714,20,1.325788030184124,54,7
20,all,58,3,LONG: roe >= 0.1161 AND vol5_60 >= 1.278 AND maxabs5 >= 0.04811,"[945, 2029, 2081]",1,6.976937,3.5735533,21,0.9690039360647404,51,8
20,all,59,3,LONG: r3m >= 0.1813 AND debt_equity <= 0.3731 AND vol20_60 >= 1.128,"[70, 976, 2053]",1,6.4302316,3.5723507,25,-4.380186105123945,6,5
20,all,60,3,LONG: roe >= 0.1161 AND maxabs5 >= 0.05845 AND own_rd >= -0.01373,"[945, 2083, 2193]",1,6.972224,3.5711393,21,0.5887651191886472,29,8
20,all,61,3,LONG: roe >= 0.0905 AND iv_t5 >= 0.3096 AND vol20_60 >= 1.182,"[943, 1075, 2055]",1,6.810841,3.567583,22,0.5513660364249675,109,8
20,all,62,3,LONG: vs_sector_3m >= 0.06695 AND vol20_60 >= 1.182 AND own_rd >= 0.002313,"[587, 2055, 2205]",1,6.537667,3.5660002,24,2.326200138019781,15,6
20,all,63,3,LONG: roe >= 0.1161 AND log_mcap >= 10.55 AND maxabs5 >= 0.05845,"[945, 1019, 2083]",1,7.1299896,3.5649948,20,-0.08918813278987497,26,8
20,all,64,3,LONG: vs_ma200 >= 0.1208 AND debt_equity <= 0.3731 AND vol20_60 >= 1.128,"[273, 976, 2053]",1,5.651402,3.5582905,34,-0.8395006619106162,19,6
20,all,65,3,LONG: roe >= 0.1161 AND log_mcap >= 10.41 AND maxabs5 >= 0.05845,"[945, 1017, 2083]",1,6.933881,3.5514996,21,-0.20366195815444524,27,8
20,all,66,3,LONG: pb >= 1.528 AND iv_t5 >= 0.3303 AND vol20_60 >= 1.128,"[915, 1077, 2053]",1,6.000041,3.5510447,29,0.8055692932949695,136,8
20,all,67,3,LONG: vs_nifty_3m >= 0.08395 AND roe >= 0.1363 AND vol20_60 >= 1.128,"[613, 947, 2053]",1,6.2769756,3.5478554,26,-0.5615038985461239,43,8
20,all,68,3,LONG: vs_sector_3m >= 0.06695 AND roe >= 0.1363 AND vol20_60 >= 1.128,"[587, 947, 2053]",1,6.501614,3.5463352,24,-0.7736221402164621,44,8
20,all,69,3,LONG: vs_sector_3m >= 0.06695 AND roe >= 0.1161 AND vol20_60 >= 1.128,"[587, 945, 2053]",1,5.99154,3.5460136,29,-0.8468245744315557,49,8
20,all,70,3,LONG: debt_equity <= 0.181 AND iv_t5 >= 0.3096 AND vol20_60 >= 1.128,"[974, 1075, 2053]",1,6.7673826,3.5448194,22,0.697994622643391,83,8
20,all,71,3,LONG: debt_equity <= 0.181 AND vol20_60 >= 1.182 AND z20 <= 1.9,"[974, 2055, 2136]",1,5.3165317,3.5443544,40,0.30233836816973175,91,8
20,all,72,3,LONG: roe >= 0.1363 AND iv_t5 >= 0.3303 AND vol20_60 >= 1.128,"[947, 1077, 2053]",1,6.766172,3.5441854,22,0.8575276176626976,87,8
20,all,73,3,LONG: vs_sector_3m >= 0.06695 AND debt_equity <= 0.181 AND vol20_60 >= 1.128,"[587, 974, 2053]",1,6.757189,3.53948,22,-0.24140130671316556,29,8
20,all,74,3,LONG: debt_equity <= 0.3731 AND pe_vs_peers >= -0.5474 AND vol20_60 >= 1.128,"[976, 989, 2053]",1,5.145211,3.5373325,44,0.6979455699900688,101,8
20,all,75,3,LONG: r3m >= 0.089 AND roe >= 0.1363 AND vol20_60 >= 1.128,"[66, 947, 2053]",1,5.674803,3.5333679,33,-0.9792691343291404,34,8
20,all,76,3,LONG: vs_sector_3m >= 0.03546 AND roe >= 0.1161 AND vol20_60 >= 1.128,"[585, 945, 2053]",1,5.29173,3.52782,40,-0.5790760748533355,75,8
20,all,77,3,SHORT: vs_ma50 >= 0.145 AND gap0 >= 0.0007085 AND n_prior <= 4,"[257, 1636, 2303]",-1,7.0554028,3.5277014,20,,0,0
20,all,78,3,LONG: debt_equity <= 0.3731 AND iv_t5 >= 0.2852 AND vol20_60 >= 1.182,"[976, 1073, 2055]",1,6.3459015,3.5255008,25,0.1623580146652468,76,8
20,all,79,3,LONG: vs_sector_3m >= 0.06695 AND vol20_60 >= 1.182 AND own_rd >= 0.004413,"[587, 2055, 2207]",1,6.882612,3.5252407,21,1.1402733281116335,9,5
20,all,80,3,LONG: sector_3m <= 0.1995 AND pb >= 4.889 AND maxabs5 >= 0.04811,"[570, 923, 2081]",1,7.049851,3.5249255,20,-0.9763632043978361,69,8
20,all,81,3,LONG: intra0 >= 0.02754 AND nifty_d0 >= 0.00837 AND own_dm1 >= -0.007945,"[1676, 1750, 2167]",1,7.0443773,3.5221887,20,1.5427673331427558,9,5
20,all,82,3,LONG: debt_equity <= 0.3731 AND iv_t5 >= 0.3096 AND vol20_60 >= 1.088,"[976, 1075, 2051]",1,5.5336075,3.5213866,35,0.3478079082230786,123,8
20,all,83,3,LONG: roe >= 0.0905 AND iv_t5 >= 0.3096 AND vol20_60 >= 1.128,"[943, 1075, 2053]",1,5.530865,3.5196416,35,0.49172260903260634,152,8
20,all,84,3,LONG: prev_sales_yoy >= 0.02524 AND roe >= 0.1161 AND maxabs5 >= 0.05845,"[835, 945, 2083]",1,6.8702564,3.5189118,21,0.4738145239759672,26,8
20,all,85,3,LONG: pb >= 4.889 AND iv_t5 >= 0.3303 AND d0 >= 0.01312,"[923, 1077, 1462]",1,6.2257414,3.5188973,26,0.7817714774049502,74,8
20,all,86,3,LONG: roe >= 0.1363 AND vol20_60 >= 1.022 AND maxabs5 >= 0.04811,"[947, 2049, 2081]",1,7.0377603,3.5188801,20,1.901674383265406,54,7
20,all,87,3,LONG: prev1_next20 >= -0.01883 AND roe >= 0.1161 AND maxabs5 >= 0.05845,"[785, 945, 2083]",1,6.8656096,3.5165317,21,0.7448956477242669,17,6
20,all,88,3,LONG: debt_equity <= 0.7725 AND iv_t5 >= 0.3096 AND vol20_60 >= 1.128,"[978, 1075, 2053]",1,5.7074733,3.5122912,32,0.8600758002400931,126,8
20,all,89,3,LONG: vol5_60 >= 1.474 AND own_rd >= 0.002313 AND n_prior >= 5,"[2031, 2205, 2304]",1,6.855271,3.5112362,21,1.4217184195868295,32,7
20,all,90,3,LONG: vs_ma200 >= 0.1208 AND roe >= 0.1161 AND vol20_60 >= 1.128,"[273, 945, 2053]",1,5.302529,3.5050616,39,-1.4081837419687546,33,7
20,all,91,3,LONG: roe >= 0.1363 AND iv_t5 >= 0.2852 AND vol20_60 >= 1.182,"[947, 1073, 2055]",1,6.689231,3.503883,22,0.5039540284970634,87,8
20,all,92,3,LONG: roe >= 0.1161 AND log_mcap <= 11.75 AND maxabs5 >= 0.05845,"[945, 1030, 2083]",1,7.0047536,3.5023768,20,1.0192398330372634,25,8
20,all,93,3,LONG: roe >= 0.1161 AND vol20_60 >= 1.022 AND maxabs5 >= 0.04188,"[945, 2049, 2079]",1,5.5537596,3.4968116,34,1.6859487488716338,100,8
20,all,94,3,LONG: debt_equity <= 0.3731 AND days_since_dividend >= 182.6 AND vol20_60 >= 1.128,"[976, 1053, 2053]",1,5.9080873,3.496623,29,0.3827051268597882,68,7
20,all,95,3,LONG: roe >= 0.0905 AND vol20_60 >= 1.128 AND maxabs5 >= 0.04188,"[943, 2053, 2079]",1,5.9938097,3.4963887,28,1.0673496408423122,82,8
20,all,96,3,LONG: roe >= 0.06318 AND vol5_60 >= 1.474 AND maxabs5 >= 0.04188,"[939, 2031, 2079]",1,6.8232217,3.4948208,21,1.0754703565712465,54,8
20,all,97,3,LONG: prev1_next20 >= 0.03534 AND pb >= 4.889 AND gap0 >= 0.00758,"[791, 923, 1646]",1,6.6697187,3.493662,22,0.31004122015377195,24,8
20,all,98,3,LONG: debt_equity <= 0.3731 AND pe_vs_peers <= 2.47 AND vol20_60 >= 1.182,"[976, 1012, 2055]",1,5.5468273,3.4924467,34,0.5345013835332906,71,8
20,all,99,3,LONG: debt_equity <= 0.3731 AND pe_vs_peers >= -0.4594 AND vol20_60 >= 1.128,"[976, 991, 2053]",1,5.155341,3.4923277,42,0.5988907563175592,88,8
20,all,100,3,LONG: past_avg_3d >= -0.02575 AND intra0 >= 0.02754 AND nifty_d0 >= 0.007462,"[729, 1676, 1748]",1,6.803768,3.4848566,21,1.4415201253898622,10,6
20,upto2,1,2,LONG: roe >= 0.1161 AND maxabs5 >= 0.05845,"[945, 2083]",1,5.9712605,3.2570515,24,0.30938008655216037,33,8
20,upto2,2,2,LONG: pb >= 6.201 AND maxabs5 >= 0.04811,"[925, 2081]",1,6.34899,3.174495,20,-1.111515376488355,58,8
20,upto2,3,2,SHORT: nifty_1w >= 0.02482 AND intra0 <= -0.01753,"[437, 1657]",-1,5.9943395,3.139892,22,1.6574482042676024,9,3
20,upto2,4,2,SHORT: nifty_1w >= 0.02482 AND intra0 <= -0.01431,"[437, 1659]",-1,5.0863843,3.0518305,30,1.4390615039329788,12,3
20,upto2,5,2,LONG: roe >= 0.07781 AND maxabs5 >= 0.05845,"[941, 2083]",1,5.3902154,3.0466435,26,1.0972392391307508,44,8
20,upto2,6,2,LONG: roe >= 0.0905 AND maxabs5 >= 0.05845,"[943, 2083]",1,5.3902154,3.0466435,26,0.9117303023626464,42,8
20,upto2,7,2,LONG: pb >= 4.889 AND maxabs5 >= 0.04811,"[923, 2081]",1,5.681293,3.038831,23,-0.9369808640988028,70,8
20,upto2,8,2,LONG: roe >= 0.06318 AND maxabs5 >= 0.05845,"[939, 2083]",1,5.26976,3.027309,27,0.90639654893859,46,8
20,upto2,9,2,SHORT: nifty_1w >= 0.0227 AND intra0 <= -0.01753,"[435, 1657]",-1,5.2492785,3.015543,27,1.509990076679964,10,4
20,upto2,10,2,LONG: roe >= 0.06318 AND intra0 >= 0.02754,"[939, 1676]",1,5.165935,2.9198763,26,0.4729052628777287,55,8
20,upto2,11,2,LONG: roe >= 0.1161 AND intra0 >= 0.02754,"[945, 1676]",1,5.697481,2.9182217,21,0.7751735555102957,39,8
20,upto2,12,2,LONG: roe >= 0.07781 AND intra0 >= 0.02754,"[941, 1676]",1,5.381725,2.8785973,23,0.5307078499358313,52,8
20,upto2,13,2,LONG: roe >= 0.0905 AND intra0 >= 0.02754,"[943, 1676]",1,5.381725,2.8785973,23,0.42906340949348887,48,8
20,upto2,14,2,LONG: debt_equity <= 0.3731 AND vol20_60 >= 1.182,"[976, 2055]",1,4.0251875,2.875134,50,0.0946134866478727,104,8
20,upto2,15,2,LONG: vs_sector_1w <= -0.05064 AND past_pct_up >= 0.5385,"[364, 767]",1,4.7087984,2.8622108,31,0.3041575624188779,27,8
20,upto2,16,2,SHORT: vs_ma50 >= 0.145 AND pe <= 20.76,"[257, 894]",-1,5.1497936,2.8609965,25,3.3836894836889413,8,3
20,upto2,17,2,LONG: debt_equity <= 0.181 AND vol20_60 >= 1.182,"[974, 2055]",1,4.0779405,2.842201,46,0.16335900461362574,93,8
20,upto2,18,2,LONG: debt_equity <= 0.3731 AND vol20_60 >= 1.128,"[976, 2053]",1,3.6300447,2.8409045,72,0.4948675592453452,156,8
20,upto2,19,2,LONG: intra0 >= 0.02754 AND nifty_d0 >= 0.00837,"[1676, 1750]",1,4.869251,2.8403962,28,1.5427673331427558,9,5
20,upto2,20,2,LONG: roe >= 0.1363 AND maxabs5 >= 0.05845,"[947, 2083]",1,5.472217,2.802843,21,0.3054931749443121,28,8
20,upto2,21,2,SHORT: nifty_1w >= 0.018 AND intra0 <= -0.01753,"[433, 1657]",-1,4.3142023,2.800447,37,-0.1941324443145053,15,4
20,upto2,22,2,LONG: d0 >= 0.03278 AND own_rd >= 0.004413,"[1468, 2207]",1,5.4428644,2.7878087,21,1.1406646071724171,14,6
20,upto2,23,2,LONG: vs_sector_1w <= -0.0295 AND past_pct_up >= 0.6,"[368, 769]",1,3.6653664,2.7821455,63,0.45684658783872584,56,8
20,upto2,24,2,SHORT: r1y <= 0.3484 AND vs_ma50 >= 0.145,"[119, 257]",-1,5.4213276,2.7767777,21,-0.029657777667464674,19,6
20,upto2,25,2,LONG: roe >= 0.06318 AND exn_d0 >= 0.02795,"[939, 1806]",1,4.8975387,2.768174,26,0.7501786085393596,59,8
20,upto2,26,2,LONG: sector_3m <= -0.06247 AND r2d <= -0.03056,"[548, 1525]",1,4.374505,2.754318,34,1.0809172735278378,24,4
20,upto2,27,2,LONG: gap5 <= -0.01678 AND dist_20l <= 0,"[1679, 1959]",1,5.0486755,2.7538228,24,-1.7008341751261276,21,6
20,upto2,28,2,SHORT: vs_ma50 >= 0.145 AND iv_t5 >= 0.4326,"[257, 1085]",-1,4.4743595,2.7534523,32,-2.0524531731785878,15,4
20,upto2,29,2,SHORT: from_52w_high <= -0.01692 AND vs_ma50 >= 0.145,"[203, 257]",-1,4.3093543,2.7423165,35,-0.4285864167167654,19,5
20,upto2,30,2,LONG: past_avg_3d >= 0.0171 AND maxabs5 >= 0.04188,"[745, 2079]",1,4.3805504,2.7275126,33,-0.058036767544865836,36,8
20,upto2,31,2,LONG: vs_ma50 <= -0.08939 AND nifty_1w <= -0.01321,"[234, 422]",1,3.9419281,2.7100756,44,-1.3052002478863278,40,6
20,upto2,32,2,LONG: vs_sector_1w <= -0.0295 AND past_pct_up >= 0.5385,"[368, 767]",1,3.3643358,2.7046618,82,0.46234038301298547,75,8
20,upto2,33,2,LONG: r6m >= 0.3856 AND pb >= 10.37,"[98, 929]",1,5.0278177,2.689298,23,-0.522248174132556,31,8
20,upto2,34,2,LONG: vs_sector_1w <= -0.0295 AND past_avg_3d >= 0.0107,"[368, 743]",1,3.5679407,2.6869676,61,-0.3696990210567584,68,8
20,upto2,35,2,LONG: r1w <= -0.04535 AND past_avg_3d >= 0.0107,"[3, 743]",1,3.9058075,2.6852424,44,-1.0469712339857453,44,8
20,upto2,36,2,LONG: past_avg_3d >= -0.01655 AND intra0 >= 0.02754,"[733, 1676]",1,3.7337933,2.6820204,51,0.7031847588757024,58,8
20,upto2,37,2,LONG: prev_net_margin >= 0.1674 AND intra0 >= 0.02754,"[875, 1676]",1,5.1198363,2.681819,22,0.5634861168087497,19,8
20,upto2,38,2,LONG: vs_sector_1w <= -0.05064 AND past_avg_3d >= 0.0107,"[364, 743]",1,4.8197894,2.6776607,25,-1.3004584497936356,26,8
20,upto2,39,2,LONG: roe >= 0.1161 AND maxabs5 >= 0.04811,"[945, 2081]",1,3.950429,2.6760972,42,0.6511241550200906,89,8
20,upto2,40,2,LONG: r6m >= 0.3856 AND sector_index == Nifty 500,"[98, 2328]",1,4.521323,2.6758852,29,-2.1551704610268083,5,3
20,upto2,41,2,LONG: intra0 >= 0.02754 AND own_rd >= 0.002313,"[1676, 2205]",1,4.7329826,2.6751642,26,1.6700434787500016,21,8
20,upto2,42,2,LONG: vs_sector_1w <= -0.03692 AND past_pct_up >= 0.6,"[366, 769]",1,3.807754,2.671111,47,0.1501746332640839,41,8
20,upto2,43,2,LONG: past_avg_3d >= 0.02644 AND prev_sales_yoy >= 0.404,"[749, 849]",1,4.784722,2.6581788,25,-3.749219876140918,17,8
20,upto2,44,2,LONG: r1w <= -0.06305 AND past_pct_up >= 0.5385,"[1, 767]",1,4.2657886,2.656057,33,0.2074650556393774,27,7
20,upto2,45,2,LONG: past_pct_up >= 0.5385 AND pre5_vs_own <= -0.05698,"[767, 2272]",1,3.7506897,2.6475458,48,0.40447621550985097,48,8
20,upto2,46,2,LONG: roe >= 0.1858 AND maxabs5 >= 0.04811,"[951, 2081]",1,4.537743,2.6470168,28,-0.15367779335116494,49,8
20,upto2,47,2,SHORT: vs_ma50 >= 0.145 AND intra0 <= 0.001654,"[257, 1667]",-1,3.8714335,2.642407,43,-0.45991015709026734,11,4
20,upto2,48,2,LONG: past_pct_up >= 0.5385 AND intra5 <= -0.07274,"[767, 1705]",1,4.45976,2.63945,29,2.98825436101201,15,6
20,upto2,49,2,LONG: roe >= 0.1161 AND vol5_60 >= 1.474,"[945, 2031]",1,4.28004,2.6338706,32,1.1849637905935817,52,8
20,upto2,50,2,SHORT: vs_ma50 >= 0.145 AND sec_vs_nifty_3m <= 0.04818,"[257, 1281]",-1,3.9810107,2.6315157,39,-1.8447023572210561,20,6
20,upto2,51,2,LONG: debt_equity <= 0.181 AND vol20_60 >= 1.128,"[974, 2053]",1,3.4502704,2.6287773,64,0.38636541192201157,138,8
20,upto2,52,2,LONG: roe >= 0.1161 AND exn_d0 >= 0.02795,"[945, 1806]",1,5.016994,2.6279492,22,1.3078240862042574,43,8
20,upto2,53,2,LONG: vs_sector_1w >= 0.03199 AND pb >= 6.201,"[383, 925]",1,4.035862,2.61977,37,0.21879744832253453,85,8
20,upto2,54,2,LONG: roe >= 0.06318 AND d0 >= 0.03278,"[939, 1468]",1,4.417113,2.6142097,29,0.2951502097134952,55,8
20,upto2,55,2,LONG: season_so_far_3d <= -0.01658 AND r10d <= -0.08012,"[1187, 1575]",1,4.4150314,2.6129777,29,-0.6309574232555276,4,2
20,upto2,56,2,LONG: pb >= 1.528 AND maxabs5 >= 0.05845,"[915, 2083]",1,4.7885327,2.611927,24,-0.10308035252227266,46,8
20,upto2,57,2,LONG: sector_3m <= -0.08887 AND r2d <= -0.03056,"[546, 1525]",1,5.0949965,2.6096323,21,0.23588790862657155,14,4
20,upto2,58,2,SHORT: from_52w_low <= 0.6105 AND vs_ma50 >= 0.145,"[224, 257]",-1,4.7786503,2.6065366,24,-0.48022742084103726,18,6
20,upto2,59,2,LONG: roe >= 0.0905 AND exn_d0 >= 0.02795,"[943, 1806]",1,4.7711015,2.6024191,24,0.7790027179273771,51,8
20,upto2,60,2,LONG: roe >= 0.07781 AND exn_d0 >= 0.02795,"[941, 1806]",1,4.7711015,2.6024191,24,0.849652784641309,55,8
20,upto2,61,2,LONG: sector_3m <= -0.06247 AND r2d <= -0.04052,"[548, 1523]",1,4.6030264,2.6017106,26,0.9156479187907475,16,3
20,upto2,62,2,SHORT: r10d >= 0.06139 AND intra0 <= -0.01753,"[1594, 1657]",-1,4.6701207,2.5945115,25,0.4112231582395394,19,6
20,upto2,63,2,LONG: gap5 <= -0.01678 AND dist_20l <= 0.00525,"[1679, 1961]",1,4.667538,2.5930767,25,-1.2622007357193827,29,6
20,upto2,64,2,LONG: pb >= 1.23 AND maxabs5 >= 0.05845,"[913, 2083]",1,4.5851765,2.5916214,26,-0.21401600177797916,53,8
20,upto2,65,2,LONG: r1w <= -0.06305 AND past_pct_up >= 0.6,"[1, 769]",1,4.582858,2.590311,26,-0.2748080042993564,19,7
20,upto2,66,2,LONG: pb >= 1.913 AND maxabs5 >= 0.05845,"[917, 2083]",1,5.056733,2.5900342,21,-0.10981598600010883,45,8
20,upto2,67,2,LONG: past_avg_3d >= -0.006006 AND exn_d0 >= 0.02795,"[737, 1806]",1,4.2589593,2.5887792,31,0.8512614013392276,48,8
20,upto2,68,2,LONG: vs_sector_1w <= -0.03692 AND past_avg_3d >= 0.0107,"[366, 743]",1,3.6440406,2.587797,49,-0.4920212263348867,53,8
20,upto2,69,2,LONG: vs_sector_1w <= -0.03692 AND past_pct_up >= 0.5385,"[366, 767]",1,3.406755,2.58585,63,0.32593913044882694,59,8
20,upto2,70,2,LONG: past_pct_up >= 0.4286 AND intra0 >= 0.02754,"[763, 1676]",1,3.8971834,2.5761042,39,0.6648483923121107,50,8
20,upto2,71,2,LONG: past_pct_up >= 0.5 AND intra0 >= 0.02754,"[765, 1676]",1,4.237657,2.575831,31,0.6314308612950336,41,8
20,upto2,72,2,LONG: r6m <= -0.09321 AND r3d <= -0.04819,"[83, 1549]",1,4.4772015,2.5720093,27,1.8611611953651512,26,6
20,upto2,73,2,LONG: pb >= 6.201 AND exn_10d >= 0.06736,"[925, 1856]",1,4.807463,2.571434,23,1.266531973753776,60,8
20,upto2,74,2,LONG: debt_equity <= 1.552 AND vol20_60 >= 1.247,"[982, 2057]",1,3.9240432,2.570925,38,0.6037522084243634,92,8
20,upto2,75,2,LONG: sector_3m <= -0.04167 AND r2d <= -0.03056,"[550, 1525]",1,3.6615233,2.5685315,47,0.9234923018867123,42,7
20,upto2,76,2,LONG: debt_equity <= 1.268 AND vol20_60 >= 1.247,"[980, 2057]",1,3.9513183,2.5648906,37,0.48897238730610154,87,8
20,upto2,77,2,LONG: days_after_quarter_end >= 35 AND z5 <= -1.528,"[1131, 2086]",1,4.5350337,2.56328,26,-0.7248475655990355,16,6
20,upto2,78,2,LONG: past_avg_3d >= 0.0107 AND pre5_vs_own <= -0.05698,"[743, 2272]",1,3.9854314,2.562063,36,-0.6240906368467689,39,8
20,upto2,79,2,LONG: debt_equity >= 2.016 AND gap0 >= 0.006435,"[983, 1644]",1,5.0015187,2.5617535,21,0.6430516956246125,19,7
20,upto2,80,2,LONG: vs_ma50 <= -0.08939 AND r3d <= -0.03523,"[234, 1551]",1,3.776404,2.558209,42,-0.9306838800324928,46,5
20,upto2,81,2,SHORT: r20d >= 0.1613 AND intra0 <= 0.001654,"[1624, 1667]",-1,3.7758324,2.557822,42,-0.3555030139161193,30,7
20,upto2,82,2,LONG: past_pct_up >= 0.6 AND pre5_vs_own <= -0.05698,"[769, 2272]",1,3.8693666,2.5577168,39,0.26255838744227716,37,8
20,upto2,83,2,LONG: sector_3m <= -0.06247 AND sec_vs_nifty_1m >= 0.02219,"[548, 1252]",1,4.2598314,2.555899,30,-4.612472901732707,18,4
20,upto2,84,2,SHORT: vs_ma50 >= 0.145 AND n_prior <= 7,"[257, 2307]",-1,3.8989344,2.554474,38,,0,0
20,upto2,85,2,SHORT: nifty_1w >= 0.02482 AND exn_d0 <= -0.01876,"[437, 1785]",-1,4.8736,2.5528383,22,-0.4981241068574968,12,4
20,upto2,86,2,LONG: vs_ma50 <= -0.08939 AND r3d <= -0.02782,"[234, 1553]",1,3.6327329,2.5483348,47,-0.6395895530990386,52,6
20,upto2,87,2,LONG: r5y <= 1.639 AND vs_ma50 <= -0.08939,"[173, 234]",1,3.4868374,2.5444489,54,-1.6951309625116442,42,7
20,upto2,88,2,LONG: r5y <= 1.225 AND vs_ma50 <= -0.08939,"[171, 234]",1,3.5585093,2.5417926,50,-2.165976214686434,32,6
20,upto2,89,2,LONG: sector_3m <= -0.02647 AND r3d <= -0.04819,"[552, 1549]",1,3.9153707,2.5415561,37,0.7241813397864458,37,6
20,upto2,90,2,LONG: prev_net_margin >= 0.1674 AND d0 >= 0.03278,"[875, 1468]",1,4.961364,2.5411866,21,-0.6102357534440821,25,8
20,upto2,91,2,SHORT: vs_ma50 >= 0.145 AND gap0 >= 0.00355,"[257, 1640]",-1,3.430209,2.5392454,57,0.0018638454885281167,20,5
20,upto2,92,2,LONG: past_avg_3d >= -0.02059 AND intra0 >= 0.02754,"[731, 1676]",1,3.4434702,2.5372937,56,0.532785955932533,64,8
20,upto2,93,2,LONG: past_avg_3d >= -0.01016 AND exn_d0 >= 0.02795,"[735, 1806]",1,3.804512,2.5363414,40,0.8647193521486325,52,8
20,upto2,94,2,SHORT: intra0 <= -0.01753 AND dist_60h >= -0.02565,"[1657, 1998]",-1,4.0279818,2.5361366,34,-0.9298266606643746,11,4
20,upto2,95,2,LONG: r3y >= 3.213 AND roe >= 0.1858,"[154, 951]",1,4.409504,2.5331194,27,-0.46062881144590095,47,8
20,upto2,96,2,SHORT: iv_t5 >= 0.4116 AND sector_index == Nifty Financial Services,"[1083, 2323]",-1,3.8651717,2.5323539,38,-0.5708508391193868,32,8
20,upto2,97,2,LONG: vs_ma50 <= -0.08939 AND pre5_vs_own <= -0.05698,"[234, 2272]",1,3.8615186,2.5299604,38,0.12401065339233372,41,6
20,upto2,98,2,LONG: roe >= 0.1616 AND vol20_60 >= 1.182,"[949, 2055]",1,3.7590802,2.5265949,41,0.20508312153933586,93,8
20,upto2,99,2,LONG: nifty_1m <= 0.002643 AND exn_d0 >= 0.02795,"[530, 1806]",1,4.103642,2.5253181,32,0.3400930961142104,38,6
20,upto2,100,2,LONG: roe >= 0.1161 AND vol20_60 >= 1.182,"[945, 2055]",1,3.336959,2.5230668,62,0.44044224132863935,151,8
20,upto1,1,1,LONG: debt_equity >= 2.499,[985],1,2.7220838,1.749911,36,-0.24449534904054027,77,8
20,upto1,2,1,LONG: vs_ma50 <= -0.08939,[234],1,2.025038,1.6601663,91,-0.41790473646393694,97,7
20,upto1,3,1,SHORT: nifty_1w >= 0.02964,[439],-1,2.0013163,1.6439384,92,-1.169648976961624,84,4
20,upto1,4,1,LONG: r10d <= -0.08012,[1575],1,1.9808885,1.6239716,91,0.41846599847950394,85,8
20,upto1,5,1,LONG: intra0 >= 0.02754,[1676],1,1.8459078,1.5133117,91,0.583967793650696,66,8
20,upto1,6,1,LONG: r1w <= -0.06305,[1],1,1.7975593,1.4736748,91,-0.4110695523022478,83,8
20,upto1,7,1,SHORT: vs_ma50 >= 0.145,[257],-1,1.7429894,1.4289373,91,-0.8436514674206383,38,6
20,upto1,8,1,LONG: industry == Automobiles - 4 Wheelers,[2339],1,1.8318402,1.4247645,70,0.8922884158626214,44,8
20,upto1,9,1,LONG: sector_index == Nifty Auto,[2326],1,1.5887417,1.4050721,153,0.6635809477306026,111,8
20,upto1,10,1,SHORT: own_abs3d >= 0.07011,[2267],-1,1.7527288,1.402183,80,0.3423724178713708,47,8
20,upto1,11,1,LONG: gap5 <= -0.01678,[1679],1,1.6785356,1.3760967,91,0.3371526064556016,94,8
20,upto1,12,1,LONG: vs_ma200 <= -0.1423,[260],1,1.6673386,1.3669173,91,0.43265941209963016,156,8
20,upto1,13,1,SHORT: r1m >= 0.1653,[50],-1,1.5565385,1.2760812,91,-0.6071797046931054,70,7
20,upto1,14,1,LONG: gap5 <= -0.009432,[1681],1,1.3959119,1.2570152,181,0.31567847253274445,197,8
20,upto1,15,1,LONG: peers_reported_3d >= 0.06516,[1167],1,1.6799476,1.2435975,57,-0.151872361867441,61,8
20,upto1,16,1,LONG: debt_equity >= 2.016,[983],1,1.5840235,1.2396705,72,-0.030356732232155126,121,8
20,upto1,17,1,LONG: r3d <= -0.04819,[1549],1,1.5023996,1.231697,91,-0.2145003329014803,80,8
20,upto1,18,1,LONG: pb >= 20.71,[935],1,1.8475194,1.2104437,38,-0.16034985153536518,98,8
20,upto1,19,1,SHORT: r5y <= -0.3783,[157],-1,1.4672029,1.1903721,86,-1.363653122337755,10,7
20,upto1,20,1,LONG: d0 >= 0.03278,[1468],1,1.4241579,1.1675528,91,0.5866724932635884,67,8
20,upto1,21,1,LONG: nifty_3d <= -0.0282,[1757],1,1.4100038,1.1604456,93,-0.28678157003287064,17,2
20,upto1,22,1,LONG: vol20_60 >= 1.247,[2057],1,1.407615,1.1539906,91,0.5030978613709557,128,8
20,upto1,23,1,LONG: r2d <= -0.04052,[1523],1,1.402629,1.149903,91,-0.15872299169679138,82,8
20,upto1,24,1,SHORT: industry == Telecommunication - Services,[2348],-1,1.7063088,1.1468633,41,0.9116566880649203,23,8
20,upto1,25,1,LONG: r10d <= -0.06029,[1577],1,1.265761,1.1398147,181,-0.19835869195773156,162,8
20,upto1,26,1,LONG: exn_3d >= 0.04611,[1832],1,1.3863776,1.1365799,91,0.39103652996295174,90,8
20,upto1,27,1,LONG: nifty_1w <= -0.0348,[416],1,1.3588598,1.1323831,100,1.10170824854639,11,2
20,upto1,28,1,LONG: pe >= 115.8,[909],1,1.4312397,1.1267207,74,0.5754337229609663,80,8
20,upto1,29,1,LONG: pre5_vs_own <= -0.05698,[2272],1,1.2573202,1.1168375,159,-0.32264617851072147,135,8
20,upto1,30,1,LONG: dist_20h <= -0.1298,[1939],1,1.358076,1.1133776,91,0.17261643523629297,76,5
20,upto1,31,1,LONG: nifty_3m <= -0.03871,[626],1,1.2356019,1.1132652,182,0.14089735384475102,313,4
20,upto1,32,1,LONG: exn_d0 >= 0.02795,[1806],1,1.3574564,1.1128697,91,0.8026328156108248,70,8
20,upto1,33,1,LONG: from_52w_high <= -0.35,[183],1,1.3450519,1.1027002,91,0.3284092819737481,108,8
20,upto1,34,1,LONG: z5 <= -1.528,[2086],1,1.3432013,1.101183,91,-0.2212865409377081,78,8
20,upto1,35,1,SHORT: nifty_1w >= 0.02482,[437],-1,1.2104903,1.0912302,183,-0.7410322459882368,126,6
20,upto1,36,1,LONG: d0 <= -0.0292,[1445],1,1.3254802,1.086655,91,0.17814554734119056,73,7
20,upto1,37,1,LONG: nifty_d0 <= -0.0127,[1731],1,1.3017278,1.0792103,97,1.2160693681411479,67,6
20,upto1,38,1,LONG: r1w <= -0.04535,[3],1,1.1944531,1.075602,181,-0.535496668214285,152,8
20,upto1,39,1,LONG: gap5 <= -0.005447,[1683],1,1.154675,1.075316,271,0.44858350355207605,303,8
20,upto1,40,1,LONG: r6m <= -0.2056,[79],1,1.3060364,1.0707145,91,0.8163076695226836,139,8
20,upto1,41,1,LONG: vol5_60 >= 1.474,[2031],1,1.2861227,1.0543889,91,0.3332045139720552,92,8
20,upto1,42,1,SHORT: own_dp1 <= -0.02953,[2218],-1,1.3103803,1.0483043,80,-1.527024762529755,2,2
20,upto1,43,1,SHORT: r20d >= 0.1613,[1624],-1,1.2217058,1.0015787,91,-0.8966480387205297,76,7
20,upto1,44,1,SHORT: log_mcap >= 13.27,[1037],-1,1.2399055,0.9894195,79,-0.4242811351973296,60,8
20,upto1,45,1,LONG: sec_reported_3d <= -0.02704,[1421],1,1.1872185,0.9893488,100,0.640523769607451,71,8
20,upto1,46,1,LONG: intra5 <= -0.07274,[1705],1,1.2026321,0.9859416,91,-0.16052755414787437,53,7
20,upto1,47,1,SHORT: own_dp1 <= -0.02166,[2220],-1,1.0930634,0.9709334,159,0.5336577336724904,21,8
20,upto1,48,1,LONG: sector_index == Nifty 500,[2328],1,1.1130172,0.96752477,133,0.0634896639881606,112,8
20,upto1,49,1,LONG: industry == Automobiles - 2 And 3 Wheelers,[2347],1,1.4031595,0.95052737,42,0.5547128480257301,24,8
20,upto1,50,1,SHORT: iv_t5 >= 0.5038,[1089],-1,1.1759833,0.9453984,82,1.2936314142482275,30,6
20,upto1,51,1,SHORT: own_rd <= -0.01896,[2192],-1,1.1723158,0.93785274,80,1.1995378695864156,13,8
20,upto1,52,1,SHORT: dist_20l >= 0.1684,[1980],-1,1.1300735,0.9264567,91,-1.0252615947943868,87,7
20,upto1,53,1,LONG: exn_d0 <= -0.02445,[1783],1,1.1206933,0.91876656,91,0.5265666810463802,82,8
20,upto1,54,1,SHORT: industry == Steel And Steel Products,[2344],-1,1.2237338,0.89740473,55,-0.4904649831464039,39,8
20,upto1,55,1,LONG: nifty_d0 >= 0.01228,[1754],1,1.0702982,0.8904162,99,1.0031576189705913,70,5
20,upto1,56,1,LONG: from_52w_high >= 0,[206],1,1.0305787,0.88335323,120,0.6170544425476171,52,7
20,upto1,57,1,LONG: dist_60h <= -0.1501,[1985],1,0.97470105,0.8777158,181,0.17644867486378732,244,8
20,upto1,58,1,LONG: india_vix >= 21.07,[671],1,0.9581803,0.86469936,185,4.5160836222074945,13,2
20,upto1,59,1,LONG: prev2_sum >= 0.1246,[725],1,1.0692548,0.85540384,80,-0.1652079802856518,69,8
20,upto1,60,1,LONG: sec_vs_50dma <= -0.05535,[1341],1,1.0587196,0.8551197,84,0.4533316679676375,71,5
20,upto1,61,1,LONG: days_since_dividend <= 32,[1042],1,0.94688886,0.8540567,184,0.05519330858485825,135,7
20,upto1,62,1,LONG: r1m <= -0.1077,[27],1,1.035486,0.848912,91,0.06022031392053702,95,7
20,upto1,63,1,SHORT: own_rd <= -0.01373,[2194],-1,0.9453711,0.83974314,159,0.7358706631588013,40,8
20,upto1,64,1,LONG: r3y >= 3.213,[154],1,1.0172318,0.83228064,90,-0.8772520093355866,91,8
20,upto1,65,1,LONG: sector_1w <= -0.04395,[338],1,0.9979617,0.81814873,91,-2.0826348846904206,28,6
20,upto1,66,1,LONG: r6m <= -0.1418,[81],1,0.9057591,0.8156338,181,0.42220335233470146,252,8
20,upto1,67,1,SHORT: nifty_1w >= 0.0227,[435],-1,0.8742824,0.81520927,276,-0.5322412080097163,134,6
20,upto1,68,1,LONG: maxabs5 >= 0.05845,[2083],1,0.985737,0.80812675,91,0.1834991864092209,59,8
20,upto1,69,1,LONG: pb >= 4.889,[923],1,0.8417659,0.7996775,380,-0.09477844404672829,748,8
20,upto1,70,1,LONG: pb >= 6.201,[925],1,0.8448012,0.792653,304,-0.20450625290169336,599,8
20,upto1,71,1,LONG: sec_3d <= -0.03539,[1887],1,0.96315444,0.78961307,91,-0.4669950946545731,43,6
20,upto1,72,1,LONG: dist_20h <= -0.1001,[1941],1,0.8766962,0.7894628,181,-0.1718244610151747,164,8
20,upto1,73,1,LONG: intra0 <= -0.03025,[1653],1,0.95791405,0.785317,91,-0.07105162109370294,80,7
20,upto1,74,1,LONG: r10d <= -0.04525,[1579],1,0.84276694,0.7848448,271,0.1294611988972614,256,8
20,upto1,75,1,LONG: pre5_vs_own <= -0.04449,[2274],1,0.84799415,0.78251195,239,-0.6251408721304386,211,8
20,upto1,76,1,LONG: nifty_1w <= -0.02519,[418],1,0.8664422,0.7823216,186,-0.7716349874995209,43,4
20,upto1,77,1,SHORT: nifty_3d >= 0.02401,[1780],-1,0.94158965,0.7763985,94,-2.627750999309108,40,4
20,upto1,78,1,LONG: pre5_vs_own <= -0.0795,[2270],1,0.9659385,0.7727508,80,1.0853636505931201,59,8
20,upto1,79,1,LONG: z5 <= -1.166,[2088],1,0.85376203,0.76881063,181,-0.508939850760809,169,8
20,upto1,80,1,LONG: d0 <= -0.02119,[1447],1,0.8501486,0.76555663,181,-0.03693803161466943,153,8
20,upto1,81,1,LONG: prev2_sum >= 0.08934,[723],1,0.8543882,0.7589258,159,-0.6641818102058787,141,8
20,upto1,82,1,SHORT: sector_3m >= 0.1995,[569],-1,0.9267981,0.75828934,90,1.8865675576372951,4,3
20,upto1,83,1,LONG: r20d <= -0.1057,[1601],1,0.9249252,0.75827205,91,0.2120061814091565,96,7
20,upto1,84,1,LONG: z5 >= 1.737,[2109],1,0.92465466,0.7580502,91,1.1106089379127027,60,8
20,upto1,85,1,LONG: vs_ma200 <= -0.09908,[262],1,0.8413475,0.75763136,181,0.08943421821880398,266,8
20,upto1,86,1,LONG: r1w <= -0.03521,[5],1,0.8127759,0.75691503,271,-0.5604295879220509,229,8
20,upto1,87,1,LONG: debt_equity >= 1.552,[981],1,0.8921243,0.7527299,108,-0.2237246509397243,167,8
20,upto1,88,1,LONG: roe >= 0.1858,[951],1,0.80084044,0.75140584,304,-0.19608770308771145,490,8
20,upto1,89,1,LONG: peers_reported_3d >= 0.04528,[1165],1,0.87789977,0.7478406,115,-0.6293287647485568,106,8
20,upto1,90,1,SHORT: days_after_quarter_end <= 21,[1122],-1,0.79774,0.74708986,295,0.07736675837816556,246,8
20,upto1,91,1,SHORT: nifty_1w >= 0.018,[433],-1,0.7871903,0.7460838,363,-0.3775931448461727,177,6
20,upto1,92,1,LONG: sec_d0 <= -0.0188,[1861],1,0.90437067,0.7428759,92,0.042039736665780154,56,6
20,upto1,93,1,LONG: vs_sector_1m <= -0.09598,[468],1,0.90217274,0.739619,91,-0.23388274888976632,82,8
20,upto1,94,1,LONG: pb >= 10.37,[929],1,0.8293811,0.73294145,152,-0.04407863314508027,363,8
20,upto1,95,1,SHORT: own_dm1 >= 0.01007,[2185],-1,0.7881603,0.7272985,239,-0.7992649505068439,86,8
20,upto1,96,1,SHORT: past_avg_3d <= -0.03404,[728],-1,0.9234246,0.72695124,74,3.6213224489051767,6,5
20,upto1,97,1,LONG: vol5_60 >= 1.16,[2027],1,0.7757363,0.72242105,271,0.2691119456386714,274,8
20,upto1,98,1,SHORT: z20 >= 1.9,[2135],-1,0.88018477,0.72159296,91,-0.7096763487045407,47,7
20,upto1,99,1,LONG: intra5 <= -0.05216,[1707],1,0.80077845,0.72109896,181,-0.2912736757163067,129,8
20,upto1,100,1,LONG: sec_reported_3d <= -0.02257,[1423],1,0.8141253,0.7183459,150,0.7594566000418872,88,8
30,all,1,3,LONG: roe >= 0.1161 AND iv_t5 >= 0.3096 AND vol20_60 >= 1.128,"[945, 1075, 2053]",1,6.737771,4.0955076,31,0.539243653517846,125,8
30,all,2,3,LONG: vs_sector_3m >= 0.03546 AND debt_equity <= 0.3731 AND vol20_60 >= 1.128,"[585, 976, 2053]",1,6.471878,4.0296597,33,-0.11897885342693193,51,8
30,all,3,3,LONG: debt_equity <= 0.3731 AND pe_vs_peers <= 2.47 AND vol20_60 >= 1.128,"[976, 1012, 2053]",1,5.4176326,3.7506688,45,0.86537535356819,107,8
30,all,4,3,LONG: roe >= 0.1161 AND iv_t5 >= 0.2852 AND vol20_60 >= 1.128,"[945, 1073, 2053]",1,5.6054907,3.736994,40,0.39006386019219147,140,8
30,all,5,3,LONG: pb >= 1.913 AND iv_t5 >= 0.3096 AND vol20_60 >= 1.128,"[917, 1075, 2053]",1,5.875922,3.6996548,34,0.6291535491603076,156,8
30,all,6,3,LONG: vs_sector_3m >= 0.03546 AND debt_equity <= 0.3731 AND vol20_60 >= 1.088,"[585, 976, 2051]",1,5.407606,3.6909058,43,-0.25648740449093743,65,8
30,all,7,3,LONG: vs_sector_1w <= -0.0295 AND past_pct_up >= 0.5385 AND maxabs5 >= 0.03824,"[368, 767, 2077]",1,6.1444817,3.686689,30,0.2741464352717805,28,8
30,all,8,3,LONG: debt_equity <= 0.3731 AND vol20_60 >= 1.182 AND z20 <= 1.9,"[976, 2055, 2136]",1,5.380743,3.6725707,43,0.21725692829173668,102,8
30,all,9,3,LONG: debt_equity <= 0.3731 AND iv_t5 >= 0.2852 AND vol20_60 >= 1.128,"[976, 1073, 2053]",1,5.8754177,3.658279,33,0.5734753358050053,110,8
30,all,10,3,LONG: debt_equity <= 0.3731 AND pe_vs_peers >= -0.6546 AND vol20_60 >= 1.128,"[976, 987, 2053]",1,5.217311,3.6363072,46,0.6799943455330415,104,8
30,all,11,3,LONG: vs_sector_3m >= 0.06695 AND debt_equity <= 0.3731 AND vol20_60 >= 1.088,"[587, 976, 2051]",1,5.7576017,3.6251566,34,-0.19303313435450678,42,8
30,all,12,3,LONG: vs_sector_3m >= 0.03546 AND roe >= 0.1363 AND vol20_60 >= 1.128,"[585, 947, 2053]",1,5.818705,3.6229675,33,-0.35068016690108905,68,8
30,all,13,3,LONG: debt_equity <= 1.268 AND iv_t5 >= 0.3096 AND vol20_60 >= 1.128,"[980, 1075, 2053]",1,5.6640973,3.6044254,35,0.5517685217155593,144,8
30,all,14,3,LONG: debt_equity <= 1.552 AND iv_t5 >= 0.3096 AND vol20_60 >= 1.128,"[982, 1075, 2053]",1,5.6640973,3.6044254,35,0.5653474418066101,149,8
30,all,15,3,LONG: vs_sector_3m >= 0.03546 AND vol20_60 >= 1.182 AND own_rd >= 0.002313,"[585, 2055, 2205]",1,5.9848633,3.590918,30,1.110979104357551,23,6
30,all,16,3,LONG: vs_ma200 >= 0.1208 AND roe >= 0.1363 AND vol20_60 >= 1.128,"[273, 947, 2053]",1,5.7522798,3.581608,33,-1.0016027917659072,29,7
30,all,17,3,LONG: vs_ma200 >= 0.1208 AND debt_equity <= 0.3731 AND vol20_60 >= 1.128,"[273, 976, 2053]",1,5.651402,3.5582905,34,-0.8395006619106162,19,6
30,all,18,3,LONG: debt_equity <= 0.181 AND vol20_60 >= 1.182 AND z20 <= 1.9,"[974, 2055, 2136]",1,5.3165317,3.5443544,40,0.30233836816973175,91,8
30,all,19,3,LONG: debt_equity <= 0.3731 AND pe_vs_peers >= -0.5474 AND vol20_60 >= 1.128,"[976, 989, 2053]",1,5.145211,3.5373325,44,0.6979455699900688,101,8
30,all,20,3,LONG: r3m >= 0.089 AND roe >= 0.1363 AND vol20_60 >= 1.128,"[66, 947, 2053]",1,5.674803,3.5333679,33,-0.9792691343291404,34,8
30,all,21,3,LONG: vs_sector_3m >= 0.03546 AND roe >= 0.1161 AND vol20_60 >= 1.128,"[585, 945, 2053]",1,5.29173,3.52782,40,-0.5790760748533355,75,8
30,all,22,3,LONG: debt_equity <= 0.3731 AND iv_t5 >= 0.3096 AND vol20_60 >= 1.088,"[976, 1075, 2051]",1,5.5336075,3.5213866,35,0.3478079082230786,123,8
30,all,23,3,LONG: roe >= 0.0905 AND iv_t5 >= 0.3096 AND vol20_60 >= 1.128,"[943, 1075, 2053]",1,5.530865,3.5196416,35,0.49172260903260634,152,8
30,all,24,3,LONG: debt_equity <= 0.7725 AND iv_t5 >= 0.3096 AND vol20_60 >= 1.128,"[978, 1075, 2053]",1,5.7074733,3.5122912,32,0.8600758002400931,126,8
30,all,25,3,LONG: vs_ma200 >= 0.1208 AND roe >= 0.1161 AND vol20_60 >= 1.128,"[273, 945, 2053]",1,5.302529,3.5050616,39,-1.4081837419687546,33,7
30,all,26,3,LONG: roe >= 0.1161 AND vol20_60 >= 1.022 AND maxabs5 >= 0.04188,"[945, 2049, 2079]",1,5.5537596,3.4968116,34,1.6859487488716338,100,8
30,all,27,3,LONG: debt_equity <= 0.3731 AND pe_vs_peers <= 2.47 AND vol20_60 >= 1.182,"[976, 1012, 2055]",1,5.5468273,3.4924467,34,0.5345013835332906,71,8
30,all,28,3,LONG: debt_equity <= 0.3731 AND pe_vs_peers >= -0.4594 AND vol20_60 >= 1.128,"[976, 991, 2053]",1,5.155341,3.4923277,42,0.5988907563175592,88,8
30,all,29,3,LONG: pb >= 1.528 AND iv_t5 >= 0.3096 AND vol20_60 >= 1.128,"[915, 1075, 2053]",1,5.3614507,3.4802399,37,0.5568290864485431,166,8
30,all,30,3,LONG: vs_ma200 >= 0.08308 AND roe >= 0.1363 AND vol20_60 >= 1.128,"[271, 947, 2053]",1,5.2565966,3.4746993,39,-0.4374818341415687,41,7
30,all,31,3,LONG: vs_sector_1w <= -0.0295 AND past_pct_up >= 0.5385 AND own_rd >= 0.004413,"[368, 767, 2207]",1,5.2515125,3.4713392,39,-0.8141137753525688,32,8
30,all,32,3,LONG: debt_equity <= 0.3731 AND vol20_60 >= 1.128 AND z20 <= 1.9,"[976, 2053, 2136]",1,4.5793295,3.46242,62,0.6164940661000585,152,8
30,all,33,3,LONG: debt_equity <= 0.3731 AND vol20_60 >= 1.128 AND up10 >= 0.5,"[976, 2053, 2141]",1,4.863208,3.453582,49,0.006196288075426492,103,8
30,all,34,3,LONG: roe >= 0.1363 AND iv_t5 >= 0.2852 AND vol20_60 >= 1.128,"[947, 1073, 2053]",1,5.477652,3.448892,34,0.5376347662799112,119,8
30,all,35,3,LONG: vol60 >= 0.2113 AND debt_equity <= 0.3731 AND vol20_60 >= 1.128,"[291, 976, 2053]",1,5.080105,3.441361,42,0.507733144774312,126,8
30,all,36,3,LONG: vs_sector_1w <= -0.0295 AND past_pct_up >= 0.5385 AND own_rd >= 0.007699,"[368, 767, 2209]",1,5.6997004,3.4198203,30,-1.6249747193978674,25,8
30,all,37,3,LONG: r3m >= 0.1308 AND roe >= 0.1363 AND vol20_60 >= 1.128,"[68, 947, 2053]",1,5.6155806,3.4133923,31,-1.8159544010415782,20,8
30,all,38,3,LONG: vs_ma50 >= 0.0923 AND prev_sales_yoy <= 0.1466 AND pb >= 6.201,"[253, 842, 925]",1,5.688835,3.413301,30,1.1033603744936664,33,7
30,all,39,3,LONG: debt_equity <= 0.181 AND pe_vs_peers <= 2.47 AND vol20_60 >= 1.128,"[974, 1012, 2053]",1,5.157671,3.4093082,39,0.8807746694722058,95,8
30,all,40,3,LONG: debt_equity <= 0.3731 AND pe_vs_peers <= 1.516 AND vol20_60 >= 1.128,"[976, 1010, 2053]",1,4.958453,3.4089365,44,0.7880282503728951,106,8
30,all,41,3,LONG: debt_equity <= 0.3731 AND pe_vs_peers <= 0.7826 AND vol20_60 >= 1.128,"[976, 1006, 2053]",1,4.958453,3.4089365,44,0.48545008315051885,97,8
30,all,42,3,LONG: debt_equity <= 0.3731 AND pe_vs_peers <= 1.073 AND vol20_60 >= 1.128,"[976, 1008, 2053]",1,4.958453,3.4089365,44,0.6620549906554349,103,8
30,all,43,3,LONG: vs_sector_1w >= 0.02541 AND pb >= 6.201 AND intra0 >= 0.001654,"[381, 925, 1666]",1,5.5989757,3.4032989,31,0.6622695241242178,71,8
30,all,44,3,LONG: india_vix >= 11.65 AND debt_equity <= 0.3731 AND vol20_60 >= 1.128,"[653, 976, 2053]",1,4.614753,3.4003441,56,0.5449793941610255,144,8
30,all,45,3,LONG: debt_equity <= 0.3731 AND iv_t5 >= 0.2614 AND vol20_60 >= 1.128,"[976, 1071, 2053]",1,5.188024,3.3990502,38,0.6472044358723422,123,8
30,all,46,3,LONG: india_vix >= 12.93 AND debt_equity <= 0.3731 AND vol20_60 >= 1.128,"[657, 976, 2053]",1,4.977475,3.3973243,43,0.548170207268959,108,6
30,all,47,3,LONG: debt_equity <= 0.3731 AND d2 <= 0.01302 AND vol20_60 >= 1.182,"[976, 1515, 2055]",1,5.3346853,3.3947997,35,0.9493937314412272,67,8
30,all,48,3,LONG: past_pct_up >= 0.6 AND intra5 <= -0.03359 AND maxabs5 >= 0.03824,"[769, 1711, 2077]",1,5.584292,3.3943734,31,-0.9795859144862143,24,8
30,all,49,3,LONG: roe >= 0.1161 AND iv_t5 >= 0.2614 AND vol20_60 >= 1.128,"[945, 1071, 2053]",1,4.7169447,3.388228,51,0.6925736026484778,171,8
30,all,50,3,LONG: roe >= 0.1161 AND vol20_60 >= 1.088 AND maxabs5 >= 0.04188,"[945, 2051, 2079]",1,5.5047693,3.3875504,32,1.3452136838649031,80,8
30,all,51,3,LONG: india_vix >= 11.9 AND debt_equity <= 0.3731 AND vol20_60 >= 1.128,"[655, 976, 2053]",1,4.7422276,3.3873055,50,0.8231943753251592,131,8
30,all,52,3,LONG: vs_ma50 >= 0.0923 AND pb >= 6.201 AND own_abs3d <= 0.04524,"[253, 925, 2260]",1,5.5661254,3.3833313,31,1.7252269459081806,42,7
30,all,53,3,LONG: r3m >= 0.1308 AND roe >= 0.1161 AND vol20_60 >= 1.128,"[68, 945, 2053]",1,5.368553,3.3802004,34,-1.931987217259426,23,8
30,all,54,3,LONG: debt_equity <= 0.3731 AND pe_vs_peers <= -0.007256 AND vol20_60 >= 1.128,"[976, 1000, 2053]",1,5.4910035,3.3790789,32,0.1677383904687,64,8
30,all,55,3,LONG: debt_equity <= 0.3731 AND d2 <= 0.01649 AND vol20_60 >= 1.182,"[976, 1517, 2055]",1,5.2044005,3.3782952,37,0.7237757505680301,75,8
30,all,56,3,LONG: vs_sector_1w <= -0.03692 AND past_pct_up >= 0.5385 AND own_rd >= 0.004413,"[366, 767, 2207]",1,5.627644,3.3765864,30,-1.7345530296141896,23,8
30,all,57,3,LONG: roe >= 0.1161 AND iv_t5 >= 0.2614 AND vol20_60 >= 1.182,"[945, 1071, 2055]",1,5.2467465,3.3729084,36,0.7077402127085345,122,8
30,all,58,3,LONG: volume_5d_vs_60d >= 0.7909 AND debt_equity <= 0.3731 AND vol20_60 >= 1.128,"[321, 976, 2053]",1,4.7766867,3.3717785,48,0.508683221201427,120,8
30,all,59,3,LONG: vs_sector_3m >= 0.03546 AND pb >= 1.913 AND vol20_60 >= 1.128,"[585, 917, 2053]",1,4.976821,3.3713949,42,-0.2111687875299692,86,8
30,all,60,3,SHORT: vs_ma50 >= 0.145 AND gap0 >= 0.00355 AND z5 <= 1.737,"[257, 1640, 2110]",-1,5.056715,3.3711433,40,-0.24219552716920612,13,5
30,all,61,3,LONG: debt_equity <= 0.3731 AND days_after_quarter_end <= 40 AND vol20_60 >= 1.182,"[976, 1134, 2055]",1,5.043339,3.362226,40,0.8534329823944159,80,8
30,all,62,3,LONG: debt_equity <= 0.3731 AND d2 <= 0.01649 AND vol20_60 >= 1.128,"[976, 1517, 2053]",1,4.5396976,3.3605554,57,1.125052451017448,116,8
30,all,63,3,LONG: debt_equity <= 0.3731 AND pe_vs_peers >= -0.6546 AND vol20_60 >= 1.182,"[976, 987, 2055]",1,5.2798557,3.3599083,35,0.4781742524281142,71,8
30,all,64,3,LONG: vs_sector_3m >= 0.03546 AND debt_equity <= 0.7725 AND vol20_60 >= 1.128,"[585, 978, 2053]",1,5.080832,3.3585157,39,-0.11824421680625878,71,8
30,all,65,3,LONG: vs_sector_1w <= -0.0295 AND past_pct_up >= 0.5385 AND own_rd >= -0.0005634,"[368, 767, 2203]",1,4.6207576,3.354797,53,-0.09441686231205162,49,8
30,all,66,3,LONG: past_avg_3d >= -0.01655 AND log_mcap >= 10.55 AND exn_d0 >= 0.02795,"[733, 1019, 1806]",1,5.440311,3.3478835,32,0.07922673696932427,48,8
30,all,67,3,LONG: debt_equity <= 0.3731 AND gap0 >= 0.0007085 AND vol20_60 >= 1.128,"[976, 1636, 2053]",1,4.769336,3.3456538,47,0.11382569035697931,75,8
30,all,68,3,LONG: r1w <= -0.03521 AND past_pct_up >= 0.5385 AND days_after_quarter_end >= 35,"[5, 767, 1131]",1,4.938743,3.3456001,42,-2.2102274324894906,29,8
30,all,69,3,LONG: past_avg_3d >= -0.01655 AND log_mcap >= 10.55 AND intra0 >= 0.02754,"[733, 1019, 1676]",1,5.3672605,3.341879,33,0.28585472619203317,49,8
30,all,70,3,LONG: from_52w_low >= 0.2275 AND debt_equity <= 0.3731 AND vol20_60 >= 1.128,"[215, 976, 2053]",1,4.6779203,3.3413715,50,0.5209032544829549,73,8
30,all,71,3,LONG: volume_5d_vs_60d >= 0.9389 AND roe >= 0.1161 AND maxabs5 >= 0.04811,"[325, 945, 2081]",1,5.568811,3.3412867,30,1.1312032821248044,73,8
30,all,72,3,SHORT: iv_t5 >= 0.4563 AND sec_vs_nifty_1w >= -0.00342 AND gap0 >= 0.006435,"[1087, 1220, 1644]",-1,5.562066,3.3372397,30,0.5442112300476132,19,6
30,all,73,3,LONG: roe >= 0.1363 AND vol20_60 >= 1.022 AND maxabs5 >= 0.04188,"[947, 2049, 2079]",1,5.4887824,3.336319,31,1.8827491921754989,86,8
30,all,74,3,LONG: vs_ma200 >= 0.04723 AND roe >= 0.1363 AND vol20_60 >= 1.128,"[269, 947, 2053]",1,4.848418,3.3332872,44,-0.21467515713466587,62,8
30,all,75,3,LONG: r6m >= 0.1658 AND roe >= 0.1363 AND vol20_60 >= 1.128,"[92, 947, 2053]",1,5.4827027,3.3326235,31,-1.7118339287029405,28,7
30,all,76,3,LONG: debt_equity <= 0.181 AND pe_vs_peers <= 2.47 AND vol20_60 >= 1.182,"[974, 1012, 2055]",1,5.480047,3.331009,31,0.6339940332048342,63,8
30,all,77,3,LONG: vs_sector_1w <= -0.0295 AND past_pct_up >= 0.5385 AND iv_t5 >= 0.3096,"[368, 767, 1075]",1,4.5409756,3.330049,55,0.08154941876322803,57,8
30,all,78,3,LONG: roe >= 0.1161 AND vol20_60 >= 1.182 AND own_rd >= 0.002313,"[945, 2055, 2205]",1,5.4737782,3.3271987,31,1.5076037198304064,62,8
30,all,79,3,LONG: vs_sector_3m >= 0.03546 AND past_pct_up >= 0.1667 AND intra0 >= 0.02754,"[585, 753, 1676]",1,5.5373726,3.3224237,30,-0.5957767948388109,29,8
30,all,80,3,LONG: vs_sector_3m >= 0.03546 AND past_pct_up >= 0.25 AND intra0 >= 0.02754,"[585, 755, 1676]",1,5.5373726,3.3224237,30,-0.5957767948388109,29,8
30,all,81,3,LONG: vs_nifty_3m >= 0.04728 AND roe >= 0.1363 AND vol20_60 >= 1.128,"[611, 947, 2053]",1,5.276667,3.3223462,34,-0.1145418653999611,57,8
30,all,82,3,LONG: from_52w_low >= 0.2275 AND debt_equity <= 0.3731 AND vol20_60 >= 1.182,"[215, 976, 2055]",1,5.2749863,3.3212879,34,0.10157900681790148,48,7
30,all,83,3,LONG: vs_sector_1w <= -0.0295 AND past_pct_up >= 0.5385 AND days_after_quarter_end >= 35,"[368, 767, 1131]",1,4.936867,3.3182223,41,-0.5454526048331075,37,8
30,all,84,3,LONG: vs_sector_1w <= -0.0295 AND past_pct_up >= 0.5385 AND iv_t5 >= 0.3531,"[368, 767, 1079]",1,4.893467,3.314929,42,0.45531919089254363,44,8
30,all,85,3,LONG: from_52w_low >= 0.2275 AND debt_equity <= 0.181 AND vol20_60 >= 1.182,"[215, 974, 2055]",1,5.5225143,3.3135085,30,0.18207232320645772,43,7
30,all,86,3,LONG: debt_equity <= 0.181 AND d2 <= 0.01302 AND vol20_60 >= 1.182,"[974, 1515, 2055]",1,5.3161263,3.3100407,33,1.104102699369836,60,8
30,all,87,3,LONG: debt_equity <= 0.3731 AND d2 <= 0.01302 AND vol20_60 >= 1.128,"[976, 1515, 2053]",1,4.5330157,3.3078763,54,1.445169744897111,106,8
30,all,88,3,LONG: vs_ma200 >= 0.04723 AND debt_equity <= 0.3731 AND vol20_60 >= 1.128,"[269, 976, 2053]",1,4.68589,3.307687,48,0.5204116258784971,43,8
30,all,89,3,LONG: vol5_60 >= 0.8386 AND vol20_60 >= 1.182 AND own_rd >= 0.004413,"[2021, 2055, 2207]",1,5.249743,3.305394,34,1.7259460106277795,34,7
30,all,90,3,SHORT: nifty_1m >= 0.03508 AND pre5_vs_own <= 0.04177 AND n_prior <= 4,"[535, 2290, 2303]",-1,4.48249,3.3028874,56,,0,0
30,all,91,3,LONG: debt_equity <= 0.3731 AND log_mcap <= 12.25 AND vol20_60 >= 1.182,"[976, 1032, 2055]",1,4.99432,3.3013303,39,0.2861641396750618,87,8
30,all,92,3,LONG: debt_equity <= 0.3731 AND vol5_60 >= 0.9397 AND vol20_60 >= 1.128,"[976, 2023, 2053]",1,4.800122,3.3000839,44,0.7749496463433677,96,8
30,all,93,3,LONG: debt_equity <= 0.181 AND d2 <= 0.01649 AND vol20_60 >= 1.182,"[974, 1517, 2055]",1,5.1794577,3.2960184,35,0.7745559747400598,67,8
30,all,94,3,LONG: vol5_60 >= 0.8386 AND vol20_60 >= 1.182 AND own_rd >= 0.002313,"[2021, 2055, 2205]",1,4.7907567,3.293645,44,1.954270258469622,52,8
30,all,95,3,LONG: r1w <= -0.03521 AND vs_sector_1w <= -0.0295 AND past_pct_up >= 0.5385,"[5, 368, 767]",1,4.824524,3.292929,43,-0.2855325682229748,46,8
30,all,96,3,LONG: vs_ma200 <= -0.03308 AND nifty_1w <= -0.006801 AND r2d <= -0.03056,"[266, 424, 1525]",1,5.3494725,3.2919831,32,0.8794766976021411,47,8
30,all,97,3,LONG: vs_ma200 >= 0.08308 AND roe >= 0.1161 AND vol20_60 >= 1.128,"[271, 945, 2053]",1,4.6925125,3.2917626,47,-0.4181469305077597,49,7
30,all,98,3,LONG: debt_equity <= 0.181 AND pe_vs_peers >= -0.6546 AND vol20_60 >= 1.128,"[974, 987, 2053]",1,4.9337997,3.2892,40,0.6529765670893302,93,8
30,all,99,3,LONG: r3y <= 1.169 AND vs_sector_1w <= -0.03692 AND past_pct_up >= 0.5385,"[147, 366, 767]",1,5.1677523,3.28857,35,0.7567088552647895,26,8
30,all,100,3,LONG: r1w <= -0.04535 AND vs_sector_1w <= -0.0295 AND past_pct_up >= 0.5385,"[3, 368, 767]",1,5.0168624,3.28691,38,-0.31545227549251936,38,8
30,upto2,1,2,SHORT: nifty_1w >= 0.02482 AND intra0 <= -0.01431,"[437, 1659]",-1,5.0863843,3.0518305,30,1.4390615039329788,12,3
30,upto2,2,2,LONG: debt_equity <= 0.3731 AND vol20_60 >= 1.182,"[976, 2055]",1,4.0251875,2.875134,50,0.0946134866478727,104,8
30,upto2,3,2,LONG: vs_sector_1w <= -0.05064 AND past_pct_up >= 0.5385,"[364, 767]",1,4.7087984,2.8622108,31,0.3041575624188779,27,8
30,upto2,4,2,LONG: debt_equity <= 0.181 AND vol20_60 >= 1.182,"[974, 2055]",1,4.0779405,2.842201,46,0.16335900461362574,93,8
30,upto2,5,2,LONG: debt_equity <= 0.3731 AND vol20_60 >= 1.128,"[976, 2053]",1,3.6300447,2.8409045,72,0.4948675592453452,156,8
30,upto2,6,2,SHORT: nifty_1w >= 0.018 AND intra0 <= -0.01753,"[433, 1657]",-1,4.3142023,2.800447,37,-0.1941324443145053,15,4
30,upto2,7,2,LONG: vs_sector_1w <= -0.0295 AND past_pct_up >= 0.6,"[368, 769]",1,3.6653664,2.7821455,63,0.45684658783872584,56,8
30,upto2,8,2,LONG: sector_3m <= -0.06247 AND r2d <= -0.03056,"[548, 1525]",1,4.374505,2.754318,34,1.0809172735278378,24,4
30,upto2,9,2,SHORT: vs_ma50 >= 0.145 AND iv_t5 >= 0.4326,"[257, 1085]",-1,4.4743595,2.7534523,32,-2.0524531731785878,15,4
30,upto2,10,2,SHORT: from_52w_high <= -0.01692 AND vs_ma50 >= 0.145,"[203, 257]",-1,4.3093543,2.7423165,35,-0.4285864167167654,19,5
30,upto2,11,2,LONG: past_avg_3d >= 0.0171 AND maxabs5 >= 0.04188,"[745, 2079]",1,4.3805504,2.7275126,33,-0.058036767544865836,36,8
30,upto2,12,2,LONG: vs_ma50 <= -0.08939 AND nifty_1w <= -0.01321,"[234, 422]",1,3.9419281,2.7100756,44,-1.3052002478863278,40,6
30,upto2,13,2,LONG: vs_sector_1w <= -0.0295 AND past_pct_up >= 0.5385,"[368, 767]",1,3.3643358,2.7046618,82,0.46234038301298547,75,8
30,upto2,14,2,LONG: vs_sector_1w <= -0.0295 AND past_avg_3d >= 0.0107,"[368, 743]",1,3.5679407,2.6869676,61,-0.3696990210567584,68,8
30,upto2,15,2,LONG: r1w <= -0.04535 AND past_avg_3d >= 0.0107,"[3, 743]",1,3.9058075,2.6852424,44,-1.0469712339857453,44,8
30,upto2,16,2,LONG: past_avg_3d >= -0.01655 AND intra0 >= 0.02754,"[733, 1676]",1,3.7337933,2.6820204,51,0.7031847588757024,58,8
30,upto2,17,2,LONG: roe >= 0.1161 AND maxabs5 >= 0.04811,"[945, 2081]",1,3.950429,2.6760972,42,0.6511241550200906,89,8
30,upto2,18,2,LONG: vs_sector_1w <= -0.03692 AND past_pct_up >= 0.6,"[366, 769]",1,3.807754,2.671111,47,0.1501746332640839,41,8
30,upto2,19,2,LONG: r1w <= -0.06305 AND past_pct_up >= 0.5385,"[1, 767]",1,4.2657886,2.656057,33,0.2074650556393774,27,7
30,upto2,20,2,LONG: past_pct_up >= 0.5385 AND pre5_vs_own <= -0.05698,"[767, 2272]",1,3.7506897,2.6475458,48,0.40447621550985097,48,8
30,upto2,21,2,SHORT: vs_ma50 >= 0.145 AND intra0 <= 0.001654,"[257, 1667]",-1,3.8714335,2.642407,43,-0.45991015709026734,11,4
30,upto2,22,2,LONG: roe >= 0.1161 AND vol5_60 >= 1.474,"[945, 2031]",1,4.28004,2.6338706,32,1.1849637905935817,52,8
30,upto2,23,2,SHORT: vs_ma50 >= 0.145 AND sec_vs_nifty_3m <= 0.04818,"[257, 1281]",-1,3.9810107,2.6315157,39,-1.8447023572210561,20,6
30,upto2,24,2,LONG: debt_equity <= 0.181 AND vol20_60 >= 1.128,"[974, 2053]",1,3.4502704,2.6287773,64,0.38636541192201157,138,8
30,upto2,25,2,LONG: vs_sector_1w >= 0.03199 AND pb >= 6.201,"[383, 925]",1,4.035862,2.61977,37,0.21879744832253453,85,8
30,upto2,26,2,LONG: past_avg_3d >= -0.006006 AND exn_d0 >= 0.02795,"[737, 1806]",1,4.2589593,2.5887792,31,0.8512614013392276,48,8
30,upto2,27,2,LONG: vs_sector_1w <= -0.03692 AND past_avg_3d >= 0.0107,"[366, 743]",1,3.6440406,2.587797,49,-0.4920212263348867,53,8
30,upto2,28,2,LONG: vs_sector_1w <= -0.03692 AND past_pct_up >= 0.5385,"[366, 767]",1,3.406755,2.58585,63,0.32593913044882694,59,8
30,upto2,29,2,LONG: past_pct_up >= 0.4286 AND intra0 >= 0.02754,"[763, 1676]",1,3.8971834,2.5761042,39,0.6648483923121107,50,8
30,upto2,30,2,LONG: past_pct_up >= 0.5 AND intra0 >= 0.02754,"[765, 1676]",1,4.237657,2.575831,31,0.6314308612950336,41,8
30,upto2,31,2,LONG: debt_equity <= 1.552 AND vol20_60 >= 1.247,"[982, 2057]",1,3.9240432,2.570925,38,0.6037522084243634,92,8
30,upto2,32,2,LONG: sector_3m <= -0.04167 AND r2d <= -0.03056,"[550, 1525]",1,3.6615233,2.5685315,47,0.9234923018867123,42,7
30,upto2,33,2,LONG: debt_equity <= 1.268 AND vol20_60 >= 1.247,"[980, 2057]",1,3.9513183,2.5648906,37,0.48897238730610154,87,8
30,upto2,34,2,LONG: past_avg_3d >= 0.0107 AND pre5_vs_own <= -0.05698,"[743, 2272]",1,3.9854314,2.562063,36,-0.6240906368467689,39,8
30,upto2,35,2,LONG: vs_ma50 <= -0.08939 AND r3d <= -0.03523,"[234, 1551]",1,3.776404,2.558209,42,-0.9306838800324928,46,5
30,upto2,36,2,SHORT: r20d >= 0.1613 AND intra0 <= 0.001654,"[1624, 1667]",-1,3.7758324,2.557822,42,-0.3555030139161193,30,7
30,upto2,37,2,LONG: past_pct_up >= 0.6 AND pre5_vs_own <= -0.05698,"[769, 2272]",1,3.8693666,2.5577168,39,0.26255838744227716,37,8
30,upto2,38,2,LONG: sector_3m <= -0.06247 AND sec_vs_nifty_1m >= 0.02219,"[548, 1252]",1,4.2598314,2.555899,30,-4.612472901732707,18,4
30,upto2,39,2,SHORT: vs_ma50 >= 0.145 AND n_prior <= 7,"[257, 2307]",-1,3.8989344,2.554474,38,,0,0
30,upto2,40,2,LONG: vs_ma50 <= -0.08939 AND r3d <= -0.02782,"[234, 1553]",1,3.6327329,2.5483348,47,-0.6395895530990386,52,6
30,upto2,41,2,LONG: r5y <= 1.639 AND vs_ma50 <= -0.08939,"[173, 234]",1,3.4868374,2.5444489,54,-1.6951309625116442,42,7
30,upto2,42,2,LONG: r5y <= 1.225 AND vs_ma50 <= -0.08939,"[171, 234]",1,3.5585093,2.5417926,50,-2.165976214686434,32,6
30,upto2,43,2,LONG: sector_3m <= -0.02647 AND r3d <= -0.04819,"[552, 1549]",1,3.9153707,2.5415561,37,0.7241813397864458,37,6
30,upto2,44,2,SHORT: vs_ma50 >= 0.145 AND gap0 >= 0.00355,"[257, 1640]",-1,3.430209,2.5392454,57,0.0018638454885281167,20,5
30,upto2,45,2,LONG: past_avg_3d >= -0.02059 AND intra0 >= 0.02754,"[731, 1676]",1,3.4434702,2.5372937,56,0.532785955932533,64,8
30,upto2,46,2,LONG: past_avg_3d >= -0.01016 AND exn_d0 >= 0.02795,"[735, 1806]",1,3.804512,2.5363414,40,0.8647193521486325,52,8
30,upto2,47,2,SHORT: intra0 <= -0.01753 AND dist_60h >= -0.02565,"[1657, 1998]",-1,4.0279818,2.5361366,34,-0.9298266606643746,11,4
30,upto2,48,2,SHORT: iv_t5 >= 0.4116 AND sector_index == Nifty Financial Services,"[1083, 2323]",-1,3.8651717,2.5323539,38,-0.5708508391193868,32,8
30,upto2,49,2,LONG: vs_ma50 <= -0.08939 AND pre5_vs_own <= -0.05698,"[234, 2272]",1,3.8615186,2.5299604,38,0.12401065339233372,41,6
30,upto2,50,2,LONG: roe >= 0.1616 AND vol20_60 >= 1.182,"[949, 2055]",1,3.7590802,2.5265949,41,0.20508312153933586,93,8
30,upto2,51,2,LONG: nifty_1m <= 0.002643 AND exn_d0 >= 0.02795,"[530, 1806]",1,4.103642,2.5253181,32,0.3400930961142104,38,6
30,upto2,52,2,LONG: roe >= 0.1161 AND vol20_60 >= 1.182,"[945, 2055]",1,3.336959,2.5230668,62,0.44044224132863935,151,8
30,upto2,53,2,LONG: days_after_quarter_end >= 32 AND z5 <= -1.528,"[1129, 2086]",1,4.0991163,2.522533,32,0.07296729163816956,20,6
30,upto2,54,2,LONG: past_avg_3d >= -0.01655 AND exn_d0 >= 0.02795,"[733, 1806]",1,3.5957086,2.5223627,47,0.8693945521151334,59,8
30,upto2,55,2,LONG: roe >= 0.0289 AND intra0 >= 0.02754,"[937, 1676]",1,4.2024136,2.5214481,30,0.7185990016858144,59,8
30,upto2,56,2,LONG: past_pct_up >= 0.3846 AND intra0 >= 0.02754,"[761, 1676]",1,3.722024,2.5213711,42,0.6539660736078027,54,8
30,upto2,57,2,LONG: sector_3m <= -0.02647 AND sec_rank_1m >= 0.8421,"[552, 1308]",1,4.130441,2.5106604,31,-2.1785499882984896,32,4
30,upto2,58,2,LONG: r1w <= -0.04535 AND past_pct_up >= 0.5385,"[3, 767]",1,3.3552268,2.5058022,59,-0.2664359156768222,51,8
30,upto2,59,2,LONG: roe >= 0.1161 AND vol20_60 >= 1.128,"[945, 2053]",1,3.0615172,2.5048776,90,0.4820476766116773,213,8
30,upto2,60,2,LONG: pb >= 1.913 AND vol20_60 >= 1.247,"[917, 2057]",1,3.786074,2.5026588,39,0.6963230741011522,97,8
30,upto2,61,2,LONG: nifty_1w <= -0.0348 AND r2d <= -0.03056,"[416, 1525]",1,3.971143,2.5003493,34,-3.3180998688357595,2,1
30,upto2,62,2,LONG: sec_rank_1m >= 0.9474 AND sec_reported_3d <= 0.01176,"[1312, 1435]",1,3.719651,2.5000935,41,-0.6936428055496888,19,6
30,upto2,63,2,LONG: d0 <= -0.0292 AND dist_20l <= 0,"[1445, 1959]",1,3.8150332,2.4995046,38,0.7650687098627584,30,6
30,upto2,64,2,LONG: roe >= 0.1616 AND maxabs5 >= 0.04811,"[949, 2081]",1,4.057674,2.4970303,32,0.7088744587656788,61,8
30,upto2,65,2,LONG: pb >= 4.889 AND gap0 >= 0.00758,"[923, 1646]",1,3.60199,2.4936852,45,0.103019370085837,83,8
30,upto2,66,2,LONG: gap5 <= -0.01678 AND dist_20l <= 0.01101,"[1679, 1963]",1,4.051628,2.4933095,32,-1.01072373037612,34,7
30,upto2,67,2,LONG: pe >= 50.82 AND r20d <= -0.07609,"[901, 1603]",1,4.152333,2.4913998,30,0.07428653702564872,63,7
30,upto2,68,2,SHORT: vs_ma50 >= 0.145 AND n_prior <= 8,"[257, 2309]",-1,3.7283995,2.4855995,40,,0,0
30,upto2,69,2,LONG: debt_equity >= 0.0875 AND pre5_vs_own <= -0.05698,"[971, 2272]",1,4.0841336,2.4825125,31,-0.6663670068352036,83,8
30,upto2,70,2,LONG: debt_equity >= 0.03947 AND pre5_vs_own <= -0.05698,"[969, 2272]",1,4.033098,2.4819067,32,-0.7696755271480982,87,8
30,upto2,71,2,SHORT: nifty_1w >= 0.0227 AND intra0 <= -0.01431,"[435, 1659]",-1,3.7199333,2.4799557,40,1.3424311519682286,13,4
30,upto2,72,2,SHORT: nifty_1w >= 0.02482 AND intra0 <= -0.008914,"[437, 1661]",-1,3.5308685,2.476878,47,0.9627270988847939,23,5
30,upto2,73,2,LONG: debt_equity <= 2.016 AND vol20_60 >= 1.247,"[984, 2057]",1,3.706608,2.471072,40,0.7598278401773613,94,8
30,upto2,74,2,LONG: roe >= 0.0289 AND maxabs5 >= 0.05845,"[937, 2083]",1,4.0149016,2.4707088,32,0.527650807403212,51,8
30,upto2,75,2,LONG: past_pct_up >= 0.3846 AND exn_d0 >= 0.02795,"[761, 1806]",1,3.6469784,2.4705338,42,0.8897210162144369,54,8
30,upto2,76,2,LONG: past_avg_3d >= -0.02059 AND exn_3d >= 0.04611,"[731, 1832]",1,3.3356323,2.4692345,57,0.27226734405422526,83,8
30,upto2,77,2,LONG: past_avg_3d >= -0.02575 AND intra0 >= 0.02754,"[729, 1676]",1,3.3052816,2.4685016,59,0.532785955932533,64,8
30,upto2,78,2,LONG: debt_equity <= 0.7725 AND vol20_60 >= 1.247,"[978, 2057]",1,3.910668,2.4622724,34,0.5694829678255791,77,8
30,upto2,79,2,LONG: nifty_1w <= -0.01321 AND r10d <= -0.08012,"[422, 1575]",1,3.5765262,2.4588616,44,0.1928647556021298,41,6
30,upto2,80,2,LONG: roe >= 0.06318 AND vol5_60 >= 1.474,"[939, 2031]",1,3.7517953,2.458073,38,1.1111043453602167,71,8
30,upto2,81,2,SHORT: nifty_1w >= 0.02482 AND exn_d0 <= -0.01478,"[437, 1787]",-1,3.994365,2.4580708,32,-0.7593194698916849,13,5
30,upto2,82,2,LONG: pe >= 50.82 AND dist_60h <= -0.1501,"[901, 1985]",1,4.032057,2.450858,31,-0.6651048971100826,64,8
30,upto2,83,2,LONG: past_avg_3d >= -0.006006 AND intra0 >= 0.02754,"[737, 1676]",1,3.925119,2.443942,33,1.0064193314772278,48,8
30,upto2,84,2,LONG: vs_sector_1m <= -0.0285 AND gap5 <= -0.01678,"[476, 1679]",1,3.8695893,2.436408,34,0.5300904970520053,38,7
30,upto2,85,2,LONG: vs_sector_1w <= -0.0295 AND past_pct_up >= 0.6667,"[368, 771]",1,3.5397847,2.4336019,44,-0.7211472290945335,31,8
30,upto2,86,2,LONG: debt_equity <= 0.3731 AND vol20_60 >= 1.247,"[976, 2057]",1,3.9539118,2.4331765,32,0.22860708913552238,55,8
30,upto2,87,2,SHORT: from_52w_high <= -0.00646 AND vs_ma50 >= 0.145,"[205, 257]",-1,3.6167555,2.4309342,41,-0.8071060207992062,20,6
30,upto2,88,2,LONG: past_avg_3d >= 0.0171 AND maxabs5 >= 0.03824,"[745, 2077]",1,3.4030914,2.4307797,50,0.41475872107625217,50,8
30,upto2,89,2,SHORT: nifty_1w >= 0.02482 AND d0 <= -0.007452,"[437, 1453]",-1,3.8599293,2.430326,34,-0.4119025294826581,24,5
30,upto2,90,2,LONG: r1w <= -0.06305 AND d0 <= -0.02119,"[1, 1447]",1,3.4192305,2.4281492,49,-1.264412124250825,39,7
30,upto2,91,2,LONG: vs_ma200 >= 0.2613 AND roe >= 0.1858,"[279, 951]",1,3.2502518,2.4274032,59,-2.3653254039183387,25,8
30,upto2,92,2,SHORT: r1m >= 0.1653 AND intra0 <= 0.001654,"[50, 1667]",-1,3.5807543,2.425672,42,-0.3866722585662111,28,5
30,upto2,93,2,LONG: vs_ma50 <= -0.08939 AND prev_sales_yoy >= 0.2522,"[234, 845]",1,3.8502548,2.4242346,34,0.6117231324184355,24,4
30,upto2,94,2,LONG: past_avg_3d >= -0.006006 AND exn_3d >= 0.04611,"[737, 1832]",1,3.7319784,2.422512,37,-0.10416226080491803,64,8
30,upto2,95,2,LONG: vs_sector_1w >= 0.03199 AND pb >= 4.889,"[383, 923]",1,3.498953,2.422352,45,0.2050130046626078,105,8
30,upto2,96,2,LONG: roe >= 0.07781 AND vol5_60 >= 1.474,"[941, 2031]",1,3.7315388,2.422227,37,1.1320178595808916,68,8
30,upto2,97,2,SHORT: iv_t5 >= 0.4116 AND fin_type == NBFC / financial,"[1083, 2322]",-1,3.982165,2.4205317,31,-2.444566999448782,24,8
30,upto2,98,2,LONG: roe >= 0.1858 AND vol20_60 >= 1.182,"[951, 2055]",1,3.727756,2.4197714,37,0.211480772226483,72,8
30,upto2,99,2,SHORT: vs_ma50 >= 0.145 AND intra0 <= 0.005908,"[257, 1669]",-1,3.4039748,2.4173152,49,-1.3063665178092223,17,5
30,upto2,100,2,LONG: past_pct_up >= 0.5 AND exn_d0 >= 0.02795,"[765, 1806]",1,3.9704175,2.4133909,31,1.0364193374814545,41,8
30,upto1,1,1,LONG: debt_equity >= 2.499,[985],1,2.7220838,1.749911,36,-0.24449534904054027,77,8
30,upto1,2,1,LONG: vs_ma50 <= -0.08939,[234],1,2.025038,1.6601663,91,-0.41790473646393694,97,7
30,upto1,3,1,SHORT: nifty_1w >= 0.02964,[439],-1,2.0013163,1.6439384,92,-1.169648976961624,84,4
30,upto1,4,1,LONG: r10d <= -0.08012,[1575],1,1.9808885,1.6239716,91,0.41846599847950394,85,8
30,upto1,5,1,LONG: intra0 >= 0.02754,[1676],1,1.8459078,1.5133117,91,0.583967793650696,66,8
30,upto1,6,1,LONG: r1w <= -0.06305,[1],1,1.7975593,1.4736748,91,-0.4110695523022478,83,8
30,upto1,7,1,SHORT: vs_ma50 >= 0.145,[257],-1,1.7429894,1.4289373,91,-0.8436514674206383,38,6
30,upto1,8,1,LONG: industry == Automobiles - 4 Wheelers,[2339],1,1.8318402,1.4247645,70,0.8922884158626214,44,8
30,upto1,9,1,LONG: sector_index == Nifty Auto,[2326],1,1.5887417,1.4050721,153,0.6635809477306026,111,8
30,upto1,10,1,SHORT: own_abs3d >= 0.07011,[2267],-1,1.7527288,1.402183,80,0.3423724178713708,47,8
30,upto1,11,1,LONG: gap5 <= -0.01678,[1679],1,1.6785356,1.3760967,91,0.3371526064556016,94,8
30,upto1,12,1,LONG: vs_ma200 <= -0.1423,[260],1,1.6673386,1.3669173,91,0.43265941209963016,156,8
30,upto1,13,1,SHORT: r1m >= 0.1653,[50],-1,1.5565385,1.2760812,91,-0.6071797046931054,70,7
30,upto1,14,1,LONG: gap5 <= -0.009432,[1681],1,1.3959119,1.2570152,181,0.31567847253274445,197,8
30,upto1,15,1,LONG: peers_reported_3d >= 0.06516,[1167],1,1.6799476,1.2435975,57,-0.151872361867441,61,8
30,upto1,16,1,LONG: debt_equity >= 2.016,[983],1,1.5840235,1.2396705,72,-0.030356732232155126,121,8
30,upto1,17,1,LONG: r3d <= -0.04819,[1549],1,1.5023996,1.231697,91,-0.2145003329014803,80,8
30,upto1,18,1,LONG: pb >= 20.71,[935],1,1.8475194,1.2104437,38,-0.16034985153536518,98,8
30,upto1,19,1,SHORT: r5y <= -0.3783,[157],-1,1.4672029,1.1903721,86,-1.363653122337755,10,7
30,upto1,20,1,LONG: d0 >= 0.03278,[1468],1,1.4241579,1.1675528,91,0.5866724932635884,67,8
30,upto1,21,1,LONG: nifty_3d <= -0.0282,[1757],1,1.4100038,1.1604456,93,-0.28678157003287064,17,2
30,upto1,22,1,LONG: vol20_60 >= 1.247,[2057],1,1.407615,1.1539906,91,0.5030978613709557,128,8
30,upto1,23,1,LONG: r2d <= -0.04052,[1523],1,1.402629,1.149903,91,-0.15872299169679138,82,8
30,upto1,24,1,SHORT: industry == Telecommunication - Services,[2348],-1,1.7063088,1.1468633,41,0.9116566880649203,23,8
30,upto1,25,1,LONG: r10d <= -0.06029,[1577],1,1.265761,1.1398147,181,-0.19835869195773156,162,8
30,upto1,26,1,LONG: exn_3d >= 0.04611,[1832],1,1.3863776,1.1365799,91,0.39103652996295174,90,8
30,upto1,27,1,LONG: nifty_1w <= -0.0348,[416],1,1.3588598,1.1323831,100,1.10170824854639,11,2
30,upto1,28,1,LONG: pe >= 115.8,[909],1,1.4312397,1.1267207,74,0.5754337229609663,80,8
30,upto1,29,1,LONG: pre5_vs_own <= -0.05698,[2272],1,1.2573202,1.1168375,159,-0.32264617851072147,135,8
30,upto1,30,1,LONG: dist_20h <= -0.1298,[1939],1,1.358076,1.1133776,91,0.17261643523629297,76,5
30,upto1,31,1,LONG: nifty_3m <= -0.03871,[626],1,1.2356019,1.1132652,182,0.14089735384475102,313,4
30,upto1,32,1,LONG: exn_d0 >= 0.02795,[1806],1,1.3574564,1.1128697,91,0.8026328156108248,70,8
30,upto1,33,1,LONG: from_52w_high <= -0.35,[183],1,1.3450519,1.1027002,91,0.3284092819737481,108,8
30,upto1,34,1,LONG: z5 <= -1.528,[2086],1,1.3432013,1.101183,91,-0.2212865409377081,78,8
30,upto1,35,1,SHORT: nifty_1w >= 0.02482,[437],-1,1.2104903,1.0912302,183,-0.7410322459882368,126,6
30,upto1,36,1,LONG: d0 <= -0.0292,[1445],1,1.3254802,1.086655,91,0.17814554734119056,73,7
30,upto1,37,1,LONG: nifty_d0 <= -0.0127,[1731],1,1.3017278,1.0792103,97,1.2160693681411479,67,6
30,upto1,38,1,LONG: r1w <= -0.04535,[3],1,1.1944531,1.075602,181,-0.535496668214285,152,8
30,upto1,39,1,LONG: gap5 <= -0.005447,[1683],1,1.154675,1.075316,271,0.44858350355207605,303,8
30,upto1,40,1,LONG: r6m <= -0.2056,[79],1,1.3060364,1.0707145,91,0.8163076695226836,139,8
30,upto1,41,1,LONG: vol5_60 >= 1.474,[2031],1,1.2861227,1.0543889,91,0.3332045139720552,92,8
30,upto1,42,1,SHORT: own_dp1 <= -0.02953,[2218],-1,1.3103803,1.0483043,80,-1.527024762529755,2,2
30,upto1,43,1,SHORT: r20d >= 0.1613,[1624],-1,1.2217058,1.0015787,91,-0.8966480387205297,76,7
30,upto1,44,1,SHORT: log_mcap >= 13.27,[1037],-1,1.2399055,0.9894195,79,-0.4242811351973296,60,8
30,upto1,45,1,LONG: sec_reported_3d <= -0.02704,[1421],1,1.1872185,0.9893488,100,0.640523769607451,71,8
30,upto1,46,1,LONG: intra5 <= -0.07274,[1705],1,1.2026321,0.9859416,91,-0.16052755414787437,53,7
30,upto1,47,1,SHORT: own_dp1 <= -0.02166,[2220],-1,1.0930634,0.9709334,159,0.5336577336724904,21,8
30,upto1,48,1,LONG: sector_index == Nifty 500,[2328],1,1.1130172,0.96752477,133,0.0634896639881606,112,8
30,upto1,49,1,LONG: industry == Automobiles - 2 And 3 Wheelers,[2347],1,1.4031595,0.95052737,42,0.5547128480257301,24,8
30,upto1,50,1,SHORT: iv_t5 >= 0.5038,[1089],-1,1.1759833,0.9453984,82,1.2936314142482275,30,6
30,upto1,51,1,SHORT: own_rd <= -0.01896,[2192],-1,1.1723158,0.93785274,80,1.1995378695864156,13,8
30,upto1,52,1,SHORT: dist_20l >= 0.1684,[1980],-1,1.1300735,0.9264567,91,-1.0252615947943868,87,7
30,upto1,53,1,LONG: exn_d0 <= -0.02445,[1783],1,1.1206933,0.91876656,91,0.5265666810463802,82,8
30,upto1,54,1,SHORT: industry == Steel And Steel Products,[2344],-1,1.2237338,0.89740473,55,-0.4904649831464039,39,8
30,upto1,55,1,LONG: nifty_d0 >= 0.01228,[1754],1,1.0702982,0.8904162,99,1.0031576189705913,70,5
30,upto1,56,1,LONG: from_52w_high >= 0,[206],1,1.0305787,0.88335323,120,0.6170544425476171,52,7
30,upto1,57,1,LONG: dist_60h <= -0.1501,[1985],1,0.97470105,0.8777158,181,0.17644867486378732,244,8
30,upto1,58,1,LONG: india_vix >= 21.07,[671],1,0.9581803,0.86469936,185,4.5160836222074945,13,2
30,upto1,59,1,LONG: prev2_sum >= 0.1246,[725],1,1.0692548,0.85540384,80,-0.1652079802856518,69,8
30,upto1,60,1,LONG: sec_vs_50dma <= -0.05535,[1341],1,1.0587196,0.8551197,84,0.4533316679676375,71,5
30,upto1,61,1,LONG: days_since_dividend <= 32,[1042],1,0.94688886,0.8540567,184,0.05519330858485825,135,7
30,upto1,62,1,LONG: r1m <= -0.1077,[27],1,1.035486,0.848912,91,0.06022031392053702,95,7
30,upto1,63,1,SHORT: own_rd <= -0.01373,[2194],-1,0.9453711,0.83974314,159,0.7358706631588013,40,8
30,upto1,64,1,LONG: r3y >= 3.213,[154],1,1.0172318,0.83228064,90,-0.8772520093355866,91,8
30,upto1,65,1,LONG: sector_1w <= -0.04395,[338],1,0.9979617,0.81814873,91,-2.0826348846904206,28,6
30,upto1,66,1,LONG: r6m <= -0.1418,[81],1,0.9057591,0.8156338,181,0.42220335233470146,252,8
30,upto1,67,1,SHORT: nifty_1w >= 0.0227,[435],-1,0.8742824,0.81520927,276,-0.5322412080097163,134,6
30,upto1,68,1,LONG: maxabs5 >= 0.05845,[2083],1,0.985737,0.80812675,91,0.1834991864092209,59,8
30,upto1,69,1,LONG: pb >= 4.889,[923],1,0.8417659,0.7996775,380,-0.09477844404672829,748,8
30,upto1,70,1,LONG: pb >= 6.201,[925],1,0.8448012,0.792653,304,-0.20450625290169336,599,8
30,upto1,71,1,LONG: sec_3d <= -0.03539,[1887],1,0.96315444,0.78961307,91,-0.4669950946545731,43,6
30,upto1,72,1,LONG: dist_20h <= -0.1001,[1941],1,0.8766962,0.7894628,181,-0.1718244610151747,164,8
30,upto1,73,1,LONG: intra0 <= -0.03025,[1653],1,0.95791405,0.785317,91,-0.07105162109370294,80,7
30,upto1,74,1,LONG: r10d <= -0.04525,[1579],1,0.84276694,0.7848448,271,0.1294611988972614,256,8
30,upto1,75,1,LONG: pre5_vs_own <= -0.04449,[2274],1,0.84799415,0.78251195,239,-0.6251408721304386,211,8
30,upto1,76,1,LONG: nifty_1w <= -0.02519,[418],1,0.8664422,0.7823216,186,-0.7716349874995209,43,4
30,upto1,77,1,SHORT: nifty_3d >= 0.02401,[1780],-1,0.94158965,0.7763985,94,-2.627750999309108,40,4
30,upto1,78,1,LONG: pre5_vs_own <= -0.0795,[2270],1,0.9659385,0.7727508,80,1.0853636505931201,59,8
30,upto1,79,1,LONG: z5 <= -1.166,[2088],1,0.85376203,0.76881063,181,-0.508939850760809,169,8
30,upto1,80,1,LONG: d0 <= -0.02119,[1447],1,0.8501486,0.76555663,181,-0.03693803161466943,153,8
30,upto1,81,1,LONG: prev2_sum >= 0.08934,[723],1,0.8543882,0.7589258,159,-0.6641818102058787,141,8
30,upto1,82,1,SHORT: sector_3m >= 0.1995,[569],-1,0.9267981,0.75828934,90,1.8865675576372951,4,3
30,upto1,83,1,LONG: r20d <= -0.1057,[1601],1,0.9249252,0.75827205,91,0.2120061814091565,96,7
30,upto1,84,1,LONG: z5 >= 1.737,[2109],1,0.92465466,0.7580502,91,1.1106089379127027,60,8
30,upto1,85,1,LONG: vs_ma200 <= -0.09908,[262],1,0.8413475,0.75763136,181,0.08943421821880398,266,8
30,upto1,86,1,LONG: r1w <= -0.03521,[5],1,0.8127759,0.75691503,271,-0.5604295879220509,229,8
30,upto1,87,1,LONG: debt_equity >= 1.552,[981],1,0.8921243,0.7527299,108,-0.2237246509397243,167,8
30,upto1,88,1,LONG: roe >= 0.1858,[951],1,0.80084044,0.75140584,304,-0.19608770308771145,490,8
30,upto1,89,1,LONG: peers_reported_3d >= 0.04528,[1165],1,0.87789977,0.7478406,115,-0.6293287647485568,106,8
30,upto1,90,1,SHORT: days_after_quarter_end <= 21,[1122],-1,0.79774,0.74708986,295,0.07736675837816556,246,8
30,upto1,91,1,SHORT: nifty_1w >= 0.018,[433],-1,0.7871903,0.7460838,363,-0.3775931448461727,177,6
30,upto1,92,1,LONG: sec_d0 <= -0.0188,[1861],1,0.90437067,0.7428759,92,0.042039736665780154,56,6
30,upto1,93,1,LONG: vs_sector_1m <= -0.09598,[468],1,0.90217274,0.739619,91,-0.23388274888976632,82,8
30,upto1,94,1,LONG: pb >= 10.37,[929],1,0.8293811,0.73294145,152,-0.04407863314508027,363,8
30,upto1,95,1,SHORT: own_dm1 >= 0.01007,[2185],-1,0.7881603,0.7272985,239,-0.7992649505068439,86,8
30,upto1,96,1,SHORT: past_avg_3d <= -0.03404,[728],-1,0.9234246,0.72695124,74,3.6213224489051767,6,5
30,upto1,97,1,LONG: vol5_60 >= 1.16,[2027],1,0.7757363,0.72242105,271,0.2691119456386714,274,8
30,upto1,98,1,SHORT: z20 >= 1.9,[2135],-1,0.88018477,0.72159296,91,-0.7096763487045407,47,7
30,upto1,99,1,LONG: intra5 <= -0.05216,[1707],1,0.80077845,0.72109896,181,-0.2912736757163067,129,8
30,upto1,100,1,LONG: sec_reported_3d <= -0.02257,[1423],1,0.8141253,0.7183459,150,0.7594566000418872,88,8
