min_trades,list,rank,level,rule,conds,sign,is_avg_pct,is_obj_pct,is_trades,oos_avg_pct,oos_trades,oos_quarters
10,all,1,3,LONG: roe >= 0.1161 AND iv_t5 >= 0.3303 AND vol5_60 >= 1.474,"[945, 1077, 2031]",1,13.107928,13.107928,10,1.8287077334035984,26,8
10,all,2,3,LONG: intra0 >= 0.02754 AND sec_d0 >= 0.01026 AND own_rd >= 0.004413,"[1676, 1880, 2207]",1,12.134697,12.134697,10,0.35756437419093806,5,4
10,all,3,3,LONG: roe >= 0.1363 AND iv_t5 >= 0.3096 AND vol5_60 >= 1.474,"[947, 1075, 2031]",1,12.00871,12.00871,10,1.2857115658823108,31,8
10,all,4,3,LONG: exn_d0 >= 0.02795 AND sec_d0 >= 0.00848 AND own_rd >= 0.004413,"[1806, 1878, 2207]",1,11.739445,11.739445,10,-0.09054660917748786,5,4
10,all,5,3,LONG: roe >= 0.1161 AND iv_t5 >= 0.3096 AND vol5_60 >= 1.474,"[945, 1075, 2031]",1,11.712543,11.712543,12,1.1241733371694522,36,8
10,all,6,3,LONG: intra0 >= 0.02754 AND sec_d0 >= 0.00848 AND own_rd >= 0.004413,"[1676, 1878, 2207]",1,11.686427,11.686427,11,0.35756437419093806,5,4
10,all,7,3,LONG: roe >= 0.06318 AND vol5_60 >= 1.474 AND own_rd >= 0.004413,"[939, 2031, 2207]",1,11.567264,11.567264,10,1.782598717377068,17,5
10,all,8,3,LONG: roe >= 0.07781 AND vol5_60 >= 1.474 AND own_rd >= 0.004413,"[941, 2031, 2207]",1,11.567264,11.567264,10,1.782598717377068,17,5
10,all,9,3,LONG: roe >= 0.0905 AND vol5_60 >= 1.474 AND own_rd >= 0.004413,"[943, 2031, 2207]",1,11.567264,11.567264,10,2.0659131256148964,15,5
10,all,10,3,LONG: roe >= 0.1161 AND vol5_60 >= 1.474 AND own_rd >= 0.004413,"[945, 2031, 2207]",1,11.567264,11.567264,10,2.166438699688932,12,3
10,all,11,3,LONG: pe >= 14.37 AND intra0 >= 0.02754 AND own_rd >= 0.004413,"[891, 1676, 2207]",1,11.325817,11.325817,10,3.2179564572475834,6,6
10,all,12,3,LONG: roe >= 0.0289 AND vol5_60 >= 1.474 AND own_rd >= 0.004413,"[937, 2031, 2207]",1,11.298873,11.298873,11,1.782598717377068,17,5
10,all,13,3,LONG: prev1_next20 >= 0.03534 AND d0 >= 0.03278 AND own_rd >= 0.004413,"[791, 1468, 2207]",1,11.287526,11.287526,10,2.9266008937842565,3,2
10,all,14,3,LONG: gap0 >= 0.009057 AND intra0 >= 0.02754 AND up10 <= 0.6,"[1648, 1676, 2144]",1,11.2467785,11.2467785,10,1.64651521530139,2,2
10,all,15,3,LONG: roe >= 0.1161 AND intra0 >= 0.02754 AND own_rd >= 0.002313,"[945, 1676, 2205]",1,11.144173,11.144173,10,2.2853441255022515,15,6
10,all,16,3,LONG: roe >= 0.06318 AND intra0 >= 0.02754 AND own_rd >= 0.002313,"[939, 1676, 2205]",1,11.144173,11.144173,10,1.8597290691381119,18,8
10,all,17,3,LONG: roe >= 0.0905 AND intra0 >= 0.02754 AND own_rd >= 0.002313,"[943, 1676, 2205]",1,11.144173,11.144173,10,1.811646465961175,17,8
10,all,18,3,LONG: roe >= 0.07781 AND intra0 >= 0.02754 AND own_rd >= 0.002313,"[941, 1676, 2205]",1,11.144173,11.144173,10,1.8597290691381119,18,8
10,all,19,3,LONG: vs_sector_3m >= -0.08323 AND days_since_dividend >= 247 AND peers_reported_3d >= 0.06516,"[577, 1055, 1167]",1,11.004391,11.004391,10,1.7892834334924308,17,4
10,all,20,3,LONG: pb >= 4.889 AND gap0 >= 0.00758 AND own_rd >= 0.004413,"[923, 1646, 2207]",1,10.92093,10.92093,12,-0.11943731826927663,24,7
10,all,21,3,LONG: volume_5d_vs_60d >= 0.9389 AND prev_net_margin >= 0.2032 AND d0 >= 0.03278,"[325, 877, 1468]",1,10.90917,10.90917,10,0.32348133147545377,16,7
10,all,22,3,LONG: volume_5d_vs_60d >= 1.034 AND prev_net_margin >= 0.2032 AND d0 >= 0.03278,"[327, 877, 1468]",1,10.90917,10.90917,10,-0.034960323707764515,15,6
10,all,23,3,LONG: days_since_dividend >= 182.6 AND peers_reported_3d >= 0.04528 AND gap5 >= 0.02182,"[1053, 1165, 1696]",1,10.900639,10.900639,10,0.7211585139945129,7,5
10,all,24,3,LONG: days_since_dividend >= 247 AND peers_reported_3d >= 0.06516 AND up10 >= 0.4,"[1055, 1167, 2139]",1,10.891099,10.891099,10,-0.06949506814996731,20,4
10,all,25,3,LONG: days_since_dividend >= 247 AND peers_reported_3d >= 0.06516 AND r20d >= -0.05867,"[1055, 1167, 1604]",1,10.891099,10.891099,10,0.16446008462212813,19,3
10,all,26,3,LONG: days_since_dividend >= 247 AND peers_reported_3d >= 0.06516 AND r20d >= -0.07609,"[1055, 1167, 1602]",1,10.891099,10.891099,10,0.16446008462212813,19,3
10,all,27,3,LONG: r1m >= -0.04534 AND days_since_dividend >= 247 AND peers_reported_3d >= 0.06516,"[32, 1055, 1167]",1,10.891099,10.891099,10,0.16446008462212813,19,3
10,all,28,3,LONG: r1m >= -0.0588 AND days_since_dividend >= 247 AND peers_reported_3d >= 0.06516,"[30, 1055, 1167]",1,10.891099,10.891099,10,0.16446008462212813,19,3
10,all,29,3,LONG: vs_ma50 >= -0.03362 AND days_since_dividend >= 247 AND peers_reported_3d >= 0.06516,"[239, 1055, 1167]",1,10.891099,10.891099,10,-0.06949506814996731,20,4
10,all,30,3,LONG: vs_ma50 >= -0.0136 AND days_since_dividend >= 247 AND peers_reported_3d >= 0.06516,"[241, 1055, 1167]",1,10.891099,10.891099,10,2.3394993196604097,17,3
10,all,31,3,LONG: vs_ma200 >= 0.1631 AND own_dp1 >= 0.01078 AND sector_index == Nifty 500,"[275, 2235, 2328]",1,10.83865,10.83865,10,-9.82915638246391,1,1
10,all,32,3,LONG: vs_ma200 >= 0.1208 AND own_dp1 >= 0.01078 AND sector_index == Nifty 500,"[273, 2235, 2328]",1,10.83865,10.83865,10,-6.68030466944378,2,2
10,all,33,3,LONG: r6m >= 0.2295 AND own_dp1 >= 0.01078 AND sector_index == Nifty 500,"[94, 2235, 2328]",1,10.83865,10.83865,10,-6.68030466944378,2,2
10,all,34,3,LONG: days_since_dividend >= 182.6 AND peers_reported_3d >= 0.06516 AND gap0 >= 0.00355,"[1053, 1167, 1640]",1,10.7797985,10.7797985,10,1.65845650620104,9,6
10,all,35,3,LONG: days_since_dividend >= 84 AND peers_reported_3d >= 0.06516 AND gap5 >= 0.01368,"[1047, 1167, 1692]",1,10.771276,10.771276,10,-0.831009149432013,16,6
10,all,36,3,LONG: days_since_dividend >= 105 AND peers_reported_3d >= 0.06516 AND gap5 >= 0.01368,"[1049, 1167, 1692]",1,10.771276,10.771276,10,-1.3140335809237225,14,5
10,all,37,3,LONG: days_since_dividend >= 182.6 AND peers_reported_3d >= 0.06516 AND gap5 >= 0.01368,"[1053, 1167, 1692]",1,10.771276,10.771276,10,0.4359805796727556,11,5
10,all,38,3,LONG: days_since_dividend >= 154 AND peers_reported_3d >= 0.06516 AND gap5 >= 0.01368,"[1051, 1167, 1692]",1,10.771276,10.771276,10,-0.039301395455529096,12,5
10,all,39,3,LONG: days_since_dividend >= 247 AND peers_reported_3d >= 0.06516 AND vol5_60 >= 0.5038,"[1055, 1167, 2013]",1,10.726662,10.726662,10,-0.47387497199828776,18,4
10,all,40,3,LONG: vs_sector_3m >= 0.03546 AND intra0 >= 0.02754 AND own_rd >= 0.004413,"[585, 1676, 2207]",1,10.7229185,10.7229185,10,2.525595426216194,5,4
10,all,41,3,LONG: r5y >= 0.1431 AND days_since_dividend >= 247 AND peers_reported_3d >= 0.06516,"[162, 1055, 1167]",1,10.701684,10.701684,10,-0.23385005511619722,18,4
10,all,42,3,LONG: volume_5d_vs_60d >= 1.034 AND nifty_d0 >= 0.007462 AND exn_d0 >= 0.02795,"[327, 1748, 1806]",1,10.694836,10.694836,10,0.11299590102022009,4,3
10,all,43,3,LONG: pb >= 3.771 AND gap0 >= 0.009057 AND own_rd >= 0.004413,"[921, 1648, 2207]",1,10.694359,10.694359,10,-0.316547726192368,19,8
10,all,44,3,LONG: pb >= 4.889 AND gap0 >= 0.009057 AND own_rd >= 0.004413,"[923, 1648, 2207]",1,10.694359,10.694359,10,-0.24722124071035534,17,7
10,all,45,3,LONG: days_since_dividend >= 247 AND peers_reported_3d >= 0.06516 AND maxabs5 >= 0.01244,"[1055, 1167, 2061]",1,10.600402,10.600402,10,0.295822424899538,18,4
10,all,46,3,LONG: vs_sector_1m >= -0.05738 AND days_since_dividend >= 247 AND peers_reported_3d >= 0.06516,"[471, 1055, 1167]",1,10.56873,10.56873,10,-0.24700793955115133,19,4
10,all,47,3,LONG: vs_sector_1m >= -0.0452 AND days_since_dividend >= 247 AND peers_reported_3d >= 0.06516,"[473, 1055, 1167]",1,10.56873,10.56873,10,0.039457519441730676,18,4
10,all,48,3,LONG: vs_sector_3m >= 0.06695 AND pb >= 6.201 AND maxabs5 >= 0.04811,"[587, 925, 2081]",1,10.554571,10.554571,10,0.5082543067559961,17,7
10,all,49,3,LONG: vs_sector_3m >= 0.06695 AND pb >= 4.889 AND maxabs5 >= 0.04811,"[587, 923, 2081]",1,10.554571,10.554571,10,-0.38956983117110466,21,8
10,all,50,3,LONG: vs_nifty_3m >= 0.08395 AND roe >= 0.1858 AND vol5_60 >= 1.278,"[613, 951, 2029]",1,10.553304,10.553304,10,2.0969507182958056,16,7
10,all,51,3,LONG: days_since_dividend >= 247 AND peers_reported_3d >= 0.06516 AND season_so_far_3d >= -0.002416,"[1055, 1167, 1192]",1,10.534545,10.534545,10,2.1841193885501107,14,2
10,all,52,3,LONG: days_since_dividend >= 247 AND peers_reported_3d >= 0.06516 AND season_so_far_3d >= -0.009079,"[1055, 1167, 1190]",1,10.534545,10.534545,10,-0.6312417811340275,16,4
10,all,53,3,LONG: nifty_1m >= 0.002643 AND days_since_dividend >= 247 AND peers_reported_3d >= 0.06516,"[529, 1055, 1167]",1,10.534545,10.534545,10,1.7713006406617733,12,2
10,all,54,3,LONG: nifty_3m >= -0.02235 AND days_since_dividend >= 247 AND peers_reported_3d >= 0.06516,"[629, 1055, 1167]",1,10.534545,10.534545,10,-2.6389494504131332,12,3
10,all,55,3,LONG: nifty_3m >= -0.03871 AND days_since_dividend >= 247 AND peers_reported_3d >= 0.06516,"[625, 1055, 1167]",1,10.534545,10.534545,10,-2.6389494504131332,12,3
10,all,56,3,LONG: nifty_3m >= -0.02797 AND days_since_dividend >= 247 AND peers_reported_3d >= 0.06516,"[627, 1055, 1167]",1,10.534545,10.534545,10,-2.6389494504131332,12,3
10,all,57,3,LONG: nifty_1m >= -0.0055 AND days_since_dividend >= 247 AND peers_reported_3d >= 0.06516,"[527, 1055, 1167]",1,10.534545,10.534545,10,1.7713006406617733,12,2
10,all,58,3,LONG: nifty_3m >= -0.005651 AND days_since_dividend >= 247 AND peers_reported_3d >= 0.06516,"[631, 1055, 1167]",1,10.534545,10.534545,10,-2.6389494504131332,12,3
10,all,59,3,LONG: days_since_dividend >= 247 AND peers_reported_3d >= 0.06516 AND nifty_3d >= -0.01016,"[1055, 1167, 1762]",1,10.534545,10.534545,10,-0.7348450430172997,17,4
10,all,60,3,LONG: days_since_dividend >= 247 AND peers_reported_3d >= 0.06516 AND season_so_far_3d >= 0.001229,"[1055, 1167, 1194]",1,10.534545,10.534545,10,2.1841193885501107,14,2
10,all,61,3,LONG: days_since_dividend >= 247 AND peers_reported_3d >= 0.06516 AND season_so_far_3d >= -0.01075,"[1055, 1167, 1188]",1,10.534545,10.534545,10,-0.6312417811340275,16,4
10,all,62,3,LONG: days_since_dividend >= 247 AND peers_reported_3d >= 0.06516 AND season_so_far_3d >= 0.003064,"[1055, 1167, 1196]",1,10.534545,10.534545,10,1.74718236558614,10,2
10,all,63,3,LONG: peers_reported_3d >= 0.06516 AND d2 <= 0.0214 AND gap5 >= 0.02182,"[1167, 1519, 1696]",1,10.504906,10.504906,10,-0.49471325236706687,13,6
10,all,64,3,LONG: peers_reported_3d >= 0.06516 AND d2 <= 0.0214 AND gap5 >= 0.01721,"[1167, 1519, 1694]",1,10.504906,10.504906,10,-0.7221675043007405,15,6
10,all,65,3,LONG: vol60 <= 0.4275 AND peers_reported_3d >= 0.06516 AND gap5 >= 0.01721,"[308, 1167, 1694]",1,10.463485,10.463485,10,-1.3016606427535644,18,6
10,all,66,3,LONG: vol60 <= 0.4275 AND peers_reported_3d >= 0.06516 AND gap5 >= 0.02182,"[308, 1167, 1696]",1,10.463485,10.463485,10,-1.396369753563944,15,6
10,all,67,3,LONG: vs_nifty_3m >= -0.1013 AND days_since_dividend >= 247 AND peers_reported_3d >= 0.06516,"[601, 1055, 1167]",1,10.44247,10.44247,10,-0.06949506814996731,20,4
10,all,68,3,LONG: pb >= 6.201 AND d2 <= 0.008204 AND maxabs5 >= 0.04811,"[925, 1513, 2081]",1,10.438465,10.438465,11,0.2682666430680703,34,8
10,all,69,3,LONG: past_pct_up >= 0.3333 AND nifty_d0 >= 0.007462 AND exn_d0 >= 0.02795,"[759, 1748, 1806]",1,10.43701,10.43701,10,0.17312556805483806,5,3
10,all,70,3,LONG: intra0 >= 0.02754 AND maxabs5 >= 0.04188 AND own_rd >= 0.004413,"[1676, 2079, 2207]",1,10.436993,10.436993,10,0.5423492440356049,6,4
10,all,71,3,LONG: pb >= 6.201 AND maxabs5 >= 0.04188 AND own_rd >= 0.002313,"[925, 2079, 2205]",1,10.425288,10.425288,11,-1.2265319295033938,38,8
10,all,72,3,LONG: r3m >= 0.1813 AND intra0 >= 0.02754 AND own_rd >= 0.002313,"[70, 1676, 2205]",1,10.423413,10.423413,10,11.40089022760972,2,2
10,all,73,3,LONG: pb >= 6.201 AND vol20_60 >= 1.128 AND maxabs5 >= 0.04811,"[925, 2053, 2081]",1,10.41487,10.41487,10,0.8796967572467111,25,6
10,all,74,3,LONG: days_since_dividend >= 247 AND peers_reported_3d >= 0.06516 AND d1 >= -0.007386,"[1055, 1167, 1478]",1,10.410034,10.410034,11,-1.6844346412961,13,4
10,all,75,3,LONG: days_since_dividend >= 247 AND peers_reported_3d >= 0.06516 AND fin_type == Company,"[1055, 1167, 2320]",1,10.410034,10.410034,11,-0.8760275828457247,16,4
10,all,76,3,LONG: prev_pat_yoy >= 0.01386 AND days_since_dividend >= 247 AND peers_reported_3d >= 0.06516,"[811, 1055, 1167]",1,10.399282,10.399282,10,-0.37035462537150926,12,4
10,all,77,3,LONG: roe >= 0.0905 AND iv_t5 >= 0.3303 AND vol5_60 >= 1.474,"[943, 1077, 2031]",1,10.3929405,10.3929405,12,1.9286593737659536,29,8
10,all,78,3,LONG: roe >= 0.07781 AND iv_t5 >= 0.3303 AND vol5_60 >= 1.474,"[941, 1077, 2031]",1,10.3929405,10.3929405,12,2.1263540536043406,31,8
10,all,79,3,LONG: days_since_dividend >= 247 AND peers_reported_3d >= 0.06516 AND r10d >= -0.08012,"[1055, 1167, 1574]",1,10.391622,10.391622,10,-0.06949506814996731,20,4
10,all,80,3,LONG: days_since_dividend >= 247 AND peers_reported_3d >= 0.06516 AND r10d >= -0.06029,"[1055, 1167, 1576]",1,10.391622,10.391622,10,-0.06949506814996731,20,4
10,all,81,3,LONG: vs_nifty_3m >= 0.08395 AND roe >= 0.1363 AND vol5_60 >= 1.474,"[613, 947, 2031]",1,10.371329,10.371329,10,3.390451637230605,10,5
10,all,82,3,LONG: vs_nifty_1m >= 0.1032 AND pb >= 6.201 AND pe_vs_peers <= -0.007256,"[515, 925, 1000]",1,10.37011,10.37011,10,0.1447087036054292,12,5
10,all,83,3,LONG: vs_ma200 >= 0.04723 AND pb >= 6.201 AND vol5_60 >= 1.474,"[269, 925, 2031]",1,10.3354435,10.3354435,10,1.946607238497417,12,6
10,all,84,3,LONG: pb >= 4.889 AND vol20_60 >= 1.128 AND maxabs5 >= 0.04811,"[923, 2053, 2081]",1,10.331715,10.331715,11,0.8012507841557869,30,6
10,all,85,3,LONG: r6m >= 0.3856 AND past_pct_up >= 0.5 AND sector_index == Nifty 500,"[98, 765, 2328]",1,10.326606,10.326606,10,-2.1551704610268083,5,3
10,all,86,3,LONG: days_since_dividend >= 247 AND peers_reported_3d >= 0.06516 AND vol20_60 >= 0.7452,"[1055, 1167, 2039]",1,10.3224325,10.3224325,11,-0.47387497199828776,18,4
10,all,87,3,LONG: days_since_dividend >= 247 AND peers_reported_3d >= 0.06516 AND vol20_60 >= 0.705,"[1055, 1167, 2037]",1,10.3224325,10.3224325,11,-0.4743999660710271,19,4
10,all,88,3,LONG: days_since_dividend >= 247 AND peers_reported_3d >= 0.06516 AND vol20_60 >= 0.6513,"[1055, 1167, 2035]",1,10.3224325,10.3224325,11,-0.4743999660710271,19,4
10,all,89,3,LONG: intra0 >= 0.02754 AND own_rd >= 0.004413 AND n_prior >= 7,"[1676, 2207, 2306]",1,10.312143,10.312143,11,2.1114420964090153,11,7
10,all,90,3,LONG: roe >= 0.0905 AND nifty_d0 >= 0.001918 AND exn_d0 >= 0.02795,"[943, 1744, 1806]",1,10.282087,10.282087,10,-0.8010971540346589,15,7
10,all,91,3,LONG: roe >= 0.07781 AND nifty_d0 >= 0.001918 AND exn_d0 >= 0.02795,"[941, 1744, 1806]",1,10.282087,10.282087,10,-0.4273236718161195,18,8
10,all,92,3,LONG: pb >= 4.889 AND vol5_60 >= 1.474 AND maxabs5 >= 0.04811,"[923, 2031, 2081]",1,10.277756,10.277756,10,-0.45243800042996474,29,8
10,all,93,3,LONG: exn_d0 >= 0.02795 AND own_rd >= 0.004413 AND n_prior >= 7,"[1806, 2207, 2306]",1,10.26896,10.26896,10,3.2086786144673414,14,7
10,all,94,3,LONG: from_52w_low >= 0.6105 AND own_dp1 >= 0.01078 AND sector_index == Nifty 500,"[223, 2235, 2328]",1,10.253866,10.253866,10,-3.205009790370667,3,2
10,all,95,3,LONG: volume_5d_vs_60d >= 1.034 AND prev_net_margin >= 0.1674 AND d0 >= 0.03278,"[327, 875, 1468]",1,10.240134,10.240134,12,-0.09077205452136138,16,7
10,all,96,3,LONG: volume_5d_vs_60d >= 0.9389 AND prev_net_margin >= 0.1674 AND d0 >= 0.03278,"[325, 875, 1468]",1,10.240134,10.240134,12,0.24986784040482063,17,8
10,all,97,3,LONG: days_since_dividend >= 247 AND peers_reported_3d >= 0.06516 AND gap0 >= -0.00162,"[1055, 1167, 1632]",1,10.212178,10.212178,10,-1.5099454652557753,14,4
10,all,98,3,LONG: vs_nifty_1m >= -0.05129 AND days_since_dividend >= 247 AND peers_reported_3d >= 0.06516,"[499, 1055, 1167]",1,10.188282,10.188282,10,-0.009917104480671981,18,3
10,all,99,3,LONG: roe >= 0.1161 AND maxabs5 >= 0.05845 AND own_rd >= 0.002313,"[945, 2083, 2205]",1,10.186069,10.186069,10,1.502212050780381,17,7
10,all,100,3,LONG: r3y >= 3.213 AND roe >= 0.1616 AND gap0 >= 0.006435,"[154, 949, 1644]",1,10.142202,10.142202,10,1.0997869506707363,11,5
10,upto2,1,2,LONG: prev_sales_yoy >= 0.404 AND pb >= 12.56,"[849, 931]",1,8.7687435,8.7687435,10,-0.3240710037499989,28,8
10,upto2,2,2,LONG: peers_reported_3d >= 0.06516 AND gap5 >= 0.01721,"[1167, 1694]",1,8.218947,8.218947,12,-1.3016606427535644,18,6
10,upto2,3,2,LONG: peers_reported_3d >= 0.06516 AND gap5 >= 0.02182,"[1167, 1696]",1,8.218947,8.218947,12,-1.396369753563944,15,6
10,upto2,4,2,LONG: pb >= 6.201 AND maxabs5 >= 0.05845,"[925, 2083]",1,7.9582224,7.9582224,11,-1.689652841029406,24,7
10,upto2,5,2,LONG: days_since_dividend >= 247 AND peers_reported_3d >= 0.06516,"[1055, 1167]",1,7.9291306,7.9291306,14,-0.06949506814996731,20,4
10,upto2,6,2,LONG: prev_sales_yoy >= 0.3391 AND pb >= 15.85,"[847, 933]",1,7.883662,7.883662,10,-0.22316133879856112,27,8
10,upto2,7,2,LONG: pb >= 20.71 AND pe_vs_peers >= 0.1652,"[935, 1001]",1,7.768128,7.768128,10,-0.6179437814268761,39,8
10,upto2,8,2,LONG: prev_sales_yoy >= 0.404 AND pb >= 10.37,"[849, 929]",1,7.76526,7.76526,11,-0.03703328859246181,34,8
10,upto2,9,2,SHORT: r20d >= 0.1613 AND intra0 <= -0.01753,"[1624, 1657]",-1,7.6867476,7.6867476,12,-1.4226585883793985,7,2
10,upto2,10,2,LONG: r5y >= 2.73 AND pb >= 20.71,"[176, 935]",1,7.6811447,7.6811447,10,0.06647619864975196,40,8
10,upto2,11,2,LONG: prev_sales_yoy >= 0.3391 AND pb >= 12.56,"[847, 931]",1,7.6685576,7.6685576,11,-0.1994337736926848,41,8
10,upto2,12,2,LONG: vs_ma200 >= 0.2223 AND pb >= 20.71,"[277, 935]",1,7.59942,7.59942,10,0.3119580833228592,12,7
10,upto2,13,2,SHORT: intra0 <= -0.03025 AND sec_3d >= 0.01161,"[1653, 1902]",-1,7.571189,7.571189,10,0.6225478682459239,13,6
10,upto2,14,2,SHORT: vs_ma50 >= 0.145 AND intra0 <= -0.0223,"[257, 1655]",-1,7.4434214,7.4434214,11,-1.6202963608223033,3,2
10,upto2,15,2,LONG: r6m >= 0.3235 AND pb >= 20.71,"[96, 935]",1,7.3936133,7.3936133,11,0.13669523065093836,15,6
10,upto2,16,2,SHORT: r1m >= 0.1653 AND intra0 <= -0.0223,"[50, 1655]",-1,7.3473573,7.3473573,10,0.62651575223504,5,2
10,upto2,17,2,LONG: from_52w_low >= 1.446 AND iv_t5 <= 0.3783,"[231, 1082]",1,7.3305516,7.3305516,12,-4.86600408835856,2,1
10,upto2,18,2,LONG: prev_pat_yoy >= 1.429 AND pb >= 6.201,"[825, 925]",1,7.3293114,7.3293114,10,0.6733186867167464,38,8
10,upto2,19,2,LONG: nifty_d0 >= 0.00837 AND exn_d0 >= 0.02795,"[1750, 1806]",1,7.250991,7.250991,14,0.07429473069213002,5,3
10,upto2,20,2,LONG: pe >= 115.8 AND roe >= 0.1363,"[909, 947]",1,7.2338514,7.2338514,11,-1.3835027090049012,11,7
10,upto2,21,2,LONG: peers_reported_3d >= 0.06516 AND gap0 >= 0.006435,"[1167, 1644]",1,7.1891694,7.1891694,11,-1.6118335747017822,12,6
10,upto2,22,2,LONG: pb >= 20.71 AND pe_vs_peers >= -0.007256,"[935, 999]",1,7.136134,7.136134,12,-0.33758886026045515,46,8
10,upto2,23,2,LONG: r1y >= 1.32 AND iv_t5 <= 0.3783,"[128, 1082]",1,7.129603,7.129603,12,-8.32306018533901,3,1
10,upto2,24,2,LONG: from_52w_high <= -0.35 AND d1 <= -0.02765,"[183, 1471]",1,7.0928535,7.0928535,11,2.166572772955583,10,6
10,upto2,25,2,LONG: pb >= 4.889 AND maxabs5 >= 0.05845,"[923, 2083]",1,7.027804,7.027804,13,-1.5177944660802272,29,8
10,upto2,26,2,SHORT: vs_ma50 >= 0.145 AND log_mcap <= 10.24,"[257, 1016]",-1,7.025818,7.025818,10,0.5197212609093859,5,3
10,upto2,27,2,LONG: from_52w_high >= -0.1951 AND vs_ma50 <= -0.08939,"[188, 234]",1,7.009803,7.009803,12,-3.5499805383419982,13,5
10,upto2,28,2,LONG: from_52w_low >= 1.446 AND past_avg_3d >= 0.0107,"[231, 743]",1,6.9261365,6.9261365,11,-3.024372163100872,5,3
10,upto2,29,2,LONG: peers_reported_3d >= 0.04528 AND gap5 >= 0.02867,"[1165, 1700]",1,6.82963,6.82963,12,0.5826079259503025,8,6
10,upto2,30,2,SHORT: r3y <= -0.2235 AND sec_from_52w_high >= -0.009335,"[131, 1410]",-1,6.8128505,6.8128505,11,2.6957928137355673,4,3
10,upto2,31,2,SHORT: vs_sector_1w <= -0.006129 AND vs_nifty_1m >= 0.1409,"[374, 517]",-1,6.7791357,6.7791357,10,3.5292019628698394,9,5
10,upto2,32,2,LONG: vs_ma200 <= -0.09908 AND volume_5d_vs_60d >= 1.615,"[262, 335]",1,6.77388,6.77388,11,1.3268748211166441,18,5
10,upto2,33,2,SHORT: r3y <= -0.2235 AND vs_ma50 >= 0.07667,"[131, 251]",-1,6.7724504,6.7724504,13,3.144298497272522,5,3
10,upto2,34,2,LONG: iv_vs_realised >= 1.545 AND maxabs5 >= 0.04811,"[1113, 2081]",1,6.7680345,6.7680345,12,-1.3005217431795217,5,2
10,upto2,35,2,LONG: r6m <= -0.2056 AND vol20_60 >= 1.128,"[79, 2053]",1,6.7588835,6.7588835,11,1.5805632813809394,49,6
10,upto2,36,2,LONG: from_52w_low >= 1.446 AND prev2_sum >= 0.1246,"[231, 725]",1,6.755887,6.755887,10,-9.82915638246391,1,1
10,upto2,37,2,LONG: r6m >= 0.6433 AND pb >= 10.37,"[102, 929]",1,6.736264,6.736264,10,1.679849279376975,4,4
10,upto2,38,2,LONG: pb >= 10.37 AND maxabs5 >= 0.04188,"[929, 2079]",1,6.722575,6.722575,10,0.2857773813108227,60,8
10,upto2,39,2,LONG: pb >= 12.56 AND own_rd >= 0.007699,"[931, 2209]",1,6.7089186,6.7089186,10,-1.3351643817280523,32,8
10,upto2,40,2,LONG: vs_sector_1w <= -0.0295 AND pe >= 115.8,"[368, 909]",1,6.668739,6.668739,13,1.380942989558499,12,6
10,upto2,41,2,LONG: roe >= 0.1858 AND maxabs5 >= 0.05845,"[951, 2083]",1,6.6648865,6.6648865,16,0.9129688578255243,17,6
10,upto2,42,2,SHORT: pb <= 1.913 AND sec_vs_nifty_1w >= 0.03446,"[918, 1234]",-1,6.649004,6.649004,10,1.2192591738992984,7,4
10,upto2,43,2,SHORT: from_52w_high <= -0.0924 AND vs_ma50 >= 0.145,"[195, 257]",-1,6.6351905,6.6351905,10,-1.550154557449202,11,4
10,upto2,44,2,LONG: pb >= 20.71 AND own_abs3d >= 0.04066,"[935, 2257]",1,6.5740385,6.5740385,10,-0.5118180604622948,37,8
10,upto2,45,2,LONG: prev_sales_yoy >= 0.2522 AND pb >= 20.71,"[845, 935]",1,6.520625,6.520625,11,-0.06436920858759686,39,8
10,upto2,46,2,SHORT: prev2_sum <= -0.1135 AND d2 >= 0.0214,"[702, 1518]",-1,6.514878,6.514878,10,-3.4725189232343587,10,4
10,upto2,47,2,SHORT: r1m >= 0.1653 AND intra0 <= -0.01753,"[50, 1657]",-1,6.512221,6.512221,12,0.16488001578236133,8,2
10,upto2,48,2,LONG: debt_equity >= 2.499 AND gap0 >= 0.006435,"[985, 1644]",1,6.503203,6.503203,11,0.91433586057526,12,6
10,upto2,49,2,SHORT: vs_nifty_1m >= 0.1409 AND intra0 <= -0.0223,"[517, 1655]",-1,6.4957075,6.4957075,12,-0.8220742205034842,5,2
10,upto2,50,2,LONG: pb >= 20.71 AND iv_t5 >= 0.3096,"[935, 1075]",1,6.4869523,6.4869523,10,0.4153135240106289,46,8
10,upto2,51,2,LONG: gap0 >= 0.009057 AND intra0 >= 0.02754,"[1648, 1676]",1,6.48304,6.48304,14,-1.928853604188003,4,3
10,upto2,52,2,LONG: vs_ma50 <= -0.08939 AND pe >= 63.57,"[234, 903]",1,6.4547257,6.4547257,11,0.5139327886323573,22,5
10,upto2,53,2,SHORT: from_52w_high <= -0.06616 AND vs_ma50 >= 0.145,"[197, 257]",-1,6.4370728,6.4370728,13,-1.240126056442583,13,4
10,upto2,54,2,LONG: from_52w_high <= -0.35 AND exn_3d <= -0.04149,"[183, 1809]",1,6.433108,6.433108,11,3.6955254285365977,12,6
10,upto2,55,2,LONG: roe >= 0.1616 AND maxabs5 >= 0.05845,"[949, 2083]",1,6.43245,6.43245,18,1.0880080829194314,21,7
10,upto2,56,2,LONG: d2 <= -0.01911 AND intra0 >= 0.02754,"[1499, 1676]",1,6.369967,6.369967,13,0.35615911251369303,20,8
10,upto2,57,2,LONG: r1y >= 1.32 AND prev2_sum >= 0.1246,"[128, 725]",1,6.3692517,6.3692517,11,-9.82915638246391,1,1
10,upto2,58,2,LONG: roe >= 0.2401 AND exn_d0 >= 0.02795,"[955, 1806]",1,6.3688965,6.3688965,11,0.61059894133266,14,6
10,upto2,59,2,SHORT: roe <= 0.06318 AND exn_10d >= 0.06736,"[940, 1856]",-1,6.3631353,6.3631353,11,-0.9876382373752313,21,8
10,upto2,60,2,LONG: vs_ma200 <= -0.03308 AND gap5 >= 0.03508,"[266, 1702]",1,6.356621,6.356621,12,1.4644640586219428,30,7
10,upto2,61,2,LONG: iv_vs_realised >= 1.545 AND vol5_60 >= 1.474,"[1113, 2031]",1,6.3536396,6.3536396,13,-1.531132618752761,10,5
10,upto2,62,2,SHORT: r1w >= 0.0442 AND streak <= -2,"[20, 2154]",-1,6.3511796,6.3511796,12,-1.3486924053341325,9,4
10,upto2,63,2,LONG: vs_nifty_1w >= 0.06338 AND debt_equity <= 0.0001726,"[413, 966]",1,6.3496895,6.3496895,10,-0.452328295318374,20,7
10,upto2,64,2,LONG: pb >= 6.201 AND maxabs5 >= 0.04811,"[925, 2081]",1,6.34899,6.34899,20,-1.111515376488355,58,8
10,upto2,65,2,LONG: prev_sales_yoy >= 0.3391 AND pb >= 10.37,"[847, 929]",1,6.329608,6.329608,13,-0.06826895376178903,54,8
10,upto2,66,2,LONG: pb >= 20.71 AND iv_t5 >= 0.2852,"[935, 1073]",1,6.3255405,6.3255405,12,0.1440751858341109,58,8
10,upto2,67,2,LONG: pb <= 2.696 AND iv_vs_realised >= 1.545,"[920, 1113]",1,6.322284,6.322284,10,0.5431675752074798,13,6
10,upto2,68,2,SHORT: r1m >= 0.1653 AND vs_sector_1w <= -0.006129,"[50, 374]",-1,6.303524,6.303524,10,2.340199690080081,10,5
10,upto2,69,2,LONG: pe >= 115.8 AND roe >= 0.1161,"[909, 945]",1,6.3014755,6.3014755,12,0.38858514763349494,13,8
10,upto2,70,2,LONG: debt_equity <= 0.03947 AND pre5_vs_own >= 0.07443,"[970, 2293]",1,6.2886724,6.2886724,11,0.0131744528730382,24,7
10,upto2,71,2,LONG: d1 <= -0.02765 AND nifty_d0 <= -0.01011,"[1471, 1733]",1,6.2851048,6.2851048,12,1.6894148461301204,8,5
10,upto2,72,2,SHORT: r1w >= 0.0442 AND intra0 <= -0.01753,"[20, 1657]",-1,6.277311,6.277311,10,6.349857698007458,11,5
10,upto2,73,2,LONG: r3y >= 3.213 AND pb >= 10.37,"[154, 929]",1,6.2741213,6.2741213,12,0.8613205325992686,39,8
10,upto2,74,2,LONG: peers_reported_3d >= 0.06516 AND gap5 >= 0.01368,"[1167, 1692]",1,6.270227,6.270227,18,-0.9791490392351279,21,7
10,upto2,75,2,SHORT: r10d >= 0.06139 AND intra0 <= -0.0223,"[1594, 1655]",-1,6.2610807,6.2610807,12,-0.28268325460164545,15,6
10,upto2,76,2,SHORT: r3m >= 0.2186 AND prev_sales_yoy >= 0.7545,"[72, 853]",-1,6.2544746,6.2544746,13,5.8757756322649,3,3
10,upto2,77,2,SHORT: vs_ma50 >= 0.145 AND vs_nifty_3m <= 0.08395,"[257, 614]",-1,6.237145,6.237145,12,-0.5685301686584001,4,2
10,upto2,78,2,LONG: pe >= 115.8 AND z5 <= -0.918,"[909, 2090]",1,6.222274,6.222274,10,0.6080877038367418,13,8
10,upto2,79,2,LONG: prev_pat_yoy >= 1.429 AND pe >= 115.8,"[825, 909]",1,6.2164316,6.2164316,12,0.7182269317694537,17,8
10,upto2,80,2,SHORT: sec_reported_3d <= -0.01003 AND own_rd <= -0.01896,"[1427, 2192]",-1,6.211258,6.211258,15,-0.3603921209843666,3,3
10,upto2,81,2,SHORT: r3y <= -0.2235 AND gap5 >= 0.02867,"[131, 1700]",-1,6.207069,6.207069,10,-1.9823403393333625,4,3
10,upto2,82,2,LONG: peers_reported_3d >= 0.04528 AND exn_3d >= 0.04611,"[1165, 1832]",1,6.207014,6.207014,10,-0.19417081334189681,13,7
10,upto2,83,2,SHORT: log_mcap <= 9.933 AND sec_3d >= 0.01649,"[1014, 1904]",-1,6.1959076,6.1959076,10,-1.135814261650222,10,5
10,upto2,84,2,LONG: sector_3m <= -0.08887 AND intra0 <= -0.03025,"[546, 1653]",1,6.18677,6.18677,11,-3.123109257560365,4,2
10,upto2,85,2,LONG: debt_equity <= 0.181 AND maxabs5 >= 0.05845,"[974, 2083]",1,6.1770835,6.1770835,13,-1.72323164148861,27,8
10,upto2,86,2,LONG: debt_equity <= 0.3731 AND maxabs5 >= 0.05845,"[976, 2083]",1,6.1770835,6.1770835,13,-0.7562605685629837,33,8
10,upto2,87,2,LONG: debt_equity <= 0.0001726 AND z5 >= 1.737,"[966, 2109]",1,6.1704745,6.1704745,10,1.7997817579356243,16,7
10,upto2,88,2,LONG: debt_equity <= 0.005426 AND z5 >= 1.737,"[968, 2109]",1,6.1704745,6.1704745,10,1.3742166762887287,17,7
10,upto2,89,2,LONG: past_avg_3d >= 0.02644 AND pre5_vs_own <= -0.05698,"[749, 2272]",1,6.1578345,6.1578345,12,-1.7033620806073095,14,7
10,upto2,90,2,LONG: from_52w_low >= 1.446 AND past_pct_up >= 0.5385,"[231, 767]",1,6.154934,6.154934,14,-3.0364332700565266,3,3
10,upto2,91,2,LONG: exn_d0 >= 0.02795 AND own_rd >= 0.004413,"[1806, 2207]",1,6.1465874,6.1465874,18,3.2086786144673414,14,7
10,upto2,92,2,SHORT: vs_ma50 >= 0.145 AND sector_index == Nifty Financial Services,"[257, 2323]",-1,6.145028,6.145028,11,-2.6105196816428204,7,3
10,upto2,93,2,LONG: intra0 >= 0.02754 AND own_rd >= 0.004413,"[1676, 2207]",1,6.1409197,6.1409197,19,2.1114420964090153,11,7
10,upto2,94,2,LONG: prev_sales_yoy >= 0.2522 AND pb >= 15.85,"[845, 933]",1,6.1402755,6.1402755,13,0.07192520832827218,52,8
10,upto2,95,2,LONG: r3d <= -0.04819 AND dist_20l >= 0.06313,"[1549, 1970]",1,6.1394243,6.1394243,10,-2.685297700100983,7,4
10,upto2,96,2,LONG: r1y <= -0.1012 AND nifty_d0 >= 0.01228,"[109, 1754]",1,6.1262016,6.1262016,11,1.2850670502386357,15,4
10,upto2,97,2,SHORT: vs_nifty_1w >= 0.04668 AND streak <= -2,"[411, 2154]",-1,6.1163826,6.1163826,13,-1.5039227685872312,7,4
10,upto2,98,2,LONG: r1w >= 0.07129 AND days_since_dividend <= 32,"[24, 1042]",1,6.11023,6.11023,12,3.9944876878918634,6,2
10,upto2,99,2,LONG: sector_3m <= -0.06247 AND sec_rank_1m >= 0.8421,"[548, 1308]",1,6.1043715,6.1043715,17,-3.7721850780384063,23,4
10,upto2,100,2,SHORT: vs_ma50 >= 0.145 AND intra0 <= -0.01753,"[257, 1657]",-1,6.099758,6.099758,17,-0.0933499067890628,4,2
10,upto1,1,1,LONG: debt_equity >= 2.499,[985],1,2.7220838,2.7220838,36,-0.24449534904054027,77,8
10,upto1,2,1,LONG: vs_ma50 <= -0.08939,[234],1,2.025038,2.025038,91,-0.41790473646393694,97,7
10,upto1,3,1,SHORT: nifty_1w >= 0.02964,[439],-1,2.0013163,2.0013163,92,-1.169648976961624,84,4
10,upto1,4,1,LONG: r10d <= -0.08012,[1575],1,1.9808885,1.9808885,91,0.41846599847950394,85,8
10,upto1,5,1,LONG: pb >= 20.71,[935],1,1.8475194,1.8475194,38,-0.16034985153536518,98,8
10,upto1,6,1,LONG: intra0 >= 0.02754,[1676],1,1.8459078,1.8459078,91,0.583967793650696,66,8
10,upto1,7,1,LONG: industry == Automobiles - 4 Wheelers,[2339],1,1.8318402,1.8318402,70,0.8922884158626214,44,8
10,upto1,8,1,LONG: r1w <= -0.06305,[1],1,1.7975593,1.7975593,91,-0.4110695523022478,83,8
10,upto1,9,1,SHORT: own_abs3d >= 0.07011,[2267],-1,1.7527288,1.7527288,80,0.3423724178713708,47,8
10,upto1,10,1,SHORT: vs_ma50 >= 0.145,[257],-1,1.7429894,1.7429894,91,-0.8436514674206383,38,6
10,upto1,11,1,SHORT: industry == Telecommunication - Services,[2348],-1,1.7063088,1.7063088,41,0.9116566880649203,23,8
10,upto1,12,1,LONG: peers_reported_3d >= 0.06516,[1167],1,1.6799476,1.6799476,57,-0.151872361867441,61,8
10,upto1,13,1,LONG: gap5 <= -0.01678,[1679],1,1.6785356,1.6785356,91,0.3371526064556016,94,8
10,upto1,14,1,LONG: vs_ma200 <= -0.1423,[260],1,1.6673386,1.6673386,91,0.43265941209963016,156,8
10,upto1,15,1,LONG: sector_index == Nifty Auto,[2326],1,1.5887417,1.5887417,153,0.6635809477306026,111,8
10,upto1,16,1,LONG: debt_equity >= 2.016,[983],1,1.5840235,1.5840235,72,-0.030356732232155126,121,8
10,upto1,17,1,SHORT: r1m >= 0.1653,[50],-1,1.5565385,1.5565385,91,-0.6071797046931054,70,7
10,upto1,18,1,LONG: r3d <= -0.04819,[1549],1,1.5023996,1.5023996,91,-0.2145003329014803,80,8
10,upto1,19,1,SHORT: r5y <= -0.3783,[157],-1,1.4672029,1.4672029,86,-1.363653122337755,10,7
10,upto1,20,1,LONG: pe >= 115.8,[909],1,1.4312397,1.4312397,74,0.5754337229609663,80,8
10,upto1,21,1,LONG: d0 >= 0.03278,[1468],1,1.4241579,1.4241579,91,0.5866724932635884,67,8
10,upto1,22,1,LONG: nifty_3d <= -0.0282,[1757],1,1.4100038,1.4100038,93,-0.28678157003287064,17,2
10,upto1,23,1,LONG: vol20_60 >= 1.247,[2057],1,1.407615,1.407615,91,0.5030978613709557,128,8
10,upto1,24,1,LONG: industry == Automobiles - 2 And 3 Wheelers,[2347],1,1.4031595,1.4031595,42,0.5547128480257301,24,8
10,upto1,25,1,LONG: r2d <= -0.04052,[1523],1,1.402629,1.402629,91,-0.15872299169679138,82,8
10,upto1,26,1,LONG: gap5 <= -0.009432,[1681],1,1.3959119,1.3959119,181,0.31567847253274445,197,8
10,upto1,27,1,LONG: exn_3d >= 0.04611,[1832],1,1.3863776,1.3863776,91,0.39103652996295174,90,8
10,upto1,28,1,LONG: nifty_1w <= -0.0348,[416],1,1.3588598,1.3588598,100,1.10170824854639,11,2
10,upto1,29,1,LONG: dist_20h <= -0.1298,[1939],1,1.358076,1.358076,91,0.17261643523629297,76,5
10,upto1,30,1,LONG: exn_d0 >= 0.02795,[1806],1,1.3574564,1.3574564,91,0.8026328156108248,70,8
10,upto1,31,1,LONG: from_52w_high <= -0.35,[183],1,1.3450519,1.3450519,91,0.3284092819737481,108,8
10,upto1,32,1,LONG: z5 <= -1.528,[2086],1,1.3432013,1.3432013,91,-0.2212865409377081,78,8
10,upto1,33,1,LONG: d0 <= -0.0292,[1445],1,1.3254802,1.3254802,91,0.17814554734119056,73,7
10,upto1,34,1,SHORT: own_dp1 <= -0.02953,[2218],-1,1.3103803,1.3103803,80,-1.527024762529755,2,2
10,upto1,35,1,LONG: r6m <= -0.2056,[79],1,1.3060364,1.3060364,91,0.8163076695226836,139,8
10,upto1,36,1,LONG: nifty_d0 <= -0.0127,[1731],1,1.3017278,1.3017278,97,1.2160693681411479,67,6
10,upto1,37,1,LONG: vol5_60 >= 1.474,[2031],1,1.2861227,1.2861227,91,0.3332045139720552,92,8
10,upto1,38,1,LONG: r10d <= -0.06029,[1577],1,1.265761,1.265761,181,-0.19835869195773156,162,8
10,upto1,39,1,LONG: pre5_vs_own <= -0.05698,[2272],1,1.2573202,1.2573202,159,-0.32264617851072147,135,8
10,upto1,40,1,SHORT: log_mcap >= 13.27,[1037],-1,1.2399055,1.2399055,79,-0.4242811351973296,60,8
10,upto1,41,1,LONG: nifty_3m <= -0.03871,[626],1,1.2356019,1.2356019,182,0.14089735384475102,313,4
10,upto1,42,1,SHORT: industry == Steel And Steel Products,[2344],-1,1.2237338,1.2237338,55,-0.4904649831464039,39,8
10,upto1,43,1,SHORT: r20d >= 0.1613,[1624],-1,1.2217058,1.2217058,91,-0.8966480387205297,76,7
10,upto1,44,1,SHORT: nifty_1w >= 0.02482,[437],-1,1.2104903,1.2104903,183,-0.7410322459882368,126,6
10,upto1,45,1,LONG: intra5 <= -0.07274,[1705],1,1.2026321,1.2026321,91,-0.16052755414787437,53,7
10,upto1,46,1,LONG: r1w <= -0.04535,[3],1,1.1944531,1.1944531,181,-0.535496668214285,152,8
10,upto1,47,1,LONG: sec_reported_3d <= -0.02704,[1421],1,1.1872185,1.1872185,100,0.640523769607451,71,8
10,upto1,48,1,SHORT: iv_t5 >= 0.5038,[1089],-1,1.1759833,1.1759833,82,1.2936314142482275,30,6
10,upto1,49,1,SHORT: own_rd <= -0.01896,[2192],-1,1.1723158,1.1723158,80,1.1995378695864156,13,8
10,upto1,50,1,LONG: gap5 <= -0.005447,[1683],1,1.154675,1.154675,271,0.44858350355207605,303,8
10,upto1,51,1,SHORT: dist_20l >= 0.1684,[1980],-1,1.1300735,1.1300735,91,-1.0252615947943868,87,7
10,upto1,52,1,LONG: exn_d0 <= -0.02445,[1783],1,1.1206933,1.1206933,91,0.5265666810463802,82,8
10,upto1,53,1,LONG: sector_index == Nifty 500,[2328],1,1.1130172,1.1130172,133,0.0634896639881606,112,8
10,upto1,54,1,SHORT: own_dp1 <= -0.02166,[2220],-1,1.0930634,1.0930634,159,0.5336577336724904,21,8
10,upto1,55,1,LONG: nifty_d0 >= 0.01228,[1754],1,1.0702982,1.0702982,99,1.0031576189705913,70,5
10,upto1,56,1,LONG: prev2_sum >= 0.1246,[725],1,1.0692548,1.0692548,80,-0.1652079802856518,69,8
10,upto1,57,1,LONG: sec_vs_50dma <= -0.05535,[1341],1,1.0587196,1.0587196,84,0.4533316679676375,71,5
10,upto1,58,1,LONG: r1m <= -0.1077,[27],1,1.035486,1.035486,91,0.06022031392053702,95,7
10,upto1,59,1,LONG: from_52w_high >= 0,[206],1,1.0305787,1.0305787,120,0.6170544425476171,52,7
10,upto1,60,1,LONG: r3y >= 3.213,[154],1,1.0172318,1.0172318,90,-0.8772520093355866,91,8
10,upto1,61,1,LONG: sector_1w <= -0.04395,[338],1,0.9979617,0.9979617,91,-2.0826348846904206,28,6
10,upto1,62,1,LONG: maxabs5 >= 0.05845,[2083],1,0.985737,0.985737,91,0.1834991864092209,59,8
10,upto1,63,1,LONG: dist_60h <= -0.1501,[1985],1,0.97470105,0.97470105,181,0.17644867486378732,244,8
10,upto1,64,1,LONG: pre5_vs_own <= -0.0795,[2270],1,0.9659385,0.9659385,80,1.0853636505931201,59,8
10,upto1,65,1,LONG: sec_3d <= -0.03539,[1887],1,0.96315444,0.96315444,91,-0.4669950946545731,43,6
10,upto1,66,1,LONG: india_vix >= 21.07,[671],1,0.9581803,0.9581803,185,4.5160836222074945,13,2
10,upto1,67,1,LONG: intra0 <= -0.03025,[1653],1,0.95791405,0.95791405,91,-0.07105162109370294,80,7
10,upto1,68,1,LONG: days_since_dividend <= 32,[1042],1,0.94688886,0.94688886,184,0.05519330858485825,135,7
10,upto1,69,1,SHORT: own_rd <= -0.01373,[2194],-1,0.9453711,0.9453711,159,0.7358706631588013,40,8
10,upto1,70,1,SHORT: nifty_3d >= 0.02401,[1780],-1,0.94158965,0.94158965,94,-2.627750999309108,40,4
10,upto1,71,1,SHORT: industry == Capital Markets,[2350],-1,0.9335768,0.9335768,32,0.20705654988798664,56,8
10,upto1,72,1,SHORT: sector_3m >= 0.1995,[569],-1,0.9267981,0.9267981,90,1.8865675576372951,4,3
10,upto1,73,1,LONG: r20d <= -0.1057,[1601],1,0.9249252,0.9249252,91,0.2120061814091565,96,7
10,upto1,74,1,LONG: z5 >= 1.737,[2109],1,0.92465466,0.92465466,91,1.1106089379127027,60,8
10,upto1,75,1,SHORT: past_avg_3d <= -0.03404,[728],-1,0.9234246,0.9234246,74,3.6213224489051767,6,5
10,upto1,76,1,LONG: r6m <= -0.1418,[81],1,0.9057591,0.9057591,181,0.42220335233470146,252,8
10,upto1,77,1,LONG: sec_d0 <= -0.0188,[1861],1,0.90437067,0.90437067,92,0.042039736665780154,56,6
10,upto1,78,1,LONG: vs_sector_1m <= -0.09598,[468],1,0.90217274,0.90217274,91,-0.23388274888976632,82,8
10,upto1,79,1,LONG: debt_equity >= 1.552,[981],1,0.8921243,0.8921243,108,-0.2237246509397243,167,8
10,upto1,80,1,SHORT: pe_vs_peers <= -0.6546,[988],-1,0.8839647,0.8839647,56,0.762245747892547,56,8
10,upto1,81,1,SHORT: z20 >= 1.9,[2135],-1,0.88018477,0.88018477,91,-0.7096763487045407,47,7
10,upto1,82,1,LONG: peers_reported_3d >= 0.04528,[1165],1,0.87789977,0.87789977,115,-0.6293287647485568,106,8
10,upto1,83,1,LONG: dist_20h <= -0.1001,[1941],1,0.8766962,0.8766962,181,-0.1718244610151747,164,8
10,upto1,84,1,SHORT: nifty_1w >= 0.0227,[435],-1,0.8742824,0.8742824,276,-0.5322412080097163,134,6
10,upto1,85,1,LONG: nifty_1w <= -0.02519,[418],1,0.8664422,0.8664422,186,-0.7716349874995209,43,4
10,upto1,86,1,LONG: vs_sector_1w <= -0.05064,[364],1,0.8623237,0.8623237,91,-0.5007249431302498,78,8
10,upto1,87,1,LONG: prev2_sum >= 0.08934,[723],1,0.8543882,0.8543882,159,-0.6641818102058787,141,8
10,upto1,88,1,LONG: z5 <= -1.166,[2088],1,0.85376203,0.85376203,181,-0.508939850760809,169,8
10,upto1,89,1,LONG: d0 <= -0.02119,[1447],1,0.8501486,0.8501486,181,-0.03693803161466943,153,8
10,upto1,90,1,LONG: pre5_vs_own <= -0.04449,[2274],1,0.84799415,0.84799415,239,-0.6251408721304386,211,8
10,upto1,91,1,LONG: pb >= 6.201,[925],1,0.8448012,0.8448012,304,-0.20450625290169336,599,8
10,upto1,92,1,LONG: r10d <= -0.04525,[1579],1,0.84276694,0.84276694,271,0.1294611988972614,256,8
10,upto1,93,1,LONG: pb >= 4.889,[923],1,0.8417659,0.8417659,380,-0.09477844404672829,748,8
10,upto1,94,1,LONG: vs_ma200 <= -0.09908,[262],1,0.8413475,0.8413475,181,0.08943421821880398,266,8
10,upto1,95,1,LONG: vs_nifty_1m <= -0.1074,[494],1,0.836814,0.836814,91,0.29860490417138896,68,8
10,upto1,96,1,SHORT: d2 >= 0.0301,[1520],-1,0.83084273,0.83084273,91,-0.5717033102054295,87,8
10,upto1,97,1,LONG: pb >= 10.37,[929],1,0.8293811,0.8293811,152,-0.04407863314508027,363,8
10,upto1,98,1,SHORT: own_abs3d <= 0.01548,[2244],-1,0.82059354,0.82059354,80,,0,0
10,upto1,99,1,LONG: sec_reported_3d <= -0.02257,[1423],1,0.8141253,0.8141253,150,0.7594566000418872,88,8
10,upto1,100,1,LONG: r1w <= -0.03521,[5],1,0.8127759,0.8127759,271,-0.5604295879220509,229,8
20,all,1,3,LONG: roe >= 0.1161 AND iv_t5 >= 0.3096 AND vol20_60 >= 1.182,"[945, 1075, 2055]",1,8.189403,8.189403,20,0.5939124671527126,91,8
20,all,2,3,LONG: pb >= 4.889 AND gap0 >= 0.00758 AND own_rd >= 0.002313,"[923, 1646, 2205]",1,7.992772,7.992772,20,-0.012446349117369283,27,7
20,all,3,3,LONG: roe >= 0.1616 AND iv_t5 >= 0.3096 AND vol20_60 >= 1.128,"[949, 1075, 2053]",1,7.493832,7.493832,20,0.36259042130014724,76,8
20,all,4,3,SHORT: vs_ma50 >= 0.145 AND log_mcap <= 11 AND days_after_quarter_end >= 32,"[257, 1024, 1129]",-1,7.4535027,7.4535027,20,-0.5916548458051955,5,3
20,all,5,3,LONG: roe <= 0.3066 AND days_after_quarter_end <= 40 AND maxabs5 >= 0.05845,"[960, 1134, 2083]",1,7.340626,7.340626,21,-0.16799645269665744,39,8
20,all,6,3,LONG: roe >= 0.1161 AND vol20_60 >= 1.088 AND maxabs5 >= 0.04811,"[945, 2051, 2081]",1,7.2689714,7.2689714,20,1.222929671051516,52,7
20,all,7,3,LONG: roe >= 0.1161 AND vol20_60 >= 1.022 AND maxabs5 >= 0.04811,"[945, 2049, 2081]",1,7.1843014,7.1843014,22,1.7444317182709335,62,7
20,all,8,3,LONG: roe >= 0.1161 AND maxabs5 >= 0.05845 AND own_rd >= -0.00863,"[945, 2083, 2197]",1,7.1740165,7.1740165,20,0.5887651191886472,29,8
20,all,9,3,LONG: roe >= 0.1161 AND maxabs5 >= 0.05845 AND own_rd >= -0.0108,"[945, 2083, 2195]",1,7.1740165,7.1740165,20,0.5887651191886472,29,8
20,all,10,3,LONG: roe >= 0.0905 AND vol20_60 >= 1.128 AND maxabs5 >= 0.04811,"[943, 2053, 2081]",1,7.148143,7.148143,20,1.325788030184124,54,7
20,all,11,3,LONG: roe >= 0.1161 AND log_mcap >= 10.55 AND maxabs5 >= 0.05845,"[945, 1019, 2083]",1,7.1299896,7.1299896,20,-0.08918813278987497,26,8
20,all,12,3,LONG: debt_equity <= 0.3731 AND iv_t5 >= 0.3096 AND vol20_60 >= 1.128,"[976, 1075, 2053]",1,7.1006575,7.1006575,25,0.7938275153580979,98,8
20,all,13,3,LONG: vs_sector_3m >= 0.06695 AND debt_equity <= 0.3731 AND vol20_60 >= 1.128,"[587, 976, 2053]",1,7.093684,7.093684,25,0.017305399290548137,33,8
20,all,14,3,SHORT: vs_ma50 >= 0.145 AND gap0 >= 0.0007085 AND n_prior <= 4,"[257, 1636, 2303]",-1,7.0554028,7.0554028,20,,0,0
20,all,15,3,LONG: sector_3m <= 0.1995 AND pb >= 4.889 AND maxabs5 >= 0.04811,"[570, 923, 2081]",1,7.049851,7.049851,20,-0.9763632043978361,69,8
20,all,16,3,LONG: intra0 >= 0.02754 AND nifty_d0 >= 0.00837 AND own_dm1 >= -0.007945,"[1676, 1750, 2167]",1,7.0443773,7.0443773,20,1.5427673331427558,9,5
20,all,17,3,LONG: roe >= 0.1363 AND vol20_60 >= 1.022 AND maxabs5 >= 0.04811,"[947, 2049, 2081]",1,7.0377603,7.0377603,20,1.901674383265406,54,7
20,all,18,3,LONG: roe >= 0.1161 AND iv_t5 >= 0.3303 AND vol20_60 >= 1.128,"[945, 1077, 2053]",1,7.0132627,7.0132627,25,0.7822101583354505,103,8
20,all,19,3,LONG: vs_nifty_1w <= -0.01534 AND past_avg_3d >= 0.0171 AND maxabs5 >= 0.03824,"[398, 745, 2077]",1,7.011758,7.011758,21,-0.9650268357561251,18,8
20,all,20,3,LONG: roe >= 0.1161 AND log_mcap <= 11.75 AND maxabs5 >= 0.05845,"[945, 1030, 2083]",1,7.0047536,7.0047536,20,1.0192398330372634,25,8
20,all,21,3,LONG: roe >= 0.1161 AND days_after_quarter_end <= 40 AND maxabs5 >= 0.05845,"[945, 1134, 2083]",1,6.995854,6.995854,21,0.4283446760225182,27,7
20,all,22,3,LONG: vs_sector_3m >= 0.03546 AND debt_equity <= 0.3731 AND vol20_60 >= 1.182,"[585, 976, 2055]",1,6.984969,6.984969,24,-0.561394241468612,30,7
20,all,23,3,LONG: roe >= 0.1161 AND d2 <= 0.008204 AND maxabs5 >= 0.04811,"[945, 1513, 2081]",1,6.9845176,6.9845176,23,0.8739139298062073,52,8
20,all,24,3,LONG: roe >= 0.1161 AND vol5_60 >= 1.278 AND maxabs5 >= 0.04811,"[945, 2029, 2081]",1,6.976937,6.976937,21,0.9690039360647404,51,8
20,all,25,3,LONG: roe >= 0.1161 AND maxabs5 >= 0.05845 AND own_rd >= -0.01373,"[945, 2083, 2193]",1,6.972224,6.972224,21,0.5887651191886472,29,8
20,all,26,3,LONG: r3m >= 0.1813 AND roe >= 0.1616 AND vol20_60 >= 1.128,"[70, 949, 2053]",1,6.9696794,6.9696794,20,-6.674684029479921,7,4
20,all,27,3,LONG: vs_sector_1w <= -0.0295 AND past_pct_up >= 0.5385 AND maxabs5 >= 0.04811,"[368, 767, 2081]",1,6.9665155,6.9665155,20,-0.6291718835392303,14,7
20,all,28,3,LONG: past_avg_3d >= -0.02059 AND intra0 >= 0.02754 AND nifty_d0 >= 0.007462,"[731, 1676, 1748]",1,6.946839,6.946839,20,1.4415201253898622,10,6
20,all,29,3,LONG: prev_net_margin >= 0.05081 AND roe <= 0.3066 AND maxabs5 >= 0.05845,"[865, 960, 2083]",1,6.9410043,6.9410043,22,0.4282290339459395,37,8
20,all,30,3,LONG: roe >= 0.0905 AND vol5_60 >= 1.474 AND maxabs5 >= 0.04188,"[943, 2031, 2079]",1,6.939317,6.939317,20,0.9646731055328304,48,8
20,all,31,3,LONG: roe >= 0.07781 AND vol5_60 >= 1.474 AND maxabs5 >= 0.04188,"[941, 2031, 2079]",1,6.939317,6.939317,20,1.1012589252112268,51,8
20,all,32,3,LONG: prev1_next20 >= 0.0163 AND roe >= 0.06318 AND maxabs5 >= 0.05845,"[789, 939, 2083]",1,6.9383664,6.9383664,20,0.9954310674758412,18,7
20,all,33,3,LONG: prev1_next20 >= 0.03534 AND roe >= 0.06318 AND maxabs5 >= 0.05845,"[791, 939, 2083]",1,6.9383664,6.9383664,20,0.9199876922435759,17,7
20,all,34,3,LONG: roe >= 0.1161 AND log_mcap >= 10.41 AND maxabs5 >= 0.05845,"[945, 1017, 2083]",1,6.933881,6.933881,21,-0.20366195815444524,27,8
20,all,35,3,LONG: past_avg_3d >= -0.01655 AND roe >= 0.06318 AND intra0 >= 0.02754,"[733, 939, 1676]",1,6.9055796,6.9055796,20,0.592195080365815,49,8
20,all,36,3,LONG: r3m >= 0.1813 AND debt_equity <= 0.181 AND vol20_60 >= 1.128,"[70, 974, 2053]",1,6.8853683,6.8853683,23,-4.380186105123945,6,5
20,all,37,3,LONG: vs_sector_3m >= 0.03546 AND debt_equity <= 0.181 AND vol20_60 >= 1.182,"[585, 974, 2055]",1,6.8767905,6.8767905,22,-0.608793488022717,26,7
20,all,38,3,LONG: vs_nifty_1w <= -0.007466 AND past_avg_3d >= 0.0171 AND maxabs5 >= 0.03824,"[400, 745, 2077]",1,6.8725853,6.8725853,22,0.008747734372957979,20,8
20,all,39,3,LONG: prev_sales_yoy >= 0.02524 AND roe >= 0.1161 AND maxabs5 >= 0.05845,"[835, 945, 2083]",1,6.8702564,6.8702564,21,0.4738145239759672,26,8
20,all,40,3,LONG: vol5_60 >= 1.474 AND own_rd >= 0.002313 AND n_prior >= 7,"[2031, 2205, 2306]",1,6.8661,6.8661,20,1.4217184195868295,32,7
20,all,41,3,SHORT: vs_ma50 >= 0.145 AND log_mcap <= 11 AND days_after_quarter_end >= 29,"[257, 1024, 1127]",-1,6.8657594,6.8657594,22,-0.5916548458051955,5,3
20,all,42,3,LONG: prev1_next20 >= -0.01883 AND roe >= 0.1161 AND maxabs5 >= 0.05845,"[785, 945, 2083]",1,6.8656096,6.8656096,21,0.7448956477242669,17,6
20,all,43,3,LONG: vol5_60 >= 1.474 AND own_rd >= 0.002313 AND n_prior >= 5,"[2031, 2205, 2304]",1,6.855271,6.855271,21,1.4217184195868295,32,7
20,all,44,3,LONG: sector_1w >= -0.0243 AND roe >= 0.1161 AND maxabs5 >= 0.05845,"[341, 945, 2083]",1,6.830194,6.830194,20,-0.023903898369812254,26,8
20,all,45,3,LONG: sector_1w >= -0.0332 AND roe >= 0.1161 AND maxabs5 >= 0.05845,"[339, 945, 2083]",1,6.830194,6.830194,20,0.14439290903786822,31,8
20,all,46,3,LONG: roe >= 0.06318 AND vol5_60 >= 1.474 AND maxabs5 >= 0.04188,"[939, 2031, 2079]",1,6.8232217,6.8232217,21,1.0754703565712465,54,8
20,all,47,3,LONG: prev_net_margin >= 0.07322 AND roe <= 0.3066 AND maxabs5 >= 0.05845,"[867, 960, 2083]",1,6.821601,6.821601,20,0.4248093077864354,36,8
20,all,48,3,LONG: past_avg_3d >= -0.02575 AND intra0 >= 0.02754 AND nifty_d0 >= 0.007462,"[729, 1676, 1748]",1,6.803768,6.803768,21,1.4415201253898622,10,6
20,all,49,3,LONG: past_avg_3d >= -0.03404 AND intra0 >= 0.02754 AND nifty_d0 >= 0.007462,"[727, 1676, 1748]",1,6.803768,6.803768,21,1.4415201253898622,10,6
20,all,50,3,LONG: past_avg_3d >= -0.02575 AND intra0 >= 0.02754 AND sec_d0 >= 0.01239,"[729, 1676, 1882]",1,6.793047,6.793047,21,-0.04223095561883765,26,8
20,all,51,3,LONG: past_avg_3d >= -0.02059 AND intra0 >= 0.02754 AND sec_d0 >= 0.01239,"[731, 1676, 1882]",1,6.793047,6.793047,21,-0.04223095561883765,26,8
20,all,52,3,LONG: r1y >= 0.1481 AND roe >= 0.1858 AND vol5_60 >= 1.278,"[114, 951, 2029]",1,6.7862525,6.7862525,20,1.519728068741348,30,8
20,all,53,3,LONG: volume_5d_vs_60d >= 0.9389 AND pb >= 4.889 AND maxabs5 >= 0.04811,"[325, 923, 2081]",1,6.772448,6.772448,20,-0.22783681789333773,56,8
20,all,54,3,LONG: debt_equity <= 0.181 AND iv_t5 >= 0.3096 AND vol20_60 >= 1.128,"[974, 1075, 2053]",1,6.7673826,6.7673826,22,0.697994622643391,83,8
20,all,55,3,LONG: vs_sector_3m >= 0.06695 AND debt_equity <= 0.181 AND vol20_60 >= 1.128,"[587, 974, 2053]",1,6.757189,6.757189,22,-0.24140130671316556,29,8
20,all,56,3,LONG: roe >= 0.1161 AND maxabs5 >= 0.05845 AND streak <= 2,"[945, 2083, 2160]",1,6.753482,6.753482,20,0.03611932886756204,29,8
20,all,57,3,LONG: roe >= 0.0905 AND maxabs5 >= 0.05845 AND streak <= 2,"[943, 2083, 2160]",1,6.753482,6.753482,20,0.7168783087435932,37,8
20,all,58,3,LONG: roe >= 0.07781 AND maxabs5 >= 0.05845 AND streak <= 2,"[941, 2083, 2160]",1,6.753482,6.753482,20,0.9361628524624322,39,8
20,all,59,3,LONG: r1m <= 0.1063 AND r6m >= 0.3856 AND sector_index == Nifty 500,"[47, 98, 2328]",1,6.748958,6.748958,20,-2.1551704610268083,5,3
20,all,60,3,LONG: pb >= 1.913 AND vol20_60 >= 1.088 AND maxabs5 >= 0.04811,"[917, 2051, 2081]",1,6.7393036,6.7393036,20,0.9390817868682817,62,7
20,all,61,3,LONG: roe >= 0.1161 AND iv_t5 >= 0.3096 AND vol20_60 >= 1.128,"[945, 1075, 2053]",1,6.737771,6.737771,31,0.539243653517846,125,8
20,all,62,3,LONG: r5y >= -0.01757 AND intra0 >= 0.02754 AND nifty_d0 >= 0.00837,"[160, 1676, 1750]",1,6.7365184,6.7365184,20,1.5427673331427558,9,5
20,all,63,3,LONG: roe >= 0.1161 AND maxabs5 >= 0.05845 AND own_abs3d <= 0.05548,"[945, 2083, 2264]",1,6.7348995,6.7348995,20,0.09084195280325232,26,8
20,all,64,3,LONG: intra0 >= 0.02754 AND sec_d0 >= 0.01239 AND n_prior >= 5,"[1676, 1882, 2304]",1,6.731482,6.731482,20,0.1918147901532601,27,8
20,all,65,3,LONG: roe >= 0.0905 AND roe <= 0.3066 AND maxabs5 >= 0.05845,"[943, 960, 2083]",1,6.720738,6.720738,21,0.6471992605621014,35,7
20,all,66,3,LONG: roe >= 0.07781 AND roe <= 0.3066 AND maxabs5 >= 0.05845,"[941, 960, 2083]",1,6.720738,6.720738,21,0.8821034578971744,37,7
20,all,67,3,LONG: vs_sector_3m >= 0.03546 AND prev_net_margin >= 0.07322 AND vol5_60 >= 1.474,"[585, 867, 2031]",1,6.7161217,6.7161217,20,-0.60297043555284,21,5
20,all,68,3,LONG: roe >= 0.1161 AND iv_t5 >= 0.2852 AND vol20_60 >= 1.182,"[945, 1073, 2055]",1,6.7043395,6.7043395,26,0.26370131424632576,99,8
20,all,69,3,SHORT: vs_ma50 >= 0.145 AND log_mcap <= 11 AND intra0 <= 0.005908,"[257, 1024, 1669]",-1,6.704023,6.704023,20,-0.36385714500229593,5,3
20,all,70,3,LONG: prev1_next20 >= 0.0163 AND intra0 >= 0.02754 AND own_rd >= 0.002313,"[789, 1676, 2205]",1,6.696624,6.696624,20,2.70650561774217,8,7
20,all,71,3,LONG: prev_net_margin >= 0.07322 AND roe >= 0.1161 AND maxabs5 >= 0.05845,"[867, 945, 2083]",1,6.6959343,6.6959343,20,0.7056193990703902,28,8
20,all,72,3,LONG: roe >= 0.1363 AND iv_t5 >= 0.2852 AND vol20_60 >= 1.182,"[947, 1073, 2055]",1,6.689231,6.689231,22,0.5039540284970634,87,8
20,all,73,3,LONG: vs_ma200 >= 0.04723 AND roe >= 0.06318 AND vol5_60 >= 1.474,"[269, 939, 2031]",1,6.6870117,6.6870117,20,3.187662820683604,22,7
20,all,74,3,LONG: intra0 >= 0.02754 AND nifty_d0 >= 0.00837 AND own_rd >= -0.01373,"[1676, 1750, 2193]",1,6.6805882,6.6805882,20,1.5427673331427558,9,5
20,all,75,3,SHORT: vs_ma50 >= 0.145 AND gap0 >= 0.004938 AND n_prior <= 7,"[257, 1642, 2307]",-1,6.679119,6.679119,20,,0,0
20,all,76,3,SHORT: vs_ma50 >= 0.145 AND gap0 >= 0.004938 AND n_prior <= 8,"[257, 1642, 2309]",-1,6.679119,6.679119,20,,0,0
20,all,77,3,LONG: r6m >= 0.3856 AND nifty_1w <= 0.018 AND sector_index == Nifty 500,"[98, 434, 2328]",1,6.672756,6.672756,21,-2.1551704610268083,5,3
20,all,78,3,LONG: prev1_next20 >= 0.03534 AND pb >= 4.889 AND gap0 >= 0.00758,"[791, 923, 1646]",1,6.6697187,6.6697187,22,0.31004122015377195,24,8
20,all,79,3,LONG: pb >= 4.889 AND log_mcap <= 12.51 AND maxabs5 >= 0.04811,"[923, 1034, 2081]",1,6.6634297,6.6634297,20,-1.239079673112884,64,8
20,all,80,3,LONG: roe >= 0.1161 AND vol20_60 >= 1.128 AND maxabs5 >= 0.04188,"[945, 2053, 2079]",1,6.6552186,6.6552186,25,1.1443184913015871,69,8
20,all,81,3,LONG: roe <= 0.3066 AND maxabs5 >= 0.05845 AND streak >= -1,"[960, 2083, 2155]",1,6.654721,6.654721,20,-0.683539302974948,39,7
20,all,82,3,LONG: sector_3m <= 0.1995 AND roe >= 0.0905 AND intra0 >= 0.02754,"[570, 943, 1676]",1,6.6474957,6.6474957,20,0.42906340949348887,48,8
20,all,83,3,LONG: sector_3m <= 0.1995 AND roe >= 0.07781 AND intra0 >= 0.02754,"[570, 941, 1676]",1,6.6474957,6.6474957,20,0.5307078499358313,52,8
20,all,84,3,LONG: sector_3m <= 0.1995 AND roe >= 0.1161 AND maxabs5 >= 0.05845,"[570, 945, 2083]",1,6.6387744,6.6387744,22,0.2634106949902128,32,8
20,all,85,3,LONG: roe >= 0.0905 AND vol5_60 >= 1.474 AND maxabs5 >= 0.03824,"[943, 2031, 2077]",1,6.6368184,6.6368184,21,1.264516587303984,54,8
20,all,86,3,LONG: roe >= 0.07781 AND vol5_60 >= 1.474 AND maxabs5 >= 0.03824,"[941, 2031, 2077]",1,6.6368184,6.6368184,21,1.370943716396699,57,8
20,all,87,3,LONG: roe >= 0.07781 AND log_mcap <= 12.51 AND intra0 >= 0.02754,"[941, 1034, 1676]",1,6.635004,6.635004,21,0.6340481098548538,48,8
20,all,88,3,LONG: roe >= 0.0905 AND log_mcap <= 12.51 AND intra0 >= 0.02754,"[943, 1034, 1676]",1,6.635004,6.635004,21,0.5325578348194824,44,8
20,all,89,3,LONG: roe >= 0.0905 AND log_mcap <= 12.78 AND intra0 >= 0.02754,"[943, 1036, 1676]",1,6.635004,6.635004,21,0.4503364250262677,47,8
20,all,90,3,LONG: roe >= 0.07781 AND log_mcap <= 12.78 AND intra0 >= 0.02754,"[941, 1036, 1676]",1,6.635004,6.635004,21,0.5523054219060851,51,8
20,all,91,3,LONG: roe >= 0.06318 AND d2 <= 0.0214 AND maxabs5 >= 0.05845,"[939, 1519, 2083]",1,6.632291,6.632291,20,1.0121297771115263,31,8
20,all,92,3,LONG: roe >= 0.07781 AND vol20_60 >= 1.128 AND maxabs5 >= 0.04811,"[941, 2053, 2081]",1,6.6269374,6.6269374,21,1.4289903464936735,57,7
20,all,93,3,LONG: roe >= 0.06318 AND vol20_60 >= 1.128 AND maxabs5 >= 0.04811,"[939, 2053, 2081]",1,6.6269374,6.6269374,21,1.2948680296870474,60,7
20,all,94,3,LONG: vs_nifty_3m >= -0.08349 AND pb >= 4.889 AND maxabs5 >= 0.04811,"[603, 923, 2081]",1,6.6180153,6.6180153,20,-1.704603763100941,49,8
20,all,95,3,LONG: nifty_1w >= -0.0348 AND roe >= 0.1161 AND maxabs5 >= 0.05845,"[415, 945, 2083]",1,6.6175833,6.6175833,21,0.5890339827234382,32,8
20,all,96,3,LONG: debt_equity <= 0.7725 AND iv_t5 >= 0.3096 AND vol20_60 >= 1.182,"[978, 1075, 2055]",1,6.6172047,6.6172047,22,0.6616433767672306,89,8
20,all,97,3,LONG: r6m >= 0.3856 AND dist_20l <= 0.1346 AND sector_index == Nifty 500,"[98, 1979, 2328]",1,6.6135964,6.6135964,21,-2.1551704610268083,5,3
20,all,98,3,LONG: roe >= 0.0905 AND days_after_quarter_end <= 40 AND maxabs5 >= 0.05845,"[943, 1134, 2083]",1,6.606657,6.606657,22,0.9689460650111584,34,7
20,all,99,3,LONG: roe >= 0.07781 AND days_after_quarter_end <= 40 AND maxabs5 >= 0.05845,"[941, 1134, 2083]",1,6.606657,6.606657,22,0.942294493690848,35,7
20,all,100,3,LONG: past_pct_up >= 0.1667 AND intra0 >= 0.02754 AND nifty_d0 >= 0.00837,"[753, 1676, 1750]",1,6.6055417,6.6055417,20,1.5427673331427558,9,5
20,upto2,1,2,LONG: pb >= 6.201 AND maxabs5 >= 0.04811,"[925, 2081]",1,6.34899,6.34899,20,-1.111515376488355,58,8
20,upto2,2,2,SHORT: nifty_1w >= 0.02482 AND intra0 <= -0.01753,"[437, 1657]",-1,5.9943395,5.9943395,22,1.6574482042676024,9,3
20,upto2,3,2,LONG: roe >= 0.1161 AND maxabs5 >= 0.05845,"[945, 2083]",1,5.9712605,5.9712605,24,0.30938008655216037,33,8
20,upto2,4,2,LONG: roe >= 0.1161 AND intra0 >= 0.02754,"[945, 1676]",1,5.697481,5.697481,21,0.7751735555102957,39,8
20,upto2,5,2,LONG: pb >= 4.889 AND maxabs5 >= 0.04811,"[923, 2081]",1,5.681293,5.681293,23,-0.9369808640988028,70,8
20,upto2,6,2,LONG: roe >= 0.1363 AND maxabs5 >= 0.05845,"[947, 2083]",1,5.472217,5.472217,21,0.3054931749443121,28,8
20,upto2,7,2,LONG: d0 >= 0.03278 AND own_rd >= 0.004413,"[1468, 2207]",1,5.4428644,5.4428644,21,1.1406646071724171,14,6
20,upto2,8,2,SHORT: r1y <= 0.3484 AND vs_ma50 >= 0.145,"[119, 257]",-1,5.4213276,5.4213276,21,-0.029657777667464674,19,6
20,upto2,9,2,LONG: roe >= 0.07781 AND maxabs5 >= 0.05845,"[941, 2083]",1,5.3902154,5.3902154,26,1.0972392391307508,44,8
20,upto2,10,2,LONG: roe >= 0.0905 AND maxabs5 >= 0.05845,"[943, 2083]",1,5.3902154,5.3902154,26,0.9117303023626464,42,8
20,upto2,11,2,LONG: roe >= 0.0905 AND intra0 >= 0.02754,"[943, 1676]",1,5.381725,5.381725,23,0.42906340949348887,48,8
20,upto2,12,2,LONG: roe >= 0.07781 AND intra0 >= 0.02754,"[941, 1676]",1,5.381725,5.381725,23,0.5307078499358313,52,8
20,upto2,13,2,LONG: roe >= 0.06318 AND maxabs5 >= 0.05845,"[939, 2083]",1,5.26976,5.26976,27,0.90639654893859,46,8
20,upto2,14,2,SHORT: nifty_1w >= 0.0227 AND intra0 <= -0.01753,"[435, 1657]",-1,5.2492785,5.2492785,27,1.509990076679964,10,4
20,upto2,15,2,LONG: roe >= 0.06318 AND intra0 >= 0.02754,"[939, 1676]",1,5.165935,5.165935,26,0.4729052628777287,55,8
20,upto2,16,2,SHORT: vs_ma50 >= 0.145 AND pe <= 20.76,"[257, 894]",-1,5.1497936,5.1497936,25,3.3836894836889413,8,3
20,upto2,17,2,LONG: prev_net_margin >= 0.1674 AND intra0 >= 0.02754,"[875, 1676]",1,5.1198363,5.1198363,22,0.5634861168087497,19,8
20,upto2,18,2,LONG: sector_3m <= -0.08887 AND r2d <= -0.03056,"[546, 1525]",1,5.0949965,5.0949965,21,0.23588790862657155,14,4
20,upto2,19,2,SHORT: nifty_1w >= 0.02482 AND intra0 <= -0.01431,"[437, 1659]",-1,5.0863843,5.0863843,30,1.4390615039329788,12,3
20,upto2,20,2,LONG: pb >= 1.913 AND maxabs5 >= 0.05845,"[917, 2083]",1,5.056733,5.056733,21,-0.10981598600010883,45,8
20,upto2,21,2,LONG: gap5 <= -0.01678 AND dist_20l <= 0,"[1679, 1959]",1,5.0486755,5.0486755,24,-1.7008341751261276,21,6
20,upto2,22,2,LONG: r6m >= 0.3856 AND pb >= 10.37,"[98, 929]",1,5.0278177,5.0278177,23,-0.522248174132556,31,8
20,upto2,23,2,LONG: roe >= 0.1161 AND exn_d0 >= 0.02795,"[945, 1806]",1,5.016994,5.016994,22,1.3078240862042574,43,8
20,upto2,24,2,LONG: debt_equity >= 2.016 AND gap0 >= 0.006435,"[983, 1644]",1,5.0015187,5.0015187,21,0.6430516956246125,19,7
20,upto2,25,2,LONG: r3m >= 0.2653 AND pb >= 10.37,"[74, 929]",1,4.981534,4.981534,20,0.4710798734108106,19,7
20,upto2,26,2,LONG: prev_net_margin >= 0.1674 AND d0 >= 0.03278,"[875, 1468]",1,4.961364,4.961364,21,-0.6102357534440821,25,8
20,upto2,27,2,LONG: prev_net_margin >= 0.2032 AND intra0 >= 0.02754,"[877, 1676]",1,4.9423237,4.9423237,20,0.7442657668456004,16,8
20,upto2,28,2,LONG: roe >= 0.06318 AND exn_d0 >= 0.02795,"[939, 1806]",1,4.8975387,4.8975387,26,0.7501786085393596,59,8
20,upto2,29,2,LONG: from_52w_high <= -0.35 AND vol20_60 >= 1.022,"[183, 2049]",1,4.8890905,4.8890905,21,2.3864144657776,43,7
20,upto2,30,2,SHORT: nifty_1w >= 0.02482 AND exn_d0 <= -0.01876,"[437, 1785]",-1,4.8736,4.8736,22,-0.4981241068574968,12,4
20,upto2,31,2,LONG: own_dp1 >= 0.01078 AND sector_index == Nifty 500,"[2235, 2328]",1,4.8735924,4.8735924,21,-0.8037396895791188,23,8
20,upto2,32,2,LONG: intra0 >= 0.02754 AND nifty_d0 >= 0.00837,"[1676, 1750]",1,4.869251,4.869251,28,1.5427673331427558,9,5
20,upto2,33,2,LONG: vs_sector_1w <= -0.05064 AND past_avg_3d >= 0.0107,"[364, 743]",1,4.8197894,4.8197894,25,-1.3004584497936356,26,8
20,upto2,34,2,LONG: from_52w_low >= 1.446 AND past_pct_up >= 0.4286,"[231, 763]",1,4.8110785,4.8110785,21,-3.636144098701894,14,6
20,upto2,35,2,LONG: pb >= 6.201 AND exn_10d >= 0.06736,"[925, 1856]",1,4.807463,4.807463,23,1.266531973753776,60,8
20,upto2,36,2,SHORT: prev_net_margin >= 0.233 AND own_rd <= -0.01896,"[879, 2192]",-1,4.789481,4.789481,20,2.1778323115012377,4,4
20,upto2,37,2,LONG: pb >= 1.528 AND maxabs5 >= 0.05845,"[915, 2083]",1,4.7885327,4.7885327,24,-0.10308035252227266,46,8
20,upto2,38,2,LONG: past_avg_3d >= 0.02644 AND prev_sales_yoy >= 0.404,"[749, 849]",1,4.784722,4.784722,25,-3.749219876140918,17,8
20,upto2,39,2,SHORT: from_52w_low <= 0.6105 AND vs_ma50 >= 0.145,"[224, 257]",-1,4.7786503,4.7786503,24,-0.48022742084103726,18,6
20,upto2,40,2,LONG: roe >= 0.07781 AND exn_d0 >= 0.02795,"[941, 1806]",1,4.7711015,4.7711015,24,0.849652784641309,55,8
20,upto2,41,2,LONG: roe >= 0.0905 AND exn_d0 >= 0.02795,"[943, 1806]",1,4.7711015,4.7711015,24,0.7790027179273771,51,8
20,upto2,42,2,LONG: pe_vs_peers <= -0.2703 AND vol20_60 >= 1.247,"[996, 2057]",1,4.7705455,4.7705455,20,-0.5927089551740057,32,7
20,upto2,43,2,LONG: intra0 >= 0.02754 AND own_rd >= 0.002313,"[1676, 2205]",1,4.7329826,4.7329826,26,1.6700434787500016,21,8
20,upto2,44,2,LONG: vs_sector_1w <= -0.05064 AND sec_3d <= -0.01338,"[364, 1893]",1,4.730225,4.730225,20,2.202782271284035,14,6
20,upto2,45,2,LONG: past_pct_up >= 0.6 AND intra5 <= -0.07274,"[769, 1705]",1,4.7138677,4.7138677,22,3.146018821236443,10,6
20,upto2,46,2,LONG: vs_sector_1w <= -0.05064 AND past_pct_up >= 0.5385,"[364, 767]",1,4.7087984,4.7087984,31,0.3041575624188779,27,8
20,upto2,47,2,LONG: exn_d0 >= 0.02795 AND own_rd >= 0.002313,"[1806, 2205]",1,4.70002,4.70002,23,1.4621854382194557,25,7
20,upto2,48,2,SHORT: r10d >= 0.06139 AND intra0 <= -0.01753,"[1594, 1657]",-1,4.6701207,4.6701207,25,0.4112231582395394,19,6
20,upto2,49,2,LONG: gap5 <= -0.01678 AND dist_20l <= 0.00525,"[1679, 1961]",1,4.667538,4.667538,25,-1.2622007357193827,29,6
20,upto2,50,2,LONG: r1w <= -0.04535 AND past_avg_3d >= 0.02071,"[3, 747]",1,4.6476555,4.6476555,22,-1.6464302407063267,23,8
20,upto2,51,2,LONG: sec_rank_3m <= 0.1053 AND r2d <= -0.04052,"[1317, 1523]",1,4.643193,4.643193,21,-2.8090456204305965,6,4
20,upto2,52,2,LONG: r5y >= 4.832 AND pb >= 10.37,"[180, 929]",1,4.6338744,4.6338744,21,0.39783995557807506,106,8
20,upto2,53,2,LONG: past_avg_3d >= 0.0107 AND intra5 <= -0.07274,"[743, 1705]",1,4.6209426,4.6209426,21,0.6742662770780449,12,7
20,upto2,54,2,LONG: sector_1m >= 0.005837 AND debt_equity >= 2.499,"[451, 985]",1,4.6058493,4.6058493,21,-0.5408530411319125,39,7
20,upto2,55,2,LONG: days_since_dividend >= 182.6 AND peers_reported_3d >= 0.06516,"[1053, 1167]",1,4.6045866,4.6045866,21,-0.24711488869527112,27,6
20,upto2,56,2,LONG: sector_3m <= -0.06247 AND r2d <= -0.04052,"[548, 1523]",1,4.6030264,4.6030264,26,0.9156479187907475,16,3
20,upto2,57,2,LONG: exn_d0 >= 0.02795 AND sec_d0 >= 0.01657,"[1806, 1884]",1,4.599611,4.599611,20,-0.28028206467838856,13,6
20,upto2,58,2,SHORT: vs_nifty_1w >= 0.0367 AND streak <= -2,"[409, 2154]",-1,4.5938754,4.5938754,21,0.32868093527301745,11,4
20,upto2,59,2,SHORT: iv_t5 >= 0.5038 AND sec_vs_nifty_1w >= 0.01462,"[1089, 1228]",-1,4.5924673,4.5924673,20,0.5583976594224742,7,4
20,upto2,60,2,LONG: pb >= 1.23 AND maxabs5 >= 0.05845,"[913, 2083]",1,4.5851765,4.5851765,26,-0.21401600177797916,53,8
20,upto2,61,2,LONG: r1w <= -0.06305 AND past_pct_up >= 0.6,"[1, 769]",1,4.582858,4.582858,26,-0.2748080042993564,19,7
20,upto2,62,2,LONG: gap5 <= -0.01678 AND dist_60h <= -0.1501,"[1679, 1985]",1,4.581316,4.581316,23,2.475670018296234,16,5
20,upto2,63,2,LONG: vs_ma200 <= -0.09908 AND d0 >= 0.02288,"[262, 1466]",1,4.577503,4.577503,22,1.21607764996242,25,6
20,upto2,64,2,LONG: from_52w_high <= -0.35 AND r3d <= -0.02782,"[183, 1553]",1,4.5738783,4.5738783,21,2.3639024624220637,27,8
20,upto2,65,2,LONG: r6m >= 0.3235 AND z5 <= -1.166,"[96, 2088]",1,4.5644145,4.5644145,21,-2.9117895111849306,4,2
20,upto2,66,2,SHORT: vs_ma50 >= 0.145 AND iv_t5 >= 0.4563,"[257, 1087]",-1,4.5515375,4.5515375,24,0.37695504919441397,8,3
20,upto2,67,2,LONG: past_avg_3d >= 0.0171 AND pre5_vs_own <= -0.05698,"[745, 2272]",1,4.5443983,4.5443983,22,-0.7591728388063562,25,8
20,upto2,68,2,LONG: prev1_next20 <= 0.03534 AND debt_equity >= 2.499,"[792, 985]",1,4.540331,4.540331,20,-0.34613274791066817,55,8
20,upto2,69,2,LONG: roe >= 0.1858 AND maxabs5 >= 0.04811,"[951, 2081]",1,4.537743,4.537743,28,-0.15367779335116494,49,8
20,upto2,70,2,LONG: days_after_quarter_end >= 35 AND z5 <= -1.528,"[1131, 2086]",1,4.5350337,4.5350337,26,-0.7248475655990355,16,6
20,upto2,71,2,LONG: peers_reported_3d >= 0.06516 AND gap0 >= 0.00355,"[1167, 1640]",1,4.5225406,4.5225406,25,-0.7299093373650003,19,8
20,upto2,72,2,LONG: r6m >= 0.3856 AND sector_index == Nifty 500,"[98, 2328]",1,4.521323,4.521323,29,-2.1551704610268083,5,3
20,upto2,73,2,LONG: vs_ma200 <= -0.1423 AND sec_vs_nifty_1w <= -0.01666,"[260, 1215]",1,4.510315,4.510315,20,1.6661083601370066,25,6
20,upto2,74,2,LONG: r1w <= -0.04535 AND vs_ma200 <= -0.1423,"[3, 260]",1,4.504586,4.504586,22,1.9154586634639779,28,7
20,upto2,75,2,LONG: nifty_1w <= -0.0348 AND r2d <= -0.04052,"[416, 1523]",1,4.4950833,4.4950833,22,,0,0
20,upto2,76,2,LONG: sector_1w <= -0.0332 AND vs_sector_1m <= -0.07386,"[340, 470]",1,4.494949,4.494949,20,-1.4813319397822147,12,4
20,upto2,77,2,LONG: sector_3m <= -0.06247 AND sec_vs_nifty_1m >= 0.03551,"[548, 1254]",1,4.4937177,4.4937177,22,-4.255730037670199,14,3
20,upto2,78,2,LONG: r3m >= -0.1144 AND vs_ma50 <= -0.08939,"[54, 234]",1,4.4909406,4.4909406,25,-2.92269493044141,26,6
20,upto2,79,2,LONG: india_vix >= 21.07 AND sec_rank_3m <= 0.1579,"[671, 1321]",1,4.4877915,4.4877915,24,-0.57076832054712,1,1
20,upto2,80,2,LONG: gap0 >= 0.00758 AND intra0 >= 0.02754,"[1646, 1676]",1,4.486572,4.486572,20,-1.1803493503504623,5,3
20,upto2,81,2,LONG: vol5_60 >= 1.474 AND own_rd >= 0.004413,"[2031, 2207]",1,4.479266,4.479266,24,1.1351011085433105,20,5
20,upto2,82,2,LONG: r6m <= -0.09321 AND r3d <= -0.04819,"[83, 1549]",1,4.4772015,4.4772015,27,1.8611611953651512,26,6
20,upto2,83,2,SHORT: vs_ma50 >= 0.145 AND iv_t5 >= 0.4326,"[257, 1085]",-1,4.4743595,4.4743595,32,-2.0524531731785878,15,4
20,upto2,84,2,LONG: r1y >= 1.32 AND past_pct_up >= 0.4286,"[128, 763]",1,4.4680176,4.4680176,21,-6.295626453550723,10,4
20,upto2,85,2,LONG: past_pct_up >= 0.5385 AND intra5 <= -0.07274,"[767, 1705]",1,4.45976,4.45976,29,2.98825436101201,15,6
20,upto2,86,2,LONG: prev_sales_yoy >= 0.3391 AND sec_from_52w_high <= -0.1679,"[847, 1393]",1,4.4575267,4.4575267,21,-0.6679288254867545,11,5
20,upto2,87,2,SHORT: vs_ma50 >= 0.145 AND intra0 <= -0.01431,"[257, 1659]",-1,4.4489307,4.4489307,21,-0.0933499067890628,4,2
20,upto2,88,2,LONG: roe >= 0.1363 AND exn_d0 >= 0.02795,"[947, 1806]",1,4.4460745,4.4460745,20,0.3519208507507376,34,8
20,upto2,89,2,LONG: roe >= 0.1161 AND d0 >= 0.03278,"[945, 1468]",1,4.445365,4.445365,25,0.14664043441409666,40,8
20,upto2,90,2,LONG: vs_nifty_1w <= 0.009025 AND intra0 >= 0.02754,"[404, 1676]",1,4.4434276,4.4434276,21,1.5537236906331868,17,7
20,upto2,91,2,LONG: r6m <= -0.2056 AND sec_3d <= -0.01338,"[79, 1893]",1,4.4308043,4.4308043,24,0.4249475262111356,35,5
20,upto2,92,2,LONG: roe >= 0.06318 AND d0 >= 0.03278,"[939, 1468]",1,4.417113,4.417113,29,0.2951502097134952,55,8
20,upto2,93,2,LONG: season_so_far_3d <= -0.01658 AND r10d <= -0.08012,"[1187, 1575]",1,4.4150314,4.4150314,29,-0.6309574232555276,4,2
20,upto2,94,2,LONG: vs_ma50 <= -0.08939 AND vol20_60 >= 1.128,"[234, 2053]",1,4.412459,4.412459,21,1.800093606623175,41,7
20,upto2,95,2,LONG: past_avg_3d >= 0.02071 AND z5 <= -1.166,"[747, 2088]",1,4.4095616,4.4095616,21,-1.951226849464766,20,6
20,upto2,96,2,LONG: r3y >= 3.213 AND roe >= 0.1858,"[154, 951]",1,4.409504,4.409504,27,-0.46062881144590095,47,8
20,upto2,97,2,LONG: vs_ma50 <= -0.08939 AND pe >= 39.83,"[234, 899]",1,4.4021273,4.4021273,23,-1.2152998131495334,45,6
20,upto2,98,2,LONG: from_52w_low >= 1.446 AND past_avg_3d >= -0.0003723,"[231, 739]",1,4.389781,4.389781,21,-2.283225036338106,11,4
20,upto2,99,2,LONG: vs_ma200 <= -0.1423 AND sec_vs_nifty_1w <= -0.01363,"[260, 1217]",1,4.389493,4.389493,21,1.5043617374952396,27,7
20,upto2,100,2,LONG: r3y >= 2.367 AND intra5 >= 0.04079,"[152, 1726]",1,4.3880725,4.3880725,20,-1.5076351685273002,22,7
20,upto1,1,1,LONG: debt_equity >= 2.499,[985],1,2.7220838,2.7220838,36,-0.24449534904054027,77,8
20,upto1,2,1,LONG: vs_ma50 <= -0.08939,[234],1,2.025038,2.025038,91,-0.41790473646393694,97,7
20,upto1,3,1,SHORT: nifty_1w >= 0.02964,[439],-1,2.0013163,2.0013163,92,-1.169648976961624,84,4
20,upto1,4,1,LONG: r10d <= -0.08012,[1575],1,1.9808885,1.9808885,91,0.41846599847950394,85,8
20,upto1,5,1,LONG: pb >= 20.71,[935],1,1.8475194,1.8475194,38,-0.16034985153536518,98,8
20,upto1,6,1,LONG: intra0 >= 0.02754,[1676],1,1.8459078,1.8459078,91,0.583967793650696,66,8
20,upto1,7,1,LONG: industry == Automobiles - 4 Wheelers,[2339],1,1.8318402,1.8318402,70,0.8922884158626214,44,8
20,upto1,8,1,LONG: r1w <= -0.06305,[1],1,1.7975593,1.7975593,91,-0.4110695523022478,83,8
20,upto1,9,1,SHORT: own_abs3d >= 0.07011,[2267],-1,1.7527288,1.7527288,80,0.3423724178713708,47,8
20,upto1,10,1,SHORT: vs_ma50 >= 0.145,[257],-1,1.7429894,1.7429894,91,-0.8436514674206383,38,6
20,upto1,11,1,SHORT: industry == Telecommunication - Services,[2348],-1,1.7063088,1.7063088,41,0.9116566880649203,23,8
20,upto1,12,1,LONG: peers_reported_3d >= 0.06516,[1167],1,1.6799476,1.6799476,57,-0.151872361867441,61,8
20,upto1,13,1,LONG: gap5 <= -0.01678,[1679],1,1.6785356,1.6785356,91,0.3371526064556016,94,8
20,upto1,14,1,LONG: vs_ma200 <= -0.1423,[260],1,1.6673386,1.6673386,91,0.43265941209963016,156,8
20,upto1,15,1,LONG: sector_index == Nifty Auto,[2326],1,1.5887417,1.5887417,153,0.6635809477306026,111,8
20,upto1,16,1,LONG: debt_equity >= 2.016,[983],1,1.5840235,1.5840235,72,-0.030356732232155126,121,8
20,upto1,17,1,SHORT: r1m >= 0.1653,[50],-1,1.5565385,1.5565385,91,-0.6071797046931054,70,7
20,upto1,18,1,LONG: r3d <= -0.04819,[1549],1,1.5023996,1.5023996,91,-0.2145003329014803,80,8
20,upto1,19,1,SHORT: r5y <= -0.3783,[157],-1,1.4672029,1.4672029,86,-1.363653122337755,10,7
20,upto1,20,1,LONG: pe >= 115.8,[909],1,1.4312397,1.4312397,74,0.5754337229609663,80,8
20,upto1,21,1,LONG: d0 >= 0.03278,[1468],1,1.4241579,1.4241579,91,0.5866724932635884,67,8
20,upto1,22,1,LONG: nifty_3d <= -0.0282,[1757],1,1.4100038,1.4100038,93,-0.28678157003287064,17,2
20,upto1,23,1,LONG: vol20_60 >= 1.247,[2057],1,1.407615,1.407615,91,0.5030978613709557,128,8
20,upto1,24,1,LONG: industry == Automobiles - 2 And 3 Wheelers,[2347],1,1.4031595,1.4031595,42,0.5547128480257301,24,8
20,upto1,25,1,LONG: r2d <= -0.04052,[1523],1,1.402629,1.402629,91,-0.15872299169679138,82,8
20,upto1,26,1,LONG: gap5 <= -0.009432,[1681],1,1.3959119,1.3959119,181,0.31567847253274445,197,8
20,upto1,27,1,LONG: exn_3d >= 0.04611,[1832],1,1.3863776,1.3863776,91,0.39103652996295174,90,8
20,upto1,28,1,LONG: nifty_1w <= -0.0348,[416],1,1.3588598,1.3588598,100,1.10170824854639,11,2
20,upto1,29,1,LONG: dist_20h <= -0.1298,[1939],1,1.358076,1.358076,91,0.17261643523629297,76,5
20,upto1,30,1,LONG: exn_d0 >= 0.02795,[1806],1,1.3574564,1.3574564,91,0.8026328156108248,70,8
20,upto1,31,1,LONG: from_52w_high <= -0.35,[183],1,1.3450519,1.3450519,91,0.3284092819737481,108,8
20,upto1,32,1,LONG: z5 <= -1.528,[2086],1,1.3432013,1.3432013,91,-0.2212865409377081,78,8
20,upto1,33,1,LONG: d0 <= -0.0292,[1445],1,1.3254802,1.3254802,91,0.17814554734119056,73,7
20,upto1,34,1,SHORT: own_dp1 <= -0.02953,[2218],-1,1.3103803,1.3103803,80,-1.527024762529755,2,2
20,upto1,35,1,LONG: r6m <= -0.2056,[79],1,1.3060364,1.3060364,91,0.8163076695226836,139,8
20,upto1,36,1,LONG: nifty_d0 <= -0.0127,[1731],1,1.3017278,1.3017278,97,1.2160693681411479,67,6
20,upto1,37,1,LONG: vol5_60 >= 1.474,[2031],1,1.2861227,1.2861227,91,0.3332045139720552,92,8
20,upto1,38,1,LONG: r10d <= -0.06029,[1577],1,1.265761,1.265761,181,-0.19835869195773156,162,8
20,upto1,39,1,LONG: pre5_vs_own <= -0.05698,[2272],1,1.2573202,1.2573202,159,-0.32264617851072147,135,8
20,upto1,40,1,SHORT: log_mcap >= 13.27,[1037],-1,1.2399055,1.2399055,79,-0.4242811351973296,60,8
20,upto1,41,1,LONG: nifty_3m <= -0.03871,[626],1,1.2356019,1.2356019,182,0.14089735384475102,313,4
20,upto1,42,1,SHORT: industry == Steel And Steel Products,[2344],-1,1.2237338,1.2237338,55,-0.4904649831464039,39,8
20,upto1,43,1,SHORT: r20d >= 0.1613,[1624],-1,1.2217058,1.2217058,91,-0.8966480387205297,76,7
20,upto1,44,1,SHORT: nifty_1w >= 0.02482,[437],-1,1.2104903,1.2104903,183,-0.7410322459882368,126,6
20,upto1,45,1,LONG: intra5 <= -0.07274,[1705],1,1.2026321,1.2026321,91,-0.16052755414787437,53,7
20,upto1,46,1,LONG: r1w <= -0.04535,[3],1,1.1944531,1.1944531,181,-0.535496668214285,152,8
20,upto1,47,1,LONG: sec_reported_3d <= -0.02704,[1421],1,1.1872185,1.1872185,100,0.640523769607451,71,8
20,upto1,48,1,SHORT: iv_t5 >= 0.5038,[1089],-1,1.1759833,1.1759833,82,1.2936314142482275,30,6
20,upto1,49,1,SHORT: own_rd <= -0.01896,[2192],-1,1.1723158,1.1723158,80,1.1995378695864156,13,8
20,upto1,50,1,LONG: gap5 <= -0.005447,[1683],1,1.154675,1.154675,271,0.44858350355207605,303,8
20,upto1,51,1,SHORT: dist_20l >= 0.1684,[1980],-1,1.1300735,1.1300735,91,-1.0252615947943868,87,7
20,upto1,52,1,LONG: exn_d0 <= -0.02445,[1783],1,1.1206933,1.1206933,91,0.5265666810463802,82,8
20,upto1,53,1,LONG: sector_index == Nifty 500,[2328],1,1.1130172,1.1130172,133,0.0634896639881606,112,8
20,upto1,54,1,SHORT: own_dp1 <= -0.02166,[2220],-1,1.0930634,1.0930634,159,0.5336577336724904,21,8
20,upto1,55,1,LONG: nifty_d0 >= 0.01228,[1754],1,1.0702982,1.0702982,99,1.0031576189705913,70,5
20,upto1,56,1,LONG: prev2_sum >= 0.1246,[725],1,1.0692548,1.0692548,80,-0.1652079802856518,69,8
20,upto1,57,1,LONG: sec_vs_50dma <= -0.05535,[1341],1,1.0587196,1.0587196,84,0.4533316679676375,71,5
20,upto1,58,1,LONG: r1m <= -0.1077,[27],1,1.035486,1.035486,91,0.06022031392053702,95,7
20,upto1,59,1,LONG: from_52w_high >= 0,[206],1,1.0305787,1.0305787,120,0.6170544425476171,52,7
20,upto1,60,1,LONG: r3y >= 3.213,[154],1,1.0172318,1.0172318,90,-0.8772520093355866,91,8
20,upto1,61,1,LONG: sector_1w <= -0.04395,[338],1,0.9979617,0.9979617,91,-2.0826348846904206,28,6
20,upto1,62,1,LONG: maxabs5 >= 0.05845,[2083],1,0.985737,0.985737,91,0.1834991864092209,59,8
20,upto1,63,1,LONG: dist_60h <= -0.1501,[1985],1,0.97470105,0.97470105,181,0.17644867486378732,244,8
20,upto1,64,1,LONG: pre5_vs_own <= -0.0795,[2270],1,0.9659385,0.9659385,80,1.0853636505931201,59,8
20,upto1,65,1,LONG: sec_3d <= -0.03539,[1887],1,0.96315444,0.96315444,91,-0.4669950946545731,43,6
20,upto1,66,1,LONG: india_vix >= 21.07,[671],1,0.9581803,0.9581803,185,4.5160836222074945,13,2
20,upto1,67,1,LONG: intra0 <= -0.03025,[1653],1,0.95791405,0.95791405,91,-0.07105162109370294,80,7
20,upto1,68,1,LONG: days_since_dividend <= 32,[1042],1,0.94688886,0.94688886,184,0.05519330858485825,135,7
20,upto1,69,1,SHORT: own_rd <= -0.01373,[2194],-1,0.9453711,0.9453711,159,0.7358706631588013,40,8
20,upto1,70,1,SHORT: nifty_3d >= 0.02401,[1780],-1,0.94158965,0.94158965,94,-2.627750999309108,40,4
20,upto1,71,1,SHORT: industry == Capital Markets,[2350],-1,0.9335768,0.9335768,32,0.20705654988798664,56,8
20,upto1,72,1,SHORT: sector_3m >= 0.1995,[569],-1,0.9267981,0.9267981,90,1.8865675576372951,4,3
20,upto1,73,1,LONG: r20d <= -0.1057,[1601],1,0.9249252,0.9249252,91,0.2120061814091565,96,7
20,upto1,74,1,LONG: z5 >= 1.737,[2109],1,0.92465466,0.92465466,91,1.1106089379127027,60,8
20,upto1,75,1,SHORT: past_avg_3d <= -0.03404,[728],-1,0.9234246,0.9234246,74,3.6213224489051767,6,5
20,upto1,76,1,LONG: r6m <= -0.1418,[81],1,0.9057591,0.9057591,181,0.42220335233470146,252,8
20,upto1,77,1,LONG: sec_d0 <= -0.0188,[1861],1,0.90437067,0.90437067,92,0.042039736665780154,56,6
20,upto1,78,1,LONG: vs_sector_1m <= -0.09598,[468],1,0.90217274,0.90217274,91,-0.23388274888976632,82,8
20,upto1,79,1,LONG: debt_equity >= 1.552,[981],1,0.8921243,0.8921243,108,-0.2237246509397243,167,8
20,upto1,80,1,SHORT: pe_vs_peers <= -0.6546,[988],-1,0.8839647,0.8839647,56,0.762245747892547,56,8
20,upto1,81,1,SHORT: z20 >= 1.9,[2135],-1,0.88018477,0.88018477,91,-0.7096763487045407,47,7
20,upto1,82,1,LONG: peers_reported_3d >= 0.04528,[1165],1,0.87789977,0.87789977,115,-0.6293287647485568,106,8
20,upto1,83,1,LONG: dist_20h <= -0.1001,[1941],1,0.8766962,0.8766962,181,-0.1718244610151747,164,8
20,upto1,84,1,SHORT: nifty_1w >= 0.0227,[435],-1,0.8742824,0.8742824,276,-0.5322412080097163,134,6
20,upto1,85,1,LONG: nifty_1w <= -0.02519,[418],1,0.8664422,0.8664422,186,-0.7716349874995209,43,4
20,upto1,86,1,LONG: vs_sector_1w <= -0.05064,[364],1,0.8623237,0.8623237,91,-0.5007249431302498,78,8
20,upto1,87,1,LONG: prev2_sum >= 0.08934,[723],1,0.8543882,0.8543882,159,-0.6641818102058787,141,8
20,upto1,88,1,LONG: z5 <= -1.166,[2088],1,0.85376203,0.85376203,181,-0.508939850760809,169,8
20,upto1,89,1,LONG: d0 <= -0.02119,[1447],1,0.8501486,0.8501486,181,-0.03693803161466943,153,8
20,upto1,90,1,LONG: pre5_vs_own <= -0.04449,[2274],1,0.84799415,0.84799415,239,-0.6251408721304386,211,8
20,upto1,91,1,LONG: pb >= 6.201,[925],1,0.8448012,0.8448012,304,-0.20450625290169336,599,8
20,upto1,92,1,LONG: r10d <= -0.04525,[1579],1,0.84276694,0.84276694,271,0.1294611988972614,256,8
20,upto1,93,1,LONG: pb >= 4.889,[923],1,0.8417659,0.8417659,380,-0.09477844404672829,748,8
20,upto1,94,1,LONG: vs_ma200 <= -0.09908,[262],1,0.8413475,0.8413475,181,0.08943421821880398,266,8
20,upto1,95,1,LONG: vs_nifty_1m <= -0.1074,[494],1,0.836814,0.836814,91,0.29860490417138896,68,8
20,upto1,96,1,SHORT: d2 >= 0.0301,[1520],-1,0.83084273,0.83084273,91,-0.5717033102054295,87,8
20,upto1,97,1,LONG: pb >= 10.37,[929],1,0.8293811,0.8293811,152,-0.04407863314508027,363,8
20,upto1,98,1,SHORT: own_abs3d <= 0.01548,[2244],-1,0.82059354,0.82059354,80,,0,0
20,upto1,99,1,LONG: sec_reported_3d <= -0.02257,[1423],1,0.8141253,0.8141253,150,0.7594566000418872,88,8
20,upto1,100,1,LONG: r1w <= -0.03521,[5],1,0.8127759,0.8127759,271,-0.5604295879220509,229,8
30,all,1,3,LONG: roe >= 0.1161 AND iv_t5 >= 0.3096 AND vol20_60 >= 1.128,"[945, 1075, 2053]",1,6.737771,6.737771,31,0.539243653517846,125,8
30,all,2,3,LONG: vs_sector_3m >= 0.03546 AND debt_equity <= 0.3731 AND vol20_60 >= 1.128,"[585, 976, 2053]",1,6.471878,6.471878,33,-0.11897885342693193,51,8
30,all,3,3,LONG: vs_sector_1w <= -0.0295 AND past_pct_up >= 0.5385 AND maxabs5 >= 0.03824,"[368, 767, 2077]",1,6.1444817,6.1444817,30,0.2741464352717805,28,8
30,all,4,3,LONG: debt_equity <= 0.3731 AND iv_t5 >= 0.2852 AND vol20_60 >= 1.128,"[976, 1073, 2053]",1,5.8754177,5.8754177,33,0.5734753358050053,110,8
30,all,5,3,LONG: vs_sector_1w <= -0.0295 AND past_pct_up >= 0.5385 AND own_rd >= 0.007699,"[368, 767, 2209]",1,5.6997004,5.6997004,30,-1.6249747193978674,25,8
30,all,6,3,LONG: vs_ma50 >= 0.0923 AND prev_sales_yoy <= 0.1466 AND pb >= 6.201,"[253, 842, 925]",1,5.688835,5.688835,30,1.1033603744936664,33,7
30,all,7,3,LONG: vs_ma200 >= 0.1208 AND debt_equity <= 0.3731 AND vol20_60 >= 1.128,"[273, 976, 2053]",1,5.651402,5.651402,34,-0.8395006619106162,19,6
30,all,8,3,LONG: vs_sector_1w <= -0.03692 AND past_pct_up >= 0.5385 AND own_rd >= 0.004413,"[366, 767, 2207]",1,5.627644,5.627644,30,-1.7345530296141896,23,8
30,all,9,3,LONG: roe >= 0.1161 AND iv_t5 >= 0.2852 AND vol20_60 >= 1.128,"[945, 1073, 2053]",1,5.6054907,5.6054907,40,0.39006386019219147,140,8
30,all,10,3,LONG: vs_sector_1w >= 0.02541 AND pb >= 6.201 AND intra0 >= 0.001654,"[381, 925, 1666]",1,5.5989757,5.5989757,31,0.6622695241242178,71,8
30,all,11,3,LONG: volume_5d_vs_60d >= 0.9389 AND roe >= 0.1161 AND maxabs5 >= 0.04811,"[325, 945, 2081]",1,5.568811,5.568811,30,1.1312032821248044,73,8
30,all,12,3,LONG: vs_ma50 >= 0.0923 AND pb >= 6.201 AND own_abs3d <= 0.04524,"[253, 925, 2260]",1,5.5661254,5.5661254,31,1.7252269459081806,42,7
30,all,13,3,SHORT: iv_t5 >= 0.4563 AND sec_vs_nifty_1w >= -0.00342 AND gap0 >= 0.006435,"[1087, 1220, 1644]",-1,5.562066,5.562066,30,0.5442112300476132,19,6
30,all,14,3,LONG: roe >= 0.1161 AND vol20_60 >= 1.022 AND maxabs5 >= 0.04188,"[945, 2049, 2079]",1,5.5537596,5.5537596,34,1.6859487488716338,100,8
30,all,15,3,LONG: debt_equity <= 0.3731 AND pe_vs_peers <= 2.47 AND vol20_60 >= 1.182,"[976, 1012, 2055]",1,5.5468273,5.5468273,34,0.5345013835332906,71,8
30,all,16,3,LONG: vs_sector_3m >= 0.03546 AND past_pct_up >= 0.1667 AND intra0 >= 0.02754,"[585, 753, 1676]",1,5.5373726,5.5373726,30,-0.5957767948388109,29,8
30,all,17,3,LONG: vs_sector_3m >= 0.03546 AND past_pct_up >= 0.25 AND intra0 >= 0.02754,"[585, 755, 1676]",1,5.5373726,5.5373726,30,-0.5957767948388109,29,8
30,all,18,3,LONG: from_52w_low >= 0.2275 AND debt_equity <= 0.181 AND vol20_60 >= 1.182,"[215, 974, 2055]",1,5.5225143,5.5225143,30,0.18207232320645772,43,7
30,all,19,3,LONG: roe >= 0.1161 AND vol20_60 >= 1.088 AND maxabs5 >= 0.04188,"[945, 2051, 2079]",1,5.5047693,5.5047693,32,1.3452136838649031,80,8
30,all,20,3,LONG: debt_equity <= 0.3731 AND pe_vs_peers <= -0.007256 AND vol20_60 >= 1.128,"[976, 1000, 2053]",1,5.4910035,5.4910035,32,0.1677383904687,64,8
30,all,21,3,LONG: debt_equity <= 0.181 AND pe_vs_peers <= 2.47 AND vol20_60 >= 1.182,"[974, 1012, 2055]",1,5.480047,5.480047,31,0.6339940332048342,63,8
30,all,22,3,LONG: roe >= 0.1161 AND vol20_60 >= 1.182 AND own_rd >= 0.002313,"[945, 2055, 2205]",1,5.4737782,5.4737782,31,1.5076037198304064,62,8
30,all,23,3,LONG: past_avg_3d >= -0.01655 AND log_mcap >= 10.55 AND exn_d0 >= 0.02795,"[733, 1019, 1806]",1,5.440311,5.440311,32,0.07922673696932427,48,8
30,all,24,3,LONG: nifty_1w <= -0.01321 AND sector_3m <= -0.04167 AND r2d <= -0.03056,"[422, 550, 1525]",1,5.429955,5.429955,30,-0.2609517928415043,18,4
30,all,25,3,LONG: vs_ma200 >= 0.04723 AND debt_equity <= 0.181 AND vol20_60 >= 1.182,"[269, 974, 2055]",1,5.4209557,5.4209557,30,0.3037069981937842,23,7
30,all,26,3,LONG: sector_3m <= -0.04167 AND r2d <= -0.03056 AND nifty_3d <= -0.01478,"[550, 1525, 1761]",1,5.4184165,5.4184165,30,1.50996848317072,11,5
30,all,27,3,LONG: debt_equity <= 0.3731 AND pe_vs_peers <= 2.47 AND vol20_60 >= 1.128,"[976, 1012, 2053]",1,5.4176326,5.4176326,45,0.86537535356819,107,8
30,all,28,3,LONG: roe >= 0.1161 AND d2 <= 0.01649 AND maxabs5 >= 0.04811,"[945, 1517, 2081]",1,5.3941565,5.3941565,30,0.9309843045870094,58,8
30,all,29,3,LONG: roe >= 0.1161 AND d2 <= 0.01302 AND maxabs5 >= 0.04811,"[945, 1515, 2081]",1,5.3941565,5.3941565,30,1.1553888860328179,57,8
30,all,30,3,LONG: debt_equity <= 0.3731 AND vol20_60 >= 1.182 AND z20 <= 1.9,"[976, 2055, 2136]",1,5.380743,5.380743,43,0.21725692829173668,102,8
30,all,31,3,LONG: r3m >= 0.1308 AND roe >= 0.1161 AND vol20_60 >= 1.128,"[68, 945, 2053]",1,5.368553,5.368553,34,-1.931987217259426,23,8
30,all,32,3,LONG: past_avg_3d >= -0.01655 AND log_mcap >= 10.55 AND intra0 >= 0.02754,"[733, 1019, 1676]",1,5.3672605,5.3672605,33,0.28585472619203317,49,8
30,all,33,3,LONG: vs_ma200 >= 0.08308 AND roe >= 0.1616 AND vol20_60 >= 1.128,"[271, 949, 2053]",1,5.350778,5.350778,30,-0.5609174706187605,32,7
30,all,34,3,LONG: vs_ma200 <= -0.03308 AND nifty_1w <= -0.006801 AND r2d <= -0.03056,"[266, 424, 1525]",1,5.3494725,5.3494725,32,0.8794766976021411,47,8
30,all,35,3,LONG: from_52w_high >= -0.0924 AND pb >= 4.889 AND gap0 >= 0.00758,"[194, 923, 1646]",1,5.345106,5.345106,30,-0.24194208944045642,26,7
30,all,36,3,LONG: vs_sector_3m >= 0.03546 AND roe >= 0.1161 AND vol20_60 >= 1.182,"[585, 945, 2055]",1,5.336754,5.336754,30,-0.8153373618134878,50,7
30,all,37,3,LONG: debt_equity <= 0.3731 AND d2 <= 0.01302 AND vol20_60 >= 1.182,"[976, 1515, 2055]",1,5.3346853,5.3346853,35,0.9493937314412272,67,8
30,all,38,3,LONG: vol60 >= 0.3255 AND past_pct_up >= 0.3333 AND exn_d0 >= 0.02795,"[301, 759, 1806]",1,5.332099,5.332099,30,0.41380355721030937,31,7
30,all,39,3,LONG: r1w <= -0.04535 AND past_avg_3d >= 0.004554 AND days_after_quarter_end >= 32,"[3, 741, 1129]",1,5.3303757,5.3303757,31,-2.752576215716173,25,8
30,all,40,3,LONG: roe >= 0.1161 AND log_mcap <= 11.75 AND maxabs5 >= 0.04811,"[945, 1030, 2081]",1,5.321539,5.321539,30,0.5255897562702597,67,8
30,all,41,3,LONG: debt_equity <= 0.181 AND vol20_60 >= 1.182 AND z20 <= 1.9,"[974, 2055, 2136]",1,5.3165317,5.3165317,40,0.30233836816973175,91,8
30,all,42,3,LONG: debt_equity <= 0.181 AND d2 <= 0.01302 AND vol20_60 >= 1.182,"[974, 1515, 2055]",1,5.3161263,5.3161263,33,1.104102699369836,60,8
30,all,43,3,LONG: debt_equity <= 1.268 AND d2 <= 0.0214 AND vol20_60 >= 1.247,"[980, 1519, 2057]",1,5.3112016,5.3112016,30,0.49032298789537115,68,8
30,all,44,3,LONG: prev2_sum >= -0.05498 AND roe >= 0.0905 AND vol5_60 >= 1.474,"[707, 943, 2031]",1,5.3102202,5.3102202,30,1.722793429535567,50,8
30,all,45,3,LONG: vs_ma200 >= 0.1208 AND roe >= 0.1161 AND vol20_60 >= 1.128,"[273, 945, 2053]",1,5.302529,5.302529,39,-1.4081837419687546,33,7
30,all,46,3,LONG: prev2_sum >= -0.05498 AND roe >= 0.07781 AND vol5_60 >= 1.474,"[707, 941, 2031]",1,5.301522,5.301522,31,1.7658113617751785,54,8
30,all,47,3,LONG: r1w <= -0.03521 AND r10d <= -0.08012 AND own_dm1 >= 0.0003465,"[5, 1575, 2175]",1,5.2958355,5.2958355,30,0.4283512872146847,31,7
30,all,48,3,LONG: vs_sector_3m >= 0.03546 AND roe >= 0.1161 AND vol20_60 >= 1.128,"[585, 945, 2053]",1,5.29173,5.29173,40,-0.5790760748533355,75,8
30,all,49,3,LONG: debt_equity <= 0.3731 AND pe_vs_peers >= -0.6546 AND vol20_60 >= 1.182,"[976, 987, 2055]",1,5.2798557,5.2798557,35,0.4781742524281142,71,8
30,all,50,3,SHORT: nifty_1w >= 0.018 AND season_so_far_3d >= 0.01183 AND pre5_vs_own <= 0.03361,"[433, 1204, 2288]",-1,5.2789664,5.2789664,30,0.9771233715808193,31,3
30,all,51,3,LONG: nifty_3m <= 0.08945 AND log_mcap >= 10.76 AND intra0 >= 0.02754,"[640, 1021, 1676]",1,5.276797,5.276797,31,0.4449214277819209,51,8
30,all,52,3,LONG: prev2_sum >= -0.05498 AND roe >= 0.06318 AND vol5_60 >= 1.474,"[707, 939, 2031]",1,5.276515,5.276515,32,1.7064036421918318,57,8
30,all,53,3,LONG: d0 <= -0.0292 AND dist_20l <= 0 AND own_dm1 <= 0.008383,"[1445, 1959, 2184]",1,5.2759643,5.2759643,30,0.40737125343869296,28,6
30,all,54,3,LONG: debt_equity <= 0.3731 AND pe_vs_peers >= -0.4594 AND vol20_60 >= 1.182,"[976, 991, 2055]",1,5.2758493,5.2758493,32,0.4535795976038491,60,8
30,all,55,3,LONG: from_52w_low >= 0.2275 AND debt_equity <= 0.3731 AND vol20_60 >= 1.182,"[215, 976, 2055]",1,5.2749863,5.2749863,34,0.10157900681790148,48,7
30,all,56,3,LONG: vs_sector_3m >= 0.03546 AND past_pct_up <= 0.8 AND intra0 >= 0.02754,"[585, 776, 1676]",1,5.2720046,5.2720046,31,-0.5957767948388109,29,8
30,all,57,3,LONG: vs_sector_3m >= 0.03546 AND intra0 >= 0.02754 AND n_prior >= 3,"[585, 1676, 2300]",1,5.2720046,5.2720046,31,-0.5957767948388109,29,8
30,all,58,3,LONG: roe >= 0.1161 AND days_after_quarter_end <= 40 AND maxabs5 >= 0.04811,"[945, 1134, 2081]",1,5.2710238,5.2710238,30,0.9843782427226841,73,7
30,all,59,3,LONG: vs_ma200 >= 0.08308 AND debt_equity <= 0.3731 AND vol20_60 >= 1.182,"[271, 976, 2055]",1,5.2645574,5.2645574,30,-0.23983835198884318,17,6
30,all,60,3,LONG: vs_sector_3m >= 0.03546 AND iv_t5 <= 0.4563 AND intra0 >= 0.02754,"[585, 1088, 1676]",1,5.260625,5.260625,32,-0.6620052706628683,25,8
30,all,61,3,LONG: roe >= 0.1616 AND log_mcap <= 12.51 AND vol20_60 >= 1.182,"[949, 1034, 2055]",1,5.25321,5.25321,30,-0.16797043574607542,81,8
30,all,62,3,SHORT: vs_ma50 >= 0.145 AND days_after_quarter_end >= 26.8 AND gap0 >= 0.004938,"[257, 1125, 1642]",-1,5.2529335,5.2529335,30,0.5839973466513201,10,4
30,all,63,3,LONG: debt_equity <= 0.181 AND gap0 >= 0.0007085 AND vol20_60 >= 1.182,"[974, 1636, 2055]",1,5.252762,5.252762,30,-0.4133131367690118,40,8
30,all,64,3,LONG: india_vix >= 11.9 AND debt_equity <= 0.3731 AND vol20_60 >= 1.182,"[655, 976, 2055]",1,5.2521124,5.2521124,33,0.4604826641658329,85,8
30,all,65,3,LONG: roe >= 0.1363 AND iv_t5 >= 0.2614 AND vol20_60 >= 1.182,"[947, 1071, 2055]",1,5.2518854,5.2518854,31,0.9342210438936568,106,8
30,all,66,3,LONG: vs_sector_1w <= -0.0295 AND past_pct_up >= 0.5385 AND own_rd >= 0.004413,"[368, 767, 2207]",1,5.2515125,5.2515125,39,-0.8141137753525688,32,8
30,all,67,3,LONG: vs_sector_1w >= 0.02541 AND prev_pat_yoy <= 0.4443 AND pb >= 6.201,"[381, 820, 925]",1,5.2497125,5.2497125,32,-0.2712631576576596,84,8
30,all,68,3,LONG: roe >= 0.1161 AND iv_t5 >= 0.2614 AND vol20_60 >= 1.182,"[945, 1071, 2055]",1,5.2467465,5.2467465,36,0.7077402127085345,122,8
30,all,69,3,LONG: debt_equity <= 1.552 AND d2 <= 0.0214 AND vol20_60 >= 1.247,"[982, 1519, 2057]",1,5.2339,5.2339,31,0.6348845021410386,73,8
30,all,70,3,LONG: debt_equity <= 2.016 AND d2 <= 0.01649 AND vol20_60 >= 1.247,"[984, 1517, 2057]",1,5.232649,5.232649,30,0.9100880495895051,70,8
30,all,71,3,LONG: vs_sector_1w <= -0.0295 AND nifty_1m <= 0.0117 AND past_pct_up >= 0.6,"[368, 532, 769]",1,5.2177644,5.2177644,30,-0.2138320912279488,32,6
30,all,72,3,LONG: debt_equity <= 0.3731 AND pe_vs_peers >= -0.6546 AND vol20_60 >= 1.128,"[976, 987, 2053]",1,5.217311,5.217311,46,0.6799943455330415,104,8
30,all,73,3,SHORT: sector_1w >= 0.02903 AND nifty_3m >= 0.1038 AND d2 >= 0.008204,"[357, 641, 1512]",-1,5.216116,5.216116,33,,0,0
30,all,74,3,SHORT: from_52w_high <= -0.00646 AND vs_ma50 >= 0.145 AND days_after_quarter_end >= 26.8,"[205, 257, 1125]",-1,5.216053,5.216053,31,-0.8375925405165894,14,5
30,all,75,3,LONG: intra0 <= -0.03025 AND dist_20l <= 0 AND own_dm1 <= 0.008383,"[1653, 1959, 2184]",1,5.2141833,5.2141833,31,0.12594883896954595,30,5
30,all,76,3,LONG: vs_ma50 <= -0.08939 AND days_after_quarter_end >= 26.8 AND peers_reported_n <= 1,"[234, 1125, 1171]",1,5.2115736,5.2115736,30,1.6944163288926635,28,6
30,all,77,3,LONG: gap0 >= 0.009057 AND own_rd >= 0.004413 AND n_prior >= 5,"[1648, 2207, 2304]",1,5.210588,5.210588,30,-0.0029022244936764397,28,8
30,all,78,3,LONG: debt_equity <= 0.3731 AND d2 <= 0.01649 AND vol20_60 >= 1.182,"[976, 1517, 2055]",1,5.2044005,5.2044005,37,0.7237757505680301,75,8
30,all,79,3,SHORT: from_52w_high <= -0.01692 AND vs_ma50 >= 0.145 AND n_prior <= 11,"[203, 257, 2313]",-1,5.201121,5.201121,30,,0,0
30,all,80,3,LONG: vs_ma200 <= -0.03308 AND r2d <= -0.03056 AND nifty_3d <= -0.01016,"[266, 1525, 1763]",1,5.1982603,5.1982603,31,1.8854983152928733,50,8
30,all,81,3,LONG: debt_equity <= 0.3731 AND iv_t5 >= 0.248 AND vol20_60 >= 1.182,"[976, 1069, 2055]",1,5.1973467,5.1973467,32,0.1997104697226899,89,8
30,all,82,3,LONG: r1w <= -0.04535 AND past_avg_3d >= 0.0107 AND days_since_dividend <= 313,"[3, 743, 1058]",1,5.1972003,5.1972003,32,-0.4738334784849288,30,8
30,all,83,3,LONG: r1w <= -0.04535 AND past_pct_up >= 0.5385 AND days_after_quarter_end >= 32,"[3, 767, 1129]",1,5.196795,5.196795,32,-2.7975917708063927,21,7
30,all,84,3,LONG: vol60 >= 0.199 AND debt_equity <= 0.181 AND vol20_60 >= 1.182,"[289, 974, 2055]",1,5.196562,5.196562,31,0.3479329268918875,79,8
30,all,85,3,LONG: vs_ma200 <= -0.03308 AND r2d <= -0.03056 AND sec_3d <= -0.01338,"[266, 1525, 1893]",1,5.195885,5.195885,32,1.4596064716553165,45,7
30,all,86,3,LONG: sector_3m <= -0.04167 AND days_since_dividend >= 105 AND r2d <= -0.03056,"[550, 1049, 1525]",1,5.190899,5.190899,30,1.9181532358516555,32,7
30,all,87,3,SHORT: vs_ma50 >= -0.03362 AND nifty_1w >= 0.018 AND intra0 <= -0.01753,"[239, 433, 1657]",-1,5.1906714,5.1906714,30,0.09864193143746365,13,4
30,all,88,3,LONG: debt_equity <= 0.181 AND pe_vs_peers >= -0.6546 AND vol20_60 >= 1.182,"[974, 987, 2055]",1,5.190134,5.190134,32,0.5448652471757058,64,8
30,all,89,3,SHORT: prev1_next20 <= 0.08005 AND iv_t5 >= 0.4116 AND sector_index == Nifty Financial Services,"[796, 1083, 2323]",-1,5.18933,5.18933,31,-0.6921584942683592,27,8
30,all,90,3,SHORT: prev1_next20 <= 0.1178 AND iv_t5 >= 0.4116 AND sector_index == Nifty Financial Services,"[800, 1083, 2323]",-1,5.18933,5.18933,31,-0.04702621272260054,28,8
30,all,91,3,SHORT: prev1_next20 <= 0.09515 AND iv_t5 >= 0.4116 AND sector_index == Nifty Financial Services,"[798, 1083, 2323]",-1,5.18933,5.18933,31,-0.04702621272260054,28,8
30,all,92,3,LONG: debt_equity <= 0.3731 AND iv_t5 >= 0.2614 AND vol20_60 >= 1.128,"[976, 1071, 2053]",1,5.188024,5.188024,38,0.6472044358723422,123,8
30,all,93,3,LONG: debt_equity <= 0.3731 AND pe_vs_peers >= -0.5474 AND vol20_60 >= 1.182,"[976, 989, 2055]",1,5.1875143,5.1875143,33,0.4959332728817168,68,8
30,all,94,3,SHORT: vs_ma50 >= 0.145 AND gap0 >= 0.004938 AND z5 <= 1.737,"[257, 1642, 2110]",-1,5.187467,5.187467,31,-1.10023166474598,10,4
30,all,95,3,LONG: vs_ma200 >= 0.04723 AND debt_equity <= 0.3731 AND vol20_60 >= 1.182,"[269, 976, 2055]",1,5.1853757,5.1853757,34,0.33780708335317444,25,7
30,all,96,3,LONG: prev2_sum >= -0.06837 AND roe >= 0.0905 AND vol5_60 >= 1.474,"[705, 943, 2031]",1,5.18094,5.18094,31,1.331209304968812,57,8
30,all,97,3,SHORT: vs_ma50 >= 0.145 AND sec_vs_nifty_3m <= 0.04818 AND gap0 >= 0.0007085,"[257, 1281, 1636]",-1,5.1797886,5.1797886,31,-1.4869734554370868,13,4
30,all,98,3,LONG: debt_equity <= 0.181 AND d2 <= 0.01649 AND vol20_60 >= 1.182,"[974, 1517, 2055]",1,5.1794577,5.1794577,35,0.7745559747400598,67,8
30,all,99,3,LONG: debt_equity <= 1.268 AND vol20_60 >= 1.247 AND z20 <= 1.9,"[980, 2057, 2136]",1,5.1770697,5.1770697,32,0.655745031634523,84,8
30,all,100,3,LONG: prev2_sum >= -0.06837 AND roe >= 0.07781 AND vol5_60 >= 1.474,"[705, 941, 2031]",1,5.1765532,5.1765532,32,1.3949684006935015,61,8
30,upto2,1,2,SHORT: nifty_1w >= 0.02482 AND intra0 <= -0.01431,"[437, 1659]",-1,5.0863843,5.0863843,30,1.4390615039329788,12,3
30,upto2,2,2,LONG: vs_sector_1w <= -0.05064 AND past_pct_up >= 0.5385,"[364, 767]",1,4.7087984,4.7087984,31,0.3041575624188779,27,8
30,upto2,3,2,SHORT: vs_ma50 >= 0.145 AND iv_t5 >= 0.4326,"[257, 1085]",-1,4.4743595,4.4743595,32,-2.0524531731785878,15,4
30,upto2,4,2,LONG: past_avg_3d >= 0.0171 AND maxabs5 >= 0.04188,"[745, 2079]",1,4.3805504,4.3805504,33,-0.058036767544865836,36,8
30,upto2,5,2,LONG: sector_3m <= -0.06247 AND r2d <= -0.03056,"[548, 1525]",1,4.374505,4.374505,34,1.0809172735278378,24,4
30,upto2,6,2,SHORT: nifty_1w >= 0.018 AND intra0 <= -0.01753,"[433, 1657]",-1,4.3142023,4.3142023,37,-0.1941324443145053,15,4
30,upto2,7,2,SHORT: from_52w_high <= -0.01692 AND vs_ma50 >= 0.145,"[203, 257]",-1,4.3093543,4.3093543,35,-0.4285864167167654,19,5
30,upto2,8,2,LONG: roe >= 0.1161 AND vol5_60 >= 1.474,"[945, 2031]",1,4.28004,4.28004,32,1.1849637905935817,52,8
30,upto2,9,2,LONG: r1w <= -0.06305 AND past_pct_up >= 0.5385,"[1, 767]",1,4.2657886,4.2657886,33,0.2074650556393774,27,7
30,upto2,10,2,LONG: sector_3m <= -0.06247 AND sec_vs_nifty_1m >= 0.02219,"[548, 1252]",1,4.2598314,4.2598314,30,-4.612472901732707,18,4
30,upto2,11,2,LONG: past_avg_3d >= -0.006006 AND exn_d0 >= 0.02795,"[737, 1806]",1,4.2589593,4.2589593,31,0.8512614013392276,48,8
30,upto2,12,2,LONG: past_pct_up >= 0.5 AND intra0 >= 0.02754,"[765, 1676]",1,4.237657,4.237657,31,0.6314308612950336,41,8
30,upto2,13,2,LONG: roe >= 0.0289 AND intra0 >= 0.02754,"[937, 1676]",1,4.2024136,4.2024136,30,0.7185990016858144,59,8
30,upto2,14,2,LONG: pe >= 50.82 AND r20d <= -0.07609,"[901, 1603]",1,4.152333,4.152333,30,0.07428653702564872,63,7
30,upto2,15,2,LONG: sector_3m <= -0.02647 AND sec_rank_1m >= 0.8421,"[552, 1308]",1,4.130441,4.130441,31,-2.1785499882984896,32,4
30,upto2,16,2,LONG: nifty_1m <= 0.002643 AND exn_d0 >= 0.02795,"[530, 1806]",1,4.103642,4.103642,32,0.3400930961142104,38,6
30,upto2,17,2,LONG: days_after_quarter_end >= 32 AND z5 <= -1.528,"[1129, 2086]",1,4.0991163,4.0991163,32,0.07296729163816956,20,6
30,upto2,18,2,LONG: debt_equity >= 0.0875 AND pre5_vs_own <= -0.05698,"[971, 2272]",1,4.0841336,4.0841336,31,-0.6663670068352036,83,8
30,upto2,19,2,LONG: debt_equity <= 0.181 AND vol20_60 >= 1.182,"[974, 2055]",1,4.0779405,4.0779405,46,0.16335900461362574,93,8
30,upto2,20,2,LONG: roe >= 0.1616 AND maxabs5 >= 0.04811,"[949, 2081]",1,4.057674,4.057674,32,0.7088744587656788,61,8
30,upto2,21,2,LONG: gap5 <= -0.01678 AND dist_20l <= 0.01101,"[1679, 1963]",1,4.051628,4.051628,32,-1.01072373037612,34,7
30,upto2,22,2,LONG: vs_sector_1w >= 0.03199 AND pb >= 6.201,"[383, 925]",1,4.035862,4.035862,37,0.21879744832253453,85,8
30,upto2,23,2,LONG: debt_equity >= 0.03947 AND pre5_vs_own <= -0.05698,"[969, 2272]",1,4.033098,4.033098,32,-0.7696755271480982,87,8
30,upto2,24,2,LONG: pe >= 50.82 AND dist_60h <= -0.1501,"[901, 1985]",1,4.032057,4.032057,31,-0.6651048971100826,64,8
30,upto2,25,2,SHORT: intra0 <= -0.01753 AND dist_60h >= -0.02565,"[1657, 1998]",-1,4.0279818,4.0279818,34,-0.9298266606643746,11,4
30,upto2,26,2,LONG: debt_equity <= 0.3731 AND vol20_60 >= 1.182,"[976, 2055]",1,4.0251875,4.0251875,50,0.0946134866478727,104,8
30,upto2,27,2,LONG: roe >= 0.0289 AND maxabs5 >= 0.05845,"[937, 2083]",1,4.0149016,4.0149016,32,0.527650807403212,51,8
30,upto2,28,2,SHORT: nifty_1w >= 0.02482 AND exn_d0 <= -0.01478,"[437, 1787]",-1,3.994365,3.994365,32,-0.7593194698916849,13,5
30,upto2,29,2,LONG: past_avg_3d >= 0.0107 AND pre5_vs_own <= -0.05698,"[743, 2272]",1,3.9854314,3.9854314,36,-0.6240906368467689,39,8
30,upto2,30,2,SHORT: iv_t5 >= 0.4116 AND fin_type == NBFC / financial,"[1083, 2322]",-1,3.982165,3.982165,31,-2.444566999448782,24,8
30,upto2,31,2,SHORT: vs_ma50 >= 0.145 AND sec_vs_nifty_3m <= 0.04818,"[257, 1281]",-1,3.9810107,3.9810107,39,-1.8447023572210561,20,6
30,upto2,32,2,LONG: nifty_1w <= -0.0348 AND r2d <= -0.03056,"[416, 1525]",1,3.971143,3.971143,34,-3.3180998688357595,2,1
30,upto2,33,2,LONG: past_pct_up >= 0.5 AND exn_d0 >= 0.02795,"[765, 1806]",1,3.9704175,3.9704175,31,1.0364193374814545,41,8
30,upto2,34,2,LONG: debt_equity <= 0.3731 AND vol20_60 >= 1.247,"[976, 2057]",1,3.9539118,3.9539118,32,0.22860708913552238,55,8
30,upto2,35,2,LONG: debt_equity <= 1.268 AND vol20_60 >= 1.247,"[980, 2057]",1,3.9513183,3.9513183,37,0.48897238730610154,87,8
30,upto2,36,2,LONG: roe >= 0.1161 AND maxabs5 >= 0.04811,"[945, 2081]",1,3.950429,3.950429,42,0.6511241550200906,89,8
30,upto2,37,2,LONG: nifty_1w <= -0.02519 AND r2d <= -0.04052,"[418, 1523]",1,3.9480143,3.9480143,30,-1.764201198713598,10,3
30,upto2,38,2,LONG: r6m <= -0.0577 AND r3d <= -0.04819,"[85, 1549]",1,3.9469838,3.9469838,30,1.1513560484653602,35,6
30,upto2,39,2,SHORT: vs_ma50 >= 0.145 AND intra5 <= 0.01216,"[257, 1721]",-1,3.9447482,3.9447482,30,-1.2665051474714033,9,4
30,upto2,40,2,LONG: vs_ma50 <= -0.08939 AND nifty_1w <= -0.01321,"[234, 422]",1,3.9419281,3.9419281,44,-1.3052002478863278,40,6
30,upto2,41,2,LONG: vol5_60 >= 1.474 AND own_rd >= 0.002313,"[2031, 2205]",1,3.9274354,3.9274354,31,1.4217184195868295,32,7
30,upto2,42,2,LONG: past_avg_3d >= -0.006006 AND intra0 >= 0.02754,"[737, 1676]",1,3.925119,3.925119,33,1.0064193314772278,48,8
30,upto2,43,2,LONG: debt_equity <= 1.552 AND vol20_60 >= 1.247,"[982, 2057]",1,3.9240432,3.9240432,38,0.6037522084243634,92,8
30,upto2,44,2,LONG: sector_3m <= -0.04167 AND r2d <= -0.04052,"[550, 1523]",1,3.9162607,3.9162607,32,0.7530483440883893,27,6
30,upto2,45,2,LONG: sector_3m <= -0.02647 AND r3d <= -0.04819,"[552, 1549]",1,3.9153707,3.9153707,37,0.7241813397864458,37,6
30,upto2,46,2,SHORT: vs_ma50 >= 0.145 AND log_mcap <= 11,"[257, 1024]",-1,3.914297,3.914297,32,0.06625720507999422,10,4
30,upto2,47,2,LONG: debt_equity <= 0.7725 AND vol20_60 >= 1.247,"[978, 2057]",1,3.910668,3.910668,34,0.5694829678255791,77,8
30,upto2,48,2,LONG: r1w <= -0.04535 AND past_avg_3d >= 0.0107,"[3, 743]",1,3.9058075,3.9058075,44,-1.0469712339857453,44,8
30,upto2,49,2,SHORT: vs_ma50 >= 0.145 AND n_prior <= 7,"[257, 2307]",-1,3.8989344,3.8989344,38,,0,0
30,upto2,50,2,LONG: past_pct_up >= 0.4286 AND intra0 >= 0.02754,"[763, 1676]",1,3.8971834,3.8971834,39,0.6648483923121107,50,8
30,upto2,51,2,SHORT: r1m >= 0.1653 AND days_after_quarter_end >= 40,"[50, 1133]",-1,3.8871202,3.8871202,30,-1.13499726923154,15,5
30,upto2,52,2,LONG: pb >= 6.201 AND maxabs5 >= 0.04188,"[925, 2079]",1,3.8841379,3.8841379,31,-0.1519164931236548,108,8
30,upto2,53,2,SHORT: vs_ma50 >= 0.145 AND intra0 <= 0.001654,"[257, 1667]",-1,3.8714335,3.8714335,43,-0.45991015709026734,11,4
30,upto2,54,2,LONG: vs_ma200 <= -0.09908 AND maxabs5 >= 0.04188,"[262, 2079]",1,3.8712728,3.8712728,33,1.2661273629381873,79,7
30,upto2,55,2,LONG: peers_reported_3d >= 0.03368 AND own_dp1 <= -0.0141,"[1163, 2224]",1,3.871099,3.871099,30,0.09763640549840423,14,6
30,upto2,56,2,LONG: vs_sector_1m <= -0.0285 AND gap5 <= -0.01678,"[476, 1679]",1,3.8695893,3.8695893,34,0.5300904970520053,38,7
30,upto2,57,2,LONG: past_pct_up >= 0.6 AND pre5_vs_own <= -0.05698,"[769, 2272]",1,3.8693666,3.8693666,39,0.26255838744227716,37,8
30,upto2,58,2,SHORT: iv_t5 >= 0.4116 AND sector_index == Nifty Financial Services,"[1083, 2323]",-1,3.8651717,3.8651717,38,-0.5708508391193868,32,8
30,upto2,59,2,LONG: vs_ma50 <= -0.08939 AND pre5_vs_own <= -0.05698,"[234, 2272]",1,3.8615186,3.8615186,38,0.12401065339233372,41,6
30,upto2,60,2,SHORT: nifty_1w >= 0.02482 AND d0 <= -0.007452,"[437, 1453]",-1,3.8599293,3.8599293,34,-0.4119025294826581,24,5
30,upto2,61,2,LONG: roe >= 0.0289 AND d0 >= 0.03278,"[937, 1468]",1,3.853403,3.853403,32,0.5196952498976867,60,8
30,upto2,62,2,LONG: vs_ma50 <= -0.08939 AND prev_sales_yoy >= 0.2522,"[234, 845]",1,3.8502548,3.8502548,34,0.6117231324184355,24,4
30,upto2,63,2,LONG: pb >= 6.201 AND d0 >= 0.01709,"[925, 1464]",1,3.8221235,3.8221235,31,0.7082319907546992,89,8
30,upto2,64,2,LONG: d0 <= -0.0292 AND dist_20l <= 0,"[1445, 1959]",1,3.8150332,3.8150332,38,0.7650687098627584,30,6
30,upto2,65,2,LONG: vs_sector_1w <= -0.03692 AND past_pct_up >= 0.6,"[366, 769]",1,3.807754,3.807754,47,0.1501746332640839,41,8
30,upto2,66,2,LONG: past_avg_3d >= -0.01016 AND exn_d0 >= 0.02795,"[735, 1806]",1,3.804512,3.804512,40,0.8647193521486325,52,8
30,upto2,67,2,LONG: pb >= 1.913 AND vol20_60 >= 1.247,"[917, 2057]",1,3.786074,3.786074,39,0.6963230741011522,97,8
30,upto2,68,2,LONG: vs_ma50 <= -0.08939 AND r3d <= -0.03523,"[234, 1551]",1,3.776404,3.776404,42,-0.9306838800324928,46,5
30,upto2,69,2,SHORT: r20d >= 0.1613 AND intra0 <= 0.001654,"[1624, 1667]",-1,3.7758324,3.7758324,42,-0.3555030139161193,30,7
30,upto2,70,2,LONG: r1m <= -0.07645 AND pe >= 50.82,"[29, 901]",1,3.7712927,3.7712927,31,-0.6140709953026442,62,7
30,upto2,71,2,LONG: vs_nifty_1m <= -0.05129 AND intra0 <= -0.03025,"[500, 1653]",1,3.766781,3.766781,30,0.9004265681506609,31,6
30,upto2,72,2,LONG: vs_sector_1m <= -0.0285 AND maxabs5 >= 0.05845,"[476, 2083]",1,3.7661023,3.7661023,30,-0.20812758731813813,27,6
30,upto2,73,2,LONG: roe >= 0.1616 AND vol20_60 >= 1.182,"[949, 2055]",1,3.7590802,3.7590802,41,0.20508312153933586,93,8
30,upto2,74,2,LONG: roe >= 0.06318 AND vol5_60 >= 1.474,"[939, 2031]",1,3.7517953,3.7517953,38,1.1111043453602167,71,8
30,upto2,75,2,LONG: past_pct_up >= 0.5385 AND pre5_vs_own <= -0.05698,"[767, 2272]",1,3.7506897,3.7506897,48,0.40447621550985097,48,8
30,upto2,76,2,LONG: roe >= 0.1161 AND vol20_60 >= 1.247,"[945, 2057]",1,3.7478619,3.7478619,36,0.7813086245161116,83,8
30,upto2,77,2,LONG: sector_3m <= -0.04167 AND sec_vs_nifty_1w >= 0.01462,"[550, 1228]",1,3.7417219,3.7417219,31,1.600357710220478,45,6
30,upto2,78,2,LONG: prev1_next20 >= 0.09515 AND pb >= 10.37,"[797, 929]",1,3.7376742,3.7376742,31,-0.5646175982364237,32,6
30,upto2,79,2,LONG: past_avg_3d >= -0.01655 AND intra0 >= 0.02754,"[733, 1676]",1,3.7337933,3.7337933,51,0.7031847588757024,58,8
30,upto2,80,2,LONG: past_avg_3d >= -0.006006 AND exn_3d >= 0.04611,"[737, 1832]",1,3.7319784,3.7319784,37,-0.10416226080491803,64,8
30,upto2,81,2,LONG: roe >= 0.07781 AND vol5_60 >= 1.474,"[941, 2031]",1,3.7315388,3.7315388,37,1.1320178595808916,68,8
30,upto2,82,2,SHORT: vs_ma50 >= 0.145 AND n_prior <= 8,"[257, 2309]",-1,3.7283995,3.7283995,40,,0,0
30,upto2,83,2,LONG: roe >= 0.1858 AND vol20_60 >= 1.182,"[951, 2055]",1,3.727756,3.727756,37,0.211480772226483,72,8
30,upto2,84,2,SHORT: sec_from_52w_high >= -0.009335 AND intra0 <= -0.01753,"[1410, 1657]",-1,3.7248797,3.7248797,35,-0.36562945014461057,16,4
30,upto2,85,2,LONG: past_pct_up >= 0.3846 AND intra0 >= 0.02754,"[761, 1676]",1,3.722024,3.722024,42,0.6539660736078027,54,8
30,upto2,86,2,SHORT: nifty_1w >= 0.0227 AND intra0 <= -0.01431,"[435, 1659]",-1,3.7199333,3.7199333,40,1.3424311519682286,13,4
30,upto2,87,2,LONG: vs_ma50 <= -0.03362 AND gap5 <= -0.01678,"[240, 1679]",1,3.7197661,3.7197661,34,1.4251696376481398,34,7
30,upto2,88,2,LONG: sec_rank_1m >= 0.9474 AND sec_reported_3d <= 0.01176,"[1312, 1435]",1,3.719651,3.719651,41,-0.6936428055496888,19,6
30,upto2,89,2,LONG: vs_nifty_1w >= 0.04668 AND roe >= 0.1858,"[411, 951]",1,3.7145097,3.7145097,30,0.2635684233647551,59,8
30,upto2,90,2,LONG: from_52w_high >= -0.02485 AND intra0 >= 0.02754,"[200, 1676]",1,3.7140276,3.7140276,31,-0.9342453072635117,11,4
30,upto2,91,2,LONG: debt_equity <= 2.016 AND vol20_60 >= 1.247,"[984, 2057]",1,3.706608,3.706608,40,0.7598278401773613,94,8
30,upto2,92,2,LONG: pb >= 4.889 AND exs_3d >= 0.03039,"[923, 1934]",1,3.7017457,3.7017457,30,0.04090162520340699,80,8
30,upto2,93,2,LONG: r6m <= -0.2056 AND sec_3d <= -0.006524,"[79, 1895]",1,3.7000585,3.7000585,31,1.035504205296199,49,7
30,upto2,94,2,LONG: intra0 >= 0.02754 AND nifty_3d <= 0.002323,"[1676, 1769]",1,3.6982675,3.6982675,35,0.19274581928376047,39,8
30,upto2,95,2,LONG: d0 >= 0.03278 AND nifty_d0 >= 0.00837,"[1468, 1750]",1,3.6969666,3.6969666,30,1.778377753815089,18,6
30,upto2,96,2,LONG: roe >= 0.0905 AND vol5_60 >= 1.474,"[943, 2031]",1,3.6951766,3.6951766,36,1.0750306559304608,63,8
30,upto2,97,2,SHORT: vs_ma50 >= 0.145 AND iv_t5 >= 0.4116,"[257, 1083]",-1,3.6920552,3.6920552,35,-1.9732387770925475,21,5
30,upto2,98,2,SHORT: vs_ma50 >= 0.145 AND intra5 <= 0.02444,"[257, 1723]",-1,3.6917555,3.6917555,35,-2.0129528370218077,10,5
30,upto2,99,2,LONG: vs_ma200 <= -0.1423 AND sec_3d <= -0.01338,"[260, 1893]",1,3.6911,3.6911,34,-0.33236725984498494,42,7
30,upto2,100,2,LONG: prev1_next20 >= 0.03534 AND intra0 >= 0.02754,"[791, 1676]",1,3.6909764,3.6909764,37,-0.48801910465988746,25,8
30,upto1,1,1,LONG: debt_equity >= 2.499,[985],1,2.7220838,2.7220838,36,-0.24449534904054027,77,8
30,upto1,2,1,LONG: vs_ma50 <= -0.08939,[234],1,2.025038,2.025038,91,-0.41790473646393694,97,7
30,upto1,3,1,SHORT: nifty_1w >= 0.02964,[439],-1,2.0013163,2.0013163,92,-1.169648976961624,84,4
30,upto1,4,1,LONG: r10d <= -0.08012,[1575],1,1.9808885,1.9808885,91,0.41846599847950394,85,8
30,upto1,5,1,LONG: pb >= 20.71,[935],1,1.8475194,1.8475194,38,-0.16034985153536518,98,8
30,upto1,6,1,LONG: intra0 >= 0.02754,[1676],1,1.8459078,1.8459078,91,0.583967793650696,66,8
30,upto1,7,1,LONG: industry == Automobiles - 4 Wheelers,[2339],1,1.8318402,1.8318402,70,0.8922884158626214,44,8
30,upto1,8,1,LONG: r1w <= -0.06305,[1],1,1.7975593,1.7975593,91,-0.4110695523022478,83,8
30,upto1,9,1,SHORT: own_abs3d >= 0.07011,[2267],-1,1.7527288,1.7527288,80,0.3423724178713708,47,8
30,upto1,10,1,SHORT: vs_ma50 >= 0.145,[257],-1,1.7429894,1.7429894,91,-0.8436514674206383,38,6
30,upto1,11,1,SHORT: industry == Telecommunication - Services,[2348],-1,1.7063088,1.7063088,41,0.9116566880649203,23,8
30,upto1,12,1,LONG: peers_reported_3d >= 0.06516,[1167],1,1.6799476,1.6799476,57,-0.151872361867441,61,8
30,upto1,13,1,LONG: gap5 <= -0.01678,[1679],1,1.6785356,1.6785356,91,0.3371526064556016,94,8
30,upto1,14,1,LONG: vs_ma200 <= -0.1423,[260],1,1.6673386,1.6673386,91,0.43265941209963016,156,8
30,upto1,15,1,LONG: sector_index == Nifty Auto,[2326],1,1.5887417,1.5887417,153,0.6635809477306026,111,8
30,upto1,16,1,LONG: debt_equity >= 2.016,[983],1,1.5840235,1.5840235,72,-0.030356732232155126,121,8
30,upto1,17,1,SHORT: r1m >= 0.1653,[50],-1,1.5565385,1.5565385,91,-0.6071797046931054,70,7
30,upto1,18,1,LONG: r3d <= -0.04819,[1549],1,1.5023996,1.5023996,91,-0.2145003329014803,80,8
30,upto1,19,1,SHORT: r5y <= -0.3783,[157],-1,1.4672029,1.4672029,86,-1.363653122337755,10,7
30,upto1,20,1,LONG: pe >= 115.8,[909],1,1.4312397,1.4312397,74,0.5754337229609663,80,8
30,upto1,21,1,LONG: d0 >= 0.03278,[1468],1,1.4241579,1.4241579,91,0.5866724932635884,67,8
30,upto1,22,1,LONG: nifty_3d <= -0.0282,[1757],1,1.4100038,1.4100038,93,-0.28678157003287064,17,2
30,upto1,23,1,LONG: vol20_60 >= 1.247,[2057],1,1.407615,1.407615,91,0.5030978613709557,128,8
30,upto1,24,1,LONG: industry == Automobiles - 2 And 3 Wheelers,[2347],1,1.4031595,1.4031595,42,0.5547128480257301,24,8
30,upto1,25,1,LONG: r2d <= -0.04052,[1523],1,1.402629,1.402629,91,-0.15872299169679138,82,8
30,upto1,26,1,LONG: gap5 <= -0.009432,[1681],1,1.3959119,1.3959119,181,0.31567847253274445,197,8
30,upto1,27,1,LONG: exn_3d >= 0.04611,[1832],1,1.3863776,1.3863776,91,0.39103652996295174,90,8
30,upto1,28,1,LONG: nifty_1w <= -0.0348,[416],1,1.3588598,1.3588598,100,1.10170824854639,11,2
30,upto1,29,1,LONG: dist_20h <= -0.1298,[1939],1,1.358076,1.358076,91,0.17261643523629297,76,5
30,upto1,30,1,LONG: exn_d0 >= 0.02795,[1806],1,1.3574564,1.3574564,91,0.8026328156108248,70,8
30,upto1,31,1,LONG: from_52w_high <= -0.35,[183],1,1.3450519,1.3450519,91,0.3284092819737481,108,8
30,upto1,32,1,LONG: z5 <= -1.528,[2086],1,1.3432013,1.3432013,91,-0.2212865409377081,78,8
30,upto1,33,1,LONG: d0 <= -0.0292,[1445],1,1.3254802,1.3254802,91,0.17814554734119056,73,7
30,upto1,34,1,SHORT: own_dp1 <= -0.02953,[2218],-1,1.3103803,1.3103803,80,-1.527024762529755,2,2
30,upto1,35,1,LONG: r6m <= -0.2056,[79],1,1.3060364,1.3060364,91,0.8163076695226836,139,8
30,upto1,36,1,LONG: nifty_d0 <= -0.0127,[1731],1,1.3017278,1.3017278,97,1.2160693681411479,67,6
30,upto1,37,1,LONG: vol5_60 >= 1.474,[2031],1,1.2861227,1.2861227,91,0.3332045139720552,92,8
30,upto1,38,1,LONG: r10d <= -0.06029,[1577],1,1.265761,1.265761,181,-0.19835869195773156,162,8
30,upto1,39,1,LONG: pre5_vs_own <= -0.05698,[2272],1,1.2573202,1.2573202,159,-0.32264617851072147,135,8
30,upto1,40,1,SHORT: log_mcap >= 13.27,[1037],-1,1.2399055,1.2399055,79,-0.4242811351973296,60,8
30,upto1,41,1,LONG: nifty_3m <= -0.03871,[626],1,1.2356019,1.2356019,182,0.14089735384475102,313,4
30,upto1,42,1,SHORT: industry == Steel And Steel Products,[2344],-1,1.2237338,1.2237338,55,-0.4904649831464039,39,8
30,upto1,43,1,SHORT: r20d >= 0.1613,[1624],-1,1.2217058,1.2217058,91,-0.8966480387205297,76,7
30,upto1,44,1,SHORT: nifty_1w >= 0.02482,[437],-1,1.2104903,1.2104903,183,-0.7410322459882368,126,6
30,upto1,45,1,LONG: intra5 <= -0.07274,[1705],1,1.2026321,1.2026321,91,-0.16052755414787437,53,7
30,upto1,46,1,LONG: r1w <= -0.04535,[3],1,1.1944531,1.1944531,181,-0.535496668214285,152,8
30,upto1,47,1,LONG: sec_reported_3d <= -0.02704,[1421],1,1.1872185,1.1872185,100,0.640523769607451,71,8
30,upto1,48,1,SHORT: iv_t5 >= 0.5038,[1089],-1,1.1759833,1.1759833,82,1.2936314142482275,30,6
30,upto1,49,1,SHORT: own_rd <= -0.01896,[2192],-1,1.1723158,1.1723158,80,1.1995378695864156,13,8
30,upto1,50,1,LONG: gap5 <= -0.005447,[1683],1,1.154675,1.154675,271,0.44858350355207605,303,8
30,upto1,51,1,SHORT: dist_20l >= 0.1684,[1980],-1,1.1300735,1.1300735,91,-1.0252615947943868,87,7
30,upto1,52,1,LONG: exn_d0 <= -0.02445,[1783],1,1.1206933,1.1206933,91,0.5265666810463802,82,8
30,upto1,53,1,LONG: sector_index == Nifty 500,[2328],1,1.1130172,1.1130172,133,0.0634896639881606,112,8
30,upto1,54,1,SHORT: own_dp1 <= -0.02166,[2220],-1,1.0930634,1.0930634,159,0.5336577336724904,21,8
30,upto1,55,1,LONG: nifty_d0 >= 0.01228,[1754],1,1.0702982,1.0702982,99,1.0031576189705913,70,5
30,upto1,56,1,LONG: prev2_sum >= 0.1246,[725],1,1.0692548,1.0692548,80,-0.1652079802856518,69,8
30,upto1,57,1,LONG: sec_vs_50dma <= -0.05535,[1341],1,1.0587196,1.0587196,84,0.4533316679676375,71,5
30,upto1,58,1,LONG: r1m <= -0.1077,[27],1,1.035486,1.035486,91,0.06022031392053702,95,7
30,upto1,59,1,LONG: from_52w_high >= 0,[206],1,1.0305787,1.0305787,120,0.6170544425476171,52,7
30,upto1,60,1,LONG: r3y >= 3.213,[154],1,1.0172318,1.0172318,90,-0.8772520093355866,91,8
30,upto1,61,1,LONG: sector_1w <= -0.04395,[338],1,0.9979617,0.9979617,91,-2.0826348846904206,28,6
30,upto1,62,1,LONG: maxabs5 >= 0.05845,[2083],1,0.985737,0.985737,91,0.1834991864092209,59,8
30,upto1,63,1,LONG: dist_60h <= -0.1501,[1985],1,0.97470105,0.97470105,181,0.17644867486378732,244,8
30,upto1,64,1,LONG: pre5_vs_own <= -0.0795,[2270],1,0.9659385,0.9659385,80,1.0853636505931201,59,8
30,upto1,65,1,LONG: sec_3d <= -0.03539,[1887],1,0.96315444,0.96315444,91,-0.4669950946545731,43,6
30,upto1,66,1,LONG: india_vix >= 21.07,[671],1,0.9581803,0.9581803,185,4.5160836222074945,13,2
30,upto1,67,1,LONG: intra0 <= -0.03025,[1653],1,0.95791405,0.95791405,91,-0.07105162109370294,80,7
30,upto1,68,1,LONG: days_since_dividend <= 32,[1042],1,0.94688886,0.94688886,184,0.05519330858485825,135,7
30,upto1,69,1,SHORT: own_rd <= -0.01373,[2194],-1,0.9453711,0.9453711,159,0.7358706631588013,40,8
30,upto1,70,1,SHORT: nifty_3d >= 0.02401,[1780],-1,0.94158965,0.94158965,94,-2.627750999309108,40,4
30,upto1,71,1,SHORT: industry == Capital Markets,[2350],-1,0.9335768,0.9335768,32,0.20705654988798664,56,8
30,upto1,72,1,SHORT: sector_3m >= 0.1995,[569],-1,0.9267981,0.9267981,90,1.8865675576372951,4,3
30,upto1,73,1,LONG: r20d <= -0.1057,[1601],1,0.9249252,0.9249252,91,0.2120061814091565,96,7
30,upto1,74,1,LONG: z5 >= 1.737,[2109],1,0.92465466,0.92465466,91,1.1106089379127027,60,8
30,upto1,75,1,SHORT: past_avg_3d <= -0.03404,[728],-1,0.9234246,0.9234246,74,3.6213224489051767,6,5
30,upto1,76,1,LONG: r6m <= -0.1418,[81],1,0.9057591,0.9057591,181,0.42220335233470146,252,8
30,upto1,77,1,LONG: sec_d0 <= -0.0188,[1861],1,0.90437067,0.90437067,92,0.042039736665780154,56,6
30,upto1,78,1,LONG: vs_sector_1m <= -0.09598,[468],1,0.90217274,0.90217274,91,-0.23388274888976632,82,8
30,upto1,79,1,LONG: debt_equity >= 1.552,[981],1,0.8921243,0.8921243,108,-0.2237246509397243,167,8
30,upto1,80,1,SHORT: pe_vs_peers <= -0.6546,[988],-1,0.8839647,0.8839647,56,0.762245747892547,56,8
30,upto1,81,1,SHORT: z20 >= 1.9,[2135],-1,0.88018477,0.88018477,91,-0.7096763487045407,47,7
30,upto1,82,1,LONG: peers_reported_3d >= 0.04528,[1165],1,0.87789977,0.87789977,115,-0.6293287647485568,106,8
30,upto1,83,1,LONG: dist_20h <= -0.1001,[1941],1,0.8766962,0.8766962,181,-0.1718244610151747,164,8
30,upto1,84,1,SHORT: nifty_1w >= 0.0227,[435],-1,0.8742824,0.8742824,276,-0.5322412080097163,134,6
30,upto1,85,1,LONG: nifty_1w <= -0.02519,[418],1,0.8664422,0.8664422,186,-0.7716349874995209,43,4
30,upto1,86,1,LONG: vs_sector_1w <= -0.05064,[364],1,0.8623237,0.8623237,91,-0.5007249431302498,78,8
30,upto1,87,1,LONG: prev2_sum >= 0.08934,[723],1,0.8543882,0.8543882,159,-0.6641818102058787,141,8
30,upto1,88,1,LONG: z5 <= -1.166,[2088],1,0.85376203,0.85376203,181,-0.508939850760809,169,8
30,upto1,89,1,LONG: d0 <= -0.02119,[1447],1,0.8501486,0.8501486,181,-0.03693803161466943,153,8
30,upto1,90,1,LONG: pre5_vs_own <= -0.04449,[2274],1,0.84799415,0.84799415,239,-0.6251408721304386,211,8
30,upto1,91,1,LONG: pb >= 6.201,[925],1,0.8448012,0.8448012,304,-0.20450625290169336,599,8
30,upto1,92,1,LONG: r10d <= -0.04525,[1579],1,0.84276694,0.84276694,271,0.1294611988972614,256,8
30,upto1,93,1,LONG: pb >= 4.889,[923],1,0.8417659,0.8417659,380,-0.09477844404672829,748,8
30,upto1,94,1,LONG: vs_ma200 <= -0.09908,[262],1,0.8413475,0.8413475,181,0.08943421821880398,266,8
30,upto1,95,1,LONG: vs_nifty_1m <= -0.1074,[494],1,0.836814,0.836814,91,0.29860490417138896,68,8
30,upto1,96,1,SHORT: d2 >= 0.0301,[1520],-1,0.83084273,0.83084273,91,-0.5717033102054295,87,8
30,upto1,97,1,LONG: pb >= 10.37,[929],1,0.8293811,0.8293811,152,-0.04407863314508027,363,8
30,upto1,98,1,SHORT: own_abs3d <= 0.01548,[2244],-1,0.82059354,0.82059354,80,,0,0
30,upto1,99,1,LONG: sec_reported_3d <= -0.02257,[1423],1,0.8141253,0.8141253,150,0.7594566000418872,88,8
30,upto1,100,1,LONG: r1w <= -0.03521,[5],1,0.8127759,0.8127759,271,-0.5604295879220509,229,8
