rule,qn,n,mean,tp_mean,symbols
S85 lag<-10 & vol>=1.0,0,4,0.7509,3.1384,AUBANK -7.0 BAJFINANCE +12.7 BANDHANBNK -1.3 LTF -1.4
S85 lag<-10 & vol>=1.0,2,7,0.2721,0.8031,AMBUJACEM +1.5 BIOCON -6.0 CROMPTON -0.7 EICHERMOT +4.0 PIIND +3.4 POLYCAB +2.0 ULTRACEMCO -2.4
S85 lag<-10 & vol>=1.0,3,5,3.2119,2.8907,DIXON -3.2 NAUKRI +8.7 PIIND +4.7 TECHM +5.1 ZYDUSLIFE +0.7
S85 lag<-10 & vol>=1.0,4,7,0.4174,-0.2589,AUROPHARMA -0.9 JINDALSTEL -4.2 JSWSTEEL +2.1 NAUKRI +12.2 NMDC -1.0 OBEROIRLTY -4.0 RBLBANK -1.3
S85 lag<-10 & vol>=1.0,5,3,5.3621,4.7009,GLENMARK +2.9 NMDC +6.6 ZYDUSLIFE +6.6
S85 lag<-10 & vol>=1.0,6,2,0.9999,0.9999,AUROPHARMA +3.0 HINDPETRO -1.0
S85 lag<-10 & vol>=1.0,7,6,3.7528,1.6537,ADANIENT -3.5 ADANIPORTS +19.1 AMBUJACEM +2.9 BANKBARODA +8.5 INDUSTOWER -7.9 SBIN +3.4
S85 lag<-10 & vol>=1.0,8,4,2.5166,1.4503,INDUSTOWER +4.3 LTM +5.5 MANAPPURAM -3.7 PERSISTENT +3.9
S85 lag<-10 & vol>=1.0,9,2,-3.1476,-3.1476,BANDHANBNK -2.8 SRF -3.5
S85 lag<-10 & vol>=1.0,11,4,1.7592,1.7592,AUROPHARMA +2.4 CROMPTON -0.2 IEX +3.0 POLYCAB +1.9
S85 lag<-10 & vol>=1.0,12,4,1.9650,1.6633,INFY +1.3 KOTAKBANK +4.4 LTM -0.9 WIPRO +3.0
S85 lag<-10 & vol>=1.0,13,3,0.3277,3.2758,CUMMINSIND +6.8 JINDALSTEL -1.5 SAIL -4.3
S85 lag<-10 & vol>=1.0,14,2,1.0664,1.0664,BHEL +3.6 MANAPPURAM -1.5
S85 lag<-10 & vol>=1.0,15,12,1.9941,1.9548,CAMS -4.1 CGPOWER +1.3 CUMMINSIND +9.5 ETERNAL -11.3 GODREJPROP -2.4 JIOFIN +1.2 KALYANKJIL +14.8 LODHA +4.4 POLICYBZR +5.1 PRESTIGE +6.8 RECLTD +3.3 TRENT -4.9
S85 lag<-10 & vol>=1.0,16,5,5.9239,4.5401,HCLTECH +10.6 INFY +1.8 SONACOMS +7.3 TATAELXSI +11.0 WIPRO -1.1
S85 lag<-10 & vol>=1.0,17,1,2.6460,2.6460,COFORGE +2.6
S85 lag<-10 & vol>=1.0,18,1,6.4272,6.4272,GODREJCP +6.4
S85 lag<-10 & vol>=1.0,19,11,1.9843,2.1462,CGPOWER +1.9 DIXON +2.6 GODREJPROP +0.0 ITC +1.1 KALYANKJIL +13.3 LODHA +5.6 NAUKRI -4.0 PREMIERENE -6.6 PRESTIGE +4.9 SWIGGY -0.6 WAAREEENER +3.6
S85 lag<-10 & vol>=1.0,21,2,5.2664,10.7185,INDIANB +9.2 KPITTECH +1.3
S44 lag<-10 & vol>=1.3,0,2,-4.1402,2.2620,AUBANK -7.0 BANDHANBNK -1.3
S44 lag<-10 & vol>=1.3,2,1,1.5250,1.5250,AMBUJACEM +1.5
S44 lag<-10 & vol>=1.3,3,3,6.1901,5.6549,NAUKRI +8.7 PIIND +4.7 TECHM +5.1
S44 lag<-10 & vol>=1.3,4,2,-1.0649,0.1048,JINDALSTEL -4.2 JSWSTEEL +2.1
S44 lag<-10 & vol>=1.3,5,1,6.6387,6.6387,ZYDUSLIFE +6.6
S44 lag<-10 & vol>=1.3,6,1,3.0135,3.0135,AUROPHARMA +3.0
S44 lag<-10 & vol>=1.3,7,6,3.7528,1.6537,ADANIENT -3.5 ADANIPORTS +19.1 AMBUJACEM +2.9 BANKBARODA +8.5 INDUSTOWER -7.9 SBIN +3.4
S44 lag<-10 & vol>=1.3,8,2,0.1220,-0.2145,MANAPPURAM -3.7 PERSISTENT +3.9
S44 lag<-10 & vol>=1.3,11,3,2.4029,2.4029,AUROPHARMA +2.4 IEX +3.0 POLYCAB +1.9
S44 lag<-10 & vol>=1.3,12,2,2.8428,2.2395,INFY +1.3 KOTAKBANK +4.4
S44 lag<-10 & vol>=1.3,13,1,6.7524,6.7524,CUMMINSIND +6.8
S44 lag<-10 & vol>=1.3,14,1,3.6365,3.6365,BHEL +3.6
S44 lag<-10 & vol>=1.3,15,7,3.1032,3.7414,CAMS -4.1 CGPOWER +1.3 KALYANKJIL +14.8 LODHA +4.4 PRESTIGE +6.8 RECLTD +3.3 TRENT -4.9
S44 lag<-10 & vol>=1.3,16,2,6.3909,5.0992,INFY +1.8 TATAELXSI +11.0
S44 lag<-10 & vol>=1.3,17,1,2.6460,2.6460,COFORGE +2.6
S44 lag<-10 & vol>=1.3,18,1,6.4272,6.4272,GODREJCP +6.4
S44 lag<-10 & vol>=1.3,19,7,1.6414,1.8957,CGPOWER +1.9 GODREJPROP +0.0 LODHA +5.6 NAUKRI -4.0 PRESTIGE +4.9 SWIGGY -0.6 WAAREEENER +3.6
S44 lag<-10 & vol>=1.3,21,1,1.3019,8.9731,KPITTECH +1.3
lag<-10 alone,0,5,0.4412,2.3512,AUBANK -7.0 BAJFINANCE +12.7 BANDHANBNK -1.3 LTF -1.4 RBLBANK -0.8
lag<-10 alone,1,7,-1.8769,-2.5599,AUROPHARMA -14.0 BANDHANBNK +1.2 BHARATFORG +9.0 GLENMARK -1.6 GMRAIRPORT +3.2 TMPV -3.7 ZYDUSLIFE -7.3
lag<-10 alone,2,14,-0.1839,0.0816,AMBUJACEM +1.5 BIOCON -6.0 CIPLA +2.9 COALINDIA -4.2 COLPAL -2.9 CONCOR +1.9 CROMPTON -0.7 CUMMINSIND +3.0 EICHERMOT +4.0 HDFCAMC -3.8 PIIND +3.4 POLYCAB +2.0 ULTRACEMCO -2.4 ZYDUSLIFE -1.4
lag<-10 alone,3,9,1.3384,0.8602,COFORGE -1.8 DIXON -3.2 IDEA -8.4 NAUKRI +8.7 PERSISTENT -1.1 PIIND +4.7 RBLBANK +7.2 TECHM +5.1 ZYDUSLIFE +0.7
lag<-10 alone,4,16,0.8652,1.1907,APOLLOHOSP -1.3 AUROPHARMA -0.9 DIXON +14.3 DLF +2.0 HCLTECH +2.9 HINDALCO +4.9 JINDALSTEL -4.2 JSWSTEEL +2.1 MPHASIS +2.7 NATIONALUM -3.0 NAUKRI +12.2 NMDC -1.0 OBEROIRLTY -4.0 RBLBANK -1.3 SAIL -7.0 WIPRO -4.6
lag<-10 alone,5,7,2.0879,1.5618,AUBANK +5.2 GLENMARK +2.9 HEROMOTOCO +1.5 IEX -5.8 NMDC +6.6 WIPRO -2.4 ZYDUSLIFE +6.6
lag<-10 alone,6,9,-1.0108,-1.1054,ABB -2.5 ASHOKLEY -0.3 ASTRAL -5.3 AUROPHARMA +3.0 GODREJCP -1.1 HINDPETRO -1.0 IEX -3.7 MOTHERSON +6.6 PAGEIND -4.9
lag<-10 alone,7,7,3.5224,1.7232,ADANIENT -3.5 ADANIPORTS +19.1 AMBUJACEM +2.9 BAJAJFINSV +2.1 BANKBARODA +8.5 INDUSTOWER -7.9 SBIN +3.4
lag<-10 alone,8,7,2.0650,1.4557,CROMPTON +2.2 INDUSTOWER +4.3 LTM +5.5 MANAPPURAM -3.7 NMDC -0.5 PERSISTENT +3.9 TECHM +2.7
lag<-10 alone,9,6,-0.9188,-0.6407,BANDHANBNK -2.8 DIXON -2.1 JUBLFOOD +0.3 SHREECEM +2.7 SRF -3.5 UPL -0.2
lag<-10 alone,10,1,3.4965,3.4965,BIOCON +3.5
lag<-10 alone,11,4,1.7592,1.7592,AUROPHARMA +2.4 CROMPTON -0.2 IEX +3.0 POLYCAB +1.9
lag<-10 alone,12,5,0.5097,0.2683,INFY +1.3 KOTAKBANK +4.4 LTM -0.9 OFSS -5.3 WIPRO +3.0
lag<-10 alone,13,18,0.6632,1.2080,ABB +6.7 ABCAPITAL -5.1 ASTRAL -2.8 BANDHANBNK +16.1 BANKBARODA -1.8 CUMMINSIND +6.8 HAL +0.9 HINDALCO -0.2 IDFCFIRSTB +1.8 INDUSINDBK +1.1 JINDALSTEL -1.5 NATIONALUM -1.5 NMDC +1.0 OBEROIRLTY +1.1 POLYCAB -4.8 RBLBANK -2.8 SAIL -4.3 SIEMENS +1.4
lag<-10 alone,14,7,-1.1280,-1.1280,BHEL +3.6 GAIL +4.5 HEROMOTOCO +0.3 IDEA -6.4 IEX +0.9 MANAPPURAM -1.5 MOTHERSON -9.4
lag<-10 alone,15,24,-1.6070,-1.0477,ABB -5.6 ANGELONE -10.1 BHEL +0.1 CAMS -4.1 CDSL -17.4 CGPOWER +1.3 CUMMINSIND +9.5 DLF -1.3 ETERNAL -11.3 GODREJPROP -2.4 HDFCAMC +5.2 JIOFIN +1.2 JSWENERGY -13.3 KALYANKJIL +14.8 LODHA +4.4 MOTHERSON -3.0 NAUKRI +4.3 OBEROIRLTY -5.3 OIL -6.2 POLICYBZR +5.1 PRESTIGE +6.8 RECLTD +3.3 TRENT -4.9 VOLTAS -10.0
lag<-10 alone,16,15,3.3932,2.5922,BHARATFORG +7.2 COFORGE +1.7 HCLTECH +10.6 INFY +1.8 JSWENERGY +6.1 MUTHOOTFIN -6.7 PERSISTENT +6.2 POWERGRID -0.6 SHREECEM +4.8 SONACOMS +7.3 TATAELXSI +11.0 UNIONBANK +4.1 VEDL -0.2 VOLTAS -1.4 WIPRO -1.1
lag<-10 alone,17,6,1.1333,1.1333,BDL +6.2 COFORGE +2.6 HINDZINC +2.2 IDEA +0.0 INOXWIND -0.5 IREDA -3.8
lag<-10 alone,18,5,5.1727,5.1727,ADANIGREEN +8.2 DMART -2.3 GODREJCP +6.4 POWERINDIA +14.1 RVNL -0.5
lag<-10 alone,19,13,0.8739,1.0108,ADANIGREEN -8.2 CGPOWER +1.9 DIXON +2.6 GODREJPROP +0.0 IDEA -2.2 ITC +1.1 KALYANKJIL +13.3 LODHA +5.6 NAUKRI -4.0 PREMIERENE -6.6 PRESTIGE +4.9 SWIGGY -0.6 WAAREEENER +3.6
lag<-10 alone,20,1,2.4018,2.4018,PGEL +2.4
lag<-10 alone,21,8,1.7260,4.1640,AMBER +3.9 BANKBARODA -0.7 DELHIVERY +2.1 IDEA +2.1 INDIANB +9.2 KPITTECH +1.3 PATANJALI +0.4 TATAELXSI -4.5
vol>=1.0 alone,0,40,0.0084,0.2561,ASHOKLEY +4.2 AUBANK -7.0 BAJAJFINSV +11.4 BAJFINANCE +12.7 BANDHANBNK -1.3 BANKBARODA -5.1 BHARATFORG +7.6 CANBK -3.5 CIPLA -1.1 CONCOR +5.9 CUMMINSIND -8.3 DRREDDY -0.8 HCLTECH -3.4 HDFCBANK -2.7 HDFCLIFE +0.1 ICICIBANK +3.4 IDEA -13.9 INFY -5.1 IOC +2.7 ITC -1.8 JINDALSTEL -15.6 LTF -1.4 LUPIN -0.6 M&M -1.5 MANAPPURAM -3.8 MOTHERSON +5.3 MPHASIS -4.7 MUTHOOTFIN +14.7 ONGC -0.9 PAGEIND -0.5 PIIND -4.6 PNB -4.4 SBIN +7.1 SRF +5.0 TATASTEEL +3.4 TMPV +1.0 TORNTPHARM +1.2 UNITDSPR +0.1 UPL +10.0 VEDL -3.4
vol>=1.0 alone,1,22,-0.6565,0.9036,AMBUJACEM +0.9 BHARTIARTL +2.3 CIPLA -1.8 CUMMINSIND +4.4 DLF +2.0 EICHERMOT -7.0 HAVELLS +4.9 HCLTECH -6.1 HINDALCO -1.8 INDIGO -3.5 INDUSTOWER -0.1 LT -2.1 MPHASIS +7.9 NAM-INDIA +0.6 NATIONALUM -11.2 RECLTD +0.6 SAIL -2.3 SHREECEM -6.5 SIEMENS +5.2 TATAPOWER +0.4 TRENT -1.9 UNITDSPR +0.7
vol>=1.0 alone,2,43,-2.0555,-1.3049,AMBUJACEM +1.5 AXISBANK -3.4 BANDHANBNK -2.8 BANKBARODA -4.1 BIOCON -6.0 CANBK +1.3 CHOLAFIN -5.6 COFORGE -6.6 CROMPTON -0.7 DIXON +3.3 EICHERMOT +4.0 FEDERALBNK +9.0 HCLTECH -2.3 HINDPETRO +1.3 ICICIBANK +9.9 IDFCFIRSTB +5.3 IEX -9.7 INDHOTEL -4.7 ITC -3.4 JUBLFOOD -11.8 KOTAKBANK +0.8 LT +1.7 LTF -8.5 MANAPPURAM -12.9 MPHASIS -8.4 NAM-INDIA -3.1 NTPC -4.6 OFSS -0.3 PERSISTENT +4.3 PIIND +3.4 PNB -7.6 POLYCAB +2.0 RBLBANK -14.9 RECLTD -3.8 SBIN +2.8 SHRIRAMFIN -6.5 TATACONSUM -4.7 TATAPOWER -5.0 TECHM +2.6 TITAN -0.1 TVSMOTOR +6.3 ULTRACEMCO -2.4 VEDL -4.2
vol>=1.0 alone,3,56,0.4560,0.7531,ABCAPITAL +1.2 ADANIPORTS +4.9 ASHOKLEY -10.3 ASTRAL -5.0 AXISBANK +3.4 BANDHANBNK +1.5 BANKBARODA +7.7 BEL +2.7 BPCL -0.7 CHOLAFIN -0.0 COALINDIA -2.6 CONCOR -8.6 CUMMINSIND +3.4 DABUR +3.6 DIXON -3.2 DLF +8.0 DRREDDY -2.2 GODREJPROP -12.5 HCLTECH -7.0 HDFCAMC -6.9 HDFCBANK +0.1 HEROMOTOCO +1.8 HINDALCO +3.0 ICICIPRULI -2.7 IDFCFIRSTB +3.2 INDIGO +11.3 INFY +2.5 ITC +2.9 JINDALSTEL -1.9 JSWSTEEL -7.9 JUBLFOOD -5.8 LICHSGFIN +13.1 LT -0.8 LUPIN -3.5 MARICO +3.2 MARUTI +7.7 MFSL +7.4 NAUKRI +8.7 NMDC +1.5 NTPC +4.5 PETRONET +3.5 PFC -2.5 PIIND +4.7 POLYCAB -7.2 SAIL +0.9 SBIN -1.6 SHREECEM -1.6 TATACONSUM +1.5 TATASTEEL +1.3 TCS +0.5 TECHM +5.1 TITAN +1.6 TVSMOTOR -0.0 ULTRACEMCO -0.6 WIPRO -6.3 ZYDUSLIFE +0.7
vol>=1.0 alone,4,33,-1.3767,-1.2713,ADANIENT -3.3 ALKEM -1.2 AMBUJACEM -3.4 AUBANK -0.5 AUROPHARMA -0.9 BHARTIARTL +0.9 BIOCON -3.1 BRITANNIA +0.9 COFORGE +2.6 DABUR -8.6 GODREJCP -7.5 HDFCBANK -10.5 HEROMOTOCO -0.1 HINDUNILVR +6.6 ICICIBANK -1.1 JINDALSTEL -4.2 JSWSTEEL +2.1 LICHSGFIN +2.9 LTF -4.8 MARICO -3.7 NAUKRI +12.2 NMDC -1.0 OBEROIRLTY -4.0 PETRONET -3.1 RBLBANK -1.3 RELIANCE -6.6 SBICARD -0.8 SIEMENS +2.3 TECHM -2.9 TRENT -0.8 TVSMOTOR -3.1 UPL -4.0 ZYDUSLIFE +4.4
vol>=1.0 alone,5,42,1.8368,1.5441,ABB +4.0 ABCAPITAL -2.5 ADANIPORTS -2.1 ALKEM -3.9 ASTRAL +1.8 AXISBANK -1.2 BAJAJFINSV +12.8 BANKBARODA +4.0 BIOCON -4.9 BOSCHLTD +1.2 CANBK -2.0 COALINDIA +4.8 COFORGE +1.7 COLPAL -1.0 CROMPTON -5.4 CUMMINSIND +5.6 EICHERMOT +2.8 GLENMARK +2.9 HAL +5.9 HINDALCO +5.5 INDHOTEL -0.8 INDUSINDBK +11.1 M&M +1.9 MANAPPURAM +4.7 MOTHERSON -6.4 MPHASIS +6.0 MUTHOOTFIN -7.1 NMDC +6.6 OBEROIRLTY +2.0 PERSISTENT +8.9 PFC +1.5 PIDILITIND -0.0 SBICARD +5.3 SBILIFE +13.3 SBIN -3.5 SIEMENS -2.9 TATACONSUM -1.4 TECHM -3.3 UPL +1.8 VEDL +5.3 VOLTAS -2.3 ZYDUSLIFE +6.6
vol>=1.0 alone,6,28,1.0117,0.6472,APOLLOHOSP +1.4 AUBANK -3.7 AUROPHARMA +3.0 AXISBANK +10.2 BIOCON +2.9 BOSCHLTD +3.1 CANBK +7.2 CIPLA -2.5 COALINDIA +3.9 CUMMINSIND -0.1 DIVISLAB -13.2 GMRAIRPORT +3.3 HAVELLS -1.7 HINDALCO +9.1 HINDPETRO -1.0 ICICIGI +1.0 INDUSINDBK -3.2 INFY +3.6 MANAPPURAM +10.2 MFSL -0.5 PETRONET +0.9 PNB -9.1 RECLTD +6.8 RELIANCE -0.6 SAIL +2.4 SRF -5.9 TITAN +0.5 UPL +0.6
vol>=1.0 alone,7,44,-0.4596,-0.9877,ADANIENT -3.5 ADANIPORTS +19.1 ALKEM +2.7 AMBUJACEM +2.9 ASHOKLEY +5.3 ASIANPAINT -5.3 AUROPHARMA +11.7 BANKBARODA +8.5 BIOCON -1.7 CONCOR -4.4 CROMPTON -7.8 DIXON -22.9 GAIL -5.8 GRASIM -0.5 HAL -1.0 HDFCAMC -4.4 HEROMOTOCO -1.5 HINDALCO +0.9 HINDUNILVR -4.5 IDEA -1.3 INDIGO -0.6 INDUSTOWER -7.9 INFY +2.3 ITC +6.0 KOTAKBANK -0.4 LTF +3.0 MFSL -10.2 MOTHERSON +0.9 NAUKRI -8.5 OBEROIRLTY +2.9 OFSS +0.0 RELIANCE -1.8 SBILIFE -3.8 SBIN +3.4 SHREECEM -3.8 SUNPHARMA -2.7 TATAPOWER +1.3 TATASTEEL -7.2 TITAN +3.8 TMPV +9.0 TRENT +9.1 ULTRACEMCO -5.6 UPL -0.3 VOLTAS +4.2
vol>=1.0 alone,8,45,1.5610,0.8713,ABB +6.6 ABCAPITAL -4.5 ADANIPORTS +1.7 ALKEM -3.9 ASHOKLEY -2.8 ASIANPAINT +3.2 ASTRAL +8.8 AUBANK -3.4 AXISBANK -2.1 BAJAJ-AUTO -0.2 BRITANNIA +1.6 CIPLA -2.3 DIVISLAB +7.3 DIXON +15.1 DLF +7.8 GLENMARK -0.4 GODREJCP +4.1 HCLTECH -1.4 HDFCBANK -1.5 HDFCLIFE -5.5 HEROMOTOCO +2.0 HINDPETRO +1.4 HINDUNILVR -1.3 ICICIBANK +2.1 IDFCFIRSTB +7.7 INDUSINDBK -0.4 INDUSTOWER +4.3 INFY -10.6 LAURUSLABS +4.2 LTM +5.5 MANAPPURAM -3.7 MFSL +1.3 NAUKRI +8.4 OFSS +2.4 PERSISTENT +3.9 PIDILITIND +0.3 SHRIRAMFIN -7.1 SIEMENS +6.1 SUNPHARMA +1.7 TATACONSUM +6.5 TCS -2.3 TMPV +4.2 TORNTPHARM +7.9 UPL -5.1 WIPRO +2.5
vol>=1.0 alone,9,55,-0.6908,-0.9067,ALKEM -7.4 AMBUJACEM +2.5 ASHOKLEY +5.3 ASTRAL +0.6 BANDHANBNK -2.8 BHEL -4.0 BIOCON -6.3 BRITANNIA -3.1 CANBK -2.1 COALINDIA +0.5 COFORGE -6.7 CROMPTON -7.0 CUMMINSIND -6.9 DIVISLAB -0.9 DRREDDY +2.1 FEDERALBNK -4.1 GAIL +3.2 GODREJPROP -9.9 GRASIM -0.9 HAVELLS -2.3 HDFCBANK +2.2 HDFCLIFE -0.9 HEROMOTOCO -2.3 HINDPETRO -4.3 HINDUNILVR -2.9 ICICIBANK -0.1 ICICIPRULI -4.9 IDEA -3.1 IDFCFIRSTB +7.1 INDIGO -5.6 INDUSINDBK +3.1 INFY -9.9 IOC -6.0 LICHSGFIN +2.5 LTM +2.3 LUPIN +7.5 M&M +2.9 MPHASIS +9.5 NAUKRI -8.4 NTPC +11.1 PERSISTENT -4.6 PETRONET +3.8 PFC -2.2 PNB +0.6 POLYCAB +10.9 RBLBANK +1.7 RECLTD +8.8 SHRIRAMFIN -0.3 SIEMENS -1.1 SRF -3.5 TATAPOWER +1.9 TECHM -5.4 UNITDSPR +8.1 VOLTAS -2.9 ZYDUSLIFE -3.0
vol>=1.0 alone,10,20,0.4367,0.2112,ALKEM +10.8 APOLLOHOSP +2.8 CIPLA +3.1 DABUR +1.3 HCLTECH -0.4 HDFCLIFE +1.4 ICICIPRULI -0.3 INDHOTEL -1.8 LT -0.2 LTF -3.3 LUPIN +0.5 MPHASIS -6.0 NESTLEIND -0.3 ONGC +0.7 PERSISTENT +1.5 PIDILITIND +1.0 TATACONSUM +1.3 TCS -2.6 TITAN +2.9 WIPRO -3.6
vol>=1.0 alone,11,72,0.6169,0.5151,ABB +10.2 ADANIPORTS +6.1 ALKEM +0.5 AMBUJACEM -1.6 ASTRAL +1.8 AUBANK -12.6 AUROPHARMA +2.4 AXISBANK -5.2 BAJAJFINSV -0.1 BAJFINANCE -3.3 BANKBARODA +9.0 BEL -0.7 BHARATFORG -14.9 BHARTIARTL -1.4 BIOCON -8.7 CHOLAFIN +0.9 COALINDIA -1.3 COFORGE -0.7 COLPAL +1.3 CONCOR -5.1 CROMPTON -0.2 CUMMINSIND +9.8 DLF -2.3 DRREDDY +4.5 GODREJCP +7.4 GRASIM +5.0 HAVELLS -5.6 HCLTECH +6.4 HDFCLIFE -4.8 HINDALCO -15.6 HINDUNILVR -3.7 ICICIBANK +4.3 ICICIGI +4.4 ICICIPRULI -7.0 IDFCFIRSTB -5.2 IEX +3.0 INDHOTEL +1.4 INDIGO +6.9 INDUSTOWER +4.5 INFY +5.6 IOC -2.7 ITC -5.6 JUBLFOOD -2.1 KOTAKBANK +0.4 LICHSGFIN +2.3 LT -3.1 LTM -11.3 MFSL +8.1 NATIONALUM -0.1 NAUKRI -7.1 NTPC +2.2 OFSS +29.1 ONGC -5.0 PETRONET +2.8 PIDILITIND -3.4 PNB +8.6 POLYCAB +1.9 POWERGRID -2.3 RELIANCE -0.4 SAIL -16.0 SBILIFE +3.2 SBIN +0.4 SHREECEM +4.2 SHRIRAMFIN +5.6 SUNPHARMA +0.6 TATACONSUM -1.1 TATASTEEL -0.0 TCS +5.2 TECHM -4.4 TMPV +4.9 TRENT +25.6 ZYDUSLIFE +8.1
vol>=1.0 alone,12,43,0.3863,0.4121,ALKEM -7.4 ASIANPAINT -4.8 ASTRAL -0.7 AXISBANK +6.9 BANKBARODA -1.3 BEL +13.6 BIOCON -1.6 BOSCHLTD +2.0 BRITANNIA +6.0 COLPAL -4.5 CROMPTON +17.4 CUMMINSIND -5.4 DLF +0.3 DRREDDY -4.7 GMRAIRPORT -8.2 HAL +11.2 HAVELLS +1.7 HCLTECH -6.2 HDFCAMC -2.2 HINDPETRO -2.4 HINDUNILVR -0.5 INFY +1.3 KOTAKBANK +4.4 LT -5.4 LTM -0.9 MOTHERSON +5.5 MPHASIS +2.5 NESTLEIND -0.7 PFC -0.7 PIIND +3.4 PNB +1.4 RBLBANK -1.0 RELIANCE -0.3 SBIN +1.9 SIEMENS -3.2 TATACONSUM -2.3 TATAPOWER -7.5 TCS -0.1 TECHM +6.6 TITAN -8.7 ULTRACEMCO +3.0 VEDL +5.1 WIPRO +3.0
vol>=1.0 alone,13,40,0.5559,0.3924,APOLLOHOSP -1.1 ASIANPAINT -0.3 AUROPHARMA +1.8 BAJAJFINSV -3.7 BHARATFORG +7.7 COFORGE +3.0 CROMPTON +4.3 CUMMINSIND +6.8 DIVISLAB -1.8 DLF +2.5 EICHERMOT +3.9 GODREJPROP -0.0 HINDPETRO +5.8 HINDUNILVR -0.3 INFY +5.0 IOC +2.9 ITC -0.2 JINDALSTEL -1.5 LAURUSLABS +4.3 LUPIN +1.8 MOTHERSON -1.6 MPHASIS +3.3 NAUKRI +1.9 NTPC +3.8 OFSS +2.6 ONGC -10.8 PIIND +3.4 SAIL -4.3 SBICARD -4.9 SBILIFE +4.6 SHREECEM -8.3 SUNPHARMA +1.8 TATACONSUM -2.0 TATAPOWER -6.6 TITAN -2.4 TMPV -5.7 TRENT +16.0 TVSMOTOR +0.3 VEDL -0.2 WIPRO -9.6
vol>=1.0 alone,14,30,-0.4374,-0.5261,ABB -4.0 ALKEM -1.7 AMBUJACEM +2.9 ASIANPAINT -13.4 BHEL +3.6 CANBK +9.5 COFORGE +5.4 DLF +2.4 HCLTECH +3.4 HDFCAMC +8.4 HINDALCO +0.6 IDFCFIRSTB -0.6 LT +8.3 LTF -5.4 M&M +2.6 MANAPPURAM -1.5 MARUTI -2.1 NATIONALUM -5.6 NAUKRI -0.4 NESTLEIND -5.5 NMDC -6.0 OBEROIRLTY -1.5 PIDILITIND -1.0 PNB +2.7 RELIANCE -2.0 SBILIFE -4.5 SHRIRAMFIN +2.2 SRF -3.2 TVSMOTOR -9.6 WIPRO +3.0
vol>=1.0 alone,15,65,-0.5767,-0.5874,ABCAPITAL -6.8 ADANIGREEN -3.2 APLAPOLLO +2.3 ASTRAL +2.5 BHARATFORG -5.2 BPCL -2.2 BRITANNIA -3.2 CAMS -4.1 CGPOWER +1.3 CHOLAFIN -2.4 COALINDIA -4.0 COFORGE +11.8 CROMPTON -1.9 CUMMINSIND +9.5 DMART -9.1 EICHERMOT -6.9 ETERNAL -11.3 GAIL +6.6 GODREJCP -2.3 GODREJPROP -2.4 HAVELLS +3.2 HEROMOTOCO +0.9 HINDPETRO -4.7 HINDUNILVR -1.0 ICICIPRULI -7.5 INDHOTEL -2.3 INDUSTOWER +1.8 INFY -6.5 IRFC -0.3 ITC -5.4 JIOFIN +1.2 KALYANKJIL +14.8 KEI +0.6 KOTAKBANK +5.2 KPITTECH +10.1 LICHSGFIN +1.8 LODHA +4.4 LTM +2.4 M&M -1.3 MFSL -0.3 NHPC -4.3 NYKAA -4.1 PAYTM -4.5 PERSISTENT +3.8 PFC -2.9 PIIND -0.8 POLICYBZR +5.1 POLYCAB -8.3 PRESTIGE +6.8 RECLTD +3.3 SAIL -3.8 SBICARD +0.4 SHREECEM +6.6 SHRIRAMFIN -1.3 SIEMENS -4.6 SOLARINDS -4.0 SONACOMS -5.6 SUNPHARMA +0.4 TATACONSUM +6.6 TATAELXSI -8.4 TIINDIA -7.0 TRENT -4.9 ULTRACEMCO +5.9 UNITDSPR +2.3 YESBANK -0.5
vol>=1.0 alone,16,67,0.7234,0.5568,ADANIENSOL -3.8 ALKEM -3.2 AMBUJACEM -1.6 ASHOKLEY -1.9 ASTRAL +1.8 AXISBANK -4.2 BAJAJ-AUTO -4.0 BAJAJFINSV -4.4 BANDHANBNK -1.5 BEL +3.8 BHEL +1.9 BIOCON -3.4 CANBK +5.6 CDSL -4.5 CHOLAFIN -2.6 CIPLA +1.0 CONCOR -0.8 CUMMINSIND +7.6 DIVISLAB +3.9 DIXON -6.3 DLF +6.2 DMART -4.7 FEDERALBNK -5.1 GRASIM -2.3 HAL +9.3 HAVELLS -1.6 HCLTECH +10.6 HDFCAMC +7.8 HDFCBANK +4.4 HEROMOTOCO +5.5 HINDUNILVR -2.7 HINDZINC +0.9 ICICIBANK +4.4 ICICIPRULI +3.1 IDFCFIRSTB -1.0 INDHOTEL -4.3 INDIANB -0.7 INDUSTOWER -7.0 INFY +1.8 JSWSTEEL +3.1 KPITTECH +4.2 LODHA -0.5 LTF -7.0 LTM +5.5 MARICO +1.7 MARUTI -0.5 MPHASIS +5.7 NATIONALUM +1.7 NHPC -2.3 NMDC -2.2 NYKAA -3.1 OBEROIRLTY -3.4 OFSS +1.6 PFC -3.0 PNBHOUSING +2.3 RBLBANK +8.4 SAIL +1.7 SBILIFE +4.7 SBIN -1.8 SOLARINDS +1.4 SONACOMS +7.3 TATAELXSI +11.0 TATAPOWER +1.7 TCS -1.4 TECHM +6.1 TMPV -1.3 WIPRO -1.1
vol>=1.0 alone,17,30,-1.3133,-1.2325,ANGELONE +2.3 AUROPHARMA -5.3 BIOCON -7.9 BOSCHLTD +0.5 BRITANNIA -6.9 CANBK +2.6 CGPOWER -3.1 CHOLAFIN -4.2 COFORGE +2.6 COLPAL -4.6 DABUR +3.1 DMART -4.3 GODREJCP -2.7 HAVELLS +3.0 HDFCLIFE -0.4 HEROMOTOCO +2.8 HINDPETRO +1.8 ICICIPRULI -1.5 JINDALSTEL +2.3 JUBLFOOD +0.2 KEI +1.1 LODHA -5.9 NAUKRI -0.1 PAGEIND -1.9 PERSISTENT -10.7 PHOENIXLTD +3.6 PRESTIGE +0.5 RBLBANK -4.9 SONACOMS -0.5 UPL -1.0
vol>=1.0 alone,18,50,0.8125,0.8238,ALKEM +0.5 ASIANPAINT +8.5 AUROPHARMA -3.0 BANDHANBNK -11.1 BANKBARODA +6.0 BANKINDIA +2.8 BEL +3.7 BIOCON +6.6 BOSCHLTD +1.2 BPCL +5.4 BSE +3.7 CANBK +5.4 CIPLA -4.3 CONCOR +1.7 CROMPTON -2.5 CUMMINSIND -2.0 DIVISLAB -1.6 FEDERALBNK +6.1 GAIL -0.5 GLENMARK +1.2 GMRAIRPORT +0.2 GODREJCP +6.4 GRASIM -6.0 HDFCAMC +2.4 HDFCBANK +1.3 HDFCLIFE -0.4 HINDZINC -5.3 ICICIBANK -2.5 IDFCFIRSTB +6.9 IEX -5.8 LICI +0.5 LTM +2.5 LUPIN -0.6 MFSL +6.2 PATANJALI -4.4 PETRONET -1.0 PFC -4.8 PNB +1.4 POLICYBZR +5.6 POWERGRID -4.3 RBLBANK +6.1 SBIN +2.5 SHRIRAMFIN +7.8 SUZLON +0.5 TATAELXSI +0.4 TATAPOWER -1.1 TIINDIA -2.0 UPL +2.4 VEDL -0.5 YESBANK -1.5
vol>=1.0 alone,19,118,0.2457,0.5665,360ONE +3.0 ABCAPITAL +5.2 ADANIENSOL -7.7 ADANIENT +14.3 ADANIPORTS +15.9 ALKEM -6.9 AMBER +15.2 AMBUJACEM -6.9 ANGELONE +10.4 APOLLOHOSP +4.9 AUBANK -3.0 AUROPHARMA -4.8 AXISBANK +2.1 BAJFINANCE +6.8 BANKINDIA +2.2 BEL +8.3 BHARATFORG +7.6 BHEL -6.6 BLUESTARCO +8.7 BSE +9.5 CDSL -6.5 CGPOWER +1.9 CIPLA -4.1 COFORGE -3.4 COLPAL -1.8 CROMPTON +7.7 DABUR -1.3 DIVISLAB +1.3 DIXON +2.6 DLF -4.0 DMART +1.0 DRREDDY +4.4 ETERNAL -1.7 GAIL -4.2 GODREJPROP +0.0 GRASIM +3.4 HAL +1.1 HAVELLS -6.3 HCLTECH +1.1 HDFCBANK +0.6 HINDPETRO -5.7 HINDZINC +4.1 ICICIBANK -3.0 ICICIPRULI -0.4 IDFCFIRSTB -2.7 INDUSINDBK -1.4 INDUSTOWER -1.2 IOC +4.5 IREDA -3.0 IRFC -4.9 ITC +1.1 JINDALSTEL -1.4 JIOFIN -3.1 JSWSTEEL +4.1 JUBLFOOD +0.5 KALYANKJIL +13.3 KEI -11.3 KOTAKBANK -3.2 KPITTECH -5.7 LAURUSLABS +1.3 LICHSGFIN -2.2 LODHA +5.6 LT +5.0 M&M -0.4 MARICO -2.0 MARUTI -6.4 MAXHEALTH +3.6 MAZDOCK -2.0 MUTHOOTFIN -7.1 NATIONALUM -12.6 NAUKRI -4.0 NESTLEIND -0.6 NMDC +6.8 NTPC -0.9 OBEROIRLTY -7.5 OFSS -1.1 OIL -3.7 ONGC -1.7 PATANJALI -1.6 PAYTM -0.6 PFC +6.7 PHOENIXLTD -2.3 PIDILITIND +2.6 PNB -2.2 POLICYBZR -12.1 POLYCAB -1.7 POWERGRID -3.3 POWERINDIA +11.4 PREMIERENE -6.6 PRESTIGE +4.9 RECLTD +0.2 RELIANCE -2.7 RVNL -3.3 SAIL -4.6 SBICARD -0.1 SBILIFE -0.3 SBIN +6.6 SHREECEM -0.7 SOLARINDS +2.9 SUNPHARMA +2.4 SUZLON -2.2 SWIGGY -0.6 TATACONSUM -3.6 TATAELXSI -3.2 TATAPOWER +1.6 TATASTEEL +3.4 TIINDIA +3.8 TITAN +2.6 TMPV -0.7 TORNTPHARM +5.0 ULTRACEMCO +3.2 UNIONBANK +7.5 UPL +5.4 VBL -5.2 VEDL -2.6 VOLTAS -0.1 WAAREEENER +3.6 YESBANK -5.4
vol>=1.0 alone,20,51,1.1563,1.2256,360ONE -5.3 ADANIENSOL +11.3 ADANIENT +3.0 ADANIGREEN +2.6 ADANIPOWER +1.8 ANGELONE +14.6 BAJAJ-AUTO +4.6 BANKINDIA +1.1 BHEL +8.7 BRITANNIA -5.4 CAMS +5.2 COCHINSHIP -8.6 CROMPTON -0.4 DIVISLAB -1.5 GLENMARK -6.4 GMRAIRPORT +3.6 GRASIM +7.1 HCLTECH -10.9 HDFCBANK +2.1 HDFCLIFE -0.3 HINDALCO +1.3 HINDPETRO +0.2 HINDUNILVR +0.9 ICICIBANK +3.2 IDEA +4.3 IEX -2.2 INDIANB -6.8 INDUSTOWER -3.3 JIOFIN -2.3 LAURUSLABS +6.9 LICHSGFIN -4.2 LTM -10.3 LUPIN +1.7 MANKIND +3.2 NAM-INDIA -0.7 NESTLEIND +8.5 OFSS +8.8 PAYTM +7.4 POWERINDIA -1.2 RELIANCE +0.3 SAIL -4.3 SIEMENS -0.7 SONACOMS -3.8 SUPREMEIND -1.2 TATACONSUM +10.1 TCS -0.6 TRENT +0.4 UNITDSPR +5.8 VBL +7.0 WIPRO +0.8 ZYDUSLIFE +2.9
vol>=1.0 alone,21,46,0.0937,0.3976,360ONE +1.4 BAJAJ-AUTO +5.3 BAJAJFINSV +8.8 BAJAJHLDNG +5.8 COCHINSHIP -3.2 DIVISLAB +7.0 DMART -4.0 GAIL -0.3 GRASIM -3.7 GVT&D -0.1 HAL +0.4 HAVELLS +1.9 HCLTECH +1.6 HDFCLIFE -0.9 HEROMOTOCO +3.3 ICICIGI -9.0 ICICIPRULI -1.9 IEX -0.1 INDHOTEL -0.4 INDIANB +9.2 ITC +0.3 JIOFIN +3.0 JUBLFOOD +3.2 KALYANKJIL -7.2 KAYNES -4.2 KPITTECH +1.3 LICI +0.7 LTF +3.3 LUPIN -1.9 MANAPPURAM -3.9 MARICO -2.1 MFSL +2.6 OBEROIRLTY -0.2 PAYTM -4.5 PERSISTENT -0.3 PFC -7.8 PIDILITIND +3.3 PNBHOUSING +6.4 POLYCAB -7.2 SBICARD +2.9 SIEMENS +2.0 SONACOMS -2.0 SRF -8.6 SUNPHARMA -1.3 SWIGGY +6.3 UNIONBANK -0.9
all in_fo results,0,98,0.8215,0.8276,ADANIENT +2.5 ADANIPORTS +1.3 AMBUJACEM +0.8 APOLLOHOSP -1.1 ASHOKLEY +4.2 ASIANPAINT +8.5 AUBANK -7.0 AUROPHARMA -6.1 AXISBANK +5.4 BAJAJ-AUTO +1.3 BAJAJFINSV +11.4 BAJFINANCE +12.7 BANDHANBNK -1.3 BANKBARODA -5.1 BHARATFORG +7.6 BHARTIARTL -4.6 BIOCON -0.4 BOSCHLTD +6.0 BPCL -1.1 BRITANNIA -4.8 CANBK -3.5 CHOLAFIN -0.7 CIPLA -1.1 COLPAL +3.4 CONCOR +5.9 CUMMINSIND -8.3 DABUR -3.4 DIVISLAB +3.4 DRREDDY -0.8 EICHERMOT +0.5 FEDERALBNK +3.4 GLENMARK -2.6 GODREJCP +23.9 GODREJPROP -7.1 GRASIM -0.0 HAVELLS -4.0 HCLTECH -3.4 HDFCAMC -0.6 HDFCBANK -2.7 HDFCLIFE +0.1 HEROMOTOCO +3.1 HINDPETRO +4.3 HINDUNILVR -1.1 ICICIBANK +3.4 ICICIPRULI +4.9 IDEA -13.9 IDFCFIRSTB -1.0 INDIGO +1.1 INDUSINDBK -1.4 INDUSTOWER -0.2 INFY -5.1 IOC +2.7 ITC -1.8 JINDALSTEL -15.6 JSWSTEEL -3.5 KOTAKBANK -4.0 LT +0.3 LTF -1.4 LUPIN -0.6 M&M -1.5 MANAPPURAM -3.8 MARICO +8.2 MARUTI -1.5 MOTHERSON +5.3 MPHASIS -4.7 MUTHOOTFIN +14.7 NAM-INDIA +4.8 NATIONALUM +12.7 ONGC -0.9 PAGEIND -0.5 PIDILITIND +2.2 PIIND -4.6 PNB -4.4 RBLBANK -0.8 RECLTD +3.2 RELIANCE -1.9 SBILIFE +5.8 SBIN +7.1 SHRIRAMFIN +1.8 SIEMENS +7.4 SRF +5.0 SUNPHARMA -3.8 TATACONSUM -2.5 TATAPOWER -7.8 TATASTEEL +3.4 TCS -6.5 TECHM +0.2 TITAN -0.2 TMPV +1.0 TORNTPHARM +1.2 TVSMOTOR +20.2 ULTRACEMCO +0.4 UNITDSPR +0.1 UPL +10.0 VEDL -3.4 VOLTAS +3.4 WIPRO +8.6 ZYDUSLIFE -0.2
all in_fo results,1,117,0.0609,0.3962,ADANIENT +0.7 ADANIPORTS +3.0 AMBUJACEM +0.9 APOLLOHOSP +7.9 ASHOKLEY -0.8 ASIANPAINT +4.0 AUBANK +1.7 AUROPHARMA -14.0 AXISBANK -2.0 BAJAJ-AUTO -1.0 BAJAJFINSV +3.8 BAJFINANCE +1.3 BANDHANBNK +1.2 BANKBARODA -5.3 BEL -2.4 BHARATFORG +9.0 BHARTIARTL +2.3 BHEL -0.7 BIOCON -3.3 BPCL +2.3 BRITANNIA +2.4 CANBK +2.7 CHOLAFIN +9.6 CIPLA -1.8 COALINDIA -1.5 COFORGE +9.6 COLPAL -5.2 CONCOR +0.8 CUMMINSIND +4.4 DABUR -2.0 DIVISLAB +0.6 DLF +2.0 DRREDDY -13.0 EICHERMOT -7.0 FEDERALBNK +4.1 GAIL +3.8 GLENMARK -1.6 GMRAIRPORT +3.2 GODREJCP -1.6 GODREJPROP +2.2 GRASIM -0.8 HAVELLS +4.9 HCLTECH -6.1 HDFCAMC +1.3 HDFCBANK -5.2 HDFCLIFE -4.4 HEROMOTOCO -0.9 HINDALCO -1.8 HINDPETRO -2.9 HINDUNILVR -2.1 ICICIBANK +3.3 ICICIGI -0.2 ICICIPRULI +1.5 IDFCFIRSTB -0.5 INDHOTEL -1.4 INDIGO -3.5 INDUSINDBK +0.4 INDUSTOWER -0.1 INFY +2.1 IOC +1.5 ITC +0.8 JINDALSTEL +0.1 JSWSTEEL +3.4 JUBLFOOD +15.4 KOTAKBANK -0.5 LICHSGFIN -7.7 LT -2.1 LTF -4.4 LTM +6.8 LUPIN -8.9 M&M +1.2 MANAPPURAM -20.0 MARICO +1.1 MARUTI -3.4 MFSL -2.3 MOTHERSON -5.0 MPHASIS +7.9 MUTHOOTFIN -5.9 NAM-INDIA +0.6 NATIONALUM -11.2 NAUKRI +0.5 NMDC +2.0 NTPC +0.8 ONGC -1.3 PETRONET +0.1 PFC +0.0 PIDILITIND -0.5 PNB +2.3 POWERGRID +0.8 RBLBANK -2.3 RECLTD +0.6 RELIANCE -0.8 SAIL -2.3 SBILIFE +7.5 SBIN +1.7 SHREECEM -6.5 SHRIRAMFIN +0.2 SIEMENS +5.2 SRF +1.3 SUNPHARMA +12.4 TATACONSUM +0.3 TATAPOWER +0.4 TATASTEEL +6.3 TCS -1.7 TECHM +7.9 TITAN +1.7 TMPV -3.7 TORNTPHARM +1.4 TRENT -1.9 TVSMOTOR -0.2 ULTRACEMCO +2.4 UNITDSPR +0.7 UPL -2.9 VEDL +1.1 VOLTAS -0.7 WIPRO +9.9 ZYDUSLIFE -7.3
all in_fo results,2,125,-0.8432,-0.5513,ADANIENT -8.5 ADANIPORTS -8.6 AMBUJACEM +1.5 APOLLOHOSP +11.4 ASHOKLEY +2.4 ASIANPAINT -6.4 ASTRAL -0.1 AUBANK -3.5 AUROPHARMA -1.3 AXISBANK -3.4 BAJAJ-AUTO -1.7 BAJAJFINSV -2.9 BAJFINANCE -2.8 BANDHANBNK -2.8 BANKBARODA -4.1 BEL -3.0 BHARATFORG -6.6 BHARTIARTL +2.1 BHEL -7.5 BIOCON -6.0 BOSCHLTD +5.6 BPCL -1.4 BRITANNIA -0.2 CANBK +1.3 CHOLAFIN -5.6 CIPLA +2.9 COALINDIA -4.2 COFORGE -6.6 COLPAL -2.9 CONCOR +1.9 CROMPTON -0.7 CUMMINSIND +3.0 DABUR +4.2 DIVISLAB -3.5 DIXON +3.3 DLF -4.1 DRREDDY +3.0 EICHERMOT +4.0 FEDERALBNK +9.0 GAIL +0.3 GLENMARK +2.9 GMRAIRPORT -3.0 GODREJCP -4.2 GODREJPROP +8.6 GRASIM -1.0 HAL +3.5 HAVELLS -11.9 HCLTECH -2.3 HDFCAMC -3.8 HDFCBANK +3.0 HDFCLIFE -2.9 HEROMOTOCO -0.9 HINDALCO +1.5 HINDPETRO +1.3 HINDUNILVR -6.5 ICICIBANK +9.9 ICICIGI -1.9 ICICIPRULI -6.7 IDEA -1.7 IDFCFIRSTB +5.3 IEX -9.7 INDHOTEL -4.7 INDIGO +7.7 INDUSINDBK -0.1 INDUSTOWER -4.8 INFY +1.5 IOC +1.7 ITC -3.4 JINDALSTEL +1.3 JSWSTEEL -3.5 JUBLFOOD -11.8 KOTAKBANK +0.8 LICHSGFIN -7.9 LT +1.7 LTF -8.5 LTM +15.4 LUPIN -4.9 M&M +5.4 MANAPPURAM -12.9 MARICO +1.0 MARUTI +1.5 MOTHERSON -1.8 MPHASIS -8.4 MUTHOOTFIN +11.0 NAM-INDIA -3.1 NATIONALUM +0.5 NAUKRI +6.2 NMDC -3.2 NTPC -4.6 OFSS -0.3 ONGC +0.1 PERSISTENT +4.3 PETRONET +1.4 PFC -0.7 PIDILITIND +3.9 PIIND +3.4 PNB -7.6 POLYCAB +2.0 POWERGRID -0.3 RBLBANK -14.9 RECLTD -3.8 RELIANCE -3.7 SAIL +7.2 SBILIFE -2.2 SBIN +2.8 SHRIRAMFIN -6.5 SRF -7.1 SUNPHARMA -0.8 TATACONSUM -4.7 TATAPOWER -5.0 TATASTEEL -3.7 TCS -3.1 TECHM +2.6 TITAN -0.1 TMPV +1.4 TORNTPHARM -4.8 TRENT +8.7 TVSMOTOR +6.3 ULTRACEMCO -2.4 UNITDSPR +7.9 UPL -2.9 VEDL -4.2 VOLTAS +5.5 WIPRO +8.3 ZYDUSLIFE -1.4
all in_fo results,3,132,-0.6365,-0.5846,ABCAPITAL +1.2 ADANIENT -2.1 ADANIPORTS +4.9 AMBUJACEM -7.0 APOLLOHOSP -2.0 ASHOKLEY -10.3 ASIANPAINT -2.9 ASTRAL -5.0 AUBANK +5.0 AUROPHARMA +5.3 AXISBANK +3.4 BAJAJ-AUTO -5.2 BAJAJFINSV -10.3 BAJFINANCE -3.3 BANDHANBNK +1.5 BANKBARODA +7.7 BEL +2.7 BHARATFORG +1.3 BHARTIARTL -0.1 BHEL +1.0 BIOCON +8.0 BOSCHLTD +3.5 BPCL -0.7 BRITANNIA -0.1 CANBK +14.1 CHOLAFIN -0.0 CIPLA +6.8 COALINDIA -2.6 COFORGE -1.8 COLPAL -0.2 CONCOR -8.6 CUMMINSIND +3.4 DABUR +3.6 DIVISLAB -1.2 DIXON -3.2 DLF +8.0 DRREDDY -2.2 EICHERMOT +3.3 FEDERALBNK +6.6 GAIL -0.6 GLENMARK -4.7 GMRAIRPORT +0.4 GODREJCP -5.8 GODREJPROP -12.5 GRASIM -3.0 HAL +0.2 HAVELLS -5.6 HCLTECH -7.0 HDFCAMC -6.9 HDFCBANK +0.1 HDFCLIFE -4.4 HEROMOTOCO +1.8 HINDALCO +3.0 HINDPETRO -5.3 HINDUNILVR -1.8 ICICIBANK -1.1 ICICIGI -3.2 ICICIPRULI -2.7 IDEA -8.4 IDFCFIRSTB +3.2 IEX -8.3 INDHOTEL +5.4 INDIGO +11.3 INDUSINDBK +4.0 INDUSTOWER +1.9 INFY +2.5 IOC -0.7 ITC +2.9 JINDALSTEL -1.9 JSWSTEEL -7.9 JUBLFOOD -5.8 KOTAKBANK +0.2 LAURUSLABS +6.5 LICHSGFIN +13.1 LT -0.8 LTF -6.8 LTM -7.2 LUPIN -3.5 M&M +2.6 MANAPPURAM -21.1 MARICO +3.2 MARUTI +7.7 MFSL +7.4 MOTHERSON -6.3 MPHASIS -5.6 MUTHOOTFIN -7.8 NAM-INDIA +0.9 NATIONALUM +2.0 NAUKRI +8.7 NBCC -5.8 NMDC +1.5 NTPC +4.5 OBEROIRLTY +1.6 OFSS -9.3 ONGC +1.4 PERSISTENT -1.1 PETRONET +3.5 PFC -2.5 PIDILITIND -9.1 PIIND +4.7 PNB +7.4 POLYCAB -7.2 POWERGRID -0.7 RBLBANK +7.2 RECLTD -3.4 RELIANCE -5.8 SAIL +0.9 SBICARD -1.1 SBILIFE -1.9 SBIN -1.6 SHREECEM -1.6 SHRIRAMFIN -4.5 SIEMENS -1.0 SRF -5.0 SUNPHARMA +9.6 TATACONSUM +1.5 TATAPOWER -4.0 TATASTEEL +1.3 TCS +0.5 TECHM +5.1 TITAN +1.6 TMPV +2.1 TORNTPHARM -15.2 TRENT +1.7 TVSMOTOR -0.0 ULTRACEMCO -0.6 UNITDSPR -6.4 UPL +1.7 VEDL +1.2 VOLTAS -4.4 WIPRO -6.3 ZYDUSLIFE +0.7
all in_fo results,4,131,-0.8308,-0.7542,ABCAPITAL -4.0 ADANIENT -3.3 ADANIPORTS -7.9 ALKEM -1.2 AMBUJACEM -3.4 APOLLOHOSP -1.3 ASHOKLEY +2.4 ASIANPAINT +1.3 AUBANK -0.5 AUROPHARMA -0.9 AXISBANK -5.9 BAJAJ-AUTO +4.2 BAJAJFINSV -3.4 BAJFINANCE -5.4 BANDHANBNK +8.3 BANKBARODA -1.1 BEL +1.9 BHARATFORG +11.8 BHARTIARTL +0.9 BHEL +2.5 BIOCON -3.1 BOSCHLTD +4.3 BPCL -2.4 BRITANNIA +0.9 CANBK -9.8 CHOLAFIN -15.1 CIPLA +0.3 COALINDIA -0.6 COFORGE +2.6 COLPAL +2.7 CONCOR -8.9 CROMPTON +7.1 CUMMINSIND -0.0 DABUR -8.6 DIVISLAB -13.0 DIXON +14.3 DLF +2.0 DRREDDY +8.8 EICHERMOT +9.4 FEDERALBNK -0.6 GAIL -5.5 GLENMARK +5.8 GMRAIRPORT +7.3 GODREJCP -7.5 GODREJPROP -7.2 GRASIM -7.8 HAL +3.0 HAVELLS +0.6 HCLTECH +2.9 HDFCAMC +2.5 HDFCBANK -10.5 HDFCLIFE -1.1 HEROMOTOCO -0.1 HINDALCO +4.9 HINDPETRO -4.6 HINDUNILVR +6.6 ICICIBANK -1.1 ICICIGI -1.6 ICICIPRULI -3.6 IDEA -4.5 IDFCFIRSTB -3.3 IEX -1.7 INDHOTEL +5.2 INDIGO +5.7 INDUSINDBK +4.5 INDUSTOWER -2.6 INFY -8.3 IOC -2.6 ITC +8.3 JINDALSTEL -4.2 JSWSTEEL +2.1 JUBLFOOD +13.0 KOTAKBANK +0.4 LAURUSLABS +2.0 LICHSGFIN +2.9 LT -4.6 LTF -4.8 LTM -15.1 LUPIN -7.3 M&M +10.9 MANAPPURAM -6.0 MARICO -3.7 MARUTI -2.0 MOTHERSON -1.1 MPHASIS +2.7 MUTHOOTFIN -4.2 NAM-INDIA -1.9 NATIONALUM -3.0 NAUKRI +12.2 NMDC -1.0 NTPC +1.1 OBEROIRLTY -4.0 OFSS -2.0 ONGC -0.2 PAGEIND +3.7 PERSISTENT +7.4 PETRONET -3.1 PFC -0.4 PIDILITIND +0.2 PIIND +10.0 PNB -14.8 POLYCAB +0.4 POWERGRID -0.5 RBLBANK -1.3 RECLTD -2.6 RELIANCE -6.6 SAIL -7.0 SBICARD -0.8 SBILIFE +1.1 SBIN -4.5 SHREECEM -2.6 SHRIRAMFIN +3.9 SIEMENS +2.3 SRF -12.2 SUNPHARMA -4.4 TATACONSUM -5.8 TATAPOWER -6.1 TATASTEEL +1.1 TCS +0.2 TECHM -2.9 TITAN -8.2 TMPV +3.6 TRENT -0.8 TVSMOTOR -3.1 ULTRACEMCO +2.0 UNITDSPR +10.0 UPL -4.0 VEDL -0.8 VOLTAS -13.5 WIPRO -4.6 ZYDUSLIFE +4.4
all in_fo results,5,134,0.7536,0.7001,ABB +4.0 ABCAPITAL -2.5 ADANIENT +0.6 ADANIPORTS -2.1 ALKEM -3.9 AMBUJACEM -0.3 APOLLOHOSP -2.5 ASHOKLEY +4.4 ASIANPAINT +3.8 ASTRAL +1.8 AUBANK +5.2 AUROPHARMA +4.5 AXISBANK -1.2 BAJAJ-AUTO -4.3 BAJAJFINSV +12.8 BAJFINANCE +13.3 BANDHANBNK -2.9 BANKBARODA +4.0 BEL +7.3 BHARATFORG +10.7 BHARTIARTL +3.0 BHEL -5.4 BIOCON -4.9 BOSCHLTD +1.2 BPCL -1.6 BRITANNIA -2.6 CANBK -2.0 CHOLAFIN +8.2 CIPLA +3.1 COALINDIA +4.8 COFORGE +1.7 COLPAL -1.0 CONCOR -5.6 CROMPTON -5.4 CUMMINSIND +5.6 DABUR +0.2 DIVISLAB -5.5 DIXON -5.0 DLF +4.2 DRREDDY -2.8 EICHERMOT +2.8 FEDERALBNK +5.1 GAIL -6.1 GLENMARK +2.9 GMRAIRPORT +1.8 GODREJCP -0.8 GODREJPROP -5.5 GRASIM -1.2 HAL +5.9 HAVELLS -0.3 HCLTECH -6.8 HDFCAMC -3.2 HDFCBANK -0.2 HDFCLIFE -2.7 HEROMOTOCO +1.5 HINDALCO +5.5 HINDPETRO -1.8 HINDUNILVR +1.4 ICICIBANK +1.3 ICICIGI -2.9 ICICIPRULI +1.5 IDEA -3.7 IDFCFIRSTB +17.8 IEX -5.8 INDHOTEL -0.8 INDIGO +4.9 INDUSINDBK +11.1 INDUSTOWER -7.2 INFY -5.4 IOC -1.4 ITC +2.1 JINDALSTEL -1.0 JSWSTEEL -0.8 JUBLFOOD -0.3 KOTAKBANK -2.1 LAURUSLABS +5.8 LICHSGFIN -3.7 LT +1.7 LTF +1.5 LTM -0.2 LUPIN +3.0 M&M +1.9 MANAPPURAM +4.7 MARICO -4.0 MARUTI +1.2 MFSL +2.8 MOTHERSON -6.4 MPHASIS +6.0 MUTHOOTFIN -7.1 NAM-INDIA +0.7 NATIONALUM +2.2 NAUKRI +4.4 NMDC +6.6 NTPC +4.5 OBEROIRLTY +2.0 OFSS -0.2 ONGC +4.6 PAGEIND +1.1 PERSISTENT +8.9 PETRONET -3.8 PFC +1.5 PIDILITIND -0.0 PIIND +1.9 PNB -0.7 POLYCAB +2.1 POWERGRID +1.2 RBLBANK +1.0 RECLTD -0.6 RELIANCE -2.6 SAIL +1.6 SBICARD +5.3 SBILIFE +13.3 SBIN -3.5 SHREECEM -0.7 SHRIRAMFIN -6.7 SIEMENS -2.9 SRF -1.7 SUNPHARMA +2.9 TATACONSUM -1.4 TATAPOWER -5.6 TATASTEEL +1.7 TCS -4.5 TECHM -3.3 TITAN +0.4 TMPV -1.6 TRENT +4.8 TVSMOTOR +5.1 ULTRACEMCO +4.9 UNITDSPR -6.0 UPL +1.8 VEDL +5.3 VOLTAS -2.3 WIPRO -2.4 ZYDUSLIFE +6.6
all in_fo results,6,133,0.0295,-0.0329,ABB -2.5 ABCAPITAL +8.8 ADANIENT +7.2 ADANIPORTS +1.6 ALKEM -1.3 AMBUJACEM +1.2 APOLLOHOSP +1.4 ASHOKLEY -0.3 ASIANPAINT -4.2 ASTRAL -5.3 AUBANK -3.7 AUROPHARMA +3.0 AXISBANK +10.2 BAJAJ-AUTO +0.1 BAJAJFINSV +0.2 BAJFINANCE -2.7 BANDHANBNK -11.0 BANKBARODA +12.1 BEL +0.6 BHARATFORG -3.1 BHARTIARTL +2.3 BHEL -4.5 BIOCON +2.9 BOSCHLTD +3.1 BPCL +0.6 BRITANNIA +11.0 CANBK +7.2 CHOLAFIN +4.0 CIPLA -2.5 COALINDIA +3.9 COFORGE +0.7 COLPAL +0.5 CONCOR -2.0 CROMPTON -6.4 CUMMINSIND -0.1 DABUR +2.7 DIVISLAB -13.2 DIXON -0.5 DLF -0.7 DRREDDY -0.2 EICHERMOT -6.3 FEDERALBNK +4.7 GAIL -0.8 GLENMARK +2.4 GMRAIRPORT +3.3 GODREJCP -1.1 GODREJPROP -1.5 GRASIM +1.7 HAL -0.4 HAVELLS -1.7 HCLTECH +2.0 HDFCAMC +6.2 HDFCBANK +1.4 HDFCLIFE +1.9 HEROMOTOCO -0.8 HINDALCO +9.1 HINDPETRO -1.0 HINDUNILVR -0.3 ICICIBANK +4.1 ICICIGI +1.0 ICICIPRULI +2.5 IDEA -2.9 IDFCFIRSTB -0.5 IEX -3.7 INDHOTEL -8.4 INDIGO -1.5 INDUSINDBK -3.2 INDUSTOWER -3.4 INFY +3.6 IOC +0.3 ITC +1.6 JINDALSTEL +1.1 JSWSTEEL +0.6 JUBLFOOD -8.6 KOTAKBANK -0.9 LAURUSLABS -9.4 LICHSGFIN -13.4 LT +3.1 LTF -0.1 LTM -1.3 LUPIN +1.3 M&M -4.5 MANAPPURAM +10.2 MARICO -4.6 MARUTI +5.8 MFSL -0.5 MOTHERSON +6.6 MPHASIS -3.3 MUTHOOTFIN -3.5 NATIONALUM -1.1 NAUKRI +12.1 NMDC -3.3 NTPC +6.5 OBEROIRLTY -5.4 OFSS -0.7 ONGC +1.8 PAGEIND -4.9 PERSISTENT +2.1 PETRONET +0.9 PFC +1.1 PIDILITIND +0.3 PIIND +6.2 PNB -9.1 POLYCAB +5.3 POWERGRID -4.1 RBLBANK -3.8 RECLTD +6.8 RELIANCE -0.6 SAIL +2.4 SBICARD -5.2 SBILIFE +2.5 SBIN +5.2 SHREECEM -0.8 SHRIRAMFIN -2.2 SRF -5.9 SUNPHARMA +6.1 TATACONSUM -1.6 TATAPOWER +2.4 TATASTEEL -2.9 TCS -1.0 TECHM +3.1 TITAN +0.5 TMPV -3.0 TORNTPHARM -0.6 TRENT -6.0 TVSMOTOR -0.2 ULTRACEMCO +0.5 UNITDSPR +0.9 UPL +0.6 VEDL +0.3 VOLTAS +4.3 WIPRO -7.9 ZYDUSLIFE -5.6
all in_fo results,7,133,-0.1586,-0.3949,ABB +0.1 ABCAPITAL +0.5 ADANIENT -3.5 ADANIPORTS +19.1 ALKEM +2.7 AMBUJACEM +2.9 APOLLOHOSP +1.8 ASHOKLEY +5.3 ASIANPAINT -5.3 ASTRAL -0.9 AUBANK -1.9 AUROPHARMA +11.7 AXISBANK -2.0 BAJAJ-AUTO +8.5 BAJAJFINSV +2.1 BAJFINANCE +2.9 BANDHANBNK -0.2 BANKBARODA +8.5 BEL -3.8 BHARATFORG -5.4 BHARTIARTL -2.3 BHEL -6.0 BIOCON -1.7 BOSCHLTD +2.0 BPCL -0.9 BRITANNIA +3.8 CANBK +0.0 CHOLAFIN +5.6 CIPLA -1.4 COALINDIA -0.8 COFORGE +10.7 COLPAL -3.3 CONCOR -4.4 CROMPTON -7.8 CUMMINSIND +9.0 DABUR -4.3 DIVISLAB -18.1 DIXON -22.9 DLF -3.7 DRREDDY -0.5 EICHERMOT +3.2 FEDERALBNK +2.2 GAIL -5.8 GLENMARK +6.5 GMRAIRPORT -0.9 GODREJCP +2.5 GODREJPROP -2.6 GRASIM -0.5 HAL -1.0 HAVELLS -2.0 HCLTECH +1.3 HDFCAMC -4.4 HDFCBANK +0.6 HDFCLIFE -2.0 HEROMOTOCO -1.5 HINDALCO +0.9 HINDPETRO +0.5 HINDUNILVR -4.5 ICICIBANK +0.5 ICICIGI -4.4 ICICIPRULI +3.7 IDEA -1.3 IDFCFIRSTB -1.0 IEX -0.5 INDHOTEL +13.6 INDIGO -0.6 INDUSINDBK -3.2 INDUSTOWER -7.9 INFY +2.3 IOC -1.5 ITC +6.0 JINDALSTEL +3.5 JSWSTEEL -4.4 JUBLFOOD -10.5 KOTAKBANK -0.4 LAURUSLABS -3.5 LICHSGFIN -4.8 LT -2.3 LTF +3.0 LTM +2.2 LUPIN -1.7 M&M -1.5 MANAPPURAM +2.2 MARICO -0.1 MARUTI +4.1 MFSL -10.2 MOTHERSON +0.9 MPHASIS -0.8 MUTHOOTFIN -1.5 NATIONALUM +0.8 NAUKRI -8.5 NMDC -0.4 NTPC +3.1 OBEROIRLTY +2.9 OFSS +0.0 ONGC +0.6 PERSISTENT +7.2 PETRONET +2.1 PFC -1.2 PIDILITIND -3.7 PIIND -0.3 PNB +0.0 POLYCAB +1.7 POWERGRID -1.2 RBLBANK -2.9 RECLTD +1.3 RELIANCE -1.8 SAIL -1.3 SBICARD -4.9 SBILIFE -3.8 SBIN +3.4 SHREECEM -3.8 SHRIRAMFIN +4.5 SIEMENS +3.2 SRF +2.5 SUNPHARMA -2.7 TATACONSUM -0.4 TATAPOWER +1.3 TATASTEEL -7.2 TCS -0.6 TECHM -3.5 TITAN +3.8 TMPV +9.0 TORNTPHARM -3.8 TRENT +9.1 TVSMOTOR +6.9 ULTRACEMCO -5.6 UNITDSPR -6.5 UPL -0.3 VEDL -2.4 VOLTAS +4.2 WIPRO +1.2 ZYDUSLIFE +8.0
all in_fo results,8,134,0.6075,0.4697,ABB +6.6 ABCAPITAL -4.5 ADANIENT +0.2 ADANIPORTS +1.7 ALKEM -3.9 AMBUJACEM -1.3 APOLLOHOSP +0.3 ASHOKLEY -2.8 ASIANPAINT +3.2 ASTRAL +8.8 AUBANK -3.4 AUROPHARMA +7.5 AXISBANK -2.1 BAJAJ-AUTO -0.2 BAJAJFINSV +0.7 BAJFINANCE +4.4 BANDHANBNK -0.5 BANKBARODA +4.0 BEL +0.2 BHARATFORG -0.8 BHARTIARTL +0.0 BHEL +3.9 BIOCON +0.5 BOSCHLTD +0.8 BPCL +1.6 BRITANNIA +1.6 CANBK -6.6 CHOLAFIN +8.9 CIPLA -2.3 COALINDIA -0.4 COFORGE +6.4 COLPAL +4.3 CONCOR -2.6 CROMPTON +2.2 CUMMINSIND -0.8 DABUR -5.9 DIVISLAB +7.3 DIXON +15.1 DLF +7.8 DRREDDY -7.7 EICHERMOT +7.2 FEDERALBNK -6.4 GAIL -6.2 GLENMARK -0.4 GMRAIRPORT -9.0 GODREJCP +4.1 GODREJPROP +0.8 GRASIM +0.8 HAL +2.4 HAVELLS +2.1 HCLTECH -1.4 HDFCAMC -1.6 HDFCBANK -1.5 HDFCLIFE -5.5 HEROMOTOCO +2.0 HINDALCO -0.8 HINDPETRO +1.4 HINDUNILVR -1.3 ICICIBANK +2.1 ICICIGI -0.9 ICICIPRULI -1.2 IDEA +1.4 IDFCFIRSTB +7.7 IEX -0.5 INDHOTEL +0.1 INDIGO -0.6 INDUSINDBK -0.4 INDUSTOWER +4.3 INFY -10.6 IOC +4.7 ITC -1.0 JINDALSTEL -7.4 JSWSTEEL +1.4 JUBLFOOD +1.3 KOTAKBANK +1.2 LAURUSLABS +4.2 LICHSGFIN -0.9 LT -5.2 LTF +2.4 LTM +5.5 LUPIN +6.4 M&M +4.2 MANAPPURAM -3.7 MARICO +5.7 MARUTI +0.9 MFSL +1.3 MOTHERSON -1.2 MPHASIS +3.1 MUTHOOTFIN +6.5 NATIONALUM -1.4 NAUKRI +8.4 NMDC -0.5 NTPC -1.1 OBEROIRLTY -2.5 OFSS +2.4 ONGC -4.4 PAGEIND -10.4 PERSISTENT +3.9 PETRONET -4.3 PFC +6.1 PIDILITIND +0.3 PIIND -2.3 PNB +2.6 POLYCAB +5.3 POWERGRID -1.9 RBLBANK -2.8 RECLTD -5.1 RELIANCE +0.3 SAIL -0.6 SBICARD +0.8 SBILIFE +2.8 SBIN -1.9 SHREECEM +3.2 SHRIRAMFIN -7.1 SIEMENS +6.1 SRF +1.6 SUNPHARMA +1.7 TATACONSUM +6.5 TATAPOWER -0.8 TATASTEEL +1.9 TCS -2.3 TECHM +2.7 TITAN +1.1 TMPV +4.2 TORNTPHARM +7.9 TRENT -1.0 TVSMOTOR +4.9 ULTRACEMCO +0.0 UNITDSPR +1.8 UPL -5.1 VEDL -3.1 VOLTAS -4.6 WIPRO +2.5 ZYDUSLIFE -4.2
all in_fo results,9,133,-0.2968,-0.3846,ABB -3.7 ABCAPITAL -1.3 ADANIENT +2.4 ADANIPORTS +2.1 ALKEM -7.4 AMBUJACEM +2.5 APOLLOHOSP -3.3 ASHOKLEY +5.3 ASIANPAINT -4.1 ASTRAL +0.6 AUBANK -5.4 AUROPHARMA +0.0 AXISBANK -1.2 BAJAJ-AUTO +0.2 BAJAJFINSV -3.9 BAJFINANCE -4.0 BANDHANBNK -2.8 BANKBARODA +0.8 BEL +2.4 BHARATFORG +4.5 BHARTIARTL -0.2 BHEL -4.0 BIOCON -6.3 BOSCHLTD +0.6 BPCL -2.7 BRITANNIA -3.1 CANBK -2.1 CHOLAFIN -3.4 CIPLA +11.5 COALINDIA +0.5 COFORGE -6.7 COLPAL +6.0 CONCOR -4.7 CROMPTON -7.0 CUMMINSIND -6.9 DABUR +0.2 DIVISLAB -0.9 DIXON -2.1 DLF -1.4 DRREDDY +2.1 EICHERMOT -1.6 FEDERALBNK -4.1 GAIL +3.2 GLENMARK -3.8 GMRAIRPORT -0.9 GODREJCP -0.5 GODREJPROP -9.9 GRASIM -0.9 HAL +1.4 HAVELLS -2.3 HCLTECH -1.4 HDFCAMC +0.3 HDFCBANK +2.2 HDFCLIFE -0.9 HEROMOTOCO -2.3 HINDALCO +2.7 HINDPETRO -4.3 HINDUNILVR -2.9 ICICIBANK -0.1 ICICIGI -0.7 ICICIPRULI -4.9 IDEA -3.1 IDFCFIRSTB +7.1 IEX -0.6 INDHOTEL -0.1 INDIGO -5.6 INDUSINDBK +3.1 INDUSTOWER +1.4 INFY -9.9 IOC -6.0 ITC -0.3 JINDALSTEL -2.3 JSWSTEEL -2.0 JUBLFOOD +0.3 KOTAKBANK -4.2 LAURUSLABS -2.6 LICHSGFIN +2.5 LT +2.4 LTF -0.7 LTM +2.3 LUPIN +7.5 M&M +2.9 MANAPPURAM +2.6 MARICO +5.3 MARUTI -0.4 MFSL +8.9 MOTHERSON -0.4 MPHASIS +9.5 MUTHOOTFIN -5.9 NATIONALUM -6.5 NAUKRI -8.4 NMDC +5.3 NTPC +11.1 OBEROIRLTY -0.5 OFSS -1.6 ONGC +0.6 PAGEIND +4.3 PERSISTENT -4.6 PETRONET +3.8 PFC -2.2 PIDILITIND -3.0 PIIND +2.6 PNB +0.6 POLYCAB +10.9 POWERGRID +0.7 RBLBANK +1.7 RECLTD +8.8 SAIL -1.6 SBICARD -1.8 SBILIFE +0.2 SBIN -5.2 SHREECEM +2.7 SHRIRAMFIN -0.3 SIEMENS -1.1 SRF -3.5 SUNPHARMA -0.4 TATACONSUM -1.5 TATAPOWER +1.9 TATASTEEL +2.0 TCS +2.1 TECHM -5.4 TITAN -3.4 TMPV +2.4 TORNTPHARM +2.3 TRENT +11.8 TVSMOTOR +3.1 ULTRACEMCO -1.3 UNITDSPR +8.1 UPL -0.2 VEDL -4.4 VOLTAS -2.9 WIPRO +3.3 ZYDUSLIFE -3.0
all in_fo results,10,132,0.4058,0.2768,ABB +0.8 ABCAPITAL +0.5 ADANIENT -2.8 ADANIPORTS +1.4 ALKEM +10.8 AMBUJACEM -0.4 APOLLOHOSP +2.8 ASHOKLEY +3.0 ASIANPAINT -3.8 ASTRAL -5.4 AUBANK -2.5 AUROPHARMA +8.3 AXISBANK -0.8 BAJAJ-AUTO +7.9 BAJAJFINSV -3.1 BAJFINANCE -2.3 BANDHANBNK -6.2 BANKBARODA -4.3 BEL +3.4 BHARATFORG +2.3 BHARTIARTL -0.1 BHEL -3.3 BIOCON +3.5 BOSCHLTD -0.9 BPCL +2.1 BRITANNIA +1.5 CANBK +7.0 CHOLAFIN -0.2 CIPLA +3.1 COALINDIA +4.5 COFORGE -1.2 COLPAL +0.3 CONCOR +3.8 CROMPTON +2.3 CUMMINSIND +3.3 DABUR +1.3 DIVISLAB +4.1 DIXON -0.8 DLF +7.7 DRREDDY -3.1 EICHERMOT +0.8 FEDERALBNK -0.6 GAIL -0.5 GLENMARK -3.0 GMRAIRPORT +2.1 GODREJCP +1.4 GODREJPROP +7.4 GRASIM +0.1 HAL +1.4 HAVELLS -6.6 HCLTECH -0.4 HDFCAMC +3.3 HDFCBANK -0.6 HDFCLIFE +1.4 HEROMOTOCO -1.9 HINDALCO -1.1 HINDPETRO +9.0 HINDUNILVR -2.4 ICICIBANK -2.1 ICICIGI +2.5 ICICIPRULI -0.3 IDEA -0.4 IDFCFIRSTB -2.6 IEX +1.4 INDHOTEL -1.8 INDIGO +5.7 INDUSINDBK +0.3 INDUSTOWER -7.8 INFY -4.3 IOC +6.3 ITC -3.4 JINDALSTEL -9.3 JSWSTEEL -4.6 JUBLFOOD -4.0 KOTAKBANK -0.6 LAURUSLABS -9.1 LICHSGFIN -0.4 LT -0.2 LTF -3.3 LTM +5.7 LUPIN +0.5 M&M +2.7 MARICO -0.1 MARUTI -1.8 MFSL -2.3 MOTHERSON -3.9 MPHASIS -6.0 MUTHOOTFIN -4.8 NATIONALUM -2.5 NAUKRI +5.9 NESTLEIND -0.3 NMDC -2.0 NTPC +1.8 OBEROIRLTY +3.6 ONGC +0.7 PAGEIND +3.0 PERSISTENT +1.5 PETRONET -8.8 PFC +6.3 PIDILITIND +1.0 PIIND +4.7 PNB +5.0 POLYCAB -2.3 POWERGRID +1.3 RBLBANK -8.4 RECLTD +8.6 RELIANCE +2.4 SAIL +4.1 SBICARD -3.4 SBILIFE +0.9 SBIN +1.3 SHREECEM +1.2 SHRIRAMFIN +3.2 SRF +1.8 SUNPHARMA +1.6 TATACONSUM +1.3 TATAPOWER -0.6 TATASTEEL -0.9 TCS -2.6 TECHM -4.8 TITAN +2.9 TMPV +3.0 TORNTPHARM +0.2 TRENT +11.4 TVSMOTOR +0.9 ULTRACEMCO +1.9 UNITDSPR +2.5 UPL -3.7 VEDL +3.7 VOLTAS -3.8 WIPRO -3.6 ZYDUSLIFE +6.8
all in_fo results,11,135,0.4784,0.5526,ABB +10.2 ABCAPITAL +7.2 ADANIENT +2.1 ADANIPORTS +6.1 ALKEM +0.5 AMBUJACEM -1.6 APOLLOHOSP +3.9 ASHOKLEY +3.0 ASIANPAINT -3.4 ASTRAL +1.8 AUBANK -12.6 AUROPHARMA +2.4 AXISBANK -5.2 BAJAJ-AUTO +7.0 BAJAJFINSV -0.1 BAJFINANCE -3.3 BANDHANBNK -7.2 BANKBARODA +9.0 BEL -0.7 BHARATFORG -14.9 BHARTIARTL -1.4 BHEL -1.1 BIOCON -8.7 BOSCHLTD +7.5 BPCL +5.6 BRITANNIA -1.3 CANBK -2.4 CHOLAFIN +0.9 CIPLA +6.8 COALINDIA -1.3 COFORGE -0.7 COLPAL +1.3 CONCOR -5.1 CROMPTON -0.2 CUMMINSIND +9.8 DABUR +3.7 DIVISLAB +0.5 DIXON +4.3 DLF -2.3 DRREDDY +4.5 EICHERMOT +1.6 FEDERALBNK -3.4 GAIL +4.5 GLENMARK -2.5 GMRAIRPORT +1.2 GODREJCP +7.4 GODREJPROP -3.4 GRASIM +5.0 HAL -5.6 HAVELLS -5.6 HCLTECH +6.4 HDFCAMC +1.2 HDFCBANK -6.1 HDFCLIFE -4.8 HEROMOTOCO -2.1 HINDALCO -15.6 HINDPETRO +2.9 HINDUNILVR -3.7 ICICIBANK +4.3 ICICIGI +4.4 ICICIPRULI -7.0 IDEA -2.7 IDFCFIRSTB -5.2 IEX +3.0 INDHOTEL +1.4 INDIGO +6.9 INDUSINDBK -6.5 INDUSTOWER +4.5 INFY +5.6 IOC -2.7 ITC -5.6 JINDALSTEL +1.6 JSWSTEEL +2.7 JUBLFOOD -2.1 KOTAKBANK +0.4 LAURUSLABS -5.7 LICHSGFIN +2.3 LT -3.1 LTF -4.2 LTM -11.3 LUPIN +2.1 M&M +6.3 MANAPPURAM +1.2 MARICO -1.2 MARUTI +6.4 MFSL +8.1 MOTHERSON -3.5 MPHASIS -1.7 MUTHOOTFIN -0.5 NATIONALUM -0.1 NAUKRI -7.1 NESTLEIND -1.6 NMDC +7.3 NTPC +2.2 OBEROIRLTY -14.7 OFSS +29.1 ONGC -5.0 PAGEIND -0.1 PERSISTENT +6.2 PETRONET +2.8 PFC -5.3 PIDILITIND -3.4 PIIND +2.3 PNB +8.6 POLYCAB +1.9 POWERGRID -2.3 RBLBANK -5.0 RECLTD +3.9 RELIANCE -0.4 SAIL -16.0 SBICARD -1.8 SBILIFE +3.2 SBIN +0.4 SHREECEM +4.2 SHRIRAMFIN +5.6 SIEMENS +2.4 SRF +2.6 SUNPHARMA +0.6 TATACONSUM -1.1 TATAPOWER -8.4 TATASTEEL -0.0 TCS +5.2 TECHM -4.4 TITAN -3.3 TMPV +4.9 TORNTPHARM +4.5 TRENT +25.6 TVSMOTOR -3.5 ULTRACEMCO +1.5 UNITDSPR +2.7 UPL -11.9 VEDL +6.1 VOLTAS +8.7 WIPRO +8.9 ZYDUSLIFE +8.1
all in_fo results,12,135,0.8761,0.8128,ABB +11.2 ABCAPITAL +5.2 ADANIENT -2.9 ADANIPORTS +0.2 ALKEM -7.4 AMBUJACEM -1.1 APOLLOHOSP -1.1 ASHOKLEY +8.8 ASIANPAINT -4.8 ASTRAL -0.7 AUBANK +0.2 AUROPHARMA -0.7 AXISBANK +6.9 BAJAJ-AUTO -2.1 BAJAJFINSV -2.1 BAJFINANCE -7.2 BANDHANBNK -3.5 BANKBARODA -1.3 BEL +13.6 BHARATFORG +13.2 BHARTIARTL +0.7 BHEL +0.9 BIOCON -1.6 BOSCHLTD +2.0 BPCL +2.6 BRITANNIA +6.0 CANBK -8.0 CHOLAFIN +10.9 CIPLA +2.3 COALINDIA +4.7 COFORGE -14.0 COLPAL -4.5 CONCOR +5.8 CROMPTON +17.4 CUMMINSIND -5.4 DABUR +4.5 DIVISLAB +6.7 DIXON +0.0 DLF +0.3 DRREDDY -4.7 EICHERMOT +3.5 FEDERALBNK +3.4 GAIL +2.0 GLENMARK +9.1 GMRAIRPORT -8.2 GODREJCP +7.1 GODREJPROP +7.7 GRASIM +0.8 HAL +11.2 HAVELLS +1.7 HCLTECH -6.2 HDFCAMC -2.2 HDFCBANK +0.9 HDFCLIFE -1.9 HEROMOTOCO +5.6 HINDALCO -1.0 HINDPETRO -2.4 HINDUNILVR -0.5 ICICIBANK +3.4 ICICIGI +3.7 ICICIPRULI -2.1 IDEA +0.0 IDFCFIRSTB -1.4 IEX +2.0 INDHOTEL -1.2 INDIGO -1.3 INDUSINDBK -1.9 INDUSTOWER -0.1 INFY +1.3 IOC +1.3 ITC +0.3 JINDALSTEL +6.1 JSWSTEEL +2.3 JUBLFOOD +1.2 KOTAKBANK +4.4 LAURUSLABS +0.9 LICHSGFIN +4.5 LT -5.4 LTF -0.6 LTM -0.9 LUPIN -2.2 M&M +10.5 MANAPPURAM -1.5 MARICO +12.4 MARUTI -2.0 MFSL -1.9 MOTHERSON +5.5 MPHASIS +2.5 MUTHOOTFIN -3.5 NATIONALUM +0.1 NAUKRI +3.5 NESTLEIND -0.7 NMDC -2.7 NTPC -1.1 OBEROIRLTY +7.0 OFSS -5.3 ONGC +0.2 PAGEIND +1.0 PERSISTENT -8.0 PETRONET -1.6 PFC -0.7 PIDILITIND -4.7 PIIND +3.4 PNB +1.4 POLYCAB +8.5 POWERGRID +1.0 RBLBANK -1.0 RECLTD +20.1 RELIANCE -0.3 SAIL +1.4 SBICARD -3.4 SBILIFE -2.6 SBIN +1.9 SHREECEM +0.6 SHRIRAMFIN +1.3 SIEMENS -3.2 SRF -9.0 SUNPHARMA -2.4 TATACONSUM -2.3 TATAPOWER -7.5 TATASTEEL -6.5 TCS -0.1 TECHM +6.6 TITAN -8.7 TMPV -4.9 TORNTPHARM -0.3 TRENT +2.0 TVSMOTOR +0.5 ULTRACEMCO +3.0 UNITDSPR -2.5 UPL +9.5 VEDL +5.1 VOLTAS -12.0 WIPRO +3.0 ZYDUSLIFE +10.4
all in_fo results,13,135,0.5283,0.4901,ABB +6.7 ABCAPITAL -5.1 ADANIENT +1.1 ADANIPORTS +2.7 ALKEM +3.7 AMBUJACEM -2.3 APOLLOHOSP -1.1 ASHOKLEY +7.2 ASIANPAINT -0.3 ASTRAL -2.8 AUBANK -0.8 AUROPHARMA +1.8 AXISBANK -8.5 BAJAJ-AUTO +2.1 BAJAJFINSV -3.7 BAJFINANCE -4.8 BANDHANBNK +16.1 BANKBARODA -1.8 BEL +5.5 BHARATFORG +7.7 BHARTIARTL -4.2 BHEL -4.6 BIOCON +0.8 BOSCHLTD -4.3 BPCL -2.3 BRITANNIA -1.5 CANBK +0.9 CHOLAFIN +3.2 CIPLA +3.4 COALINDIA +5.4 COFORGE +3.0 COLPAL +6.7 CONCOR -0.1 CROMPTON +4.3 CUMMINSIND +6.8 DABUR -1.0 DIVISLAB -1.8 DIXON +7.2 DLF +2.5 DRREDDY -0.7 EICHERMOT +3.9 FEDERALBNK +6.0 GAIL +4.4 GLENMARK +4.3 GMRAIRPORT -2.1 GODREJCP +0.2 GODREJPROP -0.0 GRASIM -2.5 HAL +0.9 HAVELLS -6.6 HCLTECH +3.9 HDFCAMC -2.2 HDFCBANK +0.3 HDFCLIFE +2.0 HEROMOTOCO -2.5 HINDALCO -0.2 HINDPETRO +5.8 HINDUNILVR -0.3 ICICIBANK +1.0 ICICIGI +1.3 ICICIPRULI +8.0 IDEA -2.4 IDFCFIRSTB +1.8 IEX +2.7 INDHOTEL +5.8 INDIGO +1.5 INDUSINDBK +1.1 INDUSTOWER -2.6 INFY +5.0 IOC +2.9 ITC -0.2 JINDALSTEL -1.5 JSWSTEEL -4.9 JUBLFOOD +7.4 KOTAKBANK -3.2 LAURUSLABS +4.3 LICHSGFIN -10.8 LT -0.8 LTF +1.3 LTM +5.1 LUPIN +1.8 M&M -3.6 MANAPPURAM -1.5 MARICO -6.9 MARUTI +4.7 MFSL -4.8 MOTHERSON -1.6 MPHASIS +3.3 MUTHOOTFIN -3.4 NATIONALUM -1.5 NAUKRI +1.9 NESTLEIND -4.1 NMDC +1.0 NTPC +3.8 OBEROIRLTY +1.1 OFSS +2.6 ONGC -10.8 PAGEIND -2.0 PERSISTENT -4.3 PETRONET +7.0 PFC -6.3 PIDILITIND +3.1 PIIND +3.4 PNB +6.6 POLYCAB -4.8 POWERGRID +1.5 RBLBANK -2.8 RECLTD +5.6 RELIANCE -4.8 SAIL -4.3 SBICARD -4.9 SBILIFE +4.6 SBIN -7.7 SHREECEM -8.3 SHRIRAMFIN +8.1 SIEMENS +1.4 SRF +1.1 SUNPHARMA +1.8 TATACONSUM -2.0 TATAPOWER -6.6 TATASTEEL +0.1 TCS +5.1 TECHM +3.2 TITAN -2.4 TMPV -5.7 TORNTPHARM +6.7 TRENT +16.0 TVSMOTOR +0.3 ULTRACEMCO -1.2 UNITDSPR +6.4 UPL -7.8 VEDL -0.2 VOLTAS +9.7 WIPRO -9.6 ZYDUSLIFE -1.7
all in_fo results,14,134,-1.1177,-1.1850,ABB -4.0 ABCAPITAL +0.5 ADANIENT +9.9 ADANIPORTS +5.8 ALKEM -1.7 AMBUJACEM +2.9 APOLLOHOSP +6.7 ASHOKLEY +4.0 ASIANPAINT -13.4 ASTRAL +1.1 AUBANK -2.8 AUROPHARMA -6.3 AXISBANK +3.8 BAJAJ-AUTO -15.2 BAJAJFINSV -0.9 BAJFINANCE +1.5 BANDHANBNK +2.1 BANKBARODA +5.1 BEL +0.5 BHARATFORG -4.1 BHARTIARTL -2.5 BHEL +3.6 BIOCON -2.4 BOSCHLTD -5.5 BPCL -3.9 BRITANNIA -11.9 CANBK +9.5 CHOLAFIN -9.2 CIPLA -4.8 COALINDIA -6.9 COFORGE +5.4 COLPAL -7.9 CONCOR +5.1 CROMPTON -3.4 CUMMINSIND +4.9 DABUR -2.4 DIVISLAB -2.5 DIXON -6.4 DLF +2.4 DRREDDY +3.3 EICHERMOT +2.1 FEDERALBNK +6.4 GAIL +4.5 GLENMARK -5.9 GMRAIRPORT -1.8 GODREJCP -0.6 GODREJPROP -3.6 GRASIM -0.2 HAL -3.9 HAVELLS -4.2 HCLTECH +3.4 HDFCAMC +8.4 HDFCBANK +2.5 HDFCLIFE +0.5 HEROMOTOCO +0.3 HINDALCO +0.6 HINDPETRO -3.3 HINDUNILVR -7.1 ICICIBANK +6.2 ICICIGI -2.5 ICICIPRULI +0.2 IDEA -6.4 IDFCFIRSTB -0.6 IEX +0.9 INDHOTEL +9.5 INDIGO -11.4 INDUSINDBK -18.2 INDUSTOWER -7.3 INFY -4.0 IOC -6.0 ITC +0.1 JINDALSTEL +4.2 JSWSTEEL +1.4 JUBLFOOD +6.8 KOTAKBANK -5.5 LAURUSLABS +3.9 LICHSGFIN +6.1 LT +8.3 LTF -5.4 LTM -0.8 LUPIN -3.6 M&M +2.6 MANAPPURAM -1.5 MARICO +1.8 MARUTI -2.1 MFSL +6.5 MOTHERSON -9.4 MPHASIS +5.7 MUTHOOTFIN +5.2 NATIONALUM -5.6 NAUKRI -0.4 NESTLEIND -5.5 NMDC -6.0 NTPC -4.1 OBEROIRLTY -1.5 OFSS +0.2 ONGC -3.4 PAGEIND +10.4 PERSISTENT +4.5 PETRONET -2.4 PFC +3.3 PIDILITIND -1.0 PIIND -7.4 PNB +2.7 POLYCAB -5.0 POWERGRID -0.8 RBLBANK -17.9 RECLTD +5.1 RELIANCE -2.0 SAIL -0.1 SBICARD -1.0 SBILIFE -4.5 SBIN -0.8 SHREECEM -1.6 SHRIRAMFIN +2.2 SRF -3.2 SUNPHARMA +1.3 TATACONSUM -8.8 TATAPOWER +3.4 TATASTEEL +2.8 TCS -2.5 TECHM -0.1 TITAN -3.6 TMPV -4.2 TORNTPHARM +0.0 TRENT -9.8 TVSMOTOR -9.6 ULTRACEMCO -1.7 UNITDSPR -2.4 UPL -6.9 VEDL -3.8 VOLTAS -3.2 WIPRO +3.0 ZYDUSLIFE -0.7
all in_fo results,15,172,-0.7866,-0.6360,ABB -5.6 ABCAPITAL -6.8 ADANIENSOL -2.8 ADANIENT +0.1 ADANIGREEN -3.2 ADANIPORTS +1.8 ALKEM -6.1 AMBUJACEM -4.7 ANGELONE -10.1 APLAPOLLO +2.3 APOLLOHOSP -8.2 ASHOKLEY +4.1 ASIANPAINT -3.2 ASTRAL +2.5 AUBANK -6.8 AUROPHARMA +1.7 AXISBANK -5.8 BAJAJ-AUTO +2.7 BAJAJFINSV -1.8 BAJFINANCE +8.1 BANDHANBNK +0.7 BANKBARODA -3.8 BANKINDIA +5.4 BEL +12.8 BHARATFORG -5.2 BHARTIARTL +1.0 BHEL +0.1 BIOCON +0.8 BOSCHLTD -7.3 BPCL -2.2 BRITANNIA -3.2 BSE +3.1 CAMS -4.1 CANBK -6.5 CDSL -17.4 CGPOWER +1.3 CHOLAFIN -2.4 CIPLA +0.9 COALINDIA -4.0 COFORGE +11.8 COLPAL -0.7 CONCOR +5.6 CROMPTON -1.9 CUMMINSIND +9.5 DABUR +0.9 DELHIVERY -9.7 DIVISLAB +9.1 DIXON -10.1 DLF -1.3 DMART -9.1 DRREDDY -4.9 EICHERMOT -6.9 ETERNAL -11.3 FEDERALBNK -3.5 GAIL +6.6 GLENMARK -2.1 GMRAIRPORT -0.3 GODREJCP -2.3 GODREJPROP -2.4 GRASIM -0.3 HAL -3.3 HAVELLS +3.2 HCLTECH -6.0 HDFCAMC +5.2 HDFCBANK +0.8 HDFCLIFE +7.0 HEROMOTOCO +0.9 HINDALCO +1.7 HINDPETRO -4.7 HINDUNILVR -1.0 ICICIBANK +3.7 ICICIGI +1.5 ICICIPRULI -7.5 IDEA -11.9 IDFCFIRSTB -7.5 IEX -0.5 INDHOTEL -2.3 INDIANB +9.3 INDIGO +4.1 INDUSINDBK +6.3 INDUSTOWER +1.8 INFY -6.5 IOC -5.7 IRFC -0.3 ITC -5.4 JINDALSTEL -5.9 JIOFIN +1.2 JSWENERGY -13.3 JSWSTEEL +0.0 JUBLFOOD -2.2 KALYANKJIL +14.8 KEI +0.6 KOTAKBANK +5.2 KPITTECH +10.1 LAURUSLABS -5.8 LICHSGFIN +1.8 LICI -4.1 LODHA +4.4 LT +4.5 LTF +2.6 LTM +2.4 LUPIN -5.3 M&M -1.3 MANAPPURAM -9.9 MARICO +3.3 MARUTI +0.1 MAXHEALTH +3.8 MFSL -0.3 MOTHERSON -3.0 MPHASIS +8.3 MUTHOOTFIN +5.3 NATIONALUM -6.9 NAUKRI +4.3 NBCC -7.2 NESTLEIND +6.6 NHPC -4.3 NMDC +4.1 NTPC -1.7 NYKAA -4.1 OBEROIRLTY -5.3 OFSS -6.2 OIL -6.2 ONGC +2.5 PAGEIND -7.1 PAYTM -4.5 PERSISTENT +3.8 PETRONET -12.6 PFC -2.9 PIDILITIND +4.4 PIIND -0.8 PNB +1.7 POLICYBZR +5.1 POLYCAB -8.3 POWERGRID -5.3 PRESTIGE +6.8 RBLBANK -0.1 RECLTD +3.3 RELIANCE +5.1 SAIL -3.8 SBICARD +0.4 SBILIFE +1.9 SBIN -5.5 SHREECEM +6.6 SHRIRAMFIN -1.3 SIEMENS -4.6 SOLARINDS -4.0 SONACOMS -5.6 SRF +9.9 SUNPHARMA +0.4 SUPREMEIND -8.5 TATACONSUM +6.6 TATAELXSI -8.4 TATAPOWER -0.5 TATASTEEL -1.3 TCS +5.9 TECHM -0.1 TIINDIA -7.0 TITAN -1.7 TMPV -1.9 TORNTPHARM +5.3 TRENT -4.9 TVSMOTOR +8.5 ULTRACEMCO +5.9 UNIONBANK +0.9 UNITDSPR +2.3 UPL +9.0 VBL -8.7 VEDL +2.2 VOLTAS -10.0 WIPRO +2.8 YESBANK -0.5 ZYDUSLIFE +4.7
all in_fo results,16,178,0.9583,0.7611,ABB +3.5 ABCAPITAL +12.6 ADANIENSOL -3.8 ADANIENT +5.5 ADANIGREEN -4.7 ADANIPORTS +10.5 ALKEM -3.2 AMBUJACEM -1.6 ANGELONE +4.0 APLAPOLLO +2.8 APOLLOHOSP -0.6 ASHOKLEY -1.9 ASIANPAINT -4.9 ASTRAL +1.8 AUBANK +13.2 AUROPHARMA +0.3 AXISBANK -4.2 BAJAJ-AUTO -4.0 BAJAJFINSV -4.4 BAJFINANCE -5.3 BANDHANBNK -1.5 BANKBARODA -9.7 BANKINDIA +0.9 BEL +3.8 BHARATFORG +7.2 BHARTIARTL -0.7 BHEL +1.9 BIOCON -3.4 BOSCHLTD -1.5 BPCL +4.9 BRITANNIA +0.8 BSE +5.6 CAMS -7.8 CANBK +5.6 CDSL -4.5 CGPOWER -1.9 CHOLAFIN -2.6 CIPLA +1.0 COALINDIA -0.0 COFORGE +1.7 COLPAL -8.4 CONCOR -0.8 CROMPTON +6.2 CUMMINSIND +7.6 DABUR -2.7 DELHIVERY +8.5 DIVISLAB +3.9 DIXON -6.3 DLF +6.2 DMART -4.7 DRREDDY +3.0 EICHERMOT -1.0 ETERNAL +3.8 FEDERALBNK -5.1 GAIL +2.4 GLENMARK -3.5 GMRAIRPORT -1.2 GODREJCP -0.8 GODREJPROP +5.7 GRASIM -2.3 HAL +9.3 HAVELLS -1.6 HCLTECH +10.6 HDFCAMC +7.8 HDFCBANK +4.4 HDFCLIFE +1.1 HEROMOTOCO +5.5 HINDALCO +0.8 HINDPETRO +3.3 HINDUNILVR -2.7 HINDZINC +0.9 ICICIBANK +4.4 ICICIGI +1.7 ICICIPRULI +3.1 IDEA -1.2 IDFCFIRSTB -1.0 IEX +0.4 INDHOTEL -4.3 INDIANB -0.7 INDIGO -1.3 INDUSINDBK +0.2 INDUSTOWER -7.0 INFY +1.8 INOXWIND -4.3 IOC +4.9 IREDA +15.6 IRFC -4.9 ITC +0.4 JINDALSTEL -1.1 JIOFIN +3.2 JSWENERGY +6.1 JSWSTEEL +3.1 JUBLFOOD -1.8 KALYANKJIL +3.4 KEI +8.8 KOTAKBANK -4.1 KPITTECH +4.2 LAURUSLABS -3.7 LICHSGFIN +3.0 LICI +9.4 LODHA -0.5 LT +7.8 LTF -7.0 LTM +5.5 LUPIN +1.6 M&M +4.7 MANAPPURAM +1.4 MARICO +1.7 MARUTI -0.5 MAXHEALTH -2.1 MFSL +5.5 MOTHERSON +3.2 MPHASIS +5.7 MUTHOOTFIN -6.7 NATIONALUM +1.7 NAUKRI -3.8 NBCC +7.2 NESTLEIND +0.3 NHPC -2.3 NMDC -2.2 NTPC -0.8 NYKAA -3.1 OBEROIRLTY -3.4 OFSS +1.6 OIL -1.1 ONGC -2.0 PAGEIND +2.9 PATANJALI -1.9 PAYTM +5.2 PERSISTENT +6.2 PETRONET -0.9 PFC -3.0 PHOENIXLTD -5.8 PIDILITIND -0.8 PIIND +1.1 PNB -8.3 PNBHOUSING +2.3 POLICYBZR +2.5 POLYCAB +7.6 POWERGRID -0.6 PRESTIGE +1.6 RBLBANK +8.4 RECLTD -5.0 RELIANCE +5.3 SAIL +1.7 SBICARD -5.2 SBILIFE +4.7 SBIN -1.8 SHREECEM +4.8 SHRIRAMFIN -12.0 SIEMENS +5.2 SOLARINDS +1.4 SONACOMS +7.3 SRF -0.8 SUNPHARMA -1.4 SUPREMEIND -1.3 TATACONSUM +3.6 TATAELXSI +11.0 TATAPOWER +1.7 TATASTEEL +8.7 TCS -1.4 TECHM +6.1 TIINDIA +1.9 TITAN +6.3 TMPV -1.3 TORNTPHARM +0.7 TRENT +0.7 TVSMOTOR -2.5 ULTRACEMCO -2.4 UNIONBANK +4.1 UNITDSPR +1.1 UPL -1.9 VBL -1.6 VEDL -0.2 VOLTAS -1.4 WIPRO -1.1 YESBANK +4.6 ZYDUSLIFE -1.4
all in_fo results,17,191,-0.5644,-0.6960,360ONE +2.0 ABB -7.9 ABCAPITAL +10.3 ADANIENSOL -5.9 ADANIENT -7.9 ADANIGREEN -0.4 ADANIPORTS +1.5 ALKEM +12.6 AMBER +10.2 AMBUJACEM -0.2 ANGELONE +2.3 APLAPOLLO -6.9 APOLLOHOSP +10.1 ASHOKLEY +10.2 ASIANPAINT +3.4 ASTRAL -10.5 AUBANK -9.1 AUROPHARMA -5.3 AXISBANK -5.7 BAJAJ-AUTO +0.5 BAJAJFINSV -4.1 BAJFINANCE -4.0 BANDHANBNK -0.7 BANKBARODA -1.1 BANKINDIA +0.9 BDL +6.2 BEL -2.5 BHARATFORG -1.3 BHARTIARTL +2.4 BHEL -5.5 BIOCON -7.9 BLUESTARCO +5.0 BOSCHLTD +0.5 BPCL -0.9 BRITANNIA -6.9 BSE +1.1 CAMS -4.1 CANBK +2.6 CDSL -8.4 CGPOWER -3.1 CHOLAFIN -4.2 CIPLA +6.6 COALINDIA -2.9 COFORGE +2.6 COLPAL -4.6 CONCOR -3.2 CROMPTON -1.1 CUMMINSIND +5.9 DABUR +3.1 DELHIVERY +12.4 DIVISLAB -5.6 DIXON +3.7 DLF -0.4 DMART -4.3 DRREDDY +0.5 EICHERMOT +1.1 ETERNAL +15.0 FEDERALBNK -3.2 FORTIS +2.6 GAIL -2.6 GLENMARK -4.1 GMRAIRPORT -0.1 GODREJCP -2.7 GODREJPROP -1.4 GRASIM -0.2 HAL +1.9 HAVELLS +3.0 HCLTECH -6.0 HDFCAMC +5.7 HDFCBANK +1.0 HDFCLIFE -0.4 HEROMOTOCO +2.8 HINDALCO -2.9 HINDPETRO +1.8 HINDUNILVR +4.1 HINDZINC +2.2 ICICIBANK +3.8 ICICIGI -2.1 ICICIPRULI -1.5 IDEA +0.0 IDFCFIRSTB -3.6 IEX -22.4 INDHOTEL +3.0 INDIANB +1.6 INDIGO +2.6 INDUSINDBK -4.7 INDUSTOWER -5.6 INFY -2.0 INOXWIND -0.5 IOC -1.6 IREDA -3.8 IRFC +0.8 ITC +2.3 JINDALSTEL +2.3 JIOFIN -1.4 JSWENERGY -2.5 JSWSTEEL +0.5 JUBLFOOD +0.2 KALYANKJIL -12.1 KAYNES +11.7 KEI +1.1 KFINTECH -9.4 KOTAKBANK -7.9 KPITTECH +2.9 LAURUSLABS +8.0 LICHSGFIN +0.3 LICI +2.3 LODHA -5.9 LT +6.4 LTF +3.6 LTM -2.4 LUPIN -0.8 M&M -0.2 MANAPPURAM +0.2 MANKIND +0.5 MARICO +0.9 MARUTI -1.3 MAXHEALTH -3.4 MAZDOCK -8.3 MFSL +5.1 MOTHERSON +2.6 MPHASIS -5.6 MUTHOOTFIN +6.8 NATIONALUM +0.1 NAUKRI -0.1 NBCC -4.3 NESTLEIND -7.0 NHPC +4.0 NMDC +2.1 NTPC +1.7 NYKAA +6.3 OBEROIRLTY -0.7 OFSS +1.4 OIL -5.9 ONGC +2.2 PAGEIND -1.9 PATANJALI -2.3 PAYTM +6.8 PERSISTENT -10.7 PETRONET -1.7 PFC -1.2 PGEL -36.2 PHOENIXLTD +3.6 PIDILITIND +3.3 PIIND -3.8 PNB -1.3 PNBHOUSING -0.5 POLICYBZR -0.5 POLYCAB -0.3 POWERGRID -0.3 PRESTIGE +0.5 RBLBANK -4.9 RECLTD +1.9 RELIANCE -3.9 RVNL -3.0 SAIL -6.9 SBICARD -6.6 SBILIFE +1.3 SBIN +2.3 SHREECEM -2.0 SHRIRAMFIN -3.1 SIEMENS +1.1 SOLARINDS -3.1 SONACOMS -0.5 SRF +0.7 SUNPHARMA -4.7 SUPREMEIND +5.4 SUZLON -4.5 TATACONSUM -1.6 TATAELXSI -1.7 TATAPOWER -3.6 TATASTEEL -1.1 TCS -4.1 TECHM -0.8 TIINDIA +1.7 TITAN +1.2 TMPV +0.2 TORNTPHARM +6.9 TRENT +1.0 TVSMOTOR +2.0 ULTRACEMCO -0.3 UNIONBANK -2.3 UNITDSPR +1.3 UNOMINDA +4.3 UPL -1.0 VBL +9.2 VEDL -3.5 VOLTAS -5.3 WIPRO +3.7 YESBANK -0.7 ZYDUSLIFE +5.5
all in_fo results,18,191,0.6681,0.5963,360ONE +2.0 ABB -4.6 ABCAPITAL +3.8 ADANIENSOL -3.3 ADANIENT -6.8 ADANIGREEN +8.2 ADANIPORTS -1.0 ALKEM +0.5 AMBER -9.3 AMBUJACEM -0.1 ANGELONE +5.9 APLAPOLLO +1.0 APOLLOHOSP -2.3 ASHOKLEY +5.8 ASIANPAINT +8.5 ASTRAL +5.3 AUBANK +8.0 AUROPHARMA -3.0 AXISBANK +0.6 BAJAJ-AUTO +0.2 BAJAJFINSV -3.0 BAJFINANCE -3.3 BANDHANBNK -11.1 BANKBARODA +6.0 BANKINDIA +2.8 BDL +5.3 BEL +3.7 BHARATFORG +5.5 BHARTIARTL +2.3 BHEL +10.9 BIOCON +6.6 BLUESTARCO -9.6 BOSCHLTD +1.2 BPCL +5.4 BRITANNIA +5.7 BSE +3.7 CAMS -0.6 CANBK +5.4 CDSL -4.7 CGPOWER +1.0 CHOLAFIN -0.8 CIPLA -4.3 COALINDIA -2.2 COFORGE +5.1 COLPAL -0.2 CONCOR +1.7 CROMPTON -2.5 CUMMINSIND -2.0 DABUR -3.1 DELHIVERY -9.0 DIVISLAB -1.6 DIXON -4.2 DLF -2.3 DMART -2.3 DRREDDY -0.3 EICHERMOT -2.6 ETERNAL -1.4 FEDERALBNK +6.1 FORTIS -5.0 GAIL -0.5 GLENMARK +1.2 GMRAIRPORT +0.2 GODREJCP +6.4 GODREJPROP -7.3 GRASIM -6.0 HAL -0.8 HAVELLS +1.4 HCLTECH +0.6 HDFCAMC +2.4 HDFCBANK +1.3 HDFCLIFE -0.4 HEROMOTOCO +2.2 HINDALCO -5.6 HINDPETRO +3.5 HINDUNILVR -3.0 HINDZINC -5.3 ICICIBANK -2.5 ICICIGI +8.5 ICICIPRULI -1.6 IDFCFIRSTB +6.9 IEX -5.8 INDHOTEL -6.0 INDIANB +1.8 INDIGO +1.2 INDUSINDBK +2.5 INDUSTOWER +7.4 INFY -3.3 INOXWIND -3.0 IOC +2.9 IREDA +2.6 IRFC -0.6 ITC +0.6 JINDALSTEL +6.1 JIOFIN +1.2 JSWENERGY -3.8 JSWSTEEL -1.3 JUBLFOOD +6.2 KALYANKJIL -2.3 KAYNES -5.2 KEI -3.1 KFINTECH +3.0 KOTAKBANK -2.9 KPITTECH +4.6 LAURUSLABS +0.6 LICHSGFIN -2.3 LICI +0.5 LODHA +2.5 LT +1.6 LTF +1.0 LTM +2.5 LUPIN -0.6 M&M +3.7 MANAPPURAM -2.5 MANKIND -5.8 MARICO +5.4 MARUTI -3.0 MAXHEALTH +1.6 MAZDOCK -1.1 MFSL +6.2 MOTHERSON +4.1 MPHASIS -3.1 MUTHOOTFIN +10.0 NATIONALUM +10.3 NAUKRI +0.4 NBCC +0.6 NESTLEIND +9.4 NHPC -4.6 NMDC +2.1 NTPC -0.6 NYKAA +4.1 OBEROIRLTY +6.2 OFSS -2.0 OIL -1.1 ONGC -0.8 PAGEIND -1.1 PATANJALI -4.4 PAYTM +1.4 PERSISTENT +6.9 PETRONET -1.0 PFC -4.8 PGEL +9.1 PHOENIXLTD +2.3 PIDILITIND -3.2 PIIND -4.5 PNB +1.4 PNBHOUSING +5.6 POLICYBZR +5.6 POLYCAB +0.3 POWERGRID -4.3 POWERINDIA +14.1 PRESTIGE +0.4 RBLBANK +6.1 RECLTD -0.3 RELIANCE +6.6 RVNL -0.5 SAIL +5.6 SBICARD -3.9 SBILIFE +3.4 SBIN +2.5 SHREECEM +1.8 SHRIRAMFIN +7.8 SIEMENS +5.7 SOLARINDS +3.1 SONACOMS +1.3 SRF -1.6 SUNPHARMA -0.9 SUPREMEIND -8.3 SUZLON +0.5 TATACONSUM +0.3 TATAELXSI +0.4 TATAPOWER -1.1 TATASTEEL -2.7 TCS +1.8 TECHM +0.1 TIINDIA -2.0 TITAN +1.7 TMPV -7.5 TORNTPHARM +6.8 TRENT -8.1 TVSMOTOR -2.8 ULTRACEMCO -0.1 UNIONBANK +1.2 UNITDSPR +5.8 UNOMINDA +6.3 UPL +2.4 VBL +5.9 VEDL -0.5 VOLTAS +3.6 WIPRO -2.9 YESBANK -1.5 ZYDUSLIFE -3.8
all in_fo results,19,196,0.1831,0.4200,360ONE +3.0 ABB +2.7 ABCAPITAL +5.2 ADANIENSOL -7.7 ADANIENT +14.3 ADANIGREEN -8.2 ADANIPORTS +15.9 ALKEM -6.9 AMBER +15.2 AMBUJACEM -6.9 ANGELONE +10.4 APLAPOLLO +5.0 APOLLOHOSP +4.9 ASHOKLEY +2.6 ASIANPAINT -7.2 ASTRAL -2.1 AUBANK -3.0 AUROPHARMA -4.8 AXISBANK +2.1 BAJAJ-AUTO +0.7 BAJAJFINSV +3.7 BAJAJHLDNG +2.2 BAJFINANCE +6.8 BANDHANBNK +7.1 BANKBARODA -8.8 BANKINDIA +2.2 BDL -13.7 BEL +8.3 BHARATFORG +7.6 BHARTIARTL +2.1 BHEL -6.6 BIOCON +1.9 BLUESTARCO +8.7 BOSCHLTD -3.0 BPCL +1.6 BRITANNIA +1.8 BSE +9.5 CAMS -4.3 CANBK -4.7 CDSL -6.5 CGPOWER +1.9 CHOLAFIN -3.5 CIPLA -4.1 COALINDIA -5.2 COFORGE -3.4 COLPAL -1.8 CONCOR +3.5 CROMPTON +7.7 CUMMINSIND +7.2 DABUR -1.3 DELHIVERY +6.7 DIVISLAB +1.3 DIXON +2.6 DLF -4.0 DMART +1.0 DRREDDY +4.4 EICHERMOT +8.2 ETERNAL -1.7 FEDERALBNK +12.0 FORTIS -0.3 GAIL -4.2 GLENMARK -2.6 GMRAIRPORT +4.0 GODREJCP -3.9 GODREJPROP +0.0 GRASIM +3.4 HAL +1.1 HAVELLS -6.3 HCLTECH +1.1 HDFCAMC +4.3 HDFCBANK +0.6 HDFCLIFE -1.6 HEROMOTOCO -0.1 HINDALCO +0.0 HINDPETRO -5.7 HINDUNILVR -6.1 HINDZINC +4.1 ICICIBANK -3.0 ICICIGI -2.0 ICICIPRULI -0.4 IDEA -2.2 IDFCFIRSTB -2.7 IEX -0.6 INDHOTEL -0.4 INDIANB +3.6 INDIGO -1.7 INDUSINDBK -1.4 INDUSTOWER -1.2 INFY +5.9 INOXWIND -8.6 IOC +4.5 IREDA -3.0 IRFC -4.9 ITC +1.1 JINDALSTEL -1.4 JIOFIN -3.1 JSWENERGY -7.8 JSWSTEEL +4.1 JUBLFOOD +0.5 KALYANKJIL +13.3 KAYNES +4.5 KEI -11.3 KFINTECH -2.0 KOTAKBANK -3.2 KPITTECH -5.7 LAURUSLABS +1.3 LICHSGFIN -2.2 LICI +7.6 LODHA +5.6 LT +5.0 LTF +3.9 LTM -0.5 LUPIN -0.2 M&M -0.4 MANAPPURAM -3.5 MANKIND -0.0 MARICO -2.0 MARUTI -6.4 MAXHEALTH +3.6 MAZDOCK -2.0 MFSL +3.5 MOTHERSON +9.9 MPHASIS -2.2 MUTHOOTFIN -7.1 NATIONALUM -12.6 NAUKRI -4.0 NBCC -1.8 NESTLEIND -0.6 NHPC +2.8 NMDC +6.8 NTPC -0.9 NYKAA +12.4 OBEROIRLTY -7.5 OFSS -1.1 OIL -3.7 ONGC -1.7 PAGEIND +5.3 PATANJALI -1.6 PAYTM -0.6 PERSISTENT -2.5 PETRONET -4.4 PFC +6.7 PGEL +2.7 PHOENIXLTD -2.3 PIDILITIND +2.6 PIIND -1.2 PNB -2.2 PNBHOUSING -10.8 POLICYBZR -12.1 POLYCAB -1.7 POWERGRID -3.3 POWERINDIA +11.4 PREMIERENE -6.6 PRESTIGE +4.9 RBLBANK -5.7 RECLTD +0.2 RELIANCE -2.7 RVNL -3.3 SAIL -4.6 SBICARD -0.1 SBILIFE -0.3 SBIN +6.6 SHREECEM -0.7 SHRIRAMFIN +1.5 SIEMENS -5.6 SOLARINDS +2.9 SONACOMS +9.7 SRF -12.0 SUNPHARMA +2.4 SUPREMEIND +0.7 SUZLON -2.2 SWIGGY -0.6 TATACONSUM -3.6 TATAELXSI -3.2 TATAPOWER +1.6 TATASTEEL +3.4 TCS +2.0 TECHM +6.4 TIINDIA +3.8 TITAN +2.6 TMPV -0.7 TORNTPHARM +5.0 TRENT +10.7 TVSMOTOR +3.0 ULTRACEMCO +3.2 UNIONBANK +7.5 UNITDSPR -2.1 UNOMINDA -4.5 UPL +5.4 VBL -5.2 VEDL -2.6 VOLTAS -0.1 WAAREEENER +3.6 WIPRO -6.8 YESBANK -5.4 ZYDUSLIFE -1.8
all in_fo results,20,203,-0.3086,-0.2596,360ONE -5.3 ABB -11.3 ABCAPITAL +3.6 ADANIENSOL +11.3 ADANIENT +3.0 ADANIGREEN +2.6 ADANIPORTS +6.4 ADANIPOWER +1.8 ALKEM -1.2 AMBER -13.7 AMBUJACEM -4.8 ANGELONE +14.6 APLAPOLLO -4.9 APOLLOHOSP +3.6 ASHOKLEY -6.7 ASIANPAINT -0.5 ASTRAL -7.3 AUBANK -3.2 AUROPHARMA -3.1 AXISBANK -5.1 BAJAJ-AUTO +4.6 BAJAJFINSV -0.5 BAJAJHLDNG +1.6 BAJFINANCE +1.6 BANDHANBNK +13.4 BANKBARODA -1.6 BANKINDIA +1.1 BDL -9.7 BEL -2.4 BHARATFORG +6.6 BHARTIARTL +6.9 BHEL +8.7 BIOCON +3.3 BLUESTARCO -3.0 BOSCHLTD -5.3 BPCL +3.3 BRITANNIA -5.4 BSE +4.9 CAMS +5.2 CANBK -4.4 CDSL -4.0 CGPOWER +7.0 CHOLAFIN +6.6 CIPLA +10.0 COALINDIA +3.6 COCHINSHIP -8.6 COFORGE +7.3 COLPAL -4.1 CONCOR -5.8 CROMPTON -0.4 CUMMINSIND +9.5 DABUR +5.8 DELHIVERY -2.2 DIVISLAB -1.5 DIXON +3.6 DLF -1.1 DMART -5.1 DRREDDY -2.2 EICHERMOT +8.1 ETERNAL -1.1 FEDERALBNK -2.4 FORCEMOT -0.5 FORTIS -0.4 GAIL +3.0 GLENMARK -6.4 GMRAIRPORT +3.6 GODFRYPHLP -4.3 GODREJCP -3.2 GODREJPROP -2.7 GRASIM +7.1 HAL -4.0 HAVELLS -3.0 HCLTECH -10.9 HDFCAMC +9.5 HDFCBANK +2.1 HDFCLIFE -0.3 HEROMOTOCO +1.4 HINDALCO +1.3 HINDPETRO +0.2 HINDUNILVR +0.9 HINDZINC +4.0 HYUNDAI +3.6 ICICIBANK +3.2 ICICIGI +5.6 ICICIPRULI +2.0 IDEA +4.3 IDFCFIRSTB +1.4 IEX -2.2 INDHOTEL -5.2 INDIANB -6.8 INDIGO -0.5 INDUSINDBK +3.6 INDUSTOWER -3.3 INFY -12.5 INOXWIND -13.2 IOC -3.7 IREDA -2.4 IRFC -0.5 ITC -2.8 JINDALSTEL +2.7 JIOFIN -2.3 JSWENERGY -10.3 JSWSTEEL +2.1 JUBLFOOD -4.4 KALYANKJIL -7.1 KAYNES -24.2 KEI +1.8 KFINTECH -6.6 KOTAKBANK -2.8 KPITTECH -6.0 LAURUSLABS +6.9 LICHSGFIN -4.2 LICI +1.2 LODHA -0.4 LT -0.1 LTF -2.1 LTM -10.3 LUPIN +1.7 M&M +6.5 MANAPPURAM +4.0 MANKIND +3.2 MARICO +5.1 MARUTI +1.7 MAXHEALTH -4.1 MAZDOCK -2.5 MFSL -6.1 MOTHERSON +6.3 MOTILALOFS +0.8 MPHASIS +0.5 MUTHOOTFIN -1.0 NAM-INDIA -0.7 NATIONALUM -7.6 NAUKRI -0.3 NBCC +2.7 NESTLEIND +8.5 NHPC -0.5 NMDC +2.1 NTPC +0.2 NYKAA +2.1 OBEROIRLTY -2.2 OFSS +8.8 OIL +13.0 ONGC -5.5 PAGEIND +2.0 PATANJALI -0.7 PAYTM +7.4 PERSISTENT -7.0 PETRONET +0.9 PFC +0.7 PGEL +2.4 PHOENIXLTD -1.3 PIDILITIND +8.0 PIIND -6.8 PNB +0.8 PNBHOUSING +9.5 POLICYBZR +0.8 POLYCAB +7.8 POWERGRID -1.6 POWERINDIA -1.2 PREMIERENE +2.0 PRESTIGE +0.8 RBLBANK +2.7 RECLTD -2.8 RELIANCE +0.3 RVNL -4.0 SAIL -4.3 SBICARD -4.9 SBILIFE -8.0 SBIN -11.5 SHREECEM +3.4 SHRIRAMFIN -6.8 SIEMENS -0.7 SOLARINDS +13.5 SONACOMS -3.8 SRF +8.0 SUNPHARMA -2.1 SUPREMEIND -1.2 SUZLON +3.2 SWIGGY -5.8 TATACONSUM +10.1 TATAELXSI -4.9 TATAPOWER -7.4 TATASTEEL -4.5 TCS -0.6 TECHM -5.6 TIINDIA -6.5 TITAN -3.2 TMPV +5.8 TORNTPHARM +3.2 TRENT +0.4 TVSMOTOR -4.3 ULTRACEMCO -2.9 UNIONBANK -7.5 UNITDSPR +5.8 UNOMINDA -6.3 UPL -3.5 VBL +7.0 VMM -0.5 VOLTAS -2.9 WAAREEENER -6.7 WIPRO +0.8 YESBANK -0.9 ZYDUSLIFE +2.9
all in_fo results,21,206,0.1739,0.2808,360ONE +1.4 ABB +4.0 ABCAPITAL +6.7 ADANIENSOL +0.1 ADANIENT +0.4 ADANIGREEN -10.0 ADANIPORTS -6.1 ADANIPOWER -3.5 ALKEM -1.9 AMBER +3.9 AMBUJACEM +2.4 ANGELONE -1.5 APLAPOLLO +1.7 APOLLOHOSP -3.5 ASHOKLEY +0.3 ASIANPAINT +1.3 ASTRAL +10.6 AUBANK +7.0 AUROPHARMA +2.2 AXISBANK -3.7 BAJAJ-AUTO +5.3 BAJAJFINSV +8.8 BAJAJHLDNG +5.8 BAJFINANCE +8.8 BANDHANBNK -19.0 BANKBARODA -0.7 BANKINDIA -4.3 BDL +3.0 BEL -4.0 BHARATFORG -7.1 BHARTIARTL +0.3 BHEL +4.6 BIOCON +2.3 BLUESTARCO -10.5 BOSCHLTD +7.4 BPCL -2.4 BRITANNIA +0.6 BSE -3.1 CAMS +2.1 CANBK -0.7 CDSL +0.3 CGPOWER -3.9 CHOLAFIN +4.6 CIPLA -1.5 COALINDIA -4.0 COCHINSHIP -3.2 COFORGE +15.0 COLPAL -2.4 CONCOR +6.1 CROMPTON -4.8 CUMMINSIND -2.7 DABUR -0.3 DELHIVERY +2.1 DIVISLAB +7.0 DIXON -2.7 DLF -1.7 DMART -4.0 DRREDDY -4.7 EICHERMOT +1.8 ETERNAL +0.1 FEDERALBNK +7.1 FORCEMOT +2.0 FORTIS +2.4 GAIL -0.3 GLENMARK -1.3 GMRAIRPORT -3.1 GODFRYPHLP -0.2 GODREJCP -3.4 GODREJPROP -0.2 GRASIM -3.7 GVT&D -0.1 HAL +0.4 HAVELLS +1.9 HCLTECH +1.6 HDFCAMC -5.3 HDFCBANK -5.8 HDFCLIFE -0.9 HEROMOTOCO +3.3 HINDALCO +1.4 HINDPETRO -5.0 HINDUNILVR -0.9 HINDZINC -1.1 HYUNDAI +8.9 ICICIBANK +3.1 ICICIGI -9.0 ICICIPRULI -1.9 IDEA +2.1 IDFCFIRSTB +7.2 IEX -0.1 INDHOTEL -0.4 INDIANB +9.2 INDIGO -6.1 INDUSINDBK -2.5 INDUSTOWER -2.2 INFY -3.1 INOXWIND -6.9 IOC +2.6 IREDA +0.5 IRFC +2.3 ITC +0.3 JINDALSTEL +2.0 JIOFIN +3.0 JSWENERGY -1.8 JSWSTEEL +2.4 JUBLFOOD +3.2 KALYANKJIL -7.2 KAYNES -4.2 KEI +14.1 KFINTECH +8.1 KOTAKBANK +2.4 KPITTECH +1.3 LAURUSLABS +8.5 LICHSGFIN -4.1 LICI +0.7 LODHA +3.3 LT +3.8 LTF +3.3 LTM +5.4 LUPIN -1.9 M&M +3.9 MANAPPURAM -3.9 MANKIND -5.7 MARICO -2.1 MARUTI +1.5 MAXHEALTH -3.0 MAZDOCK +3.7 MFSL +2.6 MOTHERSON +11.3 MOTILALOFS -9.8 MPHASIS -3.8 MUTHOOTFIN -4.4 NAM-INDIA -6.7 NATIONALUM +7.0 NAUKRI +9.5 NBCC -3.3 NESTLEIND +0.2 NHPC -0.1 NMDC -0.5 NTPC +0.1 NYKAA +0.7 OBEROIRLTY -0.2 OFSS -6.7 OIL +2.0 ONGC -1.0 PAGEIND -4.4 PATANJALI +0.4 PAYTM -4.5 PERSISTENT -0.3 PETRONET -0.2 PFC -7.8 PGEL +3.1 PHOENIXLTD -4.9 PIDILITIND +3.3 PIIND -10.7 PNB +6.5 PNBHOUSING +6.4 POLICYBZR -3.1 POLYCAB -7.2 POWERGRID -5.7 POWERINDIA +11.2 PREMIERENE +1.1 PRESTIGE -2.9 RADICO +6.8 RBLBANK -1.1 RECLTD +2.1 RELIANCE +2.1 RVNL -1.5 SAIL +0.4 SBICARD +2.9 SBILIFE +3.3 SBIN +1.6 SHREECEM +0.7 SHRIRAMFIN -1.8 SIEMENS +2.0 SOLARINDS +6.6 SONACOMS -2.0 SRF -8.6 SUNPHARMA -1.3 SUPREMEIND +0.7 SUZLON -9.2 SWIGGY +6.3 TATACONSUM +1.2 TATAELXSI -4.5 TATAPOWER -1.3 TATASTEEL +3.8 TCS -1.3 TECHM +5.9 TIINDIA -3.5 TITAN +3.6 TMPV -3.7 TORNTPHARM +4.6 TRENT -3.6 TVSMOTOR +7.9 ULTRACEMCO +2.7 UNIONBANK -0.9 UNITDSPR +1.6 UNOMINDA +5.8 UPL -3.3 VBL -1.8 VEDL +1.9 VMM -4.9 VOLTAS -1.7 WAAREEENER -4.2 WIPRO -0.6 YESBANK -2.6 ZYDUSLIFE +8.0
F1_quality + lag<-10 (no volume),7,1,-7.9341,-7.9341,INDUSTOWER -7.9
F1_quality + lag<-10 (no volume),8,3,0.4314,-0.3347,LTM +5.5 MANAPPURAM -3.7 NMDC -0.5
F1_quality + lag<-10 (no volume),9,1,0.2519,0.2519,JUBLFOOD +0.3
F1_quality + lag<-10 (no volume),11,3,1.5587,1.5587,CROMPTON -0.2 IEX +3.0 POLYCAB +1.9
F1_quality + lag<-10 (no volume),12,4,-0.4595,-0.4595,INFY +1.3 LTM -0.9 OFSS -5.3 WIPRO +3.0
F1_quality + lag<-10 (no volume),13,8,0.9139,1.0343,ABB +6.7 ASTRAL -2.8 BANKBARODA -1.8 CUMMINSIND +6.8 HAL +0.9 NMDC +1.0 POLYCAB -4.8 SIEMENS +1.4
F1_quality + lag<-10 (no volume),14,3,-0.0772,-0.0772,HEROMOTOCO +0.3 IEX +0.9 MANAPPURAM -1.5
F1_quality + lag<-10 (no volume),15,10,-2.7906,-2.4220,ABB -5.6 ANGELONE -10.1 CAMS -4.1 CDSL -17.4 CGPOWER +1.3 CUMMINSIND +9.5 HDFCAMC +5.2 OBEROIRLTY -5.3 RECLTD +3.3 TRENT -4.9
F1_quality + lag<-10 (no volume),16,7,3.7077,2.5728,HCLTECH +10.6 INFY +1.8 MUTHOOTFIN -6.7 PERSISTENT +6.2 TATAELXSI +11.0 UNIONBANK +4.1 WIPRO -1.1
F1_quality + lag<-10 (no volume),17,1,-3.7768,-3.7768,IREDA -3.8
F1_quality + lag<-10 (no volume),18,1,6.4272,6.4272,GODREJCP +6.4
F1_quality + lag<-10 (no volume),19,6,3.2560,2.8560,DIXON +2.6 ITC +1.1 KALYANKJIL +13.3 LODHA +5.6 PREMIERENE -6.6 WAAREEENER +3.6
F1_quality + lag<-10 (no volume),21,3,2.0191,8.3497,INDIANB +9.2 KPITTECH +1.3 TATAELXSI -4.5
F1_quality + vol>=1.0 (no lag),7,9,-2.3638,-2.5042,ASIANPAINT -5.3 GAIL -5.8 HEROMOTOCO -1.5 HINDUNILVR -4.5 INDUSTOWER -7.9 INFY +2.3 ITC +6.0 NAUKRI -8.5 TITAN +3.8
F1_quality + vol>=1.0 (no lag),8,13,0.3305,-0.5477,ASIANPAINT +3.2 ASTRAL +8.8 AXISBANK -2.1 DIVISLAB +7.3 HCLTECH -1.4 HDFCBANK -1.5 HEROMOTOCO +2.0 HINDUNILVR -1.3 INFY -10.6 LTM +5.5 MANAPPURAM -3.7 PIDILITIND +0.3 TCS -2.3
F1_quality + vol>=1.0 (no lag),9,17,-0.0425,-0.1951,ASTRAL +0.6 CANBK -2.1 COALINDIA +0.5 COFORGE -6.7 CROMPTON -7.0 CUMMINSIND -6.9 DRREDDY +2.1 HDFCBANK +2.2 HEROMOTOCO -2.3 HINDUNILVR -2.9 INFY -9.9 LTM +2.3 PETRONET +3.8 PFC -2.2 POLYCAB +10.9 RECLTD +8.8 UNITDSPR +8.1
F1_quality + vol>=1.0 (no lag),10,8,-0.7441,-0.7157,DABUR +1.3 HCLTECH -0.4 MPHASIS -6.0 PERSISTENT +1.5 PIDILITIND +1.0 TCS -2.6 TITAN +2.9 WIPRO -3.6
F1_quality + vol>=1.0 (no lag),11,27,3.1876,2.7837,ABB +10.2 ASTRAL +1.8 BAJFINANCE -3.3 BANKBARODA +9.0 BEL -0.7 CHOLAFIN +0.9 COALINDIA -1.3 COFORGE -0.7 COLPAL +1.3 CROMPTON -0.2 CUMMINSIND +9.8 DRREDDY +4.5 HAVELLS -5.6 HCLTECH +6.4 HINDUNILVR -3.7 ICICIBANK +4.3 IEX +3.0 INFY +5.6 ITC -5.6 LTM -11.3 OFSS +29.1 PETRONET +2.8 PIDILITIND -3.4 POLYCAB +1.9 SBIN +0.4 TCS +5.2 TRENT +25.6
F1_quality + vol>=1.0 (no lag),12,24,0.3120,0.1841,ALKEM -7.4 ASIANPAINT -4.8 ASTRAL -0.7 BANKBARODA -1.3 BEL +13.6 BOSCHLTD +2.0 COLPAL -4.5 CROMPTON +17.4 CUMMINSIND -5.4 DRREDDY -4.7 HAL +11.2 HAVELLS +1.7 HCLTECH -6.2 HDFCAMC -2.2 HINDUNILVR -0.5 INFY +1.3 LTM -0.9 MPHASIS +2.5 PIIND +3.4 SBIN +1.9 SIEMENS -3.2 TCS -0.1 TITAN -8.7 WIPRO +3.0
F1_quality + vol>=1.0 (no lag),13,13,3.0748,2.0834,ASIANPAINT -0.3 COFORGE +3.0 CUMMINSIND +6.8 EICHERMOT +3.9 HINDUNILVR -0.3 INFY +5.0 ITC -0.2 MPHASIS +3.3 OFSS +2.6 PIIND +3.4 SBICARD -4.9 SUNPHARMA +1.8 TRENT +16.0
F1_quality + vol>=1.0 (no lag),14,14,-1.1196,-1.3099,ABB -4.0 ALKEM -1.7 ASIANPAINT -13.4 CANBK +9.5 COFORGE +5.4 HCLTECH +3.4 HDFCAMC +8.4 MANAPPURAM -1.5 MARUTI -2.1 NATIONALUM -5.6 NESTLEIND -5.5 NMDC -6.0 OBEROIRLTY -1.5 PIDILITIND -1.0
F1_quality + vol>=1.0 (no lag),15,32,-0.6992,-0.5726,APLAPOLLO +2.3 ASTRAL +2.5 CAMS -4.1 CGPOWER +1.3 CHOLAFIN -2.4 COALINDIA -4.0 CROMPTON -1.9 CUMMINSIND +9.5 EICHERMOT -6.9 HAVELLS +3.2 HEROMOTOCO +0.9 HINDUNILVR -1.0 INDHOTEL -2.3 INDUSTOWER +1.8 INFY -6.5 ITC -5.4 KEI +0.6 KOTAKBANK +5.2 KPITTECH +10.1 LTM +2.4 PERSISTENT +3.8 PIIND -0.8 POLYCAB -8.3 RECLTD +3.3 SBICARD +0.4 SIEMENS -4.6 SOLARINDS -4.0 SUNPHARMA +0.4 TATAELXSI -8.4 TIINDIA -7.0 TRENT -4.9 UNITDSPR +2.3
F1_quality + vol>=1.0 (no lag),16,38,1.0869,0.6744,ALKEM -3.2 ASTRAL +1.8 AXISBANK -4.2 BAJAJ-AUTO -4.0 BEL +3.8 CANBK +5.6 CDSL -4.5 CHOLAFIN -2.6 CIPLA +1.0 CUMMINSIND +7.6 DIVISLAB +3.9 DIXON -6.3 HAL +9.3 HAVELLS -1.6 HCLTECH +10.6 HDFCAMC +7.8 HEROMOTOCO +5.5 HINDUNILVR -2.7 ICICIBANK +4.4 INDHOTEL -4.3 INDIANB -0.7 INDUSTOWER -7.0 INFY +1.8 KPITTECH +4.2 LTM +5.5 MARICO +1.7 MARUTI -0.5 MPHASIS +5.7 NATIONALUM +1.7 NMDC -2.2 OBEROIRLTY -3.4 OFSS +1.6 PFC -3.0 SBIN -1.8 SOLARINDS +1.4 TATAELXSI +11.0 TCS -1.4 WIPRO -1.1
F1_quality + vol>=1.0 (no lag),17,12,-1.6984,-1.4965,ANGELONE +2.3 BRITANNIA -6.9 CANBK +2.6 CGPOWER -3.1 CHOLAFIN -4.2 COLPAL -4.6 DABUR +3.1 GODREJCP -2.7 HAVELLS +3.0 HEROMOTOCO +2.8 PAGEIND -1.9 PERSISTENT -10.7
F1_quality + vol>=1.0 (no lag),18,21,0.6034,0.5989,ALKEM +0.5 ASIANPAINT +8.5 BEL +3.7 BOSCHLTD +1.2 BSE +3.7 CANBK +5.4 CIPLA -4.3 CROMPTON -2.5 CUMMINSIND -2.0 DIVISLAB -1.6 GODREJCP +6.4 HDFCAMC +2.4 ICICIBANK -2.5 IEX -5.8 LTM +2.5 LUPIN -0.6 PETRONET -1.0 PFC -4.8 SBIN +2.5 SUZLON +0.5 TATAELXSI +0.4
F1_quality + vol>=1.0 (no lag),19,40,0.2899,1.0247,ALKEM -6.9 BAJFINANCE +6.8 BEL +8.3 BLUESTARCO +8.7 BSE +9.5 CDSL -6.5 CIPLA -4.1 COFORGE -3.4 COLPAL -1.8 DABUR -1.3 DIVISLAB +1.3 DIXON +2.6 DRREDDY +4.4 HAL +1.1 HAVELLS -6.3 HCLTECH +1.1 ICICIBANK -3.0 INDUSTOWER -1.2 ITC +1.1 KALYANKJIL +13.3 KPITTECH -5.7 LODHA +5.6 MARICO -2.0 MAZDOCK -2.0 MUTHOOTFIN -7.1 NATIONALUM -12.6 NESTLEIND -0.6 OFSS -1.1 PFC +6.7 PIDILITIND +2.6 POLYCAB -1.7 POWERINDIA +11.4 PREMIERENE -6.6 RECLTD +0.2 SOLARINDS +2.9 SUZLON -2.2 TATAELXSI -3.2 TORNTPHARM +5.0 VBL -5.2 WAAREEENER +3.6
F1_quality + vol>=1.0 (no lag),20,21,0.6869,1.0291,CAMS +5.2 DIVISLAB -1.5 HCLTECH -10.9 HINDUNILVR +0.9 ICICIBANK +3.2 IEX -2.2 INDIANB -6.8 INDUSTOWER -3.3 LAURUSLABS +6.9 LTM -10.3 LUPIN +1.7 NAM-INDIA -0.7 NESTLEIND +8.5 OFSS +8.8 POWERINDIA -1.2 TCS -0.6 TRENT +0.4 UNITDSPR +5.8 VBL +7.0 WIPRO +0.8 ZYDUSLIFE +2.9
F1_quality + vol>=1.0 (no lag),21,18,0.0690,1.0567,DIVISLAB +7.0 GVT&D -0.1 HAL +0.4 HAVELLS +1.9 HCLTECH +1.6 HEROMOTOCO +3.3 IEX -0.1 INDHOTEL -0.4 INDIANB +9.2 ITC +0.3 KALYANKJIL -7.2 KPITTECH +1.3 LUPIN -1.9 MARICO -2.1 PERSISTENT -0.3 PFC -7.8 PIDILITIND +3.3 POLYCAB -7.2
F1_quality alone,7,37,-1.1730,-1.3120,ASIANPAINT -5.3 ASTRAL -0.9 BAJFINANCE +2.9 BEL -3.8 CHOLAFIN +5.6 COALINDIA -0.8 COFORGE +10.7 COLPAL -3.3 CUMMINSIND +9.0 DABUR -4.3 DIVISLAB -18.1 EICHERMOT +3.2 GAIL -5.8 HCLTECH +1.3 HDFCBANK +0.6 HEROMOTOCO -1.5 HINDUNILVR -4.5 IEX -0.5 INDUSTOWER -7.9 INFY +2.3 ITC +6.0 JUBLFOOD -10.5 LTM +2.2 MARICO -0.1 MUTHOOTFIN -1.5 NATIONALUM +0.8 NAUKRI -8.5 NMDC -0.4 PFC -1.2 PIDILITIND -3.7 PIIND -0.3 POLYCAB +1.7 RECLTD +1.3 SBICARD -4.9 TCS -0.6 TITAN +3.8 UNITDSPR -6.5
F1_quality alone,8,40,0.6603,0.2984,ASIANPAINT +3.2 ASTRAL +8.8 AXISBANK -2.1 BAJFINANCE +4.4 BEL +0.2 CHOLAFIN +8.9 COALINDIA -0.4 COFORGE +6.4 COLPAL +4.3 CUMMINSIND -0.8 DABUR -5.9 DIVISLAB +7.3 DRREDDY -7.7 EICHERMOT +7.2 HAL +2.4 HCLTECH -1.4 HDFCBANK -1.5 HEROMOTOCO +2.0 HINDUNILVR -1.3 IEX -0.5 INFY -10.6 ITC -1.0 JUBLFOOD +1.3 LTM +5.5 MANAPPURAM -3.7 MARICO +5.7 MUTHOOTFIN +6.5 NATIONALUM -1.4 NMDC -0.5 PAGEIND -10.4 PETRONET -4.3 PFC +6.1 PIDILITIND +0.3 PIIND -2.3 POLYCAB +5.3 RECLTD -5.1 SBICARD +0.8 TCS -2.3 TITAN +1.1 UNITDSPR +1.8
F1_quality alone,9,42,0.2646,0.0296,ASIANPAINT -4.1 ASTRAL +0.6 BAJFINANCE -4.0 BEL +2.4 CANBK -2.1 CHOLAFIN -3.4 COALINDIA +0.5 COFORGE -6.7 COLPAL +6.0 CROMPTON -7.0 CUMMINSIND -6.9 DABUR +0.2 DRREDDY +2.1 EICHERMOT -1.6 HAL +1.4 HCLTECH -1.4 HDFCBANK +2.2 HEROMOTOCO -2.3 HINDUNILVR -2.9 IEX -0.6 INFY -9.9 ITC -0.3 JUBLFOOD +0.3 LAURUSLABS -2.6 LTM +2.3 MANAPPURAM +2.6 MARICO +5.3 MUTHOOTFIN -5.9 NMDC +5.3 PAGEIND +4.3 PETRONET +3.8 PFC -2.2 PIDILITIND -3.0 PIIND +2.6 POLYCAB +10.9 RECLTD +8.8 SBICARD -1.8 SUNPHARMA -0.4 TCS +2.1 TITAN -3.4 TRENT +11.8 UNITDSPR +8.1
F1_quality alone,10,46,0.0453,0.0155,ABB +0.8 ABCAPITAL +0.5 ASIANPAINT -3.8 ASTRAL -5.4 BAJAJ-AUTO +7.9 BAJFINANCE -2.3 BEL +3.4 CHOLAFIN -0.2 COALINDIA +4.5 COFORGE -1.2 COLPAL +0.3 CROMPTON +2.3 CUMMINSIND +3.3 DABUR +1.3 DRREDDY -3.1 EICHERMOT +0.8 HAL +1.4 HAVELLS -6.6 HCLTECH -0.4 HEROMOTOCO -1.9 HINDUNILVR -2.4 IEX +1.4 INFY -4.3 ITC -3.4 LTM +5.7 MARICO -0.1 MARUTI -1.8 MPHASIS -6.0 MUTHOOTFIN -4.8 NMDC -2.0 PAGEIND +3.0 PERSISTENT +1.5 PETRONET -8.8 PFC +6.3 PIDILITIND +1.0 PIIND +4.7 POLYCAB -2.3 RECLTD +8.6 SBICARD -3.4 SUNPHARMA +1.6 TCS -2.6 TECHM -4.8 TITAN +2.9 TRENT +11.4 UNITDSPR +2.5 WIPRO -3.6
F1_quality alone,11,54,2.1378,2.1892,ABB +10.2 ABCAPITAL +7.2 ASIANPAINT -3.4 ASTRAL +1.8 BAJAJ-AUTO +7.0 BAJFINANCE -3.3 BANKBARODA +9.0 BEL -0.7 BOSCHLTD +7.5 CANBK -2.4 CHOLAFIN +0.9 COALINDIA -1.3 COFORGE -0.7 COLPAL +1.3 CROMPTON -0.2 CUMMINSIND +9.8 DABUR +3.7 DIXON +4.3 DRREDDY +4.5 EICHERMOT +1.6 HAL -5.6 HAVELLS -5.6 HCLTECH +6.4 HDFCAMC +1.2 HEROMOTOCO -2.1 HINDUNILVR -3.7 ICICIBANK +4.3 IEX +3.0 INFY +5.6 ITC -5.6 LTM -11.3 MANAPPURAM +1.2 MARICO -1.2 MARUTI +6.4 MPHASIS -1.7 MUTHOOTFIN -0.5 NMDC +7.3 OBEROIRLTY -14.7 OFSS +29.1 PAGEIND -0.1 PERSISTENT +6.2 PETRONET +2.8 PFC -5.3 PIDILITIND -3.4 PIIND +2.3 POLYCAB +1.9 RECLTD +3.9 SBICARD -1.8 SBIN +0.4 TCS +5.2 TITAN -3.3 TRENT +25.6 UNITDSPR +2.7 WIPRO +8.9
F1_quality alone,12,56,0.8183,0.4639,ABB +11.2 ALKEM -7.4 ASIANPAINT -4.8 ASTRAL -0.7 BAJAJ-AUTO -2.1 BAJFINANCE -7.2 BANKBARODA -1.3 BEL +13.6 BOSCHLTD +2.0 CANBK -8.0 CHOLAFIN +10.9 COALINDIA +4.7 COFORGE -14.0 COLPAL -4.5 CROMPTON +17.4 CUMMINSIND -5.4 DABUR +4.5 DIXON +0.0 DRREDDY -4.7 EICHERMOT +3.5 HAL +11.2 HAVELLS +1.7 HCLTECH -6.2 HDFCAMC -2.2 HEROMOTOCO +5.6 HINDUNILVR -0.5 ICICIBANK +3.4 IEX +2.0 INDUSTOWER -0.1 INFY +1.3 ITC +0.3 LICHSGFIN +4.5 LTM -0.9 MANAPPURAM -1.5 MARICO +12.4 MARUTI -2.0 MPHASIS +2.5 MUTHOOTFIN -3.5 NMDC -2.7 OFSS -5.3 PAGEIND +1.0 PERSISTENT -8.0 PETRONET -1.6 PIDILITIND -4.7 PIIND +3.4 POLYCAB +8.5 RECLTD +20.1 SBICARD -3.4 SBIN +1.9 SIEMENS -3.2 TCS -0.1 TITAN -8.7 TRENT +2.0 UNITDSPR -2.5 WIPRO +3.0 ZYDUSLIFE +10.4
F1_quality alone,13,56,0.9267,0.6845,ABB +6.7 ALKEM +3.7 ASIANPAINT -0.3 ASTRAL -2.8 AXISBANK -8.5 BAJAJ-AUTO +2.1 BAJFINANCE -4.8 BANKBARODA -1.8 BEL +5.5 BOSCHLTD -4.3 CANBK +0.9 CHOLAFIN +3.2 CIPLA +3.4 COALINDIA +5.4 COFORGE +3.0 COLPAL +6.7 CUMMINSIND +6.8 DABUR -1.0 DIXON +7.2 DRREDDY -0.7 EICHERMOT +3.9 HAL +0.9 HAVELLS -6.6 HCLTECH +3.9 HDFCAMC -2.2 HEROMOTOCO -2.5 HINDUNILVR -0.3 ICICIBANK +1.0 IEX +2.7 INDUSTOWER -2.6 INFY +5.0 ITC -0.2 LICHSGFIN -10.8 LTM +5.1 MANAPPURAM -1.5 MARICO -6.9 MARUTI +4.7 MPHASIS +3.3 MUTHOOTFIN -3.4 NMDC +1.0 OFSS +2.6 PAGEIND -2.0 PERSISTENT -4.3 PETRONET +7.0 PIDILITIND +3.1 PIIND +3.4 POLYCAB -4.8 RECLTD +5.6 SBICARD -4.9 SBIN -7.7 SIEMENS +1.4 SUNPHARMA +1.8 TCS +5.1 TRENT +16.0 UNITDSPR +6.4 ZYDUSLIFE -1.7
F1_quality alone,14,61,-1.2364,-1.5157,ABB -4.0 ALKEM -1.7 ASIANPAINT -13.4 ASTRAL +1.1 AXISBANK +3.8 BAJAJ-AUTO -15.2 BAJFINANCE +1.5 BANKBARODA +5.1 BEL +0.5 BOSCHLTD -5.5 CANBK +9.5 CHOLAFIN -9.2 CIPLA -4.8 COALINDIA -6.9 COFORGE +5.4 COLPAL -7.9 CROMPTON -3.4 CUMMINSIND +4.9 DABUR -2.4 DIXON -6.4 DRREDDY +3.3 EICHERMOT +2.1 HAL -3.9 HAVELLS -4.2 HCLTECH +3.4 HDFCAMC +8.4 HEROMOTOCO +0.3 HINDUNILVR -7.1 ICICIBANK +6.2 IEX +0.9 INDUSTOWER -7.3 INFY -4.0 ITC +0.1 KOTAKBANK -5.5 LICHSGFIN +6.1 LTM -0.8 LUPIN -3.6 MANAPPURAM -1.5 MARICO +1.8 MARUTI -2.1 MPHASIS +5.7 MUTHOOTFIN +5.2 NATIONALUM -5.6 NESTLEIND -5.5 NMDC -6.0 OBEROIRLTY -1.5 OFSS +0.2 PAGEIND +10.4 PERSISTENT +4.5 PETRONET -2.4 PIDILITIND -1.0 PIIND -7.4 POLYCAB -5.0 RECLTD +5.1 SBICARD -1.0 SBIN -0.8 SUNPHARMA +1.3 TCS -2.5 TRENT -9.8 UNITDSPR -2.4 ZYDUSLIFE -0.7
F1_quality alone,15,76,-1.3716,-1.2516,ABB -5.6 ALKEM -6.1 ANGELONE -10.1 APLAPOLLO +2.3 ASIANPAINT -3.2 ASTRAL +2.5 AXISBANK -5.8 BAJAJ-AUTO +2.7 BAJFINANCE +8.1 BANKBARODA -3.8 BEL +12.8 BOSCHLTD -7.3 BSE +3.1 CAMS -4.1 CANBK -6.5 CDSL -17.4 CGPOWER +1.3 CHOLAFIN -2.4 CIPLA +0.9 COALINDIA -4.0 COLPAL -0.7 CROMPTON -1.9 CUMMINSIND +9.5 DABUR +0.9 DIXON -10.1 DRREDDY -4.9 EICHERMOT -6.9 HAL -3.3 HAVELLS +3.2 HCLTECH -6.0 HDFCAMC +5.2 HEROMOTOCO +0.9 HINDUNILVR -1.0 ICICIBANK +3.7 IEX -0.5 INDHOTEL -2.3 INDIGO +4.1 INDUSTOWER +1.8 INFY -6.5 ITC -5.4 KEI +0.6 KOTAKBANK +5.2 KPITTECH +10.1 LTM +2.4 LUPIN -5.3 MANAPPURAM -9.9 MARICO +3.3 MARUTI +0.1 MPHASIS +8.3 MUTHOOTFIN +5.3 NATIONALUM -6.9 NBCC -7.2 NMDC +4.1 OBEROIRLTY -5.3 OFSS -6.2 PAGEIND -7.1 PERSISTENT +3.8 PETRONET -12.6 PIDILITIND +4.4 PIIND -0.8 POLYCAB -8.3 RECLTD +3.3 SBICARD +0.4 SBIN -5.5 SIEMENS -4.6 SOLARINDS -4.0 SUNPHARMA +0.4 SUPREMEIND -8.5 TATAELXSI -8.4 TCS +5.9 TIINDIA -7.0 TORNTPHARM +5.3 TRENT -4.9 UNIONBANK +0.9 UNITDSPR +2.3 ZYDUSLIFE +4.7
F1_quality alone,16,84,0.7969,0.5297,ABB +3.5 ALKEM -3.2 ANGELONE +4.0 APLAPOLLO +2.8 ASIANPAINT -4.9 ASTRAL +1.8 AXISBANK -4.2 BAJAJ-AUTO -4.0 BAJFINANCE -5.3 BANKBARODA -9.7 BEL +3.8 BOSCHLTD -1.5 BSE +5.6 CAMS -7.8 CANBK +5.6 CDSL -4.5 CGPOWER -1.9 CHOLAFIN -2.6 CIPLA +1.0 COALINDIA -0.0 COLPAL -8.4 CROMPTON +6.2 CUMMINSIND +7.6 DABUR -2.7 DIVISLAB +3.9 DIXON -6.3 DRREDDY +3.0 EICHERMOT -1.0 HAL +9.3 HAVELLS -1.6 HCLTECH +10.6 HDFCAMC +7.8 HEROMOTOCO +5.5 HINDUNILVR -2.7 ICICIBANK +4.4 IEX +0.4 INDHOTEL -4.3 INDIANB -0.7 INDIGO -1.3 INDUSTOWER -7.0 INFY +1.8 IREDA +15.6 ITC +0.4 KALYANKJIL +3.4 KEI +8.8 KOTAKBANK -4.1 KPITTECH +4.2 LICHSGFIN +3.0 LTM +5.5 LUPIN +1.6 MANAPPURAM +1.4 MARICO +1.7 MARUTI -0.5 MPHASIS +5.7 MUTHOOTFIN -6.7 NATIONALUM +1.7 NBCC +7.2 NMDC -2.2 OBEROIRLTY -3.4 OFSS +1.6 PAGEIND +2.9 PERSISTENT +6.2 PETRONET -0.9 PFC -3.0 PIDILITIND -0.8 PIIND +1.1 POLYCAB +7.6 RECLTD -5.0 SBICARD -5.2 SBIN -1.8 SIEMENS +5.2 SOLARINDS +1.4 SUNPHARMA -1.4 SUPREMEIND -1.3 TATAELXSI +11.0 TCS -1.4 TIINDIA +1.9 TORNTPHARM +0.7 TRENT +0.7 UNIONBANK +4.1 UNITDSPR +1.1 VBL -1.6 WIPRO -1.1 ZYDUSLIFE -1.4
F1_quality alone,17,77,-0.4680,-0.5131,ABB -7.9 ALKEM +12.6 ANGELONE +2.3 APLAPOLLO -6.9 ASIANPAINT +3.4 BAJAJ-AUTO +0.5 BAJFINANCE -4.0 BEL -2.5 BLUESTARCO +5.0 BRITANNIA -6.9 BSE +1.1 CAMS -4.1 CANBK +2.6 CDSL -8.4 CGPOWER -3.1 CHOLAFIN -4.2 CIPLA +6.6 COALINDIA -2.9 COLPAL -4.6 CROMPTON -1.1 CUMMINSIND +5.9 DABUR +3.1 DIXON +3.7 DRREDDY +0.5 EICHERMOT +1.1 GODREJCP -2.7 HAL +1.9 HAVELLS +3.0 HCLTECH -6.0 HDFCAMC +5.7 HEROMOTOCO +2.8 HINDUNILVR +4.1 ICICIBANK +3.8 IEX -22.4 INDHOTEL +3.0 INDIANB +1.6 INDIGO +2.6 INDUSTOWER -5.6 INFY -2.0 IREDA -3.8 ITC +2.3 KFINTECH -9.4 KPITTECH +2.9 LTM -2.4 LUPIN -0.8 MARICO +0.9 MARUTI -1.3 MAZDOCK -8.3 MPHASIS -5.6 MUTHOOTFIN +6.8 NATIONALUM +0.1 NBCC -4.3 OFSS +1.4 PAGEIND -1.9 PERSISTENT -10.7 PETRONET -1.7 PFC -1.2 PIDILITIND +3.3 PIIND -3.8 POLYCAB -0.3 RECLTD +1.9 SBIN +2.3 SOLARINDS -3.1 SUNPHARMA -4.7 SUPREMEIND +5.4 SUZLON -4.5 TATAELXSI -1.7 TCS -4.1 TECHM -0.8 TORNTPHARM +6.9 TRENT +1.0 UNIONBANK -2.3 UNITDSPR +1.3 UNOMINDA +4.3 VBL +9.2 WIPRO +3.7 ZYDUSLIFE +5.5
F1_quality alone,18,82,0.4386,0.3644,ABB -4.6 ALKEM +0.5 ANGELONE +5.9 APLAPOLLO +1.0 ASIANPAINT +8.5 BAJAJ-AUTO +0.2 BAJFINANCE -3.3 BEL +3.7 BLUESTARCO -9.6 BOSCHLTD +1.2 BRITANNIA +5.7 BSE +3.7 CAMS -0.6 CANBK +5.4 CDSL -4.7 CGPOWER +1.0 CHOLAFIN -0.8 CIPLA -4.3 COALINDIA -2.2 COFORGE +5.1 COLPAL -0.2 CROMPTON -2.5 CUMMINSIND -2.0 DABUR -3.1 DIVISLAB -1.6 DIXON -4.2 DRREDDY -0.3 EICHERMOT -2.6 GODREJCP +6.4 HAL -0.8 HAVELLS +1.4 HCLTECH +0.6 HDFCAMC +2.4 HEROMOTOCO +2.2 HINDUNILVR -3.0 ICICIBANK -2.5 IEX -5.8 INDHOTEL -6.0 INDIANB +1.8 INDIGO +1.2 INDUSTOWER +7.4 INFY -3.3 IREDA +2.6 ITC +0.6 KALYANKJIL -2.3 KFINTECH +3.0 KPITTECH +4.6 LICHSGFIN -2.3 LTM +2.5 LUPIN -0.6 MARICO +5.4 MARUTI -3.0 MAZDOCK -1.1 MPHASIS -3.1 MUTHOOTFIN +10.0 NATIONALUM +10.3 NBCC +0.6 NESTLEIND +9.4 OFSS -2.0 PAGEIND -1.1 PERSISTENT +6.9 PETRONET -1.0 PFC -4.8 PIDILITIND -3.2 PIIND -4.5 POLYCAB +0.3 RECLTD -0.3 SBIN +2.5 SOLARINDS +3.1 SUPREMEIND -8.3 SUZLON +0.5 TATAELXSI +0.4 TCS +1.8 TECHM +0.1 TORNTPHARM +6.8 TRENT -8.1 UNIONBANK +1.2 UNITDSPR +5.8 UNOMINDA +6.3 VBL +5.9 WIPRO -2.9 ZYDUSLIFE -3.8
F1_quality alone,19,73,0.1233,0.5341,ABB +2.7 ALKEM -6.9 APLAPOLLO +5.0 ASIANPAINT -7.2 BAJFINANCE +6.8 BEL +8.3 BLUESTARCO +8.7 BOSCHLTD -3.0 BPCL +1.6 BSE +9.5 CAMS -4.3 CANBK -4.7 CDSL -6.5 CHOLAFIN -3.5 CIPLA -4.1 COALINDIA -5.2 COFORGE -3.4 COLPAL -1.8 CUMMINSIND +7.2 DABUR -1.3 DIVISLAB +1.3 DIXON +2.6 DRREDDY +4.4 EICHERMOT +8.2 HAL +1.1 HAVELLS -6.3 HCLTECH +1.1 HDFCAMC +4.3 HEROMOTOCO -0.1 HINDUNILVR -6.1 ICICIBANK -3.0 IEX -0.6 INDIANB +3.6 INDIGO -1.7 INDUSTOWER -1.2 INFY +5.9 ITC +1.1 KALYANKJIL +13.3 KFINTECH -2.0 KPITTECH -5.7 LODHA +5.6 LTM -0.5 LUPIN -0.2 MARICO -2.0 MAZDOCK -2.0 MPHASIS -2.2 MUTHOOTFIN -7.1 NATIONALUM -12.6 NBCC -1.8 NESTLEIND -0.6 OFSS -1.1 PAGEIND +5.3 PERSISTENT -2.5 PETRONET -4.4 PFC +6.7 PIDILITIND +2.6 POLYCAB -1.7 POWERINDIA +11.4 PREMIERENE -6.6 RECLTD +0.2 SOLARINDS +2.9 SUZLON -2.2 TATAELXSI -3.2 TCS +2.0 TECHM +6.4 TORNTPHARM +5.0 TRENT +10.7 UNITDSPR -2.1 UNOMINDA -4.5 VBL -5.2 WAAREEENER +3.6 WIPRO -6.8 ZYDUSLIFE -1.8
F1_quality alone,20,83,-0.3263,-0.0276,ABB -11.3 ALKEM -1.2 APLAPOLLO -4.9 ASIANPAINT -0.5 BAJFINANCE +1.6 BEL -2.4 BLUESTARCO -3.0 BOSCHLTD -5.3 BPCL +3.3 BSE +4.9 CAMS +5.2 CANBK -4.4 CDSL -4.0 CHOLAFIN +6.6 COALINDIA +3.6 COFORGE +7.3 COLPAL -4.1 CUMMINSIND +9.5 DABUR +5.8 DIVISLAB -1.5 DIXON +3.6 DRREDDY -2.2 EICHERMOT +8.1 FORCEMOT -0.5 GODFRYPHLP -4.3 GODREJCP -3.2 HAL -4.0 HAVELLS -3.0 HCLTECH -10.9 HDFCAMC +9.5 HEROMOTOCO +1.4 HINDUNILVR +0.9 HYUNDAI +3.6 ICICIBANK +3.2 IEX -2.2 INDHOTEL -5.2 INDIANB -6.8 INDIGO -0.5 INDUSTOWER -3.3 INFY -12.5 ITC -2.8 KALYANKJIL -7.1 KFINTECH -6.6 KPITTECH -6.0 LAURUSLABS +6.9 LODHA -0.4 LTM -10.3 LUPIN +1.7 MARICO +5.1 MAZDOCK -2.5 MOTILALOFS +0.8 MPHASIS +0.5 MUTHOOTFIN -1.0 NAM-INDIA -0.7 NATIONALUM -7.6 NBCC +2.7 NESTLEIND +8.5 NMDC +2.1 OFSS +8.8 PAGEIND +2.0 PERSISTENT -7.0 PETRONET +0.9 PFC +0.7 PIDILITIND +8.0 POLYCAB +7.8 POWERINDIA -1.2 PREMIERENE +2.0 RECLTD -2.8 SBIN -11.5 SOLARINDS +13.5 SUZLON +3.2 TATAELXSI -4.9 TCS -0.6 TECHM -5.6 TORNTPHARM +3.2 TRENT +0.4 UNIONBANK -7.5 UNITDSPR +5.8 UNOMINDA -6.3 VBL +7.0 WAAREEENER -6.7 WIPRO +0.8 ZYDUSLIFE +2.9
F1_quality alone,21,79,0.4063,0.7954,ABB +4.0 ALKEM -1.9 APLAPOLLO +1.7 ASIANPAINT +1.3 BAJFINANCE +8.8 BEL -4.0 BLUESTARCO -10.5 BOSCHLTD +7.4 BPCL -2.4 BRITANNIA +0.6 BSE -3.1 CAMS +2.1 CANBK -0.7 CDSL +0.3 CGPOWER -3.9 CHOLAFIN +4.6 COALINDIA -4.0 COFORGE +15.0 COLPAL -2.4 CUMMINSIND -2.7 DABUR -0.3 DIVISLAB +7.0 DIXON -2.7 EICHERMOT +1.8 FORCEMOT +2.0 GODFRYPHLP -0.2 GODREJCP -3.4 GVT&D -0.1 HAL +0.4 HAVELLS +1.9 HCLTECH +1.6 HDFCAMC -5.3 HEROMOTOCO +3.3 HINDUNILVR -0.9 HINDZINC -1.1 HYUNDAI +8.9 IEX -0.1 INDHOTEL -0.4 INDIANB +9.2 INDUSTOWER -2.2 INFY -3.1 ITC +0.3 KALYANKJIL -7.2 KFINTECH +8.1 KPITTECH +1.3 LAURUSLABS +8.5 LTM +5.4 LUPIN -1.9 MARICO -2.1 MAZDOCK +3.7 MPHASIS -3.8 MUTHOOTFIN -4.4 NAM-INDIA -6.7 NATIONALUM +7.0 NBCC -3.3 NESTLEIND +0.2 NMDC -0.5 OFSS -6.7 PAGEIND -4.4 PERSISTENT -0.3 PETRONET -0.2 PFC -7.8 PIDILITIND +3.3 POLYCAB -7.2 POWERINDIA +11.2 RADICO +6.8 RECLTD +2.1 SOLARINDS +6.6 SUPREMEIND +0.7 SUZLON -9.2 TATAELXSI -4.5 TCS -1.3 TECHM +5.9 TRENT -3.6 UNITDSPR +1.6 UNOMINDA +5.8 VBL -1.8 WAAREEENER -4.2 ZYDUSLIFE +8.0
F11_good_fund + lag<-10 (no volume),0,1,-7.0023,5.8022,AUBANK -7.0
F11_good_fund + lag<-10 (no volume),1,2,-4.4365,-4.4365,GLENMARK -1.6 ZYDUSLIFE -7.3
F11_good_fund + lag<-10 (no volume),2,11,-0.2416,0.0963,AMBUJACEM +1.5 CIPLA +2.9 COALINDIA -4.2 COLPAL -2.9 CONCOR +1.9 CROMPTON -0.7 CUMMINSIND +3.0 HDFCAMC -3.8 PIIND +3.4 ULTRACEMCO -2.4 ZYDUSLIFE -1.4
F11_good_fund + lag<-10 (no volume),3,6,2.0951,1.8275,COFORGE -1.8 DIXON -3.2 NAUKRI +8.7 PERSISTENT -1.1 PIIND +4.7 TECHM +5.1
F11_good_fund + lag<-10 (no volume),4,8,1.1233,0.2993,APOLLOHOSP -1.3 HINDALCO +4.9 JSWSTEEL +2.1 MPHASIS +2.7 NATIONALUM -3.0 NAUKRI +12.2 OBEROIRLTY -4.0 WIPRO -4.6
F11_good_fund + lag<-10 (no volume),5,2,-4.0922,-4.0922,IEX -5.8 WIPRO -2.4
F11_good_fund + lag<-10 (no volume),6,2,-4.5068,-4.5068,ASTRAL -5.3 IEX -3.7
F11_good_fund + lag<-10 (no volume),7,2,10.6139,5.7410,ADANIPORTS +19.1 BAJAJFINSV +2.1
F11_good_fund + lag<-10 (no volume),8,2,0.9058,-0.2434,LTM +5.5 MANAPPURAM -3.7
F11_good_fund + lag<-10 (no volume),11,3,2.4029,2.4029,AUROPHARMA +2.4 IEX +3.0 POLYCAB +1.9
F11_good_fund + lag<-10 (no volume),12,3,-0.5974,-0.9996,KOTAKBANK +4.4 LTM -0.9 OFSS -5.3
F11_good_fund + lag<-10 (no volume),13,10,0.2090,0.0801,ABB +6.7 ABCAPITAL -5.1 BANKBARODA -1.8 CUMMINSIND +6.8 HAL +0.9 HINDALCO -0.2 OBEROIRLTY +1.1 POLYCAB -4.8 RBLBANK -2.8 SIEMENS +1.4
F11_good_fund + lag<-10 (no volume),14,5,-1.0351,-1.0351,GAIL +4.5 HEROMOTOCO +0.3 IEX +0.9 MANAPPURAM -1.5 MOTHERSON -9.4
F11_good_fund + lag<-10 (no volume),15,15,-2.7734,-2.5277,ABB -5.6 ANGELONE -10.1 CAMS -4.1 CDSL -17.4 CUMMINSIND +9.5 DLF -1.3 ETERNAL -11.3 GODREJPROP -2.4 HDFCAMC +5.2 JIOFIN +1.2 LODHA +4.4 MOTHERSON -3.0 OBEROIRLTY -5.3 RECLTD +3.3 TRENT -4.9
F11_good_fund + lag<-10 (no volume),16,7,2.5547,1.6305,HCLTECH +10.6 INFY +1.8 MUTHOOTFIN -6.7 PERSISTENT +6.2 SONACOMS +7.3 VEDL -0.2 WIPRO -1.1
F11_good_fund + lag<-10 (no volume),17,4,0.1344,0.1344,COFORGE +2.6 HINDZINC +2.2 INOXWIND -0.5 IREDA -3.8
F11_good_fund + lag<-10 (no volume),18,3,9.5628,9.5628,ADANIGREEN +8.2 GODREJCP +6.4 POWERINDIA +14.1
F11_good_fund + lag<-10 (no volume),19,8,2.6580,2.3580,CGPOWER +1.9 DIXON +2.6 KALYANKJIL +13.3 LODHA +5.6 NAUKRI -4.0 PREMIERENE -6.6 PRESTIGE +4.9 WAAREEENER +3.6
F11_good_fund + lag<-10 (no volume),20,1,2.4018,2.4018,PGEL +2.4
F11_good_fund + lag<-10 (no volume),21,4,1.1080,3.9382,BANKBARODA -0.7 INDIANB +9.2 PATANJALI +0.4 TATAELXSI -4.5
F11_good_fund + vol>=1.0 (no lag),0,14,1.0133,0.9712,AUBANK -7.0 BAJAJFINSV +11.4 CIPLA -1.1 CONCOR +5.9 HCLTECH -3.4 HDFCBANK -2.7 ICICIBANK +3.4 INFY -5.1 MANAPPURAM -3.8 MPHASIS -4.7 MUTHOOTFIN +14.7 PIIND -4.6 TORNTPHARM +1.2 UPL +10.0
F11_good_fund + vol>=1.0 (no lag),1,9,-1.6138,1.1565,AMBUJACEM +0.9 CIPLA -1.8 HAVELLS +4.9 INDUSTOWER -0.1 LT -2.1 NAM-INDIA +0.6 NATIONALUM -11.2 RECLTD +0.6 SHREECEM -6.5
F11_good_fund + vol>=1.0 (no lag),2,21,-1.9433,-1.4594,AMBUJACEM +1.5 COFORGE -6.6 CROMPTON -0.7 DIXON +3.3 HCLTECH -2.3 ICICIBANK +9.9 IEX -9.7 ITC -3.4 LT +1.7 MANAPPURAM -12.9 MPHASIS -8.4 NAM-INDIA -3.1 NTPC -4.6 OFSS -0.3 PERSISTENT +4.3 PIIND +3.4 RECLTD -3.8 TATAPOWER -5.0 TECHM +2.6 ULTRACEMCO -2.4 VEDL -4.2
F11_good_fund + vol>=1.0 (no lag),3,35,-0.1806,0.0859,ABCAPITAL +1.2 ASTRAL -5.0 AXISBANK +3.4 BEL +2.7 BPCL -0.7 CHOLAFIN -0.0 CONCOR -8.6 CUMMINSIND +3.4 DABUR +3.6 DIXON -3.2 DRREDDY -2.2 HCLTECH -7.0 HDFCAMC -6.9 HDFCBANK +0.1 HINDALCO +3.0 INFY +2.5 ITC +2.9 JINDALSTEL -1.9 JSWSTEEL -7.9 JUBLFOOD -5.8 MARICO +3.2 NAUKRI +8.7 NMDC +1.5 NTPC +4.5 PFC -2.5 PIIND +4.7 SBIN -1.6 SHREECEM -1.6 TATACONSUM +1.5 TATASTEEL +1.3 TCS +0.5 TECHM +5.1 TITAN +1.6 ULTRACEMCO -0.6 WIPRO -6.3
F11_good_fund + vol>=1.0 (no lag),4,14,-1.4830,-1.8211,BIOCON -3.1 COFORGE +2.6 GODREJCP -7.5 HDFCBANK -10.5 HINDUNILVR +6.6 ICICIBANK -1.1 JSWSTEEL +2.1 MARICO -3.7 NAUKRI +12.2 OBEROIRLTY -4.0 RELIANCE -6.6 SBICARD -0.8 TECHM -2.9 UPL -4.0
F11_good_fund + vol>=1.0 (no lag),5,19,2.7370,2.0903,ABCAPITAL -2.5 AXISBANK -1.2 BAJAJFINSV +12.8 COALINDIA +4.8 COFORGE +1.7 COLPAL -1.0 CUMMINSIND +5.6 EICHERMOT +2.8 HINDALCO +5.5 INDUSINDBK +11.1 MPHASIS +6.0 PERSISTENT +8.9 PFC +1.5 SBICARD +5.3 SBIN -3.5 SIEMENS -2.9 TATACONSUM -1.4 TECHM -3.3 UPL +1.8
F11_good_fund + vol>=1.0 (no lag),6,9,1.5768,0.9961,AXISBANK +10.2 BIOCON +2.9 COALINDIA +3.9 DIVISLAB -13.2 HINDALCO +9.1 INDUSINDBK -3.2 INFY +3.6 TITAN +0.5 UPL +0.6
F11_good_fund + vol>=1.0 (no lag),7,10,1.7250,0.6240,ADANIPORTS +19.1 ASIANPAINT -5.3 CONCOR -4.4 HINDUNILVR -4.5 INFY +2.3 ITC +6.0 KOTAKBANK -0.4 MOTHERSON +0.9 TITAN +3.8 UPL -0.3
F11_good_fund + vol>=1.0 (no lag),8,16,-0.3900,-0.9104,ASIANPAINT +3.2 AXISBANK -2.1 GLENMARK -0.4 HCLTECH -1.4 HDFCBANK -1.5 HEROMOTOCO +2.0 HINDUNILVR -1.3 IDFCFIRSTB +7.7 INFY -10.6 LAURUSLABS +4.2 LTM +5.5 MANAPPURAM -3.7 SHRIRAMFIN -7.1 TATACONSUM +6.5 TCS -2.3 UPL -5.1
F11_good_fund + vol>=1.0 (no lag),9,19,0.2655,0.0505,ASTRAL +0.6 CANBK -2.1 CUMMINSIND -6.9 DRREDDY +2.1 GODREJPROP -9.9 HDFCBANK +2.2 HEROMOTOCO -2.3 HINDUNILVR -2.9 IDFCFIRSTB +7.1 INFY -9.9 LICHSGFIN +2.5 LTM +2.3 M&M +2.9 PFC -2.2 PNB +0.6 POLYCAB +10.9 RBLBANK +1.7 RECLTD +8.8 SHRIRAMFIN -0.3
F11_good_fund + vol>=1.0 (no lag),10,7,-0.2111,-0.2111,DABUR +1.3 HCLTECH -0.4 INDHOTEL -1.8 LT -0.2 PIDILITIND +1.0 TATACONSUM +1.3 TCS -2.6
F11_good_fund + vol>=1.0 (no lag),11,45,2.2740,2.1863,ABB +10.2 ADANIPORTS +6.1 ALKEM +0.5 AMBUJACEM -1.6 ASTRAL +1.8 AUROPHARMA +2.4 BAJAJFINSV -0.1 BAJFINANCE -3.3 BANKBARODA +9.0 BEL -0.7 BHARATFORG -14.9 CHOLAFIN +0.9 COALINDIA -1.3 COLPAL +1.3 CONCOR -5.1 DLF -2.3 DRREDDY +4.5 GODREJCP +7.4 GRASIM +5.0 HAVELLS -5.6 HCLTECH +6.4 ICICIBANK +4.3 IEX +3.0 INDHOTEL +1.4 INFY +5.6 ITC -5.6 KOTAKBANK +0.4 LICHSGFIN +2.3 LT -3.1 LTM -11.3 NTPC +2.2 OFSS +29.1 PIDILITIND -3.4 PNB +8.6 POLYCAB +1.9 POWERGRID -2.3 RELIANCE -0.4 SBIN +0.4 SHREECEM +4.2 SHRIRAMFIN +5.6 SUNPHARMA +0.6 TATACONSUM -1.1 TCS +5.2 TRENT +25.6 ZYDUSLIFE +8.1
F11_good_fund + vol>=1.0 (no lag),12,29,-0.0953,-0.2428,ALKEM -7.4 ASIANPAINT -4.8 ASTRAL -0.7 BANKBARODA -1.3 BEL +13.6 BOSCHLTD +2.0 COLPAL -4.5 CROMPTON +17.4 CUMMINSIND -5.4 DLF +0.3 DRREDDY -4.7 HAL +11.2 HAVELLS +1.7 HCLTECH -6.2 HDFCAMC -2.2 HINDPETRO -2.4 KOTAKBANK +4.4 LT -5.4 LTM -0.9 MOTHERSON +5.5 PIIND +3.4 PNB +1.4 RBLBANK -1.0 RELIANCE -0.3 SIEMENS -3.2 TATAPOWER -7.5 TCS -0.1 TITAN -8.7 ULTRACEMCO +3.0
F11_good_fund + vol>=1.0 (no lag),13,24,0.4259,-0.1636,APOLLOHOSP -1.1 AUROPHARMA +1.8 BAJAJFINSV -3.7 COFORGE +3.0 CROMPTON +4.3 CUMMINSIND +6.8 DIVISLAB -1.8 DLF +2.5 EICHERMOT +3.9 INFY +5.0 LUPIN +1.8 MOTHERSON -1.6 NTPC +3.8 OFSS +2.6 ONGC -10.8 PIIND +3.4 SBICARD -4.9 SHREECEM -8.3 SUNPHARMA +1.8 TATAPOWER -6.6 TITAN -2.4 TMPV -5.7 TRENT +16.0 TVSMOTOR +0.3
F11_good_fund + vol>=1.0 (no lag),14,17,0.0958,-0.0609,ABB -4.0 ALKEM -1.7 CANBK +9.5 HCLTECH +3.4 HDFCAMC +8.4 HINDALCO +0.6 LT +8.3 LTF -5.4 MANAPPURAM -1.5 MARUTI -2.1 NAUKRI -0.4 NMDC -6.0 OBEROIRLTY -1.5 PIDILITIND -1.0 PNB +2.7 SHRIRAMFIN +2.2 TVSMOTOR -9.6
F11_good_fund + vol>=1.0 (no lag),15,40,-0.7357,-0.6403,ABCAPITAL -6.8 CAMS -4.1 CHOLAFIN -2.4 COFORGE +11.8 CROMPTON -1.9 CUMMINSIND +9.5 DMART -9.1 EICHERMOT -6.9 ETERNAL -11.3 GAIL +6.6 GODREJPROP -2.4 HAVELLS +3.2 HEROMOTOCO +0.9 INDHOTEL -2.3 INDUSTOWER +1.8 INFY -6.5 IRFC -0.3 ITC -5.4 JIOFIN +1.2 KEI +0.6 KOTAKBANK +5.2 KPITTECH +10.1 LICHSGFIN +1.8 LODHA +4.4 LTM +2.4 M&M -1.3 NYKAA -4.1 PERSISTENT +3.8 PIIND -0.8 POLYCAB -8.3 RECLTD +3.3 SHRIRAMFIN -1.3 SIEMENS -4.6 SOLARINDS -4.0 SONACOMS -5.6 SUNPHARMA +0.4 TATACONSUM +6.6 TATAELXSI -8.4 TRENT -4.9 YESBANK -0.5
F11_good_fund + vol>=1.0 (no lag),16,46,0.8772,0.5851,ALKEM -3.2 AMBUJACEM -1.6 ASHOKLEY -1.9 ASTRAL +1.8 AXISBANK -4.2 BAJAJ-AUTO -4.0 BAJAJFINSV -4.4 BEL +3.8 CANBK +5.6 CDSL -4.5 CHOLAFIN -2.6 CIPLA +1.0 CUMMINSIND +7.6 DIVISLAB +3.9 DIXON -6.3 DLF +6.2 DMART -4.7 HAL +9.3 HCLTECH +10.6 HDFCAMC +7.8 HDFCBANK +4.4 HEROMOTOCO +5.5 HINDUNILVR -2.7 HINDZINC +0.9 ICICIBANK +4.4 INDHOTEL -4.3 INDIANB -0.7 INDUSTOWER -7.0 INFY +1.8 KPITTECH +4.2 LODHA -0.5 MARICO +1.7 MARUTI -0.5 MPHASIS +5.7 NATIONALUM +1.7 NMDC -2.2 NYKAA -3.1 OBEROIRLTY -3.4 PNBHOUSING +2.3 SBIN -1.8 SOLARINDS +1.4 SONACOMS +7.3 TATAPOWER +1.7 TCS -1.4 TECHM +6.1 WIPRO -1.1
F11_good_fund + vol>=1.0 (no lag),17,12,-1.7234,-1.5215,BRITANNIA -6.9 CANBK +2.6 CGPOWER -3.1 CHOLAFIN -4.2 COFORGE +2.6 HAVELLS +3.0 HEROMOTOCO +2.8 KEI +1.1 LODHA -5.9 NAUKRI -0.1 PAGEIND -1.9 PERSISTENT -10.7
F11_good_fund + vol>=1.0 (no lag),18,26,1.1824,1.2167,ALKEM +0.5 BANKBARODA +6.0 BANKINDIA +2.8 BEL +3.7 BOSCHLTD +1.2 BPCL +5.4 BSE +3.7 CANBK +5.4 CIPLA -4.3 CONCOR +1.7 CUMMINSIND -2.0 DIVISLAB -1.6 GODREJCP +6.4 GRASIM -6.0 HDFCAMC +2.4 HDFCBANK +1.3 ICICIBANK -2.5 IEX -5.8 LTM +2.5 LUPIN -0.6 PFC -4.8 POLICYBZR +5.6 SBIN +2.5 SHRIRAMFIN +7.8 SUZLON +0.5 TATAPOWER -1.1
F11_good_fund + vol>=1.0 (no lag),19,70,0.3625,0.5515,360ONE +3.0 ADANIPORTS +15.9 ALKEM -6.9 AMBUJACEM -6.9 APOLLOHOSP +4.9 AUROPHARMA -4.8 BAJFINANCE +6.8 BANKINDIA +2.2 BEL +8.3 BHARATFORG +7.6 BLUESTARCO +8.7 BSE +9.5 CGPOWER +1.9 CIPLA -4.1 COFORGE -3.4 DABUR -1.3 DIVISLAB +1.3 DIXON +2.6 DMART +1.0 DRREDDY +4.4 GRASIM +3.4 HAL +1.1 HAVELLS -6.3 HDFCBANK +0.6 HINDPETRO -5.7 HINDZINC +4.1 ICICIBANK -3.0 IDFCFIRSTB -2.7 IREDA -3.0 JIOFIN -3.1 JSWSTEEL +4.1 JUBLFOOD +0.5 KALYANKJIL +13.3 KEI -11.3 LAURUSLABS +1.3 LICHSGFIN -2.2 LODHA +5.6 M&M -0.4 MARUTI -6.4 MAXHEALTH +3.6 MAZDOCK -2.0 MUTHOOTFIN -7.1 NATIONALUM -12.6 NAUKRI -4.0 OBEROIRLTY -7.5 PATANJALI -1.6 PFC +6.7 PHOENIXLTD -2.3 PIDILITIND +2.6 PNB -2.2 POLICYBZR -12.1 POLYCAB -1.7 POWERINDIA +11.4 PREMIERENE -6.6 PRESTIGE +4.9 RECLTD +0.2 RELIANCE -2.7 SBICARD -0.1 SBIN +6.6 SHREECEM -0.7 SOLARINDS +2.9 SUNPHARMA +2.4 SUZLON -2.2 TATACONSUM -3.6 TATASTEEL +3.4 TITAN +2.6 TORNTPHARM +5.0 ULTRACEMCO +3.2 VBL -5.2 WAAREEENER +3.6
F11_good_fund + vol>=1.0 (no lag),20,27,1.7614,2.0511,360ONE -5.3 ADANIENT +3.0 BAJAJ-AUTO +4.6 BANKINDIA +1.1 BRITANNIA -5.4 CAMS +5.2 GLENMARK -6.4 GRASIM +7.1 HDFCBANK +2.1 HINDPETRO +0.2 HINDUNILVR +0.9 IEX -2.2 INDIANB -6.8 LAURUSLABS +6.9 LUPIN +1.7 MANKIND +3.2 NAM-INDIA -0.7 NESTLEIND +8.5 OFSS +8.8 POWERINDIA -1.2 RELIANCE +0.3 SAIL -4.3 TATACONSUM +10.1 TRENT +0.4 UNITDSPR +5.8 VBL +7.0 ZYDUSLIFE +2.9
F11_good_fund + vol>=1.0 (no lag),21,28,0.6771,0.8156,360ONE +1.4 BAJAJ-AUTO +5.3 BAJAJFINSV +8.8 DIVISLAB +7.0 DMART -4.0 GRASIM -3.7 GVT&D -0.1 HAL +0.4 HAVELLS +1.9 HCLTECH +1.6 HEROMOTOCO +3.3 IEX -0.1 INDHOTEL -0.4 INDIANB +9.2 JUBLFOOD +3.2 KALYANKJIL -7.2 LTF +3.3 LUPIN -1.9 MARICO -2.1 OBEROIRLTY -0.2 PERSISTENT -0.3 PIDILITIND +3.3 PNBHOUSING +6.4 POLYCAB -7.2 SBICARD +2.9 SONACOMS -2.0 SRF -8.6 SUNPHARMA -1.3
F11_good_fund alone,0,39,1.1236,1.2091,AMBUJACEM +0.8 ASIANPAINT +8.5 AUBANK -7.0 AUROPHARMA -6.1 BAJAJ-AUTO +1.3 BAJAJFINSV +11.4 BRITANNIA -4.8 CIPLA -1.1 COLPAL +3.4 CONCOR +5.9 DABUR -3.4 DIVISLAB +3.4 GLENMARK -2.6 GODREJCP +23.9 GRASIM -0.0 HAVELLS -4.0 HCLTECH -3.4 HDFCBANK -2.7 HEROMOTOCO +3.1 HINDUNILVR -1.1 ICICIBANK +3.4 INDUSTOWER -0.2 INFY -5.1 KOTAKBANK -4.0 MANAPPURAM -3.8 MARICO +8.2 MPHASIS -4.7 MUTHOOTFIN +14.7 PIDILITIND +2.2 PIIND -4.6 RECLTD +3.2 TATAPOWER -7.8 TCS -6.5 TORNTPHARM +1.2 ULTRACEMCO +0.4 UPL +10.0 VOLTAS +3.4 WIPRO +8.6 ZYDUSLIFE -0.2
F11_good_fund alone,1,51,-0.2311,0.3593,ADANIENT +0.7 AMBUJACEM +0.9 ASIANPAINT +4.0 AUBANK +1.7 BAJAJ-AUTO -1.0 BAJAJFINSV +3.8 BEL -2.4 BIOCON -3.3 CHOLAFIN +9.6 CIPLA -1.8 COFORGE +9.6 COLPAL -5.2 DABUR -2.0 DIVISLAB +0.6 GLENMARK -1.6 GODREJCP -1.6 GRASIM -0.8 HAVELLS +4.9 HDFCAMC +1.3 HDFCBANK -5.2 HEROMOTOCO -0.9 HINDUNILVR -2.1 ICICIBANK +3.3 IDFCFIRSTB -0.5 INDUSINDBK +0.4 INDUSTOWER -0.1 INFY +2.1 JINDALSTEL +0.1 LT -2.1 LTM +6.8 MANAPPURAM -20.0 MARICO +1.1 MUTHOOTFIN -5.9 NAM-INDIA +0.6 NATIONALUM -11.2 NMDC +2.0 PFC +0.0 PIDILITIND -0.5 POWERGRID +0.8 RECLTD +0.6 RELIANCE -0.8 SBIN +1.7 SHREECEM -6.5 SHRIRAMFIN +0.2 SRF +1.3 TCS -1.7 TECHM +7.9 UPL -2.9 VOLTAS -0.7 WIPRO +9.9 ZYDUSLIFE -7.3
F11_good_fund alone,2,66,-1.0434,-0.7721,ADANIENT -8.5 ADANIPORTS -8.6 AMBUJACEM +1.5 ASIANPAINT -6.4 ASTRAL -0.1 BAJAJ-AUTO -1.7 BAJFINANCE -2.8 BPCL -1.4 CIPLA +2.9 COALINDIA -4.2 COFORGE -6.6 COLPAL -2.9 CONCOR +1.9 CROMPTON -0.7 CUMMINSIND +3.0 DABUR +4.2 DIVISLAB -3.5 DIXON +3.3 GAIL +0.3 GLENMARK +2.9 GODREJCP -4.2 GRASIM -1.0 HAVELLS -11.9 HCLTECH -2.3 HDFCAMC -3.8 HDFCBANK +3.0 HEROMOTOCO -0.9 HINDUNILVR -6.5 ICICIBANK +9.9 IEX -9.7 INDUSINDBK -0.1 INDUSTOWER -4.8 INFY +1.5 IOC +1.7 ITC -3.4 LT +1.7 LTM +15.4 LUPIN -4.9 MANAPPURAM -12.9 MPHASIS -8.4 MUTHOOTFIN +11.0 NAM-INDIA -3.1 NATIONALUM +0.5 NAUKRI +6.2 NMDC -3.2 NTPC -4.6 OFSS -0.3 ONGC +0.1 PERSISTENT +4.3 PETRONET +1.4 PFC -0.7 PIDILITIND +3.9 PIIND +3.4 POWERGRID -0.3 RECLTD -3.8 SRF -7.1 TATAPOWER -5.0 TCS -3.1 TECHM +2.6 TORNTPHARM -4.8 ULTRACEMCO -2.4 UPL -2.9 VEDL -4.2 VOLTAS +5.5 WIPRO +8.3 ZYDUSLIFE -1.4
F11_good_fund alone,3,78,-1.6215,-1.4856,ABCAPITAL +1.2 AMBUJACEM -7.0 APOLLOHOSP -2.0 ASTRAL -5.0 AXISBANK +3.4 BAJAJ-AUTO -5.2 BAJAJFINSV -10.3 BAJFINANCE -3.3 BEL +2.7 BPCL -0.7 CHOLAFIN -0.0 CIPLA +6.8 COFORGE -1.8 CONCOR -8.6 CUMMINSIND +3.4 DABUR +3.6 DIVISLAB -1.2 DIXON -3.2 DRREDDY -2.2 EICHERMOT +3.3 GAIL -0.6 GLENMARK -4.7 GODREJCP -5.8 GRASIM -3.0 HAL +0.2 HCLTECH -7.0 HDFCAMC -6.9 HDFCBANK +0.1 HINDALCO +3.0 HINDUNILVR -1.8 ICICIBANK -1.1 IEX -8.3 INDUSINDBK +4.0 INDUSTOWER +1.9 INFY +2.5 IOC -0.7 ITC +2.9 JINDALSTEL -1.9 JSWSTEEL -7.9 JUBLFOOD -5.8 LTM -7.2 MARICO +3.2 MPHASIS -5.6 MUTHOOTFIN -7.8 NAM-INDIA +0.9 NATIONALUM +2.0 NAUKRI +8.7 NBCC -5.8 NMDC +1.5 NTPC +4.5 OFSS -9.3 ONGC +1.4 PERSISTENT -1.1 PFC -2.5 PIDILITIND -9.1 PIIND +4.7 POWERGRID -0.7 RECLTD -3.4 RELIANCE -5.8 SBICARD -1.1 SBIN -1.6 SHREECEM -1.6 SHRIRAMFIN -4.5 SRF -5.0 SUNPHARMA +9.6 TATACONSUM +1.5 TATAPOWER -4.0 TATASTEEL +1.3 TCS +0.5 TECHM +5.1 TITAN +1.6 TORNTPHARM -15.2 ULTRACEMCO -0.6 UNITDSPR -6.4 UPL +1.7 VEDL +1.2 VOLTAS -4.4 WIPRO -6.3
F11_good_fund alone,4,62,-1.7113,-1.9692,ABCAPITAL -4.0 APOLLOHOSP -1.3 AXISBANK -5.9 BAJFINANCE -5.4 BEL +1.9 BIOCON -3.1 BOSCHLTD +4.3 BPCL -2.4 CHOLAFIN -15.1 COALINDIA -0.6 COFORGE +2.6 COLPAL +2.7 CONCOR -8.9 CUMMINSIND -0.0 DIVISLAB -13.0 DRREDDY +8.8 GAIL -5.5 GODREJCP -7.5 GRASIM -7.8 HDFCBANK -10.5 HINDALCO +4.9 HINDUNILVR +6.6 ICICIBANK -1.1 IEX -1.7 INDUSINDBK +4.5 INDUSTOWER -2.6 INFY -8.3 IOC -2.6 ITC +8.3 JSWSTEEL +2.1 JUBLFOOD +13.0 KOTAKBANK +0.4 LTM -15.1 MARICO -3.7 MPHASIS +2.7 MUTHOOTFIN -4.2 NATIONALUM -3.0 NAUKRI +12.2 NTPC +1.1 OBEROIRLTY -4.0 OFSS -2.0 ONGC -0.2 PERSISTENT +7.4 PFC -0.4 POLYCAB +0.4 RECLTD -2.6 RELIANCE -6.6 SBICARD -0.8 SBIN -4.5 SRF -12.2 SUNPHARMA -4.4 TATACONSUM -5.8 TATAPOWER -6.1 TATASTEEL +1.1 TCS +0.2 TECHM -2.9 TITAN -8.2 ULTRACEMCO +2.0 UNITDSPR +10.0 UPL -4.0 VEDL -0.8 WIPRO -4.6
F11_good_fund alone,5,59,0.5493,0.3743,ABCAPITAL -2.5 AXISBANK -1.2 BAJAJFINSV +12.8 BAJFINANCE +13.3 BHARTIARTL +3.0 CHOLAFIN +8.2 COALINDIA +4.8 COFORGE +1.7 COLPAL -1.0 CONCOR -5.6 CUMMINSIND +5.6 DIVISLAB -5.5 DIXON -5.0 EICHERMOT +2.8 FEDERALBNK +5.1 GAIL -6.1 GRASIM -1.2 HAVELLS -0.3 HCLTECH -6.8 HDFCAMC -3.2 HDFCBANK -0.2 HINDALCO +5.5 HINDUNILVR +1.4 ICICIBANK +1.3 IEX -5.8 INDUSINDBK +11.1 INDUSTOWER -7.2 INFY -5.4 ITC +2.1 KOTAKBANK -2.1 LT +1.7 LTM -0.2 MARICO -4.0 MARUTI +1.2 MPHASIS +6.0 NAM-INDIA +0.7 NATIONALUM +2.2 NAUKRI +4.4 NTPC +4.5 OFSS -0.2 PERSISTENT +8.9 PFC +1.5 PIIND +1.9 POLYCAB +2.1 POWERGRID +1.2 RECLTD -0.6 SBICARD +5.3 SBIN -3.5 SHRIRAMFIN -6.7 SIEMENS -2.9 SRF -1.7 TATACONSUM -1.4 TATAPOWER -5.6 TATASTEEL +1.7 TCS -4.5 TECHM -3.3 ULTRACEMCO +4.9 UPL +1.8 WIPRO -2.4
F11_good_fund alone,6,53,0.0819,0.1402,ASIANPAINT -4.2 ASTRAL -5.3 AXISBANK +10.2 BAJAJFINSV +0.2 BAJFINANCE -2.7 BEL +0.6 BHARTIARTL +2.3 BIOCON +2.9 CHOLAFIN +4.0 COALINDIA +3.9 COFORGE +0.7 CONCOR -2.0 CROMPTON -6.4 DABUR +2.7 DIVISLAB -13.2 DIXON -0.5 DLF -0.7 DRREDDY -0.2 EICHERMOT -6.3 GAIL -0.8 GODREJPROP -1.5 GRASIM +1.7 HCLTECH +2.0 HDFCBANK +1.4 HEROMOTOCO -0.8 HINDALCO +9.1 HINDUNILVR -0.3 ICICIBANK +4.1 IEX -3.7 INDUSINDBK -3.2 INFY +3.6 ITC +1.6 JUBLFOOD -8.6 KOTAKBANK -0.9 LAURUSLABS -9.4 LT +3.1 LTM -1.3 MARICO -4.6 MARUTI +5.8 NATIONALUM -1.1 NAUKRI +12.1 NTPC +6.5 PIDILITIND +0.3 PIIND +6.2 POLYCAB +5.3 SBICARD -5.2 SHRIRAMFIN -2.2 TATACONSUM -1.6 TCS -1.0 TITAN +0.5 UNITDSPR +0.9 UPL +0.6 VEDL +0.3
F11_good_fund alone,7,41,0.7640,0.3566,ADANIPORTS +19.1 ASIANPAINT -5.3 AXISBANK -2.0 BAJAJFINSV +2.1 BAJFINANCE +2.9 BHARTIARTL -2.3 COALINDIA -0.8 COFORGE +10.7 COLPAL -3.3 CONCOR -4.4 CUMMINSIND +9.0 DRREDDY -0.5 EICHERMOT +3.2 GLENMARK +6.5 GODREJPROP -2.6 HCLTECH +1.3 HDFCBANK +0.6 HINDUNILVR -4.5 IDFCFIRSTB -1.0 INFY +2.3 ITC +6.0 JUBLFOOD -10.5 KOTAKBANK -0.4 LAURUSLABS -3.5 LT -2.3 LTM +2.2 MANAPPURAM +2.2 MARUTI +4.1 MOTHERSON +0.9 PFC -1.2 PIIND -0.3 POLYCAB +1.7 POWERGRID -1.2 SBICARD -4.9 SHRIRAMFIN +4.5 TATACONSUM -0.4 TCS -0.6 TITAN +3.8 TVSMOTOR +6.9 UNITDSPR -6.5 UPL -0.3
F11_good_fund alone,8,44,0.2966,0.0378,ASIANPAINT +3.2 AXISBANK -2.1 BAJAJFINSV +0.7 BAJFINANCE +4.4 BEL +0.2 BHARTIARTL +0.0 CHOLAFIN +8.9 COALINDIA -0.4 COFORGE +6.4 CONCOR -2.6 CUMMINSIND -0.8 DABUR -5.9 DRREDDY -7.7 EICHERMOT +7.2 GLENMARK -0.4 GRASIM +0.8 HCLTECH -1.4 HDFCBANK -1.5 HEROMOTOCO +2.0 HINDUNILVR -1.3 IDFCFIRSTB +7.7 INDHOTEL +0.1 INFY -10.6 ITC -1.0 KOTAKBANK +1.2 LAURUSLABS +4.2 LT -5.2 LTM +5.5 MANAPPURAM -3.7 MARICO +5.7 MARUTI +0.9 MOTHERSON -1.2 NTPC -1.1 PFC +6.1 PIIND -2.3 POLYCAB +5.3 POWERGRID -1.9 SBICARD +0.8 SHRIRAMFIN -7.1 TATACONSUM +6.5 TCS -2.3 TVSMOTOR +4.9 UPL -5.1 ZYDUSLIFE -4.2
F11_good_fund alone,9,48,-0.1793,-0.1518,ADANIPORTS +2.1 APOLLOHOSP -3.3 ASIANPAINT -4.1 ASTRAL +0.6 BAJAJFINSV -3.9 BAJFINANCE -4.0 BEL +2.4 BHARATFORG +4.5 BHARTIARTL -0.2 CANBK -2.1 CHOLAFIN -3.4 CONCOR -4.7 CUMMINSIND -6.9 DABUR +0.2 DRREDDY +2.1 EICHERMOT -1.6 GODREJPROP -9.9 HCLTECH -1.4 HDFCBANK +2.2 HEROMOTOCO -2.3 HINDUNILVR -2.9 IDFCFIRSTB +7.1 INDHOTEL -0.1 INFY -9.9 ITC -0.3 KOTAKBANK -4.2 LICHSGFIN +2.5 LT +2.4 LTM +2.3 M&M +2.9 MANAPPURAM +2.6 MARICO +5.3 MARUTI -0.4 MOTHERSON -0.4 PFC -2.2 PIDILITIND -3.0 PIIND +2.6 PNB +0.6 POLYCAB +10.9 POWERGRID +0.7 RBLBANK +1.7 RECLTD +8.8 SBICARD -1.8 SHRIRAMFIN -0.3 TATACONSUM -1.5 TCS +2.1 TITAN -3.4 TVSMOTOR +3.1
F11_good_fund alone,10,50,0.7533,0.5987,ADANIPORTS +1.4 ASIANPAINT -3.8 ASTRAL -5.4 AUROPHARMA +8.3 BAJAJFINSV -3.1 BAJFINANCE -2.3 BEL +3.4 BHARATFORG +2.3 BHARTIARTL -0.1 CANBK +7.0 CHOLAFIN -0.2 COFORGE -1.2 COLPAL +0.3 CUMMINSIND +3.3 DABUR +1.3 DRREDDY -3.1 EICHERMOT +0.8 GODREJPROP +7.4 HAL +1.4 HCLTECH -0.4 HDFCBANK -0.6 HEROMOTOCO -1.9 HINDUNILVR -2.4 ICICIBANK -2.1 IEX +1.4 INDHOTEL -1.8 INFY -4.3 KOTAKBANK -0.6 LICHSGFIN -0.4 LT -0.2 LTM +5.7 M&M +2.7 MARUTI -1.8 MOTHERSON -3.9 MUTHOOTFIN -4.8 NMDC -2.0 PFC +6.3 PIDILITIND +1.0 PIIND +4.7 PNB +5.0 POLYCAB -2.3 RBLBANK -8.4 RECLTD +8.6 SHREECEM +1.2 SHRIRAMFIN +3.2 TATACONSUM +1.3 TCS -2.6 TRENT +11.4 TVSMOTOR +0.9 ZYDUSLIFE +6.8
F11_good_fund alone,11,77,1.4468,1.7149,ABB +10.2 ABCAPITAL +7.2 ADANIPORTS +6.1 ALKEM +0.5 AMBUJACEM -1.6 APOLLOHOSP +3.9 ASHOKLEY +3.0 ASIANPAINT -3.4 ASTRAL +1.8 AUROPHARMA +2.4 BAJAJ-AUTO +7.0 BAJAJFINSV -0.1 BAJFINANCE -3.3 BANKBARODA +9.0 BEL -0.7 BHARATFORG -14.9 BOSCHLTD +7.5 BRITANNIA -1.3 CANBK -2.4 CHOLAFIN +0.9 CIPLA +6.8 COALINDIA -1.3 COLPAL +1.3 CONCOR -5.1 DABUR +3.7 DLF -2.3 DRREDDY +4.5 EICHERMOT +1.6 GODREJCP +7.4 GODREJPROP -3.4 GRASIM +5.0 HAL -5.6 HAVELLS -5.6 HCLTECH +6.4 HDFCBANK -6.1 HEROMOTOCO -2.1 ICICIBANK +4.3 IEX +3.0 INDHOTEL +1.4 INFY +5.6 ITC -5.6 KOTAKBANK +0.4 LICHSGFIN +2.3 LT -3.1 LTM -11.3 LUPIN +2.1 MANAPPURAM +1.2 MARUTI +6.4 MUTHOOTFIN -0.5 NMDC +7.3 NTPC +2.2 OBEROIRLTY -14.7 OFSS +29.1 PERSISTENT +6.2 PFC -5.3 PIDILITIND -3.4 PIIND +2.3 PNB +8.6 POLYCAB +1.9 POWERGRID -2.3 RBLBANK -5.0 RECLTD +3.9 RELIANCE -0.4 SBICARD -1.8 SBIN +0.4 SHREECEM +4.2 SHRIRAMFIN +5.6 SUNPHARMA +0.6 TATACONSUM -1.1 TATAPOWER -8.4 TCS +5.2 TITAN -3.3 TORNTPHARM +4.5 TRENT +25.6 TVSMOTOR -3.5 ULTRACEMCO +1.5 ZYDUSLIFE +8.1
F11_good_fund alone,12,86,0.9411,0.8364,ABB +11.2 ADANIENT -2.9 ADANIPORTS +0.2 ALKEM -7.4 AMBUJACEM -1.1 APOLLOHOSP -1.1 ASHOKLEY +8.8 ASIANPAINT -4.8 ASTRAL -0.7 AUROPHARMA -0.7 BAJAJ-AUTO -2.1 BAJAJFINSV -2.1 BAJFINANCE -7.2 BANKBARODA -1.3 BEL +13.6 BHARATFORG +13.2 BHARTIARTL +0.7 BOSCHLTD +2.0 CANBK -8.0 CHOLAFIN +10.9 CIPLA +2.3 COALINDIA +4.7 COLPAL -4.5 CONCOR +5.8 CROMPTON +17.4 CUMMINSIND -5.4 DABUR +4.5 DIVISLAB +6.7 DIXON +0.0 DLF +0.3 DRREDDY -4.7 EICHERMOT +3.5 FEDERALBNK +3.4 GODREJCP +7.1 GODREJPROP +7.7 HAL +11.2 HAVELLS +1.7 HCLTECH -6.2 HDFCAMC -2.2 HDFCBANK +0.9 HEROMOTOCO +5.6 HINDPETRO -2.4 ICICIBANK +3.4 IEX +2.0 INDHOTEL -1.2 INDIGO -1.3 ITC +0.3 JSWSTEEL +2.3 KOTAKBANK +4.4 LICHSGFIN +4.5 LT -5.4 LTF -0.6 LTM -0.9 LUPIN -2.2 MANAPPURAM -1.5 MARUTI -2.0 MOTHERSON +5.5 MUTHOOTFIN -3.5 NATIONALUM +0.1 NMDC -2.7 OFSS -5.3 PAGEIND +1.0 PERSISTENT -8.0 PIDILITIND -4.7 PIIND +3.4 PNB +1.4 POLYCAB +8.5 POWERGRID +1.0 RBLBANK -1.0 RECLTD +20.1 RELIANCE -0.3 SBICARD -3.4 SHREECEM +0.6 SHRIRAMFIN +1.3 SIEMENS -3.2 SUNPHARMA -2.4 TATAPOWER -7.5 TCS -0.1 TITAN -8.7 TMPV -4.9 TORNTPHARM -0.3 TRENT +2.0 TVSMOTOR +0.5 ULTRACEMCO +3.0 UNITDSPR -2.5 ZYDUSLIFE +10.4
F11_good_fund alone,13,82,0.7130,0.4892,ABB +6.7 ABCAPITAL -5.1 ADANIPORTS +2.7 ALKEM +3.7 AMBUJACEM -2.3 APOLLOHOSP -1.1 ASHOKLEY +7.2 AUROPHARMA +1.8 BAJAJ-AUTO +2.1 BAJAJFINSV -3.7 BAJFINANCE -4.8 BANKBARODA -1.8 BEL +5.5 BOSCHLTD -4.3 CANBK +0.9 CHOLAFIN +3.2 CIPLA +3.4 COFORGE +3.0 COLPAL +6.7 CONCOR -0.1 CROMPTON +4.3 CUMMINSIND +6.8 DABUR -1.0 DIVISLAB -1.8 DIXON +7.2 DLF +2.5 DRREDDY -0.7 EICHERMOT +3.9 FEDERALBNK +6.0 GRASIM -2.5 HAL +0.9 HAVELLS -6.6 HCLTECH +3.9 HDFCAMC -2.2 HDFCBANK +0.3 HEROMOTOCO -2.5 HINDALCO -0.2 ICICIBANK +1.0 IEX +2.7 INDHOTEL +5.8 INDIGO +1.5 INDUSTOWER -2.6 INFY +5.0 JUBLFOOD +7.4 KOTAKBANK -3.2 LT -0.8 LTF +1.3 LUPIN +1.8 M&M -3.6 MANAPPURAM -1.5 MARICO -6.9 MARUTI +4.7 MOTHERSON -1.6 MUTHOOTFIN -3.4 NTPC +3.8 OBEROIRLTY +1.1 OFSS +2.6 ONGC -10.8 PAGEIND -2.0 PERSISTENT -4.3 PIDILITIND +3.1 PIIND +3.4 PNB +6.6 POLYCAB -4.8 RBLBANK -2.8 RECLTD +5.6 SBICARD -4.9 SBIN -7.7 SHREECEM -8.3 SHRIRAMFIN +8.1 SIEMENS +1.4 SUNPHARMA +1.8 TATAPOWER -6.6 TCS +5.1 TITAN -2.4 TMPV -5.7 TORNTPHARM +6.7 TRENT +16.0 TVSMOTOR +0.3 ULTRACEMCO -1.2 UNITDSPR +6.4 ZYDUSLIFE -1.7
F11_good_fund alone,14,82,-0.8644,-1.0090,ABB -4.0 ABCAPITAL +0.5 ADANIENT +9.9 ADANIPORTS +5.8 ALKEM -1.7 APOLLOHOSP +6.7 ASTRAL +1.1 AUBANK -2.8 AUROPHARMA -6.3 AXISBANK +3.8 BAJAJ-AUTO -15.2 BAJAJFINSV -0.9 BAJFINANCE +1.5 BANKBARODA +5.1 BEL +0.5 BHARTIARTL -2.5 BIOCON -2.4 BOSCHLTD -5.5 BRITANNIA -11.9 CANBK +9.5 CHOLAFIN -9.2 CIPLA -4.8 COALINDIA -6.9 COLPAL -7.9 CONCOR +5.1 CROMPTON -3.4 CUMMINSIND +4.9 DABUR -2.4 DIVISLAB -2.5 DIXON -6.4 EICHERMOT +2.1 FEDERALBNK +6.4 GAIL +4.5 HAL -3.9 HAVELLS -4.2 HCLTECH +3.4 HDFCAMC +8.4 HDFCBANK +2.5 HEROMOTOCO +0.3 HINDALCO +0.6 HINDUNILVR -7.1 ICICIBANK +6.2 IEX +0.9 INDHOTEL +9.5 INDUSTOWER -7.3 INFY -4.0 JUBLFOOD +6.8 KOTAKBANK -5.5 LT +8.3 LTF -5.4 LUPIN -3.6 MANAPPURAM -1.5 MARICO +1.8 MARUTI -2.1 MOTHERSON -9.4 MPHASIS +5.7 MUTHOOTFIN +5.2 NAUKRI -0.4 NMDC -6.0 NTPC -4.1 OBEROIRLTY -1.5 OFSS +0.2 PAGEIND +10.4 PERSISTENT +4.5 PETRONET -2.4 PIDILITIND -1.0 PIIND -7.4 PNB +2.7 RBLBANK -17.9 RECLTD +5.1 SBICARD -1.0 SBIN -0.8 SHRIRAMFIN +2.2 SUNPHARMA +1.3 TCS -2.5 TMPV -4.2 TORNTPHARM +0.0 TRENT -9.8 TVSMOTOR -9.6 ULTRACEMCO -1.7 UNITDSPR -2.4 ZYDUSLIFE -0.7
F11_good_fund alone,15,99,-0.7560,-0.7364,ABB -5.6 ABCAPITAL -6.8 ADANIENT +0.1 ADANIPORTS +1.8 ANGELONE -10.1 APOLLOHOSP -8.2 AUBANK -6.8 AUROPHARMA +1.7 AXISBANK -5.8 BAJAJFINSV -1.8 BAJFINANCE +8.1 BANDHANBNK +0.7 BANKBARODA -3.8 BANKINDIA +5.4 BEL +12.8 BHARTIARTL +1.0 BSE +3.1 CAMS -4.1 CANBK -6.5 CDSL -17.4 CHOLAFIN -2.4 CIPLA +0.9 COFORGE +11.8 COLPAL -0.7 CROMPTON -1.9 CUMMINSIND +9.5 DIVISLAB +9.1 DIXON -10.1 DLF -1.3 DMART -9.1 EICHERMOT -6.9 ETERNAL -11.3 FEDERALBNK -3.5 GAIL +6.6 GODREJPROP -2.4 HAL -3.3 HAVELLS +3.2 HCLTECH -6.0 HDFCAMC +5.2 HDFCBANK +0.8 HEROMOTOCO +0.9 HINDALCO +1.7 ICICIBANK +3.7 IEX -0.5 INDHOTEL -2.3 INDIANB +9.3 INDUSTOWER +1.8 INFY -6.5 IRFC -0.3 ITC -5.4 JIOFIN +1.2 KEI +0.6 KOTAKBANK +5.2 KPITTECH +10.1 LICHSGFIN +1.8 LODHA +4.4 LT +4.5 LTF +2.6 LTM +2.4 LUPIN -5.3 M&M -1.3 MANAPPURAM -9.9 MARICO +3.3 MAXHEALTH +3.8 MOTHERSON -3.0 MPHASIS +8.3 MUTHOOTFIN +5.3 NATIONALUM -6.9 NBCC -7.2 NMDC +4.1 NYKAA -4.1 OBEROIRLTY -5.3 OFSS -6.2 PAGEIND -7.1 PERSISTENT +3.8 PETRONET -12.6 PIDILITIND +4.4 PIIND -0.8 PNB +1.7 POLYCAB -8.3 POWERGRID -5.3 RECLTD +3.3 SBIN -5.5 SHRIRAMFIN -1.3 SIEMENS -4.6 SOLARINDS -4.0 SONACOMS -5.6 SUNPHARMA +0.4 TATACONSUM +6.6 TATAELXSI -8.4 TCS +5.9 TECHM -0.1 TORNTPHARM +5.3 TRENT -4.9 TVSMOTOR +8.5 UNIONBANK +0.9 VBL -8.7 YESBANK -0.5 ZYDUSLIFE +4.7
F11_good_fund alone,16,104,0.9813,0.6766,ABB +3.5 ADANIGREEN -4.7 ADANIPORTS +10.5 ALKEM -3.2 AMBUJACEM -1.6 ANGELONE +4.0 APLAPOLLO +2.8 APOLLOHOSP -0.6 ASHOKLEY -1.9 ASTRAL +1.8 AUBANK +13.2 AXISBANK -4.2 BAJAJ-AUTO -4.0 BAJAJFINSV -4.4 BAJFINANCE -5.3 BANKBARODA -9.7 BANKINDIA +0.9 BEL +3.8 BHARTIARTL -0.7 BRITANNIA +0.8 BSE +5.6 CAMS -7.8 CANBK +5.6 CDSL -4.5 CHOLAFIN -2.6 CIPLA +1.0 CROMPTON +6.2 CUMMINSIND +7.6 DABUR -2.7 DIVISLAB +3.9 DIXON -6.3 DLF +6.2 DMART -4.7 DRREDDY +3.0 EICHERMOT -1.0 GAIL +2.4 GODREJPROP +5.7 HAL +9.3 HCLTECH +10.6 HDFCAMC +7.8 HDFCBANK +4.4 HEROMOTOCO +5.5 HINDALCO +0.8 HINDPETRO +3.3 HINDUNILVR -2.7 HINDZINC +0.9 ICICIBANK +4.4 IEX +0.4 INDHOTEL -4.3 INDIANB -0.7 INDUSTOWER -7.0 INFY +1.8 INOXWIND -4.3 IREDA +15.6 IRFC -4.9 JIOFIN +3.2 KALYANKJIL +3.4 KEI +8.8 KOTAKBANK -4.1 KPITTECH +4.2 LAURUSLABS -3.7 LICHSGFIN +3.0 LODHA -0.5 LT +7.8 LUPIN +1.6 M&M +4.7 MARICO +1.7 MARUTI -0.5 MOTHERSON +3.2 MPHASIS +5.7 MUTHOOTFIN -6.7 NATIONALUM +1.7 NAUKRI -3.8 NBCC +7.2 NMDC -2.2 NYKAA -3.1 OBEROIRLTY -3.4 PAGEIND +2.9 PERSISTENT +6.2 PIDILITIND -0.8 PNB -8.3 PNBHOUSING +2.3 POLICYBZR +2.5 POLYCAB +7.6 RECLTD -5.0 RELIANCE +5.3 SBIN -1.8 SHRIRAMFIN -12.0 SOLARINDS +1.4 SONACOMS +7.3 SRF -0.8 SUNPHARMA -1.4 TATACONSUM +3.6 TATAPOWER +1.7 TCS -1.4 TECHM +6.1 TORNTPHARM +0.7 TRENT +0.7 TVSMOTOR -2.5 VBL -1.6 VEDL -0.2 WIPRO -1.1 YESBANK +4.6 ZYDUSLIFE -1.4
F11_good_fund alone,17,108,-0.6718,-0.6982,360ONE +2.0 ABB -7.9 ADANIGREEN -0.4 ADANIPORTS +1.5 ALKEM +12.6 AMBER +10.2 APLAPOLLO -6.9 APOLLOHOSP +10.1 ASHOKLEY +10.2 AUBANK -9.1 BAJAJFINSV -4.1 BAJFINANCE -4.0 BANDHANBNK -0.7 BANKBARODA -1.1 BANKINDIA +0.9 BEL -2.5 BHARTIARTL +2.4 BLUESTARCO +5.0 BRITANNIA -6.9 BSE +1.1 CAMS -4.1 CANBK +2.6 CGPOWER -3.1 CHOLAFIN -4.2 CIPLA +6.6 COALINDIA -2.9 COFORGE +2.6 CROMPTON -1.1 DIVISLAB -5.6 DIXON +3.7 DLF -0.4 DRREDDY +0.5 EICHERMOT +1.1 FEDERALBNK -3.2 FORTIS +2.6 GAIL -2.6 GRASIM -0.2 HAVELLS +3.0 HCLTECH -6.0 HDFCAMC +5.7 HDFCBANK +1.0 HEROMOTOCO +2.8 HINDALCO -2.9 HINDZINC +2.2 ICICIBANK +3.8 IEX -22.4 INDHOTEL +3.0 INDIANB +1.6 INOXWIND -0.5 IREDA -3.8 ITC +2.3 JIOFIN -1.4 JSWENERGY -2.5 KALYANKJIL -12.1 KAYNES +11.7 KEI +1.1 KFINTECH -9.4 KPITTECH +2.9 LAURUSLABS +8.0 LICHSGFIN +0.3 LODHA -5.9 LTF +3.6 LTM -2.4 LUPIN -0.8 M&M -0.2 MARICO +0.9 MAXHEALTH -3.4 MPHASIS -5.6 MUTHOOTFIN +6.8 NATIONALUM +0.1 NAUKRI -0.1 NBCC -4.3 NHPC +4.0 NTPC +1.7 NYKAA +6.3 OFSS +1.4 PAGEIND -1.9 PATANJALI -2.3 PERSISTENT -10.7 PFC -1.2 PGEL -36.2 PIDILITIND +3.3 PIIND -3.8 PNB -1.3 PNBHOUSING -0.5 POLICYBZR -0.5 POLYCAB -0.3 RECLTD +1.9 RELIANCE -3.9 SAIL -6.9 SHRIRAMFIN -3.1 SOLARINDS -3.1 SRF +0.7 SUZLON -4.5 TATACONSUM -1.6 TATAPOWER -3.6 TECHM -0.8 TITAN +1.2 TORNTPHARM +6.9 TVSMOTOR +2.0 ULTRACEMCO -0.3 UNIONBANK -2.3 UNITDSPR +1.3 VBL +9.2 VEDL -3.5 VOLTAS -5.3 WIPRO +3.7 YESBANK -0.7
F11_good_fund alone,18,111,0.6667,0.7171,360ONE +2.0 ABCAPITAL +3.8 ADANIGREEN +8.2 ADANIPORTS -1.0 ALKEM +0.5 AMBER -9.3 AMBUJACEM -0.1 APLAPOLLO +1.0 APOLLOHOSP -2.3 ASHOKLEY +5.8 AUBANK +8.0 BAJAJ-AUTO +0.2 BAJAJFINSV -3.0 BAJFINANCE -3.3 BANKBARODA +6.0 BANKINDIA +2.8 BDL +5.3 BEL +3.7 BHARTIARTL +2.3 BOSCHLTD +1.2 BPCL +5.4 BRITANNIA +5.7 BSE +3.7 CAMS -0.6 CANBK +5.4 CGPOWER +1.0 CHOLAFIN -0.8 CIPLA -4.3 COFORGE +5.1 CONCOR +1.7 CUMMINSIND -2.0 DABUR -3.1 DELHIVERY -9.0 DIVISLAB -1.6 DIXON -4.2 DLF -2.3 DRREDDY -0.3 EICHERMOT -2.6 FORTIS -5.0 GODREJCP +6.4 GRASIM -6.0 HDFCAMC +2.4 HDFCBANK +1.3 HINDALCO -5.6 HINDUNILVR -3.0 ICICIBANK -2.5 IEX -5.8 INDHOTEL -6.0 INDIANB +1.8 INFY -3.3 INOXWIND -3.0 IRFC -0.6 ITC +0.6 JIOFIN +1.2 JSWENERGY -3.8 JSWSTEEL -1.3 JUBLFOOD +6.2 KALYANKJIL -2.3 KAYNES -5.2 KEI -3.1 KFINTECH +3.0 LAURUSLABS +0.6 LICHSGFIN -2.3 LODHA +2.5 LTF +1.0 LTM +2.5 LUPIN -0.6 M&M +3.7 MARICO +5.4 MARUTI -3.0 MAXHEALTH +1.6 MPHASIS -3.1 MUTHOOTFIN +10.0 NATIONALUM +10.3 NAUKRI +0.4 NBCC +0.6 NHPC -4.6 NYKAA +4.1 OFSS -2.0 PAGEIND -1.1 PERSISTENT +6.9 PFC -4.8 PHOENIXLTD +2.3 PIDILITIND -3.2 PNBHOUSING +5.6 POLICYBZR +5.6 POLYCAB +0.3 POWERINDIA +14.1 PRESTIGE +0.4 RECLTD -0.3 RELIANCE +6.6 SAIL +5.6 SBIN +2.5 SHREECEM +1.8 SHRIRAMFIN +7.8 SOLARINDS +3.1 SRF -1.6 SUZLON +0.5 TATACONSUM +0.3 TATAPOWER -1.1 TCS +1.8 TECHM +0.1 TITAN +1.7 TORNTPHARM +6.8 TRENT -8.1 TVSMOTOR -2.8 ULTRACEMCO -0.1 UNIONBANK +1.2 UNOMINDA +6.3 WIPRO -2.9 ZYDUSLIFE -3.8
F11_good_fund alone,19,117,0.3155,0.3950,360ONE +3.0 ADANIPORTS +15.9 ALKEM -6.9 AMBUJACEM -6.9 APLAPOLLO +5.0 APOLLOHOSP +4.9 ASHOKLEY +2.6 ASIANPAINT -7.2 ASTRAL -2.1 AUROPHARMA -4.8 BAJAJ-AUTO +0.7 BAJAJFINSV +3.7 BAJAJHLDNG +2.2 BAJFINANCE +6.8 BANKINDIA +2.2 BDL -13.7 BEL +8.3 BHARATFORG +7.6 BHARTIARTL +2.1 BLUESTARCO +8.7 BOSCHLTD -3.0 BPCL +1.6 BRITANNIA +1.8 BSE +9.5 CANBK -4.7 CGPOWER +1.9 CHOLAFIN -3.5 CIPLA -4.1 COFORGE -3.4 CONCOR +3.5 CUMMINSIND +7.2 DABUR -1.3 DIVISLAB +1.3 DIXON +2.6 DMART +1.0 DRREDDY +4.4 EICHERMOT +8.2 FORTIS -0.3 GLENMARK -2.6 GRASIM +3.4 HAL +1.1 HAVELLS -6.3 HDFCAMC +4.3 HDFCBANK +0.6 HEROMOTOCO -0.1 HINDALCO +0.0 HINDPETRO -5.7 HINDUNILVR -6.1 HINDZINC +4.1 ICICIBANK -3.0 IDFCFIRSTB -2.7 IEX -0.6 INDIANB +3.6 INFY +5.9 IREDA -3.0 JIOFIN -3.1 JSWSTEEL +4.1 JUBLFOOD +0.5 KALYANKJIL +13.3 KAYNES +4.5 KEI -11.3 KFINTECH -2.0 LAURUSLABS +1.3 LICHSGFIN -2.2 LODHA +5.6 LTF +3.9 LTM -0.5 LUPIN -0.2 M&M -0.4 MARUTI -6.4 MAXHEALTH +3.6 MAZDOCK -2.0 MPHASIS -2.2 MUTHOOTFIN -7.1 NATIONALUM -12.6 NAUKRI -4.0 NBCC -1.8 NHPC +2.8 NYKAA +12.4 OBEROIRLTY -7.5 PATANJALI -1.6 PERSISTENT -2.5 PFC +6.7 PHOENIXLTD -2.3 PIDILITIND +2.6 PNB -2.2 PNBHOUSING -10.8 POLICYBZR -12.1 POLYCAB -1.7 POWERINDIA +11.4 PREMIERENE -6.6 PRESTIGE +4.9 RECLTD +0.2 RELIANCE -2.7 SBICARD -0.1 SBIN +6.6 SHREECEM -0.7 SHRIRAMFIN +1.5 SOLARINDS +2.9 SONACOMS +9.7 SRF -12.0 SUNPHARMA +2.4 SUZLON -2.2 TATACONSUM -3.6 TATASTEEL +3.4 TCS +2.0 TITAN +2.6 TORNTPHARM +5.0 TRENT +10.7 TVSMOTOR +3.0 ULTRACEMCO +3.2 UNITDSPR -2.1 UNOMINDA -4.5 VBL -5.2 WAAREEENER +3.6 WIPRO -6.8 ZYDUSLIFE -1.8
F11_good_fund alone,20,127,-0.0700,0.1553,360ONE -5.3 ABCAPITAL +3.6 ADANIENT +3.0 ADANIPORTS +6.4 ALKEM -1.2 APLAPOLLO -4.9 APOLLOHOSP +3.6 ASHOKLEY -6.7 AUBANK -3.2 AUROPHARMA -3.1 AXISBANK -5.1 BAJAJ-AUTO +4.6 BAJAJHLDNG +1.6 BANKBARODA -1.6 BANKINDIA +1.1 BEL -2.4 BHARATFORG +6.6 BIOCON +3.3 BOSCHLTD -5.3 BPCL +3.3 BRITANNIA -5.4 BSE +4.9 CAMS +5.2 CANBK -4.4 CDSL -4.0 CGPOWER +7.0 CHOLAFIN +6.6 COFORGE +7.3 COLPAL -4.1 DABUR +5.8 DIXON +3.6 DLF -1.1 DMART -5.1 EICHERMOT +8.1 ETERNAL -1.1 FEDERALBNK -2.4 FORCEMOT -0.5 GLENMARK -6.4 GODFRYPHLP -4.3 GODREJCP -3.2 GRASIM +7.1 HAL -4.0 HAVELLS -3.0 HDFCAMC +9.5 HDFCBANK +2.1 HEROMOTOCO +1.4 HINDPETRO +0.2 HINDUNILVR +0.9 HINDZINC +4.0 HYUNDAI +3.6 IDFCFIRSTB +1.4 IEX -2.2 INDHOTEL -5.2 INDIANB -6.8 INOXWIND -13.2 IOC -3.7 IREDA -2.4 JSWENERGY -10.3 JSWSTEEL +2.1 JUBLFOOD -4.4 KALYANKJIL -7.1 KAYNES -24.2 KEI +1.8 KFINTECH -6.6 KOTAKBANK -2.8 LAURUSLABS +6.9 LODHA -0.4 LTF -2.1 LUPIN +1.7 M&M +6.5 MANKIND +3.2 MARICO +5.1 MARUTI +1.7 MAXHEALTH -4.1 MAZDOCK -2.5 MOTHERSON +6.3 MPHASIS +0.5 MUTHOOTFIN -1.0 NAM-INDIA -0.7 NATIONALUM -7.6 NAUKRI -0.3 NBCC +2.7 NESTLEIND +8.5 NTPC +0.2 NYKAA +2.1 OBEROIRLTY -2.2 OFSS +8.8 ONGC -5.5 PATANJALI -0.7 PERSISTENT -7.0 PFC +0.7 PGEL +2.4 PHOENIXLTD -1.3 PIDILITIND +8.0 PNB +0.8 PNBHOUSING +9.5 POLICYBZR +0.8 POLYCAB +7.8 POWERGRID -1.6 POWERINDIA -1.2 PREMIERENE +2.0 PRESTIGE +0.8 RBLBANK +2.7 RELIANCE +0.3 RVNL -4.0 SAIL -4.3 SBICARD -4.9 SBIN -11.5 SHREECEM +3.4 SOLARINDS +13.5 SRF +8.0 SUNPHARMA -2.1 SUZLON +3.2 TATACONSUM +10.1 TATASTEEL -4.5 TECHM -5.6 TITAN -3.2 TORNTPHARM +3.2 TRENT +0.4 TVSMOTOR -4.3 ULTRACEMCO -2.9 UNITDSPR +5.8 UNOMINDA -6.3 VBL +7.0 VMM -0.5 WAAREEENER -6.7 ZYDUSLIFE +2.9
F11_good_fund alone,21,128,1.0110,1.0426,360ONE +1.4 ABB +4.0 ABCAPITAL +6.7 ADANIENSOL +0.1 AMBUJACEM +2.4 ANGELONE -1.5 APLAPOLLO +1.7 APOLLOHOSP -3.5 ASHOKLEY +0.3 ASIANPAINT +1.3 ASTRAL +10.6 AUBANK +7.0 AUROPHARMA +2.2 BAJAJ-AUTO +5.3 BAJAJFINSV +8.8 BAJFINANCE +8.8 BANKBARODA -0.7 BANKINDIA -4.3 BEL -4.0 BLUESTARCO -10.5 BOSCHLTD +7.4 BPCL -2.4 BRITANNIA +0.6 BSE -3.1 CAMS +2.1 CGPOWER -3.9 CHOLAFIN +4.6 COALINDIA -4.0 COFORGE +15.0 CUMMINSIND -2.7 DABUR -0.3 DIVISLAB +7.0 DMART -4.0 EICHERMOT +1.8 ETERNAL +0.1 FEDERALBNK +7.1 FORTIS +2.4 GLENMARK -1.3 GODFRYPHLP -0.2 GODREJCP -3.4 GODREJPROP -0.2 GRASIM -3.7 GVT&D -0.1 HAL +0.4 HAVELLS +1.9 HCLTECH +1.6 HEROMOTOCO +3.3 HINDPETRO -5.0 HINDUNILVR -0.9 HINDZINC -1.1 ICICIBANK +3.1 IDFCFIRSTB +7.2 IEX -0.1 INDHOTEL -0.4 INDIANB +9.2 INDUSTOWER -2.2 INFY -3.1 IOC +2.6 IREDA +0.5 IRFC +2.3 JSWSTEEL +2.4 JUBLFOOD +3.2 KALYANKJIL -7.2 KEI +14.1 KOTAKBANK +2.4 LAURUSLABS +8.5 LODHA +3.3 LTF +3.3 LTM +5.4 LUPIN -1.9 M&M +3.9 MANKIND -5.7 MARICO -2.1 MAXHEALTH -3.0 MAZDOCK +3.7 MOTHERSON +11.3 MPHASIS -3.8 MUTHOOTFIN -4.4 NAM-INDIA -6.7 NAUKRI +9.5 NESTLEIND +0.2 NHPC -0.1 NMDC -0.5 NYKAA +0.7 OBEROIRLTY -0.2 OFSS -6.7 OIL +2.0 ONGC -1.0 PAGEIND -4.4 PATANJALI +0.4 PERSISTENT -0.3 PHOENIXLTD -4.9 PIDILITIND +3.3 PNB +6.5 PNBHOUSING +6.4 POLICYBZR -3.1 POLYCAB -7.2 POWERINDIA +11.2 PREMIERENE +1.1 PRESTIGE -2.9 RADICO +6.8 RBLBANK -1.1 SAIL +0.4 SBICARD +2.9 SBIN +1.6 SHRIRAMFIN -1.8 SOLARINDS +6.6 SONACOMS -2.0 SRF -8.6 SUNPHARMA -1.3 SUPREMEIND +0.7 TATACONSUM +1.2 TATAELXSI -4.5 TATASTEEL +3.8 TCS -1.3 TECHM +5.9 TIINDIA -3.5 TITAN +3.6 TRENT -3.6 TVSMOTOR +7.9 ULTRACEMCO +2.7 UNITDSPR +1.6 UNOMINDA +5.8 VBL -1.8 VMM -4.9 WAAREEENER -4.2 YESBANK -2.6 ZYDUSLIFE +8.0
F2_profitable_4q + lag<-10 (no volume),0,5,0.4412,2.3512,AUBANK -7.0 BAJFINANCE +12.7 BANDHANBNK -1.3 LTF -1.4 RBLBANK -0.8
F2_profitable_4q + lag<-10 (no volume),1,4,-5.4144,-5.4144,AUROPHARMA -14.0 BANDHANBNK +1.2 GLENMARK -1.6 ZYDUSLIFE -7.3
F2_profitable_4q + lag<-10 (no volume),2,14,-0.1839,0.0816,AMBUJACEM +1.5 BIOCON -6.0 CIPLA +2.9 COALINDIA -4.2 COLPAL -2.9 CONCOR +1.9 CROMPTON -0.7 CUMMINSIND +3.0 EICHERMOT +4.0 HDFCAMC -3.8 PIIND +3.4 POLYCAB +2.0 ULTRACEMCO -2.4 ZYDUSLIFE -1.4
F2_profitable_4q + lag<-10 (no volume),3,7,1.8898,1.6604,COFORGE -1.8 DIXON -3.2 NAUKRI +8.7 PERSISTENT -1.1 PIIND +4.7 TECHM +5.1 ZYDUSLIFE +0.7
F2_profitable_4q + lag<-10 (no volume),4,14,1.5790,1.2012,APOLLOHOSP -1.3 AUROPHARMA -0.9 DIXON +14.3 DLF +2.0 HCLTECH +2.9 HINDALCO +4.9 JINDALSTEL -4.2 JSWSTEEL +2.1 MPHASIS +2.7 NATIONALUM -3.0 NAUKRI +12.2 NMDC -1.0 OBEROIRLTY -4.0 WIPRO -4.6
F2_profitable_4q + lag<-10 (no volume),5,6,1.5686,1.2380,GLENMARK +2.9 HEROMOTOCO +1.5 IEX -5.8 NMDC +6.6 WIPRO -2.4 ZYDUSLIFE +6.6
F2_profitable_4q + lag<-10 (no volume),6,4,0.1573,-0.0557,ASTRAL -5.3 AUROPHARMA +3.0 IEX -3.7 MOTHERSON +6.6
F2_profitable_4q + lag<-10 (no volume),7,3,4.4312,1.1826,ADANIPORTS +19.1 BAJAJFINSV +2.1 INDUSTOWER -7.9
F2_profitable_4q + lag<-10 (no volume),8,4,0.8837,0.3090,CROMPTON +2.2 LTM +5.5 MANAPPURAM -3.7 NMDC -0.5
F2_profitable_4q + lag<-10 (no volume),9,3,0.9445,1.5005,JUBLFOOD +0.3 SHREECEM +2.7 UPL -0.2
F2_profitable_4q + lag<-10 (no volume),11,4,1.7592,1.7592,AUROPHARMA +2.4 CROMPTON -0.2 IEX +3.0 POLYCAB +1.9
F2_profitable_4q + lag<-10 (no volume),12,5,0.5097,0.2683,INFY +1.3 KOTAKBANK +4.4 LTM -0.9 OFSS -5.3 WIPRO +3.0
F2_profitable_4q + lag<-10 (no volume),13,15,-0.4715,0.1823,ABB +6.7 ABCAPITAL -5.1 ASTRAL -2.8 BANKBARODA -1.8 CUMMINSIND +6.8 HAL +0.9 HINDALCO -0.2 JINDALSTEL -1.5 NATIONALUM -1.5 NMDC +1.0 OBEROIRLTY +1.1 POLYCAB -4.8 RBLBANK -2.8 SAIL -4.3 SIEMENS +1.4
F2_profitable_4q + lag<-10 (no volume),14,5,-1.0351,-1.0351,GAIL +4.5 HEROMOTOCO +0.3 IEX +0.9 MANAPPURAM -1.5 MOTHERSON -9.4
F2_profitable_4q + lag<-10 (no volume),15,22,-1.3043,-1.3257,ABB -5.6 ANGELONE -10.1 CAMS -4.1 CDSL -17.4 CGPOWER +1.3 CUMMINSIND +9.5 DLF -1.3 ETERNAL -11.3 GODREJPROP -2.4 HDFCAMC +5.2 JIOFIN +1.2 JSWENERGY -13.3 KALYANKJIL +14.8 LODHA +4.4 MOTHERSON -3.0 NAUKRI +4.3 OBEROIRLTY -5.3 OIL -6.2 POLICYBZR +5.1 PRESTIGE +6.8 RECLTD +3.3 TRENT -4.9
F2_profitable_4q + lag<-10 (no volume),16,15,3.3932,2.5922,BHARATFORG +7.2 COFORGE +1.7 HCLTECH +10.6 INFY +1.8 JSWENERGY +6.1 MUTHOOTFIN -6.7 PERSISTENT +6.2 POWERGRID -0.6 SHREECEM +4.8 SONACOMS +7.3 TATAELXSI +11.0 UNIONBANK +4.1 VEDL -0.2 VOLTAS -1.4 WIPRO -1.1
F2_profitable_4q + lag<-10 (no volume),17,5,1.3523,1.3523,BDL +6.2 COFORGE +2.6 HINDZINC +2.2 INOXWIND -0.5 IREDA -3.8
F2_profitable_4q + lag<-10 (no volume),18,5,5.1727,5.1727,ADANIGREEN +8.2 DMART -2.3 GODREJCP +6.4 POWERINDIA +14.1 RVNL -0.5
F2_profitable_4q + lag<-10 (no volume),19,11,1.2891,1.0709,ADANIGREEN -8.2 CGPOWER +1.9 DIXON +2.6 GODREJPROP +0.0 ITC +1.1 KALYANKJIL +13.3 LODHA +5.6 NAUKRI -4.0 PREMIERENE -6.6 PRESTIGE +4.9 WAAREEENER +3.6
F2_profitable_4q + lag<-10 (no volume),20,1,2.4018,2.4018,PGEL +2.4
F2_profitable_4q + lag<-10 (no volume),21,5,1.1467,4.9451,BANKBARODA -0.7 INDIANB +9.2 KPITTECH +1.3 PATANJALI +0.4 TATAELXSI -4.5
F2_profitable_4q + vol>=1.0 (no lag),0,23,0.4252,0.1237,AUBANK -7.0 BAJAJFINSV +11.4 BAJFINANCE +12.7 BANDHANBNK -1.3 CIPLA -1.1 CONCOR +5.9 CUMMINSIND -8.3 DRREDDY -0.8 HCLTECH -3.4 HDFCBANK -2.7 ICICIBANK +3.4 INFY -5.1 ITC -1.8 JINDALSTEL -15.6 LTF -1.4 MANAPPURAM -3.8 MPHASIS -4.7 MUTHOOTFIN +14.7 PIIND -4.6 SBIN +7.1 SRF +5.0 TORNTPHARM +1.2 UPL +10.0
F2_profitable_4q + vol>=1.0 (no lag),1,13,-0.6192,1.2674,AMBUJACEM +0.9 CIPLA -1.8 CUMMINSIND +4.4 HAVELLS +4.9 HCLTECH -6.1 INDUSTOWER -0.1 LT -2.1 MPHASIS +7.9 NAM-INDIA +0.6 NATIONALUM -11.2 RECLTD +0.6 SHREECEM -6.5 TATAPOWER +0.4
F2_profitable_4q + vol>=1.0 (no lag),2,37,-2.0984,-1.2261,AMBUJACEM +1.5 AXISBANK -3.4 BANDHANBNK -2.8 BIOCON -6.0 CHOLAFIN -5.6 COFORGE -6.6 CROMPTON -0.7 DIXON +3.3 EICHERMOT +4.0 FEDERALBNK +9.0 HCLTECH -2.3 HINDPETRO +1.3 ICICIBANK +9.9 IEX -9.7 ITC -3.4 JUBLFOOD -11.8 KOTAKBANK +0.8 LT +1.7 LTF -8.5 MANAPPURAM -12.9 MPHASIS -8.4 NAM-INDIA -3.1 NTPC -4.6 OFSS -0.3 PERSISTENT +4.3 PIIND +3.4 PNB -7.6 POLYCAB +2.0 RECLTD -3.8 SBIN +2.8 SHRIRAMFIN -6.5 TATACONSUM -4.7 TATAPOWER -5.0 TECHM +2.6 TITAN -0.1 ULTRACEMCO -2.4 VEDL -4.2
F2_profitable_4q + vol>=1.0 (no lag),3,46,0.6523,0.6116,ABCAPITAL +1.2 ADANIPORTS +4.9 ASTRAL -5.0 AXISBANK +3.4 BEL +2.7 BPCL -0.7 CHOLAFIN -0.0 COALINDIA -2.6 CONCOR -8.6 CUMMINSIND +3.4 DABUR +3.6 DIXON -3.2 DLF +8.0 DRREDDY -2.2 HCLTECH -7.0 HDFCAMC -6.9 HDFCBANK +0.1 HEROMOTOCO +1.8 HINDALCO +3.0 INFY +2.5 ITC +2.9 JINDALSTEL -1.9 JSWSTEEL -7.9 JUBLFOOD -5.8 LICHSGFIN +13.1 LT -0.8 MARICO +3.2 MARUTI +7.7 MFSL +7.4 NAUKRI +8.7 NMDC +1.5 NTPC +4.5 PETRONET +3.5 PFC -2.5 PIIND +4.7 POLYCAB -7.2 SBIN -1.6 SHREECEM -1.6 TATACONSUM +1.5 TATASTEEL +1.3 TCS +0.5 TECHM +5.1 TITAN +1.6 ULTRACEMCO -0.6 WIPRO -6.3 ZYDUSLIFE +0.7
F2_profitable_4q + vol>=1.0 (no lag),4,23,-1.3583,-1.5641,AMBUJACEM -3.4 AUROPHARMA -0.9 BHARTIARTL +0.9 BIOCON -3.1 COFORGE +2.6 DABUR -8.6 GODREJCP -7.5 HDFCBANK -10.5 HEROMOTOCO -0.1 HINDUNILVR +6.6 ICICIBANK -1.1 JINDALSTEL -4.2 JSWSTEEL +2.1 MARICO -3.7 NAUKRI +12.2 NMDC -1.0 OBEROIRLTY -4.0 RELIANCE -6.6 SBICARD -0.8 SIEMENS +2.3 TECHM -2.9 UPL -4.0 ZYDUSLIFE +4.4
F2_profitable_4q + vol>=1.0 (no lag),5,35,1.4552,1.4211,ABCAPITAL -2.5 ADANIPORTS -2.1 ALKEM -3.9 ASTRAL +1.8 AXISBANK -1.2 BAJAJFINSV +12.8 BIOCON -4.9 BOSCHLTD +1.2 COALINDIA +4.8 COFORGE +1.7 COLPAL -1.0 CROMPTON -5.4 CUMMINSIND +5.6 EICHERMOT +2.8 GLENMARK +2.9 HINDALCO +5.5 INDUSINDBK +11.1 MANAPPURAM +4.7 MOTHERSON -6.4 MPHASIS +6.0 MUTHOOTFIN -7.1 NMDC +6.6 OBEROIRLTY +2.0 PERSISTENT +8.9 PFC +1.5 PIDILITIND -0.0 SBICARD +5.3 SBIN -3.5 SIEMENS -2.9 TATACONSUM -1.4 TECHM -3.3 UPL +1.8 VEDL +5.3 VOLTAS -2.3 ZYDUSLIFE +6.6
F2_profitable_4q + vol>=1.0 (no lag),6,15,1.7555,1.1649,APOLLOHOSP +1.4 AUROPHARMA +3.0 AXISBANK +10.2 BIOCON +2.9 COALINDIA +3.9 CUMMINSIND -0.1 DIVISLAB -13.2 HINDALCO +9.1 INDUSINDBK -3.2 INFY +3.6 MANAPPURAM +10.2 PNB -9.1 RECLTD +6.8 TITAN +0.5 UPL +0.6
F2_profitable_4q + vol>=1.0 (no lag),7,20,-0.3809,-1.0734,ADANIPORTS +19.1 ASIANPAINT -5.3 AUROPHARMA +11.7 BIOCON -1.7 CONCOR -4.4 CROMPTON -7.8 GAIL -5.8 GRASIM -0.5 HEROMOTOCO -1.5 HINDALCO +0.9 HINDUNILVR -4.5 INDUSTOWER -7.9 INFY +2.3 ITC +6.0 KOTAKBANK -0.4 MOTHERSON +0.9 NAUKRI -8.5 SHREECEM -3.8 TITAN +3.8 UPL -0.3
F2_profitable_4q + vol>=1.0 (no lag),8,21,0.9329,0.0891,ADANIPORTS +1.7 ASIANPAINT +3.2 ASTRAL +8.8 AXISBANK -2.1 DIVISLAB +7.3 DLF +7.8 GLENMARK -0.4 HCLTECH -1.4 HDFCBANK -1.5 HEROMOTOCO +2.0 HINDUNILVR -1.3 IDFCFIRSTB +7.7 INFY -10.6 LAURUSLABS +4.2 LTM +5.5 MANAPPURAM -3.7 PIDILITIND +0.3 SHRIRAMFIN -7.1 TATACONSUM +6.5 TCS -2.3 UPL -5.1
F2_profitable_4q + vol>=1.0 (no lag),9,29,0.4531,0.0678,ASTRAL +0.6 CANBK -2.1 COALINDIA +0.5 COFORGE -6.7 CROMPTON -7.0 CUMMINSIND -6.9 DIVISLAB -0.9 DRREDDY +2.1 GAIL +3.2 GODREJPROP -9.9 GRASIM -0.9 HDFCBANK +2.2 HEROMOTOCO -2.3 HINDUNILVR -2.9 IDFCFIRSTB +7.1 INFY -9.9 LICHSGFIN +2.5 LTM +2.3 M&M +2.9 NTPC +11.1 PETRONET +3.8 PFC -2.2 PNB +0.6 POLYCAB +10.9 RBLBANK +1.7 RECLTD +8.8 SHRIRAMFIN -0.3 UNITDSPR +8.1 ZYDUSLIFE -3.0
F2_profitable_4q + vol>=1.0 (no lag),10,16,0.7019,0.4200,ALKEM +10.8 APOLLOHOSP +2.8 CIPLA +3.1 DABUR +1.3 HCLTECH -0.4 INDHOTEL -1.8 LT -0.2 LUPIN +0.5 MPHASIS -6.0 ONGC +0.7 PERSISTENT +1.5 PIDILITIND +1.0 TATACONSUM +1.3 TCS -2.6 TITAN +2.9 WIPRO -3.6
F2_profitable_4q + vol>=1.0 (no lag),11,62,1.1334,1.0152,ABB +10.2 ADANIPORTS +6.1 ALKEM +0.5 AMBUJACEM -1.6 ASTRAL +1.8 AUBANK -12.6 AUROPHARMA +2.4 BAJAJFINSV -0.1 BAJFINANCE -3.3 BANKBARODA +9.0 BEL -0.7 BHARATFORG -14.9 BHARTIARTL -1.4 CHOLAFIN +0.9 COALINDIA -1.3 COFORGE -0.7 COLPAL +1.3 CONCOR -5.1 CROMPTON -0.2 CUMMINSIND +9.8 DLF -2.3 DRREDDY +4.5 GODREJCP +7.4 GRASIM +5.0 HAVELLS -5.6 HCLTECH +6.4 HINDALCO -15.6 HINDUNILVR -3.7 ICICIBANK +4.3 IEX +3.0 INDHOTEL +1.4 INDIGO +6.9 INFY +5.6 IOC -2.7 ITC -5.6 JUBLFOOD -2.1 KOTAKBANK +0.4 LICHSGFIN +2.3 LT -3.1 LTM -11.3 MFSL +8.1 NATIONALUM -0.1 NTPC +2.2 OFSS +29.1 ONGC -5.0 PETRONET +2.8 PIDILITIND -3.4 PNB +8.6 POLYCAB +1.9 POWERGRID -2.3 RELIANCE -0.4 SAIL -16.0 SBIN +0.4 SHREECEM +4.2 SHRIRAMFIN +5.6 SUNPHARMA +0.6 TATACONSUM -1.1 TCS +5.2 TECHM -4.4 TMPV +4.9 TRENT +25.6 ZYDUSLIFE +8.1
F2_profitable_4q + vol>=1.0 (no lag),12,38,0.3738,0.4030,ALKEM -7.4 ASIANPAINT -4.8 ASTRAL -0.7 BANKBARODA -1.3 BEL +13.6 BIOCON -1.6 BOSCHLTD +2.0 BRITANNIA +6.0 COLPAL -4.5 CROMPTON +17.4 CUMMINSIND -5.4 DLF +0.3 DRREDDY -4.7 HAL +11.2 HAVELLS +1.7 HCLTECH -6.2 HDFCAMC -2.2 HINDPETRO -2.4 HINDUNILVR -0.5 INFY +1.3 KOTAKBANK +4.4 LT -5.4 LTM -0.9 MOTHERSON +5.5 MPHASIS +2.5 PIIND +3.4 PNB +1.4 RBLBANK -1.0 RELIANCE -0.3 SBIN +1.9 SIEMENS -3.2 TATACONSUM -2.3 TATAPOWER -7.5 TCS -0.1 TECHM +6.6 TITAN -8.7 ULTRACEMCO +3.0 WIPRO +3.0
F2_profitable_4q + vol>=1.0 (no lag),13,38,0.4702,0.2981,APOLLOHOSP -1.1 ASIANPAINT -0.3 AUROPHARMA +1.8 BAJAJFINSV -3.7 BHARATFORG +7.7 COFORGE +3.0 CROMPTON +4.3 CUMMINSIND +6.8 DIVISLAB -1.8 DLF +2.5 EICHERMOT +3.9 GODREJPROP -0.0 HINDPETRO +5.8 HINDUNILVR -0.3 INFY +5.0 IOC +2.9 ITC -0.2 JINDALSTEL -1.5 LAURUSLABS +4.3 LUPIN +1.8 MOTHERSON -1.6 MPHASIS +3.3 NAUKRI +1.9 NTPC +3.8 OFSS +2.6 ONGC -10.8 PIIND +3.4 SAIL -4.3 SBICARD -4.9 SHREECEM -8.3 SUNPHARMA +1.8 TATACONSUM -2.0 TATAPOWER -6.6 TITAN -2.4 TMPV -5.7 TRENT +16.0 TVSMOTOR +0.3 WIPRO -9.6
F2_profitable_4q + vol>=1.0 (no lag),14,28,-0.4395,-0.5346,ABB -4.0 ALKEM -1.7 AMBUJACEM +2.9 ASIANPAINT -13.4 CANBK +9.5 COFORGE +5.4 DLF +2.4 HCLTECH +3.4 HDFCAMC +8.4 HINDALCO +0.6 IDFCFIRSTB -0.6 LT +8.3 LTF -5.4 M&M +2.6 MANAPPURAM -1.5 MARUTI -2.1 NATIONALUM -5.6 NAUKRI -0.4 NESTLEIND -5.5 NMDC -6.0 OBEROIRLTY -1.5 PIDILITIND -1.0 PNB +2.7 RELIANCE -2.0 SHRIRAMFIN +2.2 SRF -3.2 TVSMOTOR -9.6 WIPRO +3.0
F2_profitable_4q + vol>=1.0 (no lag),15,60,-0.3323,-0.3439,ABCAPITAL -6.8 ADANIGREEN -3.2 APLAPOLLO +2.3 ASTRAL +2.5 BHARATFORG -5.2 BPCL -2.2 BRITANNIA -3.2 CAMS -4.1 CGPOWER +1.3 CHOLAFIN -2.4 COALINDIA -4.0 COFORGE +11.8 CROMPTON -1.9 CUMMINSIND +9.5 DMART -9.1 EICHERMOT -6.9 ETERNAL -11.3 GAIL +6.6 GODREJPROP -2.4 HAVELLS +3.2 HEROMOTOCO +0.9 HINDPETRO -4.7 HINDUNILVR -1.0 INDHOTEL -2.3 INDUSTOWER +1.8 INFY -6.5 IRFC -0.3 ITC -5.4 JIOFIN +1.2 KALYANKJIL +14.8 KEI +0.6 KOTAKBANK +5.2 KPITTECH +10.1 LICHSGFIN +1.8 LODHA +4.4 LTM +2.4 M&M -1.3 NHPC -4.3 NYKAA -4.1 PERSISTENT +3.8 PIIND -0.8 POLICYBZR +5.1 POLYCAB -8.3 PRESTIGE +6.8 RECLTD +3.3 SAIL -3.8 SBICARD +0.4 SHREECEM +6.6 SHRIRAMFIN -1.3 SIEMENS -4.6 SOLARINDS -4.0 SONACOMS -5.6 SUNPHARMA +0.4 TATACONSUM +6.6 TATAELXSI -8.4 TIINDIA -7.0 TRENT -4.9 ULTRACEMCO +5.9 UNITDSPR +2.3 YESBANK -0.5
F2_profitable_4q + vol>=1.0 (no lag),16,62,0.7393,0.4020,ALKEM -3.2 AMBUJACEM -1.6 ASHOKLEY -1.9 ASTRAL +1.8 AXISBANK -4.2 BAJAJ-AUTO -4.0 BAJAJFINSV -4.4 BANDHANBNK -1.5 BEL +3.8 CANBK +5.6 CDSL -4.5 CHOLAFIN -2.6 CIPLA +1.0 CONCOR -0.8 CUMMINSIND +7.6 DIVISLAB +3.9 DIXON -6.3 DLF +6.2 DMART -4.7 FEDERALBNK -5.1 GRASIM -2.3 HAL +9.3 HAVELLS -1.6 HCLTECH +10.6 HDFCAMC +7.8 HDFCBANK +4.4 HEROMOTOCO +5.5 HINDUNILVR -2.7 HINDZINC +0.9 ICICIBANK +4.4 IDFCFIRSTB -1.0 INDHOTEL -4.3 INDIANB -0.7 INDUSTOWER -7.0 INFY +1.8 JSWSTEEL +3.1 KPITTECH +4.2 LODHA -0.5 LTF -7.0 LTM +5.5 MARICO +1.7 MARUTI -0.5 MPHASIS +5.7 NATIONALUM +1.7 NHPC -2.3 NMDC -2.2 NYKAA -3.1 OBEROIRLTY -3.4 OFSS +1.6 PFC -3.0 PNBHOUSING +2.3 RBLBANK +8.4 SAIL +1.7 SBIN -1.8 SOLARINDS +1.4 SONACOMS +7.3 TATAELXSI +11.0 TATAPOWER +1.7 TCS -1.4 TECHM +6.1 TMPV -1.3 WIPRO -1.1
F2_profitable_4q + vol>=1.0 (no lag),17,25,-1.2367,-1.1398,ANGELONE +2.3 AUROPHARMA -5.3 BOSCHLTD +0.5 BRITANNIA -6.9 CANBK +2.6 CGPOWER -3.1 CHOLAFIN -4.2 COFORGE +2.6 COLPAL -4.6 DABUR +3.1 DMART -4.3 GODREJCP -2.7 HAVELLS +3.0 HEROMOTOCO +2.8 HINDPETRO +1.8 JUBLFOOD +0.2 KEI +1.1 LODHA -5.9 NAUKRI -0.1 PAGEIND -1.9 PERSISTENT -10.7 PHOENIXLTD +3.6 PRESTIGE +0.5 RBLBANK -4.9 SONACOMS -0.5
F2_profitable_4q + vol>=1.0 (no lag),18,45,0.6967,0.7092,ALKEM +0.5 ASIANPAINT +8.5 AUROPHARMA -3.0 BANDHANBNK -11.1 BANKBARODA +6.0 BANKINDIA +2.8 BEL +3.7 BOSCHLTD +1.2 BPCL +5.4 BSE +3.7 CANBK +5.4 CIPLA -4.3 CONCOR +1.7 CROMPTON -2.5 CUMMINSIND -2.0 DIVISLAB -1.6 FEDERALBNK +6.1 GAIL -0.5 GLENMARK +1.2 GODREJCP +6.4 GRASIM -6.0 HDFCAMC +2.4 HDFCBANK +1.3 HINDZINC -5.3 ICICIBANK -2.5 IDFCFIRSTB +6.9 IEX -5.8 LTM +2.5 LUPIN -0.6 MFSL +6.2 PATANJALI -4.4 PETRONET -1.0 PFC -4.8 PNB +1.4 POLICYBZR +5.6 POWERGRID -4.3 RBLBANK +6.1 SBIN +2.5 SHRIRAMFIN +7.8 SUZLON +0.5 TATAELXSI +0.4 TATAPOWER -1.1 TIINDIA -2.0 VEDL -0.5 YESBANK -1.5
F2_profitable_4q + vol>=1.0 (no lag),19,107,0.0728,0.4249,360ONE +3.0 ABCAPITAL +5.2 ADANIENSOL -7.7 ADANIENT +14.3 ADANIPORTS +15.9 ALKEM -6.9 AMBUJACEM -6.9 ANGELONE +10.4 APOLLOHOSP +4.9 AUBANK -3.0 AUROPHARMA -4.8 AXISBANK +2.1 BAJFINANCE +6.8 BANKINDIA +2.2 BEL +8.3 BHARATFORG +7.6 BLUESTARCO +8.7 BSE +9.5 CDSL -6.5 CGPOWER +1.9 CIPLA -4.1 COFORGE -3.4 COLPAL -1.8 CROMPTON +7.7 DABUR -1.3 DIVISLAB +1.3 DIXON +2.6 DLF -4.0 DMART +1.0 DRREDDY +4.4 ETERNAL -1.7 GAIL -4.2 GODREJPROP +0.0 GRASIM +3.4 HAL +1.1 HAVELLS -6.3 HCLTECH +1.1 HDFCBANK +0.6 HINDPETRO -5.7 HINDZINC +4.1 ICICIBANK -3.0 IDFCFIRSTB -2.7 INDUSTOWER -1.2 IOC +4.5 IREDA -3.0 IRFC -4.9 ITC +1.1 JIOFIN -3.1 JSWSTEEL +4.1 JUBLFOOD +0.5 KALYANKJIL +13.3 KEI -11.3 KOTAKBANK -3.2 KPITTECH -5.7 LAURUSLABS +1.3 LICHSGFIN -2.2 LODHA +5.6 M&M -0.4 MARICO -2.0 MARUTI -6.4 MAXHEALTH +3.6 MAZDOCK -2.0 MUTHOOTFIN -7.1 NATIONALUM -12.6 NAUKRI -4.0 NESTLEIND -0.6 NTPC -0.9 OBEROIRLTY -7.5 OFSS -1.1 OIL -3.7 ONGC -1.7 PATANJALI -1.6 PFC +6.7 PHOENIXLTD -2.3 PIDILITIND +2.6 PNB -2.2 POLICYBZR -12.1 POLYCAB -1.7 POWERGRID -3.3 POWERINDIA +11.4 PREMIERENE -6.6 PRESTIGE +4.9 RECLTD +0.2 RELIANCE -2.7 RVNL -3.3 SAIL -4.6 SBICARD -0.1 SBIN +6.6 SHREECEM -0.7 SOLARINDS +2.9 SUNPHARMA +2.4 SUZLON -2.2 TATACONSUM -3.6 TATAELXSI -3.2 TATAPOWER +1.6 TATASTEEL +3.4 TIINDIA +3.8 TITAN +2.6 TMPV -0.7 TORNTPHARM +5.0 ULTRACEMCO +3.2 UNIONBANK +7.5 VBL -5.2 VEDL -2.6 VOLTAS -0.1 WAAREEENER +3.6 YESBANK -5.4
F2_profitable_4q + vol>=1.0 (no lag),20,44,0.7595,0.7301,360ONE -5.3 ADANIENSOL +11.3 ADANIENT +3.0 ADANIPOWER +1.8 ANGELONE +14.6 BAJAJ-AUTO +4.6 BANKINDIA +1.1 BRITANNIA -5.4 CAMS +5.2 COCHINSHIP -8.6 CROMPTON -0.4 DIVISLAB -1.5 GLENMARK -6.4 GRASIM +7.1 HCLTECH -10.9 HDFCBANK +2.1 HINDALCO +1.3 HINDPETRO +0.2 HINDUNILVR +0.9 ICICIBANK +3.2 IEX -2.2 INDIANB -6.8 INDUSTOWER -3.3 JIOFIN -2.3 LAURUSLABS +6.9 LICHSGFIN -4.2 LTM -10.3 LUPIN +1.7 MANKIND +3.2 NAM-INDIA -0.7 NESTLEIND +8.5 OFSS +8.8 POWERINDIA -1.2 RELIANCE +0.3 SAIL -4.3 SONACOMS -3.8 SUPREMEIND -1.2 TATACONSUM +10.1 TCS -0.6 TRENT +0.4 UNITDSPR +5.8 VBL +7.0 WIPRO +0.8 ZYDUSLIFE +2.9
F2_profitable_4q + vol>=1.0 (no lag),21,39,0.1170,0.4561,360ONE +1.4 BAJAJ-AUTO +5.3 BAJAJFINSV +8.8 BAJAJHLDNG +5.8 COCHINSHIP -3.2 DIVISLAB +7.0 DMART -4.0 GAIL -0.3 GRASIM -3.7 GVT&D -0.1 HAL +0.4 HAVELLS +1.9 HCLTECH +1.6 HEROMOTOCO +3.3 IEX -0.1 INDHOTEL -0.4 INDIANB +9.2 ITC +0.3 JIOFIN +3.0 JUBLFOOD +3.2 KALYANKJIL -7.2 KAYNES -4.2 KPITTECH +1.3 LTF +3.3 LUPIN -1.9 MANAPPURAM -3.9 MARICO -2.1 OBEROIRLTY -0.2 PAYTM -4.5 PERSISTENT -0.3 PFC -7.8 PIDILITIND +3.3 PNBHOUSING +6.4 POLYCAB -7.2 SBICARD +2.9 SONACOMS -2.0 SRF -8.6 SUNPHARMA -1.3 UNIONBANK -0.9
F2_profitable_4q alone,0,62,0.9398,0.9427,ADANIENT +2.5 AMBUJACEM +0.8 ASIANPAINT +8.5 AUBANK -7.0 AUROPHARMA -6.1 BAJAJ-AUTO +1.3 BAJAJFINSV +11.4 BAJFINANCE +12.7 BANDHANBNK -1.3 BIOCON -0.4 BRITANNIA -4.8 CHOLAFIN -0.7 CIPLA -1.1 COLPAL +3.4 CONCOR +5.9 CUMMINSIND -8.3 DABUR -3.4 DIVISLAB +3.4 DRREDDY -0.8 FEDERALBNK +3.4 GLENMARK -2.6 GODREJCP +23.9 GRASIM -0.0 HAVELLS -4.0 HCLTECH -3.4 HDFCAMC -0.6 HDFCBANK -2.7 HEROMOTOCO +3.1 HINDUNILVR -1.1 ICICIBANK +3.4 IDFCFIRSTB -1.0 INDUSINDBK -1.4 INDUSTOWER -0.2 INFY -5.1 ITC -1.8 JINDALSTEL -15.6 KOTAKBANK -4.0 LT +0.3 LTF -1.4 MANAPPURAM -3.8 MARICO +8.2 MPHASIS -4.7 MUTHOOTFIN +14.7 NAM-INDIA +4.8 NATIONALUM +12.7 PIDILITIND +2.2 PIIND -4.6 RBLBANK -0.8 RECLTD +3.2 RELIANCE -1.9 SBIN +7.1 SHRIRAMFIN +1.8 SRF +5.0 TATAPOWER -7.8 TCS -6.5 TECHM +0.2 TORNTPHARM +1.2 ULTRACEMCO +0.4 UPL +10.0 VOLTAS +3.4 WIPRO +8.6 ZYDUSLIFE -0.2
F2_profitable_4q alone,1,85,-0.4175,-0.0105,ADANIENT +0.7 ADANIPORTS +3.0 AMBUJACEM +0.9 ASIANPAINT +4.0 AUBANK +1.7 AUROPHARMA -14.0 AXISBANK -2.0 BAJAJ-AUTO -1.0 BAJAJFINSV +3.8 BAJFINANCE +1.3 BANDHANBNK +1.2 BEL -2.4 BIOCON -3.3 BPCL +2.3 CANBK +2.7 CHOLAFIN +9.6 CIPLA -1.8 COALINDIA -1.5 COFORGE +9.6 COLPAL -5.2 CONCOR +0.8 CUMMINSIND +4.4 DABUR -2.0 DIVISLAB +0.6 DRREDDY -13.0 FEDERALBNK +4.1 GAIL +3.8 GLENMARK -1.6 GODREJCP -1.6 GRASIM -0.8 HAVELLS +4.9 HCLTECH -6.1 HDFCAMC +1.3 HDFCBANK -5.2 HEROMOTOCO -0.9 HINDPETRO -2.9 HINDUNILVR -2.1 ICICIBANK +3.3 IDFCFIRSTB -0.5 INDUSINDBK +0.4 INDUSTOWER -0.1 INFY +2.1 IOC +1.5 ITC +0.8 JINDALSTEL +0.1 KOTAKBANK -0.5 LICHSGFIN -7.7 LT -2.1 LTF -4.4 LTM +6.8 LUPIN -8.9 MANAPPURAM -20.0 MARICO +1.1 MFSL -2.3 MPHASIS +7.9 MUTHOOTFIN -5.9 NAM-INDIA +0.6 NATIONALUM -11.2 NAUKRI +0.5 NMDC +2.0 NTPC +0.8 ONGC -1.3 PETRONET +0.1 PFC +0.0 PIDILITIND -0.5 PNB +2.3 POWERGRID +0.8 RBLBANK -2.3 RECLTD +0.6 RELIANCE -0.8 SBIN +1.7 SHREECEM -6.5 SHRIRAMFIN +0.2 SRF +1.3 TATACONSUM +0.3 TATAPOWER +0.4 TCS -1.7 TECHM +7.9 TORNTPHARM +1.4 ULTRACEMCO +2.4 UPL -2.9 VEDL +1.1 VOLTAS -0.7 WIPRO +9.9 ZYDUSLIFE -7.3
F2_profitable_4q alone,2,102,-0.9296,-0.5027,ADANIENT -8.5 ADANIPORTS -8.6 AMBUJACEM +1.5 APOLLOHOSP +11.4 ASIANPAINT -6.4 ASTRAL -0.1 AUROPHARMA -1.3 AXISBANK -3.4 BAJAJ-AUTO -1.7 BAJAJFINSV -2.9 BAJFINANCE -2.8 BANDHANBNK -2.8 BEL -3.0 BIOCON -6.0 BPCL -1.4 CHOLAFIN -5.6 CIPLA +2.9 COALINDIA -4.2 COFORGE -6.6 COLPAL -2.9 CONCOR +1.9 CROMPTON -0.7 CUMMINSIND +3.0 DABUR +4.2 DIVISLAB -3.5 DIXON +3.3 DLF -4.1 DRREDDY +3.0 EICHERMOT +4.0 FEDERALBNK +9.0 GAIL +0.3 GLENMARK +2.9 GODREJCP -4.2 GRASIM -1.0 HAL +3.5 HAVELLS -11.9 HCLTECH -2.3 HDFCAMC -3.8 HDFCBANK +3.0 HEROMOTOCO -0.9 HINDALCO +1.5 HINDPETRO +1.3 HINDUNILVR -6.5 ICICIBANK +9.9 IEX -9.7 INDUSINDBK -0.1 INDUSTOWER -4.8 INFY +1.5 IOC +1.7 ITC -3.4 JINDALSTEL +1.3 JSWSTEEL -3.5 JUBLFOOD -11.8 KOTAKBANK +0.8 LICHSGFIN -7.9 LT +1.7 LTF -8.5 LTM +15.4 LUPIN -4.9 M&M +5.4 MANAPPURAM -12.9 MARICO +1.0 MARUTI +1.5 MOTHERSON -1.8 MPHASIS -8.4 MUTHOOTFIN +11.0 NAM-INDIA -3.1 NATIONALUM +0.5 NAUKRI +6.2 NMDC -3.2 NTPC -4.6 OFSS -0.3 ONGC +0.1 PERSISTENT +4.3 PETRONET +1.4 PFC -0.7 PIDILITIND +3.9 PIIND +3.4 PNB -7.6 POLYCAB +2.0 POWERGRID -0.3 RECLTD -3.8 RELIANCE -3.7 SAIL +7.2 SBIN +2.8 SHRIRAMFIN -6.5 SRF -7.1 SUNPHARMA -0.8 TATACONSUM -4.7 TATAPOWER -5.0 TATASTEEL -3.7 TCS -3.1 TECHM +2.6 TITAN -0.1 TORNTPHARM -4.8 ULTRACEMCO -2.4 UNITDSPR +7.9 UPL -2.9 VEDL -4.2 VOLTAS +5.5 WIPRO +8.3 ZYDUSLIFE -1.4
F2_profitable_4q alone,3,107,-0.8686,-0.9341,ABCAPITAL +1.2 ADANIENT -2.1 ADANIPORTS +4.9 AMBUJACEM -7.0 APOLLOHOSP -2.0 ASIANPAINT -2.9 ASTRAL -5.0 AUROPHARMA +5.3 AXISBANK +3.4 BAJAJ-AUTO -5.2 BAJAJFINSV -10.3 BAJFINANCE -3.3 BEL +2.7 BHARTIARTL -0.1 BIOCON +8.0 BOSCHLTD +3.5 BPCL -0.7 CHOLAFIN -0.0 CIPLA +6.8 COALINDIA -2.6 COFORGE -1.8 COLPAL -0.2 CONCOR -8.6 CUMMINSIND +3.4 DABUR +3.6 DIVISLAB -1.2 DIXON -3.2 DLF +8.0 DRREDDY -2.2 EICHERMOT +3.3 FEDERALBNK +6.6 GAIL -0.6 GLENMARK -4.7 GODREJCP -5.8 GRASIM -3.0 HAL +0.2 HAVELLS -5.6 HCLTECH -7.0 HDFCAMC -6.9 HDFCBANK +0.1 HEROMOTOCO +1.8 HINDALCO +3.0 HINDPETRO -5.3 HINDUNILVR -1.8 ICICIBANK -1.1 IEX -8.3 INDUSINDBK +4.0 INDUSTOWER +1.9 INFY +2.5 IOC -0.7 ITC +2.9 JINDALSTEL -1.9 JSWSTEEL -7.9 JUBLFOOD -5.8 KOTAKBANK +0.2 LAURUSLABS +6.5 LICHSGFIN +13.1 LT -0.8 LTM -7.2 M&M +2.6 MANAPPURAM -21.1 MARICO +3.2 MARUTI +7.7 MFSL +7.4 MOTHERSON -6.3 MPHASIS -5.6 MUTHOOTFIN -7.8 NAM-INDIA +0.9 NATIONALUM +2.0 NAUKRI +8.7 NBCC -5.8 NMDC +1.5 NTPC +4.5 OBEROIRLTY +1.6 OFSS -9.3 ONGC +1.4 PERSISTENT -1.1 PETRONET +3.5 PFC -2.5 PIDILITIND -9.1 PIIND +4.7 PNB +7.4 POLYCAB -7.2 POWERGRID -0.7 RECLTD -3.4 RELIANCE -5.8 SBICARD -1.1 SBIN -1.6 SHREECEM -1.6 SHRIRAMFIN -4.5 SIEMENS -1.0 SRF -5.0 SUNPHARMA +9.6 TATACONSUM +1.5 TATAPOWER -4.0 TATASTEEL +1.3 TCS +0.5 TECHM +5.1 TITAN +1.6 TORNTPHARM -15.2 ULTRACEMCO -0.6 UNITDSPR -6.4 UPL +1.7 VEDL +1.2 VOLTAS -4.4 WIPRO -6.3 ZYDUSLIFE +0.7
F2_profitable_4q alone,4,99,-1.1459,-1.2002,ABCAPITAL -4.0 ADANIPORTS -7.9 AMBUJACEM -3.4 APOLLOHOSP -1.3 ASIANPAINT +1.3 AUROPHARMA -0.9 AXISBANK -5.9 BAJAJ-AUTO +4.2 BAJAJFINSV -3.4 BAJFINANCE -5.4 BEL +1.9 BHARTIARTL +0.9 BIOCON -3.1 BOSCHLTD +4.3 BPCL -2.4 CHOLAFIN -15.1 CIPLA +0.3 COALINDIA -0.6 COFORGE +2.6 COLPAL +2.7 CONCOR -8.9 CROMPTON +7.1 CUMMINSIND -0.0 DABUR -8.6 DIVISLAB -13.0 DIXON +14.3 DLF +2.0 DRREDDY +8.8 EICHERMOT +9.4 FEDERALBNK -0.6 GAIL -5.5 GLENMARK +5.8 GODREJCP -7.5 GRASIM -7.8 HAVELLS +0.6 HCLTECH +2.9 HDFCAMC +2.5 HDFCBANK -10.5 HEROMOTOCO -0.1 HINDALCO +4.9 HINDPETRO -4.6 HINDUNILVR +6.6 ICICIBANK -1.1 IEX -1.7 INDUSINDBK +4.5 INDUSTOWER -2.6 INFY -8.3 IOC -2.6 ITC +8.3 JINDALSTEL -4.2 JSWSTEEL +2.1 JUBLFOOD +13.0 KOTAKBANK +0.4 LAURUSLABS +2.0 LT -4.6 LTM -15.1 MANAPPURAM -6.0 MARICO -3.7 MARUTI -2.0 MOTHERSON -1.1 MPHASIS +2.7 MUTHOOTFIN -4.2 NAM-INDIA -1.9 NATIONALUM -3.0 NAUKRI +12.2 NMDC -1.0 NTPC +1.1 OBEROIRLTY -4.0 OFSS -2.0 ONGC -0.2 PERSISTENT +7.4 PFC -0.4 PIDILITIND +0.2 PIIND +10.0 PNB -14.8 POLYCAB +0.4 POWERGRID -0.5 RECLTD -2.6 RELIANCE -6.6 SBICARD -0.8 SBIN -4.5 SHREECEM -2.6 SHRIRAMFIN +3.9 SIEMENS +2.3 SRF -12.2 SUNPHARMA -4.4 TATACONSUM -5.8 TATAPOWER -6.1 TATASTEEL +1.1 TCS +0.2 TECHM -2.9 TITAN -8.2 ULTRACEMCO +2.0 UNITDSPR +10.0 UPL -4.0 VEDL -0.8 VOLTAS -13.5 WIPRO -4.6 ZYDUSLIFE +4.4
F2_profitable_4q alone,5,101,0.3147,0.3076,ABCAPITAL -2.5 ADANIPORTS -2.1 ALKEM -3.9 AMBUJACEM -0.3 APOLLOHOSP -2.5 ASIANPAINT +3.8 ASTRAL +1.8 AUROPHARMA +4.5 AXISBANK -1.2 BAJAJ-AUTO -4.3 BAJAJFINSV +12.8 BAJFINANCE +13.3 BEL +7.3 BHARTIARTL +3.0 BIOCON -4.9 BOSCHLTD +1.2 BPCL -1.6 BRITANNIA -2.6 CHOLAFIN +8.2 CIPLA +3.1 COALINDIA +4.8 COFORGE +1.7 COLPAL -1.0 CONCOR -5.6 CROMPTON -5.4 CUMMINSIND +5.6 DABUR +0.2 DIVISLAB -5.5 DIXON -5.0 DLF +4.2 DRREDDY -2.8 EICHERMOT +2.8 FEDERALBNK +5.1 GAIL -6.1 GLENMARK +2.9 GODREJCP -0.8 GODREJPROP -5.5 GRASIM -1.2 HAVELLS -0.3 HCLTECH -6.8 HDFCAMC -3.2 HDFCBANK -0.2 HEROMOTOCO +1.5 HINDALCO +5.5 HINDPETRO -1.8 HINDUNILVR +1.4 ICICIBANK +1.3 IEX -5.8 INDUSINDBK +11.1 INDUSTOWER -7.2 INFY -5.4 IOC -1.4 ITC +2.1 JINDALSTEL -1.0 JSWSTEEL -0.8 JUBLFOOD -0.3 KOTAKBANK -2.1 LAURUSLABS +5.8 LT +1.7 LTM -0.2 MANAPPURAM +4.7 MARICO -4.0 MARUTI +1.2 MFSL +2.8 MOTHERSON -6.4 MPHASIS +6.0 MUTHOOTFIN -7.1 NAM-INDIA +0.7 NATIONALUM +2.2 NAUKRI +4.4 NMDC +6.6 NTPC +4.5 OBEROIRLTY +2.0 OFSS -0.2 PERSISTENT +8.9 PFC +1.5 PIDILITIND -0.0 PIIND +1.9 PNB -0.7 POLYCAB +2.1 POWERGRID +1.2 RECLTD -0.6 SBICARD +5.3 SBIN -3.5 SHREECEM -0.7 SHRIRAMFIN -6.7 SIEMENS -2.9 SRF -1.7 TATACONSUM -1.4 TATAPOWER -5.6 TATASTEEL +1.7 TCS -4.5 TECHM -3.3 TITAN +0.4 ULTRACEMCO +4.9 UNITDSPR -6.0 UPL +1.8 VEDL +5.3 VOLTAS -2.3 WIPRO -2.4 ZYDUSLIFE +6.6
F2_profitable_4q alone,6,73,0.1622,0.1427,ADANIPORTS +1.6 APOLLOHOSP +1.4 ASIANPAINT -4.2 ASTRAL -5.3 AUROPHARMA +3.0 AXISBANK +10.2 BAJAJFINSV +0.2 BAJFINANCE -2.7 BEL +0.6 BHARTIARTL +2.3 BIOCON +2.9 CHOLAFIN +4.0 COALINDIA +3.9 COFORGE +0.7 COLPAL +0.5 CONCOR -2.0 CROMPTON -6.4 CUMMINSIND -0.1 DABUR +2.7 DIVISLAB -13.2 DIXON -0.5 DLF -0.7 DRREDDY -0.2 EICHERMOT -6.3 GAIL -0.8 GLENMARK +2.4 GODREJPROP -1.5 GRASIM +1.7 HCLTECH +2.0 HDFCBANK +1.4 HEROMOTOCO -0.8 HINDALCO +9.1 HINDUNILVR -0.3 ICICIBANK +4.1 IDFCFIRSTB -0.5 IEX -3.7 INDUSINDBK -3.2 INDUSTOWER -3.4 INFY +3.6 ITC +1.6 JUBLFOOD -8.6 KOTAKBANK -0.9 LAURUSLABS -9.4 LT +3.1 LTM -1.3 MANAPPURAM +10.2 MARICO -4.6 MARUTI +5.8 MOTHERSON +6.6 MUTHOOTFIN -3.5 NATIONALUM -1.1 NAUKRI +12.1 NMDC -3.3 NTPC +6.5 PFC +1.1 PIDILITIND +0.3 PIIND +6.2 PNB -9.1 POLYCAB +5.3 POWERGRID -4.1 RECLTD +6.8 SBICARD -5.2 SHREECEM -0.8 SHRIRAMFIN -2.2 TATACONSUM -1.6 TCS -1.0 TITAN +0.5 TVSMOTOR -0.2 UNITDSPR +0.9 UPL +0.6 VEDL +0.3 VOLTAS +4.3 ZYDUSLIFE -5.6
F2_profitable_4q alone,7,70,0.0181,-0.3831,ADANIPORTS +19.1 APOLLOHOSP +1.8 ASIANPAINT -5.3 ASTRAL -0.9 AUROPHARMA +11.7 AXISBANK -2.0 BAJAJFINSV +2.1 BAJFINANCE +2.9 BEL -3.8 BHARTIARTL -2.3 BIOCON -1.7 CHOLAFIN +5.6 COALINDIA -0.8 COFORGE +10.7 COLPAL -3.3 CONCOR -4.4 CROMPTON -7.8 CUMMINSIND +9.0 DABUR -4.3 DIVISLAB -18.1 DLF -3.7 DRREDDY -0.5 EICHERMOT +3.2 GAIL -5.8 GLENMARK +6.5 GODREJPROP -2.6 GRASIM -0.5 HCLTECH +1.3 HDFCBANK +0.6 HEROMOTOCO -1.5 HINDALCO +0.9 HINDUNILVR -4.5 IDFCFIRSTB -1.0 IEX -0.5 INDHOTEL +13.6 INDUSTOWER -7.9 INFY +2.3 ITC +6.0 JUBLFOOD -10.5 KOTAKBANK -0.4 LAURUSLABS -3.5 LT -2.3 LTM +2.2 MANAPPURAM +2.2 MARICO -0.1 MARUTI +4.1 MOTHERSON +0.9 MUTHOOTFIN -1.5 NATIONALUM +0.8 NAUKRI -8.5 NMDC -0.4 NTPC +3.1 PFC -1.2 PIDILITIND -3.7 PIIND -0.3 PNB +0.0 POLYCAB +1.7 POWERGRID -1.2 RECLTD +1.3 SBICARD -4.9 SHREECEM -3.8 SHRIRAMFIN +4.5 TATACONSUM -0.4 TCS -0.6 TITAN +3.8 TVSMOTOR +6.9 UNITDSPR -6.5 UPL -0.3 VEDL -2.4 ZYDUSLIFE +8.0
F2_profitable_4q alone,8,75,0.4491,0.2540,ADANIPORTS +1.7 APOLLOHOSP +0.3 ASIANPAINT +3.2 ASTRAL +8.8 AUROPHARMA +7.5 AXISBANK -2.1 BAJAJFINSV +0.7 BAJFINANCE +4.4 BEL +0.2 BHARATFORG -0.8 BHARTIARTL +0.0 CANBK -6.6 CHOLAFIN +8.9 COALINDIA -0.4 COFORGE +6.4 COLPAL +4.3 CONCOR -2.6 CROMPTON +2.2 CUMMINSIND -0.8 DABUR -5.9 DIVISLAB +7.3 DLF +7.8 DRREDDY -7.7 EICHERMOT +7.2 GAIL -6.2 GLENMARK -0.4 GODREJPROP +0.8 GRASIM +0.8 HAL +2.4 HCLTECH -1.4 HDFCBANK -1.5 HEROMOTOCO +2.0 HINDALCO -0.8 HINDUNILVR -1.3 IDFCFIRSTB +7.7 IEX -0.5 INDHOTEL +0.1 INFY -10.6 ITC -1.0 JUBLFOOD +1.3 KOTAKBANK +1.2 LAURUSLABS +4.2 LICHSGFIN -0.9 LT -5.2 LTM +5.5 M&M +4.2 MANAPPURAM -3.7 MARICO +5.7 MARUTI +0.9 MOTHERSON -1.2 MUTHOOTFIN +6.5 NATIONALUM -1.4 NMDC -0.5 NTPC -1.1 PAGEIND -10.4 PETRONET -4.3 PFC +6.1 PIDILITIND +0.3 PIIND -2.3 PNB +2.6 POLYCAB +5.3 POWERGRID -1.9 RBLBANK -2.8 RECLTD -5.1 SBICARD +0.8 SHREECEM +3.2 SHRIRAMFIN -7.1 TATACONSUM +6.5 TCS -2.3 TITAN +1.1 TVSMOTOR +4.9 UNITDSPR +1.8 UPL -5.1 VEDL -3.1 ZYDUSLIFE -4.2
F2_profitable_4q alone,9,76,0.1663,0.0332,ADANIPORTS +2.1 APOLLOHOSP -3.3 ASIANPAINT -4.1 ASTRAL +0.6 AUROPHARMA +0.0 BAJAJFINSV -3.9 BAJFINANCE -4.0 BEL +2.4 BHARATFORG +4.5 BHARTIARTL -0.2 CANBK -2.1 CHOLAFIN -3.4 COALINDIA +0.5 COFORGE -6.7 COLPAL +6.0 CONCOR -4.7 CROMPTON -7.0 CUMMINSIND -6.9 DABUR +0.2 DIVISLAB -0.9 DLF -1.4 DRREDDY +2.1 EICHERMOT -1.6 GAIL +3.2 GODREJPROP -9.9 GRASIM -0.9 HAL +1.4 HCLTECH -1.4 HDFCBANK +2.2 HEROMOTOCO -2.3 HINDALCO +2.7 HINDUNILVR -2.9 IDFCFIRSTB +7.1 IEX -0.6 INDHOTEL -0.1 INFY -9.9 ITC -0.3 JUBLFOOD +0.3 KOTAKBANK -4.2 LAURUSLABS -2.6 LICHSGFIN +2.5 LT +2.4 LTM +2.3 M&M +2.9 MANAPPURAM +2.6 MARICO +5.3 MARUTI -0.4 MOTHERSON -0.4 MUTHOOTFIN -5.9 NATIONALUM -6.5 NMDC +5.3 NTPC +11.1 ONGC +0.6 PAGEIND +4.3 PETRONET +3.8 PFC -2.2 PIDILITIND -3.0 PIIND +2.6 PNB +0.6 POLYCAB +10.9 POWERGRID +0.7 RBLBANK +1.7 RECLTD +8.8 SBICARD -1.8 SHREECEM +2.7 SHRIRAMFIN -0.3 SUNPHARMA -0.4 TATACONSUM -1.5 TCS +2.1 TITAN -3.4 TRENT +11.8 TVSMOTOR +3.1 UNITDSPR +8.1 UPL -0.2 VEDL -4.4 ZYDUSLIFE -3.0
F2_profitable_4q alone,10,100,0.4507,0.3310,ABB +0.8 ABCAPITAL +0.5 ADANIENT -2.8 ADANIPORTS +1.4 ALKEM +10.8 AMBUJACEM -0.4 APOLLOHOSP +2.8 ASHOKLEY +3.0 ASIANPAINT -3.8 ASTRAL -5.4 AUROPHARMA +8.3 BAJAJ-AUTO +7.9 BAJAJFINSV -3.1 BAJFINANCE -2.3 BANKBARODA -4.3 BEL +3.4 BHARATFORG +2.3 BHARTIARTL -0.1 BOSCHLTD -0.9 BRITANNIA +1.5 CANBK +7.0 CHOLAFIN -0.2 CIPLA +3.1 COALINDIA +4.5 COFORGE -1.2 COLPAL +0.3 CONCOR +3.8 CROMPTON +2.3 CUMMINSIND +3.3 DABUR +1.3 DIVISLAB +4.1 DLF +7.7 DRREDDY -3.1 EICHERMOT +0.8 GAIL -0.5 GODREJCP +1.4 GODREJPROP +7.4 GRASIM +0.1 HAL +1.4 HAVELLS -6.6 HCLTECH -0.4 HDFCBANK -0.6 HEROMOTOCO -1.9 HINDALCO -1.1 HINDUNILVR -2.4 ICICIBANK -2.1 IEX +1.4 INDHOTEL -1.8 INFY -4.3 ITC -3.4 JINDALSTEL -9.3 JUBLFOOD -4.0 KOTAKBANK -0.6 LAURUSLABS -9.1 LICHSGFIN -0.4 LT -0.2 LTM +5.7 LUPIN +0.5 M&M +2.7 MARICO -0.1 MARUTI -1.8 MOTHERSON -3.9 MPHASIS -6.0 MUTHOOTFIN -4.8 NATIONALUM -2.5 NMDC -2.0 NTPC +1.8 OBEROIRLTY +3.6 ONGC +0.7 PAGEIND +3.0 PERSISTENT +1.5 PETRONET -8.8 PFC +6.3 PIDILITIND +1.0 PIIND +4.7 PNB +5.0 POLYCAB -2.3 POWERGRID +1.3 RBLBANK -8.4 RECLTD +8.6 RELIANCE +2.4 SBICARD -3.4 SBIN +1.3 SHREECEM +1.2 SHRIRAMFIN +3.2 SUNPHARMA +1.6 TATACONSUM +1.3 TATAPOWER -0.6 TCS -2.6 TECHM -4.8 TITAN +2.9 TORNTPHARM +0.2 TRENT +11.4 TVSMOTOR +0.9 ULTRACEMCO +1.9 UNITDSPR +2.5 UPL -3.7 VEDL +3.7 WIPRO -3.6 ZYDUSLIFE +6.8
F2_profitable_4q alone,11,114,0.9239,1.0749,ABB +10.2 ABCAPITAL +7.2 ADANIENT +2.1 ADANIPORTS +6.1 ALKEM +0.5 AMBUJACEM -1.6 APOLLOHOSP +3.9 ASHOKLEY +3.0 ASIANPAINT -3.4 ASTRAL +1.8 AUBANK -12.6 AUROPHARMA +2.4 BAJAJ-AUTO +7.0 BAJAJFINSV -0.1 BAJFINANCE -3.3 BANKBARODA +9.0 BEL -0.7 BHARATFORG -14.9 BHARTIARTL -1.4 BOSCHLTD +7.5 BPCL +5.6 BRITANNIA -1.3 CANBK -2.4 CHOLAFIN +0.9 CIPLA +6.8 COALINDIA -1.3 COFORGE -0.7 COLPAL +1.3 CONCOR -5.1 CROMPTON -0.2 CUMMINSIND +9.8 DABUR +3.7 DIVISLAB +0.5 DIXON +4.3 DLF -2.3 DRREDDY +4.5 EICHERMOT +1.6 FEDERALBNK -3.4 GAIL +4.5 GODREJCP +7.4 GODREJPROP -3.4 GRASIM +5.0 HAL -5.6 HAVELLS -5.6 HCLTECH +6.4 HDFCAMC +1.2 HDFCBANK -6.1 HEROMOTOCO -2.1 HINDALCO -15.6 HINDPETRO +2.9 HINDUNILVR -3.7 ICICIBANK +4.3 IEX +3.0 INDHOTEL +1.4 INDIGO +6.9 INFY +5.6 IOC -2.7 ITC -5.6 JINDALSTEL +1.6 JSWSTEEL +2.7 JUBLFOOD -2.1 KOTAKBANK +0.4 LAURUSLABS -5.7 LICHSGFIN +2.3 LT -3.1 LTF -4.2 LTM -11.3 LUPIN +2.1 M&M +6.3 MANAPPURAM +1.2 MARICO -1.2 MARUTI +6.4 MFSL +8.1 MOTHERSON -3.5 MPHASIS -1.7 MUTHOOTFIN -0.5 NATIONALUM -0.1 NMDC +7.3 NTPC +2.2 OBEROIRLTY -14.7 OFSS +29.1 ONGC -5.0 PAGEIND -0.1 PERSISTENT +6.2 PETRONET +2.8 PFC -5.3 PIDILITIND -3.4 PIIND +2.3 PNB +8.6 POLYCAB +1.9 POWERGRID -2.3 RBLBANK -5.0 RECLTD +3.9 RELIANCE -0.4 SAIL -16.0 SBICARD -1.8 SBIN +0.4 SHREECEM +4.2 SHRIRAMFIN +5.6 SIEMENS +2.4 SUNPHARMA +0.6 TATACONSUM -1.1 TATAPOWER -8.4 TCS +5.2 TECHM -4.4 TITAN -3.3 TMPV +4.9 TORNTPHARM +4.5 TRENT +25.6 TVSMOTOR -3.5 ULTRACEMCO +1.5 UNITDSPR +2.7 WIPRO +8.9 ZYDUSLIFE +8.1
F2_profitable_4q alone,12,115,1.1309,1.0408,ABB +11.2 ABCAPITAL +5.2 ADANIENT -2.9 ADANIPORTS +0.2 ALKEM -7.4 AMBUJACEM -1.1 APOLLOHOSP -1.1 ASHOKLEY +8.8 ASIANPAINT -4.8 ASTRAL -0.7 AUBANK +0.2 AUROPHARMA -0.7 BAJAJ-AUTO -2.1 BAJAJFINSV -2.1 BAJFINANCE -7.2 BANKBARODA -1.3 BEL +13.6 BHARATFORG +13.2 BHARTIARTL +0.7 BIOCON -1.6 BOSCHLTD +2.0 BPCL +2.6 BRITANNIA +6.0 CANBK -8.0 CHOLAFIN +10.9 CIPLA +2.3 COALINDIA +4.7 COFORGE -14.0 COLPAL -4.5 CONCOR +5.8 CROMPTON +17.4 CUMMINSIND -5.4 DABUR +4.5 DIVISLAB +6.7 DIXON +0.0 DLF +0.3 DRREDDY -4.7 EICHERMOT +3.5 FEDERALBNK +3.4 GAIL +2.0 GODREJCP +7.1 GODREJPROP +7.7 GRASIM +0.8 HAL +11.2 HAVELLS +1.7 HCLTECH -6.2 HDFCAMC -2.2 HDFCBANK +0.9 HEROMOTOCO +5.6 HINDALCO -1.0 HINDPETRO -2.4 HINDUNILVR -0.5 ICICIBANK +3.4 IEX +2.0 INDHOTEL -1.2 INDIGO -1.3 INDUSTOWER -0.1 INFY +1.3 IOC +1.3 ITC +0.3 JINDALSTEL +6.1 JSWSTEEL +2.3 JUBLFOOD +1.2 KOTAKBANK +4.4 LAURUSLABS +0.9 LICHSGFIN +4.5 LT -5.4 LTF -0.6 LTM -0.9 LUPIN -2.2 M&M +10.5 MANAPPURAM -1.5 MARICO +12.4 MARUTI -2.0 MFSL -1.9 MOTHERSON +5.5 MPHASIS +2.5 MUTHOOTFIN -3.5 NATIONALUM +0.1 NMDC -2.7 NTPC -1.1 OBEROIRLTY +7.0 OFSS -5.3 ONGC +0.2 PAGEIND +1.0 PERSISTENT -8.0 PETRONET -1.6 PIDILITIND -4.7 PIIND +3.4 PNB +1.4 POLYCAB +8.5 POWERGRID +1.0 RBLBANK -1.0 RECLTD +20.1 RELIANCE -0.3 SAIL +1.4 SBICARD -3.4 SBIN +1.9 SHREECEM +0.6 SHRIRAMFIN +1.3 SIEMENS -3.2 SUNPHARMA -2.4 TATACONSUM -2.3 TATAPOWER -7.5 TCS -0.1 TECHM +6.6 TITAN -8.7 TMPV -4.9 TORNTPHARM -0.3 TRENT +2.0 TVSMOTOR +0.5 ULTRACEMCO +3.0 UNITDSPR -2.5 WIPRO +3.0 ZYDUSLIFE +10.4
F2_profitable_4q alone,13,116,0.4708,0.4214,ABB +6.7 ABCAPITAL -5.1 ADANIENT +1.1 ADANIPORTS +2.7 ALKEM +3.7 AMBUJACEM -2.3 APOLLOHOSP -1.1 ASHOKLEY +7.2 ASIANPAINT -0.3 ASTRAL -2.8 AUBANK -0.8 AUROPHARMA +1.8 AXISBANK -8.5 BAJAJ-AUTO +2.1 BAJAJFINSV -3.7 BAJFINANCE -4.8 BANKBARODA -1.8 BEL +5.5 BHARATFORG +7.7 BHARTIARTL -4.2 BIOCON +0.8 BOSCHLTD -4.3 BPCL -2.3 BRITANNIA -1.5 CANBK +0.9 CHOLAFIN +3.2 CIPLA +3.4 COALINDIA +5.4 COFORGE +3.0 COLPAL +6.7 CONCOR -0.1 CROMPTON +4.3 CUMMINSIND +6.8 DABUR -1.0 DIVISLAB -1.8 DIXON +7.2 DLF +2.5 DRREDDY -0.7 EICHERMOT +3.9 FEDERALBNK +6.0 GAIL +4.4 GODREJPROP -0.0 GRASIM -2.5 HAL +0.9 HAVELLS -6.6 HCLTECH +3.9 HDFCAMC -2.2 HDFCBANK +0.3 HEROMOTOCO -2.5 HINDALCO -0.2 HINDPETRO +5.8 HINDUNILVR -0.3 ICICIBANK +1.0 IEX +2.7 INDHOTEL +5.8 INDIGO +1.5 INDUSTOWER -2.6 INFY +5.0 IOC +2.9 ITC -0.2 JINDALSTEL -1.5 JSWSTEEL -4.9 JUBLFOOD +7.4 KOTAKBANK -3.2 LAURUSLABS +4.3 LICHSGFIN -10.8 LT -0.8 LTF +1.3 LTM +5.1 LUPIN +1.8 M&M -3.6 MANAPPURAM -1.5 MARICO -6.9 MARUTI +4.7 MOTHERSON -1.6 MPHASIS +3.3 MUTHOOTFIN -3.4 NATIONALUM -1.5 NAUKRI +1.9 NMDC +1.0 NTPC +3.8 OBEROIRLTY +1.1 OFSS +2.6 ONGC -10.8 PAGEIND -2.0 PERSISTENT -4.3 PETRONET +7.0 PIDILITIND +3.1 PIIND +3.4 PNB +6.6 POLYCAB -4.8 POWERGRID +1.5 RBLBANK -2.8 RECLTD +5.6 RELIANCE -4.8 SAIL -4.3 SBICARD -4.9 SBIN -7.7 SHREECEM -8.3 SHRIRAMFIN +8.1 SIEMENS +1.4 SRF +1.1 SUNPHARMA +1.8 TATACONSUM -2.0 TATAPOWER -6.6 TCS +5.1 TECHM +3.2 TITAN -2.4 TMPV -5.7 TORNTPHARM +6.7 TRENT +16.0 TVSMOTOR +0.3 ULTRACEMCO -1.2 UNITDSPR +6.4 WIPRO -9.6 ZYDUSLIFE -1.7
F2_profitable_4q alone,14,119,-1.1031,-1.1861,ABB -4.0 ABCAPITAL +0.5 ADANIENT +9.9 ADANIPORTS +5.8 ALKEM -1.7 AMBUJACEM +2.9 APOLLOHOSP +6.7 ASHOKLEY +4.0 ASIANPAINT -13.4 ASTRAL +1.1 AUBANK -2.8 AUROPHARMA -6.3 AXISBANK +3.8 BAJAJ-AUTO -15.2 BAJAJFINSV -0.9 BAJFINANCE +1.5 BANDHANBNK +2.1 BANKBARODA +5.1 BEL +0.5 BHARATFORG -4.1 BHARTIARTL -2.5 BIOCON -2.4 BOSCHLTD -5.5 BPCL -3.9 BRITANNIA -11.9 CANBK +9.5 CHOLAFIN -9.2 CIPLA -4.8 COALINDIA -6.9 COFORGE +5.4 COLPAL -7.9 CONCOR +5.1 CROMPTON -3.4 CUMMINSIND +4.9 DABUR -2.4 DIVISLAB -2.5 DIXON -6.4 DLF +2.4 DRREDDY +3.3 EICHERMOT +2.1 FEDERALBNK +6.4 GAIL +4.5 GODREJPROP -3.6 GRASIM -0.2 HAL -3.9 HAVELLS -4.2 HCLTECH +3.4 HDFCAMC +8.4 HDFCBANK +2.5 HEROMOTOCO +0.3 HINDALCO +0.6 HINDPETRO -3.3 HINDUNILVR -7.1 ICICIBANK +6.2 IDFCFIRSTB -0.6 IEX +0.9 INDHOTEL +9.5 INDIGO -11.4 INDUSINDBK -18.2 INDUSTOWER -7.3 INFY -4.0 IOC -6.0 ITC +0.1 JINDALSTEL +4.2 JSWSTEEL +1.4 JUBLFOOD +6.8 KOTAKBANK -5.5 LAURUSLABS +3.9 LICHSGFIN +6.1 LT +8.3 LTF -5.4 LTM -0.8 LUPIN -3.6 M&M +2.6 MANAPPURAM -1.5 MARICO +1.8 MARUTI -2.1 MOTHERSON -9.4 MPHASIS +5.7 MUTHOOTFIN +5.2 NATIONALUM -5.6 NAUKRI -0.4 NESTLEIND -5.5 NMDC -6.0 NTPC -4.1 OBEROIRLTY -1.5 OFSS +0.2 ONGC -3.4 PAGEIND +10.4 PERSISTENT +4.5 PETRONET -2.4 PIDILITIND -1.0 PIIND -7.4 PNB +2.7 POLYCAB -5.0 POWERGRID -0.8 RBLBANK -17.9 RECLTD +5.1 RELIANCE -2.0 SAIL -0.1 SBICARD -1.0 SBIN -0.8 SHREECEM -1.6 SHRIRAMFIN +2.2 SRF -3.2 SUNPHARMA +1.3 TATACONSUM -8.8 TATAPOWER +3.4 TCS -2.5 TECHM -0.1 TITAN -3.6 TMPV -4.2 TORNTPHARM +0.0 TRENT -9.8 TVSMOTOR -9.6 ULTRACEMCO -1.7 UNITDSPR -2.4 WIPRO +3.0 ZYDUSLIFE -0.7
F2_profitable_4q alone,15,151,-0.6771,-0.6043,ABB -5.6 ABCAPITAL -6.8 ADANIENT +0.1 ADANIGREEN -3.2 ADANIPORTS +1.8 ALKEM -6.1 AMBUJACEM -4.7 ANGELONE -10.1 APLAPOLLO +2.3 APOLLOHOSP -8.2 ASHOKLEY +4.1 ASIANPAINT -3.2 ASTRAL +2.5 AUBANK -6.8 AUROPHARMA +1.7 AXISBANK -5.8 BAJAJ-AUTO +2.7 BAJAJFINSV -1.8 BAJFINANCE +8.1 BANDHANBNK +0.7 BANKBARODA -3.8 BANKINDIA +5.4 BEL +12.8 BHARATFORG -5.2 BHARTIARTL +1.0 BOSCHLTD -7.3 BPCL -2.2 BRITANNIA -3.2 BSE +3.1 CAMS -4.1 CANBK -6.5 CDSL -17.4 CGPOWER +1.3 CHOLAFIN -2.4 CIPLA +0.9 COALINDIA -4.0 COFORGE +11.8 COLPAL -0.7 CONCOR +5.6 CROMPTON -1.9 CUMMINSIND +9.5 DABUR +0.9 DIVISLAB +9.1 DIXON -10.1 DLF -1.3 DMART -9.1 DRREDDY -4.9 EICHERMOT -6.9 ETERNAL -11.3 FEDERALBNK -3.5 GAIL +6.6 GODREJPROP -2.4 GRASIM -0.3 HAL -3.3 HAVELLS +3.2 HCLTECH -6.0 HDFCAMC +5.2 HDFCBANK +0.8 HEROMOTOCO +0.9 HINDALCO +1.7 HINDPETRO -4.7 HINDUNILVR -1.0 ICICIBANK +3.7 IDFCFIRSTB -7.5 IEX -0.5 INDHOTEL -2.3 INDIANB +9.3 INDUSINDBK +6.3 INDUSTOWER +1.8 INFY -6.5 IRFC -0.3 ITC -5.4 JINDALSTEL -5.9 JIOFIN +1.2 JSWENERGY -13.3 JSWSTEEL +0.0 JUBLFOOD -2.2 KALYANKJIL +14.8 KEI +0.6 KOTAKBANK +5.2 KPITTECH +10.1 LAURUSLABS -5.8 LICHSGFIN +1.8 LODHA +4.4 LT +4.5 LTF +2.6 LTM +2.4 LUPIN -5.3 M&M -1.3 MANAPPURAM -9.9 MARICO +3.3 MARUTI +0.1 MAXHEALTH +3.8 MOTHERSON -3.0 MPHASIS +8.3 MUTHOOTFIN +5.3 NATIONALUM -6.9 NAUKRI +4.3 NBCC -7.2 NHPC -4.3 NMDC +4.1 NTPC -1.7 NYKAA -4.1 OBEROIRLTY -5.3 OFSS -6.2 OIL -6.2 ONGC +2.5 PAGEIND -7.1 PERSISTENT +3.8 PETRONET -12.6 PIDILITIND +4.4 PIIND -0.8 PNB +1.7 POLICYBZR +5.1 POLYCAB -8.3 POWERGRID -5.3 PRESTIGE +6.8 RBLBANK -0.1 RECLTD +3.3 RELIANCE +5.1 SAIL -3.8 SBICARD +0.4 SBIN -5.5 SHREECEM +6.6 SHRIRAMFIN -1.3 SIEMENS -4.6 SOLARINDS -4.0 SONACOMS -5.6 SRF +9.9 SUNPHARMA +0.4 SUPREMEIND -8.5 TATACONSUM +6.6 TATAELXSI -8.4 TATAPOWER -0.5 TATASTEEL -1.3 TCS +5.9 TECHM -0.1 TIINDIA -7.0 TITAN -1.7 TMPV -1.9 TORNTPHARM +5.3 TRENT -4.9 TVSMOTOR +8.5 ULTRACEMCO +5.9 UNIONBANK +0.9 UNITDSPR +2.3 VBL -8.7 VEDL +2.2 WIPRO +2.8 YESBANK -0.5 ZYDUSLIFE +4.7
F2_profitable_4q alone,16,158,0.9061,0.5986,ABB +3.5 ABCAPITAL +12.6 ADANIENT +5.5 ADANIGREEN -4.7 ADANIPORTS +10.5 ALKEM -3.2 AMBUJACEM -1.6 ANGELONE +4.0 APLAPOLLO +2.8 APOLLOHOSP -0.6 ASHOKLEY -1.9 ASIANPAINT -4.9 ASTRAL +1.8 AUBANK +13.2 AUROPHARMA +0.3 AXISBANK -4.2 BAJAJ-AUTO -4.0 BAJAJFINSV -4.4 BAJFINANCE -5.3 BANDHANBNK -1.5 BANKBARODA -9.7 BANKINDIA +0.9 BEL +3.8 BHARATFORG +7.2 BHARTIARTL -0.7 BOSCHLTD -1.5 BPCL +4.9 BRITANNIA +0.8 BSE +5.6 CAMS -7.8 CANBK +5.6 CDSL -4.5 CGPOWER -1.9 CHOLAFIN -2.6 CIPLA +1.0 COALINDIA -0.0 COFORGE +1.7 COLPAL -8.4 CONCOR -0.8 CROMPTON +6.2 CUMMINSIND +7.6 DABUR -2.7 DIVISLAB +3.9 DIXON -6.3 DLF +6.2 DMART -4.7 DRREDDY +3.0 EICHERMOT -1.0 ETERNAL +3.8 FEDERALBNK -5.1 GAIL +2.4 GODREJPROP +5.7 GRASIM -2.3 HAL +9.3 HAVELLS -1.6 HCLTECH +10.6 HDFCAMC +7.8 HDFCBANK +4.4 HEROMOTOCO +5.5 HINDALCO +0.8 HINDPETRO +3.3 HINDUNILVR -2.7 HINDZINC +0.9 ICICIBANK +4.4 IDFCFIRSTB -1.0 IEX +0.4 INDHOTEL -4.3 INDIANB -0.7 INDUSINDBK +0.2 INDUSTOWER -7.0 INFY +1.8 INOXWIND -4.3 IREDA +15.6 IRFC -4.9 ITC +0.4 JINDALSTEL -1.1 JIOFIN +3.2 JSWENERGY +6.1 JSWSTEEL +3.1 JUBLFOOD -1.8 KALYANKJIL +3.4 KEI +8.8 KOTAKBANK -4.1 KPITTECH +4.2 LAURUSLABS -3.7 LICHSGFIN +3.0 LODHA -0.5 LT +7.8 LTF -7.0 LTM +5.5 LUPIN +1.6 M&M +4.7 MANAPPURAM +1.4 MARICO +1.7 MARUTI -0.5 MAXHEALTH -2.1 MOTHERSON +3.2 MPHASIS +5.7 MUTHOOTFIN -6.7 NATIONALUM +1.7 NAUKRI -3.8 NBCC +7.2 NHPC -2.3 NMDC -2.2 NTPC -0.8 NYKAA -3.1 OBEROIRLTY -3.4 OFSS +1.6 OIL -1.1 ONGC -2.0 PAGEIND +2.9 PERSISTENT +6.2 PETRONET -0.9 PFC -3.0 PHOENIXLTD -5.8 PIDILITIND -0.8 PIIND +1.1 PNB -8.3 PNBHOUSING +2.3 POLICYBZR +2.5 POLYCAB +7.6 POWERGRID -0.6 PRESTIGE +1.6 RBLBANK +8.4 RECLTD -5.0 RELIANCE +5.3 SAIL +1.7 SBICARD -5.2 SBIN -1.8 SHREECEM +4.8 SHRIRAMFIN -12.0 SIEMENS +5.2 SOLARINDS +1.4 SONACOMS +7.3 SRF -0.8 SUNPHARMA -1.4 SUPREMEIND -1.3 TATACONSUM +3.6 TATAELXSI +11.0 TATAPOWER +1.7 TATASTEEL +8.7 TCS -1.4 TECHM +6.1 TIINDIA +1.9 TITAN +6.3 TMPV -1.3 TORNTPHARM +0.7 TRENT +0.7 TVSMOTOR -2.5 ULTRACEMCO -2.4 UNIONBANK +4.1 UNITDSPR +1.1 VBL -1.6 VEDL -0.2 VOLTAS -1.4 WIPRO -1.1 YESBANK +4.6 ZYDUSLIFE -1.4
F2_profitable_4q alone,17,170,-0.5607,-0.6973,360ONE +2.0 ABB -7.9 ABCAPITAL +10.3 ADANIENT -7.9 ADANIGREEN -0.4 ADANIPORTS +1.5 ALKEM +12.6 AMBER +10.2 AMBUJACEM -0.2 ANGELONE +2.3 APLAPOLLO -6.9 APOLLOHOSP +10.1 ASHOKLEY +10.2 ASIANPAINT +3.4 ASTRAL -10.5 AUBANK -9.1 AUROPHARMA -5.3 AXISBANK -5.7 BAJAJ-AUTO +0.5 BAJAJFINSV -4.1 BAJFINANCE -4.0 BANDHANBNK -0.7 BANKBARODA -1.1 BANKINDIA +0.9 BDL +6.2 BEL -2.5 BHARATFORG -1.3 BHARTIARTL +2.4 BLUESTARCO +5.0 BOSCHLTD +0.5 BPCL -0.9 BRITANNIA -6.9 BSE +1.1 CAMS -4.1 CANBK +2.6 CDSL -8.4 CGPOWER -3.1 CHOLAFIN -4.2 CIPLA +6.6 COALINDIA -2.9 COFORGE +2.6 COLPAL -4.6 CONCOR -3.2 CROMPTON -1.1 CUMMINSIND +5.9 DABUR +3.1 DELHIVERY +12.4 DIVISLAB -5.6 DIXON +3.7 DLF -0.4 DMART -4.3 DRREDDY +0.5 EICHERMOT +1.1 ETERNAL +15.0 FEDERALBNK -3.2 FORTIS +2.6 GAIL -2.6 GLENMARK -4.1 GODREJCP -2.7 GODREJPROP -1.4 GRASIM -0.2 HAL +1.9 HAVELLS +3.0 HCLTECH -6.0 HDFCAMC +5.7 HDFCBANK +1.0 HEROMOTOCO +2.8 HINDALCO -2.9 HINDPETRO +1.8 HINDUNILVR +4.1 HINDZINC +2.2 ICICIBANK +3.8 IDFCFIRSTB -3.6 IEX -22.4 INDHOTEL +3.0 INDIANB +1.6 INDUSTOWER -5.6 INFY -2.0 INOXWIND -0.5 IREDA -3.8 IRFC +0.8 ITC +2.3 JIOFIN -1.4 JSWENERGY -2.5 JSWSTEEL +0.5 JUBLFOOD +0.2 KALYANKJIL -12.1 KAYNES +11.7 KEI +1.1 KFINTECH -9.4 KOTAKBANK -7.9 KPITTECH +2.9 LAURUSLABS +8.0 LICHSGFIN +0.3 LODHA -5.9 LTF +3.6 LTM -2.4 LUPIN -0.8 M&M -0.2 MANKIND +0.5 MARICO +0.9 MARUTI -1.3 MAXHEALTH -3.4 MAZDOCK -8.3 MFSL +5.1 MOTHERSON +2.6 MPHASIS -5.6 MUTHOOTFIN +6.8 NATIONALUM +0.1 NAUKRI -0.1 NBCC -4.3 NHPC +4.0 NTPC +1.7 NYKAA +6.3 OBEROIRLTY -0.7 OFSS +1.4 OIL -5.9 ONGC +2.2 PAGEIND -1.9 PATANJALI -2.3 PERSISTENT -10.7 PETRONET -1.7 PFC -1.2 PGEL -36.2 PHOENIXLTD +3.6 PIDILITIND +3.3 PIIND -3.8 PNB -1.3 PNBHOUSING -0.5 POLICYBZR -0.5 POLYCAB -0.3 POWERGRID -0.3 PRESTIGE +0.5 RBLBANK -4.9 RECLTD +1.9 RELIANCE -3.9 RVNL -3.0 SAIL -6.9 SBICARD -6.6 SBIN +2.3 SHREECEM -2.0 SHRIRAMFIN -3.1 SOLARINDS -3.1 SONACOMS -0.5 SRF +0.7 SUNPHARMA -4.7 SUPREMEIND +5.4 SUZLON -4.5 TATACONSUM -1.6 TATAELXSI -1.7 TATAPOWER -3.6 TATASTEEL -1.1 TCS -4.1 TECHM -0.8 TIINDIA +1.7 TITAN +1.2 TMPV +0.2 TORNTPHARM +6.9 TRENT +1.0 TVSMOTOR +2.0 ULTRACEMCO -0.3 UNIONBANK -2.3 UNITDSPR +1.3 UNOMINDA +4.3 VBL +9.2 VEDL -3.5 VOLTAS -5.3 WIPRO +3.7 YESBANK -0.7 ZYDUSLIFE +5.5
F2_profitable_4q alone,18,173,0.4394,0.3874,360ONE +2.0 ABB -4.6 ABCAPITAL +3.8 ADANIENSOL -3.3 ADANIENT -6.8 ADANIGREEN +8.2 ADANIPORTS -1.0 ALKEM +0.5 AMBER -9.3 AMBUJACEM -0.1 ANGELONE +5.9 APLAPOLLO +1.0 APOLLOHOSP -2.3 ASHOKLEY +5.8 ASIANPAINT +8.5 ASTRAL +5.3 AUBANK +8.0 AUROPHARMA -3.0 AXISBANK +0.6 BAJAJ-AUTO +0.2 BAJAJFINSV -3.0 BAJFINANCE -3.3 BANDHANBNK -11.1 BANKBARODA +6.0 BANKINDIA +2.8 BDL +5.3 BEL +3.7 BHARATFORG +5.5 BHARTIARTL +2.3 BLUESTARCO -9.6 BOSCHLTD +1.2 BPCL +5.4 BRITANNIA +5.7 BSE +3.7 CAMS -0.6 CANBK +5.4 CDSL -4.7 CGPOWER +1.0 CHOLAFIN -0.8 CIPLA -4.3 COALINDIA -2.2 COFORGE +5.1 COLPAL -0.2 CONCOR +1.7 CROMPTON -2.5 CUMMINSIND -2.0 DABUR -3.1 DELHIVERY -9.0 DIVISLAB -1.6 DIXON -4.2 DLF -2.3 DMART -2.3 DRREDDY -0.3 EICHERMOT -2.6 ETERNAL -1.4 FEDERALBNK +6.1 FORTIS -5.0 GAIL -0.5 GLENMARK +1.2 GODREJCP +6.4 GODREJPROP -7.3 GRASIM -6.0 HAL -0.8 HAVELLS +1.4 HCLTECH +0.6 HDFCAMC +2.4 HDFCBANK +1.3 HEROMOTOCO +2.2 HINDALCO -5.6 HINDPETRO +3.5 HINDUNILVR -3.0 HINDZINC -5.3 ICICIBANK -2.5 IDFCFIRSTB +6.9 IEX -5.8 INDHOTEL -6.0 INDIANB +1.8 INDUSTOWER +7.4 INFY -3.3 INOXWIND -3.0 IREDA +2.6 IRFC -0.6 ITC +0.6 JIOFIN +1.2 JSWENERGY -3.8 JSWSTEEL -1.3 JUBLFOOD +6.2 KALYANKJIL -2.3 KAYNES -5.2 KEI -3.1 KFINTECH +3.0 KOTAKBANK -2.9 KPITTECH +4.6 LAURUSLABS +0.6 LICHSGFIN -2.3 LODHA +2.5 LTF +1.0 LTM +2.5 LUPIN -0.6 M&M +3.7 MANKIND -5.8 MARICO +5.4 MARUTI -3.0 MAXHEALTH +1.6 MAZDOCK -1.1 MFSL +6.2 MOTHERSON +4.1 MPHASIS -3.1 MUTHOOTFIN +10.0 NATIONALUM +10.3 NAUKRI +0.4 NBCC +0.6 NESTLEIND +9.4 NHPC -4.6 NTPC -0.6 NYKAA +4.1 OBEROIRLTY +6.2 OFSS -2.0 OIL -1.1 ONGC -0.8 PAGEIND -1.1 PATANJALI -4.4 PERSISTENT +6.9 PETRONET -1.0 PFC -4.8 PGEL +9.1 PHOENIXLTD +2.3 PIDILITIND -3.2 PIIND -4.5 PNB +1.4 PNBHOUSING +5.6 POLICYBZR +5.6 POLYCAB +0.3 POWERGRID -4.3 POWERINDIA +14.1 PRESTIGE +0.4 RBLBANK +6.1 RECLTD -0.3 RELIANCE +6.6 RVNL -0.5 SAIL +5.6 SBICARD -3.9 SBIN +2.5 SHREECEM +1.8 SHRIRAMFIN +7.8 SOLARINDS +3.1 SONACOMS +1.3 SRF -1.6 SUNPHARMA -0.9 SUPREMEIND -8.3 SUZLON +0.5 TATACONSUM +0.3 TATAELXSI +0.4 TATAPOWER -1.1 TATASTEEL -2.7 TCS +1.8 TECHM +0.1 TIINDIA -2.0 TITAN +1.7 TMPV -7.5 TORNTPHARM +6.8 TRENT -8.1 TVSMOTOR -2.8 ULTRACEMCO -0.1 UNIONBANK +1.2 UNITDSPR +5.8 UNOMINDA +6.3 VBL +5.9 VEDL -0.5 VOLTAS +3.6 WIPRO -2.9 YESBANK -1.5 ZYDUSLIFE -3.8
F2_profitable_4q alone,19,176,0.0738,0.3407,360ONE +3.0 ABB +2.7 ABCAPITAL +5.2 ADANIENSOL -7.7 ADANIENT +14.3 ADANIGREEN -8.2 ADANIPORTS +15.9 ALKEM -6.9 AMBUJACEM -6.9 ANGELONE +10.4 APLAPOLLO +5.0 APOLLOHOSP +4.9 ASHOKLEY +2.6 ASIANPAINT -7.2 ASTRAL -2.1 AUBANK -3.0 AUROPHARMA -4.8 AXISBANK +2.1 BAJAJ-AUTO +0.7 BAJAJFINSV +3.7 BAJAJHLDNG +2.2 BAJFINANCE +6.8 BANDHANBNK +7.1 BANKBARODA -8.8 BANKINDIA +2.2 BDL -13.7 BEL +8.3 BHARATFORG +7.6 BHARTIARTL +2.1 BIOCON +1.9 BLUESTARCO +8.7 BOSCHLTD -3.0 BPCL +1.6 BRITANNIA +1.8 BSE +9.5 CAMS -4.3 CANBK -4.7 CDSL -6.5 CGPOWER +1.9 CHOLAFIN -3.5 CIPLA -4.1 COALINDIA -5.2 COFORGE -3.4 COLPAL -1.8 CONCOR +3.5 CROMPTON +7.7 CUMMINSIND +7.2 DABUR -1.3 DIVISLAB +1.3 DIXON +2.6 DLF -4.0 DMART +1.0 DRREDDY +4.4 EICHERMOT +8.2 ETERNAL -1.7 FEDERALBNK +12.0 FORTIS -0.3 GAIL -4.2 GLENMARK -2.6 GODREJCP -3.9 GODREJPROP +0.0 GRASIM +3.4 HAL +1.1 HAVELLS -6.3 HCLTECH +1.1 HDFCAMC +4.3 HDFCBANK +0.6 HEROMOTOCO -0.1 HINDALCO +0.0 HINDPETRO -5.7 HINDUNILVR -6.1 HINDZINC +4.1 ICICIBANK -3.0 IDFCFIRSTB -2.7 IEX -0.6 INDHOTEL -0.4 INDIANB +3.6 INDUSTOWER -1.2 INFY +5.9 INOXWIND -8.6 IOC +4.5 IREDA -3.0 IRFC -4.9 ITC +1.1 JIOFIN -3.1 JSWENERGY -7.8 JSWSTEEL +4.1 JUBLFOOD +0.5 KALYANKJIL +13.3 KAYNES +4.5 KEI -11.3 KFINTECH -2.0 KOTAKBANK -3.2 KPITTECH -5.7 LAURUSLABS +1.3 LICHSGFIN -2.2 LODHA +5.6 LTF +3.9 LTM -0.5 LUPIN -0.2 M&M -0.4 MANKIND -0.0 MARICO -2.0 MARUTI -6.4 MAXHEALTH +3.6 MAZDOCK -2.0 MFSL +3.5 MOTHERSON +9.9 MPHASIS -2.2 MUTHOOTFIN -7.1 NATIONALUM -12.6 NAUKRI -4.0 NBCC -1.8 NESTLEIND -0.6 NHPC +2.8 NTPC -0.9 NYKAA +12.4 OBEROIRLTY -7.5 OFSS -1.1 OIL -3.7 ONGC -1.7 PAGEIND +5.3 PATANJALI -1.6 PERSISTENT -2.5 PETRONET -4.4 PFC +6.7 PGEL +2.7 PHOENIXLTD -2.3 PIDILITIND +2.6 PIIND -1.2 PNB -2.2 PNBHOUSING -10.8 POLICYBZR -12.1 POLYCAB -1.7 POWERGRID -3.3 POWERINDIA +11.4 PREMIERENE -6.6 PRESTIGE +4.9 RBLBANK -5.7 RECLTD +0.2 RELIANCE -2.7 RVNL -3.3 SAIL -4.6 SBICARD -0.1 SBIN +6.6 SHREECEM -0.7 SHRIRAMFIN +1.5 SOLARINDS +2.9 SONACOMS +9.7 SRF -12.0 SUNPHARMA +2.4 SUPREMEIND +0.7 SUZLON -2.2 TATACONSUM -3.6 TATAELXSI -3.2 TATAPOWER +1.6 TATASTEEL +3.4 TCS +2.0 TECHM +6.4 TIINDIA +3.8 TITAN +2.6 TMPV -0.7 TORNTPHARM +5.0 TRENT +10.7 TVSMOTOR +3.0 ULTRACEMCO +3.2 UNIONBANK +7.5 UNITDSPR -2.1 UNOMINDA -4.5 VBL -5.2 VEDL -2.6 VOLTAS -0.1 WAAREEENER +3.6 WIPRO -6.8 YESBANK -5.4 ZYDUSLIFE -1.8
F2_profitable_4q alone,20,181,-0.4427,-0.4021,360ONE -5.3 ABB -11.3 ABCAPITAL +3.6 ADANIENSOL +11.3 ADANIENT +3.0 ADANIPORTS +6.4 ADANIPOWER +1.8 ALKEM -1.2 AMBUJACEM -4.8 ANGELONE +14.6 APLAPOLLO -4.9 APOLLOHOSP +3.6 ASHOKLEY -6.7 ASIANPAINT -0.5 ASTRAL -7.3 AUBANK -3.2 AUROPHARMA -3.1 AXISBANK -5.1 BAJAJ-AUTO +4.6 BAJAJFINSV -0.5 BAJAJHLDNG +1.6 BAJFINANCE +1.6 BANDHANBNK +13.4 BANKBARODA -1.6 BANKINDIA +1.1 BDL -9.7 BEL -2.4 BHARATFORG +6.6 BHARTIARTL +6.9 BIOCON +3.3 BLUESTARCO -3.0 BOSCHLTD -5.3 BPCL +3.3 BRITANNIA -5.4 BSE +4.9 CAMS +5.2 CANBK -4.4 CDSL -4.0 CGPOWER +7.0 CHOLAFIN +6.6 CIPLA +10.0 COALINDIA +3.6 COCHINSHIP -8.6 COFORGE +7.3 COLPAL -4.1 CONCOR -5.8 CROMPTON -0.4 CUMMINSIND +9.5 DABUR +5.8 DIVISLAB -1.5 DIXON +3.6 DLF -1.1 DMART -5.1 DRREDDY -2.2 EICHERMOT +8.1 ETERNAL -1.1 FEDERALBNK -2.4 FORCEMOT -0.5 FORTIS -0.4 GAIL +3.0 GLENMARK -6.4 GODFRYPHLP -4.3 GODREJCP -3.2 GODREJPROP -2.7 GRASIM +7.1 HAL -4.0 HAVELLS -3.0 HCLTECH -10.9 HDFCAMC +9.5 HDFCBANK +2.1 HEROMOTOCO +1.4 HINDALCO +1.3 HINDPETRO +0.2 HINDUNILVR +0.9 HINDZINC +4.0 HYUNDAI +3.6 ICICIBANK +3.2 IDFCFIRSTB +1.4 IEX -2.2 INDHOTEL -5.2 INDIANB -6.8 INDUSTOWER -3.3 INFY -12.5 INOXWIND -13.2 IOC -3.7 IREDA -2.4 IRFC -0.5 ITC -2.8 JIOFIN -2.3 JSWENERGY -10.3 JSWSTEEL +2.1 JUBLFOOD -4.4 KALYANKJIL -7.1 KAYNES -24.2 KEI +1.8 KFINTECH -6.6 KOTAKBANK -2.8 KPITTECH -6.0 LAURUSLABS +6.9 LICHSGFIN -4.2 LODHA -0.4 LTF -2.1 LTM -10.3 LUPIN +1.7 M&M +6.5 MANKIND +3.2 MARICO +5.1 MARUTI +1.7 MAXHEALTH -4.1 MAZDOCK -2.5 MFSL -6.1 MOTHERSON +6.3 MPHASIS +0.5 MUTHOOTFIN -1.0 NAM-INDIA -0.7 NATIONALUM -7.6 NAUKRI -0.3 NBCC +2.7 NESTLEIND +8.5 NHPC -0.5 NMDC +2.1 NTPC +0.2 NYKAA +2.1 OBEROIRLTY -2.2 OFSS +8.8 OIL +13.0 ONGC -5.5 PAGEIND +2.0 PATANJALI -0.7 PERSISTENT -7.0 PETRONET +0.9 PFC +0.7 PGEL +2.4 PHOENIXLTD -1.3 PIDILITIND +8.0 PIIND -6.8 PNB +0.8 PNBHOUSING +9.5 POLICYBZR +0.8 POLYCAB +7.8 POWERGRID -1.6 POWERINDIA -1.2 PREMIERENE +2.0 PRESTIGE +0.8 RBLBANK +2.7 RECLTD -2.8 RELIANCE +0.3 RVNL -4.0 SAIL -4.3 SBICARD -4.9 SBIN -11.5 SHREECEM +3.4 SHRIRAMFIN -6.8 SOLARINDS +13.5 SONACOMS -3.8 SRF +8.0 SUNPHARMA -2.1 SUPREMEIND -1.2 SUZLON +3.2 TATACONSUM +10.1 TATAELXSI -4.9 TATAPOWER -7.4 TATASTEEL -4.5 TCS -0.6 TECHM -5.6 TIINDIA -6.5 TITAN -3.2 TORNTPHARM +3.2 TRENT +0.4 TVSMOTOR -4.3 ULTRACEMCO -2.9 UNIONBANK -7.5 UNITDSPR +5.8 UNOMINDA -6.3 VBL +7.0 VMM -0.5 VOLTAS -2.9 WAAREEENER -6.7 WIPRO +0.8 YESBANK -0.9 ZYDUSLIFE +2.9
F2_profitable_4q alone,21,185,0.3407,0.4266,360ONE +1.4 ABB +4.0 ABCAPITAL +6.7 ADANIENSOL +0.1 ADANIPORTS -6.1 ADANIPOWER -3.5 ALKEM -1.9 AMBUJACEM +2.4 ANGELONE -1.5 APLAPOLLO +1.7 APOLLOHOSP -3.5 ASHOKLEY +0.3 ASIANPAINT +1.3 ASTRAL +10.6 AUBANK +7.0 AUROPHARMA +2.2 AXISBANK -3.7 BAJAJ-AUTO +5.3 BAJAJFINSV +8.8 BAJAJHLDNG +5.8 BAJFINANCE +8.8 BANDHANBNK -19.0 BANKBARODA -0.7 BANKINDIA -4.3 BDL +3.0 BEL -4.0 BHARATFORG -7.1 BHARTIARTL +0.3 BIOCON +2.3 BLUESTARCO -10.5 BOSCHLTD +7.4 BPCL -2.4 BRITANNIA +0.6 BSE -3.1 CAMS +2.1 CANBK -0.7 CDSL +0.3 CGPOWER -3.9 CHOLAFIN +4.6 CIPLA -1.5 COALINDIA -4.0 COCHINSHIP -3.2 COFORGE +15.0 COLPAL -2.4 CONCOR +6.1 CUMMINSIND -2.7 DABUR -0.3 DIVISLAB +7.0 DIXON -2.7 DLF -1.7 DMART -4.0 DRREDDY -4.7 EICHERMOT +1.8 ETERNAL +0.1 FEDERALBNK +7.1 FORCEMOT +2.0 FORTIS +2.4 GAIL -0.3 GLENMARK -1.3 GODFRYPHLP -0.2 GODREJCP -3.4 GODREJPROP -0.2 GRASIM -3.7 GVT&D -0.1 HAL +0.4 HAVELLS +1.9 HCLTECH +1.6 HDFCAMC -5.3 HDFCBANK -5.8 HEROMOTOCO +3.3 HINDALCO +1.4 HINDPETRO -5.0 HINDUNILVR -0.9 HINDZINC -1.1 HYUNDAI +8.9 ICICIBANK +3.1 IDFCFIRSTB +7.2 IEX -0.1 INDHOTEL -0.4 INDIANB +9.2 INDUSTOWER -2.2 INFY -3.1 INOXWIND -6.9 IOC +2.6 IREDA +0.5 IRFC +2.3 ITC +0.3 JINDALSTEL +2.0 JIOFIN +3.0 JSWENERGY -1.8 JSWSTEEL +2.4 JUBLFOOD +3.2 KALYANKJIL -7.2 KAYNES -4.2 KEI +14.1 KFINTECH +8.1 KOTAKBANK +2.4 KPITTECH +1.3 LAURUSLABS +8.5 LICHSGFIN -4.1 LODHA +3.3 LT +3.8 LTF +3.3 LTM +5.4 LUPIN -1.9 M&M +3.9 MANAPPURAM -3.9 MANKIND -5.7 MARICO -2.1 MARUTI +1.5 MAXHEALTH -3.0 MAZDOCK +3.7 MOTHERSON +11.3 MPHASIS -3.8 MUTHOOTFIN -4.4 NAM-INDIA -6.7 NATIONALUM +7.0 NAUKRI +9.5 NBCC -3.3 NESTLEIND +0.2 NHPC -0.1 NMDC -0.5 NTPC +0.1 NYKAA +0.7 OBEROIRLTY -0.2 OFSS -6.7 OIL +2.0 ONGC -1.0 PAGEIND -4.4 PATANJALI +0.4 PAYTM -4.5 PERSISTENT -0.3 PETRONET -0.2 PFC -7.8 PGEL +3.1 PHOENIXLTD -4.9 PIDILITIND +3.3 PIIND -10.7 PNB +6.5 PNBHOUSING +6.4 POLICYBZR -3.1 POLYCAB -7.2 POWERGRID -5.7 POWERINDIA +11.2 PREMIERENE +1.1 PRESTIGE -2.9 RADICO +6.8 RBLBANK -1.1 RECLTD +2.1 RELIANCE +2.1 RVNL -1.5 SAIL +0.4 SBICARD +2.9 SBIN +1.6 SHREECEM +0.7 SHRIRAMFIN -1.8 SOLARINDS +6.6 SONACOMS -2.0 SRF -8.6 SUNPHARMA -1.3 SUPREMEIND +0.7 SUZLON -9.2 TATACONSUM +1.2 TATAELXSI -4.5 TATAPOWER -1.3 TATASTEEL +3.8 TCS -1.3 TECHM +5.9 TIINDIA -3.5 TITAN +3.6 TORNTPHARM +4.6 TRENT -3.6 TVSMOTOR +7.9 ULTRACEMCO +2.7 UNIONBANK -0.9 UNITDSPR +1.6 UNOMINDA +5.8 VBL -1.8 VEDL +1.9 VMM -4.9 VOLTAS -1.7 WAAREEENER -4.2 WIPRO -0.6 YESBANK -2.6 ZYDUSLIFE +8.0
F9_piotroski_high + lag<-10 (no volume),3,5,1.0113,0.9524,IDEA -8.4 NAUKRI +8.7 PERSISTENT -1.1 TECHM +5.1 ZYDUSLIFE +0.7
F9_piotroski_high + lag<-10 (no volume),4,7,1.9716,1.0299,HINDALCO +4.9 JINDALSTEL -4.2 JSWSTEEL +2.1 MPHASIS +2.7 NATIONALUM -3.0 NAUKRI +12.2 NMDC -1.0
F9_piotroski_high + lag<-10 (no volume),5,2,-1.4559,-1.4559,GLENMARK +2.9 IEX -5.8
F9_piotroski_high + lag<-10 (no volume),6,2,-4.5068,-4.5068,ASTRAL -5.3 IEX -3.7
F9_piotroski_high + lag<-10 (no volume),11,4,1.7592,1.7592,AUROPHARMA +2.4 CROMPTON -0.2 IEX +3.0 POLYCAB +1.9
F9_piotroski_high + lag<-10 (no volume),12,4,-0.4595,-0.4595,INFY +1.3 LTM -0.9 OFSS -5.3 WIPRO +3.0
F9_piotroski_high + lag<-10 (no volume),13,11,0.1555,0.8423,ABB +6.7 ASTRAL -2.8 CUMMINSIND +6.8 HAL +0.9 HINDALCO -0.2 JINDALSTEL -1.5 NATIONALUM -1.5 OBEROIRLTY +1.1 POLYCAB -4.8 SAIL -4.3 SIEMENS +1.4
F9_piotroski_high + lag<-10 (no volume),14,4,-0.9180,-0.9180,GAIL +4.5 HEROMOTOCO +0.3 IEX +0.9 MOTHERSON -9.4
F9_piotroski_high + lag<-10 (no volume),15,15,-3.2865,-2.0987,ABB -5.6 CAMS -4.1 CDSL -17.4 CUMMINSIND +9.5 DLF -1.3 ETERNAL -11.3 JSWENERGY -13.3 KALYANKJIL +14.8 LODHA +4.4 MOTHERSON -3.0 NAUKRI +4.3 OBEROIRLTY -5.3 OIL -6.2 TRENT -4.9 VOLTAS -10.0
F9_piotroski_high + lag<-10 (no volume),16,11,4.1470,3.2487,BHARATFORG +7.2 HCLTECH +10.6 INFY +1.8 JSWENERGY +6.1 POWERGRID -0.6 SHREECEM +4.8 SONACOMS +7.3 TATAELXSI +11.0 VEDL -0.2 VOLTAS -1.4 WIPRO -1.1
F9_piotroski_high + lag<-10 (no volume),17,2,0.8342,0.8342,HINDZINC +2.2 INOXWIND -0.5
F9_piotroski_high + lag<-10 (no volume),18,3,6.6681,6.6681,GODREJCP +6.4 POWERINDIA +14.1 RVNL -0.5
F9_piotroski_high + lag<-10 (no volume),19,5,-0.1277,-0.1277,ADANIGREEN -8.2 KALYANKJIL +13.3 NAUKRI -4.0 PREMIERENE -6.6 PRESTIGE +4.9
F9_piotroski_high + lag<-10 (no volume),21,3,-0.0962,2.9412,DELHIVERY +2.1 IDEA +2.1 TATAELXSI -4.5
F9_piotroski_high + vol>=1.0 (no lag),3,23,0.3238,0.6964,ASTRAL -5.0 BEL +2.7 BPCL -0.7 COALINDIA -2.6 CUMMINSIND +3.4 DABUR +3.6 DRREDDY -2.2 HINDALCO +3.0 INFY +2.5 JINDALSTEL -1.9 JSWSTEEL -7.9 JUBLFOOD -5.8 LT -0.8 NAUKRI +8.7 NMDC +1.5 NTPC +4.5 PETRONET +3.5 TATACONSUM +1.5 TCS +0.5 TECHM +5.1 ULTRACEMCO -0.6 WIPRO -6.3 ZYDUSLIFE +0.7
F9_piotroski_high + vol>=1.0 (no lag),4,14,0.3439,0.0058,ADANIENT -3.3 AMBUJACEM -3.4 BHARTIARTL +0.9 BIOCON -3.1 COFORGE +2.6 DABUR -8.6 HINDUNILVR +6.6 JINDALSTEL -4.2 JSWSTEEL +2.1 NAUKRI +12.2 NMDC -1.0 SIEMENS +2.3 TECHM -2.9 ZYDUSLIFE +4.4
F9_piotroski_high + vol>=1.0 (no lag),5,16,2.5184,2.6027,ASTRAL +1.8 BOSCHLTD +1.2 COALINDIA +4.8 COFORGE +1.7 COLPAL -1.0 CUMMINSIND +5.6 EICHERMOT +2.8 GLENMARK +2.9 HINDALCO +5.5 MPHASIS +6.0 PERSISTENT +8.9 TATACONSUM -1.4 TECHM -3.3 UPL +1.8 VEDL +5.3 VOLTAS -2.3
F9_piotroski_high + vol>=1.0 (no lag),6,7,1.1575,0.4108,APOLLOHOSP +1.4 BIOCON +2.9 COALINDIA +3.9 DIVISLAB -13.2 HINDALCO +9.1 INFY +3.6 UPL +0.6
F9_piotroski_high + vol>=1.0 (no lag),7,5,0.6492,-0.4711,CONCOR -4.4 HINDUNILVR -4.5 INDIGO -0.6 TITAN +3.8 TMPV +9.0
F9_piotroski_high + vol>=1.0 (no lag),8,6,3.0033,2.7280,ASIANPAINT +3.2 DLF +7.8 HINDUNILVR -1.3 TATACONSUM +6.5 TCS -2.3 TMPV +4.2
F9_piotroski_high + vol>=1.0 (no lag),9,8,2.2538,0.8203,COALINDIA +0.5 COFORGE -6.7 DRREDDY +2.1 HEROMOTOCO -2.3 INDIGO -5.6 NTPC +11.1 POLYCAB +10.9 UNITDSPR +8.1
F9_piotroski_high + vol>=1.0 (no lag),10,5,-0.0262,-0.0262,HCLTECH -0.4 INDHOTEL -1.8 LT -0.2 PIDILITIND +1.0 TATACONSUM +1.3
F9_piotroski_high + vol>=1.0 (no lag),11,45,1.3977,1.4236,ABB +10.2 ADANIPORTS +6.1 ALKEM +0.5 ASTRAL +1.8 AUROPHARMA +2.4 BEL -0.7 BHARATFORG -14.9 BHARTIARTL -1.4 COLPAL +1.3 CONCOR -5.1 CROMPTON -0.2 CUMMINSIND +9.8 DLF -2.3 DRREDDY +4.5 GODREJCP +7.4 HAVELLS -5.6 HCLTECH +6.4 HINDALCO -15.6 HINDUNILVR -3.7 IEX +3.0 INDHOTEL +1.4 INDIGO +6.9 INDUSTOWER +4.5 INFY +5.6 IOC -2.7 ITC -5.6 LT -3.1 NATIONALUM -0.1 NTPC +2.2 OFSS +29.1 ONGC -5.0 PETRONET +2.8 PIDILITIND -3.4 POLYCAB +1.9 POWERGRID -2.3 RELIANCE -0.4 SAIL -16.0 SHREECEM +4.2 SUNPHARMA +0.6 TATACONSUM -1.1 TCS +5.2 TECHM -4.4 TMPV +4.9 TRENT +25.6 ZYDUSLIFE +8.1
F9_piotroski_high + vol>=1.0 (no lag),12,29,0.8145,0.7086,ALKEM -7.4 ASIANPAINT -4.8 ASTRAL -0.7 BEL +13.6 BOSCHLTD +2.0 BRITANNIA +6.0 COLPAL -4.5 CROMPTON +17.4 CUMMINSIND -5.4 DLF +0.3 DRREDDY -4.7 HAL +11.2 HAVELLS +1.7 HCLTECH -6.2 HINDPETRO -2.4 HINDUNILVR -0.5 INFY +1.3 LT -5.4 LTM -0.9 MOTHERSON +5.5 MPHASIS +2.5 PIIND +3.4 RELIANCE -0.3 SIEMENS -3.2 TATAPOWER -7.5 TCS -0.1 TECHM +6.6 ULTRACEMCO +3.0 WIPRO +3.0
F9_piotroski_high + vol>=1.0 (no lag),13,31,0.7685,0.5981,APOLLOHOSP -1.1 ASIANPAINT -0.3 AUROPHARMA +1.8 BHARATFORG +7.7 COFORGE +3.0 CUMMINSIND +6.8 DLF +2.5 EICHERMOT +3.9 HINDPETRO +5.8 HINDUNILVR -0.3 INFY +5.0 IOC +2.9 ITC -0.2 JINDALSTEL -1.5 LUPIN +1.8 MOTHERSON -1.6 MPHASIS +3.3 NAUKRI +1.9 NTPC +3.8 OFSS +2.6 ONGC -10.8 PIIND +3.4 SAIL -4.3 SHREECEM -8.3 SUNPHARMA +1.8 TATAPOWER -6.6 TMPV -5.7 TRENT +16.0 TVSMOTOR +0.3 VEDL -0.2 WIPRO -9.6
F9_piotroski_high + vol>=1.0 (no lag),14,18,-1.1952,-1.1952,ABB -4.0 ALKEM -1.7 AMBUJACEM +2.9 ASIANPAINT -13.4 COFORGE +5.4 DLF +2.4 HCLTECH +3.4 HINDALCO +0.6 LT +8.3 MARUTI -2.1 NATIONALUM -5.6 NAUKRI -0.4 NMDC -6.0 OBEROIRLTY -1.5 PIDILITIND -1.0 RELIANCE -2.0 TVSMOTOR -9.6 WIPRO +3.0
F9_piotroski_high + vol>=1.0 (no lag),15,35,-0.8063,-0.8474,ADANIGREEN -3.2 BHARATFORG -5.2 BPCL -2.2 CAMS -4.1 COALINDIA -4.0 COFORGE +11.8 CROMPTON -1.9 CUMMINSIND +9.5 DMART -9.1 EICHERMOT -6.9 ETERNAL -11.3 GAIL +6.6 HAVELLS +3.2 HEROMOTOCO +0.9 HINDUNILVR -1.0 INDHOTEL -2.3 INDUSTOWER +1.8 INFY -6.5 KALYANKJIL +14.8 KPITTECH +10.1 LODHA +4.4 M&M -1.3 NYKAA -4.1 PIIND -0.8 POLYCAB -8.3 SHREECEM +6.6 SIEMENS -4.6 SOLARINDS -4.0 SONACOMS -5.6 SUNPHARMA +0.4 TATAELXSI -8.4 TIINDIA -7.0 TRENT -4.9 ULTRACEMCO +5.9 UNITDSPR +2.3
F9_piotroski_high + vol>=1.0 (no lag),16,38,0.9827,0.5229,ALKEM -3.2 BAJAJ-AUTO -4.0 BEL +3.8 BIOCON -3.4 CDSL -4.5 CIPLA +1.0 CONCOR -0.8 CUMMINSIND +7.6 DIVISLAB +3.9 DIXON -6.3 DLF +6.2 DMART -4.7 HAL +9.3 HAVELLS -1.6 HCLTECH +10.6 HEROMOTOCO +5.5 HINDUNILVR -2.7 HINDZINC +0.9 INDHOTEL -4.3 INDUSTOWER -7.0 INFY +1.8 KPITTECH +4.2 MARICO +1.7 MARUTI -0.5 MPHASIS +5.7 NATIONALUM +1.7 NHPC -2.3 NYKAA -3.1 OBEROIRLTY -3.4 OFSS +1.6 SOLARINDS +1.4 SONACOMS +7.3 TATAELXSI +11.0 TATAPOWER +1.7 TCS -1.4 TECHM +6.1 TMPV -1.3 WIPRO -1.1
F9_piotroski_high + vol>=1.0 (no lag),17,16,-1.5465,-1.5465,AUROPHARMA -5.3 BOSCHLTD +0.5 BRITANNIA -6.9 COLPAL -4.6 DABUR +3.1 GODREJCP -2.7 HAVELLS +3.0 HEROMOTOCO +2.8 HINDPETRO +1.8 LODHA -5.9 NAUKRI -0.1 PAGEIND -1.9 PERSISTENT -10.7 PHOENIXLTD +3.6 SONACOMS -0.5 UPL -1.0
F9_piotroski_high + vol>=1.0 (no lag),18,26,0.0445,0.0408,ALKEM +0.5 ASIANPAINT +8.5 BEL +3.7 BOSCHLTD +1.2 BSE +3.7 CIPLA -4.3 CONCOR +1.7 CROMPTON -2.5 CUMMINSIND -2.0 DIVISLAB -1.6 GAIL -0.5 GODREJCP +6.4 HINDZINC -5.3 IEX -5.8 LTM +2.5 LUPIN -0.6 PATANJALI -4.4 PETRONET -1.0 POLICYBZR +5.6 POWERGRID -4.3 SUZLON +0.5 TATAELXSI +0.4 TATAPOWER -1.1 TIINDIA -2.0 UPL +2.4 VEDL -0.5
F9_piotroski_high + vol>=1.0 (no lag),19,55,0.0503,0.6259,ADANIENSOL -7.7 ADANIPORTS +15.9 ALKEM -6.9 AMBUJACEM -6.9 APOLLOHOSP +4.9 AUROPHARMA -4.8 BEL +8.3 BHARATFORG +7.6 BSE +9.5 CDSL -6.5 CIPLA -4.1 COFORGE -3.4 COLPAL -1.8 DABUR -1.3 DIVISLAB +1.3 DLF -4.0 DRREDDY +4.4 GAIL -4.2 HAL +1.1 HCLTECH +1.1 HINDPETRO -5.7 HINDZINC +4.1 INDUSTOWER -1.2 IOC +4.5 JSWSTEEL +4.1 KALYANKJIL +13.3 KPITTECH -5.7 LAURUSLABS +1.3 M&M -0.4 MAXHEALTH +3.6 NATIONALUM -12.6 NAUKRI -4.0 NESTLEIND -0.6 NTPC -0.9 ONGC -1.7 PHOENIXLTD -2.3 PIDILITIND +2.6 POLICYBZR -12.1 POLYCAB -1.7 POWERINDIA +11.4 PREMIERENE -6.6 PRESTIGE +4.9 RELIANCE -2.7 SAIL -4.6 SHREECEM -0.7 SOLARINDS +2.9 SUZLON -2.2 TATACONSUM -3.6 TATAPOWER +1.6 TATASTEEL +3.4 TIINDIA +3.8 TITAN +2.6 TORNTPHARM +5.0 ULTRACEMCO +3.2 VEDL -2.6
F9_piotroski_high + vol>=1.0 (no lag),20,27,1.1039,1.3881,ADANIENSOL +11.3 ADANIGREEN +2.6 BRITANNIA -5.4 CAMS +5.2 DIVISLAB -1.5 GLENMARK -6.4 HCLTECH -10.9 HINDPETRO +0.2 HINDUNILVR +0.9 IDEA +4.3 INDUSTOWER -3.3 LAURUSLABS +6.9 LTM -10.3 LUPIN +1.7 NESTLEIND +8.5 OFSS +8.8 POWERINDIA -1.2 RELIANCE +0.3 SAIL -4.3 SONACOMS -3.8 TATACONSUM +10.1 TCS -0.6 TRENT +0.4 UNITDSPR +5.8 VBL +7.0 WIPRO +0.8 ZYDUSLIFE +2.9
F9_piotroski_high + vol>=1.0 (no lag),21,23,-0.7880,-0.4891,BAJAJ-AUTO +5.3 DIVISLAB +7.0 DMART -4.0 GVT&D -0.1 HAL +0.4 HAVELLS +1.9 HCLTECH +1.6 HEROMOTOCO +3.3 IEX -0.1 INDHOTEL -0.4 JUBLFOOD +3.2 KALYANKJIL -7.2 KAYNES -4.2 LUPIN -1.9 MARICO -2.1 OBEROIRLTY -0.2 PAYTM -4.5 PERSISTENT -0.3 PIDILITIND +3.3 POLYCAB -7.2 SONACOMS -2.0 SRF -8.6 SUNPHARMA -1.3
F9_piotroski_high alone,3,63,-0.9655,-0.8191,ADANIENT -2.1 AMBUJACEM -7.0 ASTRAL -5.0 AUROPHARMA +5.3 BAJAJ-AUTO -5.2 BEL +2.7 BHARATFORG +1.3 BHARTIARTL -0.1 BIOCON +8.0 BPCL -0.7 CIPLA +6.8 COALINDIA -2.6 COLPAL -0.2 CUMMINSIND +3.4 DABUR +3.6 DIVISLAB -1.2 DRREDDY -2.2 EICHERMOT +3.3 GAIL -0.6 GLENMARK -4.7 GMRAIRPORT +0.4 GRASIM -3.0 HAL +0.2 HAVELLS -5.6 HINDALCO +3.0 HINDPETRO -5.3 HINDUNILVR -1.8 IDEA -8.4 IEX -8.3 INDUSTOWER +1.9 INFY +2.5 IOC -0.7 JINDALSTEL -1.9 JSWSTEEL -7.9 JUBLFOOD -5.8 LAURUSLABS +6.5 LT -0.8 LTM -7.2 M&M +2.6 MPHASIS -5.6 NATIONALUM +2.0 NAUKRI +8.7 NMDC +1.5 NTPC +4.5 OFSS -9.3 ONGC +1.4 PERSISTENT -1.1 PETRONET +3.5 PIDILITIND -9.1 POWERGRID -0.7 SIEMENS -1.0 SRF -5.0 SUNPHARMA +9.6 TATACONSUM +1.5 TATAPOWER -4.0 TCS +0.5 TECHM +5.1 TORNTPHARM -15.2 ULTRACEMCO -0.6 UNITDSPR -6.4 VEDL +1.2 WIPRO -6.3 ZYDUSLIFE +0.7
F9_piotroski_high alone,4,51,-0.3117,-0.6001,ADANIENT -3.3 AMBUJACEM -3.4 BEL +1.9 BHARTIARTL +0.9 BIOCON -3.1 BPCL -2.4 CIPLA +0.3 COALINDIA -0.6 COFORGE +2.6 COLPAL +2.7 CUMMINSIND -0.0 DABUR -8.6 DIVISLAB -13.0 DRREDDY +8.8 EICHERMOT +9.4 GAIL -5.5 GMRAIRPORT +7.3 GRASIM -7.8 HAVELLS +0.6 HINDALCO +4.9 HINDPETRO -4.6 HINDUNILVR +6.6 IDEA -4.5 IEX -1.7 INDUSTOWER -2.6 INFY -8.3 IOC -2.6 JINDALSTEL -4.2 JSWSTEEL +2.1 JUBLFOOD +13.0 LAURUSLABS +2.0 LT -4.6 MPHASIS +2.7 NATIONALUM -3.0 NAUKRI +12.2 NMDC -1.0 NTPC +1.1 OFSS -2.0 ONGC -0.2 PERSISTENT +7.4 POWERGRID -0.5 SIEMENS +2.3 SRF -12.2 SUNPHARMA -4.4 TATACONSUM -5.8 TATAPOWER -6.1 TCS +0.2 TECHM -2.9 UNITDSPR +10.0 VEDL -0.8 ZYDUSLIFE +4.4
F9_piotroski_high alone,5,51,0.1625,0.2380,APOLLOHOSP -2.5 ASTRAL +1.8 BAJAJ-AUTO -4.3 BEL +7.3 BHARTIARTL +3.0 BHEL -5.4 BOSCHLTD +1.2 CIPLA +3.1 COALINDIA +4.8 COFORGE +1.7 COLPAL -1.0 CONCOR -5.6 CUMMINSIND +5.6 DIVISLAB -5.5 DLF +4.2 DRREDDY -2.8 EICHERMOT +2.8 GAIL -6.1 GLENMARK +2.9 GMRAIRPORT +1.8 HAVELLS -0.3 HCLTECH -6.8 HINDALCO +5.5 HINDUNILVR +1.4 IEX -5.8 INDUSTOWER -7.2 INFY -5.4 ITC +2.1 JINDALSTEL -1.0 JSWSTEEL -0.8 JUBLFOOD -0.3 LT +1.7 MPHASIS +6.0 NATIONALUM +2.2 NAUKRI +4.4 NTPC +4.5 PERSISTENT +8.9 POWERGRID +1.2 SHREECEM -0.7 SRF -1.7 SUNPHARMA +2.9 TATACONSUM -1.4 TATAPOWER -5.6 TATASTEEL +1.7 TCS -4.5 TECHM -3.3 ULTRACEMCO +4.9 UNITDSPR -6.0 UPL +1.8 VEDL +5.3 VOLTAS -2.3
F9_piotroski_high alone,6,32,-0.0966,-0.0408,APOLLOHOSP +1.4 ASTRAL -5.3 BEL +0.6 BHARTIARTL +2.3 BIOCON +2.9 COALINDIA +3.9 COFORGE +0.7 CONCOR -2.0 DIVISLAB -13.2 DLF -0.7 DRREDDY -0.2 EICHERMOT -6.3 HCLTECH +2.0 HINDALCO +9.1 HINDUNILVR -0.3 IEX -3.7 INDHOTEL -8.4 INDUSTOWER -3.4 INFY +3.6 ITC +1.6 JUBLFOOD -8.6 LT +3.1 MARICO -4.6 NATIONALUM -1.1 NAUKRI +12.1 NTPC +6.5 PIIND +6.2 TATACONSUM -1.6 TCS -1.0 UNITDSPR +0.9 UPL +0.6 VEDL +0.3
F9_piotroski_high alone,7,22,-0.1877,-1.0513,BHARTIARTL -2.3 COALINDIA -0.8 COFORGE +10.7 CONCOR -4.4 DIVISLAB -18.1 DLF -3.7 DRREDDY -0.5 EICHERMOT +3.2 HINDUNILVR -4.5 INDHOTEL +13.6 INDIGO -0.6 JUBLFOOD -10.5 MARICO -0.1 MARUTI +4.1 NTPC +3.1 PIIND -0.3 POLYCAB +1.7 TATACONSUM -0.4 TCS -0.6 TITAN +3.8 TMPV +9.0 UNITDSPR -6.5
F9_piotroski_high alone,8,22,1.4022,1.1880,ASIANPAINT +3.2 BHARTIARTL +0.0 COALINDIA -0.4 COFORGE +6.4 CONCOR -2.6 DLF +7.8 DRREDDY -7.7 EICHERMOT +7.2 HINDUNILVR -1.3 INDHOTEL +0.1 INDIGO -0.6 ITC -1.0 MARICO +5.7 MARUTI +0.9 NTPC -1.1 PIIND -2.3 POLYCAB +5.3 TATACONSUM +6.5 TCS -2.3 TITAN +1.1 TMPV +4.2 UNITDSPR +1.8
F9_piotroski_high alone,9,26,0.4022,-0.0874,ASIANPAINT -4.1 BEL +2.4 COALINDIA +0.5 COFORGE -6.7 CONCOR -4.7 DLF -1.4 DRREDDY +2.1 EICHERMOT -1.6 HCLTECH -1.4 HEROMOTOCO -2.3 INDHOTEL -0.1 INDIGO -5.6 ITC -0.3 LT +2.4 MARICO +5.3 MARUTI -0.4 MOTHERSON -0.4 NTPC +11.1 PIDILITIND -3.0 PIIND +2.6 POLYCAB +10.9 SUNPHARMA -0.4 TATACONSUM -1.5 TITAN -3.4 TMPV +2.4 UNITDSPR +8.1
F9_piotroski_high alone,10,32,1.2741,1.1607,ABB +0.8 ADANIPORTS +1.4 ASIANPAINT -3.8 BEL +3.4 COALINDIA +4.5 COFORGE -1.2 COLPAL +0.3 CONCOR +3.8 CUMMINSIND +3.3 DLF +7.7 DRREDDY -3.1 EICHERMOT +0.8 HCLTECH -0.4 HEROMOTOCO -1.9 HINDPETRO +9.0 INDHOTEL -1.8 INDIGO +5.7 ITC -3.4 LT -0.2 MARICO -0.1 MARUTI -1.8 MOTHERSON -3.9 NTPC +1.8 PIDILITIND +1.0 PIIND +4.7 POLYCAB -2.3 POWERGRID +1.3 SUNPHARMA +1.6 TATACONSUM +1.3 TMPV +3.0 UNITDSPR +2.5 ZYDUSLIFE +6.8
F9_piotroski_high alone,11,75,1.3112,1.4311,ABB +10.2 ADANIENT +2.1 ADANIPORTS +6.1 ALKEM +0.5 ASIANPAINT -3.4 ASTRAL +1.8 AUROPHARMA +2.4 BAJAJ-AUTO +7.0 BEL -0.7 BHARATFORG -14.9 BHARTIARTL -1.4 BOSCHLTD +7.5 BPCL +5.6 BRITANNIA -1.3 CIPLA +6.8 COLPAL +1.3 CONCOR -5.1 CROMPTON -0.2 CUMMINSIND +9.8 DABUR +3.7 DLF -2.3 DRREDDY +4.5 EICHERMOT +1.6 GODREJCP +7.4 HAL -5.6 HAVELLS -5.6 HCLTECH +6.4 HEROMOTOCO -2.1 HINDALCO -15.6 HINDPETRO +2.9 HINDUNILVR -3.7 IEX +3.0 INDHOTEL +1.4 INDIGO +6.9 INDUSTOWER +4.5 INFY +5.6 IOC -2.7 ITC -5.6 JINDALSTEL +1.6 LAURUSLABS -5.7 LT -3.1 LUPIN +2.1 MARICO -1.2 MARUTI +6.4 MOTHERSON -3.5 MPHASIS -1.7 NATIONALUM -0.1 NMDC +7.3 NTPC +2.2 OBEROIRLTY -14.7 OFSS +29.1 ONGC -5.0 PAGEIND -0.1 PERSISTENT +6.2 PETRONET +2.8 PIDILITIND -3.4 PIIND +2.3 POLYCAB +1.9 POWERGRID -2.3 RELIANCE -0.4 SAIL -16.0 SHREECEM +4.2 SIEMENS +2.4 SUNPHARMA +0.6 TATACONSUM -1.1 TATAPOWER -8.4 TCS +5.2 TECHM -4.4 TMPV +4.9 TORNTPHARM +4.5 TRENT +25.6 ULTRACEMCO +1.5 UNITDSPR +2.7 WIPRO +8.9 ZYDUSLIFE +8.1
F9_piotroski_high alone,12,78,0.9963,1.0212,ABB +11.2 ADANIENT -2.9 ADANIPORTS +0.2 ALKEM -7.4 APOLLOHOSP -1.1 ASIANPAINT -4.8 ASTRAL -0.7 AUROPHARMA -0.7 BAJAJ-AUTO -2.1 BEL +13.6 BHARATFORG +13.2 BHARTIARTL +0.7 BOSCHLTD +2.0 BPCL +2.6 BRITANNIA +6.0 CIPLA +2.3 COLPAL -4.5 CONCOR +5.8 CROMPTON +17.4 CUMMINSIND -5.4 DABUR +4.5 DLF +0.3 DRREDDY -4.7 EICHERMOT +3.5 GAIL +2.0 GODREJCP +7.1 HAL +11.2 HAVELLS +1.7 HCLTECH -6.2 HEROMOTOCO +5.6 HINDALCO -1.0 HINDPETRO -2.4 HINDUNILVR -0.5 IEX +2.0 INDHOTEL -1.2 INDIGO -1.3 INDUSTOWER -0.1 INFY +1.3 IOC +1.3 ITC +0.3 JINDALSTEL +6.1 LAURUSLABS +0.9 LT -5.4 LTM -0.9 LUPIN -2.2 MARICO +12.4 MARUTI -2.0 MOTHERSON +5.5 MPHASIS +2.5 NATIONALUM +0.1 NMDC -2.7 NTPC -1.1 OBEROIRLTY +7.0 OFSS -5.3 ONGC +0.2 PAGEIND +1.0 PERSISTENT -8.0 PETRONET -1.6 PIDILITIND -4.7 PIIND +3.4 POLYCAB +8.5 POWERGRID +1.0 RELIANCE -0.3 SAIL +1.4 SHREECEM +0.6 SIEMENS -3.2 SUNPHARMA -2.4 TATAPOWER -7.5 TCS -0.1 TECHM +6.6 TMPV -4.9 TORNTPHARM -0.3 TRENT +2.0 ULTRACEMCO +3.0 UNITDSPR -2.5 VOLTAS -12.0 WIPRO +3.0 ZYDUSLIFE +10.4
F9_piotroski_high alone,13,83,1.0260,0.9500,ABB +6.7 ADANIENT +1.1 ADANIPORTS +2.7 ALKEM +3.7 AMBUJACEM -2.3 APOLLOHOSP -1.1 ASIANPAINT -0.3 ASTRAL -2.8 AUROPHARMA +1.8 BEL +5.5 BHARATFORG +7.7 BIOCON +0.8 BOSCHLTD -4.3 BPCL -2.3 BRITANNIA -1.5 CIPLA +3.4 COALINDIA +5.4 COFORGE +3.0 COLPAL +6.7 CONCOR -0.1 CUMMINSIND +6.8 DABUR -1.0 DIXON +7.2 DLF +2.5 DRREDDY -0.7 EICHERMOT +3.9 GAIL +4.4 HAL +0.9 HAVELLS -6.6 HCLTECH +3.9 HEROMOTOCO -2.5 HINDALCO -0.2 HINDPETRO +5.8 HINDUNILVR -0.3 IEX +2.7 INDHOTEL +5.8 INDIGO +1.5 INDUSTOWER -2.6 INFY +5.0 IOC +2.9 ITC -0.2 JINDALSTEL -1.5 JSWSTEEL -4.9 JUBLFOOD +7.4 LT -0.8 LTM +5.1 LUPIN +1.8 M&M -3.6 MARICO -6.9 MARUTI +4.7 MOTHERSON -1.6 MPHASIS +3.3 NATIONALUM -1.5 NAUKRI +1.9 NTPC +3.8 OBEROIRLTY +1.1 OFSS +2.6 ONGC -10.8 PAGEIND -2.0 PERSISTENT -4.3 PETRONET +7.0 PIDILITIND +3.1 PIIND +3.4 POLYCAB -4.8 POWERGRID +1.5 RELIANCE -4.8 SAIL -4.3 SHREECEM -8.3 SIEMENS +1.4 SUNPHARMA +1.8 TATAPOWER -6.6 TCS +5.1 TECHM +3.2 TMPV -5.7 TORNTPHARM +6.7 TRENT +16.0 TVSMOTOR +0.3 ULTRACEMCO -1.2 UNITDSPR +6.4 VEDL -0.2 VOLTAS +9.7 WIPRO -9.6 ZYDUSLIFE -1.7
F9_piotroski_high alone,14,84,-1.5569,-1.6472,ABB -4.0 ADANIENT +9.9 ADANIPORTS +5.8 ALKEM -1.7 AMBUJACEM +2.9 APOLLOHOSP +6.7 ASIANPAINT -13.4 ASTRAL +1.1 AUROPHARMA -6.3 BAJAJ-AUTO -15.2 BEL +0.5 BHARATFORG -4.1 BHARTIARTL -2.5 BIOCON -2.4 BOSCHLTD -5.5 BPCL -3.9 BRITANNIA -11.9 CIPLA -4.8 COALINDIA -6.9 COFORGE +5.4 COLPAL -7.9 CONCOR +5.1 CROMPTON -3.4 CUMMINSIND +4.9 DABUR -2.4 DIVISLAB -2.5 DIXON -6.4 DLF +2.4 EICHERMOT +2.1 GAIL +4.5 HAL -3.9 HAVELLS -4.2 HCLTECH +3.4 HEROMOTOCO +0.3 HINDALCO +0.6 HINDPETRO -3.3 HINDUNILVR -7.1 IEX +0.9 INDHOTEL +9.5 INDIGO -11.4 INDUSTOWER -7.3 INFY -4.0 IOC -6.0 ITC +0.1 JINDALSTEL +4.2 JSWSTEEL +1.4 JUBLFOOD +6.8 LT +8.3 LTM -0.8 LUPIN -3.6 MARICO +1.8 MARUTI -2.1 MOTHERSON -9.4 MPHASIS +5.7 NATIONALUM -5.6 NAUKRI -0.4 NMDC -6.0 NTPC -4.1 OBEROIRLTY -1.5 OFSS +0.2 ONGC -3.4 PAGEIND +10.4 PERSISTENT +4.5 PETRONET -2.4 PIDILITIND -1.0 PIIND -7.4 POLYCAB -5.0 POWERGRID -0.8 RELIANCE -2.0 SAIL -0.1 SHREECEM -1.6 SUNPHARMA +1.3 TATAPOWER +3.4 TCS -2.5 TMPV -4.2 TORNTPHARM +0.0 TRENT -9.8 TVSMOTOR -9.6 ULTRACEMCO -1.7 UNITDSPR -2.4 VEDL -3.8 VOLTAS -3.2 WIPRO +3.0 ZYDUSLIFE -0.7
F9_piotroski_high alone,15,95,-1.1959,-0.9968,ABB -5.6 ADANIENT +0.1 ADANIGREEN -3.2 ADANIPORTS +1.8 ALKEM -6.1 APOLLOHOSP -8.2 ASIANPAINT -3.2 AUROPHARMA +1.7 BAJAJ-AUTO +2.7 BEL +12.8 BHARATFORG -5.2 BHARTIARTL +1.0 BIOCON +0.8 BOSCHLTD -7.3 BPCL -2.2 BSE +3.1 CAMS -4.1 CDSL -17.4 CIPLA +0.9 COALINDIA -4.0 COFORGE +11.8 COLPAL -0.7 CONCOR +5.6 CROMPTON -1.9 CUMMINSIND +9.5 DELHIVERY -9.7 DIVISLAB +9.1 DIXON -10.1 DLF -1.3 DMART -9.1 EICHERMOT -6.9 ETERNAL -11.3 GAIL +6.6 HAL -3.3 HAVELLS +3.2 HCLTECH -6.0 HEROMOTOCO +0.9 HINDALCO +1.7 HINDUNILVR -1.0 IEX -0.5 INDHOTEL -2.3 INDIGO +4.1 INDUSTOWER +1.8 INFY -6.5 JINDALSTEL -5.9 JSWENERGY -13.3 JUBLFOOD -2.2 KALYANKJIL +14.8 KPITTECH +10.1 LODHA +4.4 LT +4.5 LUPIN -5.3 M&M -1.3 MARICO +3.3 MARUTI +0.1 MAXHEALTH +3.8 MOTHERSON -3.0 MPHASIS +8.3 NATIONALUM -6.9 NAUKRI +4.3 NBCC -7.2 NTPC -1.7 NYKAA -4.1 OBEROIRLTY -5.3 OFSS -6.2 OIL -6.2 PAGEIND -7.1 PETRONET -12.6 PIDILITIND +4.4 PIIND -0.8 POLYCAB -8.3 POWERGRID -5.3 SHREECEM +6.6 SIEMENS -4.6 SOLARINDS -4.0 SONACOMS -5.6 SRF +9.9 SUNPHARMA +0.4 SUPREMEIND -8.5 TATAELXSI -8.4 TATAPOWER -0.5 TATASTEEL -1.3 TCS +5.9 TIINDIA -7.0 TMPV -1.9 TORNTPHARM +5.3 TRENT -4.9 TVSMOTOR +8.5 ULTRACEMCO +5.9 UNITDSPR +2.3 VBL -8.7 VEDL +2.2 VOLTAS -10.0 WIPRO +2.8 ZYDUSLIFE +4.7
F9_piotroski_high alone,16,94,1.0974,0.7699,ABB +3.5 ADANIENT +5.5 ADANIGREEN -4.7 ADANIPORTS +10.5 ALKEM -3.2 APOLLOHOSP -0.6 ASIANPAINT -4.9 AUROPHARMA +0.3 BAJAJ-AUTO -4.0 BEL +3.8 BHARATFORG +7.2 BHARTIARTL -0.7 BIOCON -3.4 BOSCHLTD -1.5 BPCL +4.9 BSE +5.6 CAMS -7.8 CDSL -4.5 CIPLA +1.0 COALINDIA -0.0 COLPAL -8.4 CONCOR -0.8 CROMPTON +6.2 CUMMINSIND +7.6 DELHIVERY +8.5 DIVISLAB +3.9 DIXON -6.3 DLF +6.2 DMART -4.7 EICHERMOT -1.0 ETERNAL +3.8 GAIL +2.4 HAL +9.3 HAVELLS -1.6 HCLTECH +10.6 HEROMOTOCO +5.5 HINDALCO +0.8 HINDUNILVR -2.7 HINDZINC +0.9 IEX +0.4 INDHOTEL -4.3 INDUSTOWER -7.0 INFY +1.8 INOXWIND -4.3 JSWENERGY +6.1 JUBLFOOD -1.8 KALYANKJIL +3.4 KPITTECH +4.2 LAURUSLABS -3.7 LT +7.8 LUPIN +1.6 M&M +4.7 MARICO +1.7 MARUTI -0.5 MOTHERSON +3.2 MPHASIS +5.7 NATIONALUM +1.7 NAUKRI -3.8 NBCC +7.2 NHPC -2.3 NTPC -0.8 NYKAA -3.1 OBEROIRLTY -3.4 OFSS +1.6 OIL -1.1 PAGEIND +2.9 PETRONET -0.9 PHOENIXLTD -5.8 PIDILITIND -0.8 PIIND +1.1 POLYCAB +7.6 POWERGRID -0.6 SHREECEM +4.8 SIEMENS +5.2 SOLARINDS +1.4 SONACOMS +7.3 SRF -0.8 SUNPHARMA -1.4 TATAELXSI +11.0 TATAPOWER +1.7 TATASTEEL +8.7 TCS -1.4 TECHM +6.1 TIINDIA +1.9 TMPV -1.3 TORNTPHARM +0.7 TRENT +0.7 TVSMOTOR -2.5 UNITDSPR +1.1 VBL -1.6 VEDL -0.2 VOLTAS -1.4 WIPRO -1.1 ZYDUSLIFE -1.4
F9_piotroski_high alone,17,110,-0.2976,-0.5371,ABB -7.9 ADANIGREEN -0.4 ADANIPORTS +1.5 ALKEM +12.6 AMBER +10.2 APLAPOLLO -6.9 APOLLOHOSP +10.1 ASHOKLEY +10.2 ASIANPAINT +3.4 AUROPHARMA -5.3 BEL -2.5 BHARATFORG -1.3 BHARTIARTL +2.4 BHEL -5.5 BLUESTARCO +5.0 BOSCHLTD +0.5 BRITANNIA -6.9 BSE +1.1 CAMS -4.1 CDSL -8.4 CIPLA +6.6 COALINDIA -2.9 COLPAL -4.6 CONCOR -3.2 CROMPTON -1.1 CUMMINSIND +5.9 DABUR +3.1 DELHIVERY +12.4 DIVISLAB -5.6 DIXON +3.7 DLF -0.4 EICHERMOT +1.1 ETERNAL +15.0 FORTIS +2.6 GAIL -2.6 GODREJCP -2.7 HAL +1.9 HAVELLS +3.0 HCLTECH -6.0 HEROMOTOCO +2.8 HINDALCO -2.9 HINDPETRO +1.8 HINDUNILVR +4.1 HINDZINC +2.2 IEX -22.4 INDHOTEL +3.0 INDIGO +2.6 INDUSTOWER -5.6 INFY -2.0 INOXWIND -0.5 KALYANKJIL -12.1 KFINTECH -9.4 KPITTECH +2.9 LAURUSLABS +8.0 LODHA -5.9 LTM -2.4 LUPIN -0.8 M&M -0.2 MANKIND +0.5 MARICO +0.9 MARUTI -1.3 MAXHEALTH -3.4 MAZDOCK -8.3 MOTHERSON +2.6 MPHASIS -5.6 NATIONALUM +0.1 NAUKRI -0.1 NBCC -4.3 NHPC +4.0 NTPC +1.7 NYKAA +6.3 OBEROIRLTY -0.7 OFSS +1.4 OIL -5.9 PAGEIND -1.9 PATANJALI -2.3 PERSISTENT -10.7 PETRONET -1.7 PHOENIXLTD +3.6 PIDILITIND +3.3 PIIND -3.8 POWERGRID -0.3 RELIANCE -3.9 RVNL -3.0 SAIL -6.9 SHREECEM -2.0 SOLARINDS -3.1 SONACOMS -0.5 SRF +0.7 SUNPHARMA -4.7 SUPREMEIND +5.4 SUZLON -4.5 TATACONSUM -1.6 TATAELXSI -1.7 TATAPOWER -3.6 TATASTEEL -1.1 TCS -4.1 TECHM -0.8 TIINDIA +1.7 TMPV +0.2 TORNTPHARM +6.9 TRENT +1.0 TVSMOTOR +2.0 UNITDSPR +1.3 UNOMINDA +4.3 UPL -1.0 VBL +9.2 VEDL -3.5 WIPRO +3.7 ZYDUSLIFE +5.5
F9_piotroski_high alone,18,108,0.1547,0.0267,ABB -4.6 ADANIENSOL -3.3 ADANIPORTS -1.0 ALKEM +0.5 AMBER -9.3 AMBUJACEM -0.1 APLAPOLLO +1.0 APOLLOHOSP -2.3 ASHOKLEY +5.8 ASIANPAINT +8.5 BEL +3.7 BHARATFORG +5.5 BHARTIARTL +2.3 BHEL +10.9 BLUESTARCO -9.6 BOSCHLTD +1.2 BRITANNIA +5.7 BSE +3.7 CAMS -0.6 CDSL -4.7 CIPLA -4.3 COFORGE +5.1 CONCOR +1.7 CROMPTON -2.5 CUMMINSIND -2.0 DABUR -3.1 DELHIVERY -9.0 DIVISLAB -1.6 DIXON -4.2 DLF -2.3 EICHERMOT -2.6 FORTIS -5.0 GAIL -0.5 GODREJCP +6.4 HAL -0.8 HAVELLS +1.4 HCLTECH +0.6 HEROMOTOCO +2.2 HINDALCO -5.6 HINDPETRO +3.5 HINDUNILVR -3.0 HINDZINC -5.3 IEX -5.8 INDHOTEL -6.0 INDIGO +1.2 INDUSTOWER +7.4 INFY -3.3 INOXWIND -3.0 JSWENERGY -3.8 KALYANKJIL -2.3 KFINTECH +3.0 KPITTECH +4.6 LAURUSLABS +0.6 LODHA +2.5 LTM +2.5 LUPIN -0.6 M&M +3.7 MARICO +5.4 MARUTI -3.0 MAXHEALTH +1.6 MOTHERSON +4.1 MPHASIS -3.1 NATIONALUM +10.3 NAUKRI +0.4 NBCC +0.6 NHPC -4.6 NTPC -0.6 NYKAA +4.1 OFSS -2.0 OIL -1.1 PAGEIND -1.1 PATANJALI -4.4 PERSISTENT +6.9 PETRONET -1.0 PHOENIXLTD +2.3 PIDILITIND -3.2 POLICYBZR +5.6 POLYCAB +0.3 POWERGRID -4.3 POWERINDIA +14.1 RELIANCE +6.6 RVNL -0.5 SAIL +5.6 SHREECEM +1.8 SOLARINDS +3.1 SONACOMS +1.3 SRF -1.6 SUNPHARMA -0.9 SUPREMEIND -8.3 SUZLON +0.5 TATACONSUM +0.3 TATAELXSI +0.4 TATAPOWER -1.1 TATASTEEL -2.7 TCS +1.8 TECHM +0.1 TIINDIA -2.0 TMPV -7.5 TORNTPHARM +6.8 TRENT -8.1 TVSMOTOR -2.8 UNITDSPR +5.8 UNOMINDA +6.3 UPL +2.4 VBL +5.9 VEDL -0.5 WIPRO -2.9 ZYDUSLIFE -3.8
F9_piotroski_high alone,19,100,0.3366,0.5941,ABB +2.7 ADANIENSOL -7.7 ADANIGREEN -8.2 ADANIPORTS +15.9 ALKEM -6.9 AMBUJACEM -6.9 APLAPOLLO +5.0 APOLLOHOSP +4.9 AUROPHARMA -4.8 BEL +8.3 BHARATFORG +7.6 BHARTIARTL +2.1 BOSCHLTD -3.0 BPCL +1.6 BRITANNIA +1.8 BSE +9.5 CAMS -4.3 CDSL -6.5 CIPLA -4.1 COFORGE -3.4 COLPAL -1.8 CONCOR +3.5 CUMMINSIND +7.2 DABUR -1.3 DELHIVERY +6.7 DIVISLAB +1.3 DLF -4.0 DRREDDY +4.4 EICHERMOT +8.2 FORTIS -0.3 GAIL -4.2 GLENMARK -2.6 GMRAIRPORT +4.0 GODREJCP -3.9 HAL +1.1 HCLTECH +1.1 HEROMOTOCO -0.1 HINDALCO +0.0 HINDPETRO -5.7 HINDUNILVR -6.1 HINDZINC +4.1 IEX -0.6 INDHOTEL -0.4 INDIGO -1.7 INDUSTOWER -1.2 INFY +5.9 IOC +4.5 JSWENERGY -7.8 JSWSTEEL +4.1 KALYANKJIL +13.3 KFINTECH -2.0 KPITTECH -5.7 LAURUSLABS +1.3 LTM -0.5 LUPIN -0.2 M&M -0.4 MAXHEALTH +3.6 MOTHERSON +9.9 MPHASIS -2.2 NATIONALUM -12.6 NAUKRI -4.0 NBCC -1.8 NESTLEIND -0.6 NHPC +2.8 NTPC -0.9 NYKAA +12.4 ONGC -1.7 PAGEIND +5.3 PERSISTENT -2.5 PETRONET -4.4 PHOENIXLTD -2.3 PIDILITIND +2.6 POLICYBZR -12.1 POLYCAB -1.7 POWERINDIA +11.4 PREMIERENE -6.6 PRESTIGE +4.9 RELIANCE -2.7 SAIL -4.6 SHREECEM -0.7 SOLARINDS +2.9 SONACOMS +9.7 SRF -12.0 SUZLON -2.2 TATACONSUM -3.6 TATAPOWER +1.6 TATASTEEL +3.4 TCS +2.0 TECHM +6.4 TIINDIA +3.8 TITAN +2.6 TORNTPHARM +5.0 TRENT +10.7 TVSMOTOR +3.0 ULTRACEMCO +3.2 UNITDSPR -2.1 UNOMINDA -4.5 VEDL -2.6 WIPRO -6.8 ZYDUSLIFE -1.8
F9_piotroski_high alone,20,99,0.2043,0.4284,ADANIENSOL +11.3 ADANIGREEN +2.6 ADANIPORTS +6.4 ALKEM -1.2 APLAPOLLO -4.9 APOLLOHOSP +3.6 AUROPHARMA -3.1 BEL -2.4 BHARATFORG +6.6 BHARTIARTL +6.9 BOSCHLTD -5.3 BPCL +3.3 BRITANNIA -5.4 BSE +4.9 CAMS +5.2 CDSL -4.0 COFORGE +7.3 COLPAL -4.1 CONCOR -5.8 CUMMINSIND +9.5 DABUR +5.8 DELHIVERY -2.2 DIVISLAB -1.5 DLF -1.1 DRREDDY -2.2 EICHERMOT +8.1 FORCEMOT -0.5 FORTIS -0.4 GAIL +3.0 GLENMARK -6.4 GODFRYPHLP -4.3 GODREJCP -3.2 HAL -4.0 HAVELLS -3.0 HCLTECH -10.9 HEROMOTOCO +1.4 HINDPETRO +0.2 HINDUNILVR +0.9 HINDZINC +4.0 HYUNDAI +3.6 IDEA +4.3 INDHOTEL -5.2 INDIGO -0.5 INDUSTOWER -3.3 INFY -12.5 IOC -3.7 JSWENERGY -10.3 JSWSTEEL +2.1 JUBLFOOD -4.4 KALYANKJIL -7.1 KEI +1.8 KFINTECH -6.6 LAURUSLABS +6.9 LTM -10.3 LUPIN +1.7 M&M +6.5 MAXHEALTH -4.1 MOTHERSON +6.3 NATIONALUM -7.6 NAUKRI -0.3 NBCC +2.7 NESTLEIND +8.5 NMDC +2.1 NTPC +0.2 NYKAA +2.1 OFSS +8.8 ONGC -5.5 PAGEIND +2.0 PERSISTENT -7.0 PETRONET +0.9 PHOENIXLTD -1.3 PIDILITIND +8.0 POLICYBZR +0.8 POLYCAB +7.8 POWERINDIA -1.2 PREMIERENE +2.0 PRESTIGE +0.8 RELIANCE +0.3 SAIL -4.3 SHREECEM +3.4 SOLARINDS +13.5 SONACOMS -3.8 SRF +8.0 SUZLON +3.2 TATACONSUM +10.1 TATASTEEL -4.5 TCS -0.6 TECHM -5.6 TIINDIA -6.5 TITAN -3.2 TORNTPHARM +3.2 TRENT +0.4 TVSMOTOR -4.3 ULTRACEMCO -2.9 UNITDSPR +5.8 UNOMINDA -6.3 VBL +7.0 WIPRO +0.8 ZYDUSLIFE +2.9
F9_piotroski_high alone,21,119,0.6024,0.6417,ABB +4.0 ADANIENSOL +0.1 ADANIENT +0.4 ADANIGREEN -10.0 AMBUJACEM +2.4 APLAPOLLO +1.7 APOLLOHOSP -3.5 ASIANPAINT +1.3 ASTRAL +10.6 AUROPHARMA +2.2 BAJAJ-AUTO +5.3 BDL +3.0 BEL -4.0 BHARATFORG -7.1 BHEL +4.6 BOSCHLTD +7.4 BPCL -2.4 BRITANNIA +0.6 BSE -3.1 CAMS +2.1 CDSL +0.3 COFORGE +15.0 COLPAL -2.4 CONCOR +6.1 CUMMINSIND -2.7 DABUR -0.3 DELHIVERY +2.1 DIVISLAB +7.0 DIXON -2.7 DLF -1.7 DMART -4.0 FORCEMOT +2.0 FORTIS +2.4 GLENMARK -1.3 GMRAIRPORT -3.1 GODFRYPHLP -0.2 GODREJCP -3.4 GVT&D -0.1 HAL +0.4 HAVELLS +1.9 HCLTECH +1.6 HEROMOTOCO +3.3 HINDPETRO -5.0 HINDUNILVR -0.9 HINDZINC -1.1 HYUNDAI +8.9 IDEA +2.1 IEX -0.1 INDHOTEL -0.4 INDUSTOWER -2.2 INFY -3.1 IOC +2.6 JINDALSTEL +2.0 JSWENERGY -1.8 JSWSTEEL +2.4 JUBLFOOD +3.2 KALYANKJIL -7.2 KAYNES -4.2 KEI +14.1 KFINTECH +8.1 LAURUSLABS +8.5 LODHA +3.3 LT +3.8 LTM +5.4 LUPIN -1.9 M&M +3.9 MANKIND -5.7 MARICO -2.1 MARUTI +1.5 MAXHEALTH -3.0 MOTHERSON +11.3 NATIONALUM +7.0 NAUKRI +9.5 NBCC -3.3 NESTLEIND +0.2 NTPC +0.1 NYKAA +0.7 OBEROIRLTY -0.2 OFSS -6.7 OIL +2.0 ONGC -1.0 PAGEIND -4.4 PAYTM -4.5 PERSISTENT -0.3 PETRONET -0.2 PHOENIXLTD -4.9 PIDILITIND +3.3 POLICYBZR -3.1 POLYCAB -7.2 POWERGRID -5.7 POWERINDIA +11.2 PRESTIGE -2.9 RADICO +6.8 RELIANCE +2.1 SAIL +0.4 SHREECEM +0.7 SOLARINDS +6.6 SONACOMS -2.0 SRF -8.6 SUNPHARMA -1.3 SUPREMEIND +0.7 SUZLON -9.2 TATACONSUM +1.2 TATAELXSI -4.5 TATASTEEL +3.8 TCS -1.3 TECHM +5.9 TIINDIA -3.5 TITAN +3.6 TORNTPHARM +4.6 TRENT -3.6 ULTRACEMCO +2.7 UNITDSPR +1.6 UNOMINDA +5.8 UPL -3.3 VBL -1.8 VEDL +1.9 VMM -4.9 WIPRO -0.6
F7_cheap_own3y + lag<-10 (no volume),6,2,-4.5068,-4.5068,ASTRAL -5.3 IEX -3.7
F7_cheap_own3y + lag<-10 (no volume),7,2,-2.8968,-2.8968,BAJAJFINSV +2.1 INDUSTOWER -7.9
F7_cheap_own3y + lag<-10 (no volume),8,2,-0.7328,-0.7328,CROMPTON +2.2 MANAPPURAM -3.7
F7_cheap_own3y + lag<-10 (no volume),9,2,0.0423,0.0423,JUBLFOOD +0.3 UPL -0.2
F7_cheap_own3y + lag<-10 (no volume),11,1,2.9528,2.9528,IEX +3.0
F7_cheap_own3y + lag<-10 (no volume),12,4,1.9650,1.6633,INFY +1.3 KOTAKBANK +4.4 LTM -0.9 WIPRO +3.0
F7_cheap_own3y + lag<-10 (no volume),14,3,-3.3373,-3.3373,IEX +0.9 MANAPPURAM -1.5 MOTHERSON -9.4
F7_cheap_own3y + lag<-10 (no volume),15,11,-2.8208,-1.9101,ANGELONE -10.1 CUMMINSIND +9.5 DLF -1.3 GODREJPROP -2.4 HDFCAMC +5.2 JSWENERGY -13.3 LODHA +4.4 MOTHERSON -3.0 OBEROIRLTY -5.3 TRENT -4.9 VOLTAS -10.0
F7_cheap_own3y + lag<-10 (no volume),16,8,4.3846,4.1810,BHARATFORG +7.2 INFY +1.8 JSWENERGY +6.1 SONACOMS +7.3 TATAELXSI +11.0 UNIONBANK +4.1 VOLTAS -1.4 WIPRO -1.1
F7_cheap_own3y + lag<-10 (no volume),18,2,11.1306,11.1306,ADANIGREEN +8.2 POWERINDIA +14.1
F7_cheap_own3y + lag<-10 (no volume),19,7,1.4689,1.1260,ADANIGREEN -8.2 DIXON +2.6 GODREJPROP +0.0 ITC +1.1 KALYANKJIL +13.3 LODHA +5.6 NAUKRI -4.0
F7_cheap_own3y + lag<-10 (no volume),20,1,2.4018,2.4018,PGEL +2.4
F7_cheap_own3y + lag<-10 (no volume),21,5,1.1467,4.9451,BANKBARODA -0.7 INDIANB +9.2 KPITTECH +1.3 PATANJALI +0.4 TATAELXSI -4.5
F7_cheap_own3y + vol>=1.0 (no lag),6,8,2.2803,1.5841,APOLLOHOSP +1.4 BIOCON +2.9 COALINDIA +3.9 DIVISLAB -13.2 HINDALCO +9.1 INFY +3.6 MANAPPURAM +10.2 TITAN +0.5
F7_cheap_own3y + vol>=1.0 (no lag),7,15,-2.7711,-2.6002,ASIANPAINT -5.3 BIOCON -1.7 CONCOR -4.4 CROMPTON -7.8 GAIL -5.8 GRASIM -0.5 HEROMOTOCO -1.5 HINDALCO +0.9 HINDUNILVR -4.5 INDUSTOWER -7.9 INFY +2.3 KOTAKBANK -0.4 NAUKRI -8.5 TITAN +3.8 UPL -0.3
F7_cheap_own3y + vol>=1.0 (no lag),8,15,-0.6711,-1.0278,ASIANPAINT +3.2 AXISBANK -2.1 DIVISLAB +7.3 HCLTECH -1.4 HDFCBANK -1.5 HEROMOTOCO +2.0 HINDUNILVR -1.3 INFY -10.6 LAURUSLABS +4.2 MANAPPURAM -3.7 SHRIRAMFIN -7.1 SUNPHARMA +1.7 TATACONSUM +6.5 TCS -2.3 UPL -5.1
F7_cheap_own3y + vol>=1.0 (no lag),9,6,0.0178,0.0178,COALINDIA +0.5 DRREDDY +2.1 HDFCBANK +2.2 HINDUNILVR -2.9 INFY -9.9 UNITDSPR +8.1
F7_cheap_own3y + vol>=1.0 (no lag),10,8,-0.3305,-0.3021,CIPLA +3.1 DABUR +1.3 MPHASIS -6.0 PIDILITIND +1.0 TATACONSUM +1.3 TCS -2.6 TITAN +2.9 WIPRO -3.6
F7_cheap_own3y + vol>=1.0 (no lag),11,14,1.0699,1.2158,ASTRAL +1.8 BAJAJFINSV -0.1 BAJFINANCE -3.3 DRREDDY +4.5 HINDUNILVR -3.7 ICICIBANK +4.3 IEX +3.0 INFY +5.6 KOTAKBANK +0.4 PIDILITIND -3.4 RELIANCE -0.4 SBIN +0.4 SUNPHARMA +0.6 TCS +5.2
F7_cheap_own3y + vol>=1.0 (no lag),12,12,-0.3864,-0.4870,ASIANPAINT -4.8 BIOCON -1.6 DRREDDY -4.7 HINDUNILVR -0.5 INFY +1.3 KOTAKBANK +4.4 LTM -0.9 MPHASIS +2.5 PIIND +3.4 SBIN +1.9 TITAN -8.7 WIPRO +3.0
F7_cheap_own3y + vol>=1.0 (no lag),13,8,-0.9154,-0.9154,ASIANPAINT -0.3 BAJAJFINSV -3.7 EICHERMOT +3.9 INFY +5.0 PIIND +3.4 SBICARD -4.9 SHREECEM -8.3 TITAN -2.4
F7_cheap_own3y + vol>=1.0 (no lag),14,6,-2.8796,-2.8796,ASIANPAINT -13.4 MANAPPURAM -1.5 MARUTI -2.1 PIDILITIND -1.0 PNB +2.7 RELIANCE -2.0
F7_cheap_own3y + vol>=1.0 (no lag),15,27,-0.7459,-0.9522,ABCAPITAL -6.8 ADANIGREEN -3.2 ASTRAL +2.5 BHARATFORG -5.2 CHOLAFIN -2.4 COALINDIA -4.0 CUMMINSIND +9.5 DMART -9.1 GAIL +6.6 GODREJPROP -2.4 HAVELLS +3.2 HEROMOTOCO +0.9 HINDUNILVR -1.0 INDUSTOWER +1.8 KOTAKBANK +5.2 KPITTECH +10.1 LODHA +4.4 LTM +2.4 PIIND -0.8 SHRIRAMFIN -1.3 SIEMENS -4.6 SONACOMS -5.6 SUNPHARMA +0.4 TATAELXSI -8.4 TIINDIA -7.0 TRENT -4.9 YESBANK -0.5
F7_cheap_own3y + vol>=1.0 (no lag),16,32,1.2055,1.0743,ALKEM -3.2 AMBUJACEM -1.6 ASTRAL +1.8 AXISBANK -4.2 BIOCON -3.4 CANBK +5.6 CIPLA +1.0 CONCOR -0.8 CUMMINSIND +7.6 DLF +6.2 DMART -4.7 HDFCAMC +7.8 HEROMOTOCO +5.5 HINDUNILVR -2.7 INDHOTEL -4.3 INDUSTOWER -7.0 INFY +1.8 KPITTECH +4.2 LODHA -0.5 LTM +5.5 MARUTI -0.5 MPHASIS +5.7 NATIONALUM +1.7 OBEROIRLTY -3.4 SBIN -1.8 SONACOMS +7.3 TATAELXSI +11.0 TATAPOWER +1.7 TCS -1.4 TECHM +6.1 TMPV -1.3 WIPRO -1.1
F7_cheap_own3y + vol>=1.0 (no lag),17,13,-1.7788,-1.5925,AUROPHARMA -5.3 BIOCON -7.9 CANBK +2.6 CHOLAFIN -4.2 COLPAL -4.6 DABUR +3.1 DMART -4.3 HAVELLS +3.0 HEROMOTOCO +2.8 LODHA -5.9 NAUKRI -0.1 PAGEIND -1.9 SONACOMS -0.5
F7_cheap_own3y + vol>=1.0 (no lag),18,17,-0.8753,-0.7007,ALKEM +0.5 AUROPHARMA -3.0 BANKINDIA +2.8 CIPLA -4.3 CONCOR +1.7 CROMPTON -2.5 GAIL -0.5 IEX -5.8 LTM +2.5 LUPIN -0.6 PATANJALI -4.4 PETRONET -1.0 PNB +1.4 SUZLON +0.5 TATAELXSI +0.4 TATAPOWER -1.1 YESBANK -1.5
F7_cheap_own3y + vol>=1.0 (no lag),19,55,-0.2096,-0.0138,ADANIENSOL -7.7 ADANIENT +14.3 ADANIPORTS +15.9 ALKEM -6.9 AMBUJACEM -6.9 APOLLOHOSP +4.9 AUROPHARMA -4.8 BAJFINANCE +6.8 CDSL -6.5 CIPLA -4.1 COFORGE -3.4 COLPAL -1.8 CROMPTON +7.7 DABUR -1.3 DIVISLAB +1.3 DIXON +2.6 DLF -4.0 DMART +1.0 DRREDDY +4.4 GAIL -4.2 GODREJPROP +0.0 HAL +1.1 HAVELLS -6.3 HDFCBANK +0.6 HINDPETRO -5.7 INDUSTOWER -1.2 IRFC -4.9 ITC +1.1 JUBLFOOD +0.5 KALYANKJIL +13.3 KPITTECH -5.7 LAURUSLABS +1.3 LICHSGFIN -2.2 LODHA +5.6 MAXHEALTH +3.6 NAUKRI -4.0 OBEROIRLTY -7.5 OFSS -1.1 PATANJALI -1.6 PIDILITIND +2.6 PNB -2.2 POLYCAB -1.7 POWERGRID -3.3 POWERINDIA +11.4 RECLTD +0.2 RELIANCE -2.7 SOLARINDS +2.9 SUNPHARMA +2.4 SUZLON -2.2 TATAELXSI -3.2 TATAPOWER +1.6 TMPV -0.7 VBL -5.2 VOLTAS -0.1 YESBANK -5.4
F7_cheap_own3y + vol>=1.0 (no lag),20,30,1.2886,1.6013,360ONE -5.3 ADANIENSOL +11.3 ADANIENT +3.0 ADANIGREEN +2.6 BANKINDIA +1.1 BHEL +8.7 BRITANNIA -5.4 CAMS +5.2 CROMPTON -0.4 HCLTECH -10.9 HDFCBANK +2.1 HINDPETRO +0.2 HINDUNILVR +0.9 ICICIBANK +3.2 IEX -2.2 LAURUSLABS +6.9 LICHSGFIN -4.2 LTM -10.3 LUPIN +1.7 OFSS +8.8 POWERINDIA -1.2 RELIANCE +0.3 SONACOMS -3.8 TATACONSUM +10.1 TCS -0.6 TRENT +0.4 UNITDSPR +5.8 VBL +7.0 WIPRO +0.8 ZYDUSLIFE +2.9
F7_cheap_own3y + vol>=1.0 (no lag),21,26,0.8882,1.1528,360ONE +1.4 BAJAJ-AUTO +5.3 BAJAJFINSV +8.8 BAJAJHLDNG +5.8 DMART -4.0 GVT&D -0.1 HAVELLS +1.9 HCLTECH +1.6 HEROMOTOCO +3.3 IEX -0.1 INDHOTEL -0.4 INDIANB +9.2 ITC +0.3 JIOFIN +3.0 JUBLFOOD +3.2 KALYANKJIL -7.2 KAYNES -4.2 KPITTECH +1.3 LUPIN -1.9 OBEROIRLTY -0.2 PERSISTENT -0.3 PFC -7.8 PIDILITIND +3.3 PNBHOUSING +6.4 SBICARD +2.9 SRF -8.6
F7_cheap_own3y alone,6,33,-0.4999,-0.5643,APOLLOHOSP +1.4 ASIANPAINT -4.2 ASTRAL -5.3 BAJFINANCE -2.7 BIOCON +2.9 COALINDIA +3.9 COFORGE +0.7 COLPAL +0.5 CONCOR -2.0 CROMPTON -6.4 DIVISLAB -13.2 DRREDDY -0.2 GAIL -0.8 GRASIM +1.7 HCLTECH +2.0 HDFCBANK +1.4 HEROMOTOCO -0.8 HINDALCO +9.1 HINDUNILVR -0.3 IEX -3.7 INDUSTOWER -3.4 INFY +3.6 JUBLFOOD -8.6 LTM -1.3 MANAPPURAM +10.2 MUTHOOTFIN -3.5 NATIONALUM -1.1 NAUKRI +12.1 NMDC -3.3 PFC +1.1 TCS -1.0 TITAN +0.5 ZYDUSLIFE -5.6
F7_cheap_own3y alone,7,44,-1.1796,-1.3049,APOLLOHOSP +1.8 ASIANPAINT -5.3 AXISBANK -2.0 BAJAJFINSV +2.1 BAJFINANCE +2.9 BIOCON -1.7 CHOLAFIN +5.6 COALINDIA -0.8 COFORGE +10.7 COLPAL -3.3 CONCOR -4.4 CROMPTON -7.8 DIVISLAB -18.1 DRREDDY -0.5 EICHERMOT +3.2 GAIL -5.8 GRASIM -0.5 HCLTECH +1.3 HDFCBANK +0.6 HEROMOTOCO -1.5 HINDALCO +0.9 HINDUNILVR -4.5 IEX -0.5 INDUSTOWER -7.9 INFY +2.3 JUBLFOOD -10.5 KOTAKBANK -0.4 LAURUSLABS -3.5 LTM +2.2 MARICO -0.1 MARUTI +4.1 MUTHOOTFIN -1.5 NATIONALUM +0.8 NAUKRI -8.5 PIDILITIND -3.7 PIIND -0.3 SBICARD -4.9 SHRIRAMFIN +4.5 TATACONSUM -0.4 TCS -0.6 TITAN +3.8 TVSMOTOR +6.9 UNITDSPR -6.5 UPL -0.3
F7_cheap_own3y alone,8,40,0.5282,0.3122,ASIANPAINT +3.2 AXISBANK -2.1 BAJAJFINSV +0.7 BAJFINANCE +4.4 CHOLAFIN +8.9 COALINDIA -0.4 COFORGE +6.4 COLPAL +4.3 CONCOR -2.6 CROMPTON +2.2 DABUR -5.9 DIVISLAB +7.3 DRREDDY -7.7 EICHERMOT +7.2 GRASIM +0.8 HCLTECH -1.4 HDFCBANK -1.5 HEROMOTOCO +2.0 HINDALCO -0.8 HINDUNILVR -1.3 IEX -0.5 INFY -10.6 JUBLFOOD +1.3 KOTAKBANK +1.2 LAURUSLABS +4.2 MANAPPURAM -3.7 MARICO +5.7 MARUTI +0.9 MOTHERSON -1.2 MUTHOOTFIN +6.5 NATIONALUM -1.4 PIIND -2.3 SBICARD +0.8 SHRIRAMFIN -7.1 SUNPHARMA +1.7 TATACONSUM +6.5 TCS -2.3 TITAN +1.1 UNITDSPR +1.8 UPL -5.1
F7_cheap_own3y alone,9,29,-0.7593,-0.8028,ASIANPAINT -4.1 BAJAJFINSV -3.9 BAJFINANCE -4.0 BHARTIARTL -0.2 COALINDIA +0.5 CONCOR -4.7 DABUR +0.2 DRREDDY +2.1 EICHERMOT -1.6 HCLTECH -1.4 HDFCBANK +2.2 HINDALCO +2.7 HINDUNILVR -2.9 IEX -0.6 INFY -9.9 JUBLFOOD +0.3 KOTAKBANK -4.2 LAURUSLABS -2.6 MARICO +5.3 MARUTI -0.4 MOTHERSON -0.4 PIIND +2.6 SBICARD -1.8 SUNPHARMA -0.4 TATACONSUM -1.5 TCS +2.1 TITAN -3.4 UNITDSPR +8.1 UPL -0.2
F7_cheap_own3y alone,10,43,0.0494,0.0823,ABCAPITAL +0.5 ADANIPORTS +1.4 ASIANPAINT -3.8 BAJAJFINSV -3.1 BAJFINANCE -2.3 BHARTIARTL -0.1 BOSCHLTD -0.9 BPCL +2.1 CIPLA +3.1 CONCOR +3.8 CROMPTON +2.3 CUMMINSIND +3.3 DABUR +1.3 DRREDDY -3.1 EICHERMOT +0.8 HDFCBANK -0.6 HINDPETRO +9.0 HINDUNILVR -2.4 ICICIBANK -2.1 IEX +1.4 INFY -4.3 KOTAKBANK -0.6 MARICO -0.1 MARUTI -1.8 MOTHERSON -3.9 MPHASIS -6.0 PAGEIND +3.0 PETRONET -8.8 PIDILITIND +1.0 PIIND +4.7 RELIANCE +2.4 SBICARD -3.4 SBIN +1.3 SHRIRAMFIN +3.2 SUNPHARMA +1.6 TATACONSUM +1.3 TATAPOWER -0.6 TCS -2.6 TITAN +2.9 UNITDSPR +2.5 UPL -3.7 WIPRO -3.6 ZYDUSLIFE +6.8
F7_cheap_own3y alone,11,33,1.3351,1.7700,ABCAPITAL +7.2 ADANIENT +2.1 ASIANPAINT -3.4 ASTRAL +1.8 BAJAJFINSV -0.1 BAJFINANCE -3.3 BOSCHLTD +7.5 BPCL +5.6 DABUR +3.7 DIXON +4.3 DRREDDY +4.5 EICHERMOT +1.6 FEDERALBNK -3.4 HINDPETRO +2.9 HINDUNILVR -3.7 ICICIBANK +4.3 IEX +3.0 INFY +5.6 KOTAKBANK +0.4 MARICO -1.2 MARUTI +6.4 MOTHERSON -3.5 MPHASIS -1.7 PAGEIND -0.1 PIDILITIND -3.4 PIIND +2.3 RELIANCE -0.4 SBICARD -1.8 SBIN +0.4 SUNPHARMA +0.6 TATAPOWER -8.4 TCS +5.2 WIPRO +8.9
F7_cheap_own3y alone,12,30,0.2766,0.3408,ADANIENT -2.9 ASIANPAINT -4.8 BAJAJFINSV -2.1 BAJFINANCE -7.2 BIOCON -1.6 BPCL +2.6 CIPLA +2.3 DABUR +4.5 DRREDDY -4.7 EICHERMOT +3.5 FEDERALBNK +3.4 HDFCBANK +0.9 HINDUNILVR -0.5 ICICIBANK +3.4 IEX +2.0 INFY +1.3 KOTAKBANK +4.4 LTM -0.9 MANAPPURAM -1.5 MARICO +12.4 MARUTI -2.0 MPHASIS +2.5 PAGEIND +1.0 PIDILITIND -4.7 PIIND +3.4 SBICARD -3.4 SBIN +1.9 SHREECEM +0.6 TITAN -8.7 WIPRO +3.0
F7_cheap_own3y alone,13,24,-0.2253,-0.0055,ADANIENT +1.1 ASIANPAINT -0.3 AXISBANK -8.5 BAJAJFINSV -3.7 BAJFINANCE -4.8 BIOCON +0.8 CIPLA +3.4 DRREDDY -0.7 EICHERMOT +3.9 HDFCBANK +0.3 ICICIBANK +1.0 IEX +2.7 INFY +5.0 KOTAKBANK -3.2 LTM +5.1 MARUTI +4.7 PAGEIND -2.0 PIDILITIND +3.1 PIIND +3.4 PNB +6.6 SBICARD -4.9 SBIN -7.7 SHREECEM -8.3 TITAN -2.4
F7_cheap_own3y alone,14,33,-1.0425,-1.0812,ABCAPITAL +0.5 ADANIENT +9.9 ADANIPORTS +5.8 ASIANPAINT -13.4 ASTRAL +1.1 AXISBANK +3.8 BAJAJFINSV -0.9 BAJFINANCE +1.5 BIOCON -2.4 CIPLA -4.8 CONCOR +5.1 DABUR -2.4 DRREDDY +3.3 EICHERMOT +2.1 GODREJPROP -3.6 HDFCBANK +2.5 IEX +0.9 KOTAKBANK -5.5 MANAPPURAM -1.5 MARUTI -2.1 MOTHERSON -9.4 PIDILITIND -1.0 PIIND -7.4 PNB +2.7 RELIANCE -2.0 SBICARD -1.0 SBIN -0.8 SHREECEM -1.6 TATAPOWER +3.4 TITAN -3.6 TRENT -9.8 VOLTAS -3.2 ZYDUSLIFE -0.7
F7_cheap_own3y alone,15,68,-1.1130,-1.0538,ABCAPITAL -6.8 ADANIENT +0.1 ADANIGREEN -3.2 ADANIPORTS +1.8 ANGELONE -10.1 APOLLOHOSP -8.2 ASIANPAINT -3.2 ASTRAL +2.5 AUROPHARMA +1.7 AXISBANK -5.8 BAJAJFINSV -1.8 BAJFINANCE +8.1 BANKINDIA +5.4 BHARATFORG -5.2 BIOCON +0.8 CANBK -6.5 CHOLAFIN -2.4 CIPLA +0.9 COALINDIA -4.0 CONCOR +5.6 CUMMINSIND +9.5 DABUR +0.9 DLF -1.3 DMART -9.1 DRREDDY -4.9 GAIL +6.6 GODREJPROP -2.4 HAL -3.3 HAVELLS +3.2 HDFCAMC +5.2 HDFCBANK +0.8 HEROMOTOCO +0.9 HINDALCO +1.7 HINDUNILVR -1.0 ICICIBANK +3.7 IEX -0.5 INDUSTOWER +1.8 JINDALSTEL -5.9 JSWENERGY -13.3 KOTAKBANK +5.2 KPITTECH +10.1 LODHA +4.4 LTM +2.4 MANAPPURAM -9.9 MARUTI +0.1 MOTHERSON -3.0 NATIONALUM -6.9 OBEROIRLTY -5.3 PIDILITIND +4.4 PIIND -0.8 PNB +1.7 RBLBANK -0.1 RELIANCE +5.1 SBIN -5.5 SHRIRAMFIN -1.3 SIEMENS -4.6 SONACOMS -5.6 SUNPHARMA +0.4 SUPREMEIND -8.5 TATAELXSI -8.4 TATAPOWER -0.5 TIINDIA -7.0 TORNTPHARM +5.3 TRENT -4.9 UNIONBANK +0.9 VOLTAS -10.0 YESBANK -0.5 ZYDUSLIFE +4.7
F7_cheap_own3y alone,16,68,1.7053,1.4356,ABCAPITAL +12.6 ADANIENT +5.5 ADANIGREEN -4.7 ADANIPORTS +10.5 ALKEM -3.2 AMBUJACEM -1.6 ANGELONE +4.0 APOLLOHOSP -0.6 ASIANPAINT -4.9 ASTRAL +1.8 AUROPHARMA +0.3 AXISBANK -4.2 BANKINDIA +0.9 BHARATFORG +7.2 BHARTIARTL -0.7 BIOCON -3.4 CANBK +5.6 CIPLA +1.0 CONCOR -0.8 CROMPTON +6.2 CUMMINSIND +7.6 DABUR -2.7 DLF +6.2 DMART -4.7 DRREDDY +3.0 GAIL +2.4 GODREJPROP +5.7 HDFCAMC +7.8 HEROMOTOCO +5.5 HINDALCO +0.8 HINDUNILVR -2.7 INDHOTEL -4.3 INDUSTOWER -7.0 INFY +1.8 JSWENERGY +6.1 KEI +8.8 KOTAKBANK -4.1 KPITTECH +4.2 LICHSGFIN +3.0 LODHA -0.5 LT +7.8 LTM +5.5 MARUTI -0.5 MOTHERSON +3.2 MPHASIS +5.7 NATIONALUM +1.7 OBEROIRLTY -3.4 PIDILITIND -0.8 PIIND +1.1 PNB -8.3 RELIANCE +5.3 SBIN -1.8 SIEMENS +5.2 SONACOMS +7.3 SUNPHARMA -1.4 SUPREMEIND -1.3 TATAELXSI +11.0 TATAPOWER +1.7 TCS -1.4 TECHM +6.1 TMPV -1.3 TORNTPHARM +0.7 TRENT +0.7 UNIONBANK +4.1 VOLTAS -1.4 WIPRO -1.1 YESBANK +4.6 ZYDUSLIFE -1.4
F7_cheap_own3y alone,17,78,-0.6551,-0.6751,ADANIENSOL -5.9 ADANIENT -7.9 ADANIGREEN -0.4 ADANIPORTS +1.5 ALKEM +12.6 APOLLOHOSP +10.1 ASHOKLEY +10.2 ASTRAL -10.5 AUROPHARMA -5.3 AXISBANK -5.7 BANKINDIA +0.9 BHARATFORG -1.3 BHARTIARTL +2.4 BIOCON -7.9 CAMS -4.1 CANBK +2.6 CHOLAFIN -4.2 CIPLA +6.6 COALINDIA -2.9 COLPAL -4.6 CONCOR -3.2 CROMPTON -1.1 DABUR +3.1 DIXON +3.7 DLF -0.4 DMART -4.3 DRREDDY +0.5 EICHERMOT +1.1 GAIL -2.6 GODREJPROP -1.4 HAVELLS +3.0 HEROMOTOCO +2.8 HINDALCO -2.9 HINDUNILVR +4.1 IEX -22.4 INDHOTEL +3.0 INDIANB +1.6 INDUSTOWER -5.6 INFY -2.0 ITC +2.3 JSWENERGY -2.5 KOTAKBANK -7.9 KPITTECH +2.9 LICHSGFIN +0.3 LODHA -5.9 LTM -2.4 LUPIN -0.8 MARUTI -1.3 MOTHERSON +2.6 NATIONALUM +0.1 NAUKRI -0.1 NYKAA +6.3 OBEROIRLTY -0.7 PAGEIND -1.9 PATANJALI -2.3 PIDILITIND +3.3 PIIND -3.8 PNB -1.3 RECLTD +1.9 SBIN +2.3 SONACOMS -0.5 SUNPHARMA -4.7 SUPREMEIND +5.4 SUZLON -4.5 TATAELXSI -1.7 TATAPOWER -3.6 TCS -4.1 TECHM -0.8 TMPV +0.2 TRENT +1.0 UNIONBANK -2.3 UNITDSPR +1.3 VBL +9.2 VEDL -3.5 VOLTAS -5.3 WIPRO +3.7 YESBANK -0.7 ZYDUSLIFE +5.5
F7_cheap_own3y alone,18,73,0.2048,0.2083,ABB -4.6 ADANIENSOL -3.3 ADANIENT -6.8 ADANIGREEN +8.2 ADANIPORTS -1.0 ALKEM +0.5 AMBUJACEM -0.1 APOLLOHOSP -2.3 ASTRAL +5.3 AUROPHARMA -3.0 AXISBANK +0.6 BANKINDIA +2.8 BHARATFORG +5.5 BHARTIARTL +2.3 CAMS -0.6 CIPLA -4.3 COLPAL -0.2 CONCOR +1.7 CROMPTON -2.5 DABUR -3.1 DIXON -4.2 DLF -2.3 DRREDDY -0.3 GAIL -0.5 GODREJPROP -7.3 HAVELLS +1.4 HINDUNILVR -3.0 IEX -5.8 INDHOTEL -6.0 INDUSTOWER +7.4 INFY -3.3 IRFC -0.6 ITC +0.6 JSWENERGY -3.8 KALYANKJIL -2.3 KPITTECH +4.6 LICHSGFIN -2.3 LODHA +2.5 LTM +2.5 LUPIN -0.6 MOTHERSON +4.1 NATIONALUM +10.3 NAUKRI +0.4 NTPC -0.6 NYKAA +4.1 OBEROIRLTY +6.2 PAGEIND -1.1 PATANJALI -4.4 PERSISTENT +6.9 PETRONET -1.0 PIDILITIND -3.2 PIIND -4.5 PNB +1.4 PNBHOUSING +5.6 POWERINDIA +14.1 RECLTD -0.3 RELIANCE +6.6 SAIL +5.6 SOLARINDS +3.1 SONACOMS +1.3 SUZLON +0.5 TATAELXSI +0.4 TATAPOWER -1.1 TCS +1.8 TECHM +0.1 TMPV -7.5 TRENT -8.1 UNIONBANK +1.2 VBL +5.9 VOLTAS +3.6 WIPRO -2.9 YESBANK -1.5 ZYDUSLIFE -3.8
F7_cheap_own3y alone,19,91,0.0861,0.1638,ABB +2.7 ADANIENSOL -7.7 ADANIENT +14.3 ADANIGREEN -8.2 ADANIPORTS +15.9 ALKEM -6.9 AMBUJACEM -6.9 APLAPOLLO +5.0 APOLLOHOSP +4.9 ASTRAL -2.1 AUROPHARMA -4.8 BAJAJ-AUTO +0.7 BAJAJFINSV +3.7 BAJAJHLDNG +2.2 BAJFINANCE +6.8 BHARTIARTL +2.1 BPCL +1.6 CAMS -4.3 CDSL -6.5 CHOLAFIN -3.5 CIPLA -4.1 COFORGE -3.4 COLPAL -1.8 CONCOR +3.5 CROMPTON +7.7 DABUR -1.3 DIVISLAB +1.3 DIXON +2.6 DLF -4.0 DMART +1.0 DRREDDY +4.4 GAIL -4.2 GODREJPROP +0.0 HAL +1.1 HAVELLS -6.3 HDFCAMC +4.3 HDFCBANK +0.6 HINDPETRO -5.7 HINDUNILVR -6.1 IEX -0.6 INDHOTEL -0.4 INDUSTOWER -1.2 INFY +5.9 IRFC -4.9 ITC +1.1 JSWENERGY -7.8 JUBLFOOD +0.5 KALYANKJIL +13.3 KFINTECH -2.0 KPITTECH -5.7 LAURUSLABS +1.3 LICHSGFIN -2.2 LODHA +5.6 LUPIN -0.2 MANKIND -0.0 MAXHEALTH +3.6 NAUKRI -4.0 NBCC -1.8 NHPC +2.8 NYKAA +12.4 OBEROIRLTY -7.5 OFSS -1.1 PAGEIND +5.3 PATANJALI -1.6 PERSISTENT -2.5 PIDILITIND +2.6 PIIND -1.2 PNB -2.2 PNBHOUSING -10.8 POLYCAB -1.7 POWERGRID -3.3 POWERINDIA +11.4 RECLTD +0.2 RELIANCE -2.7 SOLARINDS +2.9 SONACOMS +9.7 SUNPHARMA +2.4 SUPREMEIND +0.7 SUZLON -2.2 TATAELXSI -3.2 TATAPOWER +1.6 TCS +2.0 TECHM +6.4 TMPV -0.7 TRENT +10.7 UNITDSPR -2.1 VBL -5.2 VOLTAS -0.1 WIPRO -6.8 YESBANK -5.4 ZYDUSLIFE -1.8
F7_cheap_own3y alone,20,102,-0.3104,-0.1164,360ONE -5.3 ADANIENSOL +11.3 ADANIENT +3.0 ADANIGREEN +2.6 ALKEM -1.2 AMBUJACEM -4.8 APLAPOLLO -4.9 APOLLOHOSP +3.6 ASTRAL -7.3 BAJAJFINSV -0.5 BAJAJHLDNG +1.6 BAJFINANCE +1.6 BANKINDIA +1.1 BHARTIARTL +6.9 BHEL +8.7 BPCL +3.3 BRITANNIA -5.4 CAMS +5.2 CDSL -4.0 CHOLAFIN +6.6 CIPLA +10.0 COFORGE +7.3 COLPAL -4.1 CONCOR -5.8 CROMPTON -0.4 DABUR +5.8 DIXON +3.6 DLF -1.1 GAIL +3.0 GODREJPROP -2.7 HAL -4.0 HAVELLS -3.0 HCLTECH -10.9 HDFCAMC +9.5 HDFCBANK +2.1 HEROMOTOCO +1.4 HINDPETRO +0.2 HINDUNILVR +0.9 ICICIBANK +3.2 IEX -2.2 INDHOTEL -5.2 INFY -12.5 IOC -3.7 IRFC -0.5 ITC -2.8 JSWENERGY -10.3 JUBLFOOD -4.4 KALYANKJIL -7.1 KAYNES -24.2 KFINTECH -6.6 KPITTECH -6.0 LAURUSLABS +6.9 LICHSGFIN -4.2 LODHA -0.4 LTM -10.3 LUPIN +1.7 M&M +6.5 MARUTI +1.7 MAXHEALTH -4.1 MPHASIS +0.5 MUTHOOTFIN -1.0 NAUKRI -0.3 NBCC +2.7 NHPC -0.5 NYKAA +2.1 OBEROIRLTY -2.2 OFSS +8.8 PAGEIND +2.0 PATANJALI -0.7 PERSISTENT -7.0 PETRONET +0.9 PGEL +2.4 PIDILITIND +8.0 PIIND -6.8 PNB +0.8 PNBHOUSING +9.5 POLICYBZR +0.8 POLYCAB +7.8 POWERINDIA -1.2 RECLTD -2.8 RELIANCE +0.3 RVNL -4.0 SBICARD -4.9 SHREECEM +3.4 SONACOMS -3.8 SUZLON +3.2 TATACONSUM +10.1 TATAELXSI -4.9 TCS -0.6 TECHM -5.6 TITAN -3.2 TMPV +5.8 TRENT +0.4 TVSMOTOR -4.3 ULTRACEMCO -2.9 UNITDSPR +5.8 UNOMINDA -6.3 VBL +7.0 VOLTAS -2.9 WIPRO +0.8 YESBANK -0.9 ZYDUSLIFE +2.9
F7_cheap_own3y alone,21,120,0.6366,0.6685,360ONE +1.4 ABB +4.0 ADANIENSOL +0.1 ADANIENT +0.4 ALKEM -1.9 AMBUJACEM +2.4 APLAPOLLO +1.7 APOLLOHOSP -3.5 ASTRAL +10.6 AUBANK +7.0 BAJAJ-AUTO +5.3 BAJAJFINSV +8.8 BAJAJHLDNG +5.8 BANKBARODA -0.7 BANKINDIA -4.3 BEL -4.0 BHARTIARTL +0.3 BHEL +4.6 BLUESTARCO -10.5 BPCL -2.4 BRITANNIA +0.6 BSE -3.1 CAMS +2.1 CANBK -0.7 CHOLAFIN +4.6 COFORGE +15.0 COLPAL -2.4 CONCOR +6.1 DABUR -0.3 DIXON -2.7 DLF -1.7 DMART -4.0 GODFRYPHLP -0.2 GODREJCP -3.4 GODREJPROP -0.2 GVT&D -0.1 HAVELLS +1.9 HCLTECH +1.6 HDFCAMC -5.3 HDFCBANK -5.8 HEROMOTOCO +3.3 HINDPETRO -5.0 HINDUNILVR -0.9 HINDZINC -1.1 IEX -0.1 INDHOTEL -0.4 INDIANB +9.2 INFY -3.1 INOXWIND -6.9 IOC +2.6 IRFC +2.3 ITC +0.3 JIOFIN +3.0 JSWENERGY -1.8 JSWSTEEL +2.4 JUBLFOOD +3.2 KALYANKJIL -7.2 KAYNES -4.2 KEI +14.1 KFINTECH +8.1 KOTAKBANK +2.4 KPITTECH +1.3 LICHSGFIN -4.1 LODHA +3.3 LT +3.8 LTM +5.4 LUPIN -1.9 M&M +3.9 MAXHEALTH -3.0 MAZDOCK +3.7 MPHASIS -3.8 MUTHOOTFIN -4.4 NATIONALUM +7.0 NAUKRI +9.5 NBCC -3.3 NHPC -0.1 NMDC -0.5 NTPC +0.1 NYKAA +0.7 OBEROIRLTY -0.2 ONGC -1.0 PAGEIND -4.4 PATANJALI +0.4 PERSISTENT -0.3 PETRONET -0.2 PFC -7.8 PIDILITIND +3.3 PIIND -10.7 PNB +6.5 PNBHOUSING +6.4 POLICYBZR -3.1 POWERGRID -5.7 POWERINDIA +11.2 RADICO +6.8 RECLTD +2.1 RELIANCE +2.1 RVNL -1.5 SAIL +0.4 SBICARD +2.9 SRF -8.6 SUPREMEIND +0.7 SUZLON -9.2 TATACONSUM +1.2 TATAELXSI -4.5 TATASTEEL +3.8 TCS -1.3 TECHM +5.9 TITAN +3.6 TMPV -3.7 TRENT -3.6 TVSMOTOR +7.9 ULTRACEMCO +2.7 UNITDSPR +1.6 UNOMINDA +5.8 UPL -3.3 VBL -1.8 VEDL +1.9 WIPRO -0.6 YESBANK -2.6 ZYDUSLIFE +8.0
