run,minT,is_avg,is_n,oos_avg,oos_n,wf_avg,wf_n,best
0,10,3.321612313959548,10,2.501322834507805,2,-0.716117795711422,14,S07_iv_runup/3day
0,20,1.436331229294657,24,-0.7873036507060064,14,-0.1339848932065396,54,L19_prevpos_selloff/3day
0,30,1.0755108849350774,30,0.8031301243611844,21,-0.4587277016187363,72,L23_quality_oversold/3day
1,10,1.6181701141036737,28,-0.867274396676743,30,-1.4858649775970474,30,L15_deep_combo/3day
1,20,1.6181701141036737,28,-0.867274396676743,30,-0.8146442581509743,32,L15_deep_combo/3day
1,30,0.7170254207514591,71,-0.18276986361132821,83,-0.9839492810762035,84,L25_down10_8/3day
2,10,1.8912666766091384,12,0.9493631483019589,10,0.9962377406327639,54,L06_capit_vol/3day
2,20,1.3665708925175133,94,-0.1064501314338041,61,0.23351987406442862,98,L07_past_pos/3day
2,30,1.3665708925175133,94,-0.1064501314338041,61,0.33011748642997996,126,L07_past_pos/3day
3,10,1.8981869269443143,43,0.22889434327199082,35,0.6866472459358305,43,L05_at52wlow/3day
3,20,1.8981869269443143,43,0.22889434327199082,35,0.6866472459358305,43,L05_at52wlow/3day
3,30,1.8981869269443143,43,0.22889434327199082,35,0.9173603968191945,50,L05_at52wlow/3day
4,10,2.7653547174457773,10,-0.11441351723748003,2,-0.2104259042146547,40,S07_iv_runup/3day
4,20,0.7290526912217145,178,-0.46088954923652686,63,0.1172677944848385,143,L16_breakout_eps/tp
4,30,0.7290526912217145,178,-0.46088954923652686,63,0.17459372776474338,142,L16_breakout_eps/tp
5,10,1.0987176947884294,99,2.3325747703182267,15,0.2511849282962173,64,S06_past_neg/3day
5,20,1.0987176947884294,99,2.3325747703182267,15,0.65926305279655,68,S06_past_neg/3day
5,30,1.0987176947884294,99,2.3325747703182267,15,0.65926305279655,68,S06_past_neg/3day
6,10,2.616544599970277,25,1.3418753982972578,14,1.7348411125978038,25,L01b_lag1w_08/3day
6,20,2.616544599970277,25,1.3418753982972578,14,0.7997665991828788,24,L01b_lag1w_08/3day
6,30,0.7795145717354051,119,0.5227233328531813,85,0.20919911962963877,74,S08_peers_weak/tp
7,10,3.706002534199292,11,2.850062228963005,4,1.4366763229697292,11,S09_cutday_spike/3day
7,20,1.38122956930562,30,0.6522633030093435,21,-0.13263571406883282,56,L23_quality_oversold/3day
7,30,1.38122956930562,30,0.6522633030093435,21,0.1808945361597507,73,L23_quality_oversold/3day
8,10,2.8539408282606917,19,-0.19671093602302997,14,-0.5991507498235016,28,L21_season_oversold/tp
8,20,2.0365027841160015,24,-0.4201569487559899,14,0.28558429202857766,70,L19_prevpos_selloff/3day
8,30,1.3905801951466583,30,-1.269724907827255,21,0.3819168413993394,66,L23_quality_oversold/tp
9,10,2.4383482615241987,15,2.5844424283786123,9,1.6806714023810638,21,L10_small_oversold/3day
9,20,0.532006932092821,178,0.24510838327667456,63,-0.7167221398056826,63,L16_breakout_eps/tp
9,30,0.532006932092821,178,0.24510838327667456,63,-0.2033683194887672,116,L16_breakout_eps/tp
10,10,1.302455278816066,29,0.8007819028094462,16,0.0020975782952066236,28,S03_above50_20/tp
10,20,1.302455278816066,29,0.8007819028094462,16,0.30010220940361665,37,S03_above50_20/tp
10,30,1.2031549980731118,51,0.7188808027594649,38,0.07154522026893752,58,L04_streak5/3day
11,10,2.2444162903787883,15,-1.621758277567128,9,0.9727371624960041,35,L10_small_oversold/3day
11,20,1.2753758939225595,29,-0.2454992536839798,16,-1.0939161463436078,22,S03_above50_20/3day
11,30,0.8246401927205051,38,-0.27314453208913075,39,-0.6130088780906188,57,S10_badprev_rally/3day
12,10,2.492778714415398,22,-1.9981872663259952,15,-0.1167818150589591,20,S01_runup1w_10/3day
12,20,2.492778714415398,22,-1.9981872663259952,15,-0.39533221231558346,37,S01_runup1w_10/3day
12,30,1.7245235952529052,32,0.054144843627376225,26,-1.8700861927443726,42,S02_runup1m_20/3day
13,10,2.0993500417721593,12,-2.021067831670389,8,-0.7819796319209019,17,L12_sigma_drop/3day
13,20,1.5438989268495973,29,-1.3162735563400154,22,-0.7901423754338674,42,L02_lag1m_15/3day
13,30,0.7398609660910586,140,0.2733555236553164,140,0.25637493559528746,167,L20_peers_strong/tp
14,10,1.1748764888943184,24,-0.9690139637208951,14,0.6060336753467597,21,L19_prevpos_selloff/tp
14,20,1.1748764888943184,24,-0.9690139637208951,14,-0.5958111697743582,74,L19_prevpos_selloff/tp
14,30,0.49350424465852416,119,-0.2840559746967458,85,-0.9032047353835192,102,S08_peers_weak/tp
15,10,3.1164387404589733,12,-1.164110016705785,8,-0.9618987469220419,20,L12_sigma_drop/3day
15,20,1.0495061997674364,22,-1.391201928211101,15,-1.652807025402546,37,S01_runup1w_10/tp
15,30,0.7889779508326962,32,0.21772627117218232,26,-0.38996527001505904,106,S02_runup1m_20/3day
16,10,1.4526942519971946,28,1.9486418027325425,8,0.7080865582935556,18,L09_iv_oversold/tp
16,20,1.4526942519971946,28,1.9486418027325425,8,-0.5744180638114216,38,L09_iv_oversold/tp
16,30,1.0487112771189306,30,0.06050793873177577,21,-0.33892847906616924,74,L23_quality_oversold/tp
17,10,3.001763566720762,10,-4.037313933079635,2,-0.7158469312895593,15,S07_iv_runup/3day
17,20,1.6851401401743793,30,0.9078250976014214,21,0.48793184371835163,45,L23_quality_oversold/tp
17,30,1.6851401401743793,30,0.9078250976014214,21,1.4730743164303688,116,L23_quality_oversold/tp
18,10,2.8634923091240805,10,3.72892568285874,2,-0.10449958881935499,12,S07_iv_runup/3day
18,20,1.9590051051448554,30,1.030465878932401,21,-0.13316909906978533,58,L23_quality_oversold/3day
18,30,1.9590051051448554,30,1.030465878932401,21,-0.06864637534326017,61,L23_quality_oversold/3day
19,10,0.9191789768271965,32,0.1860619022503558,26,-1.7817576715163612,45,S02_runup1m_20/3day
19,20,0.9191789768271965,32,0.1860619022503558,26,-0.5531490813120334,82,S02_runup1m_20/3day
19,30,0.9191789768271965,32,0.1860619022503558,26,-0.9241341598056467,109,S02_runup1m_20/3day
20,10,1.6439069877388313,19,-4.239477619723602,11,-1.681032819829751,17,L14_drop3d/tp
20,20,0.8367922975392532,178,-0.21149811756237305,63,0.5260141289112757,132,L16_breakout_eps/3day
20,30,0.8367922975392532,178,-0.21149811756237305,63,0.7415635132701672,163,L16_breakout_eps/3day
21,10,1.669894605512124,30,-0.3793754001503881,21,-0.22545944959927033,34,L23_quality_oversold/tp
21,20,1.669894605512124,30,-0.3793754001503881,21,0.649965269032271,35,L23_quality_oversold/tp
21,30,1.669894605512124,30,-0.3793754001503881,21,0.5574985865196543,109,L23_quality_oversold/tp
22,10,1.7900804811197535,19,-1.2128289139788355,11,0.37835968337248377,35,L14_drop3d/3day
22,20,1.7023235239007468,24,-1.694208884729713,14,0.44126306230864704,52,L19_prevpos_selloff/tp
22,30,0.9330488835263846,38,-1.4189117360842132,39,0.5362432247688095,116,S10_badprev_rally/tp
23,10,1.3053616082765134,29,-0.4388003028668946,22,-1.1201925915916897,36,L02_lag1m_15/3day
23,20,1.3053616082765134,29,-0.4388003028668946,22,-0.051463807651303387,57,L02_lag1m_15/3day
23,30,0.9610330539986436,119,-0.1690546362498269,85,0.0567324763210206,90,S08_peers_weak/3day
24,10,2.3533424049499594,30,1.3639829421914034,21,0.09609258316999858,40,L23_quality_oversold/tp
24,20,2.3533424049499594,30,1.3639829421914034,21,-0.39097711188820256,44,L23_quality_oversold/tp
24,30,2.3533424049499594,30,1.3639829421914034,21,0.20082579098334283,51,L23_quality_oversold/tp
25,10,3.07462132101258,19,-0.16347965702851788,14,0.8492238630378617,34,L21_season_oversold/3day
25,20,0.8700149865045593,30,-2.266591639227499,21,-3.0270435688431534,36,L23_quality_oversold/tp
25,30,0.8700149865045593,30,-2.266591639227499,21,-0.39828821449604423,84,L23_quality_oversold/tp
26,10,2.831442876462258,11,-2.3121410342994952,4,0.0023850394368413533,8,S09_cutday_spike/3day
26,20,0.9755059294512168,25,0.19230997975723435,14,0.36439169515882003,37,L01b_lag1w_08/tp
26,30,0.9291352151739608,140,0.46771466942156287,140,-0.014073829980403072,135,L20_peers_strong/tp
27,10,2.2273117076379485,12,-1.94798543739582,10,0.6425773881770537,13,L06_capit_vol/3day
27,20,1.6609318939792732,28,-0.2580153571725226,8,0.19374491641508065,18,L09_iv_oversold/tp
27,30,1.057288082424167,43,-2.337958677648455,35,-0.12355742070640996,33,L05_at52wlow/3day
28,10,1.5757167467629112,28,-2.3120784552688725,8,-1.7127242969802523,16,L09_iv_oversold/3day
28,20,1.5757167467629112,28,-2.3120784552688725,8,-0.43543902064933776,22,L09_iv_oversold/3day
28,30,1.1722636178142236,43,0.12331230139883674,35,-0.11559355323709532,46,L05_at52wlow/3day
29,10,1.656579832380757,25,-1.463173191857182,14,-0.1337749362363763,27,L01b_lag1w_08/3day
29,20,1.656579832380757,25,-1.463173191857182,14,0.2040852069075837,67,L01b_lag1w_08/3day
29,30,1.0776349065747313,51,0.5931091750783164,38,0.6306717360687922,132,L04_streak5/3day
30,10,3.2478672185070145,24,-1.1006765839590356,14,1.015015734644241,35,L19_prevpos_selloff/3day
30,20,3.2478672185070145,24,-1.1006765839590356,14,-0.4538035559807946,34,L19_prevpos_selloff/3day
30,30,0.7822361803255021,71,-0.06860952240217837,55,-0.580542856015631,83,L01a_lag1w_06/3day
31,10,3.3127131500634683,17,-1.6204039513456572,11,0.654346795051563,18,L13_cutday_crash/tp
31,20,1.4070217979291613,25,0.09213096482360929,14,0.16056824662397964,68,L01b_lag1w_08/tp
31,30,0.9237286122851108,119,-0.1565275473167408,85,-0.4950671658923022,96,S08_peers_weak/tp
32,10,1.369261425202278,32,2.025664845078623,26,0.0754114760918833,27,S02_runup1m_20/3day
32,20,1.369261425202278,32,2.025664845078623,26,-1.4614194593042718,44,S02_runup1m_20/3day
32,30,1.369261425202278,32,2.025664845078623,26,-0.14775519086022634,71,S02_runup1m_20/3day
33,10,1.0939260016453904,28,0.014851854176263038,30,0.6999800652536443,34,L15_deep_combo/tp
33,20,1.0939260016453904,28,0.014851854176263038,30,-0.7563682652365878,36,L15_deep_combo/tp
33,30,0.868736579861492,30,-1.0388538626278863,21,-0.5588454684126035,123,L23_quality_oversold/tp
34,10,2.5534877457488845,15,1.5937524004838597,7,-0.0015458759451810842,28,L01_lag1w_10/3day
34,20,2.5272892661464335,51,-0.13123770651358657,38,0.5770874838047108,56,L04_streak5/3day
34,30,2.5272892661464335,51,-0.13123770651358657,38,0.36087469769357444,77,L04_streak5/3day
35,10,3.6859577241527552,19,1.792698733283375,14,2.175697577408801,34,L21_season_oversold/3day
35,20,2.7969738439767657,30,-0.5740905399164579,21,-1.1596242818488576,55,L23_quality_oversold/3day
35,30,2.7969738439767657,30,-0.5740905399164579,21,-0.8268662220280104,73,L23_quality_oversold/3day
36,10,2.3214959472810293,11,-1.9451940803093253,4,0.8173920346377164,37,S09_cutday_spike/3day
36,20,1.7994478862669483,32,1.7985264664394582,26,1.6265701682036906,51,S02_runup1m_20/3day
36,30,1.7994478862669483,32,1.7985264664394582,26,1.120372313238187,46,S02_runup1m_20/3day
37,10,1.827788540437535,12,-3.337891004130969,8,-0.41931716660480467,30,L12_sigma_drop/3day
37,20,1.2271520578781745,22,-1.8459576817943193,15,-0.9318716943620736,78,S01_runup1w_10/3day
37,30,1.142702817591053,30,-0.3984296699375664,21,-0.15529807718378424,138,L23_quality_oversold/3day
38,10,4.4224041389209665,15,-2.066751065633529,9,1.5751758767811226,17,L10_small_oversold/tp
38,20,0.8961500227311809,29,0.820268347657862,16,-0.22065269892181075,120,S03_above50_20/3day
38,30,0.6717165211724688,140,0.06904671943294372,140,-0.20976254385729656,173,L20_peers_strong/tp
39,10,1.44857381468424,99,1.0844283152570715,15,0.762276602733964,26,S06_past_neg/3day
39,20,1.44857381468424,99,1.0844283152570715,15,0.9206361339047539,70,S06_past_neg/3day
39,30,1.44857381468424,99,1.0844283152570715,15,1.3686552915646037,68,S06_past_neg/3day
40,10,3.8177108021431385,19,0.10919944667307921,14,1.2988752058601452,29,L21_season_oversold/tp
40,20,2.0544291913360766,29,-1.0034057034058064,27,1.080546024336893,24,L22_big_washout/tp
40,30,0.9031213391983166,32,0.6205152673932864,26,-0.12437069907435987,129,S02_runup1m_20/3day
41,10,2.9466004673623902,12,-0.01844189509715627,10,0.37610015699711236,28,L06_capit_vol/3day
41,20,2.3876691258485847,24,-1.7242720255575381,14,-0.16814654455191078,32,L19_prevpos_selloff/tp
41,30,1.010700889149806,71,-1.5687005281071236,55,-0.718529779729801,49,L01a_lag1w_06/tp
42,10,2.4146883239385337,12,1.029101610828398,10,0.0586851333901175,24,L06_capit_vol/3day
42,20,0.8574316213798123,140,0.12261296791672618,140,0.11802216744533142,116,L20_peers_strong/3day
42,30,0.8574316213798123,140,0.12261296791672618,140,0.47812055542841814,183,L20_peers_strong/3day
43,10,1.0816364068299842,32,0.347700851254828,26,-0.964486763571308,31,S02_runup1m_20/3day
43,20,1.0816364068299842,32,0.347700851254828,26,-0.4741089855696973,71,S02_runup1m_20/3day
43,30,1.0816364068299842,32,0.347700851254828,26,-0.9999817194650967,74,S02_runup1m_20/3day
44,10,2.373857337372074,17,-2.183666105472558,11,-1.4941625050679535,18,L13_cutday_crash/3day
44,20,0.8244128584247818,178,1.2910151218842512,63,0.10304776895174259,128,L16_breakout_eps/3day
44,30,0.8244128584247818,178,1.2910151218842512,63,0.5375388188257665,195,L16_breakout_eps/3day
45,10,3.2500642587601174,15,-0.42992847738072015,7,1.1050177641344638,13,L01_lag1w_10/3day
45,20,1.9670558544456873,25,0.33152158280242927,14,0.895149059667526,35,L01b_lag1w_08/3day
45,30,0.8652495444679532,51,0.39225539947027416,38,-0.3443199739961706,67,L04_streak5/tp
46,10,2.1927152056878145,12,0.525435072054514,10,0.3033095427883457,16,L06_capit_vol/3day
46,20,1.2698419355825428,99,1.0738928765008164,15,-0.24387451188634066,52,S06_past_neg/3day
46,30,1.2698419355825428,99,1.0738928765008164,15,0.9517778901712388,68,S06_past_neg/3day
47,10,3.6056718896194586,17,-0.7130564534873003,11,0.2729620749201275,16,L13_cutday_crash/tp
47,20,1.3689354844590318,22,0.20469344501577919,15,0.5172783293754886,33,S01_runup1w_10/3day
47,30,1.0315425325915306,38,-0.5903655617183343,39,-0.888559526727993,62,S10_badprev_rally/tp
48,10,1.4195332240571246,11,-1.8249026443138279,4,-0.93681226650873,24,S09_cutday_spike/3day
48,20,1.0280400900481117,51,-0.7889965189590491,38,-1.2193800901151592,28,L04_streak5/3day
48,30,1.0280400900481117,51,-0.7889965189590491,38,-0.4905808397263157,62,L04_streak5/3day
49,10,2.034979281971896,11,-6.150404403589657,4,-0.9803838024488469,26,S09_cutday_spike/3day
49,20,1.0952634509407495,30,0.40084951414640474,21,-0.7033532735450894,74,L23_quality_oversold/tp
49,30,1.0952634509407495,30,0.40084951414640474,21,-0.5075692565737124,71,L23_quality_oversold/tp
50,10,3.1634852878946518,12,-1.9105288550795418,5,-0.9011402079905232,16,S11_sigma_rally/3day
50,20,1.521575436530054,22,-0.7392888561699842,15,-1.6238908948993107,28,S01_runup1w_10/tp
50,30,1.059975496552971,119,-0.9949030776629929,85,0.5646803711979377,91,S08_peers_weak/tp
51,10,1.7326243875593277,28,1.5532468941219537,8,-0.46764880679949405,38,L09_iv_oversold/tp
51,20,1.7326243875593277,28,1.5532468941219537,8,-0.22933392416321166,63,L09_iv_oversold/tp
51,30,1.3146533115334311,71,-0.7474587577337177,83,-0.12787887992647828,84,L25_down10_8/3day
52,10,2.515848350193516,12,0.3722590920579526,8,0.6924903100650888,17,L12_sigma_drop/tp
52,20,1.794613519372129,28,-0.8324732250940785,30,-0.1937348765625608,26,L15_deep_combo/tp
52,30,1.630449669548846,30,-0.7049434651790849,21,-0.2384026867071109,72,L23_quality_oversold/3day
53,10,2.719643502277937,24,-0.11087965765207053,14,0.038255091105762924,27,L19_prevpos_selloff/3day
53,20,2.719643502277937,24,-0.11087965765207053,14,0.26587899871150283,48,L19_prevpos_selloff/3day
53,30,1.422128362293793,30,0.9469996401807039,21,0.4756463861389598,52,L23_quality_oversold/3day
54,10,2.4322366886711255,15,-4.40708542145618,9,0.6301870361296653,19,L10_small_oversold/3day
54,20,1.845910238034621,29,1.87439162971128,16,-0.15895085072526516,25,S03_above50_20/tp
54,30,1.2618808096818757,32,-0.18269060006642399,26,0.3698178022386438,66,S02_runup1m_20/tp
55,10,3.8984999087346326,12,1.0545463475847998,5,0.983729246560995,16,S11_sigma_rally/3day
55,20,1.9625051723678126,29,-1.8845693506428565,27,0.29819430527222446,102,L22_big_washout/tp
55,30,1.603486468913129,32,1.9700431672501504,26,0.32467447935567684,136,S02_runup1m_20/tp
56,10,2.065758724421426,30,2.641929596378616,21,2.2240827816019793,40,L23_quality_oversold/3day
56,20,2.065758724421426,30,2.641929596378616,21,0.8631262538988623,49,L23_quality_oversold/3day
56,30,2.065758724421426,30,2.641929596378616,21,-0.020134891468873917,116,L23_quality_oversold/3day
57,10,2.1496106467726674,11,-1.0557491275623447,4,-2.7126417865446673,21,S09_cutday_spike/3day
57,20,0.9320657242292687,178,0.2548183113385988,63,0.46028231229873506,158,L16_breakout_eps/tp
57,30,0.9320657242292687,178,0.2548183113385988,63,0.5227482974808778,162,L16_breakout_eps/tp
58,10,1.8572774979763,30,0.059374270787839044,21,0.185005862328938,33,L23_quality_oversold/tp
58,20,1.8572774979763,30,0.059374270787839044,21,-0.3012805588967917,97,L23_quality_oversold/tp
58,30,1.8572774979763,30,0.059374270787839044,21,-0.9023643410770981,98,L23_quality_oversold/tp
59,10,3.1281697301627505,12,-3.68830390661946,5,-0.790212934879419,18,S11_sigma_rally/3day
59,20,2.261432932207302,22,-1.2565004686544414,15,-1.0895598581970272,20,S01_runup1w_10/3day
59,30,0.96558789027717,51,-0.5618824860098254,38,0.11140997671490654,82,L04_streak5/3day
60,10,2.1742233248145437,19,-0.9806488926837982,16,0.2087880556516113,32,L08_goodprev_drop/3day
60,20,1.1030393470723694,71,-0.1899388135918477,83,-0.5791840618575543,83,L25_down10_8/3day
60,30,1.1030393470723694,71,-0.1899388135918477,83,0.17918763894109063,75,L25_down10_8/3day
61,10,1.883283018178464,17,-1.4623796021334028,11,0.45069802763855943,63,L13_cutday_crash/3day
61,20,0.9634717093861865,178,0.3077896643703508,63,0.5780837135009604,154,L16_breakout_eps/3day
61,30,0.9634717093861865,178,0.3077896643703508,63,0.5831625428859025,160,L16_breakout_eps/3day
62,10,2.4906700784107008,19,0.9904937504944036,14,1.0872821742160024,26,L21_season_oversold/3day
62,20,2.409227574622379,30,-0.5789328055206645,21,0.6624832902378794,76,L23_quality_oversold/3day
62,30,2.409227574622379,30,-0.5789328055206645,21,-0.5257020439084723,70,L23_quality_oversold/3day
63,10,1.7625479707864184,19,-0.7841130166365177,16,0.018892145070350013,79,L08_goodprev_drop/tp
63,20,1.2577679582508043,178,0.9533329094426408,63,0.9880919989468158,198,L16_breakout_eps/3day
63,30,1.2577679582508043,178,0.9533329094426408,63,1.1093534067988438,191,L16_breakout_eps/3day
64,10,2.4454590876627327,12,1.5827183002205438,8,-0.21183707508404012,14,L12_sigma_drop/tp
64,20,0.8781022038047996,24,-0.6068724019384272,14,-0.764763714042024,38,L19_prevpos_selloff/tp
64,30,0.44132402097269535,34,-2.218007317942615,19,-0.23819436228477708,53,S04_upstreak6/tp
65,10,1.7682018162515984,15,2.749044475257073,7,-1.1299517757776425,19,L01_lag1w_10/3day
65,20,0.8419636189113915,29,2.538665434620571,27,0.12580773187479719,104,L22_big_washout/3day
65,30,0.7868024778961502,99,1.505184953924522,15,0.11764742492447408,148,S06_past_neg/tp
66,10,2.6286035051407763,12,-0.760494959257445,10,0.2585170595325902,17,L06_capit_vol/3day
66,20,2.116734289667235,24,-0.8471145514449671,14,0.5061093734703809,39,L19_prevpos_selloff/tp
66,30,1.4192644805867587,51,0.512140704358923,38,-0.34498940593386823,58,L04_streak5/3day
67,10,1.7964078314999896,12,-0.8840358221458541,5,0.46018322070818274,37,S11_sigma_rally/3day
67,20,1.6737616318338377,29,-1.1398975202248247,16,0.3377655388571353,68,S03_above50_20/3day
67,30,1.6667905277268726,32,0.12570341818886502,26,-0.5294599854039509,77,S02_runup1m_20/3day
68,10,1.3580586228196623,29,0.33288111283921695,16,-1.741008314891478,18,S03_above50_20/3day
68,20,1.3580586228196623,29,0.33288111283921695,16,0.7163453400870505,84,S03_above50_20/3day
68,30,1.036840167050801,140,0.4592407723529128,140,0.7286308691746737,157,L20_peers_strong/3day
69,10,4.960384278182314,12,-1.8934556733239578,10,-1.2129920457228598,21,L06_capit_vol/tp
69,20,2.3905111414433198,29,-0.28296437891434745,22,0.9958386139531179,33,L02_lag1m_15/tp
69,30,1.3402678434378394,43,1.2752496098361146,35,-0.03594609860614928,36,L05_at52wlow/3day
70,10,3.0854048475995257,19,-1.3128698546830297,16,0.6527622779234915,16,L08_goodprev_drop/3day
70,20,2.508622341643384,28,-0.025562421014542307,8,-0.7181154820456204,24,L09_iv_oversold/tp
70,30,1.6152203856535172,30,-0.9426586074149119,21,-0.2370115354999353,84,L23_quality_oversold/3day
71,10,2.8599418002379404,17,-0.9875028764781691,11,-1.1039542111028888,17,L13_cutday_crash/3day
71,20,1.1364230107472066,43,-0.452101157051434,35,0.30383320929302726,41,L05_at52wlow/3day
71,30,1.1364230107472066,43,-0.452101157051434,35,-0.1338887479837466,103,L05_at52wlow/3day
72,10,2.7524078174698086,15,-0.19092968990771794,9,-1.1123301253259192,17,L10_small_oversold/tp
72,20,1.0952567346537836,34,-1.608922225455219,19,-0.521397589252965,82,S04_upstreak6/3day
72,30,1.0952567346537836,34,-1.608922225455219,19,-0.98106652499109,104,S04_upstreak6/3day
73,10,1.0036561479267256,29,-0.22538553381381554,16,-0.7711980583324637,40,S03_above50_20/tp
73,20,1.0036561479267256,29,-0.22538553381381554,16,-0.771886614708146,66,S03_above50_20/tp
73,30,0.9475864735314135,119,0.5858031957458961,85,0.445196909670695,90,S08_peers_weak/tp
74,10,2.857479375759499,19,-0.8093198318798573,16,0.43836674301217377,18,L08_goodprev_drop/3day
74,20,1.193107727264628,25,0.24429296272113568,14,-1.08719667045439,31,L01b_lag1w_08/3day
74,30,1.1681757742786485,30,-0.5486101167425744,21,-0.3454028948801085,47,L23_quality_oversold/3day
75,10,1.9024784106015953,19,-0.12661825305407023,14,-0.596047479011718,36,L21_season_oversold/tp
75,20,1.2377884572811442,34,0.2447899093557798,19,-0.1670683501746371,49,S04_upstreak6/3day
75,30,1.2377884572811442,34,0.2447899093557798,19,-0.6803935043478138,85,S04_upstreak6/3day
76,10,2.5582792339457097,10,-0.5608106720310649,2,-1.7409029638114741,14,S07_iv_runup/3day
76,20,2.012429146653472,22,-2.79283136002934,15,-2.51092010595495,22,S01_runup1w_10/3day
76,30,0.9888416431847218,94,-1.0832639281453669,61,-0.6583549822455226,46,L07_past_pos/tp
77,10,3.424460339439691,10,0.021109902563185012,2,0.6588320763014258,15,S07_iv_runup/3day
77,20,2.8543522046918794,30,-0.8553887845657661,21,0.5904540504814817,71,L23_quality_oversold/3day
77,30,2.8543522046918794,30,-0.8553887845657661,21,0.323221284405962,70,L23_quality_oversold/3day
78,10,1.3963333297873197,11,0.4431446468615475,4,-0.7474350138948811,10,S09_cutday_spike/3day
78,20,1.2464786394968115,32,-0.9639825179268685,26,-0.7701095170778621,40,S02_runup1m_20/tp
78,30,1.2464786394968115,32,-0.9639825179268685,26,0.031359296617583764,85,S02_runup1m_20/tp
79,10,2.23513394823313,22,-0.22182950309811394,15,0.4288547713366644,29,S01_runup1w_10/3day
79,20,2.23513394823313,22,-0.22182950309811394,15,-0.3779727327781088,38,S01_runup1w_10/3day
79,30,0.9682540767344042,32,-0.47649680329068583,26,-0.1757857897440149,67,S02_runup1m_20/3day
80,10,2.447586054191737,22,0.39408069397913637,15,0.4899026816500053,19,S01_runup1w_10/3day
80,20,2.447586054191737,22,0.39408069397913637,15,1.0507853516327905,87,S01_runup1w_10/3day
80,30,1.7068128558733056,140,-0.22898268567759628,140,0.3720680277311731,173,L20_peers_strong/3day
81,10,1.9866303802312728,28,-1.6042721094838877,8,0.5837791701196807,17,L09_iv_oversold/tp
81,20,1.9866303802312728,28,-1.6042721094838877,8,0.5294681385360726,24,L09_iv_oversold/tp
81,30,0.8122013278436983,71,0.14085178472973822,55,-0.24293611164088866,78,L01a_lag1w_06/tp
82,10,2.5221984288484123,15,1.8487818205015754,9,-0.5072714814283807,24,L10_small_oversold/3day
82,20,0.925861354819888,28,-1.8315034866155186,8,-0.38319831269882154,39,L09_iv_oversold/tp
82,30,0.7791429658134977,94,1.486541312381588,61,0.8166232627359488,117,L07_past_pos/3day
83,10,4.597551495046647,15,3.0522094583665744,9,3.7741269804521687,15,L10_small_oversold/3day
83,20,1.3072814599524105,178,0.23723509504928794,63,0.7152411035108956,119,L16_breakout_eps/3day
83,30,1.3072814599524105,178,0.23723509504928794,63,0.4880289777399398,135,L16_breakout_eps/3day
84,10,1.7188966820867457,12,1.3196124749433262,8,1.1934061434955487,19,L12_sigma_drop/tp
84,20,1.448642497244741,32,-1.745921264587585,26,-0.3733533698724214,94,S02_runup1m_20/3day
84,30,1.448642497244741,32,-1.745921264587585,26,-0.47340798881647705,115,S02_runup1m_20/3day
85,10,2.338254072881151,19,-0.6225396759215027,16,-0.8120384708556618,27,L08_goodprev_drop/tp
85,20,1.0852669886240502,43,0.10516475453347011,35,-0.3126813372279189,34,L05_at52wlow/3day
85,30,1.0852669886240502,43,0.10516475453347011,35,-0.8126012381143435,37,L05_at52wlow/3day
86,10,2.79885789997626,11,0.4573130354000575,4,0.056413079770838113,11,S09_cutday_spike/3day
86,20,1.9129643693758178,29,-1.3534687957707243,16,-0.7498024470158918,63,S03_above50_20/3day
86,30,1.769145231368788,30,-1.6059762077103135,21,-1.3530043962221048,59,L23_quality_oversold/3day
87,10,1.77285630700614,15,0.63093791428137,9,-0.43314758988497504,31,L10_small_oversold/3day
87,20,0.986781757967835,32,-2.0264814832868514,26,-0.4673316518780685,66,S02_runup1m_20/tp
87,30,0.986781757967835,32,-2.0264814832868514,26,-0.18143155659095814,118,S02_runup1m_20/tp
88,10,1.928836734446768,10,-3.2516687959687554,2,0.45214608591331507,68,S07_iv_runup/3day
88,20,1.5028462309453448,119,0.7845378394366,85,0.576934537462068,139,S08_peers_weak/3day
88,30,1.5028462309453448,119,0.7845378394366,85,0.7356807464748877,139,S08_peers_weak/3day
89,10,1.0439838467548084,30,1.12849800548947,21,-0.2141900622026786,35,L23_quality_oversold/tp
89,20,1.0439838467548084,30,1.12849800548947,21,0.2168012193953851,104,L23_quality_oversold/tp
89,30,1.0439838467548084,30,1.12849800548947,21,0.2707318946448597,119,L23_quality_oversold/tp
90,10,1.9357395464685179,17,0.9166609404075146,11,0.743764027767962,20,L13_cutday_crash/3day
90,20,1.6115456547489446,29,-1.9413812363381369,27,-0.4712283499391846,20,L22_big_washout/3day
90,30,0.8795684643175192,43,0.44505185747312503,35,-0.4280309274937381,75,L05_at52wlow/tp
91,10,2.866307919281756,12,2.101064589622129,10,1.1379480963914266,22,L06_capit_vol/3day
91,20,0.6516357786577878,178,-0.4978759908729472,63,-0.40392655016951656,95,L16_breakout_eps/3day
91,30,0.6516357786577878,178,-0.4978759908729472,63,-0.4461607469627878,101,L16_breakout_eps/3day
92,10,2.4913949501829395,15,-0.009997878873013347,9,-0.258970892496476,15,L10_small_oversold/tp
92,20,2.4859464093248227,30,-0.5765528861857766,21,0.8263557229586801,64,L23_quality_oversold/tp
92,30,2.4859464093248227,30,-0.5765528861857766,21,0.41686957924952234,58,L23_quality_oversold/tp
93,10,1.6792417165124978,19,0.7711740139682454,11,0.4814765591639119,16,L14_drop3d/3day
93,20,0.7415570588022607,32,-0.787609500468007,26,0.5771065675107124,52,S02_runup1m_20/3day
93,30,0.7415570588022607,32,-0.787609500468007,26,-0.3958612762181489,65,S02_runup1m_20/3day
94,10,2.222996511049176,12,1.429339470674298,5,-0.11934804049785343,9,S11_sigma_rally/3day
94,20,1.6749113606658796,22,1.6987298176844468,15,0.8967318111334119,36,S01_runup1w_10/tp
94,30,1.1293970930425699,51,0.9087762364825006,38,-0.16161624711892242,67,L04_streak5/3day
95,10,3.6998663474707865,15,-5.029299484742694,9,0.10209840806371996,11,L10_small_oversold/3day
95,20,1.725116398825464,32,-0.24508851430215123,26,0.11832881768056386,49,S02_runup1m_20/3day
95,30,1.725116398825464,32,-0.24508851430215123,26,0.10402774727231477,92,S02_runup1m_20/3day
96,10,3.7025732725408,24,-2.3319586341689202,14,-0.7909915324942833,43,L19_prevpos_selloff/tp
96,20,3.7025732725408,24,-2.3319586341689202,14,-0.11605952887142883,64,L19_prevpos_selloff/tp
96,30,1.8628626857572697,32,1.4592258084233385,26,0.20026536996811725,101,S02_runup1m_20/3day
97,10,3.109469100335658,11,1.6063866859289024,4,-0.4216764503602682,16,S09_cutday_spike/tp
97,20,1.4104232343477037,32,-0.11626135110816042,26,-0.8217886907581506,28,S02_runup1m_20/3day
97,30,1.4104232343477037,32,-0.11626135110816042,26,-0.5297847117906426,72,S02_runup1m_20/3day
98,10,1.7457841468406023,15,0.9079436633123604,9,-1.4096531191649333,24,L10_small_oversold/3day
98,20,1.3917367249030295,30,0.6938133547325962,21,0.11739818367054006,42,L23_quality_oversold/tp
98,30,1.3917367249030295,30,0.6938133547325962,21,0.04439183085154877,135,L23_quality_oversold/tp
99,10,2.0600223213056967,12,-0.9079642263545326,8,0.7631868185452754,30,L12_sigma_drop/tp
99,20,1.1417407749536608,32,0.9545058134611563,26,0.0015258041894591861,71,S02_runup1m_20/3day
99,30,1.1417407749536608,32,0.9545058134611563,26,0.367807390711615,80,S02_runup1m_20/3day
100,10,2.21786149864829,11,-3.2390104988655155,4,-0.4483518568509074,45,S09_cutday_spike/3day
100,20,0.9546699326057742,178,0.09365167287130692,63,0.5809050874393804,125,L16_breakout_eps/3day
100,30,0.9546699326057742,178,0.09365167287130692,63,0.40427662919027985,171,L16_breakout_eps/3day
101,10,1.6621227293405088,15,-0.5801136836078521,9,-1.202976471660098,30,L10_small_oversold/3day
101,20,0.5011317814239998,24,-0.9722792811028835,14,-0.8852529449556445,94,L19_prevpos_selloff/tp
101,30,0.4875562452532174,140,0.04627819997652545,140,-0.6040890915487553,128,L20_peers_strong/3day
102,10,1.4517996846053804,15,-0.6394633450992913,9,-2.1863527373601426,29,L10_small_oversold/tp
102,20,1.1719224056946878,38,0.4787772396989352,39,0.30506107746974764,50,S10_badprev_rally/3day
102,30,1.1719224056946878,38,0.4787772396989352,39,0.4732429134888645,76,S10_badprev_rally/3day
103,10,1.516978456361235,12,1.5575410477962437,5,-0.3743840015156587,15,S11_sigma_rally/tp
103,20,1.0175954996166516,24,1.350029153918543,14,-0.28089774825232805,25,L19_prevpos_selloff/3day
103,30,1.0016494157409104,71,-0.4140997689676916,55,-0.7180865310727305,59,L01a_lag1w_06/tp
104,10,2.702196338954138,15,-1.8626451191284075,9,0.40264117423702894,25,L10_small_oversold/tp
104,20,1.4706988921807331,24,0.29547485560540354,14,0.07455483391683751,73,L19_prevpos_selloff/3day
104,30,0.6592751815628602,30,-0.9589564367947266,21,-0.4578764305586101,76,L23_quality_oversold/3day
105,10,1.9491231734291257,19,-0.564480286550537,16,0.25849496913349906,32,L08_goodprev_drop/tp
105,20,1.5186355464561458,30,0.06763848250020152,21,0.054710648433461004,29,L23_quality_oversold/3day
105,30,1.5186355464561458,30,0.06763848250020152,21,0.6533292946032393,80,L23_quality_oversold/3day
106,10,2.220740691211756,24,0.6357234678906778,14,-1.0865259408836545,20,L19_prevpos_selloff/3day
106,20,2.220740691211756,24,0.6357234678906778,14,0.546080449930851,48,L19_prevpos_selloff/3day
106,30,1.5888395381394287,32,1.355696972092827,26,0.14883859870331678,63,S02_runup1m_20/3day
107,10,1.817683324814061,10,5.682953295753625,2,-0.21513943569792743,22,S07_iv_runup/3day
107,20,1.020227496116199,24,1.9998945670767907,14,0.02027644999104451,32,L19_prevpos_selloff/3day
107,30,0.951487108557154,34,-2.004869301899616,19,-0.938633064142585,30,S04_upstreak6/tp
108,10,2.6367364632928507,12,1.482419172500494,5,-0.13819339606546038,55,S11_sigma_rally/tp
108,20,1.7151234409323355,22,-1.2460414145781968,15,-0.38379082237440554,81,S01_runup1w_10/3day
108,30,0.7892173538253573,43,-0.4833494754397109,35,-0.08189968435818194,103,L05_at52wlow/tp
109,10,1.6837463941801583,10,-2.8301524426995197,2,0.07667823109671389,13,S07_iv_runup/3day
109,20,1.46281930812103,32,-1.4210826176709526,26,-1.3892828860759843,46,S02_runup1m_20/3day
109,30,1.46281930812103,32,-1.4210826176709526,26,-0.09544243565405672,149,S02_runup1m_20/3day
110,10,4.643678349771307,17,0.11473350632630104,11,2.342183452029845,18,L13_cutday_crash/3day
110,20,0.4632473302598825,28,0.7564896215010138,8,0.08608256111187218,50,L09_iv_oversold/3day
110,30,0.42399611492535344,38,-0.36695451407183766,39,-0.4747535086579574,97,S10_badprev_rally/3day
111,10,1.3144242174404956,17,-0.7131017695869947,11,-0.9914527069424012,46,L13_cutday_crash/3day
111,20,0.6603267634581802,119,0.7429359638909404,85,0.05636893993467317,95,S08_peers_weak/3day
111,30,0.6603267634581802,119,0.7429359638909404,85,0.5285593366336148,115,S08_peers_weak/3day
112,10,2.482140175418538,15,0.5148216154942037,9,0.013874124112588463,30,L10_small_oversold/3day
112,20,2.1797526278662755,22,0.6360458131526808,15,-0.09204892214226003,64,S01_runup1w_10/3day
112,30,2.083848011655121,30,-1.6143838515849842,21,-1.3114340452560949,81,L23_quality_oversold/3day
113,10,1.04439666458896,119,0.6015585862295824,85,-0.07519752236679161,78,S08_peers_weak/3day
113,20,1.04439666458896,119,0.6015585862295824,85,0.38544879690123285,98,S08_peers_weak/3day
113,30,1.04439666458896,119,0.6015585862295824,85,0.6544142443821281,106,S08_peers_weak/3day
114,10,2.760877547646222,15,-0.5753261241896929,7,-0.449237283450755,21,L01_lag1w_10/3day
114,20,1.752249404132287,29,0.6691868465777027,22,0.4535037491036043,20,L02_lag1m_15/3day
114,30,0.864189983673238,119,0.5314151026875773,85,-0.5949575524843401,86,S08_peers_weak/3day
115,10,1.6106905119373516,12,-1.6730743508676382,10,-0.6102926093690832,29,L06_capit_vol/3day
115,20,1.4272451009302463,28,3.930216438541335,8,-0.6076405350992533,22,L09_iv_oversold/3day
115,30,1.2383873403901706,51,-1.398081071713177,38,0.3406155473913776,44,L04_streak5/tp
116,10,2.4496181070587477,19,-0.23380672485952825,16,0.24192884336666456,40,L08_goodprev_drop/3day
116,20,1.0672524872101943,22,0.1782696949510167,15,0.04334241332348619,64,S01_runup1w_10/3day
116,30,0.951359236853745,178,-0.1264180726409239,63,0.32409876221176126,88,L16_breakout_eps/tp
117,10,1.4735189809605882,15,-0.3033313831710326,7,-0.010817870817888335,71,L01_lag1w_10/3day
117,20,0.9253042910519013,29,-1.089300409562374,16,0.3334184840814621,129,S03_above50_20/tp
117,30,0.9024028957643531,178,0.7824692556071419,63,0.7755694660323084,133,L16_breakout_eps/tp
118,10,1.7258579902943296,24,-0.9999853014159764,14,-0.6906145482839612,45,L19_prevpos_selloff/tp
118,20,1.7258579902943296,24,-0.9999853014159764,14,-0.8319081816926641,52,L19_prevpos_selloff/tp
118,30,1.665908090090345,30,-0.5578595486459448,21,-0.39638899493970847,61,L23_quality_oversold/tp
119,10,2.8950730597779386,15,-1.004225204291479,9,0.4444457788907841,21,L10_small_oversold/tp
119,20,1.9763990692556355,22,0.23025899928261195,15,-1.4628165360373624,23,S01_runup1w_10/3day
119,30,1.5404110651390706,30,0.8420662484144659,21,0.17665108405550342,87,L23_quality_oversold/tp
120,10,2.4066324644945714,22,0.7081783644378007,15,0.1418816420918044,38,S01_runup1w_10/3day
120,20,2.4066324644945714,22,0.7081783644378007,15,0.8640067295090975,63,S01_runup1w_10/3day
120,30,1.7883796934184077,32,-0.22621493769422227,26,1.2059034366658021,77,S02_runup1m_20/3day
121,10,1.369379780454521,22,-2.4531672597572407,15,0.24910789591755703,30,S01_runup1w_10/3day
121,20,1.369379780454521,22,-2.4531672597572407,15,0.2785336483689251,30,S01_runup1w_10/3day
121,30,1.1927387059595003,51,-1.5480581439242016,38,-0.04126087153028922,47,L04_streak5/tp
122,10,2.937989555767502,12,-0.5523428357109129,10,0.9521127697970256,45,L06_capit_vol/3day
122,20,1.9785335632035064,29,-1.065035983079625,16,0.6561069370273466,29,S03_above50_20/3day
122,30,1.649841096150548,30,-1.4075123069199376,21,-0.021080262169343073,45,L23_quality_oversold/3day
123,10,2.006246882975124,32,0.06259813791469679,26,0.15262694395519322,40,S02_runup1m_20/3day
123,20,2.006246882975124,32,0.06259813791469679,26,0.7032112133385594,61,S02_runup1m_20/3day
123,30,2.006246882975124,32,0.06259813791469679,26,0.35401204684284715,154,S02_runup1m_20/3day
124,10,1.3784802610722287,51,1.705568525711818,38,1.1632068837574367,42,L04_streak5/3day
124,20,1.3784802610722287,51,1.705568525711818,38,0.6148567590733741,70,L04_streak5/3day
124,30,1.3784802610722287,51,1.705568525711818,38,0.8302646990521613,96,L04_streak5/3day
125,10,2.245866546946273,11,2.5335973901779876,4,-1.1143151820298551,20,S09_cutday_spike/3day
125,20,0.7772215279228266,28,0.9993832527414102,8,-0.5336538837981927,49,L09_iv_oversold/3day
125,30,0.7133328942254014,34,-0.008040972413246656,19,-0.5126608024330911,115,S04_upstreak6/3day
126,10,1.6470133207285071,22,0.8250343476035688,15,-0.5658427821240078,41,S01_runup1w_10/3day
126,20,1.6470133207285071,22,0.8250343476035688,15,-0.8634480591773855,65,S01_runup1w_10/3day
126,30,1.0712829775972001,119,0.8760525096274285,85,0.11673691955962709,104,S08_peers_weak/tp
127,10,1.923834919079855,28,-1.4353928223246313,8,-1.0367933237863662,24,L09_iv_oversold/3day
127,20,1.923834919079855,28,-1.4353928223246313,8,-1.3534651803528785,18,L09_iv_oversold/3day
127,30,0.8147247717133272,140,0.34477624469288626,140,0.22308497666297014,108,L20_peers_strong/tp
128,10,2.639647740364253,10,0.9212007047332049,2,-0.4381360391211275,12,S07_iv_runup/tp
128,20,1.5757312606597091,25,-1.6065460610475122,14,-0.35265787826906575,79,L01b_lag1w_08/tp
128,30,1.1133420426402552,38,-0.51634083127457,39,-0.43707736796256724,78,S10_badprev_rally/tp
129,10,3.5726460908597386,24,2.3937921297038818,14,2.3751430132048514,22,L19_prevpos_selloff/3day
129,20,3.5726460908597386,24,2.3937921297038818,14,2.1794498121809904,25,L19_prevpos_selloff/3day
129,30,1.208348830643519,51,-0.4409767713233427,38,0.8099042357654596,63,L04_streak5/tp
130,10,1.4311242657248002,12,-1.8906671158196122,8,-0.9674886445601809,18,L12_sigma_drop/tp
130,20,0.7683253003315025,94,0.022785055668786004,61,-0.03351838184072484,69,L07_past_pos/3day
130,30,0.7683253003315025,94,0.022785055668786004,61,0.17506517555580936,86,L07_past_pos/3day
131,10,1.6947595373577948,29,1.706307723007645,16,0.13983512966480116,18,S03_above50_20/3day
131,20,1.6947595373577948,29,1.706307723007645,16,0.1038498900620448,23,S03_above50_20/3day
131,30,1.09586374269323,32,1.4712817047782847,26,-0.3989563823988179,56,S02_runup1m_20/3day
132,10,1.3548567803969942,15,-1.1043790897902868,9,-0.6063572807704359,10,L10_small_oversold/3day
132,20,1.1029064704462246,140,0.8285091447550664,140,0.2617371645235198,174,L20_peers_strong/tp
132,30,1.1029064704462246,140,0.8285091447550664,140,0.43480539032606774,196,L20_peers_strong/tp
133,10,1.3543570022619957,12,-1.6203464615166419,5,-0.7054517455163493,14,S11_sigma_rally/3day
133,20,0.6567629049553152,25,0.059733595019903434,14,-0.5874465530263083,18,L01b_lag1w_08/3day
133,30,0.5983395043563863,71,-0.21469641740970208,83,-0.40679509184657553,92,L25_down10_8/tp
134,10,1.900707302012537,19,1.689764713749254,14,-0.4455086572380545,35,L21_season_oversold/tp
134,20,1.324735101689642,30,1.6020826414054863,21,0.23322227417857924,78,L23_quality_oversold/tp
134,30,1.324735101689642,30,1.6020826414054863,21,0.41288133218230677,73,L23_quality_oversold/tp
135,10,2.1005245998572777,12,1.6679489006424126,10,0.5351409369439986,22,L06_capit_vol/tp
135,20,1.0545404506185108,30,-0.08097694394417095,21,-0.08403305863676389,34,L23_quality_oversold/3day
135,30,1.0545404506185108,30,-0.08097694394417095,21,-1.4143260865617506,38,L23_quality_oversold/3day
136,10,2.626615356490709,30,0.7060509063659572,21,1.1201900549864712,41,L23_quality_oversold/tp
136,20,2.626615356490709,30,0.7060509063659572,21,0.6589543733244477,51,L23_quality_oversold/tp
136,30,2.626615356490709,30,0.7060509063659572,21,0.14390116204216744,45,L23_quality_oversold/tp
137,10,3.6179232486484976,11,1.0174035521562548,4,1.1131973088992617,14,S09_cutday_spike/3day
137,20,1.602801125614301,29,1.1074000230435492,16,0.1863020625260471,78,S03_above50_20/3day
137,30,0.8726122222155902,30,0.2242966317192423,21,-0.16853298643926568,120,L23_quality_oversold/tp
138,10,1.9452327931530928,17,-0.6923586202042364,11,0.9227004959755061,20,L13_cutday_crash/3day
138,20,1.645314862855,43,0.36186450555446736,35,0.8564461894230467,41,L05_at52wlow/tp
138,30,1.645314862855,43,0.36186450555446736,35,-0.1022418753154244,53,L05_at52wlow/tp
139,10,2.1391014697622683,12,1.3036219118183463,8,-0.34847913876802006,13,L12_sigma_drop/3day
139,20,0.690906577004015,30,0.7138159458427281,21,0.0789313339466043,101,L23_quality_oversold/3day
139,30,0.690906577004015,30,0.7138159458427281,21,0.2663970059148419,120,L23_quality_oversold/3day
140,10,1.497259981866581,10,-0.7696485270023802,2,0.1075585843425612,20,S07_iv_runup/3day
140,20,1.0105574752112914,34,0.8762090552965738,19,0.30207682093604044,86,S04_upstreak6/3day
140,30,1.0105574752112914,34,0.8762090552965738,19,0.33069521020942183,87,S04_upstreak6/3day
141,10,2.3274890043800935,15,0.07318419694801212,9,0.501019376823962,15,L10_small_oversold/tp
141,20,0.7780049583129414,51,-0.30456685649419846,38,-0.5025046762037962,39,L04_streak5/3day
141,30,0.7780049583129414,51,-0.30456685649419846,38,-0.45295260878914356,54,L04_streak5/3day
142,10,0.8306441076491838,38,0.7280887766444033,39,-0.30270752488320934,58,S10_badprev_rally/3day
142,20,0.8306441076491838,38,0.7280887766444033,39,0.319436851943193,96,S10_badprev_rally/3day
142,30,0.8306441076491838,38,0.7280887766444033,39,0.3888499296261649,128,S10_badprev_rally/3day
143,10,2.457922025359039,12,-2.9461065339271495,5,0.2300437750305552,39,S11_sigma_rally/tp
143,20,1.0813952603428356,43,0.5347283670194882,35,0.35799236866140793,57,L05_at52wlow/3day
143,30,1.0813952603428356,43,0.5347283670194882,35,0.39433401826974496,51,L05_at52wlow/3day
144,10,2.174718338534778,24,0.4487959429051665,14,0.2983802030808319,37,L19_prevpos_selloff/3day
144,20,2.174718338534778,24,0.4487959429051665,14,0.04821322134336698,48,L19_prevpos_selloff/3day
144,30,1.513590942695075,30,-0.2007763908741366,21,-0.49851280315223545,73,L23_quality_oversold/3day
145,10,2.4619621301023997,11,0.5582259892001827,4,-3.39966534865356,25,S09_cutday_spike/3day
145,20,1.7953969476828684,32,-0.020460958643789568,26,-0.7947150092122528,43,S02_runup1m_20/3day
145,30,1.7953969476828684,32,-0.020460958643789568,26,-0.4344591999263949,103,S02_runup1m_20/3day
146,10,3.156220693326824,15,-0.7676795262765272,7,-0.4909580534580093,17,L01_lag1w_10/3day
146,20,2.887116136464606,29,-0.2638017663170879,27,0.44208429327624094,24,L22_big_washout/3day
146,30,1.1385598918671624,71,-1.6940925206507356,55,-0.03133838612989128,56,L01a_lag1w_06/3day
147,10,2.9676172417605633,15,-0.6351935296299815,7,0.5323489138542421,19,L01_lag1w_10/tp
147,20,2.4774773007704876,25,0.7641492754093527,14,1.606643814561876,24,L01b_lag1w_08/tp
147,30,1.168315084154869,71,-0.5244185034120139,55,-0.24615810226299378,56,L01a_lag1w_06/tp
148,10,4.276729347299877,15,-0.48575992599653844,7,1.5459446540749813,14,L01_lag1w_10/3day
148,20,3.015872053088361,25,1.3246021712055207,14,2.66748980133181,23,L01b_lag1w_08/3day
148,30,1.6102763962933853,51,-1.1750356887969047,38,1.059755389185997,54,L04_streak5/3day
149,10,2.520732925424482,19,1.5012841518157303,14,0.9053034357495426,48,L21_season_oversold/3day
149,20,1.7024318455561924,22,0.05924490170952789,15,1.001133659402379,43,S01_runup1w_10/tp
149,30,1.389605338310913,51,-1.184603525253706,38,-0.6063297858246199,75,L04_streak5/tp
150,10,2.3821256037877676,12,0.13203337165440204,5,1.3726449962681146,14,S11_sigma_rally/3day
150,20,1.260915100651529,28,3.0440552182365224,8,-0.036680158431145894,42,L09_iv_oversold/tp
150,30,1.0512791056906636,30,0.48550306936514287,21,0.0387867429298243,63,L23_quality_oversold/tp
151,10,0.866980550373032,10,0.00796812736982011,2,-0.5663471759654596,26,S07_iv_runup/tp
151,20,0.6719593406143206,178,-0.8776133017788856,63,-0.4790245153765204,97,L16_breakout_eps/3day
151,30,0.6719593406143206,178,-0.8776133017788856,63,-0.16263045829423012,131,L16_breakout_eps/3day
152,10,1.6992815722674328,19,1.1687090676300422,14,0.5811181439517161,26,L21_season_oversold/3day
152,20,1.5404836339774115,30,1.7776847944326357,21,0.06139072284947448,42,L23_quality_oversold/tp
152,30,1.5404836339774115,30,1.7776847944326357,21,0.7575725621813447,149,L23_quality_oversold/tp
153,10,3.434358653739347,19,-0.5944665226751397,14,1.0264484910034644,26,L21_season_oversold/tp
153,20,2.44437562586985,25,-0.37347229407924715,14,0.12767641128696391,54,L01b_lag1w_08/3day
153,30,0.9876004326663527,99,-1.0842890270992442,15,0.32596398090568923,61,S06_past_neg/3day
154,10,1.5353646414452768,12,-0.2741191758994842,10,-0.27860508195469,47,L06_capit_vol/tp
154,20,1.2769710147866533,30,0.16160373296928338,21,-0.7650802892881412,97,L23_quality_oversold/3day
154,30,1.2769710147866533,30,0.16160373296928338,21,0.0025089137474099007,110,L23_quality_oversold/3day
155,10,2.3160893465627463,17,3.1557377168928924,11,1.9830592744966191,23,L13_cutday_crash/3day
155,20,1.3363535010004046,24,1.3743333967164912,14,0.7742584929653638,67,L19_prevpos_selloff/tp
155,30,0.7938236009797452,43,-0.7424342763284157,35,0.2897581070824169,88,L05_at52wlow/3day
156,10,1.4485245154727528,28,1.6331514545070176,8,-0.8327323034170382,29,L09_iv_oversold/tp
156,20,1.4485245154727528,28,1.6331514545070176,8,0.8115166363282185,19,L09_iv_oversold/tp
156,30,0.800049389407697,119,-0.43193285273344595,85,0.21069266783382545,92,S08_peers_weak/tp
157,10,1.9354407021434132,30,0.3101020967348515,21,-1.508010252201595,30,L23_quality_oversold/3day
157,20,1.9354407021434132,30,0.3101020967348515,21,0.43358278263449845,106,L23_quality_oversold/3day
157,30,1.9354407021434132,30,0.3101020967348515,21,0.11908110269413778,98,L23_quality_oversold/3day
158,10,2.304416780378697,24,-0.4889512138742001,14,0.2416194231367887,38,L19_prevpos_selloff/3day
158,20,2.304416780378697,24,-0.4889512138742001,14,-0.24912798398284916,68,L19_prevpos_selloff/3day
158,30,1.094440110758885,99,0.9969472532331913,15,-0.5377996672225424,68,S06_past_neg/3day
159,10,1.548108017178096,22,1.6424631970571069,15,-0.43306280180079865,29,S01_runup1w_10/3day
159,20,1.548108017178096,22,1.6424631970571069,15,0.515075362151349,79,S01_runup1w_10/3day
159,30,0.7210382660158391,71,0.34266892476260313,55,-0.06660374772684782,147,L01a_lag1w_06/tp
160,10,2.5740569046113397,15,-1.4770562467058734,9,-0.4823903780881109,11,L10_small_oversold/3day
160,20,1.661828518479895,24,1.5636040272946257,14,0.2668856589736744,46,L19_prevpos_selloff/3day
160,30,0.7657339255328194,38,-0.27272863820200666,39,-0.3962798691716484,76,S10_badprev_rally/3day
161,10,2.338416645444402,30,0.9534832150378023,21,-0.1466148151798528,55,L23_quality_oversold/tp
161,20,2.338416645444402,30,0.9534832150378023,21,0.5288848367117689,67,L23_quality_oversold/tp
161,30,2.338416645444402,30,0.9534832150378023,21,0.5145771219026707,71,L23_quality_oversold/tp
162,10,2.1170879838486667,17,-0.612191362044202,11,0.6323300611549343,18,L13_cutday_crash/tp
162,20,0.9198775185794027,140,0.9770788645742584,140,0.02595618822351155,150,L20_peers_strong/tp
162,30,0.9198775185794027,140,0.9770788645742584,140,0.3460200280459837,225,L20_peers_strong/tp
163,10,2.9357532550719228,15,-0.12021204024905689,9,1.4579715374928852,15,L10_small_oversold/3day
163,20,1.53026180194126,28,-0.9534627215281231,30,-1.7192681463321853,44,L15_deep_combo/3day
163,30,0.9631333251963414,38,0.5158660981435141,39,-0.804037209808481,82,S10_badprev_rally/tp
164,10,1.3849030203757882,119,1.7375115458358048,85,1.1534781133343894,108,S08_peers_weak/3day
164,20,1.3849030203757882,119,1.7375115458358048,85,1.1534781133343894,108,S08_peers_weak/3day
164,30,1.3849030203757882,119,1.7375115458358048,85,1.318763803029284,117,S08_peers_weak/3day
165,10,2.1078110835751134,10,-4.698277688130825,2,-4.28204691102784,16,S07_iv_runup/3day
165,20,1.0004878007769686,28,-0.12025823801345495,8,-1.2385537199665249,21,L09_iv_oversold/3day
165,30,0.7418323411725177,178,0.4005439268480811,63,0.18099504713469156,130,L16_breakout_eps/3day
166,10,3.1464226733777085,24,1.7752696772372292,14,2.2813038386776654,43,L19_prevpos_selloff/3day
166,20,3.1464226733777085,24,1.7752696772372292,14,1.1645362331528304,82,L19_prevpos_selloff/3day
166,30,1.8306133372940552,30,-0.925178274558662,21,0.9041664533466334,113,L23_quality_oversold/3day
167,10,0.8796859622833183,12,0.08016201489235819,5,-1.0331185735284072,24,S11_sigma_rally/tp
167,20,0.6309167612380255,24,-0.858774554056342,14,-1.8409749829582458,34,L19_prevpos_selloff/tp
167,30,0.37548792120366425,51,0.16013285577578995,38,-1.1077352747138751,44,L04_streak5/tp
168,10,2.9048318368538366,19,0.7434862289677929,14,0.6054007410012988,27,L21_season_oversold/3day
168,20,1.1330497378170954,28,-0.39464188225692237,8,-0.04369212055780463,36,L09_iv_oversold/tp
168,30,0.9003341248145925,178,0.34510865609209623,63,-0.17174647758322806,45,L16_breakout_eps/3day
169,10,2.2501877362820477,15,-0.4654489804684682,7,-1.6124561163475255,12,L01_lag1w_10/tp
169,20,1.8499015270873838,25,-2.389216001893657,14,-1.7469241520308658,13,L01b_lag1w_08/tp
169,30,1.5792902210041742,30,-2.3417636825166963,21,0.17280990130313006,86,L23_quality_oversold/tp
170,10,2.2024523972255285,15,0.13189659007219556,7,0.58064672025391,38,L01_lag1w_10/3day
170,20,1.7677463117995946,25,-0.1990927918605965,14,-0.31275397592177706,62,L01b_lag1w_08/3day
170,30,1.2479514067072335,38,-1.3890080851411764,39,0.016547562831740945,86,S10_badprev_rally/tp
171,10,2.113374050801205,19,2.3029350614775987,14,0.5992326608274481,25,L21_season_oversold/tp
171,20,1.6167536109453757,28,0.2835140498466199,8,-0.5302915933241208,17,L09_iv_oversold/3day
171,30,0.6857197197889887,51,0.5667066847287199,38,-1.0094389164729556,76,L04_streak5/tp
172,10,0.8175306673711226,29,0.81065395234852,22,-2.021479175913466,22,L02_lag1m_15/tp
172,20,0.8175306673711226,29,0.81065395234852,22,-0.009117737022005,18,L02_lag1m_15/tp
172,30,0.6735721506964805,178,-0.7479576735753182,63,0.11771485136013699,108,L16_breakout_eps/tp
173,10,2.042903426529227,19,1.4470931565490865,14,1.1799850303598207,29,L21_season_oversold/3day
173,20,1.7692829409934638,24,0.09264023140937874,14,-0.8465373992126526,58,L19_prevpos_selloff/3day
173,30,0.6924167873346991,32,0.5860452579921518,26,-0.7690153233724647,56,S02_runup1m_20/3day
174,10,2.767639777338458,10,-4.53312077249955,2,-2.8086155913379107,10,S07_iv_runup/tp
174,20,0.7880396908007635,94,-0.5207238995814791,61,-0.16234967944637152,56,L07_past_pos/3day
174,30,0.7880396908007635,94,-0.5207238995814791,61,-0.3944052325438715,109,L07_past_pos/3day
175,10,1.8579007986656442,32,-1.3655284749993084,26,-1.1903181315920774,43,S02_runup1m_20/tp
175,20,1.8579007986656442,32,-1.3655284749993084,26,-0.11901089981748678,46,S02_runup1m_20/tp
175,30,1.8579007986656442,32,-1.3655284749993084,26,-0.08567504046500306,97,S02_runup1m_20/tp
176,10,2.869284758275636,15,-2.678085546634817,9,-1.2292254304518688,21,L10_small_oversold/3day
176,20,1.039017352090906,25,-0.3757134478389214,14,-0.9210502447178398,43,L01b_lag1w_08/tp
176,30,1.0175732663258483,34,-2.526863951898778,19,-0.18916560900368964,76,S04_upstreak6/3day
177,10,2.525376826933821,12,1.3182014956022625,8,-0.3832399521989812,23,L12_sigma_drop/3day
177,20,1.520013850856389,28,0.5152479109268662,30,-0.8819882543424822,28,L15_deep_combo/tp
177,30,1.4371164392555893,43,0.25610914355917586,35,0.40051014907730653,37,L05_at52wlow/3day
178,10,2.132521567828201,24,-2.570073794959463,14,0.1106868300342261,36,L19_prevpos_selloff/3day
178,20,2.132521567828201,24,-2.570073794959463,14,-0.22383126957640845,45,L19_prevpos_selloff/3day
178,30,1.672515927001463,51,0.8502882453180287,38,1.1541055579055575,74,L04_streak5/tp
179,10,1.9073602081116654,28,-1.0762788373691932,30,-1.2543650471520325,30,L15_deep_combo/3day
179,20,1.9073602081116654,28,-1.0762788373691932,30,-0.5912875324160376,40,L15_deep_combo/3day
179,30,0.7771971909918751,140,-0.1255035124945072,140,-0.7424744450314107,90,L20_peers_strong/3day
180,10,3.358655805182381,19,1.683481733430437,14,1.1332408487960965,35,L21_season_oversold/tp
180,20,1.594473027555178,43,-0.36808773589622634,35,0.69986870804428,36,L05_at52wlow/3day
180,30,1.594473027555178,43,-0.36808773589622634,35,0.5895352455646119,48,L05_at52wlow/3day
181,10,1.8744659728168527,12,-0.5210554977527599,8,-0.31058696035359395,38,L12_sigma_drop/tp
181,20,1.0299588033606013,178,0.4738899347772995,63,-0.19420629460877228,99,L16_breakout_eps/3day
181,30,1.0299588033606013,178,0.4738899347772995,63,-0.10990265253892426,108,L16_breakout_eps/3day
182,10,3.424654344679586,17,-1.0544572776893204,11,1.0208265292715681,18,L13_cutday_crash/tp
182,20,0.5297341896364639,32,0.5609709264885235,26,-1.2471081152624495,54,S02_runup1m_20/tp
182,30,0.5297341896364639,32,0.5609709264885235,26,-0.6099458150252461,95,S02_runup1m_20/tp
183,10,1.6408386569213385,15,-0.12075559974559336,9,0.8252943548572926,28,L10_small_oversold/3day
183,20,0.9676824326489364,99,2.4945683161842567,15,0.024525818595536264,81,S06_past_neg/3day
183,30,0.9676824326489364,99,2.4945683161842567,15,0.7034330327490566,104,S06_past_neg/3day
184,10,1.9131076324126854,10,-2.451522577272265,2,-2.324788281629033,9,S07_iv_runup/3day
184,20,1.2643002196764472,32,-0.9767262708378313,26,0.7640260431924106,60,S02_runup1m_20/3day
184,30,1.2643002196764472,32,-0.9767262708378313,26,0.6528876268902064,65,S02_runup1m_20/3day
185,10,1.3192048167744241,30,0.8001279831064709,21,-1.0987241672539994,51,L23_quality_oversold/tp
185,20,1.3192048167744241,30,0.8001279831064709,21,0.23360319185625394,72,L23_quality_oversold/tp
185,30,1.3192048167744241,30,0.8001279831064709,21,-0.09976675886809004,90,L23_quality_oversold/tp
186,10,2.0350597039872547,12,-0.3029303414919599,8,-0.16848475546600092,26,L12_sigma_drop/3day
186,20,1.480041514544329,29,0.8700679927628195,16,1.3891874699443196,49,S03_above50_20/3day
186,30,1.2646344572317607,32,0.6428656908970171,26,0.38103780312105767,58,S02_runup1m_20/3day
187,10,1.376179685115338,29,0.6452044465796524,27,-0.3379875930898635,32,L22_big_washout/3day
187,20,1.376179685115338,29,0.6452044465796524,27,0.8443886422907373,31,L22_big_washout/3day
187,30,0.5204549176918823,51,0.5054600680289074,38,-0.24089441694105831,55,L04_streak5/tp
188,10,2.9462046054635795,19,-1.1406521542608077,14,-0.318516857761816,28,L21_season_oversold/3day
188,20,0.9328976625873181,94,-0.03645235852232661,61,-0.0013570062112332356,68,L07_past_pos/3day
188,30,0.9328976625873181,94,-0.03645235852232661,61,0.1334331399112226,77,L07_past_pos/3day
189,10,0.996015575629096,12,-0.8241721559788209,10,-1.6791928062519037,28,L06_capit_vol/tp
189,20,0.5750654086017711,32,-0.17830394977873654,26,-0.03378342776679106,164,S02_runup1m_20/3day
189,30,0.5750654086017711,32,-0.17830394977873654,26,-0.09042068881945192,178,S02_runup1m_20/3day
190,10,2.74708236641569,19,0.8505667066695864,14,0.2949253398146981,37,L21_season_oversold/3day
190,20,1.2075390729710265,38,0.48311070818854407,39,-0.23888111299260656,38,S10_badprev_rally/tp
190,30,1.2075390729710265,38,0.48311070818854407,39,0.1305629836846117,53,S10_badprev_rally/tp
191,10,2.454073018937942,17,-0.4322577379945903,11,-1.0230836630620381,18,L13_cutday_crash/3day
191,20,1.801227700012391,22,-0.7669971746978099,15,-0.21321117567886622,42,S01_runup1w_10/3day
191,30,0.906791221046252,51,-0.13389633519692512,38,0.3978546828052195,167,L04_streak5/tp
192,10,2.1502848261914154,10,-2.2028546584296596,2,0.7301705142571713,9,S07_iv_runup/3day
192,20,0.8006067615415134,119,0.22588935349591052,85,-0.6991436838071952,70,S08_peers_weak/tp
192,30,0.8006067615415134,119,0.22588935349591052,85,-0.3547412813741316,99,S08_peers_weak/tp
193,10,2.752476111056018,19,0.8372270389413242,14,0.6153323509774974,39,L21_season_oversold/tp
193,20,1.5299703872272787,22,0.8468508776881514,15,-0.5297578085188305,92,S01_runup1w_10/3day
193,30,1.2205435985169544,30,-0.3719064887971043,21,-0.10918331987879645,109,L23_quality_oversold/tp
194,10,3.1832717122050513,19,2.6412815868171213,16,0.9744173936265633,29,L08_goodprev_drop/3day
194,20,1.8747142524504279,24,0.4344905486935607,14,0.862010236749104,48,L19_prevpos_selloff/3day
194,30,1.8474497632402744,30,-1.085807864321388,21,0.4253506869657551,37,L23_quality_oversold/3day
195,10,3.51956167236511,12,-2.9847631506112973,10,-1.050067664644159,55,L06_capit_vol/3day
195,20,1.7170885333381882,25,-0.1611151870581576,14,-0.43214552461175154,79,L01b_lag1w_08/3day
195,30,0.7152433730066808,178,0.0023487133095772884,63,0.1465280679391095,137,L16_breakout_eps/tp
196,10,2.4072239101164383,15,-0.21070398952954794,9,1.7850207910821392,13,L10_small_oversold/3day
196,20,0.8648818772756025,112,-0.526768437668516,72,-1.8379469972651155,49,L24_high_iv/3day
196,30,0.8648818772756025,112,-0.526768437668516,72,-0.10199864766557053,101,L24_high_iv/3day
197,10,2.0203249251370274,12,-3.383365492542788,5,0.41199534222721484,49,S11_sigma_rally/3day
197,20,1.028287236609268,51,1.3017568145461809,38,0.46532045943280936,102,L04_streak5/3day
197,30,1.028287236609268,51,1.3017568145461809,38,0.8624223872330571,119,L04_streak5/3day
198,10,1.5249924742417593,19,1.5876434957242467,14,-0.3073192363561459,47,L21_season_oversold/3day
198,20,1.3802787731148938,24,1.3750809939447335,14,-0.7441242561678807,53,L19_prevpos_selloff/3day
198,30,1.1714830503698233,32,-0.708903072396371,26,-1.5396832173346902,66,S02_runup1m_20/tp
199,10,1.7440542415625715,19,1.0046295482621461,11,-0.19233515174055507,28,L14_drop3d/3day
199,20,1.5647680505383035,29,0.8866925857077362,22,0.6030723389581003,36,L02_lag1m_15/3day
199,30,1.1809625514082642,34,0.322671250063459,19,-0.12489870727204823,77,S04_upstreak6/3day
200,10,2.7549803553821337,11,-2.1724316334530354,4,-2.7515783798578384,15,S09_cutday_spike/3day
200,20,0.8859122788016092,24,-1.487350171868392,14,-0.5503276859077119,65,L19_prevpos_selloff/3day
200,30,0.6940327223527707,30,0.5737987769478724,21,-0.022049273220930025,114,L23_quality_oversold/3day
201,10,2.454905551663343,15,-0.7401264509387978,9,0.721119959608912,10,L10_small_oversold/3day
201,20,0.9589391896557794,30,-0.6754011741304509,21,0.07054121607623434,28,L23_quality_oversold/tp
201,30,0.9589391896557794,30,-0.6754011741304509,21,-0.05793458301413246,84,L23_quality_oversold/tp
202,10,7.516103195350193,12,0.9689061687941051,10,2.834792838091384,13,L06_capit_vol/3day
202,20,3.166461738631063,29,-1.242045867592113,22,0.6152828277091582,26,L02_lag1m_15/3day
202,30,1.1058898927573981,64,-1.129646739345178,76,-1.0106789478958151,78,L03_below50_10/3day
203,10,2.1201187206732848,24,-0.35334177968568653,14,-0.5519126050870933,40,L19_prevpos_selloff/3day
203,20,2.1201187206732848,24,-0.35334177968568653,14,0.41792850447161584,54,L19_prevpos_selloff/3day
203,30,1.8155990706610872,38,-0.03608706423816464,39,0.1038921578832055,74,S10_badprev_rally/3day
204,10,2.353755602357635,12,2.7295897592019456,10,0.7620726535958308,37,L06_capit_vol/3day
204,20,1.6794063677475344,22,0.9562115313941988,15,-0.12856244411057585,51,S01_runup1w_10/3day
204,30,0.8273541049405,119,0.25406165883029963,85,0.29378168699150364,101,S08_peers_weak/tp
205,10,0.8500513466060869,12,3.766247354559993,8,0.05626774600296808,43,L12_sigma_drop/3day
205,20,0.5871354813370929,34,-0.5122392598825111,19,-0.4778445718695957,77,S04_upstreak6/tp
205,30,0.5871354813370929,34,-0.5122392598825111,19,-0.6040755633150684,109,S04_upstreak6/tp
206,10,2.430210463854562,11,-0.6501153142105398,4,-0.036238823296274696,13,S09_cutday_spike/3day
206,20,1.3676439902144748,22,1.0753984955057994,15,0.05197981740353487,26,S01_runup1w_10/3day
206,30,0.757373923051449,32,-0.1840991768277927,26,0.46271693954276677,47,S02_runup1m_20/tp
207,10,2.627229503390207,17,-4.77084786867728,11,-0.3864676445980526,41,L13_cutday_crash/3day
207,20,1.645607047838144,30,-1.1668358931866156,21,-0.4504183676555134,68,L23_quality_oversold/tp
207,30,1.645607047838144,30,-1.1668358931866156,21,0.5843125597408775,102,L23_quality_oversold/tp
208,10,4.03180555233056,19,1.0243755546437447,16,1.9854720390481577,23,L08_goodprev_drop/tp
208,20,2.0569290642500833,24,0.11903687368186637,14,-0.5762878979543118,65,L19_prevpos_selloff/tp
208,30,0.8458634278054153,94,-0.6260102596096037,61,-0.596591192438888,67,L07_past_pos/tp
209,10,1.8805377145603115,12,-0.9267391121455739,10,0.08686507184894975,48,L06_capit_vol/tp
209,20,1.2542967316174927,24,-0.41012835789860574,14,-0.2514606504366316,72,L19_prevpos_selloff/tp
209,30,1.0775054531271218,94,-0.20815187223152268,61,-0.665658432862037,76,L07_past_pos/3day
210,10,1.98587106606711,11,-5.40016705168897,4,0.1439358033563209,30,S09_cutday_spike/3day
210,20,1.8358867879040446,29,0.4956959440063042,22,-0.2827669956088017,18,L02_lag1m_15/3day
210,30,0.7780769272652982,64,-0.41124635228987977,76,-0.5934032312434101,52,L03_below50_10/3day
211,10,1.512619162871768,29,1.6398130087777507,16,1.4547051243109783,30,S03_above50_20/tp
211,20,1.512619162871768,29,1.6398130087777507,16,0.05670998896727482,54,S03_above50_20/tp
211,30,0.5062723660826125,119,-0.5258886548972497,85,-0.059641750100032774,83,S08_peers_weak/3day
212,10,1.9450606343124441,29,-0.985018003820198,16,0.7984948243734827,17,S03_above50_20/tp
212,20,1.9450606343124441,29,-0.985018003820198,16,-0.1082665523418564,39,S03_above50_20/tp
212,30,0.7741034380615279,51,-0.11236999513485964,38,-0.21034304207320334,79,L04_streak5/3day
213,10,2.1090691470415486,22,0.5852786354336487,15,-0.18294072902239583,45,S01_runup1w_10/3day
213,20,2.1090691470415486,22,0.5852786354336487,15,-0.7760682888506483,72,S01_runup1w_10/3day
213,30,1.1546854969965095,38,0.7571205886547446,39,0.1179221809752442,75,S10_badprev_rally/tp
214,10,1.510535873114165,34,-0.4807052671231502,19,0.18878910197785642,40,S04_upstreak6/3day
214,20,1.510535873114165,34,-0.4807052671231502,19,-0.16469649598566954,92,S04_upstreak6/3day
214,30,1.510535873114165,34,-0.4807052671231502,19,0.8475833847340504,140,S04_upstreak6/3day
215,10,3.073832287904479,17,-0.0001754581588300522,11,2.4622195032381717,20,L13_cutday_crash/tp
215,20,1.7548600325480834,22,0.17087828269909214,15,-0.8772756646663677,37,S01_runup1w_10/tp
215,30,1.2497184337736091,32,0.48353355945358956,26,-0.29554705667582093,56,S02_runup1m_20/tp
216,10,1.2046334507903502,19,-0.29778430143252443,11,-0.6123994703524318,101,L14_drop3d/tp
216,20,1.1444950497677415,119,0.17983245439732465,85,0.23060133265568278,139,S08_peers_weak/3day
216,30,1.1444950497677415,119,0.17983245439732465,85,0.23060133265568278,139,S08_peers_weak/3day
217,10,3.0500342937515477,19,-3.0048616595952997,11,-1.703028677046964,18,L14_drop3d/3day
217,20,1.9240303418240603,25,1.497273662577115,14,-1.9077667795607092,19,L01b_lag1w_08/3day
217,30,1.7570434777255444,51,0.3429329667119547,38,1.2706143727181451,54,L04_streak5/3day
218,10,2.6321371457788016,15,-1.5110361309022504,9,-0.04767505351364179,40,L10_small_oversold/3day
218,20,1.4736210476650027,24,-1.5330678973881824,14,0.08596413180968311,32,L19_prevpos_selloff/3day
218,30,0.8083824557045776,71,-0.6266032407492833,55,-0.5101970909291883,52,L01a_lag1w_06/tp
219,10,2.6987493122654542,22,-0.7093691078430997,15,-0.6563163548159293,28,S01_runup1w_10/tp
219,20,2.6987493122654542,22,-0.7093691078430997,15,-2.0026884544837036,26,S01_runup1w_10/tp
219,30,0.787133965288712,178,0.6588160106305474,63,0.14124898261175234,163,L16_breakout_eps/tp
220,10,2.061715025887089,17,-0.21943426909616093,11,-1.9772949450957475,22,L13_cutday_crash/tp
220,20,0.8052363618647733,34,-0.31002876375482463,19,-0.7837000508458888,60,S04_upstreak6/3day
220,30,0.8052363618647733,34,-0.31002876375482463,19,-0.544058981224203,87,S04_upstreak6/3day
221,10,3.7570091486097317,15,-1.3418965632472213,7,1.613109592891145,18,L01_lag1w_10/3day
221,20,3.071174001649379,29,0.17919753344024786,27,0.6292894807121329,33,L22_big_washout/3day
221,30,1.7414413463078486,51,-0.09903379592306187,38,1.069359020579027,58,L04_streak5/3day
222,10,1.877042521440833,17,-0.37204030114575093,11,-0.8566513145355693,17,L13_cutday_crash/3day
222,20,1.2779479133178815,140,-0.5180370375218956,140,0.10810576815436054,101,L20_peers_strong/3day
222,30,1.2779479133178815,140,-0.5180370375218956,140,0.07857544514196074,190,L20_peers_strong/3day
223,10,1.5720577015391413,30,0.46319402185509884,21,-0.4129819460396234,60,L23_quality_oversold/tp
223,20,1.5720577015391413,30,0.46319402185509884,21,0.2684672455393546,83,L23_quality_oversold/tp
223,30,1.5720577015391413,30,0.46319402185509884,21,0.28205170699295395,83,L23_quality_oversold/tp
224,10,2.5840890548249926,17,1.2165509094112414,11,1.1584784627491045,21,L13_cutday_crash/3day
224,20,0.6838266691277072,99,-0.031535359002254626,15,0.4836473954740018,58,S06_past_neg/3day
224,30,0.6838266691277072,99,-0.031535359002254626,15,0.41521306038653266,62,S06_past_neg/3day
225,10,2.4539951539150895,12,-2.161666511568592,5,-0.2806348834349912,16,S11_sigma_rally/3day
225,20,0.8846690748714364,28,-2.1413059797321674,30,0.07647958224422602,35,L15_deep_combo/3day
225,30,0.7451169476539901,30,0.0012242852089738325,21,0.2496002461626373,83,L23_quality_oversold/3day
226,10,2.6133130431463507,19,0.38581001052348557,14,-0.46855947189056885,27,L21_season_oversold/tp
226,20,1.6421777094407075,25,-0.8717920003839762,14,-0.21359486980708492,31,L01b_lag1w_08/3day
226,30,1.223324442660887,71,-0.7437881223338267,55,-0.7151630266835507,56,L01a_lag1w_06/tp
227,10,2.744971375300718,19,-1.081690193551121,14,-0.2538425573393446,29,L21_season_oversold/3day
227,20,1.933942931367267,24,-0.5144099871866622,14,0.3312274166891139,51,L19_prevpos_selloff/3day
227,30,1.5879788696159443,32,0.3422937335070112,26,0.298751863679702,51,S02_runup1m_20/tp
228,10,1.3097109259298514,15,0.8863267339702312,9,-0.06839848554276781,23,L10_small_oversold/tp
228,20,1.0846213174309587,24,-0.3774304353105479,14,-1.255698847139515,35,L19_prevpos_selloff/3day
228,30,0.2935941484528057,112,-0.33904862503269684,72,-1.1218447193167065,79,L24_high_iv/3day
229,10,3.45890997358737,11,0.5288281788011572,4,-0.02483850674579716,18,S09_cutday_spike/3day
229,20,1.3560007525146691,119,0.08624876937567057,85,0.5909766889434803,85,S08_peers_weak/3day
229,30,1.3560007525146691,119,0.08624876937567057,85,0.37740941347683243,104,S08_peers_weak/3day
230,10,2.096891192825019,11,0.6064698287945699,4,-1.1771694754589164,20,S09_cutday_spike/tp
230,20,1.2806563334866503,24,-1.2973894233098064,14,-0.20990136248134939,67,L19_prevpos_selloff/tp
230,30,0.5628177077847303,119,0.9110404725361143,85,0.5944726757811969,100,S08_peers_weak/3day
231,10,4.265728288714506,15,-0.33666208550867005,9,1.1636312412948635,12,L10_small_oversold/3day
231,20,1.7859891656605478,28,3.183672274115844,8,0.7344155204387437,37,L09_iv_oversold/3day
231,30,1.5928801046275822,30,-1.424714816872272,21,0.2835510996663649,39,L23_quality_oversold/3day
232,10,2.3111134243598475,11,0.425077250912018,4,-0.35434412399689097,12,S09_cutday_spike/tp
232,20,1.0518754336095515,51,1.3692906775480571,38,0.8232357220351332,62,L04_streak5/3day
232,30,1.0518754336095515,51,1.3692906775480571,38,0.8464273768726148,73,L04_streak5/3day
233,10,1.972458820154211,19,0.42147498794939714,14,-0.7667864448789621,30,L21_season_oversold/3day
233,20,1.628082947029057,29,1.1201205462119224,16,0.37295869944841353,45,S03_above50_20/3day
233,30,1.3117326629096546,140,0.35628851657927846,140,0.5846033302767522,133,L20_peers_strong/3day
234,10,2.0208100538376255,12,-2.687253233612458,10,0.08873955660152513,69,L06_capit_vol/3day
234,20,0.8318702059578308,119,-0.026761087273657173,85,0.38044153068524134,90,S08_peers_weak/tp
234,30,0.8318702059578308,119,-0.026761087273657173,85,0.3649112062769502,94,S08_peers_weak/tp
235,10,2.6894034024899733,19,1.9448873999527774,14,0.4793327895605258,46,L21_season_oversold/tp
235,20,1.1631695157514257,28,-1.0704578966996001,8,0.06916872816848209,57,L09_iv_oversold/3day
235,30,0.8952434876086033,119,-0.4688220021127304,85,0.4686568008119938,83,S08_peers_weak/tp
236,10,2.419220750796691,12,2.059411037595256,5,-0.24139203132978923,17,S11_sigma_rally/3day
236,20,2.252902374377375,24,0.2367740746037958,14,-0.45810981173545556,45,L19_prevpos_selloff/3day
236,30,0.8843191700277846,178,-0.5099682088635468,63,0.4639295345177325,155,L16_breakout_eps/3day
237,10,1.7134975424643744,12,-1.361153256379082,5,-0.040931474496096666,21,S11_sigma_rally/3day
237,20,1.6016284157935834,30,-0.45976761247506476,21,1.274293755497534,42,L23_quality_oversold/tp
237,30,1.6016284157935834,30,-0.45976761247506476,21,0.09815184018945305,48,L23_quality_oversold/tp
238,10,3.236386431852057,10,4.639281945904459,2,1.9826486314744434,17,S07_iv_runup/3day
238,20,2.2429586044198633,30,0.16833533048753285,21,-0.6066499263631085,74,L23_quality_oversold/3day
238,30,2.2429586044198633,30,0.16833533048753285,21,-0.6575724255885745,87,L23_quality_oversold/3day
239,10,2.132860303539205,12,0.22926758961302013,5,0.049119997074258626,22,S11_sigma_rally/tp
239,20,1.4931745934228924,30,-0.7010760797306362,21,-0.3870774549888087,72,L23_quality_oversold/tp
239,30,1.4931745934228924,30,-0.7010760797306362,21,-1.4103223704381462,79,L23_quality_oversold/tp
240,10,2.8280016248509336,10,-6.16508200198302,2,-0.9448955663247234,18,S07_iv_runup/3day
240,20,1.0710466455472814,24,-1.4977079795751647,14,-0.7127108170524301,62,L19_prevpos_selloff/3day
240,30,0.8533711733883996,30,1.2440425093349738,21,-0.7639473460088702,72,L23_quality_oversold/3day
241,10,1.3756296830199242,99,-0.7416533308249054,15,1.4879052232635277,50,S06_past_neg/3day
241,20,1.3756296830199242,99,-0.7416533308249054,15,0.5155478383114743,65,S06_past_neg/3day
241,30,1.3756296830199242,99,-0.7416533308249054,15,0.4911596819564713,68,S06_past_neg/3day
242,10,2.2501547981750485,19,-0.9862912662879806,14,-0.10584837638040806,41,L21_season_oversold/3day
242,20,2.2321466667407206,30,-0.29692406409473293,21,-0.9165134058227247,61,L23_quality_oversold/3day
242,30,2.2321466667407206,30,-0.29692406409473293,21,-1.2356557129154233,76,L23_quality_oversold/3day
243,10,1.8187116758756776,10,-6.1321815970998745,2,-0.8628840503012758,24,S07_iv_runup/tp
243,20,1.2548995464333845,29,0.15967673984053335,16,-0.5781630276075127,62,S03_above50_20/tp
243,30,0.5848252016376856,32,0.05261452930949044,26,0.09659780532501608,112,S02_runup1m_20/tp
244,10,3.8029513025843475,19,-1.0623487092814747,14,1.1032268585135148,35,L21_season_oversold/3day
244,20,1.9567360464956218,30,0.13639434551513144,21,0.14155591593910918,45,L23_quality_oversold/tp
244,30,1.9567360464956218,30,0.13639434551513144,21,-0.8481392175785757,71,L23_quality_oversold/tp
245,10,1.726057253283918,19,-3.2478965871071876,11,-1.2031794408567873,35,L14_drop3d/3day
245,20,1.574603082681764,29,1.109319981766352,22,0.48682038068969513,27,L02_lag1m_15/3day
245,30,0.680628107525337,99,2.248809458923988,15,-0.6993993140230647,95,S06_past_neg/tp
246,10,1.7048168194696927,19,-0.15569500582253193,16,0.40455095166659744,107,L08_goodprev_drop/3day
246,20,1.1522254282680706,30,-1.254841753562073,21,0.6313803068967404,134,L23_quality_oversold/tp
246,30,1.1522254282680706,30,-1.254841753562073,21,0.7610047095143552,173,L23_quality_oversold/tp
247,10,3.368253766839741,15,-3.388668126684777,9,-1.6252986995212655,15,L10_small_oversold/tp
247,20,2.7602023520251198,29,-0.30192600665111263,27,0.267576883714665,22,L22_big_washout/tp
247,30,0.8386993503498734,30,-0.5147517805381628,21,-0.5176246600752114,53,L23_quality_oversold/tp
248,10,1.081108205770177,11,0.8699615471224975,4,-0.32105456171800006,12,S09_cutday_spike/3day
248,20,0.6775658771752827,34,-1.6640116071979454,19,-0.769741984928852,62,S04_upstreak6/3day
248,30,0.6775658771752827,34,-1.6640116071979454,19,-0.8160074158113206,68,S04_upstreak6/3day
249,10,1.542363371539537,10,-1.546334642329235,2,-0.7512245425122226,36,S07_iv_runup/3day
249,20,1.215664555012888,24,-0.034704951879495946,14,0.44635130637089043,45,L19_prevpos_selloff/3day
249,30,0.9886325232779862,38,1.3716773076224114,39,0.5747645511325603,71,S10_badprev_rally/tp
250,10,0.931027062249644,30,-0.10071540553064293,21,-0.5611844334803316,26,L23_quality_oversold/3day
250,20,0.931027062249644,30,-0.10071540553064293,21,-0.3336924500116593,47,L23_quality_oversold/3day
250,30,0.931027062249644,30,-0.10071540553064293,21,0.26545780303092414,136,L23_quality_oversold/3day
251,10,1.478626570322735,29,0.1714280337260182,16,0.2520493358859938,28,S03_above50_20/tp
251,20,1.478626570322735,29,0.1714280337260182,16,-0.32604069739967645,54,S03_above50_20/tp
251,30,1.0661106639439755,32,0.6120187675363892,26,-0.1961741483578275,60,S02_runup1m_20/tp
252,10,2.46779209351547,22,-0.9032052149179794,15,-0.9193311273422475,25,S01_runup1w_10/3day
252,20,2.46779209351547,22,-0.9032052149179794,15,-0.34428649397913014,68,S01_runup1w_10/3day
252,30,1.3703032639704427,32,-1.5414605157222487,26,-1.037230422038365,74,S02_runup1m_20/3day
253,10,4.457769594664036,15,-1.0126977212854489,9,-0.4659404167568031,30,L10_small_oversold/3day
253,20,1.8890501093644467,30,-1.8381049220970078,21,-2.1227412556825396,36,L23_quality_oversold/3day
253,30,1.8890501093644467,30,-1.8381049220970078,21,0.34271317462268674,130,L23_quality_oversold/3day
254,10,1.997699149734403,15,0.43201147339330886,9,-1.4385212942236871,19,L10_small_oversold/3day
254,20,1.7983490258493557,30,-0.8203732837705876,21,0.3610297130211167,48,L23_quality_oversold/3day
254,30,1.7983490258493557,30,-0.8203732837705876,21,0.10553804602087627,81,L23_quality_oversold/3day
255,10,2.630390505058243,11,1.6592832801420025,4,2.0605274045545876,8,S09_cutday_spike/tp
255,20,1.878724645672553,24,0.99376011316658,14,0.4004487149720617,39,L19_prevpos_selloff/tp
255,30,1.1152748087901332,43,-0.8470501381329154,35,0.2784807309567512,49,L05_at52wlow/3day
256,10,2.781790266433725,12,-1.068952620544422,5,0.18902073396827487,59,S11_sigma_rally/3day
256,20,1.046014499193183,22,-1.1488226176512633,15,-0.020830592714652537,112,S01_runup1w_10/3day
256,30,0.7721109765983047,30,-0.26528216396625437,21,-0.10006090969466812,167,L23_quality_oversold/tp
257,10,1.663151312546626,12,-0.15731934792572247,8,0.3423406664794738,34,L12_sigma_drop/tp
257,20,1.502534772227452,30,1.0274564049298653,21,-0.34623754977140114,70,L23_quality_oversold/3day
257,30,1.502534772227452,30,1.0274564049298653,21,-0.35113619635090787,72,L23_quality_oversold/3day
258,10,1.6436166203581182,11,-3.5375602020151575,4,-0.96563689193529,34,S09_cutday_spike/tp
258,20,1.6255867876059644,51,-0.11671590540434208,38,0.4379024687608549,61,L04_streak5/3day
258,30,1.6255867876059644,51,-0.11671590540434208,38,0.5479698854991087,62,L04_streak5/3day
259,10,2.6676728466967328,10,-2.1351863077132003,2,1.3986467360818948,14,S07_iv_runup/3day
259,20,1.8230602465038444,22,-2.1545356040728327,15,-0.08008499156479805,42,S01_runup1w_10/3day
259,30,1.5155136659314987,32,-0.34372806201294376,26,0.2663132360676216,80,S02_runup1m_20/3day
260,10,2.2578573384105076,11,1.9203912694096028,4,0.66685696568114,12,S09_cutday_spike/tp
260,20,1.1007182309505759,22,-0.7139441604773811,15,0.4322115937988814,109,S01_runup1w_10/3day
260,30,0.8641058217078538,140,0.37692504310879915,140,0.507460222085771,185,L20_peers_strong/3day
261,10,1.9585034025331283,28,-0.1776062373642801,30,-1.4859577149861762,27,L15_deep_combo/3day
261,20,1.9585034025331283,28,-0.1776062373642801,30,-0.14780163988596995,32,L15_deep_combo/3day
261,30,1.3916640324797092,30,2.1032732556671796,21,1.2256957617474478,51,L23_quality_oversold/tp
262,10,2.5419269896095007,17,-1.8846341570966374,11,-2.5632490382933844,14,L13_cutday_crash/tp
262,20,1.2329719314502854,29,-2.389592636200746,16,-0.44574903085527995,68,S03_above50_20/tp
262,30,0.9023616573769316,99,-0.03316936176758073,15,0.07412232723851402,65,S06_past_neg/3day
263,10,2.2405253314515234,10,-1.210600953084805,2,-1.2196822518360406,15,S07_iv_runup/3day
263,20,1.237418665966303,28,0.9479651089427719,30,-0.3619970357442571,25,L15_deep_combo/3day
263,30,0.7667737189699242,43,1.3635593955061114,35,0.45071386863956436,40,L05_at52wlow/3day
264,10,2.345182535530253,17,-1.9664766813991248,11,-0.6156955807611132,79,L13_cutday_crash/3day
264,20,1.1897761411978414,24,-0.7387472836512264,14,-0.300692730832792,111,L19_prevpos_selloff/3day
264,30,1.1183541771635253,119,0.12554198042411416,85,0.15810904586529737,128,S08_peers_weak/3day
265,10,3.4153961813093985,12,-0.4192611794441679,10,1.0058749500918263,25,L06_capit_vol/3day
265,20,2.3391776090438685,24,-2.08232944512316,14,-1.2353276521225973,39,L19_prevpos_selloff/3day
265,30,1.3505868892119985,32,0.14529690437725057,26,0.15873810088960963,63,S02_runup1m_20/tp
266,10,0.9831313321261017,11,0.5460486772370224,4,-0.5100451583149862,62,S09_cutday_spike/tp
266,20,0.8448464334468535,178,-0.22476224935174274,63,-0.4890044591276929,150,L16_breakout_eps/tp
266,30,0.8448464334468535,178,-0.22476224935174274,63,-0.4228989989547434,159,L16_breakout_eps/tp
267,10,3.058733561779969,12,1.601970041906195,8,0.42477791898941836,68,L12_sigma_drop/3day
267,20,1.1742644980955528,24,-0.1134196485082842,14,0.0709631028906645,113,L19_prevpos_selloff/3day
267,30,0.9907249744625398,71,-0.08357555256224523,55,0.0605672396494444,136,L01a_lag1w_06/3day
268,10,2.2081330687907794,22,0.4811988138610918,15,1.1866020727187105,35,S01_runup1w_10/tp
268,20,2.2081330687907794,22,0.4811988138610918,15,-0.12248764706349712,41,S01_runup1w_10/tp
268,30,0.8087090732309633,140,0.14231160064923104,140,-0.23513197095003419,89,L20_peers_strong/3day
269,10,3.4086926187780455,12,3.5493171520803295,5,1.1447508544751972,15,S11_sigma_rally/3day
269,20,1.0592696531529022,99,-0.06242417909562139,15,0.731165764797101,65,S06_past_neg/3day
269,30,1.0592696531529022,99,-0.06242417909562139,15,0.6967322721656037,63,S06_past_neg/3day
270,10,1.9957567930760256,11,-1.244613697406365,4,-0.302625937543594,18,S09_cutday_spike/3day
270,20,1.6920040779685372,24,-0.049404814435863705,14,0.48348067706623593,42,L19_prevpos_selloff/tp
270,30,0.9863991023374352,71,0.5046348295431068,83,0.5350581083710754,59,L25_down10_8/3day
271,10,1.9369849450038172,19,0.24983279908483494,14,0.050191335793731036,34,L21_season_oversold/3day
271,20,1.4096539045848413,24,-3.5288166373358965,14,-0.1594759829922555,43,L19_prevpos_selloff/3day
271,30,1.3733028095131654,34,-0.39726620560043485,19,-0.6702436100948892,43,S04_upstreak6/3day
272,10,1.6245631859397796,19,1.7700839371764723,14,1.5543605206195412,27,L21_season_oversold/3day
272,20,0.964069559798108,140,0.4328382646217097,140,-0.4324302256835066,61,L20_peers_strong/tp
272,30,0.964069559798108,140,0.4328382646217097,140,0.505181602398249,128,L20_peers_strong/tp
273,10,2.340383831243419,10,1.553037014076315,2,0.6056967272127457,14,S07_iv_runup/tp
273,20,0.9932958474742691,71,-0.5763156986456409,83,-0.7052046852527203,95,L25_down10_8/tp
273,30,0.9932958474742691,71,-0.5763156986456409,83,-0.582984773682962,98,L25_down10_8/tp
274,10,1.837604372324092,10,2.37300092059398,2,-1.1447064687297661,13,S07_iv_runup/3day
274,20,1.5762502079224958,29,-0.5605630244033802,16,0.9683552709156639,27,S03_above50_20/tp
274,30,1.5410136332409026,43,0.10834069038371633,35,-0.5400161095809275,49,L05_at52wlow/tp
275,10,2.361204646421185,15,2.4018245204879656,7,1.615228031613532,15,L01_lag1w_10/3day
275,20,1.694452178150168,29,0.20807158315184138,22,0.13414216293580764,32,L02_lag1m_15/3day
275,30,0.8244580921674328,178,0.5320800975973407,63,0.27678064705281247,89,L16_breakout_eps/tp
276,10,1.1851976907418285,19,-1.108867466280881,11,-1.0989767867405549,34,L14_drop3d/3day
276,20,0.8628729612082235,119,0.5012257675563435,85,0.17190883712796576,83,S08_peers_weak/3day
276,30,0.8628729612082235,119,0.5012257675563435,85,0.4688013728412693,126,S08_peers_weak/3day
277,10,2.4900850860780523,11,-6.052459978650008,4,-2.562625550261977,9,S09_cutday_spike/3day
277,20,1.4398336355430157,28,-0.7854035412470352,8,0.9490575848051891,22,L09_iv_oversold/3day
277,30,0.6465360474583509,43,-0.016882224185566667,35,-0.1580380163717705,48,L05_at52wlow/3day
278,10,2.254520342055958,11,-0.7389050441815226,4,-1.0905640590059997,22,S09_cutday_spike/3day
278,20,1.5141391154279025,24,0.36669211143819086,14,-0.18340895150588615,36,L19_prevpos_selloff/tp
278,30,0.7712077282666598,94,-0.053753561202483445,61,-0.5116368735552953,91,L07_past_pos/tp
279,10,3.1462654845712494,10,-2.6140135232532953,2,-1.1067753585979425,8,S07_iv_runup/3day
279,20,1.437832950080359,140,-0.03325708702521179,140,-1.358804086276296,85,L20_peers_strong/3day
279,30,1.437832950080359,140,-0.03325708702521179,140,-0.07365365626658596,161,L20_peers_strong/3day
280,10,2.212156852362461,12,0.20942181744553007,5,-0.8534406791748219,10,S11_sigma_rally/3day
280,20,1.5548555679144809,30,-0.3008963164218294,21,-1.2925146924403066,63,L23_quality_oversold/3day
280,30,1.5548555679144809,30,-0.3008963164218294,21,-1.8082825768845392,70,L23_quality_oversold/3day
281,10,2.9457395078303863,32,0.3894834970346931,26,-0.5650458864780975,22,S02_runup1m_20/3day
281,20,2.9457395078303863,32,0.3894834970346931,26,1.5569240722745197,55,S02_runup1m_20/3day
281,30,2.9457395078303863,32,0.3894834970346931,26,0.43586150991153344,67,S02_runup1m_20/3day
282,10,1.3938654381938709,24,0.6081303983154164,14,0.42108701741372667,22,L19_prevpos_selloff/3day
282,20,1.3938654381938709,24,0.6081303983154164,14,0.36750134888329944,38,L19_prevpos_selloff/3day
282,30,0.6871240380098566,112,-0.7145973129170776,72,0.09038648300624928,91,L24_high_iv/3day
283,10,3.5109668463065145,12,2.1890946580012,5,-0.045428133451286774,22,S11_sigma_rally/tp
283,20,1.0394398096437778,51,-2.097016713598097,38,-0.27316033072457263,55,L04_streak5/tp
283,30,1.0394398096437778,51,-2.097016713598097,38,-0.1873613725452678,69,L04_streak5/tp
284,10,3.1555670895490024,22,-0.46937346915676953,15,0.8303290158850836,29,S01_runup1w_10/tp
284,20,3.1555670895490024,22,-0.46937346915676953,15,-0.7200463008457936,37,S01_runup1w_10/tp
284,30,0.6653359528145036,43,-2.1327101399124366,35,-1.1502804363646375,55,L05_at52wlow/3day
285,10,0.7892944827878711,32,1.8259359210280885,26,1.1362124680995138,39,S02_runup1m_20/tp
285,20,0.7892944827878711,32,1.8259359210280885,26,1.1520494311883125,68,S02_runup1m_20/tp
285,30,0.7892944827878711,32,1.8259359210280885,26,1.0619569602303014,80,S02_runup1m_20/tp
286,10,1.6156010540919505,19,0.770175327771925,14,-0.5316958602842654,33,L21_season_oversold/tp
286,20,0.9838616420677697,22,-0.06645663874172054,15,-0.15546371807405318,54,S01_runup1w_10/3day
286,30,0.735842066393444,94,0.8116635079752871,61,-0.2844370203385109,70,L07_past_pos/3day
287,10,2.3765525958163614,30,-1.9653400881192513,21,-0.7080851309350896,32,L23_quality_oversold/3day
287,20,2.3765525958163614,30,-1.9653400881192513,21,-1.06041061048843,58,L23_quality_oversold/3day
287,30,2.3765525958163614,30,-1.9653400881192513,21,-0.6575635847595609,69,L23_quality_oversold/3day
288,10,1.7567605879398362,10,-6.544834468124655,2,-0.35881892643403107,29,S07_iv_runup/3day
288,20,1.1070054776805487,32,-1.2420813986949355,26,-0.9564688343876105,70,S02_runup1m_20/tp
288,30,1.1070054776805487,32,-1.2420813986949355,26,-0.8878749733323683,82,S02_runup1m_20/tp
289,10,2.2006769050014534,12,-0.5240000228225149,10,-1.7095964057198518,21,L06_capit_vol/tp
289,20,1.4503098958470213,22,0.8058830219788505,15,0.9561020567843347,31,S01_runup1w_10/3day
289,30,1.2192830325123079,43,-0.1113978439402196,35,0.483717683253128,48,L05_at52wlow/tp
290,10,1.7408211220314864,19,-1.2983954538330882,16,0.22390924770562698,57,L08_goodprev_drop/3day
290,20,0.7553079706694017,30,-1.0290331295749784,21,0.19465772951558796,77,L23_quality_oversold/3day
290,30,0.7553079706694017,30,-1.0290331295749784,21,-0.19966084789597555,79,L23_quality_oversold/3day
291,10,2.7929428848687192,10,1.6600778380862296,2,1.0126902439435412,19,S07_iv_runup/3day
291,20,1.6708561682897072,38,-0.2907922530934771,39,0.34888235318852473,43,S10_badprev_rally/3day
291,30,1.6708561682897072,38,-0.2907922530934771,39,0.5041941655054898,78,S10_badprev_rally/3day
292,10,1.7277863458277132,15,-0.4111934494005599,7,-0.2411657096141592,21,L01_lag1w_10/tp
292,20,0.7706459584851807,94,-0.4698899480735232,61,-0.7915796520607477,65,L07_past_pos/3day
292,30,0.7706459584851807,94,-0.4698899480735232,61,0.14447976834221316,70,L07_past_pos/3day
293,10,2.41864175982707,12,-3.41916576914296,8,-2.1146042131805176,29,L12_sigma_drop/tp
293,20,0.9721122581824754,140,-0.2844758980411166,140,0.1302780298445422,97,L20_peers_strong/3day
293,30,0.9721122581824754,140,-0.2844758980411166,140,0.16518978800860262,133,L20_peers_strong/3day
294,10,2.3983381718723935,22,0.1182609378275494,15,-0.5059047715430656,20,S01_runup1w_10/tp
294,20,2.3983381718723935,22,0.1182609378275494,15,-0.27935002582417656,44,S01_runup1w_10/tp
294,30,1.5811627353181799,32,0.5438651108617597,26,-0.3805006613318755,79,S02_runup1m_20/3day
295,10,2.9569905010314326,15,-0.3946990490105673,7,0.10232571526035351,14,L01_lag1w_10/tp
295,20,2.197076824457536,25,-1.2400648984655052,14,-0.09689934721662148,76,L01b_lag1w_08/tp
295,30,0.8966555913595381,71,-0.04455366620339993,55,0.4756203156764502,121,L01a_lag1w_06/tp
296,10,3.195998366261686,15,0.9160816320146447,9,0.6778782576836387,14,L10_small_oversold/tp
296,20,1.7808502302728715,29,1.0448769033676963,16,-0.38116011599423777,28,S03_above50_20/3day
296,30,1.151529232059159,32,-0.20658365686037425,26,-0.11232893224006985,103,S02_runup1m_20/tp
297,10,2.4923089488557273,12,1.0018683081843789,10,0.8019201400252609,23,L06_capit_vol/3day
297,20,1.6750596608882427,24,1.1182006152542343,14,-0.06917711973163168,34,L19_prevpos_selloff/tp
297,30,1.2094502570207217,71,-0.34470271461039126,83,0.8403962113911475,60,L25_down10_8/tp
298,10,3.3801126252609928,10,0.46777384913402503,2,-1.129734167085093,10,S07_iv_runup/3day
298,20,1.524520177846281,24,0.6643227431809964,14,-0.8781195815191893,68,L19_prevpos_selloff/tp
298,30,1.100622573032172,30,0.454875224501419,21,0.3781459216998237,145,L23_quality_oversold/3day
299,10,1.9429537030134392,17,0.4210095387525191,11,-0.3599057161330811,18,L13_cutday_crash/3day
299,20,0.9291431451957834,32,-0.93658334710275,26,-1.2688058623880807,43,S02_runup1m_20/3day
299,30,0.9291431451957834,32,-0.93658334710275,26,-0.15686714188938325,108,S02_runup1m_20/3day
300,10,2.8211256251611716,11,6.3992252435944375,4,1.4337248675680665,11,S09_cutday_spike/3day
300,20,1.198143385496187,119,-0.18948968988377757,85,-0.5832886394581704,125,S08_peers_weak/3day
300,30,1.198143385496187,119,-0.18948968988377757,85,-0.27253117160439194,134,S08_peers_weak/3day
301,10,2.100256961869201,15,0.48804663871623055,9,0.47766671162912183,27,L10_small_oversold/3day
301,20,1.488847737262229,34,0.546437226969148,19,0.006142485295893932,46,S04_upstreak6/3day
301,30,1.488847737262229,34,0.546437226969148,19,-0.15242043710927874,86,S04_upstreak6/3day
302,10,1.937251993143695,12,-2.271707037059944,5,-0.8931842482760833,18,S11_sigma_rally/tp
302,20,1.1886547337011837,71,0.7882721476648037,83,0.6772077939143031,127,L25_down10_8/tp
302,30,1.1886547337011837,71,0.7882721476648037,83,0.6925522086051678,145,L25_down10_8/tp
303,10,2.2016890667686946,17,0.12908647843684828,11,1.5072716318124486,27,L13_cutday_crash/3day
303,20,1.0186203459476812,22,1.0537562230174926,15,-0.853177671135316,33,S01_runup1w_10/3day
303,30,0.48988417199043627,32,-0.3900743042323286,26,-0.03861792617626257,103,S02_runup1m_20/3day
304,10,2.521395270773078,19,2.12708823779629,11,1.099537647541036,16,L14_drop3d/3day
304,20,2.2645129702690734,25,0.8454409383337615,14,1.5544351580796683,21,L01b_lag1w_08/3day
304,30,0.9848904473081476,51,0.10457215164302629,38,0.7559175916475763,136,L04_streak5/3day
305,10,2.143836105978651,12,-0.39407952325093903,10,-0.041073945920030434,47,L06_capit_vol/3day
305,20,1.894982638460265,25,-0.6143134056553923,14,-0.48701637352532473,55,L01b_lag1w_08/3day
305,30,0.9728556578847435,140,-0.22330441021643846,140,0.11427640081413773,124,L20_peers_strong/3day
306,10,2.509830322431171,12,-3.029818755702498,5,-1.4241925306315328,18,S11_sigma_rally/3day
306,20,1.7540307196510114,32,-0.4227807475645487,26,-0.19812163606668615,44,S02_runup1m_20/3day
306,30,1.7540307196510114,32,-0.4227807475645487,26,-1.1654094221710558,56,S02_runup1m_20/3day
307,10,2.0733942959222715,30,-1.7492828894482284,21,-0.5664614633607552,39,L23_quality_oversold/3day
307,20,2.0733942959222715,30,-1.7492828894482284,21,-0.4929802794221892,41,L23_quality_oversold/3day
307,30,2.0733942959222715,30,-1.7492828894482284,21,0.23017883238734727,115,L23_quality_oversold/3day
308,10,1.1501580019896656,17,0.6829441012591118,11,-0.5005173945171124,21,L13_cutday_crash/3day
308,20,1.0125443039760587,28,-0.23380552329907275,30,0.18790857649205703,35,L15_deep_combo/3day
308,30,0.9842880161062502,30,0.9380829144609716,21,0.6436101983290117,74,L23_quality_oversold/3day
309,10,2.693917508033614,10,4.39725749726369,2,0.1956329929622514,15,S07_iv_runup/tp
309,20,0.8742522750849628,140,0.11308930998352175,140,-0.5263523108265766,119,L20_peers_strong/tp
309,30,0.8742522750849628,140,0.11308930998352175,140,0.1203732114215649,153,L20_peers_strong/tp
310,10,1.964045143822428,19,-1.6741067327149681,16,0.6134821244711341,34,L08_goodprev_drop/tp
310,20,1.2419800428203789,30,-1.2880924682065236,21,0.039960083524176675,68,L23_quality_oversold/3day
310,30,1.2419800428203789,30,-1.2880924682065236,21,-0.5624176264539998,76,L23_quality_oversold/3day
311,10,1.554694922952626,12,-2.851670848615934,10,-1.1923278238910593,43,L06_capit_vol/3day
311,20,1.217011149045911,38,-0.8924962656175126,39,-1.0330705480587616,46,S10_badprev_rally/tp
311,30,1.217011149045911,38,-0.8924962656175126,39,-0.1503374863479506,105,S10_badprev_rally/tp
312,10,3.008956046714759,12,1.4160048077759235,8,0.5972923154748262,53,L12_sigma_drop/3day
312,20,2.167281046868474,22,1.6585131026065478,15,-0.07897350834484695,66,S01_runup1w_10/3day
312,30,0.7197388472341593,119,-0.4096821570594807,85,-0.11855758342370519,82,S08_peers_weak/3day
313,10,2.129694911171721,10,3.9662244006196703,2,0.13459780998117715,7,S07_iv_runup/3day
313,20,1.3667053250843697,30,-0.4159482013467095,21,-0.44846074610371495,43,L23_quality_oversold/tp
313,30,1.3667053250843697,30,-0.4159482013467095,21,-0.13003158162908124,92,L23_quality_oversold/tp
314,10,3.0815016251094107,15,0.22578968427980894,9,0.2664960951700499,14,L10_small_oversold/tp
314,20,0.8988645914891032,119,0.4505289691570269,85,0.4601087110884465,96,S08_peers_weak/tp
314,30,0.8988645914891032,119,0.4505289691570269,85,0.1892534241406366,146,S08_peers_weak/tp
315,10,3.8203913307593207,12,-0.36053826499798214,10,1.0624958006651386,12,L06_capit_vol/3day
315,20,1.5213962506058716,71,-1.3237747191966134,55,-0.125328519657636,46,L01a_lag1w_06/tp
315,30,1.5213962506058716,71,-1.3237747191966134,55,0.6357419883049388,82,L01a_lag1w_06/tp
316,10,2.078904328503033,12,-0.4814037632357163,8,-0.25248892232978243,41,L12_sigma_drop/3day
316,20,1.402962441079575,25,1.3443437564138245,14,0.06115517984580075,73,L01b_lag1w_08/3day
316,30,0.5866565713040058,51,1.0697164572093625,38,0.1893673884715208,79,L04_streak5/3day
317,10,1.3295598932774009,24,-1.2641076549570192,14,0.41631658152428974,65,L19_prevpos_selloff/3day
317,20,1.3295598932774009,24,-1.2641076549570192,14,0.17653867956325184,109,L19_prevpos_selloff/3day
317,30,0.6984066661408759,30,-2.353364985392566,21,-0.15147618007551364,137,L23_quality_oversold/3day
318,10,2.6566728390997625,10,-0.21499338655234998,2,-1.0640103753388086,7,S07_iv_runup/3day
318,20,1.253896435546751,38,-0.6639906293355934,39,-0.3745759684280542,60,S10_badprev_rally/3day
318,30,1.253896435546751,38,-0.6639906293355934,39,-0.49492908648377415,76,S10_badprev_rally/3day
319,10,3.3244108093970977,15,1.4463023070619456,9,2.5013890366816,15,L10_small_oversold/3day
319,20,1.4897897577190828,30,-0.5233478328447415,21,-0.894080634056368,42,L23_quality_oversold/3day
319,30,1.4897897577190828,30,-0.5233478328447415,21,0.0019386566125035348,70,L23_quality_oversold/3day
320,10,1.3794102615186659,22,-0.3313417342538477,15,-1.0606703148413035,28,S01_runup1w_10/3day
320,20,1.3794102615186659,22,-0.3313417342538477,15,-0.938537671436144,61,S01_runup1w_10/3day
320,30,1.15480304987753,38,0.01902083726141896,39,0.2808388529261353,100,S10_badprev_rally/3day
321,10,2.2326505227882034,19,-0.4087168138491668,16,-2.025366182560668,15,L08_goodprev_drop/tp
321,20,0.9492118054765624,178,-0.155457904118625,63,-0.5853176070781816,53,L16_breakout_eps/3day
321,30,0.9492118054765624,178,-0.155457904118625,63,0.3910247791392075,110,L16_breakout_eps/3day
322,10,2.033313867086477,22,-0.9751609264346394,15,-1.0666500167824002,29,S01_runup1w_10/3day
322,20,2.033313867086477,22,-0.9751609264346394,15,-0.43574006041029556,31,S01_runup1w_10/3day
322,30,1.8427637043538017,30,-2.9425744307756196,21,-0.03461048751934465,77,L23_quality_oversold/3day
323,10,1.7204011364466094,19,0.15460957845050352,11,-1.0335312567033714,33,L14_drop3d/tp
323,20,1.4568239999233137,24,0.9082412987405056,14,0.12630862289729708,31,L19_prevpos_selloff/tp
323,30,1.228665354154848,51,-0.30194341280544246,38,0.04203003732083738,54,L04_streak5/3day
324,10,1.3410971529920679,99,0.11550459476543272,15,1.183058535917792,47,S06_past_neg/tp
324,20,1.3410971529920679,99,0.11550459476543272,15,1.2325918243636727,45,S06_past_neg/tp
324,30,1.3410971529920679,99,0.11550459476543272,15,0.537890041702265,52,S06_past_neg/tp
325,10,1.7931881589198326,11,1.9256613097788848,4,0.5556983383134345,21,S09_cutday_spike/tp
325,20,1.1307086494829768,99,1.3866278177225275,15,0.8469057572550828,73,S06_past_neg/3day
325,30,1.1307086494829768,99,1.3866278177225275,15,0.877900288511989,68,S06_past_neg/3day
326,10,2.0435167973086013,25,-1.379463604636107,14,-1.4555533978155506,21,L01b_lag1w_08/tp
326,20,2.0435167973086013,25,-1.379463604636107,14,0.2774091010201863,31,L01b_lag1w_08/tp
326,30,1.2376235056192848,71,-0.20756419469089052,55,0.4423956032049993,62,L01a_lag1w_06/tp
327,10,3.186203741920553,19,1.5566977163138564,14,2.0906136183661053,33,L21_season_oversold/tp
327,20,1.2445010807387062,32,0.27222011055532913,26,0.13163491884539383,42,S02_runup1m_20/3day
327,30,1.2445010807387062,32,0.27222011055532913,26,-0.17778298165192738,53,S02_runup1m_20/3day
328,10,3.688101860278387,12,-0.774827396984189,10,-0.08905138181413919,13,L06_capit_vol/tp
328,20,0.946248220180447,32,0.030582007835492024,26,-0.3580465088386658,24,S02_runup1m_20/3day
328,30,0.946248220180447,32,0.030582007835492024,26,0.1302663845559063,51,S02_runup1m_20/3day
329,10,3.2968682156104885,11,-0.43475766277939737,4,-1.2474117538267402,30,S09_cutday_spike/tp
329,20,1.6697530016611493,29,-0.671686463335008,22,-1.2073210946506052,41,L02_lag1m_15/3day
329,30,1.4776980622346763,38,-0.8088408138088993,39,0.05522303194091195,82,S10_badprev_rally/3day
330,10,4.538983043298881,15,4.6132072926968775,7,1.7660720681501403,22,L01_lag1w_10/3day
330,20,2.1725765341677716,29,1.4966083556364165,27,0.9626535682020965,30,L22_big_washout/3day
330,30,1.384333233829652,30,0.1613503363625705,21,-0.4247349870270031,72,L23_quality_oversold/3day
331,10,4.495704846133161,12,3.280452203748845,10,2.0163473923259856,19,L06_capit_vol/3day
331,20,1.7658093808877722,29,1.64708030028539,27,-1.8192875156325294,25,L22_big_washout/3day
331,30,0.6551843086673547,71,0.2810269267537096,55,-0.1760205693569138,61,L01a_lag1w_06/tp
332,10,1.8938342908345613,19,-0.5079824349676479,14,-0.12049356556229647,28,L21_season_oversold/3day
332,20,1.225225408538903,32,-1.4944131495397057,26,0.18352284489401038,116,S02_runup1m_20/3day
332,30,1.225225408538903,32,-1.4944131495397057,26,0.07133423974798621,152,S02_runup1m_20/3day
333,10,2.0998348768240263,12,0.285559180051212,5,-0.012398849486305296,24,S11_sigma_rally/3day
333,20,1.3893604987100974,178,-0.7968434338334001,63,0.7239264481301054,191,L16_breakout_eps/tp
333,30,1.3893604987100974,178,-0.7968434338334001,63,0.7239264481301054,191,L16_breakout_eps/tp
334,10,1.8620738423755117,11,2.4649081312224896,4,-2.8847038488032806,10,S09_cutday_spike/tp
334,20,1.317007362144405,38,-0.7706223821524356,39,-1.0237223978769738,31,S10_badprev_rally/3day
334,30,1.317007362144405,38,-0.7706223821524356,39,0.2943833732035166,103,S10_badprev_rally/3day
335,10,1.657477518710992,17,-0.13792477251953167,11,-0.05917473417444443,23,L13_cutday_crash/3day
335,20,1.2568284633994846,22,2.020986268355648,15,-0.08813453073696098,75,S01_runup1w_10/3day
335,30,1.0214816513025087,32,0.807486265642085,26,0.05819198536466604,103,S02_runup1m_20/3day
336,10,3.1315184062841497,12,-1.2736960906734933,10,0.7005793385011063,37,L06_capit_vol/tp
336,20,1.4349569687054298,34,-0.04465503361866051,19,-0.01605432642951385,68,S04_upstreak6/tp
336,30,1.4349569687054298,34,-0.04465503361866051,19,0.5331422465500647,66,S04_upstreak6/tp
337,10,1.1617645850293055,19,0.8832591419050951,14,-0.5814329504505067,77,L21_season_oversold/tp
337,20,0.7584763711689492,119,1.0673724692117128,85,0.3513672825610062,95,S08_peers_weak/3day
337,30,0.7584763711689492,119,1.0673724692117128,85,0.2472915748600767,101,S08_peers_weak/3day
338,10,3.406574269499795,15,-3.0561456920863472,7,-0.3158796569083425,17,L01_lag1w_10/3day
338,20,2.526492641818525,22,-1.4847383151976687,15,-1.1495577292614987,44,S01_runup1w_10/tp
338,30,1.211848311674926,71,-1.0629006441529065,55,-0.0776424229813371,93,L01a_lag1w_06/3day
339,10,2.03725722658458,12,1.0636440011303918,5,-0.6301990509887533,24,S11_sigma_rally/3day
339,20,1.371899217324717,43,-0.6580226344378044,35,-0.4879498624065456,53,L05_at52wlow/tp
339,30,1.371899217324717,43,-0.6580226344378044,35,-0.29954694815432054,65,L05_at52wlow/tp
340,10,2.1308480211551863,12,3.774922794332195,10,0.15907636032055653,20,L06_capit_vol/3day
340,20,0.9418123329118283,24,-3.9923833473331727,14,0.42810474515382735,72,L19_prevpos_selloff/3day
340,30,0.7613022085643931,119,0.28171401791833933,85,0.27722439661092313,136,S08_peers_weak/tp
341,10,1.5798047087269087,15,-0.12185178906401989,9,0.2164734128186214,15,L10_small_oversold/3day
341,20,0.8254949215774002,112,0.6997221938735805,72,-0.364908761646699,61,L24_high_iv/tp
341,30,0.8254949215774002,112,0.6997221938735805,72,-0.11119337952168297,104,L24_high_iv/tp
342,10,2.5082345303001046,12,-0.82368194642664,5,-0.31401110680435995,16,S11_sigma_rally/tp
342,20,1.4760994846719742,25,-1.9303763222220636,14,-0.13858136625198986,61,L01b_lag1w_08/tp
342,30,0.9083018744689192,32,-0.19791637391036468,26,-0.36786609142435966,57,S02_runup1m_20/tp
343,10,3.146178420288237,10,-2.46622005522508,2,-0.7516320438983207,24,S07_iv_runup/3day
343,20,1.6385748157984399,28,1.6046829063104309,8,-0.29307218409890445,33,L09_iv_oversold/3day
343,30,0.8864945682977006,30,-0.3870037514537269,21,0.08270260820033462,117,L23_quality_oversold/tp
344,10,3.4787054414057423,19,0.9662127653430106,14,1.7451915460398049,31,L21_season_oversold/3day
344,20,3.043412258479332,25,-0.09139849044504375,14,1.1761306585430749,23,L01b_lag1w_08/3day
344,30,1.6483554061090033,71,0.6453701246858662,55,1.2044035902580694,53,L01a_lag1w_06/3day
345,10,2.6035483474776506,15,1.0525172986407836,9,1.2630977511230355,14,L10_small_oversold/3day
345,20,2.1525146473995447,28,-0.7152348589889139,30,0.286604934964873,28,L15_deep_combo/tp
345,30,1.0970929776632232,140,-0.27884290327640854,140,-0.0748821020152785,92,L20_peers_strong/tp
346,10,2.762279096277361,15,1.136256344102239,9,0.02070545965817106,19,L10_small_oversold/3day
346,20,0.9421535166911142,178,-1.2255575179154505,63,0.5981974922873784,145,L16_breakout_eps/tp
346,30,0.9421535166911142,178,-1.2255575179154505,63,0.0062060800993347185,191,L16_breakout_eps/tp
347,10,3.1552525548022965,15,2.135028920269329,9,1.4657495876303401,16,L10_small_oversold/3day
347,20,1.4801583387814243,43,-0.32130110913480125,35,-0.01894417047639139,56,L05_at52wlow/tp
347,30,1.4801583387814243,43,-0.32130110913480125,35,0.18164623530793694,59,L05_at52wlow/tp
348,10,1.9950764473420288,12,-2.383854371099086,5,-1.1369070378080475,32,S11_sigma_rally/3day
348,20,1.6741049334493336,30,0.6159419205310338,21,0.09910400780260517,87,L23_quality_oversold/3day
348,30,1.6741049334493336,30,0.6159419205310338,21,0.18664584656076447,143,L23_quality_oversold/3day
349,10,1.6650417488982814,24,2.048558694619388,14,0.5797811890661535,27,L19_prevpos_selloff/3day
349,20,1.6650417488982814,24,2.048558694619388,14,0.7533928597154228,39,L19_prevpos_selloff/3day
349,30,0.6827724093540002,112,-0.4360876019097838,72,0.11355272860402109,104,L24_high_iv/tp
350,10,4.280014993127337,12,0.18593264007374197,5,0.4250659816485281,12,S11_sigma_rally/3day
350,20,2.210402494485952,28,-1.0236522917191364,30,-0.7714716486020847,28,L15_deep_combo/3day
350,30,1.0944745533519433,30,-0.23020696616314046,21,-0.5410389065380858,37,L23_quality_oversold/3day
351,10,2.2565565651166026,29,0.08472154316114407,22,-1.2421787281688181,27,L02_lag1m_15/tp
351,20,2.2565565651166026,29,0.08472154316114407,22,0.5850322214394463,26,L02_lag1m_15/tp
351,30,1.2061229470976365,43,-0.23627015873307627,35,0.5974082810698358,86,L05_at52wlow/3day
352,10,1.7844372382286973,11,4.36782698290134,4,0.7343658919881735,14,S09_cutday_spike/tp
352,20,1.3506447984170276,22,-0.42479478912744634,15,-0.6241057268836449,83,S01_runup1w_10/tp
352,30,0.9052206385439712,30,-1.4811399264408824,21,-0.352535858386914,88,L23_quality_oversold/tp
353,10,1.9905217225153446,10,-4.98203758615832,2,-1.3630890967717813,16,S07_iv_runup/3day
353,20,1.3496643089907814,29,0.1694098698778824,22,-1.785606515676677,33,L02_lag1m_15/3day
353,30,0.7567766052213479,140,-0.4906399560507038,140,0.37078661922516615,124,L20_peers_strong/3day
354,10,2.8006262304947582,12,0.06723952717126391,10,-0.7722625872938883,31,L06_capit_vol/3day
354,20,1.418323317215372,24,0.22793236933397795,14,-0.4614225817284585,64,L19_prevpos_selloff/tp
354,30,0.8684548031085239,140,-0.1232881452425602,140,-0.056838761224330334,123,L20_peers_strong/3day
355,10,3.6849242393339288,15,-1.0062990668332572,9,0.15555368467567982,14,L10_small_oversold/3day
355,20,2.040302331575813,30,0.8657304778106649,21,0.8822800799347978,69,L23_quality_oversold/3day
355,30,2.040302331575813,30,0.8657304778106649,21,0.47700676932197394,83,L23_quality_oversold/3day
356,10,0.978795073059216,24,1.9557470136415536,14,0.3353911091405481,30,L19_prevpos_selloff/3day
356,20,0.978795073059216,24,1.9557470136415536,14,0.7537886339704016,46,L19_prevpos_selloff/3day
356,30,0.7822681739823966,71,-0.16426277832636027,83,0.8130286816160173,83,L25_down10_8/3day
357,10,1.6283137178151164,51,0.6405751853640601,38,0.6379016919035783,34,L04_streak5/3day
357,20,1.6283137178151164,51,0.6405751853640601,38,0.1466914377364099,49,L04_streak5/3day
357,30,1.6283137178151164,51,0.6405751853640601,38,0.19638991584091156,73,L04_streak5/3day
358,10,3.2629324177763577,15,-1.0343178565857813,7,0.7705054417613477,13,L01_lag1w_10/3day
358,20,1.5503534138033208,25,-0.5665458981469721,14,-0.9109902583122325,24,L01b_lag1w_08/3day
358,30,1.2545779108271966,51,-0.8146822661252081,38,0.15430805412408258,44,L04_streak5/tp
359,10,1.0827778584654688,178,-0.07505219059160613,63,0.2579616320606177,74,L16_breakout_eps/3day
359,20,1.0827778584654688,178,-0.07505219059160613,63,0.18715469484411443,123,L16_breakout_eps/3day
359,30,1.0827778584654688,178,-0.07505219059160613,63,0.2070196567954055,129,L16_breakout_eps/3day
360,10,3.210199411577524,19,-0.12162758427294633,14,1.2258215456363746,27,L21_season_oversold/tp
360,20,2.0347708513535183,25,-0.327831153842693,14,0.5159336053992969,20,L01b_lag1w_08/tp
360,30,1.4692317851241925,38,0.6823081296876481,39,-0.6679075599518509,74,S10_badprev_rally/3day
361,10,2.9568872532148873,12,1.2084016017219898,8,-0.13167806989958647,25,L12_sigma_drop/tp
361,20,1.687456555818032,29,-0.528548537376115,27,-0.4610208673421599,45,L22_big_washout/tp
361,30,1.6389740175873777,32,-0.6794218351123786,26,-0.31857154325600157,59,S02_runup1m_20/3day
362,10,3.270848857062748,12,0.4270630363547009,10,1.085092904287317,13,L06_capit_vol/tp
362,20,1.9529213450334264,22,0.4696647603321419,15,0.8902935891985122,84,S01_runup1w_10/3day
362,30,0.9072854890690374,140,-0.14159910944895734,140,0.6406597230749437,157,L20_peers_strong/3day
363,10,3.476591063171694,12,-1.54402347209088,10,-1.8605685857727952,16,L06_capit_vol/3day
363,20,1.7220395263809494,28,0.8168108549548501,8,0.09479976225154708,44,L09_iv_oversold/tp
363,30,1.4927200480848517,30,-1.5892102934579215,21,-1.1829636821181315,47,L23_quality_oversold/tp
364,10,2.0167991391866003,15,0.08115505478953404,7,0.6999118270003967,12,L01_lag1w_10/3day
364,20,0.8723895130269612,22,-0.6411443702228886,15,0.44466499875839255,124,S01_runup1w_10/3day
364,30,0.6942247477593999,178,1.006528588097022,63,0.25205583823906863,177,L16_breakout_eps/3day
365,10,1.710625479863058,22,-0.8002715740006641,15,-1.4302206349425222,35,S01_runup1w_10/tp
365,20,1.710625479863058,22,-0.8002715740006641,15,-0.9516452427309694,30,S01_runup1w_10/tp
365,30,0.7907634671876264,99,0.4505530324051556,15,-0.6037893729875624,95,S06_past_neg/3day
366,10,2.0716921670617245,15,0.6275256548827701,9,-0.15637570927588593,91,L10_small_oversold/tp
366,20,1.036740577574885,178,-0.8318461860881914,63,0.028354545340334582,113,L16_breakout_eps/3day
366,30,1.036740577574885,178,-0.8318461860881914,63,0.18443467327093038,149,L16_breakout_eps/3day
367,10,1.9214894266962763,28,-0.49119803186953315,30,-0.49774116068305807,26,L15_deep_combo/3day
367,20,1.9214894266962763,28,-0.49119803186953315,30,-0.08451883481787995,17,L15_deep_combo/3day
367,30,1.6570484929776161,71,0.6389751672332341,83,0.9866922149372153,63,L25_down10_8/tp
368,10,1.965404338550113,12,0.06744841698437407,5,0.343503522566633,26,S11_sigma_rally/3day
368,20,0.9363000313770526,22,1.4126625998416162,15,-1.01849126052372,28,S01_runup1w_10/3day
368,30,0.7898700868448078,30,1.7975687953869528,21,0.12041063582515076,149,L23_quality_oversold/3day
369,10,1.7870385560515962,24,0.7037541336156806,14,0.1492378989378285,24,L19_prevpos_selloff/3day
369,20,1.7870385560515962,24,0.7037541336156806,14,-0.4912762042230781,39,L19_prevpos_selloff/3day
369,30,1.2437127202818663,30,0.04891129917654865,21,-0.0787499437796194,45,L23_quality_oversold/3day
370,10,2.901066468926428,12,-0.82349822871293,10,-1.4998633798731336,18,L06_capit_vol/tp
370,20,1.3037713040543764,30,1.9534321391661413,21,-0.26988861500180167,53,L23_quality_oversold/3day
370,30,1.3037713040543764,30,1.9534321391661413,21,0.11703321644661877,75,L23_quality_oversold/3day
371,10,2.4879047837387884,12,-0.40297299236287004,10,0.7521256855292625,24,L06_capit_vol/3day
371,20,2.3717955374177846,30,0.27977252172107575,21,0.31141074951516745,59,L23_quality_oversold/3day
371,30,2.3717955374177846,30,0.27977252172107575,21,-0.20849247034944265,94,L23_quality_oversold/3day
372,10,2.6725064940162304,22,1.956744202438952,15,2.0096747182531747,30,S01_runup1w_10/3day
372,20,2.6725064940162304,22,1.956744202438952,15,1.2732044172089787,37,S01_runup1w_10/3day
372,30,1.8864798580510267,34,-0.38760511939207265,19,0.04551197838561803,87,S04_upstreak6/3day
373,10,2.1285386005190934,11,-0.889470603345595,4,-2.652298393641907,9,S09_cutday_spike/tp
373,20,1.0512199291689237,71,-0.6404776733658822,83,-0.359439986912651,107,L25_down10_8/3day
373,30,1.0512199291689237,71,-0.6404776733658822,83,-0.033991985514490335,159,L25_down10_8/3day
374,10,2.1763347319584705,19,1.0924371765680927,14,0.7182853193098813,36,L21_season_oversold/tp
374,20,1.5228969260136982,43,-0.4275993523274635,35,0.26893525610412017,41,L05_at52wlow/3day
374,30,1.5228969260136982,43,-0.4275993523274635,35,-0.10861159627349795,38,L05_at52wlow/3day
375,10,1.4137458915213517,24,-1.7861667069638163,14,-0.8072951088407818,51,L19_prevpos_selloff/3day
375,20,1.4137458915213517,24,-1.7861667069638163,14,-1.4964124923662805,74,L19_prevpos_selloff/3day
375,30,0.8918830114900455,119,0.293284554855343,85,-0.7957251581238791,93,S08_peers_weak/3day
376,10,3.465734334167859,15,-1.7514030586462288,9,0.21208075682530053,20,L10_small_oversold/3day
376,20,2.609978212165125,30,-0.9211798481855029,21,0.41343439749936006,52,L23_quality_oversold/tp
376,30,2.609978212165125,30,-0.9211798481855029,21,0.2328123967202329,59,L23_quality_oversold/tp
377,10,1.7849614183862301,17,-0.7887122523125164,11,-0.9632273390781004,45,L13_cutday_crash/3day
377,20,0.9274909387832044,119,0.5929608049677458,85,0.5414283815885242,102,S08_peers_weak/3day
377,30,0.9274909387832044,119,0.5929608049677458,85,0.4596514167699413,146,S08_peers_weak/3day
378,10,1.8597711778578547,19,1.1174255483375435,14,0.6040354727616533,32,L21_season_oversold/tp
378,20,0.7917551997096921,29,-0.38514758734042737,27,-0.5911272610039414,86,L22_big_washout/tp
378,30,0.7547823232506256,140,0.0959763263070974,140,-0.04064851632894312,148,L20_peers_strong/tp
379,10,1.1004865942127826,51,-0.1992363835109652,38,0.13500454187414446,49,L04_streak5/3day
379,20,1.1004865942127826,51,-0.1992363835109652,38,0.3470019184696405,69,L04_streak5/3day
379,30,1.1004865942127826,51,-0.1992363835109652,38,0.0028032909161190196,73,L04_streak5/3day
380,10,1.9024353957193145,19,0.21835130508131503,16,-0.8270881688826082,17,L08_goodprev_drop/3day
380,20,1.5518931984960187,24,3.0937120588847735,14,0.512527937240709,118,L19_prevpos_selloff/3day
380,30,0.5918477042841651,178,0.9255790961889215,63,0.357897961405506,138,L16_breakout_eps/tp
381,10,2.596206361899114,19,-1.6554967739972417,16,-0.5345714927793279,16,L08_goodprev_drop/tp
381,20,0.6671132210141878,178,0.672871457246185,63,0.19060360234653984,146,L16_breakout_eps/3day
381,30,0.6671132210141878,178,0.672871457246185,63,0.1567518850851383,160,L16_breakout_eps/3day
382,10,2.8683100155503753,24,0.6142577653218971,14,-0.6131841976874765,47,L19_prevpos_selloff/3day
382,20,2.8683100155503753,24,0.6142577653218971,14,0.7708644214974018,65,L19_prevpos_selloff/3day
382,30,1.5097233435065696,94,-0.2275811168185976,61,0.5887263090048239,78,L07_past_pos/3day
383,10,1.1236883159317823,30,0.6824592834235215,21,0.398839373883426,65,L23_quality_oversold/tp
383,20,1.1236883159317823,30,0.6824592834235215,21,0.6205926109866126,130,L23_quality_oversold/tp
383,30,1.1236883159317823,30,0.6824592834235215,21,0.3434461410676003,145,L23_quality_oversold/tp
384,10,1.3807849739930267,10,-0.05566307589500476,2,-0.9775538774497178,27,S07_iv_runup/3day
384,20,0.9585906804285983,119,1.161395428352875,85,0.27569307283815186,113,S08_peers_weak/tp
384,30,0.9585906804285983,119,1.161395428352875,85,0.7239499451869755,149,S08_peers_weak/tp
385,10,2.5545273399066093,15,2.5875083473780425,9,1.6601773069380639,17,L10_small_oversold/3day
385,20,1.7708694234234021,22,0.6970917680115908,15,1.4584019611639192,88,S01_runup1w_10/tp
385,30,1.0791356954109832,140,-0.6053918752068205,140,0.3031776569611324,178,L20_peers_strong/3day
386,10,2.8006923273412716,19,2.964286268672875,14,1.3653796682894812,30,L21_season_oversold/3day
386,20,0.7195282341555216,22,0.5774514209332754,15,0.36839933034023387,63,S01_runup1w_10/3day
386,30,0.6488574215736982,94,-0.19422471784683615,61,-0.26200585126612747,105,L07_past_pos/tp
387,10,2.617518142706976,19,0.8925725341870654,14,1.1959257194154829,30,L21_season_oversold/3day
387,20,1.6010990239600458,24,1.5806273014601946,14,-0.7295198640917236,33,L19_prevpos_selloff/3day
387,30,0.9310986128638784,30,0.19566737201505643,21,-0.22717333887329885,39,L23_quality_oversold/3day
388,10,2.4486424121967234,12,-0.8910252755607981,5,-0.6519741963355961,18,S11_sigma_rally/3day
388,20,1.7765393193957542,22,-1.1343683794295645,15,-0.6389219511782483,38,S01_runup1w_10/3day
388,30,1.0208941069765494,51,-0.694647302132765,38,-0.9552903029836345,77,L04_streak5/tp
389,10,2.2855594003923305,15,0.6595765117747134,9,-0.561503891329234,18,L10_small_oversold/3day
389,20,1.1796016255353075,22,-2.3914353683341996,15,-0.745269793576574,61,S01_runup1w_10/tp
389,30,0.5374116687820255,140,0.4584202962879986,140,-0.5400232154435936,164,L20_peers_strong/tp
390,10,3.7891275329444287,15,-1.386128855111226,7,0.43508903980495767,14,L01_lag1w_10/3day
390,20,2.2630817372056473,29,-1.2337257198935334,27,-0.7243109257720718,31,L22_big_washout/3day
390,30,0.8989911094581459,94,0.1437340739650167,61,0.13744972479094286,80,L07_past_pos/3day
391,10,3.449408357733106,15,-0.6198404860928312,9,0.47064911618146954,19,L10_small_oversold/3day
391,20,1.2762366362228288,22,-1.9760611587726464,15,-0.6528495374341158,34,S01_runup1w_10/3day
391,30,1.0160928198241634,178,-0.5878661603637511,63,-0.17667452443844367,120,L16_breakout_eps/3day
392,10,3.896614393980486,15,2.969848545109794,9,2.9121597762480484,28,L10_small_oversold/tp
392,20,2.137805813690742,24,0.7498655663561294,14,-0.21554849522344605,31,L19_prevpos_selloff/3day
392,30,1.346747228732093,30,0.15444374658544935,21,-0.669163709219141,36,L23_quality_oversold/tp
393,10,2.5158586588017977,10,1.131746921071555,2,-2.5008964442570227,13,S07_iv_runup/3day
393,20,0.686564177651431,99,-1.7490523562845197,15,-0.7375984786862702,85,S06_past_neg/3day
393,30,0.686564177651431,99,-1.7490523562845197,15,-0.43568253341746715,87,S06_past_neg/3day
394,10,1.4928067182295426,30,-2.923269475529447,21,-0.40530001490654366,40,L23_quality_oversold/3day
394,20,1.4928067182295426,30,-2.923269475529447,21,-0.5172300988285481,68,L23_quality_oversold/3day
394,30,1.4928067182295426,30,-2.923269475529447,21,-0.49817334934931096,65,L23_quality_oversold/3day
395,10,1.9856694473191512,15,1.01148093179111,9,-1.326862252248173,17,L10_small_oversold/3day
395,20,1.2966549493325168,34,-0.7429315715312952,19,-0.228566915085094,66,S04_upstreak6/3day
395,30,1.2966549493325168,34,-0.7429315715312952,19,-0.5940886703100987,72,S04_upstreak6/3day
396,10,3.001241784677579,15,0.7278426396708954,9,-2.7028880091312857,17,L10_small_oversold/3day
396,20,1.6488802808216085,28,-1.3134426158440375,8,0.13306207239076945,37,L09_iv_oversold/3day
396,30,0.6339679756920276,30,0.4665942713442365,21,-0.29329528063055355,92,L23_quality_oversold/3day
397,10,1.3370268446680948,15,0.49217564915576223,9,-0.2968931458423259,15,L10_small_oversold/tp
397,20,0.5376386399836345,51,-0.6327934895093769,38,-1.2018963324324243,67,L04_streak5/tp
397,30,0.5376386399836345,51,-0.6327934895093769,38,-0.5918801656796291,93,L04_streak5/tp
398,10,1.4014937391853168,140,-0.13103557858719464,140,0.059639888009116133,78,L20_peers_strong/3day
398,20,1.4014937391853168,140,-0.13103557858719464,140,-1.0152047950491472,93,L20_peers_strong/3day
398,30,1.4014937391853168,140,-0.13103557858719464,140,0.30540736943290725,122,L20_peers_strong/3day
399,10,1.132255140963876,15,1.49886914469915,7,-0.17696479700322995,26,L01_lag1w_10/tp
399,20,0.7096453211318109,94,0.455398025734784,61,0.44884706216055054,86,L07_past_pos/3day
399,30,0.7096453211318109,94,0.455398025734784,61,0.8090751321516099,114,L07_past_pos/3day
400,10,2.041873509880199,19,0.5632991861516493,14,-2.8579813993916012,16,L21_season_oversold/3day
400,20,1.8405572302792046,22,-1.347781219718771,15,-0.8205535116657976,78,S01_runup1w_10/3day
400,30,0.5084991802716323,140,-0.34938110949254697,140,-0.6336375440630087,120,L20_peers_strong/tp
401,10,2.2674962429841945,15,-2.5474249689287762,9,0.17385837483715433,21,L10_small_oversold/tp
401,20,1.50514390236537,28,-1.5185413772771958,30,-1.5192342091999391,21,L15_deep_combo/3day
401,30,1.3217830757895503,43,0.037882622371101994,35,-0.18549083785868706,98,L05_at52wlow/3day
402,10,1.28538031377244,15,-1.3052663776622866,9,-0.15267341932475023,41,L10_small_oversold/tp
402,20,1.2751317348340785,51,0.7701660854893796,38,0.7250173595936789,68,L04_streak5/3day
402,30,1.2751317348340785,51,0.7701660854893796,38,0.7250173595936789,68,L04_streak5/3day
403,10,3.3582973663709006,19,-0.25885655809512986,16,1.4110615532030282,29,L08_goodprev_drop/3day
403,20,1.3012289276561921,24,2.7689733331856616,14,0.32598707124360604,53,L19_prevpos_selloff/3day
403,30,0.7322010708497738,30,-1.8097253671252538,21,0.32436675120336433,150,L23_quality_oversold/3day
404,10,2.567964317332263,30,-2.643682787394645,21,1.0523675914786685,38,L23_quality_oversold/3day
404,20,2.567964317332263,30,-2.643682787394645,21,0.33991614906055156,111,L23_quality_oversold/3day
404,30,2.567964317332263,30,-2.643682787394645,21,-0.19999191352940981,103,L23_quality_oversold/3day
405,10,3.5877644296986366,11,-2.966630077861055,4,-1.4784441112891018,24,S09_cutday_spike/3day
405,20,2.1449641507097437,28,1.6447101991310176,8,-0.28640307233986745,34,L09_iv_oversold/tp
405,30,0.9760341443866721,99,1.6394911604661422,15,-0.08436800798963857,58,S06_past_neg/tp
406,10,1.8451185326680015,19,-1.8271308571258862,11,-0.34709008248663153,41,L14_drop3d/tp
406,20,1.5277822073689549,24,-1.4214025890085071,14,-0.8485722225846183,48,L19_prevpos_selloff/3day
406,30,1.0121380621440896,51,-0.48534572501283835,38,-0.46511243746195313,54,L04_streak5/tp
407,10,2.815669860222958,10,1.66051659208235,2,0.7652416439300675,12,S07_iv_runup/3day
407,20,1.7724587676830514,28,0.8611432915874401,8,-0.004422005060656382,34,L09_iv_oversold/tp
407,30,1.0803115026169297,43,0.5107576929806255,35,0.06507171597144802,65,L05_at52wlow/tp
408,10,1.635107736378629,25,-0.4178099044204208,14,0.022076813514901487,53,L01b_lag1w_08/tp
408,20,1.635107736378629,25,-0.4178099044204208,14,-0.11918337790614296,48,L01b_lag1w_08/tp
408,30,0.8563577176863424,119,0.546170198021533,85,-0.6978746126874457,85,S08_peers_weak/3day
409,10,2.9847196212116596,12,-3.3600734177808924,5,0.6339951708832623,17,S11_sigma_rally/3day
409,20,2.034108380556503,30,0.0383551879025805,21,-1.4090042752163787,45,L23_quality_oversold/tp
409,30,2.034108380556503,30,0.0383551879025805,21,-1.2370740221484302,66,L23_quality_oversold/tp
410,10,4.589969091235756,10,-7.932717479330139,2,-1.7245806183670414,13,S07_iv_runup/tp
410,20,1.7102757517291611,24,-2.7804398423370946,14,-1.1157716647063203,26,L19_prevpos_selloff/3day
410,30,1.4175946933390735,32,-3.2254312356859507,26,-1.3382517792424877,62,S02_runup1m_20/tp
411,10,2.3182414427514857,17,-1.2274301164767043,11,0.11869905032326138,15,L13_cutday_crash/3day
411,20,1.4420410841923117,30,0.39274131255854045,21,-0.11784717325802505,34,L23_quality_oversold/tp
411,30,1.4420410841923117,30,0.39274131255854045,21,-0.1299640781343835,100,L23_quality_oversold/tp
412,10,2.6619394527709797,12,-0.43920448615515406,5,0.6697140525829911,38,S11_sigma_rally/3day
412,20,0.8197865554805662,34,-1.7140363757533046,19,0.5221742315417485,64,S04_upstreak6/tp
412,30,0.8197865554805662,34,-1.7140363757533046,19,0.1557151692142035,64,S04_upstreak6/tp
413,10,1.9905614018409674,19,2.6503918771610073,14,1.4120310573690635,34,L21_season_oversold/3day
413,20,1.2418406440426335,29,0.43122928828216184,27,0.7941306345377401,18,L22_big_washout/3day
413,30,0.7209180746241487,32,-1.0839913079407197,26,-0.07495172792486005,74,S02_runup1m_20/tp
414,10,2.396570472272174,19,0.25020863561667356,14,0.20102168408891646,79,L21_season_oversold/3day
414,20,1.1662284098686757,30,-1.9055104829492606,21,0.146624098214281,78,L23_quality_oversold/3day
414,30,1.1662284098686757,30,-1.9055104829492606,21,0.11062152967566488,97,L23_quality_oversold/3day
415,10,3.2787570222608786,15,0.7893392772430632,7,1.2929300116228593,18,L01_lag1w_10/3day
415,20,1.6440689047911077,25,1.144206429904268,14,0.5570032488998122,33,L01b_lag1w_08/3day
415,30,0.8573982858474107,30,0.08898699103848344,21,-0.0711689522556881,72,L23_quality_oversold/tp
416,10,2.4561996565635806,19,0.57211859866264,14,0.5749571085627705,36,L21_season_oversold/tp
416,20,1.4973327253374908,25,-2.771667638433976,14,-0.34628001572970885,26,L01b_lag1w_08/tp
416,30,1.466370296260501,71,-1.5088513630599285,55,-1.0103681445402781,58,L01a_lag1w_06/tp
417,10,2.140151523142293,12,1.897535268652231,10,-0.3161604665203518,18,L06_capit_vol/tp
417,20,1.2007500750369942,29,0.4683867379693336,27,-0.45728217911605723,33,L22_big_washout/tp
417,30,0.5879737430625604,64,-0.4947461171731175,76,-1.0583519735583884,74,L03_below50_10/3day
418,10,0.7552533794237001,178,0.37136699081338836,63,-0.4823259866307076,91,L16_breakout_eps/3day
418,20,0.7552533794237001,178,0.37136699081338836,63,-0.24259462955636424,124,L16_breakout_eps/3day
418,30,0.7552533794237001,178,0.37136699081338836,63,0.11973421738989136,140,L16_breakout_eps/3day
419,10,3.1555700245120644,15,1.001441698367108,9,1.4297049309105094,15,L10_small_oversold/3day
419,20,1.4835413351530353,24,-1.1092208557434637,14,-0.867686715706537,29,L19_prevpos_selloff/3day
419,30,0.45281130074243714,64,-0.5051041241651534,76,-1.1841977407478845,86,L03_below50_10/tp
420,10,1.4948381914818434,12,1.1477136818700975,8,-0.5390771987469063,45,L12_sigma_drop/3day
420,20,1.319919960731027,34,-0.5383099211959036,19,-0.6497986318500372,41,S04_upstreak6/3day
420,30,1.319919960731027,34,-0.5383099211959036,19,-0.5514507675528888,40,S04_upstreak6/3day
421,10,4.370294221015891,12,-1.7771392381372875,8,1.2250803982538079,18,L12_sigma_drop/3day
421,20,1.4006430186028744,38,-0.443835163790813,39,-0.12056019364649655,67,S10_badprev_rally/3day
421,30,1.4006430186028744,38,-0.443835163790813,39,-0.2785908821798144,123,S10_badprev_rally/3day
422,10,2.8577240330461073,15,1.0737855786391566,9,0.8565486353404413,20,L10_small_oversold/3day
422,20,1.6363335248398165,29,1.8797102259390348,16,0.7285474988086986,23,S03_above50_20/3day
422,30,1.341080676302536,30,-1.9957582077627025,21,0.5921516741137046,99,L23_quality_oversold/tp
423,10,1.7047057190806099,10,-3.62925017743865,2,-0.8785715560178671,14,S07_iv_runup/tp
423,20,0.6871258236812399,24,0.4406446956628929,14,-0.6275688251606876,72,L19_prevpos_selloff/tp
423,30,0.29439105675552063,119,1.0435982859386634,85,-0.5789684638228726,101,S08_peers_weak/tp
424,10,2.5518073340747636,12,-3.5241098900709877,5,0.15320283894277276,34,S11_sigma_rally/3day
424,20,1.399952763300078,38,-0.1810693367030536,39,0.3895733968823441,72,S10_badprev_rally/3day
424,30,1.399952763300078,38,-0.1810693367030536,39,-0.13198597157989028,93,S10_badprev_rally/3day
425,10,3.180498111926239,19,-0.14565945992579088,11,-0.0019026973747523698,16,L14_drop3d/3day
425,20,1.3323624624855668,25,-1.5540521924061,14,0.19874876668486632,19,L01b_lag1w_08/tp
425,30,0.8804074569564866,71,-1.3087594639974989,55,-0.2888101324375806,53,L01a_lag1w_06/tp
426,10,1.5205814447304782,30,2.2065981041588025,21,0.5571934520861433,53,L23_quality_oversold/3day
426,20,1.5205814447304782,30,2.2065981041588025,21,0.6686817276484979,83,L23_quality_oversold/3day
426,30,1.5205814447304782,30,2.2065981041588025,21,0.6406069102771897,75,L23_quality_oversold/3day
427,10,3.3225619869614023,12,0.04198135620521973,10,0.290734875868613,25,L06_capit_vol/3day
427,20,1.775283604139814,24,-0.48829030910571714,14,-0.04971445361768321,97,L19_prevpos_selloff/3day
427,30,1.0729799140445757,30,-0.4565664975422987,21,0.14447282479485235,111,L23_quality_oversold/3day
428,10,3.001768093222465,24,1.4639449229476842,14,0.3225112331219777,22,L19_prevpos_selloff/3day
428,20,3.001768093222465,24,1.4639449229476842,14,1.0034571036946707,38,L19_prevpos_selloff/3day
428,30,2.142042348373624,51,-0.24693612172995122,38,1.3078765737607763,54,L04_streak5/3day
429,10,2.3713271439786534,11,-1.5209222793381774,4,0.29135533170403627,8,S09_cutday_spike/tp
429,20,1.3740985042343221,24,-0.8881151403861199,14,-0.5376249861220103,74,L19_prevpos_selloff/tp
429,30,0.5350987599715102,34,-0.9481464723905763,19,-1.2359224602641812,65,S04_upstreak6/tp
430,10,1.8247447763742024,10,-0.948926192127425,2,-0.9990634679740708,22,S07_iv_runup/3day
430,20,0.790966179943506,38,0.27640526403193866,39,0.3720845882440383,79,S10_badprev_rally/tp
430,30,0.790966179943506,38,0.27640526403193866,39,0.3405075766875376,75,S10_badprev_rally/tp
431,10,2.5046353413948226,15,2.3298161130025887,9,2.20271857326341,15,L10_small_oversold/tp
431,20,1.0077896787382645,51,-0.5163121080704517,38,-0.6556704233624826,67,L04_streak5/3day
431,30,1.0077896787382645,51,-0.5163121080704517,38,-0.307392564684457,75,L04_streak5/3day
432,10,2.101860109000208,22,0.2555143600933979,15,-0.21013243172722573,33,S01_runup1w_10/3day
432,20,2.101860109000208,22,0.2555143600933979,15,-0.18018722655302258,46,S01_runup1w_10/3day
432,30,1.331822050625828,32,0.6939019285834814,26,0.318395576773492,69,S02_runup1m_20/3day
433,10,1.861137186530246,19,0.13521684489591862,14,-0.7131786055910541,27,L21_season_oversold/tp
433,20,1.1541444195647699,51,-1.773302545931891,38,-0.3665740222722838,73,L04_streak5/tp
433,30,1.1541444195647699,51,-1.773302545931891,38,0.1700229293691036,98,L04_streak5/tp
434,10,1.282593496020457,38,-0.13213676157173132,39,-0.33620822432705216,138,S10_badprev_rally/tp
434,20,1.282593496020457,38,-0.13213676157173132,39,-0.3063401793791742,139,S10_badprev_rally/tp
434,30,1.282593496020457,38,-0.13213676157173132,39,-0.2699590511266557,143,S10_badprev_rally/tp
435,10,3.587169646384642,19,-0.21695193856671002,14,-0.26933616405064187,33,L21_season_oversold/tp
435,20,1.7094019741787185,24,-2.4494023382504446,14,0.2512056879391748,31,L19_prevpos_selloff/3day
435,30,1.4726512438673143,71,-0.45645408532720616,55,1.5002612534478925,47,L01a_lag1w_06/3day
436,10,2.8327959643641507,17,-0.23711608715034826,11,-0.02092035713755943,17,L13_cutday_crash/3day
436,20,1.7424023402297089,32,-1.2083847507012189,26,-1.164618231192381,25,S02_runup1m_20/3day
436,30,1.7424023402297089,32,-1.2083847507012189,26,-0.8677467051624874,50,S02_runup1m_20/3day
437,10,1.7660014913312854,30,-0.6637538775915919,21,-1.4097343013042167,23,L23_quality_oversold/tp
437,20,1.7660014913312854,30,-0.6637538775915919,21,-2.060305194172961,38,L23_quality_oversold/tp
437,30,1.7660014913312854,30,-0.6637538775915919,21,-1.3332984666484178,93,L23_quality_oversold/tp
438,10,1.9488706014470498,12,-0.8579681810735188,10,0.47241503171035565,23,L06_capit_vol/3day
438,20,1.2610942416672144,24,-0.2879135470567012,14,0.10878798842385456,64,L19_prevpos_selloff/3day
438,30,0.6993674575136061,94,-0.062264524245943094,61,-0.08530275421428225,79,L07_past_pos/3day
439,10,2.817048591261315,12,2.4662825927545162,8,0.4591409294286679,53,L12_sigma_drop/3day
439,20,0.7790454145707874,32,-1.1499473965546108,26,-0.45446245883970454,106,S02_runup1m_20/tp
439,30,0.7790454145707874,32,-1.1499473965546108,26,-0.004529297050946476,164,S02_runup1m_20/tp
440,10,1.3606495566407109,15,1.712612074178013,7,-0.4844559569790413,36,L01_lag1w_10/3day
440,20,1.2115625018178748,30,0.2571909422594326,21,0.17053546988880608,49,L23_quality_oversold/tp
440,30,1.2115625018178748,30,0.2571909422594326,21,0.27077072946967146,139,L23_quality_oversold/tp
441,10,2.497581456482534,15,-2.2645714075861876,9,1.0919466774322548,23,L10_small_oversold/3day
441,20,1.3563409906553172,51,-0.7437222893438175,38,-0.5846647157482097,71,L04_streak5/tp
441,30,1.3563409906553172,51,-0.7437222893438175,38,-0.5862876398140017,109,L04_streak5/tp
442,10,3.719342539744842,11,-1.12043605177703,4,-0.45384062936975744,23,S09_cutday_spike/tp
442,20,1.4834680224186099,51,-0.3966572129663425,38,0.033479039278974665,98,L04_streak5/tp
442,30,1.4834680224186099,51,-0.3966572129663425,38,-0.2215620519746305,174,L04_streak5/tp
443,10,2.5942718197873726,10,1.2430469035174752,2,0.10669791750107299,18,S07_iv_runup/3day
443,20,1.915516420863542,22,-2.1341400793583385,15,-0.6062529942196191,55,S01_runup1w_10/3day
443,30,1.2417528810697225,32,0.3833753164097774,26,-0.5986352903274649,65,S02_runup1m_20/3day
444,10,2.113896413982502,17,-2.397681953439481,11,-0.4012599094309265,55,L13_cutday_crash/3day
444,20,0.9331580489824314,140,0.5298945701149704,140,-0.24317764283301677,126,L20_peers_strong/3day
444,30,0.9331580489824314,140,0.5298945701149704,140,0.06342544649521595,160,L20_peers_strong/3day
445,10,2.264414913425589,10,-2.81895041280356,2,0.15698695976692073,11,S07_iv_runup/3day
445,20,1.6982354085331437,22,-1.4992768377242167,15,0.3401068148022103,41,S01_runup1w_10/tp
445,30,1.0413799459561974,119,-0.6661995777957388,85,0.6606759130040051,88,S08_peers_weak/tp
446,10,2.30477849414535,29,0.7897129921688266,16,1.0606624300964806,41,S03_above50_20/3day
446,20,2.30477849414535,29,0.7897129921688266,16,0.8251911597954296,55,S03_above50_20/3day
446,30,2.2977885988072733,32,0.7592026157306093,26,0.37488031672817923,127,S02_runup1m_20/3day
447,10,0.8996942739218053,30,0.26885317115045626,21,0.9038847779407228,29,L23_quality_oversold/tp
447,20,0.8996942739218053,30,0.26885317115045626,21,-0.5031139087671884,69,L23_quality_oversold/tp
447,30,0.8996942739218053,30,0.26885317115045626,21,-0.5828300865226932,76,L23_quality_oversold/tp
448,10,2.543851936965392,28,0.9373586602683975,8,-0.030485271156192893,30,L09_iv_oversold/3day
448,20,2.543851936965392,28,0.9373586602683975,8,1.5084837846158303,36,L09_iv_oversold/3day
448,30,1.4713168967582342,30,-0.22861395321066055,21,0.4937660638262752,121,L23_quality_oversold/3day
449,10,2.324515167533352,12,-0.0977039008199649,10,-1.3291198899081809,14,L06_capit_vol/3day
449,20,2.2165467443758677,25,0.1639840651586694,14,1.0434391663117641,46,L01b_lag1w_08/tp
449,30,0.923710711509108,71,-1.231454504155912,55,0.37761460052979945,80,L01a_lag1w_06/3day
450,10,1.8677161066166594,19,2.626217571029403,14,0.4242263667588242,37,L21_season_oversold/3day
450,20,1.7552187149957155,34,-1.790088681053714,19,0.11274061374928573,62,S04_upstreak6/tp
450,30,1.7552187149957155,34,-1.790088681053714,19,1.0254353419204953,68,S04_upstreak6/tp
451,10,2.384671181790271,22,0.5165701605095319,15,0.06098800938036088,33,S01_runup1w_10/tp
451,20,2.384671181790271,22,0.5165701605095319,15,-0.07503176683363108,56,S01_runup1w_10/tp
451,30,0.8726422856455265,34,1.0338277125631161,19,0.1970060740779554,104,S04_upstreak6/tp
452,10,1.2184760262592984,12,0.017402768146717457,8,0.2538178233525552,40,L12_sigma_drop/3day
452,20,0.8029760266322785,140,-0.26219797335370487,140,0.2456683245866103,111,L20_peers_strong/3day
452,30,0.8029760266322785,140,-0.26219797335370487,140,0.08495314367124923,126,L20_peers_strong/3day
453,10,5.451014202333452,12,5.101265000169277,10,3.193447517914456,17,L06_capit_vol/3day
453,20,3.416146813538047,28,-0.41586620395453644,30,0.21735241582001813,45,L15_deep_combo/3day
453,30,2.769210764267772,30,1.5400336672457118,21,0.3381787249863093,49,L23_quality_oversold/3day
454,10,1.789381645695102,25,0.08659646392701073,14,-1.1141049519619322,31,L01b_lag1w_08/tp
454,20,1.789381645695102,25,0.08659646392701073,14,-0.45946403502293826,52,L01b_lag1w_08/tp
454,30,1.1073221360991492,32,-0.4631322504668326,26,-0.22907937850835636,69,S02_runup1m_20/3day
455,10,2.63787455041136,10,-2.231432917962755,2,-2.8759727422618693,16,S07_iv_runup/tp
455,20,1.7646933767147477,32,-0.1781416270028234,26,-1.3639505087915171,34,S02_runup1m_20/3day
455,30,1.7646933767147477,32,-0.1781416270028234,26,0.15153986655403542,47,S02_runup1m_20/3day
456,10,1.5254005804294164,19,0.9368043042153543,14,-0.9784168230129714,27,L21_season_oversold/tp
456,20,1.4939048976741058,30,-0.3790181841258243,21,-1.2613892275288356,46,L23_quality_oversold/tp
456,30,1.4939048976741058,30,-0.3790181841258243,21,0.030571481147642233,48,L23_quality_oversold/tp
457,10,1.885273164838604,19,-3.4158410720561228,16,-0.8202514068259632,50,L08_goodprev_drop/3day
457,20,1.3150126621682472,32,0.3193622520342442,26,-0.3045846712248645,83,S02_runup1m_20/3day
457,30,1.3150126621682472,32,0.3193622520342442,26,0.27693845533224576,95,S02_runup1m_20/3day
458,10,1.7717945861742066,19,-1.5018472022285456,16,-1.1210258716457844,62,L08_goodprev_drop/3day
458,20,1.2007978627303713,119,-0.14178871253567032,85,-0.07287477512047867,93,S08_peers_weak/tp
458,30,1.2007978627303713,119,-0.14178871253567032,85,0.3678048853150698,112,S08_peers_weak/tp
459,10,2.469702255990492,22,-0.9127192894062525,15,-0.30984643745130497,32,S01_runup1w_10/3day
459,20,2.469702255990492,22,-0.9127192894062525,15,-0.13473731807346542,68,S01_runup1w_10/3day
459,30,1.6851394210610704,38,-0.6926815533837921,39,-0.3862616010739991,108,S10_badprev_rally/3day
460,10,3.1802542380862193,15,0.39014389338963007,7,0.5226759172270051,28,L01_lag1w_10/3day
460,20,2.883108424825715,25,0.41032047407945704,14,1.2707412312527993,42,L01b_lag1w_08/3day
460,30,1.34223158240239,71,0.228777454897263,55,0.9013573165705204,73,L01a_lag1w_06/3day
461,10,2.3912990473703206,12,-0.8817549006356717,5,-2.7692774388512427,17,S11_sigma_rally/3day
461,20,1.2725091129861668,28,-1.4960471907349522,30,-1.1014550209136182,46,L15_deep_combo/tp
461,30,1.031074136385792,32,-1.5729117383578308,26,-0.3782975723163423,70,S02_runup1m_20/3day
462,10,2.465568294767478,11,-1.8774872834994423,4,0.4164581639026956,7,S09_cutday_spike/3day
462,20,1.1227362181586689,29,-0.6288804733844218,27,-1.6975953377023403,31,L22_big_washout/tp
462,30,0.7930123499191036,32,0.6021656370945946,26,-0.6764691491243395,51,S02_runup1m_20/3day
463,10,2.0914708797751156,19,-0.23598914365443008,14,0.5452919996047628,71,L21_season_oversold/3day
463,20,0.4265370224045723,30,-0.6162166269199199,21,-0.5653668623328186,60,L23_quality_oversold/3day
463,30,0.4265370224045723,30,-0.6162166269199199,21,-0.4897524958830633,67,L23_quality_oversold/3day
464,10,1.4867782634608009,10,-3.9898159721869955,2,-1.9947545645173943,15,S07_iv_runup/3day
464,20,1.1817673959674064,140,-0.28402438216109477,140,0.09398040538815493,131,L20_peers_strong/3day
464,30,1.1817673959674064,140,-0.28402438216109477,140,0.0009360246756270665,150,L20_peers_strong/3day
465,10,1.4321633032648882,12,-4.132071568271298,5,-1.025401428980916,26,S11_sigma_rally/3day
465,20,1.2466067337482283,22,0.8985572874610745,15,-0.22166032283361495,82,S01_runup1w_10/tp
465,30,1.012914503495214,140,-0.15307599566060728,140,0.04272024673573075,127,L20_peers_strong/3day
466,10,2.478824331172455,17,-2.0078349459853944,11,0.3485534057668419,29,L13_cutday_crash/3day
466,20,1.867184225941192,30,-0.5534450371148404,21,-0.3410567690093372,25,L23_quality_oversold/tp
466,30,1.867184225941192,30,-0.5534450371148404,21,0.044889051914520445,29,L23_quality_oversold/tp
467,10,1.8352553029233867,15,-4.1700907012620405,9,-1.6495081852376718,32,L10_small_oversold/tp
467,20,1.4873732933990966,29,-0.8251995923613603,22,-0.832686751576829,33,L02_lag1m_15/tp
467,30,0.9033191904038751,43,-0.18104385198438036,35,-0.13219052592361707,37,L05_at52wlow/3day
468,10,2.159505214331936,10,-0.6714774273633101,2,-0.2752253885577937,17,S07_iv_runup/tp
468,20,0.7052385960218804,71,-0.359132477220753,83,-1.6198918185399773,82,L25_down10_8/3day
468,30,0.7052385960218804,71,-0.359132477220753,83,-0.901713820388823,101,L25_down10_8/3day
469,10,3.4777758781223413,10,-2.1314569782666855,2,-0.10164022082363768,13,S07_iv_runup/3day
469,20,1.7579155802473834,28,1.0056102476078501,8,-0.5700226684047186,31,L09_iv_oversold/tp
469,30,0.7514663938624919,178,-0.8918805861943785,63,-0.7843401835765532,91,L16_breakout_eps/tp
470,10,1.0270458574801031,19,-1.6951854449495658,16,-0.40161488861514455,37,L08_goodprev_drop/3day
470,20,1.0224871520847783,99,2.5590848437856617,15,0.2851246552468063,33,S06_past_neg/tp
470,30,1.0224871520847783,99,2.5590848437856617,15,0.8599239456223531,63,S06_past_neg/tp
471,10,3.244559276031077,12,-2.403886141002166,10,-0.27247213864758224,46,L06_capit_vol/tp
471,20,1.5812805057740982,99,-0.8630786640488938,15,-0.15032268851258038,72,S06_past_neg/tp
471,30,1.5812805057740982,99,-0.8630786640488938,15,0.052713706956333456,68,S06_past_neg/tp
472,10,1.6792577762915923,32,0.3650751559686644,26,-0.9175793079639721,23,S02_runup1m_20/3day
472,20,1.6792577762915923,32,0.3650751559686644,26,-0.06213394649368996,49,S02_runup1m_20/3day
472,30,1.6792577762915923,32,0.3650751559686644,26,-0.987473860729288,64,S02_runup1m_20/3day
473,10,2.7768870550977693,12,-4.901609627147566,8,-1.8850543226830316,11,L12_sigma_drop/tp
473,20,2.195601305605936,22,-0.16284142901218215,15,0.6613972447219023,28,S01_runup1w_10/tp
473,30,0.8666707065170991,71,0.2782381022493446,55,0.371185097626128,71,L01a_lag1w_06/3day
474,10,2.3086783850585824,29,-0.8033687543333031,16,0.3119170395386745,33,S03_above50_20/tp
474,20,2.3086783850585824,29,-0.8033687543333031,16,-0.39268537994343927,29,S03_above50_20/tp
474,30,1.2350509567124757,32,1.2433722712279793,26,0.15161941461730186,51,S02_runup1m_20/tp
475,10,5.94434455560365,15,-1.3620460320709944,7,2.616149380425948,14,L01_lag1w_10/3day
475,20,4.5373514174377405,25,-1.0157506847206663,14,0.9664309748016161,24,L01b_lag1w_08/3day
475,30,1.146297821721492,140,0.34641620333403417,140,0.5794568988478704,98,L20_peers_strong/3day
476,10,3.628963494662972,12,1.702268236892888,5,0.9813369526755027,16,S11_sigma_rally/3day
476,20,2.040047273119374,22,0.48412622772579533,15,0.01775914288602025,65,S01_runup1w_10/3day
476,30,0.7210077602853239,119,0.7250455829047404,85,0.7758555902226897,110,S08_peers_weak/3day
477,10,8.057310618135602,12,-0.48572750423838695,10,1.4838854212376087,20,L06_capit_vol/3day
477,20,3.2482578092211165,25,-0.24465965760313707,14,1.7051416476390135,31,L01b_lag1w_08/3day
477,30,2.38472827247854,71,0.12372184627148097,55,0.8276910469948292,55,L01a_lag1w_06/3day
478,10,1.8334692419915928,28,0.32033880458616937,30,-0.6522512879047173,22,L15_deep_combo/3day
478,20,1.8334692419915928,28,0.32033880458616937,30,0.05888358421275019,43,L15_deep_combo/3day
478,30,1.0357659566061381,30,0.22971037562406135,21,-0.19860727662046937,75,L23_quality_oversold/tp
479,10,2.158984440641981,15,-0.46156836842664906,9,-0.29154026388019144,14,L10_small_oversold/tp
479,20,1.7230443793958752,29,-0.33462669788519195,16,0.045191117846861494,27,S03_above50_20/3day
479,30,1.0876379640896596,30,-0.7172666768060139,21,-0.9402379643363897,93,L23_quality_oversold/3day
480,10,1.2265759892625854,119,0.3539195766638692,85,-0.5221772625717593,70,S08_peers_weak/3day
480,20,1.2265759892625854,119,0.3539195766638692,85,0.29788549381957014,83,S08_peers_weak/3day
480,30,1.2265759892625854,119,0.3539195766638692,85,0.29377482844209235,139,S08_peers_weak/3day
481,10,1.7868583399882336,29,-0.7359154907144293,16,0.7715622329191604,59,S03_above50_20/tp
481,20,1.7868583399882336,29,-0.7359154907144293,16,0.1901862453362813,75,S03_above50_20/tp
481,30,1.5105277464595461,32,0.6906520310405008,26,0.06291261847395362,73,S02_runup1m_20/tp
482,10,2.844762822801264,17,-0.35823900639449363,11,-0.3247948724725351,20,L13_cutday_crash/3day
482,20,1.3830937473369074,24,-0.8422705262664498,14,-0.4603354153081272,76,L19_prevpos_selloff/3day
482,30,0.6288708965112765,140,-0.774366659598144,140,-0.19878187961334456,133,L20_peers_strong/3day
483,10,2.9509961370345077,12,0.2592496372395618,10,0.4115184334307328,17,L06_capit_vol/3day
483,20,1.6866577214139276,29,-0.5116859172415352,27,0.23819966143435525,47,L22_big_washout/3day
483,30,1.2566184671858196,112,-0.5541318805193277,72,0.39972828725667936,92,L24_high_iv/3day
484,10,0.9763921350781924,99,-2.862313482955311,15,-0.648410383468927,80,S06_past_neg/tp
484,20,0.9763921350781924,99,-2.862313482955311,15,-0.5882058624208278,84,S06_past_neg/tp
484,30,0.9763921350781924,99,-2.862313482955311,15,-0.5882058624208278,84,S06_past_neg/tp
485,10,1.8818787827767407,19,2.537451247459111,14,0.6638794633854034,44,L21_season_oversold/3day
485,20,0.6734172688274386,178,-0.001403701737519457,63,0.4771785731032857,60,L16_breakout_eps/tp
485,30,0.6734172688274386,178,-0.001403701737519457,63,0.7368244767413932,76,L16_breakout_eps/tp
486,10,2.784305852591785,12,2.917886855053844,10,-1.3934874290109376,28,L06_capit_vol/3day
486,20,0.6293455955647257,30,0.8787387443587478,21,-0.4020250967992208,91,L23_quality_oversold/3day
486,30,0.6293455955647257,30,0.8787387443587478,21,-0.4755884947566335,87,L23_quality_oversold/3day
487,10,2.320391763441956,17,-2.7341909066668353,11,0.8709986765666423,26,L13_cutday_crash/3day
487,20,1.6806300875444102,32,0.25267656788410287,26,0.6632708024173586,54,S02_runup1m_20/3day
487,30,1.6806300875444102,32,0.25267656788410287,26,0.892071527977293,109,S02_runup1m_20/3day
488,10,1.021832632105781,43,-0.46383155606168397,35,-1.5961519034869844,66,L05_at52wlow/3day
488,20,1.021832632105781,43,-0.46383155606168397,35,-1.7309667265241098,77,L05_at52wlow/3day
488,30,1.021832632105781,43,-0.46383155606168397,35,-1.1607385332594942,70,L05_at52wlow/3day
489,10,2.6939894033493657,19,0.14519239043075852,14,0.5379329574949021,102,L21_season_oversold/tp
489,20,1.0730352707383257,178,0.8471349377362977,63,1.0067946697209393,142,L16_breakout_eps/3day
489,30,1.0730352707383257,178,0.8471349377362977,63,0.8474257855418887,158,L16_breakout_eps/3day
490,10,1.894340299308403,25,-0.9931798672745878,14,0.05106737898671736,33,L01b_lag1w_08/3day
490,20,1.894340299308403,25,-0.9931798672745878,14,-0.01826522495283482,45,L01b_lag1w_08/3day
490,30,1.3447635171017012,119,0.07702392670985178,85,1.0294654721978975,95,S08_peers_weak/3day
491,10,3.029321818738075,12,-3.12969093029348,5,-0.23949633986117091,23,S11_sigma_rally/3day
491,20,1.291158007966342,30,0.8156666423405271,21,0.9437816564814877,125,L23_quality_oversold/tp
491,30,1.291158007966342,30,0.8156666423405271,21,1.0467343179364121,140,L23_quality_oversold/tp
492,10,2.810149657427161,15,1.845551455751639,9,2.214745664137608,14,L10_small_oversold/3day
492,20,1.5370049963657757,24,0.5700335674401994,14,-0.1619173941631758,52,L19_prevpos_selloff/3day
492,30,1.3548158582976724,43,-1.3034168991333328,35,-1.2496177306813816,53,L05_at52wlow/3day
493,10,3.700738003218108,17,1.9770197187799496,11,2.4944927310140037,17,L13_cutday_crash/tp
493,20,1.6419931994620613,30,0.6043242235649356,21,-0.20402445248691795,30,L23_quality_oversold/tp
493,30,1.6419931994620613,30,0.6043242235649356,21,0.181316545499058,81,L23_quality_oversold/tp
494,10,2.7470393028257245,15,0.3653212523184869,7,0.22474079008860762,37,L01_lag1w_10/tp
494,20,1.4292427460995665,38,0.23101724101770119,39,0.7365541451001142,47,S10_badprev_rally/tp
494,30,1.4292427460995665,38,0.23101724101770119,39,0.6224685508661202,77,S10_badprev_rally/tp
495,10,3.110113755273765,15,0.4670130077934328,7,0.2588359067638253,25,L01_lag1w_10/3day
495,20,1.4895770193216524,29,0.43764950816926806,27,-1.1943148112997393,26,L22_big_washout/3day
495,30,0.8338862753525174,38,-0.7053445985617646,39,-0.3150077841422279,63,S10_badprev_rally/3day
496,10,2.2504985667044974,29,-1.7882244940080907,16,-0.41793480539738986,34,S03_above50_20/3day
496,20,2.2504985667044974,29,-1.7882244940080907,16,-1.0928045866235359,33,S03_above50_20/3day
496,30,1.664699557460087,51,-2.1327662500131304,38,-0.983813237066103,50,L04_streak5/3day
497,10,1.6368843993688789,11,-0.20260372612071986,4,-0.5928476555573688,29,S09_cutday_spike/tp
497,20,1.3050905973515443,178,-0.26064742327522306,63,0.5368940556238323,191,L16_breakout_eps/3day
497,30,1.3050905973515443,178,-0.26064742327522306,63,0.5368940556238323,191,L16_breakout_eps/3day
498,10,2.156823366219077,12,-0.19082864563123692,10,1.1997317414602082,25,L06_capit_vol/tp
498,20,1.227565629325995,32,-2.0094331610197154,26,-1.2308909640804795,38,S02_runup1m_20/tp
498,30,1.227565629325995,32,-2.0094331610197154,26,-2.0789830059564993,56,S02_runup1m_20/tp
499,10,3.061363528282761,15,-1.3692480470139534,9,-1.1357778050741176,19,L10_small_oversold/tp
499,20,1.1874740130740784,38,-0.2035035383374115,39,-0.3903805830628725,50,S10_badprev_rally/3day
499,30,1.1874740130740784,38,-0.2035035383374115,39,0.5924898094152122,59,S10_badprev_rally/3day
