symbol,qn,score,three_day
ADANIENT,0,,0.0246831954885518
ADANIPORTS,0,,0.0127256158208587
AMBUJACEM,0,,0.0084184747603961
APOLLOHOSP,0,,-0.0106793850372224
ASHOKLEY,0,,0.0419241042359103
ASIANPAINT,0,,0.0851068798610216
AUBANK,0,,-0.0700227238162711
AUROPHARMA,0,,-0.0605421996871736
AXISBANK,0,,0.0543542269167328
BAJAJ-AUTO,0,,0.0131328389303226
BAJAJFINSV,0,,0.1139123437946023
BAJFINANCE,0,,0.1273350415823875
BANDHANBNK,0,,-0.0127819672225057
BANKBARODA,0,,-0.0507050443411375
BHARATFORG,0,,0.0755418754789799
BHARTIARTL,0,,-0.0457831473066462
BIOCON,0,,-0.0038340424496229
BOSCHLTD,0,,0.0597152766988205
BPCL,0,,-0.0105716398474404
BRITANNIA,0,,-0.0475060200117505
CANBK,0,,-0.0348519991007046
CHOLAFIN,0,,-0.0067251213904452
CIPLA,0,,-0.0105672153900936
COLPAL,0,,0.0336721423517585
CONCOR,0,,0.0591901697448473
CUMMINSIND,0,,-0.08306305014069
DABUR,0,,-0.0337494514724985
DIVISLAB,0,,0.0341858229695861
DRREDDY,0,,-0.0084068451239421
EICHERMOT,0,,0.0052463415922824
FEDERALBNK,0,,0.034292067962382
GLENMARK,0,,-0.0261619233102186
GODREJCP,0,,0.2387066382116689
GODREJPROP,0,,-0.0708615517040193
GRASIM,0,,-0.0002465750351385
HAVELLS,0,,-0.0402339933979004
HCLTECH,0,,-0.0339694624013231
HDFCAMC,0,,-0.0055389270901272
HDFCBANK,0,,-0.0272565987810713
HDFCLIFE,0,,0.0006393356726609
HEROMOTOCO,0,,0.0309703811037941
HINDPETRO,0,,0.0431260519637981
HINDUNILVR,0,,-0.0107111684782699
ICICIBANK,0,,0.0340801870171447
ICICIPRULI,0,,0.0486563330131207
IDEA,0,,-0.1387965694215545
IDFCFIRSTB,0,,-0.0101684558742303
INDIGO,0,,0.0112524998644508
INDUSINDBK,0,,-0.0140857262928741
INDUSTOWER,0,,-0.0024422254195665
INFY,0,,-0.0512568762201466
IOC,0,,0.0271154277515923
ITC,0,,-0.0178896404286247
JINDALSTEL,0,,-0.1557899076024177
JSWSTEEL,0,,-0.0347425905384497
KOTAKBANK,0,,-0.0403149224002349
LT,0,,0.0027181666422868
LTF,0,,-0.0144923612340426
LUPIN,0,,-0.0063581666756953
M&M,0,,-0.0149775481128471
MANAPPURAM,0,,-0.0383316218516356
MARICO,0,,0.0820417008299722
MARUTI,0,,-0.015369833341725
MOTHERSON,0,,0.0530008310849532
MPHASIS,0,,-0.0473159102235798
MUTHOOTFIN,0,,0.1473402069123944
NAM-INDIA,0,,0.0476409165511935
NATIONALUM,0,,0.1266757066999112
ONGC,0,,-0.0093094880181812
PAGEIND,0,,-0.0047173623627306
PIDILITIND,0,,0.0223134245809888
PIIND,0,,-0.0457692085127835
PNB,0,,-0.0437500150833785
RBLBANK,0,,-0.0079799142584965
RECLTD,0,,0.0316451806151885
RELIANCE,0,,-0.0189802392194604
SBILIFE,0,,0.0580836871390955
SBIN,0,,0.0707314474684817
SHRIRAMFIN,0,,0.0181054954550022
SIEMENS,0,,0.0738744697587887
SRF,0,,0.0502984412962015
SUNPHARMA,0,,-0.0375784400186608
TATACONSUM,0,,-0.0247718547020621
TATAPOWER,0,,-0.0784480328173301
TATASTEEL,0,,0.0338109082272586
TCS,0,,-0.0652014277357321
TECHM,0,,0.001770303747358
TITAN,0,,-0.0022163613405793
TMPV,0,,0.0095464377659898
TORNTPHARM,0,,0.0120272425983724
TVSMOTOR,0,,0.2023412821140009
ULTRACEMCO,0,,0.0037121731457813
UNITDSPR,0,,0.0013981354155719
UPL,0,,0.0997965637503293
VEDL,0,,-0.0339632926850492
VOLTAS,0,,0.0340304648098723
WIPRO,0,,0.0858822743316733
ZYDUSLIFE,0,,-0.0019289751431121
ADANIENT,1,,0.0066535304377707
ADANIPORTS,1,,0.0301237161118528
AMBUJACEM,1,,0.0091563805610236
APOLLOHOSP,1,,0.0789603552635165
ASHOKLEY,1,,-0.0075830539747695
ASIANPAINT,1,,0.0403762874966083
AUBANK,1,,0.0173745030970708
AUROPHARMA,1,,-0.1400801633024571
AXISBANK,1,,-0.0197518247019083
BAJAJ-AUTO,1,,-0.0104911461059035
BAJAJFINSV,1,,0.0378196808370203
BAJFINANCE,1,,0.012504161967713
BANDHANBNK,1,,0.0122331321040362
BANKBARODA,1,,-0.0530410022941004
BEL,1,,-0.0244707737075973
BHARATFORG,1,,0.0902997976182451
BHARTIARTL,1,,0.0228651842122642
BHEL,1,,-0.007371653761796
BIOCON,1,,-0.0325065645477682
BPCL,1,,0.0228689571860567
BRITANNIA,1,,0.023557520890602
CANBK,1,,0.0267054469701093
CHOLAFIN,1,,0.0957425076916844
CIPLA,1,,-0.017559850232539
COALINDIA,1,,-0.0145304193823773
COFORGE,1,,0.0957447188142024
COLPAL,1,,-0.0518229566740583
CONCOR,1,,0.0077475441685443
CUMMINSIND,1,,0.0438486053630484
DABUR,1,,-0.0199455299231836
DIVISLAB,1,,0.0064310806962214
DLF,1,,0.0195784430851679
DRREDDY,1,,-0.1300002004410374
EICHERMOT,1,,-0.0699590705747795
FEDERALBNK,1,,0.0412827643518209
GAIL,1,,0.0381684242835541
GLENMARK,1,,-0.0155366504475727
GMRAIRPORT,1,,0.032123736302785
GODREJCP,1,,-0.0158306272493888
GODREJPROP,1,,0.022281898745169
GRASIM,1,,-0.0076483708803612
HAVELLS,1,,0.0494680340427988
HCLTECH,1,,-0.0611930158746164
HDFCAMC,1,,0.0133209401148777
HDFCBANK,1,,-0.0515784174412667
HDFCLIFE,1,,-0.0438486824215552
HEROMOTOCO,1,,-0.0089011520004486
HINDALCO,1,,-0.0180899246053428
HINDPETRO,1,,-0.0285868051142024
HINDUNILVR,1,,-0.0208396141896111
ICICIBANK,1,,0.0327394255957784
ICICIGI,1,,-0.0015536224345146
ICICIPRULI,1,,0.0150679257635185
IDFCFIRSTB,1,,-0.0048151119398857
INDHOTEL,1,,-0.014195119476289
INDIGO,1,,-0.0346645954392206
INDUSINDBK,1,,0.0036790270069262
INDUSTOWER,1,,-0.0014768914178509
INFY,1,,0.0212799212801522
IOC,1,,0.0146023380239705
ITC,1,,0.008361909886708
JINDALSTEL,1,,0.0014436702866681
JSWSTEEL,1,,0.0339381956949228
JUBLFOOD,1,,0.1540069334265382
KOTAKBANK,1,,-0.0050333541561592
LICHSGFIN,1,,-0.0769700401942573
LT,1,,-0.0206253439799983
LTF,1,,-0.043716908505252
LTM,1,,0.0679802663447683
LUPIN,1,,-0.0888211458675926
M&M,1,,0.0115708969598558
MANAPPURAM,1,,-0.1997732423797931
MARICO,1,,0.0108859522268257
MARUTI,1,,-0.0337139943449121
MFSL,1,,-0.0229326505361584
MOTHERSON,1,,-0.0502030579482172
MPHASIS,1,,0.0785440821065306
MUTHOOTFIN,1,,-0.0594669785292254
NAM-INDIA,1,,0.006104944461466
NATIONALUM,1,,-0.1115794027704193
NAUKRI,1,,0.0052630502835731
NMDC,1,,0.0199931192560965
NTPC,1,,0.0077633367149357
ONGC,1,,-0.0128685376472322
PETRONET,1,,0.0014405052224336
PFC,1,,0.0004680075285871
PIDILITIND,1,,-0.0046340524668985
PNB,1,,0.023089808073423
POWERGRID,1,,0.0081930373861168
RBLBANK,1,,-0.02317502146997
RECLTD,1,,0.006163785668105
RELIANCE,1,,-0.0079265889012395
SAIL,1,,-0.0232813639975942
SBILIFE,1,,0.0752430990157473
SBIN,1,,0.0170318627236681
SHREECEM,1,,-0.0648907812711763
SHRIRAMFIN,1,,0.0022600764772213
SIEMENS,1,,0.0515108690297442
SRF,1,,0.0129741396631468
SUNPHARMA,1,,0.124380733121064
TATACONSUM,1,,0.0034340201237829
TATAPOWER,1,,0.0035499367529867
TATASTEEL,1,,0.0630322423089302
TCS,1,,-0.0165972401484912
TECHM,1,,0.0786954545743702
TITAN,1,,0.0165218529430356
TMPV,1,,-0.0372267651324875
TORNTPHARM,1,,0.0142916903603887
TRENT,1,,-0.0193146248424364
TVSMOTOR,1,,-0.0022083089552411
ULTRACEMCO,1,,0.0241804059651784
UNITDSPR,1,,0.0074214332351854
UPL,1,,-0.029047239492651
VEDL,1,,0.0106430896802748
VOLTAS,1,,-0.0074021566020157
WIPRO,1,,0.0987032983906166
ZYDUSLIFE,1,,-0.0731936907621472
ADANIENT,2,,-0.0849350816485956
ADANIPORTS,2,,-0.0856880099192836
AMBUJACEM,2,,0.0152502174231119
APOLLOHOSP,2,,0.1136648643880129
ASHOKLEY,2,,0.0240082282864565
ASIANPAINT,2,,-0.0638507598034462
ASTRAL,2,,-0.0006803402181784
AUBANK,2,,-0.035441745442146
AUROPHARMA,2,,-0.0125199066026521
AXISBANK,2,,-0.0336281933736216
BAJAJ-AUTO,2,,-0.0166539954917495
BAJAJFINSV,2,,-0.0292069898504505
BAJFINANCE,2,,-0.0284554951522558
BANDHANBNK,2,,-0.0283987700259501
BANKBARODA,2,,-0.0405425265155938
BEL,2,,-0.0303567252724594
BHARATFORG,2,,-0.0660193415573237
BHARTIARTL,2,,0.0208501071846627
BHEL,2,,-0.0746244853482468
BIOCON,2,,-0.0596442051721173
BOSCHLTD,2,,0.0557080079093219
BPCL,2,,-0.0140431757573857
BRITANNIA,2,,-0.0017589181602162
CANBK,2,,0.0128144394251711
CHOLAFIN,2,,-0.0562703892778057
CIPLA,2,,0.0289298215314723
COALINDIA,2,,-0.0416264457617376
COFORGE,2,,-0.0664584765375901
COLPAL,2,,-0.0294809641615012
CONCOR,2,,0.0194380320204857
CROMPTON,2,,-0.0067616384453366
CUMMINSIND,2,,0.0301556894459193
DABUR,2,,0.0416936855856668
DIVISLAB,2,,-0.0354223543584667
DIXON,2,,0.0330078920981589
DLF,2,,-0.041391570825487
DRREDDY,2,,0.0301688384780106
EICHERMOT,2,,0.0404577774265768
FEDERALBNK,2,,0.0897795242672946
GAIL,2,,0.003205345515423
GLENMARK,2,,0.0289628790277315
GMRAIRPORT,2,,-0.030185377401388
GODREJCP,2,,-0.0422553111370379
GODREJPROP,2,,0.0855389961018202
GRASIM,2,,-0.009812089228724
HAL,2,,0.0348070525407198
HAVELLS,2,,-0.1191974375389042
HCLTECH,2,,-0.0230036746737885
HDFCAMC,2,,-0.0377315607638775
HDFCBANK,2,,0.0301610558034668
HDFCLIFE,2,,-0.0289106774892505
HEROMOTOCO,2,,-0.0093910514547539
HINDALCO,2,,0.0145024679015659
HINDPETRO,2,,0.0131715353776755
HINDUNILVR,2,,-0.0654714010608109
ICICIBANK,2,,0.0989375051492283
ICICIGI,2,,-0.018774648389793
ICICIPRULI,2,,-0.0667358369852209
IDEA,2,,-0.0174215169286877
IDFCFIRSTB,2,,0.0528439890313969
IEX,2,,-0.0972539877241296
INDHOTEL,2,,-0.0471310082998825
INDIGO,2,,0.0771797181536395
INDUSINDBK,2,,-0.000818349427884
INDUSTOWER,2,,-0.0481821032183383
INFY,2,,0.0146739042099749
IOC,2,,0.0170199131176806
ITC,2,,-0.0344544376312673
JINDALSTEL,2,,0.0134550704356314
JSWSTEEL,2,,-0.0347282226672263
JUBLFOOD,2,,-0.11752537918904
KOTAKBANK,2,,0.0081508977973151
LICHSGFIN,2,,-0.0788435270997965
LT,2,,0.0169112221818719
LTF,2,,-0.0846105092854138
LTM,2,,0.1538783734987888
LUPIN,2,,-0.0494541054660161
M&M,2,,0.0535168906171797
MANAPPURAM,2,,-0.1286824411935873
MARICO,2,,0.0096357521143649
MARUTI,2,,0.01496136557802
MOTHERSON,2,,-0.018190396917639
MPHASIS,2,,-0.0844874996833486
MUTHOOTFIN,2,,0.1103868641473544
NAM-INDIA,2,,-0.0313975371662658
NATIONALUM,2,,0.0053983160998964
NAUKRI,2,,0.0622293032184548
NMDC,2,,-0.0323071630786121
NTPC,2,,-0.0460873519518675
OFSS,2,,-0.0025950026018152
ONGC,2,,0.0012275836991441
PERSISTENT,2,,0.0426732963758881
PETRONET,2,,0.0137888420667743
PFC,2,,-0.0067534466642811
PIDILITIND,2,,0.038838698480094
PIIND,2,,0.0340526950056092
PNB,2,,-0.0759387050402387
POLYCAB,2,,0.0200163081418798
POWERGRID,2,,-0.0031145907658769
RBLBANK,2,,-0.1488695559578789
RECLTD,2,,-0.0379680469251924
RELIANCE,2,,-0.0367226046319357
SAIL,2,,0.0719597357862761
SBILIFE,2,,-0.0224982667566834
SBIN,2,,0.0283462412649257
SHRIRAMFIN,2,,-0.0650382286705245
SRF,2,,-0.0706128624766051
SUNPHARMA,2,,-0.0080977938890062
TATACONSUM,2,,-0.0466082000549231
TATAPOWER,2,,-0.0495036098385071
TATASTEEL,2,,-0.0366893894707317
TCS,2,,-0.0310358557077088
TECHM,2,,0.0256412386471877
TITAN,2,,-0.0005756141390772
TMPV,2,,0.0140701779471632
TORNTPHARM,2,,-0.0484292860115815
TRENT,2,,0.0866504293555814
TVSMOTOR,2,,0.0634273076005371
ULTRACEMCO,2,,-0.0243263566457094
UNITDSPR,2,,0.0788553325857692
UPL,2,,-0.0287548151414241
VEDL,2,,-0.0415958486757832
VOLTAS,2,,0.0549886026131394
WIPRO,2,,0.0831364822869826
ZYDUSLIFE,2,,-0.0144778590116083
ABCAPITAL,3,,0.0116001925585113
ADANIENT,3,,-0.0208247839818659
ADANIPORTS,3,,0.0487327233315511
AMBUJACEM,3,,-0.06995096375647
APOLLOHOSP,3,,-0.0198969158683922
ASHOKLEY,3,,-0.1031510037601758
ASIANPAINT,3,,-0.0292713342477158
ASTRAL,3,,-0.0501953855647242
AUBANK,3,,0.0500983156206813
AUROPHARMA,3,,0.0529042765331033
AXISBANK,3,,0.0339686838603172
BAJAJ-AUTO,3,,-0.0521632728063105
BAJAJFINSV,3,,-0.1029927167578015
BAJFINANCE,3,,-0.0334617524173994
BANDHANBNK,3,,0.0149353663603418
BANKBARODA,3,,0.0769483159813415
BEL,3,,0.026719278188106
BHARATFORG,3,,0.0131570817882167
BHARTIARTL,3,,-0.0008843178930221
BHEL,3,,0.0095857593401261
BIOCON,3,,0.0803295408235962
BOSCHLTD,3,,0.0353937377280392
BPCL,3,,-0.0070139106178636
BRITANNIA,3,,-0.0010123528815506
CANBK,3,,0.1405867430248639
CHOLAFIN,3,,-0.0001979790014839
CIPLA,3,,0.0678422396528275
COALINDIA,3,,-0.0259801650055275
COFORGE,3,,-0.0176239700133356
COLPAL,3,,-0.0016534634934637
CONCOR,3,,-0.0860572327528909
CUMMINSIND,3,,0.0339752246202026
DABUR,3,,0.0364077746783451
DIVISLAB,3,,-0.0119531877736035
DIXON,3,,-0.0316866379400908
DLF,3,,0.079954755746824
DRREDDY,3,,-0.0221837754117801
EICHERMOT,3,,0.033082894296975
FEDERALBNK,3,,0.0659536490498191
GAIL,3,,-0.006302200699108
GLENMARK,3,,-0.0473092880383737
GMRAIRPORT,3,,0.0037227966353695
GODREJCP,3,,-0.058474023166139
GODREJPROP,3,,-0.1254038075764031
GRASIM,3,,-0.0302272750065724
HAL,3,,0.0018740955837924
HAVELLS,3,,-0.0563778781282193
HCLTECH,3,,-0.0696945609290966
HDFCAMC,3,,-0.0690450827994334
HDFCBANK,3,,0.0010115222138715
HDFCLIFE,3,,-0.0439700304443372
HEROMOTOCO,3,,0.0175500544392738
HINDALCO,3,,0.0302364211836619
HINDPETRO,3,,-0.0531734032084343
HINDUNILVR,3,,-0.0178572010312705
ICICIBANK,3,,-0.0106090089676509
ICICIGI,3,,-0.0320671147485694
ICICIPRULI,3,,-0.0271431557566256
IDEA,3,,-0.0841786766252314
IDFCFIRSTB,3,,0.0323379568160222
IEX,3,,-0.0829004264243545
INDHOTEL,3,,0.0543120538000805
INDIGO,3,,0.1129599947507508
INDUSINDBK,3,,0.0401517461543337
INDUSTOWER,3,,0.0185603313169783
INFY,3,,0.0247022590917553
IOC,3,,-0.0072821480924428
ITC,3,,0.0285870213981688
JINDALSTEL,3,,-0.0186705265846489
JSWSTEEL,3,,-0.0788905588093965
JUBLFOOD,3,,-0.058311583863671
KOTAKBANK,3,,0.0018214602604359
LAURUSLABS,3,,0.0654552487818317
LICHSGFIN,3,,0.1305942452751738
LT,3,,-0.0083260814705915
LTF,3,,-0.0675633576425982
LTM,3,,-0.0715054976691146
LUPIN,3,,-0.0352128683653204
M&M,3,,0.0257924205914115
MANAPPURAM,3,,-0.2108605074552324
MARICO,3,,0.0321538924089372
MARUTI,3,,0.0768702353036869
MFSL,3,,0.0744611731988507
MOTHERSON,3,,-0.0628564613720842
MPHASIS,3,,-0.0560888470297974
MUTHOOTFIN,3,,-0.077515948166395
NAM-INDIA,3,,0.008747918892339
NATIONALUM,3,,0.020428565457951
NAUKRI,3,,0.0874539709546939
NBCC,3,,-0.0583721460690096
NMDC,3,,0.0150062902456095
NTPC,3,,0.0453692542115341
OBEROIRLTY,3,,0.0158844156954917
OFSS,3,,-0.0933715639486753
ONGC,3,,0.01419724974878
PERSISTENT,3,,-0.0106854875162861
PETRONET,3,,0.0352616649418624
PFC,3,,-0.025132052065324
PIDILITIND,3,,-0.0912266376791933
PIIND,3,,0.0468529299378788
PNB,3,,0.0739679479459267
POLYCAB,3,,-0.07241262504245
POWERGRID,3,,-0.007285465834277
RBLBANK,3,,0.0723482587827432
RECLTD,3,,-0.0343897501681086
RELIANCE,3,,-0.0576846575520599
SAIL,3,,0.0093840482150728
SBICARD,3,,-0.0107070542254734
SBILIFE,3,,-0.0185715721302058
SBIN,3,,-0.0161449557990417
SHREECEM,3,,-0.0157622747776124
SHRIRAMFIN,3,,-0.0445366212300994
SIEMENS,3,,-0.0095533540824107
SRF,3,,-0.049864338116769
SUNPHARMA,3,,0.0960244799393621
TATACONSUM,3,,0.0148671111706386
TATAPOWER,3,,-0.0400369667166953
TATASTEEL,3,,0.0132397087939061
TCS,3,,0.0048357393362757
TECHM,3,,0.0513974300158023
TITAN,3,,0.0161498294483767
TMPV,3,,0.021009966404157
TORNTPHARM,3,,-0.1521641255459374
TRENT,3,,0.0165167087077666
TVSMOTOR,3,,-0.0003520567502206
ULTRACEMCO,3,,-0.0055027748892003
UNITDSPR,3,,-0.0635017505864753
UPL,3,,0.0172531965405412
VEDL,3,,0.012230394071505
VOLTAS,3,,-0.0439818316516996
WIPRO,3,,-0.0632685625974837
ZYDUSLIFE,3,,0.0065752633002608
ABCAPITAL,4,,-0.0396740758831564
ADANIENT,4,,-0.0327057232753327
ADANIPORTS,4,,-0.0789290769465133
ALKEM,4,,-0.0121578999345293
AMBUJACEM,4,,-0.0337640570265135
APOLLOHOSP,4,,-0.0132099056484552
ASHOKLEY,4,,0.0239124433877943
ASIANPAINT,4,,0.0127441556400802
AUBANK,4,,-0.0051228249938461
AUROPHARMA,4,,-0.0093857631388827
AXISBANK,4,,-0.0592512131078937
BAJAJ-AUTO,4,,0.0420273245367182
BAJAJFINSV,4,,-0.0335893541880387
BAJFINANCE,4,,-0.0539578888687644
BANDHANBNK,4,,0.0825380726206436
BANKBARODA,4,,-0.0112371994632697
BEL,4,,0.0187180352543532
BHARATFORG,4,,0.1182253326012685
BHARTIARTL,4,,0.0093469399771
BHEL,4,,0.0246244283808072
BIOCON,4,,-0.0306455294561621
BOSCHLTD,4,,0.0433608043043624
BPCL,4,,-0.0235072863389419
BRITANNIA,4,,0.0090476725818868
CANBK,4,,-0.0977876440618752
CHOLAFIN,4,,-0.1512657725351213
CIPLA,4,,0.00321186482313
COALINDIA,4,,-0.0055173206969862
COFORGE,4,,0.0260742419871827
COLPAL,4,,0.026670845795893
CONCOR,4,,-0.089449678535878
CROMPTON,4,,0.0708363189099539
CUMMINSIND,4,,-0.0003674535799161
DABUR,4,,-0.0855911342443034
DIVISLAB,4,,-0.1299714780096578
DIXON,4,,0.1430799343931958
DLF,4,,0.0197304560682365
DRREDDY,4,,0.087863425460521
EICHERMOT,4,,0.0944173007289138
FEDERALBNK,4,,-0.005933637224991
GAIL,4,,-0.0548200542544432
GLENMARK,4,,0.0581913974692918
GMRAIRPORT,4,,0.0725935760854792
GODREJCP,4,,-0.0754875192650464
GODREJPROP,4,,-0.0717430125537822
GRASIM,4,,-0.0776836075197063
HAL,4,,0.0295677174317104
HAVELLS,4,,0.0062002296761847
HCLTECH,4,,0.0294815879025718
HDFCAMC,4,,0.024669229236015
HDFCBANK,4,,-0.1047177957043831
HDFCLIFE,4,,-0.0111190726029432
HEROMOTOCO,4,,-0.0007539139597568
HINDALCO,4,,0.0494808225401763
HINDPETRO,4,,-0.0460576456029864
HINDUNILVR,4,,0.0662485778448129
ICICIBANK,4,,-0.0111361243207923
ICICIGI,4,,-0.0160189848663411
ICICIPRULI,4,,-0.0358288574114484
IDEA,4,,-0.0447298110875424
IDFCFIRSTB,4,,-0.0330764911608582
IEX,4,,-0.0169281217814707
INDHOTEL,4,,0.0522752877076023
INDIGO,4,,0.0569834153800441
INDUSINDBK,4,,0.0447138443020397
INDUSTOWER,4,,-0.0259666151763636
INFY,4,,-0.0828589869463687
IOC,4,,-0.02561277877354
ITC,4,,0.0828202840739542
JINDALSTEL,4,,-0.0418997033760717
JSWSTEEL,4,,0.0206007859867467
JUBLFOOD,4,,0.1303175761822556
KOTAKBANK,4,,0.0039364873504725
LAURUSLABS,4,,0.0198321574331157
LICHSGFIN,4,,0.0286431476467187
LT,4,,-0.0460576746536952
LTF,4,,-0.0477927235021765
LTM,4,,-0.1508658966418151
LUPIN,4,,-0.0733665199248424
M&M,4,,0.1086012580459321
MANAPPURAM,4,,-0.0600857427949746
MARICO,4,,-0.0369980611590299
MARUTI,4,,-0.0195490146446454
MOTHERSON,4,,-0.0111236371962253
MPHASIS,4,,0.0271737162904039
MUTHOOTFIN,4,,-0.0420203082794135
NAM-INDIA,4,,-0.0188515680803676
NATIONALUM,4,,-0.0299622854667913
NAUKRI,4,,0.1224237526048419
NMDC,4,,-0.0098055321414559
NTPC,4,,0.0111202780320426
OBEROIRLTY,4,,-0.040143556856422
OFSS,4,,-0.0199494991555616
ONGC,4,,-0.0016033849835622
PAGEIND,4,,0.0370170749433976
PERSISTENT,4,,0.0741386771294883
PETRONET,4,,-0.0305354956471736
PFC,4,,-0.0040169247715118
PIDILITIND,4,,0.0020684852109422
PIIND,4,,0.0999219986912864
PNB,4,,-0.1479278168911572
POLYCAB,4,,0.0044104179437988
POWERGRID,4,,-0.0054572579547049
RBLBANK,4,,-0.0125729798960398
RECLTD,4,,-0.025562550045808
RELIANCE,4,,-0.0663061303107794
SAIL,4,,-0.0700666312419786
SBICARD,4,,-0.0080553959118493
SBILIFE,4,,0.0106804239178773
SBIN,4,,-0.0447975443254333
SHREECEM,4,,-0.0258015237121095
SHRIRAMFIN,4,,0.0394236073841135
SIEMENS,4,,0.0226962755807825
SRF,4,,-0.1222717805561269
SUNPHARMA,4,,-0.0440525724125067
TATACONSUM,4,,-0.0583544072307308
TATAPOWER,4,,-0.0608728535508678
TATASTEEL,4,,0.0110202307126554
TCS,4,,0.0018900395778297
TECHM,4,,-0.0291913837734492
TITAN,4,,-0.0818296892068128
TMPV,4,,0.0359279261112015
TRENT,4,,-0.0079803291909694
TVSMOTOR,4,,-0.0307143231536127
ULTRACEMCO,4,,0.0198231440738303
UNITDSPR,4,,0.0997423098216134
UPL,4,,-0.0402814359991418
VEDL,4,,-0.0078888596812283
VOLTAS,4,,-0.1350847926574834
WIPRO,4,,-0.0464988284691677
ZYDUSLIFE,4,,0.0443654657802514
ABB,5,,0.0404270936241331
ABCAPITAL,5,,-0.0247660349641749
ADANIENT,5,,0.0055874551752698
ADANIPORTS,5,,-0.0207441288938142
ALKEM,5,,-0.0388293904852804
AMBUJACEM,5,,-0.0034836864719304
APOLLOHOSP,5,,-0.0254779541823735
ASHOKLEY,5,,0.0437148194117511
ASIANPAINT,5,,0.0383326974933093
ASTRAL,5,,0.0177883854059281
AUBANK,5,,0.0520331118492634
AUROPHARMA,5,,0.0447731521687762
AXISBANK,5,,-0.0121448000345344
BAJAJ-AUTO,5,,-0.0426226046000676
BAJAJFINSV,5,,0.1275734539805271
BAJFINANCE,5,,0.133419167177587
BANDHANBNK,5,,-0.0286940399997888
BANKBARODA,5,,0.0396092140585128
BEL,5,,0.0733268727670986
BHARATFORG,5,,0.1066099705772765
BHARTIARTL,5,,0.0299368747354789
BHEL,5,,-0.0540796358632079
BIOCON,5,,-0.049265496230247
BOSCHLTD,5,,0.0116145937915579
BPCL,5,,-0.0164820061354966
BRITANNIA,5,,-0.0264845419120668
CANBK,5,,-0.0204140855138132
CHOLAFIN,5,,0.082321226000708
CIPLA,5,,0.0312867141537086
COALINDIA,5,,0.0483148726897496
COFORGE,5,,0.0169059912993257
COLPAL,5,,-0.009992453452185
CONCOR,5,,-0.0560685143082313
CROMPTON,5,,-0.0540365356984942
CUMMINSIND,5,,0.0561728257476119
DABUR,5,,0.0017303857394491
DIVISLAB,5,,-0.0548256830392436
DIXON,5,,-0.0497725127221164
DLF,5,,0.0421488088615172
DRREDDY,5,,-0.0283206829360018
EICHERMOT,5,,0.0278579163897445
FEDERALBNK,5,,0.0508212114350349
GAIL,5,,-0.0613104503305541
GLENMARK,5,,0.0288434260727644
GMRAIRPORT,5,,0.0177528092863716
GODREJCP,5,,-0.0079337494761664
GODREJPROP,5,,-0.0549833177227628
GRASIM,5,,-0.0117780103803568
HAL,5,,0.0588200170938075
HAVELLS,5,,-0.0034254803329391
HCLTECH,5,,-0.0681933601713811
HDFCAMC,5,,-0.0321297564594241
HDFCBANK,5,,-0.0021328584808257
HDFCLIFE,5,,-0.0273085683410128
HEROMOTOCO,5,,0.0150977590202769
HINDALCO,5,,0.0551826088205691
HINDPETRO,5,,-0.0181853518676698
HINDUNILVR,5,,0.0140520582916049
ICICIBANK,5,,0.0131942131448918
ICICIGI,5,,-0.0293386406901134
ICICIPRULI,5,,0.0147009303808925
IDEA,5,,-0.0374093991115267
IDFCFIRSTB,5,,0.1776983396404048
IEX,5,,-0.0579621109311211
INDHOTEL,5,,-0.0081110393222383
INDIGO,5,,0.0493899678591054
INDUSINDBK,5,,0.1111798727578976
INDUSTOWER,5,,-0.0723403120008282
INFY,5,,-0.0540281493310257
IOC,5,,-0.0135619913113507
ITC,5,,0.0213333508832818
JINDALSTEL,5,,-0.0096457226680448
JSWSTEEL,5,,-0.008186560441649
JUBLFOOD,5,,-0.0033947791594274
KOTAKBANK,5,,-0.0214301625334408
LAURUSLABS,5,,0.0575821793881295
LICHSGFIN,5,,-0.0369910580990404
LT,5,,0.0167359979445114
LTF,5,,0.0154370135512253
LTM,5,,-0.0016365130572421
LUPIN,5,,0.030344205217389
M&M,5,,0.0189470230835148
MANAPPURAM,5,,0.0469790792389056
MARICO,5,,-0.0402024599540942
MARUTI,5,,0.0116764709348381
MFSL,5,,0.0280798136520681
MOTHERSON,5,,-0.0639979787790825
MPHASIS,5,,0.0599267579442333
MUTHOOTFIN,5,,-0.0712062174323294
NAM-INDIA,5,,0.0070150490766074
NATIONALUM,5,,0.0223827439601641
NAUKRI,5,,0.0442764761830213
NMDC,5,,0.0656336931600418
NTPC,5,,0.0448451998192163
OBEROIRLTY,5,,0.0199603263936689
OFSS,5,,-0.0023020003653505
ONGC,5,,0.0461068605642609
PAGEIND,5,,0.0105363162108957
PERSISTENT,5,,0.0894005700114952
PETRONET,5,,-0.0381894185333849
PFC,5,,0.0147966966572014
PIDILITIND,5,,-5.824715111368839e-05
PIIND,5,,0.0190465083840397
PNB,5,,-0.0068549776127552
POLYCAB,5,,0.0207582625346742
POWERGRID,5,,0.0122933377210486
RBLBANK,5,,0.0098567139852497
RECLTD,5,,-0.006287778421578
RELIANCE,5,,-0.0258275327490642
SAIL,5,,0.0163390363755262
SBICARD,5,,0.0526809960200166
SBILIFE,5,,0.1328328874291255
SBIN,5,,-0.0351333664158802
SHREECEM,5,,-0.0069075696448263
SHRIRAMFIN,5,,-0.0672197741356527
SIEMENS,5,,-0.0286288866596072
SRF,5,,-0.0171556056794858
SUNPHARMA,5,,0.0290067820248979
TATACONSUM,5,,-0.0143154593911593
TATAPOWER,5,,-0.0562023574390373
TATASTEEL,5,,0.0165489574755872
TCS,5,,-0.0449427576799312
TECHM,5,,-0.032648582799695
TITAN,5,,0.0041358694258641
TMPV,5,,-0.016165221829528
TRENT,5,,0.0482157246600328
TVSMOTOR,5,,0.0505430324042686
ULTRACEMCO,5,,0.0486135387964234
UNITDSPR,5,,-0.0595424108204349
UPL,5,,0.0176710832516886
VEDL,5,,0.0527579912046076
VOLTAS,5,,-0.0225306985951824
WIPRO,5,,-0.0238822104814259
ZYDUSLIFE,5,,0.0663868950435144
ABB,6,0.15444770840509117,-0.0245914769824651
ABCAPITAL,6,0.0836032809693552,0.0881238876518273
ADANIENT,6,0.1377274797480657,0.0717459983290635
ADANIPORTS,6,0.07998615346579283,0.0161435081676615
ALKEM,6,0.10220099670535918,-0.0129660082888272
AMBUJACEM,6,0.1480356684887007,0.01224401899939
APOLLOHOSP,6,0.10173220619926097,0.0137587392340522
ASHOKLEY,6,0.14199307497843144,-0.0026370755454824
ASIANPAINT,6,0.08179370261980655,-0.0418663975254596
ASTRAL,6,0.12652038304233654,-0.0532444769571455
AUBANK,6,0.1573381389178418,-0.0371221939744521
AUROPHARMA,6,0.2608480556426227,0.0301349002753016
AXISBANK,6,0.08599587375508477,0.1019875066007183
BAJAJ-AUTO,6,0.09301513606871398,0.0014339364719299
BAJAJFINSV,6,0.11191065659849717,0.0022314612359927
BAJFINANCE,6,0.10787881514052612,-0.0265513770352239
BANDHANBNK,6,0.128166483327197,-0.1097445164721662
BANKBARODA,6,0.17856933075522247,0.1213742412526813
BEL,6,0.11175575063033066,0.0058591274120819
BHARATFORG,6,0.14703779359486144,-0.0310064166985557
BHARTIARTL,6,0.07377223890346922,0.022507723648333
BHEL,6,0.15738699133657816,-0.0454820810283499
BIOCON,6,0.10706737983493005,0.0287612253441398
BOSCHLTD,6,0.08310257436842433,0.0310470473192558
BPCL,6,0.0727165120813509,0.0062211233224633
BRITANNIA,6,0.051471486751797906,0.1095264543980638
CANBK,6,0.13013679233586817,0.0720371095582254
CHOLAFIN,6,0.11234286120850005,0.0397757169248176
CIPLA,6,0.10184245184956757,-0.0245573673564496
COALINDIA,6,0.09324684448395212,0.0386605714493125
COFORGE,6,0.15206524725696696,0.006678273850886
COLPAL,6,0.03262346594231565,0.0052999917804373
CONCOR,6,0.10114487162587647,-0.0195821444185338
CROMPTON,6,0.06990929054210467,-0.0644392243978514
CUMMINSIND,6,0.11072520420104992,-0.0006631517735491
DABUR,6,0.0409823155600842,0.0266458452620995
DIVISLAB,6,0.1209156942389498,-0.1317631089716032
DIXON,6,0.14548193884630256,-0.0048127401325376
DLF,6,0.10068468407869974,-0.0070834983976735
DRREDDY,6,0.04385266917942029,-0.0018473354392892
EICHERMOT,6,0.13665085917085393,-0.0634727032545898
FEDERALBNK,6,0.15148635561562915,0.0468840607461622
GAIL,6,0.0555207086065474,-0.0077158119629786
GLENMARK,6,0.08470962184314296,0.0242789661818983
GMRAIRPORT,6,0.20389966253080377,0.0327923415272815
GODREJCP,6,0.07842784217230797,-0.0107212099720113
GODREJPROP,6,0.09564433818133371,-0.0145734302942716
GRASIM,6,0.07093407701256363,0.0171515135870614
HAL,6,0.206189066166996,-0.0043091294296194
HAVELLS,6,0.15325266292216783,-0.017463122244778
HCLTECH,6,0.07622727456385775,0.0203037802016632
HDFCAMC,6,0.10659959066061404,0.062147962142264
HDFCBANK,6,0.07827467273889085,0.0136305613931801
HDFCLIFE,6,0.0834402933862668,0.0187333606786034
HEROMOTOCO,6,0.027778855557929992,-0.0083830121742453
HINDALCO,6,0.15426092924670104,0.0905268914172002
HINDPETRO,6,0.1122209082536148,-0.0101373038964627
HINDUNILVR,6,0.08910875325479711,-0.0031382710161457
ICICIBANK,6,0.06300133987933133,0.0405787100421906
ICICIGI,6,0.1025101871340815,0.0101112082904205
ICICIPRULI,6,0.15597086184610118,0.0251065854283013
IDEA,6,0.07448921203908038,-0.0291045532907413
IDFCFIRSTB,6,0.17530125217196063,-0.0045342219950508
IEX,6,0.18857312962005937,-0.0368913207901877
INDHOTEL,6,0.14237578654278524,-0.0835663275804993
INDIGO,6,0.10891514089267965,-0.015253309397347
INDUSINDBK,6,0.16389610546964828,-0.0322651944394215
INDUSTOWER,6,0.09115507218729232,-0.0340490281393158
INFY,6,0.10635528463112813,0.0355593924169381
IOC,6,0.06051313192905784,0.0029373561683324
ITC,6,0.08860735690132492,0.0157263924615322
JINDALSTEL,6,0.104942424157236,0.0114405627434421
JSWSTEEL,6,0.12066498361063298,0.0060265076376546
JUBLFOOD,6,0.10678055411910613,-0.0864624340585965
KOTAKBANK,6,0.04533136607725697,-0.0085708863040054
LAURUSLABS,6,0.16037742574577749,-0.093632610459918
LICHSGFIN,6,0.09828685367655288,-0.1341117177613654
LT,6,0.03468125577771185,0.0305964628618817
LTF,6,0.11031243047054376,-0.0012067024103634
LTM,6,0.1100051577458391,-0.0134764247387036
LUPIN,6,0.061327619966437784,0.0130519192860216
M&M,6,0.11445942153514128,-0.0449233780282934
MANAPPURAM,6,0.1611437813296387,0.1019948909282109
MARICO,6,0.056126035267974064,-0.0459508327527034
MARUTI,6,0.03659973000955612,0.0576300283068909
MFSL,6,0.23237646466414208,-0.0050502290554986
MOTHERSON,6,0.18234600590925695,0.0662914666587135
MPHASIS,6,0.14812371259862958,-0.0330727114135726
MUTHOOTFIN,6,0.055784127805981985,-0.0354537990255284
NATIONALUM,6,0.12728204184675776,-0.0112177953216264
NAUKRI,6,0.1803799806224445,0.1208623559078603
NMDC,6,0.18029459568159822,-0.0325166002952377
NTPC,6,0.0396715945644302,0.0647255843573808
OBEROIRLTY,6,0.1562605854658624,-0.0538719315193718
OFSS,6,0.08000737269419304,-0.0068144549960067
ONGC,6,0.08310494854094261,0.0180084637153352
PAGEIND,6,0.10521117531844977,-0.0491733804960612
PERSISTENT,6,0.24010062410711522,0.0214945703290483
PETRONET,6,0.07107466756773147,0.0092492168787363
PFC,6,0.08364516994048125,0.0114010759680512
PIDILITIND,6,0.03592461823654423,0.0032164479839492
PIIND,6,0.09860427773560565,0.0618263953143021
PNB,6,0.15967516184672648,-0.0914268228184581
POLYCAB,6,0.08766483700197886,0.0531229466073868
POWERGRID,6,0.077062107733304,-0.0407212704557425
RBLBANK,6,0.13688253767612554,-0.0375973270318901
RECLTD,6,0.05511069776540845,0.0676063912336144
RELIANCE,6,0.027352151431925376,-0.0055727427162445
SAIL,6,0.17121645138099503,0.0236586960427439
SBICARD,6,0.11062519809712316,-0.0524659034372413
SBILIFE,6,0.10273910631523055,0.0247784605834606
SBIN,6,0.10691239820245721,0.0517619005427882
SHREECEM,6,0.11523107145188463,-0.0084910589185668
SHRIRAMFIN,6,0.09859810839213445,-0.0217003054318072
SRF,6,0.12678987681460516,-0.0590456771671402
SUNPHARMA,6,0.08261587535444904,0.0613523464204923
TATACONSUM,6,0.04663437622001908,-0.0163544000799962
TATAPOWER,6,0.08502973577399585,0.0242458447974095
TATASTEEL,6,0.08179231750542373,-0.0288907193797125
TCS,6,0.07045495998833254,-0.0101518807180968
TECHM,6,0.11135372737847496,0.0311936432494566
TITAN,6,0.09425298711076792,0.0049266760082816
TMPV,6,0.07042109642704733,-0.0299322914312449
TORNTPHARM,6,0.12636022177266829,-0.0064373083426328
TRENT,6,0.16578305730155513,-0.0598717468671619
TVSMOTOR,6,0.17032656027108015,-0.0017004903197984
ULTRACEMCO,6,0.09937944039212457,0.0051173679409457
UNITDSPR,6,0.09850660064494775,0.0085375183001896
UPL,6,0.08995555736399659,0.0055221754220439
VEDL,6,0.12828838238919454,0.0034653923890969
VOLTAS,6,0.09520877837907832,0.0433888543831517
WIPRO,6,0.15099850741438137,-0.0787170895792407
ZYDUSLIFE,6,0.13674113397638007,-0.055744239401462
ABB,7,0.1142688314187472,0.0006437777813389
ABCAPITAL,7,0.15952321307589204,0.0048492955906666
ADANIENT,7,0.32397387191892557,-0.0345452142294122
ADANIPORTS,7,0.3030195747450286,0.1908725044206758
ALKEM,7,0.10369237833841208,0.026785380126319
AMBUJACEM,7,0.28236808332967,0.0293469916517588
APOLLOHOSP,7,0.11239705338437174,0.0176681361904204
ASHOKLEY,7,0.16208003584307618,0.0534474933197371
ASIANPAINT,7,0.07785388321545542,-0.0527139865324473
ASTRAL,7,0.11132730635004474,-0.0092620005153285
AUBANK,7,0.08654114054701384,-0.0186044283081612
AUROPHARMA,7,0.17494560121776684,0.1171198670179771
AXISBANK,7,0.1408068062585256,-0.0198210189558986
BAJAJ-AUTO,7,0.057345876111441145,0.0847606950338073
BAJAJFINSV,7,0.1714298429797189,0.0214053462051533
BAJFINANCE,7,0.1630171816204473,0.0291487040160376
BANDHANBNK,7,0.15154591443112359,-0.0017325203795635
BANKBARODA,7,0.27339913986707026,0.0847189101259152
BEL,7,0.09864987845307428,-0.0381959867408755
BHARATFORG,7,0.16081775925894123,-0.0538845003409457
BHARTIARTL,7,0.09547101891149373,-0.0225900971130499
BHEL,7,0.1390550211785712,-0.0602185549414595
BIOCON,7,0.16384733073500166,-0.0173492230421591
BOSCHLTD,7,0.13135846165416346,0.0204854536421085
BPCL,7,0.10582690930276167,-0.0094033312993834
BRITANNIA,7,0.15637846931049595,0.038363161278507
CANBK,7,0.17314541824872523,0.0001294978513445
CHOLAFIN,7,0.1258583894490504,0.0564633770130486
CIPLA,7,0.0909896373917136,-0.0141110395678586
COALINDIA,7,0.1041663397556824,-0.0075942469965071
COFORGE,7,0.09389208688870485,0.107156099452581
COLPAL,7,0.054318605508433,-0.0328471290145734
CONCOR,7,0.07383417481776594,-0.0443425862703619
CROMPTON,7,0.13766054382133294,-0.0776152883085818
CUMMINSIND,7,0.09264815551918446,0.089861832856356
DABUR,7,0.10473404637786513,-0.0432406023440224
DIVISLAB,7,0.08259906540326263,-0.1807633603655044
DIXON,7,0.1985414336124415,-0.228576828700038
DLF,7,0.0605777538296796,-0.0367200266125754
DRREDDY,7,0.0827196316962927,-0.0048877876708911
EICHERMOT,7,0.08645616708103394,0.0315397135783326
FEDERALBNK,7,0.18046284992137157,0.0221446427991783
GAIL,7,0.10820184752152473,-0.0575975935960474
GLENMARK,7,0.089007340631995,0.0647398361306909
GMRAIRPORT,7,0.08877493926424089,-0.0089911962385064
GODREJCP,7,0.13319011733228187,0.0248304783065996
GODREJPROP,7,0.07928660262736698,-0.0263451008720458
GRASIM,7,0.06603387595962378,-0.0054314221297545
HAL,7,0.19022680138772266,-0.009771997061301
HAVELLS,7,0.06834448506702913,-0.0198438280104069
HCLTECH,7,0.10421470478728351,0.0132065679481535
HDFCAMC,7,0.1324694529454356,-0.0441997000644583
HDFCBANK,7,0.12951904690416804,0.0060784611766604
HDFCLIFE,7,0.10044431535552312,-0.0195857176824919
HEROMOTOCO,7,0.11177679806264798,-0.0146868203492717
HINDALCO,7,0.26917022565334153,0.0089779668881173
HINDPETRO,7,0.1535063824706215,0.0049580602194607
HINDUNILVR,7,0.16000950387080926,-0.0446947238630125
ICICIBANK,7,0.07537483869753664,0.005310320273987
ICICIGI,7,0.08724712278861853,-0.0440035495727523
ICICIPRULI,7,0.07775286175740372,0.0374791465422907
IDEA,7,0.1754948088680699,-0.0126147737612704
IDFCFIRSTB,7,0.1383576938107749,-0.0101159140289488
IEX,7,0.12827373119037547,-0.0052774750068967
INDHOTEL,7,0.17237599177475776,0.1356124659041928
INDIGO,7,0.13371290803800295,-0.006081816264421
INDUSINDBK,7,0.16765480792374174,-0.0315121734350813
INDUSTOWER,7,0.18051159970134495,-0.0793413944088208
INFY,7,0.10387072225809091,0.0229437348862184
IOC,7,0.15554500445800395,-0.014593951749915
ITC,7,0.1708239065278449,0.0602318651933286
JINDALSTEL,7,0.16881550543583526,0.0348482395923825
JSWSTEEL,7,0.12158073365447684,-0.0438424236612494
JUBLFOOD,7,0.11843609515140802,-0.1049269366247239
KOTAKBANK,7,0.07546780958359606,-0.003837062385597
LAURUSLABS,7,0.20770944645741068,-0.0348144633393088
LICHSGFIN,7,0.1334870374058825,-0.0476579334433218
LT,7,0.1198369576063074,-0.0231233923397847
LTF,7,0.1537216643936672,0.0300049133096267
LTM,7,0.12236632900585644,0.0223402289293082
LUPIN,7,0.13012711544705455,-0.0173896673757526
M&M,7,0.15829527051866804,-0.0146560409878291
MANAPPURAM,7,0.14206342458484522,0.0216288147278699
MARICO,7,0.08357104726173216,-0.0009205595683341
MARUTI,7,0.07781244607669034,0.040583896897985
MFSL,7,0.14359780487679671,-0.1020013713457496
MOTHERSON,7,0.19657196520547895,0.0092421695483628
MPHASIS,7,0.11028082482598375,-0.0080191623412863
MUTHOOTFIN,7,0.11438520156274047,-0.0145904934559395
NATIONALUM,7,0.13639379963179699,0.0075871092682898
NAUKRI,7,0.12714512854171192,-0.0847746478965606
NMDC,7,0.11367483300433029,-0.0042373685771039
NTPC,7,0.08578447060197693,0.0313663828294585
OBEROIRLTY,7,0.0677610394413513,0.0286475670506156
OFSS,7,0.13322653760772268,0.0004714247801503
ONGC,7,0.10582006342648548,0.0055096308358841
PERSISTENT,7,0.15777122123368137,0.0717406290681825
PETRONET,7,0.11647211118971067,0.0206506629976017
PFC,7,0.13760843691588667,-0.0115073525646735
PIDILITIND,7,0.09186030147278004,-0.0365398997698375
PIIND,7,0.13550450505500092,-0.002966219812688
PNB,7,0.20198755782111832,0.0002407894196855
POLYCAB,7,0.11484636492251366,0.016749232100169
POWERGRID,7,0.11651885784014464,-0.0115554585680287
RBLBANK,7,0.1673583700307201,-0.029054788455329
RECLTD,7,0.17970911738294343,0.0125706806037152
RELIANCE,7,0.0746834457478139,-0.0180197844785138
SAIL,7,0.19020463255989487,-0.0133679942290737
SBICARD,7,0.09744038043516151,-0.0494711481220266
SBILIFE,7,0.17222318731238243,-0.0380456681690462
SBIN,7,0.26936241350659934,0.0341139272869173
SHREECEM,7,0.12016372178804398,-0.0379717121586603
SHRIRAMFIN,7,0.107486844330198,0.044980605214927
SIEMENS,7,0.15143042602516943,0.0315713303856043
SRF,7,0.06717905268454849,0.0252501404117848
SUNPHARMA,7,0.1729832458725738,-0.0273460613294723
TATACONSUM,7,0.0626085313775425,-0.0037489209683461
TATAPOWER,7,0.17697233443099047,0.0131692400289729
TATASTEEL,7,0.1412169629478022,-0.0718472310679492
TCS,7,0.06981979408491906,-0.0064179388675078
TECHM,7,0.1642775238465024,-0.034565838587104
TITAN,7,0.10692013025445236,0.0378955896915889
TMPV,7,0.1206056485711699,0.0896822057705839
TORNTPHARM,7,0.13146501661489363,-0.0381420618222535
TRENT,7,0.11912936727126003,0.0907328054066369
TVSMOTOR,7,0.14574182307510655,0.069293517504009
ULTRACEMCO,7,0.13941929523208643,-0.0563444389832797
UNITDSPR,7,0.125820036860821,-0.0652195764781508
UPL,7,0.09486099673869926,-0.0031003475600756
VEDL,7,0.10732048228088313,-0.0235133378815103
VOLTAS,7,0.14023446186719674,0.0422045306508002
WIPRO,7,0.1320131130128282,0.0120614243875447
ZYDUSLIFE,7,0.15906973667313573,0.0798625605426184
ABB,8,0.1451786795241101,0.0659284511583484
ABCAPITAL,8,0.15343841766721208,-0.0449366511468712
ADANIENT,8,0.2311867296355559,0.0019101122771213
ADANIPORTS,8,0.15467376619549855,0.0165133646247349
ALKEM,8,0.10998082566863028,-0.0394081084903241
AMBUJACEM,8,0.08585757000466404,-0.012748408544379
APOLLOHOSP,8,0.13184558627880139,0.0026844806662394
ASHOKLEY,8,0.13172670961225544,-0.0280460894121212
ASIANPAINT,8,0.06736194973255077,0.0317568578276483
ASTRAL,8,0.08494040989321572,0.0879456650205119
AUBANK,8,0.20206641396272773,-0.0340997714956885
AUROPHARMA,8,0.149258231733524,0.0750418241732194
AXISBANK,8,0.07772982411990703,-0.0207325843525856
BAJAJ-AUTO,8,0.13501304844023138,-0.002092224082606
BAJAJFINSV,8,0.07984304850801163,0.0067738647102941
BAJFINANCE,8,0.10590983207344509,0.044464596324131
BANDHANBNK,8,0.10510180764115976,-0.0046617661618131
BANKBARODA,8,0.1468355148912822,0.039728234749412
BEL,8,0.06862974192457709,0.0017344705253014
BHARATFORG,8,0.0880770762269523,-0.0078398145353729
BHARTIARTL,8,0.08151369129111175,0.0004933317063591
BHEL,8,0.13387018901945605,0.0390287540374622
BIOCON,8,0.08826141279297987,0.0052028418268698
BOSCHLTD,8,0.1353161140799055,0.0084174233450046
BPCL,8,0.1316252056611994,0.016326583175707
BRITANNIA,8,0.15649712583861147,0.0157674916937361
CANBK,8,0.1506868514371694,-0.066206430041785
CHOLAFIN,8,0.17825253908921693,0.0894720871267005
CIPLA,8,0.05196231915343107,-0.0229921910204222
COALINDIA,8,0.07604935402073033,-0.0043453993387176
COFORGE,8,0.18673052557712805,0.0636611302165113
COLPAL,8,0.1015992726575502,0.0426449076569452
CONCOR,8,0.0656416081912497,-0.0264187980567592
CROMPTON,8,0.21391911453260573,0.0224025453463855
CUMMINSIND,8,0.09823138337009936,-0.0077928175373788
DABUR,8,0.04486833367921019,-0.0591269877782755
DIVISLAB,8,0.12310363151696066,0.0732978071743413
DIXON,8,0.12956694194944884,0.1511408159676783
DLF,8,0.10766343718738097,0.0778007795394988
DRREDDY,8,0.08393965507608353,-0.0769277513580954
EICHERMOT,8,0.09867499735183038,0.0718672376030886
FEDERALBNK,8,0.16471470516435943,-0.0641817645745109
GAIL,8,0.13472437551670174,-0.062476656463425
GLENMARK,8,0.1709329270198266,-0.0036762510494624
GMRAIRPORT,8,0.09426903605942397,-0.0903782681004802
GODREJCP,8,0.10911087448905801,0.0409240462589675
GODREJPROP,8,0.1362211689802979,0.0082319401409119
GRASIM,8,0.06599753742028265,0.0077255296303841
HAL,8,0.09944196228998607,0.0238828151501105
HAVELLS,8,0.06528781227129986,0.0209938067941465
HCLTECH,8,0.08161145560899347,-0.0137596965179003
HDFCAMC,8,0.1185662998123788,-0.0160542971239552
HDFCBANK,8,0.09791322521551889,-0.0149932368499507
HDFCLIFE,8,0.16835536904175322,-0.0548815456738911
HEROMOTOCO,8,0.08263286701664628,0.0204638743368454
HINDALCO,8,0.12562583402787342,-0.0084220380537564
HINDPETRO,8,0.09248491400718564,0.0138619674410509
HINDUNILVR,8,0.07720048031147991,-0.0132153853021842
ICICIBANK,8,0.11117198740359158,0.0213989025958646
ICICIGI,8,0.05907105846862411,-0.0091672894496234
ICICIPRULI,8,0.15719870000088781,-0.0123469546894021
IDEA,8,0.14053636285047733,0.0143371017471736
IDFCFIRSTB,8,0.1308630255018519,0.0773963710711838
IEX,8,0.08613894832404738,-0.0054211680387823
INDHOTEL,8,0.12708428183064988,0.0007640413619339
INDIGO,8,0.128147269748597,-0.0060884429284971
INDUSINDBK,8,0.14869896059760326,-0.0036786577188335
INDUSTOWER,8,0.19157060826117683,0.0430472329150914
INFY,8,0.06662444855696256,-0.1058498631943942
IOC,8,0.1070712633873085,0.0473557684413186
ITC,8,0.13830642754763284,-0.009508306497599
JINDALSTEL,8,0.10616648325518079,-0.0744081540569288
JSWSTEEL,8,0.07300505731250889,0.0137063725084333
JUBLFOOD,8,0.07500816620800203,0.0125419644399621
KOTAKBANK,8,0.09429593193246526,0.0118111642842583
LAURUSLABS,8,0.21093425589438297,0.0419727338775346
LICHSGFIN,8,0.0850389418974119,-0.0093826418934404
LT,8,0.09230393752906658,-0.0521103494951157
LTF,8,0.131835563044472,0.0237224742936454
LTM,8,0.19462720473024725,0.055175160846179
LUPIN,8,0.14317534397942863,0.0640201486296758
M&M,8,0.09471141697072216,0.0424955808943769
MANAPPURAM,8,0.1904084295150616,-0.0370586274850514
MARICO,8,0.08477980507698701,0.0573736388922673
MARUTI,8,0.08817276202059343,0.0090495647934201
MFSL,8,0.08984388314439995,0.0131661518447806
MOTHERSON,8,0.11370338984944528,-0.0122653248081188
MPHASIS,8,0.14127976263215453,0.0308183031748496
MUTHOOTFIN,8,0.08855656123525645,0.0651471549795204
NATIONALUM,8,0.08407268501851402,-0.0135064830714315
NAUKRI,8,0.1927330625620112,0.084214296671373
NMDC,8,0.06558611979882235,-0.0051730456766921
NTPC,8,0.11178417911967227,-0.0107772040949435
OBEROIRLTY,8,0.0692030193121496,-0.0250248803876946
OFSS,8,0.1385732062205934,0.0241414152481576
ONGC,8,0.06825288020440938,-0.0440656098537523
PAGEIND,8,0.054211107749412825,-0.1041466311503417
PERSISTENT,8,0.17892531821571603,0.0394995294797666
PETRONET,8,0.1055938630383707,-0.0426687988042756
PFC,8,0.15810390927376075,0.0610080766592697
PIDILITIND,8,0.06122802874311754,0.0027520759396979
PIIND,8,0.16552775836004174,-0.0233722681880172
PNB,8,0.14757875831218073,0.0256664276810063
POLYCAB,8,0.12446850769974936,0.0533226579211849
POWERGRID,8,0.10410562896587143,-0.0186845952575286
RBLBANK,8,0.12781995858825412,-0.0275073448488644
RECLTD,8,0.19139840713720954,-0.0507909937923458
RELIANCE,8,0.07274501826371664,0.0025590884257969
SAIL,8,0.08014508911670803,-0.0060646649900165
SBICARD,8,0.07213159858750663,0.0076288616834218
SBILIFE,8,0.08769242386032011,0.0281604893678935
SBIN,8,0.13875282767661068,-0.0189834228942723
SHREECEM,8,0.06469123986475891,0.0322950799504284
SHRIRAMFIN,8,0.14161336965893703,-0.070893783265281
SIEMENS,8,0.14251818320694662,0.0605966603432552
SRF,8,0.08639564433995525,0.0164618910562556
SUNPHARMA,8,0.10295650768389217,0.0173448858543785
TATACONSUM,8,0.05671848225198481,0.0651751687929607
TATAPOWER,8,0.06253709776471622,-0.0077441719063466
TATASTEEL,8,0.0826462189211015,0.0191164368777591
TCS,8,0.04258065874594751,-0.0228211198863066
TECHM,8,0.16084848125682555,0.0266588035728885
TITAN,8,0.06916027885709898,0.0108090083283799
TMPV,8,0.18892455574675615,0.0415031917646582
TORNTPHARM,8,0.1268664794662482,0.079150562007735
TRENT,8,0.14386984876387882,-0.009765800005291
TVSMOTOR,8,0.1557904711271461,0.0488547192927533
ULTRACEMCO,8,0.07216372901277013,9.179528568059592e-05
UNITDSPR,8,0.07381574652024649,0.0183735197050648
UPL,8,0.050249164716917136,-0.0513462643334601
VEDL,8,0.07382630455459442,-0.0306747810081835
VOLTAS,8,0.06916231298022339,-0.0462672686878189
WIPRO,8,0.08422657097158055,0.0249832275485973
ZYDUSLIFE,8,0.11219298883488334,-0.0417662913432017
ABB,9,0.16357023523666966,-0.0367085813801436
ABCAPITAL,9,0.14524701642222096,-0.0132376132089091
ADANIENT,9,0.12817026948342394,0.024462197189352
ADANIPORTS,9,0.12159263231100345,0.0205329641385723
ALKEM,9,0.18637144789039561,-0.0743193117881925
AMBUJACEM,9,0.12184843686527845,0.0246419875626988
APOLLOHOSP,9,0.13712747984715443,-0.0325218910866538
ASHOKLEY,9,0.12279595893816396,0.0527364484994308
ASIANPAINT,9,0.09605451042310069,-0.041104642758875
ASTRAL,9,0.16554209638049644,0.0061565064284732
AUBANK,9,0.14902656677501774,-0.0538458781293151
AUROPHARMA,9,0.2606801322567259,0.000125258336187
AXISBANK,9,0.09713834692670503,-0.0117082741483152
BAJAJ-AUTO,9,0.13275305099504103,0.0016348447355982
BAJAJFINSV,9,0.13668767647423125,-0.0392969928593205
BAJFINANCE,9,0.21751305288541484,-0.0395576875607824
BANDHANBNK,9,0.15273906804008877,-0.0279397728667715
BANKBARODA,9,0.1735913794757653,0.0084963830651707
BEL,9,0.1238105243423896,0.0244459560006979
BHARATFORG,9,0.12038697595040893,0.0453459035350303
BHARTIARTL,9,0.09463315432218758,-0.0018930626876534
BHEL,9,0.21693210572655905,-0.0396263131615716
BIOCON,9,0.20161805888691098,-0.0632730654185963
BOSCHLTD,9,0.08366119269070095,0.0057939230342507
BPCL,9,0.07347409353284175,-0.0265478847879195
BRITANNIA,9,0.09705162525654097,-0.031192258360597
CANBK,9,0.20911576699868561,-0.0210222632084969
CHOLAFIN,9,0.1870321888358206,-0.0337591461696776
CIPLA,9,0.10164503615077307,0.1149156267776165
COALINDIA,9,0.09417926199684386,0.0045310439903676
COFORGE,9,0.2351547273678242,-0.0668634248749487
COLPAL,9,0.1445945097028765,0.0602028189353538
CONCOR,9,0.07101162432963566,-0.046577036387237
CROMPTON,9,0.12765920183721152,-0.0696798913456723
CUMMINSIND,9,0.15678799701200902,-0.0692734997756893
DABUR,9,0.1100402074152163,0.0022039658799607
DIVISLAB,9,0.21312269179416327,-0.0086896240743955
DIXON,9,0.10086872515668185,-0.0205084381000612
DLF,9,0.1224651055799678,-0.0143158063511055
DRREDDY,9,0.1642042254584489,0.0212376853317179
EICHERMOT,9,0.09707638057267415,-0.0162160730446964
FEDERALBNK,9,0.09456970368758759,-0.0413031341479988
GAIL,9,0.13274815549692304,0.0318310997064432
GLENMARK,9,0.2168072442447263,-0.0377492930744777
GMRAIRPORT,9,0.1711653799154437,-0.0089602440009146
GODREJCP,9,0.104358530419398,-0.0046874513951111
GODREJPROP,9,0.21857284885965822,-0.0991917460192788
GRASIM,9,0.06249306047056501,-0.0091687386224392
HAL,9,0.11772383688331452,0.0144773285746983
HAVELLS,9,0.09067666750778854,-0.0227444828703993
HCLTECH,9,0.11794036477300798,-0.0140146186084415
HDFCAMC,9,0.23521036352670316,0.0028373146978699
HDFCBANK,9,0.04470317346896202,0.0221561140192291
HDFCLIFE,9,0.11662320262524206,-0.0087280303685958
HEROMOTOCO,9,0.14229079978703985,-0.0225442516774767
HINDALCO,9,0.11137149715672011,0.0265658017305884
HINDPETRO,9,0.1348949991581366,-0.0428470802466824
HINDUNILVR,9,0.07673945065097966,-0.0290429746470335
ICICIBANK,9,0.15861252670198708,-0.0008870837180731
ICICIGI,9,0.11234249243393611,-0.0066803137575806
ICICIPRULI,9,0.13109407977345047,-0.0490255837349714
IDEA,9,0.13036864782802335,-0.0310175600030673
IDFCFIRSTB,9,0.19581202426268926,0.0705811953673081
IEX,9,0.1191555718221403,-0.005575437907583
INDHOTEL,9,0.14800756934513914,-0.0010223678933837
INDIGO,9,0.13591834932574984,-0.0564856630271329
INDUSINDBK,9,0.10264275751567258,0.0306994762874625
INDUSTOWER,9,0.1081985578700646,0.0144308261231484
INFY,9,0.15778896650377325,-0.0987626832931554
IOC,9,0.08212464068941734,-0.0597638513678421
ITC,9,0.10933836981125221,-0.0033005667887944
JINDALSTEL,9,0.16086886831180874,-0.0230132282119863
JSWSTEEL,9,0.11755839729394267,-0.0204724034107911
JUBLFOOD,9,0.09804863019711728,0.0025185029616845
KOTAKBANK,9,0.13141687775360672,-0.041694194998579
LAURUSLABS,9,0.12413778468957734,-0.0262521261586374
LICHSGFIN,9,0.1489796177313422,0.0249065058980035
LT,9,0.14908002193320924,0.0236513527550865
LTF,9,0.15162782133874758,-0.0074312371074537
LTM,9,0.19097662623817085,0.0229909443050386
LUPIN,9,0.23145769214616496,0.0751194683046168
M&M,9,0.15399123815329901,0.0285654016736455
MANAPPURAM,9,0.18450084335828426,0.0258593383668651
MARICO,9,0.09323551332422361,0.052690974970756
MARUTI,9,0.12209793198070366,-0.0035723134593872
MFSL,9,0.07175911969603821,0.0893408547668326
MOTHERSON,9,0.1009563433814637,-0.0039724265319603
MPHASIS,9,0.2258428641740701,0.0950015319286921
MUTHOOTFIN,9,0.15827493670628834,-0.0594498253763353
NATIONALUM,9,0.2083850475394017,-0.0651763813458772
NAUKRI,9,0.23892141526856997,-0.0843882963596774
NMDC,9,0.059123276364458716,0.0532771427137779
NTPC,9,0.14548394914678295,0.110765917447245
OBEROIRLTY,9,0.17491690469691712,-0.0051115149034234
OFSS,9,0.12434712118072291,-0.0159828877474695
ONGC,9,0.13297766605701936,0.006290838601153
PAGEIND,9,0.0687099581935136,0.0434017911833541
PERSISTENT,9,0.22143802946434518,-0.0456336758334537
PETRONET,9,0.06251743881902208,0.0376457242582897
PFC,9,0.25820155873365347,-0.0223429052176118
PIDILITIND,9,0.06247142140007469,-0.0300280592546211
PIIND,9,0.1445692476235311,0.0261056316446786
PNB,9,0.1625015866352711,0.0059416702463389
POLYCAB,9,0.2420579076105415,0.1087130989762847
POWERGRID,9,0.09648024536319257,0.0067576624328026
RBLBANK,9,0.1866996683962915,0.0165386700803236
RECLTD,9,0.2669444508865655,0.0879205419250273
SAIL,9,0.09158577608525363,-0.016133898757072
SBICARD,9,0.11729425631986383,-0.018125705086916
SBILIFE,9,0.09346006915808605,0.0018128509229028
SBIN,9,0.14002697425513883,-0.0518313278450044
SHREECEM,9,0.09304082646469779,0.0274874291795419
SHRIRAMFIN,9,0.14255915127573848,-0.0030860323603552
SIEMENS,9,0.13623097400333872,-0.0113952500433113
SRF,9,0.07454215485927083,-0.0350119544260588
SUNPHARMA,9,0.20917697147070186,-0.0039029858222421
TATACONSUM,9,0.09356969200013861,-0.0148173127511823
TATAPOWER,9,0.15928463073007607,0.0185789613101343
TATASTEEL,9,0.06428984443764346,0.0200408382666563
TCS,9,0.05636829349995453,0.0210577289370036
TECHM,9,0.181544431663603,-0.0539810785510341
TITAN,9,0.13049203229151055,-0.0341691515020168
TMPV,9,0.14170560500611318,0.0243834040760835
TORNTPHARM,9,0.1941604731602215,0.0226452429937173
TRENT,9,0.14871239127635213,0.1175961835531169
TVSMOTOR,9,0.15169912708012173,0.0305020621119547
ULTRACEMCO,9,0.08640875710540254,-0.0129769113534218
UNITDSPR,9,0.1792575035067132,0.0809506124138814
UPL,9,0.059656517145968896,-0.0016719108870046
VEDL,9,0.05502787064611639,-0.044086637037333
VOLTAS,9,0.130825305810077,-0.0285524937462684
WIPRO,9,0.05875153284047257,0.0330057584297209
ZYDUSLIFE,9,0.2118641509379735,-0.0303684505203548
ABB,10,0.1321628458415948,0.0075162090092272
ABCAPITAL,10,0.11803208508485541,0.0054695658074043
ADANIENT,10,0.13829548664067137,-0.0280428832186061
ADANIPORTS,10,0.07371795840992787,0.0142275343860051
ALKEM,10,0.08272637047474846,0.1081020412168787
AMBUJACEM,10,0.07217988842388864,-0.0039202720919591
APOLLOHOSP,10,0.21959437285176592,0.0278722227536707
ASHOKLEY,10,0.08396094965259593,0.0302471071507312
ASIANPAINT,10,0.07521790490476256,-0.0382200749364372
ASTRAL,10,0.17219746736174307,-0.0537158210366237
AUBANK,10,0.1735190293974832,-0.0250940619866116
AUROPHARMA,10,0.16252238885576425,0.0832827190305318
AXISBANK,10,0.06451441280469346,-0.0081753335504465
BAJAJ-AUTO,10,0.13364779853372652,0.0791602908700628
BAJAJFINSV,10,0.13533291546663218,-0.0312087574630286
BAJFINANCE,10,0.13586975309956742,-0.0228315910553386
BANDHANBNK,10,0.1121167049859408,-0.062289658071204
BANKBARODA,10,0.13606556748300272,-0.0429650339507761
BEL,10,0.14262120426139077,0.0339603665224266
BHARATFORG,10,0.09340634933627168,0.0230126328331198
BHARTIARTL,10,0.11426376017174626,-0.001094646022429
BHEL,10,0.16662894831995934,-0.0327734070748583
BIOCON,10,0.11102776737268627,0.0349649271356893
BOSCHLTD,10,0.11860648864540084,-0.0093864230678114
BPCL,10,0.09575384252998634,0.0209667481323343
BRITANNIA,10,0.057651986066419775,0.0150884584525756
CANBK,10,0.1953252356448629,0.0704589185364903
CHOLAFIN,10,0.15429344168154413,-0.0015988068539605
CIPLA,10,0.12580659159784102,0.0309814695906013
COALINDIA,10,0.10381521921934155,0.0448866005871244
COFORGE,10,0.11436988795273166,-0.0119915349110542
COLPAL,10,0.1687115593049991,0.0027271923197871
CONCOR,10,0.06605090718159758,0.0376963022792874
CROMPTON,10,0.07788575790276958,0.0234509559241963
CUMMINSIND,10,0.07600471657824313,0.0326263294878124
DABUR,10,0.07422473493324974,0.0130252925187297
DIVISLAB,10,0.08619865167028402,0.041436164692163
DIXON,10,0.1318542970566158,-0.0077947569464873
DLF,10,0.18783710611612434,0.0769720480574351
DRREDDY,10,0.08187537939949907,-0.0308386378379628
EICHERMOT,10,0.12453212129954322,0.0081968420986524
FEDERALBNK,10,0.09426878924222766,-0.0060293930229806
GAIL,10,0.19883823397640954,-0.0053544048959991
GLENMARK,10,0.1326704662256458,-0.0296086850146829
GMRAIRPORT,10,0.30260659855782945,0.0206724236635205
GODREJCP,10,0.08648885444557385,0.0135420237954524
GODREJPROP,10,0.15793836438634504,0.0737268964628958
GRASIM,10,0.085074662494738,0.0005600881583461
HAL,10,0.1946764516682203,0.01427573493062
HAVELLS,10,0.09306898757198573,-0.0660844018310178
HCLTECH,10,0.05504847159919584,-0.0041088428388339
HDFCAMC,10,0.14490558002989273,0.0334865492775515
HDFCBANK,10,0.029277567392321298,-0.0055185306369024
HDFCLIFE,10,0.035009967465764555,0.0137058500740223
HEROMOTOCO,10,0.12313664175282112,-0.0187934962306667
HINDALCO,10,0.09960109855305438,-0.0114891502796171
HINDPETRO,10,0.10359123119330516,0.0900187747091323
HINDUNILVR,10,0.07745878232946796,-0.0239296385375503
ICICIBANK,10,0.08320290361634006,-0.0211011345089425
ICICIGI,10,0.07044028776284075,0.0254023404853896
ICICIPRULI,10,0.11894692288733495,-0.0026368719995463
IDEA,10,0.19412389507900052,-0.0043955215809822
IDFCFIRSTB,10,0.2783063540376227,-0.0261811008843403
IEX,10,0.09483474954259447,0.0139723203113496
INDHOTEL,10,0.213081488755411,-0.0183737023364749
INDIGO,10,0.11011599291194733,0.057121434676207
INDUSINDBK,10,0.10350877063983237,0.0030329603688808
INDUSTOWER,10,0.12856056739661886,-0.0776914805577072
INFY,10,0.05082829985737085,-0.0432795862907258
IOC,10,0.08001984752094052,0.0626234407634811
ITC,10,0.06973024241515202,-0.0336022053384724
JINDALSTEL,10,0.11834382457275686,-0.0926086156593813
JSWSTEEL,10,0.05730882521229153,-0.0457733469621242
JUBLFOOD,10,0.10977437399444998,-0.0395466882777976
KOTAKBANK,10,0.05939997275741349,-0.0056805647034822
LAURUSLABS,10,0.08929394691724214,-0.0913091187926267
LICHSGFIN,10,0.09120228097664734,-0.0043085101806418
LT,10,0.1342380227490545,-0.0021743418952675
LTF,10,0.1959412950957207,-0.0329555859265403
LTM,10,0.10344977380667894,0.057405235022183
LUPIN,10,0.18054083907158255,0.0045747521099526
M&M,10,0.04462087509229586,0.0268673350395145
MARICO,10,0.13995550152377226,-0.0012164966660506
MARUTI,10,0.09993248888933491,-0.0178892905344448
MFSL,10,0.19871169879616782,-0.0228955000032343
MOTHERSON,10,0.08903024072099015,-0.0386845183765965
MPHASIS,10,0.15769475210387887,-0.0601909877268386
MUTHOOTFIN,10,0.11586389397079962,-0.0478183954348719
NATIONALUM,10,0.05948334826253717,-0.0251404125506617
NAUKRI,10,0.0895317297905883,0.0591997702702633
NESTLEIND,10,0.18915815312620698,-0.0030682906325076
NMDC,10,0.2014413134751008,-0.0195725584665041
NTPC,10,0.12151067888371145,0.0180304479108376
OBEROIRLTY,10,0.11855868457348716,0.0355235850716604
ONGC,10,0.14385951010435544,0.007379676507052
PAGEIND,10,0.07681265659671341,0.0298081975891154
PERSISTENT,10,0.17548886849571194,0.0154728480031469
PETRONET,10,0.15117640736904892,-0.0880069200191157
PFC,10,0.24646869895757934,0.0628937521390131
PIDILITIND,10,0.14349824167004405,0.0098751259073559
PIIND,10,0.11734462724610713,0.0470829036050473
PNB,10,0.20253452640018105,0.0501264404420073
POLYCAB,10,0.19231174126717654,-0.0226955689066217
POWERGRID,10,0.06635312129803642,0.0128226909418927
RBLBANK,10,0.1351486995238443,-0.0838714114026246
RECLTD,10,0.21355020335790115,0.0856478895926304
RELIANCE,10,0.07529658240116906,0.0243332800478606
SAIL,10,0.052984253973268676,0.0407533843422869
SBICARD,10,0.10062129481130207,-0.0340576674984143
SBILIFE,10,0.14812392720346634,0.0093090623524869
SBIN,10,0.08498640487897653,0.0134043181585998
SHREECEM,10,0.09724422386080352,0.0122965465141104
SHRIRAMFIN,10,0.14655209637152825,0.032369826446652
SRF,10,0.12880868463857198,0.0180897543253234
SUNPHARMA,10,0.08393630256744633,0.0164181230400537
TATACONSUM,10,0.10967771848188676,0.0134701846904874
TATAPOWER,10,0.11748211753853807,-0.0056419506668777
TATASTEEL,10,0.06222481200406156,-0.008597882044246
TCS,10,0.11069074071687866,-0.0264901040876806
TECHM,10,0.0637965617219857,-0.0479144966836638
TITAN,10,0.0732414656673673,0.0293815111287643
TMPV,10,0.11275974686089685,0.0297905348626634
TORNTPHARM,10,0.11199237711374234,0.002003232205041
TRENT,10,0.19937167607278472,0.1140481515015856
TVSMOTOR,10,0.1942789860661065,0.0088761385625385
ULTRACEMCO,10,0.07349391577003814,0.0194890208165862
UNITDSPR,10,0.1575164883847654,0.0248730421038453
UPL,10,0.24550755918963796,-0.0366437721134997
VEDL,10,0.08314238356027111,0.0371625128185411
VOLTAS,10,0.07776736936288953,-0.0382528851925503
WIPRO,10,0.06667888957123705,-0.0364955687309004
ZYDUSLIFE,10,0.07116646766385346,0.0679977054993175
ABB,11,0.10676962263346339,0.1018522262907781
ABCAPITAL,11,0.16308658522230834,0.0718033937437185
ADANIENT,11,0.24715863485309092,0.0213792956197769
ADANIPORTS,11,0.17433120302970953,0.0613220850743732
ALKEM,11,0.16304486859305833,0.0053874523863151
AMBUJACEM,11,0.2276890475390925,-0.0156646456053052
APOLLOHOSP,11,0.16788657429232884,0.038581338056166
ASHOKLEY,11,0.11132325211203728,0.0297759102079389
ASIANPAINT,11,0.08467318074808071,-0.0337315384081908
ASTRAL,11,0.14731964352583343,0.017744986238768
AUBANK,11,0.21368630068002795,-0.1260550892771587
AUROPHARMA,11,0.22933473536180313,0.0236080107955767
AXISBANK,11,0.1021036599704794,-0.0519711278454793
BAJAJ-AUTO,11,0.1250245647391671,0.0699154890634035
BAJAJFINSV,11,0.09306897156551651,-0.0010687880069287
BAJFINANCE,11,0.11902520929716606,-0.0328055582429006
BANDHANBNK,11,0.09436836300214861,-0.0718311302294483
BANKBARODA,11,0.17490201686768095,0.0901302082071446
BEL,11,0.17016803092411054,-0.0070114493723294
BHARATFORG,11,0.15797718064704738,-0.1486221881636757
BHARTIARTL,11,0.14899520629151145,-0.0143066594992921
BHEL,11,0.14749411768933574,-0.0111138029227015
BIOCON,11,0.17336942700243552,-0.08661338808506
BOSCHLTD,11,0.2127441289129597,0.0752790149822951
BPCL,11,0.16054727257464646,0.0561508952442444
BRITANNIA,11,0.08825830291263871,-0.0134285707075131
CANBK,11,0.20840808161043578,-0.0235312673441745
CHOLAFIN,11,0.22198807623258812,0.008888015978468
CIPLA,11,0.10492109190238978,0.0675809532311524
COALINDIA,11,0.22861184458555733,-0.0126554137936204
COFORGE,11,0.21283198705941817,-0.0065610024959563
COLPAL,11,0.10267249090438728,0.0125553703015914
CONCOR,11,0.12587042030202197,-0.0506755254524345
CROMPTON,11,0.08903122742370533,-0.0017167684536829
CUMMINSIND,11,0.2185896049524572,0.0983876244283598
DABUR,11,0.0793158075490712,0.0374200919097431
DIVISLAB,11,0.09132616710304353,0.004726379632878
DIXON,11,0.18109964262896486,0.0426255716832142
DLF,11,0.21091476649969063,-0.0225726814659695
DRREDDY,11,0.09931651362563755,0.045485856800653
EICHERMOT,11,0.12140504937252083,0.0157716395181111
FEDERALBNK,11,0.04023407976572289,-0.0343893283259362
GAIL,11,0.15646536679768488,0.0450129847448941
GLENMARK,11,0.19631189903418295,-0.0247251711298935
GMRAIRPORT,11,0.19713921324922412,0.0115344057701974
GODREJCP,11,0.13312069088967676,0.0742887289929568
GODREJPROP,11,0.14634915188079278,-0.0343704882702697
GRASIM,11,0.0743566653563624,0.050405704209514
HAL,11,0.19665726666424332,-0.0559051203350056
HAVELLS,11,0.07263141603243993,-0.0557428615861723
HCLTECH,11,0.15097771358101258,0.0635863236337581
HDFCAMC,11,0.18382591678130888,0.0118792782826462
HDFCBANK,11,0.051052138158038746,-0.0613079225529018
HDFCLIFE,11,0.04282639445681343,-0.0477189007134177
HEROMOTOCO,11,0.2067174473404852,-0.0210598793509945
HINDALCO,11,0.14329307617809525,-0.1558143264023586
HINDPETRO,11,0.20834850430849677,0.0293637738378809
HINDUNILVR,11,0.12273298499861193,-0.0366008075585206
ICICIBANK,11,0.0807677873969041,0.0427099179692433
ICICIGI,11,0.064100765456447,0.0441387522629591
ICICIPRULI,11,0.08431307180599051,-0.0697611364484603
IDEA,11,0.15854851683687923,-0.026890355296297
IDFCFIRSTB,11,0.10202007260171352,-0.0520394294374738
IEX,11,0.322918976749332,0.0295277910658421
INDHOTEL,11,0.2524463006830535,0.0137616464320977
INDIGO,11,0.11466778904704837,0.0693564463565146
INDUSINDBK,11,0.08424406139530792,-0.0648604650109464
INDUSTOWER,11,0.14837074348757537,0.0445900275892631
INFY,11,0.09156284343239614,0.056284504919251
IOC,11,0.24628614681814878,-0.0273372032554944
ITC,11,0.08498173316825802,-0.0561099267176428
JINDALSTEL,11,0.14258137607005397,0.0164021005091113
JSWSTEEL,11,0.055264588437389774,0.0269864914490537
JUBLFOOD,11,0.08999446369869,-0.0213919969216164
KOTAKBANK,11,0.06716722577687491,0.0044600730196274
LAURUSLABS,11,0.12891351584030986,-0.0574547591380774
LICHSGFIN,11,0.1712915625822266,0.0234759230796366
LT,11,0.08643240466041774,-0.03053004299906
LTF,11,0.12346539470568983,-0.0417018581269185
LTM,11,0.18408621161039032,-0.1133598277537761
LUPIN,11,0.2437994945854637,0.0209940548292515
M&M,11,0.07095113024989344,0.063180034701139
MANAPPURAM,11,0.22336711950633117,0.0118800782709189
MARICO,11,0.09223721353432328,-0.0120989161996016
MARUTI,11,0.11381717841279962,0.0639383289313819
MFSL,11,0.13240664611556402,0.0813107650024357
MOTHERSON,11,0.1599859080805441,-0.0352130178394312
MPHASIS,11,0.1620594448110438,-0.0166500081276651
MUTHOOTFIN,11,0.1907743953601542,-0.0053732143318078
NATIONALUM,11,0.1437734103289795,-0.0012486609179962
NAUKRI,11,0.2009231333754116,-0.0705343737314048
NESTLEIND,11,0.07240973691671442,-0.0155983952917277
NMDC,11,0.1859037029270071,0.0728502511594246
NTPC,11,0.12581015392650846,0.0222001235894351
OBEROIRLTY,11,0.1272859347077073,-0.1471277730232218
OFSS,11,0.28036293116682764,0.2910967891089897
ONGC,11,0.1971192445761962,-0.0503656255686147
PAGEIND,11,0.07259156110304535,-0.0012494799322673
PERSISTENT,11,0.22993664472664122,0.0623286234772391
PETRONET,11,0.1613225945052379,0.0280261395322984
PFC,11,0.27517002025433523,-0.0526493252759161
PIDILITIND,11,0.09297650458343391,-0.0341164220496557
PIIND,11,0.11892220879602462,0.0229298062218538
PNB,11,0.24600705212742147,0.0861497351999573
POLYCAB,11,0.29789574634890953,0.0189501382669562
POWERGRID,11,0.19685843269982134,-0.022758590072235
RBLBANK,11,0.1588383985147726,-0.0498319889773201
RECLTD,11,0.350626582543941,0.0390639420869295
RELIANCE,11,0.16737245144085147,-0.0035813448667627
SAIL,11,0.21370338968346264,-0.1603097888397248
SBICARD,11,0.0705429889187715,-0.0176713838822599
SBILIFE,11,0.15490131639794447,0.0316176760780871
SBIN,11,0.11883849355209218,0.0041287576534417
SHREECEM,11,0.1593057180735517,0.0423183904251299
SHRIRAMFIN,11,0.15442679370091666,0.0562546753593025
SIEMENS,11,0.1285910829384049,0.0243972460766359
SRF,11,0.04328093873872944,0.0256122013708914
SUNPHARMA,11,0.18671132883143948,0.0058685558689497
TATACONSUM,11,0.14928872354792147,-0.0108661562783953
TATAPOWER,11,0.18533564623554213,-0.0840855845673795
TATASTEEL,11,0.0882638212055875,-0.0002846333035679
TCS,11,0.06695048138706221,0.0517521506030913
TECHM,11,0.16822615108104597,-0.0444671942510866
TITAN,11,0.11925655990404589,-0.0333329432438076
TMPV,11,0.22090770480604324,0.0485180137672432
TORNTPHARM,11,0.16649799849463928,0.0446256902802641
TRENT,11,0.2928618953684409,0.2562154226522239
TVSMOTOR,11,0.13349820803727044,-0.0352453548646822
ULTRACEMCO,11,0.06374325036476415,0.0146392798395051
UNITDSPR,11,0.15482183024127305,0.0272687892396118
UPL,11,0.07304103369507653,-0.1192128343598908
VEDL,11,0.19031293395079024,0.0611777609119752
VOLTAS,11,0.12242978871324212,0.0870198790146363
WIPRO,11,0.1339136397726461,0.0892100852807359
ZYDUSLIFE,11,0.21685654242489416,0.0810369246600262
ABB,12,0.22939989236712421,0.1118755915708773
ABCAPITAL,12,0.23656112252234085,0.0516999192474604
ADANIENT,12,0.09544001035136686,-0.0287924644570085
ADANIPORTS,12,0.1066967219732881,0.0024805666674382
ALKEM,12,0.3074686589067495,-0.0740480108547381
AMBUJACEM,12,0.0865521567363864,-0.0113226278565959
APOLLOHOSP,12,0.14763316893587322,-0.0107685184405253
ASHOKLEY,12,0.2543448704833077,0.088099917926454
ASIANPAINT,12,0.06260176911746575,-0.0482104533460869
ASTRAL,12,0.257930361681088,-0.0068947635577429
AUBANK,12,0.13831301944280544,0.0023136113377066
AUROPHARMA,12,0.2211041585448308,-0.006502267673966
AXISBANK,12,0.09073282112299541,0.0687694923728372
BAJAJ-AUTO,12,0.12961316679129511,-0.021237521624717
BAJAJFINSV,12,0.09094316630531701,-0.0207619393154391
BAJFINANCE,12,0.17738480920558744,-0.0724075849110021
BANDHANBNK,12,0.08952877628356758,-0.0353962526125105
BANKBARODA,12,0.21963049727511647,-0.0126456047289741
BEL,12,0.19733032164784056,0.1364898847155027
BHARATFORG,12,0.2029535925739934,0.131871190017183
BHARTIARTL,12,0.1895884531571303,0.0069679657149225
BHEL,12,0.14638509508947686,0.0093197863294568
BIOCON,12,0.1781755232610413,-0.016174325374868
BOSCHLTD,12,0.1729112086816811,0.0204682182708427
BPCL,12,0.200302878208318,0.0258478225907082
BRITANNIA,12,0.05243765378739893,0.0602378669487029
CANBK,12,0.2527717905343691,-0.080336358123579
CHOLAFIN,12,0.14220833002321392,0.1092045397333864
CIPLA,12,0.12067297884620548,0.0231568467304423
COALINDIA,12,0.09801558745174369,0.0470408856172913
COFORGE,12,0.17309026600511324,-0.1395677206524834
COLPAL,12,0.18037292174340988,-0.0449080612242248
CONCOR,12,0.193704883077241,0.0579248400384742
CROMPTON,12,0.29119232071367024,0.1735221581485961
CUMMINSIND,12,0.23585015816212412,-0.0543047125866845
DABUR,12,0.037140808134800564,0.0450563981172722
DIVISLAB,12,0.1968579073153378,0.0666720820121435
DIXON,12,0.23578844800078383,0.0001406196611366
DLF,12,0.16588999711916677,0.0027744560698022
DRREDDY,12,0.12217434503018626,-0.0466925627824885
EICHERMOT,12,0.14518525182196315,0.0352676860655698
FEDERALBNK,12,0.1410826764017208,0.0344077641768048
GAIL,12,0.1907847662793748,0.0203316925259312
GLENMARK,12,0.10823670737580761,0.0909189526244143
GMRAIRPORT,12,0.21733337198253466,-0.0820415982484948
GODREJCP,12,0.1065079010753025,0.0714277810394797
GODREJPROP,12,0.20602537294194667,0.0774686609486431
GRASIM,12,0.12165597145481309,0.0080038140007806
HAL,12,0.2522301006796558,0.1115243252264475
HAVELLS,12,0.2103383741988619,0.0167648280003491
HCLTECH,12,0.1141558616917085,-0.0619673142505524
HDFCAMC,12,0.10451567319043452,-0.0217354372970944
HDFCBANK,12,0.030594099373013224,0.0089715312586177
HDFCLIFE,12,0.05419895644607152,-0.0186555455705899
HEROMOTOCO,12,0.08713856446802935,0.0560457792271077
HINDALCO,12,0.2247060051166473,-0.0097340490567219
HINDPETRO,12,0.22811470650970161,-0.0235335633495779
HINDUNILVR,12,0.08556838414006215,-0.0046320022221463
ICICIBANK,12,0.10985890494868839,0.0335046852147603
ICICIGI,12,0.13752388265528867,0.0366286285020746
ICICIPRULI,12,0.15031237389338423,-0.0206444138216586
IDEA,12,0.14485239848670534,4.309904410360055e-05
IDFCFIRSTB,12,0.12175059732597397,-0.0142359569576658
IEX,12,0.1832837407699749,0.0199423392816407
INDHOTEL,12,0.19866730629701107,-0.0120790777424807
INDIGO,12,0.20577957313305137,-0.0131229330051451
INDUSINDBK,12,0.06928008965441748,-0.0185721507324898
INDUSTOWER,12,0.1957565991716757,-0.0009392521458535
INFY,12,0.1946020926454057,0.0129914861968423
IOC,12,0.10928066023941801,0.0125629586432379
ITC,12,0.06931535059711187,0.0033569908739158
JINDALSTEL,12,0.09804536814433855,0.0611180484516278
JSWSTEEL,12,0.1900850629610178,0.0231388755726685
JUBLFOOD,12,0.18079752076898536,0.0121285516599088
KOTAKBANK,12,0.2727592251009254,0.0438646992342652
LAURUSLABS,12,0.20086189436000762,0.0093794546272926
LICHSGFIN,12,0.10862734489852847,0.0446826470894866
LT,12,0.09348594563664518,-0.0536509328198181
LTF,12,0.11953584592632353,-0.0057588811580343
LTM,12,0.18043036142941635,-0.0086711545064482
LUPIN,12,0.13608789502138902,-0.0217529971357077
M&M,12,0.2647331666250911,0.1046690313715044
MANAPPURAM,12,0.17323022732374338,-0.0151376480033479
MARICO,12,0.073043342833307,0.124409841557302
MARUTI,12,0.19035630122747804,-0.0196863622062816
MFSL,12,0.20911331799560012,-0.0186395228936459
MOTHERSON,12,0.2046604085666754,0.0553925660776174
MPHASIS,12,0.21592701172946327,0.0245100233260315
MUTHOOTFIN,12,0.17357488949852484,-0.0354013586443376
NATIONALUM,12,0.18090146821703815,0.0014969740394722
NAUKRI,12,0.1736149745612369,0.0353751071400598
NESTLEIND,12,0.1041940952265509,-0.0066199427323769
NMDC,12,0.2508901025100579,-0.0271101953336154
NTPC,12,0.14743331838041754,-0.0111633502498221
OBEROIRLTY,12,0.13805124536801727,0.0696663605606191
OFSS,12,0.2497310419154476,-0.0531145525898908
ONGC,12,0.08426418890917856,0.0020319221236575
PAGEIND,12,0.07018753338223088,0.0096365577819999
PERSISTENT,12,0.19228475034445175,-0.0803700310724196
PETRONET,12,0.1932366908212643,-0.0164232512574105
PFC,12,0.26721800333479273,-0.0074254910090133
PIDILITIND,12,0.09614002224424478,-0.0466900370908568
PIIND,12,0.13109131191801154,0.0343001367914583
PNB,12,0.27779762582508033,0.0135342104090933
POLYCAB,12,0.21553768471254273,0.0854582598357683
POWERGRID,12,0.16329604355790506,0.0099597548033472
RBLBANK,12,0.1146677220005493,-0.0099920749660642
RECLTD,12,0.25674352299980996,0.2006672745912541
RELIANCE,12,0.0898423468688668,-0.0032936958569957
SAIL,12,0.1753433199163948,0.0138244479836611
SBICARD,12,0.1739931456293348,-0.0336527700438223
SBILIFE,12,0.08226661606498333,-0.0258830909739032
SBIN,12,0.18321388048743817,0.0192102549415148
SHREECEM,12,0.07178044127383827,0.0062684040254247
SHRIRAMFIN,12,0.12693708755625951,0.0126623798271308
SIEMENS,12,0.2770859252831266,-0.0321319237974496
SRF,12,0.12641167086319383,-0.0903880106738339
SUNPHARMA,12,0.11992526917367125,-0.0238774223867619
TATACONSUM,12,0.14718339587395748,-0.0229493574673951
TATAPOWER,12,0.09830221441565255,-0.0748104169970785
TATASTEEL,12,0.13703168767974763,-0.0650979100696217
TCS,12,0.06557907210742331,-0.0011871013110149
TECHM,12,0.09487917992057915,0.0660660880612156
TITAN,12,0.09099675747466186,-0.0872816793048564
TMPV,12,0.13324399230430437,-0.0491752226636751
TORNTPHARM,12,0.14799975205949145,-0.0025503174693426
TRENT,12,0.2642307515514334,0.0201219685936165
TVSMOTOR,12,0.13004092612404955,0.0045865857310946
ULTRACEMCO,12,0.09140219602737513,0.0296812306069471
UNITDSPR,12,0.16924060339399205,-0.0249813507355219
UPL,12,0.09245476516373417,0.095126756862495
VEDL,12,0.2208738728255792,0.0513919879799659
VOLTAS,12,0.21553873040905575,-0.1204556818960469
WIPRO,12,0.1721483177646141,0.0304131169461949
ZYDUSLIFE,12,0.2577063055956391,0.1039881383126331
ABB,13,0.19559172586798299,0.0670954676102519
ABCAPITAL,13,0.12923861057466565,-0.0511491762672634
ADANIENT,13,0.11094460041632996,0.0105749454758082
ADANIPORTS,13,0.1349838490287797,0.0268419057695405
ALKEM,13,0.22762280565555826,0.0368725972441089
AMBUJACEM,13,0.09460091025549477,-0.0232457429700582
APOLLOHOSP,13,0.12973222390002742,-0.0107530386790966
ASHOKLEY,13,0.14033078173518626,0.0722153616258466
ASIANPAINT,13,0.09272093918904231,-0.0034052774255836
ASTRAL,13,0.10268632567582248,-0.0281807804348506
AUBANK,13,0.14189043597531875,-0.0075888372912509
AUROPHARMA,13,0.2644512513996967,0.0184369673880382
AXISBANK,13,0.0978449561451028,-0.0851279900807864
BAJAJ-AUTO,13,0.10661234104053095,0.0208942530076131
BAJAJFINSV,13,0.10393633055098274,-0.036624948823043
BAJFINANCE,13,0.10306796222563706,-0.0475896532168286
BANDHANBNK,13,0.16709040729020017,0.1608119845794686
BANKBARODA,13,0.22447637609567564,-0.0182404765865141
BEL,13,0.2675905706824106,0.0548650016848495
BHARATFORG,13,0.2751060017501638,0.0765511366126099
BHARTIARTL,13,0.15380076851849664,-0.0416948233676558
BHEL,13,0.20888373534401783,-0.0456749178329631
BIOCON,13,0.1798830398448347,0.0082341738474535
BOSCHLTD,13,0.11112177878076977,-0.0434182695692805
BPCL,13,0.1609533071804448,-0.0234935887722642
BRITANNIA,13,0.1386222364640683,-0.0150220734174503
CANBK,13,0.12250323802666382,0.0089938950295656
CHOLAFIN,13,0.16226970603184035,0.0324177307017472
CIPLA,13,0.1244576257019862,0.0343052759751433
COALINDIA,13,0.14627816650007153,0.0543985570172111
COFORGE,13,0.30200974492164984,0.030116991098511
COLPAL,13,0.1523417628097733,0.066967867673771
CONCOR,13,0.13655463014021485,-0.001310733573814
CROMPTON,13,0.1725148994138067,0.0432390168194123
CUMMINSIND,13,0.26370796926162066,0.067523900459586
DABUR,13,0.14660758698022786,-0.0096768215359234
DIVISLAB,13,0.27640612649071344,-0.0178784010122686
DIXON,13,0.29332886201400193,0.072350269318679
DLF,13,0.1660182580308311,0.0251959327915674
DRREDDY,13,0.17591276543250317,-0.0071464722188118
EICHERMOT,13,0.12070174670999706,0.0388315547571846
FEDERALBNK,13,0.14165754915120984,0.0596849873523495
GAIL,13,0.16724736802757267,0.0443286785541714
GLENMARK,13,0.23570203784881993,0.0426508028443881
GMRAIRPORT,13,0.15012205910511445,-0.0208252835960686
GODREJCP,13,0.21386641208962684,0.0017609209983568
GODREJPROP,13,0.1419735070843022,-0.0002225994494933
GRASIM,13,0.10353359181526484,-0.0246377146700503
HAL,13,0.2755553506383526,0.0094236332975922
HAVELLS,13,0.12178261719978972,-0.0659614026270515
HCLTECH,13,0.10662483013851803,0.0392628594097557
HDFCAMC,13,0.12104062520529721,-0.0222724120391671
HDFCBANK,13,0.07336123520325236,0.0025839021523582
HDFCLIFE,13,0.09521399507257991,0.019618560816375
HEROMOTOCO,13,0.1327671133316718,-0.0253839489838989
HINDALCO,13,0.17009212336500948,-0.0021968251471553
HINDPETRO,13,0.25229463874691727,0.0580198574517076
HINDUNILVR,13,0.2062099752344857,-0.0034260907094066
ICICIBANK,13,0.08819705398364217,0.0096396133110457
ICICIGI,13,0.1089856035304598,0.0126558412065406
ICICIPRULI,13,0.0853408423723543,0.079821412271575
IDEA,13,0.18752099044225048,-0.0241865729621286
IDFCFIRSTB,13,0.09106665543599073,0.0184583038730332
IEX,13,0.22200794879601943,0.0271292226627146
INDHOTEL,13,0.11991722185936847,0.0581461137468732
INDIGO,13,0.12378859661481634,0.0146572321520426
INDUSINDBK,13,0.04940654115685609,0.0108304509496931
INDUSTOWER,13,0.28535573911051393,-0.0261420877520209
INFY,13,0.1911440057479334,0.049521292347352
IOC,13,0.15455883469196077,0.028945239316213
ITC,13,0.2215599291937523,-0.0015236579961215
JINDALSTEL,13,0.12603527710617515,-0.0147982746091553
JSWSTEEL,13,0.060054342958429284,-0.049206610406683
JUBLFOOD,13,0.29308430863888363,0.0737928528346849
KOTAKBANK,13,0.08951028198243857,-0.0315227577646929
LAURUSLABS,13,0.22793012284421393,0.0429492043723394
LICHSGFIN,13,0.17178444944564156,-0.1078793447261516
LT,13,0.06318230024645265,-0.0079849990086431
LTF,13,0.17203998814433422,0.0128194930929529
LTM,13,0.17933752501856862,0.0513625483084707
LUPIN,13,0.2694755398974651,0.0178017111674824
M&M,13,0.30888237196299456,-0.0359159391826146
MANAPPURAM,13,0.18806379011314117,-0.0152973868265681
MARICO,13,0.17058064970751421,-0.0687429209255577
MARUTI,13,0.1912605961326045,0.0469313792349044
MFSL,13,0.32354866231139634,-0.0483059251508495
MOTHERSON,13,0.2599443190874055,-0.0159820618444535
MPHASIS,13,0.281483599138135,0.0333940768716782
MUTHOOTFIN,13,0.21970995751454173,-0.0335530131063178
NATIONALUM,13,0.28090808183852684,-0.0154813923017973
NAUKRI,13,0.223081613550207,0.0194100736722868
NESTLEIND,13,0.11748191952033775,-0.0409685197271617
NMDC,13,0.2662201631781808,0.0097346160571613
NTPC,13,0.16054825285086355,0.0376569031294696
OBEROIRLTY,13,0.11163925145685986,0.0108528613623897
OFSS,13,0.30896707397103823,0.025797300343728
ONGC,13,0.18007951554759738,-0.1075988488946513
PAGEIND,13,0.15711072997474806,-0.0202474758799282
PERSISTENT,13,0.369168072951147,-0.0427501275336623
PETRONET,13,0.11443632255641306,0.0703370632226538
PFC,13,0.26647462197389765,-0.0630500721894109
PIDILITIND,13,0.10914429214240169,0.0310854034381831
PIIND,13,0.37601252327725165,0.0338172820475632
PNB,13,0.1310644434338881,0.0659854610877915
POLYCAB,13,0.20812181313307118,-0.0482943588375163
POWERGRID,13,0.10313927216840137,0.0154403315968031
RBLBANK,13,0.11649380842816276,-0.0281718316310903
RECLTD,13,0.3120430257765242,0.0555945274084643
RELIANCE,13,0.09982008073932844,-0.0482835699138656
SAIL,13,0.22064066616621172,-0.0428955399331814
SBICARD,13,0.14789097636415616,-0.048785060486163
SBILIFE,13,0.1863399337786642,0.0459100118820284
SBIN,13,0.07896704273279437,-0.0770398794428761
SHREECEM,13,0.07219690735948918,-0.0826224368770002
SHRIRAMFIN,13,0.10710868823488162,0.0813690779368214
SIEMENS,13,0.2542157144336301,0.0140525561923802
SRF,13,0.10749589516120135,0.0107004715145514
SUNPHARMA,13,0.2087038353686819,0.0176083741519634
TATACONSUM,13,0.18434111779764684,-0.0204833703269354
TATAPOWER,13,0.24380313371247664,-0.0657867936617422
TATASTEEL,13,0.10190894494984662,0.0013173727849133
TCS,13,0.09796907616448301,0.0508927937327569
TECHM,13,0.16189400696131284,0.0318529182508048
TITAN,13,0.22902128247464862,-0.023966491148062
TMPV,13,0.3527336283729261,-0.0567914728384311
TORNTPHARM,13,0.15929231887422346,0.0665600894119993
TRENT,13,0.33000196981303576,0.1602595038305645
TVSMOTOR,13,0.23755913104455204,0.0031936894242977
ULTRACEMCO,13,0.1768183732444074,-0.0115131159490869
UNITDSPR,13,0.13109260506352224,0.0644217920192717
UPL,13,0.12421600385820698,-0.0783478640459005
VEDL,13,0.14307716577861054,-0.0022215743642237
VOLTAS,13,0.17077784050176753,0.0967765129850699
WIPRO,13,0.26344916524137013,-0.096040352959127
ZYDUSLIFE,13,0.29673324696041425,-0.0168685943765899
ABB,14,0.2528119770008585,-0.0402070100896947
ABCAPITAL,14,0.23399757643310487,0.0048681153379002
ADANIENT,14,0.3534942446755178,0.0992772963887462
ADANIPORTS,14,0.26380145805724114,0.0576838314198866
ALKEM,14,0.13645205857572487,-0.0173996777569033
AMBUJACEM,14,0.09849557473841371,0.0289570017981319
APOLLOHOSP,14,0.14270976357773743,0.0669424201267707
ASHOKLEY,14,0.16950179887726788,0.0401308542328489
ASIANPAINT,14,0.08496484548582892,-0.1343875145016562
ASTRAL,14,0.09628321589217725,0.0109461956020961
AUBANK,14,0.12213492037886459,-0.0282265849899565
AUROPHARMA,14,0.17839962264390327,-0.0628625942773338
AXISBANK,14,0.08129964545893095,0.0383510719693407
BAJAJ-AUTO,14,0.1312458450489329,-0.1523717237929991
BAJAJFINSV,14,0.1829936690524497,-0.0090530147000051
BAJFINANCE,14,0.07804461495613445,0.0152182881551409
BANDHANBNK,14,0.2254087964304573,0.0208303879968596
BANKBARODA,14,0.19483267015785832,0.0505897219002496
BEL,14,0.2737668421547392,0.0052905129684795
BHARATFORG,14,0.2268141465625627,-0.0414637376666777
BHARTIARTL,14,0.10052368310945017,-0.0247895991163319
BHEL,14,0.2704249995570611,0.0363645672886833
BIOCON,14,0.15844632772927786,-0.0235710683312402
BOSCHLTD,14,0.1596218658915489,-0.0545957364993031
BPCL,14,0.2540201170429596,-0.0386974153028611
BRITANNIA,14,0.11323544879454729,-0.1190437670101827
CANBK,14,0.34459032787041216,0.0950768465376783
CHOLAFIN,14,0.161448494960894,-0.091608811127553
CIPLA,14,0.10010572801866635,-0.047594083292023
COALINDIA,14,0.13579927557614702,-0.0693772780746494
COFORGE,14,0.19249117327478593,0.0543215474162576
COLPAL,14,0.20156730761825903,-0.0788583836788555
CONCOR,14,0.21814289897912473,0.0505828589913923
CROMPTON,14,0.16499012209856445,-0.0344117258524132
CUMMINSIND,14,0.23594919969045058,0.0490531154786013
DABUR,14,0.13915253290520815,-0.0242477847677391
DIVISLAB,14,0.1777326726672543,-0.025208657983305
DIXON,14,0.3411904704041098,-0.0640070239785579
DLF,14,0.2628900237387095,0.0237219410103303
DRREDDY,14,0.13496661722457248,0.0334845307802478
EICHERMOT,14,0.13122113608261735,0.0212101493002694
FEDERALBNK,14,0.22466834015991768,0.0643390296755611
GAIL,14,0.14661557704948597,0.044980523889974
GLENMARK,14,0.33795374735830636,-0.0588406924367845
GMRAIRPORT,14,0.30210230237292407,-0.018422502745132
GODREJCP,14,0.155492236896469,-0.0055996148603979
GODREJPROP,14,0.26829165461913335,-0.0358123216239688
GRASIM,14,0.11621195912370133,-0.0015423939041283
HAL,14,0.31597363440718,-0.0389129686722883
HAVELLS,14,0.10610903869798768,-0.0421381718593653
HCLTECH,14,0.06764824298093665,0.0336243319755873
HDFCAMC,14,0.15343886810113588,0.0835253293980564
HDFCBANK,14,0.05537892252522941,0.024870661044325
HDFCLIFE,14,0.06327607707693912,0.0051317718312036
HEROMOTOCO,14,0.13822541952771508,0.0033844127427166
HINDALCO,14,0.25627981731060523,0.0055133917568809
HINDPETRO,14,0.2800182646495029,-0.0333130577886133
HINDUNILVR,14,0.08842556086495028,-0.0707374931014716
ICICIBANK,14,0.07075200457118486,0.0621112860484762
ICICIGI,14,0.07579486908103172,-0.0248092005390591
ICICIPRULI,14,0.0946609324804343,0.0020210782910387
IDEA,14,0.20653373691498317,-0.0635688285438622
IDFCFIRSTB,14,0.11581538243187552,-0.0055856098648809
IEX,14,0.31589214258745946,0.0093344411308053
INDHOTEL,14,0.2532158166933232,0.0954882606741606
INDIGO,14,0.23084701682002307,-0.1143617503152204
INDUSINDBK,14,0.12652818640312508,-0.1818087403040698
INDUSTOWER,14,0.10101306861423814,-0.073148217711472
INFY,14,0.0779291959464257,-0.0399756746996314
IOC,14,0.2371093853031357,-0.0602825581326879
ITC,14,0.0734076580619522,0.001454659865495
JINDALSTEL,14,0.16669805560226905,0.0419459071946004
JSWSTEEL,14,0.0967212255817617,0.0137430804399454
JUBLFOOD,14,0.1760391225143516,0.0675226892704873
KOTAKBANK,14,0.05428099267876757,-0.0545498061248768
LAURUSLABS,14,0.25638596424473686,0.0386938139649097
LICHSGFIN,14,0.17020129546984383,0.0611551695322823
LT,14,0.0902151266740829,0.0828945620826799
LTF,14,0.12973039807079795,-0.0540638728949515
LTM,14,0.20026193448533955,-0.0079377725264663
LUPIN,14,0.25523641156254817,-0.0356479681527387
M&M,14,0.2760489372903253,0.0262811136241938
MANAPPURAM,14,0.20753272946451862,-0.0150356417610972
MARICO,14,0.16878244872189718,0.0177882104707784
MARUTI,14,0.13910201133105088,-0.0207289793749524
MFSL,14,0.16122430308072516,0.064727319990141
MOTHERSON,14,0.2735333763618475,-0.0944181925050524
MPHASIS,14,0.1729266206732115,0.0567481643897062
MUTHOOTFIN,14,0.13586290042816437,0.0524694891742122
NATIONALUM,14,0.208718684525467,-0.0557677770744362
NAUKRI,14,0.2613221112516923,-0.0043983754826019
NESTLEIND,14,0.07668454935472638,-0.0547484848655587
NMDC,14,0.17392566479600483,-0.0602637980584565
NTPC,14,0.1346883074483097,-0.04066343494986
OBEROIRLTY,14,0.28846752227115213,-0.0147299470435321
OFSS,14,0.2871735706075308,0.0015473550178302
ONGC,14,0.10764523537501638,-0.0344315929535481
PAGEIND,14,0.15043239903052372,0.1037807221303932
PERSISTENT,14,0.30097275828328235,0.044678400254412
PETRONET,14,0.17457040044798838,-0.0241047645679407
PFC,14,0.19376836217016055,0.0330642721614451
PIDILITIND,14,0.0685896356915939,-0.0100298925624064
PIIND,14,0.17568278520477928,-0.0743189633302099
PNB,14,0.23704716816028631,0.0270929811731527
POLYCAB,14,0.2724852392532945,-0.0496067847105525
POWERGRID,14,0.08918156945489633,-0.007778582616004
RBLBANK,14,0.23341783892664977,-0.1787439600867159
RECLTD,14,0.34552369370656094,0.0508396353021673
RELIANCE,14,0.08682876192330122,-0.0196890685051464
SAIL,14,0.19553704051734067,-0.0008050995062023
SBICARD,14,0.12538287185416197,-0.009876390913209
SBILIFE,14,0.08498048633230926,-0.0445195707584752
SBIN,14,0.16635602799087543,-0.0081843305732295
SHREECEM,14,0.08958536021483614,-0.0164524626593345
SHRIRAMFIN,14,0.26256867807378514,0.0217145909815942
SRF,14,0.08335472768838063,-0.0321807104489899
SUNPHARMA,14,0.1285280103923143,0.0126158856175476
TATACONSUM,14,0.06514272761714372,-0.088222200488372
TATAPOWER,14,0.22141025339431417,0.0336185052164235
TATASTEEL,14,0.07682045610816955,0.0276916790824934
TCS,14,0.10407794913061297,-0.0245764968167443
TECHM,14,0.1959567206646953,-0.0013870058183581
TITAN,14,0.08838627506421651,-0.0356776235107656
TMPV,14,0.14036137607548085,-0.0421339844570798
TORNTPHARM,14,0.2660878528328811,0.0004594413604448
TRENT,14,0.2605628843481392,-0.0982915638246391
TVSMOTOR,14,0.3084484801087981,-0.0963061201159344
ULTRACEMCO,14,0.07947647961064795,-0.0174100392651873
UNITDSPR,14,0.17920456050513262,-0.0238971781729282
UPL,14,0.10666908042420609,-0.0685095255726433
VEDL,14,0.1296414282246254,-0.0376788457303245
VOLTAS,14,0.2190302808502933,-0.0321043824634494
WIPRO,14,0.1730408863320757,0.0297456789214717
ZYDUSLIFE,14,0.1462367637740947,-0.0065385693197395
ABB,15,0.23802538832382417,-0.0560872561493412
ABCAPITAL,15,0.1971681137933601,-0.0676969167025772
ADANIENSOL,15,0.24240298642317615,-0.0281851368605959
ADANIENT,15,0.3069878115042243,0.0013994677103847
ADANIGREEN,15,0.25206306387910027,-0.0324106915926339
ADANIPORTS,15,0.25245837619735917,0.0176000433261998
ALKEM,15,0.08771056145710224,-0.0609799771881591
AMBUJACEM,15,0.26961062349535786,-0.0473695053332839
ANGELONE,15,0.27184668963316017,-0.1005406875277945
APLAPOLLO,15,0.20940692111203027,0.0227796844642435
APOLLOHOSP,15,0.1363143506207953,-0.0821442339872691
ASHOKLEY,15,0.21205567022493196,0.0406043216892635
ASIANPAINT,15,0.16128204451961142,-0.031578905504305
ASTRAL,15,0.27894781817317005,0.0246129248221959
AUBANK,15,0.1758168719465236,-0.0678339196526641
AUROPHARMA,15,0.21237233649265158,0.0174172817427676
AXISBANK,15,0.09714542332943184,-0.0579530740857826
BAJAJ-AUTO,15,0.12923547108275235,0.0267168685535846
BAJAJFINSV,15,0.2461123911937396,-0.0183342198630911
BAJFINANCE,15,0.24980786193680524,0.0810703499279572
BANDHANBNK,15,0.20880804784697457,0.0072772212119087
BANKBARODA,15,0.20130814958524593,-0.0376251735368601
BANKINDIA,15,0.1514282786380262,0.0536085825336694
BEL,15,0.23699512933266514,0.1277478595112917
BHARATFORG,15,0.24392496953326087,-0.0524596872170947
BHARTIARTL,15,0.10175547051227504,0.0100773043141393
BHEL,15,0.26790052554726723,0.0014439687719129
BIOCON,15,0.17592295132431132,0.0075310754311481
BOSCHLTD,15,0.12738026819036807,-0.0734463515778589
BPCL,15,0.15115721309423888,-0.0216957383974223
BRITANNIA,15,0.13843093793859354,-0.0315499183352293
BSE,15,0.21549511672383523,0.0310630206603023
CAMS,15,0.3361215138167941,-0.0408274082784769
CANBK,15,0.18546843856685583,-0.065279565862559
CDSL,15,0.20016797343560708,-0.1737154538901288
CGPOWER,15,0.24602889974008713,0.0134797757649079
CHOLAFIN,15,0.3179454293815402,-0.0240120927826171
CIPLA,15,0.1204305685227036,0.0090667442965657
COALINDIA,15,0.09924584424370841,-0.0397584641975559
COFORGE,15,0.2998435624470553,0.1178404018941813
COLPAL,15,0.22691571874398572,-0.0069211214363902
CONCOR,15,0.20522553526742982,0.0559423136262795
CROMPTON,15,0.25764441465352644,-0.0190412940325475
CUMMINSIND,15,0.260310724645443,0.095331096025369
DABUR,15,0.11147243798916893,0.009095903258351
DELHIVERY,15,0.14881692361443763,-0.0974166750782905
DIVISLAB,15,0.18597928383432522,0.0906416829226943
DIXON,15,0.2571646419834257,-0.1012317321737206
DLF,15,0.2635444049618838,-0.0134976127115816
DMART,15,0.2176597706626689,-0.0907729860284294
DRREDDY,15,0.051381113603304336,-0.0494074307744601
EICHERMOT,15,0.1475989216761253,-0.0692420280245402
ETERNAL,15,0.26189540870077227,-0.1129599035749141
FEDERALBNK,15,0.09773772917929312,-0.0345641499588555
GAIL,15,0.28923718832371054,0.065862319302592
GLENMARK,15,0.23432225465613638,-0.0205148639767001
GMRAIRPORT,15,0.23283525452039747,-0.00309337598775
GODREJCP,15,0.14647965279107342,-0.0230054507006581
GODREJPROP,15,0.22298691938945475,-0.0239303953755302
GRASIM,15,0.06590022724228929,-0.0029716985450135
HAL,15,0.1918799111332721,-0.0329806141204961
HAVELLS,15,0.1733388186691327,0.0320129091352185
HCLTECH,15,0.09124404380026359,-0.0600844731312438
HDFCAMC,15,0.18314691268033784,0.052493140234171
HDFCBANK,15,0.06446052738565235,0.0083498275623337
HDFCLIFE,15,0.09277713413197458,0.0701928267857522
HEROMOTOCO,15,0.09768222479704235,0.0089539959599665
HINDALCO,15,0.10721918082236055,0.0172708369792815
HINDPETRO,15,0.1874353551585729,-0.0467557487611063
HINDUNILVR,15,0.096656584349088,-0.0100270710714075
ICICIBANK,15,0.06728378092132382,0.0371376368858487
ICICIGI,15,0.1478095117554513,0.0150899603203221
ICICIPRULI,15,0.09935677955351872,-0.0748613865245527
IDEA,15,0.21093906777386645,-0.1186007683782405
IDFCFIRSTB,15,0.18616057178879455,-0.0751313627246857
IEX,15,0.13759803015580174,-0.0049236850878434
INDHOTEL,15,0.3427396568514592,-0.0226168697499759
INDIANB,15,0.21120485627929336,0.0928257235852962
INDIGO,15,0.19501303078990306,0.0406184882079196
INDUSINDBK,15,0.1885447750247806,0.063271185997233
INDUSTOWER,15,0.22918177568602371,0.0177044551668854
INFY,15,0.1602296899743987,-0.0645217024839519
IOC,15,0.16224504157649514,-0.0567861138095089
IRFC,15,0.2621619861018805,-0.0034403833182821
ITC,15,0.11191450078499203,-0.054348246300616
JINDALSTEL,15,0.20486848678564396,-0.0588840102981621
JIOFIN,15,0.23840534958842186,0.0122727364826106
JSWENERGY,15,0.24015323637279057,-0.1328434330999338
JSWSTEEL,15,0.07554264485601689,0.0001137113015085
JUBLFOOD,15,0.23399736518618203,-0.0221232592056328
KALYANKJIL,15,0.3308431871033474,0.1480940309520386
KEI,15,0.198990447091865,0.0062524552829117
KOTAKBANK,15,0.09027024500276123,0.0518957320706838
KPITTECH,15,0.25628988203520586,0.1014514356721958
LAURUSLABS,15,0.2158977171738934,-0.0578777538618977
LICHSGFIN,15,0.19215414574990028,0.0180944639847783
LICI,15,0.09878963456968898,-0.0405820501081779
LODHA,15,0.20392169224576015,0.0444513651320068
LT,15,0.0854940013456519,0.0449622281172591
LTF,15,0.14885863676342337,0.0260609295665621
LTM,15,0.30520732074957385,0.0242852251812911
LUPIN,15,0.13736499227575555,-0.0525942443448222
M&M,15,0.18853921725278144,-0.0127094540823892
MANAPPURAM,15,0.2699389071085058,-0.0989781009206307
MARICO,15,0.21393908210247622,0.0333300702798655
MARUTI,15,0.16091085552035989,0.0006455091214467
MAXHEALTH,15,0.2862046446507436,0.0383383149947322
MFSL,15,0.18285737337378663,-0.0033400213131629
MOTHERSON,15,0.23110658520717223,-0.0298103310652173
MPHASIS,15,0.10634695557287172,0.0828768774992869
MUTHOOTFIN,15,0.17591475110080523,0.0531785819918536
NATIONALUM,15,0.15185374553454703,-0.0692615550902173
NAUKRI,15,0.1557656533812181,0.0426143387726311
NBCC,15,0.20075486036750717,-0.072334593203395
NESTLEIND,15,0.09904372144715459,0.066086027845583
NHPC,15,0.16733082197566293,-0.0427338845170705
NMDC,15,0.21316592068908694,0.0413095211321792
NTPC,15,0.1951986288511524,-0.0167396144784384
NYKAA,15,0.15447389120174254,-0.0406501626060022
OBEROIRLTY,15,0.2566226305160303,-0.0530667069281813
OFSS,15,0.3055500683934566,-0.061672965071178
OIL,15,0.221097370916051,-0.0617841824644489
ONGC,15,0.17408596958681583,0.0248366639188462
PAGEIND,15,0.17379315124070893,-0.0709578672905586
PAYTM,15,0.22491863546299873,-0.0452666547035277
PERSISTENT,15,0.19182985028402627,0.0382770646226188
PETRONET,15,0.16130264961772334,-0.1260743464849997
PFC,15,0.2552659032710682,-0.0289896193946069
PIDILITIND,15,0.0824912872379908,0.0444177118254299
PIIND,15,0.2391017672904902,-0.008135987504408
PNB,15,0.20810675981329546,0.017421619815237
POLICYBZR,15,0.24027326578756672,0.0513562897855546
POLYCAB,15,0.23078709797398303,-0.0826374022758282
POWERGRID,15,0.14096760406322675,-0.0534723734768616
PRESTIGE,15,0.2951344498485925,0.0681539240907749
RBLBANK,15,0.17424023712214548,-0.000967535892374
RECLTD,15,0.34490575135490154,0.032568893618025
RELIANCE,15,0.07695703157727146,0.0505846448101274
SAIL,15,0.19667895152693798,-0.0383619472659846
SBICARD,15,0.16641660928187826,0.0041283574931336
SBILIFE,15,0.1215851126038252,0.0190245175113077
SBIN,15,0.08433457133969544,-0.0548974200098454
SHREECEM,15,0.2094758658124129,0.0664559698215347
SHRIRAMFIN,15,0.22801020528886543,-0.0128929619833892
SIEMENS,15,0.28796526524887783,-0.0461502154256812
SOLARINDS,15,0.25076762591130697,-0.0404757701330931
SONACOMS,15,0.12381119726541284,-0.0561933503762022
SRF,15,0.22292121475967933,0.0988620117554099
SUNPHARMA,15,0.1449864921851305,0.003946277027145
SUPREMEIND,15,0.3037892079984566,-0.0854556653877933
TATACONSUM,15,0.11813536036717155,0.06562094605028
TATAELXSI,15,0.10117759361295157,-0.0839289886363864
TATAPOWER,15,0.15289662524365774,-0.0050359258147022
TATASTEEL,15,0.15895582978003123,-0.0130025683209561
TCS,15,0.05721181255867541,0.0591101855298086
TECHM,15,0.159851545913362,-0.0006119504057171
TIINDIA,15,0.1779081423934197,-0.0695881985111893
TITAN,15,0.135426279576905,-0.0168583622060807
TMPV,15,0.29512025446942064,-0.019337605710055
TORNTPHARM,15,0.09780704837168139,0.0533846272936445
TRENT,15,0.2802913284878758,-0.0486983651886482
TVSMOTOR,15,0.22933582896134547,0.0846852575671883
ULTRACEMCO,15,0.08342695366956336,0.0586054038216623
UNIONBANK,15,0.1539290093286661,0.0093490821953663
UNITDSPR,15,0.2855167000020352,0.0225976716896423
UPL,15,0.15707964781411113,0.0903634805892186
VBL,15,0.1941404469862394,-0.0869216815850463
VEDL,15,0.1890362741321666,0.0215940867192472
VOLTAS,15,0.26775293574522474,-0.1001783186215534
WIPRO,15,0.1289611829178229,0.0280098110175038
YESBANK,15,0.18123674036166917,-0.0052364801205989
ZYDUSLIFE,15,0.19161374359270814,0.0467523961950833
ABB,16,0.2001297521917234,0.035484036836235
ABCAPITAL,16,0.18164017691799256,0.1264706308029867
ADANIENSOL,16,0.1899138796221599,-0.0381245015294205
ADANIENT,16,0.18647523591918738,0.0546506499323269
ADANIGREEN,16,0.20415992527863186,-0.0467971701062649
ADANIPORTS,16,0.14361740217166852,0.1048132442826139
ALKEM,16,0.09173964958637029,-0.0316058479006706
AMBUJACEM,16,0.14762967956943046,-0.0162508752303371
ANGELONE,16,0.21423724935789185,0.0398579336176012
APLAPOLLO,16,0.17218085878672162,0.0278826431990457
APOLLOHOSP,16,0.13224782669868734,-0.0058677575291847
ASHOKLEY,16,0.27308715083232743,-0.0191915697871678
ASIANPAINT,16,0.0927242768589776,-0.0494965383548652
ASTRAL,16,0.22039220963159736,0.018136676649997
AUBANK,16,0.1400459642359237,0.1315986993750251
AUROPHARMA,16,0.12466414727921107,0.0026797785235427
AXISBANK,16,0.19664190173089438,-0.0417703974309454
BAJAJ-AUTO,16,0.20584946011828456,-0.03997981740273
BAJAJFINSV,16,0.19820001299538403,-0.0441131919369256
BAJFINANCE,16,0.1420748550131766,-0.0525085650405762
BANDHANBNK,16,0.15947007520954812,-0.0148466436829322
BANKBARODA,16,0.14428508374048626,-0.0965056716320368
BANKINDIA,16,0.18624488240228174,0.0085201532110609
BEL,16,0.2564756662913815,0.0382526531507843
BHARATFORG,16,0.16430077820138148,0.0720760647656809
BHARTIARTL,16,0.15585949979062605,-0.0072447863756829
BHEL,16,0.17991643814814176,0.0191689501763423
BIOCON,16,0.10811573578925074,-0.0336001904319031
BOSCHLTD,16,0.15710139347509058,-0.0152709759360791
BPCL,16,0.12195479840675702,0.0485501436220169
BRITANNIA,16,0.17658517612318722,0.0079426283007572
BSE,16,0.23741745705107764,0.0562534359379929
CAMS,16,0.17991238854559014,-0.0778625083428729
CANBK,16,0.23375274780005462,0.0559149159945058
CDSL,16,0.19525715110837116,-0.0454340958633222
CGPOWER,16,0.17684048574497832,-0.0185952636868185
CHOLAFIN,16,0.22539391453026777,-0.0263728081751397
CIPLA,16,0.11315199333048084,0.0103308902213289
COALINDIA,16,0.08640202348875045,-0.000101061551377
COFORGE,16,0.20578087290719607,0.0166470385225795
COLPAL,16,0.21236540535516799,-0.0836609107344914
CONCOR,16,0.17784922652509272,-0.008028190809295
CROMPTON,16,0.12872128620241674,0.0618339068125968
CUMMINSIND,16,0.17444017807153198,0.0756409615437998
DABUR,16,0.12343963834368504,-0.0272681329478062
DELHIVERY,16,0.16797636758824674,0.0851835899742069
DIVISLAB,16,0.2310422978232554,0.0389366382630194
DIXON,16,0.21919867107037055,-0.0632325790436189
DLF,16,0.1406086745665649,0.0615293070955036
DMART,16,0.20561558449880316,-0.0466129590310664
DRREDDY,16,0.09310458422894159,0.030285391593143
EICHERMOT,16,0.1948838005909251,-0.0096420834985732
ETERNAL,16,0.22894780879424573,0.0376579232175957
FEDERALBNK,16,0.16628738104365393,-0.0507589554658961
GAIL,16,0.1845344891410317,0.024425056935204
GLENMARK,16,0.12116576906794731,-0.0350599526110964
GMRAIRPORT,16,0.13196620231040485,-0.0124624845021631
GODREJCP,16,0.17224736532762336,-0.0077743679756283
GODREJPROP,16,0.1560379394856503,0.0569650246764842
GRASIM,16,0.09712897801632879,-0.0227243532066614
HAL,16,0.22539602762740377,0.0929336046554405
HAVELLS,16,0.1665908398727726,-0.0157235318026588
HCLTECH,16,0.14594230907800282,0.1062808528434128
HDFCAMC,16,0.2230939749164021,0.0778832105115998
HDFCBANK,16,0.13660141747321952,0.0439357680872873
HDFCLIFE,16,0.12104984673136686,0.0107903258464878
HEROMOTOCO,16,0.19994270051891622,0.054627009572759
HINDALCO,16,0.09975428321472452,0.0082772287673382
HINDPETRO,16,0.17851232625871702,0.0329443266263191
HINDUNILVR,16,0.13206771269946782,-0.0272073061721457
HINDZINC,16,0.12236470965991737,0.0085514493245857
ICICIBANK,16,0.16048599052033075,0.0440396426111182
ICICIGI,16,0.14017785805626187,0.016584361807262
ICICIPRULI,16,0.1763846796284055,0.0314946296149689
IDEA,16,0.17362375993532556,-0.0121073824087017
IDFCFIRSTB,16,0.1562372867328613,-0.0103855890053971
IEX,16,0.15384855611153625,0.0042498971202958
INDHOTEL,16,0.20423496380488737,-0.0426774333462396
INDIANB,16,0.21426395528867231,-0.0067458580910102
INDIGO,16,0.20401136564017672,-0.0125870613714748
INDUSINDBK,16,0.19801733941342944,0.0015270784179211
INDUSTOWER,16,0.1865545366221306,-0.0703661293921764
INFY,16,0.22655766839034952,0.0176736785903496
INOXWIND,16,0.24423185653850518,-0.0433504670477012
IOC,16,0.10871995130951612,0.0494322992809861
IREDA,16,0.32665556525664213,0.1562496565821338
IRFC,16,0.17687607657403984,-0.0491700091892483
ITC,16,0.0759541852905741,0.0036338874215119
JINDALSTEL,16,0.10012679419093928,-0.0107102196419186
JIOFIN,16,0.19763897406038938,0.0324798752743148
JSWENERGY,16,0.1448221269441407,0.0614398132948874
JSWSTEEL,16,0.09924493936173304,0.0311790292981419
JUBLFOOD,16,0.2075216545370205,-0.0176989938681149
KALYANKJIL,16,0.2829084800852517,0.0342315128224824
KEI,16,0.20761965612267644,0.0877512264462727
KOTAKBANK,16,0.1176373317613527,-0.0410506116958192
KPITTECH,16,0.19465974966167707,0.0417418176724979
LAURUSLABS,16,0.18015020616254276,-0.0373841623524046
LICHSGFIN,16,0.1558465164982895,0.0299339739991293
LICI,16,0.13923685592632734,0.093976433269989
LODHA,16,0.18511726273109616,-0.0048958548109849
LT,16,0.10725363539464786,0.0784646666253017
LTF,16,0.18463709300973816,-0.0700646523628762
LTM,16,0.20653504697029798,0.0547776510014609
LUPIN,16,0.1461272181697311,0.0161749695355963
M&M,16,0.1592859845195339,0.0472021915028992
MANAPPURAM,16,0.12834710770771787,0.0141682760970074
MARICO,16,0.2212626953333579,0.0165449399420112
MARUTI,16,0.09144171625109836,-0.0049189563260323
MAXHEALTH,16,0.21759735326518115,-0.0211092987102767
MFSL,16,0.16883387577379583,0.0545963605770128
MOTHERSON,16,0.16929060184288347,0.0320643229669408
MPHASIS,16,0.1888252305575232,0.0568555243871974
MUTHOOTFIN,16,0.20659159517534106,-0.0670437189311208
NATIONALUM,16,0.13573126177889427,0.0168524848096977
NAUKRI,16,0.22910579236306994,-0.0380865814805444
NBCC,16,0.19609799894955338,0.0722879019448075
NESTLEIND,16,0.12752365378684372,0.0026634986077728
NHPC,16,0.1283372201382808,-0.0231089681887085
NMDC,16,0.15042463813271786,-0.0223260929482371
NTPC,16,0.09203228882811172,-0.0082294178369559
NYKAA,16,0.20395320775349016,-0.0306397351900895
OBEROIRLTY,16,0.11054716376187274,-0.0337089414251419
OFSS,16,0.19000947334839732,0.0162998261038826
OIL,16,0.08892951160586415,-0.0107218556139192
ONGC,16,0.07338369180001524,-0.0196470410554011
PAGEIND,16,0.19276335524813373,0.0288715652239446
PATANJALI,16,0.16873033088132885,-0.0185021164942066
PAYTM,16,0.1886140202879158,0.052465220426471
PERSISTENT,16,0.19819983702842137,0.0621525227654532
PETRONET,16,0.07607077467387378,-0.0093434341348479
PFC,16,0.1790454965612464,-0.0297959648774713
PHOENIXLTD,16,0.13375297996496577,-0.0582231166711308
PIDILITIND,16,0.09091688473470776,-0.0081265271908536
PIIND,16,0.07379347167743233,0.0107390955593585
PNB,16,0.11704047250022541,-0.0825894971103492
PNBHOUSING,16,0.14990846536702565,0.0229151766586724
POLICYBZR,16,0.17097156863813667,0.0245810501365218
POLYCAB,16,0.1291243186152111,0.0762369799235016
POWERGRID,16,0.11300610154152756,-0.0055666781609625
PRESTIGE,16,0.1654696648774948,0.0160207823001069
RBLBANK,16,0.13191214369819307,0.0841760383687946
RECLTD,16,0.27079143725771204,-0.0504653957620653
RELIANCE,16,0.0783489835990146,0.0529080272518933
SAIL,16,0.15110405632863386,0.0168917183356667
SBICARD,16,0.20205201049243207,-0.0519399805230319
SBILIFE,16,0.12475440857921162,0.0473550145734043
SBIN,16,0.14997569338941108,-0.0182349002902731
SHREECEM,16,0.11785681704446642,0.0480778541201045
SHRIRAMFIN,16,0.15472670615883755,-0.1204703402372707
SIEMENS,16,0.18923484533336118,0.0516183730948391
SOLARINDS,16,0.2357959106603856,0.0135399888969053
SONACOMS,16,0.18725456036871038,0.0728211149424022
SRF,16,0.2117109755033919,-0.0077920900448363
SUNPHARMA,16,0.09269258755108992,-0.0139336283481578
SUPREMEIND,16,0.17979883945819083,-0.0126301601082424
TATACONSUM,16,0.16640291482520417,0.0355321465923332
TATAELXSI,16,0.20892981245628928,0.1101437631050926
TATAPOWER,16,0.15362386606612596,0.0168045088548066
TATASTEEL,16,0.09421741811494827,0.086823997105217
TCS,16,0.1830412019750154,-0.0135586658192123
TECHM,16,0.13221650766242277,0.0613555588958183
TIINDIA,16,0.19254560918795247,0.0188300904636407
TITAN,16,0.12233627800793155,0.0629557961556972
TMPV,16,0.21572580065094002,-0.0131776258455839
TORNTPHARM,16,0.14138347365875673,0.0071136583825954
TRENT,16,0.2498663876945696,0.0068531237982375
TVSMOTOR,16,0.21621833137152685,-0.0252179544232785
ULTRACEMCO,16,0.15423867966544308,-0.0238610155705046
UNIONBANK,16,0.19670836407360215,0.0410530964947186
UNITDSPR,16,0.14231305640330894,0.0110923643335678
UPL,16,0.20852552702830096,-0.0193214980341545
VBL,16,0.17724682710770498,-0.0164261544555182
VEDL,16,0.1446784054478397,-0.0023337504675569
VOLTAS,16,0.1706223557849276,-0.0137164626114547
WIPRO,16,0.19192990463351553,-0.0107222203918806
YESBANK,16,0.1504596435592848,0.0457573774398177
ZYDUSLIFE,16,0.07237677952089289,-0.0140116178644145
360ONE,17,0.2190416558282748,0.0196642128676661
ABB,17,0.08779052158793808,-0.0786578066673724
ABCAPITAL,17,0.21214316186655657,0.1029277776732386
ADANIENSOL,17,0.1209072311339339,-0.0585777939888059
ADANIENT,17,0.10597321553434778,-0.0790662572486267
ADANIGREEN,17,0.13294651580693917,-0.003545435491107
ADANIPORTS,17,0.09161214744940496,0.0154807018237823
ALKEM,17,0.10428517460417279,0.1262662350382775
AMBER,17,0.24341923471762175,0.1020573117260208
AMBUJACEM,17,0.09732014588141442,-0.0021901241817031
ANGELONE,17,0.1913248440113922,0.0227851688512934
APLAPOLLO,17,0.11027777420863207,-0.069363157470034
APOLLOHOSP,17,0.10421115831291036,0.1005753733250567
ASHOKLEY,17,0.13164090587310212,0.1020793205719103
ASIANPAINT,17,0.09476992620644971,0.0337281244227094
ASTRAL,17,0.09065158574530337,-0.1053880510268083
AUBANK,17,0.10855285411611508,-0.0914032976725257
AUROPHARMA,17,0.11595687935148699,-0.0530039320184215
AXISBANK,17,0.07737295291581621,-0.057380392985318
BAJAJ-AUTO,17,0.0863915977239851,0.0051086711420623
BAJAJFINSV,17,0.09962848257473567,-0.0405950818699825
BAJFINANCE,17,0.12699005014799788,-0.0402564203180617
BANDHANBNK,17,0.10683197037439532,-0.0074027316614808
BANKBARODA,17,0.11528339328171007,-0.010995978358009
BANKINDIA,17,0.09647566279124317,0.0090762812252895
BDL,17,0.17551045037992355,0.0622376047371336
BEL,17,0.16001489467517832,-0.0252832170112558
BHARATFORG,17,0.1094233850500545,-0.0130515398747194
BHARTIARTL,17,0.08937251213906439,0.0239228520282472
BHEL,17,0.1407661810680995,-0.0551207633442275
BIOCON,17,0.12847950671410827,-0.0787983846914499
BLUESTARCO,17,0.10902052316546759,0.0500017331268747
BOSCHLTD,17,0.2702151987739324,0.0054263436973518
BPCL,17,0.08178867844774736,-0.0089372730283481
BRITANNIA,17,0.12772257560074868,-0.0694216182862851
BSE,17,0.27101535675544186,0.0112992115004485
CAMS,17,0.17671236608466867,-0.0409142879427285
CANBK,17,0.15117253678106682,0.0264277761164346
CDSL,17,0.1653585891248602,-0.0842850291850743
CGPOWER,17,0.10770601604853415,-0.0312130715510328
CHOLAFIN,17,0.14613150454145948,-0.0424669116317214
CIPLA,17,0.06529469871020739,0.0655226605410101
COALINDIA,17,0.0943308496843637,-0.0293489376849672
COFORGE,17,0.3359018428506388,0.0264597231543429
COLPAL,17,0.10911366549968354,-0.0457327885901128
CONCOR,17,0.08644132796957728,-0.0323211828057976
CROMPTON,17,0.12410249384083777,-0.0109545635991002
CUMMINSIND,17,0.1491228335150354,0.0590143664449269
DABUR,17,0.14687729902457983,0.030662105983362
DELHIVERY,17,0.22185615288600646,0.1240300135144774
DIVISLAB,17,0.13924961611590073,-0.0557171571063855
DIXON,17,0.1914493907141959,0.0372896844762525
DLF,17,0.14703677851985317,-0.0038696651311131
DMART,17,0.11741024953127725,-0.0433796223556809
DRREDDY,17,0.07874474281996377,0.0051519483644559
EICHERMOT,17,0.09314950966819348,0.0105192774618301
ETERNAL,17,0.15158112860898393,0.1503634747721071
FEDERALBNK,17,0.11141469082329607,-0.0315653158215877
FORTIS,17,0.2436011959372316,0.0258502901724231
GAIL,17,0.08354094505147412,-0.0264111376564536
GLENMARK,17,0.1846690939251224,-0.0410807404744703
GMRAIRPORT,17,0.13641934798651176,-0.0009674000310254
GODREJCP,17,0.11083191308918904,-0.0270955014988997
GODREJPROP,17,0.17825722213534267,-0.014151285166214
GRASIM,17,0.07047837615940446,-0.0019756960975479
HAL,17,0.09671878922815733,0.0190623021397393
HAVELLS,17,0.07648053545886314,0.0301137456867451
HCLTECH,17,0.07210878347868069,-0.0595264016665738
HDFCAMC,17,0.22080447693605573,0.0570010615922373
HDFCBANK,17,0.07632408487750003,0.0104709305243662
HDFCLIFE,17,0.0784209216367688,-0.0039435548788265
HEROMOTOCO,17,0.2397228901756265,0.0281102128607526
HINDALCO,17,0.06998384398649754,-0.0289285981963035
HINDPETRO,17,0.09982141128229134,0.0175263959530462
HINDUNILVR,17,0.14363026242819923,0.0406690414504838
HINDZINC,17,0.07930997855091587,0.0217156521836781
ICICIBANK,17,0.07587550702463224,0.0383803334831331
ICICIGI,17,0.07635870616690775,-0.0206183244854772
ICICIPRULI,17,0.0724484484237533,-0.0148275713826003
IDEA,17,0.14806450547429523,0.0003860905454582
IDFCFIRSTB,17,0.15655927656044882,-0.0355598995809128
IEX,17,0.12911849886676874,-0.2240308937337618
INDHOTEL,17,0.1260158414778781,0.0295181404089672
INDIANB,17,0.09924500531629057,0.0164810414082314
INDIGO,17,0.12834238407110843,0.025882819519572
INDUSINDBK,17,0.09418748660618224,-0.0471570916178398
INDUSTOWER,17,0.10413228314773124,-0.0560075927459072
INFY,17,0.09328464128164603,-0.0201390038808524
INOXWIND,17,0.19146619505447862,-0.0050319899030564
IOC,17,0.07181101871946531,-0.0164059980940843
IREDA,17,0.2890119196910149,-0.0377679863345308
IRFC,17,0.10089142007547933,0.0083680740786953
ITC,17,0.08123920515910082,0.0225563829173784
JINDALSTEL,17,0.1313876737902822,0.022764231288597
JIOFIN,17,0.15643707557577483,-0.0136042702070409
JSWENERGY,17,0.10697530464673365,-0.0251093599903404
JSWSTEEL,17,0.08128209324398405,0.0048527581003909
JUBLFOOD,17,0.1082942051553031,0.0023612885983361
KALYANKJIL,17,0.15480382652675684,-0.1214167531374503
KAYNES,17,0.18792709437120653,0.1165681523245867
KEI,17,0.24698039969149796,0.0105914737037924
KFINTECH,17,0.1419042345901822,-0.0943736670132164
KOTAKBANK,17,0.10002885035338226,-0.0794346928403565
KPITTECH,17,0.1951196961283644,0.0293928012780513
LAURUSLABS,17,0.198264161158375,0.0799897849836559
LICHSGFIN,17,0.08402606686496744,0.0027359866609253
LICI,17,0.09436156719690963,0.023461260238068
LODHA,17,0.16971667531472223,-0.058787848394167
LT,17,0.0701836897335632,0.0639253476265349
LTF,17,0.12798805494852059,0.0358865775010704
LTM,17,0.11488579795094879,-0.0238752934376473
LUPIN,17,0.1312469748308181,-0.0082359311252713
M&M,17,0.08306296523855808,-0.00207824348418
MANAPPURAM,17,0.19659757628339222,0.0020002315398036
MANKIND,17,0.26961038169843116,0.0045686044743554
MARICO,17,0.14104028199895877,0.0089623815132293
MARUTI,17,0.09358038773531327,-0.01311318809768
MAXHEALTH,17,0.14004443134823968,-0.0336000361456774
MAZDOCK,17,0.18535920251162852,-0.0830434453520357
MFSL,17,0.12473186977791956,0.0508611961531613
MOTHERSON,17,0.14918268317036718,0.0259492923165688
MPHASIS,17,0.11989635507034523,-0.0557268655813113
MUTHOOTFIN,17,0.11959887057987299,0.0675566843405672
NATIONALUM,17,0.1582310820638965,0.0009225306427242
NAUKRI,17,0.1711239443236267,-0.0006508368532652
NBCC,17,0.1175964514788344,-0.0427304358686283
NESTLEIND,17,0.10688869939545954,-0.0699426152685693
NHPC,17,0.07121280912240749,0.0402339603727022
NMDC,17,0.07622767359310281,0.0213132031538882
NTPC,17,0.05424065355357319,0.016757700189094
NYKAA,17,0.17642799702123083,0.0632010056991896
OBEROIRLTY,17,0.05548252342152191,-0.0068089296916162
OFSS,17,0.10300109061647506,0.0135696006074933
OIL,17,0.079061445297452,-0.0593800803331251
ONGC,17,0.06311886428557016,0.0222737781673534
PAGEIND,17,0.10814779552470104,-0.0187571680481706
PATANJALI,17,0.26304647254458485,-0.0228649537686171
PAYTM,17,0.18323431414574853,0.0679679860639801
PERSISTENT,17,0.17611278046955572,-0.1072147080292734
PETRONET,17,0.07337487397386319,-0.0174035521749541
PFC,17,0.10813095451080679,-0.0115188584775852
PGEL,17,0.24673502740463213,-0.3616289696702621
PHOENIXLTD,17,0.11138284071798493,0.0363689892191312
PIDILITIND,17,0.0832097233216929,0.0332198602123792
PIIND,17,0.17912124527943465,-0.0377759179000262
PNB,17,0.15217616940993023,-0.0126399173435587
PNBHOUSING,17,0.08913922081419576,-0.0053662166660151
POLICYBZR,17,0.09968418135507838,-0.0048384985938033
POLYCAB,17,0.2103340024192516,-0.0026105476371668
POWERGRID,17,0.06979061011325852,-0.0029533401348519
PRESTIGE,17,0.20585940273784342,0.0054271716001337
RBLBANK,17,0.16991633105349707,-0.0487272697918053
RECLTD,17,0.11144128389437528,0.0190358976708973
RELIANCE,17,0.07128889732102546,-0.0385775344859797
RVNL,17,0.1377855297408656,-0.0301353565662264
SAIL,17,0.10665684316498454,-0.0690290991513163
SBICARD,17,0.11281288001905138,-0.065689381702727
SBILIFE,17,0.10457683642505748,0.012954647709911
SBIN,17,0.07986019743774993,0.0227538199034195
SHREECEM,17,0.09935577243185012,-0.0197176596702433
SHRIRAMFIN,17,0.19112620839633362,-0.030702592637028
SIEMENS,17,0.08646566061498216,0.0107756635988162
SOLARINDS,17,0.19815382235299964,-0.0306944015401452
SONACOMS,17,0.24272791637705424,-0.0049825616735609
SRF,17,0.0999922199053665,0.0066206573756493
SUNPHARMA,17,0.13336859110990196,-0.0471249654933113
SUPREMEIND,17,0.15150244478038155,0.0537872927365667
SUZLON,17,0.23352759985525334,-0.0445042502332876
TATACONSUM,17,0.07891985604865641,-0.0159099883840629
TATAELXSI,17,0.11971268016567166,-0.0171663372399309
TATAPOWER,17,0.06138180810219893,-0.0358653962495152
TATASTEEL,17,0.09573358153362982,-0.0106481110211402
TCS,17,0.1236234460943766,-0.0414074208776561
TECHM,17,0.10433270143358243,-0.0077278055341959
TIINDIA,17,0.12297944782953268,0.0174509427816182
TITAN,17,0.0747484177535233,0.0122966115488138
TMPV,17,0.08467871132877675,0.0021140763984045
TORNTPHARM,17,0.15881369187963704,0.0692142558210835
TRENT,17,0.17605568105329258,0.0104898577308724
TVSMOTOR,17,0.11870765030879168,0.0201385071387176
ULTRACEMCO,17,0.10859001915655903,-0.0033776697326282
UNIONBANK,17,0.16652966482940862,-0.0230238960262264
UNITDSPR,17,0.10096860206939644,0.0131226866812399
UNOMINDA,17,0.12776490947320354,0.0425173703285012
UPL,17,0.15837629957203714,-0.0100046800333701
VBL,17,0.10384645215923395,0.0917302066745573
VEDL,17,0.09888871073741906,-0.0345618999918536
VOLTAS,17,0.09738086069998385,-0.0528396767024439
WIPRO,17,0.08838905139674391,0.0369744816359057
YESBANK,17,0.08367958570752032,-0.0074387525139888
ZYDUSLIFE,17,0.09364417965386926,0.0553069767926781
360ONE,18,0.19361632524878533,0.0197311689362107
ABB,18,0.11129496549925293,-0.0457894520587118
ABCAPITAL,18,0.2132307117871035,0.0377659577379069
ADANIENSOL,18,0.16560181842664895,-0.0329091327596813
ADANIENT,18,0.09840791479764073,-0.0683740801046191
ADANIGREEN,18,0.14654930836222457,0.0816857729890506
ADANIPORTS,18,0.10553712323778788,-0.0101541647471049
ALKEM,18,0.1589387962769043,0.0046576371965231
AMBER,18,0.2041373428921857,-0.0929242957141889
AMBUJACEM,18,0.08389690639117343,-0.0005105200582701
ANGELONE,18,0.15403121017229418,0.05947910323517
APLAPOLLO,18,0.09942378374597548,0.0101112780783836
APOLLOHOSP,18,0.13390336577105988,-0.0234284197095512
ASHOKLEY,18,0.1136099326973597,0.0576788593627142
ASIANPAINT,18,0.19387530015968035,0.0845107272718641
ASTRAL,18,0.12223545070989741,0.0526709433530511
AUBANK,18,0.20381810699013608,0.079738974548652
AUROPHARMA,18,0.15048630171529456,-0.0303257345125438
AXISBANK,18,0.12905444707003533,0.0059501111931822
BAJAJ-AUTO,18,0.07539772322059358,0.0024196447277714
BAJAJFINSV,18,0.07757537343284322,-0.0299712870912313
BAJFINANCE,18,0.14263743292423997,-0.0325906192028804
BANDHANBNK,18,0.16267275637601172,-0.1110734278605826
BANKBARODA,18,0.15810399988606194,0.0599548798110042
BANKINDIA,18,0.1301350326318298,0.028397908411161
BDL,18,0.1545168283186942,0.0530649656342964
BEL,18,0.12358704134715268,0.0372343885798117
BHARATFORG,18,0.16531907411304325,0.0548592469011434
BHARTIARTL,18,0.14510204730410656,0.0227295608537527
BHEL,18,0.1059810007969506,0.108669849807844
BIOCON,18,0.13629686942281272,0.0663318474380916
BLUESTARCO,18,0.11985769110757541,-0.0959432615234067
BOSCHLTD,18,0.08543498234822262,0.0123499666664819
BPCL,18,0.10687774455942053,0.0544821229866911
BRITANNIA,18,0.07979254877090722,0.0568507703801584
BSE,18,0.26363162181348954,0.0370285372370496
CAMS,18,0.0673282930755065,-0.0055945958937859
CANBK,18,0.16316188634958295,0.0535384902621872
CDSL,18,0.15580674710991615,-0.0472028494826317
CGPOWER,18,0.09428576070988064,0.0095247210680041
CHOLAFIN,18,0.16884663595187924,-0.0076762828147269
CIPLA,18,0.11637266078400595,-0.0428341953079146
COALINDIA,18,0.08177652705260563,-0.0224551074200198
COFORGE,18,0.19104366971747555,0.0507137683973666
COLPAL,18,0.09218575820963949,-0.0018286692839122
CONCOR,18,0.05723577723481713,0.0167408742938565
CROMPTON,18,0.12164440779810397,-0.0246110475244577
CUMMINSIND,18,0.22612805748566905,-0.0201539541396748
DABUR,18,0.050838811134457706,-0.0314702974578718
DELHIVERY,18,0.2827214671694533,-0.0899444313811123
DIVISLAB,18,0.2268845202314742,-0.0161094272753533
DIXON,18,0.18675129050743458,-0.0419806253183121
DLF,18,0.09965347170892916,-0.0228949139329844
DMART,18,0.09046138189151391,-0.0230934048380487
DRREDDY,18,0.046611705024893084,-0.0033884448078146
EICHERMOT,18,0.10953537043412824,-0.0259565252460123
ETERNAL,18,0.23129851789325567,-0.0143132663144568
FEDERALBNK,18,0.16179445014536534,0.0609174515090127
FORTIS,18,0.19788563168227521,-0.0503396502760521
GAIL,18,0.08890094758517247,-0.0051084654637804
GLENMARK,18,0.11504611469949781,0.0116417665982088
GMRAIRPORT,18,0.09793489922441326,0.0018850251033659
GODREJCP,18,0.09039865404105733,0.0642717172901472
GODREJPROP,18,0.17170185515962197,-0.0728347267563684
GRASIM,18,0.0716201717588715,-0.0602147803744407
HAL,18,0.11974404451849524,-0.0077393665498511
HAVELLS,18,0.055026671734609636,0.0144708704024767
HCLTECH,18,0.11029506158099364,0.0059878736682348
HDFCAMC,18,0.15306367758795966,0.0240127366641885
HDFCBANK,18,0.10144392991300212,0.0133816045615473
HDFCLIFE,18,0.056964461661258285,-0.004390821548985
HEROMOTOCO,18,0.09634939625482464,0.0223426340822602
HINDALCO,18,0.14088434885090903,-0.055762154387396
HINDPETRO,18,0.20687386609407876,0.0353280652706827
HINDUNILVR,18,0.08227203793630884,-0.0299698939825592
HINDZINC,18,0.18880124592102565,-0.0530812100529148
ICICIBANK,18,0.13599679700093734,-0.0245813666618031
ICICIGI,18,0.05294132316137457,0.085117559209741
ICICIPRULI,18,0.07105575048754528,-0.016167612847192
IDFCFIRSTB,18,0.08637203703114504,0.0694298258738159
IEX,18,0.168716434882054,-0.0579242732498149
INDHOTEL,18,0.10630974147110145,-0.0602381865598108
INDIANB,18,0.16793740438174587,0.0184816689696063
INDIGO,18,0.08915981829205545,0.012196428793186
INDUSINDBK,18,0.07327902407464115,0.0254910906555729
INDUSTOWER,18,0.05631642597346538,0.0740934060272082
INFY,18,0.05580956799783559,-0.0330294758693197
INOXWIND,18,0.13433849876286624,-0.0295635617154161
IOC,18,0.059078426721181805,0.0294046598705447
IREDA,18,0.24769787806580684,0.0261517392333893
IRFC,18,0.0692214588837915,-0.0061988930899894
ITC,18,0.07861937408559272,0.0059147262464431
JINDALSTEL,18,0.040623265738498934,0.0610863058202887
JIOFIN,18,0.07819693794473678,0.0123387326235607
JSWENERGY,18,0.057212392640249264,-0.0378419920009605
JSWSTEEL,18,0.07303162081199942,-0.0133324111472802
JUBLFOOD,18,0.1174768635814164,0.0617761314979782
KALYANKJIL,18,0.1555243476942211,-0.0234343980194712
KAYNES,18,0.18633903677657637,-0.0519092608245688
KEI,18,0.21599919923321,-0.0309772990949603
KFINTECH,18,0.19311170319750723,0.0303469181670816
KOTAKBANK,18,0.10308250621608517,-0.0292238207280206
KPITTECH,18,0.1201550577027945,0.0456874084640706
LAURUSLABS,18,0.19604382117907837,0.0063333370848588
LICHSGFIN,18,0.06868130679791164,-0.0232177463572453
LICI,18,0.1320074671864352,0.0052663132549201
LODHA,18,0.08761030221607502,0.0247332553153607
LT,18,0.11461455656767772,0.0162155395633295
LTF,18,0.2246681851042039,0.0104015925683524
LTM,18,0.17332605465700449,0.0248952568209641
LUPIN,18,0.047232829076780974,-0.0057918111197992
M&M,18,0.09153805896576729,0.0372101931631596
MANAPPURAM,18,0.1095159262829584,-0.0248861581707466
MANKIND,18,0.07580366673763005,-0.0584773858647726
MARICO,18,0.11297296258751138,0.0543686551313524
MARUTI,18,0.13147762682992215,-0.0300737095167193
MAXHEALTH,18,0.12402804444868165,0.0163414247808285
MAZDOCK,18,0.11772389869918232,-0.0105294913108894
MFSL,18,0.21855761560242237,0.0616795293985117
MOTHERSON,18,0.07392503528657143,0.041173736607545
MPHASIS,18,0.1301871556006308,-0.0308763801914635
MUTHOOTFIN,18,0.21057018553340331,0.0995039072074421
NATIONALUM,18,0.18570410198051776,0.1028737512605754
NAUKRI,18,0.10139679724970391,0.004213192214964
NBCC,18,0.14175171780250836,0.0063933659735715
NESTLEIND,18,0.07790313582211715,0.0943462198949467
NHPC,18,0.04912981948317221,-0.0458129707259843
NMDC,18,0.07176762445728309,0.0206722425848442
NTPC,18,0.043959425014656404,-0.0059000019321328
NYKAA,18,0.19832656528214826,0.0410096305790613
OBEROIRLTY,18,0.050654458854272374,0.0621611161307166
OFSS,18,0.18048043216966878,-0.0195165305623259
OIL,18,0.08270450401276914,-0.0110368210425985
ONGC,18,0.0948754980301795,-0.0081453486933286
PAGEIND,18,0.05958325143454615,-0.0108944779253674
PATANJALI,18,0.11469765853654237,-0.0439651027823327
PAYTM,18,0.24006400939081957,0.0143559690335913
PERSISTENT,18,0.1863915967612167,0.0687566446229944
PETRONET,18,0.06595134054676252,-0.0099326350419391
PFC,18,0.10603630137615826,-0.0484017447322692
PGEL,18,0.27188655321746064,0.0906331326929762
PHOENIXLTD,18,0.12803736416728612,0.0231318189689921
PIDILITIND,18,0.0798783913286792,-0.0317327973283804
PIIND,18,0.11560470916623855,-0.044531282834531
PNB,18,0.10587783505574705,0.0143011672323658
PNBHOUSING,18,0.11775216271076464,0.0555566685912576
POLICYBZR,18,0.2091904024042546,0.0558312408597445
POLYCAB,18,0.1841542014374071,0.0026659398900866
POWERGRID,18,0.07342190846451375,-0.0430892323996746
POWERINDIA,18,0.19257354778937213,0.1409252356849153
PRESTIGE,18,0.21074733579934488,0.0036151805936887
RBLBANK,18,0.21180967393027103,0.0608934419509363
RECLTD,18,0.11521059642257372,-0.002898039644821
RELIANCE,18,0.09066485980006533,0.0659845832320518
RVNL,18,0.0811277397835225,-0.0051534694945105
SAIL,18,0.0911430030275579,0.0559794845884413
SBICARD,18,0.08756836413818977,-0.0385734979202129
SBILIFE,18,0.051994889180695655,0.0337983443701815
SBIN,18,0.14083463484193115,0.0251617854370989
SHREECEM,18,0.07202644467018232,0.0176834572997642
SHRIRAMFIN,18,0.17782706912866042,0.0776482931323101
SIEMENS,18,0.08125048792616571,0.0571274984368925
SOLARINDS,18,0.11145910376497639,0.0309156985920694
SONACOMS,18,0.2708607569771818,0.0131513722612985
SRF,18,0.09979485434530343,-0.0160678272290608
SUNPHARMA,18,0.08659159964180539,-0.008774559749747
SUPREMEIND,18,0.11548288691898709,-0.0828492787845217
SUZLON,18,0.21736136173886741,0.0053141711691713
TATACONSUM,18,0.1068139688393254,0.0028397503349993
TATAELXSI,18,0.15054648263726075,0.0040802093133471
TATAPOWER,18,0.059527534493577526,-0.0114602303775112
TATASTEEL,18,0.10833941683258157,-0.0268205873615917
TCS,18,0.10396466515150209,0.0184787529653666
TECHM,18,0.09157919022551213,0.0013316380725283
TIINDIA,18,0.077075080078729,-0.0200176453803268
TITAN,18,0.14893316447951416,0.0169041431617434
TMPV,18,0.07837416658381119,-0.0746961826685119
TORNTPHARM,18,0.12967287681875153,0.067784612340079
TRENT,18,0.14748099675067367,-0.0813557022360391
TVSMOTOR,18,0.16056943294858436,-0.0279769460939385
ULTRACEMCO,18,0.0731782884955311,-0.0012931385147045
UNIONBANK,18,0.1354604930813532,0.0121522312634693
UNITDSPR,18,0.10525868717568113,0.0579123145286544
UNOMINDA,18,0.1649519260898861,0.0633248157774941
UPL,18,0.19823708654362585,0.0236698607209384
VBL,18,0.09892687739304935,0.0590314282294941
VEDL,18,0.17246424423540463,-0.0049436301746084
VOLTAS,18,0.12708494660329495,0.0358728835811293
WIPRO,18,0.07075539430086752,-0.0292713669824169
YESBANK,18,0.1854632381249808,-0.0152430106540104
ZYDUSLIFE,18,0.06799957543155999,-0.0376498777688799
360ONE,19,0.10857600941016461,0.0300669152530581
ABB,19,0.21970932209269656,0.0270222645728328
ABCAPITAL,19,0.2160843652042771,0.0522556562968039
ADANIENSOL,19,0.2097590653024068,-0.0772755948158302
ADANIENT,19,0.2435386966478036,0.142535782826374
ADANIGREEN,19,0.18155059134491913,-0.082250305158729
ADANIPORTS,19,0.19365210432523194,0.1585230441270471
ALKEM,19,0.1441129082543411,-0.0685935728826409
AMBER,19,0.2242414387145867,0.1517659911031947
AMBUJACEM,19,0.13103161175821654,-0.0694740954828788
ANGELONE,19,0.245258315483414,0.1043575279438314
APLAPOLLO,19,0.14159308943009866,0.0496678206474795
APOLLOHOSP,19,0.13181403921304383,0.0491830968365933
ASHOKLEY,19,0.2378923363762482,0.0256117027165754
ASIANPAINT,19,0.14156821332101766,-0.0722801272493496
ASTRAL,19,0.19982727950118676,-0.0208146555042395
AUBANK,19,0.29429540251159314,-0.0299775962100521
AUROPHARMA,19,0.1623396768301797,-0.0475108112726438
AXISBANK,19,0.12473847825681363,0.0205645438071724
BAJAJ-AUTO,19,0.10812007746447155,0.0070990612239723
BAJAJFINSV,19,0.0996949879921008,0.0365685634992334
BAJAJHLDNG,19,0.09850821354031275,0.0216267856498958
BAJFINANCE,19,0.1331403891872864,0.0675237960425275
BANDHANBNK,19,0.1446228951218127,0.0705770333224644
BANKBARODA,19,0.16972771904420555,-0.088129472102137
BANKINDIA,19,0.26874760478793663,0.0223202204454373
BDL,19,0.2255341653092343,-0.1371145494175779
BEL,19,0.19461619538280664,0.083092462328274
BHARATFORG,19,0.2493608677174838,0.075674068894056
BHARTIARTL,19,0.11917705139927377,0.0208696832387378
BHEL,19,0.18774458309502504,-0.0655519769717989
BIOCON,19,0.11832719029890518,0.0185169920649503
BLUESTARCO,19,0.17340334886521144,0.0873247521499418
BOSCHLTD,19,0.12659568416556513,-0.0295954640800063
BPCL,19,0.09289104140850561,0.0157613892914254
BRITANNIA,19,0.1432610360144158,0.0184882279195174
BSE,19,0.20449918900073272,0.0954183675672017
CAMS,19,0.09946182825049274,-0.0432293764303799
CANBK,19,0.22861634950030488,-0.0468124773323763
CDSL,19,0.1788457814278204,-0.0646037569876336
CGPOWER,19,0.23076128338549343,0.0192771974467117
CHOLAFIN,19,0.14569141433516003,-0.0350312159692963
CIPLA,19,0.13684735051327926,-0.04136295334604
COALINDIA,19,0.14464006584887573,-0.0518894118965032
COFORGE,19,0.2591796778972438,-0.0337786155289745
COLPAL,19,0.16092749696005654,-0.0184136080890342
CONCOR,19,0.11266227867828477,0.0345226079084439
CROMPTON,19,0.236635267546672,0.0770542146386455
CUMMINSIND,19,0.1622395087234991,0.0717215496580783
DABUR,19,0.14334575364439592,-0.013241333615839
DELHIVERY,19,0.21103815989921826,0.0669195076967716
DIVISLAB,19,0.15484157945580196,0.0127578363115108
DIXON,19,0.3379955935617683,0.0255155758919976
DLF,19,0.24896326739234756,-0.0398112892564808
DMART,19,0.1630130255649224,0.0097809921189307
DRREDDY,19,0.10056204922514836,0.0435375377538137
EICHERMOT,19,0.09208381291070591,0.0815790664048128
ETERNAL,19,0.2757888753211213,-0.0170128253760593
FEDERALBNK,19,0.15365616645439753,0.1199345150844208
FORTIS,19,0.21143825552289847,-0.0032421213917692
GAIL,19,0.09590817691036817,-0.0421472838252345
GLENMARK,19,0.1563642605471475,-0.0263536854031173
GMRAIRPORT,19,0.12034045149810241,0.0401861011913999
GODREJCP,19,0.18604300120929892,-0.0388832162859755
GODREJPROP,19,0.23891682348266172,0.0003614106880028
GRASIM,19,0.0931216770724501,0.0337341710425231
HAL,19,0.1708115888412615,0.0106619325845109
HAVELLS,19,0.08260398612106287,-0.062585383222689
HCLTECH,19,0.06454508895363349,0.0110996103739329
HDFCAMC,19,0.17393407255972143,0.0433553882630693
HDFCBANK,19,0.11067703476579097,0.0062247605698926
HDFCLIFE,19,0.07009725667173818,-0.0156091012090902
HEROMOTOCO,19,0.1123853291202639,-0.0014229336094543
HINDALCO,19,0.15648420189354756,0.0001730730539686
HINDPETRO,19,0.13943362679786478,-0.0571356696909631
HINDUNILVR,19,0.12892140208429675,-0.0611765974763941
HINDZINC,19,0.2574577572484159,0.0411849263766158
ICICIBANK,19,0.10843208017328079,-0.0302411935687676
ICICIGI,19,0.0965548241760284,-0.0202372973201527
ICICIPRULI,19,0.12930103965944312,-0.0038003863745462
IDEA,19,0.1444683200730986,-0.0224209222565904
IDFCFIRSTB,19,0.13985771027764682,-0.0272236105417601
IEX,19,0.19495301625682845,-0.0058771469959162
INDHOTEL,19,0.1728014800997223,-0.0035881426670957
INDIANB,19,0.20513290388916977,0.0363462147126766
INDIGO,19,0.18129965778141874,-0.0169641592118212
INDUSINDBK,19,0.18620715738023802,-0.0136848326873718
INDUSTOWER,19,0.18646541059511293,-0.0116538141551449
INFY,19,0.059618825524186445,0.0586998224232977
INOXWIND,19,0.26746690455828587,-0.0856428530591136
IOC,19,0.11694781823210176,0.0450923252938304
IREDA,19,0.23927503426879526,-0.029787047937818
IRFC,19,0.1859746142651142,-0.0485361341323657
ITC,19,0.22336540878853475,0.011047882196936
JINDALSTEL,19,0.213912778485588,-0.0143909818156902
JIOFIN,19,0.09627599936726516,-0.0314369621149458
JSWENERGY,19,0.13719843451923722,-0.0781234642852439
JSWSTEEL,19,0.11931863379279313,0.0406296555258085
JUBLFOOD,19,0.2152055264415387,0.0052208455360401
KALYANKJIL,19,0.31639582928447735,0.132526049360499
KAYNES,19,0.29835339405430383,0.0446065957413962
KEI,19,0.23395816722433338,-0.1127088670718939
KFINTECH,19,0.1783381481198628,-0.0199513795937271
KOTAKBANK,19,0.12578948062598078,-0.0318077431392593
KPITTECH,19,0.24544630573399062,-0.0565677320700335
LAURUSLABS,19,0.24815604712826392,0.0127195105183852
LICHSGFIN,19,0.12047247840759756,-0.0215146695733439
LICI,19,0.12822666843135302,0.0756993366814345
LODHA,19,0.36456014472938597,0.0558060456995435
LT,19,0.1378029399501837,0.0500000361498518
LTF,19,0.1878456085561252,0.0391133207961962
LTM,19,0.13753308022902266,-0.0054816923292615
LUPIN,19,0.10547431804590633,-0.0021628645518348
M&M,19,0.08917446091417211,-0.0041639714815662
MANAPPURAM,19,0.14131646697835262,-0.0349546674141429
MANKIND,19,0.15854799822186946,-0.000396620035691
MARICO,19,0.18804035634453156,-0.0200895321104396
MARUTI,19,0.11017927837842406,-0.0638263309370302
MAXHEALTH,19,0.1630727946780302,0.0359297215171663
MAZDOCK,19,0.19514572531049132,-0.0196594155367634
MFSL,19,0.26798358309401055,0.0348674160640679
MOTHERSON,19,0.14899203482847223,0.0994971275372162
MPHASIS,19,0.1756722051241622,-0.0223557061110234
MUTHOOTFIN,19,0.26462550362491105,-0.0710409694127792
NATIONALUM,19,0.2503736494149992,-0.1263842745774305
NAUKRI,19,0.21451984500802926,-0.0401862226478917
NBCC,19,0.16965800017475188,-0.0180459750787662
NESTLEIND,19,0.16856284396642482,-0.0063807379229361
NHPC,19,0.12265324805499246,0.0282391730166134
NMDC,19,0.17500535515101995,0.0675724366221375
NTPC,19,0.14381720672431772,-0.0085853757991484
NYKAA,19,0.2241755693105043,0.1242205395813509
OBEROIRLTY,19,0.09056604561642305,-0.0752197390882905
OFSS,19,0.19065375060752524,-0.0109469043855252
OIL,19,0.183572719935835,-0.0365662934745999
ONGC,19,0.13792145284921425,-0.0170111720035759
PAGEIND,19,0.14905346228094532,0.053351760531811
PATANJALI,19,0.13295671677249624,-0.0157461558795006
PAYTM,19,0.2287063040073045,-0.0056308007892704
PERSISTENT,19,0.24056068496855296,-0.0252130983874814
PETRONET,19,0.15594798514488795,-0.0442685091864368
PFC,19,0.20436530718464013,0.0671219458162084
PGEL,19,0.23095957643244802,0.0267713332314603
PHOENIXLTD,19,0.18608507754428363,-0.0229392660938262
PIDILITIND,19,0.11259158668332535,0.0256644124831485
PIIND,19,0.16358533283120535,-0.0118074353506654
PNB,19,0.20282059808107752,-0.0217701797372186
PNBHOUSING,19,0.1560438972599005,-0.1075296593351089
POLICYBZR,19,0.22241422837739594,-0.1205946388407609
POLYCAB,19,0.20673726453818933,-0.0165899119412138
POWERGRID,19,0.08684738623721296,-0.0327386787893797
POWERINDIA,19,0.24179461336235866,0.1139665820333482
PREMIERENE,19,0.2660416767845338,-0.0657137871808499
PRESTIGE,19,0.171868557482789,0.0492373793779545
RBLBANK,19,0.1840875431455652,-0.0568339066230402
RECLTD,19,0.2346504058148475,0.0015597817874121
RELIANCE,19,0.08098137694889244,-0.0268731613785433
RVNL,19,0.19903807433670312,-0.0328464412953815
SAIL,19,0.1871880066702591,-0.0457867725112374
SBICARD,19,0.2340844547006844,-0.0013094571921908
SBILIFE,19,0.136174231395394,-0.0025765136576543
SBIN,19,0.16294186312993067,0.0663718404197283
SHREECEM,19,0.10427921977472128,-0.0074827527860983
SHRIRAMFIN,19,0.21186001471323146,0.0153463862081064
SIEMENS,19,0.19892950420797262,-0.0557854101391116
SOLARINDS,19,0.19344073532060072,0.0290565582354594
SONACOMS,19,0.11354817518322889,0.0972514676262592
SRF,19,0.09999188024027018,-0.1197579113814608
SUNPHARMA,19,0.10187888682782206,0.024107712853475
SUPREMEIND,19,0.1578117331465314,0.0071390699170196
SUZLON,19,0.2183681746035428,-0.0221982522328376
SWIGGY,19,0.22353188140511343,-0.0057742044964493
TATACONSUM,19,0.0825810549293724,-0.0359011212816342
TATAELXSI,19,0.2552051215317936,-0.0317998141763327
TATAPOWER,19,0.11939631304744786,0.0162503551899311
TATASTEEL,19,0.1763690750863771,0.0336066521912046
TCS,19,0.09166764192066418,0.0198971170839059
TECHM,19,0.10196654150508076,0.0639483668260084
TIINDIA,19,0.19979379570158934,0.0375920501498531
TITAN,19,0.1137092441671036,0.0261748719656317
TMPV,19,0.17049745432453048,-0.0067521255269162
TORNTPHARM,19,0.19030809405898608,0.0502471294064619
TRENT,19,0.2585945568966634,0.1066171363770964
TVSMOTOR,19,0.14824629309761764,0.0303954774701572
ULTRACEMCO,19,0.10220451908679447,0.0323301293429305
UNIONBANK,19,0.17668851110314612,0.0747784340187107
UNITDSPR,19,0.16497365963718993,-0.0213389876977772
UNOMINDA,19,0.23587306287617185,-0.0451464297081978
UPL,19,0.1008531370600613,0.0541793441280121
VBL,19,0.18273182351009165,-0.0523100979951609
VEDL,19,0.2894100680144216,-0.0261068812480694
VOLTAS,19,0.15911200397769681,-0.001259577023252
WAAREEENER,19,0.20957021903929168,0.0361786760620854
WIPRO,19,0.09017889041296398,-0.0676657209829897
YESBANK,19,0.12330244732422344,-0.0541887349168035
ZYDUSLIFE,19,0.13795303712944215,-0.01801992426908
360ONE,20,0.2583170698147743,-0.0526740312186666
ABB,20,0.19901389552722967,-0.1127765024491468
ABCAPITAL,20,0.27010668950824956,0.0359183643920912
ADANIENSOL,20,0.22557470582103573,0.1134837895404873
ADANIENT,20,0.29511826874035185,0.0304782666748157
ADANIGREEN,20,0.2755570788587885,0.0255730905944667
ADANIPORTS,20,0.3238540687204721,0.063531885191485
ADANIPOWER,20,0.30176371156703746,0.0178040061653448
ALKEM,20,0.13822985172708913,-0.0115560477323862
AMBER,20,0.3307742220724389,-0.1368913336056325
AMBUJACEM,20,0.17432568418151503,-0.0477981530043056
ANGELONE,20,0.3284345005332308,0.1464356603643197
APLAPOLLO,20,0.17506871108851463,-0.0494023627518703
APOLLOHOSP,20,0.1940791791141204,0.0356976156752166
ASHOKLEY,20,0.2666697714086576,-0.0672214022631009
ASIANPAINT,20,0.15998918462452505,-0.0053782591606823
ASTRAL,20,0.15795292036142283,-0.0726391378912421
AUBANK,20,0.2591426715794045,-0.0317224350095987
AUROPHARMA,20,0.17407458633083814,-0.0314429477223962
AXISBANK,20,0.22904656080755942,-0.0513705242180724
BAJAJ-AUTO,20,0.2123519801752623,0.046402900021233
BAJAJFINSV,20,0.19267263253718847,-0.0046769878970335
BAJAJHLDNG,20,0.19685030996960692,0.0155487026942127
BAJFINANCE,20,0.21315873842842825,0.0164087231586749
BANDHANBNK,20,0.1825686615049683,0.1335072369996599
BANKBARODA,20,0.20255699751205813,-0.0157154225673032
BANKINDIA,20,0.1706928082377261,0.0111478408139339
BDL,20,0.19618785678519365,-0.0968864286668726
BEL,20,0.19346885151945034,-0.0244086648957049
BHARATFORG,20,0.30221010513349783,0.0658122592157816
BHARTIARTL,20,0.16360115601919795,0.0694430033824414
BHEL,20,0.23277112720853432,0.0873098204297545
BIOCON,20,0.13484758960071425,0.0330324948847253
BLUESTARCO,20,0.2287274691803037,-0.0296631776489544
BOSCHLTD,20,0.13996884702828827,-0.052738457928866
BPCL,20,0.20480623415527943,0.0327736797191501
BRITANNIA,20,0.16691391688136673,-0.0540338620142303
BSE,20,0.3299641807665203,0.0485539945434962
CAMS,20,0.22783160318653453,0.0516409991826121
CANBK,20,0.14177797941990777,-0.0437650649823546
CDSL,20,0.18017165897471013,-0.0395816516637794
CGPOWER,20,0.28493958072775954,0.0695143473030937
CHOLAFIN,20,0.22645973651467144,0.0661915828562744
CIPLA,20,0.2133748112802257,0.0998380934311229
COALINDIA,20,0.15431359672488332,0.0362405011173536
COCHINSHIP,20,0.284635403749704,-0.0863954459092873
COFORGE,20,0.36014497188557276,0.0733750567387838
COLPAL,20,0.14109562412725365,-0.0408470930829643
CONCOR,20,0.131360568723673,-0.0584420216795779
CROMPTON,20,0.2817138235095584,-0.0037624064129991
CUMMINSIND,20,0.21983014091253658,0.094869326568599
DABUR,20,0.1889937127001228,0.0580789762615461
DELHIVERY,20,0.24303786424208204,-0.0224417613648211
DIVISLAB,20,0.15848126304997856,-0.0152381256082966
DIXON,20,0.2305778069348439,0.0355319744209
DLF,20,0.23424754593203673,-0.0111169220232608
DMART,20,0.22711289558889508,-0.0513616566052688
DRREDDY,20,0.16687489822665788,-0.0222557682425468
EICHERMOT,20,0.1279821926171692,0.0811403410761555
ETERNAL,20,0.287247410516913,-0.0107410805827246
FEDERALBNK,20,0.19917572743246528,-0.0241373869525137
FORCEMOT,20,0.20409047269769098,-0.0049966043224667
FORTIS,20,0.1704970165504027,-0.0042632433765782
GAIL,20,0.11063586047512121,0.0298339367441532
GLENMARK,20,0.20973639678227182,-0.0642737239579794
GMRAIRPORT,20,0.14888599365486624,0.0356749491239053
GODFRYPHLP,20,0.2591669140356769,-0.0425311897422113
GODREJCP,20,0.21747676548503508,-0.0322330957221609
GODREJPROP,20,0.23462883487578068,-0.0268826941728803
GRASIM,20,0.09981239855697233,0.0710374385132365
HAL,20,0.25961370084225693,-0.0403470038122206
HAVELLS,20,0.14711762442652584,-0.0300633428489681
HCLTECH,20,0.1405310569977656,-0.108848746511924
HDFCAMC,20,0.22151210533848573,0.0945320805811041
HDFCBANK,20,0.16770075173312954,0.0205226679483654
HDFCLIFE,20,0.14308368034054586,-0.0033211512990775
HEROMOTOCO,20,0.1910238245351703,0.0139543492757754
HINDALCO,20,0.19509925006813789,0.0130638799825866
HINDPETRO,20,0.18495880436460566,0.0015275810609303
HINDUNILVR,20,0.22499703246294228,0.0093839978495834
HINDZINC,20,0.16697638095825476,0.040122007445759
HYUNDAI,20,0.24780920667056236,0.0362309361121249
ICICIBANK,20,0.19773936942005624,0.0316885013492542
ICICIGI,20,0.15454701339447285,0.0558507597157283
ICICIPRULI,20,0.16834591438743485,0.0201961264342135
IDEA,20,0.2295464557507264,0.0428301014642744
IDFCFIRSTB,20,0.20057588759643913,0.0141721797662138
IEX,20,0.19427687235441848,-0.0222311524992701
INDHOTEL,20,0.23821939167657405,-0.0522318422727257
INDIANB,20,0.17153915986982224,-0.0681354134465506
INDIGO,20,0.22526464277526986,-0.0052330606741158
INDUSINDBK,20,0.161905186546905,0.0359418859520235
INDUSTOWER,20,0.16425374131081388,-0.0333255776226518
INFY,20,0.1520319805949133,-0.1253557099784435
INOXWIND,20,0.24209354928015592,-0.13206965607859
IOC,20,0.1217811069087216,-0.0368619342043373
IREDA,20,0.18013601807831311,-0.0238622886136832
IRFC,20,0.20385379698731185,-0.0046500883834783
ITC,20,0.11829338741547742,-0.0278501760875434
JINDALSTEL,20,0.1984026274790101,0.0270839908970712
JIOFIN,20,0.17083036306443758,-0.0225091057340105
JSWENERGY,20,0.17625767359798786,-0.1031568677742414
JSWSTEEL,20,0.1234528850632862,0.0213466918239974
JUBLFOOD,20,0.23083639189796812,-0.0439141561115469
KALYANKJIL,20,0.24892767522372616,-0.0709212786499476
KAYNES,20,0.2757298286580816,-0.2417830775451261
KEI,20,0.2901673054588092,0.017666529510279
KFINTECH,20,0.20038631173188817,-0.0660104079309288
KOTAKBANK,20,0.13406797937942208,-0.0277980170242075
KPITTECH,20,0.3048335332196691,-0.0604636702803519
LAURUSLABS,20,0.19510647204072182,0.0691445325036465
LICHSGFIN,20,0.2211117929712818,-0.0420571303191791
LICI,20,0.11641964640089095,0.011824879734342
LODHA,20,0.2614478882384768,-0.0043392560752769
LT,20,0.2409422808881098,-0.001011583679115
LTF,20,0.17014366466124656,-0.0214076128765549
LTM,20,0.2771961376222697,-0.1030872849330469
LUPIN,20,0.08530270285047975,0.0167820771311247
M&M,20,0.22364405080366512,0.0645107290105693
MANAPPURAM,20,0.1708635683584706,0.0401870620368318
MANKIND,20,0.19258184682468915,0.032469783449069
MARICO,20,0.18717368795653544,0.0506078961779996
MARUTI,20,0.19951335634561915,0.0166891059615053
MAXHEALTH,20,0.15617025640708332,-0.0413657678102371
MAZDOCK,20,0.2254390737558465,-0.0254691399292356
MFSL,20,0.2642848803544962,-0.0608670356233403
MOTHERSON,20,0.23709007671327448,0.062996894377352
MOTILALOFS,20,0.2476797346383186,0.0083208774052039
MPHASIS,20,0.2684113547872618,0.0053029525561382
MUTHOOTFIN,20,0.19815369487752046,-0.009548974714871
NAM-INDIA,20,0.25031464691801636,-0.006504066400824
NATIONALUM,20,0.24912680286521277,-0.0757533681692068
NAUKRI,20,0.2230032216563661,-0.0028800412042373
NBCC,20,0.11314620756462455,0.0267680181871232
NESTLEIND,20,0.18938255563386264,0.0848283093467963
NHPC,20,0.15434407686903417,-0.0052120095586899
NMDC,20,0.16533506645826004,0.021046137344576
NTPC,20,0.09957693665902641,0.0023190894624189
NYKAA,20,0.2740813125307923,0.0212242457271036
OBEROIRLTY,20,0.11516814029617307,-0.0224331407147498
OFSS,20,0.2557171700882985,0.0877369533173614
OIL,20,0.1434365772858065,0.1301475189774976
ONGC,20,0.1766636538445098,-0.0552474633888528
PAGEIND,20,0.18033400784407946,0.0197672552516342
PATANJALI,20,0.12082269910949943,-0.006926337255097
PAYTM,20,0.2618062166487636,0.0740131512675488
PERSISTENT,20,0.2965211744298987,-0.0695320797431211
PETRONET,20,0.12872334878582403,0.0089303774001566
PFC,20,0.26773101980156233,0.0068547483547128
PGEL,20,0.26048177147089563,0.0240175274012903
PHOENIXLTD,20,0.1992301884837908,-0.0128670666162052
PIDILITIND,20,0.1497121951826629,0.0799835789252643
PIIND,20,0.1414825884923676,-0.0683285096543844
PNB,20,0.19958474834147286,0.0077382797337537
PNBHOUSING,20,0.22995790034255534,0.0948930207386321
POLICYBZR,20,0.26266454234583136,0.0080796491289018
POLYCAB,20,0.2761802276198678,0.0783287184704074
POWERGRID,20,0.10729619115682207,-0.0159904680953791
POWERINDIA,20,0.35725344506736134,-0.0122017212678406
PREMIERENE,20,0.18802719495022147,0.0200334485325721
PRESTIGE,20,0.15677970785373302,0.008277664636747
RBLBANK,20,0.17640346366324638,0.027302250117738
RECLTD,20,0.26046431445489154,-0.0277198428301096
RELIANCE,20,0.1570270017176644,0.0032776398391402
RVNL,20,0.15052595530471818,-0.0403416398941318
SAIL,20,0.27371728248387833,-0.0429166160448571
SBICARD,20,0.18751744207138188,-0.0491298748004028
SBILIFE,20,0.16677150509010322,-0.0798653623882691
SBIN,20,0.1075559073660361,-0.1150594170854426
SHREECEM,20,0.13254749912195077,0.0343014050059413
SHRIRAMFIN,20,0.18176893998563073,-0.0680055006015362
SIEMENS,20,0.2470187733348549,-0.0065506000453823
SOLARINDS,20,0.2995107570190814,0.1352777678367818
SONACOMS,20,0.3189902076422235,-0.0382745951530429
SRF,20,0.19019738277299375,0.0798221379696123
SUNPHARMA,20,0.1899667484140956,-0.0210103723018184
SUPREMEIND,20,0.1799400823906977,-0.0122506993919514
SUZLON,20,0.23100548364077383,0.0320376658615413
SWIGGY,20,0.2869907386531418,-0.0575659005988231
TATACONSUM,20,0.10640933278103903,0.1014374861539112
TATAELXSI,20,0.22696516698071953,-0.0488056369036303
TATAPOWER,20,0.1291769523326737,-0.0739276768039096
TATASTEEL,20,0.1970803969356419,-0.045406227683191
TCS,20,0.19519926989527878,-0.0057076832054712
TECHM,20,0.23583327240937765,-0.0559467149658016
TIINDIA,20,0.20707748519407496,-0.0648381990110172
TITAN,20,0.1434540041736529,-0.032459410544669
TMPV,20,0.2092615130305974,0.0581866182622046
TORNTPHARM,20,0.18616909850154417,0.0320938501322136
TRENT,20,0.2958402756049059,0.00354366816531
TVSMOTOR,20,0.21588089489372217,-0.0429002372095352
ULTRACEMCO,20,0.1892866594151986,-0.028959805430914
UNIONBANK,20,0.21308649733279883,-0.0750270295677093
UNITDSPR,20,0.2600416629732188,0.0578268513930091
UNOMINDA,20,0.22933718751196414,-0.0634728653991816
UPL,20,0.18797550222930182,-0.0352885244324985
VBL,20,0.22070361596748267,0.070131106975617
VMM,20,0.20912193163310935,-0.005373570869357
VOLTAS,20,0.27613511642318933,-0.0294939841213981
WAAREEENER,20,0.22097603590266154,-0.0669995902858614
WIPRO,20,0.20050869977092806,0.0075846801713089
YESBANK,20,0.13867302119521638,-0.0088334651306163
ZYDUSLIFE,20,0.2680263404321734,0.0292307148077891
360ONE,21,0.18881527429109654,0.0140346007939226
ABB,21,0.14207985868932785,0.0398893944939182
ABCAPITAL,21,0.177840634017073,0.0666752432042726
ADANIENSOL,21,0.2457322022213989,0.0011258385455211
ADANIENT,21,0.24803927333240938,0.0042323789175042
ADANIGREEN,21,0.21798104376656569,-0.1001202848861017
ADANIPORTS,21,0.11971403568503676,-0.0608935443530906
ADANIPOWER,21,0.14767796566637317,-0.0354570890431407
ALKEM,21,0.11549366751554413,-0.0194034592109982
AMBER,21,0.21763365090790981,0.0388749025205286
AMBUJACEM,21,0.07202874869655712,0.0239869785241499
ANGELONE,21,0.2622620231261122,-0.0152042792417746
APLAPOLLO,21,0.09819607833946138,0.0170994450768899
APOLLOHOSP,21,0.17718498438283806,-0.0353145295642365
ASHOKLEY,21,0.24587013709989058,0.0031053825156462
ASIANPAINT,21,0.09653305158938923,0.0132839761133968
ASTRAL,21,0.14417991726615417,0.1064518960196329
AUBANK,21,0.09297179478426192,0.0695818328255239
AUROPHARMA,21,0.12680956287868675,0.0222231689308486
AXISBANK,21,0.07811223770682027,-0.0368377529524529
BAJAJ-AUTO,21,0.10302833303434848,0.0534959464627807
BAJAJFINSV,21,0.0817096632393689,0.0878654953163902
BAJAJHLDNG,21,0.07494116264331657,0.0584887918087972
BAJFINANCE,21,0.15758711780357185,0.088115762261497
BANDHANBNK,21,0.15763604341746307,-0.1900138939088155
BANKBARODA,21,0.11833204470818887,-0.0069491528987243
BANKINDIA,21,0.10660705955805132,-0.042783119126689
BDL,21,0.20087182830629174,0.0299746889461594
BEL,21,0.12155936327812611,-0.0401329746583867
BHARATFORG,21,0.16911489832382554,-0.0711119626670808
BHARTIARTL,21,0.08380421826262319,0.0030463054824281
BHEL,21,0.21624124273802436,0.0457609460919407
BIOCON,21,0.11936509957942434,0.0226842490268486
BLUESTARCO,21,0.21111832338692912,-0.104608515191655
BOSCHLTD,21,0.14183656760308158,0.0741573009529679
BPCL,21,0.09444932736249906,-0.0244592640253149
BRITANNIA,21,0.14944715784673496,0.0060606146050178
BSE,21,0.21726816871807805,-0.0305506165714584
CAMS,21,0.16511079621271713,0.0205754504609151
CANBK,21,0.09946773376047087,-0.0074836178124633
CDSL,21,0.10946469090280363,0.0028162371680382
CGPOWER,21,0.19514366124534135,-0.0389764696235365
CHOLAFIN,21,0.15923887599430653,0.0456869337098494
CIPLA,21,0.146244899716627,-0.0151292661435635
COALINDIA,21,0.05989351143282318,-0.0395312463004472
COCHINSHIP,21,0.2294791915775352,-0.0321638152406936
COFORGE,21,0.21158783814953533,0.149689086081787
COLPAL,21,0.15719660661284945,-0.0237280736131971
CONCOR,21,0.15547634176032585,0.0609890254400485
CROMPTON,21,0.1932248119801311,-0.0482006064007263
CUMMINSIND,21,0.1851495481679802,-0.0268051139374668
DABUR,21,0.10552002074373251,-0.0025267043435805
DELHIVERY,21,0.16312549837900123,0.0213494296188829
DIVISLAB,21,0.23921908927149044,0.0697602841729745
DIXON,21,0.216388948385606,-0.026918090832434
DLF,21,0.13655168264479067,-0.0167932459044465
DMART,21,0.14734238853260404,-0.0404799328666566
DRREDDY,21,0.14323079582727766,-0.0471679651537721
EICHERMOT,21,0.1498379101597541,0.0184465787822709
ETERNAL,21,0.22366968960132916,0.0005977424270451
FEDERALBNK,21,0.13337496979323496,0.0706994316828787
FORCEMOT,21,0.19106348320984629,0.0202388394073157
FORTIS,21,0.09044890427018626,0.0244391952359548
GAIL,21,0.0625784215798073,-0.0028826742745766
GLENMARK,21,0.13947841620925697,-0.0134090503597109
GMRAIRPORT,21,0.14963793573344972,-0.0313479261419294
GODFRYPHLP,21,0.13980522326986694,-0.002473364603341
GODREJCP,21,0.09332069164853295,-0.0337673411259153
GODREJPROP,21,0.1619419362444458,-0.0022846653187614
GRASIM,21,0.20364824155914438,-0.0369380862035411
GVT&D,21,0.23182457976786378,-0.0005160244705868
HAL,21,0.22368924988732686,0.0036533134510066
HAVELLS,21,0.06934851716048619,0.0194399633740113
HCLTECH,21,0.24880160218416197,0.0163314355626115
HDFCAMC,21,0.25474568814200604,-0.0528897583793349
HDFCBANK,21,0.06890595722125818,-0.0580335845022381
HDFCLIFE,21,0.1106644723872024,-0.0093568537166814
HEROMOTOCO,21,0.15792298003511773,0.03251672211665
HINDALCO,21,0.12937326114331968,0.014005115009136
HINDPETRO,21,0.10540225841193862,-0.0504801035929494
HINDUNILVR,21,0.08211020756514183,-0.0090360287260145
HINDZINC,21,0.08745497294942763,-0.0107555390559536
HYUNDAI,21,0.10923905321559597,0.0887166310691958
ICICIBANK,21,0.08274879853024979,0.0313984327081897
ICICIGI,21,0.12672670092524677,-0.0898793371240644
ICICIPRULI,21,0.1430969720767124,-0.0192770311280208
IDEA,21,0.09374734696930485,0.0205210480838932
IDFCFIRSTB,21,0.11016235295832365,0.0720137653888606
IEX,21,0.11805179101982094,-0.0010807197150483
INDHOTEL,21,0.14041736237062064,-0.004107866455453
INDIANB,21,0.1837556220994743,0.0923087058919427
INDIGO,21,0.1913253004336741,-0.0613746703334654
INDUSINDBK,21,0.15401951620103968,-0.0245374767853272
INDUSTOWER,21,0.06796175425761476,-0.0220712301356357
INFY,21,0.20318146184215619,-0.0306078917382177
INOXWIND,21,0.22170336145394645,-0.0686191144326023
IOC,21,0.0428880404883411,0.0256139346451319
IREDA,21,0.11952107552452804,0.0045502886072665
IRFC,21,0.10861811902165432,0.0229499348631406
ITC,21,0.08101785833947124,0.0029521397509663
JINDALSTEL,21,0.0743865422581161,0.0200453808323829
JIOFIN,21,0.1373846559899357,0.0297597875922921
JSWENERGY,21,0.18277990352932508,-0.0183343097896397
JSWSTEEL,21,0.06155191707600507,0.0244626106050797
JUBLFOOD,21,0.230169090909983,0.0324947421566305
KALYANKJIL,21,0.28903411899049153,-0.0718423841385151
KAYNES,21,0.2747378796853672,-0.0420070928388421
KEI,21,0.11459599112215248,0.1413255784347034
KFINTECH,21,0.15139919409540806,0.0810046879408133
KOTAKBANK,21,0.07420349414720348,0.0238878315415473
KPITTECH,21,0.2744903014554906,0.0130187360628796
LAURUSLABS,21,0.25581577757292345,0.0850295328930623
LICHSGFIN,21,0.08071847868622806,-0.0413821154630608
LICI,21,0.19464340342254421,0.0071198220428844
LODHA,21,0.22584846144012935,0.0331414545334297
LT,21,0.10119385045183597,0.0381596180998562
LTF,21,0.2660024491479119,0.0328418240127257
LTM,21,0.29193186516870395,0.0540890550744769
LUPIN,21,0.09889895594022408,-0.0193995871648402
M&M,21,0.13704461420347452,0.0390719333475731
MANAPPURAM,21,0.199222817483323,-0.0387853685494636
MANKIND,21,0.13774153025974245,-0.0573728976249808
MARICO,21,0.2079561823023311,-0.02120954482063
MARUTI,21,0.060417592566283734,0.0145475815487633
MAXHEALTH,21,0.12313851020533592,-0.0301314866493992
MAZDOCK,21,0.1344369521465555,0.0371597246187915
MFSL,21,0.1974842088585412,0.0259590827765918
MOTHERSON,21,0.15645896649248642,0.1134934129499654
MOTILALOFS,21,0.13939419076817808,-0.0981022187086696
MPHASIS,21,0.17922470837703092,-0.037918669419976
MUTHOOTFIN,21,0.1370233154939864,-0.0436804900154568
NAM-INDIA,21,0.17847637610715997,-0.0667343265416305
NATIONALUM,21,0.12784846465896282,0.0695967849696812
NAUKRI,21,0.1924635002422219,0.0952619767717234
NBCC,21,0.08476342890005062,-0.0334826505106384
NESTLEIND,21,0.1551712571030402,0.0019957206222734
NHPC,21,0.05563743247204754,-0.001224761783678
NMDC,21,0.08948862634032535,-0.0045029473590604
NTPC,21,0.06523900385076796,0.0009317719479984
NYKAA,21,0.2577147136307163,0.0066586502640935
OBEROIRLTY,21,0.1406663927993344,-0.0023712767340402
OFSS,21,0.24608413819804242,-0.0668469228884659
OIL,21,0.13334037502121487,0.0203325276496009
ONGC,21,0.07209526186679624,-0.0096233131932558
PAGEIND,21,0.11097326615677318,-0.0438248919590247
PATANJALI,21,0.18605255690399955,0.0037146168219376
PAYTM,21,0.2828647376106128,-0.0448748945531066
PERSISTENT,21,0.2740267636600872,-0.0027270181036624
PETRONET,21,0.04408059101181119,-0.0023908156242617
PFC,21,0.1409463665219014,-0.0781915014809753
PGEL,21,0.20914836054639152,0.0307644902612327
PHOENIXLTD,21,0.18549675714034783,-0.0494023427592638
PIDILITIND,21,0.11128838402737065,0.0333791352292236
PIIND,21,0.14850465249777145,-0.1066156518394404
PNB,21,0.075476173737581,0.064722736983855
PNBHOUSING,21,0.13228591114538085,0.0643836140555917
POLICYBZR,21,0.17162011905263214,-0.0306821713271305
POLYCAB,21,0.21931325948762784,-0.0718704541558593
POWERGRID,21,0.07619410505340539,-0.0574074171368297
POWERINDIA,21,0.21836345225979317,0.1123396957611752
PREMIERENE,21,0.135717145879782,0.010507046718023
PRESTIGE,21,0.19353153213792876,-0.0293470177147582
RADICO,21,0.23766893911969217,0.0676176112268069
RBLBANK,21,0.11574334004211335,-0.0112646059760807
RECLTD,21,0.1539631195476656,0.0208016775244417
RELIANCE,21,0.0561240850194231,0.0213600677460797
RVNL,21,0.16402538420965876,-0.0145169212336532
SAIL,21,0.10760369299390021,0.0039969850892769
SBICARD,21,0.1462796340104572,0.0294618683459439
SBILIFE,21,0.09518985503045986,0.0330670551870031
SBIN,21,0.10040862698272714,0.0158012939514239
SHREECEM,21,0.08229615120464072,0.0073563114835223
SHRIRAMFIN,21,0.15118107038774767,-0.0184146849094287
SIEMENS,21,0.2195310707345735,0.0201507473280143
SOLARINDS,21,0.1692014904943403,0.0655060168009221
SONACOMS,21,0.3414864494985743,-0.020321502285906
SRF,21,0.11463495371626334,-0.0862693152069833
SUNPHARMA,21,0.10936850306256876,-0.0132330941109728
SUPREMEIND,21,0.20421977942455397,0.0069493975520098
SUZLON,21,0.13782362853463417,-0.091748176217809
SWIGGY,21,0.16700295865918519,0.062770041802278
TATACONSUM,21,0.11895563110117731,0.0117368489833102
TATAELXSI,21,0.28917768200730654,-0.0447556986142779
TATAPOWER,21,0.06276035471210269,-0.0126734835625622
TATASTEEL,21,0.05227714763862469,0.0383567744323751
TCS,21,0.2665001215670166,-0.012788850065074
TECHM,21,0.20035026963060534,0.0588903029815714
TIINDIA,21,0.12720212765439382,-0.0346185165070389
TITAN,21,0.11742538731911739,0.0361765681743516
TMPV,21,0.12920300674992694,-0.037183839013542
TORNTPHARM,21,0.2517023444752186,0.0461021535177985
TRENT,21,0.22730103562783074,-0.0355800693132444
TVSMOTOR,21,0.18255343305358113,0.0789551452556975
ULTRACEMCO,21,0.06486102803112477,0.027316475657159
UNIONBANK,21,0.2284605434059806,-0.0092794801672531
UNITDSPR,21,0.15817986570683434,0.0162372895927499
UNOMINDA,21,0.13655501721071775,0.0577839043187407
UPL,21,0.1432218554494856,-0.0325668163356893
VBL,21,0.13801530976502224,-0.0183066581155288
VEDL,21,0.15243346462630877,0.0190499579459807
VMM,21,0.14907970322216657,-0.0492364017814698
VOLTAS,21,0.0964306133937023,-0.016862227647474
WAAREEENER,21,0.13308453993735936,-0.0423065043704139
WIPRO,21,0.14402919765559924,-0.0061537307063634
YESBANK,21,0.06946458545958388,-0.0255377843064151
ZYDUSLIFE,21,0.15662931077037878,0.0804060151087389
