symbol,company,quarter,qn,period,quarter_end,results_date,results_time,timing,industry,peer_group,sector_index,fin_type,mcap,cutoff,day_m1,result_day,day_p1,reaction_day,i_cut,i_m1,i_rd,i_p1,i_react,ret_dm1,ret_rd,ret_dp1,three_day,move,gap,sector_3d,nifty_3d,excess_nifty,excess_sector,in_fo,sales_yoy,pat_yoy,sales_qoq,pat_qoq,pe,next5,next20,next20_vs_nifty,fo,grp,r_react,n_react,ex_react,n_inc,n_exc,raw,nif,sec,net,vsn,vss,frac
BAJFINANCE,Bajaj Finance Limited,Q4 FY21,0,Jan-Mar 2021,2021-03-31,2021-04-27,17:39,After close,Finance,NBFCs,Nifty Financial Services,NBFC / financial,280488.102,2021-04-23,2021-04-26,2021-04-27,2021-04-28,2021-04-28,1346,1347,1348,1349,1349,0.0147285659197051,0.0271294507605746,0.0854770249021077,0.1273350415823875,0.0854770249021077,0.0102671092794524,0.0518036022379209,0.0360520027308206,0.0912830388515668,0.0755314393444666,True,-0.0520246091512167,0.4203565024786415,0.0292212279826686,0.1750990418680955,69.75095044363984,0.044357969285538,0.0759908348955664,0.0441499786301564,True,NBFCs,0.085477,0.014433855067716328,0.07104314493228367,2,1,0.07599072198930235,0.03184085626541,0.02488505120092288,0.07429072198930235,0.042249865723892346,0.049405670788379465,0.17346938775510204
BHARATFORG,Bharat Forge Limited,Q4 FY21,0,Jan-Mar 2021,2021-03-31,2021-06-04,11:53,During market,Castings/Forgings,,Nifty Auto,Company,32478.04125,2021-06-02,2021-06-03,2021-06-04,2021-06-07,2021-06-04,1373,1374,1375,1376,1375,-0.0022939068100358,0.0790343440149445,-0.0011985617259288,0.0755418754789799,0.0790343440149445,0.0037361689897974,0.0148595230006206,0.0112420027297256,0.0642998727492543,0.0606823524783592,True,0.1957174939894048,,0.2087723890103423,,,-0.0123999999999998,0.0278666666666664,0.0226164230413954,True,Nifty Auto,0.0790343,-0.0012810421692314167,0.08031534216923142,10,9,0.027966439370295415,0.0033151991831656957,-0.004680623151619545,0.026266439370295415,0.02275124018712972,0.03094706252191496,0.9183673469387755
BOSCHLTD,Bosch Limited,Q4 FY21,0,Jan-Mar 2021,2021-03-31,2021-05-20,13:18,During market,Auto Ancillaries,,Nifty Auto,Company,42614.67195,2021-05-18,2021-05-19,2021-05-20,2021-05-21,2021-05-20,1362,1363,1364,1365,1364,0.0228365010328326,0.0720710663676249,-0.0351922907016369,0.0597152766988205,0.0720710663676249,-0.0007137758743753,-0.0010601620562115,0.0046469141615056,0.0550683625373149,0.0607754387550321,True,0.4376651302936694,4.971449758991472,0.0614693494936693,1.6222523744911803,534.4202652370204,-0.0120158423354033,-0.0050267690989426,-0.038505514164938,True,Nifty Auto,0.0720711,-0.008256737291377658,0.08032783729137766,6,5,-0.02814308752505712,0.05268666078538575,0.02900336384260349,-0.02984308752505712,-0.08272974831044287,-0.05884645136766061,0.673469387755102
CONCOR,Container Corporation of India Limited,Q4 FY21,0,Jan-Mar 2021,2021-03-31,2021-05-21,17:52,After close,Travel And Transport,,Nifty Services Sector,Company,36542.7675,2021-05-19,2021-05-20,2021-05-21,2021-05-24,2021-05-24,1363,1364,1365,1366,1366,-0.0135889954147561,-0.0084516565246788,0.0812308216842823,0.0591901697448473,0.0812308216842823,-0.0300034094783498,0.0205370153592791,0.0112824809920674,0.0479076887527799,0.0386531543855682,True,0.2350423843818445,-0.9176938880328712,0.1074203827063371,-0.89055363469501,46.19702093499532,0.0782814347654712,0.0778872684272771,0.0417765411461754,True,Nifty Services Sector,0.0812308,0.0014760828451498842,0.07975471715485012,4,3,0.07788726920644229,0.03611072728110165,0.024783153283779447,0.0761872692064423,0.03987654192534064,0.05140411592266284,0.7346938775510204
GODREJCP,Godrej Consumer Products Limited,Q4 FY21,0,Jan-Mar 2021,2021-03-31,2021-05-11,15:41,After close,Personal Care,FMCG,Nifty FMCG,Company,71789.725,2021-05-07,2021-05-10,2021-05-11,2021-05-12,2021-05-12,1356,1357,1358,1359,1359,0.0101837345107533,0.0097990835389496,0.2187238201619659,0.2387066382116689,0.2187238201619659,0.0820999720748394,-0.0019315380275807,-0.0084754323157143,0.2471820705273832,0.2406381762392496,True,0.2678707400872873,0.5913005654632448,-0.1062636233316534,-0.271351179094965,45.296631290697086,-0.065704301999198,0.0147791716789829,-0.0560710307501668,True,FMCG,0.218724,-0.0103866808073666,0.2291106808073666,6,5,0.014779217375052944,0.07085020242914974,0.04914937722785662,0.013079217375052944,-0.0579709850540968,-0.03607015985280367,0.47959183673469385
ICICIPRULI,ICICI Prudential Life Insurance Company Limited,Q4 FY21,0,Jan-Mar 2021,2021-03-31,2021-04-19,18:38,After close,Insurance,Insurers,Nifty Financial Services,,,2021-04-15,2021-04-16,2021-04-19,2021-04-20,2021-04-20,1341,1342,1343,1344,1344,-0.0108552631578947,0.0022170491076376,0.0572945470633778,0.0486563330131207,0.0572945470633778,0.0297533458688197,-0.0304161571641345,-0.019571532480333,0.0682278654934538,0.0790724901772553,True,,,,,,0.0897583429229,0.133800606758029,0.0911570041727629,True,Insurers,0.0572945,-0.00439083669639162,0.06168533669639162,1,0,0.13380043390465812,0.042643602585266116,0.06100347806273909,0.13210043390465812,0.08925683131939201,0.07109695584191904,0.04081632653061224
MOTHERSON,Samvardhana Motherson International Limited,Q4 FY21,0,Jan-Mar 2021,2021-03-31,2021-06-02,12:49,During market,Auto Ancillaries,,Nifty Auto,Company,75852.758,2021-05-31,2021-06-01,2021-06-02,2021-06-03,2021-06-02,1371,1372,1373,1374,1373,-0.0120732722731056,0.1340075853350191,-0.0689334819769602,0.0530008310849532,0.1340075853350191,0.0021070375052676,0.0149086059022393,0.0069049886486843,0.0460958424362688,0.0380922251827139,True,0.1195892882469549,2.891482168175373,-0.0070516555857442,-0.1061649840927878,149.05531254298572,-0.0153661943723809,-0.0229495110756339,-0.0222898699586415,True,Nifty Auto,0.134008,8.667820235830348e-05,0.13392132179764168,9,8,-0.10033458528143835,0.009328334253540627,-0.004451644713671876,-0.10203458528143834,-0.11156291953497897,-0.09758294056776647,0.9081632653061225
MUTHOOTFIN,Muthoot Finance Limited,Q4 FY21,0,Jan-Mar 2021,2021-03-31,2021-06-02,14:37,During market,Finance,NBFCs,Nifty Financial Services,NBFC / financial,52619.94924,2021-05-31,2021-06-01,2021-06-02,2021-06-03,2021-06-02,1371,1372,1373,1374,1373,-0.0020585544373282,0.0809840323936128,0.0684147289561099,0.1473402069123944,0.0809840323936128,-0.0010696004278402,0.0070440311059408,0.0069049886486843,0.14043521826371,0.1402961758064536,True,0.1801910813981513,0.2298127134901026,0.0345613013132566,0.0150621593971553,14.560848116261091,-0.0196136799629558,-0.0273533108420985,-0.0266936697251062,True,NBFCs,0.080984,8.667820235830348e-05,0.0808973217976417,8,7,0.047176341620650764,0.009328334253540627,-0.010663995403502158,0.04547634162065076,0.03594800736711014,0.05614033702415292,0.9081632653061225
TVSMOTOR,TVS Motor Company Limited,Q4 FY21,0,Jan-Mar 2021,2021-03-31,2021-04-27,18:43,After close,Automobiles - 2 And 3 Wheelers,,Nifty Auto,Company,25313.328,2021-04-23,2021-04-26,2021-04-27,2021-04-28,2021-04-28,1346,1347,1348,1349,1349,0.0373498498498501,0.0246064772932872,0.1403849549708635,0.2023412821140009,0.1403849549708635,0.0683383365707224,0.0283809542206321,0.0360520027308206,0.1662892793831802,0.1739603278933688,True,0.4938692380216871,3.1876012965964344,0.006068998557813,0.0930724484399789,70.36757568176132,-0.0649581913905233,0.0070455249303189,-0.024795331335091,True,Nifty Auto,0.140385,0.014433855067716328,0.12595114493228368,2,1,0.00704559306134378,0.03184085626541,0.062249911360988675,0.00534559306134378,-0.02669526320406622,-0.056904318299644895,0.17346938775510204
UPL,UPL Limited,Q4 FY21,0,Jan-Mar 2021,2021-03-31,2021-05-12,15:49,After close,Pesticides And Agrochemicals,,Nifty Commodities,Company,51606.9,2021-05-10,2021-05-11,2021-05-12,2021-05-14,2021-05-14,1357,1358,1359,1360,1360,0.0144530091906314,0.0106670563308248,0.074676498228873,0.0997965637503293,0.074676498228873,0.026530759777344,-0.0244070973907849,-0.0177893197791961,0.1175858835295254,0.1242036611411142,True,0.1485503994255452,0.7228525121555915,0.4021477098400174,0.3387909319899245,21.28119587628866,0.0491726086371586,0.1235705637024082,0.0471592486551939,True,Nifty Commodities,0.0746765,-0.001272411798727613,0.07594891179872762,4,3,0.12357055987924337,0.07641131504721432,0.07778152497164048,0.12187055987924338,0.04525924483202905,0.04408903490760289,0.5612244897959183
WIPRO,Wipro Limited,Q4 FY21,0,Jan-Mar 2021,2021-03-31,2021-04-15,15:45,After close,Computers - Software,IT services,Nifty IT,Company,247252.53,2021-04-12,2021-04-13,2021-04-15,2021-04-16,2021-04-16,1339,1340,1341,1342,1342,-0.0315533980582525,0.028046306241795,0.0893893661481308,0.0858822743316733,0.0893893661481308,0.0255398188994659,-0.0145479264586118,0.0213369752620982,0.0645452990695751,0.1004302007902852,True,0.0314212247230245,0.2778040496969176,0.0367198468410976,0.0014487870619945,24.359375184725423,0.0236572890025574,0.0828005115089514,0.0492627477475227,True,IT services,0.0893894,0.002496322382204763,0.08689307761779523,3,2,0.08280055449716772,0.033537763761428696,-0.0139278781685781,0.08110055449716773,0.04736279073573903,0.09502843266574583,0.02040816326530612
APOLLOHOSP,Apollo Hospitals Enterprise Limited,Q1 FY22,1,Apr-Jun 2021,2021-06-30,2021-08-13,19:08,After close,Miscellaneous,,Nifty 500,Company,57890.8603,2021-08-11,2021-08-12,2021-08-13,2021-08-16,2021-08-16,1422,1423,1424,1425,1425,0.0265128466228719,-0.0166944908180302,0.0691419994586748,0.0789603552635165,0.0691419994586748,0.0201520631874216,0.013947184411442,0.0171638551462081,0.0617965001173084,0.0650131708520744,True,0.7316186967533962,,0.3111142104987885,1.9149836163240987,385.0150325884545,0.1140710225311263,0.1028629950979251,0.0451200069405506,True,,0.069142,0.0020539533307923907,0.0670880466692076,-1,-1,0.10286313745177833,0.05774298815737455,0.06749793899422918,0.10116313745177834,0.04322014929440378,0.03366519845754915,0.9914529914529915
ASIANPAINT,Asian Paints Limited,Q1 FY22,1,Apr-Jun 2021,2021-06-30,2021-07-20,13:53,During market,Paints,Consumer brands,Nifty Consumer Durables,Company,286733.656,2021-07-16,2021-07-19,2021-07-20,2021-07-22,2021-07-20,1405,1406,1407,1408,1407,-0.0024587696116148,0.0593906671808717,-0.0165556100726484,0.0403762874966083,0.0593906671808717,0.0047116819530843,0.00813787714422,-0.0060966237367156,0.0464729112333239,0.0322384103523882,True,0.9110536292281688,1.6024261844815748,-0.1602768126553237,-0.3328482743243401,91.33710361260032,-0.0351814597247928,0.0019956546229986,-0.0375928198825799,True,Consumer brands,0.0593907,-0.00763693151519762,0.06702763151519761,1,0,-0.049856747810968716,0.0599247701844281,0.04773141632686029,-0.051556747810968716,-0.11168151799539681,-0.099288164137829,0.09401709401709402
BHARATFORG,Bharat Forge Limited,Q1 FY22,1,Apr-Jun 2021,2021-06-30,2021-08-12,12:53,During market,Castings/Forgings,,Nifty Auto,Company,34959.8758,2021-08-10,2021-08-11,2021-08-12,2021-08-13,2021-08-12,1421,1422,1423,1424,1423,0.0424880127863613,0.0572377667049954,-0.0094259818731117,0.0902997976182451,0.0572377667049954,0.0054938035007026,0.0019320756177882,0.0152419648862813,0.0750578327319637,0.0883677220004568,True,0.8260759947704537,,0.0119202112107021,-0.5636064629029651,,-0.1220568500670977,-0.0483713553739171,-0.0998502622714494,True,Nifty Auto,0.0572378,0.005045371493497486,0.05219242850650251,7,6,-0.06404824423435085,0.060552174231869094,-0.00593288181876217,-0.06574824423435084,-0.12650041846621995,-0.05981536241558868,0.8803418803418803
CHOLAFIN,Cholamandalam Investment and Finance Company Limited,Q1 FY22,1,Apr-Jun 2021,2021-06-30,2021-07-30,15:51,After close,Finance,NBFCs,Nifty Financial Services,NBFC / financial,39467.0385,2021-07-28,2021-07-29,2021-07-30,2021-08-02,2021-08-02,1412,1413,1414,1415,1415,0.0125753481604655,-0.023401416401519,0.1065685759327379,0.0957425076916844,0.1065685759327379,-0.0044140830267997,0.0057698971737091,0.0111654056113453,0.084577102080339,0.0899726105179753,True,0.1675754510597256,-0.2382332483190354,0.0009558879876743,0.3403092236772325,25.950474402640616,-0.010922214835217,0.0524266312090413,-0.0260775063030376,True,NBFCs,0.106569,0.007745962868860978,0.09882303713113902,6,5,0.05242668267355666,0.07850413751207896,0.09257507005934262,0.05072668267355666,-0.027977454838522306,-0.041848387385785966,0.5128205128205128
JUBLFOOD,Jubilant Foodworks Limited,Q1 FY22,1,Apr-Jun 2021,2021-06-30,2021-07-21,13:59,Non-trading day,Food And Food Processing,FMCG,Nifty FMCG,Company,40681.423785,2021-07-19,2021-07-20,2021-07-22,2021-07-23,2021-07-22,1406,1407,1408,1409,1408,-0.0058877913483529,0.1192527329091204,0.0406419918657707,0.1540069334265382,0.1192527329091204,0.0465002447381301,0.010434577183966,0.0066645271089131,0.147342406317625,0.1435723562425722,True,1.299601117478665,,-0.1393911661951659,-0.3405482269328622,175.60331867001975,0.0576575566979982,0.0622102063400895,0.021821837231768,True,FMCG,0.119253,0.012279220322285456,0.10697377967771454,2,1,0.1569265378783551,0.039588474505578564,0.06431931744228381,0.15522653787835508,0.11543806337277653,0.09090722043607129,0.15384615384615385
MPHASIS,MphasiS Limited,Q1 FY22,1,Apr-Jun 2021,2021-06-30,2021-07-22,21:13,After close,Computers - Software,IT services,Nifty IT,Company,43821.83972,2021-07-19,2021-07-20,2021-07-22,2021-07-23,2021-07-23,1406,1407,1408,1409,1409,0.0109697797507255,0.0122018154950391,0.0553724868607659,0.0785440821065306,0.0553724868607659,0.0699090681571701,0.0214777950569723,0.0066645271089131,0.0718795549976174,0.0570662870495582,True,0.1759538225008674,0.2347054867964304,0.0659795276520105,0.0717844352943031,36.01385572873222,0.0275082504989823,0.1330948757978776,0.092706506689556,True,IT services,0.0553725,0.002022238301825352,0.053350261698174646,6,5,0.13309476146973465,0.04038836910832155,0.13465777756963715,0.13139476146973464,0.0908063923614131,-0.0032630160999025035,0.18803418803418803
SIEMENS,Siemens Limited,Q1 FY22,1,Apr-Jun 2021,2021-06-30,2021-08-10,21:36,After close,Electrical Equipment,,Nifty 500,Company,74245.58000000002,2021-08-06,2021-08-09,2021-08-10,2021-08-11,2021-08-11,1419,1420,1421,1422,1422,-0.0079355565678119,-0.004494925084582,0.0639413506821382,0.0515108690297442,0.0639413506821382,-0.0387192309559643,-0.0056061367438786,0.0027107389180496,0.0488001301116945,0.0571170057736228,True,1.1985613667016333,,-0.1577345925309298,-0.5846291866028708,77.48442913796704,0.0161084238386415,0.0178652915944146,-0.0488945235416997,True,,0.0639414,0.00013206307086566227,0.06380933692913433,-1,-1,0.017865352604592877,0.0667598151361144,0.06917425440761593,0.016165352604592877,-0.05079446253152152,-0.053008901803023055,0.8461538461538461
SUNPHARMA,Sun Pharmaceutical Industries Limited,Q1 FY22,1,Apr-Jun 2021,2021-06-30,2021-07-30,13:55,During market,Pharmaceuticals,Pharma,Nifty Pharma,Company,165023.854,2021-07-28,2021-07-29,2021-07-30,2021-08-02,2021-07-30,1412,1413,1414,1415,1414,0.0220994475138123,0.1009246088193456,0.001356676787906,0.124380733121064,0.1009246088193456,-7.112375533424586e-05,0.0365366671718737,0.0111654056113453,0.1132153275097186,0.0878440659491902,True,0.2812682508816453,,0.1402983463530362,0.6151316893138736,56.82991852112045,0.0178064516129032,0.0245806451612906,-0.0539234923507883,True,Pharma,0.100925,-0.0009760147543010911,0.10190101475430109,4,3,0.017120050940792053,0.07409733522383033,-0.014058633096018736,0.015420050940792053,-0.058877284283038275,0.02947868403681079,0.4444444444444444
TECHM,Tech Mahindra Limited,Q1 FY22,1,Apr-Jun 2021,2021-06-30,2021-07-29,15:32,After close,Computers - Software,IT services,Nifty IT,Company,97962.29,2021-07-27,2021-07-28,2021-07-29,2021-07-30,2021-07-30,1411,1412,1413,1414,1414,-0.0011598340545121,0.0073690322004376,0.0724862564284447,0.0786954545743702,0.0724862564284447,0.0507182124490157,0.0195677152821871,0.0010665314513679,0.0776289231230022,0.059127739292183,True,0.1198341464748466,0.3916916870178779,0.048068325470971,0.2513408544479378,22.122706245602547,0.0455127940143029,0.1733289239799929,0.0992315887561625,True,IT services,0.0724863,-0.0009760147543010911,0.0734623147543011,8,7,0.17332915424072604,0.07409733522383033,0.11906640573096161,0.17162915424072603,0.09733181901689571,0.052562748509764425,0.4444444444444444
APOLLOHOSP,Apollo Hospitals Enterprise Limited,Q2 FY22,2,Jul-Sep 2021,2021-09-30,2021-11-12,19:50,After close,Miscellaneous,,Nifty 500,Company,65460.8773,2021-11-10,2021-11-11,2021-11-12,2021-11-15,2021-11-15,1483,1484,1485,1486,1486,0.0031628540364825,0.0223876512124363,0.088114359139094,0.1136648643880129,0.088114359139094,0.0281186422529178,0.0046805881640021,0.0052205322176795,0.1084443321703333,0.1089842762240107,True,0.3464132545133156,3.126596980255517,-0.0114727634892731,-0.4916816546762589,77.20990917990636,0.0734705124041765,0.0257924207087258,0.0691151058261645,True,,0.0881144,0.00037010951374805146,0.08774429048625194,-1,-1,0.025792615337931757,-0.04332268511743864,-0.03523145594705179,0.024092615337931757,0.0672153004553704,0.05932407128498355,0.992
ASHOKLEY,Ashok Leyland Limited,Q2 FY22,2,Jul-Sep 2021,2021-09-30,2021-11-12,19:28,After close,Automobiles - 4 Wheelers,,Nifty Auto,Company,43636.2075,2021-11-10,2021-11-11,2021-11-12,2021-11-15,2021-11-15,1483,1484,1485,1486,1486,-0.0151362260343087,-0.0047814207650274,0.0439258750857927,0.0240082282864565,0.0439258750857927,0.0010295126973232,-0.0119622361540787,0.0052205322176795,0.0187876960687769,0.0359704644405353,True,0.4437324155687752,,0.3607190995843823,,,-0.1120973044049966,-0.1719263642340562,-0.1286036791166176,True,Nifty Auto,0.0439259,0.00037010951374805146,0.043555790486251945,11,10,-0.17192629896287792,-0.04332268511743864,-0.06121846564536071,-0.17362629896287793,-0.1305036138454393,-0.1124078333175172,0.992
BEL,Bharat Electronics Limited,Q2 FY22,2,Jul-Sep 2021,2021-09-30,2021-10-29,13:08,During market,Electronics - Industrial,,Nifty India Manufacturing,Company,50449.803,2021-10-27,2021-10-28,2021-10-29,2021-11-01,2021-10-29,1474,1475,1476,1477,1476,-0.0326008210577155,0.0327009485771341,-0.030456852791878,-0.0303567252724594,0.0327009485771341,-0.0124812780828756,0.0007483706819335,-0.0152162627494049,-0.0151404625230545,-0.031105095954393,True,0.1511028905496927,0.5650234329966668,1.230919468419999,24.58213846784105,24.377067106051527,0.100972326103216,0.026427324856644,0.0689685903024279,True,Nifty India Manufacturing,0.0327009,-0.010393537638774042,0.04309443763877404,6,5,-0.014986721691957694,-0.03895787886247182,-0.04445539501240736,-0.016686721691957694,0.022071157170514125,0.027768673320449667,0.568
EICHERMOT,Eicher Motors Limited,Q2 FY22,2,Jul-Sep 2021,2021-09-30,2021-11-03,17:46,After close,Automobiles - 4 Wheelers,,Nifty Auto,Company,69990.4,2021-11-01,2021-11-02,2021-11-03,2021-11-04,2021-11-04,1477,1478,1479,1480,1480,-0.00685546875,-0.0081024208932328,0.0554156670698098,0.0404577774265768,0.0554156670698098,0.023058468981105,0.0131457309656286,-0.0006967453493216,0.0411545227758984,0.0273120464609482,True,0.0543494563179602,0.0869691850643676,0.1394215671377197,0.5738202673638932,42.697901415324544,0.0230688307784792,-0.0817177637511269,-0.0256502740208179,True,Nifty Auto,0.0554157,0.004913288313552977,0.05050241168644702,5,4,-0.08171775539556547,-0.05606748973030895,-0.08470327922695298,-0.08341775539556547,-0.02755026566525652,0.0012855238313875044,0.736
FEDERALBNK,The Federal Bank  Limited,Q2 FY22,2,Jul-Sep 2021,2021-09-30,2021-10-22,12:59,During market,Banks,Banks,Nifty Bank,Bank,18765.22,2021-10-20,2021-10-21,2021-10-22,2021-10-25,2021-10-22,1469,1470,1471,1472,1471,0.027127659574468,0.0761263593992751,-0.0134744947064485,0.0897795242672946,0.0761263593992751,0.0067322630761263,0.0418311996424891,-0.0077419858399826,0.0975215101072772,0.0479483246248054,True,-0.0311505490409702,0.4961966062024574,0.0070149089164439,0.2531242342563096,12.053557893655016,-0.0439024390243901,-0.0921951219512193,-0.0530042627150092,True,Banks,0.0761264,-0.0034767109873967694,0.07960311098739677,2,1,-0.10731487060298328,-0.033759501846546414,-0.07565907352137013,-0.10901487060298327,-0.07545536875643687,-0.033355797081613146,0.192
ICICIBANK,ICICI Bank Limited,Q2 FY22,2,Jul-Sep 2021,2021-09-30,2021-10-23,16:00,Non-trading day,Banks,Banks,Nifty Bank,Bank,523266.855,2021-10-21,2021-10-22,2021-10-25,2021-10-26,2021-10-25,1470,1471,1472,1473,1472,0.0050297816015882,0.1085210061899117,-0.0146132826422716,0.0989375051492283,0.1085210061899117,0.0536020018438034,0.029989427168986,0.0049924034128412,0.0939451017363871,0.0689480779802423,True,0.0821089710464437,0.2962884556127141,0.0417118627354304,0.1938748099011702,28.73584767333624,-0.0343019049915599,-0.0944658789486377,-0.0543884775341734,True,Banks,0.108521,0.0005796333405096998,0.1079413666594903,3,2,-0.09682794444395915,-0.03919085923621013,-0.09104713490838123,-0.09852794444395914,-0.059537085207749016,-0.007480809535577913,0.248
INDIGO,InterGlobe Aviation Limited,Q2 FY22,2,Jul-Sep 2021,2021-09-30,2021-10-28,17:54,After close,Travel And Transport,,Nifty Services Sector,Company,77798.0092,2021-10-26,2021-10-27,2021-10-28,2021-10-29,2021-10-29,1473,1474,1475,1476,1476,-0.005417573718583,-0.0061186419599552,0.0887159338321779,0.0771797181536395,0.0887159338321779,0.0010260517029956,-0.0372182723454733,-0.0329606927130663,0.1101404108667059,0.1143979904991129,True,1.0461786774132582,,0.8652012878324047,,,-0.0060913938948146,-0.1241954762780432,-0.0852375974155714,True,Nifty Services Sector,0.0887159,-0.010393537638774042,0.09910943763877404,4,3,-0.12419549319937928,-0.03895787886247182,-0.030033932422136256,-0.1258954931993793,-0.08713761433690746,-0.09586156077724302,0.568
INDUSINDBK,IndusInd Bank Limited,Q2 FY22,2,Jul-Sep 2021,2021-09-30,2021-10-27,17:01,After close,Banks,Banks,Nifty Bank,Bank,91143.717,2021-10-25,2021-10-26,2021-10-27,2021-10-28,2021-10-28,1472,1473,1474,1475,1475,-0.019401400976438,-0.0106935665425579,0.0292766180911119,-0.000818349427884,0.0292766180911119,0.0257756772132511,-0.0411160628815739,-0.0146776740145639,0.0138593245866799,0.0402977134536899,True,0.0659239453771032,0.7209600642927796,0.0099885143966096,0.1421406225960304,27.20139582773749,0.0111394557823127,-0.2385629251700681,-0.1935783950772487,True,Banks,0.0292766,-0.019422380490858537,0.04869898049085854,8,7,-0.23856261512379673,-0.04498453009281944,-0.08941012099790047,-0.24026261512379674,-0.1954780850309773,-0.15085249412589627,0.48
LTM,LTM Limited,Q2 FY22,2,Jul-Sep 2021,2021-09-30,2021-10-18,18:31,After close,Computers - Software,IT services,Nifty IT,Company,104148.625,2021-10-13,2021-10-14,2021-10-18,2021-10-19,2021-10-19,1465,1466,1467,1468,1468,0.024792694094617,-0.0316532489465312,0.160738928350703,0.1538783734987888,0.160738928350703,0.0911215151079014,0.0507584976633743,0.0141318755927257,0.139746497906063,0.1031198758354144,True,0.2563367129135538,0.2104916593503072,0.0879422382671479,0.1112230505742495,51.66614991566624,-0.0508376913707211,0.0790500572562236,0.1072875869474349,True,IT services,0.160739,-0.0031552655862272516,0.16389426558622724,5,4,0.07904984608260635,-0.028237529691211294,-0.01200468383443798,0.07734984608260635,0.10538737577381764,0.08935452991704433,0.056
PIDILITIND,Pidilite Industries Limited,Q2 FY22,2,Jul-Sep 2021,2021-09-30,2021-11-10,18:57,After close,Chemicals - Speciality,,Nifty Commodities,Company,121068.486,2021-11-08,2021-11-09,2021-11-10,2021-11-11,2021-11-11,1481,1482,1483,1484,1484,0.0041136716618392,-0.0107227958697379,0.0454478226879926,0.038838698480094,0.0454478226879926,0.0150225020600478,-0.0101578691320761,-0.0108141326093527,0.0496528310894467,0.0489965676121701,True,0.3967495067355198,0.0510885422511502,0.356032404132611,0.7024128686327078,91.21891910219028,-0.0139046079223931,-0.0599232012934523,-0.0396530822351764,True,Nifty Commodities,0.0454478,-0.007970161845347934,0.05341796184534793,4,3,-0.059923080987413835,-0.020270119058275804,-0.036786314913279106,-0.061623080987413835,-0.04155296192913803,-0.02483676607413473,0.824
PIIND,PI Industries Limited,Q2 FY22,2,Jul-Sep 2021,2021-09-30,2021-11-12,20:16,After close,Pesticides And Agrochemicals,,Nifty Commodities,Company,42524.28,2021-11-10,2021-11-11,2021-11-12,2021-11-15,2021-11-15,1483,1484,1485,1486,1486,-0.0172823619823779,-0.0041646964681919,0.0554997534561791,0.0340526950056092,0.0554997534561791,0.0075972021841956,-0.0016264822939795,0.0052205322176795,0.0288321627879296,0.0356791772995888,True,0.1697330914744752,0.1056985294117647,0.1343608644664098,0.3161925601750546,53.74656218402427,0.0111253373935908,0.0216623987819226,0.0649850838993613,True,Nifty Commodities,0.0554998,0.00037010951374805146,0.05512969048625195,6,5,0.02166246419993967,-0.04332268511743864,-0.040917140460434265,0.019962464199939668,0.06308514931737831,0.06087960466037393,0.992
SAIL,Steel Authority of India Limited,Q2 FY22,2,Jul-Sep 2021,2021-09-30,2021-10-29,19:27,After close,Steel And Steel Products,Metals,Nifty Metal,,48327.201,2021-10-27,2021-10-28,2021-10-29,2021-11-01,2021-11-01,1474,1475,1476,1477,1477,-0.0170940170940171,0.0008695652173913,0.0881841876629019,0.0719597357862761,0.0881841876629019,0.0686359687228497,-0.0003506564533068,-0.0152162627494049,0.087175998535681,0.072310392239583,True,,,,,5.212188253616279,-0.0151696606786427,-0.1812375249501,-0.138696259504316,True,Metals,0.0881842,0.014599655380227672,0.07358454461977233,3,2,-0.18123764204305004,-0.04254126544578396,-0.07177676040985392,-0.18293764204305005,-0.1405963765972661,-0.11116088163319611,0.648
TRENT,Trent Limited,Q2 FY22,2,Jul-Sep 2021,2021-09-30,2021-11-02,18:21,After close,Miscellaneous,,Nifty 500,Company,35660.678405,2021-10-29,2021-11-01,2021-11-02,2021-11-03,2021-11-03,1476,1477,1478,1479,1479,0.0214823306584259,0.0124426661461891,0.0527254325509662,0.0866504293555814,0.0527254325509662,0.0574003566436935,0.0130017350900356,0.008989621717353,0.0776608076382283,0.0736486942655457,True,1.012529184168911,,1.394537330215114,,,0.0504051641258067,-0.0651925101863296,-0.0297169981050248,True,,0.0527254,-0.0033400507016901892,0.05606545070169019,-1,-1,-0.06519249146693717,-0.03547551208130484,-0.02790400942238802,-0.06689249146693717,-0.031616979385632335,-0.038988482044549154,0.72
TVSMOTOR,TVS Motor Company Limited,Q2 FY22,2,Jul-Sep 2021,2021-09-30,2021-10-21,16:44,After close,Automobiles - 2 And 3 Wheelers,,Nifty Auto,Company,27710.2075,2021-10-19,2021-10-20,2021-10-21,2021-10-22,2021-10-22,1468,1469,1470,1471,1471,-0.0067723960565796,-0.0038839979285344,0.0740837015856512,0.0634273076005371,0.0740837015856512,0.0640325794991769,-0.0165906499121968,-0.0165822231845643,0.0800095307851015,0.080017957512734,True,0.2339124079811814,0.3349319221652609,0.3825868885600105,,36.24333930626766,0.0689738625363018,0.1499677315262984,0.1837272333728448,True,Nifty Auto,0.0740837,-0.0034767109873967694,0.07756041098739677,1,0,0.14996781565749906,-0.033759501846546414,0.0019022297631177132,0.14826781565749905,0.18182731750404546,0.14636558589438134,0.192
UNITDSPR,United Spirits Limited,Q2 FY22,2,Jul-Sep 2021,2021-09-30,2021-10-27,15:23,During market,Brew/Distilleries,FMCG,Nifty 500,Company,60030.695,2021-10-25,2021-10-26,2021-10-27,2021-10-28,2021-10-27,1472,1473,1474,1475,1474,0.0098632457945058,0.0580621966564802,0.0109298901347831,0.0788553325857692,0.0580621966564802,0.0054526933908563,-0.0091620209483946,-0.0146776740145639,0.0935330066003332,0.0880173535341639,True,0.0931366021253361,1.2550231839258117,0.3307611250709248,4.257657657657658,88.20260799294739,0.0937202397624781,-0.0027449442608256,0.0422395858319938,True,FMCG,0.0580622,-0.0031447745834337626,0.061206974583433764,5,4,0.003171232268002422,-0.06504328439757401,-0.05018938476590873,0.001471232268002422,0.06631451666557643,0.05166061703391115,0.368
VOLTAS,Voltas Limited,Q2 FY22,2,Jul-Sep 2021,2021-09-30,2021-10-29,13:04,During market,Engineering,,Nifty India Manufacturing,Company,39059.21,2021-10-27,2021-10-28,2021-10-29,2021-11-01,2021-10-29,1474,1475,1476,1477,1476,-0.0215540969722634,0.0426296200121181,0.0339130795732847,0.0549886026131394,0.0426296200121181,0.0,0.0007483706819335,-0.0152162627494049,0.0702048653625443,0.0542402319312058,True,0.047465489228174,0.3223994894703255,-0.0538427066995295,-0.149343185550082,69.0348185722618,0.0053396499116746,-0.0182672233820456,0.0242740420637382,True,Nifty India Manufacturing,0.0426296,-0.010393537638774042,0.05302313763877404,6,5,-0.0029472718559648836,-0.03895787886247182,-0.04445539501240736,-0.004647271855964884,0.034110607006506935,0.03980812315644248,0.568
WIPRO,Wipro Limited,Q2 FY22,2,Jul-Sep 2021,2021-09-30,2021-10-13,15:34,After close,Computers - Software,IT services,Nifty IT,Company,357669.11999999994,2021-10-11,2021-10-12,2021-10-13,2021-10-14,2021-10-14,1463,1464,1465,1466,1466,0.0096507352941177,0.0204824761037778,0.053003270889087,0.0831364822869826,0.053003270889087,0.0362771335117453,0.0161220944714108,0.0217355511747028,0.0614009311122798,0.0670143878155717,True,0.3027615306656421,0.1885874193940868,0.0775240516315662,-0.0961882440017269,30.704901876620365,-0.0364984115778327,-0.0696787857394989,-0.0571859768751122,True,IT services,0.0530033,0.009734744724489541,0.04326855527551046,3,2,-0.06967891176592,-0.01249280886438664,0.020156778048834978,-0.07137891176592,-0.05908610290153336,-0.09153568981475498,0.016
AXISBANK,Axis Bank Limited,Q3 FY22,3,Oct-Dec 2021,2021-12-31,2022-01-24,16:40,After close,Banks,Banks,Nifty Bank,Bank,223528.1185,2022-01-20,2022-01-21,2022-01-24,2022-01-25,2022-01-25,1533,1534,1535,1536,1536,-0.0224996570174235,-0.0110877192982455,0.0675560601759863,0.0339686838603172,0.0675560601759863,0.0133409026397957,-0.0034385458073694,-0.0269301149048024,0.0608987987651197,0.0374072296676867,True,0.1137392044959624,2.236826079168906,0.0566301073517951,0.1534857595138701,24.598318556023735,0.0689976070194098,0.0332358415315081,0.0456620842281244,True,Banks,0.0675561,0.0075135138287141245,0.06004258617128587,5,4,0.033235883817902545,-0.012426242696616296,-0.008345985798298594,0.031535883817902545,0.04376212651451884,0.03988186961620114,0.2803030303030303
BANDHANBNK,Bandhan Bank Limited,Q3 FY22,3,Oct-Dec 2021,2021-12-31,2022-01-21,16:18,After close,Banks,Banks,Nifty Bank,Bank,48900.873252000005,2022-01-19,2022-01-20,2022-01-21,2022-01-24,2022-01-24,1532,1533,1534,1535,1535,-0.0120223978919632,-0.0148358059676612,0.0417935702199663,0.0149353663603418,0.0417935702199663,0.0148900169204737,-0.0289943016884871,-0.0445560133386097,0.0594913796989515,0.043929668048829,True,0.0304790658404754,0.3578588460548639,0.071606511558276,,,0.0370310216014291,-0.000812083807049,0.0025058745697753,True,Banks,0.0417936,-0.026567861430481288,0.06836146143048129,3,2,-0.0008121496233144399,-0.0033179583768243592,0.011478433617384542,-0.00251214962331444,0.0006058087535099195,-0.013990583240698982,0.2196969696969697
BANKBARODA,Bank of Baroda,Q3 FY22,3,Oct-Dec 2021,2021-12-31,2022-02-05,14:49,Non-trading day,Banks,Banks,Nifty Bank,Bank,,2022-02-03,2022-02-04,2022-02-07,2022-02-08,2022-02-07,1542,1543,1544,1545,1544,-0.0273847558192605,0.0600656968559363,0.0442673749446658,0.0769483159813415,0.0600656968559363,0.021116846550915,-0.0252546750118319,-0.0166933434611955,0.0936416594425371,0.1022029909931735,True,0.0109338207816882,1.0705016445043405,0.0761745627872341,0.0522930287137486,,-0.0661297159813479,-0.1619330224671475,-0.1085703456460898,True,Banks,0.0600657,-0.017281046796412514,0.07734674679641251,14,13,-0.13722891954280625,-0.069721034530836,-0.12731392837826627,-0.13892891954280626,-0.06940788501197025,-0.011614991164539977,0.7196969696969697
BIOCON,Biocon Limited,Q3 FY22,3,Oct-Dec 2021,2021-12-31,2022-01-20,21:57,After close,Pharmaceuticals,Pharma,Nifty Pharma,Company,41864.922,2022-01-18,2022-01-19,2022-01-20,2022-01-21,2022-01-21,1531,1532,1533,1534,1534,0.0534843705190708,-0.0085749285422622,0.0354200988467876,0.0803295408235962,0.0354200988467876,-0.0005491488193299,-0.0334817358461669,-0.0276303711920147,0.1079599120156109,0.1138112766697632,True,0.1746083198271204,0.1097271648873072,0.1813736144316451,0.3528561099060012,62.62516379955123,-0.026518164942986,0.0275788915407044,0.0508800497870723,True,Pharma,0.0354201,-0.007875767303035297,0.0432958673030353,1,0,0.027578898864821566,-0.023301158246367915,-0.016095234859039298,0.025878898864821566,0.04898005711118948,0.041974133723860864,0.16666666666666666
CANBK,Canara Bank,Q3 FY22,3,Oct-Dec 2021,2021-12-31,2022-01-27,12:19,During market,Banks,Banks,Nifty Bank,,,2022-01-24,2022-01-25,2022-01-27,2022-01-28,2022-01-27,1535,1536,1537,1538,1537,0.0608528988979397,0.0876242095754291,-0.0078903654485049,0.1405867430248639,0.0876242095754291,-0.015356820234869,0.0201441915982651,-0.0026775341696725,0.1432642771945365,0.1204425514265987,True,,,,,,0.0925073252406865,-0.0856006697362912,-0.0596650308179222,True,Banks,0.0876242,-0.009711800300382767,0.09733600030038277,6,5,-0.13496670291519297,-0.05039114209986473,-0.0725078392190005,-0.13666670291519298,-0.08647556081532824,-0.06415886369619246,0.32575757575757575
COFORGE,Coforge Limited,Q3 FY22,3,Oct-Dec 2021,2021-12-31,2022-01-27,17:20,After close,Computers - Software,IT services,Nifty IT,Company,29239.197,2022-01-24,2022-01-25,2022-01-27,2022-01-28,2022-01-28,1535,1536,1537,1538,1538,-0.0089741862609975,-0.0796482385787331,0.0709984548263951,-0.0176239700133356,0.0709984548263951,0.0456053444828212,-0.0275272325264155,-0.0026775341696725,-0.014946435843663,0.0099032625130799,True,0.3926591634470016,0.5057377049180327,0.0565184146807695,0.2522154055896388,55.66190177041691,-0.003850846019201,-0.0448416697607805,-0.0189060308424116,True,IT services,0.0709985,-0.0004792476980038929,0.0714777476980039,9,8,-0.04484177070120354,-0.02593563891836892,-0.011077648407255669,-0.04654177070120354,-0.020806131782834622,-0.035464122293947874,0.4090909090909091
INDIGO,InterGlobe Aviation Limited,Q3 FY22,3,Oct-Dec 2021,2021-12-31,2022-02-04,16:41,After close,Travel And Transport,,Nifty Services Sector,Company,75009.303985,2022-02-02,2022-02-03,2022-02-04,2022-02-07,2022-02-07,1541,1542,1543,1544,1544,-0.0031064670996893,0.0169199072881791,0.0991465545622609,0.1129599947507508,0.0991465545622609,0.0155240965381011,-0.0380650344410795,-0.0321432230473421,0.145103217798093,0.1510250291918303,True,0.8930352494163931,,0.6572652785112878,,,-0.0358508824478134,-0.2632597576148565,-0.1935387230840205,True,Nifty Services Sector,0.0991466,-0.017281046796412514,0.11642764679641252,5,4,-0.2632600985789836,-0.069721034530836,-0.07187857486280824,-0.26496009857898356,-0.1954390640481476,-0.19308152371617535,0.7196969696969697
LICHSGFIN,LIC Housing Finance Limited,Q3 FY22,3,Oct-Dec 2021,2021-12-31,2022-01-27,18:30,After close,Finance - Housing,NBFCs,Nifty Financial Services,NBFC / financial,18611.0997,2022-01-24,2022-01-25,2022-01-27,2022-01-28,2022-01-28,1535,1536,1537,1538,1538,0.0091675292030164,0.0124542124542124,0.1089725036179449,0.1305942452751738,0.1089725036179449,0.0389290882778581,0.0023244711804076,-0.0026775341696725,0.1332717794448463,0.1282697740947661,True,-0.989687967697204,-0.9893037834239432,-0.9892652515811924,-0.9691186539762876,12.353267780585474,0.0305363434686154,-0.1144460394101526,-0.0885104004917837,True,NBFCs,0.108973,-0.0004792476980038929,0.1094522476980039,6,5,-0.11444597092513886,-0.02593563891836892,-0.03647541099552709,-0.11614597092513886,-0.09041033200676994,-0.07967055992961176,0.4090909090909091
MARUTI,Maruti Suzuki India Limited,Q3 FY22,3,Oct-Dec 2021,2021-12-31,2022-01-25,13:53,During market,Automobiles - 4 Wheelers,,Nifty Auto,Company,247325.92,2022-01-21,2022-01-24,2022-01-25,2022-01-27,2022-01-25,1534,1535,1536,1537,1536,-0.0167651655758522,0.0683407225264831,0.0252946783530561,0.0768702353036869,0.0683407225264831,-0.0077369198862436,0.0006021576425959,-0.0287661479021499,0.1056363832058369,0.076268077661091,True,-0.0092879388870663,-0.4782390945059348,0.131497890603331,1.139659067570343,58.89133033311904,-0.0256853586086482,-0.0691650982970906,-0.0187739561972258,True,Nifty Auto,0.0683407,0.0075135138287141245,0.06082718617128588,2,1,0.011188558742453392,-0.012426242696616296,-0.017708446334425365,0.009488558742453392,0.02171480143906969,0.027197005076878757,0.2803030303030303
NAUKRI,Info Edge (India) Limited,Q3 FY22,3,Oct-Dec 2021,2021-12-31,2022-01-28,22:04,After close,Computers - Software,IT services,Nifty IT,Company,58192.33824,2022-01-25,2022-01-27,2022-01-28,2022-01-31,2022-01-31,1536,1537,1538,1539,1539,-0.0275417164608509,0.0027195248227758,0.112276162592769,0.0874539709546939,0.112276162592769,0.0417375910669297,0.0044818940902727,0.0037196463961119,0.0837343245585819,0.0829720768644212,True,0.5091612429179109,5.770737015071292,0.1508685095255884,-0.3761559306628139,6.838956662301105,-0.0212720372184134,-0.0911075742735878,-0.0596222961425776,True,IT services,0.112276,0.013910694394498657,0.09836530560550134,10,9,-0.09110758693320409,-0.03148527813101021,-0.028046306413148314,-0.09280758693320408,-0.06152230880219388,-0.06476128052005577,0.5075757575757576
BANDHANBNK,Bandhan Bank Limited,Q4 FY22,4,Jan-Mar 2022,2022-03-31,2022-05-13,14:01,During market,Banks,Banks,Nifty Bank,Bank,50367.317591,2022-05-11,2022-05-12,2022-05-13,2022-05-16,2022-05-13,1606,1607,1608,1609,1608,-0.0273425007994884,0.0437284234752588,0.0661521499448731,0.0825380726206436,0.0437284234752588,0.0161104718066744,-0.0313368058687149,-0.020035755949499,0.1025738285701426,0.1138748784893585,True,0.2902388893100929,17.463513939776284,0.1358034984683411,1.2146777868053849,,-0.0723888314374353,-0.0926281577781055,-0.0883421639514515,True,Banks,0.0437284,-0.0016352479757085758,0.045363647975708576,13,12,0.019373165133096615,0.026590166739005827,0.04113509865992793,0.017673165133096615,-0.009117001605909213,-0.023461933526831312,0.5419847328244275
BANKBARODA,Bank of Baroda,Q4 FY22,4,Jan-Mar 2022,2022-03-31,2022-05-13,15:45,After close,Banks,Banks,Nifty Bank,Bank,,2022-05-11,2022-05-12,2022-05-13,2022-05-16,2022-05-16,1606,1607,1608,1609,1609,-0.051358024691358,-0.0109318063508588,0.0510526315789472,-0.0112371994632697,0.0510526315789472,0.0105263157894737,-0.0313368058687149,-0.020035755949499,0.0087985564862292,0.0200996064054451,True,0.089249795618933,,0.0117246562378221,-0.1903751883224171,,-0.0270405608412614,0.0010015022533802,0.0052874960800342,True,Banks,0.0510526,0.003811267793044637,0.04724133220695536,14,13,0.0010014716878745666,-0.0042859938266539555,-0.005707252899016635,-0.0006985283121254333,0.003387465514528522,0.005008724586891201,0.5877862595419847
BHARATFORG,Bharat Forge Limited,Q4 FY22,4,Jan-Mar 2022,2022-03-31,2022-05-16,11:57,During market,Castings/Forgings,,Nifty Auto,Company,,2022-05-12,2022-05-13,2022-05-16,2022-05-17,2022-05-16,1607,1608,1609,1610,1609,0.0414735099337748,0.0514267546299975,0.0253250680374961,0.1182253326012685,0.0514267546299975,-0.0077100389476192,0.0717441381113521,0.0284979553948722,0.0897273772063963,0.0464811944899163,True,0.7154834555937561,-0.1716752524791093,,,,-0.0042763400427635,-0.0428371304283715,-0.0104126103075792,True,Nifty Auto,0.0514268,0.003811267793044637,0.047615532206955365,7,6,-0.003779714525707023,-0.0042859938266539555,0.048506446554168914,-0.005479714525707023,-0.0013937206990530676,-0.05398616107987594,0.5877862595419847
BRITANNIA,Britannia Industries Limited,Q4 FY22,4,Jan-Mar 2022,2022-03-31,2022-05-02,16:39,After close,Food And Food Processing,FMCG,Nifty FMCG,Company,80891.811,2022-04-28,2022-04-29,2022-05-02,2022-05-04,2022-05-04,1598,1599,1600,1601,1601,-0.0234223770809136,-0.0024243348326598,0.0348943844954603,0.0090476725818868,0.0348943844954603,0.0210008253599485,-0.0218651196931644,-0.0331552723723171,0.042202944954204,0.0309127922750512,True,0.2024662674758859,0.0747184971425338,-0.0068615768479823,0.0234118217576377,53.98509820409634,-0.037099942400567,0.048989056107755,0.0582739652073855,True,FMCG,0.0348944,-0.02293618292704358,0.05783058292704358,2,1,0.0489891708024357,-0.009284909099630534,0.021603166249355432,0.0472891708024357,0.056374079902066235,0.025686004553080267,0.31297709923664124
CROMPTON,Crompton Greaves Consumer Electricals Limited,Q4 FY22,4,Jan-Mar 2022,2022-03-31,2022-05-27,19:02,After close,Consumer Durables,Consumer brands,Nifty Consumer Durables,Company,20624.8336,2022-05-25,2022-05-26,2022-05-27,2022-05-30,2022-05-30,1616,1617,1618,1619,1619,0.005937880633374,-0.0078704404419556,0.0727688787185354,0.0708363189099539,0.0727688787185354,0.0083905415713196,0.0514345294133731,0.0391744035716243,0.0316619153383295,0.0194017894965807,True,0.0169988180391276,-0.2911790329897984,0.0973564253255732,0.19082821278978,31.686639422338303,0.0355517633674629,-0.0156427758816838,0.0341339535648214,True,Consumer brands,0.0727689,0.018893193374693196,0.0538757066253068,5,4,-0.015642802934092814,-0.04977672944650524,-0.06840054880674595,-0.017342802934092814,0.03223392651241243,0.05105774587265314,0.9618320610687023
DIXON,Dixon Technologies (India) Limited,Q4 FY22,4,Jan-Mar 2022,2022-03-31,2022-05-30,14:36,During market,Consumer Durables,Consumer brands,Nifty Consumer Durables,Company,19969.19775,2022-05-26,2022-05-27,2022-05-30,2022-05-31,2022-05-30,1617,1618,1619,1620,1619,0.016792236934005,0.1119214299285329,0.0143662675306579,0.1430799343931958,0.1119214299285329,0.0183710155941714,0.0423068510970385,0.0255545953879611,0.1175253390052347,0.1007730832961573,True,0.3995999450161396,0.4227293267058292,-0.0392093061091678,0.3576972833117722,116.47922159356042,-0.0624821831186667,-0.0502759996890145,-0.0059968362507543,True,Consumer brands,0.111921,0.018893193374693196,0.09302780662530681,5,4,-0.044137106903264556,-0.04977672944650524,-0.06840054880674595,-0.045837106903264556,0.0037396225432406852,0.022563441903481397,0.9618320610687023
EICHERMOT,Eicher Motors Limited,Q4 FY22,4,Jan-Mar 2022,2022-03-31,2022-05-13,17:57,After close,Automobiles - 4 Wheelers,,Nifty Auto,Company,65319.361,2022-05-11,2022-05-12,2022-05-13,2022-05-16,2022-05-16,1606,1607,1608,1609,1609,-0.0018835150576564,0.0201287400666765,0.0761720757198938,0.0944173007289138,0.0761720757198938,0.0358662364088544,0.0266062341769551,-0.020035755949499,0.1144530566784128,0.0678110665519586,True,0.0860413627041862,0.1596533242102862,0.1085414750143196,0.3376449696358494,41.01429172422454,0.0471170190416165,0.0316468992914302,0.0359328931180842,True,Nifty Auto,0.0761721,0.003811267793044637,0.07236083220695537,7,6,0.03164703177514783,-0.0042859938266539555,0.048506446554168914,0.029947031775147827,0.034033025601801783,-0.018559414779021087,0.5877862595419847
INDIGO,InterGlobe Aviation Limited,Q4 FY22,4,Jan-Mar 2022,2022-03-31,2022-05-25,16:13,After close,Travel And Transport,,Nifty Services Sector,Company,66453.15132,2022-05-23,2022-05-24,2022-05-25,2022-05-26,2022-05-26,1614,1615,1616,1617,1617,-0.0244609320658474,-0.0221925133689838,0.1036368608148754,0.0569834153800441,0.1036368608148754,0.0118798043326344,0.0089514537294493,-0.0026765987283222,0.0596600141083664,0.0480319616505947,True,0.2888980771013874,,-0.1370687103681651,-13.958039264030573,,0.0067999119039752,-0.107201850016518,-0.069261571169383,True,Nifty Services Sector,0.103637,0.00900735064708158,0.09462964935291843,7,6,-0.1072017994691632,-0.03794027884713502,-0.03995876871713233,-0.10890179946916319,-0.07116152062202817,-0.06894303075203086,0.8473282442748091
INDUSINDBK,IndusInd Bank Limited,Q4 FY22,4,Jan-Mar 2022,2022-03-31,2022-04-29,17:30,After close,Banks,Banks,Nifty Bank,Bank,75479.8975,2022-04-27,2022-04-28,2022-04-29,2022-05-02,2022-05-02,1597,1598,1599,1600,1600,0.0142124166239097,-0.0099155157585876,0.0404169434367176,0.0447138443020397,0.0404169434367176,-0.0066935772316181,0.0038409059591374,0.0019093967975658,0.0428044475044738,0.0408729383429022,True,0.0593757413038322,0.5541640504595009,0.0158190834495424,0.172311348781937,18.295052354751924,-0.1054415086926627,-0.0856988508005105,-0.0573112966822501,True,Banks,0.0404169,-0.0019558486892305993,0.0423727486892306,6,5,-0.08569867466551151,-0.02838755411826044,-0.01870242991946347,-0.0873986746655115,-0.05921112054725107,-0.06869624474604803,0.2595419847328244
ITC,ITC Limited,Q4 FY22,4,Jan-Mar 2022,2022-03-31,2022-05-18,18:27,After close,Cigarettes,FMCG,Nifty FMCG,Company,313117.266,2022-05-16,2022-05-17,2022-05-18,2022-05-19,2022-05-19,1609,1610,1611,1612,1612,0.0417158598976781,0.0079335096335475,0.0331709145427285,0.0828202840739542,0.0331709145427285,-0.0157421289355321,0.0266455995153102,-0.0013793875089923,0.0841996715829466,0.056174684558644,True,0.1525313920660176,0.117221013614807,-0.0333108277341579,0.0342541899510195,21.15308462658859,-0.0324687103210593,-0.0542354434971885,-0.0258472693729334,True,FMCG,0.0331709,-0.026532761094314794,0.0597036610943148,6,5,-0.05423550634952612,-0.028388174124255094,-0.029657833968593228,-0.05593550634952612,-0.027747332225271024,-0.02627767238093289,0.6793893129770993
JUBLFOOD,Jubilant Foodworks Limited,Q4 FY22,4,Jan-Mar 2022,2022-03-31,2022-05-30,14:01,During market,Food And Food Processing,FMCG,Nifty FMCG,Company,32124.553825,2022-05-26,2022-05-27,2022-05-30,2022-05-31,2022-05-30,1617,1618,1619,1620,1619,0.0614152202937248,0.0969521044992742,-0.0280497486107434,0.1303175761822556,0.0969521044992742,0.0251572327044025,0.0226803978461338,0.0255545953879611,0.1047629807942944,0.1076371783361217,True,0.1330803696041542,-0.0821543557821284,-0.0287412090302258,-0.2772697597915675,74.87333429281298,-0.0515473273436792,-0.0279517197567835,0.0163274436814766,True,FMCG,0.0969521,0.018893193374693196,0.0780589066253068,10,9,-0.04269196903756911,-0.04977672944650524,-0.013136357043698199,-0.04439196903756911,0.005184760408936131,-0.03125561199387091,0.9618320610687023
ONGC,Oil & Natural Gas Corporation Limited,Q4 FY22,4,Jan-Mar 2022,2022-03-31,2022-05-30,18:23,After close,Oil Exploration/Production,,Nifty Oil & Gas,,191094.4532,2022-05-26,2022-05-27,2022-05-30,2022-05-31,2022-05-31,1617,1618,1619,1620,1620,-0.053324555628703,0.0017385257301807,0.04998264491496,-0.0016033849835622,0.04998264491496,0.0093717459215549,0.0086560739657757,0.0255545953879611,-0.0271579803715233,-0.0102594589493379,True,,,,,4.306262654943196,0.0700826446280995,-0.012561983471074,0.0317171799671861,True,Nifty Oil & Gas,0.0499826,-0.004612457536581682,0.054595057536581684,7,6,-0.012561953817576299,-0.044279163438260216,-0.036335185540014026,-0.0142619538175763,0.029817209620683918,0.022073231722437726,0.9923664122137404
PERSISTENT,Persistent Systems Limited,Q4 FY22,4,Jan-Mar 2022,2022-03-31,2022-04-27,17:31,After close,Computers - Software,IT services,Nifty IT,Company,30626.172375,2022-04-25,2022-04-26,2022-04-27,2022-04-28,2022-04-28,1595,1596,1597,1598,1598,0.0123647797172694,0.0049421972442011,0.0568317001680176,0.0741386771294883,0.0568317001680176,0.0522572020750806,0.0054374654339529,0.0172470936974515,0.0568915834320367,0.0687012116955353,True,0.4710937542102362,0.4589972343004815,0.0979656328914935,0.1394313897786219,48.833497899243405,-0.0574774001137247,-0.1769579798776877,-0.1251981995349227,True,IT services,0.0568317,0.012128486242839465,0.044703213757160534,5,4,-0.17695802990035492,-0.05175978034276496,-0.10254791339945823,-0.17865802990035493,-0.12709824955758997,-0.07611011650089668,0.16030534351145037
PIIND,PI Industries Limited,Q4 FY22,4,Jan-Mar 2022,2022-03-31,2022-05-17,19:56,After close,Pesticides And Agrochemicals,,Nifty Commodities,Company,36206.4,2022-05-13,2022-05-16,2022-05-17,2022-05-18,2022-05-18,1608,1609,1610,1611,1611,0.0083123425692694,0.0484844699808475,0.0431251861411694,0.0999219986912864,0.0431251861411694,0.0196366524372082,0.0480890549726356,0.028964641378367,0.0709573573129194,0.0518329437186508,True,0.1654832511903767,0.1412618648799553,0.0286809702868098,-0.0120831319478008,44.732394366197184,-0.0181776652644802,-0.012486438129318,0.021266017182468,True,Nifty Commodities,0.0431252,-0.0011685619922137125,0.044293761992213715,4,3,-0.012486539221323478,-0.033752455311786056,-0.09664850064502539,-0.014186539221323478,0.01936591609046258,0.08246196142370192,0.6259541984732825
RBLBANK,RBL Bank Limited,Q4 FY22,4,Jan-Mar 2022,2022-03-31,2022-05-12,15:54,After close,Banks,Banks,Nifty Bank,Bank,,2022-05-10,2022-05-11,2022-05-12,2022-05-13,2022-05-13,1605,1606,1607,1608,1608,-0.0420353982300885,-0.0605080831408775,0.0899705014749261,-0.0125729798960398,0.0899705014749261,0.0442477876106195,-0.0396112295267712,-0.0283390049864437,0.0157660250904038,0.0270382496307313,True,0.1084893882646691,1.6258295726041945,,,,0.0559314388813712,0.0248082995038338,-0.0017818672351719,True,Banks,0.0899705,-0.0016352479757085758,0.09160574797570857,13,12,0.02480812880454608,0.026590166739005827,0.04113509865992793,0.02310812880454608,-0.003682037934459746,-0.018026969855381846,0.5419847328244275
SHRIRAMFIN,Shriram Finance Limited,Q4 FY22,4,Jan-Mar 2022,2022-03-31,2022-04-28,16:49,After close,Finance,NBFCs,Nifty Financial Services,Company,31305.927,2022-04-26,2022-04-27,2022-04-28,2022-04-29,2022-04-29,1596,1597,1598,1599,1599,-0.0138258803197234,0.0004819277108434,0.0527675599929935,0.0394236073841135,0.0527675599929935,0.046067612541601,-0.0098989683228466,-0.0055761758424439,0.0449997832265575,0.0493225757069601,True,0.1307618875960452,0.4420906567992599,0.0525595191244154,0.5906679105565436,13.117539816556818,-0.0374776423609666,-0.02508215132482,0.0007122477560186,True,NBFCs,0.0527676,-0.008263240756043011,0.06103084075604301,3,2,-0.0250824595313478,-0.025794399080838692,-0.0004417983295814665,-0.0267824595313478,-0.001188060450509108,-0.026340661201766334,0.22137404580152673
TMPV,Tata Motors Passenger Vehicles Limited,Q4 FY22,4,Jan-Mar 2022,2022-03-31,2022-05-12,16:13,After close,Automobiles - 4 Wheelers,,Nifty Auto,Company,150012.8275,2022-05-10,2022-05-11,2022-05-12,2022-05-13,2022-05-13,1605,1606,1607,1608,1608,-0.009189534141672,-0.0408347288419425,0.085952189094816,0.0359279261112015,0.085952189094816,0.039484286865431,-0.0052073833705633,-0.0283390049864437,0.0642669310976452,0.0411353094817649,True,-0.1149619927810542,,0.0859730173174899,,,0.0338857284194904,0.0587435072965618,0.032153340557556,True,Nifty Auto,0.0859522,-0.0016352479757085758,0.08758744797570858,5,4,0.058743458319429065,0.026590166739005827,0.0942774685829808,0.057043458319429065,0.03025329158042324,-0.03723401026355174,0.5419847328244275
BAJAJFINSV,Bajaj Finserv Limited,Q1 FY23,5,Apr-Jun 2022,2022-06-30,2022-07-28,12:01,During market,Finance,NBFCs,Nifty Financial Services,NBFC / financial,211863.082,2022-07-26,2022-07-27,2022-07-28,2022-07-29,2022-07-28,1660,1661,1662,1663,1662,-0.0004469315706452,0.1003227612431005,0.0276976243080717,0.1275734539805271,0.1003227612431005,0.0150258697457363,0.0415470850788213,0.0403818389165209,0.0871916150640061,0.0860263689017057,True,0.1389882755234077,0.5723188875679961,-0.157642987073785,-0.0272643527873527,46.494135538989234,0.0025419335973841,0.1272329142188781,0.0922031180566822,True,NBFCs,0.100323,0.017293802353110843,0.08302919764688915,4,3,0.09864402720822407,0.022640818448161903,0.020353009259259203,0.09694402720822408,0.07410320876006217,0.07659101794896488,0.40298507462686567
HINDALCO,Hindalco Industries Limited,Q1 FY23,5,Apr-Jun 2022,2022-06-30,2022-08-10,13:24,During market,Aluminium,Metals,Nifty Metal,Company,91197.6,2022-08-05,2022-08-08,2022-08-10,2022-08-11,2022-08-10,1668,1669,1670,1671,1670,0.0258033106134372,0.0443758898908401,-0.0149965916837082,0.0551826088205691,0.0443758898908401,0.0039155196962505,0.0289241695043721,0.0149709552914785,0.0402116535290906,0.0262584393161969,True,0.4028241210890275,0.4779332615715823,0.0404203428735385,0.0695923136847571,6.642214129643118,-0.0141868512110728,-0.0054209919261827,-0.0211268642858859,True,Metals,0.0443759,0.000550638798066938,0.043825261201933065,7,6,-0.03203801182661037,0.01702904233022995,0.046131675810820116,-0.03373801182661037,-0.050967054156840316,-0.07986968763743048,0.8507462686567164
IDFCFIRSTB,IDFC First Bank Limited,Q1 FY23,5,Apr-Jun 2022,2022-06-30,2022-07-30,15:47,Non-trading day,Banks,Banks,Nifty Bank,Bank,22756.8186,2022-07-28,2022-07-29,2022-08-01,2022-08-02,2022-08-01,1662,1663,1664,1665,1664,0.0259562841530054,0.1171770972037284,0.0345649582836709,0.1776983396404048,0.1171770972037284,0.0386151797603195,0.0172007632727742,0.0244128343649097,0.1532855052754951,0.1604975763676306,True,0.2035536142678258,,0.0808232534851238,0.3839757243311059,156.41500171833113,0.032258064516129,0.1186635944700462,0.1074791051659347,True,Banks,0.117177,0.010595486136406596,0.10658151386359341,13,12,0.17163289599088372,0.011692584508118387,0.036884748517275634,0.1699328959908837,0.15804031148276532,0.13304814747360807,0.5373134328358209
INDUSINDBK,IndusInd Bank Limited,Q1 FY23,5,Apr-Jun 2022,2022-06-30,2022-07-20,16:11,After close,Banks,Banks,Nifty Bank,Bank,65927.4393,2022-07-18,2022-07-19,2022-07-20,2022-07-21,2022-07-21,1654,1655,1656,1657,1657,0.0200340755537278,0.0129017394309409,0.0782440577732288,0.1111798727578976,0.0782440577732288,0.0269532582736267,0.0236391025483226,0.0199543725781634,0.0912255001797341,0.0875407702095749,True,0.0801444281621714,0.6444843325298732,0.040952227066791,0.1777033429559928,14.297489395201168,0.0734099778504375,0.1150722497626834,0.0617487526759186,True,Banks,0.0782441,0.005108695981139055,0.07313540401886094,4,3,0.11507238456673274,0.05332349708676487,0.057919670727327954,0.11337238456673275,0.059848887479967874,0.05545271383940479,0.1417910447761194
LAURUSLABS,Laurus Labs Limited,Q1 FY23,5,Apr-Jun 2022,2022-06-30,2022-07-27,14:49,During market,Pharmaceuticals,Pharma,Nifty Pharma,Company,26708.98175,2022-07-25,2022-07-26,2022-07-27,2022-07-28,2022-07-27,1659,1660,1661,1662,1661,-0.0260537169298863,0.0613509605453417,0.0222849357726742,0.0575821793881295,0.0613509605453417,0.0038215244784134,0.0140057358395683,0.0180279738951624,0.0395542054929671,0.0435764435485612,True,0.2037074696910441,0.0409710427109657,0.080086747190893,0.0901707621824239,32.275935022718485,0.0354117087101379,0.0973821989528791,0.0747413805047172,True,Pharma,0.061351,0.009582106122052902,0.0517688938779471,1,0,0.10402884051413475,0.05510822146642802,-0.00384038261296471,0.10232884051413475,0.04702061904770673,0.10616922312709946,0.35074626865671643
LUPIN,Lupin Limited,Q1 FY23,5,Apr-Jun 2022,2022-06-30,2022-08-03,22:35,After close,Pharmaceuticals,Pharma,Nifty Pharma,Company,29140.2675,2022-08-01,2022-08-02,2022-08-03,2022-08-04,2022-08-04,1664,1665,1666,1667,1667,-0.0038992435467519,-0.0173021216628825,0.0515455704270235,0.030344205217389,0.0515455704270235,-0.0248565965583174,0.0170452259251397,0.0024194693238153,0.0279247358935736,0.0132989792922492,True,-0.3601010727859884,-0.7839840725583453,-0.296299539277317,,,0.0346995984544282,-0.0112129706795971,-0.0269533918048991,True,Pharma,0.0515456,-0.00035368915036970705,0.051899289150369704,6,5,-0.011212965939737307,0.01574042112530205,-0.029605579883457134,-0.012912965939737307,-0.028853387065039357,0.016692613943719826,0.664179104477612
MANAPPURAM,Manappuram Finance Limited,Q1 FY23,5,Apr-Jun 2022,2022-06-30,2022-08-04,18:23,After close,Finance,NBFCs,Nifty Financial Services,NBFC / financial,8751.259,2022-08-02,2022-08-03,2022-08-04,2022-08-05,2022-08-05,1665,1666,1667,1668,1668,-0.0140232108317215,-0.0029426189308484,0.0639449090014756,0.0469790792389056,0.0639449090014756,-0.0118052139695031,-0.0002253680584231,0.0029997786106539,0.0439793006282517,0.0472044472973287,True,-0.0392247169449241,-0.3538130254507136,0.0139264859756305,0.0803523554193794,6.5876704079251445,-0.0147942672214517,-0.0212667591308368,-0.0343088628813759,True,NBFCs,0.0639449,0.0008917270739845495,0.06305317292601545,10,9,-0.02126687283948636,0.013042103750539047,0.03455748793097069,-0.02296687283948636,-0.03620897659002541,-0.05752436077045705,0.7164179104477612
POLYCAB,Polycab India Limited,Q1 FY23,5,Apr-Jun 2022,2022-06-30,2022-07-19,12:31,During market,Electrical Equipment,,Nifty India Manufacturing,Company,32228.130165,2022-07-15,2022-07-18,2022-07-19,2022-07-20,2022-07-19,1653,1654,1655,1656,1655,-0.00150703670214,0.0452793386894534,-0.0230140394526391,0.0207582625346742,0.0452793386894534,0.0029025217108624,0.017808878056079,0.0291329930987813,-0.008374730564107,0.0029493844785952,True,0.4552152413405461,1.9702912752584985,-0.3106878066449672,-0.3245250309678886,35.34956769127496,0.0109367894497498,0.1004547521600729,0.0255433523228973,True,Nifty India Manufacturing,0.0452793,0.0038117762693121726,0.04146752373068783,2,1,0.09281149635226682,0.09889202015844023,0.08985435854890045,0.09111149635226683,-0.00798052380617341,0.001257137803366372,0.08208955223880597
SBILIFE,SBI Life Insurance Company Limited,Q1 FY23,5,Apr-Jun 2022,2022-06-30,2022-07-28,18:14,After close,Insurance,Insurers,Nifty Financial Services,,,2022-07-26,2022-07-27,2022-07-28,2022-07-29,2022-07-29,1660,1661,1662,1663,1663,0.0097961693902652,0.0366293992256494,0.0864073188132108,0.1328328874291255,0.0864073188132108,0.0598010827143395,0.0415470850788213,0.0403818389165209,0.0924510485126046,0.0912858023503042,True,,,,,,-0.0214385043263286,0.0268077873918419,-0.0082220087703539,True,Insurers,0.0864073,0.013505930441357172,0.07290136955864283,4,3,0.02680781701368673,0.035029796162195925,0.0457196435330145,0.02510781701368673,-0.010121979148509196,-0.020611826519327768,0.48507462686567165
SUNPHARMA,Sun Pharmaceutical Industries Limited,Q1 FY23,5,Apr-Jun 2022,2022-06-30,2022-07-29,13:39,During market,Pharmaceuticals,Pharma,Nifty Pharma,Company,214497.42,2022-07-27,2022-07-28,2022-07-29,2022-08-01,2022-07-29,1661,1662,1663,1664,1663,0.0009507829977628,0.0540314019109349,-0.0259754028837998,0.0290067820248979,0.0540314019109349,0.0024026373135161,0.0109052506802169,0.0413952189308746,-0.0123884369059766,0.0181015313446809,True,0.1073204962783243,0.4270342134236273,0.1392011652672451,,65.54082371598022,-0.0090345052791989,-0.0509959725699358,-0.0626885570780542,True,Pharma,0.0540314,0.013505930441357172,0.04052546955864283,4,3,-0.053170101339471754,0.035029796162195925,-0.006038406299039956,-0.054870101339471754,-0.09009989750166768,-0.0488316950404318,0.48507462686567165
ULTRACEMCO,UltraTech Cement Limited,Q1 FY23,5,Apr-Jun 2022,2022-06-30,2022-07-22,13:52,During market,Cement And Cement Products,,Nifty Commodities,,175771.163,2022-07-20,2022-07-21,2022-07-22,2022-07-25,2022-07-22,1656,1657,1658,1659,1658,0.0068484151749055,0.0535012315070058,-0.0117361078854878,0.0486135387964234,0.0535012315070058,4.893405320771649e-05,0.0170206530634124,0.006695793198549,0.0419177455978744,0.031592885733011,True,,,,,23.93548111673661,0.0430446975512699,0.019654075733601,-0.038908247638415,True,Nifty Commodities,0.0535012,0.006877343008988124,0.046623856991011875,2,1,0.005682179896789652,0.05132046807759827,0.07513595986258936,0.003982179896789652,-0.047538288180808616,-0.0711537799657997,0.20149253731343283
ADANIENT,Adani Enterprises Limited,Q2 FY23,6,Jul-Sep 2022,2022-09-30,2022-11-03,18:19,After close,Trading,,Nifty 500,Company,407629.8,2022-11-01,2022-11-02,2022-11-03,2022-11-04,2022-11-04,1725,1726,1727,1728,1728,0.00139832760019,0.0027089675203173,0.0676387032085561,0.0717459983290635,0.0676387032085561,0.0143716577540107,-0.0004135812375225,-0.0015443772341482,0.0732903755632118,0.0721595795665861,True,1.8881201571793655,1.1700484911256537,0.8788437318361078,0.0406375581342846,429.97109826589593,0.0493836822539619,0.0253440292180262,-0.0068851017435211,True,,0.0676387,0.003570103087072951,0.06406859691292704,-1,-1,0.025344088283477673,0.03222913096154745,0.028095693410212563,0.023644088283477672,-0.008785042678069776,-0.004451605126734891,0.5789473684210527
AXISBANK,Axis Bank Limited,Q2 FY23,6,Jul-Sep 2022,2022-09-30,2022-10-20,16:51,After close,Banks,Banks,Nifty Bank,Bank,250737.82075,2022-10-18,2022-10-19,2022-10-20,2022-10-21,2022-10-21,1716,1717,1718,1719,1719,0.0165370245605438,-0.0048201482195577,0.0902706302597322,0.1019875066007183,0.0902706302597322,0.0414724223527274,0.0116424941356761,0.0051021571346694,0.0968853494660488,0.0903450124650421,True,0.2722078402253671,0.7911767709649826,0.1096795551200966,0.3604790970750933,16.72634771213141,0.0062194580186585,-0.0337072412261214,-0.071707275362999,True,Banks,0.0902706,0.0007031447937393409,0.08956745520626067,6,5,-0.03370724407488457,0.03800003413687758,0.04102093833250997,-0.03540724407488457,-0.07360727821176215,-0.07642818240739453,0.2706766917293233
BANKBARODA,Bank of Baroda,Q2 FY23,6,Jul-Sep 2022,2022-09-30,2022-11-05,13:13,Non-trading day,Banks,Banks,Nifty Bank,Bank,,2022-11-03,2022-11-04,2022-11-07,2022-11-09,2022-11-07,1727,1728,1729,1730,1729,-0.0242996962537968,0.0954686959529573,0.0502052415535207,0.1213742412526813,0.0954686959529573,0.0999654098927704,0.0117284386262445,0.0057815714283283,0.115592669824353,0.1096458026264368,True,0.2733542101892396,0.5870009818713031,,,,-0.0180396873120867,0.0613349368610942,0.0391121026924541,True,Banks,0.0954687,0.00472756476598124,0.09074113523401876,14,13,0.1013576254422468,0.02416935856022162,0.03482765486354178,0.09965762544224681,0.07528826688202518,0.06482997057870503,0.6616541353383458
BOSCHLTD,Bosch Limited,Q2 FY23,6,Jul-Sep 2022,2022-09-30,2022-11-08,15:26,Non-trading day,Auto Ancillaries,,Nifty Auto,Company,,2022-11-04,2022-11-07,2022-11-09,2022-11-10,2022-11-09,1728,1729,1730,1731,1730,0.0075939285331372,0.0472692780095096,-0.0238161592233909,0.0310470473192558,0.0472692780095096,-0.0035692135569311,-0.0141862290206655,-0.0048822145358717,0.0359292618551276,0.0452332763399214,True,0.2548449778441863,0.0038153581600302,,,,-0.0065483483412041,0.0381481437424904,0.0059125350849429,True,Nifty Auto,0.0472693,-0.0025160964247258333,0.049785396424725833,5,4,-0.007785905763056045,0.022222834168640127,-0.03528490263390649,-0.009485905763056045,-0.03190873993169617,0.025798996870850445,0.7293233082706767
BRITANNIA,Britannia Industries Limited,Q2 FY23,6,Jul-Sep 2022,2022-09-30,2022-11-04,21:44,After close,Food And Food Processing,FMCG,Nifty FMCG,Company,89709.9555,2022-11-02,2022-11-03,2022-11-04,2022-11-07,2022-11-07,1726,1727,1728,1729,1729,0.0064716228735617,0.0149811235175623,0.0880737080069398,0.1095264543980638,0.0880737080069398,0.0330818568950108,0.0039665797377581,0.0066303421825986,0.1028961122154652,0.1055598746603057,True,0.2140728564023095,0.2838477955338085,0.2436809418740362,0.5335447366784802,61.57465046364616,2.4158965996390336e-05,0.0688772120553242,0.0447078534951026,True,FMCG,0.0880737,0.00472756476598124,0.08334613523401876,8,7,0.06887723933656287,0.02416935856022162,0.012936862341182964,0.06717723933656287,0.04280788077634125,0.0542403769953799,0.6616541353383458
CHOLAFIN,Cholamandalam Investment and Finance Company Limited,Q2 FY23,6,Jul-Sep 2022,2022-09-30,2022-11-01,17:54,After close,Finance,NBFCs,Nifty Financial Services,NBFC / financial,58889.66175,2022-10-28,2022-10-31,2022-11-01,2022-11-02,2022-11-02,1723,1724,1725,1726,1726,-0.0100481473728279,0.0002114611968704,0.0496124031007751,0.0397757169248176,0.0496124031007751,-0.0021141649048626,0.015993135700807,0.0166201519890184,0.0231555649357991,0.0237825812240105,True,0.2085439817967678,-0.0243616691361427,0.0891040497902542,0.0075977295777653,23.750715570540716,-0.0303477910568015,-0.0212165972874986,-0.0615669845328721,True,NBFCs,0.0496124,-0.003447154650765616,0.05305955465076562,8,7,-0.021216601275736546,0.04035038724537343,0.0426276366396352,-0.022916601275736546,-0.06346698852110998,-0.06554423791537174,0.5413533834586466
GLENMARK,Glenmark Pharmaceuticals Limited,Q2 FY23,6,Jul-Sep 2022,2022-09-30,2022-11-11,18:46,After close,Pharmaceuticals,Pharma,Nifty Pharma,Company,11866.65935,2022-11-09,2022-11-10,2022-11-11,2022-11-14,2022-11-14,1730,1731,1732,1733,1733,-0.011889192723814,-0.0046925761039585,0.040860735009671,0.0242789661818983,0.040860735009671,0.0058027079303675,-0.0045405184741325,0.0096195802797891,0.0146593859021092,0.0288194846560309,True,0.072376754874665,0.0140608795327594,0.2153034848011854,0.4474055991274086,13.75568651157507,-0.0437862950058074,-0.0126596980255517,-0.0218254258416261,True,Pharma,0.0408607,-0.0011199093173185348,0.041980609317318535,11,10,-0.012659667336432312,0.009165727816074387,-0.020107758537924902,-0.014359667336432312,-0.023725395152506698,0.00574809120149259,0.9624060150375939
LUPIN,Lupin Limited,Q2 FY23,6,Jul-Sep 2022,2022-09-30,2022-11-09,20:11,After close,Pharmaceuticals,Pharma,Nifty Pharma,Company,32309.70225,2022-11-04,2022-11-07,2022-11-09,2022-11-10,2022-11-10,1728,1729,1730,1731,1731,-0.0011257299655244,-0.0219764739029372,0.0361541231544833,0.0130519192860216,0.0361541231544833,0.0330572560316888,-0.0330618619856026,-0.0048822145358717,0.0179341338218934,0.0461137812716243,True,0.0132450816727081,,0.5171217460997115,0.1071001877453488,,0.0232849099881837,0.0493501077361506,0.0171144990786031,True,Pharma,0.0361541,-0.007093682877127194,0.043247782877127196,7,6,0.04935016742900333,0.03223560865754749,-0.019594703884280307,0.04765016742900333,0.015214558771455845,0.06724487131328365,0.7894736842105263
MANAPPURAM,Manappuram Finance Limited,Q2 FY23,6,Jul-Sep 2022,2022-09-30,2022-11-12,16:17,Non-trading day,Finance,NBFCs,Nifty Financial Services,NBFC / financial,8971.84,2022-11-10,2022-11-11,2022-11-14,2022-11-15,2022-11-14,1731,1732,1733,1734,1733,0.0264150943396226,0.0721507352941177,0.0034290612944705,0.1019948909282109,0.0721507352941177,0.0,0.0256715739094308,0.0207641875041991,0.0812307034240117,0.07632331701878,True,0.1072771424095253,0.1042455381287181,0.1293492589781488,0.4476389676687466,7.642242627642719,-0.045279794959419,0.0034173430158046,-0.0077001678789212,True,NBFCs,0.0721507,-0.0011199093173185348,0.07327060931731853,12,11,0.0025717563670764054,0.009165727816074387,0.01807773505140786,0.0008717563670764055,-0.008493971448997982,-0.017205978684331456,0.9624060150375939
MARUTI,Maruti Suzuki India Limited,Q2 FY23,6,Jul-Sep 2022,2022-09-30,2022-10-28,14:01,During market,Automobiles - 4 Wheelers,,Nifty Auto,Company,271951.0,2022-10-25,2022-10-27,2022-10-28,2022-10-31,2022-10-28,1721,1722,1723,1724,1723,0.0041032759578012,0.0498343830700234,0.0036923692790662,0.0576300283068909,0.0498343830700234,0.0058670972522518,0.0328093889029525,0.0200477657239646,0.0375822625829262,0.0248206394039383,True,0.4569921511953247,3.3386732388580818,0.1294070165247796,1.03869909283922,61.24057018037697,-0.0203933834333935,-0.0648012091187709,-0.0984367450333177,True,Nifty Auto,0.0498344,0.0028105170280121605,0.04702388297198784,2,1,-0.053426155510543194,0.043625047788247606,-0.011712620063831891,-0.055126155510543194,-0.0989512032987908,-0.0434135354467113,0.40601503759398494
NAUKRI,Info Edge (India) Limited,Q2 FY23,6,Jul-Sep 2022,2022-09-30,2022-11-11,16:31,After close,Computers - Software,IT services,Nifty IT,Company,50081.90752,2022-11-09,2022-11-10,2022-11-11,2022-11-14,2022-11-14,1730,1731,1732,1733,1733,-0.0174229937158751,0.0747152798710404,0.063570069752695,0.1208623559078603,0.063570069752695,0.0060484854397346,0.0425726597580553,0.0096195802797891,0.1112427756280711,0.0782896961498049,True,0.6593558417016414,-0.986025660592371,0.1038984769718509,-0.4243304868779899,3.9195250355212994,-0.1106435671944691,-0.0712934404989851,-0.0804591683150595,True,IT services,0.0635701,-0.0011199093173185348,0.06469000931731854,11,10,-0.07129349853086209,0.009165727816074387,-0.02676109657512904,-0.07299349853086208,-0.08235922634693647,-0.04623240195573305,0.9624060150375939
PIIND,PI Industries Limited,Q2 FY23,6,Jul-Sep 2022,2022-09-30,2022-11-08,19:09,Non-trading day,Pesticides And Agrochemicals,,Nifty Commodities,Company,50194.96,2022-11-04,2022-11-07,2022-11-09,2022-11-10,2022-11-09,1728,1729,1730,1731,1730,-0.0015595191230355,0.0990400800691504,-0.0356541656318127,0.0618263953143021,0.0990400800691504,0.0463582184613984,-0.0085503517233034,-0.0048822145358717,0.0667086098501739,0.0703767470376055,True,0.3070447496677004,0.3915211970074814,0.1469673405909797,0.2759146341463416,54.89987968937986,-0.0351981685505795,-0.0055658892545434,-0.0378014979120909,True,Nifty Commodities,0.0990401,-0.0025160964247258333,0.10155619642472584,5,4,-0.04306383825813487,0.022222834168640127,0.025530484474137527,-0.04476383825813487,-0.067186672426775,-0.07029432273227239,0.7293233082706767
APOLLOHOSP,Apollo Hospitals Enterprise Limited,Q3 FY23,7,Oct-Dec 2022,2022-12-31,2023-02-14,17:01,After close,Miscellaneous,,Nifty 500,Company,63496.8425,2023-02-10,2023-02-13,2023-02-14,2023-02-15,2023-02-15,1796,1797,1798,1799,1799,-0.0130427398811209,-0.0206027095545637,0.0513135856261051,0.0176681361904204,0.0513135856261051,-0.0231561193295619,0.0016350333810046,0.0089470959780496,0.0087210402123707,0.0160331028094157,True,0.1716576026469318,-0.3280203179051538,0.0029427885214781,-0.247708220991225,75.62659151272615,-0.0086454689275605,-0.0376233873303769,0.0195623685456988,True,,0.0513136,0.004796470689938825,0.046517129310061175,-1,-1,-0.03762345066794681,-0.05718575587607577,-0.04716200177530727,-0.03932345066794681,0.01766230520812896,0.00783855110736046,0.9924812030075187
AUROPHARMA,Aurobindo Pharma Limited,Q3 FY23,7,Oct-Dec 2022,2022-12-31,2023-02-09,18:47,After close,Pharmaceuticals,Pharma,Nifty Pharma,Company,24528.7035,2023-02-07,2023-02-08,2023-02-09,2023-02-10,2023-02-10,1793,1794,1795,1796,1796,0.0630598351845217,-0.0092124480395461,0.0632724798730015,0.1171198670179771,0.0632724798730015,0.013720376459916,0.0111647926098196,0.0076275869656404,0.1094922800523366,0.1059550744081575,True,0.0674600397852793,-0.1011618333180861,0.116347264595243,0.1998046159482231,11.947736726741354,0.009491308520849,-0.0430841420496957,-0.003759526363531,True,Pharma,0.0632725,-0.0020650014390740656,0.06533750143907406,10,9,-0.04308416115735492,-0.03932461568616474,-0.05919120629512453,-0.04478416115735492,-0.005659545471190173,0.014407045137769615,0.8421052631578947
BAJFINANCE,Bajaj Finance Limited,Q3 FY23,7,Oct-Dec 2022,2022-12-31,2023-01-27,16:05,After close,Finance,NBFCs,Nifty Financial Services,NBFC / financial,353703.5705,2023-01-24,2023-01-25,2023-01-27,2023-01-30,2023-01-30,1784,1785,1786,1787,1787,-0.0101023902443191,-0.006073258682862,0.0453243529432187,0.0291487040160376,0.0453243529432187,0.0016230666412069,-0.0426580332435158,-0.0260336972214205,0.0551824012374582,0.0718067372595534,True,0.2638967346336043,0.3988679192016149,0.0818486417077966,0.0691744735943034,35.64949257687694,0.013683616194493,0.0286791324853028,0.0431984098360801,True,NBFCs,0.0453244,0.0025334647402490695,0.04279093525975093,4,3,0.02867928509842499,-0.014519277350777293,-0.004966489324949808,0.02697928509842499,0.041298562449202283,0.0319457744233748,0.42857142857142855
BANDHANBNK,Bandhan Bank Limited,Q3 FY23,7,Oct-Dec 2022,2022-12-31,2023-02-03,16:30,After close,Banks,Banks,Nifty Bank,Bank,,2023-02-01,2023-02-02,2023-02-03,2023-02-06,2023-02-06,1789,1790,1791,1792,1792,-0.0430288968572032,0.0037469693630152,0.0375494071146245,-0.0017325203795635,0.0375494071146245,0.0043917435221783,0.0212630960467344,0.0084905895957282,-0.0102231099752917,-0.0229956164262979,True,0.1170494576545004,-0.6617232660368504,,,,0.0033862433862434,-0.0169312169312166,-0.0139393116814504,True,Banks,0.0375494,-0.005010067743733249,0.042559467743733245,14,13,-0.016931270429428547,-0.0029919052497662246,-0.0005861076770438123,-0.018631270429428547,-0.01583936517966232,-0.018045162752384734,0.6842105263157895
BANKBARODA,Bank of Baroda,Q3 FY23,7,Oct-Dec 2022,2022-12-31,2023-02-03,13:31,During market,Banks,Banks,Nifty Bank,Bank,,2023-02-01,2023-02-02,2023-02-03,2023-02-06,2023-02-03,1789,1790,1791,1792,1791,-0.0035575679172056,0.0619928594612138,0.026283618581907,0.0847189101259152,0.0619928594612138,0.0191496267445634,0.0212630960467344,0.0084905895957282,0.076228320530187,0.0634558140791807,True,0.3104793185993431,0.7536128318684767,0.1075508263531541,0.1627683782919158,,-0.0160810005955926,0.0309708159618824,0.0339627212116486,True,Banks,0.0619929,0.0138355744332892,0.0481573255667108,12,11,0.05684592184660153,-0.014545719318586059,-0.0059843806099803,0.05514592184660153,0.06949164116518759,0.06113030245658183,0.631578947368421
BRITANNIA,Britannia Industries Limited,Q3 FY23,7,Oct-Dec 2022,2022-12-31,2023-02-01,16:26,After close,Food And Food Processing,FMCG,Nifty FMCG,Company,106158.6075,2023-01-30,2023-01-31,2023-02-01,2023-02-02,2023-02-02,1787,1788,1789,1790,1790,-0.0202303284733645,0.0123564017046506,0.0462370880472209,0.038363161278507,0.0462370880472209,0.0338599160365595,0.0393876661255621,-0.0021829439454855,0.0405461052239926,-0.001024504847055,True,0.1739366374077617,1.5119618513928552,-0.0417411596009689,0.8901840739539411,67.79009284861334,0.0140606378675063,-0.0391095658258715,-0.0227272008597151,True,FMCG,0.0462371,-0.0003349170938277135,0.04657201709382772,7,6,-0.039109590063147515,-0.016382364966156415,-0.02500894380463481,-0.040809590063147515,-0.0246272250969911,-0.015800646258512706,0.5864661654135338
CHOLAFIN,Cholamandalam Investment and Finance Company Limited,Q3 FY23,7,Oct-Dec 2022,2022-12-31,2023-01-31,18:08,After close,Finance,NBFCs,Nifty Financial Services,NBFC / financial,58350.2305,2023-01-27,2023-01-30,2023-01-31,2023-02-01,2023-02-01,1786,1787,1788,1789,1789,0.0011973517396817,-0.0053464650017586,0.0606124902751255,0.0564633770130486,0.0606124902751255,0.0341608317419901,0.0029934052445298,0.0006854378885912,0.0557779391244573,0.0534699717685187,True,0.3123826878558469,0.0530508057571657,0.1124653611063231,0.2093310729674367,23.6681325166812,0.0616831154974661,0.0226060282742066,0.0319950600232117,True,NBFCs,0.0606125,-0.0025959466995808533,0.06320844669958085,7,6,0.022606032616984573,-0.009389031749005072,0.0008570733433601596,0.020906032616984573,0.030095064365989646,0.020048959273624413,0.5488721804511278
CUMMINSIND,Cummins India Limited,Q3 FY23,7,Oct-Dec 2022,2022-12-31,2023-02-08,20:14,After close,Diesel Engines,,Nifty India Manufacturing,Company,40094.208,2023-02-06,2023-02-07,2023-02-08,2023-02-09,2023-02-09,1792,1793,1794,1795,1795,0.000172842920354,0.0191131234230808,0.0705758665129212,0.089861832856356,0.0705758665129212,0.0445635216713016,-0.0001334011544471,0.007266415003681,0.0825954178526749,0.0899952340108032,True,0.2531342119449891,0.6585170340681363,0.116365568544102,0.54801541281658,43.05589838800558,0.0417841416669304,0.0650045934045044,0.0918607893868331,True,Nifty India Manufacturing,0.0705759,0.0012170078951638796,0.06935889210483612,5,4,0.06500468486435818,-0.02685619598232869,-0.026189073818819963,0.06330468486435818,0.08996088084668687,0.08949375868317815,0.7969924812030075
DRREDDY,Dr. Reddy's Laboratories Limited,Q3 FY23,7,Oct-Dec 2022,2022-12-31,2023-01-25,16:09,After close,Pharmaceuticals,Pharma,Nifty Pharma,Company,72181.824,2023-01-23,2023-01-24,2023-01-25,2023-01-27,2023-01-27,1783,1784,1785,1786,1786,-0.0196180135320493,-0.0121803538886603,0.0269105797498185,-0.0048877876708911,0.0269105797498185,0.018817172306264,-0.0165429563192008,-0.0285809599753076,0.0236931723044164,0.0116551686483097,True,0.2719030402937263,0.7537008318060061,0.0723333017467386,0.1164063902351464,23.21332175590931,0.0102804821511355,0.0410523875753354,0.0489226014713327,True,Pharma,0.0269106,-0.016074268036742945,0.042984868036742944,3,2,0.0410524033991333,-0.007870213895997291,-0.04092164645967988,0.0393524033991333,0.04702261729513059,0.08027404985881319,0.3609022556390977
GLENMARK,Glenmark Pharmaceuticals Limited,Q3 FY23,7,Oct-Dec 2022,2022-12-31,2023-02-10,19:45,After close,Pharmaceuticals,Pharma,Nifty Pharma,Company,11195.09475,2023-02-08,2023-02-09,2023-02-10,2023-02-13,2023-02-13,1794,1795,1796,1797,1797,-0.0061751732829237,0.0154704539690591,0.0554445554445555,0.0647398361306909,0.0554445554445555,0.0357142857142858,-0.0072212898471264,-0.0056417661197227,0.0703816022504136,0.0719611259778173,True,0.0915241440291119,0.2127665786586916,0.0262525816613827,0.0433955696543211,12.91934995274293,0.0236630383341223,-0.0160908660672026,0.0248524738874423,True,Pharma,0.0554446,-0.004793772575812594,0.06023837257581259,11,10,-0.016090999393466143,-0.04094333995464505,-0.054625410617781034,-0.017790999393466143,0.02295234056117891,0.03683441122431489,0.8796992481203008
INDHOTEL,The Indian Hotels Company Limited,Q3 FY23,7,Oct-Dec 2022,2022-12-31,2023-01-31,16:43,After close,Hotels,,Nifty 500,Company,40687.358,2023-01-27,2023-01-30,2023-01-31,2023-02-01,2023-02-01,1786,1787,1788,1789,1789,0.0169314016407751,0.0332990044627532,0.0853820598006644,0.1356124659041928,0.0853820598006644,0.0564784053156146,-0.0017902954157569,0.0006854378885912,0.1349270280156016,0.1374027613199497,True,0.517071327009953,4.034995395342717,0.3676669830684482,2.1483218163869693,92.0924333989724,-0.0252525252525254,-0.0358126721763086,-0.0264236404273036,True,,0.0853821,-0.0025959466995808533,0.08797804669958086,-1,-1,-0.03581255985744358,-0.009389031749005072,-0.012311712627924187,-0.03751255985744358,-0.02832352810843851,-0.025200847229519395,0.5488721804511278
JINDALSTEL,JINDAL STEEL LIMITED,Q3 FY23,7,Oct-Dec 2022,2022-12-31,2023-01-31,16:41,After close,Steel And Steel Products,Metals,Nifty Metal,Company,,2023-01-27,2023-01-30,2023-01-31,2023-02-01,2023-02-01,1786,1787,1788,1789,1789,-0.022613278925444,0.015134382882491,0.0423271356353356,0.0348482395923825,0.0423271356353356,-0.0060834547168193,-0.0326122276289977,0.0006854378885912,0.0341628017037913,0.0674604672213803,True,-0.0057821005584094,-0.7220537168824488,-0.0790569023917641,1.597115817936007,,-0.0247431154952731,-0.0588573777229757,-0.0494683459739706,True,Metals,0.0423271,-0.0025959466995808533,0.04492304669958085,4,3,-0.058857284789768705,-0.009389031749005072,-0.11321747436073859,-0.060557284789768705,-0.05136825304076363,0.052660189570969886,0.5488721804511278
PERSISTENT,Persistent Systems Limited,Q3 FY23,7,Oct-Dec 2022,2022-12-31,2023-01-18,16:22,After close,Computers - Software,IT services,Nifty IT,Company,,2023-01-16,2023-01-17,2023-01-18,2023-01-19,2023-01-19,1778,1779,1780,1781,1781,0.00064164664142,-0.0043000477783086,0.0753990302050711,0.0717406290681825,0.0753990302050711,-0.0024244873219516,0.0125263349965554,0.0118957573047334,0.0598448717634491,0.0592142940716271,True,0.4542758445469212,0.3489838147339776,0.0589302859798275,0.0815402656194606,,0.0748681939339857,0.1531651069126272,0.1622026237906662,True,IT services,0.075399,-0.0031653670311885262,0.07856436703118852,6,5,0.15316515737240133,-0.009037516878038998,0.048004967543917365,0.15146515737240132,0.1603026742504403,0.10346018982848397,0.10526315789473684
RECLTD,REC Limited,Q3 FY23,7,Oct-Dec 2022,2022-12-31,2023-01-30,18:36,After close,Financial Institution,NBFCs,Nifty 500,NBFC / financial,31730.3492,2023-01-25,2023-01-27,2023-01-30,2023-01-31,2023-01-31,1785,1786,1787,1788,1788,-0.0443983402489626,0.0069474598349978,0.0500215610176799,0.0125706806037152,0.0500215610176799,0.0017248814144028,-0.0154971169365891,-0.0127928834485708,0.0253635640522861,0.0280677975403044,True,-0.0254347641986438,0.0511638975424022,-0.0175000175773578,0.0670614760698653,3.09230714955375,-0.0094455852156059,-0.0611909650924026,-0.040910308433955,True,NBFCs,0.0500216,0.0007479198479229954,0.049273680152077004,5,4,-0.06119108236486748,-0.020280656658447582,-0.027903317599009103,-0.06289108236486747,-0.042810425706419894,-0.034987764765858374,0.48872180451127817
TMPV,Tata Motors Passenger Vehicles Limited,Q3 FY23,7,Oct-Dec 2022,2022-12-31,2023-01-25,16:36,After close,Automobiles - 4 Wheelers,,Nifty Auto,Company,156413.116,2023-01-23,2023-01-24,2023-01-25,2023-01-27,2023-01-27,1783,1784,1785,1786,1786,0.0336679725759059,-0.0073433613644438,0.0633575945591218,0.0896822057705839,0.0633575945591218,0.0452213339696934,0.0227442229374459,-0.0285809599753076,0.1182631657458915,0.066937982833138,True,0.2251067399388808,,0.1115069367604151,,,-0.0003366247755834,-0.0400583482944346,-0.0321881343984373,True,Nifty Auto,0.0633576,-0.016074268036742945,0.07943186803674294,4,3,-0.04005852711494662,-0.007870213895997291,-0.016852945445655743,-0.04175852711494662,-0.034088313218949326,-0.024905581669290876,0.3609022556390977
TRENT,Trent Limited,Q3 FY23,7,Oct-Dec 2022,2022-12-31,2023-02-08,18:22,After close,Miscellaneous,,Nifty 500,Company,43730.05499999999,2023-02-06,2023-02-07,2023-02-08,2023-02-09,2023-02-09,1792,1793,1794,1795,1795,-0.0137793675310948,0.0188764785887975,0.0856356943489342,0.0907328054066369,0.0856356943489342,0.0436471016544639,0.0064422199452068,0.007266415003681,0.0834663904029558,0.08429058546143,True,0.5365290711636472,0.1082396735628892,0.1795630754734374,0.6642657493012256,120.46472107066636,0.0157984946717339,-0.0006706908115357,0.0261855051707929,True,,0.0856357,0.0012170078951638796,0.08441869210483612,-1,-1,-0.0006705761397691745,-0.02685619598232869,-0.023303238168741358,-0.0023705761397691746,0.024285619842559517,0.020932662028972183,0.7969924812030075
TVSMOTOR,TVS Motor Company Limited,Q3 FY23,7,Oct-Dec 2022,2022-12-31,2023-01-24,17:19,After close,Automobiles - 2 And 3 Wheelers,,Nifty Auto,Company,46079.949,2023-01-20,2023-01-23,2023-01-24,2023-01-25,2023-01-25,1782,1783,1784,1785,1785,0.0121662027013094,0.0021900784353672,0.0549372363673323,0.069293517504009,0.0549372363673323,0.0113330284088022,0.0208150503135675,-0.0074644374017837,0.0767579549057927,0.0484784671904414,True,0.2226318142890706,0.2144904137235115,-0.0577787486157771,-0.2211177551707178,37.867290940766544,-0.0345408998940167,0.0765006262645731,0.0977783517221113,True,Nifty Auto,0.0549372,-0.012492893924926696,0.06743009392492669,3,2,0.07650063051109335,-0.021277725457538255,0.0019371543896613552,0.07480063051109336,0.0958783559686316,0.072863476121432,0.3233082706766917
ABB,ABB India Limited,Q4 FY23,8,Jan-Mar 2023,2023-03-31,2023-05-03,18:25,After close,Electrical Equipment,,Nifty India Manufacturing,Company,72426.3605,2023-04-28,2023-05-02,2023-05-03,2023-05-04,2023-05-04,1846,1847,1848,1849,1849,0.0070802674117527,0.003326409366239,0.0555217743803566,0.0659284511583484,0.0555217743803566,0.0088024090803799,0.0132227812157175,0.0105638125532327,0.0553646386051156,0.0527056699426309,True,0.2209523713073333,2.0741903088124527,-0.0064691315293933,-0.1979234901087384,99.45806910094616,0.0590066797426855,0.0821045990096973,0.0693990478971742,True,Nifty India Manufacturing,0.0555218,0.009173652628407636,0.04634814737159237,3,2,0.0821047730772233,0.012705551112523139,0.029202435113916625,0.08040477307722331,0.06749922196470017,0.05120233796330668,0.3582089552238806
ASTRAL,Astral Limited,Q4 FY23,8,Jan-Mar 2023,2023-03-31,2023-05-15,17:37,After close,Plastic And Plastic Products,,Nifty 500,Company,41467.64,2023-05-11,2023-05-12,2023-05-15,2023-05-16,2023-05-16,1854,1855,1856,1857,1857,0.0169327215148968,0.0140768986336192,0.0569360448719957,0.0879456650205119,0.0569360448719957,0.033434650455927,0.0005569109610863,-0.0005443381281655,0.0884900031486775,0.0873887540594255,True,0.0831295843520782,0.4547383309759545,0.1880422779618236,1.2118279569892474,105.3280162560325,0.0158316039134305,0.1900088941595024,0.1665134193556852,True,,0.056936,-0.006106359908363723,0.06304235990836372,-1,-1,0.19000896713703241,0.023495474803817196,0.035875655159949504,0.1883089671370324,0.1646134923332152,0.1524333119770829,0.6119402985074627
BHEL,Bharat Heavy Electricals Limited,Q4 FY23,8,Jan-Mar 2023,2023-03-31,2023-05-26,17:32,After close,Electrical Equipment,,Nifty India Manufacturing,Company,27856.4,2023-05-24,2023-05-25,2023-05-26,2023-05-29,2023-05-29,1863,1864,1865,1866,1866,0.0237500000000001,-0.036019536019536,0.051298290056998,0.0390287540374622,0.051298290056998,0.0018999366687775,0.0173807603647879,0.0170493315701141,0.021979422467348,0.0216479936726742,True,0.0205056514274939,-0.3303889442940589,0.5630621387777435,13.45127719962157,35.94374193548387,0.0313253012048193,0.0096385542168679,0.0046623865917985,True,Nifty India Manufacturing,0.0512983,0.005367756164405879,0.04593054383559412,9,8,0.009638608335860166,0.004976167625069472,0.04021779839244033,0.007938608335860166,0.002762440710790694,-0.03227919005658016,0.9701492537313433
CHOLAFIN,Cholamandalam Investment and Finance Company Limited,Q4 FY23,8,Jan-Mar 2023,2023-03-31,2023-05-03,17:37,After close,Finance,NBFCs,Nifty Financial Services,NBFC / financial,71617.4865,2023-04-28,2023-05-02,2023-05-03,2023-05-04,2023-05-04,1846,1847,1848,1849,1849,0.0041327057743083,0.0136046644563849,0.0717347168960071,0.0894720871267005,0.0717347168960071,0.0377284006316263,0.0165195131099923,0.0105638125532327,0.0789082745734677,0.0729525740167081,True,0.4360880897634227,0.2453038995835397,0.1147095017177524,0.2487953038754708,28.64871352281137,0.0511997474215955,0.098610818774995,0.0859052676624718,True,NBFCs,0.0717347,0.009173652628407636,0.06256104737159236,6,5,0.0986109581408885,0.012705551112523139,-0.00804184944569497,0.0969109581408885,0.08400540702836536,0.10495280758658347,0.3582089552238806
DIVISLAB,Divi's Laboratories Limited,Q4 FY23,8,Jan-Mar 2023,2023-03-31,2023-05-20,13:27,Non-trading day,Pharmaceuticals,Pharma,Nifty Pharma,Company,83709.6575,2023-05-18,2023-05-19,2023-05-22,2023-05-23,2023-05-22,1859,1860,1861,1862,1861,-0.0175043602346598,0.0538036988025691,0.0369984686064319,0.0732978071743413,0.0538036988025691,0.0005325501081236,0.0060444496056847,0.0119836912604858,0.0613141159138554,0.0672533575686565,True,-0.2254054096980671,-0.6412299919520701,0.1423510259533402,0.0461864406779661,34.92194885379946,0.0213243546576877,0.0532813515269652,0.0277363329963351,True,Pharma,0.0538037,0.006097761956557646,0.04770593804344236,8,7,0.09793256412503837,0.02408214301314815,0.08334150046552646,0.09623256412503838,0.07195042111189022,0.012891063659511905,0.7985074626865671
DIXON,Dixon Technologies (India) Limited,Q4 FY23,8,Jan-Mar 2023,2023-03-31,2023-05-23,16:13,After close,Consumer Durables,Consumer brands,Nifty Consumer Durables,Company,,2023-05-19,2023-05-22,2023-05-23,2023-05-24,2023-05-24,1860,1861,1862,1863,1863,0.0646383448366745,0.0136467020470052,0.0728557690839986,0.1511408159676783,0.0728557690839986,0.0165921267534687,0.0215459762652301,0.0045205678916502,0.1466202480760281,0.1295948397024482,True,0.0381678096689526,0.2804510084167062,0.2747637978642003,0.5532652668079368,,0.1037048629883619,0.3052670517599527,0.2740153427462042,True,Consumer brands,0.0728558,-0.003411816001744006,0.076267616001744,4,3,0.30526697111982903,0.03125170901374852,0.07862759113652618,0.30356697111982905,0.27211526210608056,0.22493937998330285,0.8582089552238806
DLF,DLF Limited,Q4 FY23,8,Jan-Mar 2023,2023-03-31,2023-05-12,16:39,After close,Construction,Real estate,Nifty Infrastructure,Company,107489.9025,2023-05-10,2023-05-11,2023-05-12,2023-05-15,2023-05-15,1853,1854,1855,1856,1856,-0.0033390903857224,0.0072781885397412,0.07386168138548,0.0778007795394988,0.07386168138548,0.0161715793095538,-0.0079397533712363,0.0045737661878181,0.0732270133516806,0.0857405329107351,True,-0.0589429055233121,0.4062862359065453,-0.0259165105699759,0.0978409506750639,57.44590358870214,0.02136067499733,0.0479547153690058,0.0369404400202748,True,Real estate,0.0738617,0.004589184703081672,0.06927251529691833,2,1,0.04795445840398882,0.011014275348731006,0.027846750905847095,0.04625445840398882,0.035040183055257815,0.018407707498141725,0.5895522388059702
EICHERMOT,Eicher Motors Limited,Q4 FY23,8,Jan-Mar 2023,2023-03-31,2023-05-11,16:55,After close,Automobiles - 4 Wheelers,,Nifty Auto,Company,92494.965,2023-05-09,2023-05-10,2023-05-11,2023-05-12,2023-05-12,1852,1853,1854,1855,1855,0.0103048582157958,-0.0033511377771273,0.0649135171644201,0.0718672376030886,0.0649135171644201,0.0336827885942501,0.01907943325127,0.0026753804850619,0.0691918571180266,0.0527878043518186,True,0.191336915811757,0.4842167371422954,0.0223918301531846,0.2223692025268613,35.32364521672713,-0.0152908571980086,-0.0124229597253431,-0.025996681524107,True,Nifty Auto,0.0649135,0.000972837077116484,0.06394066292288351,7,6,-0.012422790794705652,0.013573721798763927,0.051435965637468106,-0.014122790794705652,-0.027896512593469577,-0.06555875643217375,0.5447761194029851
MARICO,Marico Limited,Q4 FY23,8,Jan-Mar 2023,2023-03-31,2023-05-05,15:56,After close,Personal Care,FMCG,Nifty FMCG,Company,64822.5,2023-05-03,2023-05-04,2023-05-05,2023-05-08,2023-05-08,1848,1849,1850,1851,1851,-0.0103482587064676,-0.0074401769555599,0.0751620745542949,0.0573736388922673,0.0751620745542949,0.0352512155591571,0.0086759170287694,0.0097553896194004,0.0476182492728668,0.0486977218634978,True,0.0365571494678389,0.2031872509960159,-0.0931174089068825,-0.0792682926829267,51.81654676258993,0.0116826832485392,0.0309967966836248,0.0129589744721096,True,FMCG,0.0751621,0.010814101499806439,0.06434799850019356,5,4,0.030996683415727366,0.018037822211515175,0.051916573355762274,0.029296683415727366,0.01105886120421219,-0.022619889940034908,0.43283582089552236
MUTHOOTFIN,Muthoot Finance Limited,Q4 FY23,8,Jan-Mar 2023,2023-03-31,2023-05-19,17:07,After close,Finance,NBFCs,Nifty Financial Services,NBFC / financial,42438.969605000006,2023-05-17,2023-05-18,2023-05-19,2023-05-22,2023-05-22,1858,1859,1860,1861,1861,-0.0063850919926217,-0.0147562833206397,0.0862885302927818,0.0651471549795204,0.0862885302927818,0.010725673978162,0.0043974212224354,0.0073000586398591,0.0578470963396612,0.0607497337570849,True,0.0839910060232369,-0.0235991366340764,0.0881467439971159,0.0493536255285849,11.672439201590176,-0.0073385518590997,0.0500800569293715,0.0259979139162234,True,NBFCs,0.0862885,0.006097761956557646,0.08019073804344236,11,10,0.05008021443686905,0.02408214301314815,0.002047848469529878,0.04838021443686905,0.024098071423720904,0.046332365967339174,0.7985074626865671
NAUKRI,Info Edge (India) Limited,Q4 FY23,8,Jan-Mar 2023,2023-03-31,2023-05-26,14:00,During market,Computers - Software,IT services,Nifty IT,Company,50098.84704,2023-05-24,2023-05-25,2023-05-26,2023-05-29,2023-05-26,1863,1864,1865,1866,1865,0.005737345607385,0.0762495673465202,0.0022273837174677,0.084214296671373,0.0762495673465202,0.0047047059879241,0.0121378687366117,0.0170493315701141,0.0671649651012589,0.0720764279347613,True,0.2787563934225188,-1.4338221848370698,0.0258974719982629,,63.07255656202592,-0.0166860782962136,0.0476575313161087,0.0426813636910392,True,IT services,0.0762496,0.009726463677225405,0.0665231363227746,11,10,0.02600199302385131,0.00898139664366604,-0.02730796875585495,0.02430199302385131,0.01512059638018527,0.05160996177970626,0.9328358208955224
POLYCAB,Polycab India Limited,Q4 FY23,8,Jan-Mar 2023,2023-03-31,2023-05-12,14:29,During market,Electrical Equipment,,Nifty India Manufacturing,Company,48044.718975,2023-05-10,2023-05-11,2023-05-12,2023-05-15,2023-05-12,1853,1854,1855,1856,1855,0.0081015813663629,0.047507920562553,-0.002286844007731,0.0533226579211849,0.047507920562553,0.0052391623522138,-0.0008356501372318,0.0045737661878181,0.0487488917333668,0.0541583080584168,True,0.089093351052977,0.305569301985326,0.1637871307516023,0.1876235505959786,41.04502375832631,0.0148320123033243,0.0452206317283809,0.0342063563796499,True,Nifty India Manufacturing,0.0475079,0.000972837077116484,0.046535062922883515,6,5,0.046784385222233604,0.013573721798763927,0.04498139512976307,0.045084385222233604,0.03131066342346968,0.00010299009247053564,0.5447761194029851
TORNTPHARM,Torrent Pharmaceuticals Limited,Q4 FY23,8,Jan-Mar 2023,2023-03-31,2023-05-30,16:57,After close,Pharmaceuticals,Pharma,Nifty Pharma,Company,57546.6615,2023-05-26,2023-05-29,2023-05-30,2023-05-31,2023-05-31,1865,1866,1867,1868,1868,0.0033524481693869,0.0044549957501685,0.0713431180881796,0.079150562007735,0.0713431180881796,0.020688045286102,0.0060997709206906,0.0019233053337444,0.0772272566739906,0.0730507910870443,True,0.1689347724073204,,0.0,0.0141342756183746,71.57544962686568,-0.0183843555942913,0.0641954461270297,0.0405798988204,True,Pharma,0.0713431,-0.005337061315831004,0.07668016131583101,12,11,0.0641954841719814,0.023615547306629736,0.07448495078243322,0.0624954841719814,0.03867993686535166,-0.011989466610451825,0.9925373134328358
TVSMOTOR,TVS Motor Company Limited,Q4 FY23,8,Jan-Mar 2023,2023-03-31,2023-05-04,17:33,After close,Automobiles - 2 And 3 Wheelers,,Nifty Auto,Company,55014.2045,2023-05-02,2023-05-03,2023-05-04,2023-05-05,2023-05-05,1847,1848,1849,1850,1850,-0.0006045166026167,0.010196586735796,0.039262649159574,0.0488547192927533,0.039262649159574,0.0179205337667336,0.0047140266900572,-0.0042436972641886,0.0530984165569419,0.044140692602696,True,0.219613679159327,0.2113894395386557,-0.0043056583516507,0.117019508790588,43.31758909308515,0.0185192806288323,0.0745709699987657,0.0488307519457469,True,Nifty Auto,0.0392626,-0.010232364508813596,0.0494949645088136,5,4,0.0745709315182923,0.02574021805301885,0.07813694195926812,0.07287093151829231,0.04693071346527346,-0.00526601044097582,0.39552238805970147
ASHOKLEY,Ashok Leyland Limited,Q1 FY24,9,Apr-Jun 2023,2023-06-30,2023-07-21,11:05,During market,Automobiles - 4 Wheelers,,Nifty Auto,Company,,2023-07-19,2023-07-20,2023-07-21,2023-07-24,2023-07-21,1902,1903,1904,1905,1904,0.0144341801385681,0.0350028457598179,0.0032994226010447,0.0527364484994308,0.0350028457598179,0.002276607854297,0.0067175647763555,-0.0080377177308226,0.0607741662302534,0.0460188837230752,True,,,-0.2659508958496653,-0.277251405259591,,0.0084954782132091,0.0298711975883807,0.0438959582295851,True,Nifty Auto,0.0350028,-0.011719717805812602,0.0467225178058126,1,0,0.02749522246577074,-0.017796910610281103,-0.010439149858726737,0.02579522246577074,0.043392133076051845,0.03623437232449748,0.16541353383458646
BHARATFORG,Bharat Forge Limited,Q1 FY24,9,Apr-Jun 2023,2023-06-30,2023-08-09,12:51,During market,Castings/Forgings,,Nifty Auto,Company,42382.0977,2023-08-07,2023-08-08,2023-08-09,2023-08-10,2023-08-09,1915,1916,1917,1918,1917,-0.0048890353768402,0.0633176925200109,-0.0130827536081403,0.0453459035350303,0.0633176925200109,0.0,0.0035471444569865,-0.0027532367263067,0.0480991402613371,0.0417987590780437,True,0.3597467827053049,0.8766348859674913,0.0683977900552486,-0.1085911283661653,70.8637114829312,0.0213045765386636,0.1629668595476057,0.1488007344190436,True,Nifty Auto,0.0633177,0.003152647943242215,0.06016505205675779,9,8,0.14873840624215773,0.004813434831440588,0.03290994562901162,0.14703840624215772,0.14202497141071713,0.11412846061314612,0.7443609022556391
COLPAL,Colgate Palmolive (India) Limited,Q1 FY24,9,Apr-Jun 2023,2023-06-30,2023-07-26,18:42,After close,Personal Care,FMCG,Nifty FMCG,Company,51369.92,2023-07-24,2023-07-25,2023-07-26,2023-07-27,2023-07-27,1905,1906,1907,1908,1908,0.005533199195171,-0.0081356467707538,0.0628052665109366,0.0602028189353538,0.0628052665109366,0.027288171586324,-0.0050475422855287,-0.0006027089083276,0.0608055278436815,0.0652503612208825,True,0.1059984458686007,0.3052892640816522,-0.0199610552112717,-0.1345265954082601,49.056887742921255,-0.0036465357909983,-0.0147360007992406,0.0053098793934359,True,FMCG,0.0628053,-0.005986358787155477,0.06879165878715547,5,4,-0.014735958083176737,-0.020045880192676613,-0.01891622650709812,-0.016435958083176737,0.003409922109499876,0.002480268423921385,0.42105263157894735
LICHSGFIN,LIC Housing Finance Limited,Q1 FY24,9,Apr-Jun 2023,2023-06-30,2023-08-03,19:12,After close,Finance - Housing,NBFCs,Nifty Financial Services,NBFC / financial,23006.72,2023-08-01,2023-08-02,2023-08-03,2023-08-04,2023-08-04,1911,1912,1913,1914,1914,-0.0087320574162679,-0.0482683721491492,0.0819069354634207,0.0249065058980035,0.0819069354634207,-0.0110308101939902,-0.0166204132110507,-0.0109270058340114,0.0358335117320149,0.0415269191090543,True,0.2762032974087474,0.423090202848511,0.0510035577006804,0.1076101378928098,7.958709820254881,-0.0039845306457286,0.0495722489159726,0.0489676477989977,True,NBFCs,0.0819069,0.006983409565233023,0.07492349043476698,9,8,0.04957214491894302,0.0006046011169749121,-0.010053255488767343,0.04787214491894302,0.047067543801968106,0.05792540040771036,0.6616541353383458
MFSL,Max Financial Services Limited,Q1 FY24,9,Apr-Jun 2023,2023-06-30,2023-08-09,18:19,After close,Insurance,Insurers,Nifty Financial Services,NBFC / financial,,2023-08-07,2023-08-08,2023-08-09,2023-08-10,2023-08-10,1915,1916,1917,1918,1918,0.0327284304361668,-0.0262038350083235,0.0828162593389894,0.0893408547668326,0.0828162593389894,0.03963530454603,-0.0065622882987224,-0.0027532367263067,0.0920940914931394,0.095903143065555,True,,,-0.0766664954574157,0.9106559163216388,,0.019179043386738,0.0940240907496199,0.0798579656210578,True,Insurers,0.0828163,-0.0045562089489139534,0.08737250894891395,5,4,0.09402416441255079,0.01416612512856208,0.012427793614165017,0.0923241644125508,0.07795803928398871,0.07989637079838578,0.8120300751879699
MPHASIS,MphasiS Limited,Q1 FY24,9,Apr-Jun 2023,2023-06-30,2023-07-20,22:27,After close,Computers - Software,IT services,Nifty IT,Company,40006.34238,2023-07-18,2023-07-19,2023-07-20,2023-07-21,2023-07-21,1901,1902,1903,1904,1904,0.0218517471978902,0.0203244538667157,0.052825330864086,0.0950015319286921,0.052825330864086,-0.0446497131758435,-0.0481154307108091,-0.0001100426290761,0.0951115745577682,0.1431169626395012,True,0.4626284405609062,0.1894632200788668,-0.0324914569760641,-0.0228345427046657,25.497824985181744,-0.0345367569770685,-0.0059849411159016,0.0118119694943794,True,IT services,0.0528253,-0.011719717805812602,0.0645450178058126,8,7,-0.005985317110284383,-0.017796910610281103,0.03570346539542468,-0.007685317110284383,0.00991159349999672,-0.043388782505709066,0.16541353383458646
NMDC,NMDC Limited,Q1 FY24,9,Apr-Jun 2023,2023-06-30,2023-08-11,16:33,After close,Mining,Metals,Nifty Metal,Company,33014.3355,2023-08-09,2023-08-10,2023-08-11,2023-08-14,2023-08-14,1917,1918,1919,1920,1920,0.0093209054593874,0.0004397537379068,0.0435164835164836,0.0532771427137779,0.0435164835164836,0.0109890109890109,-0.0196818006471515,-0.0101087092859637,0.0633858519997416,0.0729589433609294,True,0.1316510980539409,0.145974364665409,-0.0780518066709163,-0.2859772856920604,5.833117277788476,0.0185341196293176,0.1499578770008418,0.1212126783726255,True,Metals,0.0435165,0.0003216956707483565,0.04319480432925164,9,8,0.14995807419012386,0.02874519862821634,0.056309626562989434,0.14825807419012385,0.11931287556190752,0.09194844762713443,0.9699248120300752
POLYCAB,Polycab India Limited,Q1 FY24,9,Apr-Jun 2023,2023-06-30,2023-07-18,13:09,During market,Electrical Equipment,,Nifty India Manufacturing,Company,58024.202775,2023-07-14,2023-07-17,2023-07-18,2023-07-19,2023-07-18,1899,1900,1901,1902,1901,0.0104017448088067,0.054538719936648,0.04377263423083,0.1087130989762847,0.054538719936648,0.0026439145262029,0.0077175327622052,0.0136769829180127,0.095036116058272,0.1009955662140795,True,0.4212684040566303,0.8168795533248088,-0.100446587063199,-0.0599835197174808,45.69014746643568,0.0847093772120168,0.1181637791986258,0.1417555939128796,True,Nifty India Manufacturing,0.0545387,0.0019176671427012515,0.05262103285729875,1,0,0.17576884007299998,-0.014392951631074569,0.02042777795477968,0.17406884007299997,0.18826179170407453,0.1536410621182203,0.06015037593984962
RECLTD,REC Limited,Q1 FY24,9,Apr-Jun 2023,2023-06-30,2023-07-26,15:48,After close,Financial Institution,NBFCs,Nifty 500,NBFC / financial,45541.5399,2023-07-24,2023-07-25,2023-07-26,2023-07-27,2023-07-27,1905,1906,1907,1908,1908,-0.0046256143394043,0.0081324426372348,0.0844137136271967,0.0879205419250273,0.0844137136271967,0.0011524056467875,0.0032175429359194,-0.0006027089083276,0.088523250833355,0.0847029989891078,True,0.1674249403787331,0.2093954754376243,0.082446065921707,-0.031748206578651,4.078228770689327,0.0603081827842719,0.2715196599362377,0.2915655401289143,True,NBFCs,0.0844137,-0.005986358787155477,0.09040005878715547,5,4,0.2715196410947496,-0.020045880192676613,-0.005812922596813208,0.2698196410947496,0.28966552128742623,0.2756325636915628,0.42105263157894735
TRENT,Trent Limited,Q1 FY24,9,Apr-Jun 2023,2023-06-30,2023-08-09,14:25,During market,Miscellaneous,,Nifty 500,Company,60072.39,2023-08-07,2023-08-08,2023-08-09,2023-08-10,2023-08-09,1915,1916,1917,1918,1917,0.0141436856432715,0.0432981268600105,0.0601543710498349,0.1175961835531169,0.0432981268600105,0.004755791562117,-0.0009611941928068,-0.0027532367263067,0.1203494202794237,0.1185573777459237,True,0.4576546599007292,0.3292468010114167,0.2041553086702554,2.2031019202363367,138.8956994219653,0.0414413463821257,0.1008203856603973,0.0866542605318352,True,,0.0432981,0.003152647943242215,0.040145452056757784,-1,-1,0.16771078520908156,0.004813434831440588,0.02244491688646999,0.16601078520908155,0.16099735037764096,0.14356586832261156,0.7443609022556391
UNITDSPR,United Spirits Limited,Q1 FY24,9,Apr-Jun 2023,2023-06-30,2023-07-20,16:12,After close,Brew/Distilleries,FMCG,Nifty 500,Company,69861.825,2023-07-18,2023-07-19,2023-07-20,2023-07-21,2023-07-21,1901,1902,1903,1904,1904,0.0110902842861606,0.0042226685205211,0.0656376596071997,0.0809506124138814,0.0656376596071997,0.0204604892056818,0.0019710421307161,-0.0001100426290761,0.0810606550429575,0.0789795702831652,True,-0.1855061489489995,0.7907588279489106,0.0029007528144207,3.6371595330739295,61.48184898354308,-0.0261777585294257,-0.0351763630239158,-0.0173794524136347,True,FMCG,0.0656377,-0.011719717805812602,0.0773574178058126,2,1,-0.03517626277246977,-0.017796910610281103,-0.003090929526806785,-0.03687626277246977,-0.019279352162188665,-0.033785333245662984,0.16541353383458646
ALKEM,Alkem Laboratories Limited,Q2 FY24,10,Jul-Sep 2023,2023-09-30,2023-11-07,13:51,During market,Pharmaceuticals,Pharma,Nifty Pharma,Company,45535.99725,2023-11-03,2023-11-06,2023-11-07,2023-11-08,2023-11-07,1975,1976,1977,1978,1977,0.0042662676065581,0.052846909965492,0.0509888636448285,0.1081020412168787,0.052846909965492,0.0,0.0407621512120361,0.0110559835079614,0.0970460577089172,0.0673398900048425,True,0.1171668230839426,0.875589408777657,0.1591962853638484,1.1641265301851913,39.829957533719366,0.0265197155479954,0.1551728211307208,0.0802043226607951,True,Pharma,0.0528469,-0.0002601517122361452,0.05310705171223615,8,7,0.17342670520872794,0.07889028016097543,0.05878828555993909,0.17172670520872793,0.0926364250477525,0.11293841964878885,0.7575757575757576
BAJAJ-AUTO,Bajaj Auto Limited,Q2 FY24,10,Jul-Sep 2023,2023-09-30,2023-10-18,16:49,After close,Automobiles - 2 And 3 Wheelers,,Nifty Auto,Company,143650.3032,2023-10-16,2023-10-17,2023-10-18,2023-10-19,2023-10-19,1962,1963,1964,1965,1965,0.0127149526267063,-0.0007585703865791,0.0672039086299356,0.0791602908700628,0.0672039086299356,0.0316602917846748,0.0059667736116781,-0.0054038739031464,0.0845641647732092,0.0731935172583846,True,0.0622903130638821,0.1748301772670171,0.0510409807688392,0.2286362475215004,21.961452984396928,-0.0198901980812025,0.0271586473570928,0.0217012390909792,True,Nifty Auto,0.0672039,-0.002358790306591807,0.0695626903065918,1,0,0.027158528545192073,0.005457408266113628,0.017300517511132485,0.025458528545192073,0.019801120279078446,0.008158011034059588,0.14393939393939395
CONCOR,Container Corporation of India Limited,Q2 FY24,10,Jul-Sep 2023,2023-09-30,2023-11-02,17:51,After close,Travel And Transport,,Nifty Services Sector,Company,41932.026,2023-10-31,2023-11-01,2023-11-02,2023-11-03,2023-11-03,1972,1973,1974,1975,1975,-0.0184539378087765,0.0103626943005181,0.0457875457875458,0.0376963022792874,0.0457875457875458,0.0284249084249084,0.0080461966191384,0.0079358798159334,0.0297604224633539,0.029650105660149,True,0.1049820272460908,0.2105315187662702,0.1414730294772315,0.4960091220068414,37.36091771728961,0.0323642732049036,0.1221015761821369,0.0463785098191529,True,Nifty Services Sector,0.0457875,0.005088001254360819,0.04069949874563918,5,4,0.12210158155463247,0.07572306636298398,0.07563893741807526,0.12040158155463247,0.044478515191648485,0.04476264413655721,0.6666666666666666
HINDPETRO,Hindustan Petroleum Corporation Limited,Q2 FY24,10,Jul-Sep 2023,2023-09-30,2023-11-06,19:28,After close,Refineries,,Nifty Oil & Gas,Company,36201.396,2023-11-02,2023-11-03,2023-11-06,2023-11-07,2023-11-07,1974,1975,1976,1977,1977,0.0092084639498433,0.0176664725296058,0.0631438382296831,0.0900187747091323,0.0631438382296831,0.011446012972148,0.0271503736088678,0.0142477324370943,0.075771042272038,0.0628684011002644,True,-0.1011068533467907,,-0.1384074957960682,-0.1387244106126671,4.339451404213901,0.0882827920330164,0.3789700340929485,0.300079753931973,True,Nifty Oil & Gas,0.0631438,-0.0002601517122361452,0.06340395171223615,6,5,0.37897017943160294,0.07889028016097543,0.14106446606351963,0.37727017943160296,0.29817989927062755,0.2362057133680833,0.7575757575757576
LTM,LTM Limited,Q2 FY24,10,Jul-Sep 2023,2023-09-30,2023-10-18,17:08,After close,Computers - Software,IT services,Nifty IT,Company,152808.52,2023-10-16,2023-10-17,2023-10-18,2023-10-19,2023-10-19,1962,1963,1964,1965,1965,0.0099371422483511,-0.0112299208822824,0.0586980136561143,0.057405235022183,0.0586980136561143,0.0086902545003104,-0.0066247782394111,-0.0054038739031464,0.0628091089253295,0.0640300132615941,True,0.8412140509024748,0.710290004416311,0.0233621769457945,0.0089448545375596,38.73473257287706,-0.0525486459745685,0.0111216973872259,0.0056642891211122,True,IT services,0.058698,-0.002358790306591807,0.06105679030659181,7,6,0.011121613282136789,0.005457408266113628,0.020648350272114424,0.009421613282136788,0.0037642050160231603,-0.011226736989977636,0.14393939393939395
PFC,Power Finance Corporation Limited,Q2 FY24,10,Jul-Sep 2023,2023-09-30,2023-11-08,19:44,After close,Financial Institution,NBFCs,Nifty 500,NBFC / financial,86050.1075,2023-11-06,2023-11-07,2023-11-08,2023-11-09,2023-11-09,1976,1977,1978,1979,1979,0.0088207094918504,0.0019007793195209,0.0521722633276418,0.0628937521390131,0.0521722633276418,0.0130904951622081,0.0034743811035282,-0.0008428769373464,0.0637366290763595,0.0594193710354848,True,0.1579924545085476,0.6843029431346339,0.0666195387016974,0.4483624396895322,4.669178279910512,0.1190046880634692,0.3869455463397044,0.3057867088893942,True,NBFCs,0.0521723,-0.0024789775503382128,0.05465127755033821,10,9,0.38694554984993434,0.08115883745031027,0.08621921260940013,0.38524554984993437,0.3038867123996241,0.29902633724053423,0.8939393939393939
TRENT,Trent Limited,Q2 FY24,10,Jul-Sep 2023,2023-09-30,2023-11-07,14:04,During market,Miscellaneous,,Nifty 500,Company,78085.575,2023-11-03,2023-11-06,2023-11-07,2023-11-08,2023-11-07,1975,1976,1977,1978,1977,0.016708399726838,0.0854379365932296,0.011901815181518,0.1140481515015856,0.0854379365932296,0.0005597349095467,0.0151583366439964,0.0110559835079614,0.1029921679936242,0.0988898148575891,True,0.5273001013959873,1.523435820253709,0.134703257151771,0.3530666359234493,164.22818474351695,0.0408912081863956,0.1599567849644294,0.0849882864945037,True,,0.0854379,-0.0002601517122361452,0.08569805171223614,-1,-1,0.18310664200570392,0.07889028016097543,0.08681739373276409,0.18140664200570392,0.10231636184472849,0.09458924827293984,0.7575757575757576
ABB,ABB India Limited,Q3 FY24,11,Oct-Dec 2023,2023-12-31,2024-02-20,19:29,After close,Electrical Equipment,,Nifty India Manufacturing,Company,95866.7385,2024-02-16,2024-02-19,2024-02-20,2024-02-21,2024-02-21,2047,2048,2049,2050,2050,-0.0078025706486299,0.0079419004867615,0.1017128964526465,0.1018522262907781,0.1017128964526465,0.0255276826168637,-0.0020929363974923,0.0006838939415881,0.1011683323491899,0.1039451626882704,True,0.1362143631201815,0.1091969081619286,-0.0042250622023047,-0.0667181084134813,79.31326662309404,0.0890525006519953,0.150259794972617,0.1600512032895331,True,Nifty India Manufacturing,0.101713,-0.006392770177884866,0.10810577017788486,9,8,0.15025989495252956,-0.009791408316916161,-0.0019274424979655036,0.14855989495252955,0.1581513032694457,0.15048733745049506,0.9925925925925926
BAJAJ-AUTO,Bajaj Auto Limited,Q3 FY24,11,Oct-Dec 2023,2023-12-31,2024-01-24,16:05,After close,Automobiles - 2 And 3 Wheelers,,Nifty Auto,Company,200764.3644,2024-01-20,2024-01-23,2024-01-24,2024-01-25,2024-01-25,2029,2030,2031,2032,2032,0.0001057060104436,0.0164813483842782,0.0533284346686815,0.0699154890634035,0.0533284346686815,0.0204010897218158,-0.0017402696000041,-0.0100308470721769,0.0799463361355804,0.0716557586634076,True,0.3054974277086324,0.3801996333265429,0.1224451571472859,0.0062226182520235,29.344522343359696,0.0185192497532082,0.1104902928594933,0.070209483965026,True,Nifty Auto,0.0533284,-0.00472407179097567,0.05805247179097567,2,1,0.11049019301585972,0.04028080889446728,0.10778731016551246,0.10879019301585972,0.06830938412139244,0.0010028828503472547,0.34074074074074073
CIPLA,Cipla Limited,Q3 FY24,11,Oct-Dec 2023,2023-12-31,2024-01-22,18:48,Non-trading day,Pharmaceuticals,Pharma,Nifty Pharma,Company,107212.04325,2024-01-19,2024-01-20,2024-01-23,2024-01-24,2024-01-23,2028,2029,2030,2031,2030,-0.0088105726872247,0.0704653371320038,0.0059261887863732,0.0675809532311524,0.0704653371320038,0.0522317188983856,0.0216485792700789,-0.0076469410352342,0.0752278942663866,0.0459323739610735,True,0.1366106204895276,0.3182930483419897,-0.0111318254306954,-0.0663271171003881,31.046977386323487,-0.0209545983701976,0.025364236074364,-0.0102236160461079,True,Pharma,0.0704653,-0.015436820293160514,0.08590212029316051,1,0,0.0271826357779692,0.038432020641467446,0.07968756242758412,0.0254826357779692,-0.013149384863498247,-0.054204926649614925,0.2
CUMMINSIND,Cummins India Limited,Q3 FY24,11,Oct-Dec 2023,2023-12-31,2024-02-07,20:45,After close,Diesel Engines,,Nifty India Manufacturing,Company,65147.544,2024-02-05,2024-02-06,2024-02-07,2024-02-08,2024-02-08,2038,2039,2040,2041,2041,0.0219768530337844,-0.0006869704602702,0.0770977418548455,0.0983876244283598,0.0770977418548455,0.0997000249979169,0.0114166826056509,-0.0023984724998514,0.1007860969282112,0.0869709418227088,True,0.1630816827151906,0.2056790720154664,0.3225677187687024,0.5160290498040052,45.06858708284908,0.018605550720433,0.0769944879605453,0.0421799681739172,True,Nifty India Manufacturing,0.0770977,-0.009691981486970147,0.08678968148697015,6,5,0.07699430456956002,0.034814519786628084,0.04731520948123524,0.07529430456956003,0.04027978478293194,0.02797909508832478,0.7777777777777778
GODREJCP,Godrej Consumer Products Limited,Q3 FY24,11,Oct-Dec 2023,2023-12-31,2024-01-31,16:29,After close,Personal Care,FMCG,Nifty FMCG,Company,119449.906,2024-01-29,2024-01-30,2024-01-31,2024-02-01,2024-02-01,2033,2034,2035,2036,2036,0.0031675370259396,-0.0064857484212321,0.0776069403882493,0.0742887289929568,0.0776069403882493,0.0411011853633396,0.0014875309796622,-0.0017539578544771,0.0760426868474339,0.0728011980132945,True,0.016871728185122,0.06355017022367,0.0160163244909008,0.3426531413915012,68.2543589684984,-0.0298114861902673,0.0025108604678965,-0.0106404545483842,True,FMCG,0.0776069,-0.0013003033273956133,0.07890720332739562,8,7,0.0025108020381570118,0.013151315016280751,-0.021736531934699932,0.0008108020381570118,-0.01254051297812374,0.022547333972856944,0.6074074074074074
GRASIM,Grasim Industries Limited,Q3 FY24,11,Oct-Dec 2023,2023-12-31,2024-02-08,20:23,After close,Cement And Cement Products,,Nifty Commodities,Company,136046.1,2024-02-06,2024-02-07,2024-02-08,2024-02-09,2024-02-09,2039,2040,2041,2042,2042,0.0220232333010648,-0.0256689557186833,0.0540514266271325,0.050405704209514,0.0540514266271325,-2.430369902306495e-05,0.001306615813145,-0.0066696247054757,0.0570753289149897,0.049099088396369,True,0.1161965314447377,-0.3980236745661385,0.0577352991395296,0.3013447905477981,20.53550835330842,-0.0289831680885405,0.0274844362462536,-0.0051587406159063,True,Nifty Commodities,0.0540514,0.0029721958103781088,0.05107920418962189,6,5,0.027484605818943297,0.032643176862160006,0.028526898609434914,0.025784605818943297,-0.0070585710432167085,-0.002742292790491617,0.8074074074074075
ICICIGI,ICICI Lombard General Insurance Company Limited,Q3 FY24,11,Oct-Dec 2023,2023-12-31,2024-01-16,19:26,After close,Insurance,Insurers,Nifty Financial Services,,,2024-01-12,2024-01-15,2024-01-16,2024-01-17,2024-01-17,2023,2024,2025,2026,2026,-0.0152786744136,0.0010198135198136,0.0583976131567456,0.0441387522629591,0.0583976131567456,0.0260879056905836,-0.0359341953488523,-0.0145754809338923,0.0587142331968515,0.0800729476118115,True,,,,,,0.037161813744027,0.1341400529409742,0.1184344723142807,True,Insurers,0.0583976,-0.02089432333437724,0.07929192333437723,2,1,0.13414019908008945,0.01570558062669347,-0.00549225725684277,0.13244019908008944,0.11653461845339598,0.1379324563369322,0.06666666666666667
INDUSTOWER,Indus Towers Limited,Q3 FY24,11,Oct-Dec 2023,2023-12-31,2024-01-23,20:37,After close,Telecommunication - Services,,Nifty Services Sector,Company,59382.1215,2024-01-19,2024-01-20,2024-01-23,2024-01-24,2024-01-24,2028,2029,2030,2031,2031,-0.0215566144769684,0.0069573283858999,0.0591893136803316,0.0445900275892631,0.0591893136803316,0.0359281437125749,-0.0040524492384257,-0.0076469410352342,0.0522369686244973,0.0486424768276888,True,0.0641537324464154,,0.009323519102699,0.1898509307175406,17.813745762711864,-0.0476190476190475,-0.0208741030658836,-0.0564619551863556,True,Nifty Services Sector,0.0591893,0.010130045011959243,0.04905925498804076,1,0,-0.020874316530884007,0.035587852120472,0.03289528273532394,-0.022574316530884007,-0.058362168651356,-0.055469599266207946,0.26666666666666666
INFY,Infosys Limited,Q3 FY24,11,Oct-Dec 2023,2023-12-31,2024-01-11,16:09,After close,Computers - Software,IT services,Nifty IT,Company,633130.2,2024-01-09,2024-01-10,2024-01-11,2024-01-12,2024-01-12,2020,2021,2022,2023,2023,-0.0061466030209899,-0.0169090071715244,0.0793401151117654,0.056284504919251,0.0793401151117654,0.0453754517467541,0.0535448273098612,0.0161724564906142,0.0401120484286368,0.0027396776093898,True,0.0131269899264052,-0.0728818706346796,-0.0044365799866645,-0.0170637475853187,25.26658951233139,0.0288017361649355,0.0417609672918921,0.054481027763562,True,IT services,0.0793401,0.01142642004508665,0.06791367995491335,2,1,0.04176092001703058,-0.012720060471669847,0.04042254330986794,0.04006092001703058,0.05258098048870043,-0.00036162329283736367,0.022222222222222223
MFSL,Max Financial Services Limited,Q3 FY24,11,Oct-Dec 2023,2023-12-31,2024-02-06,18:03,After close,Insurance,Insurers,Nifty Financial Services,NBFC / financial,30491.78025,2024-02-02,2024-02-05,2024-02-06,2024-02-07,2024-02-07,2037,2038,2039,2040,2040,-0.0184214973804291,0.047979797979798,0.0517524644030669,0.0813107650024357,0.0517524644030669,0.0208105147864183,0.0004968139639658,0.0035367252698704,0.0777740397325652,0.0808139510384698,True,0.3889766983830063,-0.339557215257402,0.2155565087529094,0.0045303942119143,60.21283619668247,0.0086956521739132,0.0190054673262169,-0.0004104146646175,True,Insurers,0.0517525,5.0160971116319786e-05,0.05170233902888368,5,4,0.01900542768838842,0.01941588199083455,0.020096704844780655,0.01730542768838842,-0.0023104543024461285,-0.0027912771563922342,0.725925925925926
NATIONALUM,National Aluminium Company Limited,Q3 FY24,11,Oct-Dec 2023,2023-12-31,2024-02-13,20:09,After close,Aluminium,Metals,Nifty Metal,Company,28927.08,2024-02-09,2024-02-12,2024-02-13,2024-02-14,2024-02-14,2042,2043,2044,2045,2045,-0.0907936507936508,-0.0087290502793295,0.0982740401549842,-0.0012486609179962,0.0982740401549842,0.0285311729482213,-0.026988591176665,0.0026950174238989,-0.0039436783418952,0.0257399302586688,True,0.0173010170274592,0.8360252808988764,0.0997167660066635,1.511929543634908,22.73372994978113,0.0089801154586273,-0.1266837716484927,-0.1339021617162812,True,Metals,0.098274,0.0044519563542708696,0.09382204364572913,8,7,-0.1266836310512004,0.0072183900677884605,-0.028876923858383807,-0.1283836310512004,-0.13580202111898887,-0.09950670719281658,0.9555555555555556
NMDC,NMDC Limited,Q3 FY24,11,Oct-Dec 2023,2023-12-31,2024-02-14,17:25,After close,Mining,Metals,Nifty Metal,Company,67420.7535,2024-02-12,2024-02-13,2024-02-14,2024-02-15,2024-02-15,2043,2044,2045,2046,2046,-0.014127363616605,0.0385802469135803,0.0483973678624494,0.0728502511594246,0.0483973678624494,0.056251326682233,0.0015150143995227,0.0135736447966534,0.0592766063627712,0.0713352367599019,True,0.454278102898126,0.6589862266344693,0.3477645628528292,0.4459872934206423,11.452675177088112,-0.0321927515691434,-0.1822231220894918,-0.1929895267082293,True,Metals,0.0483974,0.0032371720760713263,0.045160227923928674,9,8,-0.1822231572552867,0.010766404618737457,-0.01398756099410925,-0.1839231572552867,-0.19488956187402418,-0.16993559626117746,0.9851851851851852
OFSS,Oracle Financial Services Software Limited,Q3 FY24,11,Oct-Dec 2023,2023-12-31,2024-01-17,19:59,After close,Computers - Software,IT services,Nifty IT,Company,43911.97711,2024-01-15,2024-01-16,2024-01-17,2024-01-18,2024-01-18,2024,2025,2026,2027,2027,-0.0310913017325538,0.0352744814671579,0.2869136093743856,0.2910967891089897,0.2869136093743856,0.0999960677912783,-0.0126320290396394,-0.0289279348647835,0.3200247239737732,0.3037288181486292,True,0.258281262074828,0.6939427891980885,0.2624729661249279,0.7746295329216233,23.9294503231502,0.024719272782828,0.2096096554885038,0.1826576816740155,True,IT services,0.286914,-0.005085307540579342,0.29199930754057934,6,5,0.20960976970296952,0.026951973814488328,0.04755040089299101,0.2079097697029695,0.18075779588848118,0.1603593688099785,0.0962962962962963
PERSISTENT,Persistent Systems Limited,Q3 FY24,11,Oct-Dec 2023,2023-12-31,2024-01-20,15:43,After close,Computers - Software,IT services,Nifty IT,Company,59718.031375,2024-01-18,2024-01-19,2024-01-20,2024-01-23,2024-01-23,2027,2028,2029,2030,2030,0.01321628462673,0.0070940469758129,0.042018291874696,0.0623286234772391,0.042018291874696,0.040074227897318,-0.0056060014985955,-0.0103150470612995,0.0726436705385387,0.0679346249758346,True,0.1515870059851531,0.2024761088277566,0.0358863360244146,0.0868544600938969,60.84345271996112,0.0119633165342121,0.0321646636945149,-0.0062673569469524,True,IT services,0.0420183,-0.015436820293160514,0.057455120293160515,8,7,0.03216478956272617,0.038432020641467446,0.024220079487751844,0.03046478956272617,-0.008167231078741276,0.006244710074974326,0.2
TMPV,Tata Motors Passenger Vehicles Limited,Q3 FY24,11,Oct-Dec 2023,2023-12-31,2024-02-02,16:13,After close,Automobiles - 4 Wheelers,,Nifty Auto,Company,338741.441,2024-01-31,2024-02-01,2024-02-02,2024-02-05,2024-02-05,2035,2036,2037,2038,2038,-0.0064465053155394,0.0002845759817871,0.0546799431009956,0.0485180137672432,0.0546799431009956,0.0628733997155048,0.0200768171091791,0.0021488288579161,0.0463691849093271,0.0284411966580641,True,0.2496203182805829,1.3751855320501334,0.0518309828072836,0.8663947927736451,22.09332200648305,-0.0164005179110919,0.0664113077255073,0.0385448572416222,True,Nifty Auto,0.0546799,-0.003756783717248191,0.05843668371724819,4,3,0.06641124120682096,0.02786645048388503,0.06763342900694869,0.06471124120682097,0.03664479072293593,-0.0029221878001277277,0.6666666666666666
TRENT,Trent Limited,Q3 FY24,11,Oct-Dec 2023,2023-12-31,2024-02-07,13:04,During market,Miscellaneous,,Nifty 500,Company,107615.1825,2024-02-05,2024-02-06,2024-02-07,2024-02-08,2024-02-07,2038,2039,2040,2041,2040,0.0025931982227507,0.1886326194398682,0.064989604989605,0.2562154226522239,0.1886326194398682,0.014827018121911,0.0067958495802369,-0.0023984724998514,0.2586138951520754,0.249419573071987,True,0.5050143701864216,1.4181900394031397,0.162351379081417,0.5948536616538151,174.36595887747495,0.0288134931480106,0.0078215489530053,-0.0269929708336227,True,,0.188633,5.0160971116319786e-05,0.18858283902888368,-1,-1,0.06785855455411993,0.01941588199083455,0.013548289245656875,0.06615855455411994,0.046542672563285384,0.05261026530846306,0.725925925925926
VOLTAS,Voltas Limited,Q3 FY24,11,Oct-Dec 2023,2023-12-31,2024-01-30,19:14,After close,Engineering,,Nifty India Manufacturing,Company,33252.016,2024-01-25,2024-01-29,2024-01-30,2024-01-31,2024-01-31,2032,2033,2034,2035,2035,0.0350179068842022,-0.0225874663590928,0.0745894384895269,0.0870198790146363,0.0745894384895269,-0.0156357557281935,0.024462142948803,0.017576936595311,0.0694429424193253,0.0625577360658333,True,0.3091877284217768,,0.1452273470722929,-1.829062159214831,166.5598877980365,-0.0492793411118738,0.0163806909174102,0.0060035799382471,True,Nifty India Manufacturing,0.0745894,0.00946004339725226,0.06512935660274774,5,4,0.01638062654699257,0.010377110979163051,0.03781093645440481,0.014680626546992571,0.004103515567829521,-0.023130309907412237,0.5407407407407407
WIPRO,Wipro Limited,Q3 FY24,11,Oct-Dec 2023,2023-12-31,2024-01-12,15:36,After close,Computers - Software,IT services,Nifty IT,Company,236869.92,2024-01-10,2024-01-11,2024-01-12,2024-01-15,2024-01-15,2021,2022,2023,2024,2024,-0.0119047619047619,0.0384872824631861,0.0626275647223117,0.0892100852807359,0.0626275647223117,0.0999033193683531,0.0672114830598599,0.0220118695711095,0.0671982157096263,0.021998602220876,True,-0.0440785225364845,-0.1174948409708802,-0.0138035788043117,0.0181007444356269,20.343008296260678,-0.0336635665183988,0.034371209057824,0.050400207878955,True,IT services,0.0626276,0.009267146390311787,0.05336045360968822,4,3,0.03437128919517707,-0.016028998821130958,0.02693541601985916,0.03267128919517707,0.04850028801630803,0.0057358731753179085,0.037037037037037035
ABB,ABB India Limited,Q4 FY24,12,Jan-Mar 2024,2024-03-31,2024-05-10,17:09,After close,Electrical Equipment,,Nifty India Manufacturing,Company,152287.2325,2024-05-08,2024-05-09,2024-05-10,2024-05-13,2024-05-13,2100,2101,2102,2103,2103,-0.0280585800257417,0.0276660319823625,0.1122681396142566,0.1118755915708773,0.1122681396142566,0.0517737363043038,0.005185908412262,-0.0088047159197596,0.1206803074906369,0.1066896831586152,True,0.2775162677659764,0.8754951202580752,0.1170883665942579,0.35619795665269,122.6095829475464,0.054156620847293,0.0097316592040579,-0.042527994569798,True,Nifty India Manufacturing,0.112268,0.0022148971671078765,0.11005310283289213,5,4,0.009732051180804113,0.052259653773855996,0.09306930693069315,0.008032051180804113,-0.04442760259305188,-0.08503725574988903,0.5851851851851851
AXISBANK,Axis Bank Limited,Q4 FY24,12,Jan-Mar 2024,2024-03-31,2024-04-24,16:25,After close,Banks,Banks,Nifty Bank,Bank,325038.18,2024-04-22,2024-04-23,2024-04-24,2024-04-25,2024-04-25,2089,2090,2091,2092,2092,0.0017078609042173,0.0071039545346909,0.0599576769339289,0.0687694923728372,0.0599576769339289,0.0345638372913237,0.0118553344346552,0.0104496070243431,0.058319885348494,0.056914157938182,True,0.219225390658897,,0.0451841376996788,0.1743621419512113,27.078978017785044,0.012866015971606,0.04170363797693,0.0245683254983906,True,Banks,0.0599577,0.007496964610934409,0.052460735389065594,3,2,0.0417036746428594,0.01713531247853939,0.0098298895039588,0.0400036746428594,0.022668362164320013,0.0301737851389006,0.14814814814814814
BEL,Bharat Electronics Limited,Q4 FY24,12,Jan-Mar 2024,2024-03-31,2024-05-20,18:10,Non-trading day,Electronics - Industrial,,Nifty India Manufacturing,Company,181429.236,2024-05-17,2024-05-18,2024-05-21,2024-05-22,2024-05-21,2107,2108,2109,2110,2109,0.0427074939564868,0.0593122102009271,0.0344701805580887,0.1364898847155027,0.0593122102009271,0.0935085007727973,0.0196483749109837,0.0058516941016684,0.1306381906138343,0.116841509804519,True,0.3217967872180172,0.3003502120085093,1.0576047052491977,1.0906838223318365,50.82692104046728,0.0301480959097319,0.0997884344146682,0.0568993036143248,True,Nifty India Manufacturing,0.0593122,0.0012021153675227936,0.05811008463247721,6,5,0.12821452313446513,0.04380788359917531,0.05357239959253368,0.12651452313446512,0.08250663953528982,0.07294212354193146,0.7703703703703704
BHARATFORG,Bharat Forge Limited,Q4 FY24,12,Jan-Mar 2024,2024-03-31,2024-05-08,13:03,During market,Castings/Forgings,,Nifty Auto,Company,58129.8734,2024-05-06,2024-05-07,2024-05-08,2024-05-09,2024-05-08,2098,2099,2100,2101,2100,-0.0067686638897789,0.1332311786765596,0.0054086752304023,0.131871190017183,0.1332311786765596,0.0016532924714705,0.0050455393563714,-0.0217161380010975,0.1535873280182805,0.1268256506608116,True,0.1474644879513922,-0.058519106691831,0.0770215980771822,-0.1080832823025106,60.18868764974725,0.0497257122633161,0.1021412139444342,0.0627970263092296,True,Nifty Auto,0.133231,0.0,0.133231,4,3,0.06849752961498967,0.014251765497141466,0.08126490238727602,0.06679752961498968,0.052345764117848206,-0.014467372772286345,0.4666666666666667
BPCL,Bharat Petroleum Corporation Limited,Q4 FY24,12,Jan-Mar 2024,2024-03-31,2024-05-09,17:56,After close,Refineries,,Nifty Oil & Gas,Company,128682.6635,2024-05-07,2024-05-08,2024-05-09,2024-05-10,2024-05-10,2099,2100,2101,2102,2102,0.0264769154393513,-0.0453812671288086,0.0447521742801655,0.0258478225907082,0.0447521742801655,0.0385881955585578,-0.0023028658088235,-0.0110196130868674,0.0368674356775757,0.0281506883995318,True,-0.0099887902493458,-0.3028759313409418,0.0161712704343059,0.5054818288688698,4.446572895955527,0.0155984805625155,-0.0304695708397317,-0.0864631687214105,True,Nifty Oil & Gas,0.0447522,0.0044495047250370234,0.040302695274962975,4,3,-0.030469500995786825,0.05599359788167879,0.03065989937173419,-0.032169500995786825,-0.08836309887746562,-0.06282940036752101,0.5481481481481482
BRITANNIA,Britannia Industries Limited,Q4 FY24,12,Jan-Mar 2024,2024-03-31,2024-05-03,20:23,After close,Food And Food Processing,FMCG,Nifty FMCG,Company,115052.6355,2024-04-30,2024-05-02,2024-05-03,2024-05-06,2024-05-06,2095,2096,2097,2098,2098,-0.0034129335524869,-0.0031619972056767,0.0668127977068666,0.0602378669487029,0.0668127977068666,0.0156704464022254,0.0077489333716261,-0.0071670626471804,0.0674049295958834,0.0524889335770767,True,0.0114784821956761,-0.0364801489277915,-0.0439275150188072,-0.0325491112349252,53.260424083066766,0.0136221748063851,0.0209815078236124,-0.015609454939335,True,FMCG,0.0668128,-0.0014749164102803025,0.06828771641028031,6,5,0.020981585578145445,0.03659096276294749,-0.00011983135794546573,0.019281585578145445,-0.01750937718480204,0.01940141693609091,0.3925925925925926
COALINDIA,Coal India Limited,Q4 FY24,12,Jan-Mar 2024,2024-03-31,2024-05-02,18:13,After close,Mining,Metals,Nifty Metal,Company,279325.73725,2024-04-29,2024-04-30,2024-05-02,2024-05-03,2024-05-03,2094,2095,2096,2097,2097,0.0023166023166023,-0.0008804754567467,0.0456047587574357,0.0470408856172913,0.0456047587574357,0.0088125137695527,0.0009230222023427,-0.0073946290795829,0.0544355146968743,0.0461178634149486,True,-0.0194470378487924,0.5691015916562301,0.0347519235093682,-0.0426708449155878,9.509534268107387,-0.0530973451327433,0.034976822587442,0.0325364254500699,True,Metals,0.0456048,-0.007609876281558847,0.05321467628155885,2,1,0.03497682423720616,0.0024403971373720967,0.048219656544096434,0.03327682423720616,0.030636427099834065,-0.014942832306890273,0.362962962962963
CONCOR,Container Corporation of India Limited,Q4 FY24,12,Jan-Mar 2024,2024-03-31,2024-05-16,18:29,After close,Travel And Transport,,Nifty Services Sector,Company,62581.203,2024-05-14,2024-05-15,2024-05-16,2024-05-17,2024-05-17,2104,2105,2106,2107,2107,9.73615032617836e-05,0.008956386292835,0.0488710922423774,0.0579248400384742,0.0488710922423774,-0.0013508297954458,0.0114786769875265,0.011157317879885,0.0467675221585891,0.0464461630509476,True,0.0644591247659467,0.1354614502722844,0.0518237377689916,-0.0417548527544294,51.1794460164543,0.0145347500114989,0.0485718228232372,0.0040825701269526,True,Nifty Services Sector,0.0488711,0.002778540295529597,0.046092559704470404,5,4,0.04857247893057037,0.044489252696284565,0.03706715132963456,0.04687247893057037,0.002183226234285808,0.00980532760093581,0.7111111111111111
CROMPTON,Crompton Greaves Consumer Electricals Limited,Q4 FY24,12,Jan-Mar 2024,2024-03-31,2024-05-16,15:38,After close,Consumer Durables,Consumer brands,Nifty Consumer Durables,Company,21328.263,2024-05-14,2024-05-15,2024-05-16,2024-05-17,2024-05-17,2104,2105,2106,2107,2107,0.0148581719945972,0.0029577048210589,0.1557062813329399,0.1735221581485961,0.1557062813329399,0.0336184016514302,0.0499382013105882,0.011157317879885,0.1623648402687111,0.1235839568380079,True,0.094943493992049,0.0548947849954255,0.1585110091038524,0.6090243051517621,49.28883111480866,0.0021689206430215,0.0884154120949225,0.0439261593986379,True,Consumer brands,0.155706,0.002778540295529597,0.15292745970447041,4,3,0.08841549393298376,0.044489252696284565,0.08315235138684685,0.08671549393298376,0.042026241236699194,0.0035631425461369118,0.7111111111111111
GLENMARK,Glenmark Pharmaceuticals Limited,Q4 FY24,12,Jan-Mar 2024,2024-03-31,2024-05-24,20:24,After close,Pharmaceuticals,Pharma,Nifty Pharma,Company,28932.30095,2024-05-22,2024-05-23,2024-05-24,2024-05-27,2024-05-27,2110,2111,2112,2113,2113,0.0021943726532402,0.0081743869209809,0.080550193050193,0.0909189526244143,0.080550193050193,-0.004584942084942,-0.0106658990121939,0.0148335538414996,0.0760853987829146,0.1015848516366082,True,-0.0921129970966723,,0.2219056042184528,,,0.0506945374960916,0.0838804770199643,0.0494816229943368,True,Pharma,0.0805502,-0.001073741892486324,0.08162394189248633,11,10,0.08388046879297995,0.03439885402562748,0.02199409270116326,0.08218046879297995,0.04758161476735247,0.060186376091816686,0.9185185185185185
GODREJCP,Godrej Consumer Products Limited,Q4 FY24,12,Jan-Mar 2024,2024-03-31,2024-05-06,18:45,After close,Personal Care,FMCG,Nifty FMCG,Company,126141.924,2024-05-02,2024-05-03,2024-05-06,2024-05-07,2024-05-07,2096,2097,2098,2099,2099,0.0145139057812373,-0.0008391943734015,0.0577530696316439,0.0714277810394797,0.0577530696316439,0.0171979362476502,0.0233639040869847,-0.0153318128810321,0.0867595939205119,0.048063876952495,True,0.0579502274886256,-5.187220772327156,-0.0748789498420609,-4.258200530065743,70.67605936832905,-0.0116837448481866,0.019737588384316,0.0384798818491742,True,FMCG,0.0577531,-0.006247020189192987,0.06400012018919299,7,6,0.019737612434746588,-0.01874229346485823,-0.010634701890324783,0.018037612434746587,0.03657990589960482,0.02867231432507137,0.4148148148148148
HAL,Hindustan Aeronautics Limited,Q4 FY24,12,Jan-Mar 2024,2024-03-31,2024-05-16,14:16,During market,Aerospace & Defence,,Nifty India Defence,Company,272507.7866,2024-05-14,2024-05-15,2024-05-16,2024-05-17,2024-05-16,2104,2105,2106,2107,2106,0.0264191228802121,0.1007447965856513,-0.015639594239416,0.1115243252264475,0.1007447965856513,0.0078066158977607,0.084019591401212,0.011157317879885,0.1003670073465624,0.0275047338252354,True,0.1820040065083752,0.5218778036013254,1.436572803104295,2.4158157602663706,44.36568434351246,0.1401129818831785,0.1475936182889425,0.103104365592658,True,Nifty India Defence,0.100745,0.009157430784372478,0.09158756921562752,1,0,0.1077388339413865,0.044414241302276336,0.21694703357955003,0.10603883394138651,0.06142459263911017,-0.11090819963816352,0.6814814814814815
ICICIGI,ICICI Lombard General Insurance Company Limited,Q4 FY24,12,Jan-Mar 2024,2024-03-31,2024-04-17,18:10,Non-trading day,Insurance,Insurers,Nifty Financial Services,,,2024-04-15,2024-04-16,2024-04-18,2024-04-19,2024-04-18,2085,2086,2087,2088,2087,0.0112555971293628,0.0372729202680979,-0.0118998888953861,0.0366286285020746,0.0372729202680979,0.0372122645801109,0.001408510269389,-0.0055878026890544,0.042216431191129,0.0352201182326855,True,,,,,,0.0017162302115696,-0.0091729545790802,-0.0252022136209369,True,Insurers,0.0372729,-0.006865210697176827,0.044138110697176824,2,1,-0.023711972608419396,0.021379032863017233,0.02769690111462264,-0.025411972608419396,-0.04699100547143663,-0.05310887372304204,0.014814814814814815
KOTAKBANK,Kotak Mahindra Bank Limited,Q4 FY24,12,Jan-Mar 2024,2024-03-31,2024-05-04,12:27,Non-trading day,Banks,Banks,Nifty Bank,Bank,313185.6479,2024-05-02,2024-05-03,2024-05-06,2024-05-07,2024-05-06,2096,2097,2098,2099,2098,-0.0183733697204329,0.0501713325143853,0.0120667364403128,0.0438646992342652,0.0501713325143853,0.0376931531648023,-0.0192981037756801,-0.0153318128810321,0.0591965121152974,0.0631628030099454,True,0.2531448109855063,0.182432722373047,0.0430578132760177,0.375469632380591,23.82750650303145,0.0014599428189061,-0.0036194415718722,0.015122851892986,True,Banks,0.0501713,-0.0014749164102803025,0.051646216410280305,9,8,0.05771712550711161,0.03659096276294749,0.04263497718594622,0.05601712550711161,0.019226162744164124,0.01338214832116539,0.3925925925925926
MOTHERSON,Samvardhana Motherson International Limited,Q4 FY24,12,Jan-Mar 2024,2024-03-31,2024-05-29,14:35,During market,Auto Ancillaries,,Nifty Auto,Company,97377.1554,2024-05-27,2024-05-28,2024-05-29,2024-05-30,2024-05-29,2113,2114,2115,2116,2115,-0.0118302018093249,0.0401408450704223,0.02708192281652,0.0553925660776174,0.0401408450704223,-0.001056338028169,-0.0170765107580823,-0.0194624759614781,0.0748550420390955,0.0724690768356998,True,0.2038261589146166,1.097712398311823,0.0529489959358009,1.5312200162373606,48.72902278891479,0.0049439683586025,0.2545154911008565,0.1868391299142136,True,Nifty Auto,0.0401408,-0.008015064563977492,0.04815586456397749,11,10,0.3442789645018365,0.05900980854184379,0.060335592927841075,0.3425789645018365,0.28336915595999274,0.2822433715739954,0.9555555555555556
POLYCAB,Polycab India Limited,Q4 FY24,12,Jan-Mar 2024,2024-03-31,2024-05-10,11:44,During market,Electrical Equipment,,Nifty India Manufacturing,Company,88919.771265,2024-05-08,2024-05-09,2024-05-10,2024-05-13,2024-05-10,2100,2101,2102,2103,2102,-0.0199356587379994,0.0606789006633927,0.044715017910375,0.0854582598357683,0.0606789006633927,0.0069785474282759,0.005185908412262,-0.0088047159197596,0.094262975755528,0.0802723514235063,True,0.2933181240706706,0.2854719246615655,0.2883155510808737,0.3225244035363932,53.48751672917821,0.0101618746987202,0.0572237167426019,0.0049640629687459,True,Nifty India Manufacturing,0.0606789,0.0044495047250370234,0.05622939527496298,4,3,0.11222221668165244,0.05599359788167879,0.095333031964423,0.11052221668165245,0.05432861879997365,0.015189184717229444,0.5481481481481482
RECLTD,REC Limited,Q4 FY24,12,Jan-Mar 2024,2024-03-31,2024-04-30,14:11,During market,Financial Institution,NBFCs,Nifty 500,NBFC / financial,120338.154,2024-04-26,2024-04-29,2024-04-30,2024-05-02,2024-04-30,2093,2094,2095,2096,2095,0.0131291028446389,0.0953563714902807,0.0921818002563343,0.2006672745912541,0.0953563714902807,0.0021598272138227,0.0116876998091082,0.0101818171541836,0.1904854574370704,0.1889795747821459,True,0.2376360189240325,0.3307006984474958,0.0518936222646133,0.2329420085720677,9.163915368412717,-0.0769091893843653,-0.011103087199856,-0.0040583772449811,True,NBFCs,0.0953564,-0.0017024828426828176,0.09705888284268281,7,6,0.1214629474640978,0.004417193655343876,0.01233974053683351,0.11976294746409781,0.11514575380875393,0.1074232069272643,0.28888888888888886
TECHM,Tech Mahindra Limited,Q4 FY24,12,Jan-Mar 2024,2024-03-31,2024-04-25,15:45,After close,Computers - Software,IT services,Nifty IT,Company,105862.05,2024-04-23,2024-04-24,2024-04-25,2024-04-26,2024-04-26,2090,2091,2092,2093,2093,-0.0121224744844823,0.0038795648140337,0.0743089977316642,0.0660660880612156,0.0743089977316642,0.0501554230026044,-0.0013912889374333,0.0023712663542363,0.0636948217069792,0.0674573769986489,True,-0.0617411115814098,-0.4085963655572747,-0.017561940970206,0.2951206795305547,37.61454831206651,-0.0129032258064515,0.0398435972629522,0.0169844918679804,True,IT services,0.074309,-0.006663609558557937,0.08097260955855794,8,7,0.03984353384057515,0.022859105394971824,0.009773897856010016,0.03814353384057515,0.015084428445603327,0.028369635984565135,0.1925925925925926
TVSMOTOR,TVS Motor Company Limited,Q4 FY24,12,Jan-Mar 2024,2024-03-31,2024-05-08,16:49,After close,Automobiles - 2 And 3 Wheelers,,Nifty Auto,Company,97720.9435,2024-05-06,2024-05-07,2024-05-08,2024-05-09,2024-05-09,2098,2099,2100,2101,2101,-0.0375574300508058,0.0086128510810266,0.0335311647008738,0.0045865857310946,0.0335311647008738,0.0136478601657776,0.0050455393563714,-0.0217161380010975,0.0263027237321921,-0.0004589536252768,True,0.2504009263640212,0.1513835168104731,-0.0070664844758818,-0.1916866840731069,59.750254358021145,0.0311591393680947,0.1621438263229311,0.1227996386877265,True,Nifty Auto,0.0335312,-0.01546911781190452,0.04900031781190452,5,4,0.16214371746508105,0.03934418763520453,0.07791174950184021,0.16044371746508104,0.12089952982987652,0.08253196796324085,0.5185185185185185
UPL,UPL Limited,Q4 FY24,12,Jan-Mar 2024,2024-03-31,2024-05-13,13:59,During market,Pesticides And Agrochemicals,,Nifty Commodities,Company,34983.75,2024-05-09,2024-05-10,2024-05-13,2024-05-14,2024-05-13,2101,2102,2103,2104,2103,0.0759995712294994,0.0641562064156207,-0.045029020782625,0.095126756862495,0.0641562064156207,0.0010958358238692,0.0304602531886408,0.0118127796781162,0.0833139771843788,0.0646665036738541,True,-0.1503409982497434,-0.9494949494949496,0.4238899565085465,,,0.0040192138025685,0.0867562003725122,0.0396319286720552,True,Nifty Commodities,0.0641562,0.0022148971671078765,0.06194130283289212,4,3,0.03257819679885987,0.052259653773855996,0.0631151236248455,0.03087819679885987,-0.021581456974996124,-0.03223692682598563,0.5851851851851851
ZYDUSLIFE,Zydus Lifesciences Limited,Q4 FY24,12,Jan-Mar 2024,2024-03-31,2024-05-17,15:34,After close,Pharmaceuticals,Pharma,Nifty Pharma,Company,100901.46,2024-05-15,2024-05-16,2024-05-17,2024-05-18,2024-05-18,2105,2106,2107,2108,2108,0.0119853568025676,0.042021803766105,0.0499809777439603,0.1039881383126331,0.0499809777439603,0.0499809777439603,0.0116962071922784,0.0135339342332754,0.0904542040793576,0.0922919311203546,True,0.1044186324991018,3.2012811867835467,0.2283139483263785,0.578140830800405,33.93014325105925,-0.0411703428597309,-0.0226459531681687,-0.0695706709710307,True,Pharma,0.049981,0.0015979631533733496,0.04838303684662665,6,5,-0.022645843572070556,0.046924717802862004,0.037609901611890484,-0.024345843572070557,-0.07147056137493256,-0.06195574518396104,0.7407407407407407
BANDHANBNK,Bandhan Bank Limited,Q1 FY25,13,Apr-Jun 2024,2024-06-30,2024-07-26,15:36,After close,Banks,Banks,Nifty Bank,Bank,,2024-07-24,2024-07-25,2024-07-26,2024-07-29,2024-07-29,2153,2154,2155,2156,2156,-0.0120680489101541,0.0358930205026097,0.136987012987013,0.1608119845794686,0.136987012987013,0.0545454545454544,0.0018068480330593,0.0173145509919003,0.1434974335875682,0.1590051365464093,True,,,0.0667681195089842,18.4681349621149,,-0.075981176040572,-0.0813725042262533,-0.088686454484144,True,Banks,0.136987,5.0332496471794386e-05,0.1369366675035282,12,11,-0.08137243352716894,0.007313950257890722,-0.0024802431610941866,-0.08307243352716893,-0.09058638378505966,-0.08059219036607475,0.45185185185185184
COLPAL,Colgate Palmolive (India) Limited,Q1 FY25,13,Apr-Jun 2024,2024-06-30,2024-07-29,17:43,After close,Personal Care,FMCG,Nifty FMCG,Company,85746.64,2024-07-25,2024-07-26,2024-07-29,2024-07-30,2024-07-30,2154,2155,2156,2157,2157,0.0040444733461275,0.0141539239226589,0.0487694704049845,0.066967867673771,0.0487694704049845,0.0280373831775699,-0.0050582917516803,0.0184712581521109,0.0484966095216601,0.0720261594254514,True,0.130727447173389,0.3299473838059048,0.0044966141166837,-0.0417039650360696,64.77995859964038,0.0071586639140961,0.0677399711871205,0.059893181712801,True,FMCG,0.0487695,0.0008535961765334665,0.047915903823466534,4,3,0.06774009174057061,0.007846789474319493,0.014471279056600617,0.06604009174057061,0.057993302266251115,0.05156881268396999,0.4740740740740741
CUMMINSIND,Cummins India Limited,Q1 FY25,13,Apr-Jun 2024,2024-06-30,2024-08-06,17:37,After close,Diesel Engines,,Nifty India Manufacturing,Company,97320.762,2024-08-02,2024-08-05,2024-08-06,2024-08-07,2024-08-07,2160,2161,2162,2163,2163,-0.0036885654471139,0.0069184367763515,0.0642940291303484,0.067523900459586,0.0642940291303484,0.0118963118594019,-0.0135949839106408,-0.0166972887186988,0.0842211891782848,0.0811188843702268,True,0.0438679138960891,0.3078423611896415,-0.0014920095557606,-0.1415024310581598,56.562764881609695,-0.0064291526056744,0.0247562390791107,-0.0101280082714396,True,Nifty India Manufacturing,0.064294,0.012710195456506312,0.05158380454349369,6,5,0.0247561483632186,0.0348842473505504,0.02974649388265349,0.0230561483632186,-0.012028098987331802,-0.006690345519434891,0.762962962962963
EICHERMOT,Eicher Motors Limited,Q1 FY25,13,Apr-Jun 2024,2024-06-30,2024-08-08,17:37,After close,Automobiles - 4 Wheelers,,Nifty Auto,Company,127423.782,2024-08-06,2024-08-07,2024-08-08,2024-08-09,2024-08-09,2162,2163,2164,2165,2165,-0.0121940737875759,-0.0044049030377516,0.0554305315825123,0.0388315547571846,0.0554305315825123,0.0499792435928247,0.033445853349079,0.0156683116807609,0.0231632430764237,0.0053857014081056,True,0.1020176250573832,0.1994032711196289,0.0321918966927003,0.0289691251342893,31.84790390426417,-0.0035813356518858,-0.0172338839895667,-0.0405805547600601,True,Nifty Auto,0.0554305,0.010386864037815746,0.045043635962184254,9,8,-0.017234027936857355,0.02334667077049346,0.005862707695099667,-0.018934027936857355,-0.042480698707350814,-0.024796735631957022,0.8666666666666667
ICICIPRULI,ICICI Prudential Life Insurance Company Limited,Q1 FY25,13,Apr-Jun 2024,2024-06-30,2024-07-23,18:20,After close,Insurance,Insurers,Nifty Financial Services,,,2024-07-19,2024-07-22,2024-07-23,2024-07-24,2024-07-24,2150,2151,2152,2153,2153,-0.0149207336027354,0.0072578100347113,0.0874843358395991,0.079821412271575,0.0874843358395991,-0.0053258145363408,-0.0183323804813768,-0.0047925482064133,0.0846139604779884,0.0981537927529518,True,,,,,,0.0600648181490817,0.0558156283759454,0.0395131727673683,True,Insurers,0.0874843,-0.002677799996323338,0.09016209999632334,3,2,0.05581569789266583,0.016302455608577127,0.0035419661473510278,0.05411569789266583,0.0376132422840887,0.0505737317453148,0.23703703703703705
INDHOTEL,The Indian Hotels Company Limited,Q1 FY25,13,Apr-Jun 2024,2024-06-30,2024-07-19,16:06,After close,Hotels,,Nifty 500,Company,83532.229,2024-07-16,2024-07-18,2024-07-19,2024-07-22,2024-07-22,2148,2149,2150,2151,2151,-0.0077532589247679,-0.0075562424866906,0.0734556151583318,0.0581461137468732,0.0734556151583318,-0.0083059352829208,-0.0112110757219722,-0.004135122329125,0.0622812360759983,0.0693571894688455,True,0.0571888404700042,0.1166606725409098,-0.1863761848279046,-0.4054241669858291,66.34438831836196,0.0473926009510761,-0.0067703715644392,-0.0145062263947582,True,,0.0734556,-0.0008825603626446687,0.07433816036264466,-1,-1,-0.006770384166550514,0.007735854830319022,0.014719310977589606,-0.008470384166550514,-0.016406238996869535,-0.02318969514414012,0.16296296296296298
JUBLFOOD,Jubilant Foodworks Limited,Q1 FY25,13,Apr-Jun 2024,2024-06-30,2024-08-09,16:07,After close,Food And Food Processing,FMCG,Nifty FMCG,Company,40072.38685,2024-08-07,2024-08-08,2024-08-09,2024-08-12,2024-08-12,2163,2164,2165,2166,2166,-0.0166309896262142,0.0028466175485597,0.0875772249123394,0.0737928528346849,0.0875772249123394,0.0293037234930706,-0.0105095320833334,0.0021168317264604,0.0716760211082244,0.0843023849180184,True,0.4484849483942807,0.9296607531901648,0.2290613473957541,-0.73110507141618,100.3455338004327,-0.039993858908421,0.0222614569739767,-0.0062471888550781,True,FMCG,0.0875772,-0.0008412844977941925,0.08841848449779419,11,10,0.022261352951452595,0.02850864582905488,0.047293226925599674,0.020561352951452595,-0.008147292877602285,-0.02673187397414708,0.9037037037037037
MARICO,Marico Limited,Q1 FY25,13,Apr-Jun 2024,2024-06-30,2024-08-05,13:55,During market,Personal Care,FMCG,Nifty FMCG,Company,87062.1,2024-08-01,2024-08-02,2024-08-05,2024-08-06,2024-08-05,2159,2160,2161,2162,2161,-0.0185212624092457,0.0147192028985507,-0.0649408614148627,-0.0687429209255577,0.0147192028985507,-0.00943538647343,-0.009165628307499,-0.0411303729956794,-0.0276125479298783,-0.0595772926180587,True,0.0670165522809851,0.0866510538641687,0.1602282704126427,0.4591194968553458,58.78602295746118,0.050994431185362,0.0272076372315042,-0.0230642179902209,True,FMCG,0.0147192,-0.026786472851438536,0.04150567285143854,9,8,-0.04775737496424859,0.05089251567202657,0.03144249960804513,-0.04945737496424859,-0.10054989063627516,-0.08089987457229371,0.674074074074074
MPHASIS,MphasiS Limited,Q1 FY25,13,Apr-Jun 2024,2024-06-30,2024-07-25,22:23,After close,Computers - Software,IT services,Nifty IT,Company,55513.603575,2024-07-23,2024-07-24,2024-07-25,2024-07-26,2024-07-26,2152,2153,2154,2155,2155,-0.0229133684013415,-0.0087983692527483,0.0651058145257681,0.0333940768716782,0.0651058145257681,-0.0156788300639808,0.0232866547440623,0.0145864184991052,0.018807658372573,0.0101074221276159,True,0.0524140293498391,0.0213507317220968,0.0030506560126704,0.0287118087167932,35.70419956972511,-0.0839989438246748,-0.0033170506304045,-0.0103937996343244,True,IT services,0.0651058,0.017567329479105664,0.04753847052089434,10,9,-0.0033169149855657443,0.007076749003919858,0.016710451017452277,-0.005016914985565744,-0.012293663989485603,-0.02172736600301802,0.362962962962963
OBEROIRLTY,Oberoi Realty Limited,Q1 FY25,13,Apr-Jun 2024,2024-06-30,2024-07-19,16:46,After close,Construction,Real estate,Nifty Infrastructure,Company,62810.082,2024-07-16,2024-07-18,2024-07-19,2024-07-22,2024-07-22,2148,2149,2150,2151,2151,-0.005152102810501,-0.0274941084053417,0.0434990725782324,0.0108528613623897,0.0434990725782324,0.0075988751271465,-0.0184293915377884,-0.004135122329125,0.0149879836915147,0.0292822529001781,True,0.5441827752563271,0.8185212845407019,0.0687496672421792,-0.2581026012111056,32.623699286860685,0.0286123853211011,0.0065080275229356,-0.0012278273073833,True,Real estate,0.0434991,-0.0008825603626446687,0.04438166036264467,1,0,0.00650795183625652,0.007735854830319022,0.004892004629933,0.00480795183625652,-0.003127902994062502,-8.405279367647961e-05,0.16296296296296298
PETRONET,Petronet LNG Limited,Q1 FY25,13,Apr-Jun 2024,2024-06-30,2024-07-24,14:09,During market,Gas,,Nifty Oil & Gas,Company,51202.50000000001,2024-07-22,2024-07-23,2024-07-24,2024-07-25,2024-07-24,2151,2152,2153,2154,2153,-0.0228504467555294,0.051116774096837,0.0420707358813463,0.0703370632226538,0.051116774096837,0.0001499025633338,0.0270602984970813,-0.0042130988274458,0.0745501620500996,0.0432767647255725,True,0.1508830357280735,0.3493189141685382,-0.0274070626310433,0.4461363368784585,14.018749161517132,0.0065690433830571,0.0149172026823591,-0.0021707384471125,True,Nifty Oil & Gas,0.0511168,-0.002677799996323338,0.053794599996323335,3,2,0.08727898824581626,0.016302455608577127,0.040667324917685876,0.08557898824581626,0.06907653263723913,0.04491166332813038,0.23703703703703705
PNB,Punjab National Bank,Q1 FY25,13,Apr-Jun 2024,2024-06-30,2024-07-27,15:27,Non-trading day,Banks,Banks,Nifty Bank,Bank,129621.492,2024-07-25,2024-07-26,2024-07-29,2024-07-30,2024-07-29,2154,2155,2156,2157,2156,0.0189432551817874,0.058774489370571,-0.0117322834645668,0.0659854610877915,0.058774489370571,0.0409337223843266,0.011962126973015,0.0184712581521109,0.0475142029356806,0.0540233341147765,True,0.1356495367354584,1.5900144176006243,0.0157575934348814,0.0801456347769469,15.721948616188495,-0.0932196637718109,-0.0857302206995459,-0.0935770101738654,True,Banks,0.0587745,5.0332496471794386e-05,0.058724167503528206,12,11,-0.08692922691798644,0.007313950257890722,-0.0024802431610941866,-0.08862922691798643,-0.09614317717587716,-0.08614898375689224,0.45185185185185184
SHRIRAMFIN,Shriram Finance Limited,Q1 FY25,13,Apr-Jun 2024,2024-06-30,2024-07-26,13:06,During market,Finance,NBFCs,Nifty Financial Services,Company,102374.59075,2024-07-24,2024-07-25,2024-07-26,2024-07-29,2024-07-26,2153,2154,2155,2156,2155,-0.0166100761677525,0.0918253079507278,0.0061538461538461,0.0813690779368214,0.0918253079507278,0.0100037327360955,0.0065421340216406,0.0173145509919003,0.064054526944921,0.0748269439151808,True,0.1582689480773658,0.1862259857849921,-0.030221217047141,0.0069693349263242,13.897525212485355,-0.0175161399932045,0.0973326537546719,0.0900187034967812,True,NBFCs,0.0918253,0.017567329479105664,0.07425797052089433,5,4,0.0810767564444661,0.007076749003919858,0.0029806962391762948,0.07937675644446611,0.07210000744054625,0.07639606020528981,0.362962962962963
TCS,Tata Consultancy Services Limited,Q1 FY25,13,Apr-Jun 2024,2024-06-30,2024-07-11,15:38,After close,Computers - Software,IT services,Nifty IT,Company,1442751.0,2024-07-09,2024-07-10,2024-07-11,2024-07-12,2024-07-12,2143,2144,2145,2146,2146,-0.0191569439217161,0.0037220367599093,0.0663277008945637,0.0508927937327569,0.0663277008945637,0.0143487014807452,0.0363725711815878,0.0028571715102095,0.0480356222225473,0.014520222551169,True,0.054428184099291,0.0872313527180783,0.022470075281284,-0.0316873089914749,31.427006186285613,0.0247134884499098,0.0027964005305989,0.0091284979179711,True,IT services,0.0663277,0.007657525204649573,0.05867017479535043,1,0,0.0027965217354581906,-0.006332097387372171,0.002216641467852387,0.0010965217354581907,0.007228619122830362,-0.0011201197323941964,0.0
TRENT,Trent Limited,Q1 FY25,13,Apr-Jun 2024,2024-06-30,2024-08-09,12:42,During market,Miscellaneous,,Nifty 500,Company,194545.5975,2024-08-07,2024-08-08,2024-08-09,2024-08-12,2024-08-09,2163,2164,2165,2166,2165,0.0313662070918876,0.1118424549529597,0.0170508417857171,0.1602595038305645,0.1118424549529597,0.0167874417533353,0.0029913262122587,0.0021168317264604,0.158142672104104,0.1572681776183058,True,0.5615914045587189,1.262912151256629,0.2446371713618582,-0.4425542791417577,130.84853208232445,0.0644825181947086,0.1183889946493061,0.0898803488202513,True,,0.111842,0.010386864037815746,0.10145513596218425,-1,-1,0.13725121640399807,0.02334667077049346,0.02524265491744293,0.13555121640399806,0.1120045456335046,0.11030856148655514,0.8666666666666667
UNITDSPR,United Spirits Limited,Q1 FY25,13,Apr-Jun 2024,2024-06-30,2024-07-23,19:31,After close,Brew/Distilleries,FMCG,Nifty 500,Company,94086.875,2024-07-19,2024-07-22,2024-07-23,2024-07-24,2024-07-24,2150,2151,2152,2153,2153,0.0079753419379695,0.0182707744056265,0.0381756756756757,0.0644217920192717,0.0381756756756757,0.0210210210210211,0.0029808029789083,-0.0047925482064133,0.0692143402256851,0.0614409890403634,True,0.0739618483575512,0.0174113698342772,-0.041929043157733,1.012448132780083,66.86105386583286,0.0220197418375096,0.04986079473551,0.0335583391269329,True,FMCG,0.0381757,-0.002677799996323338,0.04085349999632334,2,1,0.04986084266928681,0.016302455608577127,0.022653453424630543,0.04816084266928681,0.03165838706070968,0.025507389244656266,0.23703703703703705
VOLTAS,Voltas Limited,Q1 FY25,13,Apr-Jun 2024,2024-06-30,2024-08-12,08:31,Before open,Engineering,,Nifty India Manufacturing,Company,47502.88,2024-08-08,2024-08-09,2024-08-12,2024-08-13,2024-08-12,2164,2165,2166,2167,2166,-0.0049791086350975,0.1075690240403122,-0.0058134024201447,0.0967765129850699,0.1075690240403122,0.0497952899184659,0.0035944156067552,0.0010024325403912,0.0957740804446787,0.0931820973783147,True,0.4646503128106529,1.582522021325916,0.1708685472818638,1.8704053589831675,188.40629833815888,0.065211173610449,0.1622970095655771,0.1300069395543919,True,Nifty India Manufacturing,0.107569,-0.0008412844977941925,0.10841028449779419,9,8,0.156424628093091,0.02850864582905488,0.015657237485068976,0.15472462809309098,0.1260159822640361,0.139067390608022,0.9037037037037037
ABCAPITAL,Aditya Birla Capital Limited,Q2 FY25,14,Jul-Sep 2024,2024-09-30,2024-10-30,14:27,During market,Finance,NBFCs,Nifty Financial Services,NBFC / financial,52785.79488000001,2024-10-28,2024-10-29,2024-10-30,2024-10-31,2024-10-30,2219,2220,2221,2222,2221,0.0081336882579117,0.0531025377732141,-0.0563681106932256,0.0048681153379002,0.0531025377732141,0.0066500415627599,0.0013546880678374,-0.0054699076923618,0.0103380230302621,0.0035134272700627,True,0.336952678241835,0.4196156300971563,0.1686489448543606,0.3189868747034947,15.322169970914876,0.0001968213354326,-0.0445308271416621,-0.0474516690216596,True,NBFCs,0.0531025,-0.005149825171609779,0.058252325171609776,9,8,-0.09769242849969839,-0.008617201124857976,-0.0011336500619867351,-0.09939242849969838,-0.09097522737484041,-0.09825877843771165,0.6119402985074627
APOLLOHOSP,Apollo Hospitals Enterprise Limited,Q2 FY25,14,Jul-Sep 2024,2024-09-30,2024-11-06,15:38,After close,Miscellaneous,,Nifty 500,Company,100061.792,2024-11-04,2024-11-05,2024-11-06,2024-11-07,2024-11-07,2224,2225,2226,2227,2227,0.0011353184640148,0.0002583868050471,0.0655487148577087,0.0669424201267707,0.0655487148577087,0.0499992824442816,0.0128987046626054,0.0086369027391838,0.0583055173875869,0.0540437154641653,True,0.1531700674658029,0.626449119793903,0.099044360547428,0.2411533420707734,96.47299652911686,-0.0759880670989987,-0.0311117396311038,-0.0484531145027429,True,,0.0655487,-0.011627978214388546,0.07717667821438855,-1,-1,-0.0311118199738456,0.017341374871639115,0.021298986023568167,-0.0328118199738456,-0.050353194845484714,-0.05411080599741377,0.7238805970149254
AXISBANK,Axis Bank Limited,Q2 FY25,14,Jul-Sep 2024,2024-09-30,2024-10-17,15:43,After close,Banks,Banks,Nifty Bank,Bank,356568.49625,2024-10-15,2024-10-16,2024-10-17,2024-10-18,2024-10-18,2210,2211,2212,2213,2213,-0.0005633314555616,-0.0185137010058967,0.0574281044307991,0.0383510719693407,0.0574281044307991,0.0231037681671599,0.003792513516364,-0.0080921762692391,0.0464432482385799,0.0345585584529767,True,0.1424793192264155,0.1797559844190217,0.0119468156628266,0.1463103018572771,14.20649916112095,-0.006266449429753,-0.0590299536282741,-0.0026910470919148,True,Banks,0.0574281,0.0042101265260194864,0.053217973473980516,1,0,-0.059029872635103176,-0.05633890653635931,-0.03321674965735133,-0.060729872635103176,-0.004590966098743863,-0.027513122977751846,0.09701492537313433
BAJFINANCE,Bajaj Finance Limited,Q2 FY25,14,Jul-Sep 2024,2024-09-30,2024-10-22,17:34,After close,Finance,NBFCs,Nifty Financial Services,NBFC / financial,426737.1675,2024-10-18,2024-10-21,2024-10-22,2024-10-23,2024-10-23,2213,2214,2215,2216,2216,-0.0171967737026328,-0.0151897240779247,0.0476047859356985,0.0152182881551409,0.0476047859356985,-0.0108042947633237,-0.0077452101484308,-0.0168998961429898,0.0321181842981307,0.0229634983035718,True,0.2774658288895566,0.1264306635124479,0.0615951504068348,0.0112381424323941,28.50699469456684,-0.0058320706709742,-0.0445767460476288,-0.022958608501845,True,NBFCs,0.0476048,-0.0014955806816742134,0.049100380681674216,3,2,-0.04457663924126343,-0.02161813754578379,-0.005399545301448261,-0.04627663924126343,-0.024858501695479637,-0.040877093939815166,0.2462686567164179
BANDHANBNK,Bandhan Bank Limited,Q2 FY25,14,Jul-Sep 2024,2024-09-30,2024-10-25,15:41,After close,Banks,Banks,Nifty Bank,Bank,29366.3757758,2024-10-23,2024-10-24,2024-10-25,2024-10-28,2024-10-28,2216,2217,2218,2219,2219,-0.008941796039278,-0.0689139820657588,0.0986861661018965,0.0208303879968596,0.0986861661018965,0.0403662089055347,0.0005603452387021,-0.0038880114628316,0.0247183994596913,0.0202700427581574,True,0.2243754294919864,0.2999021861546957,-0.0065045975368902,-0.1184957034135257,11.417854929467286,-0.0250527568854498,-0.0729938856122506,-0.0703541056692369,True,Banks,0.0986862,0.006548584000529489,0.09213761599947051,11,10,-0.07299388852606059,-0.002639779943013676,0.02033777285292615,-0.07469388852606058,-0.07225410858304691,-0.09503166137898673,0.5149253731343284
BHEL,Bharat Heavy Electricals Limited,Q2 FY25,14,Jul-Sep 2024,2024-09-30,2024-10-28,14:31,During market,Electrical Equipment,,Nifty India Manufacturing,Company,79146.9965,2024-10-24,2024-10-25,2024-10-28,2024-10-29,2024-10-28,2217,2218,2219,2220,2219,-0.0459744830620326,0.0594881254323265,0.0228509249183894,0.0363645672886833,0.0594881254323265,0.0069172238874797,-0.0117531450004196,0.0028360383286931,0.0335285289599901,0.048117712289103,True,0.2846297477801256,,0.2004003704703076,,,0.001063829787234,0.0744255319148938,0.0970152809017882,True,Nifty India Manufacturing,0.0594881,0.006548584000529489,0.05293951599947051,4,3,0.07795433727299739,-0.002639779943013676,-0.017053726412453174,0.0762543372729974,0.07869411721601106,0.09330806368545057,0.5149253731343284
COFORGE,Coforge Limited,Q2 FY25,14,Jul-Sep 2024,2024-09-30,2024-10-22,23:32,After close,Computers - Software,IT services,Nifty IT,Company,48093.368,2024-10-18,2024-10-21,2024-10-22,2024-10-23,2024-10-23,2213,2214,2215,2216,2216,-0.0534158992566292,-0.00366286949196,0.1114003161648469,0.0543215474162576,0.1114003161648469,0.0218668431307671,0.0031361339462895,-0.0168998961429898,0.0712214435592474,0.051185413469968,True,0.3453562955803533,0.0761043108036187,0.2755331556147951,0.5180180180180181,60.049154700961424,0.0244250972505226,0.1018418058165069,0.1234599433622907,True,IT services,0.1114,-0.0014955806816742134,0.11289558068167421,9,8,0.10184183794130308,-0.02161813754578379,0.02628954978553888,0.10014183794130309,0.12155997548708687,0.07385228815576421,0.2462686567164179
DLF,DLF Limited,Q2 FY25,14,Jul-Sep 2024,2024-09-30,2024-10-25,17:58,After close,Construction,Real estate,Nifty Infrastructure,Company,199348.2855,2024-10-23,2024-10-24,2024-10-25,2024-10-28,2024-10-28,2216,2217,2218,2219,2219,-0.0049046998199541,-0.0304467182430745,0.0590733590733589,0.0237219410103303,0.0590733590733589,0.0218790218790219,-0.0129618710392386,-0.0038880114628316,0.027609952473162,0.0366838120495689,True,0.4654962602398194,1.217604932721025,0.4497155650163322,1.1391861960006815,70.0522138587558,-0.04010207801677,0.0009721715882855,0.0036119515312992,True,Real estate,0.0590734,0.006548584000529489,0.05252481599947051,3,2,0.0009720312217289528,-0.002639779943013676,-0.005207886718459842,-0.0007279687782710471,0.0017118111647426288,0.004479917940188795,0.5149253731343284
EICHERMOT,Eicher Motors Limited,Q2 FY25,14,Jul-Sep 2024,2024-09-30,2024-11-13,16:06,After close,Automobiles - 4 Wheelers,,Nifty Auto,Company,131340.53,2024-11-11,2024-11-12,2024-11-13,2024-11-14,2024-11-14,2229,2230,2231,2232,2232,-0.0115261450521023,-0.0315520661854712,0.064288360537843,0.0212101493002694,0.064288360537843,0.0298014688255932,-0.0344970166793562,-0.0253819598516432,0.0465921091519127,0.0557071659796256,True,0.0361013287058302,0.0827355473554734,-0.0295876441196891,-0.0010259110634975,31.39016474153528,0.0242951041218748,-0.0092552777607137,-0.0575094092458388,True,Nifty Auto,0.0642884,-0.0011184661520731165,0.06540686615207311,10,9,-0.009255288568371323,0.04825413148512503,0.03822906893015343,-0.010955288568371323,-0.05940942005349635,-0.049184357498524754,0.9626865671641791
FEDERALBNK,The Federal Bank  Limited,Q2 FY25,14,Jul-Sep 2024,2024-09-30,2024-10-28,18:37,After close,Banks,Banks,Nifty Bank,Bank,46226.31790000001,2024-10-24,2024-10-25,2024-10-28,2024-10-29,2024-10-29,2217,2218,2219,2220,2220,-0.0138727099438737,-0.0067117697594502,0.0849235093788851,0.0643390296755611,0.0849235093788851,0.0484350505432724,0.0155651200845308,0.0028360383286931,0.0615029913468679,0.0487739095910303,True,0.2056723027965568,0.1078505378373277,0.0389203396684187,0.0467148078808952,11.925094714412124,0.0177877428998505,0.0515695067264569,0.0741592557133513,True,Banks,0.0849235,0.00524669103070563,0.07967680896929437,13,12,0.05156952896121081,-0.022589748986894365,-0.007909871236432164,0.04986952896121081,0.07225927794810517,0.05777940019764297,0.5746268656716418
GAIL,GAIL (India) Limited,Q2 FY25,14,Jul-Sep 2024,2024-09-30,2024-11-05,18:06,After close,Gas,,Nifty Oil & Gas,Company,131607.40176,2024-11-01,2024-11-04,2024-11-05,2024-11-06,2024-11-06,2223,2224,2225,2226,2226,-0.0198341326938449,0.0011213619450531,0.0636932946387658,0.044980523889974,0.0636932946387658,0.0233694822055903,0.008383213813725,0.0075511074932659,0.0374294163967081,0.036597310076249,True,0.0281893803510351,0.1020846545692599,-0.0241388391037935,-0.1537514177188941,11.656668573316413,-0.0930978364924371,0.0071319165230716,-0.0007813984717923,True,Nifty Oil & Gas,0.0636933,0.011181871120417242,0.05251142887958275,6,5,0.007131934448728172,0.007913314994864029,-0.01806876276455971,0.005431934448728172,-0.002681380546135857,0.02350069721328788,0.6716417910447762
INDHOTEL,The Indian Hotels Company Limited,Q2 FY25,14,Jul-Sep 2024,2024-09-30,2024-11-07,16:33,After close,Hotels,,Nifty 500,Company,95083.12,2024-11-05,2024-11-06,2024-11-07,2024-11-08,2024-11-08,2225,2226,2227,2228,2228,0.0249251497005986,-0.0012415102607171,0.0718046212342791,0.0954882606741606,0.0718046212342791,0.0383152968704301,-0.0013173896455485,-0.002559800230357,0.0980480609045176,0.0968056503197091,True,0.2741557354172479,2.3224299065420566,0.1779671403598175,1.23269857884778,73.9934942646807,0.0058671032883066,0.1441533633510707,0.1250277142343665,True,,0.0718046,-0.0021136931363857636,0.07391829313638576,-1,-1,0.14415330295381135,0.019125649116704224,0.029553137136712815,0.14245330295381134,0.12312765383710712,0.11290016581709854,0.7985074626865671
JUBLFOOD,Jubilant Foodworks Limited,Q2 FY25,14,Jul-Sep 2024,2024-09-30,2024-11-11,15:38,After close,Food And Food Processing,FMCG,Nifty FMCG,Company,39349.856575,2024-11-07,2024-11-08,2024-11-11,2024-11-12,2024-11-12,2227,2228,2229,2230,2230,0.0182778569631927,-0.0086455331412104,0.057890365448505,0.0675226892704873,0.057890365448505,0.0404485049833887,-0.0220279374732655,-0.0130802951182376,0.0806029843887249,0.0895506267437529,True,0.4282261411394734,-0.3411040925083844,0.0112008707419928,0.147777777777778,92.32136062473752,-0.0418465886786526,0.0553505535055351,0.0274965374400171,True,FMCG,0.0578904,-0.010680866399075395,0.0685712663990754,11,10,0.055350417990246426,0.027854016065518072,-0.013283235988545417,0.053650417990246425,0.025596401924728354,0.06693365397879185,0.8955223880597015
LT,Larsen & Toubro Limited,Q2 FY25,14,Jul-Sep 2024,2024-09-30,2024-10-30,17:44,After close,Engineering,,Nifty India Manufacturing,Company,459309.888,2024-10-28,2024-10-29,2024-10-30,2024-10-31,2024-10-31,2219,2220,2221,2222,2222,0.0120031130268198,0.0081191398739979,0.0627723091818621,0.0828945620826799,0.0627723091818621,0.0356917570085231,-0.0054068664609605,-0.0054699076923618,0.0883644697750418,0.0883014285436405,True,0.2063838927689771,0.0535773576240523,0.1167413101131318,0.2188195511393824,34.40051947935226,0.0066946415261019,0.0225685338044889,0.0196476919244914,True,Nifty India Manufacturing,0.0627723,-0.005566773551457738,0.06833907355145774,6,5,0.022568317312615882,0.0029208418799975266,0.0026882382539119565,0.020868317312615882,0.017747475432618356,0.018180079058703925,0.6343283582089553
MARICO,Marico Limited,Q2 FY25,14,Jul-Sep 2024,2024-09-30,2024-10-29,16:07,After close,Personal Care,FMCG,Nifty FMCG,Company,82572.9,2024-10-25,2024-10-28,2024-10-29,2024-10-30,2024-10-30,2218,2219,2220,2221,2221,-0.0095297609748477,-0.0076498422712933,0.0349678137169195,0.0177882104707784,0.0349678137169195,0.0617499801319241,0.0142248461677286,0.0066454498596253,0.0111427606111531,0.0035633643030498,True,0.0759289176090467,0.1983002832861189,0.0079455164585697,-0.0883620689655172,54.395849802371536,-0.0037625739077019,-0.0095216156031635,-0.0009044144783055,True,FMCG,0.0349678,-0.005149825171609779,0.04011762517160978,9,8,-0.009521628694925677,-0.008617201124857976,-0.030213108525847465,-0.011221628694925677,-0.002804427570067701,0.01899147983092179,0.6119402985074627
MFSL,Max Financial Services Limited,Q2 FY25,14,Jul-Sep 2024,2024-09-30,2024-10-22,19:12,After close,Insurance,Insurers,Nifty Financial Services,NBFC / financial,41092.961,2024-10-18,2024-10-21,2024-10-22,2024-10-23,2024-10-23,2213,2214,2215,2216,2216,-0.0028412651986797,-0.0191074795725958,0.0866760647614166,0.064727319990141,0.0866760647614166,0.0209748387372377,-0.0077452101484308,-0.0168998961429898,0.0816272161331308,0.0724725301385719,True,0.3155818909118095,-0.2388937723984041,0.1333648053537466,-0.1157200094272919,108.23051253687316,-0.0150169038446419,-0.0829074612784023,-0.0612893237326185,True,Insurers,0.0866761,-0.0014955806816742134,0.08817168068167422,5,4,-0.08290749218974858,-0.02161813754578379,-0.005399545301448261,-0.08460749218974857,-0.06318935464396479,-0.07920794688830031,0.2462686567164179
MPHASIS,MphasiS Limited,Q2 FY25,14,Jul-Sep 2024,2024-09-30,2024-10-17,00:00,Before open,Computers - Software,IT services,Nifty IT,Company,55402.22502,2024-10-15,2024-10-16,2024-10-17,2024-10-18,2024-10-17,2210,2211,2212,2213,2212,-0.0062973581814459,0.0579971490889106,0.0050483734822415,0.0567481643897062,0.0579971490889106,0.0326137358957185,-0.0144808673193588,-0.0080921762692391,0.0648403406589454,0.071229031709065,True,0.0792442672093594,0.0800690906214838,0.03321702330077,0.0465355444144492,35.43982317901637,-0.0176693854477912,-0.1090527335863683,-0.052713827050009,True,IT services,0.0579971,-0.008868180671410819,0.06686528067141081,4,3,-0.07820906462355592,-0.04917807582672207,-0.0080368696807952,-0.07990906462355592,-0.030930988796833855,-0.07187219494276072,0.06716417910447761
MUTHOOTFIN,Muthoot Finance Limited,Q2 FY25,14,Jul-Sep 2024,2024-09-30,2024-11-14,15:58,After close,Finance,NBFCs,Nifty Financial Services,NBFC / financial,71970.45128,2024-11-12,2024-11-13,2024-11-14,2024-11-18,2024-11-18,2230,2231,2232,2233,2233,-0.0124951190941039,0.0031350618539229,0.0618295464143932,0.0524694891742122,0.0618295464143932,0.0507644226708337,-0.0128975520349312,-0.0180538749013604,0.0705233640755726,0.0653670412091435,True,0.3667876086758792,0.2000547366036882,0.1016933922831739,0.0924124872963005,16.114301622816647,0.0350807413889109,0.1162729032429139,0.0786585294527391,True,NBFCs,0.0618295,-0.0033527814487925856,0.0651822814487926,12,11,0.11627278082741865,0.03761437379017485,0.05336727191424773,0.11457278082741866,0.0767584070372438,0.061205508913170927,0.9925373134328358
PERSISTENT,Persistent Systems Limited,Q2 FY25,14,Jul-Sep 2024,2024-09-30,2024-10-22,15:35,After close,Computers - Software,IT services,Nifty IT,Company,84822.24075,2024-10-18,2024-10-21,2024-10-22,2024-10-23,2024-10-23,2213,2214,2215,2216,2216,-0.0469475041544454,-0.0170457252293884,0.1086716296382459,0.044678400254412,0.1086716296382459,0.0099065565507348,0.0031361339462895,-0.0168998961429898,0.0615782963974018,0.0415422663081225,True,0.201304904899924,0.2344720968746678,0.0584475936825259,0.0606432452719349,72.42719538602623,-0.0176437158469945,0.0135519125683059,0.0351700501140896,True,IT services,0.108672,-0.0014955806816742134,0.11016758068167422,9,8,0.0135517997664516,-0.02161813754578379,0.02628954978553888,0.0118517997664516,0.03326993731223539,-0.01443775001908728,0.2462686567164179
SHRIRAMFIN,Shriram Finance Limited,Q2 FY25,14,Jul-Sep 2024,2024-09-30,2024-10-25,15:54,After close,Finance,NBFCs,Nifty Financial Services,Company,120206.62025,2024-10-23,2024-10-24,2024-10-25,2024-10-28,2024-10-28,2216,2217,2218,2219,2219,0.0148072863732311,-0.0469785214631289,0.053885826071492,0.0217145909815942,0.053885826071492,0.0230708292241281,0.0046511919003858,-0.0038880114628316,0.0256026024444259,0.0170633990812083,True,0.1357285653822255,0.198358443768861,0.050448829669609,0.0581372355151275,15.643857683873527,-0.0341791182155679,-0.0737274874973156,-0.0710877075543019,True,NBFCs,0.0538858,0.006548584000529489,0.04733721599947051,7,6,-0.07372755936138431,-0.002639779943013676,0.012978876323503918,-0.0754275593613843,-0.07298777941837063,-0.08840643568488822,0.5149253731343284
ASHOKLEY,Ashok Leyland Limited,Q3 FY25,15,Oct-Dec 2024,2024-12-31,2025-02-12,13:34,During market,Automobiles - 4 Wheelers,,Nifty Auto,Company,61400.124,2025-02-10,2025-02-11,2025-02-12,2025-02-13,2025-02-12,2292,2293,2294,2295,2294,-0.0257771401243424,0.0767758087477294,-0.0103943469341235,0.0406043216892635,0.0767758087477294,0.0014235923616905,-0.0335015647979008,-0.0150014818294805,0.0556058035187441,0.0741058864871644,True,0.0813607147042647,0.3600614055443492,0.0760371309288652,0.0797573833682896,23.36017744568009,0.0433961394941724,-0.0857327129497397,-0.0630397806920393,True,Nifty Auto,0.0767758,-0.0011507554677138154,0.07792655546771382,11,10,-0.10357880243136974,-0.028120762413078593,-0.0827135617841388,-0.10527880243136974,-0.07735804001829115,-0.022565240647230943,0.9476744186046512
BANKINDIA,Bank of India,Q3 FY25,15,Oct-Dec 2024,2024-12-31,2025-01-24,16:55,After close,Banks,Banks,Nifty Bank,Bank,45092.41923,2025-01-22,2025-01-23,2025-01-24,2025-01-27,2025-01-27,2278,2279,2280,2281,2281,0.0068666060789659,-0.013438973021763,0.0601809494764664,0.0536085825336694,0.0601809494764664,0.0165700925078784,-0.0135989654161851,-0.0141079948509289,0.0677165773845983,0.0672075479498545,True,0.1966450212183221,0.3461762707875326,0.0493225119637215,0.0602437555030352,6.106079377481435,0.0382587016971904,-0.0266564387764886,-0.0251999675543888,True,Banks,0.0601809,-0.01139129229783209,0.0715721922978321,10,9,-0.02665639720737334,-0.0014564712220997977,0.019069107961880327,-0.02835639720737334,-0.02709992598527354,-0.047425505169253666,0.37209302325581395
BHEL,Bharat Heavy Electricals Limited,Q3 FY25,15,Oct-Dec 2024,2024-12-31,2025-01-28,18:39,After close,Electrical Equipment,,Nifty India Manufacturing,Company,69707.15895,2025-01-24,2025-01-27,2025-01-28,2025-01-29,2025-01-29,2280,2281,2282,2283,2283,-0.0282231879714272,-0.035571090778246,0.0652382475215862,0.0014439687719129,0.0652382475215862,-0.0185481291973138,-0.0062001871130945,0.0031866210299307,-0.0017426522580177,0.0076441558850075,True,0.3221913547160966,,0.1052520465971051,0.2689590202543568,295.8707935059423,0.034324026818773,-0.0262683878715102,0.0003062070661276,True,Nifty India Manufacturing,0.0652382,0.008966666303673154,0.05627153369632684,4,3,-0.026268208951792937,-0.026574594937637808,-0.03760755139098526,-0.027968208951792937,-0.0015936140141551297,0.009639342439192324,0.4883720930232558
CAMS,Computer Age Management Services Limited,Q3 FY25,15,Oct-Dec 2024,2024-12-31,2025-01-29,14:11,During market,Capital Markets,,Nifty Financial Services,Company,18770.169795,2025-01-27,2025-01-28,2025-01-29,2025-01-30,2025-01-29,2281,2282,2283,2284,2283,-0.0231709398343245,0.060342973873777,-0.0779994423179295,-0.0408274082784769,0.060342973873777,0.0052682507257284,0.033222357085445,0.018307984000514,-0.059135392278991,-0.074049765363922,True,0.2763949564602015,0.4053983833071648,0.0125168379512017,0.0247171046937186,44.32434975208579,0.0306691960849003,-0.1043247553062798,-0.0740251789713049,True,Nifty Financial Services,0.060343,0.008966666303673154,0.05137633369632685,5,4,-0.15203150374287522,-0.026574594937637808,-0.0003862017491902403,-0.15373150374287523,-0.12735690880523742,-0.15334530199368498,0.4883720930232558
COFORGE,Coforge Limited,Q3 FY25,15,Oct-Dec 2024,2024-12-31,2025-01-23,01:09,Before open,Computers - Software,IT services,Nifty IT,Company,55101.537,2025-01-21,2025-01-22,2025-01-23,2025-01-24,2025-01-23,2277,2278,2279,2280,2279,-0.0039825204875864,0.1176745825332392,0.0041483398485284,0.1178404018941813,0.1176745825332392,0.0585547264286234,0.0432544679191786,0.0029598223886503,0.1148805795055309,0.0745859339750026,True,0.428227090776051,-0.1585318235064429,0.0835646409561439,0.0657764589515332,67.59266069676153,-0.1051209581357071,-0.1560706473480171,-0.1483169469643378,True,IT services,0.117675,0.0021593281898135697,0.11551567181018643,10,9,-0.15460310525402765,-0.011740827007564958,-0.05599543271032892,-0.15630310525402766,-0.1447622782464627,-0.10030767254369873,0.22674418604651161
DIVISLAB,Divi's Laboratories Limited,Q3 FY25,15,Oct-Dec 2024,2024-12-31,2025-02-03,12:59,During market,Pharmaceuticals,Pharma,Nifty Pharma,Company,147809.05,2025-01-31,2025-02-01,2025-02-03,2025-02-04,2025-02-03,2285,2286,2287,2288,2287,0.0073238073040859,0.0472630838917513,0.0360547917268569,0.0906416829226943,0.0472630838917513,8.009183864166047e-05,0.0138452399964792,0.0099156099634268,0.0807260729592674,0.0767964429262151,True,0.2501347708894879,0.6452513966480447,-0.0081266039349872,0.1549019607843136,80.50601851851852,-0.0245232725035883,-0.095091244617593,-0.0360350402303439,True,Pharma,0.0472631,-0.0051571086974575575,0.05242020869745756,7,6,-0.06226955544210666,-0.05472356764785824,-0.07213645045314943,-0.06396955544210665,-0.009445987794248422,0.008166895011042764,0.6976744186046512
HDFCLIFE,HDFC Life Insurance Company Limited,Q3 FY25,15,Oct-Dec 2024,2024-12-31,2025-01-15,15:55,After close,Insurance,Insurers,Nifty Financial Services,,,2025-01-13,2025-01-14,2025-01-15,2025-01-16,2025-01-16,2271,2272,2273,2274,2274,0.0011671529804084,-0.0104088600216504,0.0794345338269941,0.0701928267857522,0.0794345338269941,0.0604173678895993,0.0241354297911533,0.0097533378277927,0.0604394889579594,0.0460573969945988,True,,,,,,-0.0318054256314312,-0.0190988462737763,-0.0076647227826688,True,Insurers,0.0794345,0.004247583271586697,0.07518691672841331,1,0,-0.019098955999980904,-0.011434123491107506,0.010854807954235879,-0.020798955999980905,-0.009564832508873399,-0.03165376395421678,0.040697674418604654
INDIANB,Indian Bank,Q3 FY25,15,Oct-Dec 2024,2024-12-31,2025-01-29,13:27,During market,Banks,Banks,Nifty Bank,Bank,67152.6908,2025-01-27,2025-01-28,2025-01-29,2025-01-30,2025-01-29,2281,2282,2283,2284,2283,0.0312907431551499,0.0595157055334047,0.0020192748967415,0.0928257235852962,0.0595157055334047,0.0074880871341049,0.0257802691740192,0.018307984000514,0.0745177395847822,0.067045454411277,True,0.1100071702158529,0.3458654776228562,0.026836804238844,0.0539158451692998,7.086450258067306,-0.0103508289823213,-0.044426124393148,-0.0141265480581731,True,Banks,0.0595157,0.008966666303673154,0.050549033696326844,13,12,-0.04176239694796391,-0.026574594937637808,-0.011341182261300764,-0.04346239694796391,-0.0170878020103261,-0.032121214686663145,0.4883720930232558
KALYANKJIL,Kalyan Jewellers India Limited,Q3 FY25,15,Oct-Dec 2024,2024-12-31,2025-01-30,17:31,After close,Gems Jewellery And Watches,Consumer brands,Nifty Consumer Durables,Company,45173.11776,2025-01-28,2025-01-29,2025-01-30,2025-01-31,2025-01-31,2282,2283,2284,2285,2285,0.0243122931172239,-0.0179407176287051,0.1417224554635199,0.1480940309520386,0.1417224554635199,0.0440258708725747,0.0201459087350533,0.0238324603253137,0.1242615706267249,0.1279481222169852,True,0.3951324094973134,0.2115628443135322,0.2013693223390984,0.6754513575180314,72.0945028104861,0.0781156827668456,-0.0811965811965811,-0.022336769384633,True,Consumer brands,0.141722,0.011135723348889348,0.13058627665111064,3,2,-0.08119645210167514,-0.058859811811948104,-0.08332424430250773,-0.08289645210167514,-0.024236640289727038,0.0004277922008325901,0.6569767441860465
KOTAKBANK,Kotak Mahindra Bank Limited,Q3 FY25,15,Oct-Dec 2024,2024-12-31,2025-01-18,13:06,Non-trading day,Banks,Banks,Nifty Bank,Bank,358965.0066,2025-01-16,2025-01-17,2025-01-20,2025-01-21,2025-01-20,2274,2275,2276,2277,2276,-0.0260031569327905,0.0920618673945183,-0.0141629783910439,0.0518957320706838,0.0920618673945183,0.0747185261003071,-0.0140900800650231,-0.0122699956709952,0.0641657277416791,0.0659858121357069,True,0.138025022417116,0.0997633951301326,0.0159886261403556,-0.011639730599452,21.453993826145947,-0.0029313896371413,0.0274652722759205,0.0302948484041136,True,Banks,0.0920619,0.006100451661839701,0.0859614483381603,3,2,0.01661019226243665,-0.017798434337484847,-0.005093129189395196,0.014910192262436651,0.0325086265999215,0.020003321451831847,0.14534883720930233
KPITTECH,KPIT Technologies Limited,Q3 FY25,15,Oct-Dec 2024,2024-12-31,2025-01-29,12:35,During market,Computers - Software,IT services,Nifty IT,Company,35334.6838,2025-01-27,2025-01-28,2025-01-29,2025-01-30,2025-01-29,2281,2282,2283,2284,2283,-0.0325777948520937,0.0881184973393693,0.0459107331849202,0.1014514356721958,0.0881184973393693,0.0030974505599237,0.0090805584073571,0.018307984000514,0.0831434516716818,0.0923708772648387,True,0.1758175664817234,0.2036876090413375,0.0044481053246097,-0.0823333087928538,48.56427116519559,-0.0011165776893818,-0.1263128511113432,-0.0960132747763683,True,IT services,0.0881185,0.008966666303673154,0.07915183369632685,12,11,-0.06171311725347184,-0.026574594937637808,-0.08815668363839724,-0.06341311725347183,-0.03703852231583403,0.0247435663849254,0.4883720930232558
MUTHOOTFIN,Muthoot Finance Limited,Q3 FY25,15,Oct-Dec 2024,2024-12-31,2025-02-12,15:41,After close,Finance,NBFCs,Nifty Financial Services,NBFC / financial,88396.35084,2025-02-10,2025-02-11,2025-02-12,2025-02-13,2025-02-13,2292,2293,2294,2295,2295,-0.0061993323795899,-0.0024449319075038,0.0618228462789474,0.0531785819918536,0.0618228462789474,0.0302127951989372,-0.0053780715544676,-0.0150014818294805,0.0681800638213342,0.0585566535463213,True,0.3585630639863646,0.2588609390107865,0.0529359753709912,0.0924660389021092,18.89525947532709,-0.0179264820088015,-0.0119078436448361,0.0107850886128643,True,NBFCs,0.0618228,-0.0006009915275381195,0.06242379152753812,13,12,-0.011907828825360012,-0.022692932257700416,0.011036678640793385,-0.013607828825360012,0.008885103432340403,-0.024644507466153397,0.9651162790697675
PIDILITIND,Pidilite Industries Limited,Q3 FY25,15,Oct-Dec 2024,2024-12-31,2025-01-22,18:42,After close,Chemicals - Speciality,,Nifty Commodities,Company,141784.965,2025-01-20,2025-01-21,2025-01-22,2025-01-23,2025-01-23,2276,2277,2278,2279,2279,-0.0136490000896781,0.0018365639887989,0.0562301479263092,0.0444177118254299,0.0562301479263092,0.0167710318540701,-0.0074370545621342,-0.005876009278617,0.050293721104047,0.0518547663875642,True,0.076332512244448,0.0821579689703806,0.0414230998698572,0.0334106554923676,74.13399126820214,-0.0079390992043717,-0.0484422525045967,-0.0367014254970318,True,Nifty Commodities,0.0562301,0.0021593281898135697,0.05407077181018643,2,1,-0.048442214961921914,-0.011740827007564958,-0.03198320572980984,-0.050142214961921915,-0.038601387954356955,-0.018159009232112076,0.22674418604651161
SAIL,Steel Authority of India Limited,Q3 FY25,15,Oct-Dec 2024,2024-12-31,2025-02-11,20:48,After close,Steel And Steel Products,Metals,Nifty Metal,Company,45568.00696,2025-02-07,2025-02-10,2025-02-11,2025-02-12,2025-02-12,2291,2292,2293,2294,2294,-0.0465917331399563,-0.0490587564175699,0.0572885422915416,-0.0383619472659846,0.0572885422915416,0.0007998400319935,-0.0371383957371732,-0.0219705403232711,-0.0163914069427134,-0.0012235515288113,True,0.0488795064723255,-0.6644991960654498,-0.0075091589936454,-0.8390996201168,18.13846939173563,0.0073758865248225,0.0013238770685575,0.0294446394816361,True,Metals,0.0572885,-0.0011507554677138154,0.058439255467713815,9,8,0.001323852028156658,-0.028120762413078593,0.061589908567558416,-0.000376147971843342,0.02754461444123525,-0.06196605653940176,0.9476744186046512
SRF,SRF Limited,Q3 FY25,15,Oct-Dec 2024,2024-12-31,2025-01-29,15:55,After close,Textiles - Synthetic,,Nifty India Consumption,Company,76191.7968,2025-01-27,2025-01-28,2025-01-29,2025-01-30,2025-01-30,2281,2282,2283,2284,2284,0.0115935262994084,0.0248634720406122,0.0624050134153892,0.0988620117554099,0.0624050134153892,0.0131902358481716,0.0182297505087583,0.018307984000514,0.0805540277548959,0.0806322612466516,True,0.1435520006288813,0.0696444777650633,0.019568962999737,0.3458445040214477,67.46935817512043,0.0450700245483286,0.0080709252423925,0.0383705015773674,True,Nifty India Consumption,0.062405,0.003730070672751218,0.058674929327248784,1,0,0.008070928544704925,-0.03029957633497493,-0.041476402696834724,0.006370928544704925,0.03647050487967986,0.04784733124153965,0.5523255813953488
TATACONSUM,TATA CONSUMER PRODUCTS LIMITED,Q3 FY25,15,Oct-Dec 2024,2024-12-31,2025-01-30,17:13,After close,Food And Food Processing,FMCG,Nifty FMCG,Company,95106.075,2025-01-28,2025-01-29,2025-01-30,2025-01-31,2025-01-31,2282,2283,2284,2285,2285,-0.000780234070221,0.0064549713690786,0.0599462087514224,0.06562094605028,0.0599462087514224,0.0034136753905036,0.0225391727156257,0.0238324603253137,0.0417884857249662,0.0430817733346542,True,0.1681528528465372,3.585900240254958e-05,0.054362965511514,-0.234729158663081,82.68367905828349,-0.001268725906407,-0.0594837261503925,-0.0006239143384444,True,FMCG,0.0599462,0.011135723348889348,0.04881047665111065,8,7,-0.05948364205640844,-0.058859811811948104,-0.10588716740207382,-0.06118364205640844,-0.002523830244460333,0.044703525345665386,0.6569767441860465
TCS,Tata Consultancy Services Limited,Q3 FY25,15,Oct-Dec 2024,2024-12-31,2025-01-09,16:10,After close,Computers - Software,IT services,Nifty IT,Company,1458244.6,2025-01-07,2025-01-08,2025-01-09,2025-01-10,2025-01-10,2267,2268,2269,2270,2270,0.0198843184469874,-0.0169287313796124,0.0561545984624336,0.0591101855298086,0.0561545984624336,0.0398999715265484,0.0287079938996008,-0.0116949390368265,0.0708051245666351,0.0304021916302077,True,0.0559562913688658,0.1195514559594863,-0.0044507384179648,0.0395499202283986,30.7380662296326,-0.0331368021286323,-0.0428774043815132,-0.050211548589097,True,IT services,0.0561546,-0.004037999702463213,0.06019259970246321,2,1,-0.04287751736997958,0.007334144207583826,-0.035610127887557685,-0.04457751736997958,-0.0521116615775634,-0.008967389482421893,0.005813953488372093
TVSMOTOR,TVS Motor Company Limited,Q3 FY25,15,Oct-Dec 2024,2024-12-31,2025-01-28,13:13,During market,Automobiles - 2 And 3 Wheelers,,Nifty Auto,Company,107880.957,2025-01-24,2025-01-27,2025-01-28,2025-01-29,2025-01-28,2280,2281,2282,2283,2282,-0.0173074382349054,0.0467867706372682,0.0552059251648255,0.0846852575671883,0.0467867706372682,0.0101281706551941,0.0187918162215428,0.0031866210299307,0.0814986365372576,0.0658934413456455,True,0.1009191274617011,0.1823080939947781,-0.014780988313242,0.0098842084604542,57.16758889301044,0.0728877168069783,-0.042235520843899,-0.0156609259062612,True,Nifty Auto,0.0467868,0.005611247024089661,0.04117555297591034,2,1,0.01140943850668874,-0.01759357065850664,-0.03196394203237052,0.00970943850668874,0.027103009165195383,0.04167338053905926,0.4186046511627907
ULTRACEMCO,UltraTech Cement Limited,Q3 FY25,15,Oct-Dec 2024,2024-12-31,2025-01-23,13:56,During market,Cement And Cement Products,,Nifty Commodities,Company,307979.386,2025-01-21,2025-01-22,2025-01-23,2025-01-24,2025-01-23,2277,2278,2279,2280,2279,0.0024325540411331,0.0679976621858562,-0.011824812405327,0.0586054038216623,0.0679976621858562,-0.0003506721215663,-0.0036121224541082,0.0029598223886503,0.055645581433012,0.0622175262757705,True,0.0270824858109064,-0.1730351495233486,0.0996883220880695,0.7919857567923516,47.00733790922398,0.0178630763300946,0.000155061426476,0.0079087618101553,True,Nifty Commodities,0.0679977,0.0021593281898135697,0.06583837181018642,2,1,-0.01132571548580763,-0.011740827007564958,-0.03198320572980984,-0.01302571548580763,-0.0014848884782426724,0.018957490244002208,0.22674418604651161
UNIONBANK,Union Bank of India,Q3 FY25,15,Oct-Dec 2024,2024-12-31,2025-01-27,20:28,After close,Banks,Banks,Nifty Bank,Bank,83740.7017,2025-01-23,2025-01-24,2025-01-27,2025-01-28,2025-01-28,2279,2280,2281,2282,2282,-0.0218778486782134,-0.0159366262814537,0.0471635571550335,0.0093490821953663,0.0471635571550335,0.0333364901979353,0.0058699503859515,-0.0106560760166528,0.0200051582120192,0.0034791318094148,True,0.0628857988184345,-0.1674810480020833,0.0093416198556035,-0.0246009314072385,4.857659229997274,-0.0128425431853124,0.0608664194627837,0.0784599901212903,True,Banks,0.0471636,0.005611247024089661,0.04155235297591034,12,11,0.06086674721266805,-0.01759357065850664,-0.00439766426524324,0.05916674721266805,0.07656031787117469,0.0635644114779113,0.4186046511627907
UPL,UPL Limited,Q3 FY25,15,Oct-Dec 2024,2024-12-31,2025-01-31,14:54,During market,Pesticides And Agrochemicals,,Nifty Commodities,Company,41482.5,2025-01-29,2025-01-30,2025-01-31,2025-02-01,2025-01-31,2283,2284,2285,2286,2285,0.0250406798047369,0.0649087221095334,0.0004140786749482,0.0903634805892186,0.0649087221095334,0.0106711350207249,0.0074636216661952,0.0137491718780663,0.0766143087111522,0.0828998589230233,True,0.1031657732375848,,-0.0165013525698828,,,0.061837748344371,0.0210264900662253,0.0790641910433506,True,Nifty Commodities,0.0649087,0.011135723348889348,0.05377297665111065,5,4,0.048364500730309734,-0.058859811811948104,-0.0605826371411079,0.046664500730309734,0.10532431254225784,0.10724713787141764,0.6569767441860465
WIPRO,Wipro Limited,Q3 FY25,15,Oct-Dec 2024,2024-12-31,2025-01-17,15:40,After close,Computers - Software,IT services,Nifty IT,Company,306199.695,2025-01-15,2025-01-16,2025-01-17,2025-01-20,2025-01-20,2273,2274,2275,2276,2276,-0.0157184349906029,-0.0211768790140601,0.064905125022167,0.0280098110175038,0.064905125022167,0.0711118992729207,-0.0278542312571169,0.0056894500107692,0.0223203610067346,0.0558640422746208,True,0.0051204453031061,0.244822210674783,0.0007712451124584,0.0451882323610073,26.07996857113655,0.0256452955870107,0.0261448792672771,0.043943313604762,True,IT services,0.0649051,0.006100451661839701,0.05880464833816029,8,7,0.02614485730971583,-0.017798434337484847,-0.020895745245634312,0.02444485730971583,0.04204329164720068,0.04534060255535014,0.14534883720930233
ABCAPITAL,Aditya Birla Capital Limited,Q4 FY25,16,Jan-Mar 2025,2025-03-31,2025-05-13,15:47,After close,Finance,NBFCs,Nifty Financial Services,NBFC / financial,50349.95367,2025-05-09,2025-05-12,2025-05-13,2025-05-14,2025-05-14,2349,2350,2351,2352,2352,0.0640368587254749,-0.0031624014790309,0.0655961735565426,0.1264706308029867,0.0655961735565426,0.0054175411196253,0.0257245070623689,0.0278900155396223,0.0985806152633643,0.1007461237406177,True,0.11646112051598,-0.3057707903421364,0.3019490798232664,0.2211864406779662,13.559902958404583,0.0143360967343011,0.1278798149590063,0.1086435104375627,True,NBFCs,0.0655962,0.003602764221357635,0.06199343577864236,13,12,0.12787983141727244,0.019236304521443648,0.024646641589104235,0.12617983141727243,0.10674352689582879,0.10153318982816821,0.6404494382022472
ADANIPORTS,Adani Ports and Special Economic Zone Limited,Q4 FY25,16,Jan-Mar 2025,2025-03-31,2025-05-01,12:56,Non-trading day,Shipping,,Nifty Services Sector,Company,262760.646,2025-04-29,2025-04-30,2025-05-02,2025-05-05,2025-05-02,2342,2343,2344,2345,2344,8.220979940798401e-05,0.041594739005343,0.0631362954778629,0.1048132442826139,0.041594739005343,0.0316481709823264,0.0034006794194134,0.0051426126732112,0.0996706316094027,0.1014125648632005,True,0.2308330312477344,0.4778051243834755,0.0659115595431685,0.1959956512423319,25.97026473277161,0.0111350308069186,0.0897483483037635,0.0793052579339324,True,Nifty Services Sector,0.0415947,0.0005136803346730279,0.04108101966532697,2,1,0.13077109567482514,0.01659362459799474,0.013165269150576142,0.12907109567482514,0.1122774710768304,0.11590582652424901,0.3539325842696629
ASTRAL,Astral Limited,Q4 FY25,16,Jan-Mar 2025,2025-03-31,2025-05-21,16:20,After close,Plastic And Plastic Products,,Nifty 500,Company,38173.79,2025-05-19,2025-05-20,2025-05-21,2025-05-22,2025-05-22,2355,2356,2357,2358,2358,-0.0379818194630399,0.0091561675944915,0.0469623285185454,0.018136676649997,0.0469623285185454,0.0060245336430282,-0.0117995883185364,-0.0134477902520964,0.0315844669020934,0.0299362649685335,True,0.0346440219063444,-0.0126651982378853,0.2035790980672871,0.5714285714285716,72.55995057973769,0.0411813643926786,0.0534525790349416,0.0459941378511807,True,,0.0469623,-0.008211272515510792,0.05517357251551079,-1,-1,0.053452415288660626,0.007458441183760822,0.007457402080106146,0.051752415288660626,0.044093974104899805,0.04429501320855448,0.8539325842696629
AUBANK,AU Small Finance Bank Limited,Q4 FY25,16,Jan-Mar 2025,2025-03-31,2025-04-22,16:24,After close,Banks,Banks,Nifty Bank,Bank,43652.98074949999,2025-04-17,2025-04-21,2025-04-22,2025-04-23,2025-04-23,2335,2336,2337,2338,2338,0.0631659705054983,-0.0157152020525979,0.0841479309221246,0.1315986993750251,0.0841479309221246,0.0101010101010101,0.0198990481373956,0.0199028132578054,0.1116958861172197,0.1116996512376294,True,0.5093133428963905,0.3586306734182105,0.0381979198951309,-0.0468310592769785,22.125541404933216,0.0197610639416936,0.0356149973702004,0.0240752474015417,True,Banks,0.0841479,0.00669087297892812,0.07745702702107188,4,3,0.035615071077438776,0.011539749968658697,-0.007743355839483601,0.033915071077438776,0.02217532110878008,0.04165842691692238,0.0898876404494382
BSE,BSE Limited,Q4 FY25,16,Jan-Mar 2025,2025-03-31,2025-05-06,19:56,After close,Capital Markets,,Nifty Financial Services,Company,85358.4775,2025-05-02,2025-05-05,2025-05-06,2025-05-07,2025-05-07,2344,2345,2346,2347,2347,0.0233092840719892,-0.0323080498954055,0.0652522017614092,0.0562534359379929,0.0652522017614092,0.0200160128102482,0.0005881949909168,0.0027944073665385,0.0534590285714543,0.055665240947076,True,0.7336036202059912,3.619020926756353,0.0945006075962457,1.2507397459826106,91.02476939482804,0.1043968432919955,0.2613754227733933,0.2529459713021305,True,Nifty Financial Services,0.0652522,0.0014274229273656402,0.06382477707263436,6,5,0.26137553616381726,0.008429451471262839,0.003779764691494325,0.2596755361638173,0.25104608469255446,0.25589577147232295,0.47191011235955055
CROMPTON,Crompton Greaves Consumer Electricals Limited,Q4 FY25,16,Jan-Mar 2025,2025-03-31,2025-05-15,18:58,After close,Consumer Durables,Consumer brands,Nifty Consumer Durables,Company,21311.34375,2025-05-13,2025-05-14,2025-05-15,2025-05-16,2025-05-16,2351,2352,2353,2354,2354,0.0010572421084427,-0.0120700060350029,0.072846670739157,0.0618339068125968,0.072846670739157,0.0364996945632256,0.0165398109816734,0.0179364268023284,0.0438974800102683,0.0452940958309233,True,0.0508108108108107,0.2249204972535412,0.1647232380554031,0.5429715950473415,40.60695809991997,0.0008540925266904,-0.0209252669039147,-0.0088868013686186,True,Consumer brands,0.0728467,-0.0016878074862042292,0.07453450748620423,6,5,-0.020925311328669483,-0.012038465535296083,-0.04552554160256139,-0.022625311328669483,-0.0107868457933734,0.02290023027389191,0.7247191011235955
CUMMINSIND,Cummins India Limited,Q4 FY25,16,Jan-Mar 2025,2025-03-31,2025-05-28,20:22,After close,Diesel Engines,,Nifty India Manufacturing,Company,81624.312,2025-05-26,2025-05-27,2025-05-28,2025-05-29,2025-05-29,2360,2361,2362,2363,2363,0.0099504177137812,0.0007397693264736,0.0649507745035449,0.0756409615437998,0.0649507745035449,0.0080642451530525,-9.958973805956894e-06,-0.0066898667352873,0.0823308282790872,0.0756509205176058,True,0.065268949815008,-0.0173700033403852,-0.202112300760622,-0.051856892167747,40.62325785099288,0.0567299804379375,0.0615889442796739,0.0327811999333045,True,Nifty India Manufacturing,0.0649508,0.0032784633440325894,0.061672336655967414,10,9,0.06158905644657153,0.028807744346369457,0.013500194663757847,0.05988905644657153,0.030881312100202077,0.046388861782813685,0.9550561797752809
DELHIVERY,Delhivery Limited,Q4 FY25,16,Jan-Mar 2025,2025-03-31,2025-05-16,16:52,After close,Travel And Transport,,Nifty Services Sector,Company,24063.32995,2025-05-14,2025-05-15,2025-05-16,2025-05-19,2025-05-19,2352,2353,2354,2355,2355,0.0004630344188918,-0.0100277692070348,0.0947483247623499,0.0851835899742069,0.0947483247623499,0.0467508181393174,0.0078615776383969,0.011362016124964,0.0738215738492429,0.07732201233581,True,0.0559021054289992,,-0.0785149716309731,1.9036737634064356,1141.3617582886686,0.0321708185053382,0.04,0.0399579081555956,True,Nifty Services Sector,0.0947483,-0.0029716464560067823,0.09771994645600678,4,3,0.039999822167812615,4.209184440440161e-05,0.0075571483565837205,0.038299822167812615,0.038057730323408215,0.030742673811228895,0.7359550561797753
DIVISLAB,Divi's Laboratories Limited,Q4 FY25,16,Jan-Mar 2025,2025-03-31,2025-05-17,13:31,Non-trading day,Pharmaceuticals,Pharma,Nifty Pharma,Company,164684.25,2025-05-15,2025-05-16,2025-05-19,2025-05-20,2025-05-19,2353,2354,2355,2356,2355,0.0104594094456513,0.0478541285134166,-0.0193768996960486,0.0389366382630194,0.0478541285134166,0.0191894259097062,-0.0089253289723179,-0.0151443319460152,0.0540809702090346,0.0478619672353373,True,0.1224489795918366,0.2304832713754647,0.1147046140577834,0.1239388794567062,79.67307692307692,0.0380472685005812,0.0132506780317707,0.006383853907544,True,Pharma,0.0478541,-0.0029716464560067823,0.05082574645600678,6,5,0.01633742640427127,4.209184440440161e-05,0.013753165182873506,0.014637426404271271,0.014395334559866869,0.0008842612213977657,0.7359550561797753
HCLTECH,HCL Technologies Limited,Q4 FY25,16,Jan-Mar 2025,2025-03-31,2025-04-22,19:01,After close,Computers - Software,IT services,Nifty IT,Company,390417.0,2025-04-17,2025-04-21,2025-04-22,2025-04-23,2025-04-23,2335,2336,2337,2338,2338,0.0305980528511822,-0.0014170040485829,0.0770998040408135,0.1062808528434128,0.0770998040408135,0.0507466720724372,0.0605873941201107,0.0199028132578054,0.0863780395856074,0.0456934587233021,True,0.0613003965051406,0.0780976220275344,0.0119103379056539,-0.0618601611849269,22.86081508373346,-0.0166248431618569,0.0244667503136761,0.0129270003450174,True,IT services,0.0770998,0.00669087297892812,0.07040892702107188,5,4,0.024466770291435846,0.011539749968658697,0.046180041310587505,0.022766770291435846,0.011027020322777149,-0.02341327101915166,0.0898876404494382
HDFCAMC,HDFC Asset Management Company Limited,Q4 FY25,16,Jan-Mar 2025,2025-03-31,2025-04-17,18:06,After close,Capital Markets,,Nifty Financial Services,NBFC / financial,88349.14560000002,2025-04-15,2025-04-16,2025-04-17,2025-04-21,2025-04-21,2333,2334,2335,2336,2336,-0.0007500423410999,0.0213075060532688,0.057325746799431,0.0778832105115998,0.057325746799431,0.0040303461356092,0.0450390114636196,0.0338242919576807,0.044058918553919,0.0328441990479801,True,0.296118947989014,0.1804970046594187,-0.0355969742036955,-0.0045216415117874,37.39535573549144,-0.0068388716982823,0.0685232521637746,0.0453797383371468,True,Nifty Financial Services,0.0573257,0.011483482274811108,0.04584221772518889,2,1,0.068523241953383,0.023143513826627826,-0.009126123979103506,0.066823241953383,0.04347972812675517,0.07594936593248651,0.06741573033707865
IREDA,Indian Renewable Energy Development Agency Limited,Q4 FY25,16,Jan-Mar 2025,2025-03-31,2025-04-15,18:57,After close,Financial Institution,NBFCs,Nifty 500,NBFC / financial,40820.32632911392,2025-04-09,2025-04-11,2025-04-15,2025-04-16,2025-04-16,2331,2332,2333,2334,2334,0.0170162247724574,0.0828793774319065,0.0563540543777698,0.1562496565821338,0.0563540543777698,0.0601868487243981,0.0507022141781179,0.0457301521709059,0.1105195044112279,0.1055474424040159,True,0.3693113343238439,0.4452421037655316,0.1216454348003996,0.1462457097183693,26.60693234046376,-0.0070865695334205,-0.0175746924428825,-0.0850998234312259,True,NBFCs,0.0563541,0.004657383335012311,0.05169671666498769,1,0,-0.017574735054428303,0.06752513098834334,0.06851644642327392,-0.019274735054428303,-0.08699986604277164,-0.08779118147770222,0.016853932584269662
LICI,Life Insurance Corporation Of India,Q4 FY25,16,Jan-Mar 2025,2025-03-31,2025-05-27,18:16,After close,Insurance,Insurers,Nifty Financial Services,,,2025-05-23,2025-05-26,2025-05-27,2025-05-28,2025-05-28,2359,2360,2361,2362,2362,0.0113920371984888,0.0013792310786737,0.0812051649928264,0.093976433269989,0.0812051649928264,0.023816355810617,-0.001237996386898,-0.004013350529444,0.0979897837994331,0.095214429656887,True,,,,,,0.0119426751592359,0.0096602972399153,-0.0102286430468037,True,Insurers,0.0812052,-0.0029706519725128944,0.0841758519725129,6,5,0.009660359869959834,0.01988894028671906,0.015097242725934157,0.007960359869959834,-0.012128580416759226,-0.007136882855974323,0.9325842696629213
LT,Larsen & Toubro Limited,Q4 FY25,16,Jan-Mar 2025,2025-03-31,2025-05-09,13:40,During market,Engineering,,Nifty India Manufacturing,Company,456742.321,2025-05-07,2025-05-08,2025-05-09,2025-05-12,2025-05-09,2347,2348,2349,2350,2349,0.0007526946468356,0.0361021691386624,0.0416098028398035,0.0784646666253017,0.0361021691386624,0.0021360450073708,0.0125880409521909,0.0214741313807123,0.0569905352445894,0.0658766256731108,True,0.1090301717326578,,0.1503762770269832,,32.7743473184859,0.0036239964317572,0.0255631132917033,0.0184015426409032,True,Nifty India Manufacturing,0.0361022,-0.010950077861727414,0.047052277861727415,5,4,0.061674212749695645,0.04144660113295573,0.0708621360385433,0.059974212749695645,0.018327611616739917,-0.010887923288847655,0.5561797752808989
NBCC,NBCC (India) Limited,Q4 FY25,16,Jan-Mar 2025,2025-03-31,2025-05-29,19:19,After close,Construction,,Nifty Infrastructure,Company,31041.9,2025-05-27,2025-05-28,2025-05-29,2025-05-30,2025-05-30,2361,2362,2363,2364,2364,0.0054796903540053,0.005190311418685,0.0616179001721171,0.0722879019448075,0.0616179001721171,0.0137693631669535,-0.0019791929839719,-0.0030304078153883,0.0753183097601958,0.0742670949287794,True,0.1535705115102692,0.2927136647719968,0.6422410363988063,0.2703835696567263,61.92323305668403,0.0353437094682227,-0.0012970168612196,-0.0371384274071839,True,Nifty Infrastructure,0.0616179,-0.0033382191869080202,0.06495611918690802,1,0,-0.0012968904045866925,0.03584141054596435,0.05221089478114016,-0.0029968904045866926,-0.03903830095055104,-0.05520778518572685,0.9719101123595506
PAYTM,One 97 Communications Limited,Q4 FY25,16,Jan-Mar 2025,2025-03-31,2025-05-06,16:50,After close,Internet & E-commerce,,Nifty India Digital,Company,53065.285,2025-05-02,2025-05-05,2025-05-06,2025-05-07,2025-05-07,2344,2345,2346,2347,2347,0.0395534481723787,-0.0590646651270208,0.0719764373811131,0.052465220426471,0.0719764373811131,-0.0084064551757992,0.0055981835955887,0.0027944073665385,0.0496708130599324,0.0468670368308823,True,-0.1568523664593533,,0.045792756319072,,,-0.0261018889524897,0.0756153405838577,0.0671858891125949,True,Nifty India Digital,0.0719764,0.0014274229273656402,0.07054897707263436,2,1,0.07561527910679722,0.008429451471262839,0.044683499288762585,0.07391527910679722,0.06528582763553438,0.029231779818034632,0.47191011235955055
PNBHOUSING,PNB Housing Finance Limited,Q4 FY25,16,Jan-Mar 2025,2025-03-31,2025-04-28,18:38,After close,Finance - Housing,NBFCs,Nifty Financial Services,NBFC / financial,26215.9761,2025-04-24,2025-04-25,2025-04-28,2025-04-29,2025-04-29,2339,2340,2341,2342,2342,-0.0368241066560935,0.0149737573325099,0.0447655259822561,0.0229151766586724,0.0447655259822561,0.0747782002534853,-0.0041514421932719,0.0037827414494319,0.0191324352092405,0.0270666188519443,True,0.1170750573220253,0.2529994308480363,0.0412460860250494,0.1388664721584207,14.364839699508495,0.0287267080745339,0.0149456521739126,-0.0021689457768556,True,NBFCs,0.0447655,0.00030622520911682827,0.04445927479088317,8,7,0.014945732732713157,0.017114597950768307,0.009849640278156935,0.013245732732713157,-0.004068865218055149,0.0033960924545562224,0.25842696629213485
RBLBANK,RBL Bank Limited,Q4 FY25,16,Jan-Mar 2025,2025-03-31,2025-04-25,17:00,After close,Banks,Banks,Nifty Bank,Bank,11649.12759,2025-04-23,2025-04-24,2025-04-25,2025-04-28,2025-04-28,2338,2339,2340,2341,2341,0.0346428757760735,-0.0515354747617367,0.1010686373544578,0.0841760383687946,0.1010686373544578,0.0308894678079643,0.0012829481162434,9.57702566207752e-05,0.0840802681121738,0.0828930902525512,True,0.0408734116181355,-0.8051837568058076,-0.0171816544270472,1.1054244560220656,11.895240107831023,-0.0478512795750841,0.0185417672621925,-0.0019157208690114,True,Banks,0.101069,0.012028195437896683,0.08904080456210332,7,6,0.01854177151749381,0.02045748813120407,-0.0014431888701273987,0.01684177151749381,-0.0038157166137102612,0.01828496038762121,0.2303370786516854
RELIANCE,Reliance Industries Limited,Q4 FY25,16,Jan-Mar 2025,2025-03-31,2025-04-25,20:05,After close,Refineries,,Nifty Oil & Gas,Company,1759160.0,2025-04-23,2025-04-24,2025-04-25,2025-04-28,2025-04-28,2338,2339,2340,2341,2341,0.0012307692307691,-0.0009219422249537,0.052599200246078,0.0529080272518933,0.052599200246078,0.0304521685635188,0.0164409982441865,9.57702566207752e-05,0.0528122569952725,0.0364670290077068,True,0.0991130590116944,0.0240620547728351,0.084915834580608,0.0467637540453074,25.42432651173546,0.0380625365283462,0.0389392168322617,0.0184817287010576,True,Nifty Oil & Gas,0.0525992,0.012028195437896683,0.040571004562103316,1,0,0.038939283728992136,0.02045748813120407,0.029594595808517532,0.037239283728992136,0.016581795597788065,0.0076446879204746035,0.2303370786516854
SBILIFE,SBI Life Insurance Company Limited,Q4 FY25,16,Jan-Mar 2025,2025-03-31,2025-04-24,20:26,After close,Insurance,Insurers,Nifty Financial Services,,,2025-04-22,2025-04-23,2025-04-24,2025-04-25,2025-04-25,2337,2338,2339,2340,2340,-0.0021618282890673,-0.0045187248529866,0.0540355677154582,0.0473550145734043,0.0540355677154582,0.0716950628031338,-0.0222694428710538,-0.0052415522023477,0.052596566775752,0.0696244574444581,True,,,,,,0.0441271901362754,0.0628281517314619,0.0228187504789321,True,Insurers,0.0540356,-0.008551679197581596,0.0625872791975816,4,3,0.06282806349899017,0.04000940125252983,0.021347283195255917,0.06112806349899017,0.020918662246460343,0.039780780303734255,0.17415730337078653
TIINDIA,Tube Investments of India Limited,Q4 FY25,16,Jan-Mar 2025,2025-03-31,2025-05-15,16:00,After close,Auto Ancillaries,,Nifty Auto,Company,57933.9,2025-05-13,2025-05-14,2025-05-15,2025-05-16,2025-05-16,2351,2352,2353,2354,2354,0.0150300601202404,-0.0423823626192827,0.046182392962683,0.0188300904636407,0.046182392962683,0.0006185141914645,0.0335944581311278,0.0179364268023284,0.0008936636613122,-0.0147643676674871,True,0.146956310647178,-0.7544979686593152,0.0701838236822089,-0.7596466759646676,71.07233113330226,0.0007225908165275,-0.0356040202325429,-0.0235655546972468,True,Nifty Auto,0.0461824,-0.0016878074862042292,0.04787020748620423,9,8,-0.035604215172000964,-0.012038465535296083,-0.02612391272129133,-0.037304215172000964,-0.02546574963670488,-0.011180302450709632,0.7247191011235955
TITAN,Titan Company Limited,Q4 FY25,16,Jan-Mar 2025,2025-03-31,2025-05-08,22:53,After close,Gems Jewellery And Watches,Consumer brands,Nifty Consumer Durables,Company,292911.854,2025-05-06,2025-05-07,2025-05-08,2025-05-09,2025-05-09,2346,2347,2348,2349,2349,0.0120025459946049,0.0091047949923628,0.0418484551687294,0.0629557961556972,0.0418484551687294,-0.0006826343750927,0.0108175397605583,-0.0152815513233781,0.0782373474790754,0.0521382563951389,True,0.1938530494637425,0.1297016861219195,-0.1591882750845547,-0.1680993314231136,90.48867902378744,0.0351536905677576,0.0141298464518699,-0.0273167546810857,True,Consumer brands,0.0418485,-0.010950077861727414,0.05279857786172741,4,3,0.014129881462354055,0.04144660113295573,0.021668878286435156,0.012429881462354055,-0.029216719670601674,-0.009238996824081101,0.5561797752808989
UNIONBANK,Union Bank of India,Q4 FY25,16,Jan-Mar 2025,2025-03-31,2025-05-08,22:26,After close,Banks,Banks,Nifty Bank,Bank,90244.53742,2025-05-06,2025-05-07,2025-05-08,2025-05-09,2025-05-09,2346,2347,2348,2349,2349,0.0021147014041618,-0.0243943614417152,0.0633327565322721,0.0410530964947186,0.0633327565322721,-0.0050181692334313,-0.0124059774169809,-0.0152815513233781,0.0563346478180968,0.0534590739116995,True,0.0510480036128895,0.5057679237588919,0.027349651846414,0.0828237716758297,5.53214061253852,0.0823433685923515,0.2471928397070788,0.2057462385741231,True,Banks,0.0633328,-0.010950077861727414,0.07428287786172741,16,15,0.24719288379488824,0.04144660113295573,0.055660716201529015,0.24549288379488823,0.2038462826619325,0.18983216759335922,0.5561797752808989
ALKEM,Alkem Laboratories Limited,Q1 FY26,17,Apr-Jun 2025,2025-06-30,2025-08-12,13:30,During market,Pharmaceuticals,Pharma,Nifty Pharma,Company,56953.62,2025-08-08,2025-08-11,2025-08-12,2025-08-13,2025-08-12,2414,2415,2416,2417,2416,0.0168975650713685,0.0628547837754154,0.0465138861914935,0.1262662350382775,0.0628547837754154,0.0041283930230158,0.0336727373217138,0.0105183642423383,0.1157478707959391,0.0925934977165636,True,0.1119195730617252,0.2184679727052609,0.0723308151093438,1.171777937618518,26.300690839906164,0.0062169434907672,0.0110420339612133,-0.0090498856061189,True,Pharma,0.0628548,-0.003971926028216277,0.06682672602821628,12,11,0.0474849198996643,0.021157819940050837,0.021628703427034823,0.0457849198996643,0.024427099959613466,0.02415621647262948,0.8795811518324608
AMBER,Amber Enterprises India Limited,Q1 FY26,17,Apr-Jun 2025,2025-06-30,2025-07-29,13:10,During market,Consumer Durables,Consumer brands,Nifty Consumer Durables,Company,24601.522725,2025-07-25,2025-07-28,2025-07-29,2025-07-30,2025-07-29,2404,2405,2406,2407,2406,0.0263971952979995,0.0462125778581474,0.0294475385698738,0.1020573117260208,0.0462125778581474,-6.697475051908874e-05,-0.0018246275649329,0.0007633158115176,0.1012939959145031,0.1038819392909538,True,0.4363657117623098,0.43525680885462,-0.0811372649720333,-0.1051346070343031,101.0088879240263,-0.0513027796778809,-0.0961382998569744,-0.078910412566464,True,Consumer brands,0.0462126,0.005680505978306938,0.04053209402169306,4,3,-0.07125038938044337,-0.012900314651647093,0.0020126270243283617,-0.07295038938044336,-0.060250074728796274,-0.07496301640477172,0.41361256544502617
APOLLOHOSP,Apollo Hospitals Enterprise Limited,Q1 FY26,17,Apr-Jun 2025,2025-06-30,2025-08-12,18:54,After close,Miscellaneous,,Nifty 500,Company,50937.555,2025-08-08,2025-08-11,2025-08-12,2025-08-13,2025-08-13,2414,2415,2416,2417,2417,0.0246312372079893,-0.003099600495936,0.0790437366130034,0.1005753733250567,0.0790437366130034,0.0230083603952186,0.0113520345049638,0.0105183642423383,0.0900570090827184,0.0892233388200929,True,0.1487533427717475,0.418086500655308,0.0446872429455313,0.11088295687885,35.22896120063628,0.0151117372094511,0.0084523275917272,-0.0116395919756051,True,,0.0790437,0.005388485506832019,0.07365521449316798,-1,-1,0.008452290590561518,0.02009191956733236,0.021682431569162164,0.006752290590561517,-0.013539628976770844,-0.014930140978600646,0.9424083769633508
BDL,Bharat Dynamics Limited,Q1 FY26,17,Apr-Jun 2025,2025-06-30,2025-08-12,15:54,After close,Aerospace & Defence,,Nifty India Defence,Company,54944.038136,2025-08-08,2025-08-11,2025-08-12,2025-08-13,2025-08-13,2414,2415,2416,2417,2417,0.0100073387150576,-0.0184292225378163,0.0706594885598923,0.0622376047371336,0.0706594885598923,0.0230820995962315,0.0288273650321631,0.0105183642423383,0.0517192404947953,0.0334102397049705,True,0.2969066718278805,1.5428266563197202,-0.8604770440395269,-0.9157094106530684,111.09451830296284,-0.0446888749214329,-0.0153991200502829,-0.0354910396176153,True,Nifty India Defence,0.0706595,0.005388485506832019,0.06527101449316798,3,2,-0.015399075079773006,0.02009191956733236,0.02784024122246631,-0.017099075079773006,-0.037390994647105366,-0.04493931630223932,0.9424083769633508
CANBK,Canara Bank,Q1 FY26,17,Apr-Jun 2025,2025-06-30,2025-07-24,13:15,During market,Banks,Banks,Nifty Bank,Bank,98008.37325,2025-07-22,2025-07-23,2025-07-24,2025-07-25,2025-07-24,2401,2402,2403,2404,2403,-0.002313743637205,0.0529684601113173,-0.0242269403576776,0.0264277761164346,0.0529684601113173,0.0064935064935065,-0.0039297084036931,-0.0088941085410686,0.0353218846575033,0.0303574845201277,True,0.0801871688962367,0.2168218411996065,2.548219407505492e-05,-0.0500993471473176,5.756168014649957,-0.0439689418562658,-0.017515348501264,-0.022779671889757,True,Banks,0.0529685,-0.00625696374688256,0.05922546374688256,10,9,-0.03153908619362955,-0.007660970150146995,-0.033586519480496735,-0.03323908619362955,-0.025778116043482555,0.00034743328686718416,0.2774869109947644
CUMMINSIND,Cummins India Limited,Q1 FY26,17,Apr-Jun 2025,2025-06-30,2025-08-07,17:43,After close,Diesel Engines,,Nifty India Manufacturing,Company,99556.38,2025-08-05,2025-08-06,2025-08-07,2025-08-08,2025-08-08,2411,2412,2413,2414,2414,0.0123068355840176,0.0105344225321122,0.036173108328797,0.0590143664449269,0.036173108328797,0.0288513881328251,-0.0191686221274306,-0.0116305664963863,0.0706449329413133,0.0781829885723576,True,0.2553421202646444,0.3054192516374483,0.1766691764020109,0.1405099150141642,49.77968339050172,-0.0061730016548898,0.0538758569965063,0.0331356452846283,True,Nifty India Manufacturing,0.0361731,-0.009466928767307148,0.04564002876730715,8,7,0.05387593548830538,0.02074021171187801,0.06507734499632534,0.05217593548830538,0.031235723776427374,-0.012901409508019955,0.8219895287958116
DELHIVERY,Delhivery Limited,Q1 FY26,17,Apr-Jun 2025,2025-06-30,2025-08-01,16:37,After close,Travel And Transport,,Nifty Services Sector,Company,30505.4057,2025-07-30,2025-07-31,2025-08-01,2025-08-04,2025-08-04,2407,2408,2409,2410,2410,0.0393498716852009,0.0108171663727218,0.0738629754565545,0.1240300135144774,0.0738629754565545,0.0236128882168198,-0.0092667555806306,-0.0052767693007854,0.1293067828152628,0.133296769095108,True,0.0560220853066606,0.6749020401405472,0.0467405499081481,0.254820348140083,188.17952044316132,0.0137564991334486,0.0355285961871754,0.0358400502123141,True,Nifty Services Sector,0.073863,0.006407399039704442,0.06745560096029556,4,3,0.03552864558105373,-0.00031145402513876874,-0.015119152515527423,0.03382864558105373,0.0339400996061925,0.048947798096581153,0.6178010471204188
ETERNAL,ETERNAL LIMITED,Q1 FY26,17,Apr-Jun 2025,2025-06-30,2025-07-21,18:15,After close,Internet & E-commerce,,Nifty India Digital,Company,235502.55,2025-07-17,2025-07-18,2025-07-21,2025-07-22,2025-07-22,2398,2399,2400,2401,2401,-0.0094357789331792,0.0563763608087091,0.1034228928965772,0.1503634747721071,0.1034228928965772,0.0783952889216048,0.0147078775620945,-0.0019861042799992,0.1523495790521063,0.1356555972100125,True,0.7039942938659058,-0.9011857707509882,0.2286987827875879,-0.3589743589743589,446.8739089184061,0.0225150100066708,0.0892261507671778,0.0896391447139236,True,Nifty India Digital,0.103423,-0.0011876910568456855,0.10461069105684569,1,0,0.08922621988286394,-0.0004129939467457655,0.00010423238335577345,0.08752621988286395,0.08773921382960971,0.08742198749950818,0.17801047120418848
HEROMOTOCO,Hero MotoCorp Limited,Q1 FY26,17,Apr-Jun 2025,2025-06-30,2025-08-06,18:01,After close,Automobiles - 2 And 3 Wheelers,,Nifty Auto,Company,90718.0,2025-08-04,2025-08-05,2025-08-06,2025-08-07,2025-08-07,2410,2411,2412,2413,2413,0.0024030512136512,-0.0158133192574998,0.0415204809046012,0.0281102128607526,0.0415204809046012,-0.0100337437708104,0.0008899814761889,-0.0051244733966324,0.0332346862573851,0.0272202313845637,True,-0.047306819550691,0.6304678312250809,-0.0242792992042977,0.4683939965384516,20.719062322997928,0.0101701461153906,0.1678503229128676,0.1606540747195528,True,Nifty Auto,0.0415205,0.0008932132073475874,0.040627286792652414,11,10,0.16785037845157613,0.007196248193314769,0.14201469247861032,0.16615037845157613,0.15875413025826135,0.024135685972965816,0.7539267015706806
IDEA,Vodafone Idea Limited,Q1 FY26,17,Apr-Jun 2025,2025-06-30,2025-08-14,18:12,After close,Telecommunication - Services,,Nifty Services Sector,Company,46191.271,2025-08-12,2025-08-13,2025-08-14,2025-08-18,2025-08-18,2416,2417,2418,2419,2419,-0.0170015455950539,-0.0330188679245283,0.0504065040650405,0.0003860905454582,0.0504065040650405,0.0162601626016258,0.0144448752195334,0.0158469590919516,-0.0154608685464934,-0.0140587846740751,True,0.0489327483988848,,0.0008171789167839,,,0.1455108359133126,0.2291021671826627,0.214544514415744,True,Nifty Services Sector,0.0504065,0.009973083028504526,0.040433416971495474,8,7,0.22910231809658055,0.014557652766918672,0.005914578799360415,0.22740231809658054,0.21264466532966186,0.22148773929722013,0.9947643979057592
IEX,Indian Energy Exchange Limited,Q1 FY26,17,Apr-Jun 2025,2025-06-30,2025-07-24,17:23,After close,Capital Markets,,Nifty Financial Services,Company,17154.746768,2025-07-22,2025-07-23,2025-07-24,2025-07-25,2025-07-25,2401,2402,2403,2404,2404,-0.0242521811383465,-0.2957581563680876,0.0959794437726724,-0.2240308937337618,0.0959794437726724,0.0414147521160823,-0.0066895406772444,-0.0088941085410686,-0.2151367851926932,-0.2173413530565173,True,0.1472086887554424,0.2515185576139411,-0.0034924870754077,0.030603000357775,39.971998841482296,-0.0891601158460901,-0.0079299406978351,-0.0131942640863281,True,Nifty Financial Services,0.0959794,-0.00898168948332334,0.10496108948332335,5,4,-0.007930068913658772,0.005264323388493031,-0.018692181438376587,-0.009630068913658772,-0.015094392302151803,0.009062112524717815,0.32460732984293195
INDIANB,Indian Bank,Q1 FY26,17,Apr-Jun 2025,2025-06-30,2025-07-24,13:20,During market,Banks,Banks,Nifty Bank,Bank,84575.6184,2025-07-22,2025-07-23,2025-07-24,2025-07-25,2025-07-24,2401,2402,2403,2404,2403,-0.0055741360089186,0.04444266495836,-0.0223874875412098,0.0164810414082314,0.04444266495836,0.0049647661755285,-0.0039297084036931,-0.0088941085410686,0.0253751499493001,0.0204107498119245,True,0.0826824245656192,0.236912399830242,0.0269187033966558,0.0056663069548421,7.746233009015148,-0.0256450474472589,0.0478393851462635,0.0425750617577704,True,Banks,0.0444427,-0.00625696374688256,0.05069966374688256,10,9,0.027754324653919582,-0.007660970150146995,-0.033586519480496735,0.026054324653919582,0.03351529480406658,0.05964084413441632,0.2774869109947644
KAYNES,Kaynes Technology India Limited,Q1 FY26,17,Apr-Jun 2025,2025-06-30,2025-07-30,19:14,After close,Consumer Durables,Consumer brands,Nifty Consumer Durables,Company,35326.19281210593,2025-07-28,2025-07-29,2025-07-30,2025-07-31,2025-07-31,2405,2406,2407,2408,2408,0.0045314482508609,0.0173222663298449,0.0947144377438808,0.1165681523245867,0.0947144377438808,-0.0085136573252926,-0.0022848622283357,0.0035600691414818,0.1130080831831048,0.1188530145529225,True,0.3363003940648204,0.4694054394706264,-0.3159191169375194,-0.3612915928332348,120.0493190200158,-0.0134478289047307,0.069345430978613,0.0751310404358437,True,Consumer brands,0.0947144,-0.003488224726966971,0.09820262472696697,5,4,0.06934541671751382,-0.005785609457230723,0.02953574919375468,0.06764541671751383,0.07323102617474454,0.03810966752375914,0.5235602094240838
LICI,Life Insurance Corporation Of India,Q1 FY26,17,Apr-Jun 2025,2025-06-30,2025-08-07,17:12,After close,Insurance,Insurers,Nifty Financial Services,,,2025-08-05,2025-08-06,2025-08-07,2025-08-08,2025-08-08,2411,2412,2413,2414,2414,0.0005603810591201,-0.008681041725007,0.0315819209039549,0.023461260238068,0.0315819209039549,0.0225988700564971,-0.0078061209505392,-0.0116305664963863,0.0350918267344544,0.0312673811886072,True,,,,,,-0.0249739854318419,-0.0418971466126294,-0.0626373583245074,True,Insurers,0.0315819,-0.009466928767307148,0.04104882876730715,6,5,-0.04189707828816602,0.02074021171187801,-0.007849476542332257,-0.04359707828816602,-0.06453729000004403,-0.03574760174583377,0.8219895287958116
LT,Larsen & Toubro Limited,Q1 FY26,17,Apr-Jun 2025,2025-06-30,2025-07-29,17:15,After close,Engineering,,Nifty India Manufacturing,Company,,2025-07-25,2025-07-28,2025-07-29,2025-07-30,2025-07-30,2404,2405,2406,2407,2407,-0.006012373289959,0.021448191222021,0.0484895296944729,0.0639253476265349,0.0484895296944729,0.0361597436777663,0.0034126578968247,0.0007633158115176,0.0631620318150172,0.0605126897297101,True,0.1552817117327305,0.2984757979983632,-0.1440117173448643,,,-0.0100133693487217,-0.0174892908788298,-0.0002614035883194,True,Nifty India Manufacturing,0.0484895,0.0013677878901419138,0.047121712109858084,5,4,-0.017489423975858842,-0.01722788729051039,-0.007255472111234229,-0.019189423975858842,-0.0021615366853484515,-0.011933951864624613,0.45549738219895286
MFSL,Max Financial Services Limited,Q1 FY26,17,Apr-Jun 2025,2025-06-30,2025-08-07,19:19,After close,Insurance,Insurers,Nifty Financial Services,NBFC / financial,50672.613000000005,2025-08-05,2025-08-06,2025-08-07,2025-08-08,2025-08-08,2411,2412,2413,2414,2414,0.0096922868374678,0.0102033966570451,0.0309655126586483,0.0508611961531613,0.0309655126586483,0.0261811416040931,-0.0078061209505392,-0.0116305664963863,0.0624917626495477,0.0586673171037005,True,0.0866873353651713,-0.4529028203315265,0.0360293024428397,1.222789658474306,148.6043960233438,0.0571704801804704,0.0296487270383498,0.0089085153264718,True,Insurers,0.0309655,-0.009466928767307148,0.04043242876730715,6,5,0.0296487298691408,0.02074021171187801,-0.007849476542332257,0.0279487298691408,0.0070085181572627905,0.035798206411473056,0.8219895287958116
MUTHOOTFIN,Muthoot Finance Limited,Q1 FY26,17,Apr-Jun 2025,2025-06-30,2025-08-13,16:13,After close,Finance,NBFCs,Nifty Financial Services,NBFC / financial,103971.14672000002,2025-08-11,2025-08-12,2025-08-13,2025-08-14,2025-08-14,2415,2416,2417,2418,2418,-0.021854969495714,-0.0091978525185535,0.0986095063548349,0.0675566843405672,0.0986095063548349,0.0876927367624207,-0.002676552158768,0.0019019500352308,0.0656547343053364,0.0702332364993353,True,0.4417373364387802,0.7320844547954479,0.1473530746392271,0.3644352197801825,19.607963253531924,-0.0278523246536595,0.0651338217161094,0.0473556289288834,True,NBFCs,0.0986095,0.0004853905566151173,0.09812410944338489,16,15,0.06513386719180136,0.017778192787226033,0.0022632811120455454,0.06343386719180137,0.04545567440457533,0.06117058607975582,0.9738219895287958
NYKAA,FSN E-Commerce Ventures Limited,Q1 FY26,17,Apr-Jun 2025,2025-06-30,2025-08-12,16:24,After close,Internet & E-commerce,,Nifty India Digital,Company,57795.0309,2025-08-08,2025-08-11,2025-08-12,2025-08-13,2025-08-13,2414,2415,2416,2417,2417,0.0069757087023203,0.0054043431266581,0.0508209538702111,0.0632010056991896,0.0508209538702111,0.0506254886630179,0.0195111160670683,0.0105183642423383,0.0526826414568513,0.0436898896321212,True,0.2341375972876853,1.4190871369294604,0.0451943970200217,0.1499013806706113,874.6221383171911,0.0460844494047618,0.1122116815476188,0.0921197619802864,True,Nifty India Digital,0.050821,0.005388485506832019,0.04543251449316798,4,3,0.11221171749557435,0.02009191956733236,0.033845595078655144,0.11051171749557435,0.09021979792824199,0.07666612241691921,0.9424083769633508
PHOENIXLTD,The Phoenix Mills Limited,Q1 FY26,17,Apr-Jun 2025,2025-06-30,2025-07-24,21:36,After close,Construction,Real estate,Nifty Infrastructure,Company,52684.66296,2025-07-22,2025-07-23,2025-07-24,2025-07-25,2025-07-25,2401,2402,2403,2404,2404,-0.0135043431053202,-0.0038522391139851,0.0537255714384365,0.0363689892191312,0.0537255714384365,0.0006215040397763,-0.0081486377131136,-0.0088941085410686,0.0452630977601998,0.0445176269322449,True,0.0540234620614827,0.0350171193850266,-0.0623319760059547,-0.1046622317601357,53.52904619336804,-0.0482993643095878,0.0406317583065725,0.0353674349180794,True,Real estate,0.0537256,-0.00898168948332334,0.06270728948332334,2,1,0.04063162956535327,0.005264323388493031,0.004842000772073085,0.038931629565353267,0.03346730617686024,0.03408962879328018,0.32460732984293195
ABCAPITAL,Aditya Birla Capital Limited,Q2 FY26,18,Jul-Sep 2025,2025-09-30,2025-10-30,14:07,During market,Finance,NBFCs,Nifty Financial Services,NBFC / financial,81596.1024,2025-10-28,2025-10-29,2025-10-30,2025-10-31,2025-10-30,2467,2468,2469,2470,2469,-0.0057581573896353,0.0514800514800515,-0.0079559363525092,0.0377659577379069,0.0514800514800515,0.0,-0.0114646352429564,-0.008237747734758,0.0460037054726649,0.0492305929808634,True,0.0264434930793517,-0.1455290238785093,0.1149432423871554,0.024141399626383,23.938444278849254,0.0288402220851327,0.0983960518198643,0.0807594669376035,True,NBFCs,0.0514801,-0.006757145763206407,0.05823724576320641,9,8,0.09562418425360097,0.01256286747160229,0.018784701928696634,0.09392418425360098,0.08116131678199869,0.07513948232490435,0.42408376963350786
ADANIGREEN,Adani Green Energy Limited,Q2 FY26,18,Jul-Sep 2025,2025-09-30,2025-10-28,16:52,After close,Power,,Nifty Energy,Company,167553.74999999997,2025-10-24,2025-10-27,2025-10-28,2025-10-29,2025-10-29,2465,2466,2467,2468,2468,-0.0135777325186692,-0.0126831186707304,0.1079466241784503,0.0816857729890506,0.1079466241784503,0.0237004580760804,0.0202365870180901,0.010013757225336,0.0716720157637146,0.0614491859709604,True,-0.0153846153846153,1.11231884057971,-0.2084210526315789,-0.182328190743338,97.92738164815896,-0.0468272514830127,-0.0732518425310082,-0.0794562879307372,True,Nifty Energy,0.107947,0.004538058774994136,0.10340894122500587,3,2,-0.0732518262291314,0.006204445399728975,-0.016281523442174706,-0.0749518262291314,-0.08135627162886037,-0.058670302786956695,0.3717277486910995
ASTRAL,Astral Limited,Q2 FY26,18,Jul-Sep 2025,2025-09-30,2025-11-05,16:24,Non-trading day,Plastic And Plastic Products,,Nifty 500,Company,39830.83,2025-11-03,2025-11-04,2025-11-06,2025-11-07,2025-11-06,2471,2472,2473,2474,2473,-0.0091173093806983,0.0674073064340239,-0.0056190537002744,0.0526709433530511,0.0674073064340239,0.0104280261723008,-0.0121803012943924,-0.0105495727609157,0.0632205161139668,0.0648512446474435,True,0.1510507880910683,0.2254545454545455,0.1588304437261241,0.6621454993834774,82.2101754385965,-0.0278045334874464,-0.0628010017337705,-0.0900307926902554,True,,0.0674073,-0.0034358622764198987,0.0708431622764199,-1,-1,-0.0800715457978084,0.020543165932958907,0.009694575163259556,-0.08177154579780839,-0.1025147117307673,-0.09146612096106795,0.675392670157068
AUBANK,AU Small Finance Bank Limited,Q2 FY26,18,Jul-Sep 2025,2025-09-30,2025-10-17,15:56,After close,Banks,Banks,Nifty Bank,Bank,59771.93053,2025-10-15,2025-10-16,2025-10-17,2025-10-20,2025-10-20,2459,2460,2461,2462,2462,-0.0044882184266301,-0.0075767063243581,0.0918038992996403,0.079738974548652,0.0918038992996403,0.0322417818158873,0.0215684250634335,0.020389041483285,0.059349933065367,0.0581705494852184,True,0.1536001368992745,-0.0181020863765786,0.030339552210683,-0.0344109801669322,27.36542491381909,0.0169902912621358,0.0698682385575582,0.0617616416450301,True,Banks,0.0918039,0.0051847832640019575,0.08661911673599804,12,11,0.06986821301985136,0.008106596912528019,0.020382298408497368,0.06816821301985136,0.05986161610732334,0.04778591461135399,0.23036649214659685
BANKBARODA,Bank of Baroda,Q2 FY26,18,Jul-Sep 2025,2025-09-30,2025-10-31,16:44,After close,Banks,Banks,Nifty Bank,Bank,142178.269,2025-10-29,2025-10-30,2025-10-31,2025-11-03,2025-11-03,2468,2469,2470,2471,2471,-0.0067370721048799,0.0207149404216313,0.0459770114942528,0.0599548798110042,0.0459770114942528,0.02191091954023,-0.0048287620181977,-0.011172127183414,0.0711270069944183,0.0647836418292019,True,0.0412215319474307,-0.0818147627020597,0.0134866485974136,0.059019765004316,7.23025153119654,-0.0183722527472525,0.0195741758241763,0.0091388093054587,True,Banks,0.045977,0.0016036793263380922,0.044373320673661905,17,16,0.019574198470841075,0.01043536651871757,0.020177637563262296,0.017874198470841075,0.007238831952123505,-0.002303439092421221,0.5497382198952879
BANKINDIA,Bank of India,Q2 FY26,18,Jul-Sep 2025,2025-09-30,2025-10-17,16:45,After close,Banks,Banks,Nifty Bank,Bank,57527.78194,2025-10-15,2025-10-16,2025-10-17,2025-10-20,2025-10-20,2459,2460,2461,2462,2462,-0.0072819376286211,-0.0184181151331526,0.0540979611729348,0.028397908411161,0.0540979611729348,0.0113719437901065,0.0215684250634335,0.020389041483285,0.008008866927876,0.0068294833477274,True,0.060591602778522,0.076202031436287,0.0029369791834108,0.1342956858426727,5.889165374917719,0.0872312552978347,0.1450258149032905,0.1369192179907625,True,Banks,0.054098,0.0051847832640019575,0.04891321673599804,12,11,0.14502573456712242,0.008106596912528019,0.020382298408497368,0.14332573456712241,0.1350191376545944,0.12294343615862506,0.23036649214659685
BDL,Bharat Dynamics Limited,Q2 FY26,18,Jul-Sep 2025,2025-09-30,2025-11-13,16:53,After close,Aerospace & Defence,,Nifty India Defence,Company,56208.678416,2025-11-11,2025-11-12,2025-11-13,2025-11-14,2025-11-14,2476,2477,2478,2479,2479,-0.0006521455588887,-0.0094622813886713,0.0631793925818564,0.0530649656342964,0.0631793925818564,0.0547466895052375,0.0020853483837004,0.0083618239937712,0.0447031416405251,0.0509796172505959,True,1.1055317411716676,0.7618597977990984,3.6264374074835946,10.76489662012665,111.14943081492186,-0.0626471681744947,-0.1263477506506378,-0.1316314147114945,True,Nifty India Defence,0.0631794,0.001194011395273753,0.061985388604726244,3,2,-0.12634774543352656,0.005283664060856674,-0.08687415916069907,-0.12804774543352657,-0.13353140949438325,-0.04117358627282749,0.9685863874345549
BEL,Bharat Electronics Limited,Q2 FY26,18,Jul-Sep 2025,2025-09-30,2025-10-31,13:01,During market,Electronics - Industrial,,Nifty India Manufacturing,Company,297655.056,2025-10-29,2025-10-30,2025-10-31,2025-11-03,2025-10-31,2468,2469,2470,2471,2470,0.0066306483300588,0.0395218345938035,-0.0089180943440506,0.0372343885798117,0.0395218345938035,0.0095145157355454,-0.0007579697977951,-0.011172127183414,0.0484065157632258,0.0379923583776069,True,0.2578101587439467,0.1787907913405646,0.3046011703388036,0.3277211287645245,54.11565736725845,0.0118399242244853,-0.0219038598152969,-0.0323392263340145,True,Nifty India Manufacturing,0.0395218,-0.006018660746545779,0.04554046074654578,6,5,-0.02076966797618729,0.01763658488226083,0.004758845816017487,-0.02246966797618729,-0.04030625285844812,-0.027228513792204777,0.5078534031413613
BHARATFORG,Bharat Forge Limited,Q2 FY26,18,Jul-Sep 2025,2025-09-30,2025-11-11,12:59,During market,Castings/Forgings,,Nifty Auto,Company,62975.16085,2025-11-07,2025-11-10,2025-11-11,2025-11-12,2025-11-11,2474,2475,2476,2477,2476,0.0085794548629565,0.0554802770249922,-0.0092004849868053,0.0548592469011434,0.0554802770249922,0.0040650406504063,0.0261454119820763,0.0149726293304122,0.0398866175707312,0.028713834919067,True,0.093105125432831,0.2283095087566609,0.031513407486641,0.0546948530578146,61.6177827145805,0.0410308090987616,-0.003887129283041,0.0006653869676642,True,Nifty Auto,0.0554803,0.004715662372650753,0.05076463762734925,9,8,-0.013408491363451236,0.005631456764850773,0.00924553147992957,-0.015108491363451236,-0.020939948128302008,-0.024354022843380806,0.8219895287958116
BHEL,Bharat Heavy Electricals Limited,Q2 FY26,18,Jul-Sep 2025,2025-09-30,2025-10-29,17:00,After close,Electrical Equipment,,Nifty India Manufacturing,Company,81828.175,2025-10-27,2025-10-28,2025-10-29,2025-10-30,2025-10-30,2466,2467,2468,2469,2469,0.0099574468085106,0.0339175865846463,0.0647948164146869,0.108669849807844,0.0647948164146869,0.0350870043604059,0.003626903656353,-0.0033686649948786,0.1120385148027226,0.1050429461514909,True,0.1409000470831245,2.531700423928403,0.3690401337000244,,282.3608523119393,0.0097975429599297,0.1131310038654374,0.1005681363938351,True,Nifty India Manufacturing,0.0647948,-0.006757145763206407,0.0715519457632064,5,4,0.11313101736580977,0.01256286747160229,0.001373985867573868,0.11143101736580978,0.09866814989420748,0.11005703149823591,0.42408376963350786
BIOCON,Biocon Limited,Q2 FY26,18,Jul-Sep 2025,2025-09-30,2025-11-11,20:28,After close,Pharmaceuticals,Pharma,Nifty Pharma,Company,50859.48,2025-11-07,2025-11-10,2025-11-11,2025-11-12,2025-11-12,2474,2475,2476,2477,2477,0.0046004206098844,0.0077194818788435,0.0540119449493636,0.0663318474380916,0.0540119449493636,0.0062321474941573,0.0190212484670977,0.0149726293304122,0.0513592181076794,0.0473105989709938,True,0.1963848039215685,,0.089702935132804,1.6910828025477709,132.10254545454546,0.0103473762010348,-0.0659029317565902,-0.0613504155058849,True,Pharma,0.0540119,0.007038348002233796,0.046973551997766205,11,10,-0.06590302855197461,-0.004552516250705296,-0.0014119167544505151,-0.0676030285519746,-0.06325051230126931,-0.06619111179752409,0.8848167539267016
BSE,BSE Limited,Q2 FY26,18,Jul-Sep 2025,2025-09-30,2025-11-11,18:02,After close,Capital Markets,,Nifty Financial Services,Company,108926.461,2025-11-07,2025-11-10,2025-11-11,2025-11-12,2025-11-12,2474,2475,2476,2477,2477,-0.0197886719187544,0.0071991772368871,0.049618031918917,0.0370285372370496,0.049618031918917,0.0475758263368883,0.0036189705573612,0.0149726293304122,0.0220559079066374,0.0334095666796884,True,0.4315441097652481,0.6104686373467916,0.1147758219513976,0.0352607478541369,68.0684024371192,0.0442819053109462,-0.0697917417309212,-0.0652392254802159,True,Nifty Financial Services,0.049618,0.007038348002233796,0.042579651997766206,8,7,-0.06979175645966429,-0.004552516250705296,0.0024490303559050464,-0.07149175645966428,-0.06713924020895899,-0.07394078681556933,0.8848167539267016
FEDERALBNK,The Federal Bank  Limited,Q2 FY26,18,Jul-Sep 2025,2025-09-30,2025-10-18,11:46,Non-trading day,Banks,Banks,Nifty Bank,Bank,52704.795,2025-10-16,2025-10-17,2025-10-20,2025-10-21,2025-10-20,2460,2461,2462,2463,2462,-0.0098834498834499,0.0692155570204351,0.0015853443720275,0.0609174515090127,0.0692155570204351,0.0193991901308974,0.0101582384669401,0.0110376000241603,0.0498798514848524,0.0507592130420725,True,0.0250681132626253,-0.0959884166595691,0.0083046317801342,0.1085117493472584,13.4998232631765,0.0328438269433695,0.0768994020400986,0.0643919605859804,True,Banks,0.0692156,0.0051847832640019575,0.06403081673599804,12,11,0.08340677320758849,0.008106596912528019,0.020382298408497368,0.0817067732075885,0.07340017629506047,0.061324474799091123,0.23036649214659685
GODREJCP,Godrej Consumer Products Limited,Q2 FY26,18,Jul-Sep 2025,2025-09-30,2025-10-31,16:46,After close,Personal Care,FMCG,Nifty FMCG,Company,113225.64,2025-10-29,2025-10-30,2025-10-31,2025-11-03,2025-11-03,2468,2469,2470,2471,2471,0.0056920852909287,0.0049411553319558,0.0536384766672626,0.0642717172901472,0.0536384766672626,0.0262828535669588,-0.0081726601046138,-0.011172127183414,0.0754438444735613,0.072444377394761,True,0.0433021577435746,-0.0650709328122773,0.0445757074273729,0.0152282020112719,61.44250837046001,-0.0341082640420836,-0.0394535890039029,-0.0498889555226205,True,FMCG,0.0536385,0.0016036793263380922,0.052034820673661906,10,9,-0.039453700706675976,0.01043536651871757,-0.013583254531758349,-0.041153700706675976,-0.051789067225393545,-0.027570446174917627,0.5497382198952879
ICICIGI,ICICI Lombard General Insurance Company Limited,Q2 FY26,18,Jul-Sep 2025,2025-09-30,2025-10-14,17:51,After close,Insurance,Insurers,Nifty Financial Services,,,2025-10-10,2025-10-13,2025-10-14,2025-10-15,2025-10-15,2456,2457,2458,2459,2459,-0.0157826927206354,0.0116723028253518,0.0892279491050247,0.085117559209741,0.0892279491050247,0.0217274099633384,0.0085599269346614,0.0015424768796613,0.0835750823300797,0.0765576322750796,True,,,,,,-0.020343513339603,-0.0075236351036979,-0.0306838950198627,True,Insurers,0.0892279,0.007080789803344478,0.08214711019665552,2,1,-0.007523618417789701,0.023160259916164883,0.015516145952614968,-0.009223618417789702,-0.03258387833395458,-0.02473976437040467,0.05235602094240838
IDFCFIRSTB,IDFC First Bank Limited,Q2 FY26,18,Jul-Sep 2025,2025-09-30,2025-10-18,16:46,Non-trading day,Banks,Banks,Nifty Bank,Bank,52653.15507000001,2025-10-16,2025-10-17,2025-10-20,2025-10-21,2025-10-20,2460,2461,2462,2463,2462,0.0012536564981193,0.0702559821925432,-0.0020798128168466,0.0694298258738159,0.0702559821925432,0.0121035058430718,0.0101582384669401,0.0110376000241603,0.0583922258496556,0.0592715874068757,True,0.1094080226148914,0.7554935472619464,0.030568940090063,-0.2383639232980954,40.29259553708764,0.0336068776865963,0.0281359906213363,0.0156285491672181,True,Banks,0.070256,0.0051847832640019575,0.06507121673599804,12,11,0.03483686089484106,0.008106596912528019,0.020382298408497368,0.03313686089484106,0.02483026398231304,0.012754562486343692,0.23036649214659685
INDUSTOWER,Indus Towers Limited,Q2 FY26,18,Jul-Sep 2025,2025-09-30,2025-10-27,19:41,After close,Telecommunication - Services,,Nifty Services Sector,Company,94641.8375,2025-10-23,2025-10-24,2025-10-27,2025-10-28,2025-10-28,2464,2465,2466,2467,2467,0.0078048780487804,0.0269672244502834,0.0393213035281443,0.0740934060272082,0.0393213035281443,0.0153514678157824,-0.0014680596648409,0.0017582478682953,0.0723351581589129,0.0755614656920492,True,0.09683468849209,-0.1727906453789072,0.0162083002382842,0.0590165822201751,9.714227978157782,0.0172324436382482,0.0510494946877433,0.0406740349056626,True,Nifty Services Sector,0.0393213,-0.001149578006666374,0.04047087800666637,1,0,0.051049488806932386,0.010375459782080654,0.012293087927866209,0.049349488806932386,0.03877402902485173,0.03705640087906618,0.32460732984293195
JUBLFOOD,Jubilant Foodworks Limited,Q2 FY26,18,Jul-Sep 2025,2025-09-30,2025-11-13,16:14,After close,Food And Food Processing,FMCG,Nifty FMCG,Company,38274.309225,2025-11-11,2025-11-12,2025-11-13,2025-11-14,2025-11-14,2476,2477,2478,2479,2479,0.0090509438841479,-0.0201606014009908,0.0728857890148211,0.0617761314979782,0.0728857890148211,0.0548387096774194,0.0007093861514284,0.0083618239937712,0.0534143075042069,0.0610667453465497,True,0.1971826086244754,2.0383786653342906,0.0350716099183496,1.1207986398709622,155.13257630107006,-0.0426621160409558,-0.0516008451162037,-0.0568845091770604,True,FMCG,0.0728858,0.001194011395273753,0.07169178860472625,13,12,-0.05160075284579935,0.005283664060856674,-0.019258182027616644,-0.05330075284579935,-0.05878441690665602,-0.0340425708181827,0.9685863874345549
MFSL,Max Financial Services Limited,Q2 FY26,18,Jul-Sep 2025,2025-09-30,2025-11-11,19:04,After close,Insurance,Insurers,Nifty Financial Services,NBFC / financial,55525.1015,2025-11-07,2025-11-10,2025-11-11,2025-11-12,2025-11-12,2474,2475,2476,2477,2477,0.0006180087757245,0.0101290840590451,0.050932436563742,0.0616795293985117,0.050932436563742,-0.0217059003362886,0.0036189705573612,0.0149726293304122,0.0467069000680995,0.0580605588411504,True,-0.267775618270182,-0.9633972992181948,-0.2363237180862056,-0.9408385985066056,195.96633549798824,-0.0295555038398883,-0.0116360251338146,-0.0070835088831093,True,Insurers,0.0509324,0.007038348002233796,0.043894051997766206,6,5,-0.011635848631550538,-0.004552516250705296,0.0024490303559050464,-0.013335848631550538,-0.008983332380845243,-0.015784878987455585,0.8848167539267016
MUTHOOTFIN,Muthoot Finance Limited,Q2 FY26,18,Jul-Sep 2025,2025-09-30,2025-11-13,15:51,After close,Finance,NBFCs,Nifty Financial Services,NBFC / financial,136069.54924,2025-11-11,2025-11-12,2025-11-13,2025-11-14,2025-11-14,2476,2477,2478,2479,2479,-0.0190009736523766,0.0205118950945892,0.0979929857652295,0.0995039072074421,0.0979929857652295,0.0757124753175562,0.0077720821509961,0.0083618239937712,0.0911420832136709,0.091731825056446,True,0.4775922116887159,0.9036097772730776,0.1290916417046412,0.2005922031544489,22.108359957853107,-0.0240498174790638,0.0300622718488292,0.0247786077879725,True,NBFCs,0.097993,0.001194011395273753,0.09679898860472624,16,15,0.0300622708724525,0.005283664060856674,0.006574675767545557,0.0283622708724525,0.022878606811595828,0.021787595104906944,0.9685863874345549
NATIONALUM,National Aluminium Company Limited,Q2 FY26,18,Jul-Sep 2025,2025-09-30,2025-11-07,16:20,After close,Aluminium,Metals,Nifty Metal,Company,42843.30128,2025-11-04,2025-11-06,2025-11-07,2025-11-10,2025-11-10,2472,2473,2474,2475,2475,-0.0114888326831569,0.0179539442300185,0.0964086397137138,0.1028737512605754,0.0964086397137138,0.0273505729987646,-0.0010562809283584,-0.0008993367990594,0.1037730880596348,0.1039300321889338,True,0.0726881054010015,0.3670946585466121,0.1275039795741461,0.362522392041773,7.478321047303194,0.0132110662107549,0.0427028287224113,0.0276017606600753,True,Metals,0.0964086,0.0032186189555276634,0.09318998104447233,10,9,0.042702816776277075,0.01510106806233602,-0.03268634651151703,0.041002816776277075,0.025701748713941056,0.07368916328779411,0.7905759162303665
NYKAA,FSN E-Commerce Ventures Limited,Q2 FY26,18,Jul-Sep 2025,2025-09-30,2025-11-07,16:03,After close,Internet & E-commerce,,Nifty India Digital,Company,71744.9049,2025-11-04,2025-11-06,2025-11-07,2025-11-10,2025-11-10,2472,2473,2474,2475,2475,-0.0186979228959854,-0.0010969367026893,0.0608044901777362,0.0410096305790613,0.0608044901777362,0.0290804083458737,-0.0047084933302867,-0.0008993367990594,0.0419089673781207,0.0457181239093481,True,0.2513628556493168,2.4292828685258967,0.088652120244647,0.4764150943396226,899.509840772317,0.0303657694962042,-0.0315159880377272,-0.0466170561000632,True,Nifty India Digital,0.0608045,0.0032186189555276634,0.057585881044472334,4,3,-0.031515974425442184,0.01510106806233602,0.04020335990671153,-0.033215974425442184,-0.0485170424877782,-0.07341933433215371,0.7905759162303665
OBEROIRLTY,Oberoi Realty Limited,Q2 FY26,18,Jul-Sep 2025,2025-09-30,2025-10-15,17:37,After close,Construction,Real estate,Nifty Infrastructure,Company,57739.68,2025-10-13,2025-10-14,2025-10-15,2025-10-16,2025-10-16,2457,2458,2459,2460,2460,-0.010705289672544,0.019350732017823,0.0535156737854376,0.0621611161307166,0.0535156737854376,0.0459597851879605,0.0142579349012431,0.0141725237672916,0.047988592363425,0.0479031812294734,True,0.3478698982490964,0.290085014678183,0.8014682800870843,0.8058432304038003,28.020401527688133,0.0075869835812936,0.0344377926619645,0.0177035741849485,True,Real estate,0.0535157,0.010336228530360092,0.04317947146963991,1,0,0.03443780169793942,0.01673421847701606,0.03715604464098621,0.03273780169793942,0.01580358322092336,-0.004418242943046789,0.09424083769633508
PAYTM,One 97 Communications Limited,Q2 FY26,18,Jul-Sep 2025,2025-09-30,2025-11-04,21:47,After close,Internet & E-commerce,,Nifty India Digital,Company,83144.16,2025-10-31,2025-11-03,2025-11-04,2025-11-06,2025-11-06,2470,2471,2472,2473,2473,-0.021792510742787,-0.0053341700658926,0.0414826498422711,0.0143559690335913,0.0414826498422711,0.0331230283911672,-0.0099050234492189,-0.0082637999564104,0.0226197689900018,0.0242609924828103,True,0.2419403434769509,-0.9773780028008188,0.0748370273794003,-0.8285714285714285,274.6751238850347,-0.0099197334544901,0.0060578524912919,-0.0144853134416669,True,Nifty India Digital,0.0414826,-0.0034358622764198987,0.0449184622764199,3,2,0.006057758132510083,0.020543165932958907,0.04832797023617674,0.0043577581325100825,-0.016385407800448823,-0.04397021210366666,0.675392670157068
PERSISTENT,Persistent Systems Limited,Q2 FY26,18,Jul-Sep 2025,2025-09-30,2025-10-14,15:45,After close,Computers - Software,IT services,Nifty IT,Company,83794.428,2025-10-10,2025-10-13,2025-10-14,2025-10-15,2025-10-15,2456,2457,2458,2459,2459,-0.005226123149859,0.0015385481359175,0.0724442196369359,0.0687566446229944,0.0724442196369359,0.0344892186065681,-0.0057870240021155,0.0015424768796613,0.0672141677433331,0.0745436686251099,True,0.2359452441381204,0.4506903140644376,0.0741342583829369,0.0518037965505779,54.34156920093774,0.019442406456346,0.0657513188694407,0.0425910589532758,True,IT services,0.0724442,0.007080789803344478,0.06536341019665552,5,4,0.06575136771220103,0.023160259916164883,0.025406900214113293,0.06405136771220103,0.040691107796036144,0.03864446749808773,0.05235602094240838
POLICYBZR,PB Fintech Limited,Q2 FY26,18,Jul-Sep 2025,2025-09-30,2025-10-29,17:15,After close,Internet & E-commerce,,Nifty India Digital,Company,80341.195,2025-10-27,2025-10-28,2025-10-29,2025-10-30,2025-10-30,2466,2467,2468,2469,2469,0.0146335886589687,-0.0290704225352111,0.0702680747359869,0.0558312408597445,0.0702680747359869,0.0449692468376465,-0.0039286258595149,-0.0033686649948786,0.0591999058546232,0.0597598667192594,True,0.3823753673226355,1.661535425300967,0.1970044288162373,0.5942782834850455,212.86946902654867,-0.0329086473298997,-0.0138791000271074,-0.0264419674987097,True,Nifty India Digital,0.0702681,-0.006757145763206407,0.0770252457632064,2,1,-0.013879165643843283,0.01256286747160229,0.007535363799235251,-0.015579165643843283,-0.028342033115445572,-0.023114529443078534,0.42408376963350786
POWERINDIA,Hitachi Energy India Limited,Q2 FY26,18,Jul-Sep 2025,2025-09-30,2025-11-03,16:33,After close,Electrical Equipment,,Nifty India Manufacturing,Company,79981.18,2025-10-30,2025-10-31,2025-11-03,2025-11-04,2025-11-04,2469,2470,2471,2472,2472,-0.0086432833324039,0.0079311508606141,0.1416373681567051,0.1409252356849153,0.1416373681567051,0.0720464311624533,-0.0044027471673043,-0.0108465984265363,0.1517718341114516,0.1453279828522197,True,0.1794444372932409,4.055651176133104,0.2391304347826086,1.0088145896656535,158.32841080053842,0.076306398787701,0.0680940509361101,0.0529227363818445,True,Nifty India Manufacturing,0.141637,-0.00643161700632866,0.14806861700632867,7,6,0.06809389478795169,0.01517131455426557,-0.002139146378730805,0.0663938947879517,0.051022580233686124,0.0685330411666825,0.5916230366492147
RBLBANK,RBL Bank Limited,Q2 FY26,18,Jul-Sep 2025,2025-09-30,2025-10-18,18:45,Non-trading day,Banks,Banks,Nifty Bank,Bank,18681.38175,2025-10-16,2025-10-17,2025-10-20,2025-10-21,2025-10-20,2460,2461,2462,2463,2462,-0.0236348818255909,0.0906510851419031,-0.0061227613653758,0.0608934419509363,0.0906510851419031,0.0093489148580969,0.0101582384669401,0.0110376000241603,0.049855841926776,0.0507352034839961,True,-0.0066441419116209,-0.1977350350530289,0.019290399263024,-0.1088703638995657,35.639249399061384,-0.0032342522716769,-0.0338826428461417,-0.0463900843002599,True,Banks,0.0906511,0.0051847832640019575,0.08546631673599804,12,11,-0.052196329516983275,0.008106596912528019,0.020382298408497368,-0.053896329516983275,-0.06220292642951129,-0.07427862792548064,0.23036649214659685
SIEMENS,Siemens Limited,Q2 FY26,18,Jul-Sep 2025,2025-09-30,2025-11-14,16:06,After close,Electrical Equipment,,Nifty India Manufacturing,Company,,2025-11-12,2025-11-13,2025-11-14,2025-11-17,2025-11-17,2477,2478,2479,2480,2480,0.0031080285284301,0.0059032647337007,0.0481162051747616,0.0571274984368925,0.0481162051747616,0.0029829453342844,-0.0005595185327476,0.005314205457517,0.0518132929793755,0.0576870169696401,True,-0.1996409280153535,-0.4162754303599374,0.1896567589951228,0.1466067628280918,,-0.0212522427767121,-0.0231392687001176,-0.0236716855844599,True,Nifty India Manufacturing,0.0481162,0.003990729465979559,0.04412547053402044,13,12,-0.023139208288508573,0.0005324168843423571,-0.012698855707507617,-0.024839208288508573,-0.02557162517285093,-0.012140352581000956,0.9947643979057592
TORNTPHARM,Torrent Pharmaceuticals Limited,Q2 FY26,18,Jul-Sep 2025,2025-09-30,2025-11-07,17:52,After close,Pharmaceuticals,Pharma,Nifty Pharma,Company,120999.45,2025-11-04,2025-11-06,2025-11-07,2025-11-10,2025-11-10,2472,2473,2474,2475,2475,-0.006041958041958,0.0074857882591321,0.0663407821229049,0.067784612340079,0.0663407821229049,0.0223463687150837,0.0020889482168254,-0.0008993367990594,0.0686839491391384,0.0656956641232535,True,0.1429560401523018,0.304635761589404,0.0390182504719949,0.0784671532846714,60.43928571428571,0.0004977079240342,-0.0150622134905039,-0.0301632815528399,True,Pharma,0.0663408,0.0032186189555276634,0.06312218104447234,10,9,-0.015062161666845264,0.01510106806233602,0.011655574099022292,-0.016762161666845264,-0.03206322972918128,-0.028417735765867556,0.7905759162303665
VBL,Varun Beverages Limited,Q2 FY26,18,Jul-Sep 2025,2025-09-30,2025-10-29,14:28,During market,Food And Food Processing,FMCG,Nifty FMCG,Company,155348.265525,2025-10-27,2025-10-28,2025-10-29,2025-10-30,2025-10-29,2466,2467,2468,2469,2468,-0.0113203439642974,0.0909391170318176,-0.020587344838026,0.0590314282294941,0.0909391170318176,0.0018716283166355,-0.0014475389592992,-0.0033686649948786,0.0624000932243727,0.0604789671887934,True,0.0234549004969728,0.1962144112534758,-0.295305430488058,-0.4372236193114172,54.54125170147083,-0.0310149407521899,-0.0076249356002067,-0.020187803071809,True,FMCG,0.0909391,0.004538058774994136,0.08640104122500586,4,3,-0.05681688144535357,0.006204445399728975,-0.020220664537091038,-0.05851688144535357,-0.06492132684508255,-0.038296216908262536,0.3717277486910995
360ONE,360 ONE WAM LIMITED,Q3 FY26,19,Oct-Dec 2025,2025-12-31,2026-01-15,17:28,Non-trading day,Capital Markets,,Nifty Financial Services,Company,46017.664,2026-01-13,2026-01-14,2026-01-16,2026-01-19,2026-01-16,2520,2521,2522,2523,2522,0.0109078114004224,0.0422032718412808,-0.023044167988645,0.0300669152530581,0.0422032718412808,0.0355029585798816,-0.0024285029845739,-0.0057082364705693,0.0357751517236275,0.0324954182376321,True,0.5549267599331429,0.1837812420877489,0.059670837257276,0.0374033219221501,40.86027951909928,-0.0482010084608152,-0.0431587043842407,-0.0469596854086491,True,Nifty Financial Services,0.0422033,0.0011201764229162858,0.04108312357708371,3,2,-0.05919669972673902,-0.008688680585420494,0.02191609608638534,-0.06089669972673902,-0.052408019141318526,-0.08281279581312435,0.07653061224489796
ABB,ABB India Limited,Q3 FY26,19,Oct-Dec 2025,2025-12-31,2026-02-19,17:12,After close,Electrical Equipment,,Nifty India Manufacturing,Company,123664.84,2026-02-17,2026-02-18,2026-02-19,2026-02-20,2026-02-20,2544,2545,2546,2547,2547,0.0077964359150102,-0.0275439938791124,0.046769822536935,0.0270222645728328,0.046769822536935,0.000961622519451,-0.001377416751917,-0.0058921164229082,0.032914380995741,0.0283996813247499,True,0.0570829110858177,-0.1808444200526106,0.0743916731103808,0.0582094660668883,70.11193885997439,0.0143644563220313,0.0091030566226821,0.12871394776019,True,Nifty India Manufacturing,0.0467698,0.004592535264110076,0.042177264735889924,15,14,0.009102974348928594,-0.11961089113750789,-0.09854298280687723,0.007402974348928594,0.12681386548643647,0.10594595715580583,0.9948979591836735
ADANIENT,Adani Enterprises Limited,Q3 FY26,19,Oct-Dec 2025,2025-12-31,2026-02-03,14:41,During market,Trading,,Nifty 500,Company,224237.976,2026-02-01,2026-02-02,2026-02-03,2026-02-04,2026-02-03,2532,2533,2534,2535,2534,0.0270743257154622,0.1038388293074068,0.0116226278035049,0.142535782826374,0.1038388293074068,0.0774781998596771,0.0404431022553473,0.037951065424673,0.1045847174017009,0.1020926805710267,True,0.0862716109035111,96.29437192011758,0.1680626076840212,0.7591309105119188,28.616729784243173,0.002782515034557,-0.0623821919037791,-0.0231945755164421,True,,0.103839,0.02547591715693298,0.07836308284306702,-1,-1,-0.05725074512740147,-0.04847138573241527,-0.04420740159428138,-0.05895074512740147,-0.010679359394986198,-0.014743343533120089,0.6224489795918368
ADANIPORTS,Adani Ports and Special Economic Zone Limited,Q3 FY26,19,Oct-Dec 2025,2025-12-31,2026-02-03,13:17,During market,Shipping,,Nifty Services Sector,Company,290518.5735,2026-02-01,2026-02-02,2026-02-03,2026-02-04,2026-02-03,2532,2533,2534,2535,2534,0.0432745929065356,0.0910127574656118,0.0242356937548995,0.1585230441270471,0.0910127574656118,0.0528116313876416,0.028213288009696,0.037951065424673,0.120571978702374,0.130309756117351,True,0.218626115237551,0.2116249910723495,0.0585909292213984,-0.0178318135764944,24.3027784958002,-0.0092480387779833,-0.0437527903565279,-0.0045651739691908,True,Nifty Services Sector,0.0910128,0.02547591715693298,0.06553688284306702,6,5,-0.06297363081997864,-0.04847138573241527,-0.0625836054682054,-0.06467363081997864,-0.01640224508756337,-0.002090025351773238,0.6224489795918368
AMBER,Amber Enterprises India Limited,Q3 FY26,19,Oct-Dec 2025,2025-12-31,2026-02-10,00:22,Before open,Consumer Durables,Consumer brands,Nifty Consumer Durables,Company,23338.8696,2026-02-06,2026-02-09,2026-02-10,2026-02-11,2026-02-10,2537,2538,2539,2540,2539,0.0614457831325301,0.0656214528944381,0.0246987550762265,0.1517659911031947,0.0656214528944381,0.0356129398410896,0.041503931280137,0.0101005520505037,0.141665439052691,0.1102620598230577,True,0.3794490531810048,-1.7594589395683893,0.7867653215263872,,104.68085862196718,0.0257276507276511,-0.0995971933471925,-0.0104119664926026,True,Consumer brands,0.0656215,0.002623002787302875,0.06299849721269712,10,9,-0.02696219646774134,-0.07974891219059854,-0.04098687355417763,-0.02866219646774134,0.050886715722857204,0.012324677086436288,0.826530612244898
ANGELONE,Angel One Limited,Q3 FY26,19,Oct-Dec 2025,2025-12-31,2026-01-15,18:34,Non-trading day,Capital Markets,,Nifty Financial Services,NBFC / financial,22128.597810000003,2026-01-13,2026-01-14,2026-01-16,2026-01-19,2026-01-16,2520,2521,2522,2523,2522,0.0352970114377075,0.089807555238774,-0.0207470387326501,0.1043575279438314,0.089807555238774,0.0247881523719013,-0.0024285029845739,-0.0057082364705693,0.1100657644144008,0.1067860309284054,True,0.057589648599357,-0.0454832910546922,0.110786031796751,0.2688990695697351,28.290746830992678,-0.0563986494007643,-0.0453786501428519,-0.0491796311672603,True,Nifty Financial Services,0.0898076,0.0011201764229162858,0.08868742357708372,3,2,-0.019584342684317413,-0.008688680585420494,0.02191609608638534,-0.021284342684317413,-0.01279566209889692,-0.04320043877070275,0.07653061224489796
APLAPOLLO,APL Apollo Tubes Limited,Q3 FY26,19,Oct-Dec 2025,2025-12-31,2026-01-22,13:45,During market,Steel And Steel Products,Metals,Nifty Metal,Company,52920.09,2026-01-20,2026-01-21,2026-01-22,2026-01-23,2026-01-22,2524,2525,2526,2527,2526,-0.0143756558237145,0.0518471201958905,0.0121963562753035,0.0496678206474795,0.0518471201958905,0.0108591504311721,0.0091645034024265,-0.0072488943309323,0.0569167149784118,0.0405033172450529,True,0.0703881842094122,0.4289533115177215,0.1169410137717765,0.0281886316906545,50.458232820679065,0.024398780060997,0.0936953152342383,0.0728319154102958,True,Metals,0.0518471,0.005262844082281726,0.046584255917718274,2,1,0.11487866542171665,0.0065025958979669785,0.023216430355029072,0.11317866542171666,0.10647606952374968,0.08996223506668759,0.23979591836734693
AXISBANK,Axis Bank Limited,Q3 FY26,19,Oct-Dec 2025,2025-12-31,2026-01-26,13:14,Non-trading day,Banks,Banks,Nifty Bank,Bank,401763.492,2026-01-22,2026-01-23,2026-01-27,2026-01-28,2026-01-27,2526,2527,2528,2529,2528,-0.0284213778189681,0.0459459459459459,0.0030399756801946,0.0205645438071724,0.0459459459459459,0.0244833068362479,0.0068879919558936,0.0021681337157779,0.0183964100913944,0.0136765518512788,True,0.0426588666903147,0.0294744256214931,0.0421104396060345,0.2750548172365823,16.52188452135436,0.0275799363539932,0.051371419912108,0.0481397264297511,True,Banks,0.0459459,0.005060152942374163,0.040885747057625835,14,13,0.053883583465335505,0.021354179079577706,0.03477382572043619,0.052183583465335505,0.0306294043857578,0.017409757744899314,0.3520408163265306
BANDHANBNK,Bandhan Bank Limited,Q3 FY26,19,Oct-Dec 2025,2025-12-31,2026-01-22,15:43,After close,Banks,Banks,Nifty Bank,Bank,22455.330344599995,2026-01-20,2026-01-21,2026-01-22,2026-01-23,2026-01-23,2524,2525,2526,2527,2527,-0.0101155032642226,0.0324684736918394,0.0482240628948476,0.0705770333224644,0.0482240628948476,0.0543310402920116,-0.0156470474861234,-0.0072488943309323,0.0778259276533968,0.0862240808085879,True,-0.008667797087269,-0.5179418676874746,0.0144584311884918,0.8377431586625359,18.28277359363125,-0.0051563650974353,0.1474586486305495,0.1265952488066071,True,Banks,0.0482241,-0.0095393813340503,0.0577634813340503,11,10,0.14745873923370634,0.020863399823942474,0.046156266727777506,0.14575873923370633,0.12469533940976386,0.09960247250592884,0.3010204081632653
BANKINDIA,Bank of India,Q3 FY26,19,Oct-Dec 2025,2025-12-31,2026-01-21,16:40,After close,Banks,Banks,Nifty Bank,Bank,74243.35005,2026-01-19,2026-01-20,2026-01-21,2026-01-22,2026-01-22,2523,2524,2525,2526,2526,-0.0202391904323827,-0.0142097026604069,0.0567691135382271,0.0223202204454373,0.0567691135382271,0.0223520447040894,-0.0115005586209155,-0.0115063901343231,0.0338266105797605,0.0338207790663529,True,0.0393514298328658,0.0746933472139994,0.0283080219644693,0.0587574425441463,7.462175697964376,-0.0139406321355604,0.0164643672635502,0.0099617713655832,True,Banks,0.0567691,0.005262844082281726,0.05150625591771828,10,9,0.01646441793449327,0.0065025958979669785,0.026004179046994924,0.01476441793449327,0.00806182203652629,-0.011239761112501655,0.23979591836734693
BEL,Bharat Electronics Limited,Q3 FY26,19,Oct-Dec 2025,2025-12-31,2026-01-28,14:05,During market,Electronics - Industrial,,Nifty India Manufacturing,Company,300213.486,2026-01-23,2026-01-27,2026-01-28,2026-01-29,2026-01-28,2527,2528,2529,2530,2529,0.0127830533235939,0.0890732059141723,-0.0187637969094922,0.083092462328274,0.0890732059141723,0.0049284769804063,0.0236957923290768,0.0147123191851332,0.0683801431431407,0.0593966699991972,True,0.2396871084740301,0.2045463213699987,0.2351068439889574,0.226228286106991,52.709073032672194,-0.011923509561305,-0.0116985376827899,-0.0142006129102781,True,Nifty India Manufacturing,0.0890732,0.006647362107454091,0.08242583789254591,7,6,-0.03962475464667581,0.0032316934823568566,0.03550597335397776,-0.04132475464667581,-0.044756448129032664,-0.07683072800065356,0.3826530612244898
BLUESTARCO,Blue Star Limited,Q3 FY26,19,Oct-Dec 2025,2025-12-31,2026-01-29,15:32,After close,Airconditioners,Consumer brands,Nifty Consumer Durables,Company,34283.8,2026-01-27,2026-01-28,2026-01-29,2026-01-30,2026-01-30,2528,2529,2530,2531,2531,0.0203898050974513,0.0182192183367617,0.0487157287157287,0.0873247521499418,0.0487157287157287,-0.0187590187590187,0.0127577106267801,0.0057869321059553,0.0815378200439864,0.0745670415231617,True,0.0420145617234697,-0.3915667194689598,0.2076231129018275,-0.1853348146651854,62.770149035116624,0.0248224998624031,0.0814574274863784,0.0745105284138822,True,Consumer brands,0.0487157,-0.00386523413680373,0.05258093413680373,4,3,0.08145746102428975,0.006946899072496127,0.09110273921811807,0.07975746102428975,0.07261056195179362,-0.011345278193828322,0.5
BSE,BSE Limited,Q3 FY26,19,Oct-Dec 2025,2025-12-31,2026-02-09,18:40,After close,Capital Markets,,Nifty Financial Services,Company,117799.306,2026-02-05,2026-02-06,2026-02-09,2026-02-10,2026-02-10,2536,2537,2538,2539,2539,0.0016596362630523,0.0304107697618225,0.0633479615423269,0.0954183675672017,0.0633479615423269,0.041841144350273,0.0178732743419443,0.011364485508686,0.0840538820585157,0.0775450932252574,True,0.6083201902939732,1.7396094141211815,0.1644624154101028,0.0776820729545333,65.01316607153697,-0.1360657803541046,-0.1061054753953746,-0.026356563204776,True,Nifty Financial Services,0.063348,0.002623002787302875,0.06072499721269713,7,6,-0.10610539375221106,-0.07974891219059854,-0.08037429597764867,-0.10780539375221106,-0.02825648156161252,-0.027431097774562395,0.826530612244898
CROMPTON,Crompton Greaves Consumer Electricals Limited,Q3 FY26,19,Oct-Dec 2025,2025-12-31,2026-02-06,15:41,After close,Consumer Durables,Consumer brands,Nifty Consumer Durables,Company,15715.0234,2026-02-04,2026-02-05,2026-02-06,2026-02-09,2026-02-09,2535,2536,2537,2538,2538,0.0105301974924199,-0.0064874508372866,0.0730114679835123,0.0770542146386455,0.0730114679835123,0.000122433987675,0.0374141228734292,0.00357388495602,0.0734803296826255,0.0396400917652163,True,0.0729647695864255,-0.1049708667152221,-0.0090155932698883,0.381340452437825,33.23961123566987,0.0370454891221665,-0.0672067549064359,-0.0051322438442067,True,Consumer brands,0.0730115,0.0067565200807979675,0.06625497991920203,9,8,-0.06720671716181836,-0.062074511062229165,-0.03456730272517028,-0.06890671716181836,-0.007032206099589198,-0.034339414436648084,0.8061224489795918
CUMMINSIND,Cummins India Limited,Q3 FY26,19,Oct-Dec 2025,2025-12-31,2026-02-04,20:21,After close,Diesel Engines,,Nifty India Manufacturing,Company,113438.556,2026-02-02,2026-02-03,2026-02-04,2026-02-05,2026-02-05,2533,2534,2535,2536,2536,0.0179605600762406,0.0087618224590715,0.044999167122766,0.0717215496580783,0.044999167122766,-0.0271993908097947,0.0331240920439528,0.0221915146433524,0.0495300350147258,0.0385974576141254,True,-0.0133165382814139,-0.1296422304193676,-0.0363849135878016,-0.2189674288560732,49.01868731608035,0.0086305050781074,0.0932049004873158,0.1397033327958,True,Nifty India Manufacturing,0.0449992,-0.00516759776536313,0.05016679776536313,11,10,0.0932047835650871,-0.04649843230848416,0.00436518360688698,0.09150478356508711,0.13780321587357125,0.08713959995820013,0.7091836734693877
DELHIVERY,Delhivery Limited,Q3 FY26,19,Oct-Dec 2025,2025-12-31,2026-01-31,16:36,Non-trading day,Travel And Transport,,Nifty Services Sector,Company,30778.3438,2026-01-29,2026-01-30,2026-02-01,2026-02-02,2026-02-01,2530,2531,2532,2533,2532,0.0270762506070907,0.0327461874926113,0.0070970695970695,0.0669195076967716,0.0327461874926113,0.0225795011230642,-0.0154393486203663,-0.0128304409883851,0.0797499486851568,0.082358856317138,True,0.1794089722986775,0.5850808388026252,0.0959883500350287,,222.68454075172733,-0.0139804501022958,-0.0272789270288705,-0.0184023147299594,True,Nifty Services Sector,0.0327462,-0.01955715986753892,0.05230335986753892,4,3,-0.007783951032255265,0.014227335254748619,-0.01000238881300497,-0.009483951032255265,-0.023911286287003883,0.0005184377807497048,0.576530612244898
DRREDDY,Dr. Reddy's Laboratories Limited,Q3 FY26,19,Oct-Dec 2025,2025-12-31,2026-01-21,17:03,After close,Pharmaceuticals,Pharma,Nifty Pharma,Company,97461.2,2026-01-19,2026-01-20,2026-01-21,2026-01-22,2026-01-22,2523,2524,2525,2526,2526,-0.0004283755997258,-0.0081426244964429,0.0521085378499825,0.0435375377538137,0.0521085378499825,0.0326650535776009,-0.0091248226680257,-0.0115063901343231,0.0550439278881369,0.0526623604218394,True,0.0444089151911419,-0.1441607130225648,-0.0084840796076254,-0.1018484151139483,16.88458473372371,0.0004928131416837,0.0532238193018479,0.0467212234038809,True,Pharma,0.0521085,0.005262844082281726,0.046845655917718276,1,0,0.05322372096167505,0.0065025958979669785,0.022852061291499304,0.05152372096167505,0.04482112506370807,0.028671659670175743,0.23979591836734693
EICHERMOT,Eicher Motors Limited,Q3 FY26,19,Oct-Dec 2025,2025-12-31,2026-02-10,16:41,After close,Automobiles - 4 Wheelers,,Nifty Auto,Company,196878.825,2026-02-06,2026-02-09,2026-02-10,2026-02-11,2026-02-11,2537,2538,2539,2540,2540,0.0025078369905955,0.0139670627475505,0.0651041666666667,0.0815790664048128,0.0651041666666667,0.0286458333333332,0.0365898099560819,0.0101005520505037,0.071478514354309,0.0449892564487308,True,0.2294173476610257,0.2136779154207602,-0.0093249875639827,0.0373580634561319,38.5483629379009,0.0306910307553724,-0.1023677776347964,-0.0131825507802065,True,Nifty Auto,0.0651042,0.0007210291824029103,0.06438317081759709,13,12,-0.1023677242185802,-0.08918522685458985,-0.12056260446341283,-0.1040677242185802,-0.015082497363990354,0.016494880244832623,0.8775510204081632
FEDERALBNK,The Federal Bank  Limited,Q3 FY26,19,Oct-Dec 2025,2025-12-31,2026-01-16,12:23,During market,Banks,Banks,Nifty Bank,Bank,61312.842,2026-01-13,2026-01-14,2026-01-16,2026-01-19,2026-01-16,2520,2521,2522,2523,2522,-0.0098275170477337,0.0947944095604618,0.0349676225716928,0.1199345150844208,0.0947944095604618,0.0026331780433461,0.0052751888715201,-0.0057082364705693,0.1256427515549902,0.1146593262129007,True,0.0086315656517441,0.0897701582516954,0.0185904813887538,0.0899755040512531,16.123587049133768,0.0187701108330353,0.0332499106185195,0.0294489295941111,True,Banks,0.0947944,0.0011201764229162858,0.09367422357708372,2,1,0.06678987686439308,-0.008688680585420494,0.0015225854332669986,0.06508987686439309,0.07357855744981358,0.06356729143112609,0.07653061224489796
GMRAIRPORT,GMR AIRPORTS LIMITED,Q3 FY26,19,Oct-Dec 2025,2025-12-31,2026-02-13,20:47,After close,Travel And Transport,,Nifty Services Sector,Company,102221.679,2026-02-11,2026-02-12,2026-02-13,2026-02-16,2026-02-16,2540,2541,2542,2543,2543,-0.0049581654787729,-0.0238762586940723,0.0690205253642453,0.0401861011913999,0.0690205253642453,0.0119110922046155,-0.0094999981530983,-0.010364494079339,0.050550595270739,0.0496860993444983,True,0.5053406401230196,-0.5433487012256832,0.0882945185136745,,,0.0031834460803821,-0.1016713091922006,-0.0198420658284643,True,Nifty Services Sector,0.0690205,0.008309417339651626,0.06071108266034837,8,7,-0.10167137239135182,-0.08182924336373631,-0.09199311409913713,-0.10337137239135182,-0.021742129027615506,-0.011378258292214692,0.9897959183673469
INDIANB,Indian Bank,Q3 FY26,19,Oct-Dec 2025,2025-12-31,2026-01-22,13:29,During market,Banks,Banks,Nifty Bank,Bank,114033.6336,2026-01-20,2026-01-21,2026-01-22,2026-01-23,2026-01-22,2524,2525,2526,2527,2526,0.0046657217103707,0.0543177943683499,-0.022637301366044,0.0363462147126766,0.0543177943683499,0.0107577449885369,-0.0156470474861234,-0.0072488943309323,0.0435951090436089,0.0519932621988,True,0.0849147115446848,0.0733147288561051,0.0306046917589817,0.0143329512096535,9.664301328788495,-0.0379941810713675,0.0801528894974046,0.0592894896734621,True,Banks,0.0543178,0.005262844082281726,0.049054955917718274,10,9,0.034123343869622236,0.0065025958979669785,0.026004179046994924,0.032423343869622236,0.02572074797165526,0.0064191648226273115,0.23979591836734693
INFY,Infosys Limited,Q3 FY26,19,Oct-Dec 2025,2025-12-31,2026-01-14,16:05,After close,Computers - Software,IT services,Nifty IT,Company,661979.32,2026-01-12,2026-01-13,2026-01-14,2026-01-16,2026-01-16,2519,2520,2521,2522,2522,0.001942477598847,0.0005003126954346,0.0562570321290161,0.0586998224232977,0.0562570321290161,0.0399424928116014,0.029130580223737,-0.0037188697526818,0.0624186921759796,0.0295692421995606,True,0.088952207642946,-0.0223332353805465,0.0222297145425938,-0.0964149918522542,23.537879391267243,-0.0112439341933955,-0.1897857734643151,-0.1810970928788946,True,IT services,0.056257,0.0011201764229162858,0.055136823577083716,4,3,-0.18978565584764284,-0.008688680585420494,-0.16387052868434626,-0.19148565584764285,-0.18299697526222236,-0.02761512716329658,0.07653061224489796
KALYANKJIL,Kalyan Jewellers India Limited,Q3 FY26,19,Oct-Dec 2025,2025-12-31,2026-02-06,15:59,After close,Gems Jewellery And Watches,Consumer brands,Nifty Consumer Durables,Company,39883.65216,2026-02-04,2026-02-05,2026-02-06,2026-02-09,2026-02-09,2535,2536,2537,2538,2538,-0.0285382231404959,0.0108999069520139,0.150164365548981,0.132526049360499,0.150164365548981,0.0650887573964498,0.0374141228734292,0.00357388495602,0.1289521644044789,0.0951119264870697,True,0.419456793877877,0.9024330055204182,0.3166220427478219,0.5980115926451961,42.83852510625408,-0.023550931748028,-0.1017491711443925,-0.0396746600821633,True,Consumer brands,0.150164,0.0067565200807979675,0.14340747991920202,9,8,-0.1017490959067181,-0.062074511062229165,-0.03456730272517028,-0.1034490959067181,-0.041574584844488935,-0.06888179318154782,0.8061224489795918
LICI,Life Insurance Corporation Of India,Q3 FY26,19,Oct-Dec 2025,2025-12-31,2026-02-05,16:05,After close,Insurance,Insurers,Nifty Financial Services,,,2026-02-03,2026-02-04,2026-02-05,2026-02-06,2026-02-06,2534,2535,2536,2537,2537,-0.0035786711201241,0.005327427271639,0.0739505805299196,0.0756993366814345,0.0739505805299196,0.0091693956534684,0.0048243077102585,-0.0012994398729953,0.0769987765544298,0.070875028971176,True,,,,,,-0.0437434163109163,-0.1069468315130013,-0.0421196559796993,True,Insurers,0.0739506,0.0019849626405852305,0.07196563735941477,5,4,-0.10694672507881275,-0.06482717553330197,-0.06357369161113524,-0.10864672507881275,-0.04401954954551078,-0.04507303346767751,0.7704081632653061
MFSL,Max Financial Services Limited,Q3 FY26,19,Oct-Dec 2025,2025-12-31,2026-02-11,18:13,After close,Insurance,Insurers,Nifty Financial Services,NBFC / financial,60161.058,2026-02-09,2026-02-10,2026-02-11,2026-02-12,2026-02-12,2538,2539,2540,2541,2541,-0.003422313483915,-0.0074977106227106,0.0457874401706936,0.0348674160640679,0.0457874401706936,0.0051323453088056,0.0081897949910414,-0.0023063821307069,0.0371737981947749,0.0266776210730265,True,0.5979597028423629,-0.3588311130210572,0.4562425510055057,9.864077669902912,343.9740308747856,0.0102012682657843,-0.1022332506203475,0.000687639673834,True,Insurers,0.0457874,-0.005650414100412782,0.05143781410041278,6,5,-0.10223320346249543,-0.1029208902941815,-0.11437474458520636,-0.10393320346249542,-0.001212313168313926,0.01044154112271093,0.9081632653061225
NYKAA,FSN E-Commerce Ventures Limited,Q3 FY26,19,Oct-Dec 2025,2025-12-31,2026-02-05,15:43,After close,Internet & E-commerce,,Nifty India Digital,Company,70219.1633,2026-02-03,2026-02-04,2026-02-05,2026-02-06,2026-02-06,2534,2535,2536,2537,2537,0.022900452304307,0.0289208461140102,0.0723992411630336,0.1242205395813509,0.0723992411630336,0.0252042278059545,-0.034196623675136,-0.0012994398729953,0.1255199794543462,0.158417163256487,True,0.2673109239991003,1.423813169984686,0.2247589493516568,0.8388033691548069,674.2118415746519,-0.0218058413661146,-0.0985234123975593,-0.0336962368642573,True,Nifty India Digital,0.0723992,0.0019849626405852305,0.07041423735941477,5,4,-0.09852319177357527,-0.06482717553330197,-0.1342545206414193,-0.10022319177357526,-0.035596016240273295,0.034031328867844025,0.7704081632653061
PAGEIND,Page Industries Limited,Q3 FY26,19,Oct-Dec 2025,2025-12-31,2026-02-05,14:29,During market,Textile Products,Consumer brands,Nifty India Consumption,Company,37633.2586,2026-02-03,2026-02-04,2026-02-05,2026-02-06,2026-02-05,2534,2535,2536,2537,2536,0.0203023117960876,0.0352941176470589,-0.0022446689113355,0.053351760531811,0.0352941176470589,0.0007262164124908,0.0152596702460611,-0.0012994398729953,0.0546512004048063,0.0380920902857498,True,0.0561334632089691,-0.0738735921428747,0.0742908090137244,-0.0268212020839997,49.24424364617143,-0.0570866141732283,-0.1241563554555678,-0.0593291799222658,True,Consumer brands,0.0352941,-0.00516759776536313,0.04046169776536313,6,5,-0.11349598025732222,-0.04649843230848416,-0.044609824061311754,-0.11519598025732221,-0.06889754794883805,-0.07058615619601045,0.7091836734693877
POWERINDIA,Hitachi Energy India Limited,Q3 FY26,19,Oct-Dec 2025,2025-12-31,2026-02-05,17:00,After close,Electrical Equipment,,Nifty India Manufacturing,Company,87866.46,2026-02-03,2026-02-04,2026-02-05,2026-02-06,2026-02-06,2534,2535,2536,2537,2537,-0.0333993198314805,0.0081919865567399,0.1391739153080888,0.1139665820333482,0.1391739153080888,0.0885983644981509,0.0019359648659257,-0.0012994398729953,0.1152660219063435,0.1120306171674224,True,0.2851006313762521,0.9028970738098708,0.1362363919129083,-0.0111211983658646,122.50806575296627,0.0250102875954458,0.1503817840976635,0.2152089596309655,True,Nifty India Manufacturing,0.139174,0.0019849626405852305,0.13718903735941476,13,12,0.1503818446684475,-0.06482717553330197,-0.018854517491774914,0.1486818446684475,0.21330902020174947,0.1675363621602224,0.7704081632653061
SBIN,State Bank of India,Q3 FY26,19,Oct-Dec 2025,2025-12-31,2026-02-07,13:30,Non-trading day,Banks,Banks,Nifty Bank,Bank,990904.91,2026-02-05,2026-02-06,2026-02-09,2026-02-10,2026-02-09,2536,2537,2538,2539,2538,-0.006613879832324,0.0746436609152287,-0.0016579406631763,0.0663718404197283,0.0746436609152287,0.0502625656414101,0.0093677189930555,0.011364485508686,0.0550073549110422,0.0570041214266727,True,0.0436825105174183,0.2448997835590098,0.0242548656780432,0.0430800702590867,13.237810360255292,0.060571628354165,-0.0463246219736037,0.0334242902169947,True,Banks,0.0746437,0.0067565200807979675,0.06788717991920203,18,17,-0.029493884842963114,-0.062074511062229165,-0.06129206922441066,-0.031193884842963114,0.030680626219266052,0.030098184381447547,0.8061224489795918
TIINDIA,Tube Investments of India Limited,Q3 FY26,19,Oct-Dec 2025,2025-12-31,2026-02-04,13:59,During market,Auto Ancillaries,,Nifty Auto,Company,44808.79499999999,2026-02-02,2026-02-03,2026-02-04,2026-02-05,2026-02-04,2533,2534,2535,2536,2535,0.0810122209267178,0.0535692885391283,-0.0969894593159931,0.0375920501498531,0.0535692885391283,0.0026764670634762,0.0341204688464904,0.0221915146433524,0.0154005355065006,0.0034715813033626,True,0.2054706559550476,-0.1432408698796424,0.050401619515304,-0.1114325511625414,71.61958762886597,0.0545011756802149,0.1433070204904265,0.1898054527989107,True,Nifty Auto,0.0535693,0.001883195251782599,0.0516861047482174,5,4,0.05478900562277467,-0.03918761638733703,-0.01648134438318949,0.05308900562277467,0.0920766220101117,0.06957035000596416,0.6530612244897959
UNIONBANK,Union Bank of India,Q3 FY26,19,Oct-Dec 2025,2025-12-31,2026-01-14,12:46,During market,Banks,Banks,Nifty Bank,Bank,125175.93678,2026-01-12,2026-01-13,2026-01-14,2026-01-16,2026-01-14,2519,2520,2521,2522,2521,0.013477253323576,0.0787050965762079,-0.0174039158810732,0.0747784340187107,0.0787050965762079,6.017209218356357e-05,0.0108245754329958,-0.0037188697526818,0.0784973037713926,0.0639538585857149,True,-0.0190860351666467,0.0897422251571042,-0.0077609057179223,0.1806720513617066,6.972362346238768,-0.0191881918819187,0.0154413851830823,0.0241300657685028,True,Banks,0.0787051,-0.0025920729977498835,0.08129717299774988,1,0,0.009650303003328142,0.005517112399476387,0.01946285801563108,0.007950303003328142,0.002233190603851755,-0.011512555012302937,0.03571428571428571
WAAREEENER,Waaree Energies Limited,Q3 FY26,19,Oct-Dec 2025,2025-12-31,2026-01-21,20:14,After close,Electrical Equipment,,Nifty India Manufacturing,Company,73641.5928,2026-01-19,2026-01-20,2026-01-21,2026-01-22,2026-01-22,2523,2524,2525,2526,2526,-0.0209749238340754,-0.0349092359864352,0.0920628358825961,0.0361786760620854,0.0920628358825961,0.0603555188094253,-0.0144866271308191,-0.0115063901343231,0.0476850661964086,0.0506653031929046,True,1.1881457373525146,1.2464354665597157,0.2471973278994466,0.31361936977034,27.281260002418364,0.0551917325964341,0.0880493621531595,0.0815467662551925,True,Nifty India Manufacturing,0.0920628,0.005262844082281726,0.08679995591771827,4,3,0.08804873825336257,0.0065025958979669785,0.039337370166929286,0.08634873825336258,0.07964614235539559,0.04701136808643328,0.23979591836734693
ADANIENSOL,Adani Energy Solutions Limited,Q4 FY26,20,Jan-Mar 2026,2026-03-31,2026-04-23,16:56,After close,Power,,Nifty Energy,Company,151997.9584,2026-04-21,2026-04-22,2026-04-23,2026-04-24,2026-04-24,2584,2585,2586,2587,2587,0.0812455544139729,-0.0050069439368466,0.037245179063361,0.1134837895404873,0.037245179063361,-0.0009550045913682,0.0144057153417811,-0.027868468714629,0.1413522582551163,0.0990780741987061,True,0.1676486921491298,0.0566020242602178,0.106041175989836,0.2380366098748891,67.67767114443589,-0.0095966571054214,-0.0054180388823966,-0.0110147532449257,True,Nifty Energy,0.0372452,-0.011380442269386726,0.048625642269386725,2,1,-0.005418094638764304,0.005596714362529065,0.01691695642640112,-0.007118094638764304,-0.01291480900129337,-0.024035051065165423,0.14285714285714285
ANGELONE,Angel One Limited,Q4 FY26,20,Jan-Mar 2026,2026-03-31,2026-04-16,19:59,After close,Capital Markets,,Nifty Financial Services,NBFC / financial,25481.1933,2026-04-13,2026-04-15,2026-04-16,2026-04-17,2026-04-17,2579,2580,2581,2582,2582,0.0616843756685445,-0.0172958087049972,0.1020470934007724,0.1464356603643197,0.1020470934007724,0.0320904958818906,0.0181698018744094,0.0213549882819227,0.125080672082397,0.1282658584899103,True,0.3820113956930455,0.8349482297259359,0.0932851697810166,0.1919609623916864,33.11899704048569,-0.0246534561354544,-0.0574316990727817,-0.0285406339097974,True,Nifty Financial Services,0.102047,0.006480209118993274,0.09556679088100672,2,1,-0.05743158785189639,-0.028891065162984342,-0.04417212612527688,-0.05913158785189639,-0.03044052268891205,-0.014959461726619515,0.029556650246305417
BANDHANBNK,Bandhan Bank Limited,Q4 FY26,20,Jan-Mar 2026,2026-03-31,2026-04-28,15:52,After close,Banks,Banks,Nifty Bank,Bank,28138.8374438,2026-04-24,2026-04-27,2026-04-28,2026-04-29,2026-04-29,2587,2588,2589,2590,2590,0.0412205873933704,-0.0177049540880849,0.1099916036943744,0.1335072369996599,0.1099916036943744,0.0411978729359081,-0.0121845667996335,0.0117057273140638,0.1218015096855961,0.1456918037992934,True,-0.0009996938642276,0.680186144069143,-0.0005169906713001,1.5980644084927884,27.934119455955084,0.0470499243570348,0.0504286434694905,0.0764816304223168,True,Banks,0.109992,0.0075826085506986995,0.1024093914493013,12,11,0.0504284273697273,-0.026052986952826318,-0.02101668483636443,0.0487284273697273,0.07458141432255362,0.06974511220609174,0.24630541871921183
BANKINDIA,Bank of India,Q4 FY26,20,Jan-Mar 2026,2026-03-31,2026-05-08,17:42,After close,Banks,Banks,Nifty Bank,Bank,64813.23794,2026-05-06,2026-05-07,2026-05-08,2026-05-11,2026-05-11,2594,2595,2596,2597,2597,-0.0138401011662216,-0.0042744176106005,0.0292623595907561,0.0111478408139339,0.0292623595907561,0.0231093940044357,-0.02770280520943,-0.0212664776786153,0.0324143184925492,0.0388506460233639,True,0.062906554037202,0.1484742432147332,0.0289917171805762,0.1150306691759068,6.393559404060461,-0.03920478242736,0.0268316418740437,0.0509227408690408,True,Banks,0.0292624,-0.014903117328441629,0.04416551732844163,18,17,0.026831623546194505,-0.024091098994997062,0.013861156982286849,0.025131623546194505,0.04902272254119157,0.011270466563907656,0.5714285714285714
BHARATFORG,Bharat Forge Limited,Q4 FY26,20,Jan-Mar 2026,2026-03-31,2026-05-07,12:57,During market,Castings/Forgings,,Nifty Auto,Company,89248.6791,2026-05-05,2026-05-06,2026-05-07,2026-05-08,2026-05-07,2593,2594,2595,2596,2595,0.0038572806171648,0.063560678834454,-0.0016057002358372,0.0658122592157816,0.063560678834454,0.0072579784395347,0.0404302762400166,0.0060426015019617,0.0597696577138198,0.0253819829757649,True,0.1753201211440365,-0.1752926449572158,0.0426230285792967,-0.1197854769240085,79.04457746173254,-0.038498266070262,-0.0485500326682412,-0.0049885061224511,True,Nifty Auto,0.0635607,-0.00017672963858783586,0.06373742963858783,7,6,-0.031662348197249446,-0.03946083821652391,-0.04294082469060845,-0.033362348197249446,0.005898490019274462,0.009578476493359002,0.4827586206896552
BHARTIARTL,Bharti Airtel Limited,Q4 FY26,20,Jan-Mar 2026,2026-03-31,2026-05-13,16:44,After close,Telecommunication - Services,,Nifty Services Sector,Company,1020719.196,2026-05-11,2026-05-12,2026-05-13,2026-05-14,2026-05-14,2597,2598,2599,2600,2600,-0.0017047391749062,0.0184426229508196,0.052705119606528,0.0694430033824414,0.052705119606528,0.0172143974960876,-0.007508229814895,-0.0050748676980019,0.0745178710804433,0.0769512331973365,True,0.1568002473045062,-0.3353989366528153,0.0259644026853593,0.1047583138526506,33.58523804039893,0.0009556676400317,-0.0323865144677467,-0.0295709329467418,True,Nifty Services Sector,0.0527051,0.011831236171975679,0.04087386382802432,3,2,-0.03238644231665189,-0.0028155815210049173,0.013985413262813884,-0.03408644231665189,-0.03147086079564697,-0.04807185557946577,0.6699507389162561
BHEL,Bharat Heavy Electricals Limited,Q4 FY26,20,Jan-Mar 2026,2026-03-31,2026-05-04,11:24,During market,Electrical Equipment,,Nifty India Manufacturing,Company,119956.6225,2026-04-29,2026-04-30,2026-05-04,2026-05-05,2026-05-04,2590,2591,2592,2593,2592,0.0229608127721336,0.069918560767288,-0.0055695531096672,0.0873098204297545,0.069918560767288,0.0073493941715614,0.0022098290957561,-0.0059619333287609,0.0932717537585154,0.0850999913339983,True,0.3688272583025049,1.5581722668252556,0.4528767511300469,2.305498705177497,147.3232402937214,0.044805974129884,0.0836111481530876,0.109708814675507,True,Nifty India Manufacturing,0.0699186,0.005073434579780045,0.06484516542021995,3,2,0.08937805389953568,-0.026358559328007014,0.0035969962373316733,0.08767805389953569,0.1138366132275427,0.08408105766220401,0.37438423645320196
CAMS,Computer Age Management Services Limited,Q4 FY26,20,Jan-Mar 2026,2026-03-31,2026-05-04,18:31,After close,Capital Markets,,Nifty Financial Services,Company,18836.29703,2026-04-29,2026-04-30,2026-05-04,2026-05-05,2026-05-05,2590,2591,2592,2593,2593,-0.0289245332632132,-0.0104928242621175,0.0910583567079428,0.0516409991826121,0.0910583567079428,0.0097831292330847,-0.007557911253549,-0.0059619333287609,0.057602932511373,0.0591989104361612,True,0.1096523023827666,0.1088549089426116,0.0130240760344388,0.0071260894050997,40.63103740817932,-0.015989465763732,-0.0564334085778779,-0.0303357420554585,True,Nifty Financial Services,0.0910584,-0.003586339570385566,0.09464473957038556,8,7,-0.05643339978199535,-0.026097666522419405,-0.029599212968903776,-0.05813339978199535,-0.03223573325957595,-0.028534186813091576,0.4088669950738916
COFORGE,Coforge Limited,Q4 FY26,20,Jan-Mar 2026,2026-03-31,2026-05-05,16:58,After close,Computers - Software,IT services,Nifty IT,Company,40062.65,2026-04-30,2026-05-04,2026-05-05,2026-05-06,2026-05-06,2591,2592,2593,2594,2594,-0.0370432310393846,0.0149357415769364,0.095482546201232,0.0733750567387838,0.095482546201232,0.0790554414784394,-0.0028715388635374,0.0138930568615299,0.0594819998772538,0.0762465956023212,True,0.3051409132232616,1.1906584992343037,0.0626298321434539,1.2869704236610713,32.40790325190099,0.013042799125273,0.1219150265542021,0.1594967896994965,True,IT services,0.0954825,0.012405961852135494,0.0830765381478645,12,11,0.12191499965286434,-0.03758176314529438,0.0011155547279531053,0.12021499965286435,0.1575967627981587,0.11909944492491124,0.4433497536945813
CUMMINSIND,Cummins India Limited,Q4 FY26,20,Jan-Mar 2026,2026-03-31,2026-05-27,14:21,During market,Diesel Engines,,Nifty India Manufacturing,Company,149189.04,2026-05-25,2026-05-26,2026-05-27,2026-05-29,2026-05-27,2607,2608,2609,2610,2609,0.0067818654775175,0.1123927286149304,-0.0243052675238489,0.094869326568599,0.1123927286149304,-0.0008304881424748,-0.0033890109312905,-0.0202172422427704,0.1150865688113694,0.0982583374998895,True,0.2189136893919152,0.2265533522190745,-0.0143178872114491,0.3361724889931285,66.5490701626825,-0.0164937935725218,-0.0577282775038258,-0.0746513380934786,True,Nifty India Manufacturing,0.112393,-0.0002739015710658821,0.11266690157106589,13,12,-0.06395675793863542,0.006226170831738598,-0.014712569719205204,-0.06565675793863542,-0.07208292877037402,-0.05094418821943022,0.9310344827586207
DABUR,Dabur India Limited,Q4 FY26,20,Jan-Mar 2026,2026-03-31,2026-05-07,16:34,After close,Personal Care,FMCG,Nifty FMCG,Company,81687.7535,2026-05-05,2026-05-06,2026-05-07,2026-05-08,2026-05-08,2593,2594,2595,2596,2596,0.0123765063511018,0.0080428954423592,0.0376595744680849,0.0580789762615461,0.0376595744680849,0.0319148936170212,-0.0082890472946253,0.0060426015019617,0.0520363747595843,0.0663680235561714,True,0.0734521967111168,0.1514072408084217,-0.1462998609023085,-0.3417504509170134,44.237800829650816,-0.0410088168956326,-0.1393274554029118,-0.0957659288571217,True,FMCG,0.0376596,-0.006186630711585872,0.043846230711585873,7,6,-0.13932736578555938,-0.04356152654579004,-0.05994715230260783,-0.14102736578555938,-0.09766583923976933,-0.08108021348295154,0.5320197044334976
DIXON,Dixon Technologies (India) Limited,Q4 FY26,20,Jan-Mar 2026,2026-03-31,2026-05-12,15:54,After close,Consumer Durables,Consumer brands,Nifty Consumer Durables,Company,65574.21,2026-05-08,2026-05-11,2026-05-12,2026-05-13,2026-05-13,2596,2597,2598,2599,2599,-0.0028695732666851,-0.0588562940958039,0.0972578417833891,0.0355319744209,0.0972578417833891,0.01154073781811,-0.0564773933350672,-0.0318092211984192,0.0673411956193192,0.0920093677559673,True,0.0211774741706127,-0.3602864128536499,-0.015094283044982,-0.1073939984682864,41.42270301001232,-0.0114167565623876,0.0222042430780291,0.032924966107509,True,Consumer brands,0.0972578,0.0014136285771111368,0.09584417142288887,5,4,0.022204131234669022,-0.010720723029479906,-0.029629272005407326,0.020504131234669022,0.03102485426414893,0.05013340324007635,0.6206896551724138
EICHERMOT,Eicher Motors Limited,Q4 FY26,20,Jan-Mar 2026,2026-03-31,2026-05-22,16:51,After close,Automobiles - 4 Wheelers,,Nifty Auto,Company,187881.785,2026-05-20,2026-05-21,2026-05-22,2026-05-25,2026-05-25,2604,2605,2606,2607,2607,0.0062048324695234,0.0129860708067324,0.0619494377998997,0.0811403410761555,0.0619494377998997,0.0365967199025998,0.0211023406327559,0.0157199183973537,0.0654204226788017,0.0600380004433995,True,0.1600767776291665,0.1158462724369562,-0.0055527932430928,0.0699277071117339,35.069386814200094,-0.0367547882384678,0.0221203129215004,0.030758902784057,True,Nifty Auto,0.0619494,0.013170709085006838,0.048778690914993164,15,14,0.022120326721827954,-0.008638589862556612,0.0012640266333623362,0.020420326721827954,0.028858916584384567,0.019156300088465618,0.9064039408866995
GMRAIRPORT,GMR AIRPORTS LIMITED,Q4 FY26,20,Jan-Mar 2026,2026-03-31,2026-05-27,22:05,After close,Travel And Transport,,Nifty Services Sector,Company,102316.71,2026-05-25,2026-05-26,2026-05-27,2026-05-29,2026-05-29,2607,2608,2609,2610,2610,-0.0069143446852425,0.0167307492465966,0.0258585445625512,0.0356749491239053,0.0258585445625512,0.0425183973834832,-0.0232793538929537,-0.0202172422427704,0.0558921913666757,0.0589543030168591,True,0.3753728163613121,,-0.0139883776536481,1.4817368464253469,,0.0165388064162599,0.0901663843778017,0.0732433237881489,True,Nifty Services Sector,0.0258585,-0.015033159535954743,0.04089165953595474,7,6,0.09016633668254248,0.016923060589652872,0.03166229579436175,0.08846633668254249,0.07134327609288961,0.05680404088818073,0.9605911330049262
HDFCAMC,HDFC Asset Management Company Limited,Q4 FY26,20,Jan-Mar 2026,2026-03-31,2026-04-16,15:48,After close,Capital Markets,,Nifty Financial Services,NBFC / financial,109049.463,2026-04-13,2026-04-15,2026-04-16,2026-04-17,2026-04-17,2579,2580,2581,2582,2582,0.046188287969836,-0.0005631264782069,0.048906919089475,0.0945320805811041,0.048906919089475,-0.0059725039441062,0.0181698018744094,0.0213549882819227,0.0731770922991814,0.0763622787066947,True,0.166581610011538,-0.0247470475832473,-0.0219421449167518,-0.190741077694887,37.94529413402184,-0.0205557942988111,-0.0599126199684861,-0.0310215548055018,True,Nifty Financial Services,0.0489069,0.006480209118993274,0.04242669088100673,2,1,-0.059912638092272874,-0.028891065162984342,-0.04417212612527688,-0.061612638092272874,-0.03292157292928853,-0.017440511966995996,0.029556650246305417
HINDPETRO,Hindustan Petroleum Corporation Limited,Q4 FY26,20,Jan-Mar 2026,2026-03-31,2026-05-13,12:01,During market,Refineries,,Nifty Oil & Gas,Company,80389.0396,2026-05-11,2026-05-12,2026-05-13,2026-05-14,2026-05-13,2597,2598,2599,2600,2599,-0.020910534674431,0.054609353879427,-0.0321712381440656,0.0015275810609303,0.054609353879427,0.0067585834009191,0.0091495013254248,-0.0050748676980019,0.0066024487589322,-0.0076219202644944,True,0.0440547144336431,0.7758356170800835,-0.0071379923287873,0.5120057835169767,5.221060864177405,0.0297973778307509,0.0300622434114692,0.0328778249324741,True,Nifty Oil & Gas,0.0546094,0.0014136285771111368,0.053195771422888866,3,2,-0.06254774644380967,-0.010720723029479906,-0.057569147238700547,-0.06424774644380966,-0.053727023414329764,-0.0066785992051091245,0.6206896551724138
INDUSINDBK,IndusInd Bank Limited,Q4 FY26,20,Jan-Mar 2026,2026-03-31,2026-04-24,16:40,After close,Banks,Banks,Nifty Bank,Bank,67787.7508,2026-04-22,2026-04-23,2026-04-24,2026-04-27,2026-04-27,2585,2586,2587,2588,2588,-0.0112056085507412,-0.0144127390015691,0.0615602335043339,0.0359418859520235,0.0615602335043339,0.0203431806120644,-0.0150559477865412,-0.0116424456669887,0.0475843316190123,0.0509978337385648,True,0.0349421893293586,,-0.03231019759287,2.3054728220402088,,0.0117202688440816,0.0357162695106376,0.0431459058735194,True,Banks,0.0615602,0.00814923455777583,0.05341096544222417,7,6,0.03571639039911534,-0.007429636362881742,-0.020819596084906467,0.03401639039911534,0.04124602676199708,0.054835986484021805,0.19704433497536947
NESTLEIND,Nestle India Limited,Q4 FY26,20,Jan-Mar 2026,2026-03-31,2026-04-21,14:15,During market,Food And Food Processing,FMCG,Nifty FMCG,Company,247902.248,2026-04-17,2026-04-20,2026-04-21,2026-04-22,2026-04-21,2582,2583,2584,2585,2584,0.0006222775357811,0.0726834577114428,0.0115225740995723,0.0848283093467963,0.0726834577114428,0.0090951492537312,0.0309153405081891,0.0010780079967996,0.0837503013499966,0.0539129688386071,True,0.2260051091230186,0.2718372907746202,0.1907071416471384,0.1126569980569298,76.00539851117843,0.0500071643501933,0.0076658547069783,0.037340029478597,True,FMCG,0.0726835,0.008690798424779933,0.06399270157522007,1,0,0.029132613415833175,-0.03733632805188669,-0.005894321341358921,0.027432613415833175,0.06456894146771987,0.033326934757192096,0.059113300492610835
NMDC,NMDC Limited,Q4 FY26,20,Jan-Mar 2026,2026-03-31,2026-05-29,20:17,After close,Mining,Metals,Nifty Metal,Company,79715.2506,2026-05-26,2026-05-27,2026-05-29,2026-06-01,2026-06-01,2608,2609,2610,2611,2611,0.017756700121319,-0.0464889466840052,0.0497783839072623,0.021046137344576,0.0497783839072623,0.0126150698943061,0.0013945432409554,-0.0223204700314402,0.0433666073760162,0.0196515941036206,True,0.6313703324977382,0.3549553523687305,0.4904011278724021,0.1545313202991074,11.52179263295585,-0.0300963516293168,-0.0780556457724369,-0.0987184463164313,True,Metals,0.0497784,-0.007013408924419595,0.056791808924419596,10,9,-0.07805565239938705,0.020662800543994386,-0.07310527114622167,-0.07975565239938705,-0.10061845294338144,-0.006650381253165381,0.9901477832512315
OFSS,Oracle Financial Services Software Limited,Q4 FY26,20,Jan-Mar 2026,2026-03-31,2026-04-22,20:47,After close,Computers - Software,IT services,Nifty IT,Company,69869.17125,2026-04-20,2026-04-21,2026-04-22,2026-04-23,2026-04-23,2583,2584,2585,2586,2586,-0.0187442004330343,0.0246501071743789,0.0818310465760168,0.0877369533173614,0.0818310465760168,0.0373469513320616,-0.0465136411158161,-0.0077972280204623,0.0955341813378237,0.1342505944331775,True,0.2032861387869253,0.3071905575399907,0.0505112162368379,0.380741469816273,28.617313639156254,0.1063527270659159,0.0834328612864698,0.1022037652476994,True,IT services,0.081831,-0.008411237955377904,0.0902422379553779,7,6,0.0834328267609914,-0.0187709039612296,-0.04022832065807336,0.0817328267609914,0.100303730722221,0.12196114741906476,0.10837438423645321
PAYTM,One 97 Communications Limited,Q4 FY26,20,Jan-Mar 2026,2026-03-31,2026-05-06,20:21,After close,Internet & E-commerce,,Nifty India Digital,Company,71411.2,2026-05-04,2026-05-05,2026-05-06,2026-05-07,2026-05-07,2592,2593,2594,2595,2595,-0.0249148592937802,0.0207720588235293,0.0781559517377996,0.0740131512675488,0.0781559517377996,0.0354763191067892,0.013561146494614,0.008642892643162,0.0653702586243867,0.0604520047729347,True,0.1844101490975673,,0.031905195989061,-0.1822222222222221,,-0.0440955403373978,-0.1104058794053783,-0.0709450411888544,True,Nifty India Digital,0.078156,-0.00017672963858783586,0.07833272963858784,3,2,-0.11040576810982194,-0.03946083821652391,-0.0073552296444971965,-0.11210576810982194,-0.07284492989329804,-0.10475053846532474,0.4827586206896552
PNBHOUSING,PNB Housing Finance Limited,Q4 FY26,20,Jan-Mar 2026,2026-03-31,2026-04-20,19:30,After close,Finance - Housing,NBFCs,Nifty Financial Services,NBFC / financial,23284.3838,2026-04-16,2026-04-17,2026-04-20,2026-04-21,2026-04-21,2581,2582,2583,2584,2584,0.033452673976281,-0.0183501136732705,0.0797904604356216,0.0948930207386321,0.0797904604356216,0.0471464019851115,0.0191624201952433,0.0156350056056573,0.0792580151329748,0.0757306005433887,True,0.0789771743700078,0.1915403902758092,0.0294994856112731,0.2603055635629863,10.65247083474394,0.0658257583495045,0.0834439791645387,0.1207803072164254,True,NBFCs,0.0797905,0.008690798424779933,0.07109970157522007,2,1,0.08344392149631763,-0.03733632805188669,-0.05795555058983459,0.08174392149631764,0.11888024954820432,0.13969947208615222,0.059113300492610835
SOLARINDS,Solar Industries India Limited,Q4 FY26,20,Jan-Mar 2026,2026-03-31,2026-05-15,14:26,During market,Chemicals - Speciality,,Nifty Commodities,Company,142872.35,2026-05-13,2026-05-14,2026-05-15,2026-05-18,2026-05-15,2599,2600,2601,2602,2601,0.0556153797428262,0.0389438943894389,0.0407184937045166,0.1352777678367818,0.0389438943894389,0.0045004500450045,-0.0089720049379383,0.0101580368011012,0.1251197310356805,0.1442497727747201,True,0.4090374097066764,0.699500356887937,0.1979460978213096,0.2271820728291316,98.386771339049,0.0198679171985127,-0.0621566124646205,-0.0764991375016713,True,Nifty Commodities,0.0389439,-0.001946001620964366,0.04088990162096436,6,5,-0.002137009231911735,0.008898851692854315,-0.017965978795539628,-0.003837009231911735,-0.01293586092476605,0.014128969563627893,0.6995073891625616
SRF,SRF Limited,Q4 FY26,20,Jan-Mar 2026,2026-03-31,2026-05-05,15:57,After close,Textiles - Synthetic,,Nifty India Consumption,Company,74656.3412,2026-04-30,2026-05-04,2026-05-05,2026-05-06,2026-05-06,2591,2592,2593,2594,2594,0.0130231080759153,-0.0112095320216351,0.0780085619153321,0.0798221379696123,0.0780085619153321,0.032582844458538,0.0167843426797327,0.0138930568615299,0.0659290811080823,0.0630377952898796,True,0.0699759351222022,0.1063756985895145,0.2431333888211004,0.3452133314843062,41.96015175189128,-0.0089719076334753,0.0025739079276365,0.0401556710729309,True,Nifty India Consumption,0.0780086,0.012405961852135494,0.0656026381478645,1,0,0.0025738866559046336,-0.03758176314529438,-0.03648735949007287,0.0008738866559046337,0.03825564980119901,0.0373612461459775,0.4433497536945813
TATACONSUM,TATA CONSUMER PRODUCTS LIMITED,Q4 FY26,20,Jan-Mar 2026,2026-03-31,2026-05-08,16:54,After close,Food And Food Processing,FMCG,Nifty FMCG,Company,114010.19,2026-05-06,2026-05-07,2026-05-08,2026-05-11,2026-05-11,2594,2595,2596,2597,2597,-0.0004339524388127,0.0212729009290613,0.0805985376636626,0.1014374861539112,0.0805985376636626,0.0221050841693588,-0.0049343210797935,-0.0212664776786153,0.1227039638325265,0.1063718072337047,True,0.1791147124052237,0.2152530085544437,0.062914710485133,0.0896232547255659,77.65991403679662,-0.0314712824547601,-0.1294256490952006,-0.1053345501002035,True,FMCG,0.0805985,-0.014903117328441629,0.09550161732844163,8,7,-0.12942565572944964,-0.024091098994997062,-0.05386612610131891,-0.13112565572944965,-0.10723455673445258,-0.07725952962813072,0.5714285714285714
TITAN,Titan Company Limited,Q4 FY26,20,Jan-Mar 2026,2026-03-31,2026-05-08,13:53,During market,Gems Jewellery And Watches,Consumer brands,Nifty Consumer Durables,Company,387045.28800000006,2026-05-06,2026-05-07,2026-05-08,2026-05-11,2026-05-08,2594,2595,2596,2597,2596,-0.0119506376731811,0.0467788740568775,-0.0672876469283654,-0.032459410544669,0.0467788740568775,0.0015089959373186,-0.038894016612523,-0.0212664776786153,-0.0111929328660537,0.0064346060678539,True,0.8047733976937517,0.3536165327210103,0.0591753226314133,-0.2998812351543943,81.20967016365927,-0.0085362373977556,-0.0239442647898042,0.0001468342051927,True,Consumer brands,0.0467789,-0.006186630711585872,0.05296553071158587,4,3,-0.07021528195959803,-0.04356152654579004,-0.06376695074234873,-0.07191528195959802,-0.028553755413807988,-0.008148331217249304,0.5320197044334976
TMPV,Tata Motors Passenger Vehicles Limited,Q4 FY26,20,Jan-Mar 2026,2026-03-31,2026-05-14,16:26,After close,Automobiles - 4 Wheelers,,Nifty Auto,Company,124129.225,2026-05-12,2026-05-13,2026-05-14,2026-05-15,2026-05-15,2598,2599,2600,2601,2601,0.0,0.0056404928009499,0.0525461254612547,0.0581866182622046,0.0525461254612547,0.0391143911439113,-0.0026871903220428,0.0112988631281224,0.0468877551340821,0.0608738085842475,True,-0.1176204781469921,-0.317237308146399,0.5040651566155074,,1.4590049719081315,0.0190716589538633,0.1117655307810967,0.1028666790882424,True,Nifty Auto,0.0525461,-0.001946001620964366,0.054492101620964364,11,10,0.11176568845003776,0.008898851692854315,0.034782341862704014,0.11006568845003777,0.10096683675718345,0.07528334658733375,0.6995073891625616
UPL,UPL Limited,Q4 FY26,20,Jan-Mar 2026,2026-03-31,2026-05-11,13:20,During market,Pesticides And Agrochemicals,,Nifty Commodities,Company,54963.02500000001,2026-05-07,2026-05-08,2026-05-11,2026-05-12,2026-05-11,2595,2596,2597,2598,2597,-0.006841417480206,0.0356037151702786,-0.064050822122571,-0.0352885244324985,0.0356037151702786,-0.0030959752321981,-0.0313456476003883,-0.0394094804871162,0.0041209560546177,-0.0039428768321101,True,0.1773582482501765,0.1841517857142858,0.4944168228869507,1.6792929292929295,31.282313602731936,0.0114189890601292,-0.0241954803162179,-0.0171551395055523,True,Nifty Commodities,0.0356037,-0.014903117328441629,0.05050681732844163,5,4,-0.06068758568288091,-0.024091098994997062,-0.02554532353013028,-0.06238758568288091,-0.038496486687883844,-0.036842262152750625,0.5714285714285714
VBL,Varun Beverages Limited,Q4 FY26,20,Jan-Mar 2026,2026-03-31,2026-04-27,12:00,During market,Food And Food Processing,FMCG,Nifty FMCG,Company,163772.86575,2026-04-23,2026-04-24,2026-04-27,2026-04-28,2026-04-27,2586,2587,2588,2589,2588,0.0128033040784718,0.0579060046895709,-0.0005782017924257,0.070131106975617,0.0579060046895709,0.009073300030584,-0.0050055343444233,-0.0072573235060215,0.0773884304816386,0.0751366413200403,True,0.1833637733348405,0.2007837706885729,0.5506008934678572,2.464654648572007,53.9349445198056,-0.0185131617008968,0.0307588467843014,0.0344490912864413,True,FMCG,0.057906,0.00814923455777583,0.04975676544222417,2,1,0.02399536051670914,-0.007429636362881742,-0.016047133495930233,0.02229536051670914,0.029524996879590884,0.03834249401263937,0.19704433497536947
APLAPOLLO,APL Apollo Tubes Limited,Q1 FY27,21,Apr-Jun 2026,2026-06-30,2026-08-01,14:41,Non-trading day,Steel And Steel Products,Metals,Nifty Metal,Company,52571.387,2026-07-30,2026-07-31,2026-08-03,2026-08-04,2026-08-03,2653,2654,2655,2656,2655,-0.0388780307432253,0.0670513877438856,-0.0110739119237702,0.0170994450768899,0.0670513877438856,0.0004396812311073,0.0258463983002499,0.01232161705607,0.0047778280208199,-0.0087469532233599,True,0.0845182667700883,0.1093730235695915,-0.1056680639830535,-0.2574855368985467,43.69660626714321,0.04828125,0.1635416666666673,0.186255551346272,True,Metals,0.0670514,0.016023064682819665,0.05102833531718033,9,8,0.14519710988945778,-0.028008864024412272,0.02163064140833404,0.14349710988945777,0.17130597391387004,0.12186646848112374,0.6456310679611651
ASTRAL,Astral Limited,Q1 FY27,21,Apr-Jun 2026,2026-06-30,2026-08-12,16:04,After close,Plastic And Plastic Products,,Nifty 500,Company,38655.3,2026-08-10,2026-08-11,2026-08-12,2026-08-13,2026-08-13,2660,2661,2662,2663,2663,-0.0084203201113429,0.0274405221419047,0.0874316939890711,0.1064518960196329,0.0874316939890711,0.0239071038251366,-0.0035869505338039,-0.0076618093691959,0.1141137053888288,0.1100388465534368,True,0.1592712312665294,0.4796547472256474,-0.2444338041656691,-0.4366197183098591,72.03745806932538,-0.0376884422110552,-0.0835427135678391,-0.0459113131452263,True,,0.0874317,-0.0016410248015731321,0.08907272480157313,-1,-1,-0.08354262604540164,-0.037631400422612815,-0.02983122059675125,-0.08524262604540163,-0.04781122562278882,-0.055411405448650385,0.941747572815534
BAJAJFINSV,Bajaj Finserv Limited,Q1 FY27,21,Apr-Jun 2026,2026-06-30,2026-07-31,11:56,During market,Finance,NBFCs,Nifty Financial Services,NBFC / financial,307653.828,2026-07-29,2026-07-30,2026-07-31,2026-08-03,2026-07-31,2652,2653,2654,2655,2654,-0.0077946372895447,0.062689850214727,0.0329702823912079,0.0878654953163902,0.062689850214727,0.0118361789043677,0.0263746143969114,0.0215165059657032,0.066348989350687,0.0614908809194787,True,0.1861735688398231,0.1230885068392462,0.0920436776945061,0.2338547349596442,31.390140771780747,-0.0356393129770991,-0.0357824427480913,-0.0077735787236791,True,NBFCs,0.0626899,0.002732639310116358,0.05995726068988365,12,11,-0.013355740038639485,-0.008528273101592765,-0.011564616897388635,-0.015055740038639485,-0.00672746693704672,-0.00349112314125085,0.5776699029126213
BHEL,Bharat Heavy Electricals Limited,Q1 FY27,21,Apr-Jun 2026,2026-06-30,2026-07-16,14:20,During market,Electrical Equipment,,Nifty India Manufacturing,Company,140639.9995,2026-07-14,2026-07-15,2026-07-16,2026-07-17,2026-07-16,2641,2642,2643,2644,2643,0.0347858380787324,0.0417514056705348,-0.0307762976573265,0.0457609460919407,0.0417514056705348,0.014953941859074,0.0047457278699238,0.0117258783009436,0.034035067790997,0.0410152182220168,True,0.4029244146523272,,-0.374696292637833,-0.708083101505653,87.88566333866788,-0.0111374407582938,-0.0007109004739331,-0.0020135884493424,True,Nifty India Manufacturing,0.0417514,-0.00023880225097083763,0.04199020225097084,2,1,-0.035369808760199795,0.013421815122908631,0.041776095173027494,-0.037069808760199795,-0.050691623883108425,-0.07884590393322728,0.07281553398058252
BOSCHLTD,Bosch Limited,Q1 FY27,21,Apr-Jun 2026,2026-06-30,2026-08-10,18:32,After close,Auto Ancillaries,,Nifty Auto,Company,123900.0,2026-08-06,2026-08-07,2026-08-10,2026-08-11,2026-08-11,2658,2659,2660,2661,2661,0.0226190476190475,0.0129220023282887,0.0386162510056316,0.0741573009529679,0.0386162510056316,0.0137915182162968,0.0119674974165148,-0.006677344241153,0.0808346451941209,0.062189803536453,True,0.2199599047738376,-0.3673505958247468,0.049625384048727,0.2387719298245614,44.67762873215059,0.0784552395706539,0.0796724576740062,0.1138588852617913,True,Nifty Auto,0.0386163,-0.004559913438931251,0.04317621343893125,13,12,0.07967245579227411,-0.03418642758778512,-0.05713791072540908,0.07797245579227412,0.11195888338005923,0.13511036651768318,0.883495145631068
COFORGE,Coforge Limited,Q1 FY27,21,Apr-Jun 2026,2026-06-30,2026-07-28,01:35,Before open,Computers - Software,IT services,Nifty IT,Company,49885.92,2026-07-24,2026-07-27,2026-07-28,2026-07-29,2026-07-28,2649,2650,2651,2652,2651,0.0294335556004581,0.1031143679665007,0.0171411625148281,0.149689086081787,0.1031143679665007,0.0272180057576549,0.0797610120853482,0.0202144046525787,0.1294746814292082,0.0699280739964387,True,0.4985902510437563,0.4859598853868194,0.2420681287075319,-0.0936735407200279,32.24270941054809,0.0362120240247245,0.0962738352090504,0.098024336235846,True,IT services,0.103114,-0.000441741210496005,0.103555741210496,10,9,0.12265714592334476,0.014558886987265263,0.011619630913576762,0.12095714592334476,0.1061982589360795,0.109337515009768,0.4320388349514563
CONCOR,Container Corporation of India Limited,Q1 FY27,21,Apr-Jun 2026,2026-06-30,2026-07-24,18:59,After close,Travel And Transport,,Nifty Services Sector,Company,36664.3868,2026-07-22,2026-07-23,2026-07-24,2026-07-27,2026-07-27,2647,2648,2649,2650,2650,-0.0018695471541336,-0.0061394380853277,0.06899801067951,0.0609890254400485,0.06899801067951,-0.0158098628415872,-0.0007382065419351,5.6578912637328393e-05,0.0609324465274112,0.0617272319819837,True,0.0028463570808356,0.0007503564192992,-0.0457473600494852,0.0155720540643442,29.52519471734579,0.0284035259549462,0.0115572967678747,0.0022598944979084,True,Nifty Services Sector,0.068998,0.009613988879749513,0.05938401112025049,2,1,0.011557219696556542,0.009297402269966337,0.0029072318407701303,0.009857219696556542,0.000359817426590205,0.006949987855786412,0.3737864077669903
DIVISLAB,Divi's Laboratories Limited,Q1 FY27,21,Apr-Jun 2026,2026-06-30,2026-08-01,11:33,Non-trading day,Pharmaceuticals,Pharma,Nifty Pharma,Company,207627.5,2026-07-30,2026-07-31,2026-08-03,2026-08-04,2026-08-03,2653,2654,2655,2656,2655,0.0282067645181876,0.0656653426017874,-0.0241118229470005,0.0697602841729745,0.0656653426017874,0.0402184707050645,0.0095390106529174,0.01232161705607,0.0574386671169044,0.0602212735200571,True,0.2780082987551866,0.655045871559633,0.0879547862945955,0.2010652463382156,80.85183021806854,0.023931725948914,0.0939365003580803,0.1166503850376849,True,Pharma,0.0656653,0.016023064682819665,0.04964223531718033,8,7,0.10273736790679178,-0.028008864024412272,0.019639722759800193,0.10103736790679178,0.12884623193120404,0.08139764514699159,0.6456310679611651
FEDERALBNK,The Federal Bank  Limited,Q1 FY27,21,Apr-Jun 2026,2026-06-30,2026-07-17,13:30,During market,Banks,Banks,Nifty Bank,Bank,80718.1465,2026-07-15,2026-07-16,2026-07-17,2026-07-20,2026-07-17,2642,2643,2644,2645,2644,-0.0029003205617462,0.0685854255970606,0.0050143266475644,0.0706994316828787,0.0685854255970606,0.0064298836497242,0.0034200456946523,0.0066893500316769,0.0640100816512018,0.0672793859882263,True,0.0825049389602834,0.3657441253263709,-0.0217296991927384,-0.0652609006433165,19.6045355959702,0.0163934426229508,0.0095509622238061,0.0075231964792261,True,Banks,0.0685854,0.010864982189404904,0.0577204178105951,3,2,0.0065901508661132535,0.0013026879754092224,-0.01760552550007355,0.004890150866113253,0.003387462890704031,0.022495676366186802,0.10194174757281553
FORTIS,Fortis Healthcare Limited,Q1 FY27,21,Apr-Jun 2026,2026-06-30,2026-08-06,19:04,After close,Miscellaneous,,Nifty 500,Company,70422.6688,2026-08-04,2026-08-05,2026-08-06,2026-08-07,2026-08-07,2656,2657,2658,2659,2659,-0.0083619210977701,-0.0054054054054053,0.0382065217391303,0.0244391952359548,0.0382065217391303,0.0,0.0009282508670322,-0.0017956003739414,0.0262347956098962,0.0235109443689225,True,0.1746003175306456,0.0234747195328108,0.0762727991643654,0.0020312206131276,67.59840734128127,-0.0273778987593572,-0.0525048421713867,-0.0251164743422898,True,,0.0382065,-0.002652622178925146,0.04085912217892514,-1,-1,-0.05250482655924049,-0.027388367829096927,-0.019312924624980354,-0.05420482655924049,-0.027016458730143564,-0.03489190193426014,0.8106796116504854
GAIL,GAIL (India) Limited,Q1 FY27,21,Apr-Jun 2026,2026-06-30,2026-07-31,14:13,During market,Gas,,Nifty Oil & Gas,Company,115143.1512,2026-07-29,2026-07-30,2026-07-31,2026-08-03,2026-07-31,2652,2653,2654,2655,2654,-0.0084513476473276,0.0449205252246027,-0.0393518518518517,-0.0028826742745766,0.0449205252246027,0.0046648237733242,0.0251775159416833,0.0215165059657032,-0.0243991802402798,-0.02806019021626,True,0.1671343180874549,0.9691710281951712,0.1580902544678704,2.1422490435907102,15.185400996242656,-0.0103270223752152,0.0183591508892713,0.0463680149136835,True,Nifty Oil & Gas,0.0449205,0.002732639310116358,0.042187860689883644,4,3,-0.05698848130100931,-0.008528273101592765,-0.016003271780008377,-0.05868848130100931,-0.05036020819941654,-0.04268520952100093,0.5776699029126213
ICICIPRULI,ICICI Prudential Life Insurance Company Limited,Q1 FY27,21,Apr-Jun 2026,2026-06-30,2026-07-15,13:44,During market,Insurance,Insurers,Nifty Financial Services,,,2026-07-13,2026-07-14,2026-07-15,2026-07-16,2026-07-15,2640,2641,2642,2643,2642,-0.0303059457379258,0.0420676654430003,-0.0310387508330952,-0.0192770311280208,0.0420676654430003,0.0054568905645402,-0.0103745631306017,-0.0057043015258988,-0.0135727296021219,-0.0089024679974191,True,,,,,,-0.0144443352657956,-0.0036356490124793,-0.017057464135388,True,Insurers,0.0420677,0.0010996983625095602,0.04096800163749044,1,0,-0.03570396992394265,0.014845193845131499,-0.009987506251556977,-0.03740396992394265,-0.052449163769074145,-0.02741646367238567,0.043689320388349516
IDFCFIRSTB,IDFC First Bank Limited,Q1 FY27,21,Apr-Jun 2026,2026-06-30,2026-07-25,15:57,Non-trading day,Banks,Banks,Nifty Bank,Bank,68727.583,2026-07-23,2026-07-24,2026-07-27,2026-07-28,2026-07-27,2648,2649,2650,2651,2650,0.0111389236545682,0.0506250773610594,0.0102497643732328,0.0720137653888606,0.0506250773610594,0.0682015100878821,0.0029292407911276,0.0048927457086007,0.0671210196802598,0.0690845245977329,True,0.1461242006442553,1.3238861145340164,0.0472217247225135,2.370414498024707,42.00028294507322,0.0029154518950438,-0.0087463556851309,-0.0233052426723961,True,Banks,0.0506251,0.009613988879749513,0.041011111120250486,17,16,0.01189916624728471,0.009297402269966337,0.007685610784904595,0.01019916624728471,0.0007017639773183722,0.002513555462380114,0.3737864077669903
INDIANB,Indian Bank,Q1 FY27,21,Apr-Jun 2026,2026-06-30,2026-07-10,12:35,During market,Banks,Banks,Nifty Bank,Bank,104039.1904,2026-07-08,2026-07-09,2026-07-10,2026-07-13,2026-07-10,2637,2638,2639,2640,2639,0.0268643190056965,0.0977746958330707,-0.0323303089468245,0.0923087058919427,0.0977746958330707,0.0086364495996973,0.0243179418232748,0.0137371963186874,0.0785715095732553,0.0679907640686678,True,0.1110042492926546,0.1010051062627404,0.0348830889928657,0.0547705059085503,8.558916257049193,0.0189306272624769,0.0493739243961786,0.0339759647910404,True,Banks,0.0977747,0.010186622598360895,0.08758807740163911,1,0,0.021591951694627243,0.015026707261152739,-0.005158848428571283,0.019891951694627243,0.004665244433474504,0.025050800123198526,0.0048543689320388345
KEI,KEI Industries Limited,Q1 FY27,21,Apr-Jun 2026,2026-06-30,2026-08-03,20:48,After close,Miscellaneous,,Nifty 500,Company,45883.22,2026-07-30,2026-07-31,2026-08-03,2026-08-04,2026-08-04,2653,2654,2655,2656,2656,0.0415668298781122,0.0048609721944388,0.0948977763621523,0.1413255784347034,0.0948977763621523,0.0353751517926461,0.0144374042140256,0.01232161705607,0.1290039613786333,0.1268881742206777,True,0.2297117417334411,0.4004812334288645,-0.0837229130398263,-0.0357775964433439,49.9581569913102,0.0263636363636363,-0.0276363636363637,-0.0049224789567591,True,,0.0948978,-0.006434086936865979,0.10133188693686598,-1,-1,-0.027636431747084633,-0.022713884679604668,-0.014784625677760621,-0.029336431747084633,-0.006822547067479965,-0.014551806069324012,0.6747572815533981
KFINTECH,Kfin Technologies Limited,Q1 FY27,21,Apr-Jun 2026,2026-06-30,2026-07-24,20:04,After close,Capital Markets,,Nifty Financial Services,Company,15185.56248,2026-07-22,2026-07-23,2026-07-24,2026-07-27,2026-07-27,2647,2648,2649,2650,2650,-0.0135764598954783,-0.012093291102793,0.1066744389390847,0.0810046879408133,0.1066744389390847,0.0170212765957447,-0.0023289996114166,5.6578912637328393e-05,0.080948109028176,0.08333368755223,True,0.3009508936064629,-0.0264442057030431,0.026505052831601,-0.0731370688486611,44.18106577599851,-0.0044772188569922,0.0217540163286806,0.0124566140587143,True,Nifty Financial Services,0.106674,0.009613988879749513,0.09706001112025049,6,5,0.021754142287993217,0.009297402269966337,0.0012382230064513777,0.020054142287993217,0.010556740018026879,0.01881591928154184,0.3737864077669903
KPITTECH,KPIT Technologies Limited,Q1 FY27,21,Apr-Jun 2026,2026-06-30,2026-07-29,13:18,During market,Computers - Software,IT services,Nifty IT,Company,15930.72404,2026-07-27,2026-07-28,2026-07-29,2026-07-30,2026-07-29,2650,2651,2652,2653,2652,0.0294771018455228,0.06025396298448,-0.0767123287671233,0.0130187360628796,0.06025396298448,0.0125321603452568,0.058629622091457,0.0133612177455963,-0.0003424816827167,-0.0456108860285774,True,0.0885342168146969,-0.3183322765112072,-0.0210438340151958,-0.2813326055357592,24.9956836785447,0.056379821958457,-0.0029673590504448,0.0063388302028188,True,IT services,0.060254,0.011042156983325224,0.04921184301667478,11,10,-0.07632111808373321,-0.0017505010267956367,-0.025840934868313292,-0.0780211180837332,-0.07647061705693757,-0.052180183215419916,0.470873786407767
NAUKRI,Info Edge (India) Limited,Q1 FY27,21,Apr-Jun 2026,2026-06-30,2026-08-10,13:22,During market,Computers - Software,IT services,Nifty IT,Company,80404.08,2026-08-06,2026-08-07,2026-08-10,2026-08-11,2026-08-10,2658,2659,2660,2661,2660,-0.0118548387096774,0.0462743817840529,0.0608424336973478,0.0952619767717234,0.0462743817840529,0.0120786746102994,0.0229084461532862,-0.006677344241153,0.1019393210128765,0.0723535306184371,True,0.1136557326056886,0.5062635806662004,0.0135131558506569,-0.2122103864106738,55.45820360404853,-0.0037500000000001,-0.0500000000000004,-0.0158135724122153,True,IT services,0.0462744,0.0005351913767033256,0.045739208623296675,13,12,0.015990737673945654,-0.032730904091312074,-0.05172858025793947,0.014290737673945654,0.04682164176525773,0.06601931793188513,0.8543689320388349
PNB,Punjab National Bank,Q1 FY27,21,Apr-Jun 2026,2026-06-30,2026-07-18,12:34,Non-trading day,Banks,Banks,Nifty Bank,Bank,120928.8199,2026-07-16,2026-07-17,2026-07-20,2026-07-21,2026-07-20,2643,2644,2645,2646,2645,0.0052271431286827,0.0566323154013426,0.0028632784538296,0.064722736983855,0.0566323154013426,0.0235416469698404,0.0045680133930682,0.0048323130186669,0.059890423965188,0.0601547235907867,True,0.0291991537964344,2.136292537313433,0.0230290900315703,0.0053931878946089,7.153862484537675,-0.0038365453247679,0.0394361170592432,0.0407921781977557,True,Banks,0.0566323,-0.003936829906757144,0.06056912990675714,10,9,0.0497493518640415,0.002027765744579968,-0.007717663301406441,0.0480493518640415,0.045821586119461535,0.05576701516544794,0.15048543689320387
POWERINDIA,Hitachi Energy India Limited,Q1 FY27,21,Apr-Jun 2026,2026-06-30,2026-08-07,16:53,After close,Electrical Equipment,,Nifty India Manufacturing,Company,144504.0,2026-08-05,2026-08-06,2026-08-07,2026-08-10,2026-08-10,2657,2658,2659,2660,2660,-0.015432098765432,0.0219435736677116,0.1058282208588956,0.1123396957611752,0.1058282208588956,0.0736196319018405,0.0038572283354479,-0.0016565105454873,0.1139962063066625,0.1084824674257272,True,0.6861789167624586,1.2351823708206684,-0.0945371362175705,-0.1098771409550324,146.28279883381924,-0.0166435506241331,-0.1185852981969488,-0.0858543941056367,True,Nifty India Manufacturing,0.105828,0.0005351913767033256,0.10529280862329668,14,13,-0.11858524169437124,-0.032730904091312074,-0.02812884632703916,-0.12028524169437123,-0.08775433760305916,-0.09215639536733207,0.8543689320388349
SOLARINDS,Solar Industries India Limited,Q1 FY27,21,Apr-Jun 2026,2026-06-30,2026-08-13,14:26,During market,Chemicals - Speciality,,Nifty Commodities,Company,169868.5,2026-08-11,2026-08-12,2026-08-13,2026-08-14,2026-08-13,2661,2662,2663,2664,2663,-0.0021310602024506,0.0851041110517885,-0.0174670340484156,0.0655060168009221,0.0851041110517885,0.0060331019754404,-0.010557361457583,-0.0043254646929844,0.0698314814939066,0.0760633782585051,True,0.7026155167212049,0.926631237082964,0.201605110146589,0.1915892116940269,101.25987302911985,-0.0034553558014922,0.1162301567429517,0.1559535417876862,True,Nifty Commodities,0.0851041,-0.0016410248015731321,0.08674512480157313,8,7,0.10066906792153119,-0.037631400422612815,-0.01702259049103816,0.09896906792153119,0.136400468344144,0.11599165841256935,0.941747572815534
TORNTPHARM,Torrent Pharmaceuticals Limited,Q1 FY27,21,Apr-Jun 2026,2026-06-30,2026-07-30,16:50,After close,Pharmaceuticals,Pharma,Nifty Pharma,Company,165787.8618,2026-07-28,2026-07-29,2026-07-30,2026-07-31,2026-07-31,2651,2652,2653,2654,2654,-0.0040422187289468,-0.0013118786512247,0.0514562508979701,0.0461021535177985,0.0514562508979701,0.0155784979782844,0.0205336092431991,0.0165355982662087,0.0295665552515898,0.0255685442745994,True,0.5484581497797356,0.032846715328467,0.1725041696449845,0.4550128534704369,76.64718529819696,-0.0388069024752089,-0.0142109783712035,-0.0056827052696107,True,Pharma,0.0514563,0.002732639310116358,0.048723660689883645,6,5,-0.014211062127094665,-0.008528273101592765,0.017224550401736538,-0.015911062127094665,-0.0075827890255019,-0.0331356125288312,0.5776699029126213
TVSMOTOR,TVS Motor Company Limited,Q1 FY27,21,Apr-Jun 2026,2026-06-30,2026-07-21,14:09,During market,Automobiles - 2 And 3 Wheelers,,Nifty Auto,Company,171900.682,2026-07-17,2026-07-20,2026-07-21,2026-07-22,2026-07-21,2644,2645,2646,2647,2646,-0.0077386545796251,0.0562085677678123,0.0304852320675104,0.0789551452556975,0.0562085677678123,0.0,0.0084960634902855,-0.0139478492002571,0.0929029944559547,0.070459081765412,True,0.3345989574162269,0.6710871418267654,0.0825624321966846,0.3213267316466197,56.95224909138497,0.0429931415702733,0.1160558910840421,0.1126366068208759,True,Nifty Auto,0.0562086,-0.0020958392639808254,0.05830443926398082,2,1,0.14894530388975835,-0.0013560611385124988,0.07272384038474233,0.14724530388975834,0.14840136502827084,0.07452146350501603,0.16990291262135923
ZYDUSLIFE,Zydus Lifesciences Limited,Q1 FY27,21,Apr-Jun 2026,2026-06-30,2026-08-11,13:24,During market,Pharmaceuticals,Pharma,Nifty Pharma,Company,112088.52,2026-08-07,2026-08-10,2026-08-11,2026-08-12,2026-08-11,2659,2660,2661,2662,2661,0.0043080236941301,0.064343163538874,0.0117548278757346,0.0804060151087389,0.064343163538874,0.0,0.0083356389721761,-0.0054855931909194,0.0858916082996583,0.0720703761365627,True,0.2195567184386266,-0.3592855194982274,0.0566758929748254,-0.2614538310412574,22.23978571428572,-0.0834024896265561,-0.0643983402489623,-0.0232929197517031,True,Pharma,0.0643432,-0.004559913438931251,0.06890311343893125,12,11,-0.03820319468299216,-0.03418642758778512,0.0048728152236690025,-0.03990319468299216,-0.005916767095207041,-0.04477600990666116,0.883495145631068
