run,objective,min_trades,side,is_obj,is_avg_pct,is_trades,is_q_pos,is_q,chosen_side,last8_avg_pct,last8_trades,top10_last8_pct,top10_is_pct
0,mean,15,long,0.07529327273368835,7.5293272733688354,15,6,6,long,0.8970920527782212,11,0.06680302964104652,7.336182817816734
0,mean,15,short,0.07183992862701416,7.183992862701416,15,10,10,short,0.05982559928675774,13,-0.8333038408582171,6.644972488284111
0,mean,15,either,0.07529327273368835,7.5293272733688354,15,6,6,long,0.8970920527782212,11,0.06680302964104652,7.336182817816734
0,mean,30,long,0.0531473271548748,5.31473271548748,31,8,8,long,-0.17726742395134004,23,-0.8656246692573956,4.916657656431198
0,mean,30,short,0.042672596871852875,4.2672596871852875,32,10,10,short,0.2293954338472413,39,0.13386063882712515,4.122837223112583
0,mean,30,either,0.0531473271548748,5.31473271548748,31,8,8,long,-0.17726742395134004,23,-0.8656246692573956,4.916657656431198
0,mean,60,long,0.0372658334672451,3.72658334672451,60,14,14,long,-0.6031996934775099,31,-0.5848497824331512,3.352832831442356
0,mean,60,short,0.02633943036198616,2.633943036198616,63,12,14,short,-0.4556320269433545,66,-0.5743865029757037,2.558769080787897
0,mean,60,either,0.0372658334672451,3.72658334672451,60,14,14,long,-0.6031996934775099,31,-0.5848497824331512,3.352832831442356
0,fpos,15,long,1.0376466363668442,7.5293272733688354,15,6,6,long,0.8970920527782212,11,0.1838395665814203,7.303778454661369
0,fpos,15,short,1.035919964313507,7.183992862701416,15,10,10,short,0.05982559928675774,13,-0.9087410295159927,6.639487147331239
0,fpos,15,either,1.0376466363668442,7.5293272733688354,15,6,6,long,0.8970920527782212,11,0.1838395665814203,7.303778454661369
0,fpos,30,long,1.0265736635774374,5.31473271548748,31,8,8,long,-0.17726742395134004,23,-1.3403167770895124,4.815079979598522
0,fpos,30,short,1.0213362984359264,4.2672596871852875,32,10,10,short,0.2293954338472413,39,0.05015716792309583,4.103020653128624
0,fpos,30,either,1.0265736635774374,5.31473271548748,31,8,8,long,-0.17726742395134004,23,-1.3403167770895124,4.815079979598522
0,fpos,60,long,1.0186329167336226,3.72658334672451,60,14,14,long,-0.6031996934775099,31,-0.5406191001513919,3.302463963627815
0,fpos,60,short,1.0126945236697793,2.53890473395586,62,12,12,short,-0.4737037404516859,45,-0.19550642656536313,2.455361597239971
0,fpos,60,either,1.0186329167336226,3.72658334672451,60,14,14,long,-0.6031996934775099,31,-0.5406191001513919,3.302463963627815
0,worst,15,long,0.04877612367272377,5.628376826643944,15,6,6,long,-2.4180174928558493,10,-1.4245815498511103,5.7930924370884895
0,worst,15,short,0.037370648235082626,4.407064616680145,16,6,6,short,-0.2748675551891272,7,0.14866147481040903,5.077491849660873
0,worst,15,either,0.04877612367272377,5.628376826643944,15,6,6,long,-2.4180174928558493,10,-1.4245815498511103,5.7930924370884895
0,worst,30,long,0.030383357778191566,4.49695810675621,33,6,6,long,-3.2920524199295897,4,-2.3881257568285976,4.299934171140194
0,worst,30,short,0.026252126321196556,3.6214150488376617,30,11,11,short,0.2999497178799341,43,-0.43452872055139824,3.3125284314155583
0,worst,30,either,0.030383357778191566,4.49695810675621,33,6,6,long,-3.2920524199295897,4,-2.3881257568285976,4.299934171140194
0,worst,60,long,0.015076041221618652,2.865404076874256,62,14,14,long,-0.9351965345489379,27,-1.3323133966810594,2.3791676200926304
0,worst,60,short,0.014912684448063374,1.6064399853348732,61,6,6,short,1.36014125204667,2,1.3738880681903525,1.6046059038490057
0,worst,60,either,0.015076041221618652,2.865404076874256,62,14,14,long,-0.9351965345489379,27,-0.41629029160534653,2.1712950989603996
1,mean,15,long,0.07290242612361908,7.290242612361908,15,9,9,long,1.2921520454924622,4,0.8144306187692371,7.00871042907238
1,mean,15,short,0.06447331607341766,6.447331607341766,15,8,9,short,-0.05617232366687422,28,-0.4739254103662861,6.042777709662914
1,mean,15,either,0.07290242612361908,7.290242612361908,15,9,9,long,1.2921520454924622,4,0.8144306187692371,7.00871042907238
1,mean,30,long,0.048008646816015244,4.800864681601524,31,11,12,long,-0.7830851103123603,28,-0.024296418155291266,4.519133605062962
1,mean,30,short,0.04451366513967514,4.451366513967514,33,12,12,short,-0.7996360770195104,34,-0.5378694788255948,4.0916455909609795
1,mean,30,either,0.048008646816015244,4.800864681601524,31,11,12,long,-0.7830851103123603,28,-0.3273785196193328,4.520670510828495
1,mean,60,long,0.031218459829688072,3.121845982968807,61,12,13,long,-0.45785428860262145,34,-0.02618623304266025,3.052310813218355
1,mean,60,short,0.025384720414876938,2.538472041487694,60,10,10,short,-0.2658952686407448,87,-0.3502368343728665,2.447376064956188
1,mean,60,either,0.031218459829688072,3.121845982968807,61,12,13,long,-0.45785428860262145,34,-0.02618623304266025,3.052310813218355
1,fpos,15,long,1.0364512130618095,7.290242612361908,15,9,9,long,1.2921520454924622,4,1.2263758554346222,6.942139118909836
1,fpos,15,short,1.029858773574233,5.971754714846611,16,10,10,short,-0.08064565617438174,22,-0.4772253745809336,5.8225637674331665
1,fpos,15,either,1.0364512130618095,7.290242612361908,15,9,9,long,1.2921520454924622,4,1.2263758554346222,6.942139118909836
1,fpos,30,long,1.0222717877477407,4.454357549548149,31,11,11,long,-0.26486450078900287,40,0.5880991880026739,4.377462454140186
1,fpos,30,short,1.0222568325698376,4.451366513967514,33,12,12,short,-0.7996360770195104,34,-0.8729713737073989,3.796770870685577
1,fpos,30,either,1.0222717877477407,4.454357549548149,31,11,11,long,-0.26486450078900287,40,0.4008684396446034,4.393254779279232
1,fpos,60,long,1.0137440664693713,2.7488132938742638,60,12,12,long,-0.5446722045744876,34,0.3323819769261793,2.5698874704539776
1,fpos,60,short,1.0126923602074385,2.538472041487694,60,10,10,short,-0.2658952686407448,87,-0.11096224254323755,2.400980982929468
1,fpos,60,either,1.0137440664693713,2.7488132938742638,60,12,12,long,-0.5446722045744876,34,0.2616743569262013,2.5737342052161694
1,worst,15,long,0.05290427803993225,6.438637524843216,15,6,6,long,3.7054173565839474,4,1.6196166416997473,5.520859993994236
1,worst,15,short,0.038829389959573746,5.078840255737305,15,6,6,short,-2.5548624184227307,8,-2.113102648232865,5.023790150880814
1,worst,15,either,0.05290427803993225,6.438637524843216,15,6,6,long,3.7054173565839474,4,1.6196166416997473,5.520859993994236
1,worst,30,long,0.02851337566971779,3.498905524611473,34,8,8,long,-0.3172347376359626,38,-0.669600580073217,3.6586828529834747
1,worst,30,short,0.02546176314353943,3.5183891654014587,32,10,10,short,-0.10677523830497587,17,0.15980321448474277,3.014044538140297
1,worst,30,either,0.02851337566971779,3.498905524611473,34,8,8,long,-0.3172347376359626,38,-0.669600580073217,3.6586828529834747
1,worst,60,long,0.013852317817509174,2.0872900262475014,69,7,7,long,-0.2751383470162472,58,-0.17423087312796426,2.1084583178162575
1,worst,60,short,0.013057020492851734,2.3426178842782974,68,10,10,short,-0.15696568426950427,78,0.3706891970670298,1.9925340544432402
1,worst,60,either,0.013852317817509174,2.0872900262475014,69,7,7,long,-0.2751383470162472,58,-0.1647069107085331,2.0278109051287174
2,mean,15,long,0.06380109488964081,6.380109488964081,15,6,7,long,-0.007595218209271059,18,-1.3649996258637764,6.222981251776218
2,mean,15,short,0.06642579287290573,6.642579287290573,15,7,7,short,-0.3622509479135173,24,-0.7635008805424222,6.274193078279495
2,mean,15,either,0.06642579287290573,6.642579287290573,15,7,7,short,-0.3622509479135173,24,-0.7698418442782048,6.3613418489694595
2,mean,30,long,0.04802650585770607,4.802650585770607,30,9,9,long,-0.5644864668928602,44,0.09070625359419103,4.393418878316879
2,mean,30,short,0.045545101165771484,4.554510116577148,30,11,11,short,1.1225852133023617,47,0.39440708071873803,4.318986423313618
2,mean,30,either,0.04802650585770607,4.802650585770607,30,9,9,long,-0.5644864668928602,44,0.4742104069139162,4.492392614483833
2,mean,60,long,0.031141184270381927,3.1141184270381927,69,9,12,long,-0.3760075682187051,67,-0.08961524304181842,3.046597857028246
2,mean,60,short,0.03188975155353546,3.188975155353546,63,13,14,short,0.15601625278417747,46,0.16530227395777133,2.953902278095484
2,mean,60,either,0.03188975155353546,3.188975155353546,63,13,14,short,0.15601625278417747,46,-0.0691619212852403,3.075357098132372
2,fpos,15,long,1.0318963266909122,6.379265338182449,18,9,9,long,1.1913362379085681,25,0.41914567677192505,6.093107424676418
2,fpos,15,short,1.0332128964364529,6.642579287290573,15,7,7,short,-0.3622509479135173,24,-0.502116676591535,6.199459061026573
2,fpos,15,either,1.0332128964364529,6.642579287290573,15,7,7,short,-0.3622509479135173,24,-0.45335750735254016,6.271305605769157
2,fpos,30,long,1.024013252928853,4.802650585770607,30,9,9,long,-0.5644864668928602,44,0.038899953736976585,4.086219631135464
2,fpos,30,short,1.0227725505828857,4.554510116577148,30,11,11,short,1.1225852133023617,47,-0.09111013227486346,4.246895052492619
2,fpos,30,either,1.024013252928853,4.802650585770607,30,9,9,long,-0.5644864668928602,44,0.16933507281046478,4.321156218647957
2,fpos,60,long,1.0153170786798,3.0634157359600067,60,10,10,long,-0.07199866008296985,83,-0.26549933169297607,2.7302242256700993
2,fpos,60,short,1.0144934551790357,2.8986910358071327,63,12,12,short,0.03358967061767337,74,0.4622907894931306,2.760905735194683
2,fpos,60,either,1.0153170786798,3.0634157359600067,60,10,10,long,-0.07199866008296985,83,-0.5978823818858151,2.835351601243019
2,worst,15,long,0.041874948889017105,4.666781798005104,17,6,6,long,-1.497974344753066,24,-1.2239249609307281,4.351841397583485
2,worst,15,short,0.03601021319627762,4.470429569482803,15,6,6,short,,0,0.05622634841494431,5.042123422026634
2,worst,15,either,0.041874948889017105,4.666781798005104,17,6,6,long,-1.497974344753066,24,-0.19693825110612553,4.509611390531063
2,worst,30,long,0.025121690705418587,3.580991178750992,30,6,6,long,0.09169219727245057,56,0.14519431630223525,3.049465585500002
2,worst,30,short,0.025797061622142792,3.6061812192201614,31,7,7,short,,0,-0.3091997810732595,3.1322003342211246
2,worst,30,either,0.025797061622142792,3.6061812192201614,31,7,7,short,,0,-0.40544441832336775,3.1882514432072644
2,worst,60,long,0.01776399090886116,2.04346626996994,64,8,8,long,0.8089439239547871,29,0.46540772284678134,1.9916030578315258
2,worst,60,short,0.014209657907485962,2.285069040954113,70,6,6,short,4.67557487611063,1,0.6698883938014673,1.8750103376805782
2,worst,60,either,0.01776399090886116,2.04346626996994,64,8,8,long,0.8089439239547871,29,0.9066549367866418,2.071194816380739
3,mean,15,long,0.0776304379105568,7.763043791055679,15,9,9,long,-0.9320856918605983,12,0.7680578877805074,7.4570876359939575
3,mean,15,short,0.06413117051124573,6.413117051124573,15,7,8,short,1.1564594510696418,7,1.0760144119757362,6.2273091822862625
3,mean,15,either,0.0776304379105568,7.763043791055679,15,9,9,long,-0.9320856918605983,12,0.7680578877805074,7.4570876359939575
3,mean,30,long,0.05340680852532387,5.340680852532387,30,9,10,long,0.4470140508629986,40,0.22653679349770714,5.204184949398041
3,mean,30,short,0.04049196094274521,4.049196094274521,30,7,10,short,1.6892871798385671,17,0.5933835665867643,3.9756827801465984
3,mean,30,either,0.05340680852532387,5.340680852532387,30,9,10,long,0.4470140508629986,40,0.22653679349770714,5.204184949398041
3,mean,60,long,0.03540143370628357,3.540143370628357,61,11,13,long,0.6388873970493423,42,0.40940983873370773,3.465534597635269
3,mean,60,short,0.025862693786621094,2.5862693786621094,60,10,13,short,-0.0785933538384791,87,-0.7015235716376136,2.4713327921926975
3,mean,60,either,0.03540143370628357,3.540143370628357,61,11,13,long,0.6388873970493423,42,0.40940983873370773,3.465534597635269
3,fpos,15,long,1.0388152189552784,7.763043791055679,15,9,9,long,-0.9320856918605983,12,0.7720397901272288,7.446456700563431
3,fpos,15,short,1.031140923500061,6.228184700012207,15,7,7,short,1.955352513233435,6,1.3272785633436377,6.17233008146286
3,fpos,15,either,1.0388152189552784,7.763043791055679,15,9,9,long,-0.9320856918605983,12,0.7720397901272288,7.446456700563431
3,fpos,30,long,1.0267004668712616,5.340093374252319,30,10,10,long,0.17836335301264264,40,0.21440095171211027,5.118678621947765
3,fpos,30,short,1.0196265000849962,3.9253000169992447,30,11,11,short,-0.5317477070234027,39,-0.8955034918266418,3.7826916575431824
3,fpos,30,either,1.0267004668712616,5.340093374252319,30,10,10,long,0.17836335301264264,40,0.21440095171211027,5.118678621947765
3,fpos,60,long,1.0148076619952917,2.961532399058342,61,12,12,long,0.3781999288993071,48,-0.32751387676750776,2.8826838731765747
3,fpos,60,short,1.0122862523421645,2.4572504684329033,60,12,12,short,0.5465006910290006,65,-0.09390192168813871,2.314395811408758
3,fpos,60,either,1.0148076619952917,2.961532399058342,61,12,12,long,0.3781999288993071,48,-0.32751387676750776,2.8826838731765747
3,worst,15,long,0.053497642278671265,6.93531334400177,15,6,6,long,0.07498078533770954,35,-0.8306235696525697,5.843141078948975
3,worst,15,short,0.047914497554302216,5.661522597074509,15,6,6,short,-0.5355709642705393,13,-0.5998767584851519,5.158546306192875
3,worst,15,either,0.053497642278671265,6.93531334400177,15,6,6,long,0.07498078533770954,35,-1.22050056709819,5.836601182818413
3,worst,30,long,0.027330419048666954,3.322354331612587,31,6,6,long,0.7544762245845834,24,0.20346800414493627,3.7368807755410667
3,worst,30,short,0.02143217623233795,3.3656131476163864,31,8,8,short,-0.10587874244248634,53,0.3497334581213256,3.111927453428507
3,worst,30,either,0.027330419048666954,3.322354331612587,31,6,6,long,0.7544762245845834,24,0.20346800414493627,3.7368807755410667
3,worst,60,long,0.012883470393717289,2.4290109053254128,60,11,11,long,-0.223627949797861,53,0.19477322177116244,2.3397210985422134
3,worst,60,short,0.01556985080242157,2.13079247623682,75,12,12,short,0.3457578065725279,69,0.027719553875832244,2.0408882945775986
3,worst,60,either,0.01556985080242157,2.13079247623682,75,12,12,short,0.3457578065725279,69,0.04699134323303954,2.1137197501957417
4,mean,15,long,0.07100162655115128,7.100162655115128,16,6,8,long,1.697984606072254,18,0.22321772643401097,6.71581469476223
4,mean,15,short,0.06641247123479843,6.641247123479843,15,6,6,short,3.039518315934232,8,0.6045541236092697,6.268514692783356
4,mean,15,either,0.07100162655115128,7.100162655115128,16,6,8,long,1.697984606072254,18,0.5761922599026053,6.72413557767868
4,mean,30,long,0.05075689032673836,5.075689032673836,31,10,12,long,0.08990673586893505,35,0.48842901150334667,4.911083839833736
4,mean,30,short,0.0455588661134243,4.55588661134243,31,8,11,short,0.6875659902896282,26,-0.17507279758886787,4.172897152602673
4,mean,30,either,0.05075689032673836,5.075689032673836,31,10,12,long,0.08990673586893505,35,0.48842901150334667,4.911083839833736
4,mean,60,long,0.036205995827913284,3.6205995827913284,60,11,12,long,0.01054149372115935,67,0.2561982887133599,3.4446909278631215
4,mean,60,short,0.02786494791507721,2.786494791507721,65,11,14,short,0.3535615144105972,46,0.6024588341362797,2.72471871227026
4,mean,60,either,0.036205995827913284,3.6205995827913284,60,11,12,long,0.01054149372115935,67,0.2561982887133599,3.4446909278631215
4,fpos,15,long,1.0327901914715767,6.558038294315338,16,7,7,long,-0.49022701875171243,24,0.9169468121630328,6.390521042048931
4,fpos,15,short,1.0332062356173992,6.641247123479843,15,6,6,short,3.039518315934232,8,0.4988308759579421,6.192565411329269
4,fpos,15,either,1.0332062356173992,6.641247123479843,15,6,6,short,3.039518315934232,8,1.2045943781566446,6.431068554520607
4,fpos,30,long,1.0251726750284433,5.034535005688667,30,9,9,long,0.39163624995197827,29,0.6655610554726218,4.8243265226483345
4,fpos,30,short,1.0198749024420977,3.9749804884195328,30,8,8,short,-0.02190300937943345,78,0.2360108686360936,3.869398906826973
4,fpos,30,either,1.0251726750284433,5.034535005688667,30,9,9,long,0.39163624995197827,29,0.6655610554726218,4.8243265226483345
4,fpos,60,long,1.0178551450371742,3.571029007434845,60,12,12,long,0.3447001816163874,100,0.2598987781416371,3.381799794733524
4,fpos,60,short,1.0138099128380418,2.7619825676083565,60,12,12,short,0.3898828495439917,47,0.6197221279228329,2.515322584658861
4,fpos,60,either,1.0178551450371742,3.571029007434845,60,12,12,long,0.3447001816163874,100,0.2598987781416371,3.381799794733524
4,worst,15,long,0.04143616557121277,5.029769241809845,15,6,6,long,-0.1450241565769904,28,0.15496748863900367,5.0109124556183815
4,worst,15,short,0.04128960520029068,4.986999183893204,15,6,6,short,1.537675107952152,11,-1.0140786413932243,5.109833627939224
4,worst,15,either,0.04143616557121277,5.029769241809845,15,6,6,long,-0.1450241565769904,28,0.15496748863900367,5.0109124556183815
4,worst,30,long,0.026448529213666916,3.1341679394245148,30,7,7,long,-0.1905526045673452,65,0.4598596765862247,3.2394984737038612
4,worst,30,short,0.026619242504239082,3.2071318477392197,30,10,10,short,1.6349039345997172,10,0.5422513059237393,3.4325799345970154
4,worst,30,either,0.026619242504239082,3.2071318477392197,30,10,10,short,1.6349039345997172,10,0.45118770698293204,3.5305898636579514
4,worst,60,long,0.017952291294932365,2.549893967807293,69,8,8,long,-0.010555354622557942,143,0.36503755927303927,2.5315170362591743
4,worst,60,short,0.012603447772562504,2.1347425878047943,101,12,12,short,-0.22833106151959942,91,0.007232585812103516,1.7511350754648447
4,worst,60,either,0.017952291294932365,2.549893967807293,69,8,8,long,-0.010555354622557942,143,0.36503755927303927,2.5315170362591743
5,mean,15,long,0.0807725116610527,8.07725116610527,15,6,6,long,2.5058646018286317,10,1.4944834804244873,7.750645279884338
5,mean,15,short,0.06818985193967819,6.818985193967819,15,8,8,short,0.67283254133727,8,0.1709644349123162,6.431350186467171
5,mean,15,either,0.0807725116610527,8.07725116610527,15,6,6,long,2.5058646018286317,10,1.4944834804244873,7.750645279884338
5,mean,30,long,0.0513109527528286,5.13109527528286,30,8,8,long,1.6335922168150903,25,0.9876648203509938,4.950071536004543
5,mean,30,short,0.04206417128443718,4.206417128443718,36,12,12,short,-0.3393449237370313,26,0.01956674458879669,4.039891958236694
5,mean,30,either,0.0513109527528286,5.13109527528286,30,8,8,long,1.6335922168150903,25,0.9876648203509938,4.950071536004543
5,mean,60,long,0.028475450351834297,2.8475450351834297,60,10,13,long,-0.39371500179884633,14,0.20757586612431767,2.7536646462976933
5,mean,60,short,0.027900399640202522,2.7900399640202522,67,12,12,short,0.22988292900383792,90,-0.2911048045949028,2.6758369989693165
5,mean,60,either,0.028475450351834297,2.8475450351834297,60,10,13,long,-0.39371500179884633,14,0.06167590576728955,2.766696270555258
5,fpos,15,long,1.0403862558305264,8.07725116610527,15,6,6,long,2.5058646018286317,10,1.515975492211492,7.743920758366585
5,fpos,15,short,1.034094925969839,6.818985193967819,15,8,8,short,0.67283254133727,8,1.0791488269118577,6.236877404153347
5,fpos,15,either,1.0403862558305264,8.07725116610527,15,6,6,long,2.5058646018286317,10,1.515975492211492,7.743920758366585
5,fpos,30,long,1.0256554763764143,5.13109527528286,30,8,8,long,1.6335922168150903,25,0.8954616749375126,4.922063164412975
5,fpos,30,short,1.0210320856422186,4.206417128443718,36,12,12,short,-0.3393449237370313,26,-0.05045436836834913,3.9035609364509583
5,fpos,30,either,1.0256554763764143,5.13109527528286,30,8,8,long,1.6335922168150903,25,0.8954616749375126,4.922063164412975
5,fpos,60,long,1.0130949951708317,2.618999034166336,60,9,9,long,0.33896998071636786,48,0.5479569546663067,2.4825389869511127
5,fpos,60,short,1.0139501998201013,2.7900399640202522,67,12,12,short,0.22988292900383792,90,-0.1003038864632473,2.538398541510105
5,fpos,60,either,1.0139501998201013,2.7900399640202522,67,12,12,short,0.22988292900383792,90,0.1601592796752188,2.5947231240570545
5,worst,15,long,0.05398450791835785,8.07725116610527,15,6,6,long,2.5058646018286317,10,1.154558440652853,6.895196735858917
5,worst,15,short,0.042965032160282135,5.884558334946632,16,7,7,short,1.931632879510099,38,2.1301029315449216,6.060169115662575
5,worst,15,either,0.05398450791835785,8.07725116610527,15,6,6,long,2.5058646018286317,10,1.154558440652853,6.895196735858917
5,worst,30,long,0.02884342521429062,4.809060320258141,30,8,8,long,3.0747579863729233,22,1.2789616892592548,4.081358704715967
5,worst,30,short,0.023571418598294258,2.953966148197651,33,7,7,short,1.1494269057512814,45,0.6755176296003887,2.9953179135918617
5,worst,30,either,0.02884342521429062,4.809060320258141,30,8,8,long,3.0747579863729233,22,1.2789616892592548,4.081358704715967
5,worst,60,long,0.014623117633163929,1.8590563908219337,60,7,7,long,0.8250855271842734,6,0.3456926975682838,1.612467095255852
5,worst,60,short,0.012428272515535355,1.728680543601513,64,6,6,short,-0.8750093534253038,5,-0.06916533182528632,1.7738201934844255
5,worst,60,either,0.014623117633163929,1.8590563908219337,60,7,7,long,0.8250855271842734,6,0.3456926975682838,1.612467095255852
6,mean,15,long,0.07654459774494171,7.654459774494171,15,5,7,long,-1.495740840058124,28,-1.5644127158658114,6.9861939549446115
6,mean,15,short,0.07442090660333633,7.442090660333633,15,6,6,short,-0.8867939363983147,29,-1.4228452074951392,6.9696009159088135
6,mean,15,either,0.07654459774494171,7.654459774494171,15,5,7,long,-1.495740840058124,28,-1.5605879363454045,7.193928360939025
6,mean,30,long,0.04421369358897209,4.421369358897209,30,11,11,long,-0.25141691357573137,41,-0.6420367857055279,4.301638565957546
6,mean,30,short,0.04343123733997345,4.343123733997345,32,11,11,short,-0.5005513528700384,28,-0.36738077275801073,4.104988798499107
6,mean,30,either,0.04421369358897209,4.421369358897209,30,11,11,long,-0.25141691357573137,41,-0.7477618906613288,4.310016334056854
6,mean,60,long,0.029872655868530273,2.9872655868530273,61,12,14,long,0.05587107884298901,73,-0.260877832746531,2.780402582138777
6,mean,60,short,0.028475623577833176,2.8475623577833176,62,12,13,short,-0.5745855290743941,47,-0.8087401161111731,2.693587150424719
6,mean,60,either,0.029872655868530273,2.9872655868530273,61,12,14,long,0.05587107884298901,73,-0.3808325725145838,2.8064739145338535
6,fpos,15,long,1.0374714732170105,7.4942946434021,15,6,6,long,-2.176798844994928,22,-1.2151729472805275,6.752558052539825
6,fpos,15,short,1.0372104533016682,7.442090660333633,15,6,6,short,-0.8867939363983147,29,-0.9070763849032111,6.255943961441517
6,fpos,15,either,1.0374714732170105,7.4942946434021,15,6,6,long,-2.176798844994928,22,-1.2679908261470691,6.855316758155823
6,fpos,30,long,1.022106846794486,4.421369358897209,30,11,11,long,-0.25141691357573137,41,-0.10370457390179318,4.18463010340929
6,fpos,30,short,1.0217156186699867,4.343123733997345,32,11,11,short,-0.5005513528700384,28,-0.5311011312146208,4.032813683152199
6,fpos,30,either,1.022106846794486,4.421369358897209,30,11,11,long,-0.25141691357573137,41,-0.17180522121509686,4.2345501109957695
6,fpos,60,long,1.0121020274236798,2.4204054847359657,65,13,13,long,0.010379618964106638,68,-0.39893040873983443,2.3534605279564857
6,fpos,60,short,1.012437479570508,2.4874959141016006,60,12,12,short,-0.22548433428164327,51,0.11354563533556257,2.3835193552076817
6,fpos,60,either,1.012437479570508,2.4874959141016006,60,12,12,short,-0.22548433428164327,51,0.0026907510546649895,2.410931810736656
6,worst,15,long,0.03937830775976181,4.628948494791985,16,6,6,long,-1.2071049961330937,23,0.8816839652033068,4.617205001413822
6,worst,15,short,0.03806344419717789,5.148693174123764,16,8,8,short,2.1189635980332375,17,0.4019759831125308,5.1109373569488525
6,worst,15,either,0.03937830775976181,4.628948494791985,16,6,6,long,-1.2071049961330937,23,1.2135792247888986,4.782957211136818
6,worst,30,long,0.02552742511034012,2.9417620971798897,37,6,6,long,-0.059716453666552406,36,-0.01344974359425038,3.1425051577389245
6,worst,30,short,0.026332959532737732,3.518713265657425,30,8,8,short,0.7216015141062305,26,0.5946332150929634,3.180514834821224
6,worst,30,either,0.026332959532737732,3.518713265657425,30,8,8,short,0.7216015141062305,26,0.09241938285610485,3.2255074754357334
6,worst,60,long,0.017413180321455002,2.155640162527561,60,9,9,long,-0.34855232352784765,54,-0.37272088819258553,2.011685222387314
6,worst,60,short,0.01199244149029255,1.4540350064635277,60,6,6,short,4.65288167049999,2,0.8508340916630531,1.6530526615679264
6,worst,60,either,0.017413180321455002,2.155640162527561,60,9,9,long,-0.34855232352784765,54,-0.37272088819258553,2.011685222387314
7,mean,15,long,0.07367850840091705,7.367850840091705,15,7,7,long,-0.7571047397602618,16,-0.06620510459074437,7.005756720900536
7,mean,15,short,0.07187480479478836,7.187480479478836,15,7,7,short,1.164415667976427,17,1.0969858609409286,6.720930188894273
7,mean,15,either,0.07367850840091705,7.367850840091705,15,7,7,long,-0.7571047397602618,16,0.2677154629540333,7.080712914466858
7,mean,30,long,0.04957115650177002,4.957115650177002,30,11,12,long,0.5607645588356475,13,0.309279955466255,4.799064919352531
7,mean,30,short,0.045996326953172684,4.599632695317268,30,10,10,short,1.2300420596990662,36,0.9404981290259101,4.49546504765749
7,mean,30,either,0.04957115650177002,4.957115650177002,30,11,12,long,0.5607645588356475,13,0.309279955466255,4.799064919352531
7,mean,60,long,0.033052291721105576,3.3052291721105576,61,13,14,long,0.3433568175270958,57,0.009166743969636673,3.1466628797352314
7,mean,60,short,0.02675059624016285,2.675059624016285,61,13,13,short,0.6484890301282823,55,-0.3402514842856308,2.5753754936158657
7,mean,60,either,0.033052291721105576,3.3052291721105576,61,13,14,long,0.3433568175270958,57,0.009166743969636673,3.1466628797352314
7,fpos,15,long,1.0368392542004585,7.367850840091705,15,7,7,long,-0.7571047397602618,16,0.09928080320733704,6.945032849907876
7,fpos,15,short,1.0359374023973942,7.187480479478836,15,7,7,short,1.164415667976427,17,0.983044666489438,6.6963529586792
7,fpos,15,either,1.0368392542004585,7.367850840091705,15,7,7,long,-0.7571047397602618,16,0.6016045614823194,7.030317336320876
7,fpos,30,long,1.0240181423723698,4.803628474473953,30,9,9,long,-0.26002251813959626,36,0.41985941494233303,4.478843547403812
7,fpos,30,short,1.0229981634765863,4.599632695317268,30,10,10,short,1.2300420596990662,36,0.5048723813005582,3.9756599441170692
7,fpos,30,either,1.0240181423723698,4.803628474473953,30,9,9,long,-0.26002251813959626,36,0.6129565805772774,4.509527496993542
7,fpos,60,long,1.0163763500750065,3.275270015001297,62,14,14,long,-0.28799562903021764,62,0.005505974116217886,2.867522481828928
7,fpos,60,short,1.0133752981200814,2.675059624016285,61,13,13,short,0.6484890301282823,55,-0.3515544891000988,2.5570372864603996
7,fpos,60,either,1.0163763500750065,3.275270015001297,62,14,14,long,-0.28799562903021764,62,0.005505974116217886,2.867522481828928
7,worst,15,long,0.053266942501068115,6.011470407247543,15,6,6,long,-1.862161111132688,31,-0.7285893633168281,5.762338191270828
7,worst,15,short,0.041626907885074615,5.447911471128464,15,6,6,short,-1.222265512070576,8,0.7098804387473635,5.089744068682194
7,worst,15,either,0.053266942501068115,6.011470407247543,15,6,6,long,-1.862161111132688,31,-0.7285893633168281,5.762338191270828
7,worst,30,long,0.027483705431222916,3.971877321600914,32,8,8,long,-1.448524934301543,44,-1.124908276431175,3.8933749496936803
7,worst,30,short,0.02326367422938347,3.0178137123584747,30,6,6,short,-2.022972709781503,14,-0.1651307069160275,2.794395238161087
7,worst,30,either,0.027483705431222916,3.971877321600914,32,8,8,long,-1.448524934301543,44,-1.124908276431175,3.8933749496936803
7,worst,60,long,0.018487155437469482,2.3967474699020386,61,9,9,long,0.936058895985266,28,-0.5754091599853159,2.22961762920022
7,worst,60,short,0.012231770902872086,2.536211535334587,60,11,11,short,0.9509281820265617,63,0.479643157708655,1.8914342951029541
7,worst,60,either,0.018487155437469482,2.3967474699020386,61,9,9,long,0.936058895985266,28,-0.5754091599853159,2.22961762920022
8,mean,15,long,0.08278626948595047,8.278626948595047,16,7,7,long,-1.0964418969662044,15,2.2345788199384646,8.067330121994019
8,mean,15,short,0.0690922886133194,6.90922886133194,15,7,7,short,-0.27632143273653764,25,-0.1204700327357948,6.724747568368912
8,mean,15,either,0.08278626948595047,8.278626948595047,16,7,7,long,-1.0964418969662044,15,2.2345788199384646,8.067330121994019
8,mean,30,long,0.05018685758113861,5.018685758113861,30,10,11,long,-0.6013506372242483,23,0.6230857783445134,4.904100596904755
8,mean,30,short,0.04290775582194328,4.290775582194328,30,9,9,short,-0.13508148932222233,34,0.8008114433464341,4.179121665656567
8,mean,30,either,0.05018685758113861,5.018685758113861,30,10,11,long,-0.6013506372242483,23,0.6230857783445134,4.904100596904755
8,mean,60,long,0.03269059583544731,3.269059583544731,60,9,12,long,1.0292277820883524,55,0.5364232835049898,3.2093405351042747
8,mean,60,short,0.029603732749819756,2.9603732749819756,62,10,12,short,-0.7575489051898728,42,0.31269836435737913,2.8078270331025124
8,mean,60,either,0.03269059583544731,3.269059583544731,60,9,12,long,1.0292277820883524,55,0.5364232835049898,3.2093405351042747
8,fpos,15,long,1.0413931347429752,8.278626948595047,16,7,7,long,-1.0964418969662044,15,2.6971369439221626,8.01686704158783
8,fpos,15,short,1.0345461443066597,6.90922886133194,15,7,7,short,-0.27632143273653764,25,-0.12047003273579474,6.724747568368912
8,fpos,15,either,1.0413931347429752,8.278626948595047,16,7,7,long,-1.0964418969662044,15,2.6971369439221626,8.01686704158783
8,fpos,30,long,1.0243040099740028,4.860801994800568,31,11,11,long,0.8271636227680792,23,1.314954995292119,4.6623823046684265
8,fpos,30,short,1.0214538779109716,4.290775582194328,30,9,9,short,-0.13508148932222233,34,0.6370656030397157,4.141565784811974
8,fpos,30,either,1.0243040099740028,4.860801994800568,31,11,11,long,0.8271636227680792,23,1.314954995292119,4.6623823046684265
8,fpos,60,long,1.0140124708414078,2.802494168281555,61,14,14,long,-0.6380033632124361,64,-0.24861104126626782,2.520347237586975
8,fpos,60,short,1.013944586738944,2.7889173477888107,62,12,12,short,0.8875443320588509,60,0.8369717690734593,2.597682736814022
8,fpos,60,either,1.0140124708414078,2.802494168281555,61,14,14,long,-0.6380033632124361,64,0.34640838181900513,2.6515145413577557
8,worst,15,long,0.04629391059279442,5.757361650466919,15,6,6,long,1.928321126697494,7,-0.009566605376315953,5.728376097977161
8,worst,15,short,0.04225754365324974,6.546930223703384,15,6,6,short,-0.9300893436083955,11,-0.7804525730791595,5.224500559270382
8,worst,15,either,0.04629391059279442,5.757361650466919,15,6,6,long,1.928321126697494,7,-0.009566605376315953,5.728376097977161
8,worst,30,long,0.034195203334093094,4.7135427594184875,31,6,6,long,2.2827864253398107,29,0.3613458369263326,3.9276472479105
8,worst,30,short,0.023177554830908775,2.9861044138669968,30,6,6,short,-1.4323418832616444,9,-0.5020414542790811,2.9427120834589005
8,worst,30,either,0.034195203334093094,4.7135427594184875,31,6,6,long,2.2827864253398107,29,0.3613458369263326,3.9276472479105
8,worst,60,long,0.013195403851568699,1.727067120373249,63,6,6,long,-0.25956578043640466,96,-0.512415704837029,1.6881301999092102
8,worst,60,short,0.015048827044665813,2.397833578288555,60,12,12,short,1.2060521251794558,52,0.5665835238572303,1.9193863216787577
8,worst,60,either,0.015048827044665813,2.397833578288555,60,12,12,short,1.2060521251794558,52,-0.06478851629630135,1.869024382904172
9,mean,15,long,0.07324802875518799,7.324802875518799,16,8,8,long,-1.5016451764040049,10,-0.400521314079088,7.00412154197693
9,mean,15,short,0.07397247850894928,7.397247850894928,15,8,8,short,0.38502366382309544,24,-0.6498304528648727,6.512778699398041
9,mean,15,either,0.07397247850894928,7.397247850894928,15,8,8,short,0.38502366382309544,24,-0.30727069184027767,7.064165994524956
9,mean,30,long,0.04878394678235054,4.878394678235054,34,13,14,long,-0.7835051837022001,34,-0.8626265293366288,4.776974357664585
9,mean,30,short,0.04280995950102806,4.280995950102806,30,9,11,short,0.8049950941041977,35,-0.22972162538369903,4.178976826369762
9,mean,30,either,0.04878394678235054,4.878394678235054,34,13,14,long,-0.7835051837022001,34,-0.8626265293366288,4.776974357664585
9,mean,60,long,0.031033236533403397,3.1033236533403397,60,12,12,long,0.8362218931171894,57,-0.1458097898409559,3.0077913217246532
9,mean,60,short,0.027930282056331635,2.7930282056331635,62,10,13,short,-0.3665594865903675,58,-0.03431395254709625,2.651476040482521
9,mean,60,either,0.031033236533403397,3.1033236533403397,60,12,12,long,0.8362218931171894,57,-0.1458097898409559,3.0077913217246532
9,fpos,15,long,1.036624014377594,7.324802875518799,16,8,8,long,-1.5016451764040049,10,-0.1820044112084718,6.89130261540413
9,fpos,15,short,1.0369862392544746,7.397247850894928,15,8,8,short,0.38502366382309544,24,0.16333220150416108,6.4241646602749825
9,fpos,15,either,1.0369862392544746,7.397247850894928,15,8,8,short,0.38502366382309544,24,-0.12156248861474976,6.965839117765427
9,fpos,30,long,1.0236849915236235,4.736998304724693,30,9,9,long,-0.5554117899186465,41,-0.35905964286056535,4.654192365705967
9,fpos,30,short,1.0212642457336187,4.252849146723747,32,11,11,short,-0.8656452871735837,24,-0.45345008776581347,3.896860890090466
9,fpos,30,either,1.0236849915236235,4.736998304724693,30,9,9,long,-0.5554117899186465,41,-0.35905964286056535,4.654192365705967
9,fpos,60,long,1.0155166182667017,3.1033236533403397,60,12,12,long,0.8362218931171894,57,-0.369984581719629,2.8293605893850327
9,fpos,60,short,1.0134824803099036,2.6964960619807243,64,10,10,short,-0.7549616023137673,46,-0.46589606883588025,2.5832006521523
9,fpos,60,either,1.0155166182667017,3.1033236533403397,60,12,12,long,0.8362218931171894,57,-0.369984581719629,2.8293605893850327
9,worst,15,long,0.04262557253241539,6.563151627779007,15,6,6,long,-0.4555205910259217,30,0.06481157275596752,5.725727304816246
9,worst,15,short,0.03832920640707016,5.367155745625496,15,6,6,short,-2.456636257928614,5,-0.7094551424675135,4.957424178719521
9,worst,15,either,0.04262557253241539,6.563151627779007,15,6,6,long,-0.4555205910259217,30,0.06481157275596752,5.725727304816246
9,worst,30,long,0.027686646208167076,3.066360019147396,31,6,6,long,-0.6778620141741435,51,0.07840412194455385,4.191694799810648
9,worst,30,short,0.02390737645328045,3.1771086156368256,32,6,6,short,0.03504130715774238,9,-0.5496480303597534,3.089808411896229
9,worst,30,either,0.027686646208167076,3.066360019147396,31,6,6,long,-0.6778620141741435,51,0.07840412194455385,4.191694799810648
9,worst,60,long,0.013298707082867622,2.715087868273258,70,13,13,long,0.14031208434089354,76,0.14963772897258748,1.851937174797058
9,worst,60,short,0.011296878568828106,1.5518250875175,62,7,7,short,0.19506307520780267,113,0.5445125363059888,1.620143176987767
9,worst,60,either,0.013298707082867622,2.715087868273258,70,13,13,long,0.14031208434089354,76,0.2398470942808077,1.8214620277285578
10,mean,15,long,0.07613741606473923,7.613741606473923,15,7,7,long,-1.1313104616007164,20,-0.28885006825525383,7.17700958251953
10,mean,15,short,0.07486345618963242,7.486345618963242,15,8,8,short,-1.015387884764838,21,-0.9076384221909326,7.066541388630868
10,mean,15,either,0.07613741606473923,7.613741606473923,15,7,7,long,-1.1313104616007164,20,-0.9564230406519256,7.2661841660738
10,mean,30,long,0.05152567848563194,5.152567848563194,33,9,10,long,-0.3817701228404908,47,-0.6167493864374365,4.7520240768790245
10,mean,30,short,0.04954700171947479,4.954700171947479,30,8,8,short,-0.49956410777177285,46,-0.2874676228585754,4.768914766609669
10,mean,30,either,0.05152567848563194,5.152567848563194,33,9,10,long,-0.3817701228404908,47,-0.3502559000966637,4.8599328473210335
10,mean,60,long,0.034358467906713486,3.4358467906713486,62,10,12,long,-0.8302603941892288,55,-0.2765388181869816,3.3363611623644833
10,mean,60,short,0.029382415115833282,2.9382415115833282,64,12,14,short,0.42396085087180274,67,0.2932500386640935,2.8237038664519787
10,mean,60,either,0.034358467906713486,3.4358467906713486,62,10,12,long,-0.8302603941892288,55,-0.2765388181869816,3.3363611623644833
10,fpos,15,long,1.0380687080323696,7.613741606473923,15,7,7,long,-1.1313104616007164,20,-0.19616787035116576,7.170494496822358
10,fpos,15,short,1.0374317280948162,7.486345618963242,15,8,8,short,-1.015387884764838,21,-0.9845485492659962,7.053955867886544
10,fpos,15,either,1.0380687080323696,7.613741606473923,15,7,7,long,-1.1313104616007164,20,-0.9564230406519256,7.2661841660738
10,fpos,30,long,1.0248657204210758,4.973144084215164,31,12,12,long,-0.4322600671220651,34,-0.4548682214124695,4.551905803382397
10,fpos,30,short,1.0247735008597374,4.954700171947479,30,8,8,short,-0.5498989748432658,48,-0.15210099390158865,4.710408188402653
10,fpos,30,either,1.0248657204210758,4.973144084215164,31,12,12,long,-0.4322600671220651,34,-0.2564324498104185,4.7601331025362015
10,fpos,60,long,1.0150359338149428,3.0071867629885674,61,11,11,long,-0.7652379731965743,93,-0.34380387740199403,2.806114796549082
10,fpos,60,short,1.0140272928401828,2.8054585680365562,61,11,11,short,0.8568418851117218,78,0.13256643433505907,2.6960368640720844
10,fpos,60,either,1.0150359338149428,3.0071867629885674,61,11,11,long,-0.7652379731965743,93,-0.1547746576927996,2.832237482070923
10,worst,15,long,0.0432102344930172,7.054088264703751,15,6,6,long,-0.4136478375850735,28,-0.8884065029587815,6.434425562620164
10,worst,15,short,0.041626445949077606,6.707771122455597,16,7,7,short,-1.7804777594573586,14,-1.0175933665518853,6.253635473549365
10,worst,15,either,0.0432102344930172,7.054088264703751,15,6,6,long,-0.4136478375850735,28,-0.8884065029587815,6.434425562620164
10,worst,30,long,0.024498553946614265,3.3639125525951385,46,14,14,long,-0.19789973162687965,45,0.4350448314806623,3.5860651172697544
10,worst,30,short,0.022558556869626045,3.648257628083229,30,10,10,short,-0.34112310760463704,20,-0.18373882377005027,3.9943719655275345
10,worst,30,either,0.024498553946614265,3.3639125525951385,46,14,14,long,-0.19789973162687965,45,0.4350448314806623,3.5860651172697544
10,worst,60,long,0.015840033069252968,1.8144259229302406,66,7,7,long,-0.10083735697384867,97,-0.1582515314818692,2.041359134018421
10,worst,60,short,0.014710628427565098,2.131127193570137,65,7,7,short,-5.89966862945116,3,-2.6974004846517685,1.8818478100001812
10,worst,60,either,0.015840033069252968,1.8144259229302406,66,7,7,long,-0.10083735697384867,97,-0.770935958958739,2.0163510367274284
11,mean,15,long,0.07242067158222198,7.2420671582221985,16,9,9,long,5.886159664019531,6,1.0090732934031486,6.845301613211633
11,mean,15,short,0.06804057955741882,6.804057955741882,15,9,9,short,0.16880386412405202,17,1.5438330172859627,6.357016935944556
11,mean,15,either,0.07242067158222198,7.2420671582221985,16,9,9,long,5.886159664019531,6,1.105493104894008,6.857374534010888
11,mean,30,long,0.04555301368236542,4.555301368236542,32,10,10,long,-0.9873264106451491,21,-0.28594359751443454,4.382784217596054
11,mean,30,short,0.043163422495126724,4.316342249512672,31,12,12,short,0.23305830772618416,36,0.01319238090083147,4.177039191126823
11,mean,30,either,0.04555301368236542,4.555301368236542,32,10,10,long,-0.9873264106451491,21,-0.16365255834748313,4.384794607758522
11,mean,60,long,0.03045450709760189,3.045450709760189,60,10,13,long,-1.0224794696694883,42,-0.38266987677556147,2.9199753142893314
11,mean,60,short,0.027896003797650337,2.7896003797650337,60,11,13,short,1.0294280919133736,68,0.48033041392232956,2.7435601875185966
11,mean,60,either,0.03045450709760189,3.045450709760189,60,10,13,long,-1.0224794696694883,42,-0.38266987677556147,2.9199753142893314
11,fpos,15,long,1.036210335791111,7.2420671582221985,16,9,9,long,5.886159664019531,6,1.9210052362696968,6.725420877337456
11,fpos,15,short,1.0340202897787094,6.804057955741882,15,9,9,short,0.16880386412405202,17,1.5438330172859627,6.357016935944556
11,fpos,15,either,1.036210335791111,7.2420671582221985,16,9,9,long,5.886159664019531,6,1.4292096082634955,6.748907044529914
11,fpos,30,long,1.0227765068411827,4.555301368236542,32,10,10,long,-0.9873264106451491,21,0.6518418177592695,4.282940216362476
11,fpos,30,short,1.0215817112475634,4.316342249512672,31,12,12,short,0.23305830772618416,36,-0.28095178508213026,4.099605344235897
11,fpos,30,either,1.0227765068411827,4.555301368236542,32,10,10,long,-0.9873264106451491,21,0.5923072205455853,4.334165342152119
11,fpos,60,long,1.013405567035079,2.6811134070158005,64,6,6,long,-0.37709434973408756,4,-0.21090260074952846,2.529362328350544
11,fpos,60,short,1.0117991175502539,2.3598235100507736,76,11,11,short,-0.04287637710030186,95,-0.06141823654944591,2.1851676516234875
11,fpos,60,either,1.013405567035079,2.6811134070158005,64,6,6,long,-0.37709434973408756,4,-0.21090260074952846,2.529362328350544
11,worst,15,long,0.04132051020860672,5.603241920471191,19,6,6,long,3.9369963715498937,5,1.281987160406497,5.231859348714352
11,worst,15,short,0.044751256704330444,6.288260221481323,17,10,10,short,2.759215035310732,10,-0.35118144740888246,5.15170369297266
11,worst,15,either,0.044751256704330444,6.288260221481323,17,10,10,short,2.759215035310732,10,0.8032157031952268,5.299907252192497
11,worst,30,long,0.0272159855812788,3.1661830842494965,33,8,8,long,0.10142000230529995,26,-1.263159496559684,3.231987953186035
11,worst,30,short,0.022850310429930687,2.96725369989872,31,6,6,short,,0,-0.4205927810076119,2.9055857472121716
11,worst,30,either,0.0272159855812788,3.1661830842494965,33,8,8,long,0.10142000230529995,26,-1.263159496559684,3.231987953186035
11,worst,60,long,0.012367571704089642,1.3891903683543205,63,7,7,long,4.3980992002232755,2,2.586498360581749,1.6168879903852942
11,worst,60,short,0.010055731981992722,1.8174253404140472,82,11,11,short,0.24472176530337683,97,-0.1195957784005231,1.8184584751725197
11,worst,60,either,0.012367571704089642,1.3891903683543205,63,7,7,long,4.3980992002232755,2,2.586498360581749,1.6168879903852942
12,mean,15,long,0.08505966514348984,8.505966514348984,15,8,8,long,-4.576374956709906,6,-1.9097007087061562,7.776318714022637
12,mean,15,short,0.0695851668715477,6.95851668715477,15,8,8,short,-2.3548489022658403,5,-1.3966294214625248,6.59455880522728
12,mean,15,either,0.08505966514348984,8.505966514348984,15,8,8,long,-4.576374956709906,6,-1.9097007087061562,7.776318714022637
12,mean,30,long,0.05273866653442383,5.273866653442383,33,11,11,long,-1.3956003165390922,19,-1.5046687797184468,5.026071071624756
12,mean,30,short,0.04237676039338112,4.237676039338112,33,10,10,short,-0.10322519947402195,42,-0.3706940047111823,4.151410311460495
12,mean,30,either,0.05273866653442383,5.273866653442383,33,11,11,long,-1.3956003165390922,19,-1.5046687797184468,5.026071071624756
12,mean,60,long,0.03554375097155571,3.554375097155571,60,11,13,long,-0.6370663451621902,44,-1.1637397829519514,3.377512581646443
12,mean,60,short,0.03048996813595295,3.048996813595295,61,12,13,short,0.1933748529075558,76,-0.2098386324991785,2.8908753395080566
12,mean,60,either,0.03554375097155571,3.554375097155571,60,11,13,long,-0.6370663451621902,44,-1.1637397829519514,3.377512581646443
12,fpos,15,long,1.042529832571745,8.505966514348984,15,8,8,long,-4.576374956709906,6,-1.7681499926309276,7.774410843849182
12,fpos,15,short,1.0347925834357738,6.95851668715477,15,8,8,short,-2.3548489022658403,5,-0.7686646014585524,6.228481829166412
12,fpos,15,either,1.042529832571745,8.505966514348984,15,8,8,long,-4.576374956709906,6,-1.7681499926309276,7.774410843849182
12,fpos,30,long,1.026369333267212,5.273866653442383,33,11,11,long,-1.3956003165390922,19,-0.9409212621608237,4.9341801181435585
12,fpos,30,short,1.0211883801966906,4.237676039338112,33,10,10,short,-0.10322519947402195,42,-0.5341143489200507,4.134766682982445
12,fpos,30,either,1.026369333267212,5.273866653442383,33,11,11,long,-1.3956003165390922,19,-0.9409212621608237,4.9341801181435585
12,fpos,60,long,1.0159594882279634,3.1918976455926895,60,11,11,long,-2.1826575206990557,49,-1.7746773743630355,2.9915851540863514
12,fpos,60,short,1.013780859299004,2.7561718598008156,60,13,13,short,-0.3348862232067344,79,-0.07394077418545958,2.6155399344861507
12,fpos,60,either,1.0159594882279634,3.1918976455926895,60,11,11,long,-2.1826575206990557,49,-1.7746773743630355,2.9915851540863514
12,worst,15,long,0.06082867458462715,8.016084879636765,17,7,7,long,1.8006974251084873,4,-0.22240660816214192,6.935843043029307
12,worst,15,short,0.03974302485585213,4.528247565031052,15,6,6,short,-0.8980399007063451,4,0.17692664133684186,4.948511086404324
12,worst,15,either,0.06082867458462715,8.016084879636765,17,7,7,long,1.8006974251084873,4,-0.22240660816214192,6.935843043029307
12,worst,30,long,0.03056502155959606,5.051607266068459,30,8,8,long,-2.886325264103708,6,-3.3722137091049156,4.728614203631878
12,worst,30,short,0.02472032979130745,3.6135364323854446,30,6,6,short,0.3452125725719253,50,0.1658513982441418,3.1991752423346043
12,worst,30,either,0.03056502155959606,5.051607266068459,30,8,8,long,-2.886325264103708,6,-3.3722137091049156,4.728614203631878
12,worst,60,long,0.015515625476837158,2.334940806031227,62,7,7,long,3.91133207961962,1,0.11522954659311659,1.8504939507693052
12,worst,60,short,0.014153284952044487,1.9122786819934845,63,7,7,short,-0.37146168219376,1,-0.28966221059059394,1.938535813242197
12,worst,60,either,0.015515625476837158,2.334940806031227,62,7,7,long,3.91133207961962,1,0.28325315754060915,2.06492368131876
13,mean,15,long,0.07197980582714081,7.197980582714081,17,6,6,long,-0.37209727273023907,23,0.27207062474942617,6.824220269918442
13,mean,15,short,0.0641612708568573,6.41612708568573,15,5,6,short,3.1307550004683824,19,1.0330232783772906,6.145253889262676
13,mean,15,either,0.07197980582714081,7.197980582714081,17,6,6,long,-0.37209727273023907,23,0.27207062474942617,6.824220269918442
13,mean,30,long,0.04961572214961052,4.961572214961052,30,8,9,long,0.02015774525300956,30,0.5654760198416103,4.819192253053188
13,mean,30,short,0.04457971081137657,4.457971081137657,33,9,10,short,0.01849910479795761,21,0.38105558346156687,4.128486327826977
13,mean,30,either,0.04961572214961052,4.961572214961052,30,8,9,long,0.02015774525300956,30,0.5654760198416103,4.819192253053188
13,mean,60,long,0.031809959560632706,3.1809959560632706,61,10,13,long,-1.064433646806082,47,-0.4165261904067084,3.0322861671447754
13,mean,60,short,0.028763802722096443,2.8763802722096443,62,10,11,short,-0.4074268038782431,50,-0.12882196155405046,2.819151356816292
13,mean,60,either,0.031809959560632706,3.1809959560632706,61,10,13,long,-1.064433646806082,47,-0.4165261904067084,3.0322861671447754
13,fpos,15,long,1.0359899029135704,7.197980582714081,17,6,6,long,-0.37209727273023907,23,0.13253872770352448,6.728769093751907
13,fpos,15,short,1.0298976302146912,5.979526042938232,16,10,10,short,0.13075697222756136,21,-1.442589433591515,5.897196941077709
13,fpos,15,either,1.0359899029135704,7.197980582714081,17,6,6,long,-0.37209727273023907,23,0.13253872770352448,6.728769093751907
13,fpos,30,long,1.0241897907108068,4.837958142161369,30,12,12,long,2.0306868207669844,29,0.3085035588716559,4.648342356085777
13,fpos,30,short,1.0206346344202757,4.126926884055138,31,12,12,short,1.53007808865,32,-0.38209755931737654,3.8304913043975835
13,fpos,30,either,1.0241897907108068,4.837958142161369,30,12,12,long,2.0306868207669844,29,0.3085035588716559,4.648342356085777
13,fpos,60,long,1.0153144262731075,3.0628852546215057,60,14,14,long,-1.031446411017527,46,-1.1960417792094984,2.890724614262581
13,fpos,60,short,1.0143514852970839,2.870297059416771,69,14,14,short,-0.517703153007876,55,-0.04054992192465416,2.67601665109396
13,fpos,60,either,1.0153144262731075,3.0628852546215057,60,14,14,long,-1.031446411017527,46,-0.6952759194351188,2.9079279862344265
13,worst,15,long,0.038139134645462036,5.329016596078873,16,6,6,long,-2.3376605728099116,11,-0.21933541321558486,5.166195183992386
13,worst,15,short,0.035525377839803696,5.675835534930229,16,7,7,short,0.42826483414828076,17,0.5899411622532834,4.650664813816547
13,worst,15,either,0.038139134645462036,5.329016596078873,16,6,6,long,-2.3376605728099116,11,-0.42781725148283384,5.044244192540646
13,worst,30,long,0.03112977370619774,4.589246958494186,30,7,7,long,0.5642778487645785,18,0.5238858868214747,4.1081321984529495
13,worst,30,short,0.024658117443323135,3.6441080272197723,30,10,10,short,0.9695304256389975,64,-0.6715409254147259,2.8376688435673714
13,worst,30,either,0.03112977370619774,4.589246958494186,30,7,7,long,0.5642778487645785,18,0.5238858868214747,4.1081321984529495
13,worst,60,long,0.015573929995298386,1.9897567108273506,66,9,9,long,-0.48254687507058797,42,-0.3408231959656371,2.0728319324553013
13,worst,60,short,0.012568154372274876,1.4862538315355778,60,6,6,short,5.75659005988231,1,1.4171354464552182,1.8973814509809017
13,worst,60,either,0.015573929995298386,1.9897567108273506,66,9,9,long,-0.48254687507058797,42,-0.3408231959656371,2.0728319324553013
14,mean,15,long,0.07129031419754028,7.129031419754028,17,8,8,long,0.18534375247021945,13,0.5058796667541697,6.727050244808197
14,mean,15,short,0.06800533086061478,6.800533086061478,15,7,7,short,1.6272334933147958,12,0.09831582543321288,6.586541309952736
14,mean,15,either,0.07129031419754028,7.129031419754028,17,8,8,long,0.18534375247021945,13,0.4499218642845389,6.804344579577445
14,mean,30,long,0.04576607793569565,4.576607793569565,30,7,9,long,0.2741119139811778,35,-1.0158811494713238,4.507171809673309
14,mean,30,short,0.04346251115202904,4.346251115202904,30,10,10,short,0.516195485950594,20,0.2462044158308983,4.1987282410264015
14,mean,30,either,0.04576607793569565,4.576607793569565,30,7,9,long,0.2741119139811778,35,-1.0158811494713238,4.507171809673309
14,mean,60,long,0.031101858243346214,3.1101858243346214,61,13,14,long,0.3448754698039873,42,0.02168791004007511,2.9528167843818665
14,mean,60,short,0.029263699427247047,2.9263699427247047,60,12,12,short,-0.8843446839641891,46,-0.2442178073957339,2.8069085255265236
14,mean,60,either,0.031101858243346214,3.1101858243346214,61,13,14,long,0.3448754698039873,42,-0.21398574313970034,2.9622033424675465
14,fpos,15,long,1.0356451570987701,7.129031419754028,17,8,8,long,0.18534375247021945,13,-1.5249995265198237,6.530908048152924
14,fpos,15,short,1.0340026654303074,6.800533086061478,15,7,7,short,1.6272334933147958,12,0.4417920755906991,6.560351625084877
14,fpos,15,either,1.0356451570987701,7.129031419754028,17,8,8,long,0.18534375247021945,13,0.5526748456892651,6.722643673419952
14,fpos,30,long,1.0223789028823376,4.475780576467514,31,7,7,long,,0,-0.38373499563048535,4.193747155368328
14,fpos,30,short,1.0217312555760145,4.346251115202904,30,10,10,short,0.516195485950594,20,0.20355596464585213,4.142180941998959
14,fpos,30,either,1.0223789028823376,4.475780576467514,31,7,7,long,,0,-0.060820033140347424,4.269668087363243
14,fpos,60,long,1.0138756223022938,2.7751244604587555,61,13,13,long,-0.30117983645783775,53,-0.133761630041672,2.492414079606533
14,fpos,60,short,1.0146318497136235,2.9263699427247047,60,12,12,short,-0.8843446839641891,46,0.04949613020064173,2.6966543309390545
14,fpos,60,either,1.0146318497136235,2.9263699427247047,60,12,12,short,-0.8843446839641891,46,-0.061438839809453805,2.7224248833954334
14,worst,15,long,0.0471365749835968,7.129031419754028,17,8,8,long,0.18534375247021945,13,0.22760790118856672,5.763527192175388
14,worst,15,short,0.041587602347135544,4.755184054374695,16,6,6,short,-0.8256360382175412,11,-0.7296626071524468,5.628976970911026
14,worst,15,either,0.0471365749835968,7.129031419754028,17,8,8,long,0.18534375247021945,13,-0.166763907464411,5.80784197896719
14,worst,30,long,0.027726033702492714,3.5404983907938004,33,8,8,long,0.6807564445068274,16,0.14705153755277806,3.27788308262825
14,worst,30,short,0.02618110179901123,3.5190198570489883,33,8,8,short,0.7714119713587183,28,0.5788614006915078,3.3684568852186203
14,worst,30,either,0.027726033702492714,3.5404983907938004,33,8,8,long,0.6807564445068274,16,0.8097470626122018,3.409599624574185
14,worst,60,long,0.0153019018471241,2.7751244604587555,61,13,13,long,-0.30117983645783775,53,0.09627540905051339,2.0193299278616905
14,worst,60,short,0.01620551012456417,2.8134968131780624,60,11,11,short,-0.06776191367397916,26,-0.2673453334848239,2.1918794326484203
14,worst,60,either,0.01620551012456417,2.8134968131780624,60,11,11,short,-0.06776191367397916,26,-0.1613570742063726,2.2929375246167183
15,mean,15,long,0.07437930256128311,7.437930256128311,16,10,11,long,-0.3731660425411112,8,-1.1224121301502836,7.159184142947198
15,mean,15,short,0.0691952332854271,6.919523328542709,15,7,7,short,4.783464590128332,15,1.8814428201105662,6.578951179981233
15,mean,15,either,0.07437930256128311,7.437930256128311,16,10,11,long,-0.3731660425411112,8,-1.1224121301502836,7.159184142947198
15,mean,30,long,0.050466012209653854,5.046601220965385,31,11,11,long,-1.3335614032006307,34,-0.6435641428194476,4.884515181183815
15,mean,30,short,0.04328685253858566,4.328685253858566,32,13,13,short,1.1331860360272863,18,0.7535785261827991,4.255969785153866
15,mean,30,either,0.050466012209653854,5.046601220965385,31,11,11,long,-1.3335614032006307,34,-0.6435641428194476,4.884515181183815
15,mean,60,long,0.03488200902938843,3.4882009029388428,64,12,13,long,-0.172658249505695,66,-0.28682242124595236,3.3895284309983253
15,mean,60,short,0.028630657121539116,2.8630657121539116,60,11,12,short,-1.031466681176805,21,0.8223629220242733,2.783027831465006
15,mean,60,either,0.03488200902938843,3.4882009029388428,64,12,13,long,-0.172658249505695,66,-0.28682242124595236,3.3895284309983253
15,fpos,15,long,1.037031888961792,7.406377792358398,15,10,10,long,0.8685920587969788,8,1.0890035256915491,7.01235994696617
15,fpos,15,short,1.0345976166427135,6.919523328542709,15,7,7,short,4.783464590128332,15,1.311315357524332,6.54625914990902
15,fpos,15,either,1.037031888961792,7.406377792358398,15,10,10,long,0.8685920587969788,8,1.4203376053067782,7.015487626194954
15,fpos,30,long,1.025233006104827,5.046601220965385,31,11,11,long,-1.3335614032006307,34,-0.23767805930410085,4.831004999577999
15,fpos,30,short,1.0216434262692928,4.328685253858566,32,13,13,short,1.1331860360272863,18,0.28987488289899954,4.178136400878429
15,fpos,30,either,1.025233006104827,5.046601220965385,31,11,11,long,-1.3335614032006307,34,-0.23767805930410085,4.831004999577999
15,fpos,60,long,1.017018960788846,3.403792157769203,60,11,11,long,0.40021527407123425,60,-0.17786444569964907,3.244197964668274
15,fpos,60,short,1.0137968072667718,2.7593614533543587,63,11,11,short,1.5555813109776495,14,1.1787493050116264,2.6634835451841354
15,fpos,60,either,1.017018960788846,3.403792157769203,60,11,11,long,0.40021527407123425,60,-0.17786444569964907,3.244197964668274
15,worst,15,long,0.044406335800886154,5.407875403761864,16,6,6,long,0.71136583825954,1,0.5654020519855424,5.5904169380664825
15,worst,15,short,0.038829389959573746,5.1894813776016235,17,7,7,short,1.9553790067061445,7,1.075318433666349,5.5461059138178825
15,worst,15,either,0.044406335800886154,5.407875403761864,16,6,6,long,0.71136583825954,1,0.5654020519855424,5.5904169380664825
15,worst,30,long,0.03555329889059067,4.014784097671509,30,8,8,long,0.2786382965050308,43,-0.46524440129116695,3.878808170557022
15,worst,30,short,0.023990297690033913,2.94271819293499,34,6,6,short,0.07704220546010863,45,-0.18671027425433342,3.167631588876248
15,worst,30,either,0.03555329889059067,4.014784097671509,30,8,8,long,0.2786382965050308,43,-0.46524440129116695,3.878808170557022
15,worst,60,long,0.016027389094233513,2.3122860118746758,67,8,8,long,-0.36507050043012007,90,-0.4075002092615169,2.1814744267612696
15,worst,60,short,0.01401329506188631,1.4720061793923378,64,6,6,short,2.06307262205604,2,0.23726627994179783,1.832426097244024
15,worst,60,either,0.016027389094233513,2.3122860118746758,67,8,8,long,-0.36507050043012007,90,-0.032769843946241134,2.177054788917303
16,mean,15,long,0.07775998115539551,7.775998115539551,15,7,7,long,-0.6745212423715149,16,0.8737162081927828,7.389121353626252
16,mean,15,short,0.06609248369932175,6.609248369932175,15,6,6,short,-1.0882371600868512,11,1.1814766753345287,6.493343263864518
16,mean,15,either,0.07775998115539551,7.775998115539551,15,7,7,long,-0.6745212423715149,16,0.8737162081927828,7.389121353626252
16,mean,30,long,0.05117587372660637,5.117587372660637,33,8,8,long,-0.7979272556198309,28,-0.29528764352536124,4.850751236081123
16,mean,30,short,0.04484986513853073,4.484986513853073,31,9,10,short,0.42486034462038075,47,0.6093510164333046,4.336618073284626
16,mean,30,either,0.05117587372660637,5.117587372660637,33,8,8,long,-0.7979272556198309,28,-0.29528764352536124,4.850751236081123
16,mean,60,long,0.031796645373106,3.1796645373106003,61,8,8,long,,0,-0.6089744501230601,3.0304075218737125
16,mean,60,short,0.02999107725918293,2.999107725918293,60,10,12,short,0.8330655386023584,78,0.7894494602774671,2.910042852163315
16,mean,60,either,0.031796645373106,3.1796645373106003,61,8,8,long,,0,-0.2589819208113479,3.0399487167596817
16,fpos,15,long,1.0388799905776978,7.775998115539551,15,7,7,long,-0.6745212423715149,16,0.8737162081927828,7.389121353626252
16,fpos,15,short,1.0330462418496609,6.609248369932175,15,6,6,short,-1.0882371600868512,11,0.4409310605150503,6.422010250389576
16,fpos,15,either,1.0388799905776978,7.775998115539551,15,7,7,long,-0.6745212423715149,16,0.8737162081927828,7.389121353626252
16,fpos,30,long,1.0255879368633032,5.117587372660637,33,8,8,long,-0.7979272556198309,28,-0.2643072873350078,4.737688340246677
16,fpos,30,short,1.0212790556252003,4.255811125040054,37,10,10,short,1.474678786393705,51,0.5225180548483357,4.126934334635735
16,fpos,30,either,1.0255879368633032,5.117587372660637,33,8,8,long,-0.7979272556198309,28,-0.2643072873350078,4.737688340246677
16,fpos,60,long,1.015898322686553,3.1796645373106003,61,8,8,long,,0,-1.4689175368058218,2.880700286477804
16,fpos,60,short,1.014796338044107,2.959267608821392,64,11,11,short,0.018930423092933555,83,0.4525909722691918,2.7776727452874184
16,fpos,60,either,1.015898322686553,3.1796645373106003,61,8,8,long,,0,-0.8200724911089607,2.917706873267889
16,worst,15,long,0.052058055996894836,6.115484982728958,16,6,6,long,0.5100612243037336,38,0.05369957050271537,6.286208853125571
16,worst,15,short,0.047914497554302216,5.494349822402,17,6,6,short,-0.2913202227759017,46,-1.0007197460437505,5.716843567788601
16,worst,15,either,0.052058055996894836,6.115484982728958,16,6,6,long,0.5100612243037336,38,-0.20135190834826275,6.109374761581421
16,worst,30,long,0.03300575911998749,4.440091550350189,30,6,6,long,,0,-0.8288819807658033,3.8920013979077335
16,worst,30,short,0.022468270733952522,3.172839805483818,32,7,7,short,0.2615053831664048,32,-0.02808580840380552,3.135030828416348
16,worst,30,either,0.03300575911998749,4.440091550350189,30,6,6,long,,0,-0.8288819807658033,3.8920013979077335
16,worst,60,long,0.02040228620171547,2.4511901661753654,62,8,8,long,-0.8195329054931569,98,-0.8187332723103288,2.2987467236816883
16,worst,60,short,0.012770711444318295,2.6232074946165085,61,10,10,short,1.0685544107046756,90,0.9725814071477119,2.0637206733226776
16,worst,60,either,0.02040228620171547,2.4511901661753654,62,8,8,long,-0.8195329054931569,98,-0.8187332723103288,2.2987467236816883
17,mean,15,long,0.07679717242717743,7.679717242717743,15,7,7,long,-1.360355028869154,8,-0.13228234154847185,7.679717242717743
17,mean,15,short,0.06854233890771866,6.854233890771866,15,6,6,short,2.55489215021176,19,0.6457658487067092,6.403527930378913
17,mean,15,either,0.07679717242717743,7.679717242717743,15,7,7,long,-1.360355028869154,8,-0.13228234154847185,7.679717242717743
17,mean,30,long,0.04904358088970184,4.904358088970184,30,8,11,long,-0.11320011381721169,17,-1.705466005152157,4.7936418280005455
17,mean,30,short,0.04434077814221382,4.434077814221382,30,8,10,short,0.5036050482857738,19,-0.6525692638168786,4.266241788864136
17,mean,30,either,0.04904358088970184,4.904358088970184,30,8,11,long,-0.11320011381721169,17,-1.705466005152157,4.7936418280005455
17,mean,60,long,0.03175591304898262,3.175591304898262,61,10,12,long,-1.9623894857766777,39,-1.141625439266327,3.122665360569954
17,mean,60,short,0.02956363745033741,2.956363745033741,60,11,12,short,0.3873457272055129,68,0.11308709756096494,2.780021782964468
17,mean,60,either,0.03175591304898262,3.175591304898262,61,10,12,long,-1.9623894857766777,39,-1.141625439266327,3.122665360569954
17,fpos,15,long,1.0383985862135887,7.679717242717743,15,7,7,long,-2.56399994609734,6,-1.1444449625715403,7.679717242717743
17,fpos,15,short,1.0342711694538593,6.854233890771866,15,6,6,short,2.55489215021176,19,0.26878280448146735,6.390440836548805
17,fpos,15,either,1.0383985862135887,7.679717242717743,15,7,7,long,-2.56399994609734,6,-1.1444449625715403,7.679717242717743
17,fpos,30,long,1.0241315588355064,4.826311767101288,30,6,6,long,-0.8070417376126687,7,-1.0575599979286279,4.5360130444169044
17,fpos,30,short,1.021633479744196,4.326695948839188,30,8,8,short,-1.830305832634095,36,0.4818054659776463,4.055630080401897
17,fpos,30,either,1.0241315588355064,4.826311767101288,30,6,6,long,-0.8070417376126687,7,-1.0575599979286279,4.5360130444169044
17,fpos,60,long,1.0156530980020761,3.13061960041523,65,11,11,long,-1.0070222912533051,43,-0.730162606478754,2.8584536351263523
17,fpos,60,short,1.0132080549374223,2.641610987484455,61,12,12,short,-1.6255495877686668,60,-0.23615183791523892,2.512253001332283
17,fpos,60,either,1.0156530980020761,3.13061960041523,65,11,11,long,-1.0070222912533051,43,-0.730162606478754,2.8584536351263523
17,worst,15,long,0.04242997244000435,6.460970640182495,16,6,6,long,-1.4177479255849361,8,-0.1717358721544876,5.227132998406887
17,worst,15,short,0.05042349174618721,5.577663332223892,15,6,6,short,1.5184136852231178,14,1.3831540964816103,5.204099006950855
17,worst,15,either,0.05042349174618721,5.577663332223892,15,6,6,short,1.5184136852231178,14,0.6381965989897392,5.304002575576305
17,worst,30,long,0.030862463638186455,3.921697288751602,30,7,7,long,1.1222574838630701,4,-1.5547660158919525,3.8626945391297336
17,worst,30,short,0.02709594927728176,3.984072059392929,30,9,9,short,0.5714508300255794,32,0.7691180030422758,3.3267574943602085
17,worst,30,either,0.030862463638186455,3.921697288751602,30,7,7,long,1.1222574838630701,4,-1.5547660158919525,3.8626945391297336
17,worst,60,long,0.014120128937065601,2.277744375169277,60,10,10,long,0.02670856460140072,67,-0.014643806419414686,1.8282504566013813
17,worst,60,short,0.012428349815309048,1.9973726943135262,62,6,6,short,-2.7593137494399453,4,-0.5670606096243466,1.815872862935066
17,worst,60,either,0.014120128937065601,2.277744375169277,60,10,10,long,0.02670856460140072,67,-0.3139050741679199,1.8641892075538635
18,mean,15,long,0.07129790633916855,7.129790633916855,16,8,8,long,-0.1661478701721837,19,-0.3838195468009591,6.903691440820695
18,mean,15,short,0.07068262249231339,7.0682622492313385,15,10,10,short,0.9436165846261211,31,0.7979515858149082,6.275687478482723
18,mean,15,either,0.07129790633916855,7.129790633916855,16,8,8,long,-0.1661478701721837,19,-0.5069307463171002,6.930652037262916
18,mean,30,long,0.04923652857542038,4.923652857542038,30,11,11,long,0.30193374332692496,24,-0.37973080791085884,4.722450636327267
18,mean,30,short,0.04746819660067558,4.746819660067558,30,12,14,short,1.234527888631383,19,0.0619507896582107,4.4340382143855095
18,mean,30,either,0.04923652857542038,4.923652857542038,30,11,11,long,0.30193374332692496,24,-0.1781104747901017,4.735622517764568
18,mean,60,long,0.03429675102233887,3.4296751022338867,61,13,13,long,0.06881900734723574,56,0.13262817010761643,3.3064789697527885
18,mean,60,short,0.031582072377204895,3.1582072377204895,61,12,14,short,1.1585519467201115,41,-0.10964769359611379,3.0129122361540794
18,mean,60,either,0.03429675102233887,3.4296751022338867,61,13,13,long,0.06881900734723574,56,0.13262817010761643,3.3064789697527885
18,fpos,15,long,1.0356489531695843,7.129790633916855,16,8,8,long,-0.1661478701721837,19,-1.236689272561344,6.87350369989872
18,fpos,15,short,1.0353413112461567,7.0682622492313385,15,10,10,short,0.9436165846261211,31,0.7650343381943278,6.081638410687447
18,fpos,15,either,1.0356489531695843,7.129790633916855,16,8,8,long,-0.1661478701721837,19,-0.9755434529570516,6.90532609820366
18,fpos,30,long,1.0246182642877102,4.923652857542038,30,11,11,long,0.30193374332692496,24,-0.0811209081397988,4.648839645087719
18,fpos,30,short,1.02191854827106,4.383709654211998,32,11,11,short,1.8586214292214793,18,0.8074250252436457,4.116901010274887
18,fpos,30,either,1.0246182642877102,4.923652857542038,30,11,11,long,0.30193374332692496,24,-0.0811209081397988,4.648839645087719
18,fpos,60,long,1.0171483755111694,3.4296751022338867,61,13,13,long,0.06881900734723574,56,-0.10953864898250645,3.2041885517537594
18,fpos,60,short,1.0154685201123357,3.0937040224671364,60,12,12,short,-0.17130656240873932,82,-0.24973045309957695,2.894569579511881
18,fpos,60,either,1.0171483755111694,3.4296751022338867,61,13,13,long,0.06881900734723574,56,-0.10953864898250645,3.2041885517537594
18,worst,15,long,0.046279966831207275,6.371536105871201,16,6,6,long,-0.5366621879946549,21,-0.8786694522749938,5.978772267699242
18,worst,15,short,0.04621138051152229,5.644627287983894,15,6,6,short,-1.433097218967479,14,0.6069302346498704,4.647056497633457
18,worst,15,either,0.046279966831207275,6.371536105871201,16,6,6,long,-0.5366621879946549,21,-1.0053643871545233,5.830255933105946
18,worst,30,long,0.031588707119226456,3.9260517805814743,31,6,6,long,-1.0128835797487774,35,-1.0362909560015103,3.8833893835544586
18,worst,30,short,0.028042882680892944,3.448658436536789,30,6,6,short,-0.4527768298647387,24,-0.04001732763330141,3.425327129662037
18,worst,30,either,0.031588707119226456,3.9260517805814743,31,6,6,long,-1.0128835797487774,35,-1.0004555057146347,3.856525421142578
18,worst,60,long,0.014941691420972347,2.2950800135731697,62,6,6,long,1.1663939684224574,4,0.473501571658674,2.196800895035267
18,worst,60,short,0.0153995081782341,2.380762994289398,63,6,6,short,-9.72514676262592,1,-2.100248072067492,2.264427561312914
18,worst,60,either,0.0153995081782341,2.380762994289398,63,6,6,short,-9.72514676262592,1,-1.8910361611383306,2.2660219483077526
19,mean,15,long,0.07863567769527435,7.863567769527435,15,10,11,long,-0.752423164236412,5,-0.08849259120586024,7.557698115706443
19,mean,15,short,0.06891773641109467,6.8917736411094666,15,8,8,short,-0.4875691336511466,24,0.03333503899952219,6.590240150690079
19,mean,15,either,0.07863567769527435,7.863567769527435,15,10,11,long,-0.752423164236412,5,-0.08849259120586024,7.557698115706443
19,mean,30,long,0.050331082195043564,5.033108219504356,30,9,11,long,1.1040137290752543,7,-0.689792581845444,4.791872799396515
19,mean,30,short,0.04785947874188423,4.785947874188423,30,10,10,short,0.8153211304964202,49,0.5852806263767044,4.3320609629154205
19,mean,30,either,0.050331082195043564,5.033108219504356,30,9,11,long,1.1040137290752543,7,-0.38868834716112116,4.798384569585323
19,mean,60,long,0.03364058956503868,3.364058956503868,60,13,14,long,-0.37271883377246007,52,-0.7055483801582993,3.12337514013052
19,mean,60,short,0.028309136629104614,2.8309136629104614,60,10,11,short,0.2678700643547173,58,0.08463958698035569,2.7444792725145817
19,mean,60,either,0.03364058956503868,3.364058956503868,60,13,14,long,-0.37271883377246007,52,-0.7055483801582993,3.12337514013052
19,fpos,15,long,1.0392918772995472,7.858375459909439,15,9,9,long,0.6966324017912084,6,-0.7724723954281606,7.404112815856934
19,fpos,15,short,1.0344588682055473,6.8917736411094666,15,8,8,short,-0.4875691336511466,24,0.03333503899952219,6.590240150690079
19,fpos,15,either,1.0392918772995472,7.858375459909439,15,9,9,long,0.6966324017912084,6,-0.7724723954281606,7.404112815856934
19,fpos,30,long,1.0242365412414074,4.847308248281479,30,13,13,long,0.3648214670155732,19,-0.8500481248606192,4.660029336810112
19,fpos,30,short,1.0239297393709421,4.785947874188423,30,10,10,short,0.8153211304964202,49,0.8496198867720646,4.285099431872368
19,fpos,30,either,1.0242365412414074,4.847308248281479,30,13,13,long,0.3648214670155732,19,-0.6248109721326863,4.683805368840694
19,fpos,60,long,1.0153516568243504,3.0703313648700714,60,12,12,long,-0.6051607125847055,39,-0.18516282677999318,2.8646941483020782
19,fpos,60,short,1.0132198967039585,2.6439793407917023,61,11,11,short,0.234303297518056,60,0.3211717096501808,2.5904859602451324
19,fpos,60,either,1.0153516568243504,3.0703313648700714,60,12,12,long,-0.6051607125847055,39,-0.18516282677999318,2.8646941483020782
19,worst,15,long,0.04490107297897339,5.723326280713081,17,7,7,long,-1.9470370875591274,4,0.2955192600792707,5.2414678037166595
19,worst,15,short,0.0396120660007,4.26005944609642,16,6,6,short,-1.8778494032362563,6,-0.2797562237019508,5.1759012043476105
19,worst,15,either,0.04490107297897339,5.723326280713081,17,7,7,long,-1.9470370875591274,4,0.2955192600792707,5.2414678037166595
19,worst,30,long,0.025214524939656258,3.2710857689380646,30,9,9,long,-1.1306000760221973,27,-3.5488214492128174,3.3299310319125657
19,worst,30,short,0.026077643036842346,3.1804125756025314,30,6,6,short,1.263147627016138,58,0.26450718385048566,3.3740343153476715
19,worst,30,either,0.026077643036842346,3.1804125756025314,30,6,6,short,1.263147627016138,58,-2.664085703109201,3.341493885964155
19,worst,60,long,0.014478160068392754,2.397407777607441,60,11,11,long,-0.7485843524438083,32,-1.9912783393695601,2.330455742776394
19,worst,60,short,0.016286933794617653,2.1414468064904213,60,6,6,short,0.5009119033381071,14,0.17970264367587122,2.2716867923736572
19,worst,60,either,0.016286933794617653,2.1414468064904213,60,6,6,short,0.5009119033381071,14,0.2519330476016274,2.395714186131954
20,mean,15,long,0.08055014908313751,8.055014908313751,15,6,6,long,2.138413902589585,8,0.31935137520573187,7.0793820172548285
20,mean,15,short,0.07014681398868561,7.014681398868561,15,6,7,short,1.80459750787662,1,0.11608890624707181,6.393718011677266
20,mean,15,either,0.08055014908313751,8.055014908313751,15,6,6,long,2.138413902589585,8,0.3761472455276311,7.109119072556496
20,mean,30,long,0.048261988908052444,4.8261988908052444,31,10,10,long,-0.06605172218699813,27,-0.25525913469025185,4.558401666581631
20,mean,30,short,0.0443946048617363,4.43946048617363,33,9,11,short,-1.0707059692787004,13,-0.9946381345629856,4.293095022439957
20,mean,30,either,0.048261988908052444,4.8261988908052444,31,10,10,long,-0.06605172218699813,27,-0.25525913469025185,4.558401666581631
20,mean,60,long,0.030889874324202538,3.0889874324202538,62,9,11,long,-1.2196369828719924,91,-0.23243618775910152,3.007179293781519
20,mean,60,short,0.028664972633123398,2.86649726331234,61,12,14,short,0.1385613861618983,30,-0.3932659995949163,2.774018421769142
20,mean,60,either,0.030889874324202538,3.0889874324202538,62,9,11,long,-1.2196369828719924,91,-0.23243618775910152,3.007179293781519
20,fpos,15,long,1.0402750745415688,8.055014908313751,15,6,6,long,2.138413902589585,8,-0.17537200057051935,7.010139599442482
20,fpos,15,short,1.0319339111447334,6.386782228946686,15,6,6,short,3.1450088483576866,3,0.5653906320643757,6.2283362448215485
20,fpos,15,either,1.0402750745415688,8.055014908313751,15,6,6,long,2.138413902589585,8,-0.17537200057051935,7.010139599442482
20,fpos,30,long,1.0241309944540262,4.8261988908052444,31,10,10,long,-0.06605172218699813,27,-0.5858205189269071,4.356626234948635
20,fpos,30,short,1.0211803335696459,4.236066713929176,30,12,12,short,-1.5663206772816713,19,-0.3342900407035179,3.9897188544273376
20,fpos,30,either,1.0241309944540262,4.8261988908052444,31,10,10,long,-0.06605172218699813,27,-0.5858205189269071,4.356626234948635
20,fpos,60,long,1.0142121138051152,2.8424227610230446,60,11,11,long,-1.2772852702748427,74,-0.7945704967312913,2.615364994853735
20,fpos,60,short,1.0129271438345313,2.5854287669062614,60,9,9,short,-0.2949754160028617,33,3.1114460687720866,2.4483838118612766
20,fpos,60,either,1.0142121138051152,2.8424227610230446,60,11,11,long,-1.2772852702748427,74,-0.5472864546769998,2.633323948830366
20,worst,15,long,0.04286174476146698,6.032102927565575,15,7,7,long,1.0253798544584292,10,0.6721323398803335,5.627195164561272
20,worst,15,short,0.03948935866355896,5.9489767998456955,16,6,6,short,-0.39142701549584186,16,-0.5808647285738017,4.995271414518356
20,worst,15,either,0.04286174476146698,6.032102927565575,15,7,7,long,1.0253798544584292,10,0.6721323398803335,5.627195164561272
20,worst,30,long,0.028884954750537872,3.3985693007707596,31,6,6,long,-1.8387561597603654,51,-0.959883871456247,3.4929569251835346
20,worst,30,short,0.022760450839996338,2.7803119271993637,30,6,6,short,4.15012943454539,2,0.7845890491384643,2.9226501286029816
20,worst,30,either,0.028884954750537872,3.3985693007707596,31,6,6,long,-1.8387561597603654,51,-0.959883871456247,3.4929569251835346
20,worst,60,long,0.013793463818728924,2.192576602101326,60,6,6,long,-0.4884620996805815,83,-0.5754358727051921,1.7800129763782024
20,worst,60,short,0.013269944116473198,1.8409794196486473,60,7,7,short,4.826225705178557,3,2.9552798333121593,1.8135729245841503
20,worst,60,either,0.013793463818728924,2.192576602101326,60,6,6,long,-0.4884620996805815,83,1.4034354468148815,1.8994647078216076
21,mean,15,long,0.07279012352228165,7.279012352228165,15,6,7,long,0.7051259677129149,16,0.5191601899792423,6.981671750545501
21,mean,15,short,0.06170441210269928,6.170441210269928,15,8,8,short,-0.9483792484153535,6,-1.4785276220804822,5.98081361502409
21,mean,15,either,0.07279012352228165,7.279012352228165,15,6,7,long,0.7051259677129149,16,0.5191601899792423,6.981671750545501
21,mean,30,long,0.05102955922484398,5.102955922484398,31,6,8,long,-1.5548956120661952,35,-1.2397028008335838,4.877026751637459
21,mean,30,short,0.04481295868754387,4.481295868754387,30,7,9,short,-0.9550550659127955,16,-1.0931375498032678,4.1507430002093315
21,mean,30,either,0.05102955922484398,5.102955922484398,31,6,8,long,-1.5548956120661952,35,-1.2397028008335838,4.877026751637459
21,mean,60,long,0.03259905427694321,3.2599054276943207,62,13,14,long,-0.5307386811600536,62,-0.5210326384715986,3.1517312116920952
21,mean,60,short,0.027329253032803535,2.7329253032803535,63,10,11,short,-0.3051259238843025,40,-0.5861044546920309,2.6955085806548595
21,mean,60,either,0.03259905427694321,3.2599054276943207,62,13,14,long,-0.5307386811600536,62,-0.5210326384715986,3.1517312116920952
21,fpos,15,long,1.0358091704547405,7.161834090948105,15,6,6,long,0.6506320266320617,19,-0.6566157716772582,6.90886452794075
21,fpos,15,short,1.0308522060513496,6.170441210269928,15,8,8,short,-0.9483792484153535,6,-1.8620265026528044,5.948236659169197
21,fpos,15,either,1.0358091704547405,7.161834090948105,15,6,6,long,0.6506320266320617,19,-0.6566157716772582,6.90886452794075
21,fpos,30,long,1.0238722283393145,4.774445667862892,32,9,9,long,-1.3193978410545804,30,-0.5557719228892297,4.4174689799547195
21,fpos,30,short,1.020643750205636,4.128750041127205,30,9,9,short,-2.8317009533248436,11,-1.137807396249092,3.9703436195850372
21,fpos,30,either,1.0238722283393145,4.774445667862892,32,9,9,long,-1.3193978410545804,30,-0.5557719228892297,4.4174689799547195
21,fpos,60,long,1.0157280210405588,3.145604208111763,63,14,14,long,-0.6721005385298033,53,-0.6528998343924335,3.0577312782406807
21,fpos,60,short,1.0135662322863936,2.7132464572787285,60,9,9,short,-0.5534850370717227,34,-0.4054746389305567,2.627609223127365
21,fpos,60,either,1.0157280210405588,3.145604208111763,63,14,14,long,-0.6721005385298033,53,-0.6528998343924335,3.0577312782406807
21,worst,15,long,0.05294901505112648,6.364095211029053,15,6,6,long,-2.0670627082582977,15,-2.0637545278036593,5.860492028295994
21,worst,15,short,0.03376692533493042,3.7203017622232437,20,7,7,short,2.513384759155305,2,0.7734947691659606,4.366196319460869
21,worst,15,either,0.05294901505112648,6.364095211029053,15,6,6,long,-2.0670627082582977,15,-2.0637545278036593,5.860492028295994
21,worst,30,long,0.03229508176445961,3.8760576397180557,30,6,6,long,-1.2821390703136097,40,-0.45973033214094605,3.409945722669363
21,worst,30,short,0.024320095777511597,3.384765237569809,30,6,6,short,0.721243832915202,65,0.9225663081437239,3.0890590883791447
21,worst,30,either,0.03229508176445961,3.8760576397180557,30,6,6,long,-1.2821390703136097,40,-0.45973033214094605,3.409945722669363
21,worst,60,long,0.017801865935325623,2.168247289955616,63,7,7,long,-0.5811980790060055,31,-1.3751291880776062,2.2907280921936035
21,worst,60,short,0.012804473750293255,2.1019350737333298,61,7,7,short,-0.4060975064990054,15,1.5498482126393986,2.0122761838138103
21,worst,60,either,0.017801865935325623,2.168247289955616,63,7,7,long,-0.5811980790060055,31,-1.3751291880776062,2.2907280921936035
22,mean,15,long,0.07066110521554947,7.066110521554947,15,6,8,long,1.721799184258774,17,0.0199220512448987,6.834128126502037
22,mean,15,short,0.0676911249756813,6.7691124975681305,15,10,10,short,-1.6558025591282264,18,-0.022536222926324154,6.401606202125549
22,mean,15,either,0.07066110521554947,7.066110521554947,15,6,8,long,1.721799184258774,17,-0.3649850817523447,6.839922219514846
22,mean,30,long,0.047683604061603546,4.768360406160355,30,11,13,long,0.29480633681928997,32,0.6129622079834682,4.606559686362743
22,mean,30,short,0.04563963785767555,4.563963785767555,33,13,13,short,-1.7065644692334914,19,-0.9258628647731967,4.231985844671726
22,mean,30,either,0.047683604061603546,4.768360406160355,30,11,13,long,0.29480633681928997,32,0.2762367201185831,4.617770127952099
22,mean,60,long,0.034561604261398315,3.4561604261398315,62,12,14,long,-0.1090359080511101,39,-0.1916813300720643,3.10257600620389
22,mean,60,short,0.0274772047996521,2.74772047996521,60,11,13,short,-0.12712333741043666,53,-0.2835696863371381,2.6475277356803417
22,mean,60,either,0.034561604261398315,3.4561604261398315,62,12,14,long,-0.1090359080511101,39,-0.1916813300720643,3.10257600620389
22,fpos,15,long,1.0348947755992413,6.978955119848251,15,7,7,long,-1.570445440165761,20,0.2089509096951309,6.6391825675964355
22,fpos,15,short,1.0338455624878407,6.7691124975681305,15,10,10,short,-1.6558025591282264,18,-0.4060663129034828,6.358364298939705
22,fpos,15,either,1.0348947755992413,6.978955119848251,15,7,7,long,-1.570445440165761,20,-0.11122130954257319,6.692771688103676
22,fpos,30,long,1.0232431180775166,4.648623615503311,34,13,13,long,0.8029695438695664,9,0.22294962138626812,4.345953427255154
22,fpos,30,short,1.0228198189288378,4.563963785767555,33,13,13,short,-1.7065644692334914,19,-0.9203461487899787,4.231985844671726
22,fpos,30,either,1.0232431180775166,4.648623615503311,34,13,13,long,0.8029695438695664,9,-0.4725426337432832,4.417238533496857
22,fpos,60,long,1.0156382210552692,3.1276442110538483,60,14,14,long,-0.5771085691124372,43,-0.2429294340979881,2.767667304724455
22,fpos,60,short,1.0121989324688911,2.4397864937782288,61,14,14,short,0.1213335801054295,61,-0.11934111479286477,2.3890365660190582
22,fpos,60,either,1.0156382210552692,3.1276442110538483,60,14,14,long,-0.5771085691124372,43,-0.2429294340979881,2.767667304724455
22,worst,15,long,0.04458590969443321,6.73578754067421,15,6,6,long,0.2388346765023443,18,-0.9947276211437173,5.871868319809437
22,worst,15,short,0.053214289247989655,5.911509320139885,15,6,6,short,0.21001151281022512,51,0.12518028485135335,6.0080112144351006
22,worst,15,either,0.053214289247989655,5.911509320139885,15,6,6,short,0.21001151281022512,51,-0.6209636215826868,5.995390377938747
22,worst,30,long,0.025174666196107864,2.896694839000702,38,6,6,long,-0.7925913131808588,55,-0.17106709581043567,2.990843281149864
22,worst,30,short,0.025375204160809517,3.588496893644333,31,7,7,short,0.7393731906312433,52,0.8978160640058833,3.1071579456329346
22,worst,30,either,0.025375204160809517,3.588496893644333,31,7,7,short,0.7393731906312433,52,0.8181887814672545,3.1634577363729472
22,worst,60,long,0.013218243606388569,2.236785553395748,79,8,8,long,-0.4927713721117925,114,-0.5080973351244147,1.9558062497526407
22,worst,60,short,0.0141255808994174,1.8588200211524963,65,6,6,short,-2.669179213535335,2,-1.4723388249758362,1.6943873930722477
22,worst,60,either,0.0141255808994174,1.8588200211524963,65,6,6,short,-2.669179213535335,2,-0.7135905240423424,1.999788135290146
23,mean,15,long,0.07515890151262283,7.515890151262283,15,8,8,long,-0.2658088380823325,28,-0.0009369123807017547,7.09783136844635
23,mean,15,short,0.06575608998537064,6.575608998537064,15,9,9,short,0.3540992514983033,3,0.12740298773841202,6.4137570559978485
23,mean,15,either,0.07515890151262283,7.515890151262283,15,8,8,long,-0.2658088380823325,28,-0.0009369123807017547,7.09783136844635
23,mean,30,long,0.04797544330358505,4.797544330358505,30,12,12,long,1.6229499660937106,26,0.8284413796929976,4.722140654921532
23,mean,30,short,0.04793274775147438,4.793274775147438,31,10,10,short,0.062040807885599736,27,0.8070290769083928,4.627271890640259
23,mean,30,either,0.04797544330358505,4.797544330358505,30,12,12,long,1.6229499660937106,26,0.7415190201057031,4.743146821856499
23,mean,60,long,0.03389786556363106,3.3897865563631058,60,11,12,long,0.012247174254230678,71,0.029775551659997252,3.260198682546615
23,mean,60,short,0.03015691041946411,3.015691041946411,64,14,14,short,0.22114079385756447,81,0.20428040733462702,2.861555516719818
23,mean,60,either,0.03389786556363106,3.3897865563631058,60,11,12,long,0.012247174254230678,71,0.029775551659997252,3.260198682546615
23,fpos,15,long,1.0375794507563114,7.515890151262283,15,8,8,long,-0.2658088380823325,28,-0.33131139384785,7.08288662135601
23,fpos,15,short,1.0328780449926853,6.575608998537064,15,9,9,short,0.3540992514983033,3,0.5877543300129748,6.400538459420205
23,fpos,15,either,1.0375794507563114,7.515890151262283,15,8,8,long,-0.2658088380823325,28,-0.33131139384785,7.08288662135601
23,fpos,30,long,1.0239877216517925,4.797544330358505,30,12,12,long,1.6229499660937106,26,-0.057563202516244,4.639479219913483
23,fpos,30,short,1.0239663738757372,4.793274775147438,31,10,10,short,0.062040807885599736,27,1.2436881141224214,4.5740775391459465
23,fpos,30,either,1.0239877216517925,4.797544330358505,30,12,12,long,1.6229499660937106,26,0.34395047890588915,4.698907360434532
23,fpos,60,long,1.0155876399949193,3.11752799898386,63,14,14,long,1.710085165461188,42,0.18847722900841035,2.8721338137984276
23,fpos,60,short,1.015078455209732,3.015691041946411,64,14,14,short,0.22114079385756447,81,0.3729547832727783,2.6982822082936764
23,fpos,60,either,1.0155876399949193,3.11752799898386,63,14,14,long,1.710085165461188,42,0.36604489161577763,2.920502182096243
23,worst,15,long,0.05027132108807564,6.7798808217048645,16,6,6,long,0.9219589520192828,20,0.7850579975305954,6.187373995780945
23,worst,15,short,0.042895540595054626,5.945289134979248,20,7,7,short,0.36242841694603506,24,-0.2787662626401459,5.648287311196327
23,worst,15,either,0.05027132108807564,6.7798808217048645,16,6,6,long,0.9219589520192828,20,0.7850579975305954,6.187373995780945
23,worst,30,long,0.03015412762761116,3.5776477307081223,30,7,7,long,-0.947982606823559,45,-0.7874004563435603,3.6644636839628224
23,worst,30,short,0.03704779967665672,4.593942686915398,30,7,7,short,1.4262347759990135,29,-0.3527936501982057,3.8919243961572647
23,worst,30,either,0.03704779967665672,4.593942686915398,30,7,7,short,1.4262347759990135,29,-0.03737489103227253,3.967988416552544
23,worst,60,long,0.01643284037709236,2.0271236076951027,61,10,10,long,-0.23970933362254415,71,-0.19385161863497896,1.884628236293793
23,worst,60,short,0.011331935413181782,1.9982483237981796,61,11,11,short,-0.7312533645257714,35,-0.623959431328837,1.76116312853992
23,worst,60,either,0.01643284037709236,2.0271236076951027,61,10,10,long,-0.23970933362254415,71,-0.19385161863497896,1.884628236293793
24,mean,15,long,0.08031616359949112,8.031616359949112,15,6,6,long,2.271136427411392,15,-0.2576275576336819,7.171477451920509
24,mean,15,short,0.06109146028757095,6.109146028757095,15,10,10,short,-1.408291085356725,18,0.6991511320144276,5.893532782793045
24,mean,15,either,0.08031616359949112,8.031616359949112,15,6,6,long,2.271136427411392,15,-0.2576275576336819,7.171477451920509
24,mean,30,long,0.04750743880867958,4.750743880867958,32,6,9,long,-0.7736747850123976,28,-0.9545201279009186,4.598016403615475
24,mean,30,short,0.04510932043194771,4.510932043194771,31,8,11,short,0.7389624920315376,23,-0.05484385672831062,4.35442715883255
24,mean,30,either,0.04750743880867958,4.750743880867958,32,6,9,long,-0.7736747850123976,28,-0.7336029077504245,4.600245468318462
24,mean,60,long,0.03029538132250309,3.029538132250309,60,11,12,long,0.3815435878432091,65,-0.12941449819975764,2.9594738222658634
24,mean,60,short,0.028910266235470772,2.891026623547077,63,10,12,short,-0.3398922733220952,42,-0.45137578130487666,2.74258092045784
24,mean,60,either,0.03029538132250309,3.029538132250309,60,11,12,long,0.3815435878432091,65,-0.16329575931363594,2.96009449288249
24,fpos,15,long,1.0401580817997456,8.031616359949112,15,6,6,long,2.271136427411392,15,0.5697463375568944,7.081179246306419
24,fpos,15,short,1.0305457301437855,6.109146028757095,15,10,10,short,-1.408291085356725,18,0.6353436824885654,5.84287166595459
24,fpos,15,either,1.0401580817997456,8.031616359949112,15,6,6,long,2.271136427411392,15,0.5697463375568944,7.081179246306419
24,fpos,30,long,1.0229652393609285,4.593047872185707,30,12,12,long,1.4553623190699383,29,0.5128516974411682,4.482759982347488
24,fpos,30,short,1.022165386006236,4.433077201247215,30,11,11,short,-0.37634299920874004,34,-0.3354142004069874,4.231197610497475
24,fpos,30,either,1.0229652393609285,4.593047872185707,30,12,12,long,1.4553623190699383,29,0.47961308929704666,4.485646113753319
24,fpos,60,long,1.0145555650815368,2.911113016307354,61,11,11,long,0.3214006373056824,62,0.17467482280883168,2.5645113363862038
24,fpos,60,short,1.0137511622160673,2.750232443213463,65,11,11,short,-0.3413488328305321,46,-0.5453719598562117,2.6158552430570126
24,fpos,60,either,1.0145555650815368,2.911113016307354,61,11,11,long,0.3214006373056824,62,-0.3435993160869119,2.6534895226359367
24,worst,15,long,0.043925344944000244,5.703555047512054,16,7,7,long,0.7181697510372422,13,0.4628134586502279,5.3561776503920555
24,worst,15,short,0.0466076023876667,5.089040473103523,15,6,6,short,-0.7240999183268242,22,0.25680785572142917,5.241143740713596
24,worst,15,either,0.0466076023876667,5.089040473103523,15,6,6,short,-0.7240999183268242,22,0.352984115491274,5.3256333246827126
24,worst,30,long,0.026413818821310997,3.7815723568201065,30,9,9,long,-0.3401428377393712,9,-0.27086070874574397,3.598293047398329
24,worst,30,short,0.022546183317899704,4.383399710059166,30,10,10,short,-0.729117010739611,33,-0.33188159940779555,3.148596864193678
24,worst,30,either,0.026413818821310997,3.7815723568201065,30,9,9,long,-0.3401428377393712,9,-0.27086070874574397,3.598293047398329
24,worst,60,long,0.013534210622310638,2.3059891536831856,63,7,7,long,-0.06455830550414708,77,0.12825814000957292,2.100811768323183
24,worst,60,short,0.01417464017868042,2.0186223089694977,60,6,6,short,1.6862227647474,1,2.6314350501707313,1.6519057005643842
24,worst,60,either,0.01417464017868042,2.0186223089694977,60,6,6,short,1.6862227647474,1,0.2724179221458508,2.102679666131735
25,mean,15,long,0.07563624531030655,7.563624531030655,15,7,7,long,1.0978948011863319,33,0.15008809886593044,7.0275331288576135
25,mean,15,short,0.06212581694126129,6.212581694126129,15,8,8,short,-0.3783105243196788,9,-0.2086107480249942,6.096601448953152
25,mean,15,either,0.07563624531030655,7.563624531030655,15,7,7,long,1.0978948011863319,33,0.15008809886593044,7.0275331288576135
25,mean,30,long,0.05015615001320839,5.015615001320839,30,8,10,long,0.3862237971938083,42,0.11866468341617499,4.823666922748089
25,mean,30,short,0.041649531573057175,4.1649531573057175,32,11,11,short,0.9964656141942138,32,-0.3569097622008663,4.06016543507576
25,mean,30,either,0.05015615001320839,5.015615001320839,30,8,10,long,0.3862237971938083,42,0.11866468341617499,4.823666922748089
25,mean,60,long,0.0324803963303566,3.24803963303566,64,13,14,long,-0.9006364179699646,46,-0.7936806884555229,3.0710093677043915
25,mean,60,short,0.028294598683714867,2.8294598683714867,60,11,11,short,0.2872943480378312,77,0.3160966711532842,2.640897985547781
25,mean,60,either,0.0324803963303566,3.24803963303566,64,13,14,long,-0.9006364179699646,46,-0.7936806884555229,3.0710093677043915
25,fpos,15,long,1.0378181226551533,7.563624531030655,15,7,7,long,1.0978948011863319,33,0.2308937332368663,6.8942276388406745
25,fpos,15,short,1.0310629084706306,6.212581694126129,15,8,8,short,-0.3783105243196788,9,-0.5046514863683746,6.08632430434227
25,fpos,15,either,1.0378181226551533,7.563624531030655,15,7,7,long,1.0978948011863319,33,0.2308937332368663,6.8942276388406745
25,fpos,30,long,1.023450218141079,4.69004362821579,30,7,7,long,-0.5617246118530773,28,-0.24339661038620683,4.559807889163494
25,fpos,30,short,1.0208247657865286,4.1649531573057175,32,11,11,short,0.9964656141942138,32,-0.018346839501697763,4.020974636077881
25,fpos,30,either,1.023450218141079,4.69004362821579,30,7,7,long,-0.5617246118530773,28,-0.24339661038620683,4.559807889163494
25,fpos,60,long,1.0147725502029061,2.9545100405812263,69,14,14,long,-1.2503464201140224,43,-1.1802951596453115,2.7405927516520023
25,fpos,60,short,1.0141472993418574,2.8294598683714867,60,11,11,short,0.2872943480378312,77,-0.13062165307322918,2.437674980610609
25,fpos,60,either,1.0147725502029061,2.9545100405812263,69,14,14,long,-1.2503464201140224,43,-0.9650715854535508,2.762307748198509
25,worst,15,long,0.043047234416007996,5.10399267077446,16,6,6,long,-0.2653573891804586,22,-1.7964010344691588,5.272886902093887
25,worst,15,short,0.05048080533742905,5.593026056885719,15,6,6,short,0.1692574190129014,28,0.11210307931178863,5.356195941567421
25,worst,15,either,0.05048080533742905,5.593026056885719,15,6,6,short,0.1692574190129014,28,0.025347818503367762,5.321300700306892
25,worst,30,long,0.025612201541662216,4.094477742910385,33,6,6,long,0.20996326481342414,28,-0.1754436711112243,3.4454175457358365
25,worst,30,short,0.02733059972524643,3.8263455033302307,30,8,8,short,-1.2278763676070026,17,0.2391822347013398,3.534510973840952
25,worst,30,either,0.02733059972524643,3.8263455033302307,30,8,8,short,-1.2278763676070026,17,-0.2990874609010801,3.5525545477867126
25,worst,60,long,0.0108230235055089,1.912524551153183,63,13,13,long,0.6542423884852716,40,4.651403919586904,1.8314331769943237
25,worst,60,short,0.016378549858927727,2.2552430629730225,73,9,9,short,0.09460692532619579,100,0.5098237552913274,1.8576264660805464
25,worst,60,either,0.016378549858927727,2.2552430629730225,73,9,9,short,0.09460692532619579,100,0.5098237552913274,1.8576264660805464
26,mean,15,long,0.07359924912452698,7.359924912452698,16,7,7,long,-1.5298563140939914,18,-0.4132700115438944,6.580370292067528
26,mean,15,short,0.08056959509849548,8.056959509849548,15,9,9,short,0.05296394155752199,10,0.47597727116915656,7.654316872358321
26,mean,15,either,0.08056959509849548,8.056959509849548,15,9,9,short,0.05296394155752199,10,0.47597727116915656,7.654316872358321
26,mean,30,long,0.04785342141985893,4.785342141985893,30,6,7,long,0.17702705892493595,57,-0.8822458110823553,4.3815408274531364
26,mean,30,short,0.04945791885256767,4.945791885256767,31,11,13,short,-0.017510279284821306,56,1.0989806669760838,4.737903103232384
26,mean,30,either,0.04945791885256767,4.945791885256767,31,11,13,short,-0.017510279284821306,56,0.9746367765967611,4.754121750593185
26,mean,60,long,0.030492493882775307,3.0492493882775307,61,12,13,long,-0.9597751997990691,50,-0.9872912077283434,2.866306435316801
26,mean,60,short,0.03164045140147209,3.164045140147209,60,11,13,short,0.7499968827164913,92,0.6110895145695951,2.9795825481414795
26,mean,60,either,0.03164045140147209,3.164045140147209,60,11,13,short,0.7499968827164913,92,0.5296743848435873,2.993889544159174
26,fpos,15,long,1.0367996245622635,7.359924912452698,16,7,7,long,-1.5298563140939914,18,-0.6726507310713674,6.541007161140441
26,fpos,15,short,1.0402847975492477,8.056959509849548,15,9,9,short,0.05296394155752199,10,0.43634683186588497,7.587308660149575
26,fpos,15,either,1.0402847975492477,8.056959509849548,15,9,9,short,0.05296394155752199,10,0.43634683186588497,7.587308660149575
26,fpos,30,long,1.0223923493176699,4.478469863533974,31,10,10,long,-0.7649119402472916,21,-1.127182342506007,4.25967562943697
26,fpos,30,short,1.0229011215269566,4.580224305391312,30,10,10,short,0.9061211277817474,30,0.8252258575196545,4.314040206372738
26,fpos,30,either,1.0229011215269566,4.580224305391312,30,10,10,short,0.9061211277817474,30,0.223472392421659,4.365961514413357
26,fpos,60,long,1.0142956105992198,2.85912211984396,61,12,12,long,-1.4262382711732386,47,-1.2713128524970145,2.7916719391942024
26,fpos,60,short,1.0128042325377464,2.560846507549286,63,14,14,short,0.5322710180024953,63,0.6932251982773449,2.4463136680424213
26,fpos,60,either,1.0142956105992198,2.85912211984396,61,12,12,long,-1.4262382711732386,47,-1.2713128524970145,2.7916719391942024
26,worst,15,long,0.04534943029284477,5.401068553328514,15,7,7,long,-0.24360777159932873,9,-1.7145482837684318,5.340493768453598
26,worst,15,short,0.050610560923814774,5.704321712255478,15,6,6,short,-0.591516420392627,16,1.0422155988361643,6.079949699342251
26,worst,15,either,0.050610560923814774,5.704321712255478,15,6,6,short,-0.591516420392627,16,1.0174182791510513,6.033073402941227
26,worst,30,long,0.02572401985526085,3.410949185490608,30,6,6,long,0.4903121060571991,46,0.08640659493574016,3.2067937776446342
26,worst,30,short,0.02664312534034252,3.88101227581501,33,8,8,short,0.8996849542504468,52,0.1593203922188859,3.5302918218076225
26,worst,30,either,0.02664312534034252,3.88101227581501,33,8,8,short,0.8996849542504468,52,0.29274994451564496,3.442140817642212
26,worst,60,long,0.014665440656244755,1.7209727317094803,60,7,7,long,0.5658382080349068,106,-0.11110590308992245,1.9856235012412071
26,worst,60,short,0.010865765623748302,1.703353226184845,74,7,7,short,2.5450418086143767,3,1.4206535601104238,1.831977963447571
26,worst,60,either,0.014665440656244755,1.7209727317094803,60,7,7,long,0.5658382080349068,106,-0.11110590308992245,1.9856235012412071
27,mean,15,long,0.0780121460556984,7.8012146055698395,15,6,6,long,0.6899876752226167,9,-0.7108064901569423,7.543159648776054
27,mean,15,short,0.07175442576408386,7.175442576408386,15,7,8,short,2.318032404320923,17,1.3038295906031805,6.892392858862877
27,mean,15,either,0.0780121460556984,7.8012146055698395,15,6,6,long,0.6899876752226167,9,-0.7108064901569423,7.543159648776054
27,mean,30,long,0.05271386355161667,5.271386355161667,30,7,8,long,-0.13243826680852128,63,-0.5824665644962426,5.105835422873497
27,mean,30,short,0.04955652356147766,4.955652356147766,33,9,9,short,1.5122447549660931,39,0.9759941032872425,4.815153256058693
27,mean,30,either,0.05271386355161667,5.271386355161667,30,7,8,long,-0.13243826680852128,63,-0.5824665644962426,5.105835422873497
27,mean,60,long,0.035459570586681366,3.5459570586681366,61,12,14,long,-0.4621229637302696,81,-0.5550232493987096,3.496900610625744
27,mean,60,short,0.02975659817457199,2.975659817457199,63,13,13,short,-0.4243437547992631,39,0.007279729986347117,2.8790149465203285
27,mean,60,either,0.035459570586681366,3.5459570586681366,61,12,14,long,-0.4621229637302696,81,-0.5550232493987096,3.496900610625744
27,fpos,15,long,1.0390060730278492,7.8012146055698395,15,6,6,long,0.2959509760425214,7,-0.7108064901569423,7.543159648776054
27,fpos,15,short,1.035512626171112,7.102525234222412,15,8,8,short,1.2177185574131866,18,1.2169010528862998,6.76143854856491
27,fpos,15,either,1.0390060730278492,7.8012146055698395,15,6,6,long,0.2959509760425214,7,-0.7108064901569423,7.543159648776054
27,fpos,30,long,1.0261219907552004,5.224398151040077,31,13,13,long,-1.3166708003620096,32,-0.6491777991265223,4.978446699678898
27,fpos,30,short,1.0247782617807388,4.955652356147766,33,9,9,short,1.5122447549660931,39,1.1544395205796436,4.500254429876804
27,fpos,30,either,1.0261219907552004,5.224398151040077,31,13,13,long,-1.3166708003620096,32,-0.4097078817523416,4.988208562135696
27,fpos,60,long,1.0163052305579185,3.2610461115837097,61,9,9,long,-1.1895414809103617,113,-0.6764063997164683,3.1887514330446716
27,fpos,60,short,1.014878299087286,2.975659817457199,63,13,13,short,-0.4243437547992631,39,-0.11917790790463952,2.722624707967043
27,fpos,60,either,1.0163052305579185,3.2610461115837097,61,9,9,long,-1.1895414809103617,113,-0.6764063997164683,3.1887514330446716
27,worst,15,long,0.04878852143883705,5.8304015547037125,16,6,6,long,0.5190373680922293,36,0.46614652051754574,6.1288222670555115
27,worst,15,short,0.04238519072532654,6.356630474328995,16,6,6,short,-1.1637386392367972,47,0.5818940743945604,5.720380954444408
27,worst,15,either,0.04878852143883705,5.8304015547037125,16,6,6,long,0.5190373680922293,36,-0.05547174525296356,5.847372338175774
27,worst,30,long,0.02939014881849289,4.085676744580269,30,8,8,long,-0.5113471897082283,57,-0.7192429865326713,3.9251478388905525
27,worst,30,short,0.03379189595580101,3.794947639107704,33,6,6,short,1.7356847314946733,3,4.7253354159646666,3.5840865969657894
27,worst,30,either,0.03379189595580101,3.794947639107704,33,6,6,short,1.7356847314946733,3,0.8862890583096482,4.036358259618282
27,worst,60,long,0.018435390666127205,2.352755144238472,65,8,8,long,-0.33181002044882374,5,0.27635548889271033,2.6199838519096375
27,worst,60,short,0.013592393137514591,1.8112359568476677,82,6,6,short,-3.3019855827465348,4,-0.22746763780355914,2.0130508858710527
27,worst,60,either,0.018435390666127205,2.352755144238472,65,8,8,long,-0.33181002044882374,5,0.27635548889271033,2.6199838519096375
28,mean,15,long,0.07702183723449707,7.702183723449707,15,8,8,long,2.082684325321256,5,0.9987208764349907,7.104716747999191
28,mean,15,short,0.06417028605937958,6.417028605937958,16,7,8,short,-0.7390034773573306,12,-0.4004110604335047,6.142435967922211
28,mean,15,either,0.07702183723449707,7.702183723449707,15,8,8,long,2.082684325321256,5,0.9987208764349907,7.104716747999191
28,mean,30,long,0.048349324613809586,4.834932461380959,30,11,12,long,-0.11437218049447208,48,-0.2852467139027665,4.644237458705902
28,mean,30,short,0.042576275765895844,4.257627576589584,31,10,10,short,-0.5316393499790983,12,-0.3801108736256625,4.034510590136051
28,mean,30,either,0.048349324613809586,4.834932461380959,30,11,12,long,-0.11437218049447208,48,-0.2852467139027665,4.644237458705902
28,mean,60,long,0.03377561643719673,3.377561643719673,60,12,12,long,0.38582656057874637,61,-0.16067475137846293,3.033130466938019
28,mean,60,short,0.02776785008609295,2.776785008609295,60,12,13,short,0.11113211450686655,46,-0.19295302077915744,2.6060271821916103
28,mean,60,either,0.03377561643719673,3.377561643719673,60,12,12,long,0.38582656057874637,61,-0.16067475137846293,3.033130466938019
28,fpos,15,long,1.0385109186172485,7.702183723449707,15,8,8,long,2.082684325321256,5,1.0646682158315128,6.951938569545746
28,fpos,15,short,1.0310700330883265,6.214006617665291,16,6,6,short,0.1326556069777881,10,-0.23946016365169837,6.072084829211235
28,fpos,15,either,1.0385109186172485,7.702183723449707,15,8,8,long,2.082684325321256,5,1.0646682158315128,6.951938569545746
28,fpos,30,long,1.023535629734397,4.707125946879387,32,9,9,long,-0.8327401312235359,31,-0.5373241394776301,4.535308890044689
28,fpos,30,short,1.021288137882948,4.257627576589584,31,10,10,short,-0.5316393499790983,12,-0.3445932154848192,4.032592996954918
28,fpos,30,either,1.023535629734397,4.707125946879387,32,9,9,long,-0.8327401312235359,31,-0.5373241394776301,4.535308890044689
28,fpos,60,long,1.0168878082185984,3.377561643719673,60,12,12,long,0.38582656057874637,61,0.24605522159750082,2.840319499373436
28,fpos,60,short,1.0132801914587617,2.6560382917523384,61,13,13,short,-1.160717537123383,29,-0.37435808290236205,2.4815253354609013
28,fpos,60,either,1.0168878082185984,3.377561643719673,60,12,12,long,0.38582656057874637,61,0.24605522159750082,2.840319499373436
28,worst,15,long,0.047269001603126526,6.229152530431747,15,6,6,long,-0.10567752799992727,7,0.29680900213282113,5.2772606164216995
28,worst,15,short,0.052465904504060745,6.174897029995918,15,6,6,short,-1.070922244834984,8,-0.44095558765821297,5.7387639209628105
28,worst,15,either,0.052465904504060745,6.174897029995918,15,6,6,short,-1.070922244834984,8,-0.4064897224432654,5.801769308745861
28,worst,30,long,0.029476942494511604,4.154223203659058,32,7,7,long,-0.9630301898450631,36,-0.872714260899725,3.912650533020497
28,worst,30,short,0.020773665979504585,2.9561495408415794,30,6,6,short,0.5403052412814603,47,-0.4308531649185401,2.9848254285752773
28,worst,30,either,0.029476942494511604,4.154223203659058,32,7,7,long,-0.9630301898450631,36,-0.872714260899725,3.912650533020497
28,worst,60,long,0.017059719190001488,3.377561643719673,60,12,12,long,0.38582656057874637,61,0.12245283365187093,2.187967039644718
28,worst,60,short,0.01278163492679596,2.1382682025432587,61,9,9,short,-0.8137029889666035,70,-0.12449773883962381,1.9248504564166067
28,worst,60,either,0.017059719190001488,3.377561643719673,60,12,12,long,0.38582656057874637,61,0.12245283365187093,2.187967039644718
29,mean,15,long,0.07855678349733353,7.855678349733353,15,5,6,long,2.5613785166711853,16,2.843222354303748,7.766487821936607
29,mean,15,short,0.07004746049642563,7.004746049642563,16,11,11,short,1.348749702661185,26,1.0512525220463125,6.362496651709079
29,mean,15,either,0.07855678349733353,7.855678349733353,15,5,6,long,2.5613785166711853,16,2.843222354303748,7.766487821936607
29,mean,30,long,0.054097458720207214,5.409745872020721,30,11,11,long,-0.1778287358080307,33,0.22139321188952343,5.052515082061291
29,mean,30,short,0.04772273823618889,4.772273823618889,30,11,12,short,1.648425532801946,37,1.1900119795760904,4.581877216696739
29,mean,30,either,0.054097458720207214,5.409745872020721,30,11,11,long,-0.1778287358080307,33,0.22139321188952343,5.052515082061291
29,mean,60,long,0.032328322529792786,3.2328322529792786,60,13,14,long,-0.9383819563183028,44,-0.19639937354360903,3.0879626609385014
29,mean,60,short,0.02908066101372242,2.908066101372242,62,11,12,short,0.892257306599061,63,1.013633856583943,2.7572363056242466
29,mean,60,either,0.032328322529792786,3.2328322529792786,60,13,14,long,-0.9383819563183028,44,-0.19639937354360903,3.0879626609385014
29,fpos,15,long,1.0381815619766712,7.636312395334244,15,7,7,long,0.33820237400724706,15,1.9714402074047164,7.413852512836456
29,fpos,15,short,1.0350237302482128,7.004746049642563,16,11,11,short,1.348749702661185,26,1.0369495594770477,6.306246295571327
29,fpos,15,either,1.0381815619766712,7.636312395334244,15,7,7,long,0.33820237400724706,15,1.9714402074047164,7.413852512836456
29,fpos,30,long,1.0270487293601036,5.409745872020721,30,11,11,long,-0.1778287358080307,33,0.22139321188952343,5.052515082061291
29,fpos,30,short,1.0237110294401646,4.742205888032913,32,12,12,short,1.395097353021606,41,1.2153129596036922,4.513174183666706
29,fpos,30,either,1.0270487293601036,5.409745872020721,30,11,11,long,-0.1778287358080307,33,0.22139321188952343,5.052515082061291
29,fpos,60,long,1.0154933920130134,3.0986784026026726,60,9,9,long,0.9576706429894416,75,-0.25033640610552216,3.013962861150503
29,fpos,60,short,1.0137757724151015,2.7551544830203056,60,14,14,short,0.3812563778898162,55,0.9849819747038687,2.6787553541362286
29,fpos,60,either,1.0154933920130134,3.0986784026026726,60,9,9,long,0.9576706429894416,75,-0.25033640610552216,3.013962861150503
29,worst,15,long,0.04836554825305939,6.267710030078888,15,7,7,long,-0.33091399401262833,18,0.8082004660586171,5.398317873477936
29,worst,15,short,0.03975709155201912,5.492477864027023,16,8,8,short,0.6810666447441605,18,0.6007383759235629,4.9812207743525505
29,worst,15,either,0.04836554825305939,6.267710030078888,15,7,7,long,-0.33091399401262833,18,0.733357782796318,5.353134162724018
29,worst,30,long,0.028880886733531952,3.2684896141290665,30,7,7,long,0.5017928563734776,30,0.5351124217842663,3.2684896141290665
29,worst,30,short,0.024308018386363983,3.2896824181079865,31,8,8,short,-0.38638518426110313,12,-0.2182078752777232,3.2888690382242203
29,worst,30,either,0.028880886733531952,3.2684896141290665,30,7,7,long,0.5017928563734776,30,0.5351124217842663,3.2684896141290665
29,worst,60,long,0.015154375694692135,2.270236052572727,63,7,7,long,0.1698508254063511,81,0.30031592619338443,2.296670861542225
29,worst,60,short,0.0158025324344635,1.995195634663105,61,8,8,short,0.8796335763788731,57,0.3492671430901316,1.8518293462693691
29,worst,60,either,0.0158025324344635,1.995195634663105,61,8,8,short,0.8796335763788731,57,0.16474389453805227,2.083618324249983
30,mean,15,long,0.07369451224803925,7.369451224803925,17,8,8,long,1.355061376724064,19,0.9218131691370514,7.191427201032638
30,mean,15,short,0.07108926773071289,7.108926773071289,15,9,9,short,-1.251452400376107,3,0.14891266266531064,6.872434318065642
30,mean,15,either,0.07369451224803925,7.369451224803925,17,8,8,long,1.355061376724064,19,0.5694858557392571,7.204630300402641
30,mean,30,long,0.050046563148498535,5.0046563148498535,30,10,11,long,1.0245457530428856,32,-0.23872897503980964,4.779415987432003
30,mean,30,short,0.04504075273871422,4.504075273871422,32,11,11,short,0.5007609400333772,39,0.8075459144991793,4.1463955491781235
30,mean,30,either,0.050046563148498535,5.0046563148498535,30,10,11,long,1.0245457530428856,32,-0.23872897503980964,4.779415987432003
30,mean,60,long,0.03196554630994797,3.1965546309947968,64,10,12,long,0.6632515986357638,61,0.12153255999461361,3.1098393723368645
30,mean,60,short,0.027553191408514977,2.7553191408514977,60,9,12,short,-0.19354836513981924,38,0.7047165901585067,2.531880885362625
30,mean,60,either,0.03196554630994797,3.1965546309947968,64,10,12,long,0.6632515986357638,61,0.12153255999461361,3.1098393723368645
30,fpos,15,long,1.0368472561240196,7.369451224803925,17,8,8,long,1.355061376724064,19,1.0232432448047113,6.983407884836197
30,fpos,15,short,1.0355446338653564,7.108926773071289,15,9,9,short,-1.251452400376107,3,0.14891266266531067,6.872434318065642
30,fpos,15,either,1.0368472561240196,7.369451224803925,17,8,8,long,1.355061376724064,19,0.5091542700900321,7.066169753670692
30,fpos,30,long,1.0228793546557426,4.575870931148529,32,9,9,long,0.015227831598793812,38,-0.03607793299934897,4.382816068828106
30,fpos,30,short,1.022520376369357,4.504075273871422,32,11,11,short,0.5007609400333772,39,0.08897660524093177,3.9933317527174954
30,fpos,30,either,1.0228793546557426,4.575870931148529,32,9,9,long,0.015227831598793812,38,0.03129346932164666,4.408712647855282
30,fpos,60,long,1.0146835502237082,2.9367100447416306,61,8,8,long,-0.8366039682170846,77,-0.5552205086774621,2.852201946079731
30,fpos,60,short,1.0121473697945476,2.4294739589095116,60,10,10,short,2.1696433333337564,28,0.3113635950719935,2.3407073505222797
30,fpos,60,either,1.0146835502237082,2.9367100447416306,61,8,8,long,-0.8366039682170846,77,-0.5552205086774621,2.852201946079731
30,worst,15,long,0.04338574409484863,5.384025722742081,16,6,6,long,-3.550628904791774,11,-2.429350402354238,5.117097571492195
30,worst,15,short,0.04202030971646309,5.925434827804565,15,7,7,short,0.8500002301515079,10,-0.009316438223007165,4.975948967039585
30,worst,15,either,0.04338574409484863,5.384025722742081,16,6,6,long,-3.550628904791774,11,-2.334844742821062,5.27060940861702
30,worst,30,long,0.0332840159535408,4.353708773851395,34,7,7,long,0.6390923536165762,33,-0.43797758359362443,3.4705852530896664
30,worst,30,short,0.02094011940062046,3.0646512284874916,32,8,8,short,1.0309237370000015,24,-0.68652098109792,3.180030751973391
30,worst,30,either,0.0332840159535408,4.353708773851395,34,7,7,long,0.6390923536165762,33,-0.43797758359362443,3.4705852530896664
30,worst,60,long,0.01902669295668602,2.4090228602290154,64,7,7,long,-0.13626939324146586,76,-0.14000123192039016,2.525918446481228
30,worst,60,short,0.011819719336926937,2.4294739589095116,60,10,10,short,2.1696433333337564,28,0.33934475584950563,1.929387720301747
30,worst,60,either,0.01902669295668602,2.4090228602290154,64,7,7,long,-0.13626939324146586,76,-0.14000123192039016,2.525918446481228
31,mean,15,long,0.07286949455738068,7.286949455738068,15,8,8,long,1.4918738670382143,19,1.5242390417836278,7.104042321443557
31,mean,15,short,0.06670569628477097,6.670569628477097,16,8,8,short,0.8140198885074887,7,1.422564233369572,6.584765389561653
31,mean,15,either,0.07286949455738068,7.286949455738068,15,8,8,long,1.4918738670382143,19,1.5242390417836278,7.104042321443557
31,mean,30,long,0.05147329717874527,5.147329717874527,30,6,6,long,1.497240056410274,23,1.308954516806907,4.848569333553314
31,mean,30,short,0.04356979951262474,4.356979951262474,30,10,10,short,0.31049600597308863,36,0.8161881146515938,4.265157505869865
31,mean,30,either,0.05147329717874527,5.147329717874527,30,6,6,long,1.497240056410274,23,1.308954516806907,4.848569333553314
31,mean,60,long,0.028408043086528778,2.840804308652878,60,11,14,long,0.07721036454130932,56,-0.02021499039536023,2.7554996497929096
31,mean,60,short,0.028598204255104065,2.8598204255104065,64,12,13,short,0.41197846762638785,87,0.5629062199915322,2.777324430644512
31,mean,60,either,0.028598204255104065,2.8598204255104065,64,12,13,short,0.41197846762638785,87,0.4834148924221844,2.7940370328724384
31,fpos,15,long,1.0364347472786903,7.286949455738068,15,8,8,long,1.4918738670382143,19,1.6035031705724019,7.087815776467324
31,fpos,15,short,1.0333528481423855,6.670569628477097,16,8,8,short,0.8140198885074887,7,1.9483957871976203,6.554687172174453
31,fpos,15,either,1.0364347472786903,7.286949455738068,15,8,8,long,1.4918738670382143,19,1.6035031705724019,7.087815776467324
31,fpos,30,long,1.0257366485893726,5.147329717874527,30,6,6,long,1.497240056410274,23,1.4796624597437062,4.844549521803856
31,fpos,30,short,1.0217848997563124,4.356979951262474,30,10,10,short,0.31049600597308863,36,1.083822257061596,4.207108244299889
31,fpos,30,either,1.0257366485893726,5.147329717874527,30,6,6,long,1.497240056410274,23,1.4796624597437062,4.844549521803856
31,fpos,60,long,1.0125193363055587,2.5038672611117363,60,11,11,long,-0.40685983647195345,41,-0.42416097186483576,2.4503788724541664
31,fpos,60,short,1.013340199366212,2.6680398732423782,60,11,11,short,0.34627863834631895,91,0.7225841602709034,2.5229342095553875
31,fpos,60,either,1.013340199366212,2.6680398732423782,60,11,11,short,0.34627863834631895,91,0.3225647827885105,2.5349376536905766
31,worst,15,long,0.04618507996201515,5.950828641653061,15,6,6,long,0.824334802331089,19,0.34284209826871215,5.749282352626324
31,worst,15,short,0.041626445949077606,5.1689352840185165,16,8,8,short,-1.115194229963361,10,1.9738421631495413,5.340871289372444
31,worst,15,either,0.04618507996201515,5.950828641653061,15,6,6,long,0.824334802331089,19,0.7139849321333811,5.705564953386784
31,worst,30,long,0.021765271201729774,3.4420832991600037,30,6,6,long,1.180709109118615,18,0.1865768714987459,3.4229863435029984
31,worst,30,short,0.024079464375972748,3.7330999970436096,31,6,6,short,,0,3.285409463916706,3.1500515714287762
31,worst,30,either,0.024079464375972748,3.7330999970436096,31,6,6,short,,0,3.285409463916706,3.1500515714287762
31,worst,60,long,0.011326262727379799,1.5820516273379326,60,6,6,long,-0.6441062708524183,78,0.388042866269797,1.907871849834919
31,worst,60,short,0.012243642471730709,2.3047633469104767,65,12,12,short,-0.1285101250605318,71,0.06079113489907311,1.8942441046237946
31,worst,60,either,0.012243642471730709,2.3047633469104767,65,12,12,short,-0.1285101250605318,71,-0.26670640607238993,1.9136450625956056
32,mean,15,long,0.0729614794254303,7.29614794254303,17,8,8,long,1.2042736666840022,22,1.6561153411497977,7.074509412050248
32,mean,15,short,0.06501936912536621,6.501936912536621,15,10,10,short,1.9690286817011393,16,1.045805294872831,6.135012693703175
32,mean,15,either,0.0729614794254303,7.29614794254303,17,8,8,long,1.2042736666840022,22,1.6561153411497977,7.074509412050248
32,mean,30,long,0.04829839617013931,4.829839617013931,32,7,7,long,0.5154353169716481,52,0.5397174677373894,4.70787949860096
32,mean,30,short,0.04322361201047897,4.322361201047897,30,10,10,short,-1.5245118514382403,39,-0.43901778565300037,3.926076218485832
32,mean,30,either,0.04829839617013931,4.829839617013931,32,7,7,long,0.5154353169716481,52,0.5397174677373894,4.70787949860096
32,mean,60,long,0.033703021705150604,3.3703021705150604,60,11,12,long,-0.18812979846115022,74,-0.013283100888812705,3.175617605447769
32,mean,60,short,0.026753608137369156,2.6753608137369156,60,10,10,short,0.25629979229118294,17,0.1526343752702722,2.5137511640787125
32,mean,60,either,0.033703021705150604,3.3703021705150604,60,11,12,long,-0.18812979846115022,74,-0.013283100888812705,3.175617605447769
32,fpos,15,long,1.0364807397127151,7.29614794254303,17,8,8,long,1.2042736666840022,22,1.607152699328186,6.987522467970848
32,fpos,15,short,1.032509684562683,6.501936912536621,15,10,10,short,1.9690286817011393,16,1.8816551226257379,6.035308539867401
32,fpos,15,either,1.0364807397127151,7.29614794254303,17,8,8,long,1.2042736666840022,22,1.607152699328186,6.987522467970848
32,fpos,30,long,1.0241491980850697,4.829839617013931,32,7,7,long,0.5154353169716481,52,0.36948182490931186,4.65177521109581
32,fpos,30,short,1.0216118060052395,4.322361201047897,30,10,10,short,-1.5245118514382403,39,-0.8234288552801875,3.8367728143930435
32,fpos,30,either,1.0241491980850697,4.829839617013931,32,7,7,long,0.5154353169716481,52,0.36948182490931186,4.65177521109581
32,fpos,60,long,1.0158277116715908,3.165542334318161,64,10,10,long,-0.4071235679987341,73,0.17453729733863,3.148651123046875
32,fpos,60,short,1.0133768040686846,2.6753608137369156,60,10,10,short,0.25629979229118294,17,0.24311119880446944,2.3876452818512917
32,fpos,60,either,1.0158277116715908,3.165542334318161,64,10,10,long,-0.4071235679987341,73,0.17453729733863,3.148651123046875
32,worst,15,long,0.04661618545651436,6.614982336759567,15,6,6,long,-0.12380435269655381,23,0.1423610705498473,5.5516791343688965
32,worst,15,short,0.04090549796819687,4.998933523893356,16,6,6,short,-0.23194003110298084,11,0.05974703827491233,5.005919486284256
32,worst,15,either,0.04661618545651436,6.614982336759567,15,6,6,long,-0.12380435269655381,23,0.1423610705498473,5.5516791343688965
32,worst,30,long,0.03251928463578224,3.7914562970399857,32,6,6,long,-0.6183996634699254,63,-0.3388622337444642,3.8029997050762177
32,worst,30,short,0.024041013792157173,3.31726036965847,30,7,7,short,0.23916754819841007,24,-1.4678211821468983,3.0227688141167164
32,worst,30,either,0.03251928463578224,3.7914562970399857,32,6,6,long,-0.6183996634699254,63,-0.3388622337444642,3.8029997050762177
32,worst,60,long,0.020448490977287292,2.7999693527817726,61,7,7,long,-0.6540893877644982,73,-0.10125740779856414,2.5431786477565765
32,worst,60,short,0.01542853657156229,1.922256126999855,66,6,6,short,3.90565479994546,2,1.2511396739480176,2.0371780171990395
32,worst,60,either,0.020448490977287292,2.7999693527817726,61,7,7,long,-0.6540893877644982,73,-0.10125740779856414,2.5431786477565765
33,mean,15,long,0.07750101387500763,7.750101387500763,16,10,10,long,1.7163283491815375,8,1.3872632414588466,7.251948192715645
33,mean,15,short,0.07143153250217438,7.143153250217438,16,7,9,short,-0.528972914454256,30,-0.3152198872522007,6.655814722180367
33,mean,15,either,0.07750101387500763,7.750101387500763,16,10,10,long,1.7163283491815375,8,1.3308900175427236,7.2567275166511545
33,mean,30,long,0.05041433125734329,5.041433125734329,30,8,9,long,-0.9144628769133261,19,0.07095054199517924,4.79016400873661
33,mean,30,short,0.045544836670160294,4.554483667016029,30,9,10,short,-0.3193690847079709,34,-0.22477100016499,4.345854669809341
33,mean,30,either,0.05041433125734329,5.041433125734329,30,8,9,long,-0.9144628769133261,19,0.07095054199517924,4.79016400873661
33,mean,60,long,0.03453217074275017,3.453217074275017,63,12,14,long,1.0254041326952967,60,-0.11332055352372701,3.3297663927078247
33,mean,60,short,0.032114457339048386,3.2114457339048386,60,9,11,short,-0.18450696613243295,53,-0.5164267129710767,3.0004109628498554
33,mean,60,either,0.03453217074275017,3.453217074275017,63,12,14,long,1.0254041326952967,60,-0.11332055352372701,3.3297663927078247
33,fpos,15,long,1.0387505069375038,7.750101387500763,16,10,10,long,1.7163283491815375,8,1.3872632414588466,7.251948192715645
33,fpos,15,short,1.0331350825726986,6.627016514539719,15,6,6,short,-1.412285057294374,7,-0.8560102860252276,6.466076597571373
33,fpos,15,either,1.0387505069375038,7.750101387500763,16,10,10,long,1.7163283491815375,8,1.3872632414588466,7.251948192715645
33,fpos,30,long,1.0241892915219069,4.8378583043813705,31,9,9,long,0.5469932992169054,4,-0.23704792729097876,4.590849578380585
33,fpos,30,short,1.0212473310530186,4.249466210603714,30,11,11,short,-1.5674274891720388,25,-0.4378877869031174,4.102479852735996
33,fpos,30,either,1.0241892915219069,4.8378583043813705,31,9,9,long,0.5469932992169054,4,-0.23704792729097876,4.590849578380585
33,fpos,60,long,1.0166861917823553,3.3372383564710617,61,13,13,long,-0.1322388301571623,42,-0.1311475161690499,3.0544684268534184
33,fpos,60,short,1.0142397079616785,2.847941592335701,69,13,13,short,-1.1420339909879977,45,-0.8776524826412094,2.6700041256844997
33,fpos,60,either,1.0166861917823553,3.3372383564710617,61,13,13,long,-0.1322388301571623,42,-0.1311475161690499,3.0544684268534184
33,worst,15,long,0.0490945465862751,6.1789363622665405,19,6,6,long,0.589677618449332,26,-0.01939552362870153,5.601315051317215
33,worst,15,short,0.04245833307504654,4.886987060308456,15,7,7,short,-0.06382652437744286,7,-0.8467699335994823,5.1976631954312325
33,worst,15,either,0.0490945465862751,6.1789363622665405,19,6,6,long,0.589677618449332,26,0.1605712145904239,5.671326108276844
33,worst,30,long,0.02982725203037262,3.7261322140693665,30,7,7,long,-4.867644445625005,2,-1.029197466845623,3.3759310841560364
33,worst,30,short,0.026460355147719383,3.7848103791475296,31,8,8,short,-1.2419124904137597,31,-0.21086976222234244,3.4948084130883217
33,worst,30,either,0.02982725203037262,3.7261322140693665,30,7,7,long,-4.867644445625005,2,-0.9315983221930474,3.6056367680430412
33,worst,60,long,0.013415656052529812,2.039743773639202,67,8,8,long,,0,-0.6657933640322294,2.2244419530034065
33,worst,60,short,0.019656021147966385,2.134605497121811,61,6,6,short,,0,,2.080726698040962
33,worst,60,either,0.019656021147966385,2.134605497121811,61,6,6,short,,0,,2.080726698040962
34,mean,15,long,0.08115910738706589,8.115910738706589,15,7,7,long,1.1270458430681147,15,-0.7657822717171514,7.7058858424425125
34,mean,15,short,0.06675886362791061,6.675886362791061,15,8,8,short,2.296793808396741,15,0.1725518363349126,6.444301977753638
34,mean,15,either,0.08115910738706589,8.115910738706589,15,7,7,long,1.1270458430681147,15,-0.7657822717171514,7.7058858424425125
34,mean,30,long,0.05498338118195534,5.498338118195534,30,11,11,long,-1.2656554015670343,44,-0.35733544584028487,5.285374633967876
34,mean,30,short,0.04305659979581833,4.305659979581833,30,7,8,short,0.24839093424661673,35,-0.19238322001045502,4.225995689630508
34,mean,30,either,0.05498338118195534,5.498338118195534,30,11,11,long,-1.2656554015670343,44,-0.35733544584028487,5.285374633967876
34,mean,60,long,0.0347643718123436,3.4764371812343597,63,12,13,long,-0.7302851872396041,56,-0.787110295437817,3.3050604909658428
34,mean,60,short,0.02917655184864998,2.917655184864998,60,12,13,short,-0.013969046527591983,65,-0.19407770684737025,2.8697623312473297
34,mean,60,either,0.0347643718123436,3.4764371812343597,63,12,13,long,-0.7302851872396041,56,-0.787110295437817,3.3050604909658428
34,fpos,15,long,1.040579553693533,8.115910738706589,15,7,7,long,1.1270458430681147,15,-0.8623461322101292,7.661663815379143
34,fpos,15,short,1.0333794318139553,6.675886362791061,15,8,8,short,2.296793808396741,15,0.729904456814263,6.3525501266121855
34,fpos,15,either,1.040579553693533,8.115910738706589,15,7,7,long,1.1270458430681147,15,-0.8623461322101292,7.661663815379143
34,fpos,30,long,1.0274916905909777,5.498338118195534,30,11,11,long,-1.2656554015670343,44,-0.5324234186314386,5.22600743919611
34,fpos,30,short,1.0203873068094254,4.077461361885071,31,9,9,short,1.7518282817982993,28,0.15878151692487474,3.998556993901729
34,fpos,30,either,1.0274916905909777,5.498338118195534,30,11,11,long,-1.2656554015670343,44,-0.5324234186314386,5.22600743919611
34,fpos,60,long,1.0164872743189335,3.2974548637866974,62,13,13,long,-0.7585394590962306,70,-0.7050668393740969,3.213336132466793
34,fpos,60,short,1.0133231282234192,2.664625644683838,64,11,11,short,-0.40693116510848976,56,-0.5850446246412335,2.577427215874195
34,fpos,60,either,1.0164872743189335,3.2974548637866974,62,13,13,long,-0.7585394590962306,70,-0.7050668393740969,3.213336132466793
34,worst,15,long,0.05281459912657738,6.102537363767624,20,7,7,long,-1.342455581151611,19,-0.3722578570021031,6.055036596953869
34,worst,15,short,0.0471964068710804,6.2895141541957855,15,6,6,short,1.0784477190643953,22,1.6639267563055404,5.3644512221217155
34,worst,15,either,0.05281459912657738,6.102537363767624,20,7,7,long,-1.342455581151611,19,-0.26078519811506323,5.9476349875330925
34,worst,30,long,0.03688603639602661,4.845450446009636,30,8,8,long,-0.5145699944056017,41,-0.576751613632809,3.8916613534092903
34,worst,30,short,0.0253775492310524,2.9141243547201157,31,6,6,short,-0.3380943093346901,7,0.14107454878493347,2.906853388994932
34,worst,30,either,0.03688603639602661,4.845450446009636,30,8,8,long,-0.5145699944056017,41,-0.576751613632809,3.8916613534092903
34,worst,60,long,0.016255510970950127,2.5350840762257576,61,6,6,long,-0.5703834133346575,92,-0.7623745223733265,2.3194330744445324
34,worst,60,short,0.014365238137543201,1.7412297427654266,72,7,7,short,-1.4118869305417143,26,-1.0910517899939995,1.8540468998253345
34,worst,60,either,0.016255510970950127,2.5350840762257576,61,6,6,long,-0.5703834133346575,92,-0.8228156638268425,2.2559336386621
35,mean,15,long,0.06576133519411087,6.576133519411087,15,8,8,long,3.2797708342036227,4,0.6856033112679898,6.491236686706543
35,mean,15,short,0.07056759297847748,7.056759297847748,15,7,7,short,-0.7236401625408388,17,-0.7218712674674703,6.862369552254677
35,mean,15,either,0.07056759297847748,7.056759297847748,15,7,7,short,-0.7236401625408388,17,-0.7218712674674703,6.862369552254677
35,mean,30,long,0.04982321709394455,4.982321709394455,30,10,10,long,0.19083275038549083,11,0.7311299955885536,4.786674119532108
35,mean,30,short,0.04396114870905876,4.396114870905876,30,10,12,short,-0.8869284950489503,35,-1.2720679082950164,4.337126761674881
35,mean,30,either,0.04982321709394455,4.982321709394455,30,10,10,long,0.19083275038549083,11,0.7311299955885536,4.786674119532108
35,mean,60,long,0.030449705198407173,3.0449705198407173,60,10,12,long,0.1807041452191791,50,-0.1989479614812474,3.0081158503890038
35,mean,60,short,0.028726017102599144,2.8726017102599144,61,11,11,short,-8.2257716183051,4,-3.0037948867593895,2.7378262393176556
35,mean,60,either,0.030449705198407173,3.0449705198407173,60,10,12,long,0.1807041452191791,50,-0.1989479614812474,3.0081158503890038
35,fpos,15,long,1.0328806675970554,6.576133519411087,15,8,8,long,3.2797708342036227,4,0.20456695511576556,6.36323980987072
35,fpos,15,short,1.0352837964892387,7.056759297847748,15,7,7,short,-0.7236401625408388,17,-0.7218712674674703,6.862369552254677
35,fpos,15,either,1.0352837964892387,7.056759297847748,15,7,7,short,-0.7236401625408388,17,-0.7218712674674703,6.862369552254677
35,fpos,30,long,1.0249116085469723,4.982321709394455,30,10,10,long,0.19083275038549083,11,0.601015082546077,4.76461760699749
35,fpos,30,short,1.0217833947390318,4.356678947806358,31,11,11,short,-3.3346170857869755,11,-1.4149951495893858,4.240535721182823
35,fpos,30,either,1.0249116085469723,4.982321709394455,30,10,10,long,0.19083275038549083,11,0.601015082546077,4.76461760699749
35,fpos,60,long,1.0151235405355692,3.024708107113838,61,10,10,long,0.56594313942005,2,0.651081370973561,2.8552868589758873
35,fpos,60,short,1.0143630085512996,2.8726017102599144,61,11,11,short,-8.2257716183051,4,-2.3339364345594973,2.5344558618962765
35,fpos,60,either,1.0151235405355692,3.024708107113838,61,10,10,long,0.56594313942005,2,-0.1236009983017093,2.8675055131316185
35,worst,15,long,0.044442903250455856,5.133052542805672,15,7,7,long,-3.0478755016684027,6,0.016569981827922985,5.302638038992882
35,worst,15,short,0.044601552188396454,6.209711357951164,16,6,6,short,-0.6152111948783111,18,-0.6889250770061404,6.066440157592297
35,worst,15,either,0.044601552188396454,6.209711357951164,16,6,6,short,-0.6152111948783111,18,-1.4664713401939482,5.977445654571056
35,worst,30,long,0.024762624874711037,3.9564326405525208,30,7,7,long,0.2893380400936978,9,-0.1916767961145631,3.3799695968627934
35,worst,30,short,0.027512744069099426,3.998718038201332,31,7,7,short,-0.4774162836412054,52,-0.20337816761685107,3.7920476868748665
35,worst,30,either,0.027512744069099426,3.998718038201332,31,7,7,short,-0.4774162836412054,52,-0.13991669423161543,3.648927696049213
35,worst,60,long,0.01605241931974888,2.071809582412243,60,8,8,long,-0.7331756137600145,15,-0.5647624259999169,1.933723110705614
35,worst,60,short,0.01457013376057148,2.483512833714485,62,10,10,short,0.2752605263171751,48,0.26761448139886707,2.128830458968878
35,worst,60,either,0.01605241931974888,2.071809582412243,60,8,8,long,-0.7331756137600145,15,0.17981351327381556,2.1376105956733227
36,mean,15,long,0.07070859521627426,7.070859521627426,15,7,8,long,-1.9503084288844268,19,-0.90365439477561,6.6838445514440545
36,mean,15,short,0.062704898416996,6.2704898416996,15,8,10,short,0.5625678660106266,24,0.20826707640397937,6.212483681738377
36,mean,15,either,0.07070859521627426,7.070859521627426,15,7,8,long,-1.9503084288844268,19,-0.90365439477561,6.6838445514440545
36,mean,30,long,0.050548382103443146,5.054838210344315,33,9,9,long,-0.6877851035713161,32,-0.4250029457656611,4.825981743633747
36,mean,30,short,0.04176529496908188,4.176529496908188,31,13,13,short,1.9032191797912497,37,0.7283615809359894,4.047004133462906
36,mean,30,either,0.050548382103443146,5.054838210344315,33,9,9,long,-0.6877851035713161,32,-0.4250029457656611,4.825981743633747
36,mean,60,long,0.03509031981229782,3.509031981229782,64,12,13,long,-0.2919219750930314,95,-0.41383663685548455,3.387380540370941
36,mean,60,short,0.02905627340078354,2.905627340078354,61,12,13,short,-0.38218652021608107,37,-0.38005349082957524,2.7587276697158813
36,mean,60,either,0.03509031981229782,3.509031981229782,64,12,13,long,-0.2919219750930314,95,-0.41383663685548455,3.387380540370941
36,fpos,15,long,1.033898301422596,6.779660284519196,15,8,8,long,-2.2077287560135663,6,0.10890676951586686,6.569080799818039
36,fpos,15,short,1.0302238930016756,6.044778600335121,15,8,8,short,-0.8596307043060901,11,-0.27043503963665544,5.739087238907814
36,fpos,15,either,1.033898301422596,6.779660284519196,15,8,8,long,-2.2077287560135663,6,0.10890676951586686,6.569080799818039
36,fpos,30,long,1.0252741910517216,5.054838210344315,33,9,9,long,-0.6877851035713161,32,-0.4064415549382449,4.737405627965927
36,fpos,30,short,1.020882647484541,4.176529496908188,31,13,13,short,1.9032191797912497,37,1.399206574943052,3.959623612463474
36,fpos,30,either,1.0252741910517216,5.054838210344315,33,9,9,long,-0.6877851035713161,32,-0.4064415549382449,4.737405627965927
36,fpos,60,long,1.0158714521676302,3.174290433526039,63,11,11,long,-0.4237005763255168,69,-0.018121468199785502,3.0639716051518917
36,fpos,60,short,1.0136217335239053,2.7243467047810555,66,13,13,short,-0.14184946896124978,34,-0.09937621760202546,2.5712431967258453
36,fpos,60,either,1.0158714521676302,3.174290433526039,63,11,11,long,-0.4237005763255168,69,-0.018121468199785502,3.0639716051518917
36,worst,15,long,0.04045777767896652,5.207152292132378,16,6,6,long,-1.0898046524244318,5,-1.080071316414372,5.03417830914259
36,worst,15,short,0.039150211960077286,4.717642813920975,16,6,6,short,0.21115726845861343,3,-1.7089059781438254,4.884191416203976
36,worst,15,either,0.04045777767896652,5.207152292132378,16,6,6,long,-1.0898046524244318,5,-0.935629628531737,5.081969797611237
36,worst,30,long,0.03054131381213665,3.825332596898079,33,6,6,long,3.679615418321127,3,0.5602568150036932,3.6224178969860077
36,worst,30,short,0.023279139772057533,2.91095357388258,35,6,6,short,-1.9338413761571975,4,-0.499687164572342,2.749156504869461
36,worst,30,either,0.03054131381213665,3.825332596898079,33,6,6,long,3.679615418321127,3,0.5602568150036932,3.6224178969860077
36,worst,60,long,0.013190953992307186,2.781585417687893,66,11,11,long,-0.1534215693103001,95,0.024336125100806027,2.137597855180502
36,worst,60,short,0.012513319030404091,1.7732806503772736,64,7,7,short,0.2327328980692304,85,-0.2791757028572744,2.0363230630755424
36,worst,60,either,0.013190953992307186,2.781585417687893,66,11,11,long,-0.1534215693103001,95,0.05979384244314125,2.093418277800083
37,mean,15,long,0.08171720057725906,8.171720057725906,15,7,8,long,1.032161382628325,17,0.2806189802150859,7.713413015007972
37,mean,15,short,0.07466064393520355,7.466064393520355,15,6,6,short,-0.5714334915054311,41,0.1236223488647006,7.004740312695504
37,mean,15,either,0.08171720057725906,8.171720057725906,15,7,8,long,1.032161382628325,17,0.2806189802150859,7.713413015007972
37,mean,30,long,0.05387047678232193,5.387047678232193,30,8,8,long,1.1261668896475687,9,0.8292856224527162,5.111530013382435
37,mean,30,short,0.047754283994436264,4.775428399443626,32,12,12,short,0.7691402411326452,37,1.08504651548493,4.5793192461133
37,mean,30,either,0.05387047678232193,5.387047678232193,30,8,8,long,1.1261668896475687,9,0.8292856224527162,5.111530013382435
37,mean,60,long,0.031551625579595566,3.1551625579595566,60,11,14,long,-0.12666237675146533,69,-0.05169927779024769,3.1025225669145584
37,mean,60,short,0.03267677500844002,3.2676775008440018,62,14,14,short,0.9673334353579403,56,0.5499925033502951,3.128223512321711
37,mean,60,either,0.03267677500844002,3.2676775008440018,62,14,14,short,0.9673334353579403,56,0.28186371589371506,3.1564993597567077
37,fpos,15,long,1.0389232896268368,7.784657925367355,15,6,6,long,-1.2543062256108728,11,-0.027291243068908594,7.492331266403199
37,fpos,15,short,1.0373303219676018,7.466064393520355,15,6,6,short,-0.5714334915054311,41,-0.202610960766741,6.9527894258499146
37,fpos,15,either,1.0389232896268368,7.784657925367355,15,6,6,long,-1.2543062256108728,11,-0.491993447645444,7.508331909775734
37,fpos,30,long,1.026935238391161,5.387047678232193,30,8,8,long,1.1261668896475687,9,0.6327957561243218,4.972436800599098
37,fpos,30,short,1.0238771419972181,4.775428399443626,32,12,12,short,0.7691402411326452,37,1.0036684494426629,4.5381104946136475
37,fpos,30,either,1.026935238391161,5.387047678232193,30,8,8,long,1.1261668896475687,9,0.6327957561243218,4.972436800599098
37,fpos,60,long,1.0144907319918275,2.8981463983654976,64,12,12,long,-0.5156194961481426,75,0.3070498648618357,2.8360274247825146
37,fpos,60,short,1.01633838750422,3.2676775008440018,62,14,14,short,0.9673334353579403,56,0.5526634629945371,3.1237630173563957
37,fpos,60,either,1.01633838750422,3.2676775008440018,62,14,14,short,0.9673334353579403,56,0.5526634629945371,3.1237630173563957
37,worst,15,long,0.06552360951900482,7.143890857696533,17,6,6,long,0.09138114416032111,16,0.48318880394601965,6.448360159993172
37,worst,15,short,0.03928082436323166,4.76568229496479,15,7,7,short,1.8728001040103255,13,1.295227418317968,5.358294881880283
37,worst,15,either,0.06552360951900482,7.143890857696533,17,6,6,long,0.09138114416032111,16,0.48318880394601965,6.448360159993172
37,worst,30,long,0.03049539402127266,4.240348190069199,30,6,6,long,1.529075190957618,16,1.4747256330790048,4.240348190069199
37,worst,30,short,0.023124905303120613,3.7738170474767685,32,8,8,short,-0.4479644385852572,41,2.2525272560118967,3.2674777507781987
37,worst,30,either,0.03049539402127266,4.240348190069199,30,6,6,long,1.529075190957618,16,1.4747256330790048,4.240348190069199
37,worst,60,long,0.013381227850914001,2.1436087787151337,63,11,11,long,-0.3760341966726167,64,0.03643455451235369,2.1698671765625477
37,worst,60,short,0.01142220851033926,1.7927944660186768,70,9,9,short,-0.10144815894400691,119,0.8062705771505643,2.6064798422157764
37,worst,60,either,0.013381227850914001,2.1436087787151337,63,11,11,long,-0.3760341966726167,64,0.4970218677961721,2.5324148684740067
38,mean,15,long,0.07303524017333984,7.303524017333984,16,7,7,long,-2.13552708357342,12,-2.625579161659084,7.274236306548118
38,mean,15,short,0.0713946521282196,7.1394652128219604,16,7,7,short,-0.633289913278737,26,-0.685102234769724,6.934104561805725
38,mean,15,either,0.07303524017333984,7.303524017333984,16,7,7,long,-2.13552708357342,12,-2.625579161659084,7.274236306548118
38,mean,30,long,0.046068768948316574,4.606876894831657,30,10,12,long,-1.9861873189404329,19,-1.5851426308083048,4.598894640803337
38,mean,30,short,0.0446019247174263,4.46019247174263,31,9,10,short,1.17314543650005,17,-0.4791857397236575,4.354227781295776
38,mean,30,either,0.046068768948316574,4.606876894831657,30,10,12,long,-1.9861873189404329,19,-1.5851426308083048,4.598894640803337
38,mean,60,long,0.030240189284086227,3.0240189284086227,68,10,12,long,0.30056363824014026,80,0.17856350598770207,2.838984951376915
38,mean,60,short,0.029688095673918724,2.9688095673918724,60,10,12,short,-0.4336613921302833,53,-0.3633599425280124,2.7746983617544174
38,mean,60,either,0.030240189284086227,3.0240189284086227,68,10,12,long,0.30056363824014026,80,0.18905470891182918,2.8760490007698536
38,fpos,15,long,1.03651762008667,7.303524017333984,16,7,7,long,-2.13552708357342,12,-2.1887544502059533,7.274236306548118
38,fpos,15,short,1.0356973260641098,7.1394652128219604,16,7,7,short,-0.633289913278737,26,-0.9453339389862092,6.850477829575538
38,fpos,15,either,1.03651762008667,7.303524017333984,16,7,7,long,-2.13552708357342,12,-2.1887544502059533,7.274236306548118
38,fpos,30,long,1.0220612362027168,4.4122472405433655,30,10,10,long,-0.8274270714788043,22,0.46777456666962713,4.261916987597942
38,fpos,30,short,1.0213365741074085,4.267314821481705,30,9,9,short,-0.1389011205621477,32,0.3077270285566094,4.154003448784351
38,fpos,30,either,1.0220612362027168,4.4122472405433655,30,10,10,long,-0.8274270714788043,22,-0.06665926851333054,4.270135648548603
38,fpos,60,long,1.0135087007656693,2.701740153133869,68,12,12,long,0.34665544551079785,87,-0.12643491020518724,2.4747728556394577
38,fpos,60,short,1.0136011466383934,2.7202293276786804,61,13,13,short,-0.6917128839975797,53,-0.12489212329129859,2.596731372177601
38,fpos,60,either,1.0136011466383934,2.7202293276786804,61,13,13,short,-0.6917128839975797,53,-0.0531184309831423,2.623346820473671
38,worst,15,long,0.04629657045006752,6.170385330915451,16,6,6,long,0.5253996300349668,6,-2.2930959781262494,6.085328832268715
38,worst,15,short,0.04842928424477577,7.006500661373138,15,6,6,short,-1.4390068777037874,30,-1.0088309514388751,6.308284811675549
38,worst,15,either,0.04842928424477577,7.006500661373138,15,6,6,short,-1.4390068777037874,30,-1.5692923155957839,6.294538788497447
38,worst,30,long,0.025080475956201553,3.3634211868047714,32,6,6,long,0.30898757731422355,42,0.5980861979435004,3.05834598839283
38,worst,30,short,0.026550158858299255,4.092936962842941,31,8,8,short,1.0879742611331555,29,0.1339546848300134,3.586860261857509
38,worst,30,either,0.026550158858299255,4.092936962842941,31,8,8,short,1.0879742611331555,29,0.471755591223719,3.524782843887806
38,worst,60,long,0.011979806236922741,1.824677735567093,61,6,6,long,3.97466953642241,2,0.20870812397755,1.859859246760607
38,worst,60,short,0.014411203563213348,2.158602885901928,62,12,12,short,-0.38153045906618277,40,0.1454349250353599,1.9719099160283804
38,worst,60,either,0.014411203563213348,2.158602885901928,62,12,12,short,-0.38153045906618277,40,0.42140241587083044,1.9382304046303034
39,mean,15,long,0.08311131596565247,8.311131596565247,15,8,10,long,2.9335476490845225,11,3.07586312766161,8.247178420424461
39,mean,15,short,0.062076784670352936,6.207678467035294,15,9,9,short,-1.244587224866441,11,-0.8367063675501494,6.033325977623463
39,mean,15,either,0.08311131596565247,8.311131596565247,15,8,10,long,2.9335476490845225,11,3.07586312766161,8.247178420424461
39,mean,30,long,0.05290667712688446,5.290667712688446,30,10,11,long,1.1163820789238197,21,0.45607774300731657,4.93382453918457
39,mean,30,short,0.04675813764333725,4.675813764333725,30,8,8,short,0.3630661721824848,27,-0.2913252101920949,4.403201639652252
39,mean,30,either,0.05290667712688446,5.290667712688446,30,10,11,long,1.1163820789238197,21,0.45607774300731657,4.93382453918457
39,mean,60,long,0.03451390191912651,3.451390191912651,61,12,13,long,-0.20689346939401018,84,0.04364337830823848,3.245469573885203
39,mean,60,short,0.0295427069067955,2.95427069067955,60,13,13,short,0.8988726640917519,78,0.6156561023069905,2.7568957023322582
39,mean,60,either,0.03451390191912651,3.451390191912651,61,12,13,long,-0.20689346939401018,84,0.04364337830823848,3.245469573885203
39,fpos,15,long,1.0381561145186424,7.631222903728485,15,8,8,long,-1.1402109367099365,11,0.6945132706734076,7.17471681535244
39,fpos,15,short,1.0310383923351765,6.207678467035294,15,9,9,short,-1.244587224866441,11,-0.8367063675501494,6.033325977623463
39,fpos,15,either,1.0381561145186424,7.631222903728485,15,8,8,long,-1.1402109367099365,11,0.6945132706734076,7.17471681535244
39,fpos,30,long,1.025533203035593,5.106640607118607,30,9,9,long,0.14865341120506997,10,-0.01817817800017999,4.722619205713272
39,fpos,30,short,1.0233790688216686,4.675813764333725,30,8,8,short,0.3630661721824848,27,-0.31753395950988356,4.339200891554356
39,fpos,30,either,1.025533203035593,5.106640607118607,30,9,9,long,0.14865341120506997,10,-0.025344723058028127,4.73318699747324
39,fpos,60,long,1.014149316586554,2.82986331731081,60,12,12,long,0.44499041592889876,70,0.5973154176376662,2.762927245348692
39,fpos,60,short,1.0147713534533978,2.95427069067955,60,13,13,short,0.8988726640917519,78,0.746576297566712,2.6667065359652042
39,fpos,60,either,1.0147713534533978,2.95427069067955,60,13,13,short,0.8988726640917519,78,0.672978535207628,2.7923335321247578
39,worst,15,long,0.05019505321979523,6.279895454645157,15,6,6,long,-1.0618487088799264,21,-0.3257581323945216,5.836246125400066
39,worst,15,short,0.04917338117957115,5.995864421129227,15,6,6,short,-0.16555297244776504,14,0.01541707595135847,5.574928447604179
39,worst,15,either,0.05019505321979523,6.279895454645157,15,6,6,long,-1.0618487088799264,21,-0.08187914825203021,5.6732554361224174
39,worst,30,long,0.027618199586868286,4.268970713019371,31,8,8,long,-1.0732291701910115,36,-0.4355579296029451,3.851011693477631
39,worst,30,short,0.031207824125885963,4.179232940077782,34,8,8,short,0.4228807046055303,29,0.10833000687437476,3.876407667994499
39,worst,30,either,0.031207824125885963,4.179232940077782,34,8,8,short,0.4228807046055303,29,-0.0022233487289474133,3.945527486503124
39,worst,60,long,0.013074975460767746,1.9047852605581284,76,8,8,long,0.39497503666379996,105,-0.24246313854079868,2.0530533976852894
39,worst,60,short,0.013052794151008129,1.7391512170433998,60,10,10,short,0.8431029465633896,82,-0.3385569564122911,1.6947768535465
39,worst,60,either,0.013074975460767746,1.9047852605581284,76,8,8,long,0.39497503666379996,105,-0.005312018699536961,1.977855749428272
40,mean,15,long,0.07154849916696548,7.1548499166965485,15,8,9,long,-0.820212301043778,9,-0.647630800271879,6.934751421213151
40,mean,15,short,0.06338775157928467,6.338775157928467,16,7,8,short,1.42319069469464,5,0.9294188705878661,6.049944199621677
40,mean,15,either,0.07154849916696548,7.1548499166965485,15,8,9,long,-0.820212301043778,9,-0.647630800271879,6.934751421213151
40,mean,30,long,0.04859888181090355,4.859888181090355,30,8,9,long,-1.9694200151959995,33,-1.015366107771786,4.684415794909
40,mean,30,short,0.04349077120423317,4.349077120423317,32,12,12,short,-0.21378540386075653,34,-0.2526372499467692,4.101335555315018
40,mean,30,either,0.04859888181090355,4.859888181090355,30,8,9,long,-1.9694200151959995,33,-1.015366107771786,4.684415794909
40,mean,60,long,0.03240415081381798,3.240415081381798,60,10,11,long,0.7013088656494675,63,0.07616519400860677,3.0825220607221127
40,mean,60,short,0.0264592282474041,2.64592282474041,68,10,14,short,-0.5051195078098318,32,-0.02041646006075695,2.6019851490855217
40,mean,60,either,0.03240415081381798,3.240415081381798,60,10,11,long,0.7013088656494675,63,0.07616519400860677,3.0825220607221127
40,fpos,15,long,1.035269558429718,7.0539116859436035,16,7,7,long,-1.0871668051964154,26,-0.454535374084737,6.793215349316598
40,fpos,15,short,1.0313046835362911,6.2609367072582245,16,8,8,short,-0.34789664482194643,11,0.6660613733943074,5.755623057484627
40,fpos,15,either,1.035269558429718,7.0539116859436035,16,7,7,long,-1.0871668051964154,26,-0.454535374084737,6.793215349316598
40,fpos,30,long,1.0239797309041023,4.795946180820465,30,8,8,long,-1.3168513668904132,41,-1.1187926047712915,4.452455714344978
40,fpos,30,short,1.0217453856021166,4.349077120423317,32,12,12,short,-0.21378540386075653,34,-1.0405001336724122,4.004567079246044
40,fpos,30,either,1.0239797309041023,4.795946180820465,30,8,8,long,-1.3168513668904132,41,-0.980152282378359,4.4565654173493385
40,fpos,60,long,1.0147901363670826,2.958027273416519,60,10,10,long,-0.5518354003664285,67,-0.010528426522334884,2.8457810543477535
40,fpos,60,short,1.0131332017481327,2.626640349626541,61,11,11,short,-0.4680572059271953,49,0.17540516210497384,2.552128843963146
40,fpos,60,either,1.0147901363670826,2.958027273416519,60,10,10,long,-0.5518354003664285,67,-0.010528426522334884,2.8457810543477535
40,worst,15,long,0.04197273403406143,5.8607276529073715,19,6,6,long,-0.3180594173377513,16,-1.0895383479653706,5.287020765244961
40,worst,15,short,0.02904297411441803,4.79632131755352,15,9,9,short,-2.892681986722084,5,-0.5581588144187244,4.3702710792422295
40,worst,15,either,0.04197273403406143,5.8607276529073715,19,6,6,long,-0.3180594173377513,16,-1.0895383479653706,5.287020765244961
40,worst,30,long,0.03265763819217682,4.40063513815403,30,6,6,long,-0.5449735227868178,24,-0.5098365083682779,4.021132029592991
40,worst,30,short,0.019485928118228912,3.2304994761943817,37,7,7,short,-2.329593807842696,9,-0.1996008025498412,2.9047062061727047
40,worst,30,either,0.03265763819217682,4.40063513815403,30,6,6,long,-0.5449735227868178,24,-0.5098365083682779,4.021132029592991
40,worst,60,long,0.013907532207667828,2.098193019628525,62,7,7,long,0.4032259150445341,65,-0.4954775564884965,1.9269641116261484
40,worst,60,short,0.013650672510266304,2.2487014532089233,67,10,10,short,-0.5281899708025227,31,-0.14994154889421255,1.942301504313946
40,worst,60,either,0.013907532207667828,2.098193019628525,62,7,7,long,0.4032259150445341,65,-0.23054310051229934,1.922666039317846
41,mean,15,long,0.07163934409618378,7.163934409618378,16,7,9,long,-0.37740434642727866,34,-0.22056979306400915,6.843894794583321
41,mean,15,short,0.05866266041994095,5.866266041994095,16,9,10,short,0.1489203654327083,18,-0.7157659555113007,5.6534357368946075
41,mean,15,either,0.07163934409618378,7.163934409618378,16,7,9,long,-0.37740434642727866,34,-0.22056979306400915,6.843894794583321
41,mean,30,long,0.0454341322183609,4.54341322183609,33,7,10,long,-0.6347684622944183,17,-0.43257400917429983,4.3948329240083694
41,mean,30,short,0.03934993967413902,3.9349939674139023,31,10,10,short,0.8675835329180439,27,0.2783300813675082,3.7740176543593407
41,mean,30,either,0.0454341322183609,4.54341322183609,33,7,10,long,-0.6347684622944183,17,-0.43257400917429983,4.3948329240083694
41,mean,60,long,0.03381058946251869,3.381058946251869,60,11,13,long,-0.6405550935759123,36,-0.23013570290761587,3.064885139465332
41,mean,60,short,0.02557464689016342,2.557464689016342,65,10,11,short,0.7737218723887304,61,0.4080040820401672,2.448450569063425
41,mean,60,either,0.03381058946251869,3.381058946251869,60,11,13,long,-0.6405550935759123,36,-0.23013570290761587,3.064885139465332
41,fpos,15,long,1.035546462982893,7.109292596578598,15,7,7,long,-0.3125458482421616,11,-0.6229192612204136,6.720435917377472
41,fpos,15,short,1.0286026801913977,5.720536038279533,15,9,9,short,-0.2819954066125633,13,1.0574145179807224,5.56179091334343
41,fpos,15,either,1.035546462982893,7.109292596578598,15,7,7,long,-0.3125458482421616,11,-0.6229192612204136,6.720435917377472
41,fpos,30,long,1.0198401305824518,3.968026116490364,36,10,10,long,-0.9490532057290733,24,-0.6284852716816142,3.879973143339157
41,fpos,30,short,1.0196749698370695,3.9349939674139023,31,10,10,short,0.8675835329180439,27,0.21392634984561848,3.76089334487915
41,fpos,30,either,1.0198401305824518,3.968026116490364,36,10,10,long,-0.9490532057290733,24,-0.4883624157524748,3.8954459130764008
41,fpos,60,long,1.0137502988800406,2.750059776008129,61,13,13,long,0.2958189015752643,39,0.28499852247878443,2.6221908628940582
41,fpos,60,short,1.0121540585532784,2.4308117106556892,60,12,12,short,0.46777125244825396,51,0.4039702020606495,2.3107306472957134
41,fpos,60,either,1.0137502988800406,2.750059776008129,61,13,13,long,0.2958189015752643,39,0.28499852247878443,2.6221908628940582
41,worst,15,long,0.0431269146502018,5.505237728357315,15,6,6,long,0.802201103387744,5,-0.10336957671601775,4.856212697923183
41,worst,15,short,0.04517434909939766,4.848771542310715,15,6,6,short,-0.8872947701932796,16,-0.18162865794325758,4.735880345106125
41,worst,15,either,0.04517434909939766,4.848771542310715,15,6,6,short,-0.8872947701932796,16,-0.42607464032879594,4.955849871039391
41,worst,30,long,0.025256743654608727,3.264022246003151,33,6,6,long,-0.37991285898996785,9,-0.7433763569971001,3.091237358748913
41,worst,30,short,0.020573284476995468,2.581357955932617,31,7,7,short,0.7371049092039992,77,0.006599709476771512,2.6166435703635216
41,worst,30,either,0.025256743654608727,3.264022246003151,33,6,6,long,-0.37991285898996785,9,-0.7433763569971001,3.091237358748913
41,worst,60,long,0.011873616836965084,2.3809872567653656,64,12,12,long,0.6049291242586662,71,-0.014282177371534348,1.6164540778845549
41,worst,60,short,0.012985109351575375,2.1021559834480286,62,11,11,short,-0.2935999383528696,48,-1.8358927465804955,1.5846642572432754
41,worst,60,either,0.012985109351575375,2.1021559834480286,62,11,11,short,-0.2935999383528696,48,0.010390055003889178,1.6634459514170883
42,mean,15,long,0.06695442646741867,6.695442646741867,15,7,8,long,1.6040403192512247,14,0.724058672723954,6.610717102885247
42,mean,15,short,0.06352831423282623,6.352831423282623,15,6,6,short,0.607426275641688,21,1.0404659719854106,6.186630502343178
42,mean,15,either,0.06695442646741867,6.695442646741867,15,7,8,long,1.6040403192512247,14,0.724058672723954,6.610717102885247
42,mean,30,long,0.046982768923044205,4.6982768923044205,31,8,9,long,1.4840258435041516,38,0.6247636579257634,4.597897231578827
42,mean,30,short,0.05374833196401596,5.374833196401596,30,8,9,short,0.025038277983476936,25,0.051647247789759,4.91674330085516
42,mean,30,either,0.05374833196401596,5.374833196401596,30,8,9,short,0.025038277983476936,25,0.17651011951549722,4.921898618340492
42,mean,60,long,0.03232579305768013,3.232579305768013,61,9,10,long,-0.05670238861790071,69,-0.3333438729656666,3.148827739059925
42,mean,60,short,0.03539123386144638,3.539123386144638,60,10,12,short,0.31822520557024514,51,0.23048223367413095,3.408058844506741
42,mean,60,either,0.03539123386144638,3.539123386144638,60,10,12,short,0.31822520557024514,51,0.23048223367413095,3.408058844506741
42,fpos,15,long,1.033359281718731,6.671856343746185,15,6,6,long,2.106553336633783,17,-0.19089787398180966,6.550431922078133
42,fpos,15,short,1.0317641571164131,6.352831423282623,15,6,6,short,0.6450174332833365,20,1.0404659719854106,6.186630502343178
42,fpos,15,either,1.033359281718731,6.671856343746185,15,6,6,long,2.106553336633783,17,-0.19089787398180966,6.550431922078133
42,fpos,30,long,1.0232067536562681,4.641350731253624,33,9,9,long,1.4432268471445102,34,0.4458478494553835,4.5004235580563545
42,fpos,30,short,1.024343803524971,4.868760704994202,34,8,8,short,0.14326919627366483,27,0.14107193485009753,4.482594542205334
42,fpos,30,either,1.024343803524971,4.868760704994202,34,8,8,short,0.14326919627366483,27,0.24399045166792147,4.617045521736145
42,fpos,60,long,1.0158372055739164,3.167441114783287,60,10,10,long,-0.3884964821040767,65,-0.15747998198592858,3.0516622588038445
42,fpos,60,short,1.0153803173452616,3.0760634690523148,64,12,12,short,-0.1279705909237582,56,0.23686421286476808,2.904036659747362
42,fpos,60,either,1.0158372055739164,3.167441114783287,60,10,10,long,-0.3884964821040767,65,-0.18888686689371384,3.068078812211752
42,worst,15,long,0.054568540304899216,6.5339550375938416,15,6,6,long,3.854438873604077,10,2.7278466176953238,6.118123903870583
42,worst,15,short,0.03954199329018593,4.916835576295853,16,7,7,short,-1.7345472022686401,2,0.23586374611035663,4.70895204693079
42,worst,15,either,0.054568540304899216,6.5339550375938416,15,6,6,long,3.854438873604077,10,2.7278466176953238,6.118123903870583
42,worst,30,long,0.03457760810852051,4.10364605486393,32,7,7,long,0.649842476578321,33,-0.42061591771598245,3.668481856584549
42,worst,30,short,0.02675400674343109,3.3424191176891327,30,6,6,short,0.50319899030564,1,0.8330834799318084,3.3363262563943863
42,worst,30,either,0.03457760810852051,4.10364605486393,32,7,7,long,0.649842476578321,33,-0.42061591771598245,3.668481856584549
42,worst,60,long,0.016386739909648895,2.703142911195755,63,7,7,long,-0.122185557748087,78,-0.3536351688391721,2.2887200117111206
42,worst,60,short,0.017107326537370682,2.7145694941282272,60,11,11,short,0.42682471957159773,85,0.19308191082663892,2.3078712448477745
42,worst,60,either,0.017107326537370682,2.7145694941282272,60,11,11,short,0.42682471957159773,85,0.12061907662248857,2.4138854816555977
43,mean,15,long,0.08553250133991241,8.553250133991241,15,6,6,long,-2.3062737759621124,17,-1.2050256897625535,8.15947525203228
43,mean,15,short,0.06567350775003433,6.567350775003433,15,6,6,short,0.8740700514722234,9,-0.06261291959461159,6.285542696714401
43,mean,15,either,0.08553250133991241,8.553250133991241,15,6,6,long,-2.3062737759621124,17,-1.2050256897625535,8.15947525203228
43,mean,30,long,0.05811010301113129,5.811010301113129,31,9,9,long,-0.28969440337038627,30,-0.2880803265177697,5.6245331838727
43,mean,30,short,0.04405107721686363,4.405107721686363,33,10,12,short,0.4838512249439668,36,0.0816018542578105,4.192697890102863
43,mean,30,either,0.05811010301113129,5.811010301113129,31,9,9,long,-0.28969440337038627,30,-0.2880803265177697,5.6245331838727
43,mean,60,long,0.03530917316675186,3.530917316675186,60,12,12,long,0.06963504372909154,59,0.22577753065992273,3.342249542474747
43,mean,60,short,0.02893231064081192,2.893231064081192,61,10,11,short,-0.5060016153879605,46,-0.40553783204257104,2.7256722934544086
43,mean,60,either,0.03530917316675186,3.530917316675186,60,12,12,long,0.06963504372909154,59,0.22577753065992273,3.342249542474747
43,fpos,15,long,1.0427662506699562,8.553250133991241,15,6,6,long,-2.3062737759621124,17,-1.3057399619858916,8.129188492894173
43,fpos,15,short,1.0328367538750172,6.567350775003433,15,6,6,short,0.28223810603948624,8,0.26470530161240075,6.1158690974116325
43,fpos,15,either,1.0427662506699562,8.553250133991241,15,6,6,long,-2.3062737759621124,17,-1.3057399619858916,8.129188492894173
43,fpos,30,long,1.0290550515055656,5.811010301113129,31,9,9,long,-0.28969440337038627,30,-0.31705393309162677,5.612349100410938
43,fpos,30,short,1.0209787469357252,4.195749387145042,30,9,9,short,-0.24587897397413927,12,-0.39678842179933044,3.9573093131184582
43,fpos,30,either,1.0290550515055656,5.811010301113129,31,9,9,long,-0.28969440337038627,30,-0.31705393309162677,5.612349100410938
43,fpos,60,long,1.017654586583376,3.530917316675186,60,12,12,long,0.06963504372909154,59,0.2841921324233508,3.2077017799019814
43,fpos,60,short,1.0141381062567234,2.827621251344681,62,12,12,short,-0.6261478585530583,74,-0.5142062379865894,2.5017552450299263
43,fpos,60,either,1.017654586583376,3.530917316675186,60,12,12,long,0.06963504372909154,59,0.2841921324233508,3.2077017799019814
43,worst,15,long,0.06188159063458443,6.965640187263489,16,6,6,long,-1.4474161173779798,25,-1.0774919466507484,7.608771547675134
43,worst,15,short,0.04411732405424118,6.11591748893261,16,6,6,short,-0.30103687557731695,13,-0.6012435562632785,4.986250586807728
43,worst,15,either,0.06188159063458443,6.965640187263489,16,6,6,long,-1.4474161173779798,25,-1.0774919466507484,7.608771547675134
43,worst,30,long,0.038090191781520844,5.505788698792458,30,8,8,long,0.7307879996826525,42,-1.0261215802145844,4.522720649838448
43,worst,30,short,0.02561475895345211,3.9274316281080246,31,9,9,short,1.334198975899074,23,0.07853037676430454,3.1734075583517556
43,worst,30,either,0.038090191781520844,5.505788698792458,30,8,8,long,0.7307879996826525,42,-1.0261215802145844,4.522720649838448
43,worst,60,long,0.01659378595650196,2.656582184135914,61,8,8,long,0.8293018053790251,41,0.4950939984940163,2.376734148710966
43,worst,60,short,0.012866032309830189,1.7458243295550346,61,7,7,short,0.4488774102603634,125,0.2834725256052343,1.5615669265389442
43,worst,60,either,0.01659378595650196,2.656582184135914,61,8,8,long,0.8293018053790251,41,0.6434210080403531,2.2984745167195797
44,mean,15,long,0.07662568986415863,7.662568986415863,15,7,7,long,-2.391199349651082,13,-1.1586279654642877,7.3962897807359695
44,mean,15,short,0.06525593996047974,6.525593996047974,15,6,6,short,-1.7463990716927862,5,-1.691771253551827,6.3018956035375595
44,mean,15,either,0.07662568986415863,7.662568986415863,15,7,7,long,-2.391199349651082,13,-1.1586279654642877,7.3962897807359695
44,mean,30,long,0.050046395510435104,5.00463955104351,30,10,10,long,0.34114813392725873,31,0.1605967452186792,4.694092348217964
44,mean,30,short,0.044677067548036575,4.4677067548036575,30,9,10,short,0.9217803373421726,24,-0.25882769850379295,4.193635135889053
44,mean,30,either,0.050046395510435104,5.00463955104351,30,10,10,long,0.34114813392725873,31,0.1605967452186792,4.694092348217964
44,mean,60,long,0.03592189401388168,3.5921894013881683,62,11,12,long,0.3004851123648153,82,0.08021284308671761,3.1997612863779072
44,mean,60,short,0.026614351198077202,2.66143511980772,60,11,11,short,-0.34318855132464854,69,-0.2384432723927563,2.464913334697485
44,mean,60,either,0.03592189401388168,3.5921894013881683,62,11,12,long,0.3004851123648153,82,0.08021284308671761,3.1997612863779072
44,fpos,15,long,1.0383128449320793,7.662568986415863,15,7,7,long,-2.391199349651082,13,-0.43306564522733826,7.106292173266411
44,fpos,15,short,1.0326279699802399,6.525593996047974,15,6,6,short,-1.7463990716927862,5,-2.2664523742251523,6.267333254218102
44,fpos,15,either,1.0383128449320793,7.662568986415863,15,7,7,long,-2.391199349651082,13,-0.43306564522733826,7.106292173266411
44,fpos,30,long,1.0250231977552176,5.00463955104351,30,10,10,long,0.34114813392725873,31,0.039838754522435266,4.526582174003124
44,fpos,30,short,1.0212461072951555,4.249221459031105,30,10,10,short,0.691808764412873,31,-0.2056685809850996,4.06217485666275
44,fpos,30,either,1.0250231977552176,5.00463955104351,30,10,10,long,0.34114813392725873,31,0.039838754522435266,4.526582174003124
44,fpos,60,long,1.0139621449634433,2.792428992688656,60,13,13,long,0.6825204091159045,39,-0.10009263673330059,2.5376874394714832
44,fpos,60,short,1.0133071755990386,2.66143511980772,60,11,11,short,-0.34318855132464854,69,-0.21940899771190026,2.4072729609906673
44,fpos,60,either,1.0139621449634433,2.792428992688656,60,13,13,long,0.6825204091159045,39,-0.139225505394677,2.568848952651024
44,worst,15,long,0.04338885471224785,5.372391641139984,16,6,6,long,-0.38786363907612564,21,0.3417711466205231,5.451831817626953
44,worst,15,short,0.04372745752334595,6.0324810445308685,15,7,7,short,-2.1245382253211034,11,-1.9982985101953572,5.046417191624641
44,worst,15,either,0.04372745752334595,6.0324810445308685,15,7,7,short,-2.1245382253211034,11,-0.5489551924750538,5.345031954348087
44,worst,30,long,0.025394558906555176,3.8924336433410645,32,8,8,long,0.6442304058424161,26,-0.12147542238691886,3.2522073760628696
44,worst,30,short,0.023643536493182182,2.931991219520569,32,7,7,short,0.3486244201189516,11,0.11827057019078203,2.8775682859122753
44,worst,30,either,0.025394558906555176,3.8924336433410645,32,8,8,long,0.6442304058424161,26,-0.07307872258971264,3.203205429017544
44,worst,60,long,0.013572250492870808,1.991826854646206,61,7,7,long,-1.5037404104224625,110,-0.13592372829024751,1.8291867431253197
44,worst,60,short,0.011477992869913578,1.7214160412549973,65,9,9,short,-0.7671868280713823,25,-0.3438730096042604,1.9575781933963299
44,worst,60,either,0.013572250492870808,1.991826854646206,61,7,7,long,-1.5037404104224625,110,-0.1719724902670419,1.8801522534340622
45,mean,15,long,0.06901409476995468,6.901409476995468,17,8,8,long,-0.8468778896084279,25,-0.28836389532246376,6.780989840626717
45,mean,15,short,0.07149355858564377,7.149355858564377,15,9,9,short,-0.9203190924664253,27,0.8099769655179674,6.816079840064049
45,mean,15,either,0.07149355858564377,7.149355858564377,15,9,9,short,-0.9203190924664253,27,0.2517364530857534,6.89896784722805
45,mean,30,long,0.0500362403690815,5.00362403690815,36,8,8,long,-0.3587631544458501,71,-0.9937630856732018,4.8765261098742485
45,mean,30,short,0.0448746494948864,4.48746494948864,32,9,11,short,0.6718938301277007,28,0.29030801973251125,4.297953620553017
45,mean,30,either,0.0500362403690815,5.00362403690815,36,8,8,long,-0.3587631544458501,71,-0.9937630856732018,4.8765261098742485
45,mean,60,long,0.033923421055078506,3.3923421055078506,60,7,9,long,-0.5978722805944472,61,-0.28860315695387856,3.139183707535267
45,mean,60,short,0.02989453449845314,2.989453449845314,60,11,12,short,0.13598559211064704,42,0.13260105222185214,2.850591167807579
45,mean,60,either,0.033923421055078506,3.3923421055078506,60,7,9,long,-0.5978722805944472,61,-0.28860315695387856,3.139183707535267
45,fpos,15,long,1.0345070473849773,6.901409476995468,17,8,8,long,-0.8468778896084279,25,-0.7860246097898016,6.671200022101402
45,fpos,15,short,1.0357467792928219,7.149355858564377,15,9,9,short,-0.9203190924664253,27,0.8099769655179674,6.816079840064049
45,fpos,15,either,1.0357467792928219,7.149355858564377,15,9,9,short,-0.9203190924664253,27,-0.09458913113439056,6.878721863031386
45,fpos,30,long,1.0250181201845407,5.00362403690815,36,8,8,long,-0.3587631544458501,71,-0.7968744455594488,4.602491557598114
45,fpos,30,short,1.0221914872527122,4.43829745054245,30,6,6,short,0.5383598538345423,35,0.48551105342128625,4.164670370519161
45,fpos,30,either,1.0250181201845407,5.00362403690815,36,8,8,long,-0.3587631544458501,71,-0.578928266749826,4.606148488819599
45,fpos,60,long,1.0156007464975119,3.1201492995023727,62,10,10,long,-0.274888641670532,103,-0.0820997544375358,3.020894844084978
45,fpos,60,short,1.0139618534594774,2.792370691895485,62,12,12,short,0.29798157174952744,40,0.1401566347046077,2.6488807424902916
45,fpos,60,either,1.0156007464975119,3.1201492995023727,62,10,10,long,-0.274888641670532,103,-0.0820997544375358,3.020894844084978
45,worst,15,long,0.04104244336485863,6.176816672086716,18,6,6,long,0.013571802341154647,28,-1.308610309638082,5.498771630227566
45,worst,15,short,0.04431891813874245,5.690214782953262,16,6,6,short,0.2649282498947873,19,-0.00044715510581051885,5.300547294318676
45,worst,15,either,0.04431891813874245,5.690214782953262,16,6,6,short,0.2649282498947873,19,-0.17254078091820838,5.442570261657238
45,worst,30,long,0.024683885276317596,3.0477797612547874,30,7,7,long,0.8903865828407478,22,-0.013407350160858601,3.129507023841142
45,worst,30,short,0.028042882680892944,3.96927073597908,30,8,8,short,-0.12661980660153083,41,-0.24174540310656903,3.6505522206425667
45,worst,30,either,0.028042882680892944,3.96927073597908,30,8,8,short,-0.12661980660153083,41,-0.24174540310656903,3.6505522206425667
45,worst,60,long,0.014414341188967228,1.765768602490425,60,7,7,long,-0.261402817550928,35,-0.2044455695782978,2.509310021996498
45,worst,60,short,0.012673450633883476,2.625039406120777,63,10,10,short,-0.5296110766096049,67,-0.3027848315944072,2.0058133266866207
45,worst,60,either,0.014414341188967228,1.765768602490425,60,7,7,long,-0.261402817550928,35,-0.2320489819309067,2.525346726179123
46,mean,15,long,0.08128902316093445,8.128902316093445,15,6,6,long,-1.9348330643852298,16,-0.24220795097288292,7.142757773399352
46,mean,15,short,0.0629633218050003,6.2963321805000305,15,10,10,short,2.8682156282472606,21,1.3882395618191956,6.128898225724697
46,mean,15,either,0.08128902316093445,8.128902316093445,15,6,6,long,-1.9348330643852298,16,-0.24220795097288292,7.142757773399352
46,mean,30,long,0.04691386595368385,4.691386595368385,32,8,10,long,-0.19042400195188763,33,-0.8558625890046868,4.542787075042725
46,mean,30,short,0.04304490238428116,4.304490238428116,30,11,11,short,0.06064629762965745,31,-0.04894362332431251,4.025962054729462
46,mean,30,either,0.04691386595368385,4.691386595368385,32,8,10,long,-0.19042400195188763,33,-0.8558625890046868,4.542787075042725
46,mean,60,long,0.030894208699464798,3.08942086994648,63,8,12,long,-0.9612162862531068,51,-0.6347469991047369,2.8701574355363846
46,mean,60,short,0.028688251972198486,2.8688251972198486,62,11,14,short,-0.8447432267281044,42,-0.278544567162528,2.783447001129389
46,mean,60,either,0.030894208699464798,3.08942086994648,63,8,12,long,-0.9612162862531068,51,-0.6128013882266826,2.8816794231534004
46,fpos,15,long,1.0406445115804672,8.128902316093445,15,6,6,long,-1.9348330643852298,16,-0.1102025608759629,7.098217830061912
46,fpos,15,short,1.0314816609025002,6.2963321805000305,15,10,10,short,2.8682156282472606,21,1.5377619405880898,6.088654324412346
46,fpos,15,either,1.0406445115804672,8.128902316093445,15,6,6,long,-1.9348330643852298,16,-0.1102025608759629,7.098217830061912
46,fpos,30,long,1.0221757926046848,4.435158520936966,32,10,10,long,-0.3110203112862041,29,-0.3414325259572096,4.201920665800571
46,fpos,30,short,1.0215224511921406,4.304490238428116,30,11,11,short,0.06064629762965745,31,0.049515514041821,3.915288522839546
46,fpos,30,either,1.0221757926046848,4.435158520936966,32,10,10,long,-0.3110203112862041,29,-0.4360696953886643,4.2368358746171
46,fpos,60,long,1.0133456168696284,2.669123373925686,61,9,9,long,-1.1258166167336274,30,-0.29443674195830566,2.5639756955206394
46,fpos,60,short,1.0132713550701737,2.654271014034748,62,12,12,short,0.304150671450994,70,0.016516041075996916,2.4417898058891296
46,fpos,60,either,1.0133456168696284,2.669123373925686,61,9,9,long,-1.1258166167336274,30,-0.23123125130507802,2.5825072452425957
46,worst,15,long,0.04483848810195923,5.51765002310276,15,6,6,long,-1.3823495333155718,13,-0.3003713752265442,5.756786726415157
46,worst,15,short,0.03425624221563339,5.497575178742409,17,7,7,short,0.43355777795161116,22,-1.1644110602943576,5.265104994177818
46,worst,15,either,0.04483848810195923,5.51765002310276,15,6,6,long,-1.3823495333155718,13,-0.3003713752265442,5.756786726415157
46,worst,30,long,0.03405269607901573,4.152471199631691,35,7,7,long,0.8234014137894995,17,0.7591411128716331,3.613191470503807
46,worst,30,short,0.02320379577577114,2.6067275553941727,31,6,6,short,0.7574232127748396,21,0.8036848459995756,2.756250314414501
46,worst,30,either,0.03405269607901573,4.152471199631691,35,7,7,long,0.8234014137894995,17,0.7591411128716331,3.613191470503807
46,worst,60,long,0.013247035443782806,1.9580889493227005,60,7,7,long,0.5157310027056333,33,0.454017305424864,1.7648343555629256
46,worst,60,short,0.01185137964785099,1.4939564280211926,63,7,7,short,0.5895055866914901,66,0.20246220209050916,1.8885197490453718
46,worst,60,either,0.013247035443782806,1.9580889493227005,60,7,7,long,0.5157310027056333,33,0.5291536498561169,1.7940621636807919
47,mean,15,long,0.07782872021198273,7.782872021198273,16,8,9,long,0.4359335490853893,16,-0.12046052342044619,7.55422979593277
47,mean,15,short,0.06576081365346909,6.576081365346909,15,8,8,short,-1.0846282267454643,10,0.7915438362317821,6.1628759652376175
47,mean,15,either,0.07782872021198273,7.782872021198273,16,8,9,long,0.4359335490853893,16,-0.12046052342044619,7.55422979593277
47,mean,30,long,0.05454124137759209,5.454124137759209,30,9,11,long,-0.9374159286018585,29,-0.1650215470047453,5.2390990406274796
47,mean,30,short,0.04594641923904419,4.594641923904419,30,10,10,short,-0.007188620851156522,23,0.1490131857770235,4.436919912695885
47,mean,30,either,0.05454124137759209,5.454124137759209,30,9,11,long,-0.9374159286018585,29,-0.1650215470047453,5.2390990406274796
47,mean,60,long,0.03790678456425667,3.790678456425667,61,13,14,long,0.36750645510983415,35,-0.3292508480129631,3.6396726965904236
47,mean,60,short,0.02971499040722847,2.971499040722847,62,12,13,short,-0.5572623315021462,69,-0.04263472049504506,2.8364767879247665
47,mean,60,either,0.03790678456425667,3.790678456425667,61,13,14,long,0.36750645510983415,35,-0.3292508480129631,3.6396726965904236
47,fpos,15,long,1.0373946018517017,7.478920370340347,15,9,9,long,-1.0401246363243553,17,-0.10232425225711929,7.316497191786767
47,fpos,15,short,1.0328804068267345,6.576081365346909,15,8,8,short,-1.0846282267454643,10,1.2628207862547143,6.110143065452576
47,fpos,15,either,1.0373946018517017,7.478920370340347,15,9,9,long,-1.0401246363243553,17,-0.10232425225711929,7.316497191786767
47,fpos,30,long,1.0259808283299208,5.196165665984154,30,9,9,long,-1.0530996476801504,49,-0.4244669568195428,5.017662234604359
47,fpos,30,short,1.022973209619522,4.594641923904419,30,10,10,short,-0.007188620851156522,23,0.66286607312404,4.323246330022812
47,fpos,30,either,1.0259808283299208,5.196165665984154,30,9,9,long,-1.0530996476801504,49,-0.4244669568195428,5.017662234604359
47,fpos,60,long,1.01805461011827,3.610922023653984,62,12,12,long,0.5954243655605138,67,0.023119445506246075,3.5148930922150616
47,fpos,60,short,1.014019364491105,2.803872898221016,61,11,11,short,-0.17819363997833332,69,0.8539829998933604,2.723252661526203
47,fpos,60,either,1.01805461011827,3.610922023653984,62,12,12,long,0.5954243655605138,67,0.023119445506246075,3.5148930922150616
47,worst,15,long,0.043312642723321915,5.639853700995445,18,7,7,long,-1.6289814862070942,46,-0.8193552247107808,5.6411585211753845
47,worst,15,short,0.0418948233127594,5.157386139035225,15,6,6,short,-0.557947619225326,17,-0.21803518720226292,5.143604688346386
47,worst,15,either,0.043312642723321915,5.639853700995445,18,7,7,long,-1.6289814862070942,46,-0.8193552247107808,5.6411585211753845
47,worst,30,long,0.030959319323301315,4.122330620884895,34,8,8,long,-0.7250796515247627,67,-0.6696318054452697,3.971828483045101
47,worst,30,short,0.022558556869626045,3.400314226746559,33,7,7,short,0.2208617185609654,54,-0.39409522354029586,3.2117610983550553
47,worst,30,either,0.030959319323301315,4.122330620884895,34,8,8,long,-0.7250796515247627,67,-0.6696318054452697,3.971828483045101
47,worst,60,long,0.015477935783565044,2.740950509905815,65,7,7,long,-0.37585586075631416,73,-0.09248722840689758,2.3803511261940002
47,worst,60,short,0.014113434590399265,2.713196538388729,61,12,12,short,0.7567875780731034,45,-1.9112522598652715,1.7975805420428517
47,worst,60,either,0.015477935783565044,2.740950509905815,65,7,7,long,-0.37585586075631416,73,0.026553770133521896,2.415536269545555
48,mean,15,long,0.07464104145765305,7.464104145765305,16,9,9,long,0.9495973266975077,9,-0.2953238195602898,7.329061180353165
48,mean,15,short,0.06083107739686966,6.083107739686966,15,8,8,short,-0.10514774449810883,26,-0.3809649132901556,5.9930915758013725
48,mean,15,either,0.07464104145765305,7.464104145765305,16,9,9,long,0.9495973266975077,9,-0.2953238195602898,7.329061180353165
48,mean,30,long,0.05407077074050903,5.407077074050903,30,12,12,long,-1.2083408900598664,32,-0.0431758818478464,5.177335850894451
48,mean,30,short,0.04174511134624481,4.174511134624481,30,11,11,short,-0.9412586443653359,27,-0.5351723121379138,4.141729846596718
48,mean,30,either,0.05407077074050903,5.407077074050903,30,12,12,long,-1.2083408900598664,32,-0.0431758818478464,5.177335850894451
48,mean,60,long,0.03273265063762665,3.273265063762665,64,12,14,long,2.7830183155828596,16,1.7398785638201242,3.1350243650376792
48,mean,60,short,0.028538484126329422,2.853848412632942,61,12,13,short,0.6286127205184604,77,0.7514768153819107,2.777390219271183
48,mean,60,either,0.03273265063762665,3.273265063762665,64,12,14,long,2.7830183155828596,16,1.7398785638201242,3.1350243650376792
48,fpos,15,long,1.0373205207288265,7.464104145765305,16,9,9,long,0.9495973266975077,9,-0.1969680534912051,7.3129624128341675
48,fpos,15,short,1.0304155386984348,6.083107739686966,15,8,8,short,-0.10514774449810883,26,-0.4735841794999033,5.9829168021678925
48,fpos,15,either,1.0373205207288265,7.464104145765305,16,9,9,long,0.9495973266975077,9,-0.1969680534912051,7.3129624128341675
48,fpos,30,long,1.0270353853702545,5.407077074050903,30,12,12,long,-1.2083408900598664,32,0.5924774446039434,5.1027195155620575
48,fpos,30,short,1.0208725556731224,4.174511134624481,30,11,11,short,-0.9412586443653359,27,-0.28068259689966607,4.1152723506093025
48,fpos,30,either,1.0270353853702545,5.407077074050903,30,12,12,long,-1.2083408900598664,32,0.5924774446039434,5.1027195155620575
48,fpos,60,long,1.0154876774176955,3.0975354835391045,60,12,12,long,2.3006111431912597,17,-0.07567508139919059,2.831960543990135
48,fpos,60,short,1.0135257160291076,2.705143205821514,61,12,12,short,0.8256169045704991,85,0.4657756431337994,2.5856617651879787
48,fpos,60,either,1.0154876774176955,3.0975354835391045,60,12,12,long,2.3006111431912597,17,-0.07567508139919059,2.831960543990135
48,worst,15,long,0.0442548543214798,5.058782175183296,15,6,6,long,0.5964401213167779,32,0.010612502187676322,5.552654229104519
48,worst,15,short,0.037885215133428574,5.2522581070661545,16,8,8,short,3.9052040836305104,4,1.1013082320038692,4.759699739515781
48,worst,15,either,0.0442548543214798,5.058782175183296,15,6,6,long,0.5964401213167779,32,0.010612502187676322,5.552654229104519
48,worst,30,long,0.0320233553647995,3.730408474802971,34,6,6,long,1.5613149879101096,22,0.8363618856263539,3.8258100673556323
48,worst,30,short,0.02118537575006485,2.6007095351815224,30,6,6,short,1.5347397738379343,43,2.5141277288054367,3.177701625972986
48,worst,30,either,0.0320233553647995,3.730408474802971,34,6,6,long,1.5613149879101096,22,0.8363618856263539,3.8258100673556323
48,worst,60,long,0.013732420280575752,2.408994548022747,78,14,14,long,0.01805856322687416,39,-0.10794597925371323,2.1453688386827707
48,worst,60,short,0.013676593080163002,2.650165930390358,66,12,12,short,0.8685602967340063,108,0.619900115673365,2.1368943713605404
48,worst,60,either,0.013732420280575752,2.408994548022747,78,14,14,long,0.01805856322687416,39,0.25069777354805367,2.2497867979109287
49,mean,15,long,0.07210706919431686,7.210706919431686,15,9,9,long,2.0330161308464145,9,2.74244879671234,6.9844089448452
49,mean,15,short,0.06442821025848389,6.442821025848389,15,6,6,short,0.6789576886635302,19,0.5265479944761119,6.279697678983212
49,mean,15,either,0.07210706919431686,7.210706919431686,15,9,9,long,2.0330161308464145,9,2.74244879671234,6.9844089448452
49,mean,30,long,0.04953566938638687,4.953566938638687,32,9,10,long,-0.3622498741807967,29,0.5007611710122077,4.487236849963665
49,mean,30,short,0.044874560087919235,4.4874560087919235,30,7,9,short,-0.5867146072403548,32,-0.13173308819036633,4.282637573778629
49,mean,30,either,0.04953566938638687,4.953566938638687,32,9,10,long,-0.3622498741807967,29,0.15205779531103883,4.517120607197285
49,mean,60,long,0.029165027663111687,2.9165027663111687,62,10,12,long,-0.09995805274354844,55,-0.32044350554894047,2.7365160919725895
49,mean,60,short,0.028571324422955513,2.8571324422955513,63,9,11,short,-0.8288304785481475,96,-0.28560506088651705,2.7958136796951294
49,mean,60,either,0.029165027663111687,2.9165027663111687,62,10,12,long,-0.09995805274354844,55,-0.2544809305080165,2.8262898698449135
49,fpos,15,long,1.0360535345971584,7.210706919431686,15,9,9,long,2.0330161308464145,9,2.74244879671234,6.9844089448452
49,fpos,15,short,1.032214105129242,6.442821025848389,15,6,6,short,0.6789576886635302,19,-0.3292754771340151,6.14484716206789
49,fpos,15,either,1.0360535345971584,7.210706919431686,15,9,9,long,2.0330161308464145,9,2.74244879671234,6.9844089448452
49,fpos,30,long,1.022376922890544,4.4753845781087875,33,9,9,long,0.8335318006216702,8,0.6855034309788686,4.21775683760643
49,fpos,30,short,1.0212490241974592,4.249804839491844,32,9,9,short,-0.4068924713031544,68,0.14798264328868335,4.036916606128216
49,fpos,30,either,1.022376922890544,4.4753845781087875,33,9,9,long,0.8335318006216702,8,0.5789295554156259,4.27071075886488
49,fpos,60,long,1.0134094301611185,2.6818860322237015,61,13,13,long,-0.24010203558307291,58,-0.021019740774656532,2.4903358332812786
49,fpos,60,short,1.013953492976725,2.7906985953450203,60,12,12,short,-0.1198966116707497,59,-0.3503154595967913,2.6039186120033264
49,fpos,60,either,1.013953492976725,2.7906985953450203,60,12,12,short,-0.1198966116707497,59,-0.22434059104487347,2.620470281690359
49,worst,15,long,0.05115434154868126,7.192481309175491,15,7,7,long,3.2768782156248886,6,0.5740749516970421,5.822659134864807
49,worst,15,short,0.036540303379297256,5.301715061068535,16,6,6,short,1.0497378999195313,7,-0.851704754151788,5.093788616359234
49,worst,15,either,0.05115434154868126,7.192481309175491,15,7,7,long,3.2768782156248886,6,0.5740749516970421,5.822659134864807
49,worst,30,long,0.030775783583521843,3.9070624858140945,30,8,8,long,0.5563611570717543,36,0.7353255509810869,3.2651571743190293
49,worst,30,short,0.02262995019555092,3.8757093250751495,32,8,8,short,-1.8130355663725233,27,-1.037906914582948,3.2495842501521115
49,worst,30,either,0.030775783583521843,3.9070624858140945,30,8,8,long,0.5563611570717543,36,0.7353255509810869,3.2651571743190293
49,worst,60,long,0.013892386108636856,1.867944747209549,68,7,7,long,-0.18026230446904848,82,-0.37872157221582964,1.5506151411682367
49,worst,60,short,0.011507352814078331,1.904977299273014,70,8,8,short,-0.33656091323688014,59,-0.23677491201031897,1.6895445715636015
49,worst,60,either,0.013892386108636856,1.867944747209549,68,7,7,long,-0.18026230446904848,82,-0.37872157221582964,1.5506151411682367
