run,objective,min_trades,side,is_obj,is_avg_pct,is_trades,is_q_pos,is_q,chosen_side,last8_avg_pct,last8_trades,top10_last8_pct,top10_is_pct
0,mean,15,long,0.06584557145833969,6.584557145833969,15,8,8,long,1.3543270277505313,26,0.7794453315558231,6.033912375569344
0,mean,15,short,0.0698794350028038,6.98794350028038,15,6,6,short,-2.4504543242725023,8,-0.5180192899637195,6.687989681959153
0,mean,15,either,0.0698794350028038,6.98794350028038,15,6,6,short,-2.4504543242725023,8,-0.44432073864156946,6.692591309547424
0,mean,30,long,0.042855020612478256,4.285502061247826,31,8,9,long,1.584783679749902,26,1.011135434223469,4.131729118525982
0,mean,30,short,0.049905214458703995,4.9905214458703995,30,10,11,short,0.6253637961537039,10,-0.848323915198862,4.622933454811573
0,mean,30,either,0.049905214458703995,4.9905214458703995,30,10,11,short,0.6253637961537039,10,-0.848323915198862,4.622933454811573
0,mean,60,long,0.02902638167142868,2.902638167142868,60,13,14,long,0.2346226391523831,60,0.728650888741052,2.7880963683128357
0,mean,60,short,0.03511827439069748,3.511827439069748,62,14,14,short,-0.7930388615713243,80,-0.2708134814086022,3.284673318266869
0,mean,60,either,0.03511827439069748,3.511827439069748,62,14,14,short,-0.7930388615713243,80,-0.2708134814086022,3.284673318266869
0,fpos,15,long,1.0329227857291698,6.584557145833969,15,8,8,long,1.3543270277505313,26,1.3115137335946228,6.014159955084324
0,fpos,15,short,1.034939717501402,6.98794350028038,15,6,6,short,-2.4504543242725023,8,-0.920120648759996,6.673418655991554
0,fpos,15,either,1.034939717501402,6.98794350028038,15,6,6,short,-2.4504543242725023,8,-0.6026212366923006,6.6830649226903915
0,fpos,30,long,1.01950453966856,3.9009079337120056,30,8,8,long,0.9657259154545538,26,0.5443065712569713,3.867985196411609
0,fpos,30,short,1.0229523405432701,4.590468108654022,32,11,11,short,-1.269453076456335,49,-1.115683063621111,4.467746615409851
0,fpos,30,either,1.0229523405432701,4.590468108654022,32,11,11,short,-1.269453076456335,49,-1.115683063621111,4.467746615409851
0,fpos,60,long,1.0137805184349418,2.7561036869883537,61,11,11,long,1.737448917686358,39,1.6585878714527758,2.741155009716749
0,fpos,60,short,1.0175591371953487,3.511827439069748,62,14,14,short,-0.7930388615713243,80,-0.2494254588560005,3.1853076256811623
0,fpos,60,either,1.0175591371953487,3.511827439069748,62,14,14,short,-0.7930388615713243,80,-0.2494254588560005,3.1853076256811623
0,worst,15,long,0.038593485951423645,4.409231618046761,17,6,6,long,-0.25155529404382015,13,1.2892885088419228,4.695826359093189
0,worst,15,short,0.04297538846731186,5.871523544192314,16,6,6,short,-4.180592711822936,4,-1.147593793247802,5.330405235290527
0,worst,15,either,0.04297538846731186,5.871523544192314,16,6,6,short,-4.180592711822936,4,-0.9553519024381438,5.20232766866684
0,worst,30,long,0.027837058529257774,3.671978786587715,30,9,9,long,-1.1690370593273574,12,0.12727702162098525,2.924480177462101
0,worst,30,short,0.0304404366761446,4.251338914036751,31,10,10,short,0.5440313764628075,11,-0.6120742752825502,4.00426434352994
0,worst,30,either,0.0304404366761446,4.251338914036751,31,10,10,short,0.5440313764628075,11,-0.6256992274729463,3.9657480455935
0,worst,60,long,0.00972732063382864,2.012068033218384,71,10,10,long,1.3090475342563896,86,0.752741465776974,1.9450568594038486
0,worst,60,short,0.015870636329054832,2.675425261259079,64,12,12,short,0.20031657884160395,27,0.3751801729900201,2.119788955897093
0,worst,60,either,0.015870636329054832,2.675425261259079,64,12,12,short,0.20031657884160395,27,0.3751801729900201,2.119788955897093
1,mean,15,long,0.07224518060684204,7.224518060684204,16,6,6,long,,0,0.502884158862215,7.043681070208549
1,mean,15,short,0.0770549550652504,7.70549550652504,16,8,8,short,2.589394154978743,10,2.0756150096233292,7.555929422378541
1,mean,15,either,0.0770549550652504,7.70549550652504,16,8,8,short,2.589394154978743,10,2.0756150096233292,7.555929422378541
1,mean,30,long,0.05206538736820221,5.206538736820221,30,7,9,long,0.2990506730978698,33,-0.010453416262371966,4.830005951225758
1,mean,30,short,0.052436187863349915,5.2436187863349915,31,10,10,short,0.1845012112675865,32,1.2185677134304915,5.083663687109947
1,mean,30,either,0.052436187863349915,5.2436187863349915,31,10,10,short,0.1845012112675865,32,0.7988122423862657,5.121064968407154
1,mean,60,long,0.034070324152708054,3.4070324152708054,61,11,12,long,1.1472276584131393,60,0.8163268237292102,3.2978126406669617
1,mean,60,short,0.03538119047880173,3.5381190478801727,60,12,13,short,0.9388909701988284,48,0.8303225080786897,3.2415422052145004
1,mean,60,either,0.03538119047880173,3.5381190478801727,60,12,13,short,0.9388909701988284,48,0.8079131652228847,3.3295273780822754
1,fpos,15,long,1.036122590303421,7.224518060684204,16,6,6,long,,0,1.7704241871902504,6.89629666507244
1,fpos,15,short,1.0385274775326252,7.70549550652504,16,8,8,short,2.589394154978743,10,2.0756150096233292,7.555929422378541
1,fpos,15,either,1.0385274775326252,7.70549550652504,16,8,8,short,2.589394154978743,10,2.0756150096233292,7.555929422378541
1,fpos,30,long,1.0256535541266203,5.1307108253240585,30,10,10,long,-0.7276546536691809,13,-0.16915217385000914,4.735266864299774
1,fpos,30,short,1.026218093931675,5.2436187863349915,31,10,10,short,0.1845012112675865,32,0.762144547914412,4.9147771671414375
1,fpos,30,either,1.026218093931675,5.2436187863349915,31,10,10,short,0.1845012112675865,32,0.5908181149692354,4.949601851403713
1,fpos,60,long,1.0162869337946177,3.2573867589235306,63,10,10,long,0.6785286453119023,46,0.9626538918154605,3.112787138670683
1,fpos,60,short,1.0149430613964796,2.9886122792959213,60,12,12,short,0.4396867206222811,39,0.16285508313112468,2.8793824277818203
1,fpos,60,either,1.0162869337946177,3.2573867589235306,63,10,10,long,0.6785286453119023,46,0.9626538918154605,3.112787138670683
1,worst,15,long,0.04719648137688637,5.8081574738025665,15,6,6,long,0.4202030739122325,8,0.6945326347134277,5.46630535274744
1,worst,15,short,0.05074513703584671,6.58622682094574,15,6,6,short,-1.2828688360363223,15,0.10788887774040552,5.564438588917255
1,worst,15,either,0.05074513703584671,6.58622682094574,15,6,6,short,-1.2828688360363223,15,0.3865342176880708,5.6776901707053185
1,worst,30,long,0.03187568113207817,3.9411738514900208,30,6,6,long,0.6512426658718753,23,0.9814624343705006,3.334072586148977
1,worst,30,short,0.03263331204652786,4.869931563735008,30,7,7,short,0.6478249084370128,45,-0.041372463836062856,3.8226486183702946
1,worst,30,either,0.03263331204652786,4.869931563735008,30,7,7,short,0.6478249084370128,45,0.8053727234357742,3.9004775881767277
1,worst,60,long,0.012797625735402107,1.8539147451519966,62,7,7,long,1.5223702760181266,39,1.036203124360993,1.8576429970562458
1,worst,60,short,0.015854276716709137,2.4910150095820427,66,12,12,short,0.07043078444502478,97,-0.5580603532093551,2.3428144492208958
1,worst,60,either,0.015854276716709137,2.4910150095820427,66,12,12,short,0.07043078444502478,97,-0.5580603532093551,2.3428144492208958
2,mean,15,long,0.06586524099111557,6.586524099111557,15,6,6,long,0.8738672048917935,9,0.30962108506296554,6.4585961401462555
2,mean,15,short,0.07915664464235306,7.915664464235306,15,6,6,short,0.8511069298290671,15,0.7709842330507916,7.293040007352829
2,mean,15,either,0.07915664464235306,7.915664464235306,15,6,6,short,0.8511069298290671,15,0.7709842330507916,7.293040007352829
2,mean,30,long,0.043970782309770584,4.397078230977058,31,10,10,long,1.8565356948249723,31,1.9370167145899304,4.12883248180151
2,mean,30,short,0.051252398639917374,5.125239863991737,31,6,6,short,1.9378479636536396,31,0.637676378510791,5.0576092302799225
2,mean,30,either,0.051252398639917374,5.125239863991737,31,6,6,short,1.9378479636536396,31,0.637676378510791,5.0576092302799225
2,mean,60,long,0.027990149334073067,2.7990149334073067,62,9,11,long,0.3141386189955554,49,0.630367579243996,2.7182610519230366
2,mean,60,short,0.03453647717833519,3.453647717833519,60,12,13,short,-1.0151279294441604,50,-0.13491826546728478,3.3654412254691124
2,mean,60,either,0.03453647717833519,3.453647717833519,60,12,13,short,-1.0151279294441604,50,-0.13491826546728478,3.3654412254691124
2,fpos,15,long,1.0329326204955578,6.586524099111557,15,6,6,long,0.8738672048917935,9,0.5158737966609724,6.393341422080994
2,fpos,15,short,1.0395783223211765,7.915664464235306,15,6,6,short,0.8511069298290671,15,0.7709842330507916,7.293040007352829
2,fpos,15,either,1.0395783223211765,7.915664464235306,15,6,6,short,0.8511069298290671,15,0.7709842330507916,7.293040007352829
2,fpos,30,long,1.0219853911548853,4.397078230977058,31,10,10,long,1.8565356948249723,31,0.8622256691812059,3.8383064419031143
2,fpos,30,short,1.0256261993199587,5.125239863991737,31,6,6,short,1.9378479636536396,31,1.1878780732481669,4.9200283363461494
2,fpos,30,either,1.0256261993199587,5.125239863991737,31,6,6,short,1.9378479636536396,31,1.1878780732481669,4.9200283363461494
2,fpos,60,long,1.0110585633665323,2.211712673306465,62,6,6,long,,0,1.1254652047187454,2.0748285949230194
2,fpos,60,short,1.0170481372624636,3.409627452492714,62,12,12,short,0.49008862637048334,35,0.40897993118865306,3.2863909006118774
2,fpos,60,either,1.0170481372624636,3.409627452492714,62,12,12,short,0.49008862637048334,35,0.40897993118865306,3.2863909006118774
2,worst,15,long,0.04488128051161766,5.050011724233627,16,6,6,long,-1.1020952857319073,18,-0.6051588356466989,5.081936605274677
2,worst,15,short,0.04386056959629059,6.806088238954544,16,6,6,short,-1.223823856024233,10,-1.0124388289830661,5.3700075671076775
2,worst,15,either,0.04488128051161766,5.050011724233627,16,6,6,long,-1.1020952857319073,18,-1.027537984562753,5.393842831254005
2,worst,30,long,0.029677892103791237,3.4990746527910233,30,8,8,long,-0.8928155903079206,24,-0.3969547270537397,3.4337757155299187
2,worst,30,short,0.031982552260160446,4.19352687895298,32,11,11,short,-0.039058922129574396,21,1.251156358659634,4.355220645666122
2,worst,30,either,0.031982552260160446,4.19352687895298,32,11,11,short,-0.039058922129574396,21,0.8950514206319822,4.196153394877911
2,worst,60,long,0.008110985159873962,2.0227933302521706,61,11,11,long,0.5967276012001239,65,1.6463785230814494,1.19367815554142
2,worst,60,short,0.02195141278207302,2.970871888101101,60,9,9,short,-0.3869619671614423,60,-0.5818196025120292,2.508188672363758
2,worst,60,either,0.02195141278207302,2.970871888101101,60,9,9,short,-0.3869619671614423,60,-0.5818196025120292,2.508188672363758
3,mean,15,long,0.06888121366500854,6.8881213665008545,16,5,7,long,2.1473247258882355,8,-1.7206089161384754,6.714823022484779
3,mean,15,short,0.07204700261354446,7.204700261354446,16,6,6,short,2.6861252778422364,5,1.7329409803576599,6.709275394678116
3,mean,15,either,0.07204700261354446,7.204700261354446,16,6,6,short,2.6861252778422364,5,-0.01923265431244093,6.845436543226242
3,mean,30,long,0.04732975736260414,4.732975736260414,30,7,7,long,-0.22593602147650474,72,-0.33360341335819277,4.674780890345573
3,mean,30,short,0.04577438905835152,4.577438905835152,31,7,7,short,3.27150406875084,9,1.5691874043846827,4.421447664499283
3,mean,30,either,0.04732975736260414,4.732975736260414,30,7,7,long,-0.22593602147650474,72,-0.33360341335819277,4.674780890345573
3,mean,60,long,0.03259092941880226,3.259092941880226,60,9,10,long,-0.15616422367679836,80,0.05468221114736042,3.1023262813687325
3,mean,60,short,0.029748687520623207,2.9748687520623207,61,11,14,short,0.9315815455394906,37,0.7171418993856373,2.832000833004713
3,mean,60,either,0.03259092941880226,3.259092941880226,60,9,10,long,-0.15616422367679836,80,0.05468221114736042,3.1023262813687325
3,fpos,15,long,1.0338489301502705,6.769786030054092,16,6,6,long,1.86114423294562,9,0.05978174871825179,6.253348030149937
3,fpos,15,short,1.0360235013067722,7.204700261354446,16,6,6,short,2.6861252778422364,5,1.6234282197903176,6.6938187927007675
3,fpos,15,either,1.0360235013067722,7.204700261354446,16,6,6,short,2.6861252778422364,5,1.6057702299341794,6.727582588791847
3,fpos,30,long,1.023664878681302,4.732975736260414,30,7,7,long,-0.25244048313653805,73,-0.31892422528940534,4.664245396852493
3,fpos,30,short,1.0228871945291758,4.577438905835152,31,7,7,short,3.27150406875084,9,1.9306711600026247,4.167207404971123
3,fpos,30,either,1.023664878681302,4.732975736260414,30,7,7,long,-0.25244048313653805,73,-0.31892422528940534,4.664245396852493
3,fpos,60,long,1.0154965752735734,3.0993150547146797,61,7,7,long,-0.13165317866787274,146,-0.527537297647381,2.980028372257948
3,fpos,60,short,1.0129958791658282,2.5991758331656456,60,9,9,short,5.847738586477261,1,0.5551378676207466,2.4366173520684242
3,fpos,60,either,1.0154965752735734,3.0993150547146797,61,7,7,long,-0.13165317866787274,146,-0.527537297647381,2.980028372257948
3,worst,15,long,0.04853237792849541,5.881313979625702,19,6,6,long,0.29351837647211587,20,0.5046210145486085,5.511591657996178
3,worst,15,short,0.040114741772413254,7.204700261354446,16,6,6,short,2.6861252778422364,5,-0.900925434596542,4.931013099849224
3,worst,15,either,0.04853237792849541,5.881313979625702,19,6,6,long,0.29351837647211587,20,0.5046210145486085,5.511591657996178
3,worst,30,long,0.02946760132908821,4.136794060468674,30,7,7,long,0.6146672664830763,37,0.3254887438842747,3.4114857017993923
3,worst,30,short,0.027441881597042084,3.2203160226345062,30,6,6,short,0.5921326852044012,29,1.2722961773993504,3.2691392116248608
3,worst,30,either,0.02946760132908821,4.136794060468674,30,7,7,long,0.6146672664830763,37,0.3254887438842747,3.4114857017993923
3,worst,60,long,0.013811849988996983,2.189243957400322,68,7,7,long,-0.8156566823026576,130,-0.18723274257216269,2.203156314790249
3,worst,60,short,0.01587715931236744,2.2225195541977882,64,6,6,short,1.7795666781348172,1,1.8522848543856392,1.9310059119015934
3,worst,60,either,0.01587715931236744,2.2225195541977882,64,6,6,short,1.7795666781348172,1,1.226227367513386,2.127241501584649
4,mean,15,long,0.06428036093711853,6.428036093711853,15,6,7,long,0.014690474320898643,9,-0.4369073804184698,6.294534839689732
4,mean,15,short,0.0729917511343956,7.29917511343956,15,7,7,short,0.791387945411222,7,0.06693981909208722,7.089282125234604
4,mean,15,either,0.0729917511343956,7.29917511343956,15,7,7,short,0.791387945411222,7,0.06693981909208722,7.089282125234604
4,mean,30,long,0.0448090061545372,4.48090061545372,30,9,11,long,-0.54028571828556,32,-0.46204415910671964,4.256495200097561
4,mean,30,short,0.047942403703927994,4.794240370392799,31,8,9,short,1.7214421428220452,32,0.5879309326037339,4.5002274960279465
4,mean,30,either,0.047942403703927994,4.794240370392799,31,8,9,short,1.7214421428220452,32,1.2613624692393735,4.5158471167087555
4,mean,60,long,0.029281599447131157,2.9281599447131157,60,11,13,long,-0.32676223844739793,45,-0.7991802754408269,2.7782239764928818
4,mean,60,short,0.03169438987970352,3.169438987970352,60,7,7,short,-0.030644009244599573,6,0.9162842730371308,3.0085638351738453
4,mean,60,either,0.03169438987970352,3.169438987970352,60,7,7,short,-0.030644009244599573,6,0.9162842730371308,3.0085638351738453
4,fpos,15,long,1.032090451568365,6.418090313673019,15,6,6,long,0.2580703408111454,16,-0.13218830374029372,6.126596815884113
4,fpos,15,short,1.0364958755671978,7.29917511343956,15,7,7,short,0.791387945411222,7,0.44608700323685613,7.042569816112517
4,fpos,15,either,1.0364958755671978,7.29917511343956,15,7,7,short,0.791387945411222,7,0.44608700323685613,7.042569816112517
4,fpos,30,long,1.0221782978624105,4.435659572482109,30,7,7,long,1.6010243794759713,6,-0.8585427077256365,4.037744551897049
4,fpos,30,short,1.0231563337147236,4.631266742944717,31,8,8,short,3.3243358050349894,18,0.19676617794225298,4.380990266799927
4,fpos,30,either,1.0231563337147236,4.631266742944717,31,8,8,short,3.3243358050349894,18,0.1489974390138688,4.399106800556183
4,fpos,60,long,1.0135056832805276,2.7011366561055183,61,12,12,long,-0.8911776339635058,55,-0.4172244832079301,2.5336668826639652
4,fpos,60,short,1.0158471949398518,3.169438987970352,60,7,7,short,-0.030644009244599573,6,-1.1648087422109341,2.786883767694235
4,fpos,60,either,1.0158471949398518,3.169438987970352,60,7,7,short,-0.030644009244599573,6,-1.4041033922257382,2.7923052944242954
4,worst,15,long,0.038447726517915726,4.732741042971611,15,6,6,long,5.094731356727744,4,0.20864581970763638,4.787981174886227
4,worst,15,short,0.04712742194533348,6.530114263296127,15,6,6,short,5.524580950372884,4,2.6212587129819274,5.946297124028206
4,worst,15,either,0.04712742194533348,6.530114263296127,15,6,6,short,5.524580950372884,4,2.6212587129819274,5.946297124028206
4,worst,30,long,0.029824472963809967,3.7421975284814835,34,6,6,long,-1.0518003334941732,74,-1.0176156417891231,3.672095388174057
4,worst,30,short,0.02669062465429306,3.516249358654022,31,6,6,short,-3.0321422510155682,4,-0.056321978973676926,3.1612967327237134
4,worst,30,either,0.029824472963809967,3.7421975284814835,34,6,6,long,-1.0518003334941732,74,-1.0176156417891231,3.672095388174057
4,worst,60,long,0.01461927592754364,2.025601826608181,61,6,6,long,-0.5866911127618879,124,-0.6867310038502633,1.9177676737308504
4,worst,60,short,0.01607867330312729,2.028445154428482,64,7,7,short,1.405570544861881,104,0.737488370248304,2.1691814064979553
4,worst,60,either,0.01607867330312729,2.028445154428482,64,7,7,short,1.405570544861881,104,0.34970574338633986,2.1024035289883614
5,mean,15,long,0.05873820558190346,5.873820558190346,15,8,8,long,1.5540300651461114,18,1.4759344895421547,5.648408383131027
5,mean,15,short,0.08106162399053574,8.106162399053574,15,8,8,short,0.8800799008323881,12,-0.4005195141762008,7.707973942160606
5,mean,15,either,0.08106162399053574,8.106162399053574,15,8,8,short,0.8800799008323881,12,-0.4005195141762008,7.707973942160606
5,mean,30,long,0.037512991577386856,3.7512991577386856,31,12,13,long,-2.8505697882918186,16,-0.9699818528091999,3.6142154037952423
5,mean,30,short,0.04855124279856682,4.855124279856682,30,6,8,short,-0.9022108303679763,26,-0.38692319116834156,4.716505296528339
5,mean,30,either,0.04855124279856682,4.855124279856682,30,6,8,short,-0.9022108303679763,26,-0.38692319116834156,4.716505296528339
5,mean,60,long,0.0251078549772501,2.51078549772501,60,13,14,long,-1.4558633429649948,44,-1.117341061249518,2.4171929992735386
5,mean,60,short,0.03200341388583183,3.2003413885831833,60,10,13,short,0.10432999848020894,52,-0.41422098106236716,3.0822162330150604
5,mean,60,either,0.03200341388583183,3.2003413885831833,60,10,13,short,0.10432999848020894,52,-0.41422098106236716,3.0822162330150604
5,fpos,15,long,1.0293691027909517,5.873820558190346,15,8,8,long,1.5540300651461114,18,1.4759344895421547,5.648408383131027
5,fpos,15,short,1.0405308119952679,8.106162399053574,15,8,8,short,0.8800799008323881,12,-0.2970822140737889,7.580116465687752
5,fpos,15,either,1.0405308119952679,8.106162399053574,15,8,8,short,0.8800799008323881,12,-0.2970822140737889,7.580116465687752
5,fpos,30,long,1.017961973324418,3.5923946648836136,30,11,11,long,0.03228473497538649,29,-0.7043241032828282,3.4528769180178642
5,fpos,30,short,1.022535927593708,4.507185518741608,35,8,8,short,-0.08604170478328958,54,0.3012181905209285,4.3011389300227165
5,fpos,30,either,1.022535927593708,4.507185518741608,35,8,8,short,-0.08604170478328958,54,0.3012181905209285,4.3011389300227165
5,fpos,60,long,1.0118840001523495,2.3768000304698944,61,11,11,long,0.46626021100451287,26,-1.2089493854672582,2.200979422777891
5,fpos,60,short,1.0148969264701009,2.979385294020176,60,10,10,short,0.548789397139356,99,0.02689696631996475,2.6191224716603756
5,fpos,60,either,1.0148969264701009,2.979385294020176,60,10,10,short,0.548789397139356,99,0.02689696631996475,2.6191224716603756
5,worst,15,long,0.036960065364837646,4.081812873482704,16,6,6,long,-1.4349016090485667,28,0.045239987773622176,4.279604852199554
5,worst,15,short,0.0421685129404068,5.039321258664131,18,7,7,short,-0.1659380482842905,17,-0.16204547013915035,5.228789560496807
5,worst,15,either,0.0421685129404068,5.039321258664131,18,7,7,short,-0.1659380482842905,17,-0.4978927351315626,4.9661219492554665
5,worst,30,long,0.019620537757873535,2.339436300098896,35,6,6,long,-0.12474043002423658,36,-1.0228429160997605,2.57299130782485
5,worst,30,short,0.022359058260917664,3.7754133343696594,30,8,8,short,-0.8240739423081715,43,0.08118148528526797,3.3659271150827412
5,worst,30,either,0.022359058260917664,3.7754133343696594,30,8,8,short,-0.8240739423081715,43,0.08118148528526797,3.3659271150827412
5,worst,60,long,0.011188384145498276,2.02166885137558,61,11,11,long,-1.7096150701559936,36,-1.0712334913786936,1.5593347884714603
5,worst,60,short,0.015742693096399307,2.0177537575364113,64,6,6,short,-0.24947510349726132,2,0.7262462202074285,1.8695807829499245
5,worst,60,either,0.015742693096399307,2.0177537575364113,64,6,6,short,-0.24947510349726132,2,0.7262462202074285,1.8695807829499245
6,mean,15,long,0.07229893654584885,7.229893654584885,15,6,6,long,2.0047442900923524,7,2.350484702420318,7.070836499333382
6,mean,15,short,0.06370803713798523,6.370803713798523,16,7,8,short,-0.22642219455700857,19,-0.45842346274789353,6.042589507997036
6,mean,15,either,0.07229893654584885,7.229893654584885,15,6,6,long,2.0047442900923524,7,2.350484702420318,7.070836499333382
6,mean,30,long,0.05026213079690933,5.026213079690933,30,9,11,long,-2.127067751227189,22,-1.2680899971024224,4.717164114117622
6,mean,30,short,0.04474453255534172,4.474453255534172,30,8,10,short,-0.4286483953495858,27,-0.4902938866958052,4.339305683970451
6,mean,30,either,0.05026213079690933,5.026213079690933,30,9,11,long,-2.127067751227189,22,-1.2680899971024224,4.717164114117622
6,mean,60,long,0.033712588250637054,3.3712588250637054,60,11,12,long,-2.340884411034739,55,-1.3109699187058603,3.2705743610858913
6,mean,60,short,0.026513177901506424,2.6513177901506424,60,10,12,short,0.565525188289602,48,0.2258174874710406,2.5929022021591663
6,mean,60,either,0.033712588250637054,3.3712588250637054,60,11,12,long,-2.340884411034739,55,-1.3109699187058603,3.2705743610858913
6,fpos,15,long,1.0361494682729244,7.229893654584885,15,6,6,long,2.0047442900923524,7,2.350484702420318,7.070836499333382
6,fpos,15,short,1.0310082715004683,6.201654300093651,19,7,7,short,0.21355027174046787,22,-0.41751259800413537,5.9283700957894325
6,fpos,15,either,1.0361494682729244,7.229893654584885,15,6,6,long,2.0047442900923524,7,2.350484702420318,7.070836499333382
6,fpos,30,long,1.0234681647270918,4.693632945418358,35,10,10,long,0.5436746119417311,40,-0.2443923008656635,4.488385021686554
6,fpos,30,short,1.0212152916938066,4.24305833876133,30,11,11,short,1.0795419007587335,24,1.4900683460997555,3.9974524080753326
6,fpos,30,either,1.0234681647270918,4.693632945418358,35,10,10,long,0.5436746119417311,40,-0.2443923008656635,4.488385021686554
6,fpos,60,long,1.0152193382382393,3.0438676476478577,66,14,14,long,-1.705199142017856,40,-0.19048141407717745,2.899245508015156
6,fpos,60,short,1.0126045811921358,2.520916238427162,60,12,12,short,-0.5169044775499547,40,-0.22611992325864794,2.4666021578013897
6,fpos,60,either,1.0152193382382393,3.0438676476478577,66,14,14,long,-1.705199142017856,40,-0.19048141407717745,2.899245508015156
6,worst,15,long,0.03839603811502457,4.81698103249073,15,6,6,long,0.06383706516738051,27,-1.4176660177026557,5.240644626319408
6,worst,15,short,0.039538800716400146,4.917431250214577,15,7,7,short,-4.837771518150197,2,-1.3729822709187938,4.8913730308413506
6,worst,15,either,0.039538800716400146,4.917431250214577,15,7,7,short,-4.837771518150197,2,-1.1911285707348684,4.865954294800758
6,worst,30,long,0.025178395211696625,3.5351667553186417,32,6,6,long,-1.4468175061303172,17,-1.0824196064662366,3.2843709364533424
6,worst,30,short,0.026863137260079384,3.775162622332573,34,9,9,short,1.124726202918196,40,1.7505245599341948,3.8682905957102776
6,worst,30,either,0.026863137260079384,3.775162622332573,34,9,9,short,1.124726202918196,40,1.7505245599341948,3.8682905957102776
6,worst,60,long,0.014015715569257736,2.4796273559331894,61,7,7,long,-4.3141898941017365,4,-2.295207550125533,2.1953798457980156
6,worst,60,short,0.009887758642435074,1.7200816422700882,62,9,9,short,-2.2764140914783453,9,0.20573260917436742,1.7532582860440016
6,worst,60,either,0.014015715569257736,2.4796273559331894,61,7,7,long,-4.3141898941017365,4,-2.295207550125533,2.1953798457980156
7,mean,15,long,0.07571586966514587,7.571586966514587,15,7,7,long,0.3082424944868484,17,-1.068312979023864,7.328572720289231
7,mean,15,short,0.07030744105577469,7.030744105577469,15,6,7,short,-0.4583718894228068,7,-0.028674890887666494,6.860124841332435
7,mean,15,either,0.07571586966514587,7.571586966514587,15,7,7,long,0.3082424944868484,17,-1.068312979023864,7.328572720289231
7,mean,30,long,0.05094166845083237,5.094166845083237,30,7,9,long,-1.444414939281785,48,-1.1780250281020963,4.876347444951534
7,mean,30,short,0.04655719920992851,4.655719920992851,32,8,9,short,0.8444606098236509,35,1.1310789722402323,4.222014732658863
7,mean,30,either,0.05094166845083237,5.094166845083237,30,7,9,long,-1.444414939281785,48,-1.1780250281020963,4.876347444951534
7,mean,60,long,0.034515246748924255,3.4515246748924255,62,12,14,long,0.4832508059161019,60,-0.12625334848986366,3.2798053324222565
7,mean,60,short,0.026325171813368797,2.6325171813368797,60,9,13,short,0.6899739271627754,75,0.39730037261983886,2.4437513202428818
7,mean,60,either,0.034515246748924255,3.4515246748924255,62,12,14,long,0.4832508059161019,60,-0.12625334848986366,3.2798053324222565
7,fpos,15,long,1.037857934832573,7.571586966514587,15,7,7,long,0.3082424944868484,17,-1.1004675760937128,7.295595407485962
7,fpos,15,short,1.032676413655281,6.535282731056213,16,7,7,short,0.43823085035871484,15,1.0630819703073506,6.198679134249687
7,fpos,15,either,1.037857934832573,7.571586966514587,15,7,7,long,0.3082424944868484,17,-1.1004675760937128,7.295595407485962
7,fpos,30,long,1.0236773490905762,4.735469818115234,32,6,6,long,,0,-0.6716934694534805,4.575343653559685
7,fpos,30,short,1.020340571179986,4.0681142359972,30,9,9,short,1.0640513814235164,34,0.8325108644671089,3.819884061813354
7,fpos,30,either,1.0236773490905762,4.735469818115234,32,6,6,long,,0,-0.6716934694534805,4.575343653559685
7,fpos,60,long,1.0160943120718002,3.2188624143600464,61,9,9,long,0.8227729643886194,44,0.5123729972512903,3.0857681669294834
7,fpos,60,short,1.011087641119957,2.217528223991394,66,11,11,short,1.1749064612511093,55,0.7026470247368175,1.9626734033226967
7,fpos,60,either,1.0160943120718002,3.2188624143600464,61,9,9,long,0.8227729643886194,44,0.5123729972512903,3.0857681669294834
7,worst,15,long,0.04400011897087097,7.252028584480286,15,8,8,long,0.616551001635056,8,2.324532373975343,5.357102379202843
7,worst,15,short,0.03979805111885071,5.7938940823078156,16,6,6,short,0.899469158836449,19,0.19560287826212178,4.984837658703327
7,worst,15,either,0.04400011897087097,7.252028584480286,15,8,8,long,0.616551001635056,8,2.12701145832781,5.439084209501743
7,worst,30,long,0.02805265225470066,4.428389295935631,30,9,9,long,0.32770586562578213,22,-0.19372932809765758,4.086750745773315
7,worst,30,short,0.019233211874961853,2.527957037091255,35,8,8,short,-0.2875139714588128,38,0.6120583834735763,2.5638834573328495
7,worst,30,either,0.02805265225470066,4.428389295935631,30,9,9,long,0.32770586562578213,22,-0.19372932809765758,4.086750745773315
7,worst,60,long,0.017647426575422287,3.0548900365829468,66,9,9,long,1.3266275617082068,53,1.3518696217979145,2.770045418292284
7,worst,60,short,0.013410743325948715,1.8244566395878792,67,10,10,short,0.4530281895517135,110,0.7013396733060289,1.6606513783335684
7,worst,60,either,0.017647426575422287,3.0548900365829468,66,9,9,long,1.3266275617082068,53,1.3518696217979145,2.770045418292284
8,mean,15,long,0.06963718682527542,6.963718682527542,16,5,6,long,-1.9037373798679573,22,-0.8576329080129449,6.862544566392899
8,mean,15,short,0.07056143134832382,7.056143134832382,16,6,6,short,-1.648770307340354,15,0.1572530716054292,6.843810304999351
8,mean,15,either,0.07056143134832382,7.056143134832382,16,6,6,short,-1.648770307340354,15,-0.5772218814302411,6.902272477746011
8,mean,30,long,0.049282439053058624,4.928243905305862,32,8,9,long,-4.868509731506255,8,-1.3517770153371924,4.768395312130451
8,mean,30,short,0.04924615100026131,4.924615100026131,30,8,8,short,-0.7005627121541621,45,-1.0617872619696362,4.752133712172508
8,mean,30,either,0.049282439053058624,4.928243905305862,32,8,9,long,-4.868509731506255,8,-1.6391376481243027,4.830397628247738
8,mean,60,long,0.03243857994675636,3.2438579946756363,60,9,12,long,0.8048763785414689,34,-0.04876222396035634,3.103904239833355
8,mean,60,short,0.02909095771610737,2.909095771610737,60,10,11,short,-0.6348499180578318,27,-0.4553545610311383,2.8405857272446156
8,mean,60,either,0.03243857994675636,3.2438579946756363,60,9,12,long,0.8048763785414689,34,-0.04876222396035634,3.103904239833355
8,fpos,15,long,1.0341991819441319,6.83983638882637,15,8,8,long,-1.269729866240985,14,-1.0081635809785003,6.5818653255701065
8,fpos,15,short,1.035280715674162,7.056143134832382,16,6,6,short,-1.648770307340354,15,0.1903341192716713,6.843810304999351
8,fpos,15,either,1.035280715674162,7.056143134832382,16,6,6,short,-1.648770307340354,15,-1.081862369955864,6.866371110081674
8,fpos,30,long,1.0241720993071795,4.83441986143589,31,8,8,long,-1.0111582072895076,6,-2.472148982601505,4.523354768753052
8,fpos,30,short,1.0246230755001307,4.924615100026131,30,8,8,short,-0.7005627121541621,45,-0.41532775025053764,4.695491902530193
8,fpos,30,either,1.0246230755001307,4.924615100026131,30,8,8,short,-0.7005627121541621,45,-1.2241858526964096,4.748092293739319
8,fpos,60,long,1.0130081539973617,2.601630799472332,60,13,13,long,0.03445734230944763,27,0.16399673453968347,2.4423833936452866
8,fpos,60,short,1.01406782399863,2.8135647997260094,60,11,11,short,-1.289053898513755,36,-0.7957046746476734,2.730012759566307
8,fpos,60,either,1.01406782399863,2.8135647997260094,60,11,11,short,-1.289053898513755,36,-0.7957046746476734,2.730012759566307
8,worst,15,long,0.04047178849577904,5.366880819201469,15,6,6,long,-1.5949841723273697,8,-1.510406395250844,5.379421189427376
8,worst,15,short,0.05333925783634186,6.244199350476265,16,6,6,short,-2.2197133245114737,15,0.7245961918909388,5.5260928347706795
8,worst,15,either,0.05333925783634186,6.244199350476265,16,6,6,short,-2.2197133245114737,15,-0.051346243871871054,5.510567016899586
8,worst,30,long,0.02820201776921749,3.709309920668602,30,6,6,long,3.9073721647818407,11,1.4682927680940727,3.394957408308983
8,worst,30,short,0.027939772233366966,4.366033151745796,30,10,10,short,-0.39216969460144185,22,-0.4215492981261934,3.727372288703919
8,worst,30,either,0.02820201776921749,3.709309920668602,30,6,6,long,3.9073721647818407,11,0.6203983918675909,3.634998314082623
8,worst,60,long,0.00925920158624649,1.761590875685215,60,9,9,long,-0.23487727252926727,67,-0.5207522157189907,1.8488637544214723
8,worst,60,short,0.013765569776296616,1.7499106004834175,71,8,8,short,0.04810580908230642,77,-0.9355744312338303,2.0720339193940163
8,worst,60,either,0.013765569776296616,1.7499106004834175,71,8,8,short,0.04810580908230642,77,-0.9355744312338303,2.0720339193940163
9,mean,15,long,0.06853202730417252,6.853202730417252,15,7,8,long,1.0491230159633622,12,0.6398394678697201,6.419117487967014
9,mean,15,short,0.06979044526815414,6.979044526815414,15,7,7,short,-0.9317478756998634,19,-1.2223816789585884,6.753188967704774
9,mean,15,either,0.06979044526815414,6.979044526815414,15,7,7,short,-0.9317478756998634,19,-0.9942350152486427,6.813992187380791
9,mean,30,long,0.043302349746227264,4.330234974622726,33,9,11,long,-0.12107526473695181,30,0.35320771508063353,4.154204726219177
9,mean,30,short,0.04705537110567093,4.705537110567093,32,10,11,short,0.8491978421221548,36,-0.24290427992129104,4.4932796433568
9,mean,30,either,0.04705537110567093,4.705537110567093,32,10,11,short,0.8491978421221548,36,-0.24290427992129104,4.4932796433568
9,mean,60,long,0.03010481782257557,3.010481782257557,60,13,14,long,0.451202747436982,54,0.5099718686111732,2.832825407385826
9,mean,60,short,0.029718901962041855,2.9718901962041855,64,7,7,short,-2.8952411259674706,2,-0.38903465855444846,2.787640690803528
9,mean,60,either,0.03010481782257557,3.010481782257557,60,13,14,long,0.451202747436982,54,0.05471181573866909,2.8627206571400166
9,fpos,15,long,1.0311489701271057,6.229794025421143,15,8,8,long,-0.7337949036444568,18,-0.21453133041048034,6.008508466184139
9,fpos,15,short,1.034895222634077,6.979044526815414,15,7,7,short,-0.9317478756998634,19,-1.2223816789585884,6.753188967704774
9,fpos,15,either,1.034895222634077,6.979044526815414,15,7,7,short,-0.9317478756998634,19,-1.2223816789585884,6.753188967704774
9,fpos,30,long,1.0215723048895597,4.314460977911949,34,9,9,long,-0.030645743134114677,19,0.06693064422938504,4.072796776890755
9,fpos,30,short,1.0225277580320835,4.505551606416702,30,10,10,short,-1.1895043982281892,47,-1.144561029731573,4.267691075801849
9,fpos,30,either,1.0225277580320835,4.505551606416702,30,10,10,short,-1.1895043982281892,47,-1.0229791477161048,4.282940179109573
9,fpos,60,long,1.0132768526673317,2.655370533466339,62,11,11,long,0.019630421943776625,45,0.5917211119634215,2.351808436214924
9,fpos,60,short,1.014859450981021,2.9718901962041855,64,7,7,short,-2.8952411259674706,2,-0.7554832960588028,2.6772113144397736
9,fpos,60,either,1.014859450981021,2.9718901962041855,64,7,7,short,-2.8952411259674706,2,-0.7013650399148913,2.686003465205431
9,worst,15,long,0.045792050659656525,5.8813754469156265,15,6,6,long,-1.3185664229317546,41,-1.0196274241447232,5.2716755867004395
9,worst,15,short,0.04221728444099426,5.269966647028923,15,6,6,short,-1.2386534115848529,15,-0.8147835270108083,5.335903279483318
9,worst,15,either,0.045792050659656525,5.8813754469156265,15,6,6,long,-1.3185664229317546,41,-1.0196274241447232,5.2716755867004395
9,worst,30,long,0.02235914207994938,2.990659512579441,31,6,6,long,1.155188198740795,72,0.6112449859847279,2.992644812911749
9,worst,30,short,0.025878941640257835,3.5414807498455048,32,7,7,short,-0.27844816162666297,49,-0.24894210461978242,3.689370434731245
9,worst,30,either,0.025878941640257835,3.5414807498455048,32,7,7,short,-0.27844816162666297,49,-0.24894210461978242,3.689370434731245
9,worst,60,long,0.01327058207243681,1.9521994516253471,64,6,6,long,0.7164419062240963,74,0.14071447952241248,1.7595479357987645
9,worst,60,short,0.018535476177930832,2.1130191162228584,65,7,7,short,1.6624694104405924,4,-0.006741631091311805,2.153292875736952
9,worst,60,either,0.018535476177930832,2.1130191162228584,65,7,7,short,1.6624694104405924,4,-0.006741631091311805,2.153292875736952
10,mean,15,long,0.08366294950246811,8.366294950246811,15,6,6,long,4.1606094950231505,6,4.369410209887691,7.90792852640152
10,mean,15,short,0.0569535531103611,5.69535531103611,16,8,8,short,1.0381796057141284,15,1.1129124985800587,5.504852272570133
10,mean,15,either,0.08366294950246811,8.366294950246811,15,6,6,long,4.1606094950231505,6,4.369410209887691,7.90792852640152
10,mean,30,long,0.05339830368757248,5.339830368757248,30,7,7,long,4.036431918935976,7,3.477225649846293,5.2128591760993
10,mean,30,short,0.03890368714928627,3.890368714928627,31,7,8,short,-0.8905379374674163,36,1.2957122942229549,3.778500780463219
10,mean,30,either,0.05339830368757248,5.339830368757248,30,7,7,long,4.036431918935976,7,3.477225649846293,5.2128591760993
10,mean,60,long,0.03568143770098686,3.568143770098686,60,10,10,long,0.19955706533520495,37,0.2268572785036492,3.275559730827808
10,mean,60,short,0.025839509442448616,2.5839509442448616,61,7,7,short,-1.1299758847037653,47,-0.4036015336304096,2.431133631616831
10,mean,60,either,0.03568143770098686,3.568143770098686,60,10,10,long,0.19955706533520495,37,0.2268572785036492,3.275559730827808
10,fpos,15,long,1.041831474751234,8.366294950246811,15,6,6,long,4.1606094950231505,6,4.683679996958659,7.895380258560181
10,fpos,15,short,1.0284767765551805,5.69535531103611,16,8,8,short,1.0381796057141284,15,0.06020115083970072,5.410753861069679
10,fpos,15,either,1.041831474751234,8.366294950246811,15,6,6,long,4.1606094950231505,6,4.683679996958659,7.895380258560181
10,fpos,30,long,1.0266991518437862,5.339830368757248,30,7,7,long,4.036431918935976,7,3.5078153687811864,5.202668644487858
10,fpos,30,short,1.0175282675772905,3.505653515458107,32,9,9,short,-0.9010109288632231,9,0.3957200206664715,3.315537720918656
10,fpos,30,either,1.0266991518437862,5.339830368757248,30,7,7,long,4.036431918935976,7,3.5078153687811864,5.202668644487858
10,fpos,60,long,1.0178407188504934,3.568143770098686,60,10,10,long,0.19955706533520495,37,-0.23786790180013623,3.2304047234356403
10,fpos,60,short,1.0129197547212243,2.5839509442448616,61,7,7,short,-1.1299758847037653,47,-0.8201802597830276,2.3639917373657227
10,fpos,60,either,1.0178407188504934,3.568143770098686,60,10,10,long,0.19955706533520495,37,-0.23786790180013623,3.2304047234356403
10,worst,15,long,0.05016879364848137,6.455952674150467,17,6,6,long,1.8248207100282188,4,0.7773401719914778,5.815375596284866
10,worst,15,short,0.034910328686237335,4.216768965125084,16,6,6,short,0.6386987671174044,19,0.2840318069847503,4.39257986843586
10,worst,15,either,0.05016879364848137,6.455952674150467,17,6,6,long,1.8248207100282188,4,0.7773401719914778,5.815375596284866
10,worst,30,long,0.035131704062223434,4.427146539092064,31,6,6,long,1.5644848134598668,10,1.2715454015189254,3.914601393043995
10,worst,30,short,0.02163568139076233,3.1781934201717377,31,6,6,short,0.3016448037251234,57,-0.5691393167930819,2.6542403735220432
10,worst,30,either,0.035131704062223434,4.427146539092064,31,6,6,long,1.5644848134598668,10,1.2715454015189254,3.914601393043995
10,worst,60,long,0.01755828969180584,2.29768268764019,62,7,7,long,0.6724154331402354,111,0.19570892002000523,1.9893980212509634
10,worst,60,short,0.012812849134206772,1.8493030220270157,62,7,7,short,0.7199801992777696,62,0.31024082455829305,1.5808104164898398
10,worst,60,either,0.01755828969180584,2.29768268764019,62,7,7,long,0.6724154331402354,111,0.19570892002000523,1.9893980212509634
11,mean,15,long,0.07247596234083176,7.247596234083176,15,5,6,long,-1.1653156472279527,17,-1.1936152127094166,6.893317326903343
11,mean,15,short,0.0595247745513916,5.95247745513916,15,9,9,short,-3.349825018818627,14,-0.01985107183339111,5.7285140454769135
11,mean,15,either,0.07247596234083176,7.247596234083176,15,5,6,long,-1.1653156472279527,17,-1.1936152127094166,6.893317326903343
11,mean,30,long,0.0520818717777729,5.20818717777729,33,8,9,long,0.5314334937277294,33,0.05470397497468818,4.44672267884016
11,mean,30,short,0.042708251625299454,4.270825162529945,31,8,9,short,0.8483187422173393,28,0.4797997488901154,4.050411768257618
11,mean,30,either,0.0520818717777729,5.20818717777729,33,8,9,long,0.5314334937277294,33,0.2979208224090232,4.448248781263828
11,mean,60,long,0.034537870436906815,3.4537870436906815,61,13,13,long,-1.3476292236052465,35,-0.5519609301554855,2.9724417999386787
11,mean,60,short,0.02952461875975132,2.952461875975132,60,13,13,short,-0.05806193052915667,77,0.18451781453125093,2.8698712587356567
11,mean,60,either,0.034537870436906815,3.4537870436906815,61,13,13,long,-1.3476292236052465,35,-0.3483876380518858,2.995804753154516
11,fpos,15,long,1.0347589030861855,6.951780617237091,15,6,6,long,-0.6741938272422545,16,-0.6168624539152135,6.401010379195212
11,fpos,15,short,1.0297623872756958,5.95247745513916,15,9,9,short,-3.349825018818627,14,-0.1429695263861217,5.717685855925083
11,fpos,15,either,1.0347589030861855,6.951780617237091,15,6,6,long,-0.6741938272422545,16,-0.6168624539152135,6.401010379195212
11,fpos,30,long,1.0209990907460451,4.1998181492090225,31,10,10,long,-0.16409592142767743,31,-1.5375060021268274,3.9085615426301956
11,fpos,30,short,1.0207991302013397,4.159826040267944,30,12,12,short,0.36981779095467565,41,0.18981538350912008,3.9492959156632423
11,fpos,30,either,1.0209990907460451,4.1998181492090225,31,10,10,long,-0.16409592142767743,31,-0.4681291213928648,4.003650061786175
11,fpos,60,long,1.0172689352184534,3.4537870436906815,61,13,13,long,-1.3476292236052465,35,-1.0523940420729987,2.687638755887747
11,fpos,60,short,1.0147623093798757,2.952461875975132,60,13,13,short,-0.05806193052915667,77,0.01480988364434874,2.849179245531559
11,fpos,60,either,1.0172689352184534,3.4537870436906815,61,13,13,long,-1.3476292236052465,35,-0.17869940964858386,2.9315317422151566
11,worst,15,long,0.03389274701476097,5.586690455675125,15,6,6,long,0.09238060400482671,20,-1.1363411376218249,5.24576511234045
11,worst,15,short,0.04249480366706848,5.52956610918045,15,6,6,short,-1.1076931904529943,13,-0.31284088013961986,5.143734626471996
11,worst,15,either,0.04249480366706848,5.52956610918045,15,6,6,short,-1.1076931904529943,13,-0.31284088013961986,5.143734626471996
11,worst,30,long,0.02240254543721676,3.7922460585832596,30,6,6,long,-0.49157725319259155,29,-1.0687176004106058,3.608630821108818
11,worst,30,short,0.025080151855945587,2.9046617448329926,33,7,7,short,1.0686243406421403,63,0.5134565814444276,3.5634112544357777
11,worst,30,either,0.025080151855945587,2.9046617448329926,33,7,7,short,1.0686243406421403,63,0.5134565814444276,3.5634112544357777
11,worst,60,long,0.01237417384982109,3.4537870436906815,61,13,13,long,-1.3476292236052465,35,-1.0369455440045856,2.6332120038568974
11,worst,60,short,0.017627643421292305,2.362281084060669,65,9,9,short,1.6259477721459799,105,1.537602366502252,2.347819358110428
11,worst,60,either,0.017627643421292305,2.362281084060669,65,9,9,short,1.6259477721459799,105,1.537602366502252,2.347819358110428
12,mean,15,long,0.06573864817619324,6.573864817619324,15,6,7,long,1.2507739819938863,11,0.40120011147427814,6.386426314711572
12,mean,15,short,0.07806645333766937,7.806645333766937,15,7,7,short,0.05589175069485061,13,0.5263322719261597,7.48892679810524
12,mean,15,either,0.07806645333766937,7.806645333766937,15,7,7,short,0.05589175069485061,13,0.5263322719261597,7.48892679810524
12,mean,30,long,0.045420415699481964,4.542041569948196,32,7,8,long,-0.9404682401538571,22,-0.7626044719468582,4.202228263020515
12,mean,30,short,0.04891660064458847,4.891660064458847,32,11,11,short,0.23154203150973227,26,-0.05892051989536154,4.754178933799267
12,mean,30,either,0.04891660064458847,4.891660064458847,32,11,11,short,0.23154203150973227,26,-0.05892051989536154,4.754178933799267
12,mean,60,long,0.02773640863597393,2.773640863597393,66,10,12,long,-0.6951626980177477,50,-0.6840765455639369,2.654039580374956
12,mean,60,short,0.03351013734936714,3.351013734936714,60,13,13,short,-0.4846495964781889,46,-0.29102735299062443,3.24989166110754
12,mean,60,either,0.03351013734936714,3.351013734936714,60,13,13,short,-0.4846495964781889,46,-0.29102735299062443,3.24989166110754
12,fpos,15,long,1.0320318080484867,6.406361609697342,15,6,6,long,-0.14255544286582775,22,0.06191005531840145,6.118541322648525
12,fpos,15,short,1.0390332266688347,7.806645333766937,15,7,7,short,0.05589175069485061,13,0.7821658742868732,7.444975897669792
12,fpos,15,either,1.0390332266688347,7.806645333766937,15,7,7,short,0.05589175069485061,13,0.7821658742868732,7.444975897669792
12,fpos,30,long,1.021980319172144,4.396063834428787,30,10,10,long,-0.46814807381308604,32,-0.2350654785390649,4.090839512646198
12,fpos,30,short,1.0244583003222942,4.891660064458847,32,11,11,short,0.23154203150973227,26,0.2808466764770957,4.7024646028876305
12,fpos,30,either,1.0244583003222942,4.891660064458847,32,11,11,short,0.23154203150973227,26,0.2808466764770957,4.7024646028876305
12,fpos,60,long,1.0120098888874054,2.401977777481079,65,10,10,long,-0.3370264081625924,32,0.014492419778533888,2.2982819005846977
12,fpos,60,short,1.0167550686746836,3.351013734936714,60,13,13,short,-0.4846495964781889,46,-0.0691562031151841,3.2033834606409073
12,fpos,60,either,1.0167550686746836,3.351013734936714,60,13,13,short,-0.4846495964781889,46,-0.0691562031151841,3.2033834606409073
12,worst,15,long,0.03693241626024246,4.904070869088173,15,6,6,long,-1.0263187276793004,17,-2.2274244675428294,4.412460885941982
12,worst,15,short,0.04168051481246948,4.65397983789444,16,6,6,short,2.330760358836986,4,1.6080667624734308,5.352276526391506
12,worst,15,either,0.04168051481246948,4.65397983789444,16,6,6,short,2.330760358836986,4,1.6080667624734308,5.352276526391506
12,worst,30,long,0.0236080102622509,3.138379380106926,32,7,7,long,0.9965871142613535,11,-0.7942568290593123,3.0144631303846836
12,worst,30,short,0.03154035285115242,3.9783816784620285,30,7,7,short,1.4709242336255786,22,-0.8960702250539511,3.6656481586396694
12,worst,30,either,0.03154035285115242,3.9783816784620285,30,7,7,short,1.4709242336255786,22,-0.8960702250539511,3.6656481586396694
12,worst,60,long,0.00958477146923542,2.246064879000187,64,9,9,long,-0.02186741662507837,48,-0.07436432418641713,2.1226242557168007
12,worst,60,short,0.02175496332347393,2.6769326999783516,61,6,6,short,-0.9097348743562543,37,-0.42905659788122186,2.567729540169239
12,worst,60,either,0.02175496332347393,2.6769326999783516,61,6,6,short,-0.9097348743562543,37,-0.42905659788122186,2.567729540169239
13,mean,15,long,0.07665332406759262,7.665332406759262,15,6,8,long,-2.00844736398707,14,-0.21558427779558353,7.350517362356186
13,mean,15,short,0.05938490852713585,5.938490852713585,15,6,7,short,0.7842053462403277,9,-0.21797846687437844,5.734290145337582
13,mean,15,either,0.07665332406759262,7.665332406759262,15,6,8,long,-2.00844736398707,14,-0.21558427779558353,7.350517362356186
13,mean,30,long,0.05122550204396248,5.122550204396248,31,10,10,long,-1.9404009795469714,60,-0.4352587902682668,4.925203286111355
13,mean,30,short,0.040744997560977936,4.074499756097794,30,9,9,short,0.7120618958153653,19,0.9988107930745288,3.808019310235977
13,mean,30,either,0.05122550204396248,5.122550204396248,31,10,10,long,-1.9404009795469714,60,-0.4352587902682668,4.925203286111355
13,mean,60,long,0.033847272396087646,3.3847272396087646,60,13,14,long,-1.254386484710437,48,-0.898881807041085,3.2222711294889446
13,mean,60,short,0.0269913449883461,2.69913449883461,66,9,12,short,-0.8531570973277126,42,-0.506344239966981,2.5505335070192814
13,mean,60,either,0.033847272396087646,3.3847272396087646,60,13,14,long,-1.254386484710437,48,-0.898881807041085,3.2222711294889446
13,fpos,15,long,1.038322288542986,7.664457708597183,15,7,7,long,1.7515868283458567,6,0.13672241113556016,7.129199057817459
13,fpos,15,short,1.0293192993849516,5.863859876990318,15,6,6,short,0.1211613638980182,14,-0.06632212892457404,5.599926225841045
13,fpos,15,either,1.038322288542986,7.664457708597183,15,7,7,long,1.7515868283458567,6,0.13672241113556016,7.129199057817459
13,fpos,30,long,1.0256127510219812,5.122550204396248,31,10,10,long,-1.9404009795469714,60,0.16486243516571028,4.800069518387318
13,fpos,30,short,1.020372498780489,4.074499756097794,30,9,9,short,0.7120618958153653,19,0.6987264439506002,3.6594045907258987
13,fpos,30,either,1.0256127510219812,5.122550204396248,31,10,10,long,-1.9404009795469714,60,0.16486243516571028,4.800069518387318
13,fpos,60,long,1.0159246791154146,3.184935823082924,62,11,11,long,0.1767000656225187,89,-0.39331553258052454,3.091275282204151
13,fpos,60,short,1.0112920561805367,2.2584112361073494,61,8,8,short,0.821246286804468,67,0.7081291283131129,2.151520047336817
13,fpos,60,either,1.0159246791154146,3.184935823082924,62,11,11,long,0.1767000656225187,89,-0.39331553258052454,3.091275282204151
13,worst,15,long,0.048676084727048874,5.947159975767136,15,6,6,long,-2.8614373033174094,10,-0.06970186579569819,6.473546586930752
13,worst,15,short,0.041378188878297806,5.166970193386078,15,6,6,short,2.6128537264959983,13,1.190472083742225,5.055960230529308
13,worst,15,either,0.048676084727048874,5.947159975767136,15,6,6,long,-2.8614373033174094,10,0.43820569400416187,6.161648817360401
13,worst,30,long,0.028732305392622948,3.6582455039024353,36,6,6,long,-2.475460463583271,10,-1.1680120950444803,3.2957419380545616
13,worst,30,short,0.021748976781964302,2.872619777917862,30,7,7,short,3.334540032927088,14,1.2646128740363902,2.7197070233523846
13,worst,30,either,0.028732305392622948,3.6582455039024353,36,6,6,long,-2.475460463583271,10,-1.1680120950444803,3.2957419380545616
13,worst,60,long,0.016468582674860954,2.6973120868206024,61,8,8,long,0.023889607616799795,63,-0.5742183162181039,2.2492269054055214
13,worst,60,short,0.011990699917078018,1.5714257955551147,61,7,7,short,0.5346799536019129,42,0.6175247060382509,1.521235629916191
13,worst,60,either,0.016468582674860954,2.6973120868206024,61,8,8,long,0.023889607616799795,63,-0.5742183162181039,2.2492269054055214
14,mean,15,long,0.07301397621631622,7.301397621631622,15,8,8,long,2.099748591265638,20,2.172084468807426,7.028130590915679
14,mean,15,short,0.06949803233146667,6.9498032331466675,15,9,9,short,0.8725329647684008,14,-0.07587040800621783,6.5974776446819305
14,mean,15,either,0.07301397621631622,7.301397621631622,15,8,8,long,2.099748591265638,20,1.9842205103033446,7.029975280165672
14,mean,30,long,0.046410396695137024,4.641039669513702,30,6,8,long,1.2580081025500387,34,0.5888368141314447,4.4782160967588425
14,mean,30,short,0.04760495573282242,4.760495573282242,30,12,12,short,0.011275198857158216,35,-0.03983774919447412,4.544707797467709
14,mean,30,either,0.04760495573282242,4.760495573282242,30,12,12,short,0.011275198857158216,35,0.24607353971406698,4.5908961817622185
14,mean,60,long,0.029684266075491905,2.9684266075491905,63,11,13,long,-0.8042943761237888,59,-0.2234356904085536,2.873532399535179
14,mean,60,short,0.03229377791285515,3.229377791285515,62,11,13,short,0.20996000757420394,65,-0.26704251292210096,3.0783117935061455
14,mean,60,either,0.03229377791285515,3.229377791285515,62,11,13,short,0.20996000757420394,65,-0.26704251292210096,3.0783117935061455
14,fpos,15,long,1.0365069881081581,7.301397621631622,15,8,8,long,2.099748591265638,20,2.1434810725625413,7.028130590915679
14,fpos,15,short,1.0347490161657333,6.9498032331466675,15,9,9,short,0.8725329647684008,14,0.5329991232423935,6.531041190028191
14,fpos,15,either,1.0365069881081581,7.301397621631622,15,8,8,long,2.099748591265638,20,1.9556171140584593,7.029975280165672
14,fpos,30,long,1.023030448704958,4.606089740991592,31,10,10,long,0.8987254055978956,31,0.05909098268785477,4.387728236615658
14,fpos,30,short,1.0238024778664112,4.760495573282242,30,12,12,short,0.011275198857158216,35,-0.16610047152380453,4.439544603228569
14,fpos,30,either,1.0238024778664112,4.760495573282242,30,12,12,short,0.011275198857158216,35,0.5562011160307045,4.530091919004917
14,fpos,60,long,1.0128855062648654,2.5771012529730797,63,11,11,long,-0.5679085980294395,78,-0.7668109545309897,2.5182283855974674
14,fpos,60,short,1.0140702361240983,2.81404722481966,61,11,11,short,2.7595324789885867,20,0.734666162169195,2.7278528548777103
14,fpos,60,either,1.0140702361240983,2.81404722481966,61,11,11,short,2.7595324789885867,20,0.734666162169195,2.7278528548777103
14,worst,15,long,0.0432092659175396,6.018450111150742,15,6,6,long,0.03436321587244311,4,0.3303342556698484,6.220113039016724
14,worst,15,short,0.041808102279901505,5.460316687822342,16,6,6,short,0.05210666826966585,14,-0.5022055282727885,5.2747900784015656
14,worst,15,either,0.0432092659175396,6.018450111150742,15,6,6,long,0.03436321587244311,4,0.3303342556698484,6.220113039016724
14,worst,30,long,0.033485524356365204,4.088068008422852,31,6,6,long,2.1997318270661808,34,1.0422335622312133,3.924724794924259
14,worst,30,short,0.025016557425260544,3.271273896098137,31,6,6,short,-0.6099917600877093,32,0.10759781054411645,3.4379074722528458
14,worst,30,either,0.033485524356365204,4.088068008422852,31,6,6,long,2.1997318270661808,34,1.0422335622312133,3.924724794924259
14,worst,60,long,0.0172150656580925,2.3792503401637077,61,8,8,long,-0.04287458515699707,81,0.8212289448672065,2.209799960255623
14,worst,60,short,0.016566576436161995,2.4265147745609283,64,8,8,short,0.33328373031700964,142,0.6789241193843178,2.238435819745064
14,worst,60,either,0.0172150656580925,2.3792503401637077,61,8,8,long,-0.04287458515699707,81,1.013878966959935,2.2692553512752056
15,mean,15,long,0.06697528809309006,6.697528809309006,15,7,7,long,-5.280832978874636,3,-3.2136755856334442,6.431597098708153
15,mean,15,short,0.07645876705646515,7.645876705646515,15,7,8,short,-3.8462222999597744,17,-2.820583184425877,7.430548891425133
15,mean,15,either,0.07645876705646515,7.645876705646515,15,7,8,short,-3.8462222999597744,17,-2.820583184425877,7.430548891425133
15,mean,30,long,0.045605599880218506,4.560559988021851,30,10,11,long,-0.8169827850685316,15,-0.2705401199231616,4.381848536431789
15,mean,30,short,0.04691081866621971,4.691081866621971,30,7,8,short,-0.510959547865961,40,-0.6904735875498481,4.614051319658756
15,mean,30,either,0.04691081866621971,4.691081866621971,30,7,8,short,-0.510959547865961,40,-0.42040971032629715,4.615500345826149
15,mean,60,long,0.030911492183804512,3.091149218380451,60,13,13,long,0.7017794024909536,20,0.5524785340247653,2.9126614704728127
15,mean,60,short,0.029765337705612183,2.9765337705612183,63,8,9,short,0.1402643241740117,110,0.02617113046753239,2.8541043400764465
15,mean,60,either,0.030911492183804512,3.091149218380451,60,13,13,long,0.7017794024909536,20,0.33662627318563043,2.935471832752228
15,fpos,15,long,1.033487644046545,6.697528809309006,15,7,7,long,-5.280832978874636,3,-3.2136755856334442,6.431597098708153
15,fpos,15,short,1.0374081879854202,7.481637597084045,15,7,7,short,-2.582877232665177,16,-2.2763052071701093,7.072303295135499
15,fpos,15,either,1.0374081879854202,7.481637597084045,15,7,7,short,-2.582877232665177,16,-2.2763052071701093,7.072303295135499
15,fpos,30,long,1.022517492994666,4.50349859893322,30,9,9,long,-2.7738100187387613,11,-0.03220635736073535,4.182285293936729
15,fpos,30,short,1.0232878345996141,4.657566919922829,30,11,11,short,1.9053553262245644,16,-0.19963982561394125,4.359793588519096
15,fpos,30,either,1.0232878345996141,4.657566919922829,30,11,11,short,1.9053553262245644,16,0.3638401847958789,4.398254193365574
15,fpos,60,long,1.0154557460919023,3.091149218380451,60,13,13,long,0.7017794024909536,20,0.559679728141528,2.9018739238381386
15,fpos,60,short,1.0141765139997005,2.8353027999401093,60,9,9,short,-0.07739944382634897,105,0.0913160545325604,2.6642784662544727
15,fpos,60,either,1.0154557460919023,3.091149218380451,60,13,13,long,0.7017794024909536,20,0.5350561143659907,2.903696447610855
15,worst,15,long,0.044623613357543945,6.507762521505356,15,6,6,long,-5.280832978874636,3,-1.042359331600069,5.511100925505161
15,worst,15,short,0.03951907530426979,5.018357187509537,18,6,6,short,,0,-0.19949538210316417,5.813321471214294
15,worst,15,either,0.044623613357543945,6.507762521505356,15,6,6,long,-5.280832978874636,3,-0.6580033091785262,5.778462588787079
15,worst,30,long,0.025899577885866165,3.618451952934265,34,8,8,long,-0.46842477514776654,10,-0.6468193029629035,3.610869292169809
15,worst,30,short,0.026815060526132584,4.3175093829631805,31,8,8,short,1.135695108694786,30,-0.5264534627445696,3.4413363039493565
15,worst,30,either,0.026815060526132584,4.3175093829631805,31,8,8,short,1.135695108694786,30,-0.22301711051370673,3.7602929212152953
15,worst,60,long,0.017036624252796173,2.341267094016075,60,6,6,long,-0.15178905558625821,13,0.6791018418265611,2.2256595082581043
15,worst,60,short,0.013652441091835499,2.220464125275612,60,8,8,short,0.1783430115815728,87,-0.39388449160719324,2.035588566213846
15,worst,60,either,0.017036624252796173,2.341267094016075,60,6,6,long,-0.15178905558625821,13,-0.003693029495644342,2.1495068818330765
16,mean,15,long,0.07079185545444489,7.0791855454444885,16,8,9,long,2.911234815126611,6,3.2113488706100193,6.815818920731545
16,mean,15,short,0.06584692001342773,6.584692001342773,17,9,10,short,-0.46847518145987366,17,-0.0012058775853265088,6.1051981523633
16,mean,15,either,0.07079185545444489,7.0791855454444885,16,8,9,long,2.911234815126611,6,3.2113488706100193,6.815818920731545
16,mean,30,long,0.04909881576895714,4.909881576895714,32,8,8,long,1.1657247873712173,16,0.8733169060152656,4.808889627456665
16,mean,30,short,0.04101298376917839,4.101298376917839,30,9,10,short,-0.6915967918801738,12,-0.14447998825909383,3.9855711907148357
16,mean,30,either,0.04909881576895714,4.909881576895714,32,8,8,long,1.1657247873712173,16,0.8733169060152656,4.808889627456665
16,mean,60,long,0.03809177502989769,3.809177502989769,62,12,13,long,-0.00552234073494199,32,0.3686317349804174,3.4380417689681053
16,mean,60,short,0.02919878251850605,2.919878251850605,60,11,13,short,-0.07973694153616132,46,-0.24359431218888097,2.720445152372122
16,mean,60,either,0.03809177502989769,3.809177502989769,62,12,13,long,-0.00552234073494199,32,0.3686317349804174,3.4380417689681053
16,fpos,15,long,1.0345500893890858,6.910017877817154,15,8,8,long,6.442053003382477,3,4.189582984222239,6.703657656908035
16,fpos,15,short,1.0326579697430134,6.531593948602676,15,9,9,short,0.10621822594425727,15,0.049737351379984876,5.882117003202438
16,fpos,15,either,1.0345500893890858,6.910017877817154,15,8,8,long,6.442053003382477,3,4.106018758889011,6.7049481719732285
16,fpos,30,long,1.0245494078844786,4.909881576895714,32,8,8,long,1.1657247873712173,16,0.21657610297426674,4.5240747183561325
16,fpos,30,short,1.0195415038615465,3.9083007723093033,30,11,11,short,1.9648419313327794,27,-0.29587464595316043,3.8456130772829056
16,fpos,30,either,1.0245494078844786,4.909881576895714,32,8,8,long,1.1657247873712173,16,0.21657610297426674,4.5240747183561325
16,fpos,60,long,1.016836216673255,3.3672433346509933,70,12,12,long,0.7519879059805403,47,0.8193938759215121,3.2784489542245865
16,fpos,60,short,1.0131668271496892,2.6333654299378395,60,10,10,short,-0.28849065905185867,72,-0.3672995977709764,2.5606743805110455
16,fpos,60,either,1.016836216673255,3.3672433346509933,70,12,12,long,0.7519879059805403,47,0.8193938759215121,3.2784489542245865
16,worst,15,long,0.046066682785749435,5.9037767350673676,16,6,6,long,-2.7646393596598413,3,-1.923090377740368,5.303080528974533
16,worst,15,short,0.04159662127494812,4.583585262298584,15,6,6,short,-0.19293467284060864,11,-0.1815916926452235,4.71173819154501
16,worst,15,either,0.046066682785749435,5.9037767350673676,16,6,6,long,-2.7646393596598413,3,-1.923090377740368,5.303080528974533
16,worst,30,long,0.0266588032245636,3.1451933085918427,30,8,8,long,1.6561254803333245,53,-0.17633193866132604,3.2545827329158783
16,worst,30,short,0.027057062834501266,3.4049998968839645,31,6,6,short,0.8075229702557647,64,0.5382462388322432,3.247703537344933
16,worst,30,either,0.027057062834501266,3.4049998968839645,31,6,6,short,0.8075229702557647,64,0.5328964421468432,3.4432299807667732
16,worst,60,long,0.01411730982363224,1.9843673333525658,60,7,7,long,-1.0870796330609875,3,-0.6120921651767675,2.0075327157974243
16,worst,60,short,0.017728086560964584,2.3724738508462906,62,6,6,short,-1.0797730385073372,7,-0.810524282436929,2.3526752553880215
16,worst,60,either,0.017728086560964584,2.3724738508462906,62,6,6,short,-1.0797730385073372,7,-0.810524282436929,2.3526752553880215
17,mean,15,long,0.0739721953868866,7.39721953868866,15,6,6,long,-1.5561870979663417,7,-0.324530725221399,6.785806640982628
17,mean,15,short,0.07545501738786697,7.545501738786697,15,6,6,short,0.8112123671774916,13,0.1856913812893362,7.476457506418228
17,mean,15,either,0.07545501738786697,7.545501738786697,15,6,6,short,0.8112123671774916,13,-0.10839280323903162,7.4773625284433365
17,mean,30,long,0.050226155668497086,5.022615566849709,30,11,13,long,0.5639102758000784,23,0.16398533873609497,4.838382191956043
17,mean,30,short,0.04951828345656395,4.951828345656395,30,7,7,short,2.182906670269643,16,-0.2055324917943079,4.904703050851822
17,mean,30,either,0.050226155668497086,5.022615566849709,30,11,13,long,0.5639102758000784,23,0.33067177863886,4.935050085186958
17,mean,60,long,0.03497333079576492,3.4973330795764923,63,13,14,long,1.0573312880393169,47,0.20764767665318226,3.405856713652611
17,mean,60,short,0.03358691558241844,3.358691558241844,62,10,10,short,0.3994931395120184,60,0.12600575337603845,3.278629519045353
17,mean,60,either,0.03497333079576492,3.4973330795764923,63,13,14,long,1.0573312880393169,47,0.20764767665318226,3.405856713652611
17,fpos,15,long,1.0369860976934433,7.39721953868866,15,6,6,long,-1.5561870979663417,7,-0.7457128640056271,6.744082495570184
17,fpos,15,short,1.0377275086939335,7.545501738786697,15,6,6,short,0.8112123671774916,13,0.1856913812893362,7.476457506418228
17,fpos,15,either,1.0377275086939335,7.545501738786697,15,6,6,short,0.8112123671774916,13,-0.10839280323903162,7.4773625284433365
17,fpos,30,long,1.0243634078651667,4.872681573033333,30,10,10,long,-0.457213006526855,25,-0.2513004718547456,4.66386504471302
17,fpos,30,short,1.024759141728282,4.951828345656395,30,7,7,short,2.182906670269643,16,-0.46767746313603414,4.87566240131855
17,fpos,30,either,1.024759141728282,4.951828345656395,30,7,7,short,2.182906670269643,16,-0.22298412863811998,4.887970760464668
17,fpos,60,long,1.0171325635164976,3.4265127032995224,65,14,14,long,1.0804357907043407,49,0.847778024651198,3.308880105614662
17,fpos,60,short,1.0167934577912092,3.358691558241844,62,10,10,short,0.3994931395120184,60,0.06649334393577949,3.222256749868393
17,fpos,60,either,1.0171325635164976,3.4265127032995224,65,14,14,long,1.0804357907043407,49,0.677886148778163,3.3312403410673137
17,worst,15,long,0.04984218254685402,6.470707803964615,17,7,7,long,1.1260762089386775,26,-2.737178667694762,5.624424107372761
17,worst,15,short,0.040504660457372665,5.760414153337479,21,8,8,short,-0.6696144311103703,31,0.3874589374493315,6.583208739757537
17,worst,15,either,0.04984218254685402,6.470707803964615,17,7,7,long,1.1260762089386775,26,-2.7755308930342912,5.684680379927158
17,worst,30,long,0.027615707367658615,4.565983265638351,33,6,6,long,2.0473016920932383,11,0.6240367741072816,3.928320370614528
17,worst,30,short,0.030057499185204506,3.6216408014297485,34,7,7,short,0.33447531614214937,51,-1.4609330042351176,3.9580735564231877
17,worst,30,either,0.030057499185204506,3.6216408014297485,34,7,7,short,0.33447531614214937,51,0.23097191218263963,3.9096225425601006
17,worst,60,long,0.01479475200176239,2.9905252158641815,60,8,8,long,0.18664240544503757,24,0.43279892416201815,2.808935008943081
17,worst,60,short,0.018263395875692368,2.5280265137553215,60,6,6,short,0.34555812028356886,21,0.8104483894845813,2.4788581393659115
17,worst,60,either,0.018263395875692368,2.5280265137553215,60,6,6,short,0.34555812028356886,21,0.8104483894845813,2.4788581393659115
18,mean,15,long,0.06735002994537354,6.7350029945373535,16,7,8,long,2.3178472447813414,9,0.26861962324307975,6.614033132791519
18,mean,15,short,0.06363961845636368,6.363961845636368,15,7,8,short,0.4233275257312789,16,1.436798250855994,6.237798221409321
18,mean,15,either,0.06735002994537354,6.7350029945373535,16,7,8,long,2.3178472447813414,9,0.26861962324307975,6.614033132791519
18,mean,30,long,0.047254253178834915,4.7254253178834915,31,9,10,long,0.8738493483159481,40,0.5706804517809544,4.53191876411438
18,mean,30,short,0.04519683122634888,4.519683122634888,30,9,9,short,0.6670984610628249,37,-0.4353614434550995,4.310763813555241
18,mean,30,either,0.047254253178834915,4.7254253178834915,31,9,10,long,0.8738493483159481,40,0.5416570687749873,4.547766447067261
18,mean,60,long,0.02838425524532795,2.838425524532795,62,12,12,long,2.232710409648017,17,1.2912528057757047,2.737683616578579
18,mean,60,short,0.029209338128566742,2.920933812856674,61,10,13,short,-0.635621549993515,62,-0.6166503778179458,2.8779740259051323
18,mean,60,either,0.029209338128566742,2.920933812856674,61,10,13,short,-0.635621549993515,62,-0.6166503778179458,2.8779740259051323
18,fpos,15,long,1.0333083868026733,6.661677360534668,15,9,9,long,-1.3750040650928383,28,0.07549575340488879,6.531621739268304
18,fpos,15,short,1.0314840152859688,6.296803057193756,15,7,7,short,1.292270528938726,3,1.4396715198859216,6.203206405043602
18,fpos,15,either,1.0333083868026733,6.661677360534668,15,9,9,long,-1.3750040650928383,28,0.07549575340488879,6.531621739268304
18,fpos,30,long,1.0222138036042452,4.442760720849037,33,11,11,long,0.5401549923289352,26,0.7316976407012251,4.202178046107292
18,fpos,30,short,1.0225984156131744,4.519683122634888,30,9,9,short,0.6670984610628249,37,-0.4178578395609235,4.157400391995907
18,fpos,30,either,1.0225984156131744,4.519683122634888,30,9,9,short,0.6670984610628249,37,0.2624234592385551,4.285845719277859
18,fpos,60,long,1.014192127622664,2.838425524532795,62,12,12,long,2.232710409648017,17,1.5575642885066812,2.640463560819626
18,fpos,60,short,1.0126478476449847,2.5295695289969444,69,12,12,short,0.1567247654429155,38,-0.20084968471189107,2.371254116296768
18,fpos,60,either,1.014192127622664,2.838425524532795,62,12,12,long,2.232710409648017,17,1.5575642885066812,2.640463560819626
18,worst,15,long,0.04213907942175865,5.165774375200272,15,6,6,long,-0.9110639815340688,35,-0.3743015969251596,5.002400986850262
18,worst,15,short,0.04481702670454979,6.0449376702308655,16,6,6,short,-2.506172516108205,11,-0.6859226785521305,5.530034340918064
18,worst,15,either,0.04481702670454979,6.0449376702308655,16,6,6,short,-2.506172516108205,11,-0.874481582320041,5.437919795513153
18,worst,30,long,0.022898569703102112,3.123633563518524,34,6,6,long,0.5287308443695864,54,0.8692140286583827,3.078889325261116
18,worst,30,short,0.02994256094098091,3.688409924507141,32,6,6,short,-0.2885331895232041,52,0.009047138849953592,3.6175848171114926
18,worst,30,either,0.02994256094098091,3.688409924507141,32,6,6,short,-0.2885331895232041,52,0.009047138849953592,3.6175848171114926
18,worst,60,long,0.01161068957298994,1.7413388937711716,69,7,7,long,-0.7535865131730788,120,0.30724341398094573,1.9224839657545088
18,worst,60,short,0.013499719090759754,1.752937212586403,64,9,9,short,0.36144957927033916,41,-0.1808174131786733,1.7959039006382227
18,worst,60,either,0.013499719090759754,1.752937212586403,64,9,9,short,0.36144957927033916,41,-0.00604884424930275,1.7800660524517298
19,mean,15,long,0.08175244927406311,8.175244927406311,15,4,6,long,0.8486150498115267,3,-1.481660479133219,7.498143017292022
19,mean,15,short,0.07156617194414139,7.156617194414139,15,8,8,short,-2.405584392662645,6,-1.1454617852677147,6.903197169303894
19,mean,15,either,0.08175244927406311,8.175244927406311,15,4,6,long,0.8486150498115267,3,-1.481660479133219,7.498143017292022
19,mean,30,long,0.05650230124592781,5.650230124592781,31,8,8,long,-1.1445364946372387,8,-2.67418441297596,5.383124127984047
19,mean,30,short,0.04931750148534775,4.931750148534775,31,9,10,short,-0.7435854640985723,23,-0.9444349562517874,4.883561655879021
19,mean,30,either,0.05650230124592781,5.650230124592781,31,8,8,long,-1.1445364946372387,8,-2.67418441297596,5.383124127984047
19,mean,60,long,0.03258063271641731,3.2580632716417313,60,9,11,long,-1.2198545576585718,13,-0.22010227784635222,3.1970856338739395
19,mean,60,short,0.031092962250113487,3.1092962250113487,60,10,11,short,-1.3983921840469022,79,-1.112778602948458,2.9816627129912376
19,mean,60,either,0.03258063271641731,3.2580632716417313,60,9,11,long,-1.2198545576585718,13,-0.22010227784635222,3.1970856338739395
19,fpos,15,long,1.037616815418005,7.523363083600998,17,7,7,long,-4.963414494639084,2,-2.6817290437189207,7.150565832853317
19,fpos,15,short,1.0357830859720707,7.156617194414139,15,8,8,short,-2.405584392662645,6,-1.1958947481412021,6.845321878790855
19,fpos,15,either,1.037616815418005,7.523363083600998,17,7,7,long,-4.963414494639084,2,-2.500564233625523,7.182304337620734
19,fpos,30,long,1.028251150622964,5.650230124592781,31,8,8,long,-1.1445364946372387,8,-2.444196099685659,5.183739103376865
19,fpos,30,short,1.0241843853145838,4.836877062916756,32,9,9,short,-0.8641217667973122,24,-0.18824678690597305,4.459100104868412
19,fpos,30,either,1.028251150622964,5.650230124592781,31,8,8,long,-1.1445364946372387,8,-2.444196099685659,5.183739103376865
19,fpos,60,long,1.0140765169635415,2.8153033927083015,61,13,13,long,0.4620914576028112,54,0.4690592158432575,2.5695778243243694
19,fpos,60,short,1.0154512850567698,3.0902570113539696,61,11,11,short,-0.6935985293632781,58,-1.10274870650174,2.945981193333864
19,fpos,60,either,1.0154512850567698,3.0902570113539696,61,11,11,short,-0.6935985293632781,58,-1.10274870650174,2.945981193333864
19,worst,15,long,0.03625780716538429,6.247323751449585,16,6,6,long,-1.6112145835322695,5,-2.1478815463296255,5.113692916929722
19,worst,15,short,0.040012042969465256,5.360795930027962,15,6,6,short,-3.168935209469353,12,-2.0255273070335855,5.383794531226158
19,worst,15,either,0.040012042969465256,5.360795930027962,15,6,6,short,-3.168935209469353,12,-2.0255273070335855,5.383794531226158
19,worst,30,long,0.026149669662117958,4.382632672786713,32,6,6,long,-2.242830535951281,7,-0.681293611027462,3.7111636064946647
19,worst,30,short,0.026525525376200676,3.484351933002472,30,6,6,short,1.9137688329943403,24,1.1044403747902727,3.0230055935680866
19,worst,30,either,0.026525525376200676,3.484351933002472,30,6,6,short,1.9137688329943403,24,0.08547210568126973,3.4735272824764256
19,worst,60,long,0.00965081062167883,2.4087125435471535,66,13,13,long,-0.3708446968310296,48,-0.21287629761309845,2.1304228715598583
19,worst,60,short,0.012801003642380238,2.831283025443554,63,11,11,short,-0.6148314176811233,52,-0.47522944898332925,2.4179991893470287
19,worst,60,either,0.012801003642380238,2.831283025443554,63,11,11,short,-0.6148314176811233,52,-0.47522944898332925,2.4179991893470287
20,mean,15,long,0.06762407720088959,6.762407720088959,16,7,8,long,2.562276579819871,9,2.1402276275395633,6.686645224690438
20,mean,15,short,0.07470179349184036,7.470179349184036,15,6,6,short,-0.28614945900561684,15,0.5023870588964171,6.79054819047451
20,mean,15,either,0.07470179349184036,7.470179349184036,15,6,6,short,-0.28614945900561684,15,1.1932989675929953,6.8225133419036865
20,mean,30,long,0.05056851729750633,5.056851729750633,30,9,9,long,-2.836676929626615,12,-0.5104184918434018,4.723105877637863
20,mean,30,short,0.04705285280942917,4.705285280942917,33,9,11,short,0.16331242825970183,24,0.25450218626169296,4.391060061752796
20,mean,30,either,0.05056851729750633,5.056851729750633,30,9,9,long,-2.836676929626615,12,-0.47799781947851416,4.735120125114918
20,mean,60,long,0.028763044625520706,2.8763044625520706,61,12,14,long,-0.10817830860235438,36,-0.25026922327157897,2.807389944791794
20,mean,60,short,0.02895999327301979,2.895999327301979,61,10,13,short,0.6576815794342494,64,0.4379658461043807,2.7991876751184464
20,mean,60,either,0.02895999327301979,2.895999327301979,61,10,13,short,0.6576815794342494,64,-0.025487340112517916,2.8401775285601616
20,fpos,15,long,1.0325061865150928,6.50123730301857,16,7,7,long,4.2925717106943555,2,0.33605940144710283,6.037377752363682
20,fpos,15,short,1.0373508967459202,7.470179349184036,15,6,6,short,-0.28614945900561684,15,0.293133192508458,6.65067583322525
20,fpos,15,either,1.0373508967459202,7.470179349184036,15,6,6,short,-0.28614945900561684,15,0.6073152296128617,6.65382206439972
20,fpos,30,long,1.0252842586487532,5.056851729750633,30,9,9,long,-2.836676929626615,12,-0.598306047453974,4.4714465364813805
20,fpos,30,short,1.0218498185276985,4.369963705539703,30,10,10,short,0.06450581229152551,46,-1.2902965632189158,4.085417278110981
20,fpos,30,either,1.0252842586487532,5.056851729750633,30,9,9,long,-2.836676929626615,12,-0.5402776723254209,4.494257979094982
20,fpos,60,long,1.012493697926402,2.4987395852804184,61,11,11,long,-0.8578542660203978,67,-0.8471257437480645,2.3501849733293056
20,fpos,60,short,1.0138932848349214,2.778656966984272,61,12,12,short,-0.03184578020242548,54,0.38045924098542305,2.60496923699975
20,fpos,60,either,1.0138932848349214,2.778656966984272,61,12,12,short,-0.03184578020242548,54,0.38045924098542305,2.60496923699975
20,worst,15,long,0.04000649228692055,4.79150302708149,17,6,6,long,0.8081979300458045,20,-0.10363394091998417,4.955659322440624
20,worst,15,short,0.044501710683107376,6.005992367863655,15,6,6,short,-2.6732778928877545,7,-1.8882641519984769,5.658200159668922
20,worst,15,either,0.044501710683107376,6.005992367863655,15,6,6,short,-2.6732778928877545,7,-1.8882641519984769,5.658200159668922
20,worst,30,long,0.022576062008738518,2.9501693323254585,30,8,8,long,0.7792954487645753,26,0.24306723389547683,3.2128963619470596
20,worst,30,short,0.025179585441946983,3.0944054946303368,30,6,6,short,0.8527799057969215,15,-0.42182123628627083,2.9059783183038235
20,worst,30,either,0.025179585441946983,3.0944054946303368,30,6,6,short,0.8527799057969215,15,-0.334885015696802,3.173639066517353
20,worst,60,long,0.012067095376551151,2.1776480600237846,61,11,11,long,-0.4657103219057279,51,0.05617925731390736,1.7510132864117622
20,worst,60,short,0.017472151666879654,2.293204329907894,63,6,6,short,-0.041292465348185745,4,0.5353481763551158,2.1266067400574684
20,worst,60,either,0.017472151666879654,2.293204329907894,63,6,6,short,-0.041292465348185745,4,0.5353481763551158,2.1266067400574684
21,mean,15,long,0.0702812597155571,7.02812597155571,16,7,7,long,0.38649090442721623,10,0.26495608286170735,6.791897788643837
21,mean,15,short,0.06319449841976166,6.319449841976166,15,9,9,short,-1.1087993772525202,13,0.2516512486591992,6.267654597759247
21,mean,15,either,0.0702812597155571,7.02812597155571,16,7,7,long,0.38649090442721623,10,0.26495608286170735,6.791897788643837
21,mean,30,long,0.04757259413599968,4.757259413599968,35,11,13,long,0.6738017703057788,34,1.3958987343362201,4.579715393483639
21,mean,30,short,0.04133675992488861,4.133675992488861,30,8,8,short,-1.2241729295651451,20,-0.46765404529096766,3.9605890214443202
21,mean,30,either,0.04757259413599968,4.757259413599968,35,11,13,long,0.6738017703057788,34,1.3958987343362201,4.579715393483639
21,mean,60,long,0.03140959143638611,3.140959143638611,61,13,13,long,1.5021302052917942,42,0.8873332740992163,2.9701124131679535
21,mean,60,short,0.026908664032816887,2.6908664032816887,60,11,13,short,0.20506806449422252,53,-0.07602576656031594,2.574553471058607
21,mean,60,either,0.03140959143638611,3.140959143638611,61,13,13,long,1.5021302052917942,42,0.8873332740992163,2.9701124131679535
21,fpos,15,long,1.0351406298577785,7.02812597155571,16,7,7,long,0.38649090442721623,10,1.31418676989199,6.7064642906188965
21,fpos,15,short,1.0315972492098808,6.319449841976166,15,9,9,short,-1.1087993772525202,13,0.2516512486591992,6.267654597759247
21,fpos,15,either,1.0351406298577785,7.02812597155571,16,7,7,long,0.38649090442721623,10,1.31418676989199,6.7064642906188965
21,fpos,30,long,1.0209563411772251,4.191268235445023,31,10,10,long,3.0161969968561144,23,0.053012908041424944,4.088014625012875
21,fpos,30,short,1.0206683799624443,4.133675992488861,30,8,8,short,-1.2241729295651451,20,-0.4496630917750052,3.943481147289276
21,fpos,30,either,1.0209563411772251,4.191268235445023,31,10,10,long,3.0161969968561144,23,0.24704671523027344,4.104430861771107
21,fpos,60,long,1.015704795718193,3.140959143638611,61,13,13,long,1.5021302052917942,42,0.7972395835973289,2.6829505153000355
21,fpos,60,short,1.012457069940865,2.491413988173008,60,14,14,short,-0.07545872404410607,75,-0.1630349889024646,2.2638583928346634
21,fpos,60,either,1.015704795718193,3.140959143638611,61,13,13,long,1.5021302052917942,42,0.7972395835973289,2.6829505153000355
21,worst,15,long,0.04135077819228172,5.77375702559948,15,7,7,long,3.1460098318785836,3,2.4931842864190883,5.340851210057735
21,worst,15,short,0.04071618244051933,4.470724985003471,15,6,6,short,-2.55155758919976,1,1.00832253507149,4.857623763382435
21,worst,15,either,0.04135077819228172,5.77375702559948,15,7,7,long,3.1460098318785836,3,1.3527660271781705,5.040565207600594
21,worst,30,long,0.024375131353735924,2.929394692182541,31,6,6,long,0.19675021993416758,59,0.6848706351380486,3.063262552022934
21,worst,30,short,0.027452906593680382,3.599395230412483,30,7,7,short,0.008294962035865229,55,-0.15099003362064367,3.3493329770863056
21,worst,30,either,0.027452906593680382,3.599395230412483,30,7,7,short,0.008294962035865229,55,-0.06049227055054051,3.312724102288485
21,worst,60,long,0.013038290664553642,1.5816451981663704,60,7,7,long,0.8044492391000724,137,0.4800155551102994,1.7985054571181536
21,worst,60,short,0.011235623620450497,2.143804356455803,60,6,6,short,,0,1.173795004670724,1.9635626487433908
21,worst,60,either,0.013038290664553642,1.5816451981663704,60,7,7,long,0.8044492391000724,137,0.4800155551102994,1.7985054571181536
22,mean,15,long,0.08098622411489487,8.098622411489487,15,6,6,long,-0.7193076659258337,20,-0.8962939631020115,7.846075519919396
22,mean,15,short,0.06498701125383377,6.498701125383377,15,9,9,short,-1.5669286626250247,7,-0.2238184690181601,6.192361265420914
22,mean,15,either,0.08098622411489487,8.098622411489487,15,6,6,long,-0.7193076659258337,20,-0.8962939631020115,7.846075519919396
22,mean,30,long,0.055361781269311905,5.5361781269311905,31,9,10,long,-0.32249275773333336,35,-0.19420225205417813,5.30241534113884
22,mean,30,short,0.042097821831703186,4.209782183170319,31,9,9,short,-0.11338951773546789,36,-1.0574276166744963,4.087233692407608
22,mean,30,either,0.055361781269311905,5.5361781269311905,31,9,10,long,-0.32249275773333336,35,-0.19420225205417813,5.30241534113884
22,mean,60,long,0.03381282836198807,3.3812828361988068,61,8,12,long,-0.7538849401420901,64,-0.6992740317883532,3.314066082239151
22,mean,60,short,0.027674498036503792,2.767449803650379,60,11,14,short,-0.2979927062830746,32,-0.8453665337321318,2.619013749063015
22,mean,60,either,0.03381282836198807,3.3812828361988068,61,8,12,long,-0.7538849401420901,64,-0.6992740317883532,3.314066082239151
22,fpos,15,long,1.0404931120574474,8.098622411489487,15,6,6,long,-0.7193076659258337,20,-0.8082577295356786,7.842240780591965
22,fpos,15,short,1.0324935056269169,6.498701125383377,15,9,9,short,-1.5669286626250247,7,-0.15532095560601755,6.181272678077221
22,fpos,15,either,1.0404931120574474,8.098622411489487,15,6,6,long,-0.7193076659258337,20,-0.8082577295356786,7.842240780591965
22,fpos,30,long,1.0271420534700155,5.428410694003105,30,8,8,long,-0.5901823040774782,39,-0.48152278992222824,5.064586326479912
22,fpos,30,short,1.0210489109158516,4.209782183170319,31,9,9,short,-0.11338951773546789,36,-1.2554635164057393,4.078991264104843
22,fpos,30,either,1.0271420534700155,5.428410694003105,30,8,8,long,-0.5901823040774782,39,-0.48152278992222824,5.064586326479912
22,fpos,60,long,1.016113642603159,3.22272852063179,63,10,10,long,-1.1482763571463994,66,-1.1742873930780329,3.0822663381695747
22,fpos,60,short,1.0128891495987773,2.577829919755459,60,11,11,short,0.36849169259747594,32,0.6950031352726007,2.521584816277027
22,fpos,60,either,1.016113642603159,3.22272852063179,63,10,10,long,-1.1482763571463994,66,-1.1742873930780329,3.0822663381695747
22,worst,15,long,0.04461069777607918,7.129549980163574,15,6,6,long,-0.3968882231783287,26,1.8204178583081758,6.175967566668987
22,worst,15,short,0.043210964649915695,5.109788477420807,15,6,6,short,-0.8893430551728482,8,-0.34824301829129617,5.01761369407177
22,worst,15,either,0.04461069777607918,7.129549980163574,15,6,6,long,-0.3968882231783287,26,-0.5128458411462157,5.270308889448643
22,worst,30,long,0.025224940851330757,3.3580798655748367,32,6,6,long,-0.034821353373604376,43,0.22989314251950693,3.3243264630436897
22,worst,30,short,0.028522402048110962,3.6367762833833694,30,6,6,short,-1.402078103414616,14,-0.7245515371700129,3.5731906071305275
22,worst,30,either,0.028522402048110962,3.6367762833833694,30,6,6,short,-1.402078103414616,14,0.10117719578877546,3.3039775863289838
22,worst,60,long,0.01652681641280651,2.6367003098130226,61,9,9,long,-0.7074480915464748,63,-0.7142930509059474,2.452354058623314
22,worst,60,short,0.013630653731524944,1.8737459555268288,62,6,6,short,-0.04858735917493903,4,2.0660984911166995,2.205516267567873
22,worst,60,either,0.01652681641280651,2.6367003098130226,61,9,9,long,-0.7074480915464748,63,-0.7142930509059474,2.452354058623314
23,mean,15,long,0.06696615368127823,6.696615368127823,15,7,7,long,0.6922192955808928,14,-0.9750943369842162,6.438641622662544
23,mean,15,short,0.07717491686344147,7.717491686344147,15,7,7,short,-2.381356705363248,20,-1.6914066086974482,7.233827412128449
23,mean,15,either,0.07717491686344147,7.717491686344147,15,7,7,short,-2.381356705363248,20,-1.6914066086974482,7.233827412128449
23,mean,30,long,0.04656991362571716,4.656991362571716,31,9,11,long,-1.3470302245714503,27,-0.854409343113003,4.48633287101984
23,mean,30,short,0.05093006417155266,5.093006417155266,30,10,10,short,0.7527238811062782,75,0.11173588968911145,4.829063788056374
23,mean,30,either,0.05093006417155266,5.093006417155266,30,10,10,short,0.7527238811062782,75,-0.03344444531794666,4.830754920840263
23,mean,60,long,0.03245013952255249,3.245013952255249,63,12,12,long,-1.0407198794046728,62,-0.7859066745777802,2.9976870492100716
23,mean,60,short,0.030421137809753418,3.042113780975342,60,10,12,short,0.3772626683509724,68,0.1036838415871435,2.8042826429009438
23,mean,60,either,0.03245013952255249,3.245013952255249,63,12,12,long,-1.0407198794046728,62,-0.6296453488780563,3.0305581726133823
23,fpos,15,long,1.0334830768406391,6.696615368127823,15,7,7,long,0.6922192955808928,14,-1.069997722974305,6.419072970747948
23,fpos,15,short,1.0385874584317207,7.717491686344147,15,7,7,short,-2.381356705363248,20,-1.7678571650460595,7.1264850348234186
23,fpos,15,either,1.0385874584317207,7.717491686344147,15,7,7,short,-2.381356705363248,20,-1.7678571650460595,7.1264850348234186
23,fpos,30,long,1.0224033650010824,4.480673000216484,30,6,6,long,-1.2575485605455647,30,-0.29891816378483155,4.34474054723978
23,fpos,30,short,1.0254650320857763,5.093006417155266,30,10,10,short,0.7527238811062782,75,0.11173588968911145,4.829063788056374
23,fpos,30,either,1.0254650320857763,5.093006417155266,30,10,10,short,0.7527238811062782,75,0.11173588968911145,4.829063788056374
23,fpos,60,long,1.0162250697612762,3.245013952255249,63,12,12,long,-1.0407198794046728,62,-0.7268812360801602,2.8703542798757553
23,fpos,60,short,1.0127671342343092,2.5534268468618393,60,8,8,short,0.4854708019195646,80,0.09436568607058868,2.5013544224202633
23,fpos,60,either,1.0162250697612762,3.245013952255249,63,12,12,long,-1.0407198794046728,62,-0.7268812360801602,2.8703542798757553
23,worst,15,long,0.039540715515613556,5.87661899626255,17,6,6,long,-0.5709888125384057,17,-0.03014162126717724,5.619173385202885
23,worst,15,short,0.051960110664367676,6.237533316016197,15,6,6,short,-0.25051430690193865,56,-0.6513690621556567,6.0077932849526405
23,worst,15,either,0.051960110664367676,6.237533316016197,15,6,6,short,-0.25051430690193865,56,-0.6513690621556567,6.0077932849526405
23,worst,30,long,0.028480524197220802,3.9489850401878357,34,9,9,long,-0.6989529708267969,50,-0.7374022681370745,3.649528883397579
23,worst,30,short,0.028672948479652405,3.8844000548124313,35,7,7,short,0.24447689425624855,28,0.16074927290666646,3.730184659361839
23,worst,30,either,0.028672948479652405,3.8844000548124313,35,7,7,short,0.24447689425624855,28,-0.2050007622655991,3.743178136646748
23,worst,60,long,0.011538483202457428,1.610783115029335,64,7,7,long,-0.14859675300180683,112,0.15731371831889385,2.197963558137417
23,worst,60,short,0.016804149374365807,2.3313581943511963,60,10,10,short,0.22261766604104435,74,0.5425246426727672,1.8062619492411613
23,worst,60,either,0.016804149374365807,2.3313581943511963,60,10,10,short,0.22261766604104435,74,0.11135808320522923,2.0782555732876062
24,mean,15,long,0.06869082152843475,6.869082152843475,15,8,9,long,-1.1431967236966794,15,-0.5840869122407853,6.678173840045928
24,mean,15,short,0.06829901039600372,6.829901039600372,15,7,7,short,0.024956211055870654,15,0.1848654753453955,6.506844237446785
24,mean,15,either,0.06869082152843475,6.869082152843475,15,8,9,long,-1.1431967236966794,15,-0.16741766784097042,6.750901862978935
24,mean,30,long,0.045088667422533035,4.5088667422533035,31,7,10,long,-3.8301366523153266,13,-1.5026178285970626,4.413106217980385
24,mean,30,short,0.042830418795347214,4.283041879534721,30,6,7,short,2.1440257051026035,11,0.07089197614693057,4.18626956641674
24,mean,30,either,0.045088667422533035,4.5088667422533035,31,7,10,long,-3.8301366523153266,13,-1.5026178285970626,4.413106217980385
24,mean,60,long,0.033805299550294876,3.3805299550294876,63,10,13,long,-1.5415154780989908,86,-1.0062210452556954,3.243780881166458
24,mean,60,short,0.029971174895763397,2.9971174895763397,60,11,11,short,0.5074639403423863,38,0.3632770689504342,2.8042378276586533
24,mean,60,either,0.033805299550294876,3.3805299550294876,63,10,13,long,-1.5415154780989908,86,-1.0062210452556954,3.243780881166458
24,fpos,15,long,1.0341769307851791,6.835386157035828,17,8,8,long,0.2757838634429839,26,-0.5049120585898201,6.519035026431083
24,fpos,15,short,1.0341495051980019,6.829901039600372,15,7,7,short,0.024956211055870654,15,0.32398105419923584,6.401452645659448
24,fpos,15,either,1.0341769307851791,6.835386157035828,17,8,8,long,0.2757838634429839,26,-0.19442852383388065,6.6360219568014145
24,fpos,30,long,1.0217796582728624,4.355931654572487,30,6,6,long,-2.1166083910862206,41,-0.7895059966548745,4.20848585665226
24,fpos,30,short,1.021000413224101,4.200082644820213,30,11,11,short,-0.2245770872823001,37,-0.4500537462808772,4.085693657398224
24,fpos,30,either,1.0217796582728624,4.355931654572487,30,6,6,long,-2.1166083910862206,41,-0.8239159982213242,4.2163410410285
24,fpos,60,long,1.0149574810639024,2.9914962127804756,62,13,13,long,-0.9225230167686619,85,-0.38607199750653853,2.678040638566017
24,fpos,60,short,1.0149855874478817,2.9971174895763397,60,11,11,short,0.5074639403423863,38,0.4632054704210036,2.707878965884447
24,fpos,60,either,1.0149855874478817,2.9971174895763397,60,11,11,short,0.5074639403423863,38,0.2606468154897015,2.822957579046488
24,worst,15,long,0.04004892334342003,5.510655418038368,16,6,6,long,-2.3623271480150936,31,0.1478757796258985,5.566603243350983
24,worst,15,short,0.04218676686286926,6.628182530403137,15,7,7,short,0.7107666621736463,13,0.6238760675132349,5.117524452507496
24,worst,15,either,0.04218676686286926,6.628182530403137,15,7,7,short,0.7107666621736463,13,-0.1979182493113512,5.25268092751503
24,worst,30,long,0.02570648491382599,4.355931654572487,30,6,6,long,-2.1166083910862206,41,-1.6503811172967613,3.364418111741543
24,worst,30,short,0.025190923362970352,3.5894758999347687,34,8,8,short,-0.035852216333124805,17,1.0369123372236573,3.115704543888569
24,worst,30,either,0.02570648491382599,4.355931654572487,30,6,6,long,-2.1166083910862206,41,-0.7365729315388811,3.2781431637704377
24,worst,60,long,0.0123060317710042,2.0232634618878365,71,7,7,long,-0.7797870550240525,76,-0.7500142724915126,1.7896505631506445
24,worst,60,short,0.009835495613515377,2.0358456298708916,60,11,11,short,4.301796409204076,3,0.27790088923004713,1.6627664584666488
24,worst,60,either,0.0123060317710042,2.0232634618878365,71,7,7,long,-0.7797870550240525,76,-0.12268250456557259,1.8901726603507993
25,mean,15,long,0.0713556557893753,7.1355655789375305,15,6,6,long,-0.166197588162706,16,-2.6222141482075396,6.635578200221063
25,mean,15,short,0.07615474611520767,7.615474611520767,15,7,7,short,-3.4224639601958455,9,-2.2317907748759307,7.268054485321045
25,mean,15,either,0.07615474611520767,7.615474611520767,15,7,7,short,-3.4224639601958455,9,-2.2317907748759307,7.268054485321045
25,mean,30,long,0.05317939445376396,5.317939445376396,30,6,8,long,-0.3759527169648647,20,-0.837076478510978,5.124459899961948
25,mean,30,short,0.05428575724363327,5.428575724363327,31,13,14,short,-0.8979087800728021,31,-1.08916868546429,4.846598282456398
25,mean,30,either,0.05428575724363327,5.428575724363327,31,13,14,short,-0.8979087800728021,31,-0.8888978184883172,5.161794275045395
25,mean,60,long,0.030594145879149437,3.0594145879149437,62,7,12,long,0.17370660416925035,36,-0.7050410865703194,2.9916058480739594
25,mean,60,short,0.031129904091358185,3.1129904091358185,64,9,10,short,-0.47973460335735946,47,-0.9457322189575356,3.0328529700636864
25,mean,60,either,0.031129904091358185,3.1129904091358185,64,9,10,short,-0.47973460335735946,47,-0.617395290640072,3.0418603867292404
25,fpos,15,long,1.0356778278946877,7.1355655789375305,15,6,6,long,-0.166197588162706,16,-1.2875755499840487,6.565432175993919
25,fpos,15,short,1.0380773730576038,7.615474611520767,15,7,7,short,-3.4224639601958455,9,-1.659461170045914,7.158833965659142
25,fpos,15,either,1.0380773730576038,7.615474611520767,15,7,7,short,-3.4224639601958455,9,-1.3092731488540694,7.1824757009744635
25,fpos,30,long,1.0246257297694683,4.9251459538936615,36,6,6,long,-1.6442217135912343,19,-1.316135446871442,4.7231850400567055
25,fpos,30,short,1.0233521796762943,4.670435935258865,30,9,9,short,-1.546260171853336,20,-0.8070713637835927,4.5891522988677025
25,fpos,30,either,1.0246257297694683,4.9251459538936615,36,6,6,long,-1.6442217135912343,19,-1.3813735446159459,4.729107953608036
25,fpos,60,long,1.0126729793846607,2.534595876932144,62,8,8,long,-0.16500871731860228,74,-0.06453661550255943,2.376036699861288
25,fpos,60,short,1.0152676552534103,3.053531050682068,61,11,11,short,-0.4763209989327402,33,-0.7682231720502548,2.833602409809828
25,fpos,60,either,1.0152676552534103,3.053531050682068,61,11,11,short,-0.4763209989327402,33,-0.7682231720502548,2.833602409809828
25,worst,15,long,0.042475536465644836,5.953606590628624,15,6,6,long,1.2363132641616232,8,-2.2086482773673577,5.336515977978706
25,worst,15,short,0.04605764523148537,5.827880650758743,15,7,7,short,-0.4988183142569615,10,-1.218079599528213,5.818960182368755
25,worst,15,either,0.04605764523148537,5.827880650758743,15,7,7,short,-0.4988183142569615,10,-0.8556877465668156,5.86100347340107
25,worst,30,long,0.027640661224722862,3.832685202360153,30,7,7,long,-2.5626605207586066,21,-2.106934747387674,3.8156530261039734
25,worst,30,short,0.02670878730714321,3.114779107272625,32,6,6,short,-1.3722552105593848,20,-1.128401064818209,3.595513328909874
25,worst,30,either,0.027640661224722862,3.832685202360153,30,7,7,long,-2.5626605207586066,21,-1.5532879246232385,3.474300503730774
25,worst,60,long,0.013210168108344078,1.7078155651688576,66,7,7,long,-0.9335989858382904,88,-0.7930996703310464,1.657466161996126
25,worst,60,short,0.016598965972661972,2.427498623728752,63,8,8,short,-1.9787555806800836,24,-0.8536104345186087,2.4841934628784657
25,worst,60,either,0.016598965972661972,2.427498623728752,63,8,8,short,-1.9787555806800836,24,-0.9387707697790246,2.310842387378216
26,mean,15,long,0.07804100215435028,7.804100215435028,15,6,6,long,-1.3333373064982414,1,-1.114938764610861,7.690494358539582
26,mean,15,short,0.06361765414476395,6.361765414476395,15,6,7,short,-0.2667763121496506,2,1.279591987387722,6.191096156835556
26,mean,15,either,0.07804100215435028,7.804100215435028,15,6,6,long,-1.3333373064982414,1,-1.114938764610861,7.690494358539582
26,mean,30,long,0.0524776354432106,5.24776354432106,30,7,10,long,1.3466520436987193,35,0.6880324543300496,5.011272579431534
26,mean,30,short,0.04202345758676529,4.202345758676529,31,9,11,short,0.7207095705499829,12,0.543937980182535,3.9752647280693054
26,mean,30,either,0.0524776354432106,5.24776354432106,30,7,10,long,1.3466520436987193,35,0.6880324543300496,5.011272579431534
26,mean,60,long,0.03630119189620018,3.630119189620018,60,7,8,long,0.4814548988810116,87,0.2831897815437144,3.5386480763554573
26,mean,60,short,0.02859954722225666,2.859954722225666,60,6,7,short,,0,,2.692116554826498
26,mean,60,either,0.03630119189620018,3.630119189620018,60,7,8,long,0.4814548988810116,87,0.2831897815437144,3.5386480763554573
26,fpos,15,long,1.0390205010771751,7.804100215435028,15,6,6,long,,0,-1.114938764610861,7.690494358539582
26,fpos,15,short,1.0316617339849472,6.332346796989441,15,6,6,short,-0.480826363832299,13,0.27060604115208176,6.07147753238678
26,fpos,15,either,1.0390205010771751,7.804100215435028,15,6,6,long,,0,-1.114938764610861,7.690494358539582
26,fpos,30,long,1.0256394483149052,5.127889662981033,30,9,9,long,0.2351387951751297,28,-0.11354012903183465,4.927829280495644
26,fpos,30,short,1.0189823750406504,3.7964750081300735,33,7,7,short,,0,-0.27531177926761397,3.6666255071759224
26,fpos,30,either,1.0256394483149052,5.127889662981033,30,9,9,long,0.2351387951751297,28,-0.11354012903183465,4.927829280495644
26,fpos,60,long,1.0179694592952728,3.5938918590545654,63,7,7,long,-0.45173449892519707,159,0.2247040633928986,3.43492828309536
26,fpos,60,short,1.013544524088502,2.708904817700386,64,7,7,short,,0,,2.464570701122284
26,fpos,60,either,1.0179694592952728,3.5938918590545654,63,7,7,long,-0.45173449892519707,159,0.2247040633928986,3.43492828309536
26,worst,15,long,0.04879869893193245,6.153737381100655,15,8,8,long,-2.804636519630284,9,-1.0389135599940216,6.185431629419327
26,worst,15,short,0.04106141999363899,5.0559889525175095,15,6,6,short,4.5465986389833954,3,2.9681400660750374,4.983749240636826
26,worst,15,either,0.04879869893193245,6.153737381100655,15,8,8,long,-2.804636519630284,9,-1.0389135599940216,6.185431629419327
26,worst,30,long,0.030654234811663628,4.606357589364052,31,7,7,long,1.0882381210836565,52,0.5683980446341946,3.8139435090124607
26,worst,30,short,0.025693809613585472,2.788848988711834,32,6,6,short,0.21631904767258564,37,0.21240561276052972,2.6507851853966713
26,worst,30,either,0.030654234811663628,4.606357589364052,31,7,7,long,1.0882381210836565,52,0.5888957327926816,3.5365335829555993
26,worst,60,long,0.020048042759299278,2.8238531202077866,64,7,7,long,0.28858993539702277,193,0.008586994124547033,2.580390051007271
26,worst,60,short,0.015686416998505592,2.2863127291202545,63,6,6,short,-1.2272736482610598,1,0.15055073770682947,1.8773274682462215
26,worst,60,either,0.020048042759299278,2.8238531202077866,64,7,7,long,0.28858993539702277,193,0.008586994124547033,2.580390051007271
27,mean,15,long,0.06658830493688583,6.658830493688583,15,6,6,long,2.08569805628783,17,0.25136726361552586,6.3577720522880545
27,mean,15,short,0.06250466406345367,6.250466406345367,20,8,10,short,1.0183052091199887,18,1.2319225625852308,6.106605939567089
27,mean,15,either,0.06658830493688583,6.658830493688583,15,6,6,long,2.08569805628783,17,0.36884822133026074,6.360192112624645
27,mean,30,long,0.04587453976273537,4.587453976273537,30,10,10,long,1.1343416362356067,34,0.9382015870096578,4.389077164232731
27,mean,30,short,0.045391447842121124,4.539144784212112,30,8,9,short,1.7937465065489138,28,0.19995142992531326,4.203055091202259
27,mean,30,either,0.04587453976273537,4.587453976273537,30,10,10,long,1.1343416362356067,34,0.9898068991536307,4.418844170868397
27,mean,60,long,0.028423042967915535,2.8423042967915535,60,10,13,long,0.33419788855693155,39,0.10748031612976441,2.673367001116276
27,mean,60,short,0.028252001851797104,2.8252001851797104,61,11,13,short,-0.7172251548722383,33,-2.30304687565824,2.7417915128171444
27,mean,60,either,0.028423042967915535,2.8423042967915535,60,10,13,long,0.33419788855693155,39,-2.0609261593081416,2.7695841901004314
27,fpos,15,long,1.033294152468443,6.658830493688583,15,6,6,long,2.08569805628783,17,-0.10640010446157679,6.279342472553254
27,fpos,15,short,1.030842101201415,6.168420240283012,16,7,7,short,2.8355168265780653,11,1.3373708255711196,6.06046985834837
27,fpos,15,either,1.033294152468443,6.658830493688583,15,6,6,long,2.08569805628783,17,0.6728207240540631,6.286005601286888
27,fpos,30,long,1.0229372698813677,4.587453976273537,30,10,10,long,1.1343416362356067,34,0.0960018336366797,3.9912420138716693
27,fpos,30,short,1.019653057679534,3.9306115359067917,30,8,8,short,2.1076393318029787,27,1.2129417882946334,3.8678761944174767
27,fpos,30,either,1.0229372698813677,4.587453976273537,30,10,10,long,1.1343416362356067,34,0.9309421771788376,4.065642990171909
27,fpos,60,long,1.0130450781434774,2.609015628695488,65,12,12,long,0.2816954745191251,94,0.04204431739984641,2.4962833523750305
27,fpos,60,short,1.0138062359765172,2.76124719530344,64,7,7,short,-7.860848199237604,1,-1.6929122575952755,2.6590580120682716
27,fpos,60,either,1.0138062359765172,2.76124719530344,64,7,7,short,-7.860848199237604,1,-1.6130657804827266,2.659670915454626
27,worst,15,long,0.03623661771416664,4.87595796585083,17,6,6,long,-2.6820230839178336,13,-1.4088264988342938,4.727969206869602
27,worst,15,short,0.043210964649915695,6.112544238567352,15,6,6,short,2.1377771627298348,10,2.222957068732565,5.381527878344059
27,worst,15,either,0.043210964649915695,6.112544238567352,15,6,6,short,2.1377771627298348,10,2.222957068732565,5.381527878344059
27,worst,30,long,0.023776736110448837,4.587453976273537,30,10,10,long,1.1343416362356067,34,-0.07549242879497421,3.3027207478880882
27,worst,30,short,0.028433220461010933,3.8016270846128464,31,7,7,short,4.28893048942477,17,2.5420512766876024,3.3308978937566276
27,worst,30,either,0.028433220461010933,3.8016270846128464,31,7,7,short,4.28893048942477,17,2.5420512766876024,3.3308978937566276
27,worst,60,long,0.013259348459541798,1.9669655710458755,67,6,6,long,0.007122708346190613,168,-0.2446147870638419,1.7318479157984255
27,worst,60,short,0.017667239531874657,2.5998326018452644,70,6,6,short,-0.1767246028037542,4,-0.8380591746112698,2.290948797017336
27,worst,60,either,0.017667239531874657,2.5998326018452644,70,6,6,short,-0.1767246028037542,4,-0.7204592665719975,2.2663214802742004
28,mean,15,long,0.06528297811746597,6.528297811746597,15,7,7,long,-1.9912262169562978,15,-1.6413191696155134,6.48273579776287
28,mean,15,short,0.06835458427667618,6.835458427667618,17,6,6,short,-1.201603870863196,29,-1.0826951193518222,6.686009168624878
28,mean,15,either,0.06835458427667618,6.835458427667618,17,6,6,short,-1.201603870863196,29,-1.0826951193518222,6.686009168624878
28,mean,30,long,0.04392644390463829,4.392644390463829,30,7,7,long,-1.1206727307092175,25,-1.1936302352629713,4.212535619735718
28,mean,30,short,0.047691307961940765,4.7691307961940765,31,8,9,short,0.3569071974914264,25,0.27152820851755166,4.602595716714859
28,mean,30,either,0.047691307961940765,4.7691307961940765,31,8,9,short,0.3569071974914264,25,0.27152820851755166,4.602595716714859
28,mean,60,long,0.02992238849401474,2.992238849401474,60,12,14,long,-0.6626965371371083,48,-0.31489894930746876,2.716224305331707
28,mean,60,short,0.03340678662061691,3.3406786620616913,60,13,13,short,-0.8183109525885978,63,-0.27987118032317465,2.9165898077189922
28,mean,60,either,0.03340678662061691,3.3406786620616913,60,13,13,short,-0.8183109525885978,63,-0.3617874770513519,2.932575438171625
28,fpos,15,long,1.032641489058733,6.528297811746597,15,7,7,long,-1.9912262169562978,15,-1.5953650844407492,6.48273579776287
28,fpos,15,short,1.034177292138338,6.835458427667618,17,6,6,short,-1.201603870863196,29,-1.076751110802552,6.522334665060043
28,fpos,15,either,1.034177292138338,6.835458427667618,17,6,6,short,-1.201603870863196,29,-1.4049540315918148,6.576924026012421
28,fpos,30,long,1.0219632219523191,4.392644390463829,30,7,7,long,-1.1206727307092175,25,-0.6810646794625685,4.156315512955189
28,fpos,30,short,1.0220539290457964,4.410785809159279,36,10,10,short,0.8367490936190686,33,-0.2506804399474631,4.220930263400078
28,fpos,30,either,1.0220539290457964,4.410785809159279,36,10,10,short,0.8367490936190686,33,-0.4282528646691666,4.2548684030771255
28,fpos,60,long,1.013535707257688,2.707141451537609,62,11,11,long,-0.5133471366462662,88,0.027100730953781068,2.4891561083495617
28,fpos,60,short,1.0167033933103085,3.3406786620616913,60,13,13,short,-0.8183109525885978,63,-0.5801852515917447,2.874447889626026
28,fpos,60,either,1.0167033933103085,3.3406786620616913,60,13,13,short,-0.8183109525885978,63,-0.5801852515917447,2.874447889626026
28,worst,15,long,0.035871174186468124,5.854475498199463,18,9,9,long,0.026129969632231128,24,-0.42720454808276365,4.492090232670307
28,worst,15,short,0.04262205585837364,4.9919188022613525,18,7,7,short,-1.1495802171778564,9,-0.03826637864788114,5.006909109652042
28,worst,15,either,0.04262205585837364,4.9919188022613525,18,7,7,short,-1.1495802171778564,9,-0.03826637864788114,5.006909109652042
28,worst,30,long,0.025624191388487816,2.9568348079919815,31,6,6,long,-0.1980149411110326,78,0.29593284312856305,3.324452340602875
28,worst,30,short,0.022976329550147057,3.2145917415618896,37,6,6,short,2.799730704924577,1,0.2946876927584269,3.007400743663311
28,worst,30,either,0.025624191388487816,2.9568348079919815,31,6,6,long,-0.1980149411110326,78,0.29593284312856305,3.324452340602875
28,worst,60,long,0.011802381835877895,1.6452185809612274,81,11,11,long,0.4506705965140679,108,0.7449427352672939,2.114630416035652
28,worst,60,short,0.01608501747250557,2.2731177508831024,67,6,6,short,4.819009623827456,3,2.5895412182483164,2.174887638539076
28,worst,60,either,0.01608501747250557,2.2731177508831024,67,6,6,short,4.819009623827456,3,2.5895412182483164,2.174887638539076
29,mean,15,long,0.06841394305229187,6.841394305229187,15,5,6,long,-1.2478313725234356,10,-0.04222998507613991,6.662857234477997
29,mean,15,short,0.0675518810749054,6.7551881074905396,15,5,7,short,-1.3956446372085065,8,-0.6849651180844069,6.598641574382783
29,mean,15,either,0.06841394305229187,6.841394305229187,15,5,6,long,-1.2478313725234356,10,-0.49038914715906073,6.693708151578903
29,mean,30,long,0.04636017233133316,4.636017233133316,33,10,10,long,-0.5599843454147383,29,-0.30218411411352164,4.4879500940442085
29,mean,30,short,0.04866880550980568,4.866880550980568,30,10,10,short,0.31877885381248633,73,0.5217864003393325,4.451159350574017
29,mean,30,either,0.04866880550980568,4.866880550980568,30,10,10,short,0.31877885381248633,73,-0.17838650531713476,4.567142575979233
29,mean,60,long,0.029483025893568993,2.9483025893568993,60,7,9,long,-0.46074613552329247,78,-0.5176336805864693,2.8231348283588886
29,mean,60,short,0.030204571783542633,3.0204571783542633,60,6,6,short,1.729931722895365,20,0.5111143557501194,2.8827051259577274
29,mean,60,either,0.030204571783542633,3.0204571783542633,60,6,6,short,1.729931722895365,20,0.5735612963113379,2.901920862495899
29,fpos,15,long,1.0339800715446472,6.796014308929443,15,7,7,long,-2.8801441224699675,5,-0.4843016723896109,6.486141830682754
29,fpos,15,short,1.0329705625772476,6.594112515449524,15,8,8,short,-0.4416740224460634,12,-0.6725187796045843,6.580362915992737
29,fpos,15,either,1.0339800715446472,6.796014308929443,15,7,7,long,-2.8801441224699675,5,-0.8290799778303899,6.619226485490799
29,fpos,30,long,1.0231800861656666,4.636017233133316,33,10,10,long,-0.5599843454147383,29,-0.8711682253758299,4.3315839767456055
29,fpos,30,short,1.0243344027549028,4.866880550980568,30,10,10,short,0.31877885381248633,73,0.5439294237946474,4.373404644429684
29,fpos,30,either,1.0243344027549028,4.866880550980568,30,10,10,short,0.31877885381248633,73,-0.025319588713391728,4.4370246678590775
29,fpos,60,long,1.0136647187173367,2.732943743467331,60,8,8,long,-0.5752580937625105,123,-0.503284317830722,2.5779900327324867
29,fpos,60,short,1.0151022858917713,3.0204571783542633,60,6,6,short,1.729931722895365,20,-0.344996937980854,2.866502460092306
29,fpos,60,either,1.0151022858917713,3.0204571783542633,60,6,6,short,1.729931722895365,20,-0.344996937980854,2.866502460092306
29,worst,15,long,0.04143616557121277,5.866200104355812,15,6,6,long,-0.2060758970204793,12,0.07131438628667448,5.8585550636053085
29,worst,15,short,0.04128727316856384,4.585022106766701,16,6,6,short,1.4606010307882467,15,0.6114525298496888,4.706833362579346
29,worst,15,either,0.04143616557121277,5.866200104355812,15,6,6,long,-0.2060758970204793,12,0.3234381795655286,5.395106039941311
29,worst,30,long,0.02300192415714264,3.0803950503468513,34,7,7,long,-1.6288490169133467,34,-0.8684097522865132,2.710484005510807
29,worst,30,short,0.027647722512483597,3.820217028260231,31,6,6,short,,0,0.4895254939739032,3.7030654586851597
29,worst,30,either,0.027647722512483597,3.820217028260231,31,6,6,short,,0,0.4895254939739032,3.7030654586851597
29,worst,60,long,0.013249784708023071,1.9671596586704254,63,7,7,long,-0.01825692110743227,143,0.030344881803592492,1.8680504430085418
29,worst,60,short,0.01831378974020481,2.8975624591112137,74,7,7,short,-4.235329817902401,3,-1.0374139817954457,2.650540955364704
29,worst,60,either,0.01831378974020481,2.8975624591112137,74,7,7,short,-4.235329817902401,3,-1.0374139817954457,2.650540955364704
30,mean,15,long,0.0672018900513649,6.72018900513649,15,9,9,long,-1.8983555233557652,20,-0.23201765963707194,6.5575969964265814
30,mean,15,short,0.06812907755374908,6.8129077553749084,15,10,11,short,-2.293331410617601,11,0.8561750973706952,6.655784323811531
30,mean,15,either,0.06812907755374908,6.8129077553749084,15,10,11,short,-2.293331410617601,11,0.9039941149817373,6.684618890285492
30,mean,30,long,0.05000634118914604,5.000634118914604,30,7,7,long,-0.4642086156345425,52,-0.7001929780148594,4.730755649507046
30,mean,30,short,0.04806986451148987,4.806986451148987,34,11,11,short,-0.21429617493821307,45,-0.34575659349456456,4.614773914217949
30,mean,30,either,0.05000634118914604,5.000634118914604,30,7,7,long,-0.4642086156345425,52,-0.6012272353003316,4.761418327689171
30,mean,60,long,0.03188183158636093,3.188183158636093,60,11,13,long,-0.8305653073990122,74,-0.7771739471785495,3.0654128827154636
30,mean,60,short,0.036192696541547775,3.6192696541547775,60,12,13,short,-0.233340066429614,95,-0.2956884257139534,3.4682280570268635
30,mean,60,either,0.036192696541547775,3.6192696541547775,60,12,13,short,-0.233340066429614,95,-0.2956884257139534,3.4682280570268635
30,fpos,15,long,1.0336009450256824,6.72018900513649,15,9,9,long,-1.8983555233557652,20,-0.23201765963707194,6.5575969964265814
30,fpos,15,short,1.0335754379630089,6.715087592601776,16,7,7,short,-0.4052040018785673,14,0.8231462413807751,6.600208431482316
30,fpos,15,either,1.0336009450256824,6.72018900513649,15,9,9,long,-1.8983555233557652,20,0.9688137222393419,6.660805419087409
30,fpos,30,long,1.025003170594573,5.000634118914604,30,7,7,long,-0.4642086156345425,52,-0.4268078766016258,4.631324484944344
30,fpos,30,short,1.024034932255745,4.806986451148987,34,11,11,short,-0.21429617493821307,45,-0.1516744600538518,4.5110465586185455
30,fpos,30,either,1.025003170594573,5.000634118914604,30,7,7,long,-0.4642086156345425,52,-0.4278657343406306,4.692091718316078
30,fpos,60,long,1.0150306355208158,3.00612710416317,61,12,12,long,-1.1154792395378124,51,-0.8603332891079483,2.8578269481658936
30,fpos,60,short,1.017590457573533,3.5180915147066116,60,13,13,short,-0.6101250530439495,91,0.8101872774780564,3.245038390159607
30,fpos,60,either,1.017590457573533,3.5180915147066116,60,13,13,short,-0.6101250530439495,91,0.8101872774780564,3.245038390159607
30,worst,15,long,0.04386470094323158,6.000858172774315,15,6,6,long,1.2209739686172176,24,-0.41986146242150624,5.881803035736084
30,worst,15,short,0.045937370508909225,5.771299824118614,16,7,7,short,-1.1735464054615428,18,-0.03060338550120986,5.6567782536149025
30,worst,15,either,0.045937370508909225,5.771299824118614,16,7,7,short,-1.1735464054615428,18,-0.43071030187449,5.765024870634079
30,worst,30,long,0.02963690273463726,3.5068590193986893,30,6,6,long,0.4025268173504893,28,-0.9024228389102249,3.688586875796318
30,worst,30,short,0.02859814465045929,4.1365910321474075,31,6,6,short,0.6680990788062146,3,-1.6922937472982065,3.5237190313637257
30,worst,30,either,0.02963690273463726,3.5068590193986893,30,6,6,long,0.4025268173504893,28,-0.9024228389102249,3.688586875796318
30,worst,60,long,0.015750259160995483,2.3707427084445953,60,9,9,long,-0.33764998978719757,89,-0.35521130230595827,2.3707427084445953
30,worst,60,short,0.016736729070544243,2.0835908129811287,83,6,6,short,1.4452739674679311,4,1.2192147489741556,2.3111328296363354
30,worst,60,either,0.016736729070544243,2.0835908129811287,83,6,6,short,1.4452739674679311,4,0.0013734891450675312,2.3027320578694344
31,mean,15,long,0.06359937787055969,6.359937787055969,15,8,8,long,-0.6012509063957452,7,-0.3802695192266879,6.198589168488979
31,mean,15,short,0.0681338757276535,6.81338757276535,18,9,9,short,0.276974702274127,27,0.851026961233842,6.29756610840559
31,mean,15,either,0.0681338757276535,6.81338757276535,18,9,9,short,0.276974702274127,27,-0.032435613245489506,6.354150883853435
31,mean,30,long,0.04527508094906807,4.527508094906807,30,8,10,long,-0.9999781151941229,25,0.47947525626648463,4.354717880487442
31,mean,30,short,0.04578440263867378,4.578440263867378,30,7,9,short,0.5020884142981348,32,0.9910308871949719,4.481342360377312
31,mean,30,either,0.04578440263867378,4.578440263867378,30,7,9,short,0.5020884142981348,32,0.7906719551126857,4.497448690235615
31,mean,60,long,0.029925541952252388,2.992554195225239,60,11,12,long,-0.5568276638072377,34,-0.42161357948501926,2.8011762723326683
31,mean,60,short,0.03435029461979866,3.435029461979866,67,11,12,short,0.14770421222139624,44,0.1293960230573922,3.1170369498431683
31,mean,60,either,0.03435029461979866,3.435029461979866,67,11,12,short,0.14770421222139624,44,0.0956915979170225,3.1272261776030064
31,fpos,15,long,1.0317996889352798,6.359937787055969,15,8,8,long,-1.3939739015444728,6,-0.24725104327555317,6.194388754665852
31,fpos,15,short,1.0340669378638268,6.81338757276535,18,9,9,short,0.276974702274127,27,0.9380570114296802,6.241510920226574
31,fpos,15,either,1.0340669378638268,6.81338757276535,18,9,9,short,0.276974702274127,27,-0.09023717115904537,6.323828883469104
31,fpos,30,long,1.022141169756651,4.428233951330185,35,9,9,long,1.400859621293097,33,1.0813110768761278,4.285541288554668
31,fpos,30,short,1.020759241655469,4.151848331093788,30,9,9,short,-1.4762924347654864,5,0.06614311501664127,4.045022241771221
31,fpos,30,either,1.022141169756651,4.428233951330185,35,9,9,long,1.400859621293097,33,0.885091469373404,4.286852218210697
31,fpos,60,long,1.013309153728187,2.661830745637417,62,10,10,long,-4.23065043704139,1,1.0960908341245645,2.5058101676404476
31,fpos,60,short,1.0143236722797155,2.8647344559431076,60,12,12,short,-0.2723073578673478,89,-0.058148295936349154,2.5882595032453537
31,fpos,60,either,1.0143236722797155,2.8647344559431076,60,12,12,short,-0.2723073578673478,89,-0.44762851501494527,2.6268991455435753
31,worst,15,long,0.037671156227588654,4.656744375824928,16,6,6,long,-1.7820193350280493,3,0.3109200937000186,4.505060948431492
31,worst,15,short,0.038610734045505524,5.736290663480759,17,7,7,short,1.9465199996905571,32,2.178825795692715,5.064723454415798
31,worst,15,either,0.038610734045505524,5.736290663480759,17,7,7,short,1.9465199996905571,32,2.178825795692715,5.064723454415798
31,worst,30,long,0.030062610283493996,3.9613090455532074,30,10,10,long,0.842900772431991,10,1.3465388534944187,3.636014312505722
31,worst,30,short,0.02932860516011715,3.6781087517738342,31,8,8,short,-0.08032518760257117,18,1.1056566609639324,3.130133152008056
31,worst,30,either,0.030062610283493996,3.9613090455532074,30,10,10,long,0.842900772431991,10,1.3176548043935161,3.2220975309610362
31,worst,60,long,0.011466404423117638,2.0248983055353165,75,7,7,long,-0.3182232538035535,4,-1.2270089708081264,1.9003334641456604
31,worst,60,short,0.015234329737722874,2.4193551391363144,64,8,8,short,-0.41390739540773874,69,0.5090796355205829,2.1258875727653503
31,worst,60,either,0.015234329737722874,2.4193551391363144,64,8,8,short,-0.41390739540773874,69,0.5090796355205829,2.1258875727653503
32,mean,15,long,0.07259072363376617,7.259072363376617,16,8,9,long,-1.2354050316261052,24,0.5732816280835834,6.929385736584663
32,mean,15,short,0.06443565338850021,6.443565338850021,15,10,10,short,4.363076806616014,18,1.982472833690762,6.202598363161087
32,mean,15,either,0.07259072363376617,7.259072363376617,16,8,9,long,-1.2354050316261052,24,0.5732816280835834,6.929385736584663
32,mean,30,long,0.04928178712725639,4.928178712725639,30,9,10,long,1.314935059321129,19,0.35500072769798957,4.7056156396865845
32,mean,30,short,0.043501630425453186,4.350163042545319,30,9,12,short,0.1368355326516101,31,1.6800119008259204,4.073764830827713
32,mean,30,either,0.04928178712725639,4.928178712725639,30,9,10,long,1.314935059321129,19,0.35500072769798957,4.7056156396865845
32,mean,60,long,0.03369079902768135,3.369079902768135,62,11,13,long,1.1022067410935665,48,1.1408379730551155,3.211646191775799
32,mean,60,short,0.02934340201318264,2.934340201318264,62,11,11,short,1.3198014855090967,69,1.6280283507816942,2.7235514484345913
32,mean,60,either,0.03369079902768135,3.369079902768135,62,11,13,long,1.1022067410935665,48,1.1408379730551155,3.211646191775799
32,fpos,15,long,1.0354642756283283,7.092855125665665,18,7,7,long,2.6998885164153648,18,1.2134473113372946,6.746959313750267
32,fpos,15,short,1.03221782669425,6.443565338850021,15,10,10,short,4.363076806616014,18,1.7696216262488462,6.1054787039756775
32,fpos,15,either,1.0354642756283283,7.092855125665665,18,7,7,long,2.6998885164153648,18,1.2134473113372946,6.746959313750267
32,fpos,30,long,1.0243754032999277,4.875080659985542,32,6,6,long,1.3713523885730867,29,-0.6597857932052797,4.519834704697132
32,fpos,30,short,1.020010581240058,4.002116248011589,30,6,6,short,2.583338409182538,28,0.597455890169073,3.844776898622513
32,fpos,30,either,1.0243754032999277,4.875080659985542,32,6,6,long,1.3713523885730867,29,-0.6597857932052797,4.519834704697132
32,fpos,60,long,1.0156595073640347,3.1319014728069305,67,13,13,long,0.6924895562055609,19,0.4861054806501045,2.8944879211485386
32,fpos,60,short,1.0146717010065913,2.934340201318264,62,11,11,short,1.3198014855090967,69,0.8917679701063241,2.638544198125601
32,fpos,60,either,1.0156595073640347,3.1319014728069305,67,13,13,long,0.6924895562055609,19,0.6061315860047495,2.924038488417864
32,worst,15,long,0.038168422877788544,4.981819912791252,15,7,7,long,0.41863753959159045,7,-0.1006559521585585,5.026038289070129
32,worst,15,short,0.04595392942428589,6.027746573090553,15,6,6,short,4.789200544327484,5,2.2354291921732115,5.190254673361778
32,worst,15,either,0.04595392942428589,6.027746573090553,15,6,6,short,4.789200544327484,5,2.175460005449845,5.167335756123066
32,worst,30,long,0.02633550763130188,3.665035590529442,33,6,6,long,0.02966651835116613,33,-0.007705790452166029,3.428865373134613
32,worst,30,short,0.0244141835719347,3.5283327102661133,30,7,7,short,0.4291315702404917,34,0.14283661694579305,3.233150728046894
32,worst,30,either,0.02633550763130188,3.665035590529442,33,6,6,long,0.02966651835116613,33,0.11008348166179419,3.3406962640583515
32,worst,60,long,0.01707356981933117,2.3847104981541634,69,7,7,long,-0.3241637298295384,90,0.4859930028033541,1.9537038169801235
32,worst,60,short,0.01770338974893093,1.8615897744894028,61,6,6,short,2.2742763871796354,35,2.7992849454506685,1.8223828449845314
32,worst,60,either,0.01770338974893093,1.8615897744894028,61,6,6,short,2.2742763871796354,35,2.400299906356912,1.8876020051538944
33,mean,15,long,0.07817930728197098,7.817930728197098,16,9,10,long,-0.11069649510543184,16,0.19425028196164157,7.450931742787362
33,mean,15,short,0.06291063874959946,6.291063874959946,16,6,6,short,-0.6963780887698535,24,-0.13349194465406508,6.043203100562096
33,mean,15,either,0.07817930728197098,7.817930728197098,16,9,10,long,-0.11069649510543184,16,0.19425028196164157,7.450931742787362
33,mean,30,long,0.05216773599386215,5.216773599386215,33,10,10,long,-1.0549924453716286,31,-0.7293739725289615,5.025261491537094
33,mean,30,short,0.04345055669546127,4.345055669546127,34,11,12,short,-1.1507959548495537,36,0.1661136409542072,4.00187760591507
33,mean,30,either,0.05216773599386215,5.216773599386215,33,10,10,long,-1.0549924453716286,31,-0.7293739725289615,5.025261491537094
33,mean,60,long,0.03184458985924721,3.1844589859247208,63,10,13,long,-0.9494948494515756,55,-0.4440449383484547,3.098170179873705
33,mean,60,short,0.028561847284436226,2.8561847284436226,60,12,12,short,-0.363909503316964,43,-0.1749974075573029,2.6427953131496906
33,mean,60,either,0.03184458985924721,3.1844589859247208,63,10,13,long,-0.9494948494515756,55,-0.4440449383484547,3.098170179873705
33,fpos,15,long,1.0375243350863457,7.5048670172691345,15,6,6,long,1.3357192574491494,15,-0.454937511805681,7.2178301960229865
33,fpos,15,short,1.0314553193747997,6.291063874959946,16,6,6,short,-0.6963780887698535,24,-0.06535229240810561,6.02637380361557
33,fpos,15,either,1.0375243350863457,7.5048670172691345,15,6,6,long,1.3357192574491494,15,-0.454937511805681,7.2178301960229865
33,fpos,30,long,1.026083867996931,5.216773599386215,33,10,10,long,-1.0549924453716286,31,-0.4442484896274428,4.838836379349232
33,fpos,30,short,1.0202333889901638,4.046677798032761,31,9,9,short,0.8547272911158974,53,0.579757291685129,3.917872235178947
33,fpos,30,either,1.026083867996931,5.216773599386215,33,10,10,long,-1.0549924453716286,31,-0.4442484896274428,4.838836379349232
33,fpos,60,long,1.0154807167127728,3.0961433425545692,61,12,12,long,-0.20898000135561906,59,-0.2746841556818788,2.7089842967689037
33,fpos,60,short,1.0142809236422181,2.8561847284436226,60,12,12,short,-0.363909503316964,43,-0.35044963930907036,2.60410875082016
33,fpos,60,either,1.0154807167127728,3.0961433425545692,61,12,12,long,-0.20898000135561906,59,-0.43813166356694594,2.766323946416378
33,worst,15,long,0.048676084727048874,6.244371086359024,16,6,6,long,0.35770435215490964,5,-0.12697404916184807,6.102128550410271
33,worst,15,short,0.038950949907302856,6.291063874959946,16,6,6,short,-0.6963780887698535,24,-0.5394658846451821,4.9861029535532
33,worst,15,either,0.048676084727048874,6.244371086359024,16,6,6,long,0.35770435215490964,5,-0.12697404916184807,6.102128550410271
33,worst,30,long,0.026247508823871613,4.254050552845001,30,10,10,long,-0.4655711507875475,42,-0.23168765240934802,3.87131929397583
33,worst,30,short,0.025915024802088737,3.5467319190502167,34,6,6,short,1.5874053145709603,56,0.5075085062715691,3.2721756026148796
33,worst,30,either,0.026247508823871613,4.254050552845001,30,10,10,long,-0.4655711507875475,42,-0.008110293328485018,3.8792543858289714
33,worst,60,long,0.012247025966644287,2.2473687306046486,67,11,11,long,0.07091182247434887,45,0.4270252522593358,2.067864593118429
33,worst,60,short,0.015384047292172909,2.2363750264048576,69,12,12,short,-0.23263334172474226,107,-0.0219045281635902,2.1245461516082287
33,worst,60,either,0.015384047292172909,2.2363750264048576,69,12,12,short,-0.23263334172474226,107,-0.004321968424854767,2.1572834067046642
34,mean,15,long,0.06994497030973434,6.9944970309734344,16,6,7,long,-1.624369458561251,11,-0.5651978322476816,6.38506781309843
34,mean,15,short,0.06664574891328812,6.664574891328812,15,8,9,short,-0.22933670449922475,12,0.2446686280122579,6.528220027685165
34,mean,15,either,0.06994497030973434,6.9944970309734344,16,6,7,long,-1.624369458561251,11,-0.15414685621768393,6.598191484808921
34,mean,30,long,0.043744467198848724,4.374446719884872,31,9,10,long,0.5988314185708492,31,-0.11122278118410882,4.248487018048763
34,mean,30,short,0.04958954453468323,4.958954453468323,31,6,6,short,0.4470804990832676,37,0.4897074671576825,4.746643155813217
34,mean,30,either,0.04958954453468323,4.958954453468323,31,6,6,short,0.4470804990832676,37,0.4897074671576825,4.746643155813217
34,mean,60,long,0.031108949333429337,3.1108949333429337,60,12,12,long,0.542281885817803,57,-0.5728958129716089,2.8375919349491596
34,mean,60,short,0.0329117514193058,3.29117514193058,60,10,12,short,1.0760775454876046,65,1.128642545421963,3.2402582466602325
34,mean,60,either,0.0329117514193058,3.29117514193058,60,10,12,short,1.0760775454876046,65,1.128642545421963,3.2402582466602325
34,fpos,15,long,1.032731432467699,6.54628649353981,15,6,6,long,,0,-0.10862412540550052,6.188378818333149
34,fpos,15,short,1.0330899842083454,6.617996841669083,15,7,7,short,1.431782077694795,50,-0.38507860941064825,6.49884857237339
34,fpos,15,either,1.0330899842083454,6.617996841669083,15,7,7,short,1.431782077694795,50,-0.13999488964183768,6.513148248195648
34,fpos,30,long,1.0209178607910872,4.18357215821743,31,10,10,long,-0.6136511373584776,25,-0.5510119622860499,4.122164584696293
34,fpos,30,short,1.0247947722673416,4.958954453468323,31,6,6,short,0.4470804990832676,37,0.49631726723820424,4.741076938807964
34,fpos,30,either,1.0247947722673416,4.958954453468323,31,6,6,short,0.4470804990832676,37,0.49631726723820424,4.741076938807964
34,fpos,60,long,1.0155544746667147,3.1108949333429337,60,12,12,long,0.542281885817803,57,-0.8866440923152357,2.745697498321533
34,fpos,60,short,1.0156716406345367,3.1343281269073486,60,11,11,short,0.05092611180297966,66,0.5491446336860207,3.03983673453331
34,fpos,60,either,1.0156716406345367,3.1343281269073486,60,11,11,short,0.05092611180297966,66,0.4143743126330603,3.0530978180468082
34,worst,15,long,0.03949214890599251,4.909650981426239,19,7,7,long,-2.919475268600926,10,-0.08534895443786696,4.839909374713898
34,worst,15,short,0.04705379903316498,6.028960272669792,19,6,6,short,0.0919163832167199,34,-0.6753349637363818,5.899131745100021
34,worst,15,either,0.04705379903316498,6.028960272669792,19,6,6,short,0.0919163832167199,34,-0.6753349637363818,5.899131745100021
34,worst,30,long,0.0224580280482769,2.6011997833848,33,6,6,long,1.921234754377363,23,0.7737314262239102,3.2163822650909424
34,worst,30,short,0.03490884229540825,4.958954453468323,31,6,6,short,0.4470804990832676,37,-0.1756432191476937,4.248372837901115
34,worst,30,either,0.03490884229540825,4.958954453468323,31,6,6,short,0.4470804990832676,37,-0.1756432191476937,4.248372837901115
34,worst,60,long,0.011548475362360477,2.1124400198459625,60,7,7,long,3.6178676062085398,1,0.42522326842529773,1.7933135945349934
34,worst,60,short,0.02003052830696106,2.657976374030113,60,10,10,short,0.23278710684425732,66,0.580324965464127,2.615917567163706
34,worst,60,either,0.02003052830696106,2.657976374030113,60,10,10,short,0.23278710684425732,66,0.580324965464127,2.615917567163706
35,mean,15,long,0.06618837267160416,6.618837267160416,16,6,6,long,,0,2.2588158149894193,6.468370035290719
35,mean,15,short,0.07360927760601044,7.360927760601044,15,8,8,short,1.3260143051335302,18,1.7599021267448083,6.800687611103058
35,mean,15,either,0.07360927760601044,7.360927760601044,15,8,8,short,1.3260143051335302,18,1.7599021267448083,6.800687611103058
35,mean,30,long,0.04765227437019348,4.765227437019348,33,7,7,long,0.5584749670411276,24,-0.10726617152640237,4.581218622624874
35,mean,30,short,0.04238879308104515,4.238879308104515,32,8,9,short,-2.5797803659001377,13,-0.8191076862575244,4.176038317382336
35,mean,30,either,0.04765227437019348,4.765227437019348,33,7,7,long,0.5584749670411276,24,-0.10726617152640237,4.581218622624874
35,mean,60,long,0.03214235231280327,3.214235231280327,61,10,13,long,1.71752351348247,56,0.3906471919496679,3.137014880776405
35,mean,60,short,0.027130382135510445,2.7130382135510445,63,13,14,short,-0.7607363592839191,51,-0.6178119671660545,2.598387598991394
35,mean,60,either,0.03214235231280327,3.214235231280327,61,10,13,long,1.71752351348247,56,0.3906471919496679,3.137014880776405
35,fpos,15,long,1.033094186335802,6.618837267160416,16,6,6,long,,0,0.5532942647494519,6.31582073867321
35,fpos,15,short,1.0368046388030052,7.360927760601044,15,8,8,short,1.3260143051335302,18,2.273568272880971,6.7766354978084555
35,fpos,15,either,1.0368046388030052,7.360927760601044,15,8,8,short,1.3260143051335302,18,2.273568272880971,6.7766354978084555
35,fpos,30,long,1.0238261371850967,4.765227437019348,33,7,7,long,0.5584749670411276,24,0.5350535462364204,4.436164423823357
35,fpos,30,short,1.0189830902963877,3.7966180592775345,38,9,9,short,-1.4160959475756214,39,-0.6864192758170812,3.7303825840353966
35,fpos,30,either,1.0238261371850967,4.765227437019348,33,7,7,long,0.5584749670411276,24,0.5350535462364204,4.436164423823357
35,fpos,60,long,1.0133291985839605,2.6658397167921066,65,11,11,long,-0.7018903518887324,69,-0.2823690597326679,2.5115434639155865
35,fpos,60,short,1.0134566547349095,2.691330946981907,60,8,8,short,0.03422924891283431,95,-1.2755216221781016,2.284131683409214
35,fpos,60,either,1.0134566547349095,2.691330946981907,60,8,8,short,0.03422924891283431,95,-0.31582787185611,2.5502862595021725
35,worst,15,long,0.045080121606588364,5.590775981545448,15,6,6,long,-0.18004426470051138,12,-0.03541480860269284,5.263133868575096
35,worst,15,short,0.03713033348321915,6.748229265213013,17,8,8,short,-0.24280353548638917,24,0.21326789926645268,5.383654274046421
35,worst,15,either,0.045080121606588364,5.590775981545448,15,6,6,long,-0.18004426470051138,12,0.10468795590568877,5.5539726838469505
35,worst,30,long,0.02748742885887623,3.1135624274611473,30,6,6,long,-0.9278219769414922,40,0.5881532531774071,3.5551298595964913
35,worst,30,short,0.022989263758063316,3.1418606638908386,32,8,8,short,-0.7332515239672801,15,-0.3657794434631849,3.042324520647526
35,worst,30,either,0.02748742885887623,3.1135624274611473,30,6,6,long,-0.9278219769414922,40,0.7027247357108418,3.5679816268384457
35,worst,60,long,0.012741241604089737,2.3913100361824036,61,10,10,long,-0.4596138486384022,13,0.24187855262825633,2.0872043445706367
35,worst,60,short,0.01115964725613594,1.462908647954464,61,7,7,short,0.327526609482524,31,0.3664435620834775,1.319949021562934
35,worst,60,either,0.012741241604089737,2.3913100361824036,61,10,10,long,-0.4596138486384022,13,-0.08895003679928294,2.0294267684221268
36,mean,15,long,0.0741412565112114,7.4141256511211395,15,7,7,long,,0,-0.7748093830402415,7.096457630395888
36,mean,15,short,0.07331729680299759,7.331729680299759,15,7,9,short,1.2170049272919574,22,1.8616131336353086,6.8314604461193085
36,mean,15,either,0.0741412565112114,7.4141256511211395,15,7,7,long,,0,-0.5514698195313741,7.159535884857178
36,mean,30,long,0.053125765174627304,5.31257651746273,31,7,9,long,-0.6007014145794611,24,-0.2900565822417579,5.1509953662753105
36,mean,30,short,0.04365282878279686,4.365282878279686,31,9,11,short,0.704945844206484,14,1.0397428261903712,4.218401722609997
36,mean,30,either,0.053125765174627304,5.31257651746273,31,7,9,long,-0.6007014145794611,24,-0.2900565822417579,5.1509953662753105
36,mean,60,long,0.03567758947610855,3.567758947610855,60,13,13,long,-1.070835478454775,63,-0.7774629861766511,3.4831927716732025
36,mean,60,short,0.027449283748865128,2.7449283748865128,60,10,12,short,2.922883081036082,30,1.6010717981282137,2.606823518872261
36,mean,60,either,0.03567758947610855,3.567758947610855,60,13,13,long,-1.070835478454775,63,-0.7774629861766511,3.4831927716732025
36,fpos,15,long,1.0370706282556057,7.4141256511211395,15,7,7,long,,0,-1.1915503992841388,6.895577237010002
36,fpos,15,short,1.034576628357172,6.9153256714344025,16,8,8,short,3.400805170309653,5,1.073062009931576,6.471092440187931
36,fpos,15,either,1.0370706282556057,7.4141256511211395,15,7,7,long,,0,-0.14599942780528496,6.934007555246353
36,fpos,30,long,1.0262524504214525,5.2504900842905045,31,8,8,long,-1.7146248358550336,22,-0.07283514903260163,5.059988759458065
36,fpos,30,short,1.0205736886709929,4.11473773419857,30,7,7,short,0.9351128243935325,15,0.8654954819230228,3.913604207336903
36,fpos,30,either,1.0262524504214525,5.2504900842905045,31,8,8,long,-1.7146248358550336,22,-0.07283514903260163,5.059988759458065
36,fpos,60,long,1.0178387947380543,3.567758947610855,60,13,13,long,-1.070835478454775,63,-1.049672954287535,3.468390144407749
36,fpos,60,short,1.0109073454514146,2.181469090282917,60,11,11,short,2.295429340713601,6,0.5816829958528934,1.9425127096474168
36,fpos,60,either,1.0178387947380543,3.567758947610855,60,13,13,long,-1.070835478454775,63,-1.049672954287535,3.468390144407749
36,worst,15,long,0.04989251494407654,7.4141256511211395,15,7,7,long,,0,0.28936844399332046,5.918549485504627
36,worst,15,short,0.037142787128686905,4.427304491400719,16,8,8,short,-0.3524595557153068,9,1.8480706986688176,5.2610523998737335
36,worst,15,either,0.04989251494407654,7.4141256511211395,15,7,7,long,,0,0.28936844399332046,5.918549485504627
36,worst,30,long,0.03925754129886627,5.100184679031372,33,9,9,long,1.5188957024059446,31,-0.24335093426364882,4.642052240669727
36,worst,30,short,0.020877839997410774,4.047492146492004,31,8,8,short,0.48592957648755564,35,2.0455262307933935,2.454924564808607
36,worst,30,either,0.03925754129886627,5.100184679031372,33,9,9,long,1.5188957024059446,31,-0.24335093426364882,4.642052240669727
36,worst,60,long,0.020740292966365814,2.881661430001259,62,7,7,long,,0,-0.23175155100575764,2.5575587898492813
36,worst,60,short,0.01087938528507948,1.649424247443676,62,7,7,short,2.7656965721829354,19,2.0853228123169707,1.498651411384344
36,worst,60,either,0.020740292966365814,2.881661430001259,62,7,7,long,,0,-0.23175155100575764,2.5575587898492813
37,mean,15,long,0.07795073837041855,7.795073837041855,15,7,7,long,3.3080536937767366,10,0.8100401775785477,7.641431763768196
37,mean,15,short,0.05762610584497452,5.762610584497452,15,6,9,short,-1.2273485614579434,16,-1.1102516081559555,5.5137039721012115
37,mean,15,either,0.07795073837041855,7.795073837041855,15,7,7,long,3.3080536937767366,10,0.8100401775785477,7.641431763768196
37,mean,30,long,0.0547189898788929,5.47189898788929,30,7,8,long,0.1647738180134433,45,-0.7967775201646914,5.323222875595093
37,mean,30,short,0.035478975623846054,3.5478975623846054,33,5,7,short,-0.46551060661892224,14,-0.04164460035455189,3.423621505498886
37,mean,30,either,0.0547189898788929,5.47189898788929,30,7,8,long,0.1647738180134433,45,-0.7967775201646914,5.323222875595093
37,mean,60,long,0.03854083642363548,3.8540836423635483,61,9,10,long,1.0573122380578497,57,0.2829621503532802,3.684740737080574
37,mean,60,short,0.0216602124273777,2.16602124273777,60,12,14,short,-0.623877627980429,45,-0.7777995081729024,2.0733262598514557
37,mean,60,either,0.03854083642363548,3.8540836423635483,61,9,10,long,1.0573122380578497,57,0.2829621503532802,3.684740737080574
37,fpos,15,long,1.0389753691852093,7.795073837041855,15,7,7,long,3.3080536937767366,10,0.8100401775785477,7.641431763768196
37,fpos,15,short,1.027530800551176,5.506160110235214,15,7,7,short,-0.23573223479007865,14,-0.7265369617173936,5.263075344264507
37,fpos,15,either,1.0389753691852093,7.795073837041855,15,7,7,long,3.3080536937767366,10,0.8100401775785477,7.641431763768196
37,fpos,30,long,1.0248712096363306,4.974241927266121,30,12,12,long,0.7247685973447192,27,0.0715797404141546,4.904840849339962
37,fpos,30,short,1.0168852265924215,3.3770453184843063,34,13,13,short,-1.0656992542989998,33,-0.07844067191319189,3.1003114953637123
37,fpos,30,either,1.0248712096363306,4.974241927266121,30,12,12,long,0.7247685973447192,27,0.0715797404141546,4.904840849339962
37,fpos,60,long,1.0186922792345285,3.7384558469057083,60,12,12,long,-0.6081861104195303,61,-0.14831497026260493,3.5336313769221306
37,fpos,60,short,1.0091777993366122,1.835559867322445,60,13,13,short,1.1212164372318025,54,0.595197640134255,1.7339962720870972
37,fpos,60,either,1.0186922792345285,3.7384558469057083,60,12,12,long,-0.6081861104195303,61,-0.14831497026260493,3.5336313769221306
37,worst,15,long,0.04652174189686775,6.457941234111786,17,6,6,long,-3.482605632771129,10,-0.5018539325169731,5.817880630493164
37,worst,15,short,0.03366154804825783,3.9738360792398453,15,6,6,short,-0.6530936235253383,12,-1.5393853767575743,4.315325766801834
37,worst,15,either,0.04652174189686775,6.457941234111786,17,6,6,long,-3.482605632771129,10,-0.5018539325169731,5.817880630493164
37,worst,30,long,0.03212631121277809,3.4751009196043015,38,6,6,long,1.0241842773802377,45,0.16691593921726205,3.5472067445516586
37,worst,30,short,0.015708450227975845,2.4715453386306763,32,6,6,short,4.23065043704139,1,1.1089817620192695,2.1809107810258865
37,worst,30,either,0.03212631121277809,3.4751009196043015,38,6,6,long,1.0241842773802377,45,0.16691593921726205,3.5472067445516586
37,worst,60,long,0.01707475073635578,2.611331082880497,61,6,6,long,-0.3285452067246486,69,0.37920471604746275,2.40861801430583
37,worst,60,short,0.010152055881917477,1.4574089087545872,60,6,6,short,-0.7290885615750776,27,-1.7455061544061248,1.1750041227787733
37,worst,60,either,0.01707475073635578,2.611331082880497,61,6,6,long,-0.3285452067246486,69,0.37920471604746275,2.40861801430583
38,mean,15,long,0.07677400857210159,7.677400857210159,15,7,8,long,1.187514386950483,17,0.5511786195489756,7.415006831288337
38,mean,15,short,0.06222731992602348,6.222731992602348,15,7,7,short,-1.7201660872680955,23,-1.510037211252913,5.990149416029453
38,mean,15,either,0.07677400857210159,7.677400857210159,15,7,8,long,1.187514386950483,17,0.5511786195489756,7.415006831288337
38,mean,30,long,0.0497051365673542,4.97051365673542,31,6,6,long,0.5952940881077529,90,0.9582921775411442,4.8288569226861
38,mean,30,short,0.042803943157196045,4.2803943157196045,30,9,9,short,-1.3198576521328944,26,-1.4234872104173146,4.159727096557617
38,mean,30,either,0.0497051365673542,4.97051365673542,31,6,6,long,0.5952940881077529,90,0.9582921775411442,4.8288569226861
38,mean,60,long,0.033628012984991074,3.3628012984991074,65,11,12,long,0.607064974287227,56,0.6540952249412422,3.12542961910367
38,mean,60,short,0.024752816185355186,2.4752816185355186,60,11,14,short,1.059606764069548,70,0.4570340992363926,2.3692097701132298
38,mean,60,either,0.033628012984991074,3.3628012984991074,65,11,12,long,0.607064974287227,56,0.6540952249412422,3.12542961910367
38,fpos,15,long,1.037186786532402,7.437357306480408,16,7,7,long,2.74969053782675,5,0.3009667293568922,7.3832766711711875
38,fpos,15,short,1.0311136599630117,6.222731992602348,15,7,7,short,-1.7201660872680955,23,-1.2786112934822342,5.982814468443394
38,fpos,15,either,1.037186786532402,7.437357306480408,16,7,7,long,2.74969053782675,5,0.3009667293568922,7.3832766711711875
38,fpos,30,long,1.024852568283677,4.97051365673542,31,6,6,long,0.5952940881077529,90,0.7834252733813409,4.76308599114418
38,fpos,30,short,1.021401971578598,4.2803943157196045,30,9,9,short,-1.3198576521328944,26,-1.6054001758181706,4.129032380878925
38,fpos,30,either,1.024852568283677,4.97051365673542,31,6,6,long,0.5952940881077529,90,0.7834252733813409,4.76308599114418
38,fpos,60,long,1.0151889398694038,3.037787973880768,80,13,13,long,0.4100894064986413,87,0.789898765180338,2.73755706846714
38,fpos,60,short,1.0115621136501431,2.3124227300286293,61,12,12,short,0.11416459686430996,61,-0.0779980267115494,2.1858099661767483
38,fpos,60,either,1.0151889398694038,3.037787973880768,80,13,13,long,0.4100894064986413,87,0.789898765180338,2.73755706846714
38,worst,15,long,0.047615159302949905,5.970663949847221,15,6,6,long,-1.336890205263313,26,-1.3013300431309458,5.7666827365756035
38,worst,15,short,0.04200068116188049,5.3215280175209045,15,6,6,short,-1.305204906477944,13,-1.297551324805222,5.189103484153748
38,worst,15,either,0.047615159302949905,5.970663949847221,15,6,6,long,-1.336890205263313,26,-1.3013300431309458,5.7666827365756035
38,worst,30,long,0.0247784610837698,2.7462033554911613,31,6,6,long,0.95358234447201,2,0.9459254469177395,3.6666043661534786
38,worst,30,short,0.0312330424785614,3.3279210329055786,31,6,6,short,-1.2808761706181022,19,-1.1847333316134139,3.405216559767723
38,worst,30,either,0.0312330424785614,3.3279210329055786,31,6,6,short,-1.2808761706181022,19,-1.1847333316134139,3.405216559767723
38,worst,60,long,0.013902819715440273,1.688518188893795,64,10,10,long,-0.058476046786923946,54,0.0005020513589489364,2.172622364014387
38,worst,60,short,0.010629386641085148,1.3377534225583076,64,6,6,short,-0.37195316742220513,32,-0.22671608077469455,1.469701724126935
38,worst,60,either,0.013902819715440273,1.688518188893795,64,10,10,long,-0.058476046786923946,54,0.0005020513589489364,2.172622364014387
39,mean,15,long,0.07665125280618668,7.665125280618668,15,6,6,long,1.5453289136161616,24,1.0416326419769262,7.434989959001541
39,mean,15,short,0.08364328742027283,8.364328742027283,15,6,6,short,-0.0021573816788999453,27,0.43253911959369823,8.201273083686829
39,mean,15,either,0.08364328742027283,8.364328742027283,15,6,6,short,-0.0021573816788999453,27,0.43253911959369823,8.201273083686829
39,mean,30,long,0.05887649208307266,5.887649208307266,30,8,9,long,-0.6771734800710276,33,-0.16066113202941962,5.464350916445255
39,mean,30,short,0.056901220232248306,5.690122023224831,30,7,9,short,-1.1299464228111646,49,-1.120600949332939,5.401610434055328
39,mean,30,either,0.05887649208307266,5.887649208307266,30,8,9,long,-0.6771734800710276,33,-0.5349783255331308,5.527202263474464
39,mean,60,long,0.034266505390405655,3.4266505390405655,60,10,13,long,-1.1176211199654604,66,-0.46980759949817813,3.374236114323139
39,mean,60,short,0.03307529538869858,3.307529538869858,66,10,11,short,0.1351422340753218,58,-0.16615087480558224,3.143837805837393
39,mean,60,either,0.034266505390405655,3.4266505390405655,60,10,13,long,-1.1176211199654604,66,-0.46980759949817813,3.374236114323139
39,fpos,15,long,1.0383256264030933,7.665125280618668,15,6,6,long,1.5453289136161616,24,0.9113993552943166,7.4314793944358835
39,fpos,15,short,1.0418216437101364,8.364328742027283,15,6,6,short,-0.0021573816788999453,27,0.43253911959369834,8.201273083686829
39,fpos,15,either,1.0418216437101364,8.364328742027283,15,6,6,short,-0.0021573816788999453,27,0.43253911959369834,8.201273083686829
39,fpos,30,long,1.026110788807273,5.222157761454582,30,8,8,long,-0.5652807351719408,33,0.1524011156592749,5.015756711363792
39,fpos,30,short,1.02665794827044,5.33158965408802,31,6,6,short,-0.6971774631975155,44,-0.27003704810889617,5.224408879876137
39,fpos,30,either,1.02665794827044,5.33158965408802,31,6,6,short,-0.6971774631975155,44,-0.16564063442871096,5.239459276199341
39,fpos,60,long,1.0159071907401085,3.181438148021698,61,9,9,long,-0.07972709969420204,86,-0.14101337677539025,2.9789590276777744
39,fpos,60,short,1.0148490145802498,2.9698029160499573,62,12,12,short,1.56866596453442,26,-0.7048172316684335,2.817440237849951
39,fpos,60,either,1.0159071907401085,3.181438148021698,61,9,9,long,-0.07972709969420204,86,-0.003974547029786096,3.0004088953137398
39,worst,15,long,0.04823960363864899,5.358939990401268,15,6,6,long,1.831226726603799,26,1.1596053863334508,5.829318203032017
39,worst,15,short,0.0433872751891613,5.556941777467728,21,6,6,short,1.286041920371415,28,0.3034387637089221,5.469369851052761
39,worst,15,either,0.04823960363864899,5.358939990401268,15,6,6,long,1.831226726603799,26,1.1596053863334508,5.829318203032017
39,worst,30,long,0.02981189265847206,3.702935576438904,31,9,9,long,-0.17293534077561268,28,0.1606877092925248,3.9131694287061687
39,worst,30,short,0.03359284624457359,4.402563720941544,31,6,6,short,-0.009854759997648073,37,-0.012207566663699845,4.238024950027466
39,worst,30,either,0.03359284624457359,4.402563720941544,31,6,6,short,-0.009854759997648073,37,-0.012207566663699845,4.238024950027466
39,worst,60,long,0.013271997682750225,2.1963097155094147,60,9,9,long,-0.38797332322646233,49,0.030434837997909234,2.197718136012554
39,worst,60,short,0.018671685829758644,2.509358525276184,73,6,6,short,-2.036780585551965,7,-0.9195321033938617,2.3973706550896168
39,worst,60,either,0.018671685829758644,2.509358525276184,73,6,6,short,-2.036780585551965,7,-0.9195321033938617,2.3973706550896168
40,mean,15,long,0.07494445890188217,7.494445890188217,15,6,7,long,-0.6693291154451788,21,-1.376123842107751,7.047427743673325
40,mean,15,short,0.06259986758232117,6.259986758232117,15,6,6,short,-5.622456938876503,11,-2.9842078343490757,6.066905967891216
40,mean,15,either,0.07494445890188217,7.494445890188217,15,6,7,long,-0.6693291154451788,21,-1.376123842107751,7.047427743673325
40,mean,30,long,0.04784319922327995,4.784319922327995,30,8,9,long,2.764393695876724,21,0.5344518262230882,4.5723782107234
40,mean,30,short,0.04333691671490669,4.333691671490669,31,10,11,short,-0.8540597810671284,33,-1.364714916175978,4.056824706494808
40,mean,30,either,0.04784319922327995,4.784319922327995,30,8,9,long,2.764393695876724,21,0.5344518262230882,4.5723782107234
40,mean,60,long,0.03336980938911438,3.336980938911438,61,10,12,long,-0.4498303860765408,62,0.4583894031971043,3.2128087431192403
40,mean,60,short,0.027570713311433792,2.757071331143379,60,11,12,short,0.3380460649156117,84,-0.3147681750251925,2.5750540755689144
40,mean,60,either,0.03336980938911438,3.336980938911438,61,10,12,long,-0.4498303860765408,62,0.4583894031971043,3.2128087431192403
40,fpos,15,long,1.0350005514919758,7.000110298395157,15,6,6,long,-0.473421504466523,18,0.7198306042041057,6.58941961824894
40,fpos,15,short,1.0312999337911606,6.259986758232117,15,6,6,short,-5.622456938876503,11,-3.060243291792141,5.997093804180622
40,fpos,15,either,1.0350005514919758,7.000110298395157,15,6,6,long,-0.473421504466523,18,0.7198306042041057,6.58941961824894
40,fpos,30,long,1.0231186542659998,4.623730853199959,30,8,8,long,0.6411688521838703,39,0.9705787111510479,4.360862411558628
40,fpos,30,short,1.0189047362655401,3.7809472531080246,31,10,10,short,0.3508659555043149,43,-0.7955739770256959,3.6996256932616234
40,fpos,30,either,1.0231186542659998,4.623730853199959,30,8,8,long,0.6411688521838703,39,0.9705787111510479,4.360862411558628
40,fpos,60,long,1.0158681478351355,3.173629567027092,63,12,12,long,1.0295098929278457,61,1.1132496090178083,3.032722808420658
40,fpos,60,short,1.013213686645031,2.642737329006195,62,12,12,short,-0.2782026013978888,53,-0.167899977769552,2.4257527105510235
40,fpos,60,either,1.0158681478351355,3.173629567027092,63,12,12,long,1.0295098929278457,61,1.1132496090178083,3.032722808420658
40,worst,15,long,0.03875094652175903,4.408080875873566,15,6,6,long,-0.7283700092359,3,-0.1965846075281033,5.1571496948599815
40,worst,15,short,0.03859580308198929,5.771573260426521,15,6,6,short,2.1104744165595077,7,-1.9181124366265474,4.77423332631588
40,worst,15,either,0.03875094652175903,4.408080875873566,15,6,6,long,-0.7283700092359,3,-0.6024642181421141,5.081611089408398
40,worst,30,long,0.026401255279779434,3.5450637340545654,34,8,8,long,1.7566651614958047,46,1.2204325040620578,3.5333260707557197
40,worst,30,short,0.02388221025466919,3.0138056725263596,33,6,6,short,-1.7761992054854157,17,-0.5050977656531987,2.953755110502243
40,worst,30,either,0.026401255279779434,3.5450637340545654,34,8,8,long,1.7566651614958047,46,-0.03361991098119171,3.04444482550025
40,worst,60,long,0.009581244550645351,1.7799846827983856,61,7,7,long,4.97942378126894,8,1.5288758835898217,2.112483140081167
40,worst,60,short,0.01230127178132534,1.824122667312622,69,10,10,short,2.234305658710165,2,-0.28676789104821027,1.8093898519873621
40,worst,60,either,0.01230127178132534,1.824122667312622,69,10,10,short,2.234305658710165,2,-0.28676789104821027,1.8093898519873621
41,mean,15,long,0.06673053652048111,6.673053652048111,17,7,7,long,-2.6596413157170113,7,-1.0041832035353244,6.573332846164703
41,mean,15,short,0.07523395866155624,7.523395866155624,15,5,6,short,-0.486305997693948,18,-0.6407963911821711,6.880858018994332
41,mean,15,either,0.07523395866155624,7.523395866155624,15,5,6,short,-0.486305997693948,18,-0.7564380543799327,6.9481633603572845
41,mean,30,long,0.05054403096437454,5.054403096437454,30,10,10,long,0.42248688602273693,39,-0.21925895849923974,4.621796868741512
41,mean,30,short,0.04558168351650238,4.558168351650238,34,9,9,short,0.07984005177289984,61,-0.6000737645667336,4.136826582252979
41,mean,30,either,0.05054403096437454,5.054403096437454,30,10,10,long,0.42248688602273693,39,-0.25352364192422355,4.629718698561192
41,mean,60,long,0.03206830099225044,3.2068300992250443,61,11,14,long,-1.0027234586996845,47,-1.1282613943672155,3.144067414104938
41,mean,60,short,0.026459025219082832,2.6459025219082832,66,9,11,short,0.18925753087342428,100,0.15552992287871756,2.5097119994461536
41,mean,60,either,0.03206830099225044,3.2068300992250443,61,11,14,long,-1.0027234586996845,47,-1.1282613943672155,3.144067414104938
41,fpos,15,long,1.0333652682602406,6.673053652048111,17,7,7,long,-2.6596413157170113,7,-1.4143622590684959,6.451538503170013
41,fpos,15,short,1.0354006811976433,7.080136239528656,15,6,6,short,-1.7310530088907146,24,-0.9160236219924058,6.152747608721256
41,fpos,15,either,1.0354006811976433,7.080136239528656,15,6,6,short,-1.7310530088907146,24,-2.0027960043494124,6.536410450935364
41,fpos,30,long,1.0252720154821873,5.054403096437454,30,10,10,long,0.42248688602273693,39,-0.4952284515548454,4.490773379802704
41,fpos,30,short,1.0227908417582512,4.558168351650238,34,9,9,short,0.07984005177289984,61,0.14630106802247092,3.979397341609001
41,fpos,30,either,1.0252720154821873,5.054403096437454,30,10,10,long,0.42248688602273693,39,-0.5318631379196677,4.514772184193134
41,fpos,60,long,1.015635410323739,3.1270820647478104,60,13,13,long,-1.1494148953467418,70,-0.7250944419419937,2.946326918900013
41,fpos,60,short,1.0119903134182096,2.3980626836419106,60,14,14,short,0.2879379916200089,43,0.06570299401413547,2.1164622716605663
41,fpos,60,either,1.015635410323739,3.1270820647478104,60,13,13,long,-1.1494148953467418,70,-0.7250944419419937,2.946326918900013
41,worst,15,long,0.043191321194171906,5.381833389401436,15,6,6,long,0.1483900507416147,24,-0.20632174320368346,5.135005824267864
41,worst,15,short,0.040834035724401474,5.103438347578049,19,6,6,short,-0.9335077171889113,17,-0.1435182669462603,5.2724481374025345
41,worst,15,either,0.043191321194171906,5.381833389401436,15,6,6,long,0.1483900507416147,24,-0.0974095645441974,5.491609089076519
41,worst,30,long,0.024900339543819427,3.9874397218227386,31,7,7,long,0.520410656944997,31,0.41552608036176875,3.62792706117034
41,worst,30,short,0.02080126851797104,3.3243734389543533,35,6,6,short,0.3669090991657626,57,0.05059658115839675,2.8445882350206375
41,worst,30,either,0.024900339543819427,3.9874397218227386,31,7,7,long,0.520410656944997,31,0.41552608036176875,3.62792706117034
41,worst,60,long,0.01423730980604887,2.195976860821247,61,9,9,long,2.006354535466742,30,0.39602446480523407,1.8845954909920692
41,worst,60,short,0.01006449107080698,1.9992301240563393,60,8,8,short,-0.61071027899913,67,-0.08236390677412161,1.4850909728556871
41,worst,60,either,0.01423730980604887,2.195976860821247,61,9,9,long,2.006354535466742,30,0.39602446480523407,1.8845954909920692
42,mean,15,long,0.06878682971000671,6.878682971000671,19,11,11,long,0.9083862999093667,38,0.6549406968252575,6.724144890904427
42,mean,15,short,0.07249626517295837,7.249626517295837,16,8,8,short,-0.3430706513308041,14,0.7748860774253666,7.015102580189706
42,mean,15,either,0.07249626517295837,7.249626517295837,16,8,8,short,-0.3430706513308041,14,0.593041539994647,7.016406133770943
42,mean,30,long,0.0509774275124073,5.09774275124073,31,12,12,long,0.7011388270788752,44,1.3303677928823963,4.832749664783478
42,mean,30,short,0.05015365034341812,5.015365034341812,30,10,12,short,-2.015306769075976,27,-0.6886736339442601,4.862202629446983
42,mean,30,either,0.0509774275124073,5.09774275124073,31,12,12,long,0.7011388270788752,44,-0.06410646732562095,4.920456372201443
42,mean,60,long,0.03152861446142197,3.1528614461421967,65,14,14,long,0.696809763005539,43,0.8346002040440167,3.0287198536098003
42,mean,60,short,0.03411613404750824,3.411613404750824,60,10,11,short,0.2823872252137063,57,-0.1628193111349809,3.218674845993519
42,mean,60,either,0.03411613404750824,3.411613404750824,60,10,11,short,0.2823872252137063,57,-0.0796500174924833,3.219800218939781
42,fpos,15,long,1.0343934148550034,6.878682971000671,19,11,11,long,0.9083862999093667,38,0.6906894755506664,6.681445837020875
42,fpos,15,short,1.0362481325864792,7.249626517295837,16,8,8,short,-0.3430706513308041,14,1.193640484009355,6.970427036285401
42,fpos,15,either,1.0362481325864792,7.249626517295837,16,8,8,short,-0.3430706513308041,14,1.0062109852176102,6.971730589866638
42,fpos,30,long,1.0254887137562037,5.09774275124073,31,12,12,long,0.7011388270788752,44,1.2944451330126905,4.829134121537209
42,fpos,30,short,1.024542760103941,4.908552020788193,31,8,8,short,-0.4750866942640773,30,-0.4085599500279394,4.662348106503487
42,fpos,30,either,1.0254887137562037,5.09774275124073,31,12,12,long,0.7011388270788752,44,1.1964423434892857,4.848633483052254
42,fpos,60,long,1.015764307230711,3.1528614461421967,65,14,14,long,0.696809763005539,43,0.8369620912627771,2.9637746326625347
42,fpos,60,short,1.0160088762640953,3.2017752528190613,60,12,12,short,-0.22164501830357883,47,-0.39830326938562277,3.0663219653069973
42,fpos,60,either,1.0160088762640953,3.2017752528190613,60,12,12,short,-0.22164501830357883,47,0.02506956103988268,3.092434536665678
42,worst,15,long,0.04174261912703514,6.189710274338722,16,7,7,long,-2.799730704924577,1,-0.7758727835684293,4.957006499171257
42,worst,15,short,0.05157171189785004,6.052528694272041,15,8,8,short,-0.2531725394635839,13,0.05171449505798828,5.684823505580425
42,worst,15,either,0.05157171189785004,6.052528694272041,15,8,8,short,-0.2531725394635839,13,-0.12978879909029814,5.7650139182806015
42,worst,30,long,0.023593802005052567,3.6289874464273453,31,7,7,long,-0.43443436763514287,17,0.9436102851353354,3.5039513185620303
42,worst,30,short,0.03263331204652786,3.8877319544553757,30,6,6,short,-0.66955714233286,35,-0.38654525125703654,3.5594426468014717
42,worst,30,either,0.03263331204652786,3.8877319544553757,30,6,6,short,-0.66955714233286,35,-0.38654525125703654,3.5594426468014717
42,worst,60,long,0.01562678813934326,2.2782430052757263,68,11,11,long,0.43194099517768353,76,0.6503550896979552,2.414030972868204
42,worst,60,short,0.018734494224190712,2.7734167873859406,60,10,10,short,0.003870540712339686,67,0.33774502204249474,2.395851965993643
42,worst,60,either,0.018734494224190712,2.7734167873859406,60,10,10,short,0.003870540712339686,67,0.3317197236405699,2.414123583585024
43,mean,15,long,0.06206918880343437,6.206918880343437,15,5,6,long,1.1020684972119097,10,0.3030509547607887,6.018073707818985
43,mean,15,short,0.07565474510192871,7.565474510192871,15,7,8,short,-1.0810260428350702,4,-0.5845516763819545,7.028653174638748
43,mean,15,either,0.07565474510192871,7.565474510192871,15,7,8,short,-1.0810260428350702,4,-0.5845516763819545,7.028653174638748
43,mean,30,long,0.04229574277997017,4.229574277997017,31,7,9,long,0.7027206744115375,22,0.8300737592058426,4.107930101454258
43,mean,30,short,0.04829835891723633,4.829835891723633,30,11,12,short,-1.6001355367193513,26,-0.7329837326461269,4.742642752826214
43,mean,30,either,0.04829835891723633,4.829835891723633,30,11,12,short,-1.6001355367193513,26,-0.7329837326461269,4.742642752826214
43,mean,60,long,0.02859991043806076,2.859991043806076,62,10,11,long,-0.06903011872552486,41,0.41023931337586833,2.689962014555931
43,mean,60,short,0.032525964081287384,3.2525964081287384,60,10,13,short,-1.6833791105354525,32,-1.6497967683056947,3.112470991909504
43,mean,60,either,0.032525964081287384,3.2525964081287384,60,10,13,short,-1.6833791105354525,32,-1.6497967683056947,3.112470991909504
43,fpos,15,long,1.0303770564496517,6.075411289930344,15,6,6,long,-1.134786823468805,16,0.06876383635415283,5.909462720155716
43,fpos,15,short,1.0349233150482178,6.984663009643555,15,7,7,short,-1.7784083030839397,13,-0.96018667655773,6.9594840705394745
43,fpos,15,either,1.0349233150482178,6.984663009643555,15,7,7,short,-1.7784083030839397,13,-0.96018667655773,6.9594840705394745
43,fpos,30,long,1.0199816524982452,3.996330499649048,36,9,9,long,0.7102276430056043,26,0.9106494114573949,3.9307725057005882
43,fpos,30,short,1.0241043884307146,4.8208776861429214,31,7,7,short,-0.21098359891206817,44,-0.04687305691729805,4.6650466322898865
43,fpos,30,either,1.0241043884307146,4.8208776861429214,31,7,7,short,-0.21098359891206817,44,-0.04687305691729805,4.6650466322898865
43,fpos,60,long,1.01373849529773,2.747699059545994,62,12,12,long,0.4662390319811852,55,0.39331833450113923,2.4111071415245533
43,fpos,60,short,1.0153427002951503,3.068540059030056,63,11,11,short,-1.5815321980458443,52,-1.2252855697033196,2.957296706736088
43,fpos,60,either,1.0153427002951503,3.068540059030056,63,11,11,short,-1.5815321980458443,52,-1.2252855697033196,2.957296706736088
43,worst,15,long,0.03796675428748131,4.182559251785278,18,6,6,long,0.796798192254731,90,1.2921232032238255,4.88809023052454
43,worst,15,short,0.0404844731092453,5.844154208898544,15,7,7,short,-0.07487640765675962,9,-0.5651356354951199,5.844154208898544
43,worst,15,either,0.0404844731092453,5.844154208898544,15,7,7,short,-0.07487640765675962,9,-0.5651356354951199,5.844154208898544
43,worst,30,long,0.024665165692567825,2.7546653524041176,33,6,6,long,1.9901568004830605,17,0.9955663021605622,2.9621494002640247
43,worst,30,short,0.028320683166384697,3.677487373352051,30,6,6,short,,0,-3.036723552806629,3.1712673977017403
43,worst,30,either,0.028320683166384697,3.677487373352051,30,6,6,short,,0,-1.1050550123466354,3.142275866121054
43,worst,60,long,0.008892702870070934,1.6961721703410149,63,7,7,long,0.5291511836746744,132,0.1671994482767255,1.727575734257698
43,worst,60,short,0.01741320826113224,2.5530388578772545,66,6,6,short,-1.2787387090011113,5,-1.8627873283791994,2.6539647206664085
43,worst,60,either,0.01741320826113224,2.5530388578772545,66,6,6,short,-1.2787387090011113,5,-1.8627873283791994,2.6539647206664085
44,mean,15,long,0.0734449252486229,7.344492524862289,15,6,6,long,6.676814475573299,4,3.0330485397988363,7.208402678370477
44,mean,15,short,0.06821734458208084,6.821734458208084,15,6,6,short,-1.1289805815771223,36,-1.0193424134407876,6.572657003998756
44,mean,15,either,0.0734449252486229,7.344492524862289,15,6,6,long,6.676814475573299,4,3.0330485397988363,7.208402678370477
44,mean,30,long,0.04880234971642494,4.880234971642494,31,11,12,long,2.019062356214568,13,0.6964438803868241,4.759522043168545
44,mean,30,short,0.04355226084589958,4.355226084589958,30,11,12,short,-0.31848283770890695,13,0.6398908771139268,4.12656269967556
44,mean,30,either,0.04880234971642494,4.880234971642494,31,11,12,long,2.019062356214568,13,0.6964438803868241,4.759522043168545
44,mean,60,long,0.03407318890094757,3.407318890094757,61,10,10,long,0.5498570129103441,47,0.21908866378816103,3.236945904791355
44,mean,60,short,0.025677479803562164,2.5677479803562164,60,9,10,short,1.390693140819064,18,0.7857400663809277,2.4263303726911545
44,mean,60,either,0.03407318890094757,3.407318890094757,61,10,10,long,0.5498570129103441,47,0.21908866378816103,3.236945904791355
44,fpos,15,long,1.0367224626243114,7.344492524862289,15,6,6,long,6.676814475573299,4,3.0330485397988363,7.208402678370477
44,fpos,15,short,1.0341086722910404,6.821734458208084,15,6,6,short,-1.1289805815771223,36,-0.8603016137463986,6.380563415586948
44,fpos,15,either,1.0367224626243114,7.344492524862289,15,6,6,long,6.676814475573299,4,3.0330485397988363,7.208402678370477
44,fpos,30,long,1.0241503193974495,4.830063879489899,31,7,7,long,0.6379131097688506,31,0.3307875782246481,4.675254486501217
44,fpos,30,short,1.0199180617928505,3.983612358570099,30,10,10,short,-0.07947596160367355,27,-0.1972523184785648,3.7959598004817963
44,fpos,30,either,1.0241503193974495,4.830063879489899,31,7,7,long,0.6379131097688506,31,0.3307875782246481,4.675254486501217
44,fpos,60,long,1.0170365944504738,3.407318890094757,61,10,10,long,0.5498570129103441,47,0.293351850441696,3.0706812255084515
44,fpos,60,short,1.0121903028339148,2.4380605667829514,64,9,9,short,1.3336925269430255,21,0.8275217790869673,2.155294418334961
44,fpos,60,either,1.0170365944504738,3.407318890094757,61,10,10,long,0.5498570129103441,47,0.293351850441696,3.0706812255084515
44,worst,15,long,0.04750071465969086,7.249322533607483,15,6,6,long,0.6179471947806714,2,0.511538343470606,5.753484182059765
44,worst,15,short,0.0394466370344162,5.116916075348854,15,7,7,short,-0.7426145691259384,15,-0.3645829967849267,4.35662716627121
44,worst,15,either,0.04750071465969086,7.249322533607483,15,6,6,long,0.6179471947806714,2,0.511538343470606,5.753484182059765
44,worst,30,long,0.031241273507475853,3.5859614610671997,34,6,6,long,-0.4474031740598143,8,0.2903417451438407,4.309754557907581
44,worst,30,short,0.02541462704539299,3.1941022723913193,31,6,6,short,,0,-0.5118503488263395,3.1524008885025974
44,worst,30,either,0.031241273507475853,3.5859614610671997,34,6,6,long,-0.4474031740598143,8,0.2903417451438407,4.309754557907581
44,worst,60,long,0.022412722930312157,2.828666567802429,60,7,7,long,-2.168512458379071,19,-0.2359183998419883,2.546606883406639
44,worst,60,short,0.012896614149212837,1.9062746316194534,67,6,6,short,,0,0.8357135075613173,1.6465791687369347
44,worst,60,either,0.022412722930312157,2.828666567802429,60,7,7,long,-2.168512458379071,19,-0.2359183998419883,2.546606883406639
45,mean,15,long,0.07517959177494049,7.517959177494049,15,5,6,long,-0.12622146881420454,13,-0.8939706186945711,7.292490899562836
45,mean,15,short,0.07228265702724457,7.228265702724457,15,7,8,short,-2.612958751160882,12,-2.2421449887821443,6.965785548090935
45,mean,15,either,0.07517959177494049,7.517959177494049,15,5,6,long,-0.12622146881420454,13,-0.8939706186945711,7.292490899562836
45,mean,30,long,0.05038142204284668,5.038142204284668,33,10,12,long,0.1302159755102167,31,-0.0956003561196405,4.690981321036816
45,mean,30,short,0.041212283074855804,4.1212283074855804,30,7,9,short,-0.8193956378064216,26,-0.9106027918231414,4.034279026091099
45,mean,30,either,0.05038142204284668,5.038142204284668,33,10,12,long,0.1302159755102167,31,-0.0956003561196405,4.690981321036816
45,mean,60,long,0.0351729579269886,3.51729579269886,62,10,14,long,-0.4416790275301042,67,-0.36825508128455486,3.3308680355548863
45,mean,60,short,0.026985609903931618,2.6985609903931618,61,10,12,short,-0.34787367519026124,35,-0.549554160688855,2.5395381450653076
45,mean,60,either,0.0351729579269886,3.51729579269886,62,10,14,long,-0.4416790275301042,67,-0.36825508128455486,3.3308680355548863
45,fpos,15,long,1.0361806191504002,7.236123830080032,15,6,6,long,-0.9980920304964159,22,-1.0206342987929333,7.236123830080032
45,fpos,15,short,1.035742249339819,7.148449867963791,15,7,7,short,-1.5688006617038726,8,-2.025800782951988,6.861302554607391
45,fpos,15,either,1.0361806191504002,7.236123830080032,15,6,6,long,-0.9980920304964159,22,-1.0206342987929333,7.236123830080032
45,fpos,30,long,1.0210291743278503,4.205834865570068,31,8,8,long,-1.2122017649040484,26,-0.8141717448097805,4.161782823503017
45,fpos,30,short,1.0195579770952463,3.911595419049263,31,11,11,short,-1.7915812792504402,23,-0.9287255756700225,3.7497510761022568
45,fpos,30,either,1.0210291743278503,4.205834865570068,31,8,8,long,-1.2122017649040484,26,-0.8141717448097805,4.161782823503017
45,fpos,60,long,1.016102109104395,3.2204218208789825,60,8,8,long,,0,0.5110352839809295,2.735751923173666
45,fpos,60,short,1.0123594915494323,2.4718983098864555,63,13,13,short,-0.8779757796318609,33,-0.21205116045695713,2.377880848944187
45,fpos,60,either,1.016102109104395,3.2204218208789825,60,8,8,long,,0,0.5110352839809295,2.735751923173666
45,worst,15,long,0.04045777767896652,6.1719875782728195,16,7,7,long,1.4361262891941393,14,0.6144521966451802,5.37606805562973
45,worst,15,short,0.04030165076255798,4.582906514406204,15,6,6,short,-1.3198844962606098,20,0.43348209306827024,4.891337193548679
45,worst,15,either,0.04045777767896652,6.1719875782728195,16,7,7,long,1.4361262891941393,14,0.235958134275006,5.147108770906925
45,worst,30,long,0.03230784833431244,3.7548884749412537,30,7,7,long,-0.9374237526959251,29,-0.49145191043600206,3.506792150437832
45,worst,30,short,0.024964869022369385,3.7981051951646805,30,11,11,short,0.7745718504949672,22,0.337475580982964,3.0293587408959866
45,worst,30,either,0.03230784833431244,3.7548884749412537,30,7,7,long,-0.9374237526959251,29,-0.49145191043600206,3.506792150437832
45,worst,60,long,0.013943783938884735,3.2204218208789825,60,8,8,long,,0,0.3096431655597837,2.1693914383649826
45,worst,60,short,0.015818146988749504,1.7779160290956497,61,6,6,short,,0,0.3233567511464698,1.7603288125246763
45,worst,60,either,0.015818146988749504,1.7779160290956497,61,6,6,short,,0,0.24464870700632518,1.976016703993082
46,mean,15,long,0.08345170319080353,8.345170319080353,15,9,9,long,-0.4874445711193799,24,-0.6283709638708774,8.156876936554909
46,mean,15,short,0.061207715421915054,6.120771542191505,15,5,6,short,-1.3235660707450208,21,-0.5062222902827989,5.530497506260872
46,mean,15,either,0.08345170319080353,8.345170319080353,15,9,9,long,-0.4874445711193799,24,-0.6283709638708774,8.156876936554909
46,mean,30,long,0.058827921748161316,5.882792174816132,30,5,6,long,0.6708067093074505,31,0.25196412914546884,5.75498603284359
46,mean,30,short,0.03819989785552025,3.819989785552025,31,10,11,short,-1.0638190014254822,26,-0.6505918267124979,3.6471533402800556
46,mean,30,either,0.058827921748161316,5.882792174816132,30,5,6,long,0.6708067093074505,31,0.25196412914546884,5.75498603284359
46,mean,60,long,0.04173655807971954,4.173655807971954,60,6,7,long,4.708802426588022,5,0.8234954877469367,4.07998438924551
46,mean,60,short,0.02589770033955574,2.589770033955574,62,12,12,short,-0.07189494022312726,32,-0.13116460582723335,2.440276127308607
46,mean,60,either,0.04173655807971954,4.173655807971954,60,6,7,long,4.708802426588022,5,0.8234954877469367,4.07998438924551
46,fpos,15,long,1.0417258515954018,8.345170319080353,15,9,9,long,-0.4874445711193799,24,-0.6374710595198188,8.156876936554909
46,fpos,15,short,1.0286619942635298,5.7323988527059555,15,7,7,short,-1.0454248068626337,17,-0.559246157465181,5.285922177135944
46,fpos,15,either,1.0417258515954018,8.345170319080353,15,9,9,long,-0.4874445711193799,24,-0.6374710595198188,8.156876936554909
46,fpos,30,long,1.029134763404727,5.826952680945396,34,7,7,long,1.229631026994558,22,-0.7994451851898057,5.6228941306471825
46,fpos,30,short,1.0180163905024529,3.60327810049057,30,8,8,short,-0.6524522375685262,30,-0.19195853516454953,3.4919260069727898
46,fpos,30,either,1.029134763404727,5.826952680945396,34,7,7,long,1.229631026994558,22,-0.7994451851898057,5.6228941306471825
46,fpos,60,long,1.0205211527645588,4.104230552911758,64,7,7,long,0.6480798917428381,9,0.2908003130152042,4.068602472543716
46,fpos,60,short,1.0129488501697779,2.589770033955574,62,12,12,short,-0.07189494022312726,32,0.33058263111459485,2.3204870708286762
46,fpos,60,either,1.0205211527645588,4.104230552911758,64,7,7,long,0.6480798917428381,9,0.2908003130152042,4.068602472543716
46,worst,15,long,0.062445834279060364,7.916600257158279,15,6,6,long,0.5939677452475322,31,-0.07651663211990099,6.619741916656493
46,worst,15,short,0.033682916313409805,4.781196266412735,16,7,7,short,3.356550848961338,17,-0.20960534030860706,4.194158762693405
46,worst,15,either,0.062445834279060364,7.916600257158279,15,6,6,long,0.5939677452475322,31,-0.07651663211990099,6.619741916656493
46,worst,30,long,0.03656768053770065,5.145561322569847,30,6,6,long,0.6629577357344077,35,-0.15220036423060626,4.646968953311443
46,worst,30,short,0.01930144801735878,2.6761503890156746,31,7,7,short,1.6303440775616498,2,0.32315855727445403,2.9146728850901127
46,worst,30,either,0.03656768053770065,5.145561322569847,30,6,6,long,0.6629577357344077,35,-0.15220036423060626,4.646968953311443
46,worst,60,long,0.028322692960500717,3.576061502099037,62,6,6,long,2.925064686244376,5,2.022815441193616,3.5856557264924054
46,worst,60,short,0.011108026839792728,1.9557205960154533,63,9,9,short,0.3782044964063757,24,0.4585307447818964,2.0803188532590866
46,worst,60,either,0.028322692960500717,3.576061502099037,62,6,6,long,2.925064686244376,5,2.022815441193616,3.5856557264924054
47,mean,15,long,0.07477650791406631,7.4776507914066315,16,6,6,long,2.1324364172209234,27,-0.6997552451138872,7.2375937551259995
47,mean,15,short,0.06600841134786606,6.600841134786606,16,7,8,short,4.364787773245996,4,0.40853466384214493,6.175404526293278
47,mean,15,either,0.07477650791406631,7.4776507914066315,16,6,6,long,2.1324364172209234,27,-0.6997552451138872,7.2375937551259995
47,mean,30,long,0.05188632756471634,5.188632756471634,32,6,6,long,0.5295154895744465,28,0.43509050814483113,5.006659924983978
47,mean,30,short,0.04239325970411301,4.239325970411301,30,7,8,short,-0.8167032885182448,23,-1.5078193717616932,4.112917520105839
47,mean,30,either,0.05188632756471634,5.188632756471634,32,6,6,long,0.5295154895744465,28,0.43509050814483113,5.006659924983978
47,mean,60,long,0.032351236790418625,3.2351236790418625,63,9,12,long,0.058309789282947284,78,0.18960113329246955,3.085138201713562
47,mean,60,short,0.02897084876894951,2.897084876894951,60,12,12,short,-1.5252060507971752,38,-1.3011200518624533,2.752086818218231
47,mean,60,either,0.032351236790418625,3.2351236790418625,63,9,12,long,0.058309789282947284,78,0.18960113329246955,3.085138201713562
47,fpos,15,long,1.0373882539570332,7.4776507914066315,16,6,6,long,2.1324364172209234,27,0.599109783590174,7.176196873188019
47,fpos,15,short,1.0320052988827229,6.401059776544571,15,7,7,short,-1.7204889889707138,13,-0.4468607290608487,6.045893579721451
47,fpos,15,either,1.0373882539570332,7.4776507914066315,16,6,6,long,2.1324364172209234,27,0.599109783590174,7.176196873188019
47,fpos,30,long,1.0259431637823582,5.188632756471634,32,6,6,long,0.5295154895744465,28,0.2788052481701548,4.923836700618267
47,fpos,30,short,1.0205593351274729,4.1118670254945755,32,6,6,short,-0.43204732718790834,8,-0.5766195247382757,3.962794505059719
47,fpos,30,either,1.0259431637823582,5.188632756471634,32,6,6,long,0.5295154895744465,28,0.2788052481701548,4.923836700618267
47,fpos,60,long,1.013993234373629,2.7986468747258186,60,7,7,long,-0.3215082709453142,76,0.1619704050425407,2.602387312799692
47,fpos,60,short,1.0144854243844748,2.897084876894951,60,12,12,short,-1.5252060507971752,38,-1.550975110773243,2.65609672293067
47,fpos,60,either,1.0144854243844748,2.897084876894951,60,12,12,short,-1.5252060507971752,38,-0.9269112200881165,2.713043224066496
47,worst,15,long,0.05460299551486969,6.585022807121277,18,6,6,long,1.3201632118394238,21,1.0867652476470697,6.281800828874111
47,worst,15,short,0.04024134576320648,5.270694941282272,16,7,7,short,-5.270587891159644,2,-0.8360819722732221,4.598601572215557
47,worst,15,either,0.05460299551486969,6.585022807121277,18,6,6,long,1.3201632118394238,21,1.0867652476470697,6.281800828874111
47,worst,30,long,0.033814139664173126,4.387156665325165,32,6,6,long,0.236017201768301,28,1.0635890995075585,4.725452661514282
47,worst,30,short,0.026133209466934204,3.7071559578180313,34,7,7,short,-1.0151244910231287,20,0.3820626337673514,3.4428752586245537
47,worst,30,either,0.033814139664173126,4.387156665325165,32,6,6,long,0.236017201768301,28,1.0635890995075585,4.725452661514282
47,worst,60,long,0.015085631981492043,2.2233961150050163,60,7,7,long,0.3887562253492854,98,0.3414338485059849,2.106844838708639
47,worst,60,short,0.014179239049553871,2.1758193150162697,60,7,7,short,,0,2.65368536066047,1.9026977010071278
47,worst,60,either,0.015085631981492043,2.2233961150050163,60,7,7,long,0.3887562253492854,98,0.3414338485059849,2.106844838708639
48,mean,15,long,0.08363320678472519,8.363320678472519,15,6,6,long,-1.5010397492294152,12,-0.9024789778740706,7.537659332156181
48,mean,15,short,0.06476113945245743,6.476113945245743,15,9,9,short,-0.3590347177840486,7,0.9737318970041384,6.355820223689079
48,mean,15,either,0.08363320678472519,8.363320678472519,15,6,6,long,-1.5010397492294152,12,-0.9024789778740706,7.537659332156181
48,mean,30,long,0.0565570667386055,5.65570667386055,31,8,9,long,0.22921818690663623,28,0.14228989501530828,5.248500593006611
48,mean,30,short,0.045494649559259415,4.5494649559259415,32,10,10,short,0.5420401349188992,45,0.5715682577767599,4.3811240792274475
48,mean,30,either,0.0565570667386055,5.65570667386055,31,8,9,long,0.22921818690663623,28,0.14228989501530828,5.248500593006611
48,mean,60,long,0.03601517900824547,3.601517900824547,63,11,13,long,0.3179540487235783,55,-0.4044618152576817,3.5297857969999313
48,mean,60,short,0.029479093849658966,2.9479093849658966,60,10,12,short,0.0904467220902629,50,0.13813458711538054,2.8652020916342735
48,mean,60,either,0.03601517900824547,3.601517900824547,63,11,13,long,0.3179540487235783,55,-0.4044618152576817,3.5297857969999313
48,fpos,15,long,1.0418166033923626,8.363320678472519,15,6,6,long,-1.5010397492294152,12,-0.9024789778740706,7.537659332156181
48,fpos,15,short,1.0323805697262287,6.476113945245743,15,9,9,short,-0.3590347177840486,7,0.628266143705449,6.351256743073463
48,fpos,15,either,1.0418166033923626,8.363320678472519,15,6,6,long,-1.5010397492294152,12,-0.9024789778740706,7.537659332156181
48,fpos,30,long,1.027988350018859,5.597670003771782,32,11,11,long,-0.7471011789610376,22,-0.15593491784487526,5.015397220849991
48,fpos,30,short,1.0227473247796297,4.5494649559259415,32,10,10,short,0.5420401349188992,45,1.2193643106816305,4.301763661205769
48,fpos,30,either,1.027988350018859,5.597670003771782,32,11,11,long,-0.7471011789610376,22,-0.15593491784487526,5.015397220849991
48,fpos,60,long,1.0155095187947154,3.101903758943081,62,12,12,long,-0.10098774004358779,54,-0.004549601781104194,3.0475947447121143
48,fpos,60,short,1.0141753070056438,2.835061401128769,60,12,12,short,0.10592566563509523,15,0.32454043295280705,2.7360786870121956
48,fpos,60,either,1.0155095187947154,3.101903758943081,62,12,12,long,-0.10098774004358779,54,-0.004549601781104194,3.0475947447121143
48,worst,15,long,0.046710073947906494,6.928975880146027,18,6,6,long,-0.8356931952512658,19,0.05813677563786315,6.226282007992268
48,worst,15,short,0.043009836226701736,4.908619076013565,15,6,6,short,-3.132601354190782,5,-0.9322787120194381,5.38651168346405
48,worst,15,either,0.046710073947906494,6.928975880146027,18,6,6,long,-0.8356931952512658,19,-0.24323338560958035,6.090938337147236
48,worst,30,long,0.03041311725974083,4.747427254915237,30,8,8,long,-0.10086777753851343,44,-0.019015175255835785,4.5646850019693375
48,worst,30,short,0.024538977071642876,3.6284472793340683,30,11,11,short,1.4244083444889888,28,0.5398943669855956,3.1061414629220963
48,worst,30,either,0.03041311725974083,4.747427254915237,30,8,8,long,-0.10086777753851343,44,-0.019015175255835785,4.5646850019693375
48,worst,60,long,0.01914784498512745,2.5528255850076675,60,6,6,long,-0.5385404409458,2,-0.40057673138859096,2.195212449878454
48,worst,60,short,0.012208511121571064,1.7881404608488083,61,6,6,short,,0,0.07100381431764705,1.9662880524992943
48,worst,60,either,0.01914784498512745,2.5528255850076675,60,6,6,long,-0.5385404409458,2,-0.40057673138859096,2.195212449878454
49,mean,15,long,0.082256980240345,8.2256980240345,15,7,7,long,-0.13872527985476324,18,0.24446294472748537,7.54202164709568
49,mean,15,short,0.06512483954429626,6.5124839544296265,15,9,9,short,1.8712098900689151,20,1.544217318260388,6.402103900909424
49,mean,15,either,0.082256980240345,8.2256980240345,15,7,7,long,-0.13872527985476324,18,0.24446294472748537,7.54202164709568
49,mean,30,long,0.05483316630125046,5.483316630125046,31,8,9,long,-0.5098979598706305,27,-0.6581985049677862,5.156545042991638
49,mean,30,short,0.038765937089920044,3.8765937089920044,31,11,13,short,0.14567550081775058,21,-0.34879630920199206,3.7452743202447887
49,mean,30,either,0.05483316630125046,5.483316630125046,31,8,9,long,-0.5098979598706305,27,-0.6581985049677862,5.156545042991638
49,mean,60,long,0.037004292011260986,3.7004292011260986,61,12,14,long,-0.13758053571640785,33,-0.4073239126584322,3.6380253359675407
49,mean,60,short,0.022436251863837242,2.243625186383724,61,7,9,short,0.555334001890798,72,-0.038652538674646894,2.0961337350308895
49,mean,60,either,0.037004292011260986,3.7004292011260986,61,12,14,long,-0.13758053571640785,33,-0.4073239126584322,3.6380253359675407
49,fpos,15,long,1.0411284901201725,8.2256980240345,15,7,7,long,-0.13872527985476324,18,0.2368169668469719,7.536316141486169
49,fpos,15,short,1.0325624197721481,6.5124839544296265,15,9,9,short,1.8712098900689151,20,1.6518390109042682,6.397592723369598
49,fpos,15,either,1.0411284901201725,8.2256980240345,15,7,7,long,-0.13872527985476324,18,0.2368169668469719,7.536316141486169
49,fpos,30,long,1.0256377700716257,5.127554014325142,30,9,9,long,-0.5963716367236928,28,-0.49909986244065463,4.885045625269413
49,fpos,30,short,1.018639799207449,3.727959841489792,32,8,8,short,-0.9336878086269561,22,0.36136278678638534,3.363659977912903
49,fpos,30,either,1.0256377700716257,5.127554014325142,30,9,9,long,-0.5963716367236928,28,-0.49909986244065463,4.885045625269413
49,fpos,60,long,1.017791597172618,3.5583194345235825,61,12,12,long,-1.3404704118444961,74,-0.4459566982925177,3.451057225465774
49,fpos,60,short,1.0090343970805407,1.8068794161081314,62,11,11,short,-0.1351682334669672,62,0.06697811900449241,1.6453356109559538
49,fpos,60,either,1.017791597172618,3.5583194345235825,61,12,12,long,-1.3404704118444961,74,-0.4459566982925177,3.451057225465774
49,worst,15,long,0.05074217915534973,6.518053263425827,15,6,6,long,0.616777590126433,23,-0.23170657538744976,5.8547040075063705
49,worst,15,short,0.03433825820684433,4.301899299025536,15,6,6,short,-8.550716160708543,1,-0.44256931365183155,5.179580487310886
49,worst,15,either,0.05074217915534973,6.518053263425827,15,6,6,long,0.616777590126433,23,-0.23170657538744976,5.8547040075063705
49,worst,30,long,0.035038143396377563,4.2362939566373825,31,6,6,long,-0.2999541158815999,41,-0.28503917028803094,4.195874892175198
49,worst,30,short,0.02216188609600067,3.058837726712227,31,8,8,short,-1.112337828643293,21,0.3962383213156383,3.0677674524486065
49,worst,30,either,0.035038143396377563,4.2362939566373825,31,6,6,long,-0.2999541158815999,41,-0.28503917028803094,4.195874892175198
49,worst,60,long,0.018100284039974213,3.121817111968994,60,9,9,long,0.2259793856702384,49,0.12021458119476995,2.9661942832171917
49,worst,60,short,0.010660452768206596,1.1588271707296371,62,6,6,short,0.8357135075613173,1,0.8357135075613173,1.3350973092019558
49,worst,60,either,0.018100284039974213,3.121817111968994,60,9,9,long,0.2259793856702384,49,0.12021458119476995,2.9661942832171917
