objective,min_trades,side,rank,level,rule,conds,sign,is_obj,is_avg_pct,is_trades,is_quarters,is_q_pos,first14_trades,first14_avg_pct,first14_avg_net_pct,first14_up_pct,first14_median_pct,first14_q_with,first14_q_pos,first14_worst_q_pct,first14_without_best5_pct,last8_trades,last8_avg_pct,last8_avg_net_pct,last8_up_pct,last8_median_pct,last8_q_with,last8_q_pos,last8_worst_q_pct,last8_without_best5_pct,all22_trades,all22_avg_pct,all22_avg_net_pct,all22_up_pct,all22_median_pct,all22_q_with,all22_q_pos,all22_worst_q_pct,all22_without_best5_pct,all22_tp_avg_pct,last8_tp_avg_pct
mean,15,long,1,3,LONG: gap0 <= 0 AND intra0 <= 0.021 AND gap5 <= -0.01189,"[1613, 1655, 1659]",1,0.07679114490747452,7.679114490747452,15,6,6,15,7.679114002538563,7.509114002538563,100.0,6.78422396528275,6,6,3.713890809023005,5.228540563246927,23,2.151055983862251,1.981055983862251,69.56521739130434,0.93344411308053,8.0,7.0,-2.509735858295865,0.4984779427965855,38,4.333184149129216,4.163184149129216,81.57894736842105,3.82489665472942,14,13,-2.509735858295865,3.0081368415346024,2.6590289998391645,1.483546189871247
mean,15,long,2,3,LONG: gap0 <= 0 AND intra0 <= 0.01274 AND gap5 <= -0.01189,"[1613, 1653, 1659]",1,0.07679114490747452,7.679114490747452,15,6,6,15,7.679114002538563,7.509114002538563,100.0,6.78422396528275,6,6,3.713890809023005,5.228540563246927,19,2.279212135777931,2.109212135777931,68.42105263157895,0.93344411308053,8.0,7.0,-2.509735858295865,0.2002389943776756,34,4.66152178287821,4.49152178287821,82.35294117647058,4.11015071144987,14,13,-2.509735858295865,3.210319266261752,2.7904072042599175,1.4711739641046107
mean,15,long,3,3,LONG: from_52w_high <= -0.2259 AND intra0 <= -0.0235 AND exn_10d >= -0.09383,"[191, 1635, 1814]",1,0.07560164481401443,7.5601644814014435,15,6,5,15,7.560163853037598,7.390163853037598,93.33333333333333,7.329780717434129,6,5,-1.27819672225057,5.020472642036007,24,0.8121649214634796,0.6421649214634796,54.166666666666664,1.08414040896143,8.0,6.0,-4.3365946883195745,-1.4333569144263194,39,3.407549125915063,3.2375491259150633,69.23076923076923,4.1053096494718595,14,11,-4.3365946883195745,1.9245678271169062,2.4329722172046706,0.36732106597221
mean,15,long,4,3,LONG: from_52w_high <= -0.2259 AND intra0 <= -0.0235 AND nifty_3d <= -0.002748,"[191, 1635, 1745]",1,0.07484639436006546,7.484639436006546,16,6,6,16,7.484638946501213,7.314638946501213,100.0,7.2823032978542255,6,6,0.70150490766074,5.141499251710497,15,1.10388833821367,0.93388833821367,53.333333333333336,0.93344411308053,5.0,3.0,-1.1873777972867832,-2.8935032545742514,31,4.397178974749175,4.227178974749175,77.41935483870968,5.58060456995435,11,9,-1.1873777972867832,2.648209170327375,3.41318488397769,0.7364782923112906
mean,15,long,5,3,LONG: pe >= 61.15 AND dist_20h <= -0.09264 AND z5 <= 0.1735,"[903, 1927, 2082]",1,0.07390096038579941,7.390096038579941,15,7,7,15,7.390096709442982,7.220096709442983,86.66666666666667,7.2350269318679,7,7,2.138726762937995,4.004034726010571,28,2.0716018693183673,1.9016018693183674,75.0,2.41674329162631,7.0,6.0,-1.30432606938294,0.17419884220132822,43,3.926890767036258,3.7568907670362575,79.06976744186046,3.8338314994732197,14,13,-1.30432606938294,2.452895460209932,2.7294776201973905,2.102060067577079
mean,15,long,6,3,LONG: r1w <= 0.02407 AND pe >= 61.15 AND dist_20h <= -0.09264,"[23, 903, 1927]",1,0.07390096038579941,7.390096038579941,15,7,7,15,7.390096709442982,7.220096709442983,86.66666666666667,7.2350269318679,7,7,2.138726762937995,4.004034726010571,30,1.4567062643886308,1.2867062643886307,70.0,2.25356853146066,8.0,6.0,-9.68864286668726,-0.41188364154499324,45,3.4345030794067486,3.264503079406748,75.55555555555556,3.58728835811293,15,13,-9.68864286668726,1.9726590769680523,2.290308294649609,1.4851339160967618
mean,15,long,7,3,LONG: r1w <= 0.008017 AND pe >= 61.15 AND dist_20h <= -0.09264,"[19, 903, 1927]",1,0.07390096038579941,7.390096038579941,15,7,7,15,7.390096709442982,7.220096709442983,86.66666666666667,7.2350269318679,7,7,2.138726762937995,4.004034726010571,28,2.0716018693183673,1.9016018693183674,75.0,2.41674329162631,7.0,6.0,-1.30432606938294,0.17419884220132822,43,3.926890767036258,3.7568907670362575,79.06976744186046,3.8338314994732197,14,13,-1.30432606938294,2.452895460209932,2.7294776201973905,2.102060067577079
mean,15,long,8,3,LONG: r1w <= 0.01552 AND pe >= 61.15 AND dist_20h <= -0.09264,"[21, 903, 1927]",1,0.07390096038579941,7.390096038579941,15,7,7,15,7.390096709442982,7.220096709442983,86.66666666666667,7.2350269318679,7,7,2.138726762937995,4.004034726010571,29,1.6660761887664495,1.4960761887664493,72.41379310344827,2.37219410103303,8.0,6.0,-9.68864286668726,-0.23675289566902957,44,3.6174468208152684,3.4474468208152684,77.27272727272727,3.7105599287930753,15,13,-9.68864286668726,2.141573964648466,2.4472476091318303,1.6954841043265847
mean,15,long,9,3,LONG: pe >= 61.15 AND dist_20h <= -0.09264 AND z5 <= 0.6063,"[903, 1927, 2086]",1,0.07390096038579941,7.390096038579941,15,7,7,15,7.390096709442982,7.220096709442983,86.66666666666667,7.2350269318679,7,7,2.138726762937995,4.004034726010571,31,1.25262423912239,1.08262423912239,67.74193548387096,2.13494296188829,8.0,6.0,-9.68864286668726,-0.5833433675957558,46,3.2539739577051927,3.0839739577051923,73.91304347826086,3.39428963581739,15,13,-9.68864286668726,1.8057689404843238,2.1346529726166867,1.280134869807678
mean,15,long,10,3,LONG: pe >= 61.15 AND dist_20h <= -0.09264 AND z5 <= 0.3896,"[903, 1927, 2084]",1,0.07390096038579941,7.390096038579941,15,7,7,15,7.390096709442982,7.220096709442983,86.66666666666667,7.2350269318679,7,7,2.138726762937995,4.004034726010571,30,1.4567062643886308,1.2867062643886307,70.0,2.25356853146066,8.0,6.0,-9.68864286668726,-0.41188364154499324,45,3.4345030794067486,3.264503079406748,75.55555555555556,3.58728835811293,15,13,-9.68864286668726,1.9726590769680523,2.290308294649609,1.4851339160967618
mean,15,long,11,3,LONG: pe >= 61.15 AND dist_20h <= -0.09264 AND z5 <= 0.8623,"[903, 1927, 2088]",1,0.07342537492513657,7.342537492513657,16,8,8,16,7.342537331719756,7.172537331719757,87.5,6.972286846446544,8,8,2.138726762937995,4.2426812659979145,32,1.1175597268368613,0.9475597268368614,65.625,2.0313313532797297,8.0,6.0,-9.68864286668726,-0.6754210263520063,48,3.192552261797826,3.022552261797826,72.91666666666666,3.39428963581739,16,14,-9.68864286668726,1.804563559807305,2.1021265708892862,1.144210650313234
mean,15,long,12,3,LONG: vs_sector_1m >= -0.1239 AND pe >= 61.15 AND dist_20h <= -0.09264,"[470, 903, 1927]",1,0.07266704738140106,7.266704738140106,15,7,7,15,7.266705058612094,7.096705058612095,86.66666666666667,7.2350269318679,7,7,1.2132893817063253,3.8189472497642365,28,0.5399807864753635,0.36998078647536353,64.28571428571429,1.79621179846456,8.0,5.0,-9.68864286668726,-1.2440613433461318,43,2.8865125093137576,2.7165125093137577,72.09302325581395,2.6459723154342902,15,12,-9.68864286668726,1.3552401397814675,1.7729721413394746,0.6992436094189708
mean,15,long,13,3,LONG: nifty_1m <= -0.01047 AND pe >= 40.69 AND r2d <= 0.01325,"[527, 899, 1521]",1,0.07239199429750443,7.2391994297504425,15,7,7,15,7.2392005203430365,7.0692005203430375,86.66666666666667,7.4138677129488295,7,7,0.27744560698021997,3.775893553663919,54,0.06603456812275392,-0.10396543187724608,51.85185185185185,0.14217182411488,6.0,1.0,-4.03416398941318,-1.155290199225544,69,1.625418470779337,1.455418470779337,59.42028985507246,1.9277197446711698,13,8,-4.03416398941318,0.5697862061922233,1.0756275418100902,0.19437932776368488
mean,15,long,14,3,LONG: pe >= 61.15 AND dist_20h <= -0.09264 AND dist_20l <= 0.05437,"[903, 1927, 1956]",1,0.07146746665239334,7.146746665239334,16,8,8,16,7.1467464597008545,6.9767464597008555,87.5,6.972286846446544,8,8,2.138726762937995,3.9578945430613306,28,1.904731229889013,1.7347312298890127,71.42857142857143,2.41674329162631,7.0,5.0,-9.68864286668726,-0.028948023190929026,44,3.8109185861842283,3.6409185861842284,77.27272727272727,3.7105599287930753,15,13,-9.68864286668726,2.359849802500627,2.6407193745007906,1.9351894281477247
mean,15,long,15,3,LONG: vs_sector_1w <= 0.01932 AND pe >= 61.15 AND dist_20h <= -0.09264,"[387, 903, 1927]",1,0.07146746665239334,7.146746665239334,16,8,8,16,7.1467464597008545,6.9767464597008555,87.5,6.972286846446544,8,8,2.138726762937995,3.9578945430613306,29,1.4132786370049184,1.2432786370049183,68.96551724137932,2.13494296188829,8.0,6.0,-9.68864286668726,-0.5422166040475466,45,3.4518449739634733,3.2818449739634734,75.55555555555556,3.58728835811293,16,14,-9.68864286668726,1.9921687083443682,2.3076501892063344,1.4426865525650538
mean,15,long,16,3,LONG: vs_sector_1w <= 0.01212 AND pe >= 61.15 AND dist_20h <= -0.09264,"[385, 903, 1927]",1,0.07146746665239334,7.146746665239334,16,8,8,16,7.1467464597008545,6.9767464597008555,87.5,6.972286846446544,8,8,2.138726762937995,3.9578945430613306,27,1.2563604351820736,1.0863604351820737,66.66666666666666,2.13494296188829,8.0,6.0,-9.68864286668726,-0.9125703281985342,43,3.448131979189062,3.278131979189062,74.4186046511628,3.58728835811293,16,14,-9.68864286668726,1.9111420950144231,2.275445449799768,1.3273261426478347
mean,15,long,17,3,LONG: pe >= 61.15 AND dist_20h <= -0.09264 AND dist_20l <= 0.04633,"[903, 1927, 1954]",1,0.07146746665239334,7.146746665239334,16,8,8,16,7.1467464597008545,6.9767464597008555,87.5,6.972286846446544,8,8,2.138726762937995,3.9578945430613306,27,2.183007409326907,2.013007409326907,74.07407407407408,2.46129248221959,7.0,5.0,-9.68864286668726,0.224678230979216,43,4.029980079233493,3.8599800792334924,79.06976744186046,3.8338314994732197,15,13,-9.68864286668726,2.569549155591016,2.8325669323946263,2.214593689002608
mean,15,long,18,3,LONG: nifty_1m <= -0.01684 AND pe >= 27.86 AND r2d <= 0.01325,"[525, 895, 1521]",1,0.07125360518693924,7.125360518693924,16,6,5,16,7.125360678920818,6.955360678920819,93.75,6.412077696606845,6,5,-0.84910589185668,3.925154417656978,67,0.10678207948652255,-0.06321792051347745,52.23880597014925,0.14439687719129,5.0,2.0,-4.03416398941318,-0.9214374488790514,83,1.4597610866063866,1.2897610866063864,60.24096385542169,1.90623021397393,11,7,-4.03416398941318,0.5640233406326909,1.0794615555135219,0.21496990615484254
mean,15,long,19,3,LONG: r1w <= 0.03785 AND pe >= 61.15 AND dist_20h <= -0.09264,"[25, 903, 1927]",1,0.07116299122571945,7.116299122571945,17,9,9,17,7.116299413005001,6.9462994130050015,88.23529411764706,6.70954676102519,9,9,2.138726762937995,4.180498886628833,32,1.1175597268368613,0.9475597268368614,65.625,2.0313313532797297,8.0,6.0,-9.68864286668726,-0.6754210263520063,49,3.198755128160502,3.028755128160502,73.46938775510205,3.49649271356893,17,15,-9.68864286668726,1.843016495120069,2.1305830227807077,1.144210650313234
mean,15,long,20,3,LONG: gap5 <= -0.006343 AND sec_d0 <= -0.003354 AND vol5_60 <= 0.8784,"[1661, 1849, 2002]",1,0.07105197012424469,7.105197012424469,16,8,7,16,7.105195567416509,6.9351955674165096,93.75,6.746885363153971,8,7,-6.01909877268386,3.9531638705675434,17,1.5425757398881978,1.3725757398881977,47.05882352941176,-0.06508368532652001,7.0,5.0,-0.418932119373055,-0.8412971564233174,33,4.23960353505344,4.06960353505344,69.6969696969697,3.7159724618791503,15,12,-6.01909877268386,2.3895726851919465,2.8399591562216404,1.4385643712267253
mean,15,long,21,3,LONG: from_52w_high <= -0.2259 AND d0 <= -0.02338 AND sec_3d <= -0.01345,"[191, 1427, 1873]",1,0.07101450115442276,7.101450115442276,15,6,6,15,7.101450327665628,6.931450327665628,93.33333333333333,7.23482587827432,6,6,0.89779668881173,4.3341992426747815,12,1.0371961043007023,0.8671961043007024,41.66666666666667,-0.74035349518862,5.0,3.0,-2.71174642433154,-3.8856648245206107,27,4.406226228392328,4.236226228392328,70.37037037037037,5.13562897855546,11,9,-2.71174642433154,2.341318108085464,3.6141095017310407,1.5076758894986464
mean,15,long,22,3,LONG: vs_ma200 <= -0.1321 AND peers_reported_n <= 1 AND d2 <= 0.003655,"[265, 1157, 1491]",1,0.07082825154066086,7.082825154066086,15,6,6,15,7.082825705355146,6.9128257053551465,86.66666666666667,6.54552487818317,6,6,2.15514972824297,3.797298404216718,28,2.870300076923129,2.700300076923129,67.85714285714286,1.9098173269357501,6.0,4.0,-2.46110475244577,1.0151388121797718,43,4.33978576125988,4.169785761259879,74.4186046511628,3.6178676062085398,12,10,-2.46110475244577,2.949845034053067,3.858219886317139,3.143449557086299
mean,15,long,23,3,LONG: vs_ma200 <= -0.1761 AND vs_nifty_1w <= -0.03509 AND own_rd >= -0.02203,"[263, 399, 2165]",1,0.07078179717063904,7.078179717063904,15,6,5,15,7.078179237747789,6.90817923774779,93.33333333333333,7.08363189099539,6,5,-2.38822104814259,3.99689052068922,18,1.4935856637680982,1.3235856637680983,61.111111111111114,0.685835262726175,5.0,3.0,-1.5450127663642668,-1.2284925635359039,33,4.032037288304321,3.862037288304321,75.75757575757575,3.01349002753016,11,8,-2.38822104814259,2.2155801403086697,2.993595812664463,1.2221416039115072
mean,15,long,24,3,LONG: vs_ma50 <= -0.09392 AND vs_ma200 <= -0.1761 AND sec_vs_nifty_1w <= 0.001928,"[241, 263, 1213]",1,0.0705396980047226,7.0539698004722595,15,6,6,15,7.053970349453249,6.88397034945325,86.66666666666667,6.62914666587135,6,6,4.3047232915091405,3.835720297067192,20,0.8800520184454352,0.7100520184454352,55.00000000000001,0.624592548442445,4.0,2.0,-0.50319899030564,-1.8136645297396972,35,3.526017017448784,3.3560170174487842,68.57142857142857,3.01349002753016,10,8,-0.50319899030564,1.7047013371168467,2.479432700298654,0.6883792930775685
mean,15,long,25,3,LONG: r1w <= -0.08051 AND vs_ma200 <= -0.1072 AND nifty_3d <= 0.01849,"[3, 267, 1757]",1,0.07037749886512756,7.037749886512756,15,6,5,15,7.037750038556584,6.867750038556585,93.33333333333333,7.23482587827432,6,5,-1.27819672225057,4.1630611497346965,12,3.592962573791094,3.422962573791094,66.66666666666666,4.60853064941134,5.0,4.0,-1.4151285166214,-1.0011388829611845,27,5.5067333875496995,5.3367333875497,81.48148148148148,5.58060456995435,11,9,-1.4151285166214,3.632317739536253,4.13102091301683,3.2912790832765415
mean,15,long,26,3,LONG: r1w <= -0.08051 AND vs_ma200 <= -0.1072 AND nifty_3d <= 0.01557,"[3, 267, 1755]",1,0.07037749886512756,7.037749886512756,15,6,5,15,7.037750038556584,6.867750038556585,93.33333333333333,7.23482587827432,6,5,-1.27819672225057,4.1630611497346965,12,3.592962573791094,3.422962573791094,66.66666666666666,4.60853064941134,5.0,4.0,-1.4151285166214,-1.0011388829611845,27,5.5067333875496995,5.3367333875497,81.48148148148148,5.58060456995435,11,9,-1.4151285166214,3.632317739536253,4.13102091301683,3.2912790832765415
mean,15,long,27,3,LONG: r1w <= -0.08051 AND vs_ma200 <= -0.1072 AND gap0 <= 0.01287,"[3, 267, 1629]",1,0.07037749886512756,7.037749886512756,15,6,5,15,7.037750038556584,6.867750038556585,93.33333333333333,7.23482587827432,6,5,-1.27819672225057,4.1630611497346965,12,3.592962573791094,3.422962573791094,66.66666666666666,4.60853064941134,5.0,4.0,-1.4151285166214,-1.0011388829611845,27,5.5067333875496995,5.3367333875497,81.48148148148148,5.58060456995435,11,9,-1.4151285166214,3.632317739536253,4.13102091301683,3.2912790832765415
mean,15,long,28,3,LONG: r1w <= -0.08051 AND vs_ma200 <= -0.1072 AND nifty_3d <= 0.01248,"[3, 267, 1753]",1,0.07037749886512756,7.037749886512756,15,6,5,15,7.037750038556584,6.867750038556585,93.33333333333333,7.23482587827432,6,5,-1.27819672225057,4.1630611497346965,12,3.592962573791094,3.422962573791094,66.66666666666666,4.60853064941134,5.0,4.0,-1.4151285166214,-1.0011388829611845,27,5.5067333875496995,5.3367333875497,81.48148148148148,5.58060456995435,11,9,-1.4151285166214,3.632317739536253,4.13102091301683,3.2912790832765415
mean,15,long,29,3,LONG: r1w <= -0.08051 AND vs_ma200 <= -0.1072 AND d2 <= 0.02696,"[3, 267, 1499]",1,0.07037749886512756,7.037749886512756,15,6,5,15,7.037750038556584,6.867750038556585,93.33333333333333,7.23482587827432,6,5,-1.27819672225057,4.1630611497346965,12,3.592962573791094,3.422962573791094,66.66666666666666,4.60853064941134,5.0,4.0,-1.4151285166214,-1.0011388829611845,27,5.5067333875496995,5.3367333875497,81.48148148148148,5.58060456995435,11,9,-1.4151285166214,3.632317739536253,4.13102091301683,3.2912790832765415
mean,15,long,30,3,LONG: vs_sector_3m >= -0.1053 AND dist_60h <= -0.1556 AND cal_days >= 4,"[580, 1968, 2290]",1,0.07035550475120544,7.035550475120544,15,7,6,15,7.035550004946269,6.865550004946269,80.0,8.13107650024357,7,6,-1.54813923017973,3.202880700482523,23,-1.128055705867264,-1.298055705867264,39.130434782608695,-1.07222203918806,6.0,1.0,-4.443335837465743,-3.736824382282596,38,2.0944202326117627,1.9244202326117628,55.26315789473685,1.00666531013393,13,7,-4.443335837465743,0.18434926575388386,0.6423707553700595,-1.1035803486101226
mean,15,short,1,3,SHORT: r5y >= 1.715 AND vol60 <= 0.4209 AND pre5_vs_own >= 0.008233,"[172, 307, 2261]",-1,0.06595125049352646,6.595125049352646,15,9,9,15,6.595124465247379,6.42512446524738,86.66666666666667,4.82943588375163,9,9,2.12006447109522,2.7749476982798265,29,-0.6073642463397028,-0.7773642463397027,58.620689655172406,0.5594595893785901,8.0,4.0,-6.201480272949866,-2.4564222532123825,44,1.848029632610439,1.678029632610439,68.18181818181817,2.4012892490950897,17,13,-6.201480272949866,0.20668426774049217,,
mean,15,short,2,3,SHORT: r5y >= 2.362 AND intra0 <= 0.021 AND pre5_vs_own >= -0.0009419,"[174, 1655, 2259]",-1,0.06459415704011917,6.459415704011917,15,7,7,15,6.459415290658181,6.289415290658182,73.33333333333333,4.82943588375163,7,7,0.6744601819800651,2.57138393639603,29,0.5652801074163021,0.3952801074163021,55.172413793103445,0.82294178369559,7.0,4.0,-4.6819805557107745,-1.2165342251629672,44,2.574644374430579,2.404644374430579,61.36363636363637,3.3179940283994096,14,11,-4.6819805557107745,1.041795709423606,,
mean,15,short,3,3,SHORT: r5y >= 2.362 AND intra0 <= 0.01274 AND pre5_vs_own >= -0.0009419,"[174, 1653, 2259]",-1,0.06459415704011917,6.459415704011917,15,7,7,15,6.459415290658181,6.289415290658182,73.33333333333333,4.82943588375163,7,7,0.6744601819800651,2.57138393639603,24,1.1527625705879898,0.9827625705879898,62.5,2.67730891873835,7.0,4.0,-4.462941738448696,-0.9433496223616953,39,3.193782847538064,3.023782847538064,66.66666666666666,4.19806253183121,14,11,-4.462941738448696,1.5265650366635193,,
mean,15,short,4,3,SHORT: r5y >= 2.362 AND nifty_1w >= 0.0125 AND days_since_dividend >= 76,"[174, 432, 1033]",-1,0.06455174833536148,6.455174833536148,15,7,6,15,6.455174438414536,6.285174438414537,80.0,5.01953855647242,7,6,-0.44721731784936336,2.5650226580305615,15,-1.2056444623481473,-1.3756444623481472,46.666666666666664,-2.40175274012903,6.0,3.0,-14.13255784347034,-5.02950273891579,30,2.6247649880331942,2.454764988033194,63.33333333333333,3.430065430704875,13,9,-14.13255784347034,0.26092640737023187,,
mean,15,short,5,3,SHORT: r5y >= 1.715 AND intra0 <= 0.01274 AND pre5_vs_own >= 0.008233,"[172, 1653, 2261]",-1,0.06444235146045685,6.444235146045685,15,9,9,15,6.444234205607064,6.274234205607064,80.0,4.82943588375163,9,9,2.58275327490642,2.5486123088193526,24,0.2980482137720067,0.12804821377200673,58.333333333333336,0.9803106879100201,6.0,3.0,-3.342452361886755,-1.9249151153019755,39,2.661965902939336,2.491965902939336,66.66666666666666,3.1347926141929396,15,12,-3.342452361886755,0.9165397178590965,,
mean,15,short,6,3,SHORT: nifty_1w >= 0.0125 AND vs_nifty_1m >= -0.1003 AND exn_10d <= -0.0614,"[432, 502, 1821]",-1,0.0642111524939537,6.4211152493953705,15,8,8,15,6.421115458891091,6.251115458891092,93.33333333333333,5.01953855647242,8,8,1.109695134971875,2.902341195094731,4,-7.346618360043575,-7.516618360043574,0.0,-7.2709666962077595,3.0,0.0,-9.06416829226943,,19,3.5226451812206347,3.352645181220635,73.68421052631578,3.8189418533384902,11,8,-9.06416829226943,-0.025932963516213582,,
mean,15,short,7,3,SHORT: r5y >= 2.362 AND nifty_1w >= 0.0125 AND vol20_60 >= 0.6797,"[174, 432, 2015]",-1,0.0639410987496376,6.39410987496376,15,9,7,15,6.394109604470212,6.224109604470212,73.33333333333333,5.01953855647242,9,7,-1.6905991299325698,2.473425407114075,16,0.007108432063528819,-0.16289156793647117,56.25,1.6363871771863499,6.0,4.0,-7.13460345143479,-2.9178750491744747,31,3.097592870324827,2.9275928703248266,64.51612903225806,3.3589354188038696,15,11,-7.13460345143479,0.9155995970511385,,
mean,15,short,8,3,SHORT: r5y >= 2.362 AND gap5 >= 0.00167 AND pre5_vs_own >= -0.0009419,"[174, 1664, 2259]",-1,0.06368152052164078,6.368152052164078,15,8,7,15,6.368151668555671,6.1981516685556715,73.33333333333333,4.82943588375163,8,7,-1.6905991299325698,2.4344885032422647,30,0.9223447501627704,0.7523447501627704,60.0,2.64463268864914,8.0,5.0,-4.182768473275356,-0.8150933035778152,45,2.737613722960404,2.5676137229604037,64.44444444444444,3.5011954426058796,16,12,-4.182768473275356,1.2485000035059515,,
mean,15,short,9,3,SHORT: r5y >= 2.362 AND vs_sector_3m <= 0.03188 AND pre5_vs_own >= -0.0009419,"[174, 591, 2259]",-1,0.06367754191160202,6.367754191160202,15,7,6,15,6.367754326604152,6.197754326604152,73.33333333333333,4.66082000549231,7,6,-0.7105317186104566,2.4338924903149888,23,-0.07749970388071394,-0.24749970388071393,52.17391304347826,0.23337504675569,6.0,3.0,-6.776025689349691,-2.3558177673982112,38,2.4666795186791024,2.296679518679102,60.526315789473685,3.0398670194024797,13,9,-6.776025689349691,0.651940371305026,,
mean,15,short,10,3,SHORT: nifty_1w >= 0.0125 AND r10d <= -0.04635 AND intra5 >= -0.02717,"[432, 1563, 1694]",-1,0.06362886726856232,6.362886726856232,16,8,8,16,6.362886650621989,6.192886650621989,93.75,4.189236987638145,8,8,1.7559850232539,2.978336957190879,9,-6.327117739197197,-6.497117739197196,11.11111111111111,-9.06416829226943,5.0,1.0,-9.298638947403164,-11.327032260214445,25,1.7944850702870825,1.6244850702870826,64.0,1.7559850232539,13,9,-9.298638947403164,-1.2091176561837549,,
mean,15,short,11,3,SHORT: r5y >= 2.362 AND nifty_1w >= 0.0125 AND nifty_3m >= -0.02317,"[174, 432, 630]",-1,0.06352629512548447,6.352629512548447,15,8,6,15,6.352629171584094,6.182629171584094,73.33333333333333,5.01953855647242,8,6,-1.6905991299325698,2.411204757784898,14,-1.6966848114888295,-1.8666848114888297,50.0,-0.6954851962532701,5.0,2.0,-7.13460345143479,-4.781753285392961,29,2.4667534556178548,2.2967534556178544,62.06896551724138,3.05506165714584,13,8,-7.13460345143479,0.01493584237522346,,
mean,15,short,12,3,SHORT: r5y >= 1.715 AND exn_d0 <= 0.008372 AND pre5_vs_own >= 0.008233,"[172, 1781, 2261]",-1,0.0635257437825203,6.352574378252029,15,9,9,15,6.352573241553036,6.182573241553036,80.0,4.66082000549231,9,9,2.08627714848356,2.411120862738312,23,0.21449269161932177,0.04449269161932179,56.52173913043478,0.5594595893785901,6.0,3.0,-4.49938010893431,-2.155178467445628,38,2.6374192244878936,2.4674192244878936,65.78947368421053,3.29465701856708,15,12,-4.49938010893431,0.8353821431247003,,
mean,15,short,13,3,SHORT: r5y >= 1.715 AND d0 <= 0.007709 AND pre5_vs_own >= 0.008233,"[172, 1441, 2261]",-1,0.0635257437825203,6.352574378252029,15,9,9,15,6.352573241553036,6.182573241553036,80.0,4.66082000549231,9,9,2.08627714848356,2.411120862738312,19,-0.5706710561935449,-0.7406710561935449,52.63157894736842,0.23337504675569,6.0,3.0,-9.006391648811354,-3.7485936469063543,34,2.483701428106417,2.313701428106417,64.70588235294117,3.0269654957689296,15,12,-9.006391648811354,0.4066044395928742,,
mean,15,short,14,3,SHORT: r5y >= 1.715 AND d0 <= 0.01159 AND pre5_vs_own >= 0.008233,"[172, 1443, 2261]",-1,0.0635257437825203,6.352574378252029,15,9,9,15,6.352573241553036,6.182573241553036,80.0,4.66082000549231,9,9,2.08627714848356,2.411120862738312,21,-0.2993182360327361,-0.46931823603273604,52.38095238095239,0.23337504675569,6.0,3.0,-9.006391648811354,-3.1257642048720724,36,2.472303212961336,2.302303212961336,63.888888888888886,3.0269654957689296,15,12,-9.006391648811354,0.5273740599736534,,
mean,15,short,15,3,SHORT: r5y >= 1.715 AND vs_sector_1w >= -0.00829 AND pre5_vs_own >= 0.008233,"[172, 378, 2261]",-1,0.06352370977401733,6.352370977401733,15,9,9,15,6.352370984772962,6.182370984772962,80.0,4.66082000549231,9,9,0.4460770724869251,2.410817477568201,33,-0.368634459697208,-0.538634459697208,54.54545454545454,0.23337504675569,8.0,4.0,-6.201480272949866,-2.0330110509826302,48,1.7316797416997203,1.5616797416997201,62.5,2.75094582612567,17,13,-6.201480272949866,0.22948860950247593,,
mean,15,short,16,3,SHORT: r6m >= -0.1449 AND r5y >= 2.362 AND nifty_1w >= 0.0125,"[84, 174, 432]",-1,0.06333121657371521,6.333121657371521,15,8,6,15,6.333121397358828,6.163121397358828,73.33333333333333,5.01953855647242,8,6,-1.98321574331157,2.381943096446998,11,0.19642524746558454,0.026425247465584563,63.63636363636363,3.05506165714584,6.0,3.0,-6.21525227654532,-3.95918261585217,26,3.7368268724039937,3.5668268724039933,69.23076923076923,3.5296011869651602,14,9,-6.21525227654532,1.187509963131609,,
mean,15,short,17,3,SHORT: r3m <= 0.2005 AND r5y >= 2.362 AND pre5_vs_own >= -0.0009419,"[77, 174, 2259]",-1,0.06317871809005737,6.317871809005737,15,8,6,15,6.31787193992593,6.14787193992593,73.33333333333333,4.66082000549231,8,6,-1.6905991299325698,2.3590689102976534,33,0.6748463257566053,0.5048463257566053,57.57575757575758,2.21982522328376,8.0,5.0,-4.6819805557107745,-0.9206337980128755,48,2.4382918301845193,2.2682918301845194,62.5,3.29465701856708,16,11,-4.6819805557107745,1.0182648943227168,,
mean,15,short,18,3,SHORT: r1w >= -0.01659 AND sec_vs_50dma <= 0.02337 AND exn_10d <= -0.0614,"[12, 1337, 1821]",-1,0.0628909170627594,6.28909170627594,15,10,10,15,6.289091743951493,6.1190917439514925,100.0,4.91733804960612,10,10,0.46340524668985006,3.0972604960554957,14,-0.04910917811272632,-0.21910917811272632,50.0,-0.26717845492769493,5.0,3.0,-4.904162516557197,-3.474572307366617,29,3.2292706091618695,3.0592706091618695,75.86206896551724,3.33255776226518,15,13,-4.904162516557197,1.0829732704630204,,
mean,15,short,19,3,SHORT: r5y >= 2.362 AND exn_d0 <= 0.01509 AND pre5_vs_own >= -0.0009419,"[174, 1783, 2259]",-1,0.06271609663963318,6.271609663963318,16,7,7,16,6.271609423925872,6.101609423925872,75.0,4.74512794462197,7,7,0.6744601819800651,2.651669162445592,25,0.722681901378472,0.552681901378472,56.00000000000001,0.82294178369559,7.0,4.0,-4.6819805557107745,-1.3761448492261086,41,2.8881170321286764,2.7181170321286765,63.41463414634146,3.5011954426058796,14,11,-4.6819805557107745,1.2710688474958578,,
mean,15,short,20,3,SHORT: r5y >= 2.362 AND sector_1w <= 0.03703 AND pre5_vs_own >= -0.0009419,"[174, 363, 2259]",-1,0.06271609663963318,6.271609663963318,16,7,7,16,6.271609423925872,6.101609423925872,75.0,4.74512794462197,7,7,0.6744601819800651,2.651669162445592,31,0.5864635577301597,0.4164635577301597,58.06451612903226,2.21982522328376,8.0,5.0,-4.7545232397766295,-1.148742492488213,47,2.5218323632435933,2.3518323632435933,63.829787234042556,3.4545214229412204,15,12,-4.7545232397766295,1.0779405637968753,,
mean,15,short,21,3,SHORT: r5y >= 2.362 AND d0 <= 0.02741 AND pre5_vs_own >= -0.0009419,"[174, 1447, 2259]",-1,0.06271609663963318,6.271609663963318,16,7,7,16,6.271609423925872,6.101609423925872,75.0,4.74512794462197,7,7,0.6744601819800651,2.651669162445592,28,-0.1583524516972253,-0.32835245169722527,50.0,-0.46540080653259497,7.0,4.0,-4.6819805557107745,-2.1749483985437514,44,2.17981550307481,2.00981550307481,59.09090909090909,3.29465701856708,14,11,-4.6819805557107745,0.5963477519965841,,
mean,15,short,22,3,SHORT: r5y >= 2.362 AND d0 <= 0.01624 AND pre5_vs_own >= -0.0009419,"[174, 1445, 2259]",-1,0.06271609663963318,6.271609663963318,16,7,7,16,6.271609423925872,6.101609423925872,75.0,4.74512794462197,7,7,0.6744601819800651,2.651669162445592,24,0.462188796321981,0.292188796321981,54.166666666666664,0.52815841522564,7.0,4.0,-4.6819805557107745,-1.8156533372240224,40,2.7859570473635373,2.6159570473635374,62.5,3.47785843277355,14,11,-4.6819805557107745,1.1081132024890472,,
mean,15,short,23,3,SHORT: r5y >= 1.715 AND exn_d0 <= 0.01509 AND pre5_vs_own >= 0.008233,"[172, 1783, 2261]",-1,0.06257377564907074,6.257377564907074,16,9,9,16,6.257377156690447,6.087377156690446,81.25,4.74512794462197,9,9,2.58275327490642,2.6309676828304314,25,-0.2703874187778807,-0.4403874187778807,52.0,0.23337504675569,6.0,3.0,-4.49938010893431,-2.5243114895356356,41,2.277032903356101,2.1070329033561013,63.41463414634146,3.1347926141929396,15,12,-4.49938010893431,0.5751119230604259,,
mean,15,short,24,3,SHORT: r5y >= 2.362 AND iv_vs_realised >= 0.9481 AND pre5_vs_own >= -0.0009419,"[174, 1083, 2259]",-1,0.06236781179904938,6.236781179904938,15,8,6,15,6.236781325122987,6.066781325122987,80.0,4.82943588375163,8,6,-1.6905991299325698,2.2374329880932424,19,0.4208022946100864,0.2508022946100864,57.89473684210527,3.06944015401452,6.0,3.0,-6.9952239960094555,-2.3086378240451,34,2.986675396306955,2.8166753963069553,67.64705882352942,3.849628987218545,14,9,-6.9952239960094555,0.9756671062571158,,
mean,15,short,25,3,SHORT: r5y >= 2.362 AND iv_vs_realised >= 0.8849 AND pre5_vs_own >= -0.0009419,"[174, 1081, 2259]",-1,0.06236781179904938,6.236781179904938,15,8,6,15,6.236781325122987,6.066781325122987,80.0,4.82943588375163,8,6,-1.6905991299325698,2.2374329880932424,28,0.578454940755743,0.408454940755743,57.14285714285714,1.521383503489675,8.0,4.0,-4.032503634054464,-1.3228710484375326,43,2.5522897260001307,2.382289726000131,65.11627906976744,3.4545214229412204,16,10,-4.032503634054464,0.9604168638164613,,
mean,15,short,26,3,SHORT: vol60 <= 0.2466 AND vs_nifty_1w <= -0.02733 AND exn_d0 <= -0.008677,"[295, 401, 1771]",-1,0.062330421060323715,6.2330421060323715,16,8,7,16,6.233041264288447,6.063041264288447,87.5,5.875084631163215,8,7,-2.08942530076131,3.39706560210892,12,2.325906786716275,2.155906786716275,66.66666666666666,1.54791717880578,6.0,4.0,-6.302392439406271,-2.1169045497117756,28,4.55855505961466,4.38855505961466,78.57142857142857,4.631449303801991,14,11,-6.302392439406271,2.351036638184021,,
mean,15,short,27,3,SHORT: r5y >= 2.362 AND vs_nifty_1m <= -0.0517 AND pre5_vs_own >= -0.0009419,"[174, 519, 2259]",-1,0.06204453483223915,6.204453483223915,15,8,7,15,6.204453236446879,6.034453236446879,73.33333333333333,4.66082000549231,8,7,-1.6905991299325698,2.188940855079076,31,0.5694407330005608,0.3994407330005607,58.06451612903226,2.21982522328376,8.0,4.0,-4.6819805557107745,-1.1142349897002568,46,2.4069448102113165,2.2369448102113165,63.04347826086957,3.29465701856708,16,11,-4.6819805557107745,0.9138254604083034,,
mean,15,short,28,3,SHORT: r6m <= 0.4884 AND r5y >= 2.362 AND pre5_vs_own >= -0.0009419,"[103, 174, 2259]",-1,0.06196777895092964,6.196777895092964,15,8,7,15,6.196777821925439,6.026777821925439,73.33333333333333,4.66082000549231,8,7,-1.6905991299325698,2.1774277332969163,33,0.6748463257566053,0.5048463257566053,57.57575757575758,2.21982522328376,8.0,5.0,-4.6819805557107745,-0.9206337980128755,48,2.4004499183093664,2.2304499183093665,62.5,3.29465701856708,16,12,-4.6819805557107745,0.9760227601364986,,
mean,15,short,29,3,SHORT: r5y >= 2.362 AND from_52w_low <= 0.9857 AND pre5_vs_own >= -0.0009419,"[174, 231, 2259]",-1,0.06196777895092964,6.196777895092964,15,8,7,15,6.196777821925439,6.026777821925439,73.33333333333333,4.66082000549231,8,7,-1.6905991299325698,2.1774277332969163,32,0.37958611039362256,0.20958611039362252,56.25,1.521383503489675,8.0,5.0,-4.6819805557107745,-1.2607957989608642,47,2.2361366566271808,2.066136656627181,61.702127659574465,3.1347926141929396,16,12,-4.6819805557107745,0.7582334635356519,,
mean,15,short,30,3,SHORT: r5y >= 2.362 AND from_52w_low <= 1.291 AND pre5_vs_own >= -0.0009419,"[174, 233, 2259]",-1,0.06196777895092964,6.196777895092964,15,8,7,15,6.196777821925439,6.026777821925439,73.33333333333333,4.66082000549231,8,7,-1.6905991299325698,2.1774277332969163,32,0.37958611039362256,0.20958611039362252,56.25,1.521383503489675,8.0,5.0,-4.6819805557107745,-1.2607957989608642,47,2.2361366566271808,2.066136656627181,61.702127659574465,3.1347926141929396,16,12,-4.6819805557107745,0.7582334635356519,,
mean,30,long,1,3,LONG: r6m <= -0.07506 AND r2d <= -0.02152 AND nifty_3d <= -0.002748,"[87, 1509, 1745]",1,0.05435921996831894,5.435921996831894,31,7,5,31,5.435921962260175,5.265921962260175,87.09677419354838,4.94808225401763,7,5,-2.317502146997,3.8846175340257907,25,1.8165737815172063,1.6465737815172063,56.00000000000001,2.37219410103303,5.0,3.0,-3.01353565662264,-0.8248147998567235,56,3.8201415244284926,3.6501415244284927,73.21428571428571,3.4040909260069347,12,8,-3.01353565662264,2.7728691679484414,3.1061067048137585,1.1684403102734486
mean,30,long,2,3,LONG: vs_ma200 <= -0.06639 AND r2d <= -0.02152 AND nifty_3d <= -0.002748,"[269, 1509, 1745]",1,0.0539097860455513,5.39097860455513,30,7,5,30,5.390978562159423,5.220978562159422,86.66666666666667,4.270437432568889,7,5,-2.317502146997,3.7686332767755117,26,1.1336550208475877,0.9636550208475876,46.15384615384615,-0.381341704892575,6.0,2.0,-3.01353565662264,-1.544552856810826,56,3.4143640608360704,3.2443640608360704,67.85714285714286,3.2083400772077852,13,7,-3.01353565662264,2.3273096000822515,3.030329772481678,1.1280019194972715
mean,30,long,3,3,LONG: r6m <= 0.1254 AND nifty_1w <= -0.007281 AND r2d <= -0.0307,"[95, 425, 1507]",1,0.0534396767616272,5.34396767616272,30,8,7,30,5.343967769988148,5.173967769988148,80.0,5.1192549536639795,8,7,-1.27819672225057,3.742090200125995,26,0.7426319610827482,0.5726319610827482,53.84615384615385,1.429502817411525,7.0,4.0,-2.078256239799685,-1.433633796395349,56,3.2076332872820696,3.0376332872820697,67.85714285714286,2.994735242438335,15,11,-2.078256239799685,2.1652870778194275,2.715890374682838,1.3687555170963244
mean,30,long,4,3,LONG: vol60 <= 0.4209 AND nifty_1w <= -0.007281 AND r2d <= -0.0307,"[307, 425, 1507]",1,0.052588798105716705,5.2588798105716705,31,10,8,31,5.2588798483305155,5.0888798483305155,83.87096774193549,5.29042765331033,10,8,-1.27819672225057,3.7022498923750544,29,0.8123949757864131,0.6423949757864131,55.172413793103445,2.37219410103303,7.0,5.0,-0.8044290150160973,-1.1041017632669505,60,3.109745493267533,2.9397454932675324,70.0,2.994735242438335,17,13,-1.27819672225057,2.1343073904917604,2.6880723535519517,1.373747129453758
mean,30,long,5,3,LONG: vol60 >= 0.3487 AND vs_nifty_1w <= -0.02069 AND own_rd >= -0.005896,"[302, 403, 2173]",1,0.05205850303173065,5.205850303173065,33,9,8,33,5.2058495914529015,5.035849591452902,84.84848484848484,5.20331118492634,9,8,-1.979017109039875,3.4995708331193405,35,-0.6826212962814014,-0.8526212962814015,51.42857142857142,0.13994677103847,8.0,4.0,-2.4612119442032143,-1.9418048009322195,68,2.1750189874720096,2.0050189874720097,67.64705882352942,2.012757377459775,17,12,-2.4612119442032143,1.1761307612300391,1.65260292920758,-0.6730707494088468
mean,30,long,6,3,LONG: vs_ma200 <= 0.04402 AND nifty_1w <= -0.007281 AND r2d <= -0.0307,"[275, 425, 1507]",1,0.05205351486802101,5.205351486802101,30,8,7,30,5.205351748790258,5.035351748790258,80.0,5.1192549536639795,8,7,-1.27819672225057,3.5757509746885257,28,0.3126679215401905,0.1426679215401905,50.0,0.21086392423175002,7.0,3.0,-2.078256239799685,-1.7678277786664542,58,2.8433664528764315,2.6733664528764316,65.51724137931035,2.823403967581275,15,10,-2.078256239799685,1.8059892669401496,2.591786404512083,1.0405525152257904
mean,30,long,7,3,LONG: vol60 <= 0.4577 AND nifty_1w <= -0.007281 AND r2d <= -0.0307,"[309, 425, 1507]",1,0.05128045007586479,5.128045007586479,33,10,8,33,5.128045215396496,4.9580452153964965,84.84848484848484,5.1397430015802295,10,8,-1.27819672225057,3.6592397861282078,30,0.8164299470295504,0.6464299470295504,56.666666666666664,1.65281910705678,7.0,5.0,-0.6113320007831385,-1.0225999282130513,63,3.0748950876027124,2.9048950876027124,71.42857142857143,2.94815879025718,17,13,-1.27819672225057,2.1469063344821686,2.673301621206922,1.359070362241317
mean,30,long,8,3,LONG: nifty_1w <= -0.007281 AND season_so_far_3d <= 0.008039 AND r2d <= -0.0307,"[425, 1187, 1507]",1,0.05112167447805405,5.112167447805405,31,7,6,31,5.112167520597036,4.942167520597036,80.64516129032258,5.29042765331033,7,6,-0.96021101040777,3.5273236554620597,28,0.4041719739181741,0.2341719739181741,50.0,0.21086392423175002,6.0,3.0,-0.6113320007831385,-1.6843948411523444,59,2.8778645492918127,2.7078645492918123,66.10169491525424,2.6074241987182702,13,9,-0.96021101040777,1.862892320170589,2.456910874196184,1.1320565676037742
mean,30,long,9,3,LONG: nifty_1w <= -0.007281 AND vs_sector_1m >= -0.1239 AND r2d <= -0.0307,"[425, 470, 1507]",1,0.05086202919483185,5.086202919483185,34,9,8,34,5.086202758386314,4.916202758386314,82.35294117647058,5.04391262779893,9,8,-3.44544376312673,3.660831575470349,28,1.0758417071403117,0.9058417071403116,57.14285714285714,2.4003583095810703,7.0,5.0,-0.8044290150160973,-0.8667099485340896,62,3.27507196104941,3.1050719610494095,70.96774193548387,3.066440776913215,16,13,-3.44544376312673,2.3483620783518995,2.9115080683747396,1.5251568639761637
mean,30,long,10,3,LONG: vs_ma200 <= -0.02229 AND peers_reported_n <= 7 AND r3d <= -0.03748,"[271, 1165, 1533]",1,0.05077743157744408,5.077743157744408,30,8,6,30,5.077743274435763,4.907743274435763,80.0,3.4040909260069347,8,6,-2.94809641615012,3.362515867796514,41,0.9026402965200899,0.7326402965200899,56.09756097560976,0.48681153379002,6.0,3.0,-1.4812909339650027,-0.5305580388810692,71,2.6667683153576984,2.496768315357698,66.19718309859155,2.59492923165688,14,9,-2.94809641615012,1.746995347502409,2.2316294776841756,1.074180837504722
mean,30,long,11,3,LONG: vs_ma200 <= -0.02229 AND maxabs5 >= 0.0338 AND pre5_vs_own <= -0.02937,"[271, 2053, 2254]",1,0.05070827901363373,5.070827901363373,30,8,8,30,5.070827799590379,4.900827799590379,83.33333333333334,3.303141319325155,8,8,1.55870536263718,3.19328208158274,40,1.09648282632342,0.9264828263234202,57.49999999999999,0.8890877313697649,8.0,6.0,-2.0078240033530177,-0.17897742895098914,70,2.7997735291521164,2.6297735291521165,68.57142857142857,2.537173561159885,16,14,-2.0078240033530177,1.8569922347296663,2.3875718707366524,1.1888284998487009
mean,30,long,12,3,LONG: nifty_1w <= -0.007281 AND r2d <= -0.0307 AND sec_d0 <= -0.003354,"[425, 1507, 1849]",1,0.05046241730451584,5.046241730451584,30,9,8,30,5.046241492610393,4.876241492610393,83.33333333333334,5.1192549536639795,9,8,-0.96021101040777,3.3848186672726883,24,0.5881093916110098,0.41810939161100985,54.166666666666664,1.65281910705678,7.0,4.0,-1.3303849200769169,-1.891751116713082,54,3.0648494477217776,2.894849447721777,70.37037037037037,2.823403967581275,16,12,-1.3303849200769169,1.965388715468794,2.451425960722593,1.0315427827372776
mean,30,long,13,3,LONG: nifty_1w <= -0.007281 AND season_so_far_3d <= 0.005932 AND r2d <= -0.0307,"[425, 1185, 1507]",1,0.05038246884942055,5.038246884942055,30,6,5,30,5.038247080702466,4.868247080702466,80.0,5.21508532744528,6,5,-0.96021101040777,3.3752253729831763,28,0.4041719739181741,0.2341719739181741,50.0,0.21086392423175002,6.0,3.0,-0.6113320007831385,-1.6843948411523444,58,2.8011073739790144,2.6311073739790145,65.51724137931035,2.579490893959015,12,8,-0.96021101040777,1.7597434824863714,2.436686340013516,1.1320565676037742
mean,30,long,14,3,LONG: vs_ma200 <= 0.07428 AND nifty_1w <= -0.007281 AND r2d <= -0.0307,"[277, 425, 1507]",1,0.0503653809428215,5.03653809428215,32,8,7,32,5.036538190872078,4.866538190872078,78.125,5.04391262779893,8,7,-1.27819672225057,3.4963868152374795,30,0.5303968796639741,0.36039687966397405,53.333333333333336,0.710127823435275,7.0,5.0,-0.7639254408770711,-1.365839609051743,62,2.856147233835899,2.686147233835899,66.12903225806451,2.823403967581275,15,12,-1.27819672225057,1.892689568049485,2.6160488190323945,1.2097558337705339
mean,30,long,15,3,LONG: nifty_1w <= -0.007281 AND iv_vs_realised >= 0.8017 AND r2d <= -0.0307,"[425, 1079, 1507]",1,0.050149042159318924,5.014904215931892,30,10,8,30,5.014904249751973,4.844904249751973,86.66666666666667,4.270437432568889,10,8,-1.27819672225057,3.347213975842585,28,0.16325458115624797,-0.006745418843752036,50.0,0.21086392423175002,7.0,4.0,-2.0289677110647433,-1.7792273628944617,58,2.672728547671278,2.5027285476712775,68.96551724137932,2.823403967581275,17,12,-2.0289677110647433,1.6192534461496038,2.3542669590687084,0.7765366422239579
mean,30,long,16,3,LONG: from_52w_low <= 0.4753 AND r2d <= -0.0307 AND sec_3d <= -0.01345,"[225, 1507, 1873]",1,0.05014573037624359,5.014573037624359,30,10,8,30,5.01457296071026,4.84457296071026,86.66666666666667,4.270437432568889,10,8,-3.44544376312673,3.489578297844155,20,1.4882401556404015,1.3182401556404015,55.00000000000001,2.5987649523170253,6.0,4.0,-0.72272823941928,-1.404096923838944,50,3.604039838682317,3.434039838682317,74.0,3.12130130407067,16,12,-3.44544376312673,2.439022495785025,3.0511293257105794,1.8236902542757487
mean,30,long,17,3,LONG: nifty_1w <= -0.007281 AND r2d <= -0.0307 AND up10 <= 0.4,"[425, 1507, 2118]",1,0.05009615048766136,5.009615048766136,32,8,7,32,5.009614886314376,4.839614886314376,78.125,5.04391262779893,8,7,-1.27819672225057,3.4644777135394613,25,0.15304980877592186,-0.016950191224078124,52.0,0.93344411308053,7.0,4.0,-0.9264821564373247,-1.8779338842065847,57,2.8795424838852286,2.7095424838852287,66.66666666666666,3.09156985920694,15,11,-1.27819672225057,1.8724450670185286,2.361293366637733,0.7300894162842042
mean,30,long,18,3,LONG: vs_sector_1m <= -0.07381 AND maxabs5 >= 0.0338 AND z5 <= -0.6013,"[479, 2053, 2074]",1,0.05005643144249916,5.005643144249916,30,10,9,30,5.005642959631541,4.835642959631541,83.33333333333334,3.5020926699059403,10,9,-0.14768914178509002,3.1150602736321353,39,0.1561177299418991,-0.013882270058100882,58.97435897435898,0.85201532110609,8.0,6.0,-1.36189154071453,-0.9978470885433586,69,2.2646069602417436,2.0946069602417436,69.56521739130434,1.8950138266956198,18,15,-1.36189154071453,1.2652848198978197,2.1354581119377536,0.6107480943538703
mean,30,long,19,3,LONG: nifty_1w <= -0.007281 AND r2d <= -0.0307 AND intra0 <= -0.01093,"[425, 1507, 1641]",1,0.04997967928647995,4.997967928647995,31,8,7,31,4.997968125124429,4.827968125124429,80.64516129032258,4.94808225401763,8,7,-1.27819672225057,3.3911628377831833,24,0.5593165554175885,0.38931655541758853,54.166666666666664,1.65281910705678,7.0,4.0,-3.295360980247254,-1.6878821204697594,55,3.06110198561599,2.89110198561599,69.0909090909091,2.69864914490537,15,11,-3.295360980247254,1.9832557217974869,2.865503083133539,1.3649428417661829
mean,30,long,20,3,LONG: from_52w_low <= 0.9857 AND r2d <= -0.0307 AND nifty_3d <= -0.01103,"[231, 1507, 1741]",1,0.04994868487119675,4.994868487119675,30,8,8,30,4.994868352340663,4.824868352340663,86.66666666666667,5.1192549536639795,8,8,0.8496383065170701,3.566730842501741,23,0.9305499857002633,0.7605499857002632,52.17391304347826,0.93344411308053,5.0,4.0,-0.47112587510326503,-1.9008625922673061,53,3.23110755172313,3.06110755172313,71.69811320754717,3.0413116946194902,13,12,-0.47112587510326503,2.2147821316696006,2.7868839967952828,1.4795821427369085
mean,30,long,21,3,LONG: from_52w_low <= 0.7918 AND r2d <= -0.0307 AND nifty_3d <= -0.01103,"[229, 1507, 1741]",1,0.04994868487119675,4.994868487119675,30,8,8,30,4.994868352340663,4.824868352340663,86.66666666666667,5.1192549536639795,8,8,0.8496383065170701,3.566730842501741,22,0.43720952189490564,0.2672095218949056,50.0,0.34305382637321497,5.0,3.0,-0.47112587510326503,-2.3787815961485217,52,3.0666280779213033,2.8966280779213034,71.15384615384616,2.994735242438335,13,11,-0.47112587510326503,2.011180896398355,2.621839338953552,1.0300537762901643
mean,30,long,22,3,LONG: r1w <= -0.02774 AND vol60 >= 0.2754 AND d0 <= -0.02338,"[11, 296, 1427]",1,0.04989118129014969,4.989118129014969,31,11,10,31,4.989117104909891,4.819117104909891,90.32258064516128,3.59279261112015,11,10,-1.27819672225057,3.5185718370757693,23,-0.056885800120149585,-0.22688580012014958,56.52173913043478,0.55133917568809,7.0,3.0,-1.7276601098879667,-1.7651761931550145,54,2.8398936453600587,2.669893645360059,75.92592592592592,2.563508738937505,18,13,-1.7276601098879667,1.8402958032899301,2.6256296365689,0.7875515431321389
mean,30,long,23,3,LONG: r2d <= -0.0307 AND sec_3d <= -0.01345 AND own_rd >= -0.005896,"[1507, 1873, 2173]",1,0.049710728228092194,4.971072822809219,30,7,7,30,4.9710724838724145,4.801072483872415,83.33333333333334,4.270437432568889,7,7,0.8496383065170701,3.4173048431226647,24,1.6860641699001127,1.5160641699001127,54.166666666666664,2.461875845116395,7.0,5.0,-0.69491528987243,-0.7630712872721044,54,3.5110687887736134,3.3410687887736135,70.37037037037037,2.994735242438335,14,12,-0.69491528987243,2.46294959288078,2.750223494015498,1.7313380148616522
mean,30,long,24,3,LONG: nifty_1w <= -0.007281 AND r2d <= -0.0307 AND own_abs3d <= 0.07585,"[425, 1507, 2242]",1,0.04958346113562584,4.958346113562584,36,9,8,36,4.9583463277519915,4.7883463277519915,83.33333333333334,5.04391262779893,9,8,-0.96021101040777,3.6043125710508765,30,0.8164299470295504,0.6464299470295504,56.666666666666664,1.65281910705678,7.0,5.0,-0.6113320007831385,-1.0225999282130513,66,3.0756570637872462,2.905657063787246,71.21212121212122,2.994735242438335,16,13,-0.96021101040777,2.1933695588680844,2.792755037510303,1.359070362241317
mean,30,long,25,3,LONG: r2d <= -0.0307 AND exn_10d >= -0.08402 AND sec_3d <= -0.01345,"[1507, 1816, 1873]",1,0.049559008330106735,4.9559008330106735,30,9,8,30,4.9559010496728,4.7859010496728,83.33333333333334,4.270437432568889,9,8,-3.44544376312673,3.2764101357475783,15,2.228779201844099,2.0587792018440987,60.0,3.09156985920694,6.0,4.0,-1.7559375713227097,-1.1655982633494748,45,4.0468604337299,3.8768604337298997,75.55555555555556,3.2012909135218504,15,12,-3.44544376312673,2.8094621427048847,3.0819417142678005,1.5306848914460012
mean,30,long,26,3,LONG: r6m <= -0.07506 AND vol60 >= 0.2987 AND z5 <= -0.6013,"[87, 298, 2074]",1,0.04948233813047409,4.948233813047409,30,7,6,30,4.948233488393144,4.778233488393144,80.0,4.723071387755165,7,6,-1.25199066026521,3.04616890814606,31,0.7936641724796445,0.6236641724796445,54.83870967741935,0.14439687719129,8.0,3.0,-3.0593808076972953,-1.0910380781387305,61,2.8368949835846444,2.6668949835846445,67.21311475409836,2.4669229236015,15,9,-3.0593808076972953,1.7364023486571158,2.335036897443371,0.7957738107609293
mean,30,long,27,3,LONG: nifty_1w <= -0.007281 AND r2d <= -0.0307 AND own_abs3d >= 0.02327,"[425, 1507, 2221]",1,0.049237314611673355,4.9237314611673355,31,8,8,31,4.92373102712682,4.75373102712682,83.87096774193549,5.1397430015802295,8,8,0.8496383065170701,3.302649374786034,32,0.43559903830813745,0.2655990383081374,53.125,0.710127823435275,7.0,4.0,-0.7639254408770711,-1.337730644087126,63,2.6440449375681236,2.4740449375681237,68.25396825396825,2.6074241987182702,15,12,-0.7639254408770711,1.678913930134254,2.4807307392826194,1.0724980577830374
mean,30,long,28,3,LONG: nifty_1w <= -0.007281 AND r2d <= -0.0307 AND exn_10d <= -0.02972,"[425, 1507, 1827]",1,0.04918763041496277,4.918763041496277,31,8,7,31,4.918762437550789,4.748762437550789,80.64516129032258,4.94808225401763,8,7,-1.27819672225057,3.2967252872146102,29,0.0556151586498553,-0.11438484135014469,51.724137931034484,0.48681153379002,6.0,4.0,-3.1141782687275428,-1.828354917420907,60,2.56824125274867,2.39824125274867,66.66666666666666,2.777791494487725,14,11,-3.1141782687275428,1.5435754917439104,2.157282960451815,0.7171215062870157
mean,30,long,29,3,LONG: sec_reported_3d <= 0.02152 AND r2d <= -0.0307 AND sec_3d <= -0.01345,"[1420, 1507, 1873]",1,0.049150217324495316,4.9150217324495316,30,8,8,30,4.915021226411331,4.745021226411331,80.0,5.04391262779893,8,8,0.8496383065170701,3.3701162166854397,11,2.13478905225751,1.96478905225751,54.54545454545454,2.6459723154342902,6.0,3.0,-5.88406924367845,-2.81564585812123,41,4.169105277248112,3.9991052772481113,73.17073170731707,3.59279261112015,14,11,-5.88406924367845,2.858843937941483,3.6551445085576977,2.0970768718163417
mean,30,long,30,3,LONG: sec_reported_3d <= 0.03297 AND r2d <= -0.0307 AND sec_3d <= -0.01345,"[1421, 1507, 1873]",1,0.049150217324495316,4.9150217324495316,30,8,8,30,4.915021226411331,4.745021226411331,80.0,5.04391262779893,8,8,0.8496383065170701,3.3701162166854397,11,2.13478905225751,1.96478905225751,54.54545454545454,2.6459723154342902,6.0,3.0,-5.88406924367845,-2.81564585812123,41,4.169105277248112,3.9991052772481113,73.17073170731707,3.59279261112015,14,11,-5.88406924367845,2.858843937941483,3.6551445085576977,2.0970768718163417
mean,30,short,1,3,SHORT: nifty_1w >= 0.0125 AND sector_1m >= -0.01924 AND d1 <= -0.006219,"[432, 452, 1461]",-1,0.0500740110874176,5.00740110874176,31,12,10,31,5.007401009510095,4.837401009510094,90.32258064516128,3.8829390485280397,12,10,-0.9581244394055197,3.351887047083732,6,1.0374449436045068,0.8674449436045067,66.66666666666666,0.96415703862086,3.0,2.0,-2.093523885138805,-2.13494296188829,37,4.363624350174054,4.193624350174054,86.48648648648648,3.68913207901877,15,12,-2.093523885138805,2.9179291526813773,,
mean,30,short,2,3,SHORT: vol60 <= 0.3201 AND nifty_1w >= 0.0125 AND r2d <= -0.003457,"[301, 432, 1515]",-1,0.04639206454157829,4.639206454157829,30,10,9,30,4.63920626124517,4.46920626124517,80.0,4.953705174608221,10,9,-4.1436164692163,2.667166089980566,11,-1.6416545468975756,-1.8116545468975755,36.36363636363637,-0.71198220428844,5.0,2.0,-9.06416829226943,-4.975121397976604,41,2.95409726393858,2.78409726393858,68.29268292682927,2.64845419120668,15,11,-9.06416829226943,1.350582006490023,,
mean,30,short,3,3,SHORT: nifty_1w >= 0.0125 AND vs_nifty_1m >= -0.1003 AND r2d <= -0.003457,"[432, 502, 1515]",-1,0.04589750990271568,4.589750990271568,32,13,11,32,4.589750540188705,4.419750540188705,75.0,5.086569983374415,13,11,-4.1436164692163,2.747112353519328,13,-1.2022077552918267,-1.3722077552918268,38.46153846153847,-0.71198220428844,5.0,3.0,-9.06416829226943,-3.8951127726306067,45,2.9165181437165515,2.7465181437165516,64.44444444444444,2.72681329478062,18,14,-9.06416829226943,1.463583318155703,,
mean,30,short,4,3,SHORT: nifty_1w >= 0.0125 AND vs_nifty_1m >= -0.1003 AND d1 <= -0.006219,"[432, 502, 1461]",-1,0.045372482389211655,4.5372482389211655,31,13,10,31,4.537248004507056,4.367248004507056,77.41935483870968,4.9265496230247,13,10,-4.1436164692163,2.7913200026570326,10,-1.3186202879598732,-1.4886202879598731,40.0,-1.065464281804825,5.0,2.0,-3.7184632584719104,-5.075598087569729,41,3.1089874453687805,2.9389874453687805,68.29268292682927,3.28464412953815,18,12,-4.1436164692163,1.649669921930114,,
mean,30,short,5,3,SHORT: nifty_1w >= 0.0125 AND d1 >= -0.02165 AND d1 <= -0.006219,"[432, 1452, 1461]",-1,0.04524725675582886,4.524725675582886,32,13,10,32,4.5247256375666245,4.354725637566625,87.5,3.850940450933265,13,10,-4.1436164692163,2.920464570305615,12,-0.4459286482406133,-0.6159286482406133,50.0,-0.14923855818116,5.0,2.0,-3.4710644865826734,-3.3239875412086657,44,3.1690926505282873,2.9990926505282873,77.27272727272727,3.05091364632359,18,12,-4.1436164692163,1.8846512722913908,,
mean,30,short,6,3,SHORT: nifty_1w >= 0.0125 AND nifty_1m >= -0.001623 AND d1 <= -0.006219,"[432, 528, 1461]",-1,0.04491109773516655,4.491109773516655,34,12,9,34,4.491109457118211,4.321109457118211,82.35294117647058,3.850940450933265,12,9,-0.9581244394055197,2.917839774875284,13,-0.017993847141210696,-0.1879938471412107,46.15384615384615,-0.8551449324585699,5.0,1.0,-1.27578363115108,-2.029711394252045,47,3.243910670833689,3.073910670833689,72.3404255319149,2.64845419120668,17,10,-1.27578363115108,2.009129368060655,,
mean,30,short,7,3,SHORT: r1m >= -0.09424 AND nifty_1w >= 0.0125 AND d1 <= -0.006219,"[34, 432, 1461]",-1,0.044891856610774994,4.489185661077499,33,12,10,33,4.48918539794366,4.31918539794366,81.81818181818183,3.8829390485280397,12,10,-0.9581244394055197,2.8593839307680318,10,-1.3898839214901861,-1.559883921490186,40.0,-1.065464281804825,4.0,1.0,-6.848918794643086,-4.672530091941975,43,3.1219599748195095,2.9519599748195096,72.09302325581395,2.72681329478062,16,11,-6.848918794643086,1.7411555485948167,,
mean,30,short,8,3,SHORT: nifty_1w >= 0.0125 AND d1 <= -0.006219 AND r3d >= -0.03748,"[432, 1461, 1532]",-1,0.044485315680503845,4.4485315680503845,37,13,10,37,4.448531610677955,4.278531610677955,83.78378378378379,3.8829390485280397,13,10,-4.1436164692163,3.0161031726390144,14,-0.9899817273791394,-1.1599817273791395,42.857142857142854,-1.065464281804825,5.0,2.0,-6.052832387808596,-3.3181683693876187,51,2.9556063806230664,2.7856063806230664,72.54901960784314,2.72681329478062,18,12,-6.052832387808596,1.7968599421987066,,
mean,30,short,9,3,SHORT: nifty_1w >= 0.0125 AND nifty_1m >= 0.0163 AND d1 <= -0.000735,"[432, 532, 1463]",-1,0.04440931975841522,4.440931975841522,30,10,9,30,4.440931962520114,4.270931962520114,86.66666666666667,4.271879527010175,10,9,-0.876257537926645,2.7369052334038795,12,0.3336332757139925,0.16363327571399247,66.66666666666666,0.8048084735925949,4.0,3.0,-0.9693875879234034,-1.2714621000799116,42,3.26741805200408,3.09741805200408,80.95238095238095,2.68763374299365,14,12,-0.9693875879234034,1.9574656795585101,,
mean,30,short,10,3,SHORT: r3y >= 0.3939 AND nifty_1w >= 0.0125 AND gap5 <= 0.01686,"[140, 432, 1673]",-1,0.04394711181521416,4.394711181521416,37,13,12,37,4.394711438949218,4.224711438949218,78.37837837837837,4.1899703376071695,13,12,-1.8950138266956198,2.851269894270438,26,-1.302322988139535,-1.4723229881395352,42.30769230769231,-0.8926376970976949,6.0,1.0,-12.42205395813509,-3.1602519846908548,63,2.0435543738014794,1.8735543738014793,63.49206349206349,1.40116178644145,19,13,-12.42205395813509,0.9893144642245881,,
mean,30,short,11,3,SHORT: nifty_1w >= 0.007359 AND prev1_3d <= -0.001929 AND d1 <= -0.006219,"[430, 689, 1461]",-1,0.04373946413397789,4.373946413397789,31,10,8,31,4.373946624685907,4.203946624685907,74.19354838709677,3.8829390485280397,10,8,-4.1436164692163,2.409792314794137,15,-0.34396806853926204,-0.513968068539262,40.0,-0.9524721068004101,6.0,2.0,-1.5522355873642675,-2.172112300402708,46,2.835496181242917,2.665496181242917,63.04347826086957,3.05091364632359,16,10,-4.1436164692163,1.4023190038185034,,
mean,30,short,12,3,SHORT: nifty_1w >= 0.0125 AND d1 >= -0.02768 AND d1 <= -0.006219,"[432, 1450, 1461]",-1,0.04370253533124924,4.370253533124924,38,13,10,38,4.3702535810592655,4.200253581059266,84.21052631578947,3.850940450933265,13,10,-4.1436164692163,2.9693717578671572,15,-0.7050066702513199,-0.87500667025132,46.666666666666664,-0.8551449324585699,5.0,2.0,-3.7184632584719104,-2.8584630317981174,53,2.933859170310986,2.7638591703109863,73.58490566037736,2.72681329478062,18,12,-4.1436164692163,1.821128499080133,,
mean,30,short,13,3,SHORT: nifty_1w >= 0.0125 AND sec_rank_1m <= 0.2632 AND d1 <= 0.002834,"[432, 1283, 1465]",-1,0.04366171360015869,4.366171360015869,31,12,11,31,4.366171553177221,4.196171553177221,87.09677419354838,4.29650339507761,12,11,-1.410049944418748,2.71330731184567,14,-0.6856529788205151,-0.855652978820515,57.14285714285714,0.53152764311332,6.0,3.0,-6.052832387808596,-2.6545772308414635,45,2.7944928098890367,2.6244928098890363,77.77777777777779,2.38822104814259,18,14,-6.052832387808596,1.5236712101125047,,
mean,30,short,14,3,SHORT: nifty_1w >= 0.0125 AND nifty_3m >= -0.004277 AND d1 <= -0.006219,"[432, 632, 1461]",-1,0.043624211102724075,4.3624211102724075,31,10,8,31,4.362421012284054,4.192421012284054,83.87096774193549,3.68913207901877,10,8,-0.9581244394055197,2.6094460115068334,12,-1.621649871520014,-1.7916498715200142,41.66666666666667,-1.065464281804825,3.0,0.0,-3.7184632584719104,-4.096922138044008,43,2.692447742385244,2.522447742385244,72.09302325581395,1.51376480033479,13,8,-3.7184632584719104,1.2733104694983552,,
mean,30,short,15,3,SHORT: nifty_1w >= 0.0125 AND vs_nifty_1m >= -0.1154 AND r2d <= -0.009149,"[432, 500, 1513]",-1,0.043588824570178986,4.358882457017899,30,12,9,30,4.358882441907566,4.188882441907566,80.0,4.793684814258505,12,9,-4.1436164692163,2.5608960921256303,8,0.5917994562319849,0.42179945623198495,50.0,-0.26455763794861,3.0,2.0,-1.8782903957142674,-2.26705979285621,38,3.5658123396600754,3.395812339660075,73.68421052631578,3.2728775740595553,15,11,-4.1436164692163,2.083539331908989,,
mean,30,short,16,3,SHORT: nifty_1w >= 0.0125 AND r10d <= -0.02216 AND intra5 >= -0.02717,"[432, 1567, 1694]",-1,0.043528325855731964,4.352832585573196,31,13,12,31,4.352832752237112,4.182832752237112,83.87096774193549,3.3589354188038696,13,12,-1.37058500740223,2.5343590553268585,18,-3.3694250747261103,-3.5394250747261102,38.88888888888889,-2.0845602995819954,6.0,1.0,-13.2526049360499,-6.14314736347209,49,1.5160849790669488,1.346084979066949,67.3469387755102,1.7559850232539,19,13,-13.2526049360499,0.11917463848700764,,
mean,30,short,17,3,SHORT: from_52w_high >= -0.3101 AND vs_ma200 <= -0.02229 AND nifty_1w >= 0.007359,"[186, 271, 430]",-1,0.04333578795194626,4.333578795194626,35,13,12,35,4.333578847399885,4.163578847399885,77.14285714285715,3.3589354188038696,13,12,-3.49649271356893,2.5251731353449585,32,-0.6028489473921533,-0.7728489473921534,37.5,-1.07005140719347,6.0,3.0,-3.2189851366102396,-1.7417207835250286,67,1.9758819901857776,1.8058819901857777,58.2089552238806,1.40116178644145,19,15,-3.49649271356893,0.9107101248999971,,
mean,30,short,18,3,SHORT: nifty_1w >= 0.0125 AND nifty_1m >= 0.006817 AND r2d <= -0.003457,"[432, 530, 1515]",-1,0.04332397133111954,4.332397133111954,31,10,10,31,4.332396893109258,4.162396893109258,83.87096774193549,4.66082000549231,10,10,0.46340524668985006,2.4687864225573777,12,-1.0633700662657501,-1.23337006626575,33.33333333333333,-0.783563568373505,3.0,2.0,-3.4504075850633398,-3.5075670238821863,43,2.8266014625859994,2.6566014625859995,69.76744186046511,2.64845419120668,13,12,-3.4504075850633398,1.353368583981653,,
mean,30,short,19,3,SHORT: vol60 <= 0.2466 AND vs_nifty_1w <= -0.02733 AND india_vix >= 11.76,"[295, 401, 652]",-1,0.04300343617796898,4.300343617796898,30,10,9,30,4.300343452908205,4.130343452908205,90.0,3.546461404788685,10,9,-2.08942530076131,2.652244382018416,19,0.37642070972110586,0.20642070972110588,42.10526315789473,-0.9524721068004101,6.0,4.0,-4.81750170732555,-2.3412285279626657,49,2.778822389223411,2.608822389223411,71.42857142857143,1.8774648389793,16,13,-4.81750170732555,1.4226499563856627,,
mean,30,short,20,3,SHORT: vol60 <= 0.3487 AND nifty_1w >= 0.0125 AND d1 <= -0.006219,"[303, 432, 1461]",-1,0.042999766767024994,4.299976676702499,31,11,8,31,4.299976837814357,4.129976837814357,80.64516129032258,3.8829390485280397,11,8,-4.1436164692163,2.590792498783257,8,-3.2345302531875717,-3.4045302531875716,25.0,-1.89691649133304,4.0,1.0,-6.848918794643086,-8.030035507520093,39,2.754436921711398,2.584436921711398,69.23076923076923,2.72681329478062,15,9,-6.848918794643086,1.2201283218489443,,
mean,30,short,21,3,SHORT: volume_5d_vs_60d >= 0.7926 AND nifty_1w >= 0.0125 AND r2d <= -0.003457,"[322, 432, 1515]",-1,0.04294950142502785,4.294950142502785,32,12,11,32,4.294949839260962,4.124949839260962,78.125,4.271879527010175,12,11,-0.88939765757606,2.3977189301975583,8,-0.49233074385586,-0.66233074385586,37.5,-0.783563568373505,4.0,2.0,-2.33163654183604,-4.41760425242782,40,3.337493722637598,3.167493722637598,70.0,3.0057287121593848,16,13,-2.33163654183604,1.737136147556777,,
mean,30,short,22,3,SHORT: r1m >= -0.04663 AND india_vix >= 13.46 AND d1 <= -0.006219,"[42, 658, 1461]",-1,0.042872700840234756,4.287270084023476,31,8,7,31,4.287270087041367,4.117270087041367,80.64516129032258,3.8829390485280397,8,7,-3.4300136791458296,2.9109469495767977,12,0.8620194443140365,0.6920194443140366,58.333333333333336,0.52816412417146,3.0,3.0,0.275427612873775,-1.3677520027280057,43,3.3313861867453687,3.1613861867453688,74.4186046511628,2.83206829360018,11,10,-3.4300136791458296,2.2639172110727674,,
mean,30,short,23,3,SHORT: nifty_1w >= 0.0125 AND sector_1m >= -0.01924 AND r2d <= -0.003457,"[432, 452, 1515]",-1,0.04285632073879242,4.285632073879242,31,10,9,31,4.285631786947082,4.115631786947082,83.87096774193549,4.9265496230247,10,9,-0.9581244394055197,2.491316050950909,11,-1.0822996238845846,-1.2522996238845845,36.36363636363637,-0.71198220428844,3.0,2.0,-3.4504075850633398,-3.9496373724527882,42,2.8797449888721216,2.7097449888721217,71.42857142857143,2.68763374299365,13,11,-3.4504075850633398,1.42888976924306,,
mean,30,short,24,3,SHORT: nifty_1w >= 0.0125 AND days_after_quarter_end <= 35 AND r2d <= -0.003457,"[432, 1120, 1515]",-1,0.04276961088180542,4.276961088180542,30,11,9,30,4.2769608880545,4.1069608880545,73.33333333333333,4.793684814258505,11,9,-2.35029368617598,2.3280066991335673,7,-2.1408794272846654,-2.3108794272846653,42.857142857142854,-0.45502886072664994,4.0,1.0,-9.06416829226943,-11.598363067869885,37,3.0627748824497916,2.8927748824497916,67.56756756756756,2.64845419120668,15,10,-9.06416829226943,1.350437858979579,,
mean,30,short,25,3,SHORT: nifty_1w >= 0.0125 AND vs_nifty_1m >= -0.1154 AND r2d <= -0.003457,"[432, 500, 1515]",-1,0.042735252529382706,4.273525252938271,37,13,11,37,4.273525019165391,4.103525019165391,78.37837837837837,4.66082000549231,13,11,-4.1436164692163,2.669388811503211,14,-1.2688316986201456,-1.4388316986201455,35.714285714285715,-0.783563568373505,5.0,3.0,-9.06416829226943,-3.6995383492147935,51,2.7520937633026943,2.5820937633026944,66.66666666666666,2.38822104814259,18,14,-9.06416829226943,1.4707999605961026,,
mean,30,short,26,3,SHORT: nifty_1w >= 0.0125 AND d1 <= 0.002834 AND vol20_60 <= 0.8888,"[432, 1465, 2024]",-1,0.04251188412308693,4.251188412308693,30,11,10,30,4.251188734904244,4.081188734904244,83.33333333333334,3.7540369661786297,11,10,-4.1436164692163,2.7040135955884876,12,-0.6652103119683617,-0.8352103119683617,50.0,0.298960135181145,4.0,2.0,-4.46065957413962,-3.486380258658591,42,2.8465032929406426,2.6765032929406427,73.80952380952381,2.85412545601704,15,12,-4.46065957413962,1.611292328272752,,
mean,30,short,27,3,SHORT: nifty_1w >= 0.0125 AND d1 <= -0.006219 AND cal_days <= 2,"[432, 1461, 2287]",-1,0.042453065514564514,4.245306551456451,30,12,11,30,4.245306580045497,4.075306580045497,83.33333333333334,3.7540369661786297,12,11,-0.44721731784936336,2.5659534085528133,15,-1.4579774683877418,-1.6279774683877417,40.0,-1.27578363115108,5.0,1.0,-3.7184632584719104,-3.9879192290027494,45,2.3442118972344166,2.1742118972344167,68.88888888888889,2.64845419120668,17,12,-3.7184632584719104,1.0569793297001049,,
mean,30,short,28,3,SHORT: nifty_1w >= 0.0125 AND days_after_quarter_end <= 35 AND d1 <= -0.006219,"[432, 1120, 1461]",-1,0.04241202399134636,4.241202399134636,30,10,8,30,4.2412021213098665,4.071202121309867,80.0,3.52403374891132,10,8,-0.876257537926645,2.6072582679563574,3,-1.6846750086990863,-1.8546750086990864,33.33333333333333,-0.8551449324585699,2.0,1.0,-3.1664550163023297,,33,3.7024860185817783,3.5324860185817784,75.75757575757575,2.81718316310903,12,9,-3.1664550163023297,2.1474082740289884,,
mean,30,short,29,3,SHORT: nifty_1w >= 0.0125 AND iv_vs_realised >= 1.365 AND exs_3d >= -0.05215,"[432, 1095, 1890]",-1,0.042236968874931335,4.2236968874931335,30,9,7,30,4.223696651715238,4.053696651715238,83.33333333333334,2.90737639688874,9,7,-1.37058500740223,2.509401080669669,9,-2.645060090845207,-2.815060090845207,33.33333333333333,-1.7673678590349602,4.0,1.0,-6.19772657168812,-7.663706964367638,39,2.638598941893598,2.468598941893598,71.7948717948718,2.27444828703993,13,8,-6.19772657168812,1.144984888209849,,
mean,30,short,30,3,SHORT: r3y >= 0.5993 AND nifty_1w >= 0.0125 AND gap5 <= 0.01686,"[142, 432, 1673]",-1,0.04217888414859772,4.217888414859772,33,11,9,33,4.2178880349178005,4.047888034917801,75.75757575757575,3.8829390485280397,11,9,-1.8950138266956198,2.4223792331364424,20,-1.8221327242597372,-1.992132724259737,40.0,-1.6796125639181954,6.0,1.0,-12.42205395813509,-4.2833808359800205,53,1.9386349182470317,1.7686349182470318,62.264150943396224,1.32099056484552,17,10,-12.42205395813509,0.6538325842213673,,
mean,60,long,1,3,LONG: nifty_1w <= -0.007281 AND days_after_quarter_end >= 26 AND exn_10d <= -0.02286,"[425, 1113, 1829]",1,0.03597734868526459,3.5977348685264587,60,9,8,60,3.597735314501939,3.427735314501939,68.33333333333333,2.566219119948375,9,8,-2.61811008843403,2.5489930349926166,45,-0.06733765204845694,-0.23733765204845694,42.22222222222222,-0.49966043224667,7.0,3.0,-5.6725828528647195,-1.2157006107297401,105,2.026989757408911,1.8569897574089111,57.14285714285714,1.52502174231119,16,11,-5.6725828528647195,1.3564434845801467,1.8666458739976257,0.5099941755706214
mean,60,long,2,3,LONG: nifty_1w <= -0.007281 AND days_after_quarter_end >= 26 AND gap5 <= 0.01229,"[425, 1113, 1671]",1,0.03558849170804024,3.5588491708040237,63,9,8,63,3.558849056191142,3.388849056191142,69.84126984126983,2.89298215314723,9,8,-2.61811008843403,2.560999803353785,47,-0.5048377654435638,-0.6748377654435639,42.5531914893617,-0.2473364603341,8.0,3.0,-2.3910386844293923,-1.4774276714649026,110,1.82254650512904,1.6525465051290398,58.18181818181818,1.268435136468075,17,11,-2.61811008843403,1.1886725106540192,1.5957693108048374,0.20524104655445286
mean,60,long,3,3,LONG: nifty_1w <= -0.007281 AND days_after_quarter_end >= 26 AND sec_d0 <= -0.001347,"[425, 1113, 1851]",1,0.03558462858200073,3.5584628582000732,61,10,8,61,3.558462921022796,3.388462921022796,70.49180327868852,2.4669229236015,10,8,-2.71119920514732,2.5337118774039773,38,0.5749541268840099,0.40495412688401,52.63157894736842,0.35495147823271,8.0,4.0,-3.6921760184899335,-0.8548375695339518,99,2.413277727312958,2.2432777273129583,63.63636363636363,1.97304560682365,18,12,-3.6921760184899335,1.7204778610006577,2.072734021220095,0.8690599465748624
mean,60,long,4,3,LONG: vol60 >= 0.2754 AND maxabs5 >= 0.02843 AND z5 <= -0.6013,"[296, 2051, 2074]",1,0.03527792915701866,3.527792915701866,64,12,12,64,3.5277925623591373,3.3577925623591374,71.875,2.458962628102325,12,12,0.53450720522693,2.571986927331347,63,-0.6353885492168034,-0.8053885492168034,46.03174603174603,-0.50319899030564,8.0,3.0,-1.61064522171303,-1.6034492755023204,127,1.4625924833883952,1.292592483388395,59.055118110236215,1.06619325845109,20,15,-1.61064522171303,0.894678051452223,1.272824233987434,-0.4899072840578023
mean,60,long,5,3,LONG: vol60 >= 0.2987 AND nifty_1w <= -0.007281 AND days_after_quarter_end >= 26,"[298, 425, 1113]",1,0.035259660333395004,3.5259660333395004,60,9,8,60,3.5259659670750843,3.3559659670750843,70.0,2.353588729120025,9,8,-2.80428832186061,2.4946786801621412,33,0.19046296325304854,0.020462963253048548,45.45454545454545,-0.2473364603341,7.0,3.0,-2.5090375688478597,-1.4349060988477493,93,2.3424003850737165,2.172400385073716,61.29032258064516,1.3534210409093301,16,11,-2.80428832186061,1.6077432065240358,2.4743633448382094,1.4640614888859769
mean,60,long,6,3,LONG: nifty_1w <= -0.007281 AND days_after_quarter_end >= 26 AND sec_d0 <= 0.001088,"[425, 1113, 1853]",1,0.03524702787399292,3.524702787399292,67,10,9,67,3.5247024167546224,3.354702416754622,71.64179104477611,2.4669229236015,10,9,-2.71119920514732,2.588476773823182,43,0.718480211563553,0.548480211563553,51.162790697674424,0.33844127427166,8.0,4.0,-1.7341155573262947,-0.5071570690267385,110,2.427724645634476,2.257724645634476,63.63636363636363,1.93963791039879,18,13,-2.71119920514732,1.8081917614273464,2.0914915848093987,1.0343698280214915
mean,60,long,7,3,LONG: nifty_1w <= -0.007281 AND season_so_far_3d <= 0.01019 AND exn_10d <= -0.02972,"[425, 1189, 1827]",1,0.0345979705452919,3.45979705452919,60,10,8,60,3.4597964568174224,3.2897964568174225,68.33333333333333,2.920570471702205,10,8,-4.79144966836638,2.3985142811549625,60,-1.4465256417510024,-1.6165256417510023,38.333333333333336,-1.6286893955673003,7.0,1.0,-5.2781666478626965,-2.4051799295274128,120,1.0066354075332096,0.8366354075332096,53.333333333333336,1.019116166387065,17,9,-5.2781666478626965,0.3791884594266444,1.0352157997641835,-0.6344081281419988
mean,60,long,8,3,LONG: nifty_1w <= -0.007281 AND days_after_quarter_end >= 26 AND gap5 <= 0.01686,"[425, 1113, 1673]",1,0.03459278866648674,3.459278866648674,69,9,8,69,3.459278437740622,3.289278437740622,69.56521739130434,2.6074241987182702,9,8,-2.61811008843403,2.5471985977903198,54,0.0530819470565741,-0.11691805294342589,48.148148148148145,-0.072796817973375,8.0,3.0,-2.3910386844293923,-0.8014362198014244,123,1.963875100367137,1.7938751003671372,60.16260162601627,1.40525561923802,17,11,-2.61811008843403,1.4058231813528432,1.7429507292919126,0.599474334106916
mean,60,long,9,3,LONG: from_52w_high <= -0.1363 AND maxabs5 >= 0.02843 AND z5 <= -0.6013,"[197, 2051, 2074]",1,0.03456775099039078,3.4567750990390778,63,12,10,63,3.456775181911446,3.286775181911446,69.84126984126983,2.6074241987182702,12,10,-1.27819672225057,2.478367951413548,69,-0.05401847895157752,-0.2240184789515775,52.17391304347826,0.14439687719129,8.0,3.0,-0.7208429118395633,-0.9770456027508198,132,1.62158758646032,1.4515875864603198,60.60606060606061,1.361925749948005,20,13,-1.27819672225057,1.082291640154388,1.3500848587901497,-0.04925970677706954
mean,60,long,10,3,LONG: from_52w_high <= -0.1363 AND nifty_1w <= -0.007281 AND days_after_quarter_end >= 26,"[197, 425, 1113]",1,0.03453840687870979,3.4538406878709793,66,9,7,66,3.453841070418785,3.2838410704187853,68.18181818181817,2.566219119948375,9,7,-2.71119920514732,2.4964591590511063,54,0.3276780688462705,0.15767806884627047,46.2962962962963,-0.105727834919655,8.0,2.0,-3.118060854332995,-0.6604751203778404,120,2.047067719711154,1.8770677197111538,58.333333333333336,1.685426064807255,17,9,-3.118060854332995,1.4648569590905864,1.9200169391833821,0.9627947220297559
mean,60,long,11,3,LONG: nifty_1w <= -0.007281 AND days_after_quarter_end >= 26 AND gap0 <= 0.007052,"[425, 1113, 1623]",1,0.034481480717659,3.4481480717658997,68,10,9,68,3.448147498982491,3.2781474989824906,72.05882352941177,2.566219119948375,10,9,-2.61811008843403,2.5207067934172533,55,0.18830934258031964,0.01830934258031966,49.09090909090909,-0.06508368532652001,8.0,2.0,-2.5090375688478597,-0.7961920775666252,123,1.990496290835178,1.820496290835178,61.78861788617886,1.52502174231119,18,11,-2.61811008843403,1.420690404261067,1.7900748663066044,0.6290615235534863
mean,60,long,12,3,LONG: nifty_1w <= -0.007281 AND days_after_quarter_end >= 26 AND gap0 <= 0.005033,"[425, 1113, 1621]",1,0.034288439899683,3.4288439899683,64,9,8,64,3.428843873726754,3.258843873726754,71.875,2.566219119948375,9,8,-2.61811008843403,2.4368899317455917,49,0.17099788480404987,0.0009978848040498832,48.97959183673469,-0.06508368532652001,8.0,3.0,-2.5090375688478597,-0.8655398227202078,113,2.016149595344343,1.846149595344343,61.94690265486725,1.84583038730332,17,11,-2.61811008843403,1.3947715574443493,1.8252728939348335,0.6735798667358764
mean,60,long,13,3,LONG: r5y <= 6.107 AND from_52w_high <= -0.1605 AND nifty_1w <= -0.007281,"[181, 195, 425]",1,0.034266721457242966,3.4266721457242966,62,11,10,62,3.4266724408340803,3.2566724408340804,69.35483870967742,2.777791494487725,11,10,-0.16719108870045998,2.3997226208103606,46,-0.5332179860929256,-0.7032179860929256,45.65217391304348,-0.105727834919655,8.0,4.0,-5.1456164830922,-1.5869030922139715,108,1.7400524441799843,1.5700524441799844,59.25925925925925,1.5738519967956401,19,14,-5.1456164830922,1.0751076495292948,1.6991630431530018,0.4793313745378466
mean,60,long,14,3,LONG: from_52w_high <= -0.1605 AND nifty_1w <= -0.007281 AND z20 <= -0.6472,"[195, 425, 2104]",1,0.034195005893707275,3.4195005893707275,60,11,10,60,3.419500888089644,3.249500888089644,68.33333333333333,2.517836292004305,11,10,-0.16719108870045998,2.3545554789064784,61,-0.3797107322692113,-0.5497107322692113,44.26229508196721,-0.2473364603341,8.0,4.0,-2.9784486280081346,-1.3700292423847722,121,1.5041958563384856,1.3341958563384855,56.19834710743802,1.22727364826106,19,14,-2.9784486280081346,0.9036045047158254,1.5013336850926189,0.2894149753831143
mean,60,long,15,3,LONG: nifty_1w <= -0.007281 AND days_after_quarter_end >= 26 AND nifty_3d <= -0.0002152,"[425, 1113, 1747]",1,0.03415191173553467,3.415191173553467,73,10,9,73,3.4151906705553237,3.2451906705553237,73.97260273972603,2.5250140411784803,10,9,-2.61811008843403,2.5535208383090624,47,0.07845884973680207,-0.09154115026319792,44.680851063829785,-0.49966043224667,8.0,2.0,-2.5090375688478597,-1.1066440900623606,120,2.1083040407347364,1.9383040407347365,62.5,1.685426064807255,18,11,-2.61811008843403,1.5287557288543248,1.963980622772898,0.3945049794550231
mean,60,long,16,3,LONG: nifty_1w <= -0.007281 AND days_after_quarter_end >= 26 AND gap0 <= 0.008247,"[425, 1113, 1625]",1,0.03406943380832672,3.406943380832672,70,10,9,70,3.4069432101888864,3.236943210188886,72.85714285714285,2.566219119948375,10,9,-2.61811008843403,2.504869581041532,58,0.15774115932425695,-0.012258840675743034,46.55172413793103,-0.105727834919655,8.0,2.0,-2.5090375688478597,-0.7739175562158856,128,1.9346485308908505,1.7646485308908506,60.9375,1.36202914587633,18,11,-2.61811008843403,1.3857352510903078,1.8081595620725983,0.7184864847700767
mean,60,long,17,3,LONG: r1w <= -0.02774 AND vol60 >= 0.2987 AND maxabs5 >= 0.02843,"[11, 298, 2051]",1,0.03402065485715866,3.402065485715866,61,11,11,61,3.4020656044855815,3.2320656044855816,73.77049180327869,2.4669229236015,11,11,1.3606229934975667,2.4148789272406708,56,-0.23791016909504073,-0.4079101690950407,50.0,-0.13536427211459,8.0,3.0,-1.61064522171303,-1.2998735068195735,117,1.659854977814514,1.4898549778145138,62.39316239316239,1.22727364826106,19,14,-1.61064522171303,1.057062231521726,1.549207200823091,-0.07424374579116444
mean,60,long,18,3,LONG: nifty_1w <= -0.007281 AND nifty_3m <= 0.09609 AND days_after_quarter_end >= 26,"[425, 641, 1113]",1,0.033974986523389816,3.3974986523389816,72,9,8,72,3.3974986105515033,3.2274986105515033,72.22222222222221,2.49596848238999,9,8,-2.71119920514732,2.5216477315550123,63,0.11052160094219647,-0.05947839905780351,46.03174603174603,-0.13094571921908,8.0,2.0,-2.5090375688478597,-0.7448923596705253,135,1.86357600606716,1.69357600606716,60.0,1.3534210409093301,17,10,-2.71119920514732,1.3414860365318892,1.7450132062074575,0.6267633291304119
mean,60,long,19,3,LONG: nifty_1w <= -0.007281 AND days_after_quarter_end >= 26 AND nifty_d0 <= -0.0003031,"[425, 1113, 1721]",1,0.033973731100559235,3.3973731100559235,68,10,9,68,3.397372707539565,3.227372707539565,70.58823529411765,2.353588729120025,10,9,-2.71119920514732,2.465902256621715,40,0.8625706585738779,0.6925706585738779,52.5,0.35495147823271,8.0,3.0,-2.5090375688478597,-0.4475368964941065,108,2.4585571338485694,2.2885571338485695,63.888888888888886,1.93963791039879,18,12,-2.71119920514732,1.8284912076283935,2.1134953363704274,1.0807048149324259
mean,60,long,20,3,LONG: vol60 >= 0.2754 AND maxabs5 >= 0.02498 AND z5 <= -0.6013,"[296, 2049, 2074]",1,0.03396566957235336,3.3965669572353363,69,12,12,69,3.396566161756305,3.226566161756305,72.46376811594203,2.4669229236015,12,12,0.53450720522693,2.5051807794179646,74,-0.912864607964241,-1.082864607964241,44.5945945945946,-0.529933403200945,8.0,2.0,-2.5079421563451025,-1.746703773446809,143,1.1665110781246937,0.9965110781246936,58.04195804195804,1.06619325845109,20,14,-2.5079421563451025,0.6537142105701176,1.1138835268159115,-0.5650247763185209
mean,60,long,21,3,LONG: nifty_1w <= -0.007281 AND r10d <= -0.04635 AND nifty_3d <= 0.003746,"[425, 1563, 1749]",1,0.033956535160541534,3.3956535160541534,60,11,9,60,3.395654058047333,3.2256540580473327,71.66666666666667,2.99704540060185,11,9,-4.82636491056583,2.328540755223956,57,-0.5886046151862182,-0.7586046151862182,43.859649122807014,-0.56308007892704,8.0,2.0,-2.88331519737979,-1.599776209177569,117,1.4546049608309874,1.2846049608309875,58.119658119658126,1.37063725084333,19,11,-4.82636491056583,0.8303500388152186,1.2705407658160697,-0.03318429495757952
mean,60,long,22,3,LONG: nifty_1w <= -0.007281 AND days_after_quarter_end >= 26 AND nifty_3d <= 0.003746,"[425, 1113, 1749]",1,0.033879268914461136,3.3879268914461136,78,10,9,78,3.3879269555793954,3.2179269555793955,74.35897435897436,2.566219119948375,10,9,-2.61811008843403,2.5834082272557595,59,0.05092815095174877,-0.11907184904825122,44.06779661016949,-0.2473364603341,8.0,2.0,-2.5090375688478597,-0.8733677187795493,137,1.9508252805937665,1.7808252805937663,61.31386861313869,1.37063725084333,18,11,-2.61811008843403,1.4399506619047344,1.9414622484438346,0.5815768900166559
mean,60,long,23,3,LONG: sec_d0 <= -0.003354 AND dist_20h <= -0.07962 AND own_dm1 <= 0.008636,"[1849, 1929, 2158]",1,0.03387894481420517,3.387894481420517,60,11,9,60,3.387894598685322,3.2178945986853216,73.33333333333333,2.823403967581275,11,9,-6.01909877268386,2.4819435968113592,74,0.3708963629402373,0.2008963629402373,54.054054054054056,0.44489022497987507,8.0,5.0,-5.19092608245688,-0.4556369097348018,134,1.7217910953634092,1.551791095363409,62.68656716417911,1.953930514080955,19,14,-6.01909877268386,1.2479827361941611,1.4688528531854597,0.4711565818266719
mean,60,long,24,3,LONG: r1w <= -0.03676 AND vol60 >= 0.2754 AND maxabs5 >= 0.02843,"[9, 296, 2051]",1,0.033845189958810806,3.3845189958810806,61,12,12,61,3.38451854816047,3.21451854816047,70.49180327868852,2.45100233260315,12,12,0.25405163250083324,2.3647167171313104,58,-0.33667582778249966,-0.5066758277824996,51.724137931034484,0.089277912792145,8.0,3.0,-1.61064522171303,-1.3678825922615274,119,1.5708271716504514,1.4008271716504515,61.34453781512605,1.12992115004485,20,15,-1.61064522171303,0.9678062308179712,1.418674558117373,-0.17865307424772262
mean,60,long,25,3,LONG: nifty_1w <= -0.007281 AND days_after_quarter_end >= 26 AND up10 <= 0.4,"[425, 1113, 2118]",1,0.033838748931884766,3.3838748931884766,68,9,7,68,3.38387506577485,3.2138750657748503,63.23529411764706,2.75020317593275,9,7,-2.71119920514732,2.4513333734471026,47,0.017994697408121284,-0.1520053025918787,46.808510638297875,-0.13094571921908,7.0,2.0,-2.3910386844293923,-0.9677058236526079,115,2.008254393485839,1.838254393485839,56.52173913043478,1.90623021397393,16,9,-2.71119920514732,1.4116341209577201,1.719478358272046,0.39627196985626545
mean,60,long,26,3,LONG: nifty_1w <= -0.007281 AND prev_sales_yoy >= 0.05717 AND season_so_far_3d <= 0.01019,"[425, 837, 1189]",1,0.03382690250873566,3.3826902508735657,61,10,8,61,3.3826902366924676,3.2126902366924677,72.1311475409836,2.94815879025718,10,8,-2.80428832186061,2.397017072301097,59,-0.6659526955253355,-0.8359526955253355,45.76271186440678,-0.2473364603341,7.0,2.0,-2.848352262493412,-1.5041745568716836,120,1.3921074616853808,1.2221074616853809,59.166666666666664,1.465138680774605,17,10,-2.848352262493412,0.8242504636067451,1.5455386389931134,0.37927889440209916
mean,60,long,27,3,LONG: from_52w_high <= -0.1605 AND nifty_1w <= -0.007281 AND days_after_quarter_end >= 24,"[195, 425, 1111]",1,0.03375697508454323,3.375697508454323,62,11,8,62,3.3756976818763857,3.205697681876386,64.51612903225806,2.49596848238999,11,8,-2.80428832186061,2.344276391768659,53,0.031894643556570075,-0.13810535644342992,47.16981132075472,-0.08050995062023,8.0,3.0,-3.118060854332995,-1.0076558439107204,115,1.8346406294333404,1.6646406294333405,56.52173913043478,1.1047882196936,19,11,-3.118060854332995,1.2163099664992099,1.7505265554428509,0.670570121835033
mean,60,long,28,3,LONG: nifty_1w <= -0.007281 AND days_after_quarter_end >= 26 AND sec_3d <= 0.007607,"[425, 1113, 1881]",1,0.03371928259730339,3.371928259730339,76,10,9,76,3.371928698407425,3.201928698407425,72.36842105263158,2.75020317593275,10,9,-2.61811008843403,2.5505381412844574,56,0.3229796088374085,0.15297960883740852,48.214285714285715,-0.0980147022728,8.0,2.0,-2.5090375688478597,-0.6290148946147835,132,2.0784351452565084,1.9084351452565085,62.121212121212125,1.9056130042859998,18,11,-2.61811008843403,1.5524713630231346,2.03263717270029,0.6845764681815871
mean,60,long,29,3,LONG: vol60 >= 0.2466 AND nifty_1w <= -0.007281 AND days_after_quarter_end >= 26,"[294, 425, 1113]",1,0.03370910882949829,3.370910882949829,71,9,8,71,3.3709113249017877,3.2009113249017873,69.01408450704226,2.24025453463855,9,8,-2.80428832186061,2.479775789734918,49,0.3692852967299355,0.1992852967299355,46.93877551020408,-0.08050995062023,8.0,2.0,-2.5090375688478597,-0.7289008677382274,120,2.1452473633982816,1.9752473633982817,60.0,1.379338330073675,17,10,-2.80428832186061,1.5673052829380245,2.083417583432034,1.0642469258914278
mean,60,long,30,3,LONG: past_avg_3d <= 0.03973 AND days_after_quarter_end >= 26 AND sec_3d <= -0.01345,"[753, 1113, 1873]",1,0.03357189893722534,3.357189893722534,63,11,8,63,3.357189677812639,3.1871896778126385,71.42857142857143,2.71737162904039,11,8,-3.87930895831244,2.452598472870844,46,0.8045330464199238,0.6345330464199238,56.52173913043478,0.38304469245413003,8.0,7.0,-3.33255776226518,-0.5261553473562449,109,2.2799217416285567,2.1099217416285567,65.13761467889908,1.9277197446711698,19,15,-3.87930895831244,1.687481249730632,2.020360214245107,0.7485048348367335
mean,60,short,1,3,SHORT: r3y >= 0.3939 AND nifty_1w >= 0.0125 AND dist_20h >= -0.1885,"[140, 432, 1916]",-1,0.03512103855609894,3.512103855609894,60,13,13,60,3.5121040435248148,3.342104043524815,76.66666666666667,2.90076153899959,13,13,0.22359966131588496,2.4983120281603814,41,0.01857027680509554,-0.15142972319490444,51.21951219512195,0.010106155137700001,6.0,3.0,-1.0537027195442128,-1.0487516921338822,101,2.0939368708960187,1.9239368708960185,66.33663366336634,2.21982522328376,19,16,-1.0537027195442128,1.4392556551857287,,
mean,60,short,2,3,SHORT: r3y >= 0.3939 AND nifty_1w >= 0.0125 AND vs_nifty_1m >= -0.1381,"[140, 432, 496]",-1,0.03512103855609894,3.512103855609894,60,13,13,60,3.5121040435248148,3.342104043524815,76.66666666666667,2.90076153899959,13,13,0.22359966131588496,2.4983120281603814,38,0.2284616788021972,0.058461678802197214,52.63157894736842,0.09648654176446,6.0,3.0,-1.0537027195442128,-0.9040878324650056,98,2.23885496332625,2.06885496332625,67.3469387755102,2.236447541401,19,16,-1.0537027195442128,1.570846294014027,,
mean,60,short,3,3,SHORT: r3y >= 0.3939 AND nifty_1w >= 0.0125 AND sector_3m >= -0.1098,"[140, 432, 546]",-1,0.03419633209705353,3.419633209705353,62,14,13,62,3.4196330871692826,3.2496330871692827,75.80645161290323,2.90076153899959,14,13,-1.8950138266956198,2.433301234067151,41,-0.052144649074296445,-0.22214464907429643,51.21951219512195,0.010106155137700001,6.0,4.0,-2.20594613963158,-1.129288135496523,103,2.0376633086645572,1.867663308664557,66.01941747572816,1.8774648389793,20,17,-2.20594613963158,1.3934718339773622,,
mean,60,short,4,3,SHORT: r1m >= -0.1898 AND r3y >= 0.3939 AND nifty_1w >= 0.0125,"[26, 140, 432]",-1,0.034168776124715805,3.4168776124715805,60,13,13,60,3.4168773739294904,3.24687737392949,75.0,2.769760970065865,13,13,0.22359966131588496,2.3944283886018445,42,0.017267625719253266,-0.1527323742807467,50.0,-0.01301745683129,6.0,3.0,-1.0537027195442128,-1.0213838374491901,102,2.017038065842922,1.8470380658429222,64.70588235294117,1.850756248815355,19,16,-1.0537027195442128,1.3651422850856716,,
mean,60,short,5,3,SHORT: r3y >= 0.3939 AND vs_ma50 >= -0.1434 AND nifty_1w >= 0.0125,"[140, 234, 432]",-1,0.034168776124715805,3.4168776124715805,60,13,13,60,3.4168773739294904,3.24687737392949,75.0,2.769760970065865,13,13,0.22359966131588496,2.3944283886018445,40,0.337880981113701,0.16788098111370106,52.5,0.09648654176446,6.0,3.0,-1.0537027195442128,-0.7143200863223039,100,2.1852788168031747,2.0152788168031748,66.0,2.0486450311315303,19,16,-1.0537027195442128,1.5285136907121004,,
mean,60,short,6,3,SHORT: r3y >= 0.3939 AND nifty_1w >= 0.0125 AND r20d >= -0.1768,"[140, 432, 1578]",-1,0.03409981727600098,3.4099817276000977,61,13,13,61,3.4099814915155493,3.2399814915155494,75.40983606557377,2.89106774892505,13,13,0.22359966131588496,2.4051748199960827,41,0.01857027680509554,-0.15142972319490444,51.21951219512195,0.010106155137700001,6.0,3.0,-1.0537027195442128,-1.0487516921338822,102,2.046767179720171,1.876767179720171,65.68627450980392,2.0486450311315303,19,16,-1.0537027195442128,1.3964038275132944,,
mean,60,short,7,3,SHORT: nifty_1w >= 0.0125 AND d1 >= -0.02768 AND d1 <= 0.002834,"[432, 1450, 1465]",-1,0.03374246507883072,3.374246507883072,60,13,11,60,3.3742465531391637,3.2042465531391637,81.66666666666667,2.90737639688874,13,11,-1.1145352625692064,2.4431713657766165,27,-0.5172255310809637,-0.6872255310809637,51.85185185185185,0.010106155137700001,6.0,4.0,-3.7184632584719104,-1.7825522537758778,87,2.166548320105331,1.996548320105331,72.41379310344827,2.25306985951824,19,15,-3.7184632584719104,1.4684065338844867,,
mean,60,short,8,3,SHORT: r3y >= 0.3939 AND nifty_1w >= 0.0125 AND r3d >= -0.03748,"[140, 432, 1532]",-1,0.033112384378910065,3.3112384378910065,60,14,13,60,3.3112384149196226,3.1412384149196226,75.0,2.769760970065865,14,13,-1.8950138266956198,2.279185887863808,40,-0.07555024552600022,-0.24555024552600022,50.0,-0.01301745683129,6.0,3.0,-2.892269923277796,-1.186812916767677,100,1.956522950741374,1.786522950741374,65.0,1.850756248815355,20,16,-2.892269923277796,1.2877180422259942,,
mean,60,short,9,3,SHORT: r6m >= -0.2265 AND r3y >= 0.3939 AND nifty_1w >= 0.0125,"[80, 140, 432]",-1,0.0330822579562664,3.3082257956266403,60,14,13,60,3.308225767307979,3.138225767307979,73.33333333333333,2.769760970065865,14,13,-1.8950138266956198,2.2758993631965603,36,0.25304863600645355,0.08304863600645358,52.77777777777778,0.09648654176446,6.0,4.0,-2.3729717466782865,-0.9435210264338131,96,2.1625343430699075,1.9925343430699076,65.625,1.850756248815355,20,17,-2.3729717466782865,1.475650723868606,,
mean,60,short,10,3,SHORT: r6m >= -0.2903 AND r3y >= 0.3939 AND nifty_1w >= 0.0125,"[78, 140, 432]",-1,0.0330822579562664,3.3082257956266403,60,14,13,60,3.308225767307979,3.138225767307979,73.33333333333333,2.769760970065865,14,13,-1.8950138266956198,2.2758993631965603,39,0.08158111218341424,-0.08841888781658575,51.28205128205128,0.010106155137700001,6.0,3.0,-1.0537027195442128,-1.0392582026669273,99,2.037123327410423,1.867123327410423,64.64646464646465,1.82404765865141,20,16,-1.8950138266956198,1.3654907271379146,,
mean,60,short,11,3,SHORT: r3y >= 0.3939 AND vs_ma200 >= -0.1761 AND nifty_1w >= 0.0125,"[140, 262, 432]",-1,0.0330822579562664,3.3082257956266403,60,14,13,60,3.308225767307979,3.138225767307979,73.33333333333333,2.769760970065865,14,13,-1.8950138266956198,2.2758993631965603,36,0.42567528365215274,0.2556752836521527,55.55555555555556,0.36976737224373496,6.0,4.0,-2.3729717466782865,-0.7430513711033236,96,2.2272693359370446,2.0572693359370446,66.66666666666666,2.0486450311315303,20,17,-2.3729717466782865,1.5439425844756958,,
mean,60,short,12,3,SHORT: r3y >= 0.3939 AND nifty_1w >= 0.0125 AND sec_3d >= -0.0201,"[140, 432, 1870]",-1,0.03299732878804207,3.299732878804207,60,14,12,60,3.2997329971124354,3.1297329971124355,73.33333333333333,2.769760970065865,14,12,-1.8950138266956198,2.266634522983239,43,-0.29133406176375043,-0.4613340617637504,48.837209302325576,-0.03614106880028,6.0,3.0,-2.20594613963158,-1.3432580768860511,103,1.8005496618534456,1.6305496618534456,63.10679611650486,1.7698993868114898,20,15,-2.20594613963158,1.1442605521248668,,
mean,60,short,13,3,SHORT: nifty_1w >= 0.0125 AND d1 <= 0.002834 AND dist_60h >= -0.2583,"[432, 1465, 1959]",-1,0.03287964686751366,3.2879646867513657,62,13,11,62,3.2879650356121948,3.117965035612195,79.03225806451613,2.8976826068142,13,11,-1.1145352625692064,2.381990598900354,26,-0.2801366933347235,-0.4501366933347235,53.84615384615385,0.283386985616975,6.0,3.0,-3.4710644865826734,-1.549267346218386,88,2.2337531611506054,2.0637531611506055,71.5909090909091,2.06526734924877,19,14,-3.4710644865826734,1.5480712061520163,,
mean,60,short,14,3,SHORT: vs_ma200 >= -0.1761 AND nifty_1w >= 0.0125 AND d1 <= 0.002834,"[262, 432, 1465]",-1,0.03267160803079605,3.267160803079605,60,13,11,60,3.267160890620853,3.0971608906208528,78.33333333333333,2.8976826068142,13,11,-1.1145352625692064,2.326350643029368,22,-0.5651720905652495,-0.7351720905652496,50.0,-0.222461352794475,6.0,3.0,-3.4710644865826734,-2.038533498306888,82,2.2389739932294592,2.0689739932294593,70.73170731707317,2.06526734924877,19,14,-3.4710644865826734,1.5002012905737634,,
mean,60,short,15,3,SHORT: r3y >= 0.3939 AND nifty_1w >= 0.0125 AND z20 >= -1.618,"[140, 432, 2091]",-1,0.03251565620303154,3.251565620303154,61,14,13,61,3.251565514816103,3.081565514816103,73.77049180327869,2.64845419120668,14,13,-1.8950138266956198,2.2326145596627565,41,0.01857027680509554,-0.15142972319490444,51.21951219512195,0.010106155137700001,6.0,3.0,-1.0537027195442128,-1.0487516921338822,102,1.952028213262659,1.782028213262659,64.70588235294117,1.850756248815355,20,16,-1.8950138266956198,1.2967814091765288,,
mean,60,short,16,3,SHORT: r3y >= 0.3939 AND nifty_1w >= 0.0125 AND sector_3m >= -0.08915,"[140, 432, 548]",-1,0.03251070901751518,3.2510709017515182,60,14,13,60,3.2510708465428007,3.0810708465428007,75.0,2.769760970065865,14,13,-1.8950138266956198,2.2748537359219827,41,-0.052144649074296445,-0.22214464907429643,51.21951219512195,0.010106155137700001,6.0,4.0,-2.20594613963158,-1.129288135496523,101,1.9101615859457621,1.7401615859457622,65.34653465346535,1.82404765865141,20,17,-2.20594613963158,1.2810315089964888,,
mean,60,short,17,3,SHORT: r3y >= 0.3939 AND from_52w_low >= 0.02918 AND nifty_1w >= 0.0125,"[140, 210, 432]",-1,0.03236827626824379,3.236827626824379,63,14,13,63,3.2368277550238704,3.06682775502387,73.01587301587301,2.64845419120668,14,13,-1.8950138266956198,2.251742543169584,43,-0.29133406176375043,-0.4613340617637504,48.837209302325576,-0.03614106880028,6.0,3.0,-2.20594613963158,-1.3432580768860511,106,1.8055923010439865,1.6355923010439866,63.20754716981132,1.762942205032695,20,16,-2.20594613963158,1.1690465628514317,,
mean,60,short,18,3,SHORT: nifty_1w >= 0.0125 AND d1 <= 0.008071 AND gap5 <= 0.02159,"[432, 1467, 1675]",-1,0.032366398721933365,3.2366398721933365,60,14,13,60,3.2366402316603824,3.066640231660382,78.33333333333333,2.85412545601704,14,13,-4.1436164692163,2.2333586777301058,30,-1.2152402629365362,-1.3852402629365361,43.333333333333336,-0.583197349493095,6.0,2.0,-12.42205395813509,-2.519398906858764,90,1.7526800667947424,1.5826800667947425,66.66666666666666,1.406132871613655,20,15,-12.42205395813509,1.0162061104359976,,
mean,60,short,19,3,SHORT: r3y >= 0.3939 AND nifty_1w >= 0.0125 AND days_since_dividend >= 29,"[140, 432, 1029]",-1,0.03234972059726715,3.234972059726715,60,14,13,60,3.23497210497429,3.06497210497429,75.0,2.769760970065865,14,13,-1.8950138266956198,2.195986277014354,40,-0.4960719670625925,-0.6660719670625925,47.5,-0.084652438026555,6.0,3.0,-2.20594613963158,-1.6674091699523539,100,1.7425544761595375,1.5725544761595374,64.0,1.79697352273145,20,16,-2.20594613963158,1.0624880689819558,,
mean,60,short,20,3,SHORT: r6m >= -0.2265 AND nifty_1w >= 0.0125 AND d1 <= 0.002834,"[80, 432, 1465]",-1,0.03228987380862236,3.228987380862236,61,13,11,61,3.228987372969499,3.058987372969499,78.68852459016394,2.89106774892505,13,11,-1.1145352625692064,2.3015689585804204,22,-0.5651720905652495,-0.7351720905652496,50.0,-0.222461352794475,6.0,3.0,-3.4710644865826734,-2.038533498306888,83,2.223306551309686,2.053306551309686,71.08433734939759,1.8774648389793,19,14,-3.4710644865826734,1.4930009703598468,,
mean,60,short,21,3,SHORT: r3y >= 0.3939 AND nifty_1w >= 0.0125 AND d1 >= -0.02768,"[140, 432, 1450]",-1,0.03224097564816475,3.224097564816475,63,14,13,63,3.224097459236243,3.054097459236243,74.60317460317461,2.64845419120668,14,13,-1.8950138266956198,2.237914808089919,41,0.006405714841417906,-0.16359428515858207,51.21951219512195,0.010106155137700001,6.0,3.0,-2.20594613963158,-1.062605776592515,104,1.9555843676959748,1.7855843676959748,65.38461538461539,1.850756248815355,20,16,-2.20594613963158,1.3137544765425606,,
mean,60,short,22,3,SHORT: r1m >= -0.1469 AND nifty_1w >= 0.0125 AND d1 <= 0.002834,"[28, 432, 1465]",-1,0.032236650586128235,3.2236650586128235,62,13,11,62,3.2236653166605427,3.0536653166605428,79.03225806451613,2.8976826068142,13,11,-1.1145352625692064,2.3120505537248732,25,-0.8082628847678525,-0.9782628847678524,48.0,-0.45502886072664994,6.0,3.0,-3.7184632584719104,-2.16573045694977,87,2.0650652587788207,1.8950652587788206,70.11494252873564,1.8774648389793,19,14,-3.7184632584719104,1.3607354810136763,,
mean,60,short,23,3,SHORT: vs_ma200 >= -0.1761 AND nifty_1w >= 0.0125 AND exn_3d <= -0.001354,"[262, 432, 1803]",-1,0.03203880041837692,3.2038800418376923,60,14,13,60,3.2038796548744544,3.0338796548744544,75.0,2.95334193787663,14,13,-2.7571007383092647,2.220438547803117,26,-0.6703194734848527,-0.8403194734848527,46.15384615384615,-0.583197349493095,6.0,3.0,-5.58507597157283,-2.0618523821597146,86,2.0326101509518737,1.8626101509518735,66.27906976744185,1.8236821128953953,20,16,-5.58507597157283,1.2925409113403121,,
mean,60,short,24,3,SHORT: nifty_1w >= 0.0125 AND d1 <= 0.002834 AND dist_20h >= -0.1386,"[432, 1465, 1920]",-1,0.03201116621494293,3.201116621494293,60,13,11,60,3.201116430424615,3.031116430424615,78.33333333333333,2.8976826068142,13,11,-1.1145352625692064,2.2543021409971087,28,-0.6150706678924471,-0.7850706678924471,50.0,-0.222461352794475,6.0,3.0,-3.7184632584719104,-1.8466538671683397,88,1.9868750809600957,1.8168750809600958,69.31818181818183,1.8236821128953953,19,14,-3.7184632584719104,1.2863209524560542,,
mean,60,short,25,3,SHORT: r3y >= 0.3939 AND vs_ma200 >= -0.2331 AND nifty_1w >= 0.0125,"[140, 260, 432]",-1,0.031955473124980927,3.1955473124980927,62,14,13,62,3.195547378603092,3.025547378603092,72.58064516129032,2.61560373305655,14,13,-1.8950138266956198,2.1895588843986626,39,0.20146405163140843,0.03146405163140843,51.28205128205128,0.010106155137700001,6.0,3.0,-2.3729717466782865,-0.8971119030016353,101,2.0394161929407586,1.8694161929407587,64.35643564356435,1.7698993868114898,20,16,-2.3729717466782865,1.3818953585869658,,
mean,60,short,26,3,SHORT: nifty_1w >= 0.0125 AND d1 <= 0.002834 AND dist_20h >= -0.1885,"[432, 1465, 1916]",-1,0.03187393769621849,3.187393769621849,63,13,11,63,3.187394062648284,3.0173940626482842,79.36507936507937,2.89106774892505,13,11,-1.1145352625692064,2.2883699633828627,29,-0.9225892518457043,-1.0925892518457043,48.275862068965516,-0.45502886072664994,6.0,3.0,-3.7184632584719104,-2.1669228561420297,92,1.891855843949093,1.7218558439490927,69.56521739130434,1.762942205032695,19,14,-3.7184632584719104,1.2180502249733403,,
mean,60,short,27,3,SHORT: nifty_1w >= 0.0125 AND vs_nifty_1m >= -0.1381 AND d1 <= 0.002834,"[432, 496, 1465]",-1,0.03187393769621849,3.187393769621849,63,13,11,63,3.187394062648284,3.0173940626482842,79.36507936507937,2.89106774892505,13,11,-1.1145352625692064,2.2883699633828627,25,-0.8082628847678525,-0.9782628847678524,48.0,-0.45502886072664994,6.0,3.0,-3.7184632584719104,-2.16573045694977,88,2.0522642480414275,1.8822642480414276,70.45454545454545,1.8236821128953953,19,14,-3.7184632584719104,1.355649225988069,,
mean,60,short,28,3,SHORT: r3y >= 0.3939 AND nifty_1w >= 0.0125 AND sector_1m >= -0.06099,"[140, 432, 446]",-1,0.03184155374765396,3.184155374765396,60,14,13,60,3.1841549681824204,3.0141549681824205,73.33333333333333,2.61560373305655,14,13,-1.8950138266956198,2.140549400514133,41,-0.1114727854882728,-0.2814727854882728,51.21951219512195,0.010106155137700001,6.0,4.0,-2.20594613963158,-1.1968562908568852,101,1.846325880058674,1.6763258800586738,64.35643564356435,1.82404765865141,20,17,-2.20594613963158,1.1787482585756057,,
mean,60,short,29,3,SHORT: nifty_1w >= 0.0125 AND vs_nifty_1m >= -0.127 AND d1 <= 0.002834,"[432, 498, 1465]",-1,0.031810395419597626,3.1810395419597626,61,13,11,61,3.1810395738324684,3.0110395738324685,78.68852459016394,2.89106774892505,13,11,-1.1145352625692064,2.249340105949012,25,-0.8082628847678525,-0.9782628847678524,48.0,-0.45502886072664994,6.0,3.0,-3.7184632584719104,-2.16573045694977,86,2.0213586265649335,1.8513586265649336,69.76744186046511,1.8236821128953953,19,14,-3.7184632584719104,1.3056354791845475,,
mean,60,short,30,3,SHORT: r3y >= 0.3939 AND nifty_1w >= 0.0125 AND sector_1m >= -0.1217,"[140, 432, 442]",-1,0.03167238458991051,3.1672384589910507,63,14,13,63,3.1672380737142216,2.9972380737142217,73.01587301587301,2.58275327490642,14,13,-1.8950138266956198,2.176153751402207,43,-0.29133406176375043,-0.4613340617637504,48.837209302325576,-0.03614106880028,6.0,3.0,-2.20594613963158,-1.3432580768860511,106,1.764232396114667,1.5942323961146672,63.20754716981132,1.762942205032695,20,16,-2.20594613963158,1.1256391378761064,,
fpos,15,long,1,3,LONG: gap0 <= 0 AND intra0 <= 0.01274 AND gap5 <= -0.01189,"[1613, 1653, 1659]",1,1.0383955724537373,7.679114490747452,15,6,6,15,7.679114002538563,7.509114002538563,100.0,6.78422396528275,6,6,3.713890809023005,5.228540563246927,19,2.279212135777931,2.109212135777931,68.42105263157895,0.93344411308053,8.0,7.0,-2.509735858295865,0.2002389943776756,34,4.66152178287821,4.49152178287821,82.35294117647058,4.11015071144987,14,13,-2.509735858295865,3.210319266261752,2.7904072042599175,1.4711739641046107
fpos,15,long,2,3,LONG: gap0 <= 0 AND intra0 <= 0.021 AND gap5 <= -0.01189,"[1613, 1655, 1659]",1,1.0383955724537373,7.679114490747452,15,6,6,15,7.679114002538563,7.509114002538563,100.0,6.78422396528275,6,6,3.713890809023005,5.228540563246927,23,2.151055983862251,1.981055983862251,69.56521739130434,0.93344411308053,8.0,7.0,-2.509735858295865,0.4984779427965855,38,4.333184149129216,4.163184149129216,81.57894736842105,3.82489665472942,14,13,-2.509735858295865,3.0081368415346024,2.6590289998391645,1.483546189871247
fpos,15,long,3,3,LONG: from_52w_high <= -0.2259 AND intra0 <= -0.0235 AND nifty_3d <= -0.002748,"[191, 1635, 1745]",1,1.0374231971800327,7.484639436006546,16,6,6,16,7.484638946501213,7.314638946501213,100.0,7.2823032978542255,6,6,0.70150490766074,5.141499251710497,15,1.10388833821367,0.93388833821367,53.333333333333336,0.93344411308053,5.0,3.0,-1.1873777972867832,-2.8935032545742514,31,4.397178974749175,4.227178974749175,77.41935483870968,5.58060456995435,11,9,-1.1873777972867832,2.648209170327375,3.41318488397769,0.7364782923112906
fpos,15,long,4,3,LONG: pe >= 61.15 AND dist_20h <= -0.09264 AND z5 <= 0.1735,"[903, 1927, 2082]",1,1.0369504801928997,7.390096038579941,15,7,7,15,7.390096709442982,7.220096709442983,86.66666666666667,7.2350269318679,7,7,2.138726762937995,4.004034726010571,28,2.0716018693183673,1.9016018693183674,75.0,2.41674329162631,7.0,6.0,-1.30432606938294,0.17419884220132822,43,3.926890767036258,3.7568907670362575,79.06976744186046,3.8338314994732197,14,13,-1.30432606938294,2.452895460209932,2.7294776201973905,2.102060067577079
fpos,15,long,5,3,LONG: r1w <= 0.01552 AND pe >= 61.15 AND dist_20h <= -0.09264,"[21, 903, 1927]",1,1.0369504801928997,7.390096038579941,15,7,7,15,7.390096709442982,7.220096709442983,86.66666666666667,7.2350269318679,7,7,2.138726762937995,4.004034726010571,29,1.6660761887664495,1.4960761887664493,72.41379310344827,2.37219410103303,8.0,6.0,-9.68864286668726,-0.23675289566902957,44,3.6174468208152684,3.4474468208152684,77.27272727272727,3.7105599287930753,15,13,-9.68864286668726,2.141573964648466,2.4472476091318303,1.6954841043265847
fpos,15,long,6,3,LONG: r1w <= 0.008017 AND pe >= 61.15 AND dist_20h <= -0.09264,"[19, 903, 1927]",1,1.0369504801928997,7.390096038579941,15,7,7,15,7.390096709442982,7.220096709442983,86.66666666666667,7.2350269318679,7,7,2.138726762937995,4.004034726010571,28,2.0716018693183673,1.9016018693183674,75.0,2.41674329162631,7.0,6.0,-1.30432606938294,0.17419884220132822,43,3.926890767036258,3.7568907670362575,79.06976744186046,3.8338314994732197,14,13,-1.30432606938294,2.452895460209932,2.7294776201973905,2.102060067577079
fpos,15,long,7,3,LONG: pe >= 61.15 AND dist_20h <= -0.09264 AND z5 <= 0.6063,"[903, 1927, 2086]",1,1.0369504801928997,7.390096038579941,15,7,7,15,7.390096709442982,7.220096709442983,86.66666666666667,7.2350269318679,7,7,2.138726762937995,4.004034726010571,31,1.25262423912239,1.08262423912239,67.74193548387096,2.13494296188829,8.0,6.0,-9.68864286668726,-0.5833433675957558,46,3.2539739577051927,3.0839739577051923,73.91304347826086,3.39428963581739,15,13,-9.68864286668726,1.8057689404843238,2.1346529726166867,1.280134869807678
fpos,15,long,8,3,LONG: pe >= 61.15 AND dist_20h <= -0.09264 AND z5 <= 0.3896,"[903, 1927, 2084]",1,1.0369504801928997,7.390096038579941,15,7,7,15,7.390096709442982,7.220096709442983,86.66666666666667,7.2350269318679,7,7,2.138726762937995,4.004034726010571,30,1.4567062643886308,1.2867062643886307,70.0,2.25356853146066,8.0,6.0,-9.68864286668726,-0.41188364154499324,45,3.4345030794067486,3.264503079406748,75.55555555555556,3.58728835811293,15,13,-9.68864286668726,1.9726590769680523,2.290308294649609,1.4851339160967618
fpos,15,long,9,3,LONG: r1w <= 0.02407 AND pe >= 61.15 AND dist_20h <= -0.09264,"[23, 903, 1927]",1,1.0369504801928997,7.390096038579941,15,7,7,15,7.390096709442982,7.220096709442983,86.66666666666667,7.2350269318679,7,7,2.138726762937995,4.004034726010571,30,1.4567062643886308,1.2867062643886307,70.0,2.25356853146066,8.0,6.0,-9.68864286668726,-0.41188364154499324,45,3.4345030794067486,3.264503079406748,75.55555555555556,3.58728835811293,15,13,-9.68864286668726,1.9726590769680523,2.290308294649609,1.4851339160967618
fpos,15,long,10,3,LONG: pe >= 61.15 AND dist_20h <= -0.09264 AND z5 <= 0.8623,"[903, 1927, 2088]",1,1.0367126874625683,7.342537492513657,16,8,8,16,7.342537331719756,7.172537331719757,87.5,6.972286846446544,8,8,2.138726762937995,4.2426812659979145,32,1.1175597268368613,0.9475597268368614,65.625,2.0313313532797297,8.0,6.0,-9.68864286668726,-0.6754210263520063,48,3.192552261797826,3.022552261797826,72.91666666666666,3.39428963581739,16,14,-9.68864286668726,1.804563559807305,2.1021265708892862,1.144210650313234
fpos,15,long,11,3,LONG: vs_sector_1m >= -0.1239 AND pe >= 61.15 AND dist_20h <= -0.09264,"[470, 903, 1927]",1,1.0363335236907005,7.266704738140106,15,7,7,15,7.266705058612094,7.096705058612095,86.66666666666667,7.2350269318679,7,7,1.2132893817063253,3.8189472497642365,28,0.5399807864753635,0.36998078647536353,64.28571428571429,1.79621179846456,8.0,5.0,-9.68864286668726,-1.2440613433461318,43,2.8865125093137576,2.7165125093137577,72.09302325581395,2.6459723154342902,15,12,-9.68864286668726,1.3552401397814675,1.7729721413394746,0.6992436094189708
fpos,15,long,12,3,LONG: nifty_1m <= -0.01047 AND pe >= 40.69 AND r2d <= 0.01325,"[527, 899, 1521]",1,1.0361959971487522,7.2391994297504425,15,7,7,15,7.2392005203430365,7.0692005203430375,86.66666666666667,7.4138677129488295,7,7,0.27744560698021997,3.775893553663919,54,0.06603456812275392,-0.10396543187724608,51.85185185185185,0.14217182411488,6.0,1.0,-4.03416398941318,-1.155290199225544,69,1.625418470779337,1.455418470779337,59.42028985507246,1.9277197446711698,13,8,-4.03416398941318,0.5697862061922233,1.0756275418100902,0.19437932776368488
fpos,15,long,13,3,LONG: vs_sector_1w <= 0.01212 AND pe >= 61.15 AND dist_20h <= -0.09264,"[385, 903, 1927]",1,1.0357337333261967,7.146746665239334,16,8,8,16,7.1467464597008545,6.9767464597008555,87.5,6.972286846446544,8,8,2.138726762937995,3.9578945430613306,27,1.2563604351820736,1.0863604351820737,66.66666666666666,2.13494296188829,8.0,6.0,-9.68864286668726,-0.9125703281985342,43,3.448131979189062,3.278131979189062,74.4186046511628,3.58728835811293,16,14,-9.68864286668726,1.9111420950144231,2.275445449799768,1.3273261426478347
fpos,15,long,14,3,LONG: pe >= 61.15 AND dist_20h <= -0.09264 AND dist_20l <= 0.04633,"[903, 1927, 1954]",1,1.0357337333261967,7.146746665239334,16,8,8,16,7.1467464597008545,6.9767464597008555,87.5,6.972286846446544,8,8,2.138726762937995,3.9578945430613306,27,2.183007409326907,2.013007409326907,74.07407407407408,2.46129248221959,7.0,5.0,-9.68864286668726,0.224678230979216,43,4.029980079233493,3.8599800792334924,79.06976744186046,3.8338314994732197,15,13,-9.68864286668726,2.569549155591016,2.8325669323946263,2.214593689002608
fpos,15,long,15,3,LONG: pe >= 61.15 AND dist_20h <= -0.09264 AND dist_20l <= 0.05437,"[903, 1927, 1956]",1,1.0357337333261967,7.146746665239334,16,8,8,16,7.1467464597008545,6.9767464597008555,87.5,6.972286846446544,8,8,2.138726762937995,3.9578945430613306,28,1.904731229889013,1.7347312298890127,71.42857142857143,2.41674329162631,7.0,5.0,-9.68864286668726,-0.028948023190929026,44,3.8109185861842283,3.6409185861842284,77.27272727272727,3.7105599287930753,15,13,-9.68864286668726,2.359849802500627,2.6407193745007906,1.9351894281477247
fpos,15,long,16,3,LONG: vs_sector_1w <= 0.01932 AND pe >= 61.15 AND dist_20h <= -0.09264,"[387, 903, 1927]",1,1.0357337333261967,7.146746665239334,16,8,8,16,7.1467464597008545,6.9767464597008555,87.5,6.972286846446544,8,8,2.138726762937995,3.9578945430613306,29,1.4132786370049184,1.2432786370049183,68.96551724137932,2.13494296188829,8.0,6.0,-9.68864286668726,-0.5422166040475466,45,3.4518449739634733,3.2818449739634734,75.55555555555556,3.58728835811293,16,14,-9.68864286668726,1.9921687083443682,2.3076501892063344,1.4426865525650538
fpos,15,long,17,3,LONG: r1w <= 0.03785 AND pe >= 61.15 AND dist_20h <= -0.09264,"[25, 903, 1927]",1,1.0355814956128597,7.116299122571945,17,9,9,17,7.116299413005001,6.9462994130050015,88.23529411764706,6.70954676102519,9,9,2.138726762937995,4.180498886628833,32,1.1175597268368613,0.9475597268368614,65.625,2.0313313532797297,8.0,6.0,-9.68864286668726,-0.6754210263520063,49,3.198755128160502,3.028755128160502,73.46938775510205,3.49649271356893,17,15,-9.68864286668726,1.843016495120069,2.1305830227807077,1.144210650313234
fpos,15,long,18,3,LONG: from_52w_high <= -0.2259 AND d0 <= -0.02338 AND sec_3d <= -0.01345,"[191, 1427, 1873]",1,1.0355072505772114,7.101450115442276,15,6,6,15,7.101450327665628,6.931450327665628,93.33333333333333,7.23482587827432,6,6,0.89779668881173,4.3341992426747815,12,1.0371961043007023,0.8671961043007024,41.66666666666667,-0.74035349518862,5.0,3.0,-2.71174642433154,-3.8856648245206107,27,4.406226228392328,4.236226228392328,70.37037037037037,5.13562897855546,11,9,-2.71174642433154,2.341318108085464,3.6141095017310407,1.5076758894986464
fpos,15,long,19,3,LONG: vs_ma200 <= -0.1321 AND peers_reported_n <= 1 AND d2 <= 0.003655,"[265, 1157, 1491]",1,1.0354141257703304,7.082825154066086,15,6,6,15,7.082825705355146,6.9128257053551465,86.66666666666667,6.54552487818317,6,6,2.15514972824297,3.797298404216718,28,2.870300076923129,2.700300076923129,67.85714285714286,1.9098173269357501,6.0,4.0,-2.46110475244577,1.0151388121797718,43,4.33978576125988,4.169785761259879,74.4186046511628,3.6178676062085398,12,10,-2.46110475244577,2.949845034053067,3.858219886317139,3.143449557086299
fpos,15,long,20,3,LONG: vs_ma50 <= -0.09392 AND vs_ma200 <= -0.1761 AND sec_vs_nifty_1w <= 0.001928,"[241, 263, 1213]",1,1.0352698490023613,7.0539698004722595,15,6,6,15,7.053970349453249,6.88397034945325,86.66666666666667,6.62914666587135,6,6,4.3047232915091405,3.835720297067192,20,0.8800520184454352,0.7100520184454352,55.00000000000001,0.624592548442445,4.0,2.0,-0.50319899030564,-1.8136645297396972,35,3.526017017448784,3.3560170174487842,68.57142857142857,3.01349002753016,10,8,-0.50319899030564,1.7047013371168467,2.479432700298654,0.6883792930775685
fpos,15,long,21,3,LONG: vs_sector_1m >= -0.1558 AND pe >= 61.15 AND dist_20h <= -0.09264,"[468, 903, 1927]",1,1.0351553298532963,7.031065970659256,16,8,8,16,7.031066787046897,6.861066787046897,87.5,6.972286846446544,8,8,1.2132893817063253,3.7896332010192095,30,0.4712371918166073,0.30123719181660724,63.33333333333333,1.79621179846456,8.0,5.0,-9.68864286668726,-1.1838302865509196,46,2.752917051027143,2.582917051027143,71.73913043478261,2.92363161447807,16,13,-9.68864286668726,1.3173968721573837,1.700861414527131,0.6028050446937624
fpos,15,long,22,3,LONG: vs_nifty_1m >= -0.1708 AND pe >= 61.15 AND dist_20h <= -0.09264,"[494, 903, 1927]",1,1.0351553298532963,7.031065970659256,16,8,8,16,7.031066787046897,6.861066787046897,87.5,6.972286846446544,8,8,1.2132893817063253,3.7896332010192095,29,0.3103960957221641,0.14039609572216413,62.06896551724138,1.66470385225795,8.0,5.0,-9.68864286668726,-1.438312295898685,45,2.6999678970820686,2.5299678970820687,71.11111111111111,2.6459723154342902,16,13,-9.68864286668726,1.2219410694974318,1.6481609031116486,0.48316437629617354
fpos,15,long,23,3,LONG: vs_ma200 <= -0.1761 AND intra5 <= -0.03392 AND own_rd >= -0.02203,"[263, 1693, 2165]",1,1.0350516773760319,7.010335475206375,16,6,6,16,7.0103352725400105,6.8403352725400115,93.75,6.5381538427093595,6,6,1.80222737314037,4.178325545574139,21,1.4598255342694049,1.2898255342694047,61.904761904761905,1.1047882196936,5.0,4.0,-0.50319899030564,-0.8641006850467974,37,3.8600459616296665,3.690045961629666,75.67567567567568,3.2568893618025,11,10,-0.50319899030564,2.243772312340557,2.90210140522957,1.2135569109260507
fpos,15,long,24,3,LONG: pe >= 61.15 AND dist_20h <= -0.09264 AND vol5_60 <= 1.019,"[903, 1927, 2004]",1,1.0350371226668358,7.007424533367157,17,9,9,17,7.007424426977746,6.837424426977747,88.23529411764706,6.70954676102519,9,9,1.2132893817063253,4.026259323090222,17,0.18244814673948367,0.012448146739483688,52.94117647058824,0.14439687719129,7.0,5.0,-9.68864286668726,-3.134698161888663,34,3.5949362868586148,3.4249362868586144,70.58823529411765,4.07502371018714,16,14,-9.68864286668726,1.6062606296072879,2.3057071849370074,0.7330053967112008
fpos,15,long,25,3,LONG: pe >= 61.15 AND dist_20h <= -0.09264 AND maxabs5 <= 0.06585,"[903, 1927, 2062]",1,1.0350371226668358,7.007424533367157,17,9,9,17,7.007424426977746,6.837424426977747,88.23529411764706,6.70954676102519,9,9,1.2132893817063253,4.026259323090222,30,1.2661925154070037,1.0961925154070038,66.66666666666666,2.0313313532797297,8.0,6.0,-9.68864286668726,-0.6405001403229456,47,3.3428083132091877,3.1728083132091878,74.46808510638297,3.58728835811293,17,15,-9.68864286668726,1.9396598863392913,2.2291820756855723,1.2946201671151347
fpos,15,long,26,3,LONG: pe >= 61.15 AND dist_20h <= -0.09264 AND vol5_60 <= 1.196,"[903, 1927, 2006]",1,1.0350371226668358,7.007424533367157,17,9,9,17,7.007424426977746,6.837424426977747,88.23529411764706,6.70954676102519,9,9,1.2132893817063253,4.026259323090222,20,0.5405023235507196,0.3705023235507196,60.0,1.8998234070731201,8.0,6.0,-9.68864286668726,-1.9938633310813862,37,3.5117908575577323,3.3417908575577324,72.97297297297297,3.8338314994732197,17,15,-9.68864286668726,1.6965620698454538,2.354779103146152,1.0596937136319897
fpos,15,long,27,3,LONG: vs_ma200 <= -0.1761 AND volume_5d_vs_60d >= 0.7135 AND intra5 <= -0.03392,"[263, 320, 1693]",1,1.0350272469222546,7.0054493844509125,15,6,6,15,7.005448831309652,6.835448831309653,93.33333333333333,5.99267579442333,6,6,1.80222737314037,3.887794911032014,17,2.3402328862071364,2.1702328862071365,64.70588235294117,1.22727364826106,4.0,3.0,-0.50319899030564,-0.10127328462847252,32,4.52705286047394,4.3570528604739405,78.125,3.7270813747779794,10,9,-0.50319899030564,2.7349890722135646,3.5236054435417277,2.232114660016684
fpos,15,long,28,3,LONG: gap0 <= 0 AND gap5 <= -0.01189 AND streak <= -1,"[1613, 1659, 2132]",1,1.0350075475871563,7.001509517431259,15,6,6,15,7.001509456940802,6.831509456940803,93.33333333333333,6.78422396528275,6,6,1.7374151637298398,4.212133744850285,16,1.4186739773167312,1.2486739773167312,62.5,0.8227131586844849,8.0,5.0,-2.509735858295865,-0.9387778779586989,31,4.120045983586443,3.9500459835864428,77.41935483870968,3.81596180998562,14,11,-2.509735858295865,2.431995466024107,2.353566628833741,0.9321461484061044
fpos,15,long,29,3,LONG: d0 <= -0.0007023 AND gap0 <= 0 AND gap5 <= -0.01189,"[1437, 1613, 1659]",1,1.0350075475871563,7.001509517431259,15,6,6,15,7.001509456940802,6.831509456940803,93.33333333333333,6.78422396528275,6,6,1.7374151637298398,4.212133744850285,15,1.6791599636094907,1.5091599636094906,66.66666666666666,0.93344411308053,8.0,5.0,-2.509735858295865,-0.7837940840471032,30,4.340334710275147,4.170334710275147,80.0,3.82489665472942,14,11,-2.509735858295865,2.6288199173480575,2.514972710364021,1.1601969461048216
fpos,15,long,30,3,LONG: from_52w_high <= -0.2259 AND intra0 <= -0.0235 AND sec_3d <= -0.002465,"[191, 1635, 1877]",1,1.034991167485714,6.998233497142792,17,6,6,17,6.998233041824988,6.828233041824988,94.11764705882352,7.23482587827432,6,6,0.89779668881173,4.647685861318406,20,1.8148317825306237,1.6448317825306238,55.00000000000001,1.617983368199115,7.0,5.0,-0.953499557165444,-0.6131147978890061,37,4.196394523287494,4.026394523287494,72.97297297297297,4.1053096494718595,13,11,-0.953499557165444,2.7439839866538933,3.293566970988504,1.457958105081707
fpos,15,short,1,3,SHORT: r5y >= 1.715 AND vol60 <= 0.4209 AND pre5_vs_own >= 0.008233,"[172, 307, 2261]",-1,1.0329756252467632,6.595125049352646,15,9,9,15,6.595124465247379,6.42512446524738,86.66666666666667,4.82943588375163,9,9,2.12006447109522,2.7749476982798265,29,-0.6073642463397028,-0.7773642463397027,58.620689655172406,0.5594595893785901,8.0,4.0,-6.201480272949866,-2.4564222532123825,44,1.848029632610439,1.678029632610439,68.18181818181817,2.4012892490950897,17,13,-6.201480272949866,0.20668426774049217,,
fpos,15,short,2,3,SHORT: r5y >= 2.362 AND intra0 <= 0.021 AND pre5_vs_own >= -0.0009419,"[174, 1655, 2259]",-1,1.0322970785200596,6.459415704011917,15,7,7,15,6.459415290658181,6.289415290658182,73.33333333333333,4.82943588375163,7,7,0.6744601819800651,2.57138393639603,29,0.5652801074163021,0.3952801074163021,55.172413793103445,0.82294178369559,7.0,4.0,-4.6819805557107745,-1.2165342251629672,44,2.574644374430579,2.404644374430579,61.36363636363637,3.3179940283994096,14,11,-4.6819805557107745,1.041795709423606,,
fpos,15,short,3,3,SHORT: r5y >= 2.362 AND intra0 <= 0.01274 AND pre5_vs_own >= -0.0009419,"[174, 1653, 2259]",-1,1.0322970785200596,6.459415704011917,15,7,7,15,6.459415290658181,6.289415290658182,73.33333333333333,4.82943588375163,7,7,0.6744601819800651,2.57138393639603,24,1.1527625705879898,0.9827625705879898,62.5,2.67730891873835,7.0,4.0,-4.462941738448696,-0.9433496223616953,39,3.193782847538064,3.023782847538064,66.66666666666666,4.19806253183121,14,11,-4.462941738448696,1.5265650366635193,,
fpos,15,short,4,3,SHORT: r5y >= 1.715 AND intra0 <= 0.01274 AND pre5_vs_own >= 0.008233,"[172, 1653, 2261]",-1,1.0322211757302284,6.444235146045685,15,9,9,15,6.444234205607064,6.274234205607064,80.0,4.82943588375163,9,9,2.58275327490642,2.5486123088193526,24,0.2980482137720067,0.12804821377200673,58.333333333333336,0.9803106879100201,6.0,3.0,-3.342452361886755,-1.9249151153019755,39,2.661965902939336,2.491965902939336,66.66666666666666,3.1347926141929396,15,12,-3.342452361886755,0.9165397178590965,,
fpos,15,short,5,3,SHORT: nifty_1w >= 0.0125 AND vs_nifty_1m >= -0.1003 AND exn_10d <= -0.0614,"[432, 502, 1821]",-1,1.0321055762469769,6.4211152493953705,15,8,8,15,6.421115458891091,6.251115458891092,93.33333333333333,5.01953855647242,8,8,1.109695134971875,2.902341195094731,4,-7.346618360043575,-7.516618360043574,0.0,-7.2709666962077595,3.0,0.0,-9.06416829226943,,19,3.5226451812206347,3.352645181220635,73.68421052631578,3.8189418533384902,11,8,-9.06416829226943,-0.025932963516213582,,
fpos,15,short,6,3,SHORT: nifty_1w >= 0.0125 AND r10d <= -0.04635 AND intra5 >= -0.02717,"[432, 1563, 1694]",-1,1.0318144336342812,6.362886726856232,16,8,8,16,6.362886650621989,6.192886650621989,93.75,4.189236987638145,8,8,1.7559850232539,2.978336957190879,9,-6.327117739197197,-6.497117739197196,11.11111111111111,-9.06416829226943,5.0,1.0,-9.298638947403164,-11.327032260214445,25,1.7944850702870825,1.6244850702870826,64.0,1.7559850232539,13,9,-9.298638947403164,-1.2091176561837549,,
fpos,15,short,7,3,SHORT: r5y >= 1.715 AND d0 <= 0.007709 AND pre5_vs_own >= 0.008233,"[172, 1441, 2261]",-1,1.0317628718912601,6.352574378252029,15,9,9,15,6.352573241553036,6.182573241553036,80.0,4.66082000549231,9,9,2.08627714848356,2.411120862738312,19,-0.5706710561935449,-0.7406710561935449,52.63157894736842,0.23337504675569,6.0,3.0,-9.006391648811354,-3.7485936469063543,34,2.483701428106417,2.313701428106417,64.70588235294117,3.0269654957689296,15,12,-9.006391648811354,0.4066044395928742,,
fpos,15,short,8,3,SHORT: r5y >= 1.715 AND exn_d0 <= 0.008372 AND pre5_vs_own >= 0.008233,"[172, 1781, 2261]",-1,1.0317628718912601,6.352574378252029,15,9,9,15,6.352573241553036,6.182573241553036,80.0,4.66082000549231,9,9,2.08627714848356,2.411120862738312,23,0.21449269161932177,0.04449269161932179,56.52173913043478,0.5594595893785901,6.0,3.0,-4.49938010893431,-2.155178467445628,38,2.6374192244878936,2.4674192244878936,65.78947368421053,3.29465701856708,15,12,-4.49938010893431,0.8353821431247003,,
fpos,15,short,9,3,SHORT: r5y >= 1.715 AND d0 <= 0.01159 AND pre5_vs_own >= 0.008233,"[172, 1443, 2261]",-1,1.0317628718912601,6.352574378252029,15,9,9,15,6.352573241553036,6.182573241553036,80.0,4.66082000549231,9,9,2.08627714848356,2.411120862738312,21,-0.2993182360327361,-0.46931823603273604,52.38095238095239,0.23337504675569,6.0,3.0,-9.006391648811354,-3.1257642048720724,36,2.472303212961336,2.302303212961336,63.888888888888886,3.0269654957689296,15,12,-9.006391648811354,0.5273740599736534,,
fpos,15,short,10,3,SHORT: r5y >= 1.715 AND vs_sector_1w >= -0.00829 AND pre5_vs_own >= 0.008233,"[172, 378, 2261]",-1,1.0317618548870087,6.352370977401733,15,9,9,15,6.352370984772962,6.182370984772962,80.0,4.66082000549231,9,9,0.4460770724869251,2.410817477568201,33,-0.368634459697208,-0.538634459697208,54.54545454545454,0.23337504675569,8.0,4.0,-6.201480272949866,-2.0330110509826302,48,1.7316797416997203,1.5616797416997201,62.5,2.75094582612567,17,13,-6.201480272949866,0.22948860950247593,,
fpos,15,short,11,3,SHORT: r1w >= -0.01659 AND sec_vs_50dma <= 0.02337 AND exn_10d <= -0.0614,"[12, 1337, 1821]",-1,1.0314454585313797,6.28909170627594,15,10,10,15,6.289091743951493,6.1190917439514925,100.0,4.91733804960612,10,10,0.46340524668985006,3.0972604960554957,14,-0.04910917811272632,-0.21910917811272632,50.0,-0.26717845492769493,5.0,3.0,-4.904162516557197,-3.474572307366617,29,3.2292706091618695,3.0592706091618695,75.86206896551724,3.33255776226518,15,13,-4.904162516557197,1.0829732704630204,,
fpos,15,short,12,3,SHORT: r5y >= 2.362 AND exn_d0 <= 0.01509 AND pre5_vs_own >= -0.0009419,"[174, 1783, 2259]",-1,1.0313580483198166,6.271609663963318,16,7,7,16,6.271609423925872,6.101609423925872,75.0,4.74512794462197,7,7,0.6744601819800651,2.651669162445592,25,0.722681901378472,0.552681901378472,56.00000000000001,0.82294178369559,7.0,4.0,-4.6819805557107745,-1.3761448492261086,41,2.8881170321286764,2.7181170321286765,63.41463414634146,3.5011954426058796,14,11,-4.6819805557107745,1.2710688474958578,,
fpos,15,short,13,3,SHORT: r5y >= 2.362 AND d0 <= 0.01624 AND pre5_vs_own >= -0.0009419,"[174, 1445, 2259]",-1,1.0313580483198166,6.271609663963318,16,7,7,16,6.271609423925872,6.101609423925872,75.0,4.74512794462197,7,7,0.6744601819800651,2.651669162445592,24,0.462188796321981,0.292188796321981,54.166666666666664,0.52815841522564,7.0,4.0,-4.6819805557107745,-1.8156533372240224,40,2.7859570473635373,2.6159570473635374,62.5,3.47785843277355,14,11,-4.6819805557107745,1.1081132024890472,,
fpos,15,short,14,3,SHORT: r5y >= 2.362 AND d0 <= 0.02741 AND pre5_vs_own >= -0.0009419,"[174, 1447, 2259]",-1,1.0313580483198166,6.271609663963318,16,7,7,16,6.271609423925872,6.101609423925872,75.0,4.74512794462197,7,7,0.6744601819800651,2.651669162445592,28,-0.1583524516972253,-0.32835245169722527,50.0,-0.46540080653259497,7.0,4.0,-4.6819805557107745,-2.1749483985437514,44,2.17981550307481,2.00981550307481,59.09090909090909,3.29465701856708,14,11,-4.6819805557107745,0.5963477519965841,,
fpos,15,short,15,3,SHORT: r5y >= 2.362 AND sector_1w <= 0.03703 AND pre5_vs_own >= -0.0009419,"[174, 363, 2259]",-1,1.0313580483198166,6.271609663963318,16,7,7,16,6.271609423925872,6.101609423925872,75.0,4.74512794462197,7,7,0.6744601819800651,2.651669162445592,31,0.5864635577301597,0.4164635577301597,58.06451612903226,2.21982522328376,8.0,5.0,-4.7545232397766295,-1.148742492488213,47,2.5218323632435933,2.3518323632435933,63.829787234042556,3.4545214229412204,15,12,-4.7545232397766295,1.0779405637968753,,
fpos,15,short,16,3,SHORT: r5y >= 1.715 AND exn_d0 <= 0.01509 AND pre5_vs_own >= 0.008233,"[172, 1783, 2261]",-1,1.0312868878245354,6.257377564907074,16,9,9,16,6.257377156690447,6.087377156690446,81.25,4.74512794462197,9,9,2.58275327490642,2.6309676828304314,25,-0.2703874187778807,-0.4403874187778807,52.0,0.23337504675569,6.0,3.0,-4.49938010893431,-2.5243114895356356,41,2.277032903356101,2.1070329033561013,63.41463414634146,3.1347926141929396,15,12,-4.49938010893431,0.5751119230604259,,
fpos,15,short,17,3,SHORT: r1m >= -0.09424 AND vs_ma50 <= -0.06044 AND nifty_1w >= 0.007359,"[34, 245, 430]",-1,1.0308155473321676,6.163109466433525,15,7,7,15,6.163109805121423,5.993109805121423,80.0,6.19673142505524,7,7,0.6404784316850766,1.7162511617694114,14,-3.9674654819530732,-4.137465481953074,14.285714285714285,-2.23151904009202,5.0,0.0,-7.894206972224757,-6.679859510351943,29,1.2724872527406321,1.1024872527406322,48.275862068965516,-0.71198220428844,12,7,-7.894206972224757,-1.5992502137353708,,
fpos,15,short,18,3,SHORT: r5y >= 1.715 AND vs_nifty_1m >= -0.1381 AND pre5_vs_own >= 0.008233,"[172, 496, 2261]",-1,1.0306951738893986,6.139034777879715,15,9,9,15,6.13903465684171,5.96903465684171,80.0,4.82943588375163,9,9,0.4460770724869251,2.0908129856713207,33,-0.19013187519603547,-0.3601318751960354,54.54545454545454,0.5594595893785901,8.0,5.0,-6.201480272949866,-1.9201266840908318,48,1.7877326660657593,1.6177326660657594,62.5,2.75094582612567,17,14,-6.201480272949866,0.2920593157715426,,
fpos,15,short,19,3,SHORT: r5y >= 1.715 AND gap5 >= -0.004234 AND pre5_vs_own >= 0.008233,"[172, 1662, 2261]",-1,1.030684594064951,6.136918812990189,15,8,8,15,6.136918371788565,5.966918371788565,73.33333333333333,4.82943588375163,8,8,0.4460770724869251,2.087638558091604,30,0.5661228523597076,0.3961228523597076,63.33333333333333,1.38640402379346,8.0,5.0,-6.201480272949866,-1.2202203880913154,45,2.4230546921693272,2.2530546921693273,66.66666666666666,3.06944015401452,16,13,-6.201480272949866,0.8946210938659895,,
fpos,15,short,20,3,SHORT: r3m <= -0.1371 AND nifty_1w >= 0.007359 AND vs_nifty_1m >= -0.1154,"[59, 430, 500]",-1,1.03067715652287,6.135431304574013,15,8,8,15,6.135430876887763,5.965430876887763,93.33333333333333,3.68913207901877,8,8,0.93857631388827,1.9331454735310762,16,-0.04907228988387624,-0.2190722898838762,50.0,-0.38909456901368,5.0,4.0,-7.542565766745728,-2.743767581377059,31,2.9434292424249815,2.7734292424249816,70.96774193548387,2.25306985951824,13,12,-7.542565766745728,0.7133191575834131,,
fpos,15,short,21,3,SHORT: r5y >= 1.715 AND intra0 <= 0.021 AND pre5_vs_own >= 0.008233,"[172, 1655, 2261]",-1,1.0306201595813036,6.124031916260719,16,9,9,16,6.124031478059467,5.954031478059467,81.25,4.74512794462197,9,9,2.12006447109522,2.4370103320944585,30,-0.2353987875896859,-0.4053987875896859,53.333333333333336,0.39641731806714003,6.0,3.0,-3.3691809100581804,-2.0315403179582514,46,1.9765769569839327,1.8065769569839327,63.04347826086957,2.4012892490950897,15,12,-3.3691809100581804,0.4455663466789283,,
fpos,15,short,22,3,SHORT: r5y >= 1.715 AND vs_ma200 <= 0.1545 AND pre5_vs_own >= 0.008233,"[172, 281, 2261]",-1,1.0304001811891794,6.080036237835884,15,9,9,15,6.080035558831694,5.910035558831694,80.0,3.5011954426058796,9,9,0.4460770724869251,2.002314338656298,33,-0.2777091201159966,-0.4477091201159965,57.57575757575758,0.5594595893785901,8.0,5.0,-6.201480272949866,-1.9103301025231743,48,1.7090860920551565,1.5390860920551566,64.58333333333334,1.810493504862605,17,14,-6.201480272949866,0.20426779129459066,,
fpos,15,short,23,3,SHORT: r5y >= 1.715 AND from_52w_low <= 0.4753 AND pre5_vs_own >= 0.008233,"[172, 225, 2261]",-1,1.0304001811891794,6.080036237835884,15,9,9,15,6.080035558831694,5.910035558831694,80.0,3.5011954426058796,9,9,0.4460770724869251,2.002314338656298,27,-0.08308929477019822,-0.2530892947701982,59.25925925925925,0.5594595893785901,8.0,5.0,-5.264319358112983,-2.0458583877793446,42,2.118026724373334,1.9480267243733342,66.66666666666666,1.810493504862605,17,14,-5.264319358112983,0.42444608191080924,,
fpos,15,short,24,3,SHORT: r5y >= 1.715 AND from_52w_low <= 0.6698 AND pre5_vs_own >= 0.008233,"[172, 227, 2261]",-1,1.0304001811891794,6.080036237835884,15,9,9,15,6.080035558831694,5.910035558831694,80.0,3.5011954426058796,9,9,0.4460770724869251,2.002314338656298,31,0.001880196316091076,-0.1681198036839089,58.06451612903226,0.5594595893785901,8.0,5.0,-3.3691809100581804,-1.702559839270083,46,1.9838873797450922,1.813887379745092,65.21739130434783,1.810493504862605,17,14,-3.3691809100581804,0.4391756603730271,,
fpos,15,short,25,3,SHORT: r1y <= 0.6704 AND r5y >= 1.715 AND pre5_vs_own >= 0.008233,"[125, 172, 2261]",-1,1.0304001811891794,6.080036237835884,15,9,9,15,6.080035558831694,5.910035558831694,80.0,3.5011954426058796,9,9,0.4460770724869251,2.002314338656298,34,-0.4350736409100022,-0.6050736409100023,55.88235294117647,0.39641731806714003,8.0,5.0,-6.201480272949866,-2.0385291619917605,49,1.5593475426843946,1.3893475426843944,63.26530612244898,1.40116178644145,17,14,-6.201480272949866,0.0717139136035277,,
fpos,15,short,26,3,SHORT: r1y <= 0.528 AND r5y >= 1.715 AND pre5_vs_own >= 0.008233,"[123, 172, 2261]",-1,1.0304001811891794,6.080036237835884,15,9,9,15,6.080035558831694,5.910035558831694,80.0,3.5011954426058796,9,9,0.4460770724869251,2.002314338656298,32,-0.6008917986331566,-0.7708917986331566,56.25,0.39641731806714003,8.0,5.0,-6.201480272949866,-2.296074486244861,47,1.531319060132221,1.361319060132221,63.829787234042556,1.40116178644145,17,14,-6.201480272949866,-0.030490989684898138,,
fpos,15,short,27,3,SHORT: nifty_1w >= 0.007359 AND days_since_dividend >= 140.5 AND maxabs5 <= 0.01551,"[430, 1039, 2044]",-1,1.0302894320338964,6.057886406779289,15,7,7,15,6.05788602349915,5.887886023499149,86.66666666666667,5.91269877782755,7,7,1.3521906178076752,2.3105996790714163,7,-1.4902350450007846,-1.6602350450007846,42.857142857142854,-0.8349827562333699,4.0,2.0,-5.58507597157283,-9.858816907521586,22,3.656211138067352,3.486211138067352,72.72727272727273,3.129360190068985,11,9,-5.58507597157283,0.7455500868063928,,
fpos,15,short,28,3,SHORT: r6m <= 0.3396 AND r5y >= 1.715 AND pre5_vs_own >= 0.008233,"[101, 172, 2261]",-1,1.0302488151937723,6.049763038754463,15,8,8,15,6.049762384082758,5.879762384082758,80.0,3.5011954426058796,8,8,0.4460770724869251,1.9569045765328954,34,-0.38212080664969916,-0.5521208066496992,55.88235294117647,0.39641731806714003,8.0,5.0,-6.201480272949866,-1.9764465287210604,49,1.5868230272479922,1.416823027247992,63.26530612244898,1.40116178644145,16,13,-6.201480272949866,0.10231161232207929,,
fpos,15,short,29,3,SHORT: r5y >= 1.715 AND pre5_vs_own >= 0.008233 AND n_prior <= 12,"[172, 2261, 2285]",-1,1.0302488151937723,6.049763038754463,15,8,8,15,6.049762384082758,5.879762384082758,80.0,3.5011954426058796,8,8,0.4460770724869251,1.9569045765328954,0,,,,,,,,,15,6.049762384082758,5.879762384082758,80.0,3.5011954426058796,8,8,0.4460770724869251,1.9569045765328954,,
fpos,15,short,30,3,SHORT: r6m <= 0.2552 AND r5y >= 1.715 AND pre5_vs_own >= 0.008233,"[99, 172, 2261]",-1,1.0302488151937723,6.049763038754463,15,8,8,15,6.049762384082758,5.879762384082758,80.0,3.5011954426058796,8,8,0.4460770724869251,1.9569045765328954,33,-0.2777091201159966,-0.4477091201159965,57.57575757575758,0.5594595893785901,8.0,5.0,-6.201480272949866,-1.9103301025231743,48,1.6996257249461144,1.5296257249461143,64.58333333333334,1.810493504862605,16,13,-6.201480272949866,0.19370738149845046,,
fpos,30,long,1,3,LONG: vs_ma200 <= -0.02229 AND maxabs5 >= 0.0338 AND pre5_vs_own <= -0.02937,"[271, 2053, 2254]",1,1.0253541395068169,5.070827901363373,30,8,8,30,5.070827799590379,4.900827799590379,83.33333333333334,3.303141319325155,8,8,1.55870536263718,3.19328208158274,40,1.09648282632342,0.9264828263234202,57.49999999999999,0.8890877313697649,8.0,6.0,-2.0078240033530177,-0.17897742895098914,70,2.7997735291521164,2.6297735291521165,68.57142857142857,2.537173561159885,16,14,-2.0078240033530177,1.8569922347296663,2.3875718707366524,1.1888284998487009
fpos,30,long,2,3,LONG: from_52w_low <= 0.7918 AND r2d <= -0.0307 AND nifty_3d <= -0.01103,"[229, 1507, 1741]",1,1.0249743424355984,4.994868487119675,30,8,8,30,4.994868352340663,4.824868352340663,86.66666666666667,5.1192549536639795,8,8,0.8496383065170701,3.566730842501741,22,0.43720952189490564,0.2672095218949056,50.0,0.34305382637321497,5.0,3.0,-0.47112587510326503,-2.3787815961485217,52,3.0666280779213033,2.8966280779213034,71.15384615384616,2.994735242438335,13,11,-0.47112587510326503,2.011180896398355,2.621839338953552,1.0300537762901643
fpos,30,long,3,3,LONG: from_52w_low <= 0.9857 AND r2d <= -0.0307 AND nifty_3d <= -0.01103,"[231, 1507, 1741]",1,1.0249743424355984,4.994868487119675,30,8,8,30,4.994868352340663,4.824868352340663,86.66666666666667,5.1192549536639795,8,8,0.8496383065170701,3.566730842501741,23,0.9305499857002633,0.7605499857002632,52.17391304347826,0.93344411308053,5.0,4.0,-0.47112587510326503,-1.9008625922673061,53,3.23110755172313,3.06110755172313,71.69811320754717,3.0413116946194902,13,12,-0.47112587510326503,2.2147821316696006,2.7868839967952828,1.4795821427369085
fpos,30,long,4,3,LONG: r2d <= -0.0307 AND sec_3d <= -0.01345 AND own_rd >= -0.005896,"[1507, 1873, 2173]",1,1.024855364114046,4.971072822809219,30,7,7,30,4.9710724838724145,4.801072483872415,83.33333333333334,4.270437432568889,7,7,0.8496383065170701,3.4173048431226647,24,1.6860641699001127,1.5160641699001127,54.166666666666664,2.461875845116395,7.0,5.0,-0.69491528987243,-0.7630712872721044,54,3.5110687887736134,3.3410687887736135,70.37037037037037,2.994735242438335,14,12,-0.69491528987243,2.46294959288078,2.750223494015498,1.7313380148616522
fpos,30,long,5,3,LONG: nifty_1w <= -0.007281 AND r2d <= -0.0307 AND own_abs3d >= 0.02327,"[425, 1507, 2221]",1,1.0246186573058367,4.9237314611673355,31,8,8,31,4.92373102712682,4.75373102712682,83.87096774193549,5.1397430015802295,8,8,0.8496383065170701,3.302649374786034,32,0.43559903830813745,0.2655990383081374,53.125,0.710127823435275,7.0,4.0,-0.7639254408770711,-1.337730644087126,63,2.6440449375681236,2.4740449375681237,68.25396825396825,2.6074241987182702,15,12,-0.7639254408770711,1.678913930134254,2.4807307392826194,1.0724980577830374
fpos,30,long,6,3,LONG: sec_reported_3d <= 0.02152 AND r2d <= -0.0307 AND sec_3d <= -0.01345,"[1420, 1507, 1873]",1,1.0245751086622477,4.9150217324495316,30,8,8,30,4.915021226411331,4.745021226411331,80.0,5.04391262779893,8,8,0.8496383065170701,3.3701162166854397,11,2.13478905225751,1.96478905225751,54.54545454545454,2.6459723154342902,6.0,3.0,-5.88406924367845,-2.81564585812123,41,4.169105277248112,3.9991052772481113,73.17073170731707,3.59279261112015,14,11,-5.88406924367845,2.858843937941483,3.6551445085576977,2.0970768718163417
fpos,30,long,7,3,LONG: sec_reported_3d <= 0.03297 AND r2d <= -0.0307 AND sec_3d <= -0.01345,"[1421, 1507, 1873]",1,1.0245751086622477,4.9150217324495316,30,8,8,30,4.915021226411331,4.745021226411331,80.0,5.04391262779893,8,8,0.8496383065170701,3.3701162166854397,11,2.13478905225751,1.96478905225751,54.54545454545454,2.6459723154342902,6.0,3.0,-5.88406924367845,-2.81564585812123,41,4.169105277248112,3.9991052772481113,73.17073170731707,3.59279261112015,14,11,-5.88406924367845,2.858843937941483,3.6551445085576977,2.0970768718163417
fpos,30,long,8,3,LONG: nifty_1w <= -0.007281 AND past_avg_3d <= 0.03973 AND r2d <= -0.0307,"[425, 753, 1507]",1,1.0245718583464622,4.91437166929245,35,8,8,35,4.914372061638975,4.744372061638975,82.85714285714286,5.1397430015802295,8,8,0.8496383065170701,3.507874802028986,30,0.8164299470295504,0.6464299470295504,56.666666666666664,1.65281910705678,7.0,5.0,-0.6113320007831385,-1.0225999282130513,65,3.0230141625884706,2.8530141625884706,70.76923076923077,3.0413116946194902,15,13,-0.6113320007831385,2.1216349574874247,2.7357597974457293,1.359070362241317
fpos,30,long,9,3,LONG: sec_reported_3d <= 0.01319 AND r2d <= -0.02152 AND sec_3d <= -0.01345,"[1416, 1509, 1873]",1,1.0244877003133297,4.897540062665939,33,8,8,33,4.897539300585279,4.7275393005852795,78.78787878787878,4.94808225401763,8,8,0.8496383065170701,3.360902570497121,15,1.1778163886871074,1.0078163886871072,46.666666666666664,-0.51534694945105,5.0,2.0,-1.4863307118203999,-2.224045597264985,48,3.735125890617101,3.565125890617101,68.75,2.865430828285275,13,10,-1.4863307118203999,2.529898789980208,3.266188010005169,1.1501607896969173
fpos,30,long,10,3,LONG: sec_reported_3d <= 0.01623 AND r2d <= -0.02152 AND sec_3d <= -0.01345,"[1418, 1509, 1873]",1,1.0244877003133297,4.897540062665939,33,8,8,33,4.897539300585279,4.7275393005852795,78.78787878787878,4.94808225401763,8,8,0.8496383065170701,3.360902570497121,16,1.3607847174861543,1.1907847174861543,50.0,-0.06035962336827499,6.0,3.0,-1.4863307118203999,-1.74080782849481,49,3.7426806612059735,3.5726806612059736,69.38775510204081,3.01349002753016,14,11,-1.4863307118203999,2.565703582241383,3.2833129414228566,1.334857593432851
fpos,30,long,11,3,LONG: nifty_1w <= -0.007281 AND r2d <= -0.0307 AND own_dp1 >= -0.01717,"[425, 1507, 2195]",1,1.024356385692954,4.871277138590813,30,9,9,30,4.871276925894255,4.7012769258942555,80.0,5.04391262779893,9,9,0.8496383065170701,3.297550173548873,30,0.4520178937111396,0.2820178937111396,53.333333333333336,0.710127823435275,7.0,4.0,-1.3303849200769169,-1.4598943921951442,60,2.661647409802697,2.491647409802697,66.66666666666666,2.579490893959015,16,13,-1.3303849200769169,1.6679620497554042,2.397443300636659,1.1313768478176995
fpos,30,long,12,3,LONG: r6m <= -0.02185 AND sector_3m <= 0.03101 AND r3d <= -0.03748,"[89, 559, 1533]",1,1.024318814277649,4.863762855529785,31,6,6,31,4.863762565568773,4.693762565568773,77.41935483870968,3.59279261112015,6,6,1.29914861968423,3.1733553074796896,35,0.9351443363597784,0.7651443363597785,54.285714285714285,0.14439687719129,6.0,2.0,-3.5524822254477453,-0.779276326148331,66,2.780404413715518,2.610404413715518,65.15151515151516,2.8327652096487848,12,8,-3.5524822254477453,1.794554653278469,2.40911283508028,1.1507296402591
fpos,30,long,13,3,LONG: r6m <= -0.02185 AND sector_3m <= 0.008221 AND r3d <= -0.03748,"[89, 557, 1533]",1,1.024318814277649,4.863762855529785,31,6,6,31,4.863762565568773,4.693762565568773,77.41935483870968,3.59279261112015,6,6,1.29914861968423,3.1733553074796896,32,0.9999728189615045,0.8299728189615045,53.125,0.14217182411488,6.0,2.0,-3.01353565662264,-0.8929337537138529,63,2.9012026942761917,2.731202694276192,65.07936507936508,2.94815879025718,12,8,-3.01353565662264,1.87477434972694,2.422757372700824,1.0596188991850577
fpos,30,long,14,3,LONG: r6m <= -0.02185 AND nifty_3m <= 0.05466 AND r3d <= -0.03748,"[89, 637, 1533]",1,1.024318814277649,4.863762855529785,31,6,6,31,4.863762565568773,4.693762565568773,77.41935483870968,3.59279261112015,6,6,1.29914861968423,3.1733553074796896,38,0.8543126420039772,0.6843126420039771,55.26315789473685,0.31560420549065504,6.0,3.0,-1.3524274803711998,-0.7164988230573042,69,2.655659709112798,2.485659709112798,65.21739130434783,2.71737162904039,12,9,-1.3524274803711998,1.7062759761491484,2.276941346063982,1.0100800834785462
fpos,30,long,15,3,LONG: r5y <= 6.107 AND pe >= 40.69 AND r20d <= -0.07465,"[181, 899, 1589]",1,1.024260003119707,4.8520006239414215,30,13,13,30,4.851999761487589,4.681999761487589,83.33333333333334,4.09469710593699,13,13,0.08344786651973658,3.162587321331182,46,-0.2074868626751844,-0.3774868626751844,47.82608695652174,-0.176543902875125,8.0,4.0,-2.5051033542083037,-1.512250440365939,76,1.7896789100206467,1.6196789100206468,61.8421052631579,2.1726198539283397,21,17,-2.5051033542083037,0.8953538051918675,1.2505660590278185,0.038701192434240715
fpos,30,long,16,3,LONG: vs_ma200 <= -0.1761 AND d2 <= 0.01593 AND own_dm1 >= -0.01336,"[263, 1497, 2139]",1,1.024179596453905,4.835919290781021,30,6,6,30,4.8359193891167,4.6659193891167,76.66666666666667,4.321804364912155,6,6,3.300561146005955,2.982320189759417,44,1.7606431238955143,1.5906431238955143,63.63636363636363,1.16603093397733,8.0,4.0,-6.35688285438622,0.3455543894690404,74,3.0073767449311295,2.8373767449311296,68.91891891891892,2.5092402564006298,14,10,-6.35688285438622,2.1280441873858735,2.536261701179016,1.783565156451128
fpos,30,long,17,3,LONG: vs_ma200 <= -0.1761 AND d2 <= 0.02696 AND own_dm1 >= -0.01336,"[263, 1499, 2139]",1,1.024179596453905,4.835919290781021,30,6,6,30,4.8359193891167,4.6659193891167,76.66666666666667,4.321804364912155,6,6,3.300561146005955,2.982320189759417,47,1.9202410295150847,1.7502410295150848,63.829787234042556,1.22727364826106,8.0,4.0,-6.35688285438622,0.6252298125023551,77,3.0562196111780517,2.8862196111780514,68.83116883116884,2.55155758919976,14,10,-6.35688285438622,2.2169177759087733,2.5790051412392843,1.9016361036601561
fpos,30,long,18,3,LONG: pe >= 40.69 AND r20d <= -0.07465 AND dist_20h <= -0.09264,"[899, 1589, 1927]",1,1.0241292528808117,4.825850576162338,31,10,10,31,4.825849656668831,4.655849656668831,77.41935483870968,4.26255716832142,10,10,1.8000873795825774,3.0297025803164392,59,0.21351671303907338,0.043516713039073375,54.23728813559322,0.93344411308053,8.0,5.0,-0.7743109748067465,-0.9386122544482478,90,1.8022091714004342,1.6322091714004343,62.22222222222222,2.25356853146066,18,15,-0.7743109748067465,1.0121582253370163,1.2239758757246266,0.27352446111261
fpos,30,long,19,3,LONG: nifty_1w <= -0.007281 AND r2d <= -0.0307 AND vol20_60 <= 1.17,"[425, 1507, 2034]",1,1.024000447243452,4.800089448690414,35,9,9,35,4.800089087406303,4.630089087406303,82.85714285714286,4.94808225401763,9,9,0.8496383065170701,3.374544665424202,23,-0.6910171612967865,-0.8610171612967864,47.82608695652174,-0.06508368532652001,7.0,3.0,-2.337594537000485,-2.829479417086865,58,2.6225814370585265,2.4525814370585266,68.96551724137932,2.823403967581275,16,12,-2.337594537000485,1.6102442500547158,2.33628248002739,0.20833011980581534
fpos,30,long,20,3,LONG: sec_reported_3d <= 0.02152 AND r2d <= -0.02152 AND sec_3d <= -0.01345,"[1420, 1509, 1873]",1,1.0239665042608976,4.793300852179527,34,9,9,34,4.793300528241869,4.623300528241869,79.41176470588235,4.270437432568889,9,9,0.8496383065170701,3.2916790694768516,16,1.3607847174861543,1.1907847174861543,50.0,-0.06035962336827499,6.0,3.0,-1.4863307118203999,-1.74080782849481,50,3.6948954688000413,3.5248954688000413,70.0,2.865430828285275,15,12,-1.4863307118203999,2.5387639702117815,3.2447151034125863,1.334857593432851
fpos,30,long,21,3,LONG: sec_reported_3d <= 0.03297 AND r2d <= -0.02152 AND sec_3d <= -0.01345,"[1421, 1509, 1873]",1,1.0239665042608976,4.793300852179527,34,9,9,34,4.793300528241869,4.623300528241869,79.41176470588235,4.270437432568889,9,9,0.8496383065170701,3.2916790694768516,17,0.7694345483102255,0.5994345483102255,47.05882352941176,-0.51534694945105,6.0,3.0,-1.4863307118203999,-2.320087855995628,51,3.4520118682646554,3.282011868264655,68.62745098039215,2.71737162904039,15,12,-1.4863307118203999,2.294613271761425,3.01065856886519,0.7450325492012349
fpos,30,long,22,3,LONG: vol60 >= 0.2987 AND intra0 <= -0.01581 AND sec_3d <= -0.01345,"[298, 1639, 1873]",1,1.023942582309246,4.788516461849213,31,7,7,31,4.788515746258428,4.618515746258428,90.32258064516128,3.01556894459193,7,7,0.815433323944775,3.278702183031052,14,0.3671698478030107,0.1971698478030107,50.0,1.025948578476545,5.0,3.0,-2.8641016020992853,-4.150298385140567,45,3.4129859111834095,3.2429859111834096,77.77777777777779,2.71737162904039,12,10,-2.8641016020992853,2.1293250880884607,3.1607215798771278,0.8286069866641596
fpos,30,long,23,3,LONG: vol60 >= 0.3487 AND nifty_1w <= -0.007281 AND sec_d0 <= -0.001347,"[302, 425, 1851]",1,1.0239205956459045,4.784119129180908,30,7,7,30,4.784119139942076,4.614119139942076,80.0,4.723071387755165,7,7,1.3534210409093301,3.0498497676320167,14,1.2243157033526135,1.0543157033526134,71.42857142857143,2.03828050648294,6.0,5.0,-3.4191744674602695,-2.175670245683491,44,3.651454410118156,3.4814544101181557,77.27272727272727,3.097276088379465,13,12,-3.4191744674602695,2.248912058090019,3.247336235296567,2.392111084584675
fpos,30,long,24,3,LONG: vol60 >= 0.2987 AND intra0 <= -0.02063 AND sec_3d <= -0.01345,"[298, 1637, 1873]",1,1.0239159855991602,4.783197119832039,30,7,7,30,4.783196862666455,4.613196862666455,90.0,3.014529486061045,7,7,0.815433323944775,3.211926980191589,12,0.47082793567553,0.30082793567552996,50.0,1.025948578476545,5.0,3.0,-3.907830771166158,-3.816330638815145,42,3.551091454954762,3.381091454954762,78.57142857142857,2.68167197223734,12,10,-3.907830771166158,2.2077494951185765,3.546681132042679,1.7849339206486163
fpos,30,long,25,3,LONG: nifty_1w <= -0.007281 AND past_pct_up >= 0.2 AND r2d <= -0.0307,"[425, 756, 1507]",1,1.0238645412027836,4.772908240556717,32,8,8,32,4.772908755247275,4.602908755247275,81.25,4.270437432568889,8,8,0.8496383065170701,3.297538027029887,32,0.43559903830813745,0.2655990383081374,53.125,0.710127823435275,7.0,4.0,-0.7639254408770711,-1.337730644087126,64,2.6042538967777062,2.434253896777706,67.1875,2.579490893959015,15,12,-0.7639254408770711,1.6730731786806539,2.4187483222334905,1.0724980577830374
fpos,30,long,26,3,LONG: nifty_1w <= -0.007281 AND past_pct_up >= 0.07778 AND r2d <= -0.0307,"[425, 754, 1507]",1,1.0238645412027836,4.772908240556717,32,8,8,32,4.772908755247275,4.602908755247275,81.25,4.270437432568889,8,8,0.8496383065170701,3.297538027029887,32,0.43559903830813745,0.2655990383081374,53.125,0.710127823435275,7.0,4.0,-0.7639254408770711,-1.337730644087126,64,2.6042538967777062,2.434253896777706,67.1875,2.579490893959015,15,12,-0.7639254408770711,1.6730731786806539,2.4187483222334905,1.0724980577830374
fpos,30,long,27,3,LONG: r6m <= -0.07506 AND season_so_far_3d <= 0.01019 AND r3d <= -0.0293,"[87, 1189, 1535]",1,1.0237210486084223,4.744209721684456,35,6,6,35,4.744209281929616,4.574209281929616,77.14285714285715,4.19727338775346,6,6,1.2542335609901498,3.1842582646006994,36,1.1513351731810804,0.9813351731810802,55.55555555555556,0.14217182411488,6.0,3.0,-1.3524274803711998,-0.47291210717817095,71,2.922470297212048,2.752470297212048,66.19718309859155,2.71737162904039,12,9,-1.3524274803711998,2.0220686916184527,2.212498898783031,0.7583440182135236
fpos,30,long,28,3,LONG: vs_ma200 <= -0.02229 AND sec_3d <= -0.01345 AND maxabs5 >= 0.02843,"[271, 1873, 2051]",1,1.0236917063593864,4.738341271877289,33,7,7,33,4.738341824721311,4.568341824721311,75.75757575757575,3.59279261112015,7,7,1.29914861968423,3.173276973943157,30,0.7040425225288577,0.5340425225288578,46.666666666666664,-0.35418308443200497,6.0,3.0,-3.5524822254477453,-1.4983845480422722,63,2.817246918915381,2.647246918915381,61.904761904761905,2.6074241987182702,13,10,-3.5524822254477453,1.8099130705007576,2.081929400360647,0.19046665032850796
fpos,30,long,29,3,LONG: r1m <= -0.06708 AND pe >= 40.69 AND dist_20h <= -0.09264,"[39, 899, 1927]",1,1.0236879661679268,4.737593233585358,32,10,10,32,4.737592817841304,4.567592817841304,78.125,4.20308681876886,10,10,1.8000873795825774,2.9916258482376072,59,-0.27552730272855697,-0.44552730272855695,49.152542372881356,-0.06508368532652001,8.0,4.0,-2.30934048380487,-1.4729381235276955,91,1.4873281242850207,1.3173281242850208,59.34065934065934,1.9277197446711698,18,14,-2.30934048380487,0.6881567795063276,0.9520823510339221,-0.15901733016395667
fpos,30,long,30,3,LONG: r3y >= 0.03297 AND nifty_1w <= -0.007281 AND r2d <= -0.0307,"[136, 425, 1507]",1,1.023591646924615,4.718329384922981,30,9,9,30,4.7183295718829195,4.548329571882919,83.33333333333334,4.270437432568889,9,9,0.8496383065170701,3.3582920477666915,28,0.16245195813879462,-0.007548041861205361,50.0,0.21086392423175002,7.0,4.0,-1.2199894350208114,-1.6015768728540647,58,2.5189403790409277,2.348940379040928,67.24137931034483,2.65303667181182,16,13,-1.2199894350208114,1.666698932773496,2.1068129891480876,0.878980574461281
fpos,30,short,1,3,SHORT: nifty_1w >= 0.0125 AND nifty_1m >= 0.006817 AND r2d <= -0.003457,"[432, 530, 1515]",-1,1.0216619856655598,4.332397133111954,31,10,10,31,4.332396893109258,4.162396893109258,83.87096774193549,4.66082000549231,10,10,0.46340524668985006,2.4687864225573777,12,-1.0633700662657501,-1.23337006626575,33.33333333333333,-0.783563568373505,3.0,2.0,-3.4504075850633398,-3.5075670238821863,43,2.8266014625859994,2.6566014625859995,69.76744186046511,2.64845419120668,13,12,-3.4504075850633398,1.353368583981653,,
fpos,30,short,2,3,SHORT: vs_ma200 <= -0.02229 AND nifty_1w >= 0.007359 AND vs_nifty_1m >= -0.1003,"[271, 430, 502]",-1,1.0208556409925222,4.171128198504448,30,10,10,30,4.171127829170759,4.001127829170759,76.66666666666667,2.889929664526505,10,10,0.593870052321611,2.0898933583801838,37,0.15838482670494208,-0.011615173295057901,43.24324324324324,-0.71198220428844,6.0,4.0,-2.137936364383167,-0.9439846559550885,67,1.9551354248239647,1.7851354248239648,58.2089552238806,1.2788850065074,16,14,-2.137936364383167,0.9372189120578618,,
fpos,30,short,3,3,SHORT: nifty_1w >= 0.0125 AND sector_1m >= -0.003949 AND r10d <= -0.01166,"[432, 454, 1569]",-1,1.0205005295574665,4.100105911493301,32,10,10,32,4.100106218240699,3.9301062182406983,84.375,3.660068647972185,10,10,2.0554323380081523,2.570893817664555,6,-1.8239463397218516,-1.9939463397218515,50.0,-0.7477184961465352,3.0,2.0,-6.209527391818379,-14.13255784347034,38,3.164729498562401,2.994729498562401,78.94736842105263,3.1250015838644596,13,12,-6.209527391818379,1.7718319708670265,,
fpos,30,short,4,3,SHORT: sector_1w >= 0.00932 AND peers_reported_n <= 5 AND d1 <= -0.006219,"[354, 1163, 1461]",-1,1.0204961635172367,4.099232703447342,32,9,9,32,4.099231953131395,3.929231953131395,81.25,4.212353206818565,9,9,0.9675398014179902,2.8632034775449218,20,-0.9137032500436156,-1.0837032500436157,45.0,-0.581373370073695,6.0,2.0,-2.4674350632362247,-2.6609109883126187,52,2.1711799519102364,2.0011799519102365,67.3076923076923,1.8495313995362999,15,11,-2.4674350632362247,1.2560091253795869,,
fpos,30,short,5,3,SHORT: nifty_1w >= 0.0125 AND exn_10d <= -0.04821 AND z20 >= -1.451,"[432, 1823, 2093]",-1,1.0202182214707136,4.043644294142723,30,10,10,30,4.04364420823409,3.87364420823409,83.33333333333334,2.85412545601704,10,10,0.93857631388827,2.160640252584145,16,-3.2827993978341845,-3.4527993978341844,31.25,-2.226928774259175,5.0,1.0,-4.835141094935895,-5.722815393452374,46,1.4953159974277332,1.3253159974277333,65.21739130434783,1.5127318005827501,15,11,-4.835141094935895,0.03637112071357729,,
fpos,30,short,6,3,SHORT: nifty_1w >= 0.0125 AND exn_10d <= -0.04821 AND z5 >= -0.6013,"[432, 1823, 2073]",-1,1.0201107151806355,4.0221430361270905,30,10,10,30,4.022142715088634,3.8521427150886343,83.33333333333334,2.85412545601704,10,10,1.64465247389123,2.1280856884374666,13,-4.2421352131713155,-4.412135213171315,23.076923076923077,-2.44391952359548,4.0,0.0,-6.209527391818379,-7.36105697081636,43,1.5236400856146952,1.3536400856146953,65.11627906976744,1.7559850232539,14,10,-6.209527391818379,-0.051200409481327286,,
fpos,30,short,7,3,SHORT: r3y >= 0.3939 AND nifty_1w >= 0.0125 AND intra5 >= -0.02717,"[140, 432, 1694]",-1,1.0200836285948753,4.016725718975067,48,13,13,48,4.016725831920025,3.8467258319200255,81.25,3.1775819827414993,13,13,0.7300564199299487,2.783411791224861,37,-0.4472191389941595,-0.6172191389941595,48.64864864864865,-0.03614106880028,6.0,2.0,-3.4828875058944186,-1.6713435757272657,85,2.07359684458091,1.90359684458091,67.05882352941175,1.8774648389793,19,15,-3.4828875058944186,1.2892449859985642,,
fpos,30,short,8,3,SHORT: nifty_1w >= 0.0125 AND nifty_1m >= 0.0163 AND d1 <= 0.002834,"[432, 532, 1465]",-1,1.0200064592063427,4.001291841268539,41,10,10,41,4.00129242924368,3.83129242924368,85.36585365853658,3.8189418533384902,10,10,1.6340925504453923,2.7568794877356773,15,0.7644914720251113,0.5944914720251112,66.66666666666666,1.05294913108894,4.0,3.0,-1.2826199142137678,-0.847202032599137,56,3.134292172845848,2.9642921728458482,80.35714285714286,2.68763374299365,14,13,-1.2826199142137678,2.1708830125266876,,
fpos,30,short,9,3,SHORT: nifty_3m <= 0.02789 AND days_after_quarter_end <= 26 AND r2d <= -0.003457,"[635, 1114, 1515]",-1,1.0199378188699484,3.9875637739896774,30,7,7,30,3.9875632810633665,3.8175632810633666,73.33333333333333,5.2001671856730605,7,7,1.2321809309794136,2.1337046208354256,43,1.4400204984758453,1.2700204984758454,53.48837209302325,0.69491528987243,6.0,5.0,-1.13495685842949,-0.036633010244015274,73,2.4869558885803067,2.3169558885803068,61.64383561643836,1.96890685051464,13,12,-1.13495685842949,1.433325023431144,,
fpos,30,short,10,3,SHORT: r5y >= -0.2878 AND nifty_1w >= 0.0125 AND sec_vs_nifty_1w <= -0.01132,"[158, 432, 1207]",-1,1.0198755394667387,3.97510789334774,31,11,11,31,3.975107952635695,3.8051079526356952,77.41935483870968,3.5011954426058796,11,11,0.5828934555841966,2.2200616049301973,13,-4.19397256273795,-4.36397256273795,23.076923076923077,-5.07137683973666,3.0,0.0,-9.06416829226943,-6.921743481520604,44,1.5615159821843911,1.391515982184391,61.36363636363637,1.3494264608918152,14,11,-9.06416829226943,0.08205021570748083,,
fpos,30,short,11,3,SHORT: nifty_1w >= 0.0125 AND nifty_3m >= -0.02317 AND r2d <= -0.003457,"[432, 630, 1515]",-1,1.0197816602885723,3.9563320577144623,38,11,11,38,3.956331910910802,3.786331910910802,76.31578947368422,3.850940450933265,11,11,0.46340524668985006,2.352746329502841,15,-0.3921162518624741,-0.5621162518624742,40.0,-0.71198220428844,5.0,4.0,-3.4504075850633398,-2.6100914730661806,53,2.7256390346542143,2.5556390346542144,66.0377358490566,1.51376480033479,16,15,-3.4504075850633398,1.4949767728261798,,
fpos,30,short,12,3,SHORT: r3y >= 0.5993 AND nifty_1w >= 0.0125 AND intra5 >= -0.02717,"[142, 432, 1694]",-1,1.0197071731090546,3.941434621810913,43,11,11,43,3.941434325222988,3.771434325222988,79.06976744186046,2.99622854667913,11,11,0.4559995954618443,2.535935344081481,29,-0.8950046658900233,-1.0650046658900232,48.275862068965516,-0.71136583825954,6.0,2.0,-4.172236793313246,-2.5919803497701634,72,1.993424176024692,1.8234241760246919,66.66666666666666,2.06526734924877,17,13,-4.172236793313246,1.0509016084221732,,
fpos,30,short,13,3,SHORT: sector_1w >= 0.00932 AND d1 <= -0.006219 AND r10d >= -0.0603,"[354, 1461, 1560]",-1,1.0196297708898783,3.9259541779756546,30,9,9,30,3.9259534925911845,3.7559534925911846,76.66666666666667,4.53276609853131,9,9,0.8680304034556351,2.463258717195474,22,-0.699022924794131,-0.8690229247941309,40.909090909090914,-0.8450638443459699,7.0,3.0,-3.4384632517550653,-2.1775355393698734,52,1.9692327006204744,1.7992327006204745,61.53846153846154,1.3252656338264348,16,12,-3.4384632517550653,0.983041778391829,,
fpos,30,short,14,3,SHORT: r5y >= -0.04204 AND nifty_1w >= 0.0125 AND sec_vs_nifty_1w <= -0.01132,"[160, 432, 1207]",-1,1.0195344146341085,3.9068829268217087,30,11,11,30,3.9068830345853534,3.736883034585353,76.66666666666667,3.2487119946425045,11,11,0.5828934555841966,2.0679898493615667,13,-4.19397256273795,-4.36397256273795,23.076923076923077,-5.07137683973666,3.0,0.0,-9.06416829226943,-6.921743481520604,43,1.4577871563248197,1.2877871563248198,60.46511627906976,1.29769113534218,14,11,-9.06416829226943,-0.07426044951458396,,
fpos,30,short,15,3,SHORT: sector_1w >= 0.00932 AND d1 <= -0.006219 AND r10d >= -0.07547,"[354, 1461, 1558]",-1,1.0194738190621138,3.8947638124227524,33,9,9,33,3.894763032012303,3.724763032012303,78.78787878787878,4.60576456029864,9,9,0.8680304034556351,2.5832158288770457,24,-1.1736876379087615,-1.3436876379087617,37.5,-1.009660796139725,7.0,2.0,-3.4384632517550653,-2.6214791122961714,57,1.7606785394139597,1.5906785394139595,61.40350877192983,1.2788850065074,16,11,-3.4384632517550653,0.8492603826682112,,
fpos,30,short,16,3,SHORT: r3y >= 0.855 AND nifty_1w >= 0.0125 AND intra5 >= -0.02717,"[144, 432, 1694]",-1,1.019463313743472,3.89266274869442,36,11,11,36,3.8926626716620087,3.722662671662009,77.77777777777779,2.94364814780209,11,11,0.9236694411345177,2.333233933217059,23,-0.26588016164293254,-0.4358801616429326,52.17391304347826,0.010106155137700001,6.0,2.0,-3.337915198793733,-2.35375760008115,59,2.2715358044414384,2.1015358044414385,67.79661016949152,2.43263566457094,17,13,-3.337915198793733,1.2069001620576625,,
fpos,30,short,17,3,SHORT: nifty_1w >= 0.0125 AND prev_net_margin >= 0.1338 AND sec_rank_1m <= 0.5789,"[432, 873, 1289]",-1,1.0194270480424166,3.8854096084833145,30,13,13,30,3.885409341770127,3.715409341770127,80.0,3.5951637608123246,13,13,0.07644346293065526,2.405420456455243,25,-0.9183345044546906,-1.0883345044546906,48.0,-0.03614106880028,5.0,2.0,-1.7268580984828739,-2.36936258322195,55,1.701889411667937,1.5318894116679371,65.45454545454545,1.51376480033479,18,15,-1.7268580984828739,0.7435429760002762,,
fpos,30,short,18,3,SHORT: sector_1w >= 0.00932 AND india_vix >= 15.92 AND d1 <= -0.006219,"[354, 662, 1461]",-1,1.0193502400070429,3.870048001408577,31,8,8,31,3.8700476164532214,3.700047616453221,80.64516129032258,3.8189418533384902,8,8,0.9675398014179902,2.5483064892595126,9,-0.5169435565462345,-0.6869435565462345,44.44444444444444,-0.32776398391402,4.0,2.0,-1.8653690558542517,-3.0225355281865878,40,2.882974602528344,2.712974602528344,72.5,2.560485652098015,12,10,-1.8653690558542517,1.7600993346237492,,
fpos,30,short,19,3,SHORT: nifty_1w >= 0.0125 AND nifty_3m <= 0.02789 AND z20 >= -1.451,"[432, 635, 2093]",-1,1.0193481780588627,3.8696356117725372,32,8,8,32,3.8696350978694505,3.6996350978694506,87.5,2.932816273329005,8,8,1.327631134014925,2.229696732437124,36,-0.20870516232213543,-0.3787051623221354,44.44444444444444,-0.583505532507545,6.0,3.0,-6.39087208477211,-1.416881241207041,68,1.7105137836503754,1.5405137836503755,64.70588235294117,2.236447541401,14,11,-6.39087208477211,0.8143823504696381,,
fpos,30,short,20,3,SHORT: nifty_3m <= 0.02789 AND days_after_quarter_end <= 26 AND r2d <= 0.00124,"[635, 1114, 1517]",-1,1.0193388871848583,3.8677774369716644,32,7,7,32,3.8677768507121306,3.6977768507121302,75.0,4.605709837406105,7,7,1.2321809309794136,2.12905838191751,51,1.3223973255015562,1.1523973255015563,50.98039215686274,0.55996148603979,7.0,5.0,-1.19001538937528,0.08375378840842478,83,2.303748467751416,2.133748467751416,60.24096385542169,1.4111039567858599,14,12,-1.19001538937528,1.3734544173118328,,
fpos,30,short,21,3,SHORT: nifty_3m <= 0.05466 AND days_after_quarter_end <= 26 AND vol5_60 <= 0.8784,"[637, 1114, 2002]",-1,1.0193249862641096,3.8649972528219223,34,7,7,34,3.864996686751706,3.694996686751706,76.47058823529412,4.605709837406105,7,7,0.08735087728288,2.2457104978807805,46,0.7890165773093591,0.6190165773093592,45.65217391304348,-0.363731246420855,8.0,4.0,-5.899494164448391,-0.42699638075104784,80,2.096308123822357,1.9263081238223567,58.75,1.9880745221454603,15,11,-5.899494164448391,1.2233303588049529,,
fpos,30,short,22,3,SHORT: r3y >= 0.3939 AND nifty_1w >= 0.0125 AND vol5_60 <= 0.7123,"[140, 432, 1998]",-1,1.0193121507763863,3.862430155277252,30,8,8,30,3.862430288517535,3.692430288517535,80.0,2.90076153899959,8,8,0.616782098361044,2.1520240161813025,19,-0.3080849917048691,-0.47808499170486907,47.368421052631575,-1.07390955593585,6.0,3.0,-3.767643811032675,-2.871809318855884,49,2.245291710472113,2.075291710472113,67.3469387755102,1.8774648389793,14,11,-3.767643811032675,1.0100757650028822,,
fpos,30,short,23,3,SHORT: nifty_1w >= 0.01857 AND r10d <= -0.01166 AND vol20_60 <= 1.124,"[434, 1569, 2032]",-1,1.0192635729908943,3.8527145981788635,32,10,10,32,3.852714555097092,3.682714555097092,84.375,3.670114344935265,10,10,1.123613774626955,2.7018347136547054,7,-1.1346105256210655,-1.3046105256210656,57.14285714285714,0.5566678160962499,3.0,1.0,-5.099197453519474,-9.805161471808214,39,2.9575536431733203,2.78755364317332,79.48717948717949,3.5011954426058796,13,11,-5.099197453519474,1.9119783408626343,,
fpos,30,short,24,3,SHORT: nifty_1w >= 0.0125 AND days_after_quarter_end <= 26 AND streak <= 1,"[432, 1114, 2134]",-1,1.019146615639329,3.8293231278657913,30,9,9,30,3.8293234239427236,3.6593234239427237,80.0,2.880235874451965,9,9,1.2106909123594067,2.3189285488885387,8,-2.3475918214249902,-2.51759182142499,37.5,-0.4941543698557,3.0,1.0,-5.782428781037973,-7.1878394167973365,38,2.5289202143916256,2.3589202143916257,71.05263157894737,2.410428356356765,12,10,-5.782428781037973,1.1876508833579866,,
fpos,30,short,25,3,SHORT: r1m <= -0.05799 AND nifty_1w >= 0.0125 AND vs_nifty_1m >= -0.1154,"[41, 432, 500]",-1,1.0191411897540092,3.8282379508018494,30,12,12,30,3.8282373785115604,3.6582373785115605,76.66666666666667,2.3694748410183903,12,12,0.07644346293065526,1.711322710154005,21,-1.2141000020009682,-1.3841000020009682,42.857142857142854,-0.71198220428844,6.0,2.0,-11.014376310509261,-3.3429674348349767,51,1.7519808100652252,1.581980810065225,62.745098039215684,1.5762274777612402,18,14,-11.014376310509261,0.37580364590934284,,
fpos,30,short,26,3,SHORT: sector_1w >= 0.00932 AND d1 <= -0.006219 AND n_prior <= 6,"[354, 1461, 2277]",-1,1.0191086810082197,3.821736201643944,31,6,6,31,3.8217366431102344,3.6517366431102345,80.64516129032258,3.8189418533384902,6,6,1.9219637122948101,2.616668022201698,1,5.75659005988231,5.58659005988231,100.0,5.75659005988231,1.0,1.0,5.75659005988231,,32,3.882200812384361,3.7122008123843613,81.25,4.212353206818565,7,7,1.9219637122948101,2.7329614310046835,,
fpos,30,short,27,3,SHORT: sector_1w >= 0.00932 AND d1 <= -0.006219 AND n_prior <= 7,"[354, 1461, 2279]",-1,1.0191086810082197,3.821736201643944,31,6,6,31,3.8217366431102344,3.6517366431102345,80.64516129032258,3.8189418533384902,6,6,1.9219637122948101,2.616668022201698,1,5.75659005988231,5.58659005988231,100.0,5.75659005988231,1.0,1.0,5.75659005988231,,32,3.882200812384361,3.7122008123843613,81.25,4.212353206818565,7,7,1.9219637122948101,2.7329614310046835,,
fpos,30,short,28,3,SHORT: sector_1w >= 0.00932 AND d1 <= -0.006219 AND n_prior <= 9,"[354, 1461, 2281]",-1,1.0191086810082197,3.821736201643944,31,6,6,31,3.8217366431102344,3.6517366431102345,80.64516129032258,3.8189418533384902,6,6,1.9219637122948101,2.616668022201698,1,5.75659005988231,5.58659005988231,100.0,5.75659005988231,1.0,1.0,5.75659005988231,,32,3.882200812384361,3.7122008123843613,81.25,4.212353206818565,7,7,1.9219637122948101,2.7329614310046835,,
fpos,30,short,29,3,SHORT: sector_1w >= 0.0178 AND d1 <= 0.002834 AND n_prior <= 6,"[356, 1465, 2277]",-1,1.0190718099474907,3.8143619894981384,30,6,6,30,3.814361917874592,3.644361917874592,86.66666666666667,3.29979370404645,6,6,1.2086337955850999,2.6881262737677627,0,,,,,,,,,30,3.814361917874592,3.644361917874592,86.66666666666667,3.29979370404645,6,6,1.2086337955850999,2.6881262737677627,,
fpos,30,short,30,3,SHORT: sector_1w >= 0.0178 AND d1 <= 0.002834 AND n_prior <= 7,"[356, 1465, 2279]",-1,1.0190718099474907,3.8143619894981384,30,6,6,30,3.814361917874592,3.644361917874592,86.66666666666667,3.29979370404645,6,6,1.2086337955850999,2.6881262737677627,0,,,,,,,,,30,3.814361917874592,3.644361917874592,86.66666666666667,3.29979370404645,6,6,1.2086337955850999,2.6881262737677627,,
fpos,60,long,1,3,LONG: vol60 >= 0.2754 AND maxabs5 >= 0.02843 AND z5 <= -0.6013,"[296, 2051, 2074]",1,1.0176389645785093,3.527792915701866,64,12,12,64,3.5277925623591373,3.3577925623591374,71.875,2.458962628102325,12,12,0.53450720522693,2.571986927331347,63,-0.6353885492168034,-0.8053885492168034,46.03174603174603,-0.50319899030564,8.0,3.0,-1.61064522171303,-1.6034492755023204,127,1.4625924833883952,1.292592483388395,59.055118110236215,1.06619325845109,20,15,-1.61064522171303,0.894678051452223,1.272824233987434,-0.4899072840578023
fpos,60,long,2,3,LONG: r1w <= -0.02774 AND vol60 >= 0.2987 AND maxabs5 >= 0.02843,"[11, 298, 2051]",1,1.0170103274285793,3.402065485715866,61,11,11,61,3.4020656044855815,3.2320656044855816,73.77049180327869,2.4669229236015,11,11,1.3606229934975667,2.4148789272406708,56,-0.23791016909504073,-0.4079101690950407,50.0,-0.13536427211459,8.0,3.0,-1.61064522171303,-1.2998735068195735,117,1.659854977814514,1.4898549778145138,62.39316239316239,1.22727364826106,19,14,-1.61064522171303,1.057062231521726,1.549207200823091,-0.07424374579116444
fpos,60,long,3,3,LONG: vol60 >= 0.2754 AND maxabs5 >= 0.02498 AND z5 <= -0.6013,"[296, 2049, 2074]",1,1.0169828347861767,3.3965669572353363,69,12,12,69,3.396566161756305,3.226566161756305,72.46376811594203,2.4669229236015,12,12,0.53450720522693,2.5051807794179646,74,-0.912864607964241,-1.082864607964241,44.5945945945946,-0.529933403200945,8.0,2.0,-2.5079421563451025,-1.746703773446809,143,1.1665110781246937,0.9965110781246936,58.04195804195804,1.06619325845109,20,14,-2.5079421563451025,0.6537142105701176,1.1138835268159115,-0.5650247763185209
fpos,60,long,4,3,LONG: r1w <= -0.03676 AND vol60 >= 0.2754 AND maxabs5 >= 0.02843,"[9, 296, 2051]",1,1.0169225949794054,3.3845189958810806,61,12,12,61,3.38451854816047,3.21451854816047,70.49180327868852,2.45100233260315,12,12,0.25405163250083324,2.3647167171313104,58,-0.33667582778249966,-0.5066758277824996,51.724137931034484,0.089277912792145,8.0,3.0,-1.61064522171303,-1.3678825922615274,119,1.5708271716504514,1.4008271716504515,61.34453781512605,1.12992115004485,20,15,-1.61064522171303,0.9678062308179712,1.418674558117373,-0.17865307424772262
fpos,60,long,5,3,LONG: vol60 >= 0.2754 AND vol20_60 >= 0.7604 AND z5 <= -0.6013,"[296, 2019, 2074]",1,1.0165896732360125,3.3179346472024918,61,12,12,61,3.317934121432605,3.147934121432605,72.1311475409836,2.6074241987182702,12,12,0.12461183573856498,2.323235704629394,68,-0.6542440658165221,-0.824244065816522,47.05882352941176,-0.404499015510835,7.0,1.0,-2.5957153908997186,-1.5076522938882708,129,1.2240727514098093,1.0540727514098094,58.91472868217055,1.06619325845109,19,13,-2.5957153908997186,0.6620429230483917,1.21919738577561,-0.2661238609120344
fpos,60,long,6,3,LONG: r1w <= -0.03676 AND vol60 >= 0.2754 AND maxabs5 >= 0.02498,"[9, 296, 2049]",1,1.0163920149207115,3.2784029841423035,65,12,12,65,3.2784026062452365,3.108402606245236,70.76923076923077,2.4669229236015,12,12,0.25405163250083324,2.317744568791751,65,-0.5708997025290268,-0.7408997025290268,50.76923076923077,0.03860905454582,8.0,2.0,-1.4466619643749936,-1.501317667381045,130,1.3537514518581049,1.183751451858105,60.76923076923077,1.178597399152955,20,14,-1.4466619643749936,0.7951133250271891,1.3213442362664052,-0.21615289193622028
fpos,60,long,7,3,LONG: r1w <= -0.02774 AND vol60 >= 0.2754 AND maxabs5 >= 0.02843,"[11, 296, 2051]",1,1.0162974037230015,3.259480744600296,71,12,12,71,3.2594803917266284,3.089480391726628,70.4225352112676,2.45100233260315,12,12,0.53450720522693,2.3847214020326555,63,-0.5853332725872621,-0.7553332725872621,47.61904761904761,-0.49966043224667,8.0,3.0,-1.61064522171303,-1.549078888818508,134,1.451844116713381,1.281844116713381,59.70149253731343,1.01982743208361,20,15,-1.61064522171303,0.9143301436157995,1.2749441618083814,-0.43985200742826097
fpos,60,long,8,3,LONG: vol60 >= 0.3487 AND streak >= -5 AND own_rd >= -0.005896,"[302, 2123, 2173]",1,1.015974935144186,3.194987028837204,63,9,9,63,3.1949869470041268,3.024986947004127,74.60317460317461,1.97304560682365,9,9,0.12149123113440834,2.1979159391492376,69,-0.7345992237653101,-0.90459922376531,52.17391304347826,0.14439687719129,8.0,4.0,-3.6375218150622612,-1.5562510992516605,132,1.1408850850110122,0.9708850850110121,62.878787878787875,1.26313775311348,17,13,-3.6375218150622612,0.5875939790472282,1.017556382132243,-0.5567170585013677
fpos,60,long,9,3,LONG: vol60 >= 0.3487 AND d0 <= 0.01624 AND nifty_3d <= 0.003746,"[302, 1445, 1749]",1,1.0159148201346397,3.182964026927948,61,10,10,61,3.182964021002857,3.012964021002857,72.1311475409836,2.4669229236015,10,10,0.5262378274248166,2.10957875614782,45,0.197461892608653,0.027461892608653008,60.0,0.39969850892769,8.0,5.0,-2.266912210829925,-1.1424630888286154,106,1.9155338721562614,1.7455338721562612,66.98113207547169,1.3851243253050352,18,15,-2.266912210829925,1.2213889996243155,1.7847126392373052,0.4491452040281193
fpos,60,long,10,3,LONG: r1w <= -0.03676 AND vol60 >= 0.2754 AND vol5_60 >= 0.565,"[9, 296, 1993]",1,1.0158428326249123,3.1685665249824524,60,12,12,60,3.1685664630804378,2.9985664630804374,71.66666666666667,2.40590170608041,12,12,0.25405163250083324,2.110590772843472,59,-0.5711808295298977,-0.7411808295298977,50.847457627118644,0.03860905454582,8.0,2.0,-2.8734591870892134,-1.6050045985322208,119,1.3144060406938007,1.1444060406938006,61.34453781512605,1.22727364826106,20,14,-2.8734591870892134,0.700138559029889,1.258493075077981,-0.2498759732300905
fpos,60,long,11,3,LONG: nifty_1w <= -0.007281 AND days_after_quarter_end >= 26 AND d1 <= -0.000735,"[425, 1113, 1463]",1,1.0157807786017656,3.1561557203531265,67,9,9,67,3.156155559437781,2.9861555594377807,67.16417910447761,1.97304560682365,9,9,0.19044658350298002,2.198129829589734,40,-0.07625798181102247,-0.24625798181102249,45.0,-0.163923205477165,7.0,2.0,-1.7341155573262947,-1.1818431876575346,107,1.9477766655129944,1.7777766655129943,58.87850467289719,1.2230394071505,16,11,-1.7341155573262947,1.3062130408051231,1.8721852221277504,0.6543354978328968
fpos,60,long,12,3,LONG: nifty_1w <= -0.007281 AND india_vix >= 16.83 AND days_after_quarter_end >= 24,"[425, 664, 1111]",1,1.015685174614191,3.137034922838211,61,7,7,61,3.1370351966386414,2.9670351966386415,67.21311475409836,2.6074241987182702,7,7,0.815433323944775,2.1344369329803112,8,-1.2841821755328637,-1.4541821755328637,25.0,-2.077749772980385,3.0,0.0,-1.3737716244459675,-6.346936321730019,69,2.624430283923105,2.4544302839231045,62.31884057971014,2.06007859867467,10,7,-1.3737716244459675,1.7071095444161646,2.4638075490009173,1.3662740824246462
fpos,60,long,13,3,LONG: r1w <= -0.02774 AND d1 <= 0.01663 AND maxabs5 >= 0.0338,"[11, 1471, 2053]",1,1.0156632997095585,3.1326599419116974,60,10,10,60,3.13265989256954,2.96265989256954,68.33333333333333,2.40590170608041,10,10,0.6780963557066083,2.1030329382914466,61,0.06399520299586772,-0.10600479700413226,52.459016393442624,0.39462770271450004,8.0,5.0,-1.1389517205336963,-0.9140797047109666,121,1.5856471151811597,1.4156471151811598,60.33057851239669,1.34797757649079,18,15,-1.1389517205336963,1.0050314582215556,1.5065399450817152,0.1888941450647479
fpos,60,long,14,3,LONG: vol60 >= 0.3487 AND streak >= -4 AND own_rd >= -0.005896,"[302, 2125, 2173]",1,1.0156152471899986,3.1230494379997253,62,9,9,62,3.123049419354822,2.953049419354822,74.19354838709677,1.934029716759635,9,9,0.12149123113440834,2.1021756282349964,68,-0.6727516200679318,-0.8427516200679317,52.94117647058824,0.1485523594917,8.0,4.0,-3.4204027383747997,-1.5025370488399878,130,1.1375534910413818,0.9675534910413819,63.07692307692307,1.26313775311348,17,13,-3.4204027383747997,0.5752764636233924,1.0272285894832422,-0.49225354060893156
fpos,60,long,15,3,LONG: vol60 >= 0.3487 AND days_after_quarter_end >= 26 AND nifty_3d <= 0.003746,"[302, 1113, 1749]",1,1.0155726643279195,3.1145328655838966,61,9,9,61,3.114532629346909,2.9445326293469085,68.85245901639344,1.98321574331157,9,9,1.24485930441454,2.035037418808305,39,0.7095336874034383,0.5395336874034382,56.41025641025641,0.14439687719129,8.0,5.0,-2.378604776870967,-0.7937352920432951,100,2.176583041988956,2.006583041988956,64.0,1.324925591389375,17,14,-2.378604776870967,1.4523368706567135,2.1114819236097278,0.9222084259677622
fpos,60,long,16,3,LONG: nifty_3d <= 0.01849 AND dist_20h <= -0.1298 AND own_dm1 >= -0.01336,"[1757, 1923, 2139]",1,1.015516322106123,3.103264421224594,60,9,9,60,3.1032640101882323,2.9332640101882324,71.66666666666667,2.537173561159885,9,9,0.9271101647839199,2.103204794214152,63,0.2802978166372979,0.11029781663729792,57.14285714285714,0.55133917568809,5.0,4.0,-0.40288915522504265,-0.8038751501370421,123,1.6573544964182416,1.4873544964182417,64.22764227642277,1.97304560682365,14,13,-0.40288915522504265,1.0876012989211685,1.5192167503333294,0.3873214762565077
fpos,60,long,17,3,LONG: nifty_1w <= -0.007281 AND days_after_quarter_end >= 24 AND n_prior <= 9,"[425, 1111, 2281]",1,1.0155157400295138,3.103148005902767,70,7,7,70,3.103148459870238,2.9331484598702375,67.14285714285714,2.566219119948375,7,7,0.07123402610183334,2.236764822197799,4,-0.820961844550355,-0.9909618445503551,25.0,-0.5385404409458,3.0,0.0,-1.1033832481549102,,74,2.891034389361016,2.7210343893610163,64.86486486486487,2.353588729120025,10,7,-1.1033832481549102,2.059505305284863,2.354362663445763,1.249502886032995
fpos,60,long,18,3,LONG: vol60 >= 0.2754 AND vol5_60 >= 0.565 AND z5 <= -0.6013,"[296, 1993, 2074]",1,1.0155038023367524,3.100760467350483,68,12,12,68,3.10076013012902,2.9307601301290203,72.05882352941177,2.40590170608041,12,12,0.374864253271896,2.1717491042910804,71,-0.9255418740146765,-1.0955418740146765,45.07042253521127,-0.5566678160962499,8.0,3.0,-4.185745572373052,-1.7982432186896669,139,1.0441598258541824,0.8741598258541823,58.27338129496403,1.06619325845109,20,15,-4.185745572373052,0.5114902438848982,0.9797347439370546,-0.6207729814098955
fpos,60,long,19,3,LONG: nifty_1w <= -0.007281 AND days_after_quarter_end >= 26 AND n_prior <= 9,"[425, 1113, 2281]",1,1.0154893165454268,3.097863309085369,67,7,7,67,3.0978644880627546,2.9278644880627547,67.16417910447761,2.5250140411784803,7,7,0.07123402610183334,2.1891329347120143,4,-0.820961844550355,-0.9909618445503551,25.0,-0.5385404409458,3.0,0.0,-1.1033832481549102,,71,2.877085539746523,2.707085539746523,64.7887323943662,2.24025453463855,10,7,-1.1033832481549102,2.006702948090052,2.3613537178512507,1.249502886032995
fpos,60,long,20,3,LONG: r1w <= -0.02774 AND vol60 >= 0.2754 AND maxabs5 >= 0.02498,"[11, 296, 2049]",1,1.015322582796216,3.064516559243202,79,12,12,79,3.0645158903575895,2.894515890357589,70.88607594936708,2.45100233260315,12,12,0.53450720522693,2.2711521629704636,74,-0.8702499805634151,-1.040249980563415,45.94594594594595,-0.501429711276155,8.0,2.0,-2.5079421563451025,-1.7010011295676624,153,1.1614265148794565,0.9914265148794565,58.82352941176471,1.06619325845109,20,14,-2.5079421563451025,0.683106308536499,1.1327267427698129,-0.5224101489176952
fpos,60,long,21,3,LONG: prev_sales_yoy <= 0.7152 AND maxabs5 >= 0.0338 AND z5 <= -0.4495,"[854, 2053, 2076]",1,1.0153130358085036,3.0626071617007256,60,10,10,60,3.062606979825906,2.892606979825906,70.0,2.458962628102325,10,10,0.413389464010334,2.0602170748977637,63,0.1796140980996657,0.009614098099665694,50.79365079365079,0.14439687719129,8.0,3.0,-1.1389517205336963,-0.7734191890380187,123,1.5859520891856365,1.4159520891856365,60.16260162601627,1.29914861968423,18,13,-1.1389517205336963,1.0151902981916392,1.4964740924856352,0.17044398659210971
fpos,60,long,22,3,LONG: intra5 <= -0.001825 AND dist_20h <= -0.1298 AND own_dm1 >= -0.01336,"[1701, 1923, 2139]",1,1.0152611769735813,3.052235394716263,60,9,9,60,3.0522351481225853,2.8822351481225854,71.66666666666667,2.771061681947075,9,9,0.9271101647839199,2.047536944687992,58,0.41752245868219445,0.2475224586821944,58.620689655172406,1.019116166387065,5.0,4.0,-0.44257696152655107,-0.7370989661498759,118,1.7572068770417153,1.5872068770417154,65.2542372881356,2.1117867101006453,14,13,-0.44257696152655107,1.175519779210302,1.6209646982512653,0.5721431119010281
fpos,60,long,23,3,LONG: r1w <= 0.008017 AND dist_20h <= -0.1298 AND own_dm1 >= -0.01336,"[19, 1923, 2139]",1,1.0152611769735813,3.052235394716263,60,9,9,60,3.0522351481225853,2.8822351481225854,71.66666666666667,2.771061681947075,9,9,0.9271101647839199,2.047536944687992,57,0.20974934375659146,0.039749343756591476,57.89473684210527,0.93344411308053,4.0,3.0,-0.08144175704049247,-0.9231146138117251,117,1.6674343716365885,1.4974343716365883,64.95726495726495,2.0830387996859603,13,12,-0.08144175704049247,1.0808121788057437,1.5209401695203084,0.34842922685063926
fpos,60,long,24,3,LONG: vol60 >= 0.3487 AND nifty_3d <= 0.003746 AND sec_d0 <= 0.007311,"[302, 1749, 1857]",1,1.0152176674455404,3.0435334891080856,63,10,10,63,3.043533610632208,2.873533610632208,71.42857142857143,2.4669229236015,10,10,0.5262378274248166,1.9951417678091845,44,0.26963464430768724,0.09963464430768727,59.09090909090909,0.385580095560725,8.0,5.0,-4.03416398941318,-1.095394471051173,107,1.9028648768165175,1.7328648768165176,66.35514018691589,1.4168276097007402,18,15,-4.03416398941318,1.2149043169888192,1.6147784177209097,0.189151779199713
fpos,60,long,25,3,LONG: vol60 >= 0.3487 AND vs_sector_1m <= -0.01052 AND nifty_3d <= 0.003746,"[302, 491, 1749]",1,1.015213955193758,3.042791038751602,64,10,10,64,3.042791074996459,2.872791074996459,71.875,2.184529703008485,10,10,1.0387302262088511,2.01210565869283,50,0.24535090139709692,0.07535090139709694,57.99999999999999,0.385580095560725,8.0,5.0,-2.266912210829925,-0.9420281926300283,114,1.8158436304353356,1.6458436304353354,65.78947368421053,1.379338330073675,18,15,-2.266912210829925,1.1680722236983525,1.7543089884515903,0.4011404505127865
fpos,60,long,26,3,LONG: vol60 >= 0.3487 AND nifty_1m >= -0.06018 AND nifty_3d <= 0.003746,"[302, 520, 1749]",1,1.0152020724490285,3.0404144898056984,60,10,10,60,3.0404148494563388,2.870414849456339,73.33333333333333,2.184529703008485,10,10,0.5262378274248166,1.9345544732815256,51,0.34659707014318697,0.17659707014318698,58.82352941176471,0.39969850892769,8.0,5.0,-2.266912210829925,-0.8039644165413824,111,1.8027147886908363,1.6327147886908362,66.66666666666666,1.3534210409093301,18,15,-2.266912210829925,1.135990943945048,1.547263003149548,0.4862677318248165
fpos,60,long,27,3,LONG: vs_ma50 <= -0.06044 AND dist_20h <= -0.1298 AND own_dm1 >= -0.01336,"[245, 1923, 2139]",1,1.015102849341929,3.020569868385792,60,9,9,60,3.020569687847753,2.850569687847753,68.33333333333333,2.771061681947075,9,9,0.85386874468529,2.012992806206357,62,0.6071568706262235,0.43715687062622344,58.06451612903226,0.74239164438431,5.0,4.0,-0.5040110007019767,-0.5128190609756598,122,1.794081206964681,1.6240812069646808,63.114754098360656,2.071558699180315,14,13,-0.5040110007019767,1.2236502312342967,1.6098014269340444,0.6920320385212644
fpos,60,long,28,3,LONG: intra5 <= 0.003077 AND dist_20h <= -0.1298 AND own_dm1 >= -0.01336,"[1703, 1923, 2139]",1,1.0150882368907332,3.0176473781466484,61,9,9,61,3.0176470855264643,2.8476470855264644,72.1311475409836,2.6074241987182702,9,9,0.9271101647839199,2.0278017015642638,59,0.30270202964713655,0.1327020296471366,57.6271186440678,0.93344411308053,5.0,4.0,-0.44257696152655107,-0.8411690381542526,120,1.6827990997191284,1.5127990997191285,65.0,2.071558699180315,14,13,-0.44257696152655107,1.1079931784881492,1.548827623908519,0.4547019938283629
fpos,60,long,29,3,LONG: d2 <= 0.02696 AND dist_20h <= -0.1298 AND own_dm1 >= -0.01336,"[1499, 1923, 2139]",1,1.0150713697075844,3.014273941516876,62,9,9,62,3.014273924183534,2.844273924183534,70.96774193548387,2.537173561159885,9,9,0.9271101647839199,2.041498357366027,59,0.7728965549635325,0.6028965549635324,59.32203389830508,1.1047882196936,5.0,5.0,0.07898149448849541,-0.3939539946590749,121,1.9213709094398967,1.7513709094398966,65.28925619834712,2.0830387996859603,14,14,0.07898149448849541,1.3515090504047342,1.6711209134141143,0.8620874093617109
fpos,60,long,30,3,LONG: vol60 >= 0.3487 AND vs_sector_1m <= -0.01897 AND nifty_3d <= 0.003746,"[302, 489, 1749]",1,1.0150627428665757,3.0125485733151436,63,10,10,63,3.0125483578691385,2.8425483578691386,71.42857142857143,2.06007859867467,10,10,1.0387302262088511,1.9614853725665404,49,0.4198344817358861,0.24983448173588607,59.183673469387756,0.39969850892769,8.0,6.0,-2.266912210829925,-0.7747028212079025,112,1.8782360370608406,1.7082360370608407,66.07142857142857,1.379338330073675,18,16,-2.266912210829925,1.2212722865823027,1.8321874681742987,0.578803409404957
fpos,60,short,1,3,SHORT: r3y >= 0.3939 AND nifty_1w >= 0.0125 AND dist_20h >= -0.1885,"[140, 432, 1916]",-1,1.0175605192780495,3.512103855609894,60,13,13,60,3.5121040435248148,3.342104043524815,76.66666666666667,2.90076153899959,13,13,0.22359966131588496,2.4983120281603814,41,0.01857027680509554,-0.15142972319490444,51.21951219512195,0.010106155137700001,6.0,3.0,-1.0537027195442128,-1.0487516921338822,101,2.0939368708960187,1.9239368708960185,66.33663366336634,2.21982522328376,19,16,-1.0537027195442128,1.4392556551857287,,
fpos,60,short,2,3,SHORT: r3y >= 0.3939 AND nifty_1w >= 0.0125 AND vs_nifty_1m >= -0.1381,"[140, 432, 496]",-1,1.0175605192780495,3.512103855609894,60,13,13,60,3.5121040435248148,3.342104043524815,76.66666666666667,2.90076153899959,13,13,0.22359966131588496,2.4983120281603814,38,0.2284616788021972,0.058461678802197214,52.63157894736842,0.09648654176446,6.0,3.0,-1.0537027195442128,-0.9040878324650056,98,2.23885496332625,2.06885496332625,67.3469387755102,2.236447541401,19,16,-1.0537027195442128,1.570846294014027,,
fpos,60,short,3,3,SHORT: r3y >= 0.3939 AND vs_ma50 >= -0.1434 AND nifty_1w >= 0.0125,"[140, 234, 432]",-1,1.017084388062358,3.4168776124715805,60,13,13,60,3.4168773739294904,3.24687737392949,75.0,2.769760970065865,13,13,0.22359966131588496,2.3944283886018445,40,0.337880981113701,0.16788098111370106,52.5,0.09648654176446,6.0,3.0,-1.0537027195442128,-0.7143200863223039,100,2.1852788168031747,2.0152788168031748,66.0,2.0486450311315303,19,16,-1.0537027195442128,1.5285136907121004,,
fpos,60,short,4,3,SHORT: r1m >= -0.1898 AND r3y >= 0.3939 AND nifty_1w >= 0.0125,"[26, 140, 432]",-1,1.017084388062358,3.4168776124715805,60,13,13,60,3.4168773739294904,3.24687737392949,75.0,2.769760970065865,13,13,0.22359966131588496,2.3944283886018445,42,0.017267625719253266,-0.1527323742807467,50.0,-0.01301745683129,6.0,3.0,-1.0537027195442128,-1.0213838374491901,102,2.017038065842922,1.8470380658429222,64.70588235294117,1.850756248815355,19,16,-1.0537027195442128,1.3651422850856716,,
fpos,60,short,5,3,SHORT: r3y >= 0.3939 AND nifty_1w >= 0.0125 AND r20d >= -0.1768,"[140, 432, 1578]",-1,1.0170499086380005,3.4099817276000977,61,13,13,61,3.4099814915155493,3.2399814915155494,75.40983606557377,2.89106774892505,13,13,0.22359966131588496,2.4051748199960827,41,0.01857027680509554,-0.15142972319490444,51.21951219512195,0.010106155137700001,6.0,3.0,-1.0537027195442128,-1.0487516921338822,102,2.046767179720171,1.876767179720171,65.68627450980392,2.0486450311315303,19,16,-1.0537027195442128,1.3964038275132944,,
fpos,60,short,6,3,SHORT: prev2_sum >= -0.08103 AND iv_vs_realised >= 1.187 AND days_after_quarter_end <= 26,"[706, 1091, 1114]",-1,1.015756268054247,3.1512536108493805,63,11,11,63,3.151253561483687,2.981253561483687,73.01587301587301,2.9042974647033497,11,11,0.026785938542187547,2.2078801758148994,25,-1.1043512577194037,-1.2743512577194038,40.0,-1.35696006074933,7.0,2.0,-6.441836780088293,-2.7374589118604473,88,1.9422749196646272,1.7722749196646272,63.63636363636363,1.8223016136026449,18,13,-6.441836780088293,1.1935416186291479,,
fpos,60,short,7,3,SHORT: r5y >= -0.04204 AND nifty_1w >= 0.0125 AND d1 <= 0.008071,"[160, 432, 1467]",-1,1.0157195311039686,3.143906220793724,61,14,14,61,3.1439062855938733,2.9739062855938734,77.04918032786885,2.9042974647033497,14,14,0.07644346293065526,2.1263982085751714,34,-0.7828583397710356,-0.9528583397710356,44.11764705882353,-0.7832553853590549,6.0,2.0,-2.7846648994028897,-1.952512945360092,95,1.7385378933580113,1.5685378933580112,65.26315789473685,1.4111039567858599,20,16,-2.7846648994028897,1.0273457347554933,,
fpos,60,short,8,3,SHORT: nifty_1w >= 0.0125 AND vs_nifty_1m >= -0.1154 AND cal_days <= 3,"[432, 500, 2289]",-1,1.0157083682715893,3.141673654317856,67,14,14,67,3.1416732933089033,2.9716732933089034,77.61194029850746,2.8694039999788803,14,14,0.49187274811101406,2.2327105975838686,33,0.24280178776976674,0.07280178776976674,54.54545454545454,0.18286692839121998,6.0,3.0,-1.3684491484309014,-1.0113233253496472,100,2.1850456964809886,2.0150456964809886,70.0,2.2471367551618453,20,17,-1.3684491484309014,1.5414791162800223,,
fpos,60,short,9,3,SHORT: nifty_1w >= 0.0125 AND vs_nifty_1m >= -0.1154 AND d1 <= 0.008071,"[432, 500, 1467]",-1,1.0156038533896208,3.120770677924156,67,14,14,67,3.120770561278655,2.950770561278655,74.6268656716418,2.89106774892505,14,14,0.07644346293065526,2.1998652236234375,31,-0.7213206083097912,-0.8913206083097911,45.16129032258064,-0.45502886072664994,6.0,2.0,-3.7184632584719104,-1.9078490009954703,98,1.9054151913067991,1.735415191306799,65.3061224489796,1.481500461869525,20,16,-3.7184632584719104,1.226136612979028,,
fpos,60,short,10,3,SHORT: nifty_1w >= 0.0125 AND vs_nifty_1m >= -0.1003 AND cal_days <= 3,"[432, 502, 2289]",-1,1.0155618926510215,3.112378530204296,61,14,14,61,3.1123782107156748,2.942378210715675,75.40983606557377,2.8694039999788803,14,14,0.20121280893758173,2.103411022359991,29,0.3347053729033036,0.16470537290330364,55.172413793103445,0.18286692839121998,6.0,3.0,-2.44425495567272,-1.1092940121665256,90,2.2173502963094665,2.0473502963094665,68.88888888888889,2.0486450311315303,20,17,-2.44425495567272,1.4999702713688856,,
fpos,60,short,11,3,SHORT: nifty_1w >= 0.0125 AND dist_20h <= -0.02629 AND vol20_60 <= 1.083,"[432, 1939, 2030]",-1,1.0154724912717938,3.0944982543587685,65,14,14,65,3.0944979010530487,2.9244979010530487,73.84615384615385,2.89106774892505,14,14,0.07644346293065526,2.1513051661158578,31,-0.0009088964012076881,-0.17090889640120768,54.83870967741935,0.18286692839121998,6.0,2.0,-3.005863453696625,-1.44937676622935,96,2.0949394560417782,1.924939456041778,67.70833333333334,2.281205171661555,20,16,-3.005863453696625,1.4181333426210334,,
fpos,60,short,12,3,SHORT: nifty_1w >= 0.0125 AND vs_nifty_1m >= -0.1154 AND cal_days <= 2,"[432, 500, 2287]",-1,1.015439623966813,3.0879247933626175,63,14,14,63,3.0879245319070185,2.9179245319070186,79.36507936507937,2.8694039999788803,14,14,0.4340422112251311,2.1697754768009383,28,0.45047420754804346,0.2804742075480434,53.57142857142857,0.64449558082255,6.0,4.0,-1.3684491484309014,-0.9788697610265471,91,2.276401355181181,2.106401355181181,71.42857142857143,2.27444828703993,20,18,-1.3684491484309014,1.6100029705325536,,
fpos,60,short,13,3,SHORT: nifty_1w >= 0.0125 AND r3d <= 0.01535 AND vol20_60 <= 1.083,"[432, 1547, 2030]",-1,1.0154327154159546,3.086543083190918,60,14,14,60,3.0865425254338725,2.9165425254338726,73.33333333333333,2.8976826068142,14,14,0.07644346293065526,2.09243440659521,26,-0.7869776938823869,-0.956977693882387,46.15384615384615,-0.29409633398974,5.0,2.0,-9.5331096025369,-2.0462925410861414,86,1.9154782730824456,1.7454782730824454,65.11627906976744,1.406132871613655,19,16,-9.5331096025369,1.1681786706394384,,
fpos,60,short,14,3,SHORT: r1m >= -0.09424 AND nifty_1w >= 0.0125 AND d1 <= 0.008071,"[34, 432, 1467]",-1,1.015380003489554,3.0760006979107857,66,14,14,66,3.0760006007323675,2.9060006007323675,74.24242424242425,2.8976826068142,14,14,0.6878598377461499,2.136328785365894,29,-0.8092041394788134,-0.9792041394788134,44.827586206896555,-0.45502886072664994,5.0,2.0,-6.848918794643086,-2.2554076240307586,95,1.8899907326679017,1.7199907326679018,65.26315789473685,1.51376480033479,19,16,-6.848918794643086,1.1872126206937106,,
fpos,60,short,15,3,SHORT: nifty_1w >= 0.0125 AND days_after_quarter_end <= 35 AND own_dm1 >= -0.01063,"[432, 1120, 2141]",-1,1.015286285430193,3.0572570860385895,60,12,12,60,3.057257021511112,2.8872570215111115,68.33333333333333,2.50769446973868,12,12,0.027060255123547452,2.024933957984909,23,-2.487514052358904,-2.6575140523589043,34.78260869565217,-1.7673678590349602,5.0,2.0,-5.783466177483387,-4.4563340340183135,83,1.5207541938121918,1.3507541938121919,59.036144578313255,1.5762274777612402,17,14,-5.783466177483387,0.6943403139091695,,
fpos,60,short,16,3,SHORT: nifty_1w >= 0.0125 AND vs_nifty_1m >= -0.1003 AND vol5_60 >= 0.565,"[432, 502, 1993]",-1,1.0150954388082027,3.0190877616405487,60,14,14,60,3.0190874826171488,2.849087482617149,70.0,2.4995914125504353,14,14,0.5215382820807375,1.9398694351088555,29,-0.4472729237759079,-0.6172729237759079,44.827586206896555,-0.71136583825954,6.0,2.0,-1.6738912395327568,-1.824375805870528,89,1.8895992603092993,1.7195992603092993,61.79775280898876,1.5762274777612402,20,16,-1.6738912395327568,1.1157369540653066,,
fpos,60,short,17,3,SHORT: r3y >= 0.3939 AND volume_5d_vs_60d <= 1.747 AND nifty_1w >= 0.0125,"[140, 337, 432]",-1,1.0150196952745318,3.0039390549063683,64,13,13,64,3.003939018199279,2.833939018199279,73.4375,2.769760970065865,13,13,0.07823810102934747,2.0158138322387438,40,-0.4337620826132299,-0.60376208261323,47.5,-0.42226482275618504,6.0,3.0,-4.112772317562025,-1.5961978734387965,104,1.681746287117545,1.5117462871175449,63.46153846153846,1.79697352273145,19,16,-4.112772317562025,1.02608618987431,,
fpos,60,short,18,3,SHORT: nifty_1w >= 0.0125 AND d1 <= 0.008071 AND vol20_60 <= 1.083,"[432, 1467, 2030]",-1,1.0150131294503808,3.0026258900761604,63,14,14,63,3.0026255356559375,2.8326255356559376,73.01587301587301,2.9042974647033497,14,14,0.07644346293065526,2.052702579017728,31,-0.9732865346844058,-1.1432865346844059,45.16129032258064,-0.45502886072664994,6.0,2.0,-9.5331096025369,-2.2082699132113572,94,1.6914204911819946,1.5214204911819944,63.829787234042556,1.406132871613655,20,16,-9.5331096025369,0.9987063708742883,,
fpos,60,short,19,3,SHORT: nifty_1w >= 0.0125 AND gap5 <= 0.02469 AND cal_days <= 3,"[432, 1677, 2289]",-1,1.0149611979722977,2.9922395944595337,61,14,14,61,2.992239643369341,2.822239643369341,77.04918032786885,2.89106774892505,14,14,0.533592476600581,2.053608680774206,33,-0.033104086323580424,-0.2031040863235804,51.515151515151516,0.010106155137700001,6.0,2.0,-4.56870491429847,-1.3337438547268357,94,1.9301508872005497,1.7601508872005498,68.08510638297872,2.33003455884953,20,16,-4.56870491429847,1.275934435987165,,
fpos,60,short,20,3,SHORT: nifty_1w >= 0.0125 AND streak <= 1 AND cal_days <= 3,"[432, 2134, 2289]",-1,1.0149262193590403,2.985243871808052,60,14,14,60,2.985243695174582,2.815243695174582,76.66666666666667,2.880235874451965,14,14,0.5493382368947743,1.9819265917668927,27,-1.0292072234199452,-1.1992072234199453,44.44444444444444,-0.8551449324585699,6.0,2.0,-3.83124879821398,-2.512896245917914,87,1.7393796169900735,1.5693796169900736,66.66666666666666,1.7698993868114898,20,16,-3.83124879821398,0.9904557014004953,,
fpos,60,short,21,3,SHORT: r1m >= -0.09424 AND nifty_1w >= 0.0125 AND cal_days <= 3,"[34, 432, 2289]",-1,1.0148482378572226,2.9696475714445114,68,14,14,68,2.9696476863809873,2.7996476863809874,75.0,2.843293581543955,14,14,0.34377427982524,2.061460144006516,27,0.06665670419814118,-0.1033432958018588,51.85185185185185,0.010106155137700001,6.0,2.0,-2.44425495567272,-1.5579696879470795,95,2.1445870914448104,1.9745870914448107,68.42105263157895,1.82404765865141,20,16,-2.44425495567272,1.463019112064003,,
fpos,60,short,22,3,SHORT: from_52w_high >= -0.3101 AND nifty_1w >= 0.0125 AND nifty_1m >= 0.0163,"[186, 432, 532]",-1,1.014691953547299,2.9383907094597816,62,12,12,62,2.938390763269439,2.768390763269439,74.19354838709677,2.50769446973868,12,12,0.7204231615600786,1.9660415898738601,19,-0.9012040957072022,-1.0712040957072022,42.10526315789473,-1.07390955593585,3.0,1.0,-2.13645488778749,-2.7150037184310465,81,2.037745055608251,1.867745055608251,66.66666666666666,1.7559850232539,15,13,-2.13645488778749,1.2492301684785947,,
fpos,60,short,23,3,SHORT: iv_vs_realised >= 1.187 AND days_after_quarter_end <= 26 AND pre5_vs_own >= -0.1277,"[1091, 1114, 2243]",-1,1.0146334040910006,2.9266808182001114,66,11,11,66,2.9266807336551555,2.7566807336551555,72.72727272727273,2.8976826068142,11,11,0.026785938542187547,2.011295151557904,33,-0.45975186600728757,-0.6297518660072876,42.42424242424242,-1.35696006074933,7.0,3.0,-3.80234430749709,-1.9769210288307137,99,1.7978698671010083,1.6278698671010081,62.62626262626263,1.76713838822599,18,14,-3.80234430749709,1.1290731729652328,,
fpos,60,short,24,3,SHORT: india_vix >= 12.71 AND days_after_quarter_end <= 26 AND d1 <= 0.008071,"[656, 1114, 1467]",-1,1.0146298818290234,2.9259763658046722,63,10,10,63,2.925976403871533,2.755976403871533,74.60317460317461,2.89106774892505,10,10,0.27480071703547754,2.075022726856789,49,0.8521146530567807,0.6821146530567807,51.02040816326531,0.55996148603979,6.0,3.0,-4.083410990231065,-0.49627207577294447,112,2.018661887890079,1.8486618878900791,64.28571428571429,1.8598575567462499,16,13,-4.083410990231065,1.3321436517505074,,
fpos,60,short,25,3,SHORT: r3y >= 0.03297 AND nifty_1w >= 0.0125 AND cal_days <= 3,"[136, 432, 2289]",-1,1.0146159753203392,2.9231950640678406,65,14,14,65,2.9231950187782383,2.7531950187782384,73.84615384615385,2.64845419120668,14,14,0.05962569396436724,1.987998662260641,38,-0.3724442582821969,-0.5424442582821969,47.368421052631575,-0.37406163654436,6.0,2.0,-2.44425495567272,-1.548144487733699,103,1.7073281010277868,1.5373281010277868,64.07766990291263,1.7559850232539,20,16,-2.44425495567272,1.0727248767440305,,
fpos,60,short,26,3,SHORT: nifty_1w >= 0.0125 AND d1 <= 0.008071 AND r20d >= -0.08865,"[432, 1467, 1586]",-1,1.0146045107394457,2.9209021478891373,68,14,14,68,2.9209021391604826,2.7509021391604827,75.0,2.85412545601704,14,14,0.6878598377461499,2.0199628387054873,28,0.24900631656533137,0.07900631656533139,53.57142857142857,0.09648654176446,6.0,3.0,-3.0015810257699354,-1.0300298290444936,96,2.1415991909035634,1.9715991909035633,68.75,1.762942205032695,20,17,-3.0015810257699354,1.4750531395854396,,
fpos,60,short,27,3,SHORT: nifty_1w >= 0.0125 AND vs_nifty_1m <= -0.05964 AND cal_days <= 3,"[432, 513, 2289]",-1,1.014572275802493,2.914455160498619,64,14,14,64,2.914455087658048,2.744455087658048,75.0,2.7328186771578546,14,14,0.2593300165092612,1.940018169637599,36,-0.4901574255308779,-0.6601574255308779,47.22222222222222,-0.37406163654436,6.0,2.0,-2.40175274012903,-1.627328595866569,100,1.6887945829100348,1.5187945829100349,65.0,1.79697352273145,20,16,-2.40175274012903,1.0191095230474396,,
fpos,60,short,28,3,SHORT: r1m >= -0.1129 AND nifty_1w >= 0.0125 AND cal_days <= 3,"[32, 432, 2289]",-1,1.0145626049488783,2.9125209897756577,71,14,14,71,2.912521040860979,2.742521040860979,74.64788732394366,2.81718316310903,14,14,0.49187274811101406,2.041286974236861,33,0.3142416046266409,0.1442416046266409,54.54545454545454,0.18286692839121998,6.0,3.0,-1.0100027136055056,-0.9487826188503372,104,2.0880669889789294,1.9180669889789295,68.26923076923077,2.0486450311315303,20,17,-1.0100027136055056,1.4656051843667872,,
fpos,60,short,29,3,SHORT: r1m >= -0.1129 AND nifty_1w >= 0.0125 AND d1 <= 0.008071,"[32, 432, 1467]",-1,1.0145518137142062,2.9103627428412437,70,14,14,70,2.9103624915191757,2.7403624915191758,72.85714285714285,2.85412545601704,14,14,0.07644346293065526,2.0157752410050094,33,-0.7295552478775436,-0.8995552478775435,45.45454545454545,-0.45502886072664994,6.0,2.0,-3.7184632584719104,-1.9631345922929957,103,1.7441752546250817,1.5741752546250816,64.07766990291263,1.51376480033479,20,16,-3.7184632584719104,1.0913272192384356,,
fpos,60,short,30,3,SHORT: r1m >= -0.09424 AND nifty_1w >= 0.0125 AND cal_days <= 2,"[34, 432, 2287]",-1,1.014529936015606,2.9059872031211853,64,14,14,64,2.905987148943013,2.7359871489430128,76.5625,2.843293581543955,14,14,0.20594996027805848,1.9879815199434752,24,0.6563503840401952,0.4863503840401952,54.166666666666664,0.64449558082255,5.0,3.0,-1.9021447576290824,-1.069613417432678,88,2.292449849424063,2.122449849424063,70.45454545454545,2.075956563009615,19,17,-1.9021447576290824,1.602931552935298,,
worst,15,long,1,3,LONG: sec_rank_1m >= 0.1053 AND gap0 <= 0 AND gap5 <= -0.01189,"[1278, 1613, 1659]",1,0.04386470094323158,6.4261294901371,15,6,6,15,6.4261289591214,6.256128959121401,93.33333333333333,6.752390045958601,6,6,4.38646992342652,3.6018743643488103,21,1.0128400278028225,0.8428400278028224,57.14285714285714,0.39462770271450004,8.0,5.0,-2.7759225753220402,-0.7729377952800988,36,3.2683770825188954,3.0983770825188954,72.22222222222221,2.94239608531664,14,11,-2.7759225753220402,1.7445836866457818,2.2819708812270205,0.6421521581566303
worst,15,long,2,3,LONG: vs_ma50 <= -0.09392 AND vs_ma200 <= -0.1761 AND sec_vs_nifty_1w <= 0.001928,"[241, 263, 1213]",1,0.043047234416007996,7.0539698004722595,15,6,6,15,7.053970349453249,6.88397034945325,86.66666666666667,6.62914666587135,6,6,4.3047232915091405,3.835720297067192,20,0.8800520184454352,0.7100520184454352,55.00000000000001,0.624592548442445,4.0,2.0,-0.50319899030564,-1.8136645297396972,35,3.526017017448784,3.3560170174487842,68.57142857142857,3.01349002753016,10,8,-0.50319899030564,1.7047013371168467,2.479432700298654,0.6883792930775685
worst,15,long,3,3,LONG: r6m <= -0.07506 AND vol60 >= 0.3938 AND nifty_1m >= -0.06018,"[87, 304, 520]",1,0.043047234416007996,5.774551257491112,15,6,6,15,5.774551157645572,5.604551157645572,80.0,4.94808225401763,6,6,4.3047232915091405,1.7664623886591042,34,0.3866766674659414,0.21667666746594147,55.88235294117647,0.50392638712534,8.0,3.0,-3.93022351524797,-1.104511036225699,49,2.0360260011944,1.8660260011943999,63.26530612244898,1.76000433261998,14,9,-3.93022351524797,0.5281148491705343,1.5276614752998403,0.3124916107051952
worst,15,long,4,3,LONG: from_52w_high <= -0.3101 AND vol60 >= 0.3487 AND own_abs3d <= 0.0498,"[187, 302, 2234]",1,0.043047234416007996,5.58692179620266,15,6,6,15,5.58692181171034,5.41692181171034,80.0,4.94808225401763,6,6,4.3047232915091405,2.2791664272443004,26,0.1403390111960077,-0.02966098880399228,57.692307692307686,0.14217182411488,8.0,4.0,-6.861403428050219,-2.133622331218467,41,2.1329912552866173,1.9629912552866173,65.85365853658537,1.76000433261998,14,10,-6.861403428050219,0.3820281748229496,1.54705213957844,-0.004294825153688465
worst,15,long,5,3,LONG: from_52w_high <= -0.3101 AND sec_vs_nifty_1w <= 0.001928 AND own_abs3d <= 0.04365,"[187, 1213, 2232]",1,0.043047234416007996,5.301131308078766,17,6,6,17,5.301131199864064,5.131131199864064,82.35294117647058,4.3047232915091405,6,6,4.3047232915091405,2.387715189112746,19,2.049992189827277,1.879992189827277,68.42105263157895,0.8551449324585699,8.0,6.0,-4.91298748004028,-0.6031521026597574,36,3.5852522779002047,3.415252277900205,75.0,2.88023257084521,14,12,-4.91298748004028,1.858312369574932,2.880241811512892,1.6248511172605309
worst,15,long,6,3,LONG: r6m <= -0.1779 AND vol60 >= 0.3487 AND own_abs3d <= 0.0498,"[83, 302, 2234]",1,0.043047234416007996,5.272700265049934,15,6,6,15,5.272700434329618,5.102700434329618,80.0,4.3047232915091405,6,6,4.3047232915091405,1.6849509725040241,21,0.8384469401161273,0.6684469401161273,61.904761904761905,0.14439687719129,7.0,5.0,-6.35688285438622,-2.3082811554986042,36,2.6860525627050826,2.5160525627050823,69.44444444444444,2.0165621027491603,13,11,-6.35688285438622,0.6770020020033752,1.953946454737388,0.6040306293807655
worst,15,long,7,3,LONG: vs_ma50 <= -0.09392 AND vs_ma200 <= -0.1761 AND sec_vs_nifty_3m <= -0.004511,"[241, 263, 1263]",1,0.043047234416007996,5.2685171365737915,19,6,6,19,5.268517496241172,5.098517496241171,78.94736842105263,4.94808225401763,6,6,4.3047232915091405,2.113018249933334,20,2.4906871652651916,2.3206871652651917,70.0,2.15946272411736,4.0,3.0,-4.475569861427791,-0.37407620320490514,39,3.843989121381694,3.673989121381694,74.35897435897436,4.3047232915091405,10,9,-4.475569861427791,2.2176146851096408,3.267583506822875,2.4002363704180114
worst,15,long,8,3,LONG: vs_ma200 <= -0.1321 AND vol60 >= 0.3487 AND own_abs3d <= 0.0498,"[265, 302, 2234]",1,0.043026603758335114,5.361054465174675,16,6,6,16,5.361054548904922,5.191054548904921,81.25,4.626402772763385,6,6,4.302660418892409,2.2513372617515137,24,0.666622510042652,0.496622510042652,58.333333333333336,0.14217182411488,7.0,3.0,-1.360213062758945,-2.028470736283826,40,2.5443953255875598,2.37439532558756,67.5,2.0165621027491603,13,9,-1.360213062758945,0.7447137950921164,1.9832186871711222,0.4615082381492104
worst,15,long,9,3,LONG: vs_ma200 <= -0.1761 AND sec_vs_nifty_1w <= 0.001928 AND dist_20h <= -0.07962,"[263, 1213, 1929]",1,0.042509984225034714,6.616102904081345,17,6,6,17,6.6161030325384536,6.4461030325384545,88.23529411764706,5.99267579442333,6,6,4.2509983396313,3.7517832735022396,21,1.016156970469159,0.846156970469159,57.14285714285714,0.15270784179211,5.0,3.0,-0.50319899030564,-1.6843387896559432,38,3.5213959982370007,3.3513959982370007,71.05263157894737,2.78252380836496,11,9,-0.50319899030564,1.8649543162364846,2.511193459696197,0.6718232148381427
worst,15,long,10,3,LONG: vs_ma200 <= -0.1761 AND volume_5d_vs_60d >= 0.7926 AND sec_vs_nifty_1w <= 0.006604,"[263, 322, 1215]",1,0.042509984225034714,6.2204185873270035,15,6,6,15,6.22041830447771,6.05041830447771,86.66666666666667,4.94808225401763,6,6,4.2509983396313,3.1416518639888995,22,1.1338829042018688,0.9638829042018687,59.09090909090909,0.262084761992935,5.0,3.0,-5.75659005988231,-1.1682696719154735,37,3.195991850259642,3.025991850259642,70.27027027027027,2.4669229236015,11,9,-5.75659005988231,1.5398675028504691,2.289140084027459,0.9596349720492627
worst,15,long,11,3,LONG: vs_ma200 <= -0.1761 AND season_so_far_3d <= 0.005932 AND sec_vs_nifty_1w <= 0.001928,"[263, 1185, 1213]",1,0.042509984225034714,6.151372566819191,17,6,6,17,6.151372869437119,5.981372869437119,82.35294117647058,4.94808225401763,6,6,4.2509983396313,3.093415542442014,19,0.23029381961835213,0.06029381961835214,52.63157894736842,0.14439687719129,6.0,3.0,-5.75659005988231,-2.748525907217416,36,3.0263589264772137,2.8563589264772133,66.66666666666666,2.5092402564006298,12,9,-5.75659005988231,1.1832053501928272,2.0545330487890854,-0.014322324287919005
worst,15,long,12,3,LONG: vs_ma200 <= -0.1761 AND season_so_far_3d <= 0.003086 AND sec_vs_nifty_1w <= 0.001928,"[263, 1183, 1213]",1,0.042509984225034714,6.151372566819191,17,6,6,17,6.151372869437119,5.981372869437119,82.35294117647058,4.94808225401763,6,6,4.2509983396313,3.093415542442014,16,0.04358735507122638,-0.1264126449287736,50.0,-0.179401056557175,3.0,1.0,-0.50319899030564,-3.2405265375050036,33,3.1900223170172923,3.0200223170172924,66.66666666666666,2.55155758919976,9,7,-0.50319899030564,1.1786136058703065,2.230867760902143,-0.03854236300667377
worst,15,long,13,3,LONG: vs_ma200 <= -0.1761 AND volume_5d_vs_60d >= 0.7926 AND sec_3d <= 0.01678,"[263, 322, 1885]",1,0.042509984225034714,5.964427813887596,19,6,6,19,5.964427435279749,5.794427435279749,84.21052631578947,4.94808225401763,6,6,4.2509983396313,3.3657384222136146,30,1.89455100536531,1.7245510053653101,63.33333333333333,1.16603093397733,5.0,3.0,-5.75659005988231,0.01186456194525154,49,3.472666355740297,3.302666355740297,71.42857142857143,2.6074241987182702,11,9,-5.75659005988231,2.19792317780373,2.6462900637519184,1.6618603592292367
worst,15,long,14,3,LONG: vs_ma200 <= -0.1761 AND volume_5d_vs_60d >= 0.7926 AND sec_3d <= 0.01309,"[263, 322, 1883]",1,0.042509984225034714,5.964427813887596,19,6,6,19,5.964427435279749,5.794427435279749,84.21052631578947,4.94808225401763,6,6,4.2509983396313,3.3657384222136146,28,2.4805368451464944,2.3105368451464945,67.85714285714286,1.49732075364801,4.0,4.0,0.8773226851884033,0.5615267631206013,47,3.888918147540789,3.718918147540789,74.46808510638297,3.01349002753016,10,10,0.8773226851884033,2.603026698250159,3.027376906957161,2.23122543857213
worst,15,long,15,3,LONG: vs_ma200 <= -0.1761 AND nifty_1w <= 0.02281 AND sec_vs_nifty_1w <= 0.001928,"[263, 437, 1213]",1,0.042509984225034714,5.932150036096573,17,6,6,17,5.9321504910824245,5.762150491082425,88.23529411764706,4.94808225401763,6,6,4.2509983396313,3.24640020176038,22,0.22453598598429683,0.054535985984296834,54.54545454545454,0.1485523594917,7.0,4.0,-5.75659005988231,-2.2303031518904697,39,2.712470513847583,2.5424705138475825,69.23076923076923,2.4669229236015,13,10,-5.75659005988231,1.11272317979543,1.8303994191489796,0.013276588974335481
worst,15,long,16,3,LONG: vs_ma200 <= -0.1761 AND nifty_1w <= 0.01857 AND sec_vs_nifty_1w <= 0.001928,"[263, 435, 1213]",1,0.042509984225034714,5.932150036096573,17,6,6,17,5.9321504910824245,5.762150491082425,88.23529411764706,4.94808225401763,6,6,4.2509983396313,3.24640020176038,22,0.22453598598429683,0.054535985984296834,54.54545454545454,0.1485523594917,7.0,4.0,-5.75659005988231,-2.2303031518904697,39,2.712470513847583,2.5424705138475825,69.23076923076923,2.4669229236015,13,10,-5.75659005988231,1.11272317979543,1.8303994191489796,0.013276588974335481
worst,15,long,17,3,LONG: from_52w_high <= -0.3593 AND volume_5d_vs_60d >= 0.7926 AND pe <= 67.39,"[185, 322, 906]",1,0.042509984225034714,5.814452841877937,16,6,6,16,5.814453082479141,5.644453082479141,93.75,4.626402772763385,6,6,4.2509983396313,3.215851174488576,20,1.8738445060320137,1.7038445060320138,65.0,1.078509269373265,6.0,3.0,-4.57972567648331,-0.45736091111210336,36,3.625226095564069,3.4552260955640692,77.77777777777779,2.745883402997355,12,9,-4.57972567648331,1.9952292891509107,2.976431499898809,1.8087997291499565
worst,15,long,18,3,LONG: from_52w_high <= -0.3593 AND volume_5d_vs_60d >= 0.7926 AND pe <= 86.1,"[185, 322, 908]",1,0.042509984225034714,5.814452841877937,16,6,6,16,5.814453082479141,5.644453082479141,93.75,4.626402772763385,6,6,4.2509983396313,3.215851174488576,25,2.664638645196669,2.494638645196669,68.0,2.46129248221959,6.0,4.0,-0.28800412042373,0.47978783281019244,41,3.893834523160561,3.7238345231605607,78.04878048780488,2.88434260727644,12,10,-0.28800412042373,2.422115477451669,3.1765420059269425,2.3705073131858674
worst,15,long,19,3,LONG: from_52w_high <= -0.3593 AND volume_5d_vs_60d >= 0.7926 AND pe <= 102.9,"[185, 322, 910]",1,0.042509984225034714,5.814452841877937,16,6,6,16,5.814453082479141,5.644453082479141,93.75,4.626402772763385,6,6,4.2509983396313,3.215851174488576,25,2.664638645196669,2.494638645196669,68.0,2.46129248221959,6.0,4.0,-0.28800412042373,0.47978783281019244,41,3.893834523160561,3.7238345231605607,78.04878048780488,2.88434260727644,12,10,-0.28800412042373,2.422115477451669,3.1765420059269425,2.3705073131858674
worst,15,long,20,3,LONG: r6m <= -0.2265 AND season_so_far_3d <= 0.003086 AND sec_vs_nifty_1w <= 0.001928,"[81, 1183, 1213]",1,0.042509984225034714,5.575656518340111,15,6,6,15,5.575656327674601,5.4056563276746,80.0,4.33888543831517,6,6,4.2509983396313,1.9091060622125413,15,0.9682366023989641,0.7982366023989641,60.0,0.14439687719129,3.0,2.0,-0.3154962857550485,-2.18196405577102,30,3.2719464650367827,3.1019464650367827,70.0,2.5092402564006298,9,8,-0.3154962857550485,1.0355535381560559,2.435848062982281,0.8806315697825374
worst,15,long,21,3,LONG: r6m <= -0.2265 AND season_so_far_3d <= 0.005932 AND sec_vs_nifty_1w <= 0.001928,"[81, 1185, 1213]",1,0.042509984225034714,5.575656518340111,15,6,6,15,5.575656327674601,5.4056563276746,80.0,4.33888543831517,6,6,4.2509983396313,1.9091060622125413,18,1.0112074404218625,0.8412074404218625,61.111111111111114,0.257929279692525,6.0,4.0,-5.75659005988231,-1.8964008727845378,33,3.0859569346276516,2.9159569346276517,69.6969696969697,2.4669229236015,12,10,-5.75659005988231,1.0559651194825164,2.224848349578932,0.753001510743021
worst,15,long,22,3,LONG: vs_ma200 <= -0.1761 AND volume_5d_vs_60d >= 0.7926 AND days_since_dividend >= 87,"[263, 322, 1035]",1,0.042509984225034714,5.538750439882278,19,6,6,19,5.538750026572207,5.368750026572207,84.21052631578947,4.3047232915091405,6,6,4.2509983396313,2.7880333675390925,31,2.5306408291261593,2.3606408291261594,67.74193548387096,1.22727364826106,5.0,3.0,-3.02229709015302,0.5560842092615716,50,3.673722324155657,3.503722324155657,74.0,2.579490893959015,11,9,-3.02229709015302,2.4271967760957045,3.0024028940403453,2.5288907458223755
worst,15,long,23,3,LONG: vs_ma200 <= -0.1761 AND volume_5d_vs_60d >= 0.7926 AND days_since_dividend >= 76,"[263, 322, 1033]",1,0.042509984225034714,5.538750439882278,19,6,6,19,5.538750026572207,5.368750026572207,84.21052631578947,4.3047232915091405,6,6,4.2509983396313,2.7880333675390925,35,2.7359399674013654,2.5659399674013654,68.57142857142857,1.3018736062879601,5.0,3.0,-3.02229709015302,1.058874086564591,54,3.722113877109625,3.5521138771096252,74.07407407407408,2.8104571131242153,11,9,-3.02229709015302,2.582283430213135,3.0378124885481155,2.637638365716418
worst,15,long,24,3,LONG: vs_ma200 <= -0.1761 AND volume_5d_vs_60d >= 0.7926 AND vs_nifty_3m <= -0.1231,"[263, 322, 607]",1,0.042509984225034714,5.4341159760952,15,6,6,15,5.434116035306926,5.264116035306926,86.66666666666667,4.94808225401763,6,6,4.2509983396313,2.7572745187437055,35,2.9259175415569496,2.7559175415569492,68.57142857142857,2.46129248221959,4.0,3.0,-0.21171113076764386,1.2805145897461057,50,3.6783770896819417,3.5083770896819417,74.0,3.508047188393905,10,9,-0.21171113076764386,2.4505253881700924,3.0683677003118324,2.8085795481571054
worst,15,long,25,3,LONG: from_52w_high <= -0.3101 AND sec_vs_nifty_1w <= 0.001928 AND dist_20h <= -0.07962,"[187, 1213, 1929]",1,0.042509984225034714,5.128473788499832,21,6,6,21,5.128474151293232,4.958474151293232,80.95238095238095,4.3047232915091405,6,6,4.2509983396313,2.7076713169180295,22,0.8139536072884648,0.6439536072884647,59.09090909090909,0.1485523594917,6.0,4.0,-1.1593751974608202,-1.7871610384706589,43,2.921045035755909,2.751045035755909,69.76744186046511,2.93469916517588,12,10,-1.1593751974608202,1.4248299471031478,2.2664375185314087,0.48527138600431313
worst,15,long,26,3,LONG: vs_ma200 <= -0.1761 AND volume_5d_vs_60d >= 0.7926 AND fin_type == Company,"[263, 322, 2292]",1,0.042509984225034714,4.902862384915352,19,6,6,19,4.902862318984744,4.732862318984744,84.21052631578947,4.3047232915091405,6,6,4.2509983396313,2.233187723816678,36,2.5860366513273303,2.41603665132733,63.888888888888886,1.53462073266146,5.0,3.0,-3.02229709015302,0.9388917156668971,55,3.3863946092453454,3.2163946092453455,70.9090909090909,2.6074241987182702,11,9,-3.02229709015302,2.2521298298410217,2.9006719277474105,2.478577111721912
worst,15,long,27,3,LONG: vs_ma200 <= -0.1761 AND volume_5d_vs_60d >= 0.7926 AND prev_sales_yoy >= -0.04686,"[263, 322, 831]",1,0.042509984225034714,4.863443225622177,18,6,6,18,4.86344346301831,4.69344346301831,88.88888888888889,4.2509983396313,6,6,4.2509983396313,2.3727394616391093,35,2.291942668493768,2.121942668493768,65.71428571428571,1.3018736062879601,5.0,3.0,-3.02229709015302,0.6982261938424105,53,3.1652825609738,2.9952825609738,73.58490566037736,2.55155758919976,11,9,-3.02229709015302,2.0282076184853466,2.699334438652649,2.272896875775759
worst,15,long,28,3,LONG: r6m <= -0.07506 AND vol60 >= 0.3487 AND vs_nifty_1m <= -0.127,"[87, 302, 499]",1,0.04205146059393883,6.1383794993162155,15,7,7,15,6.138379832273775,5.968379832273775,80.0,5.20331118492634,7,7,4.205145977242115,2.1611482788819014,17,2.692263356429946,2.5222633564299457,76.47058823529412,1.3018736062879601,7.0,6.0,-0.80251065395058,0.23412361474240162,32,4.307630454481741,4.137630454481741,78.125,3.1351896946663302,14,13,-0.80251065395058,2.233545339734367,4.01140868614096,2.9474833857500706
worst,15,long,29,3,LONG: from_52w_high <= -0.3593 AND volume_5d_vs_60d >= 0.7926 AND prev_pat_yoy >= -0.829,"[185, 322, 803]",1,0.04197273403406143,5.329500138759613,16,6,6,16,5.3295002878259945,5.159500287825995,87.5,4.572677820885545,6,6,4.19727338775346,2.510465291356725,25,2.664638645196669,2.494638645196669,68.0,2.46129248221959,6.0,4.0,-0.28800412042373,0.47978783281019244,41,3.7045846520764063,3.5345846520764064,75.60975609756098,2.6074241987182702,12,10,-0.28800412042373,2.2065809020502702,3.018845946884404,2.3705073131858674
worst,15,long,30,3,LONG: from_52w_high <= -0.3593 AND volume_5d_vs_60d >= 0.7926 AND prev_net_margin >= -0.01231,"[185, 322, 859]",1,0.04197273403406143,5.1886290311813354,17,6,6,17,5.188629633552458,5.018629633552458,88.23529411764706,4.19727338775346,6,6,4.19727338775346,2.5458181141749874,26,2.5677062695041553,2.3977062695041553,69.23076923076923,1.8815830442537749,6.0,4.0,-0.28800412042373,0.463816834923578,43,3.603885273895344,3.4338852738953443,76.74418604651163,2.6074241987182702,12,10,-0.28800412042373,2.171473908320444,2.9500413922006454,2.2848876810322296
worst,15,short,1,3,SHORT: vs_nifty_1w >= -0.02733 AND iv_t5 >= 0.3574 AND own_dm1 >= 0.01151,"[400, 1065, 2161]",-1,0.04225531220436096,5.727181956171989,15,6,6,15,5.727181609846113,5.557181609846113,86.66666666666667,6.02185549414595,6,6,4.22553111370379,3.444695744585682,9,-1.407144272924261,-1.5771442729242606,33.33333333333333,-2.02388394073157,4.0,2.0,-6.768175319277442,-7.892760846380717,24,3.0518094038072237,2.8818094038072237,66.66666666666666,3.9688752555745,10,8,-6.768175319277442,0.8683896781273462,,
worst,15,short,2,3,SHORT: nifty_1w >= 0.0242 AND r10d <= -0.01166 AND own_dp1 <= 0.01819,"[438, 1569, 2212]",-1,0.03850940614938736,4.81436587870121,17,7,7,17,4.8143658684089905,4.644365868408991,94.11764705882352,5.01953855647242,7,7,3.850940450933265,3.4640251718858033,8,-3.6335186554385057,-3.8035186554385056,25.0,-2.0928238489361197,3.0,1.0,-6.640889719725094,-9.040075564998878,25,2.111042820777792,1.9410428207777917,72.0,3.5011954426058796,10,8,-6.640889719725094,0.6250076409560797,,
worst,15,short,3,3,SHORT: nifty_1w >= 0.0242 AND r10d <= -0.01166 AND own_dp1 <= 0.03448,"[438, 1569, 2216]",-1,0.03850940614938736,4.81436587870121,17,7,7,17,4.8143658684089905,4.644365868408991,94.11764705882352,5.01953855647242,7,7,3.850940450933265,3.4640251718858033,9,-3.5916709561456157,-3.7616709561456156,22.22222222222222,-2.44391952359548,3.0,0.0,-6.640889719725094,-7.594279014199783,26,1.90458389067855,1.73458389067855,69.23076923076923,2.9669155535884095,10,7,-6.640889719725094,0.44015540272948045,,
worst,15,short,4,3,SHORT: nifty_1w >= 0.0242 AND r10d <= -0.01166 AND own_dp1 <= 0.02302,"[438, 1569, 2214]",-1,0.03850940614938736,4.81436587870121,17,7,7,17,4.8143658684089905,4.644365868408991,94.11764705882352,5.01953855647242,7,7,3.850940450933265,3.4640251718858033,8,-3.6335186554385057,-3.8035186554385056,25.0,-2.0928238489361197,3.0,1.0,-6.640889719725094,-9.040075564998878,25,2.111042820777792,1.9410428207777917,72.0,3.5011954426058796,10,8,-6.640889719725094,0.6250076409560797,,
worst,15,short,5,3,SHORT: nifty_1w >= 0.0242 AND r10d <= -0.01166 AND own_dp1 <= 0.01358,"[438, 1569, 2210]",-1,0.03850940614938736,4.71251867711544,16,7,7,16,4.712518582697981,4.542518582697981,93.75,4.45123880250023,7,7,3.850940450933265,3.2367165041289003,7,-4.050881005602799,-4.2208810056027986,28.57142857142857,-2.44391952359548,3.0,1.0,-6.640889719725094,-10.82123079742527,23,2.045396968867308,1.875396968867308,73.91304347826086,3.5011954426058796,10,8,-6.640889719725094,0.4026508058999058,,
worst,15,short,6,3,SHORT: nifty_1w >= 0.02281 AND past_avg_3d <= 0.02151 AND r10d <= -0.02216,"[436, 749, 1567]",-1,0.03811909258365631,4.929720610380173,15,6,6,15,4.929720551335772,4.759720551335772,93.33333333333333,4.1899703376071695,6,6,3.811909009340065,2.988727307171991,7,-3.9037744384616118,-4.073774438461611,28.57142857142857,-2.44391952359548,3.0,1.0,-6.640889719725094,-10.82123079742527,22,2.119063054582059,1.9490630545820589,72.72727272727273,2.9571631870425303,9,7,-6.640889719725094,0.15063835308756654,,
worst,15,short,7,3,SHORT: nifty_1w >= 0.02281 AND past_avg_3d <= 0.01749 AND r10d <= -0.02216,"[436, 747, 1567]",-1,0.03811909258365631,4.929720610380173,15,6,6,15,4.929720551335772,4.759720551335772,93.33333333333333,4.1899703376071695,6,6,3.811909009340065,2.988727307171991,6,-4.435739810823807,-4.605739810823807,33.33333333333333,-3.960842311870785,3.0,1.0,-6.640889719725094,-11.014376310509261,21,2.253874733575892,2.0838747335758923,76.19047619047619,3.52128683653204,9,7,-6.640889719725094,0.20455213792356686,,
worst,15,short,8,3,SHORT: nifty_1w >= 0.02281 AND past_avg_3d <= 0.03103 AND r10d <= -0.02216,"[436, 751, 1567]",-1,0.03811909258365631,4.929720610380173,15,6,6,15,4.929720551335772,4.759720551335772,93.33333333333333,4.1899703376071695,6,6,3.811909009340065,2.988727307171991,7,-3.9037744384616118,-4.073774438461611,28.57142857142857,-2.44391952359548,3.0,1.0,-6.640889719725094,-10.82123079742527,22,2.119063054582059,1.9490630545820589,72.72727272727273,2.9571631870425303,9,7,-6.640889719725094,0.15063835308756654,,
worst,15,short,9,3,SHORT: vs_ma50 <= 0.008463 AND nifty_1w >= 0.0242 AND own_rd <= 0.001878,"[257, 438, 2180]",-1,0.037828270345926285,4.868807271122932,16,6,6,16,4.868806816236422,4.698806816236422,87.5,5.52140071841812,6,6,3.7828268541313625,3.3995754637020545,9,-1.6692821439157532,-1.8392821439157534,33.33333333333333,-1.74172817427676,6.0,3.0,-5.846508688345705,-4.03913738592706,25,2.5150947905816388,2.345094790581639,68.0,2.8694039999788803,12,9,-5.846508688345705,1.1185895402740418,,
worst,15,short,10,3,SHORT: sector_1w >= 0.00932 AND sec_rank_3m >= 0.5263 AND own_dm1 >= 0.005659,"[354, 1310, 2155]",-1,0.03775366395711899,5.349228531122208,15,6,6,15,5.3492281655569105,5.179228165556911,86.66666666666667,4.60576456029864,6,6,3.7753665175965097,2.8522267062317774,6,-2.3586916665291917,-2.5286916665291916,33.33333333333333,-2.57089343527288,5.0,2.0,-5.65534915126669,-5.71274984368925,21,3.146965356389453,2.976965356389453,71.42857142857143,2.43263566457094,11,8,-5.65534915126669,0.8981323164464143,,
worst,15,short,11,3,SHORT: r1w <= -0.002654 AND nifty_1w >= 0.01857 AND nifty_1m >= 0.0296,"[17, 434, 534]",-1,0.03766059875488281,4.455388709902763,16,6,6,16,4.455388225370563,4.285388225370563,93.75,4.40474433577637,6,6,3.7660596481136337,3.0245980296206727,3,0.23635674978270327,0.06635674978270327,66.66666666666666,0.5566678160962499,1.0,1.0,0.23635674978270327,,19,3.789225360804059,3.619225360804059,89.47368421052632,3.8189418533384902,7,7,0.23635674978270327,2.427117755369679,,
worst,15,short,12,3,SHORT: r1m <= 0.0001261 AND nifty_1w >= 0.0242 AND own_rd <= 0.001878,"[51, 438, 2180]",-1,0.037494562566280365,4.934531822800636,15,6,6,15,4.934531334083648,4.764531334083648,86.66666666666667,5.7962110931121105,6,6,3.7494561226658036,3.3512391052194563,12,-1.4620277753907471,-1.6320277753907468,33.33333333333333,-1.5087559027139201,6.0,3.0,-2.997873623263432,-3.0566254631744205,27,2.0916161743172497,1.9216161743172497,62.96296296296296,2.3930395375530202,12,9,-2.997873623263432,0.7258208067048004,,
worst,15,short,13,3,SHORT: r5y >= 0.09833 AND nifty_1w >= 0.01857 AND sec_3d <= -0.002465,"[162, 434, 1877]",-1,0.037325698882341385,4.662423953413963,15,6,6,15,4.662423763562121,4.492423763562121,93.33333333333333,4.9265496230247,6,6,3.73256990656511,3.143464188567729,2,-3.344436896648145,-3.5144368966481454,0.0,-3.344436896648145,2.0,0.0,-5.07137683973666,,17,3.7204401564785607,3.5504401564785604,82.35294117647058,4.1899703376071695,8,6,-5.07137683973666,2.0621473410317495,,
worst,15,short,14,3,SHORT: r5y >= 0.3725 AND nifty_1w >= 0.01857 AND sec_3d <= -0.002465,"[164, 434, 1877]",-1,0.037325698882341385,4.662423953413963,15,6,6,15,4.662423763562121,4.492423763562121,93.33333333333333,4.9265496230247,6,6,3.73256990656511,3.143464188567729,2,-3.344436896648145,-3.5144368966481454,0.0,-3.344436896648145,2.0,0.0,-5.07137683973666,,17,3.7204401564785607,3.5504401564785604,82.35294117647058,4.1899703376071695,8,6,-5.07137683973666,2.0621473410317495,,
worst,15,short,15,3,SHORT: india_vix >= 11.76 AND sec_3d >= 0.01309 AND own_rd <= -0.005896,"[652, 1882, 2174]",-1,0.03705862909555435,5.280274525284767,15,7,7,15,5.280274001558265,5.110274001558265,93.33333333333333,4.22553111370379,7,7,3.70586274850514,3.153852663348452,13,-3.0117154994971522,-3.181715499497152,30.76923076923077,-3.30324948847253,6.0,0.0,-5.5979484588441295,-6.374218674364679,28,1.4304217332111069,1.260421733211107,64.28571428571429,2.94502590841063,13,7,-5.5979484588441295,-0.3310336895642804,,
worst,15,short,16,3,SHORT: india_vix >= 12.62 AND sec_3d >= 0.01309 AND own_rd <= -0.005896,"[654, 1882, 2174]",-1,0.03705862909555435,5.280274525284767,15,7,7,15,5.280274001558265,5.110274001558265,93.33333333333333,4.22553111370379,7,7,3.70586274850514,3.153852663348452,11,-1.845613463506267,-2.0156134635062672,36.36363636363637,-1.74172817427676,5.0,1.0,-5.402948233273095,-5.357199333337234,26,2.2654754586463475,2.0954754586463475,69.23076923076923,3.2504416621395853,12,8,-5.402948233273095,0.5350846921388372,,
worst,15,short,17,3,SHORT: india_vix >= 12.71 AND sec_3d >= 0.01309 AND own_rd <= -0.005896,"[656, 1882, 2174]",-1,0.03705862909555435,5.280274525284767,15,7,7,15,5.280274001558265,5.110274001558265,93.33333333333333,4.22553111370379,7,7,3.70586274850514,3.153852663348452,11,-1.845613463506267,-2.0156134635062672,36.36363636363637,-1.74172817427676,5.0,1.0,-5.402948233273095,-5.357199333337234,26,2.2654754586463475,2.0954754586463475,69.23076923076923,3.2504416621395853,12,8,-5.402948233273095,0.5350846921388372,,
worst,15,short,18,3,SHORT: log_mcap <= 11 AND sec_rank_1m >= 0.2632 AND nifty_3d >= 0.01557,"[1014, 1282, 1754]",-1,0.036395616829395294,4.169107228517532,15,7,7,15,4.16910703189151,3.99910703189151,86.66666666666667,4.20203082794135,7,7,3.639561650869743,1.9439243203103078,2,-6.64437300242509,-6.814373002425089,0.0,-6.64437300242509,1.0,0.0,-6.64437300242509,,17,2.8969329102072043,2.7269329102072044,76.47058823529412,4.0143556856422,8,7,-6.64437300242509,0.5125414331877419,,
worst,15,short,19,3,SHORT: nifty_1w >= 0.0242 AND own_rd <= -0.0008572 AND own_dp1 >= -0.0328,"[438, 2178, 2191]",-1,0.03628743439912796,5.320360511541367,15,7,7,15,5.320360148383178,5.150360148383178,93.33333333333333,5.7962110931121105,7,7,3.6287433190162024,3.9299823266687524,11,-1.5805813824820985,-1.7505813824820984,27.27272727272727,-1.27578363115108,6.0,2.0,-2.540572066262654,-3.15874311977091,26,2.4007310391709455,2.230731039170945,65.38461538461539,2.4878964062297197,13,9,-2.540572066262654,1.0434965742564017,,
worst,15,short,20,3,SHORT: nifty_1w >= 0.0242 AND own_rd <= -0.0008572 AND own_dp1 >= -0.02412,"[438, 2178, 2193]",-1,0.03628743439912796,5.320360511541367,15,7,7,15,5.320360148383178,5.150360148383178,93.33333333333333,5.7962110931121105,7,7,3.6287433190162024,3.9299823266687524,11,-1.5805813824820985,-1.7505813824820984,27.27272727272727,-1.27578363115108,6.0,2.0,-2.540572066262654,-3.15874311977091,26,2.4007310391709455,2.230731039170945,65.38461538461539,2.4878964062297197,13,9,-2.540572066262654,1.0434965742564017,,
worst,15,short,21,3,SHORT: r1y >= -0.3269 AND nifty_1w >= 0.0242 AND own_rd <= -0.0008572,"[104, 438, 2178]",-1,0.03628743439912796,5.3091708570718765,15,7,7,15,5.3091704655507295,5.139170465550729,93.33333333333333,5.7962110931121105,7,7,3.6287433190162024,3.913197802420079,10,-1.7569262135694301,-1.9269262135694303,20.0,-1.5087559027139201,5.0,1.0,-2.540572066262654,-3.535335017494876,25,2.482731793902665,2.3127317939026653,64.0,2.58275327490642,12,8,-2.540572066262654,1.0781357944253247,,
worst,15,short,22,3,SHORT: r1y >= -0.2465 AND nifty_1w >= 0.0242 AND own_rd <= -0.0008572,"[106, 438, 2178]",-1,0.03628743439912796,5.3091708570718765,15,7,7,15,5.3091704655507295,5.139170465550729,93.33333333333333,5.7962110931121105,7,7,3.6287433190162024,3.913197802420079,10,-1.7569262135694301,-1.9269262135694303,20.0,-1.5087559027139201,5.0,1.0,-2.540572066262654,-3.535335017494876,25,2.482731793902665,2.3127317939026653,64.0,2.58275327490642,12,8,-2.540572066262654,1.0781357944253247,,
worst,15,short,23,3,SHORT: r3y >= -0.07115 AND nifty_1w >= 0.0242 AND own_rd <= -0.0008572,"[134, 438, 2178]",-1,0.03628743439912796,5.205340310931206,15,7,7,15,5.205339914570371,5.035339914570371,93.33333333333333,5.7962110931121105,7,7,3.6287433190162024,3.757451975949543,10,-1.190863010715699,-1.360863010715699,30.0,-1.065464281804825,6.0,2.0,-2.22231689308486,-2.6949387236958744,25,2.6468587444559435,2.4768587444559436,68.0,2.58275327490642,13,9,-2.22231689308486,1.2832944826169221,,
worst,15,short,24,3,SHORT: nifty_1w >= 0.0242 AND dist_20h <= -0.02629 AND own_rd <= -0.0008572,"[438, 1939, 2178]",-1,0.03628743439912796,5.196140706539154,15,6,6,15,5.19614008328988,5.02614008328988,93.33333333333333,5.7962110931121105,6,6,3.6287433190162024,3.7436522290288052,9,-1.6058569417731867,-1.7758569417731869,33.33333333333333,-1.27578363115108,5.0,2.0,-2.997873623263432,-3.86358954859738,24,2.6453911988912298,2.47539119889123,70.83333333333334,3.05202005571923,11,8,-2.997873623263432,1.2096742007541776,,
worst,15,short,25,3,SHORT: nifty_1w >= 0.0242 AND dist_20h <= -0.02629 AND own_rd <= -0.003323,"[438, 1939, 2176]",-1,0.03628743439912796,5.196140706539154,15,6,6,15,5.19614008328988,5.02614008328988,93.33333333333333,5.7962110931121105,6,6,3.6287433190162024,3.7436522290288052,5,-1.3313715232057841,-1.501371523205784,40.0,-1.27578363115108,4.0,2.0,-6.21525227654532,,20,3.5642621816659643,3.3942621816659644,80.0,3.7860355637734044,10,8,-6.21525227654532,2.051977644950609,,
worst,15,short,26,3,SHORT: r3y >= 0.03297 AND nifty_1w >= 0.02281 AND own_rd <= -0.003323,"[136, 436, 2176]",-1,0.03628743439912796,4.84972782433033,16,6,6,16,4.849727518788678,4.679727518788678,93.75,4.9930907153596396,6,6,3.6287433190162024,3.3718237583235173,6,-1.47986241818563,-1.6498624181856298,33.33333333333333,-1.5087559027139201,5.0,2.0,-6.21525227654532,-6.21525227654532,22,3.123475717795685,2.9534757177956847,77.27272727272727,3.29979370404645,11,8,-6.21525227654532,1.6594639313202895,,
worst,15,short,27,3,SHORT: nifty_1w >= 0.0242 AND dist_20h <= -0.02629 AND own_rd <= 0.001878,"[438, 1939, 2180]",-1,0.03628743439912796,4.830286279320717,16,6,6,16,4.830285932457633,4.660285932457633,87.5,5.52140071841812,6,6,3.6287433190162024,3.3435450872965427,11,-1.3929105828731003,-1.5629105828731,36.36363636363637,-1.27578363115108,6.0,3.0,-2.997873623263432,-3.19567689152268,27,2.294909574359926,2.124909574359926,66.66666666666666,2.3930395375530202,12,9,-2.997873623263432,0.9753172522117217,,
worst,15,short,28,3,SHORT: r3y >= -0.07115 AND nifty_1w >= 0.02281 AND own_rd <= -0.003323,"[134, 436, 2176]",-1,0.03628743439912796,4.771583899855614,17,6,6,17,4.771583949244169,4.601583949244169,94.11764705882352,4.1899703376071695,6,6,3.6287433190162024,3.384279014840894,6,-1.47986241818563,-1.6498624181856298,33.33333333333333,-1.5087559027139201,5.0,2.0,-6.21525227654532,-6.21525227654532,23,3.140771853392917,2.9707718533929173,78.26086956521739,3.52128683653204,11,8,-6.21525227654532,1.7628985371653867,,
worst,15,short,29,3,SHORT: r3y >= 0.5993 AND nifty_1w >= 0.0242 AND exn_10d <= -0.02972,"[142, 438, 1827]",-1,0.036127131432294846,4.415140300989151,16,6,6,16,4.415140635891833,4.245140635891833,93.75,4.45123880250023,6,6,3.612713449521523,2.7934280799736877,4,-1.7214673108946226,-1.8914673108946227,25.0,-2.0928238489361197,3.0,1.0,-2.4993087680396298,,20,3.1878190465345417,3.0178190465345414,80.0,3.5951637608123246,9,7,-2.4993087680396298,1.589455975742139,,
worst,15,short,30,3,SHORT: nifty_1w >= 0.02281 AND past_avg_3d <= 0.01749 AND r10d <= -0.01166,"[436, 747, 1569]",-1,0.03588773310184479,4.2384471744298935,18,6,6,18,4.238446714291384,4.068446714291384,88.88888888888889,4.036454693067605,6,6,3.588773526863847,2.357075371308748,7,-4.050881005602799,-4.2208810056027986,28.57142857142857,-2.44391952359548,3.0,1.0,-6.640889719725094,-10.82123079742527,25,1.917434952721013,1.747434952721013,72.0,3.5011954426058796,9,7,-6.640889719725094,0.1142906393897064,,
worst,30,long,1,3,LONG: vs_ma200 <= -0.1761 AND season_so_far_3d <= 0.01334 AND own_rd >= -0.02203,"[263, 1193, 2165]",1,0.03580750524997711,4.671347513794899,30,6,6,30,4.671347461090669,4.501347461090669,80.0,4.2509983396313,6,6,3.580750404633717,2.7848338761281806,39,1.6033532106592616,1.4333532106592617,61.53846153846154,1.1047882196936,8.0,4.0,-6.35688285438622,0.0005989900462790479,69,2.9372637543250915,2.767263754325091,69.56521739130434,2.4669229236015,14,10,-6.35688285438622,1.983755763330515,2.552810123201502,1.5737595485548797
worst,30,long,2,3,LONG: vs_ma200 <= -0.1761 AND season_so_far_3d <= 0.0164 AND own_rd >= -0.02203,"[263, 1195, 2165]",1,0.03580750524997711,4.671347513794899,30,6,6,30,4.671347461090669,4.501347461090669,80.0,4.2509983396313,6,6,3.580750404633717,2.7848338761281806,41,1.4954106535697032,1.3254106535697032,60.97560975609756,0.37146168219376,8.0,4.0,-6.35688285438622,-0.033293687716107426,71,2.8373557835081398,2.66735578350814,69.01408450704226,2.46129248221959,14,10,-6.35688285438622,1.9051731883909029,2.4637318321345103,1.467260584738706
worst,30,long,3,3,LONG: vs_ma200 <= -0.1761 AND season_so_far_3d <= 0.01131 AND own_rd >= -0.02203,"[263, 1191, 2165]",1,0.03580750524997711,4.671347513794899,30,6,6,30,4.671347461090669,4.501347461090669,80.0,4.2509983396313,6,6,3.580750404633717,2.7848338761281806,39,1.6033532106592616,1.4333532106592617,61.53846153846154,1.1047882196936,8.0,4.0,-6.35688285438622,0.0005989900462790479,69,2.9372637543250915,2.767263754325091,69.56521739130434,2.4669229236015,14,10,-6.35688285438622,1.983755763330515,2.552810123201502,1.5737595485548797
worst,30,long,4,3,LONG: vs_ma200 <= -0.1761 AND days_after_quarter_end >= 18 AND own_rd >= -0.02203,"[263, 1105, 2165]",1,0.03580750524997711,4.671347513794899,30,6,6,30,4.671347461090669,4.501347461090669,80.0,4.2509983396313,6,6,3.580750404633717,2.7848338761281806,44,2.0007499504600488,1.8307499504600488,63.63636363636363,1.20333091299078,8.0,4.0,-6.35688285438622,0.616444142516207,74,3.0834246169319215,2.9134246169319216,70.27027027027027,2.579490893959015,14,10,-6.35688285438622,2.209602774749041,2.675924362895696,1.8920710624322299
worst,30,long,5,3,LONG: vs_ma200 <= -0.1761 AND days_after_quarter_end >= 20 AND own_rd >= -0.02203,"[263, 1107, 2165]",1,0.03580750524997711,4.671347513794899,30,6,6,30,4.671347461090669,4.501347461090669,80.0,4.2509983396313,6,6,3.580750404633717,2.7848338761281806,44,2.0007499504600488,1.8307499504600488,63.63636363636363,1.20333091299078,8.0,4.0,-6.35688285438622,0.616444142516207,74,3.0834246169319215,2.9134246169319216,70.27027027027027,2.579490893959015,14,10,-6.35688285438622,2.209602774749041,2.675924362895696,1.8920710624322299
worst,30,long,6,3,LONG: vs_ma200 <= -0.1761 AND days_after_quarter_end >= 21 AND own_rd >= -0.02203,"[263, 1109, 2165]",1,0.03580750524997711,4.671347513794899,30,6,6,30,4.671347461090669,4.501347461090669,80.0,4.2509983396313,6,6,3.580750404633717,2.7848338761281806,44,2.0007499504600488,1.8307499504600488,63.63636363636363,1.20333091299078,8.0,4.0,-6.35688285438622,0.616444142516207,74,3.0834246169319215,2.9134246169319216,70.27027027027027,2.579490893959015,14,10,-6.35688285438622,2.209602774749041,2.675924362895696,1.8920710624322299
worst,30,long,7,3,LONG: from_52w_high <= -0.3101 AND sec_vs_nifty_3m <= -0.004511 AND own_abs3d <= 0.07585,"[187, 1263, 2242]",1,0.03535543382167816,4.385406523942947,32,6,6,32,4.385406719262612,4.215406719262612,78.125,3.05812541961193,6,6,3.5355433268362115,2.575916139119587,34,2.0465795834115594,1.8765795834115595,61.76470588235294,0.979966576076085,7.0,5.0,-3.02229709015302,0.44157360664786366,66,3.180556376551464,3.010556376551464,69.6969696969697,2.97409459635302,13,11,-3.02229709015302,2.2196728592170216,2.7188862075187354,1.9422860069248142
worst,30,long,8,3,LONG: from_52w_high <= -0.3101 AND sec_vs_nifty_3m <= -0.004511 AND own_abs3d <= 0.06661,"[187, 1263, 2240]",1,0.03535543382167816,4.322060197591782,30,6,6,30,4.322060384567628,4.152060384567627,80.0,3.05812541961193,6,6,3.5355433268362115,2.588125237043884,32,1.818809924755473,1.6488099247554728,59.375,0.613303307326165,7.0,5.0,-3.02229709015302,0.05273504996185775,62,3.0300601472452247,2.8600601472452247,69.35483870967742,2.90952088622616,13,11,-3.02229709015302,2.002878981685594,2.5753461647831872,1.7791843823481104
worst,30,long,9,3,LONG: r6m <= -0.07506 AND vol60 >= 0.3487 AND own_rd >= -0.01147,"[87, 302, 2169]",1,0.034166425466537476,4.32756133377552,30,6,6,30,4.3275611097019135,4.157561109701914,80.0,3.303141319325155,6,6,3.416642579941382,2.3253513883631154,49,0.8355304091884728,0.6655304091884728,59.183673469387756,0.37146168219376,8.0,4.0,-3.77679863345308,-0.4677966613675724,79,2.1616180169783865,1.9916180169783866,67.08860759493672,1.97304560682365,14,10,-3.77679863345308,1.2463297246502338,1.8157831034734018,0.6543471719883092
worst,30,long,10,3,LONG: vs_ma200 <= -0.1761 AND season_so_far_3d <= 0.01131 AND own_dm1 >= -0.01336,"[263, 1191, 2139]",1,0.03347267955541611,4.334225133061409,32,6,6,32,4.33422554076366,4.16422554076366,75.0,4.2509983396313,6,6,3.3472680904635586,2.525023717589686,38,1.6607419911935828,1.4907419911935826,63.1578947368421,1.16603093397733,8.0,4.0,-6.35688285438622,0.018114730642982448,70,2.8829058995684753,2.712905899568475,68.57142857142857,2.5092402564006298,14,10,-6.35688285438622,1.9398858888386907,2.4442258523825138,1.5203615812577798
worst,30,long,11,3,LONG: vs_ma200 <= -0.1761 AND season_so_far_3d <= 0.01334 AND own_dm1 >= -0.01336,"[263, 1193, 2139]",1,0.03347267955541611,4.334225133061409,32,6,6,32,4.33422554076366,4.16422554076366,75.0,4.2509983396313,6,6,3.3472680904635586,2.525023717589686,38,1.6607419911935828,1.4907419911935826,63.1578947368421,1.16603093397733,8.0,4.0,-6.35688285438622,0.018114730642982448,70,2.8829058995684753,2.712905899568475,68.57142857142857,2.5092402564006298,14,10,-6.35688285438622,1.9398858888386907,2.4442258523825138,1.5203615812577798
worst,30,long,12,3,LONG: vs_ma200 <= -0.1761 AND days_after_quarter_end >= 20 AND own_dm1 >= -0.01336,"[263, 1107, 2139]",1,0.03347267955541611,4.334225133061409,32,6,6,32,4.33422554076366,4.16422554076366,75.0,4.2509983396313,6,6,3.3472680904635586,2.525023717589686,43,2.060707401625281,1.8907074016252807,65.11627906976744,1.3018736062879601,8.0,4.0,-6.35688285438622,0.6478616317836053,75,3.0307418076576553,2.8607418076576554,69.33333333333334,2.6074241987182702,14,10,-6.35688285438622,2.165640076843512,2.572937520268718,1.8522847544458951
worst,30,long,13,3,LONG: vs_ma200 <= -0.1761 AND days_after_quarter_end >= 18 AND own_dm1 >= -0.01336,"[263, 1105, 2139]",1,0.03347267955541611,4.334225133061409,32,6,6,32,4.33422554076366,4.16422554076366,75.0,4.2509983396313,6,6,3.3472680904635586,2.525023717589686,43,2.060707401625281,1.8907074016252807,65.11627906976744,1.3018736062879601,8.0,4.0,-6.35688285438622,0.6478616317836053,75,3.0307418076576553,2.8607418076576554,69.33333333333334,2.6074241987182702,14,10,-6.35688285438622,2.165640076843512,2.572937520268718,1.8522847544458951
worst,30,long,14,3,LONG: vs_ma200 <= -0.1761 AND season_so_far_3d <= 0.0164 AND own_dm1 >= -0.01336,"[263, 1195, 2139]",1,0.03347267955541611,4.334225133061409,32,6,6,32,4.33422554076366,4.16422554076366,75.0,4.2509983396313,6,6,3.3472680904635586,2.525023717589686,40,1.547231431150069,1.377231431150069,62.5,0.73812495094368,8.0,4.0,-6.35688285438622,-0.017747208803855417,72,2.7858954798672197,2.61589547986722,68.05555555555556,2.464107702910545,14,10,-6.35688285438622,1.8637857366442019,2.3594009895475363,1.4138700417110568
worst,30,long,15,3,LONG: vs_ma200 <= -0.1761 AND days_after_quarter_end >= 21 AND own_dm1 >= -0.01336,"[263, 1109, 2139]",1,0.03347267955541611,4.334225133061409,32,6,6,32,4.33422554076366,4.16422554076366,75.0,4.2509983396313,6,6,3.3472680904635586,2.525023717589686,43,2.060707401625281,1.8907074016252807,65.11627906976744,1.3018736062879601,8.0,4.0,-6.35688285438622,0.6478616317836053,75,3.0307418076576553,2.8607418076576554,69.33333333333334,2.6074241987182702,14,10,-6.35688285438622,2.165640076843512,2.572937520268718,1.8522847544458951
worst,30,long,16,3,LONG: vs_ma200 <= -0.1761 AND season_so_far_3d <= 0.008039 AND own_dm1 >= -0.01336,"[263, 1187, 2139]",1,0.03347267955541611,4.329719394445419,30,6,6,30,4.3297197817931465,4.159719781793146,73.33333333333333,4.2509983396313,6,6,3.3472680904635586,2.3748806609711517,34,1.6474672257757645,1.4774672257757644,64.70588235294117,1.16603093397733,7.0,3.0,-6.35688285438622,-0.22401806475040373,64,2.9047731114089115,2.7347731114089116,68.75,2.5092402564006298,13,9,-6.35688285438622,1.8677059141507124,2.4915563942511487,1.5575704218332127
worst,30,long,17,3,LONG: vs_ma200 <= -0.1761 AND days_after_quarter_end >= 24 AND own_dm1 >= -0.01336,"[263, 1111, 2139]",1,0.03347267955541611,4.280726984143257,31,6,6,31,4.280727145484314,4.110727145484314,74.19354838709677,4.19727338775346,6,6,3.3472680904635586,2.391652483865315,39,2.119763705204226,1.9497637052042258,66.66666666666666,1.3018736062879601,8.0,4.0,-6.35688285438622,0.592952204377267,70,3.076761800185408,2.906761800185408,70.0,2.579490893959015,14,10,-6.35688285438622,2.148653781810773,2.6349587907830796,1.9545638382656956
worst,30,long,18,3,LONG: vs_ma200 <= -0.1761 AND days_after_quarter_end >= 26 AND own_dm1 >= -0.01336,"[263, 1113, 2139]",1,0.03347267955541611,4.280726984143257,31,6,6,31,4.280727145484314,4.110727145484314,74.19354838709677,4.19727338775346,6,6,3.3472680904635586,2.391652483865315,39,2.119763705204226,1.9497637052042258,66.66666666666666,1.3018736062879601,8.0,4.0,-6.35688285438622,0.592952204377267,70,3.076761800185408,2.906761800185408,70.0,2.579490893959015,14,10,-6.35688285438622,2.148653781810773,2.6349587907830796,1.9545638382656956
worst,30,long,19,3,LONG: vs_ma200 <= -0.1761 AND season_so_far_3d <= 0.01019 AND own_dm1 >= -0.01336,"[263, 1189, 2139]",1,0.03347267955541611,4.262317344546318,31,6,6,31,4.262317677046223,4.092317677046223,74.19354838709677,4.19727338775346,6,6,3.3472680904635586,2.369702733035282,35,1.775939057310421,1.605939057310421,65.71428571428571,1.22727364826106,8.0,4.0,-6.35688285438622,-0.011751418275765627,66,2.943783560519661,2.7737835605196612,69.6969696969697,2.5092402564006298,14,10,-6.35688285438622,1.9439161442462185,2.5430885620636485,1.6886107334805136
worst,30,long,20,3,LONG: vs_ma200 <= -0.1761 AND dist_20h <= -0.02629 AND own_dm1 >= -0.01336,"[263, 1939, 2139]",1,0.03347267955541611,4.2445797473192215,31,6,6,31,4.2445798904717105,4.0745798904717105,70.96774193548387,4.3047232915091405,6,6,3.3472680904635586,2.348553833657979,49,1.8347682415260074,1.6647682415260072,63.26530612244898,1.22727364826106,8.0,4.0,-6.35688285438622,0.5889083539241885,80,2.7685702554924676,2.5985702554924677,66.25,2.464107702910545,14,10,-6.35688285438622,1.9436638699215871,2.43214709360922,1.8033252777463538
worst,30,long,21,3,LONG: vs_ma200 <= -0.1761 AND r20d <= 0.008771 AND own_dm1 >= -0.01336,"[263, 1603, 2139]",1,0.03347267955541611,4.2445797473192215,31,6,6,31,4.2445798904717105,4.0745798904717105,70.96774193548387,4.3047232915091405,6,6,3.3472680904635586,2.348553833657979,47,2.0274206853715513,1.8574206853715511,63.829787234042556,1.3018736062879601,8.0,4.0,-6.35688285438622,0.7451689511988773,78,2.908599343808794,2.7385993438087937,66.66666666666666,2.5092402564006298,14,10,-6.35688285438622,2.0706838167370902,2.5635499470054635,1.994639723133189
worst,30,long,22,3,LONG: vs_ma50 <= -0.009389 AND vs_ma200 <= -0.1761 AND own_dm1 >= -0.01336,"[253, 263, 2139]",1,0.03347267955541611,4.2445797473192215,31,6,6,31,4.2445798904717105,4.0745798904717105,70.96774193548387,4.3047232915091405,6,6,3.3472680904635586,2.348553833657979,47,1.7562410535407267,1.5862410535407268,61.702127659574465,1.22727364826106,8.0,4.0,-6.35688285438622,0.44170602986438323,78,2.745196232320989,2.575196232320989,65.38461538461539,2.464107702910545,14,10,-6.35688285438622,1.896088711311765,2.4293515053062973,1.7719274156324443
worst,30,long,23,3,LONG: vs_ma50 <= -0.03607 AND vs_ma200 <= -0.1761 AND own_dm1 >= -0.01336,"[249, 263, 2139]",1,0.03347267955541611,4.2445797473192215,31,6,6,31,4.2445798904717105,4.0745798904717105,70.96774193548387,4.3047232915091405,6,6,3.3472680904635586,2.348553833657979,44,2.1490272134857538,1.9790272134857538,65.9090909090909,1.53093896945397,8.0,4.0,-6.35688285438622,0.7837313110580288,75,3.015188986639949,2.845188986639949,68.0,2.55155758919976,14,10,-6.35688285438622,2.148976340038826,2.6867104705446683,2.165783100265543
worst,30,long,24,3,LONG: r1m <= -0.01296 AND vs_ma200 <= -0.1761 AND own_dm1 >= -0.01336,"[49, 263, 2139]",1,0.03347267955541611,4.2445797473192215,31,6,6,31,4.2445798904717105,4.0745798904717105,70.96774193548387,4.3047232915091405,6,6,3.3472680904635586,2.348553833657979,47,2.0320750224013735,1.8620750224013736,63.829787234042556,1.3018736062879601,8.0,4.0,-6.35688285438622,0.7503773759703452,78,2.9114038802242,2.7414038802242002,66.66666666666666,2.5092402564006298,14,10,-6.35688285438622,2.0736804446877977,2.56635448342087,1.9992940601630114
worst,30,long,25,3,LONG: vs_ma50 <= 0.008463 AND vs_ma200 <= -0.1761 AND own_dm1 >= -0.01336,"[257, 263, 2139]",1,0.03347267955541611,4.2445797473192215,31,6,6,31,4.2445798904717105,4.0745798904717105,70.96774193548387,4.3047232915091405,6,6,3.3472680904635586,2.348553833657979,48,1.8698111665204635,1.6998111665204634,62.5,1.26457362727451,8.0,4.0,-6.35688285438622,0.5990525518807484,79,2.801682437944371,2.6316824379443706,65.82278481012658,2.4669229236015,14,10,-6.35688285438622,1.9678659784098231,2.4610007550246267,1.8377131409954006
worst,30,long,26,3,LONG: r1m <= 0.0001261 AND vs_ma200 <= -0.1761 AND own_dm1 >= -0.01336,"[51, 263, 2139]",1,0.03347267955541611,4.2445797473192215,31,6,6,31,4.2445798904717105,4.0745798904717105,70.96774193548387,4.3047232915091405,6,6,3.3472680904635586,2.348553833657979,48,1.9929215394720134,1.8229215394720135,64.58333333333334,1.26457362727451,8.0,4.0,-6.35688285438622,0.736478084477828,79,2.876483677206072,2.706483677206072,67.08860759493672,2.4669229236015,14,10,-6.35688285438622,2.0477213554594775,2.535801994286328,1.960823513946951
worst,30,long,27,3,LONG: vs_ma50 <= -0.02406 AND vs_ma200 <= -0.1761 AND own_dm1 >= -0.01336,"[251, 263, 2139]",1,0.03347267955541611,4.2445797473192215,31,6,6,31,4.2445798904717105,4.0745798904717105,70.96774193548387,4.3047232915091405,6,6,3.3472680904635586,2.348553833657979,45,1.9733468296331305,1.8033468296331303,64.44444444444444,1.3018736062879601,8.0,4.0,-6.35688285438622,0.6202232767845196,76,2.8997708412909726,2.7297708412909722,67.10526315789474,2.5092402564006298,14,10,-6.35688285438622,2.037630334406134,2.5756144109337877,1.9897303633733685
worst,30,long,28,3,LONG: vs_ma50 <= -0.002585 AND vs_ma200 <= -0.1761 AND own_dm1 >= -0.01336,"[255, 263, 2139]",1,0.03347267955541611,4.2445797473192215,31,6,6,31,4.2445798904717105,4.0745798904717105,70.96774193548387,4.3047232915091405,6,6,3.3472680904635586,2.348553833657979,47,1.7562410535407267,1.5862410535407268,61.702127659574465,1.22727364826106,8.0,4.0,-6.35688285438622,0.44170602986438323,78,2.745196232320989,2.575196232320989,65.38461538461539,2.464107702910545,14,10,-6.35688285438622,1.896088711311765,2.4293515053062973,1.7719274156324443
worst,30,long,29,3,LONG: vs_ma200 <= -0.1761 AND dist_60h <= -0.1194 AND own_dm1 >= -0.01336,"[263, 1972, 2139]",1,0.03347267955541611,4.209718480706215,30,6,6,30,4.20971829837709,4.03971829837709,70.0,4.2509983396313,6,6,3.3472680904635586,2.2308788808718845,46,1.7104187753285907,1.5404187753285905,63.04347826086957,1.16603093397733,7.0,3.0,-6.35688285438622,0.3582338390976856,76,2.6969843765319452,2.5269843765319453,65.78947368421053,2.35077350842907,13,9,-6.35688285438622,1.8205631326922465,2.4166915151875608,1.7989163897477967
worst,30,long,30,3,LONG: vs_ma200 <= -0.1761 AND dist_60h <= -0.1382 AND own_dm1 >= -0.01336,"[263, 1970, 2139]",1,0.03347267955541611,4.209718480706215,30,6,6,30,4.20971829837709,4.03971829837709,70.0,4.2509983396313,6,6,3.3472680904635586,2.2308788808718845,44,1.6501793275396623,1.4801793275396622,63.63636363636363,1.16603093397733,7.0,3.0,-6.35688285438622,0.22092856793936044,74,2.6878302616629437,2.5178302616629433,66.21621621621621,2.35077350842907,13,9,-6.35688285438622,1.7853421618518766,2.4149394747827935,1.76788908881979
worst,30,short,1,3,SHORT: nifty_1w >= 0.01857 AND india_vix >= 14.83 AND r10d <= -0.01166,"[434, 660, 1569]",-1,0.02365489862859249,3.2021425664424896,31,7,7,31,3.202142601433543,3.032142601433543,80.64516129032258,2.43263566457094,7,7,2.3654898132861413,2.0571916619666,4,-6.640889719725094,-6.810889719725094,25.0,-8.052925192243684,1.0,0.0,-6.640889719725094,,35,2.0772246218725554,1.9072246218725553,74.28571428571429,2.35072863389419,8,7,-6.640889719725094,0.8974474777410406,,
worst,30,short,2,3,SHORT: nifty_1w >= 0.01857 AND r10d <= -0.01166 AND n_prior <= 9,"[434, 1569, 2281]",-1,0.02365489862859249,3.107198141515255,34,8,8,34,3.1071979946152903,2.9371979946152904,82.35294117647058,2.9669155535884095,8,8,2.3654898132861413,2.2230071980477937,0,,,,,,,,,34,3.1071979946152903,2.9371979946152904,82.35294117647058,2.9669155535884095,8,8,2.3654898132861413,2.2230071980477937,,
worst,30,short,3,3,SHORT: nifty_1w >= 0.01857 AND r10d <= -0.01166 AND n_prior <= 7,"[434, 1569, 2279]",-1,0.02365489862859249,3.0237171798944473,32,7,7,32,3.023717142543202,2.853717142543202,81.25,2.410428356356765,7,7,2.3654898132861413,2.0585713143647637,0,,,,,,,,,32,3.023717142543202,2.853717142543202,81.25,2.410428356356765,7,7,2.3654898132861413,2.0585713143647637,,
worst,30,short,4,3,SHORT: nifty_1w >= 0.01857 AND r10d <= -0.01166 AND n_prior <= 6,"[434, 1569, 2277]",-1,0.02365489862859249,3.0237171798944473,32,7,7,32,3.023717142543202,2.853717142543202,81.25,2.410428356356765,7,7,2.3654898132861413,2.0585713143647637,0,,,,,,,,,32,3.023717142543202,2.853717142543202,81.25,2.410428356356765,7,7,2.3654898132861413,2.0585713143647637,,
worst,30,short,5,3,SHORT: nifty_1w >= 0.01857 AND prev_sales_yoy <= 0.497 AND r10d <= -0.01166,"[434, 852, 1569]",-1,0.023219699040055275,3.6279428750276566,31,10,10,31,3.62794296443329,3.45794296443329,87.09677419354838,3.5011954426058796,10,10,2.321969789979335,2.389573207807772,11,-3.14394116457066,-3.31394116457066,36.36363636363637,-2.44391952359548,3.0,1.0,-6.640889719725094,-7.825598903977491,42,1.8543542639798742,1.684354263979874,73.80952380952381,2.053356828574045,13,11,-6.640889719725094,0.7444743403439139,,
worst,30,short,6,3,SHORT: vs_ma50 >= -0.09392 AND nifty_3m <= -0.004277 AND r20d >= -0.05425,"[240, 633, 1592]",-1,0.023002153262495995,3.109438344836235,30,7,7,30,3.1094383648304715,2.9394383648304716,76.66666666666667,2.818178307730395,7,7,2.30021535691837,1.6672885943087938,20,2.3238995752090217,2.1538995752090213,65.0,1.73983713840975,3.0,3.0,1.3155010891900676,0.49031399768088724,50,2.7952228489818918,2.625222848981892,72.0,2.7675725779809452,10,10,1.3155010891900676,1.9193688676758716,,
worst,30,short,7,3,SHORT: r1y >= -0.3269 AND nifty_3m <= 0.02789 AND z20 >= -0.5104,"[104, 635, 2105]",-1,0.02295500785112381,3.415684774518013,30,6,6,30,3.4156848261056263,3.2456848261056264,83.33333333333334,2.78146256385073,6,6,2.295500807178357,2.1721618099400963,24,1.2118109732291917,1.0418109732291916,58.333333333333336,0.817506747486975,7.0,5.0,-1.3421566694497016,-0.28099830745859433,54,2.4361853359383225,2.2661853359383226,72.22222222222221,2.0084617142199503,13,11,-1.3421566694497016,1.6499880715556574,,
worst,30,short,8,3,SHORT: nifty_3m <= 0.02789 AND india_vix >= 11.76 AND z20 >= -0.5104,"[635, 652, 2105]",-1,0.02295500785112381,3.072119690477848,31,6,6,31,3.072119964674016,2.902119964674016,80.64516129032258,2.7308568341012798,6,6,2.295500807178357,1.8103545911626187,22,1.5777835842522938,1.4077835842522937,59.09090909090909,1.1503119223952503,4.0,3.0,-0.17014693906256856,-0.09605103021980127,53,2.451829391668773,2.281829391668773,71.69811320754717,2.25306985951824,10,9,-0.17014693906256856,1.6508826067500575,,
worst,30,short,9,3,SHORT: sector_1w >= 0.02357 AND streak <= 3 AND own_rd <= 0.004226,"[358, 2138, 2182]",-1,0.02276528812944889,3.1971734017133713,30,8,8,30,3.1971727617201253,3.0271727617201254,66.66666666666666,2.74730830792131,8,8,2.2765287655120163,1.6712271631343114,27,-1.4655684657346433,-1.6355684657346432,29.629629629629626,-0.8551449324585699,6.0,2.0,-4.037989799549375,-3.322113958715911,57,0.9885058645047089,0.8185058645047089,49.122807017543856,-0.03614106880028,14,10,-4.037989799549375,0.0055778536308802844,,
worst,30,short,10,3,SHORT: sector_1w >= 0.02357 AND india_vix >= 12.71 AND season_so_far_3d <= 0.01019,"[358, 656, 1189]",-1,0.02276528812944889,3.0468815937638283,30,8,8,30,3.046881270230833,2.8768812702308333,70.0,2.41791156721233,8,8,2.2765287655120163,1.4908773733471603,13,1.302355579633396,1.1323555796333962,53.84615384615385,0.28800412042373,4.0,3.0,-6.18339068125968,-2.402170450910591,43,2.519466526561841,2.349466526561841,65.11627906976744,2.25306985951824,12,11,-6.18339068125968,1.3758493356367507,,
worst,30,short,11,3,SHORT: nifty_3m <= 0.02789 AND r20d >= -0.05425 AND z5 >= -0.8599,"[635, 1592, 2071]",-1,0.02235882170498371,2.9912225902080536,32,8,8,32,2.991222893822143,2.821222893822143,78.125,2.438844510822965,8,8,2.235882197575932,1.6760572386236912,37,1.3194140831715686,1.1494140831715687,56.75675675675676,1.22506993919514,7.0,5.0,-1.8941115999677034,0.24990739406768403,69,2.09474570550227,1.92474570550227,66.66666666666666,1.5746155879500598,15,13,-1.8941115999677034,1.424186098062129,,
worst,30,short,12,3,SHORT: nifty_1w >= 0.01857 AND vs_nifty_1m <= -0.07372 AND r10d <= -0.01166,"[434, 509, 1569]",-1,0.021934472024440765,3.66089791059494,31,10,10,31,3.6608980838716185,3.4908980838716186,87.09677419354838,2.81718316310903,10,10,2.1934472278968977,2.42886585021501,12,-2.5381979961181007,-2.7081979961181006,41.66666666666667,-1.2268551892826,3.0,1.0,-6.640889719725094,-6.709054896976381,43,1.9309177824791388,1.7609177824791389,74.4186046511628,2.35072863389419,13,11,-6.640889719725094,0.8603193724256069,,
worst,30,short,13,3,SHORT: nifty_1w >= 0.01857 AND vs_nifty_1m <= -0.06654 AND r10d <= -0.01166,"[434, 511, 1569]",-1,0.021934472024440765,3.5700522363185883,33,10,10,33,3.5700527108872544,3.4000527108872545,84.84848484848484,2.81718316310903,10,10,2.1934472278968977,2.409800391601768,12,-2.5381979961181007,-2.7081979961181006,41.66666666666667,-1.2268551892826,3.0,1.0,-6.640889719725094,-6.709054896976381,45,1.9411858556858266,1.7711858556858264,73.33333333333333,2.35072863389419,13,11,-6.640889719725094,0.925400875285808,,
worst,30,short,14,3,SHORT: from_52w_high <= -0.05757 AND nifty_1m >= 0.0474 AND sec_vs_200dma >= 0.0613,"[207, 538, 1358]",-1,0.021871110424399376,3.2673675566911697,31,7,7,31,3.26736763266363,3.09736763266363,90.32258064516128,2.89106774892505,7,7,2.1871109702072298,2.348576757072641,3,-2.5136198390571867,-2.683619839057187,33.33333333333333,-0.15270784179211,2.0,1.0,-14.09252356849153,,34,2.7572805028059113,2.5872805028059114,85.29411764705883,2.85412545601704,9,8,-14.09252356849153,1.8445292404181763,,
worst,30,short,15,3,SHORT: sector_1w >= 0.00932 AND vs_sector_1m <= -0.06319 AND days_after_quarter_end <= 35,"[354, 481, 1120]",-1,0.021708490327000618,3.1326495110988617,42,10,10,42,3.132649412439751,2.962649412439751,78.57142857142857,2.74730830792131,10,10,2.1708490035295602,2.109995544764064,20,-0.14766033913229837,-0.31766033913229835,45.0,-0.878451233507305,8.0,5.0,-7.282111494240221,-2.409600036821642,62,2.0744849764487676,1.9044849764487677,67.74193548387096,2.41283760106198,18,15,-7.282111494240221,1.3178355855021826,,
worst,30,short,16,3,SHORT: sector_1w >= 0.00932 AND vs_sector_1m <= -0.07381 AND days_after_quarter_end <= 35,"[354, 479, 1120]",-1,0.021708490327000618,2.8350036591291428,35,9,9,35,2.835003842171673,2.665003842171673,74.28571428571429,2.43263566457094,9,9,2.1708490035295602,1.570890375459827,18,-0.5990614333539717,-0.7690614333539717,44.44444444444444,-1.411851210901025,8.0,4.0,-7.282111494240221,-3.1049651205929694,53,1.6687175221818311,1.4987175221818312,64.15094339622641,1.8774648389793,17,13,-7.282111494240221,0.7571584471546524,,
worst,30,short,17,3,SHORT: dist_20h >= -0.06685 AND own_rd <= -0.003323 AND n_prior <= 7,"[1930, 2176, 2279]",-1,0.021676339209079742,2.8595590963959694,33,6,6,33,2.8595589462318287,2.6895589462318283,75.75757575757575,2.58275327490642,6,6,2.167633815598323,1.6473387534087687,0,,,,,,,,,33,2.8595589462318287,2.6895589462318283,75.75757575757575,2.58275327490642,6,6,2.167633815598323,1.6473387534087687,,
worst,30,short,18,3,SHORT: sector_1w >= 0.0178 AND season_so_far_3d <= 0.01131 AND sec_rank_3m >= 0.5263,"[356, 1191, 1310]",-1,0.021232275292277336,3.549661859869957,30,8,8,30,3.549661840890718,3.379661840890718,76.66666666666667,2.74730830792131,8,8,2.1232276050265977,1.9659704223291834,12,2.0232238586096885,1.8532238586096883,58.333333333333336,2.297576460720005,6.0,5.0,-6.14398132948874,-1.7211352015571058,42,3.1135367030961385,2.943536703096138,71.42857142857143,2.74730830792131,14,13,-6.14398132948874,1.9585803223066005,,
worst,30,short,19,3,SHORT: from_52w_low <= 0.6698 AND sector_1w >= 0.0178 AND sec_rank_3m >= 0.5263,"[227, 356, 1310]",-1,0.021232275292277336,3.5468339920043945,30,8,8,30,3.5468340210508162,3.376834021050816,76.66666666666667,2.75892909559278,8,8,2.1232276050265977,1.9625770385213008,20,0.4504042279920415,0.28040422799204145,45.0,-0.8450638443459699,7.0,5.0,-3.832586358664275,-1.821236543625011,50,2.308262103827307,2.1382621038273064,64.0,2.25144826759329,15,13,-3.832586358664275,1.2691563463704834,,
worst,30,short,20,3,SHORT: sector_1w >= 0.0178 AND prev1_next20 <= 0.08669 AND sec_rank_3m >= 0.5263,"[356, 796, 1310]",-1,0.021232275292277336,3.435969725251198,33,7,7,33,3.4359698559070146,3.2659698559070147,75.75757575757575,2.64845419120668,7,7,2.1232276050265977,2.0016575205871256,20,0.4504042279920415,0.28040422799204145,45.0,-0.8450638443459699,7.0,5.0,-3.832586358664275,-1.821236543625011,53,2.3093413170711763,2.139341317071176,64.15094339622641,2.25306985951824,14,12,-3.832586358664275,1.3352920875016399,,
worst,30,short,21,3,SHORT: sector_1w >= 0.0178 AND prev1_next20 <= 0.1309 AND sec_rank_3m >= 0.5263,"[356, 800, 1310]",-1,0.021232275292277336,3.412124142050743,34,8,8,34,3.412124054729271,3.242124054729271,76.47058823529412,2.63683340353521,8,8,2.1232276050265977,2.0231594204242507,20,0.4504042279920415,0.28040422799204145,45.0,-0.8450638443459699,7.0,5.0,-3.832586358664275,-1.821236543625011,54,2.315190785567335,2.145190785567335,64.81481481481481,2.301899246706215,15,13,-3.832586358664275,1.3616169962437235,,
worst,30,short,22,3,SHORT: sector_1w >= 0.0178 AND prev1_next20 <= 0.1072 AND sec_rank_3m >= 0.5263,"[356, 798, 1310]",-1,0.021232275292277336,3.412124142050743,34,8,8,34,3.412124054729271,3.242124054729271,76.47058823529412,2.63683340353521,8,8,2.1232276050265977,2.0231594204242507,20,0.4504042279920415,0.28040422799204145,45.0,-0.8450638443459699,7.0,5.0,-3.832586358664275,-1.821236543625011,54,2.315190785567335,2.145190785567335,64.81481481481481,2.301899246706215,15,13,-3.832586358664275,1.3616169962437235,,
worst,30,short,23,3,SHORT: sector_1w >= 0.0178 AND prev1_next20 <= 0.161 AND sec_rank_3m >= 0.5263,"[356, 802, 1310]",-1,0.021232275292277336,3.412124142050743,34,8,8,34,3.412124054729271,3.242124054729271,76.47058823529412,2.63683340353521,8,8,2.1232276050265977,2.0231594204242507,20,0.4504042279920415,0.28040422799204145,45.0,-0.8450638443459699,7.0,5.0,-3.832586358664275,-1.821236543625011,54,2.315190785567335,2.145190785567335,64.81481481481481,2.301899246706215,15,13,-3.832586358664275,1.3616169962437235,,
worst,30,short,24,3,SHORT: sector_1w >= 0.0178 AND sec_vs_nifty_3m >= -0.004511 AND n_prior <= 6,"[356, 1262, 2277]",-1,0.021232275292277336,3.1337376683950424,32,6,6,32,3.1337374908525324,2.9637374908525325,75.0,2.54054492788881,6,6,2.1232276050265977,1.8080675285802243,0,,,,,,,,,32,3.1337374908525324,2.9637374908525325,75.0,2.54054492788881,6,6,2.1232276050265977,1.8080675285802243,,
worst,30,short,25,3,SHORT: sector_1w >= 0.0178 AND sec_vs_nifty_3m >= -0.004511 AND n_prior <= 7,"[356, 1262, 2279]",-1,0.021232275292277336,3.1337376683950424,32,6,6,32,3.1337374908525324,2.9637374908525325,75.0,2.54054492788881,6,6,2.1232276050265977,1.8080675285802243,0,,,,,,,,,32,3.1337374908525324,2.9637374908525325,75.0,2.54054492788881,6,6,2.1232276050265977,1.8080675285802243,,
worst,30,short,26,3,SHORT: sector_1w >= 0.0178 AND sec_vs_nifty_3m >= -0.004511 AND n_prior <= 9,"[356, 1262, 2281]",-1,0.021232275292277336,3.11832781881094,33,7,7,33,3.118327646155903,2.9483276461559025,75.75757575757575,2.62521261586374,7,7,2.1232276050265977,1.8372512816974933,1,-2.02388394073157,-2.19388394073157,0.0,-2.02388394073157,1.0,0.0,-2.02388394073157,,34,2.9670861288945067,2.7970861288945064,73.52941176470588,2.52892414021734,8,7,-2.02388394073157,1.7041086878206289,,
worst,30,short,27,3,SHORT: nifty_1m >= 0.03868 AND r2d <= -0.009149 AND n_prior <= 6,"[536, 1513, 2277]",-1,0.020800363272428513,3.051901236176491,33,6,6,33,3.0519013204936427,2.881901320493643,75.75757575757575,3.8829390485280397,6,6,2.08003623489316,1.8867450072075205,0,,,,,,,,,33,3.0519013204936427,2.881901320493643,75.75757575757575,3.8829390485280397,6,6,2.08003623489316,1.8867450072075205,,
worst,30,short,28,3,SHORT: nifty_1m >= 0.03868 AND r2d <= -0.009149 AND n_prior <= 7,"[536, 1513, 2279]",-1,0.020800363272428513,3.051901236176491,33,6,6,33,3.0519013204936427,2.881901320493643,75.75757575757575,3.8829390485280397,6,6,2.08003623489316,1.8867450072075205,0,,,,,,,,,33,3.0519013204936427,2.881901320493643,75.75757575757575,3.8829390485280397,6,6,2.08003623489316,1.8867450072075205,,
worst,30,short,29,3,SHORT: sector_1w >= 0.02357 AND prev1_3d <= 0.08778 AND sec_vs_nifty_1w <= 0.01544,"[358, 701, 1219]",-1,0.020735053345561028,2.9691966250538826,30,8,8,30,2.9691965462004646,2.7991965462004647,70.0,2.61560373305655,8,8,2.07350526671223,1.6075636940093982,17,-0.9306582058421551,-1.1006582058421552,41.17647058823529,-0.71198220428844,5.0,3.0,-2.3746108556292045,-2.7771242793993913,47,1.558610784823347,1.388610784823347,59.57446808510638,1.5746155879500598,13,11,-2.3746108556292045,0.5733968261505116,,
worst,30,short,30,3,SHORT: sector_1w >= 0.02357 AND sec_vs_nifty_1w <= 0.01544 AND nifty_3d >= -0.0002152,"[358, 1219, 1746]",-1,0.020735053345561028,2.9301080852746964,30,8,8,30,2.930108075209002,2.760108075209002,70.0,2.61560373305655,8,8,2.07350526671223,1.5606575288196423,17,-0.9306582058421551,-1.1006582058421552,41.17647058823529,-0.71198220428844,5.0,3.0,-2.3746108556292045,-2.7771242793993913,47,1.533660696956456,1.3636606969564558,59.57446808510638,1.5746155879500598,13,11,-2.3746108556292045,0.5454764897280376,,
worst,60,long,1,3,LONG: vol60 >= 0.2987 AND prev1_3d >= -0.03565 AND sec_reported_3d <= 0.001812,"[298, 682, 1412]",1,0.018414601683616638,2.8000498190522194,61,11,11,61,2.800049956641881,2.630049956641881,68.85245901639344,2.71292226627146,11,11,1.8414601840899238,1.8618341311873436,32,-0.7399557561195494,-0.9099557561195494,53.125,0.461400428940925,7.0,3.0,-4.5307781962249525,-2.0263566890559437,93,1.5819834748314963,1.4119834748314963,63.44086021505376,1.22727364826106,18,14,-4.5307781962249525,0.915728717621201,1.4990456302428208,-0.7765333711379425
worst,60,long,2,3,LONG: vol60 >= 0.2987 AND prev1_3d >= -0.04934 AND sec_reported_3d <= 0.001812,"[298, 680, 1412]",1,0.018414601683616638,2.652224898338318,63,11,11,63,2.6522249629896995,2.4822249629896995,68.25396825396825,2.66588035728885,11,11,1.8414601840899238,1.7336178734428893,36,-0.6863493676591893,-0.8563493676591892,50.0,0.14547586578676502,7.0,3.0,-4.5307781962249525,-1.830068001866121,99,1.4381979336628314,1.2681979336628313,61.61616161616161,1.22331321040362,18,14,-4.5307781962249525,0.8068219087654976,1.4954918482458444,-0.37434846690708984
worst,60,long,3,3,LONG: vol60 >= 0.2987 AND season_so_far_3d <= -0.004125 AND gap5 <= 0.03141,"[298, 1179, 1681]",1,0.017747478559613228,2.123832330107689,60,6,6,60,2.1238324731541502,1.95383247315415,60.0,2.537173561159885,6,6,1.7747476969721054,1.200098582412224,59,-0.28015799634592053,-0.4501579963459205,50.847457627118644,0.03860905454582,5.0,1.0,-1.4036751962564649,-1.3782972720266553,119,0.9319380386961315,0.7619380386961314,55.46218487394958,1.22727364826106,11,7,-1.4036751962564649,0.3833916169402234,1.0108225194917055,0.2655839665632114
worst,60,long,4,3,LONG: vs_ma50 <= -0.07348 AND vol60 >= 0.2987 AND nifty_3m <= 0.05466,"[243, 298, 637]",1,0.016273969784379005,2.642344683408737,60,8,8,60,2.6423446988921055,2.4723446988921056,60.0,2.537173561159885,8,8,1.6273970645292017,1.4385160209996897,74,0.637094757690164,0.46709475769016395,55.4054054054054,0.385580095560725,7.0,5.0,-0.8223890323072901,-0.3199698266582397,134,1.5349678656910333,1.3649678656910331,57.46268656716418,1.178597399152955,15,13,-0.8223890323072901,0.9534367483098445,1.5094939929764297,0.951441190344101
worst,60,long,5,3,LONG: vol60 >= 0.3487 AND volume_5d_vs_60d >= 0.5683 AND prev2_sum <= 0.0775,"[302, 316, 723]",1,0.01623598486185074,2.16822512447834,63,9,9,63,2.1682251924784643,1.9982251924784644,66.66666666666666,1.97304560682365,9,9,1.623598540277785,1.1793468398134235,57,-0.04982887337856666,-0.21982887337856663,50.877192982456144,0.03614106880028,7.0,4.0,-2.8634055881418776,-1.2020881180818677,120,1.114649511196375,0.944649511196375,59.166666666666664,1.02937387097755,16,13,-2.8634055881418776,0.4801610228381716,1.2228336507477315,0.2645816899975057
worst,60,long,6,3,LONG: nifty_3m <= -0.004277 AND sec_vs_nifty_3m <= 0.02424 AND dist_20h <= -0.07962,"[633, 1267, 1929]",1,0.015872828662395477,2.4704502895474434,63,6,6,63,2.4704505112640276,2.3004505112640277,66.66666666666666,2.93469916517588,6,6,1.5872829344199542,1.4675656082778987,75,-0.6488329175446689,-0.8188329175446688,44.0,-0.49966043224667,7.0,1.0,-1.1593751974608202,-1.500179984015912,138,0.7751877782158227,0.6051877782158228,54.347826086956516,0.86638972252255,13,7,-1.1593751974608202,0.2476470371319249,1.0433947777919763,-0.08238739090280577
worst,60,long,7,3,LONG: r1w <= 0.02407 AND vol60 >= 0.2987 AND season_so_far_3d <= -0.004125,"[23, 298, 1179]",1,0.015570899471640587,1.951325498521328,61,6,6,61,1.951325669968889,1.781325669968889,60.65573770491803,2.4669229236015,6,6,1.5570899295177127,1.0286846341343847,59,-0.2780133211265465,-0.4480133211265464,50.847457627118644,0.03860905454582,5.0,2.0,-1.9447849567653497,-1.3759540157684502,120,0.8552339993469662,0.6852339993469662,55.833333333333336,1.2251565277057799,11,8,-1.9447849567653497,0.30812258824331973,0.9737309349571116,0.1714758172742736
worst,60,long,8,3,LONG: vol60 >= 0.2987 AND season_so_far_3d <= -0.004125 AND d1 <= 0.02626,"[298, 1179, 1473]",1,0.015570899471640587,1.8591312691569328,61,6,6,61,1.8591310911545256,1.6891310911545256,59.01639344262295,2.06007859867467,6,6,1.5570899295177127,0.9282583964973107,58,0.26780829575525117,0.09780829575525118,53.44827586206896,0.14217182411488,5.0,2.0,-1.9447849567653497,-0.8889008184923599,119,1.0835283841531984,0.9135283841531984,56.30252100840336,1.22727364826106,11,8,-1.9447849567653497,0.5239885299861685,1.088693623725351,0.4678729292381149
worst,60,long,9,3,LONG: vol60 >= 0.2987 AND season_so_far_3d <= -0.004125 AND r2d <= 0.01956,"[298, 1179, 1523]",1,0.015570899471640587,1.8316680565476418,61,6,6,61,1.8316681734195484,1.6616681734195484,59.01639344262295,2.06007859867467,6,6,1.5570899295177127,0.8983434325359961,54,0.39128528992608774,0.2212852899260877,53.70370370370371,0.14217182411488,5.0,3.0,-1.9447849567653497,-0.8472493648549165,115,1.1553144716052277,0.9853144716052276,56.52173913043478,1.34797757649079,11,9,-1.9447849567653497,0.5786907176253978,1.187374124906705,0.6630620558999729
worst,60,long,10,3,LONG: vs_ma200 <= 0.1918 AND vol60 >= 0.2987 AND season_so_far_3d <= -0.004125,"[283, 298, 1179]",1,0.015315189026296139,2.009092830121517,61,6,6,61,2.009093070949447,1.8390930709494466,60.65573770491803,2.4669229236015,6,6,1.5315188852074315,1.091609838773921,61,0.05413696272525676,-0.11586303727474322,54.09836065573771,0.13994677103847,5.0,2.0,-1.4036751962564649,-1.0596833894224817,122,1.0316150168373515,0.8616150168373514,57.377049180327866,1.26457362727451,11,8,-1.4036751962564649,0.4842038184474316,1.220476740246605,0.3701202679501491
worst,60,long,11,3,LONG: vol60 >= 0.2987 AND season_so_far_3d <= -0.004125 AND r2d <= 0.03108,"[298, 1179, 1525]",1,0.015315189026296139,1.8269214779138565,63,6,6,63,1.8269216032942035,1.6569216032942036,58.730158730158735,2.06007859867467,6,6,1.5315188852074315,0.9253712870854855,58,0.26780829575525117,0.09780829575525118,53.44827586206896,0.14217182411488,5.0,2.0,-1.9447849567653497,-0.8889008184923599,121,1.0795780343912342,0.9095780343912343,56.19834710743802,1.22727364826106,11,8,-1.9447849567653497,0.5295151453925172,1.0738220166191284,0.4678729292381149
worst,60,long,12,3,LONG: vol60 >= 0.2987 AND season_so_far_3d <= -0.004125 AND r3d <= 0.02446,"[298, 1179, 1549]",1,0.015315189026296139,1.7808189615607262,62,6,6,62,1.7808188389314017,1.6108188389314018,58.06451612903226,2.02164717099312,6,6,1.5315188852074315,0.8594077483714083,56,0.5084320760267504,0.3384320760267505,55.35714285714286,0.31560420549065504,5.0,3.0,-1.9447849567653497,-0.670047613262777,118,1.1769742734851267,1.0069742734851266,56.779661016949156,1.287625612375925,11,9,-1.9447849567653497,0.6166175130569693,1.1821832862739923,0.7156418749911451
worst,60,long,13,3,LONG: vol60 >= 0.2987 AND season_so_far_3d <= -0.004125 AND r3d <= 0.01535,"[298, 1179, 1547]",1,0.015315189026296139,1.7394434660673141,61,6,6,61,1.7394433561022584,1.5694433561022583,57.377049180327866,1.98321574331157,6,6,1.5315188852074315,0.7978842565296631,53,0.4918985264534338,0.32189852645343375,54.71698113207547,0.14439687719129,5.0,3.0,-1.3733185866963398,-0.7619583881639095,114,1.1594444440725418,0.9894444440725416,56.14035087719298,1.2251565277057799,11,9,-1.3733185866963398,0.5777200121877278,1.1587080718977214,0.6732463096852103
worst,60,long,14,3,LONG: vol60 >= 0.2987 AND vs_nifty_3m <= 0.1305 AND season_so_far_3d <= -0.004125,"[298, 623, 1179]",1,0.015126857906579971,1.7579086124897003,62,6,6,62,1.7579085833726784,1.5879085833726783,58.06451612903226,2.263500761138085,6,6,1.5126857113282686,0.8344878212724459,61,0.05413696272525676,-0.11586303727474322,54.09836065573771,0.13994677103847,5.0,2.0,-1.4036751962564649,-1.0596833894224817,123,0.912948673945908,0.742948673945908,56.09756097560976,1.2230394071505,11,8,-1.4036751962564649,0.3651483186401638,1.1002749361892332,0.3701202679501491
worst,60,long,15,3,LONG: vol60 >= 0.2987 AND vs_nifty_3m <= 0.0662 AND season_so_far_3d <= -0.004125,"[298, 621, 1179]",1,0.015126857906579971,1.721973530948162,61,6,6,61,1.72197342985458,1.55197342985458,57.377049180327866,2.06007859867467,6,6,1.5126857113282686,0.778854515438442,58,0.2510612367353618,0.08106123673536182,53.44827586206896,0.089277912792145,5.0,2.0,-1.4036751962564649,-0.9072277887405408,119,1.0050582432922721,0.8350582432922721,55.46218487394958,0.93344411308053,11,8,-1.4036751962564649,0.4420767162804646,1.204337277027566,0.5833885060236106
worst,60,long,16,3,LONG: vol60 >= 0.3487 AND volume_5d_vs_60d >= 0.5157 AND prev2_sum <= 0.0775,"[302, 314, 723]",1,0.01483134925365448,2.0322639495134354,65,9,9,65,2.0322639510026783,1.8622639510026784,66.15384615384615,1.6905991299325698,9,9,1.4831349536132772,1.065018106636823,58,-0.19630710898892456,-0.3663071089889246,50.0,-0.098616988977705,7.0,4.0,-2.8634055881418776,-1.340644314698801,123,0.9813930446651745,0.8113930446651745,58.536585365853654,0.9384048215072801,16,13,-2.8634055881418776,0.3573891591240783,1.1102609884811876,0.11268258260480168
worst,60,long,17,3,LONG: vs_nifty_3m >= -0.1742 AND india_vix >= 18.74 AND season_so_far_3d <= 0.01019,"[602, 668, 1189]",1,0.01462609600275755,2.393058128654957,61,6,6,61,2.393058186537447,2.2230581865374472,60.65573770491803,1.98321574331157,6,6,1.4626097181657536,1.3106986389611477,1,1.4168276097007402,1.24682760970074,100.0,1.4168276097007402,1.0,1.0,1.4168276097007402,,62,2.377312532072339,2.207312532072339,61.29032258064516,1.97813067506761,7,7,1.4168276097007402,1.3125605507285092,1.9651775883516995,1.4168276097007402
worst,60,long,18,3,LONG: vs_nifty_3m >= -0.1742 AND india_vix >= 18.74 AND season_so_far_3d <= 0.01131,"[602, 668, 1191]",1,0.01462609600275755,2.393058128654957,61,6,6,61,2.393058186537447,2.2230581865374472,60.65573770491803,1.98321574331157,6,6,1.4626097181657536,1.3106986389611477,6,2.7302810238617363,2.5602810238617364,83.33333333333334,2.7610686295863,1.0,1.0,2.7302810238617368,-5.046539576206531,67,2.4232572465963385,2.2532572465963385,62.68656716417911,1.98321574331157,7,7,1.4626097181657536,1.4480775794353982,1.9457749922952385,1.6571236026127214
worst,60,long,19,3,LONG: india_vix >= 18.74 AND season_so_far_3d <= 0.01131 AND maxabs5 >= 0.02187,"[668, 1191, 2047]",1,0.014273318462073803,2.0324094220995903,60,6,6,60,2.0324094621778017,1.8624094621778016,58.333333333333336,1.97813067506761,6,6,1.4273318844024603,1.0505224924542063,5,2.0791519685709035,1.9091519685709035,80.0,3.27736797191501,2.0,2.0,1.7795979677348774,,65,2.0360050395926557,1.8660050395926557,60.0,1.98321574331157,8,8,1.4273318844024603,1.1362416154639312,2.3738424423174744,1.6235591198681578
worst,60,long,20,3,LONG: india_vix >= 18.74 AND season_so_far_3d <= 0.01019 AND maxabs5 >= 0.02187,"[668, 1189, 2047]",1,0.014273318462073803,2.0324094220995903,60,6,6,60,2.0324094621778017,1.8624094621778016,58.333333333333336,1.97813067506761,6,6,1.4273318844024603,1.0505224924542063,1,3.27736797191501,3.1073679719150102,100.0,3.27736797191501,1.0,1.0,3.27736797191501,,61,2.0528186180751327,1.8828186180751327,59.01639344262295,1.98321574331157,7,7,1.4273318844024603,1.0902875903017206,2.4501529692329522,3.27736797191501
worst,60,long,21,3,LONG: sector_3m <= 0.008221 AND nifty_3m <= 0.02789 AND dist_20h <= -0.1091,"[557, 635, 1925]",1,0.014273318462073803,1.8283555284142494,61,7,7,61,1.8283554023368782,1.6583554023368783,59.01639344262295,2.4669229236015,7,7,1.4273318844024603,0.7160559234807515,80,0.14930433794866194,-0.02069566205133806,52.5,0.089277912792145,7.0,2.0,-1.262790550712655,-0.7324008722472733,141,0.8757023161591669,0.705702316159167,55.319148936170215,1.1047882196936,14,9,-1.262790550712655,0.3511999734056189,0.936335190961642,0.23122891932239745
worst,60,long,22,3,LONG: vol60 >= 0.3487 AND prev2_sum <= 0.0775 AND n_prior >= 3.5,"[302, 723, 2273]",1,0.01422633696347475,1.8559101969003677,62,7,7,62,1.8559101103809503,1.6859101103809504,64.51612903225806,1.509803218002085,7,7,1.4226337756152068,0.8329622057621305,68,-0.07144398542549034,-0.24144398542549034,52.94117647058824,0.091502965868555,8.0,4.0,-4.228453043850953,-1.0536862564974874,130,0.8477556602668123,0.6777556602668122,58.46153846153847,0.9164168080185449,15,11,-4.228453043850953,0.2533504969400823,0.922456505034108,0.1430820567430887
worst,60,long,23,3,LONG: r6m <= 0.0312 AND nifty_3m <= -0.004277 AND dist_20h <= -0.07962,"[91, 633, 1929]",1,0.014149235561490059,2.3959076032042503,67,6,6,67,2.3959076254997833,2.2259076254997834,62.68656716417911,2.71737162904039,6,6,1.414923501833815,1.4517134512737087,83,0.28225014007863847,0.1122501400786385,51.80722891566265,0.13994677103847,7.0,4.0,-1.1593751974608202,-0.5027931141970852,150,1.22635048356675,1.05635048356675,56.666666666666664,1.16603093397733,13,10,-1.1593751974608202,0.7478270534363219,1.1428922110908708,0.4646760513626406
worst,60,long,24,3,LONG: nifty_3m <= 0.02789 AND dist_60h <= -0.1556 AND z20 <= -0.789,"[635, 1968, 2102]",1,0.014075450599193573,2.229212038218975,60,8,8,60,2.2292121622394476,2.0592121622394473,60.0,2.382634287908515,8,8,1.407545068391875,0.9727761186116896,87,0.32418897361375837,0.15418897361375836,50.57471264367817,0.03614106880028,7.0,4.0,-0.639918743727498,-0.4715850213419692,147,1.101749458767101,0.931749458767101,54.421768707483,0.93344411308053,15,12,-0.639918743727498,0.5582029363953195,1.0565210296239218,0.7393587924568417
worst,60,long,25,3,LONG: r1m <= -0.09424 AND vs_nifty_3m <= 0.01421 AND nifty_3m <= 0.02789,"[35, 617, 635]",1,0.014075450599193573,2.0556000992655754,61,8,8,61,2.0555999712755257,1.885599971275526,60.65573770491803,2.24025453463855,8,8,1.407545068391875,0.9856775301351807,101,-0.17242490922063314,-0.3424249092206331,50.495049504950494,0.03614106880028,7.0,4.0,-1.843022194726737,-0.8389308265635868,162,0.6665227309661922,0.4965227309661922,54.32098765432099,0.8811572748598401,15,12,-1.843022194726737,0.20551498230092233,0.7046546308719018,0.1255369909942332
worst,60,long,26,3,LONG: nifty_3m <= 0.02789 AND dist_60h <= -0.1556 AND z20 <= -0.6472,"[635, 1968, 2104]",1,0.014075450599193573,1.9676629453897476,63,8,8,63,1.9676630847627121,1.7976630847627122,57.14285714285714,2.14053462051533,8,8,1.407545068391875,0.753667778091844,93,0.2505173374461479,0.08051733744614792,49.46236559139785,-0.08050995062023,7.0,5.0,-0.7444903458156182,-0.4951852280903033,156,0.943980043093222,0.773980043093222,52.56410256410257,0.41262640403084,15,13,-0.7444903458156182,0.4276061804762529,0.9668810987096644,0.6111245643850303
worst,60,long,27,3,LONG: vol60 >= 0.2987 AND vs_nifty_3m >= -0.2419 AND season_so_far_3d <= -0.004125,"[298, 598, 1179]",1,0.013984265737235546,1.858682744204998,61,6,6,61,1.8586827602648262,1.6886827602648262,59.01639344262295,2.06007859867467,6,6,1.3984266347690626,0.927770036063888,59,-0.6624371905653399,-0.8324371905653398,47.45762711864407,-0.309337598775,5.0,2.0,-1.6757545974029973,-1.785679635848494,120,0.6191321177733276,0.44913211777332757,53.333333333333336,0.40367304266616,11,8,-1.6757545974029973,0.06658866671053552,0.7101538780310559,-0.13639459681469118
worst,60,long,28,3,LONG: vol60 >= 0.2987 AND season_so_far_3d <= -0.004125 AND dist_20l <= 0.05437,"[298, 1179, 1956]",1,0.013984265737235546,1.8173351883888245,61,6,6,61,1.817335470097371,1.6473354700973708,59.01639344262295,2.06007859867467,6,6,1.3984266347690626,0.8827310235600528,56,0.3452850322722818,0.17528503227228182,53.57142857142857,0.14217182411488,5.0,2.0,-1.9447849567653497,-0.849189465228468,117,1.1127643203691229,0.9427643203691228,56.41025641025641,1.22727364826106,11,8,-1.9447849567653497,0.5445378588158927,1.1128397598174808,0.5169177556880703
worst,60,long,29,3,LONG: vs_ma50 <= -0.02406 AND vol60 >= 0.3487 AND prev2_sum <= 0.0775,"[251, 302, 723]",1,0.013946046121418476,1.9445715472102165,60,9,9,60,1.9445712944725992,1.7745712944725993,63.33333333333333,1.4277512046973049,9,9,1.3946046772303886,0.8814219500252952,48,0.30002179732885187,0.13002179732885188,56.25,0.257929279692525,8.0,3.0,-2.8634055881418776,-1.0958836483400807,108,1.2136604068531562,1.0436604068531563,60.18518518518518,0.957912467737675,17,12,-2.8634055881418776,0.5100572837181129,1.2451395958461604,0.3753702309936324
worst,60,long,30,3,LONG: vs_ma50 <= -0.06044 AND nifty_3m <= -0.004277 AND dist_20h <= -0.09264,"[245, 633, 1927]",1,0.013897405005991459,2.4347253143787384,61,6,6,61,2.43472493606553,2.26472493606553,62.295081967213115,2.66588035728885,6,6,1.3897406255064426,1.3617844792890954,80,0.05939827793279278,-0.11060172206720721,50.0,-0.046168332336629994,7.0,3.0,-1.262790550712655,-0.79375545228633,141,1.087021867621424,0.917021867621424,55.319148936170215,1.1047882196936,13,9,-1.262790550712655,0.5680192020953904,1.0568472659324095,0.22557139751699157
worst,60,short,1,3,SHORT: sector_3m >= -0.08915 AND own_rd <= -0.003323 AND n_prior <= 7,"[548, 2176, 2279]",-1,0.01578878052532673,2.0295439288020134,70,6,6,70,2.0295440583849182,1.8595440583849183,71.42857142857143,2.58970739627139,6,6,1.5788779522498408,1.4189388396425817,2,3.57439958386496,3.40439958386496,100.0,3.57439958386496,1.0,1.0,3.57439958386496,,72,2.072456711870475,1.902456711870475,72.22222222222221,2.58970739627139,7,7,1.5788779522498408,1.4832809514104135,,
worst,60,short,2,3,SHORT: sector_3m >= -0.07523 AND own_rd <= -0.003323 AND n_prior <= 7,"[550, 2176, 2279]",-1,0.01578878052532673,2.0098835229873657,66,6,6,66,2.009883274827477,1.839883274827477,71.21212121212122,2.4248656885773,6,6,1.5788779522498408,1.3576268299743768,2,3.57439958386496,3.40439958386496,100.0,3.57439958386496,1.0,1.0,3.57439958386496,,68,2.055898460387403,1.885898460387403,72.05882352941177,2.4248656885773,7,7,1.5788779522498408,1.4280005681931252,,
worst,60,short,3,3,SHORT: exs_3d >= -0.05215 AND own_rd <= -0.005896 AND n_prior <= 7,"[1890, 2174, 2279]",-1,0.014643818140029907,2.0350417122244835,61,6,6,61,2.0350415670918602,1.8650415670918603,67.21311475409836,2.21837754117801,6,6,1.46438174881891,1.1961115566110019,1,6.57137871808499,6.401378718084991,100.0,6.57137871808499,1.0,1.0,6.57137871808499,,62,2.108208295333685,1.938208295333685,67.74193548387096,2.407519529407185,7,7,1.46438174881891,1.2904144892684404,,
worst,60,short,4,3,SHORT: exn_d0 >= -0.02399 AND own_rd <= -0.005896 AND n_prior <= 7,"[1762, 2174, 2279]",-1,0.014353491365909576,1.875021681189537,61,6,6,61,1.8750214190857182,1.7050214190857182,67.21311475409836,2.21837754117801,6,6,1.435349018707617,1.0218038953900261,1,6.57137871808499,6.401378718084991,100.0,6.57137871808499,1.0,1.0,6.57137871808499,,62,1.9507691174566744,1.7807691174566744,67.74193548387096,2.407519529407185,7,7,1.435349018707617,1.119164857191692,,
worst,60,short,5,3,SHORT: exs_3d >= -0.03644 AND own_rd <= -0.003323 AND n_prior <= 7,"[1894, 2176, 2279]",-1,0.013723039999604225,1.7355931922793388,68,6,6,68,1.7355930005028533,1.565593000502853,66.17647058823529,1.98026461702339,6,6,1.3723039750285957,0.9764213098787167,1,6.57137871808499,6.401378718084991,100.0,6.57137871808499,1.0,1.0,6.57137871808499,,69,1.8056768514823047,1.6356768514823046,66.66666666666666,2.21837754117801,7,7,1.3723039750285957,1.0638425193819399,,
worst,60,short,6,3,SHORT: nifty_1w >= 0.007359 AND sec_rank_3m >= 0.2175 AND n_prior <= 6,"[430, 1304, 2277]",-1,0.012955442070960999,2.3740962147712708,63,7,7,63,2.3740964191748875,2.2040964191748875,71.42857142857143,2.25306985951824,7,7,1.2955443190328089,1.5436510065670241,0,,,,,,,,,63,2.3740964191748875,2.2040964191748875,71.42857142857143,2.25306985951824,7,7,1.2955443190328089,1.5436510065670241,,
worst,60,short,7,3,SHORT: exn_3d >= -0.03848 AND own_rd <= -0.003323 AND n_prior <= 7,"[1790, 2176, 2279]",-1,0.012805040925741196,1.8826557323336601,65,6,6,65,1.8826556972570936,1.7126556972570934,67.6923076923077,2.21837754117801,6,6,1.2805039978550492,1.0977806468312705,1,6.57137871808499,6.401378718084991,100.0,6.57137871808499,1.0,1.0,6.57137871808499,,66,1.9536969551484256,1.7836969551484256,68.18181818181817,2.2357237003481254,7,7,1.2805039978550492,1.1875117627534628,,
worst,60,short,8,3,SHORT: sec_vs_nifty_1w <= 0.01544 AND own_rd <= -0.005896 AND n_prior <= 7,"[1219, 2174, 2279]",-1,0.012780826538801193,1.7461860552430153,60,6,6,60,1.7461859504530601,1.57618595045306,65.0,1.5949687970148,6,6,1.278082760278093,0.8657430655417501,1,6.57137871808499,6.401378718084991,100.0,6.57137871808499,1.0,1.0,6.57137871808499,,61,1.8252874712339113,1.6552874712339114,65.57377049180327,1.7421516928687701,7,7,1.278082760278093,0.9676294164800219,,
worst,60,short,9,3,SHORT: sec_vs_nifty_1m <= 0.03907 AND own_rd <= -0.005896 AND n_prior <= 7,"[1247, 2174, 2279]",-1,0.012780826538801193,1.6788143664598465,62,6,6,62,1.6788144182930953,1.5088144182930954,64.51612903225806,1.5949687970148,6,6,1.278082760278093,0.823354482662887,1,6.57137871808499,6.401378718084991,100.0,6.57137871808499,1.0,1.0,6.57137871808499,,63,1.756474169083443,1.586474169083443,65.07936507936508,1.7421516928687701,7,7,1.278082760278093,0.9224583487908543,,
worst,60,short,10,3,SHORT: sec_rank_1m <= 0.8333 AND own_rd <= -0.005896 AND n_prior <= 7,"[1295, 2174, 2279]",-1,0.012780826538801193,1.641116663813591,60,6,6,60,1.641116649737117,1.4711166497371169,63.33333333333333,1.5949687970148,6,6,1.278082760278093,0.7511220102152663,1,6.57137871808499,6.401378718084991,100.0,6.57137871808499,1.0,1.0,6.57137871808499,,61,1.7219406180706887,1.5519406180706887,63.934426229508205,1.7421516928687701,7,7,1.278082760278093,0.8550551657129398,,
worst,60,short,11,3,SHORT: sec_vs_nifty_1w <= 0.02491 AND own_rd <= -0.005896 AND n_prior <= 7,"[1221, 2174, 2279]",-1,0.012780826538801193,1.6308316960930824,61,6,6,61,1.6308316290798899,1.46083162907989,63.934426229508205,1.44778590116083,6,6,1.278082760278093,0.7558114455622484,1,6.57137871808499,6.401378718084991,100.0,6.57137871808499,1.0,1.0,6.57137871808499,,62,1.7105178724509402,1.5405178724509403,64.51612903225806,1.5949687970148,7,7,1.278082760278093,0.8578389415714192,,
worst,60,short,12,3,SHORT: r3d >= -0.07526 AND own_rd <= -0.005896 AND n_prior <= 7,"[1526, 2174, 2279]",-1,0.012750382535159588,2.0126905292272568,63,6,6,63,2.012690427791326,1.8426904277913259,66.66666666666666,2.21837754117801,6,6,1.2750381404373834,1.2007622160080376,1,6.57137871808499,6.401378718084991,100.0,6.57137871808499,1.0,1.0,6.57137871808499,,64,2.0839199323271647,1.9139199323271645,67.1875,2.407519529407185,7,7,1.2750381404373834,1.2917896143483245,,
worst,60,short,13,3,SHORT: intra0 >= -0.03862 AND own_rd <= -0.005896 AND n_prior <= 7,"[1630, 2174, 2279]",-1,0.012750382535159588,2.0114703103899956,63,6,6,63,2.0114703824681017,1.8414703824681018,66.66666666666666,2.21837754117801,6,6,1.2750381404373834,1.199436994363846,1,6.57137871808499,6.401378718084991,100.0,6.57137871808499,1.0,1.0,6.57137871808499,,64,2.082718950212116,1.912718950212116,67.1875,2.407519529407185,7,7,1.2750381404373834,1.2904868540879335,,
worst,60,short,14,3,SHORT: intra5 >= -0.1074 AND own_rd <= -0.005896 AND n_prior <= 7,"[1682, 2174, 2279]",-1,0.012750382535159588,1.977573148906231,62,6,6,62,1.9775730098910709,1.8075730098910707,66.12903225806451,1.98026461702339,6,6,1.2750381404373834,1.1483199682606842,1,6.57137871808499,6.401378718084991,100.0,6.57137871808499,1.0,1.0,6.57137871808499,,63,2.050490560814784,1.8804905608147837,66.66666666666666,2.21837754117801,7,7,1.2750381404373834,1.2418209811886898,,
worst,60,short,15,3,SHORT: r1w >= -0.1114 AND own_rd <= -0.005896 AND n_prior <= 7,"[0, 2174, 2279]",-1,0.012750382535159588,1.977573148906231,62,6,6,62,1.9775730098910709,1.8075730098910707,66.12903225806451,1.98026461702339,6,6,1.2750381404373834,1.1483199682606842,1,6.57137871808499,6.401378718084991,100.0,6.57137871808499,1.0,1.0,6.57137871808499,,63,2.050490560814784,1.8804905608147837,66.66666666666666,2.21837754117801,7,7,1.2750381404373834,1.2418209811886898,,
worst,60,short,16,3,SHORT: d0 >= -0.03781 AND own_rd <= -0.005896 AND n_prior <= 7,"[1422, 2174, 2279]",-1,0.012750382535159588,1.9251571968197823,63,6,6,63,1.9251570941148834,1.7551570941148835,65.07936507936508,1.7421516928687701,6,6,1.2750381404373834,1.1056829052905222,1,6.57137871808499,6.401378718084991,100.0,6.57137871808499,1.0,1.0,6.57137871808499,,64,1.9977543069894161,1.827754306989416,65.625,1.98026461702339,7,7,1.2750381404373834,1.1983218173717842,,
worst,60,short,17,3,SHORT: r2d >= -0.0591 AND own_rd <= -0.005896 AND n_prior <= 7,"[1500, 2174, 2279]",-1,0.012750382535159588,1.9251571968197823,63,6,6,63,1.9251570941148834,1.7551570941148835,65.07936507936508,1.7421516928687701,6,6,1.2750381404373834,1.1056829052905222,1,6.57137871808499,6.401378718084991,100.0,6.57137871808499,1.0,1.0,6.57137871808499,,64,1.9977543069894161,1.827754306989416,65.625,1.98026461702339,7,7,1.2750381404373834,1.1983218173717842,,
worst,60,short,18,3,SHORT: exn_d0 >= -0.03168 AND own_rd <= -0.005896 AND n_prior <= 7,"[1760, 2174, 2279]",-1,0.012750382535159588,1.7493445426225662,63,6,6,63,1.749344256270347,1.5793442562703468,65.07936507936508,1.7421516928687701,6,6,1.2750381404373834,0.9147137883214563,1,6.57137871808499,6.401378718084991,100.0,6.57137871808499,1.0,1.0,6.57137871808499,,64,1.8246885447362002,1.6546885447362003,65.625,1.98026461702339,7,7,1.2750381404373834,1.0105894650971095,,
worst,60,short,19,3,SHORT: own_rd <= -0.005896 AND pre5_vs_own >= -0.1277 AND n_prior <= 7,"[2174, 2243, 2279]",-1,0.012750382535159588,1.7488127574324608,62,6,6,62,1.7488126151516454,1.5788126151516455,64.51612903225806,1.98026461702339,6,6,1.2750381404373834,0.8994928722283274,1,6.57137871808499,6.401378718084991,100.0,6.57137871808499,1.0,1.0,6.57137871808499,,63,1.8253612834521749,1.655361283452175,65.07936507936508,2.21837754117801,7,7,1.2750381404373834,0.9972840075017182,,
worst,60,short,20,3,SHORT: volume_5d_vs_60d <= 1.747 AND own_rd <= -0.005896 AND n_prior <= 7,"[337, 2174, 2279]",-1,0.012750382535159588,1.7401603981852531,63,6,6,63,1.7401603340399603,1.5701603340399601,63.49206349206349,1.44778590116083,6,6,1.2750381404373834,0.9047381486574161,1,6.57137871808499,6.401378718084991,100.0,6.57137871808499,1.0,1.0,6.57137871808499,,64,1.8156481212906639,1.645648121290664,64.0625,1.5949687970148,7,7,1.2750381404373834,1.0007829040714427,,
worst,60,short,21,3,SHORT: nifty_1w >= 0.01857 AND d1 >= -0.02768 AND n_prior <= 9,"[434, 1450, 2281]",-1,0.012509460560977459,2.251478098332882,63,9,9,63,2.2514780983809244,2.0814780983809245,73.01587301587301,2.38822104814259,9,9,1.2509460994778865,1.6376513773598875,0,,,,,,,,,63,2.2514780983809244,2.0814780983809245,73.01587301587301,2.38822104814259,9,9,1.2509460994778865,1.6376513773598875,,
worst,60,short,22,3,SHORT: dist_20h >= -0.1298 AND own_rd <= -0.003323 AND n_prior <= 7,"[1922, 2176, 2279]",-1,0.012397514656186104,1.7220258712768555,61,6,6,61,1.7220256091330228,1.5520256091330227,65.57377049180327,1.7421516928687701,6,6,1.2397514901325544,0.8848179577319712,0,,,,,,,,,61,1.7220256091330228,1.5520256091330227,65.57377049180327,1.7421516928687701,6,6,1.2397514901325544,0.8848179577319712,,
worst,60,short,23,3,SHORT: d1 >= -0.03498 AND own_rd <= -0.005896 AND n_prior <= 7,"[1448, 2174, 2279]",-1,0.012364058755338192,1.6127776354551315,63,6,6,63,1.6127775074803772,1.442777507480377,61.904761904761905,1.44778590116083,6,6,1.2364056817956528,0.7775724389556706,1,6.57137871808499,6.401378718084991,100.0,6.57137871808499,1.0,1.0,6.57137871808499,,64,1.690255651396074,1.520255651396074,62.5,1.5949687970148,7,7,1.2364056817956528,0.8757725453815918,,
worst,60,short,24,3,SHORT: vs_sector_1w >= -0.07762 AND own_rd <= -0.005896 AND n_prior <= 7,"[364, 2174, 2279]",-1,0.01227766927331686,1.7706483602523804,61,6,6,61,1.7706482625146063,1.6006482625146061,63.934426229508205,1.44778590116083,6,6,1.2277668206951744,0.9110720407127691,1,6.57137871808499,6.401378718084991,100.0,6.57137871808499,1.0,1.0,6.57137871808499,,62,1.848079398894774,1.6780793988947738,64.51612903225806,1.5949687970148,7,7,1.2277668206951744,1.01037566663158,,
worst,60,short,25,3,SHORT: intra0 >= -0.0235 AND own_rd <= -0.003323 AND n_prior <= 7,"[1634, 2176, 2279]",-1,0.012181378901004791,2.082017809152603,69,6,6,69,2.0820179927794826,1.9120179927794827,71.01449275362319,2.58275327490642,6,6,1.2181378751666965,1.3542145588798187,2,3.57439958386496,3.40439958386496,100.0,3.57439958386496,1.0,1.0,3.57439958386496,,71,2.124056910838229,1.9540569108382286,71.83098591549296,2.58275327490642,7,7,1.2181378751666965,1.4214928929702777,,
worst,60,short,26,3,SHORT: intra0 >= -0.02771 AND own_rd <= -0.003323 AND n_prior <= 7,"[1632, 2176, 2279]",-1,0.012181378901004791,1.780237816274166,75,6,6,75,1.7802377831613092,1.6102377831613093,68.0,2.25306985951824,6,6,1.2181378751666965,1.0932617714803186,2,3.57439958386496,3.40439958386496,100.0,3.57439958386496,1.0,1.0,3.57439958386496,,77,1.826839388374391,1.6568393883743908,68.83116883116884,2.25306985951824,7,7,1.2181378751666965,1.1621822662687806,,
worst,60,short,27,3,SHORT: nifty_d0 >= -0.01256 AND own_rd <= -0.005896 AND n_prior <= 7,"[1708, 2174, 2279]",-1,0.012178495526313782,2.303719148039818,61,6,6,61,2.303719086905515,2.133719086905515,68.85245901639344,2.59666151763636,6,6,1.217849407449871,1.488778140693733,0,,,,,,,,,61,2.303719086905515,2.133719086905515,68.85245901639344,2.59666151763636,6,6,1.217849407449871,1.488778140693733,,
worst,60,short,28,3,SHORT: nifty_d0 >= -0.009902 AND own_rd <= -0.005896 AND n_prior <= 7,"[1710, 2174, 2279]",-1,0.012178495526313782,2.284090407192707,60,6,6,60,2.2840902994550922,2.1140902994550923,68.33333333333333,2.407519529407185,6,6,1.217849407449871,1.452547809907603,0,,,,,,,,,60,2.2840902994550922,2.1140902994550923,68.33333333333333,2.407519529407185,6,6,1.217849407449871,1.452547809907603,,
worst,60,short,29,3,SHORT: sec_d0 >= -0.01681 AND own_rd <= -0.005896 AND n_prior <= 7,"[1840, 2174, 2279]",-1,0.012178495526313782,2.0701033994555473,60,6,6,60,2.0701034135695684,1.9001034135695685,66.66666666666666,2.407519529407185,6,6,1.217849407449871,1.2191075707597587,0,,,,,,,,,60,2.0701034135695684,1.9001034135695685,66.66666666666666,2.407519529407185,6,6,1.217849407449871,1.2191075707597587,,
worst,60,short,30,3,SHORT: r1m >= -0.1898 AND own_rd <= -0.005896 AND n_prior <= 7,"[26, 2174, 2279]",-1,0.012178495526313782,1.6362236812710762,63,6,6,63,1.6362236608771046,1.4662236608771047,63.49206349206349,1.44778590116083,6,6,1.217849407449871,0.79184141746328,1,6.57137871808499,6.401378718084991,100.0,6.57137871808499,1.0,1.0,6.57137871808499,,64,1.713335458645978,1.543335458645978,64.0625,1.5949687970148,7,7,1.217849407449871,0.8897996767958511,,
