objective,min_trades,variant,qn,symbol,side,pnl,tp_pnl,rule
mean,15,best_either,8,PERSISTENT,short,-0.0394995294797666,,SHORT: r5y >= 2.448 AND nifty_1m >= 0.01122 AND days_since_dividend >= 20
mean,15,best_short,8,PERSISTENT,short,-0.0394995294797666,,SHORT: r5y >= 2.448 AND nifty_1m >= 0.01122 AND days_since_dividend >= 20
mean,15,top5_either,8,PERSISTENT,short,-0.0394995294797666,,SHORT: r5y >= 2.448 AND nifty_1m >= 0.01122 AND days_since_dividend >= 20
mean,15,top5_either,8,PERSISTENT,short,-0.0394995294797666,,SHORT: r5y >= 2.448 AND nifty_1m >= 0.01122 AND days_since_dividend >= 30
mean,15,top5_either,8,PERSISTENT,short,-0.0394995294797666,,SHORT: r5y >= 2.448 AND nifty_1m >= 0.01122 AND nifty_3m >= -0.04011
mean,60,best_either,8,PERSISTENT,long,0.0394995294797666,0.0327687818940565,LONG: r1m <= -0.04536 AND nifty_1w <= -0.006081 AND days_after_quarter_end >= 22
mean,60,best_either,8,CROMPTON,long,0.0224025453463855,0.0224025453463855,LONG: r1m <= -0.04536 AND nifty_1w <= -0.006081 AND days_after_quarter_end >= 22
mean,60,best_either,8,SHREECEM,long,0.0322950799504284,0.0322950799504284,LONG: r1m <= -0.04536 AND nifty_1w <= -0.006081 AND days_after_quarter_end >= 22
mean,60,best_either,8,NMDC,long,-0.0051730456766921,-0.0051730456766921,LONG: r1m <= -0.04536 AND nifty_1w <= -0.006081 AND days_after_quarter_end >= 22
mean,60,best_long,8,PERSISTENT,long,0.0394995294797666,0.0327687818940565,LONG: r1m <= -0.04536 AND nifty_1w <= -0.006081 AND days_after_quarter_end >= 22
mean,60,best_long,8,CROMPTON,long,0.0224025453463855,0.0224025453463855,LONG: r1m <= -0.04536 AND nifty_1w <= -0.006081 AND days_after_quarter_end >= 22
mean,60,best_long,8,SHREECEM,long,0.0322950799504284,0.0322950799504284,LONG: r1m <= -0.04536 AND nifty_1w <= -0.006081 AND days_after_quarter_end >= 22
mean,60,best_long,8,NMDC,long,-0.0051730456766921,-0.0051730456766921,LONG: r1m <= -0.04536 AND nifty_1w <= -0.006081 AND days_after_quarter_end >= 22
mean,60,best_short,8,HCLTECH,short,0.0137596965179003,,SHORT: d1 <= -0.006995 AND r3d >= -0.03846 AND gap5 <= 0.02404
mean,60,best_short,8,LAURUSLABS,short,-0.0419727338775346,,SHORT: d1 <= -0.006995 AND r3d >= -0.03846 AND gap5 <= 0.02404
mean,60,best_short,8,NMDC,short,0.0051730456766921,,SHORT: d1 <= -0.006995 AND r3d >= -0.03846 AND gap5 <= 0.02404
mean,60,top5_either,8,PERSISTENT,long,0.0394995294797666,0.0327687818940565,LONG: r1m <= -0.04536 AND nifty_1w <= -0.006081 AND days_after_quarter_end >= 22
mean,60,top5_either,8,CROMPTON,long,0.0224025453463855,0.0224025453463855,LONG: r1m <= -0.04536 AND nifty_1w <= -0.006081 AND days_after_quarter_end >= 22
mean,60,top5_either,8,SHREECEM,long,0.0322950799504284,0.0322950799504284,LONG: r1m <= -0.04536 AND nifty_1w <= -0.006081 AND days_after_quarter_end >= 22
mean,60,top5_either,8,NMDC,long,-0.0051730456766921,-0.0051730456766921,LONG: r1m <= -0.04536 AND nifty_1w <= -0.006081 AND days_after_quarter_end >= 22
mean,60,top5_either,8,PERSISTENT,long,0.0394995294797666,0.0327687818940565,LONG: r1m <= -0.04536 AND nifty_1w <= -0.006081 AND nifty_3d <= 0.006309
mean,60,top5_either,8,CROMPTON,long,0.0224025453463855,0.0224025453463855,LONG: r1m <= -0.04536 AND nifty_1w <= -0.006081 AND nifty_3d <= 0.006309
mean,60,top5_either,8,SHREECEM,long,0.0322950799504284,0.0322950799504284,LONG: r1m <= -0.04536 AND nifty_1w <= -0.006081 AND nifty_3d <= 0.006309
mean,60,top5_either,8,NMDC,long,-0.0051730456766921,-0.0051730456766921,LONG: r1m <= -0.04536 AND nifty_1w <= -0.006081 AND nifty_3d <= 0.006309
mean,60,top5_either,8,LAURUSLABS,long,0.0419727338775346,0.0419727338775346,LONG: nifty_1w <= 0.0145 AND prev_sales_yoy >= -0.1229 AND up10 <= 0.3
mean,60,top5_either,8,TECHM,long,0.0266588035728885,0.0266588035728885,LONG: nifty_1w <= 0.0145 AND prev_sales_yoy >= -0.1229 AND up10 <= 0.3
mean,60,top5_either,8,CROMPTON,long,0.0224025453463855,0.0224025453463855,LONG: nifty_1w <= 0.0145 AND prev_sales_yoy >= -0.1229 AND up10 <= 0.3
mean,60,top5_either,8,JSWSTEEL,long,0.0137063725084333,0.0137063725084333,LONG: nifty_1w <= 0.0145 AND prev_sales_yoy >= -0.1229 AND up10 <= 0.3
mean,60,top5_either,8,SUNPHARMA,long,0.0173448858543785,0.0173448858543785,LONG: nifty_1w <= 0.0145 AND prev_sales_yoy >= -0.1229 AND up10 <= 0.3
mean,60,top5_either,8,CROMPTON,long,0.0224025453463855,0.0224025453463855,LONG: r1m <= -0.04536 AND r3m <= 0.07148 AND nifty_1w <= -0.006081
mean,60,top5_either,8,SHREECEM,long,0.0322950799504284,0.0322950799504284,LONG: r1m <= -0.04536 AND r3m <= 0.07148 AND nifty_1w <= -0.006081
mean,60,top5_either,8,NMDC,long,-0.0051730456766921,-0.0051730456766921,LONG: r1m <= -0.04536 AND r3m <= 0.07148 AND nifty_1w <= -0.006081
mean,60,top5_either,8,PERSISTENT,long,0.0394995294797666,0.0327687818940565,LONG: nifty_1w <= -0.006081 AND days_after_quarter_end >= 22 AND nifty_3d <= 0.01664
mean,60,top5_either,8,CROMPTON,long,0.0224025453463855,0.0224025453463855,LONG: nifty_1w <= -0.006081 AND days_after_quarter_end >= 22 AND nifty_3d <= 0.01664
mean,60,top5_either,8,JSWSTEEL,long,0.0137063725084333,0.0137063725084333,LONG: nifty_1w <= -0.006081 AND days_after_quarter_end >= 22 AND nifty_3d <= 0.01664
mean,60,top5_either,8,DIVISLAB,long,0.0732978071743413,0.0362993385679093,LONG: nifty_1w <= -0.006081 AND days_after_quarter_end >= 22 AND nifty_3d <= 0.01664
mean,60,top5_either,8,SHREECEM,long,0.0322950799504284,0.0322950799504284,LONG: nifty_1w <= -0.006081 AND days_after_quarter_end >= 22 AND nifty_3d <= 0.01664
mean,60,top5_either,8,NMDC,long,-0.0051730456766921,-0.0051730456766921,LONG: nifty_1w <= -0.006081 AND days_after_quarter_end >= 22 AND nifty_3d <= 0.01664
fpos,15,best_short,8,PERSISTENT,short,-0.0394995294797666,,SHORT: r5y >= 2.448 AND intra5 >= -0.03636 AND vol20_60 >= 0.6911
fpos,15,top5_either,8,MPHASIS,long,0.0308183031748496,0.0308183031748496,LONG: r3y <= 1.947 AND vs_ma50 <= -0.08243 AND vs_nifty_1m >= -0.08098
fpos,15,top5_either,8,MPHASIS,long,0.0308183031748496,0.0308183031748496,LONG: vs_ma50 <= -0.08243 AND vs_nifty_1m >= -0.08098 AND maxabs5 >= 0.01443
fpos,30,top5_either,8,PERSISTENT,long,0.0394995294797666,0.0327687818940565,LONG: vol60 <= 0.4174 AND nifty_1w <= -0.006081 AND r10d <= -0.05192
fpos,60,best_either,8,LAURUSLABS,long,0.0419727338775346,0.0419727338775346,LONG: nifty_1w <= 0.0145 AND prev_sales_yoy >= -0.1229 AND up10 <= 0.3
fpos,60,best_either,8,TECHM,long,0.0266588035728885,0.0266588035728885,LONG: nifty_1w <= 0.0145 AND prev_sales_yoy >= -0.1229 AND up10 <= 0.3
fpos,60,best_either,8,CROMPTON,long,0.0224025453463855,0.0224025453463855,LONG: nifty_1w <= 0.0145 AND prev_sales_yoy >= -0.1229 AND up10 <= 0.3
fpos,60,best_either,8,JSWSTEEL,long,0.0137063725084333,0.0137063725084333,LONG: nifty_1w <= 0.0145 AND prev_sales_yoy >= -0.1229 AND up10 <= 0.3
fpos,60,best_either,8,SUNPHARMA,long,0.0173448858543785,0.0173448858543785,LONG: nifty_1w <= 0.0145 AND prev_sales_yoy >= -0.1229 AND up10 <= 0.3
fpos,60,best_long,8,LAURUSLABS,long,0.0419727338775346,0.0419727338775346,LONG: nifty_1w <= 0.0145 AND prev_sales_yoy >= -0.1229 AND up10 <= 0.3
fpos,60,best_long,8,TECHM,long,0.0266588035728885,0.0266588035728885,LONG: nifty_1w <= 0.0145 AND prev_sales_yoy >= -0.1229 AND up10 <= 0.3
fpos,60,best_long,8,CROMPTON,long,0.0224025453463855,0.0224025453463855,LONG: nifty_1w <= 0.0145 AND prev_sales_yoy >= -0.1229 AND up10 <= 0.3
fpos,60,best_long,8,JSWSTEEL,long,0.0137063725084333,0.0137063725084333,LONG: nifty_1w <= 0.0145 AND prev_sales_yoy >= -0.1229 AND up10 <= 0.3
fpos,60,best_long,8,SUNPHARMA,long,0.0173448858543785,0.0173448858543785,LONG: nifty_1w <= 0.0145 AND prev_sales_yoy >= -0.1229 AND up10 <= 0.3
fpos,60,best_short,8,HCLTECH,short,0.0137596965179003,,SHORT: d1 <= -0.006995 AND r3d >= -0.03846 AND gap5 <= 0.02404
fpos,60,best_short,8,LAURUSLABS,short,-0.0419727338775346,,SHORT: d1 <= -0.006995 AND r3d >= -0.03846 AND gap5 <= 0.02404
fpos,60,best_short,8,NMDC,short,0.0051730456766921,,SHORT: d1 <= -0.006995 AND r3d >= -0.03846 AND gap5 <= 0.02404
fpos,60,top5_either,8,LAURUSLABS,long,0.0419727338775346,0.0419727338775346,LONG: nifty_1w <= 0.0145 AND prev_sales_yoy >= -0.1229 AND up10 <= 0.3
fpos,60,top5_either,8,TECHM,long,0.0266588035728885,0.0266588035728885,LONG: nifty_1w <= 0.0145 AND prev_sales_yoy >= -0.1229 AND up10 <= 0.3
fpos,60,top5_either,8,CROMPTON,long,0.0224025453463855,0.0224025453463855,LONG: nifty_1w <= 0.0145 AND prev_sales_yoy >= -0.1229 AND up10 <= 0.3
fpos,60,top5_either,8,JSWSTEEL,long,0.0137063725084333,0.0137063725084333,LONG: nifty_1w <= 0.0145 AND prev_sales_yoy >= -0.1229 AND up10 <= 0.3
fpos,60,top5_either,8,SUNPHARMA,long,0.0173448858543785,0.0173448858543785,LONG: nifty_1w <= 0.0145 AND prev_sales_yoy >= -0.1229 AND up10 <= 0.3
fpos,60,top5_either,8,LAURUSLABS,long,0.0419727338775346,0.0419727338775346,LONG: nifty_1w <= 0.02282 AND prev_sales_yoy >= -0.1229 AND up10 <= 0.3
fpos,60,top5_either,8,TECHM,long,0.0266588035728885,0.0266588035728885,LONG: nifty_1w <= 0.02282 AND prev_sales_yoy >= -0.1229 AND up10 <= 0.3
fpos,60,top5_either,8,CROMPTON,long,0.0224025453463855,0.0224025453463855,LONG: nifty_1w <= 0.02282 AND prev_sales_yoy >= -0.1229 AND up10 <= 0.3
fpos,60,top5_either,8,JSWSTEEL,long,0.0137063725084333,0.0137063725084333,LONG: nifty_1w <= 0.02282 AND prev_sales_yoy >= -0.1229 AND up10 <= 0.3
fpos,60,top5_either,8,SUNPHARMA,long,0.0173448858543785,0.0173448858543785,LONG: nifty_1w <= 0.02282 AND prev_sales_yoy >= -0.1229 AND up10 <= 0.3
fpos,60,top5_either,8,LAURUSLABS,long,0.0419727338775346,0.0419727338775346,LONG: prev_sales_yoy >= -0.1229 AND nifty_3d <= 0.01248 AND up10 <= 0.3
fpos,60,top5_either,8,TECHM,long,0.0266588035728885,0.0266588035728885,LONG: prev_sales_yoy >= -0.1229 AND nifty_3d <= 0.01248 AND up10 <= 0.3
fpos,60,top5_either,8,CROMPTON,long,0.0224025453463855,0.0224025453463855,LONG: prev_sales_yoy >= -0.1229 AND nifty_3d <= 0.01248 AND up10 <= 0.3
fpos,60,top5_either,8,JSWSTEEL,long,0.0137063725084333,0.0137063725084333,LONG: prev_sales_yoy >= -0.1229 AND nifty_3d <= 0.01248 AND up10 <= 0.3
fpos,60,top5_either,8,SUNPHARMA,long,0.0173448858543785,0.0173448858543785,LONG: prev_sales_yoy >= -0.1229 AND nifty_3d <= 0.01248 AND up10 <= 0.3
fpos,60,top5_either,8,CROMPTON,long,0.0224025453463855,0.0224025453463855,LONG: r3m <= 0.07148 AND nifty_1w <= -0.006081 AND z20 <= -0.4771
fpos,60,top5_either,8,JSWSTEEL,long,0.0137063725084333,0.0137063725084333,LONG: r3m <= 0.07148 AND nifty_1w <= -0.006081 AND z20 <= -0.4771
fpos,60,top5_either,8,SHREECEM,long,0.0322950799504284,0.0322950799504284,LONG: r3m <= 0.07148 AND nifty_1w <= -0.006081 AND z20 <= -0.4771
fpos,60,top5_either,8,NMDC,long,-0.0051730456766921,-0.0051730456766921,LONG: r3m <= 0.07148 AND nifty_1w <= -0.006081 AND z20 <= -0.4771
fpos,60,top5_either,8,CROMPTON,long,0.0224025453463855,0.0224025453463855,LONG: r3m <= 0.07148 AND nifty_1w <= -0.006081 AND r20d <= -0.04018
fpos,60,top5_either,8,NMDC,long,-0.0051730456766921,-0.0051730456766921,LONG: r3m <= 0.07148 AND nifty_1w <= -0.006081 AND r20d <= -0.04018
worst,15,best_short,8,HCLTECH,short,0.0137596965179003,,SHORT: r1m >= -0.04536 AND d1 <= -0.006995 AND exn_10d >= -0.05658
worst,15,best_short,8,LAURUSLABS,short,-0.0419727338775346,,SHORT: r1m >= -0.04536 AND d1 <= -0.006995 AND exn_10d >= -0.05658
worst,15,top5_either,8,MPHASIS,long,0.0308183031748496,0.0308183031748496,LONG: vs_ma50 <= -0.08243 AND vs_nifty_1m >= -0.08098 AND maxabs5 >= 0.01443
worst,15,top5_either,8,MPHASIS,long,0.0308183031748496,0.0308183031748496,LONG: r3y <= 1.947 AND vs_ma50 <= -0.08243 AND vs_nifty_1m >= -0.08098
worst,30,best_either,8,LAURUSLABS,short,-0.0419727338775346,,SHORT: nifty_1m >= 0.02326 AND d1 <= -0.006995 AND gap0 <= 0.005013
worst,30,best_either,8,NMDC,short,0.0051730456766921,,SHORT: nifty_1m >= 0.02326 AND d1 <= -0.006995 AND gap0 <= 0.005013
worst,30,best_long,8,CROMPTON,long,0.0224025453463855,0.0224025453463855,LONG: vs_ma50 <= -0.08243 AND days_after_quarter_end >= 27 AND peers_reported_n <= 2
worst,30,best_short,8,LAURUSLABS,short,-0.0419727338775346,,SHORT: nifty_1m >= 0.02326 AND d1 <= -0.006995 AND gap0 <= 0.005013
worst,30,best_short,8,NMDC,short,0.0051730456766921,,SHORT: nifty_1m >= 0.02326 AND d1 <= -0.006995 AND gap0 <= 0.005013
worst,30,top5_either,8,LAURUSLABS,short,-0.0419727338775346,,SHORT: nifty_1m >= 0.02326 AND d1 <= -0.006995 AND gap0 <= 0.005013
worst,30,top5_either,8,NMDC,short,0.0051730456766921,,SHORT: nifty_1m >= 0.02326 AND d1 <= -0.006995 AND gap0 <= 0.005013
worst,30,top5_either,8,CROMPTON,long,0.0224025453463855,0.0224025453463855,LONG: vs_ma50 <= -0.08243 AND days_after_quarter_end >= 27 AND peers_reported_n <= 2
worst,30,top5_either,8,CROMPTON,long,0.0224025453463855,0.0224025453463855,LONG: vs_ma50 <= -0.1034 AND vol60 <= 0.4582 AND dist_20h <= -0.1187
worst,30,top5_either,8,CROMPTON,long,0.0224025453463855,0.0224025453463855,LONG: vs_ma50 <= -0.1034 AND sec_3d <= 0.01888 AND vol20_60 >= 0.89
worst,30,top5_either,8,CROMPTON,long,0.0224025453463855,0.0224025453463855,LONG: vs_ma50 <= -0.1034 AND sec_3d <= 0.02264 AND vol20_60 >= 0.89
worst,60,best_short,8,INDUSTOWER,short,-0.0430472329150914,,SHORT: sector_3m >= -0.08366 AND sector_3m <= 0.1577 AND own_rd <= -0.003831
worst,60,best_short,8,LAURUSLABS,short,-0.0419727338775346,,SHORT: sector_3m >= -0.08366 AND sector_3m <= 0.1577 AND own_rd <= -0.003831
worst,60,best_short,8,GODREJCP,short,-0.0409240462589675,,SHORT: sector_3m >= -0.08366 AND sector_3m <= 0.1577 AND own_rd <= -0.003831
worst,60,best_short,8,MANAPPURAM,short,0.0370586274850514,,SHORT: sector_3m >= -0.08366 AND sector_3m <= 0.1577 AND own_rd <= -0.003831
worst,60,best_short,8,CROMPTON,short,-0.0224025453463855,,SHORT: sector_3m >= -0.08366 AND sector_3m <= 0.1577 AND own_rd <= -0.003831
worst,60,best_short,8,JSWSTEEL,short,-0.0137063725084333,,SHORT: sector_3m >= -0.08366 AND sector_3m <= 0.1577 AND own_rd <= -0.003831
worst,60,best_short,8,DIVISLAB,short,-0.0732978071743413,,SHORT: sector_3m >= -0.08366 AND sector_3m <= 0.1577 AND own_rd <= -0.003831
worst,60,top5_either,8,LTM,long,0.055175160846179,0.0321898478362141,LONG: days_after_quarter_end >= 27 AND r10d <= -0.06395 AND vol20_60 >= 0.585
worst,60,top5_either,8,TECHM,long,0.0266588035728885,0.0266588035728885,LONG: days_after_quarter_end >= 27 AND r10d <= -0.06395 AND vol20_60 >= 0.585
worst,60,top5_either,8,MANAPPURAM,long,-0.0370586274850514,-0.0370586274850514,LONG: days_after_quarter_end >= 27 AND r10d <= -0.06395 AND vol20_60 >= 0.585
worst,60,top5_either,8,HINDALCO,long,-0.0084220380537564,-0.0084220380537564,LONG: days_after_quarter_end >= 27 AND r10d <= -0.06395 AND vol20_60 >= 0.585
worst,60,top5_either,8,LTM,long,0.055175160846179,0.0321898478362141,LONG: r6m <= 0.4416 AND days_after_quarter_end >= 27 AND r10d <= -0.06395
worst,60,top5_either,8,TECHM,long,0.0266588035728885,0.0266588035728885,LONG: r6m <= 0.4416 AND days_after_quarter_end >= 27 AND r10d <= -0.06395
worst,60,top5_either,8,MANAPPURAM,long,-0.0370586274850514,-0.0370586274850514,LONG: r6m <= 0.4416 AND days_after_quarter_end >= 27 AND r10d <= -0.06395
worst,60,top5_either,8,HINDALCO,long,-0.0084220380537564,-0.0084220380537564,LONG: r6m <= 0.4416 AND days_after_quarter_end >= 27 AND r10d <= -0.06395
worst,60,top5_either,8,LTM,long,0.055175160846179,0.0321898478362141,LONG: prev_sales_yoy >= -0.1229 AND days_after_quarter_end >= 25 AND r10d <= -0.06395
worst,60,top5_either,8,TECHM,long,0.0266588035728885,0.0266588035728885,LONG: prev_sales_yoy >= -0.1229 AND days_after_quarter_end >= 25 AND r10d <= -0.06395
worst,60,top5_either,8,MANAPPURAM,long,-0.0370586274850514,-0.0370586274850514,LONG: prev_sales_yoy >= -0.1229 AND days_after_quarter_end >= 25 AND r10d <= -0.06395
worst,60,top5_either,8,HINDALCO,long,-0.0084220380537564,-0.0084220380537564,LONG: prev_sales_yoy >= -0.1229 AND days_after_quarter_end >= 25 AND r10d <= -0.06395
worst,60,top5_either,8,LTM,long,0.055175160846179,0.0321898478362141,LONG: prev_sales_yoy >= -0.1229 AND r10d <= -0.06395 AND maxabs5 >= 0.01622
worst,60,top5_either,8,TECHM,long,0.0266588035728885,0.0266588035728885,LONG: prev_sales_yoy >= -0.1229 AND r10d <= -0.06395 AND maxabs5 >= 0.01622
worst,60,top5_either,8,MANAPPURAM,long,-0.0370586274850514,-0.0370586274850514,LONG: prev_sales_yoy >= -0.1229 AND r10d <= -0.06395 AND maxabs5 >= 0.01622
mean,15,best_short,9,HINDUNILVR,short,0.0290429746470335,,SHORT: nifty_1w >= 0.009259 AND vol20_60 >= 0.7693 AND maxabs5 <= 0.01596
mean,15,best_short,9,TVSMOTOR,short,-0.0305020621119547,,SHORT: nifty_1w >= 0.009259 AND vol20_60 >= 0.7693 AND maxabs5 <= 0.01596
mean,15,top5_either,9,HINDUNILVR,short,0.0290429746470335,,SHORT: nifty_1w >= 0.009259 AND vol20_60 >= 0.7693 AND maxabs5 <= 0.01596
mean,15,top5_either,9,TVSMOTOR,short,-0.0305020621119547,,SHORT: nifty_1w >= 0.009259 AND vol20_60 >= 0.7693 AND maxabs5 <= 0.01596
mean,15,top5_either,9,SRF,short,0.0350119544260588,,SHORT: r5y >= 2.378 AND nifty_1m >= 0.005944 AND intra5 >= -0.03392
mean,15,top5_either,9,LAURUSLABS,short,0.0262521261586374,,SHORT: r5y >= 2.378 AND nifty_1m >= 0.005944 AND intra5 >= -0.03392
mean,15,top5_either,9,APOLLOHOSP,short,0.0325218910866538,,SHORT: r5y >= 2.378 AND nifty_1m >= 0.005944 AND intra5 >= -0.03392
mean,15,top5_either,9,AUBANK,short,0.0538458781293151,,SHORT: peers_reported_n >= 3 AND sec_from_52w_high >= -0.04937 AND exn_d0 <= 0.001851
mean,15,top5_either,9,IEX,short,0.005575437907583,,SHORT: peers_reported_n >= 3 AND sec_from_52w_high >= -0.04937 AND exn_d0 <= 0.001851
mean,15,top5_either,9,BANKBARODA,short,-0.0084963830651707,,SHORT: peers_reported_n >= 3 AND sec_from_52w_high >= -0.04937 AND exn_d0 <= 0.001851
mean,30,best_short,9,SRF,short,0.0350119544260588,,SHORT: vs_ma200 >= -0.1465 AND nifty_1w >= 0.009259 AND dist_60h <= -0.1128
mean,30,top5_either,9,UPL,long,-0.0016719108870046,-0.0016719108870046,LONG: vs_ma50 <= -0.05386 AND nifty_1w <= -0.01321 AND d2 >= -0.01907
mean,30,top5_either,9,UPL,long,-0.0016719108870046,-0.0016719108870046,LONG: nifty_1w <= -0.01321 AND sec_d0 <= 0.0008612 AND z20 <= -0.7455
mean,30,top5_either,9,BANKBARODA,long,0.0084963830651707,0.0084963830651707,LONG: nifty_1w <= -0.01321 AND sec_d0 <= 0.0008612 AND z20 <= -0.7455
mean,30,top5_either,9,GODREJCP,long,-0.0046874513951111,-0.0046874513951111,LONG: nifty_1w <= -0.01321 AND sec_d0 <= 0.0008612 AND z20 <= -0.7455
mean,60,best_either,9,UPL,long,-0.0016719108870046,-0.0016719108870046,LONG: nifty_1w <= -0.006081 AND days_after_quarter_end >= 25 AND nifty_3d <= 0.005184
mean,60,best_either,9,BANKBARODA,long,0.0084963830651707,0.0084963830651707,LONG: nifty_1w <= -0.006081 AND days_after_quarter_end >= 25 AND nifty_3d <= 0.005184
mean,60,best_either,9,GODREJCP,long,-0.0046874513951111,-0.0046874513951111,LONG: nifty_1w <= -0.006081 AND days_after_quarter_end >= 25 AND nifty_3d <= 0.005184
mean,60,best_long,9,UPL,long,-0.0016719108870046,-0.0016719108870046,LONG: nifty_1w <= -0.006081 AND days_after_quarter_end >= 25 AND nifty_3d <= 0.005184
mean,60,best_long,9,BANKBARODA,long,0.0084963830651707,0.0084963830651707,LONG: nifty_1w <= -0.006081 AND days_after_quarter_end >= 25 AND nifty_3d <= 0.005184
mean,60,best_long,9,GODREJCP,long,-0.0046874513951111,-0.0046874513951111,LONG: nifty_1w <= -0.006081 AND days_after_quarter_end >= 25 AND nifty_3d <= 0.005184
mean,60,best_short,9,WIPRO,short,-0.0330057584297209,,SHORT: d1 <= -0.006367 AND gap5 <= 0.02284 AND intra5 >= -0.04767
mean,60,best_short,9,BANDHANBNK,short,0.0279397728667715,,SHORT: d1 <= -0.006367 AND gap5 <= 0.02284 AND intra5 >= -0.04767
mean,60,best_short,9,ULTRACEMCO,short,0.0129769113534218,,SHORT: d1 <= -0.006367 AND gap5 <= 0.02284 AND intra5 >= -0.04767
mean,60,best_short,9,TVSMOTOR,short,-0.0305020621119547,,SHORT: d1 <= -0.006367 AND gap5 <= 0.02284 AND intra5 >= -0.04767
mean,60,best_short,9,SHREECEM,short,-0.0274874291795419,,SHORT: d1 <= -0.006367 AND gap5 <= 0.02284 AND intra5 >= -0.04767
mean,60,best_short,9,BANKBARODA,short,-0.0084963830651707,,SHORT: d1 <= -0.006367 AND gap5 <= 0.02284 AND intra5 >= -0.04767
mean,60,top5_either,9,UPL,long,-0.0016719108870046,-0.0016719108870046,LONG: nifty_1w <= -0.006081 AND days_after_quarter_end >= 25 AND nifty_3d <= 0.005184
mean,60,top5_either,9,BANKBARODA,long,0.0084963830651707,0.0084963830651707,LONG: nifty_1w <= -0.006081 AND days_after_quarter_end >= 25 AND nifty_3d <= 0.005184
mean,60,top5_either,9,GODREJCP,long,-0.0046874513951111,-0.0046874513951111,LONG: nifty_1w <= -0.006081 AND days_after_quarter_end >= 25 AND nifty_3d <= 0.005184
mean,60,top5_either,9,BANKBARODA,long,0.0084963830651707,0.0084963830651707,LONG: nifty_1w <= -0.006081 AND nifty_1m <= 0.0319 AND nifty_3d <= 0.005184
mean,60,top5_either,9,GODREJCP,long,-0.0046874513951111,-0.0046874513951111,LONG: nifty_1w <= -0.006081 AND nifty_1m <= 0.0319 AND nifty_3d <= 0.005184
mean,60,top5_either,9,UPL,long,-0.0016719108870046,-0.0016719108870046,LONG: nifty_1w <= -0.006081 AND days_after_quarter_end >= 25 AND nifty_3d <= 0.006667
mean,60,top5_either,9,BANKBARODA,long,0.0084963830651707,0.0084963830651707,LONG: nifty_1w <= -0.006081 AND days_after_quarter_end >= 25 AND nifty_3d <= 0.006667
mean,60,top5_either,9,GODREJCP,long,-0.0046874513951111,-0.0046874513951111,LONG: nifty_1w <= -0.006081 AND days_after_quarter_end >= 25 AND nifty_3d <= 0.006667
mean,60,top5_either,9,UPL,long,-0.0016719108870046,-0.0016719108870046,LONG: nifty_1w <= -0.006081 AND days_after_quarter_end >= 27 AND nifty_3d <= 0.01248
mean,60,top5_either,9,BANKBARODA,long,0.0084963830651707,0.0084963830651707,LONG: nifty_1w <= -0.006081 AND days_after_quarter_end >= 27 AND nifty_3d <= 0.01248
mean,60,top5_either,9,GODREJCP,long,-0.0046874513951111,-0.0046874513951111,LONG: nifty_1w <= -0.006081 AND days_after_quarter_end >= 27 AND nifty_3d <= 0.01248
mean,60,top5_either,9,UPL,long,-0.0016719108870046,-0.0016719108870046,LONG: nifty_1w <= -0.006081 AND days_after_quarter_end >= 27 AND nifty_3d <= 0.0149
mean,60,top5_either,9,BANKBARODA,long,0.0084963830651707,0.0084963830651707,LONG: nifty_1w <= -0.006081 AND days_after_quarter_end >= 27 AND nifty_3d <= 0.0149
mean,60,top5_either,9,GODREJCP,long,-0.0046874513951111,-0.0046874513951111,LONG: nifty_1w <= -0.006081 AND days_after_quarter_end >= 27 AND nifty_3d <= 0.0149
fpos,15,best_short,9,HINDUNILVR,short,0.0290429746470335,,SHORT: nifty_1w >= 0.009259 AND vol20_60 >= 0.7693 AND maxabs5 <= 0.01596
fpos,15,best_short,9,TVSMOTOR,short,-0.0305020621119547,,SHORT: nifty_1w >= 0.009259 AND vol20_60 >= 0.7693 AND maxabs5 <= 0.01596
fpos,15,top5_either,9,HINDUNILVR,short,0.0290429746470335,,SHORT: nifty_1w >= 0.009259 AND vol20_60 >= 0.7693 AND maxabs5 <= 0.01596
fpos,15,top5_either,9,TVSMOTOR,short,-0.0305020621119547,,SHORT: nifty_1w >= 0.009259 AND vol20_60 >= 0.7693 AND maxabs5 <= 0.01596
fpos,15,top5_either,9,AUBANK,short,0.0538458781293151,,SHORT: peers_reported_n >= 3 AND sec_from_52w_high >= -0.04937 AND exn_d0 <= 0.001851
fpos,15,top5_either,9,IEX,short,0.005575437907583,,SHORT: peers_reported_n >= 3 AND sec_from_52w_high >= -0.04937 AND exn_d0 <= 0.001851
fpos,15,top5_either,9,BANKBARODA,short,-0.0084963830651707,,SHORT: peers_reported_n >= 3 AND sec_from_52w_high >= -0.04937 AND exn_d0 <= 0.001851
fpos,30,best_short,9,SRF,short,0.0350119544260588,,SHORT: vs_ma200 >= -0.1465 AND nifty_1w >= 0.009259 AND dist_60h <= -0.1128
fpos,30,top5_either,9,UPL,long,-0.0016719108870046,-0.0016719108870046,LONG: vs_ma50 <= -0.05386 AND nifty_1w <= -0.01321 AND d2 >= -0.01907
fpos,30,top5_either,9,UPL,long,-0.0016719108870046,-0.0016719108870046,LONG: nifty_1w <= -0.01321 AND sec_d0 <= 0.004573 AND z20 <= -0.7455
fpos,30,top5_either,9,BANKBARODA,long,0.0084963830651707,0.0084963830651707,LONG: nifty_1w <= -0.01321 AND sec_d0 <= 0.004573 AND z20 <= -0.7455
fpos,30,top5_either,9,GODREJCP,long,-0.0046874513951111,-0.0046874513951111,LONG: nifty_1w <= -0.01321 AND sec_d0 <= 0.004573 AND z20 <= -0.7455
fpos,60,best_either,9,UPL,long,-0.0016719108870046,-0.0016719108870046,LONG: nifty_1w <= -0.006081 AND days_after_quarter_end >= 25 AND nifty_3d <= 0.005184
fpos,60,best_either,9,BANKBARODA,long,0.0084963830651707,0.0084963830651707,LONG: nifty_1w <= -0.006081 AND days_after_quarter_end >= 25 AND nifty_3d <= 0.005184
fpos,60,best_either,9,GODREJCP,long,-0.0046874513951111,-0.0046874513951111,LONG: nifty_1w <= -0.006081 AND days_after_quarter_end >= 25 AND nifty_3d <= 0.005184
fpos,60,best_long,9,UPL,long,-0.0016719108870046,-0.0016719108870046,LONG: nifty_1w <= -0.006081 AND days_after_quarter_end >= 25 AND nifty_3d <= 0.005184
fpos,60,best_long,9,BANKBARODA,long,0.0084963830651707,0.0084963830651707,LONG: nifty_1w <= -0.006081 AND days_after_quarter_end >= 25 AND nifty_3d <= 0.005184
fpos,60,best_long,9,GODREJCP,long,-0.0046874513951111,-0.0046874513951111,LONG: nifty_1w <= -0.006081 AND days_after_quarter_end >= 25 AND nifty_3d <= 0.005184
fpos,60,best_short,9,WIPRO,short,-0.0330057584297209,,SHORT: d1 <= -0.006367 AND d2 >= -0.01553 AND intra5 >= -0.04767
fpos,60,best_short,9,BANDHANBNK,short,0.0279397728667715,,SHORT: d1 <= -0.006367 AND d2 >= -0.01553 AND intra5 >= -0.04767
fpos,60,best_short,9,ULTRACEMCO,short,0.0129769113534218,,SHORT: d1 <= -0.006367 AND d2 >= -0.01553 AND intra5 >= -0.04767
fpos,60,best_short,9,TVSMOTOR,short,-0.0305020621119547,,SHORT: d1 <= -0.006367 AND d2 >= -0.01553 AND intra5 >= -0.04767
fpos,60,best_short,9,BANKBARODA,short,-0.0084963830651707,,SHORT: d1 <= -0.006367 AND d2 >= -0.01553 AND intra5 >= -0.04767
fpos,60,top5_either,9,UPL,long,-0.0016719108870046,-0.0016719108870046,LONG: nifty_1w <= -0.006081 AND days_after_quarter_end >= 25 AND nifty_3d <= 0.005184
fpos,60,top5_either,9,BANKBARODA,long,0.0084963830651707,0.0084963830651707,LONG: nifty_1w <= -0.006081 AND days_after_quarter_end >= 25 AND nifty_3d <= 0.005184
fpos,60,top5_either,9,GODREJCP,long,-0.0046874513951111,-0.0046874513951111,LONG: nifty_1w <= -0.006081 AND days_after_quarter_end >= 25 AND nifty_3d <= 0.005184
fpos,60,top5_either,9,UPL,long,-0.0016719108870046,-0.0016719108870046,LONG: nifty_1w <= -0.006081 AND days_after_quarter_end >= 25 AND nifty_3d <= 0.006667
fpos,60,top5_either,9,BANKBARODA,long,0.0084963830651707,0.0084963830651707,LONG: nifty_1w <= -0.006081 AND days_after_quarter_end >= 25 AND nifty_3d <= 0.006667
fpos,60,top5_either,9,GODREJCP,long,-0.0046874513951111,-0.0046874513951111,LONG: nifty_1w <= -0.006081 AND days_after_quarter_end >= 25 AND nifty_3d <= 0.006667
fpos,60,top5_either,9,UPL,long,-0.0016719108870046,-0.0016719108870046,LONG: nifty_1w <= -0.006081 AND days_after_quarter_end >= 27 AND nifty_3d <= 0.0149
fpos,60,top5_either,9,BANKBARODA,long,0.0084963830651707,0.0084963830651707,LONG: nifty_1w <= -0.006081 AND days_after_quarter_end >= 27 AND nifty_3d <= 0.0149
fpos,60,top5_either,9,GODREJCP,long,-0.0046874513951111,-0.0046874513951111,LONG: nifty_1w <= -0.006081 AND days_after_quarter_end >= 27 AND nifty_3d <= 0.0149
fpos,60,top5_either,9,UPL,long,-0.0016719108870046,-0.0016719108870046,LONG: nifty_1w <= -0.006081 AND days_after_quarter_end >= 27 AND nifty_3d <= 0.01248
fpos,60,top5_either,9,BANKBARODA,long,0.0084963830651707,0.0084963830651707,LONG: nifty_1w <= -0.006081 AND days_after_quarter_end >= 27 AND nifty_3d <= 0.01248
fpos,60,top5_either,9,GODREJCP,long,-0.0046874513951111,-0.0046874513951111,LONG: nifty_1w <= -0.006081 AND days_after_quarter_end >= 27 AND nifty_3d <= 0.01248
fpos,60,top5_either,9,UPL,long,-0.0016719108870046,-0.0016719108870046,LONG: r5y >= -0.3601 AND nifty_1w <= -0.006081 AND days_after_quarter_end >= 25
fpos,60,top5_either,9,BANKBARODA,long,0.0084963830651707,0.0084963830651707,LONG: r5y >= -0.3601 AND nifty_1w <= -0.006081 AND days_after_quarter_end >= 25
fpos,60,top5_either,9,GODREJCP,long,-0.0046874513951111,-0.0046874513951111,LONG: r5y >= -0.3601 AND nifty_1w <= -0.006081 AND days_after_quarter_end >= 25
worst,15,best_short,9,WIPRO,short,-0.0330057584297209,,SHORT: d1 <= -0.006367 AND gap0 <= 0.003511 AND z20 >= -0.2691
worst,15,best_short,9,ULTRACEMCO,short,0.0129769113534218,,SHORT: d1 <= -0.006367 AND gap0 <= 0.003511 AND z20 >= -0.2691
worst,15,best_short,9,TVSMOTOR,short,-0.0305020621119547,,SHORT: d1 <= -0.006367 AND gap0 <= 0.003511 AND z20 >= -0.2691
worst,30,best_short,9,SBILIFE,short,-0.0018128509229028,,SHORT: sector_1w >= 0.01994 AND vs_sector_1m >= -0.1593 AND days_since_dividend >= 78
worst,60,best_short,9,HAVELLS,short,0.0227444828703993,,SHORT: vs_sector_1w <= 0.01999 AND nifty_1w >= 0.01428 AND sector_3m >= -0.08395
worst,60,best_short,9,HINDUNILVR,short,0.0290429746470335,,SHORT: vs_sector_1w <= 0.01999 AND nifty_1w >= 0.01428 AND sector_3m >= -0.08395
worst,60,best_short,9,ULTRACEMCO,short,0.0129769113534218,,SHORT: vs_sector_1w <= 0.01999 AND nifty_1w >= 0.01428 AND sector_3m >= -0.08395
worst,60,best_short,9,AUBANK,short,0.0538458781293151,,SHORT: vs_sector_1w <= 0.01999 AND nifty_1w >= 0.01428 AND sector_3m >= -0.08395
worst,60,best_short,9,SRF,short,0.0350119544260588,,SHORT: vs_sector_1w <= 0.01999 AND nifty_1w >= 0.01428 AND sector_3m >= -0.08395
worst,60,best_short,9,TVSMOTOR,short,-0.0305020621119547,,SHORT: vs_sector_1w <= 0.01999 AND nifty_1w >= 0.01428 AND sector_3m >= -0.08395
worst,60,top5_either,9,BANDHANBNK,long,-0.0279397728667715,-0.0279397728667715,LONG: prev1_next20 <= 0.1489 AND dist_60h <= -0.1663 AND own_rd >= -0.01735
worst,60,top5_either,9,BANDHANBNK,long,-0.0279397728667715,-0.0279397728667715,LONG: prev1_next20 <= 0.1233 AND dist_60h <= -0.1663 AND own_rd >= -0.01735
mean,15,best_short,10,COFORGE,short,0.0119915349110542,,SHORT: r5y >= 2.409 AND vs_ma200 >= -0.1302 AND vs_sector_3m <= -0.0001467
mean,15,best_short,10,ADANIENT,short,0.0280428832186061,,SHORT: r5y >= 2.409 AND vs_ma200 >= -0.1302 AND vs_sector_3m <= -0.0001467
mean,15,top5_either,10,MPHASIS,long,-0.0601909877268386,-0.0601909877268386,LONG: intra0 <= 0.01298 AND gap5 <= -0.008066 AND maxabs5 <= 0.05054
mean,15,top5_either,10,TECHM,long,-0.0479144966836638,-0.0479144966836638,LONG: intra0 <= 0.01298 AND gap5 <= -0.008066 AND maxabs5 <= 0.05054
mean,30,best_short,10,BANKBARODA,short,0.0429650339507761,,SHORT: sector_1w >= 0.01249 AND nifty_1w >= 0.0009002 AND d1 <= -0.0004575
mean,30,best_short,10,DIVISLAB,short,-0.041436164692163,,SHORT: sector_1w >= 0.01249 AND nifty_1w >= 0.0009002 AND d1 <= -0.0004575
mean,30,top5_either,10,IDFCFIRSTB,long,-0.0261811008843403,-0.0261811008843403,LONG: r5y >= -0.4774 AND vs_ma50 <= -0.07708 AND nifty_1w <= -0.01312
mean,30,top5_either,10,IDFCFIRSTB,long,-0.0261811008843403,-0.0261811008843403,LONG: r3y <= 2.075 AND vs_ma50 <= -0.07708 AND nifty_1w <= -0.01312
mean,30,top5_either,10,MPHASIS,long,-0.0601909877268386,-0.0601909877268386,LONG: sector_3m <= 0.01769 AND peers_reported_n <= 4 AND r3d <= -0.0371
mean,30,top5_either,10,IDFCFIRSTB,long,-0.0261811008843403,-0.0261811008843403,LONG: vs_ma50 <= -0.07708 AND nifty_1w <= -0.01312 AND vol5_60 >= 0.3691
mean,60,best_either,10,IDFCFIRSTB,long,-0.0261811008843403,-0.0261811008843403,LONG: days_after_quarter_end >= 27 AND r10d <= -0.06071 AND nifty_3d <= 0.01248
mean,60,best_either,10,CROMPTON,long,0.0234509559241963,0.0353162499392025,LONG: days_after_quarter_end >= 27 AND r10d <= -0.06071 AND nifty_3d <= 0.01248
mean,60,best_either,10,DIVISLAB,long,0.041436164692163,0.0486509250081295,LONG: days_after_quarter_end >= 27 AND r10d <= -0.06071 AND nifty_3d <= 0.01248
mean,60,best_long,10,IDFCFIRSTB,long,-0.0261811008843403,-0.0261811008843403,LONG: days_after_quarter_end >= 27 AND r10d <= -0.06071 AND nifty_3d <= 0.01248
mean,60,best_long,10,CROMPTON,long,0.0234509559241963,0.0353162499392025,LONG: days_after_quarter_end >= 27 AND r10d <= -0.06071 AND nifty_3d <= 0.01248
mean,60,best_long,10,DIVISLAB,long,0.041436164692163,0.0486509250081295,LONG: days_after_quarter_end >= 27 AND r10d <= -0.06071 AND nifty_3d <= 0.01248
mean,60,best_short,10,HDFCLIFE,short,-0.0137058500740223,,SHORT: nifty_1w >= 0.01425 AND sector_3m >= -0.03314 AND up10 <= 0.6
mean,60,best_short,10,DIVISLAB,short,-0.041436164692163,,SHORT: nifty_1w >= 0.01425 AND sector_3m >= -0.03314 AND up10 <= 0.6
mean,60,best_short,10,BIOCON,short,-0.0349649271356893,,SHORT: nifty_1w >= 0.01425 AND sector_3m >= -0.03314 AND up10 <= 0.6
mean,60,top5_either,10,IDFCFIRSTB,long,-0.0261811008843403,-0.0261811008843403,LONG: days_after_quarter_end >= 27 AND r10d <= -0.06071 AND nifty_3d <= 0.01248
mean,60,top5_either,10,CROMPTON,long,0.0234509559241963,0.0353162499392025,LONG: days_after_quarter_end >= 27 AND r10d <= -0.06071 AND nifty_3d <= 0.01248
mean,60,top5_either,10,DIVISLAB,long,0.041436164692163,0.0486509250081295,LONG: days_after_quarter_end >= 27 AND r10d <= -0.06071 AND nifty_3d <= 0.01248
mean,60,top5_either,10,IDFCFIRSTB,long,-0.0261811008843403,-0.0261811008843403,LONG: nifty_1w <= -0.00459 AND days_after_quarter_end >= 27 AND nifty_3d <= 0.004968
mean,60,top5_either,10,CROMPTON,long,0.0234509559241963,0.0353162499392025,LONG: nifty_1w <= -0.00459 AND days_after_quarter_end >= 27 AND nifty_3d <= 0.004968
mean,60,top5_either,10,IDFCFIRSTB,long,-0.0261811008843403,-0.0261811008843403,LONG: days_after_quarter_end >= 27 AND r10d <= -0.06071 AND sec_3d <= 0.0175
mean,60,top5_either,10,CROMPTON,long,0.0234509559241963,0.0353162499392025,LONG: days_after_quarter_end >= 27 AND r10d <= -0.06071 AND sec_3d <= 0.0175
mean,60,top5_either,10,DIVISLAB,long,0.041436164692163,0.0486509250081295,LONG: days_after_quarter_end >= 27 AND r10d <= -0.06071 AND sec_3d <= 0.0175
mean,60,top5_either,10,MPHASIS,long,-0.0601909877268386,-0.0601909877268386,LONG: sector_3m <= 0.01769 AND sec_3d <= 0.0175 AND maxabs5 >= 0.02768
mean,60,top5_either,10,BANKBARODA,long,-0.0429650339507761,-0.0429650339507761,LONG: sector_3m <= 0.01769 AND sec_3d <= 0.0175 AND maxabs5 >= 0.02768
mean,60,top5_either,10,MPHASIS,long,-0.0601909877268386,-0.0601909877268386,LONG: sector_3m <= 0.01769 AND nifty_3d <= 0.01415 AND maxabs5 >= 0.02768
mean,60,top5_either,10,BANKBARODA,long,-0.0429650339507761,-0.0429650339507761,LONG: sector_3m <= 0.01769 AND nifty_3d <= 0.01415 AND maxabs5 >= 0.02768
fpos,15,best_short,10,COFORGE,short,0.0119915349110542,,SHORT: r5y >= 2.409 AND vs_ma200 >= -0.1302 AND vs_sector_3m <= -0.0001467
fpos,15,best_short,10,ADANIENT,short,0.0280428832186061,,SHORT: r5y >= 2.409 AND vs_ma200 >= -0.1302 AND vs_sector_3m <= -0.0001467
fpos,15,top5_either,10,MPHASIS,long,-0.0601909877268386,-0.0601909877268386,LONG: intra0 <= 0.01298 AND gap5 <= -0.008066 AND maxabs5 <= 0.05054
fpos,15,top5_either,10,TECHM,long,-0.0479144966836638,-0.0479144966836638,LONG: intra0 <= 0.01298 AND gap5 <= -0.008066 AND maxabs5 <= 0.05054
fpos,30,best_short,10,BANKBARODA,short,0.0429650339507761,,SHORT: sector_1w >= 0.01249 AND nifty_1w >= 0.0009002 AND d1 <= -0.0004575
fpos,30,best_short,10,DIVISLAB,short,-0.041436164692163,,SHORT: sector_1w >= 0.01249 AND nifty_1w >= 0.0009002 AND d1 <= -0.0004575
fpos,30,top5_either,10,IDFCFIRSTB,long,-0.0261811008843403,-0.0261811008843403,LONG: r5y >= -0.4774 AND vs_ma50 <= -0.07708 AND nifty_1w <= -0.01312
fpos,30,top5_either,10,IDFCFIRSTB,long,-0.0261811008843403,-0.0261811008843403,LONG: r3y <= 2.075 AND vs_ma50 <= -0.07708 AND nifty_1w <= -0.01312
fpos,30,top5_either,10,MPHASIS,long,-0.0601909877268386,-0.0601909877268386,LONG: sector_3m <= 0.01769 AND peers_reported_n <= 4 AND r3d <= -0.0371
fpos,30,top5_either,10,IDFCFIRSTB,long,-0.0261811008843403,-0.0261811008843403,LONG: vs_ma50 <= -0.07708 AND nifty_1w <= -0.01312 AND vol5_60 >= 0.3691
fpos,60,best_either,10,IDFCFIRSTB,long,-0.0261811008843403,-0.0261811008843403,LONG: days_after_quarter_end >= 27 AND r10d <= -0.06071 AND nifty_3d <= 0.01248
fpos,60,best_either,10,CROMPTON,long,0.0234509559241963,0.0353162499392025,LONG: days_after_quarter_end >= 27 AND r10d <= -0.06071 AND nifty_3d <= 0.01248
fpos,60,best_either,10,DIVISLAB,long,0.041436164692163,0.0486509250081295,LONG: days_after_quarter_end >= 27 AND r10d <= -0.06071 AND nifty_3d <= 0.01248
fpos,60,best_long,10,IDFCFIRSTB,long,-0.0261811008843403,-0.0261811008843403,LONG: days_after_quarter_end >= 27 AND r10d <= -0.06071 AND nifty_3d <= 0.01248
fpos,60,best_long,10,CROMPTON,long,0.0234509559241963,0.0353162499392025,LONG: days_after_quarter_end >= 27 AND r10d <= -0.06071 AND nifty_3d <= 0.01248
fpos,60,best_long,10,DIVISLAB,long,0.041436164692163,0.0486509250081295,LONG: days_after_quarter_end >= 27 AND r10d <= -0.06071 AND nifty_3d <= 0.01248
fpos,60,best_short,10,HDFCLIFE,short,-0.0137058500740223,,SHORT: nifty_1w >= 0.01425 AND sector_3m >= -0.03314 AND up10 <= 0.6
fpos,60,best_short,10,DIVISLAB,short,-0.041436164692163,,SHORT: nifty_1w >= 0.01425 AND sector_3m >= -0.03314 AND up10 <= 0.6
fpos,60,best_short,10,BIOCON,short,-0.0349649271356893,,SHORT: nifty_1w >= 0.01425 AND sector_3m >= -0.03314 AND up10 <= 0.6
fpos,60,top5_either,10,IDFCFIRSTB,long,-0.0261811008843403,-0.0261811008843403,LONG: days_after_quarter_end >= 27 AND r10d <= -0.06071 AND nifty_3d <= 0.01248
fpos,60,top5_either,10,CROMPTON,long,0.0234509559241963,0.0353162499392025,LONG: days_after_quarter_end >= 27 AND r10d <= -0.06071 AND nifty_3d <= 0.01248
fpos,60,top5_either,10,DIVISLAB,long,0.041436164692163,0.0486509250081295,LONG: days_after_quarter_end >= 27 AND r10d <= -0.06071 AND nifty_3d <= 0.01248
fpos,60,top5_either,10,IDFCFIRSTB,long,-0.0261811008843403,-0.0261811008843403,LONG: nifty_1w <= -0.00459 AND days_after_quarter_end >= 27 AND nifty_3d <= 0.004968
fpos,60,top5_either,10,CROMPTON,long,0.0234509559241963,0.0353162499392025,LONG: nifty_1w <= -0.00459 AND days_after_quarter_end >= 27 AND nifty_3d <= 0.004968
fpos,60,top5_either,10,IDFCFIRSTB,long,-0.0261811008843403,-0.0261811008843403,LONG: days_after_quarter_end >= 27 AND r10d <= -0.06071 AND sec_3d <= 0.0175
fpos,60,top5_either,10,CROMPTON,long,0.0234509559241963,0.0353162499392025,LONG: days_after_quarter_end >= 27 AND r10d <= -0.06071 AND sec_3d <= 0.0175
fpos,60,top5_either,10,DIVISLAB,long,0.041436164692163,0.0486509250081295,LONG: days_after_quarter_end >= 27 AND r10d <= -0.06071 AND sec_3d <= 0.0175
fpos,60,top5_either,10,IDFCFIRSTB,long,-0.0261811008843403,-0.0261811008843403,LONG: nifty_1w <= -0.00459 AND days_after_quarter_end >= 27 AND nifty_3d <= 0.006657
fpos,60,top5_either,10,CROMPTON,long,0.0234509559241963,0.0353162499392025,LONG: nifty_1w <= -0.00459 AND days_after_quarter_end >= 27 AND nifty_3d <= 0.006657
fpos,60,top5_either,10,IDFCFIRSTB,long,-0.0261811008843403,-0.0261811008843403,LONG: days_after_quarter_end >= 27 AND r10d <= -0.06071 AND nifty_3d <= 0.01415
fpos,60,top5_either,10,CROMPTON,long,0.0234509559241963,0.0353162499392025,LONG: days_after_quarter_end >= 27 AND r10d <= -0.06071 AND nifty_3d <= 0.01415
fpos,60,top5_either,10,DIVISLAB,long,0.041436164692163,0.0486509250081295,LONG: days_after_quarter_end >= 27 AND r10d <= -0.06071 AND nifty_3d <= 0.01415
worst,15,best_short,10,BANKBARODA,short,0.0429650339507761,,SHORT: nifty_1w >= 0.01425 AND prev_net_margin >= 0.1328 AND peers_reported_n >= 2
worst,15,best_short,10,DIVISLAB,short,-0.041436164692163,,SHORT: nifty_1w >= 0.01425 AND prev_net_margin >= 0.1328 AND peers_reported_n >= 2
worst,30,best_short,10,BIOCON,short,-0.0349649271356893,,SHORT: sector_1w >= 0.01974 AND vs_sector_1w >= -0.04366 AND days_since_dividend >= 77
worst,60,best_either,10,MPHASIS,long,-0.0601909877268386,-0.0601909877268386,LONG: nifty_1w <= 0.0009002 AND nifty_3m <= 0.03987 AND z20 <= -0.4513
worst,60,best_either,10,TECHM,long,-0.0479144966836638,-0.0479144966836638,LONG: nifty_1w <= 0.0009002 AND nifty_3m <= 0.03987 AND z20 <= -0.4513
worst,60,best_either,10,IDFCFIRSTB,long,-0.0261811008843403,-0.0261811008843403,LONG: nifty_1w <= 0.0009002 AND nifty_3m <= 0.03987 AND z20 <= -0.4513
worst,60,best_either,10,ADANIENT,long,-0.0280428832186061,-0.0280428832186061,LONG: nifty_1w <= 0.0009002 AND nifty_3m <= 0.03987 AND z20 <= -0.4513
worst,60,best_either,10,CROMPTON,long,0.0234509559241963,0.0353162499392025,LONG: nifty_1w <= 0.0009002 AND nifty_3m <= 0.03987 AND z20 <= -0.4513
worst,60,best_long,10,MPHASIS,long,-0.0601909877268386,-0.0601909877268386,LONG: nifty_1w <= 0.0009002 AND nifty_3m <= 0.03987 AND z20 <= -0.4513
worst,60,best_long,10,TECHM,long,-0.0479144966836638,-0.0479144966836638,LONG: nifty_1w <= 0.0009002 AND nifty_3m <= 0.03987 AND z20 <= -0.4513
worst,60,best_long,10,IDFCFIRSTB,long,-0.0261811008843403,-0.0261811008843403,LONG: nifty_1w <= 0.0009002 AND nifty_3m <= 0.03987 AND z20 <= -0.4513
worst,60,best_long,10,ADANIENT,long,-0.0280428832186061,-0.0280428832186061,LONG: nifty_1w <= 0.0009002 AND nifty_3m <= 0.03987 AND z20 <= -0.4513
worst,60,best_long,10,CROMPTON,long,0.0234509559241963,0.0353162499392025,LONG: nifty_1w <= 0.0009002 AND nifty_3m <= 0.03987 AND z20 <= -0.4513
worst,60,best_short,10,HDFCLIFE,short,-0.0137058500740223,,SHORT: vs_sector_1w <= 0.01993 AND nifty_1w >= 0.01425 AND sector_3m >= -0.0797
worst,60,best_short,10,DIVISLAB,short,-0.041436164692163,,SHORT: vs_sector_1w <= 0.01993 AND nifty_1w >= 0.01425 AND sector_3m >= -0.0797
worst,60,best_short,10,BIOCON,short,-0.0349649271356893,,SHORT: vs_sector_1w <= 0.01993 AND nifty_1w >= 0.01425 AND sector_3m >= -0.0797
worst,60,top5_either,10,MPHASIS,long,-0.0601909877268386,-0.0601909877268386,LONG: nifty_1w <= 0.0009002 AND nifty_3m <= 0.03987 AND z20 <= -0.4513
worst,60,top5_either,10,TECHM,long,-0.0479144966836638,-0.0479144966836638,LONG: nifty_1w <= 0.0009002 AND nifty_3m <= 0.03987 AND z20 <= -0.4513
worst,60,top5_either,10,IDFCFIRSTB,long,-0.0261811008843403,-0.0261811008843403,LONG: nifty_1w <= 0.0009002 AND nifty_3m <= 0.03987 AND z20 <= -0.4513
worst,60,top5_either,10,ADANIENT,long,-0.0280428832186061,-0.0280428832186061,LONG: nifty_1w <= 0.0009002 AND nifty_3m <= 0.03987 AND z20 <= -0.4513
worst,60,top5_either,10,CROMPTON,long,0.0234509559241963,0.0353162499392025,LONG: nifty_1w <= 0.0009002 AND nifty_3m <= 0.03987 AND z20 <= -0.4513
worst,60,top5_either,10,CROMPTON,long,0.0234509559241963,0.0353162499392025,LONG: log_mcap >= 9.66 AND days_after_quarter_end >= 27 AND r10d <= -0.06071
worst,60,top5_either,10,DIVISLAB,long,0.041436164692163,0.0486509250081295,LONG: log_mcap >= 9.66 AND days_after_quarter_end >= 27 AND r10d <= -0.06071
worst,60,top5_either,10,MPHASIS,long,-0.0601909877268386,-0.0601909877268386,LONG: pe <= 94.32 AND log_mcap >= 9.66 AND r10d <= -0.06071
worst,60,top5_either,10,CROMPTON,long,0.0234509559241963,0.0353162499392025,LONG: pe <= 94.32 AND log_mcap >= 9.66 AND r10d <= -0.06071
worst,60,top5_either,10,DIVISLAB,long,0.041436164692163,0.0486509250081295,LONG: pe <= 94.32 AND log_mcap >= 9.66 AND r10d <= -0.06071
worst,60,top5_either,10,MPHASIS,long,-0.0601909877268386,-0.0601909877268386,LONG: pe >= 4.516 AND log_mcap >= 9.66 AND r10d <= -0.06071
worst,60,top5_either,10,CROMPTON,long,0.0234509559241963,0.0353162499392025,LONG: pe >= 4.516 AND log_mcap >= 9.66 AND r10d <= -0.06071
worst,60,top5_either,10,DIVISLAB,long,0.041436164692163,0.0486509250081295,LONG: pe >= 4.516 AND log_mcap >= 9.66 AND r10d <= -0.06071
worst,60,top5_either,10,MPHASIS,long,-0.0601909877268386,-0.0601909877268386,LONG: vs_ma50 <= -0.06158 AND nifty_3m <= 0.008739 AND z5 <= -0.01688
worst,60,top5_either,10,IDFCFIRSTB,long,-0.0261811008843403,-0.0261811008843403,LONG: vs_ma50 <= -0.06158 AND nifty_3m <= 0.008739 AND z5 <= -0.01688
worst,60,top5_either,10,ADANIENT,long,-0.0280428832186061,-0.0280428832186061,LONG: vs_ma50 <= -0.06158 AND nifty_3m <= 0.008739 AND z5 <= -0.01688
worst,60,top5_either,10,CROMPTON,long,0.0234509559241963,0.0353162499392025,LONG: vs_ma50 <= -0.06158 AND nifty_3m <= 0.008739 AND z5 <= -0.01688
worst,60,top5_either,10,DIVISLAB,long,0.041436164692163,0.0486509250081295,LONG: vs_ma50 <= -0.06158 AND nifty_3m <= 0.008739 AND z5 <= -0.01688
mean,15,best_either,11,SBICARD,long,-0.0176713838822599,0.0406295965744092,LONG: nifty_1w <= -0.01608 AND peers_reported_n <= 2 AND up10 <= 0.3
mean,15,best_long,11,SBICARD,long,-0.0176713838822599,0.0406295965744092,LONG: nifty_1w <= -0.01608 AND peers_reported_n <= 2 AND up10 <= 0.3
mean,15,best_short,11,ABB,short,-0.1018522262907781,,SHORT: r5y >= 2.421 AND nifty_1m >= 0.01427 AND sec_vs_200dma >= -0.06643
mean,15,top5_either,11,SBICARD,long,-0.0176713838822599,0.0406295965744092,LONG: nifty_1w <= -0.01608 AND peers_reported_n <= 2 AND up10 <= 0.3
mean,15,top5_either,11,ABB,short,-0.1018522262907781,,SHORT: r5y >= 2.421 AND nifty_1m >= 0.01427 AND sec_vs_200dma >= -0.06643
mean,30,best_either,11,IEX,long,0.0295277910658421,0.0295277910658421,LONG: r3y <= 1.775 AND vs_ma50 <= -0.07705 AND nifty_1w <= -0.01279
mean,30,best_long,11,IEX,long,0.0295277910658421,0.0295277910658421,LONG: r3y <= 1.775 AND vs_ma50 <= -0.07705 AND nifty_1w <= -0.01279
mean,30,best_short,11,POLYCAB,short,-0.0189501382669562,,SHORT: nifty_1w >= 0.01428 AND sector_3m >= -0.03184 AND prev_pat_yoy >= 0.1256
mean,30,top5_either,11,IEX,long,0.0295277910658421,0.0295277910658421,LONG: r3y <= 1.775 AND vs_ma50 <= -0.07705 AND nifty_1w <= -0.01279
mean,30,top5_either,11,IEX,long,0.0295277910658421,0.0295277910658421,LONG: vs_ma50 <= -0.05203 AND nifty_1w <= -0.01279 AND d2 >= -0.01512
mean,30,top5_either,11,AUBANK,long,-0.1260550892771587,-0.1260550892771587,LONG: r5y >= 0.006291 AND nifty_1w <= -0.01279 AND r10d <= -0.06078
mean,30,top5_either,11,IEX,long,0.0295277910658421,0.0295277910658421,LONG: r5y >= 0.006291 AND nifty_1w <= -0.01279 AND r10d <= -0.06078
mean,30,top5_either,11,AUBANK,long,-0.1260550892771587,-0.1260550892771587,LONG: r5y >= -0.4691 AND nifty_1w <= -0.01279 AND r10d <= -0.06078
mean,30,top5_either,11,IEX,long,0.0295277910658421,0.0295277910658421,LONG: r5y >= -0.4691 AND nifty_1w <= -0.01279 AND r10d <= -0.06078
mean,30,top5_either,11,AUBANK,long,-0.1260550892771587,-0.1260550892771587,LONG: vs_ma50 <= -0.0361 AND nifty_1w <= -0.01279 AND d2 >= -0.01512
mean,30,top5_either,11,IEX,long,0.0295277910658421,0.0295277910658421,LONG: vs_ma50 <= -0.0361 AND nifty_1w <= -0.01279 AND d2 >= -0.01512
mean,30,top5_either,11,JSWSTEEL,long,0.0269864914490537,0.0318902550876463,LONG: vs_ma50 <= -0.0361 AND nifty_1w <= -0.01279 AND d2 >= -0.01512
mean,60,best_either,11,CROMPTON,long,-0.0017167684536829,-0.0017167684536829,LONG: nifty_1w <= -0.005783 AND days_after_quarter_end >= 27 AND nifty_3d <= 0.004597
mean,60,best_either,11,GLENMARK,long,-0.0247251711298935,-0.0247251711298935,LONG: nifty_1w <= -0.005783 AND days_after_quarter_end >= 27 AND nifty_3d <= 0.004597
mean,60,best_either,11,MUTHOOTFIN,long,-0.0053732143318078,-0.0053732143318078,LONG: nifty_1w <= -0.005783 AND days_after_quarter_end >= 27 AND nifty_3d <= 0.004597
mean,60,best_long,11,CROMPTON,long,-0.0017167684536829,-0.0017167684536829,LONG: nifty_1w <= -0.005783 AND days_after_quarter_end >= 27 AND nifty_3d <= 0.004597
mean,60,best_long,11,GLENMARK,long,-0.0247251711298935,-0.0247251711298935,LONG: nifty_1w <= -0.005783 AND days_after_quarter_end >= 27 AND nifty_3d <= 0.004597
mean,60,best_long,11,MUTHOOTFIN,long,-0.0053732143318078,-0.0053732143318078,LONG: nifty_1w <= -0.005783 AND days_after_quarter_end >= 27 AND nifty_3d <= 0.004597
mean,60,best_short,11,POLYCAB,short,-0.0189501382669562,,SHORT: r3y >= 0.3802 AND from_52w_high >= -0.3419 AND nifty_1w >= 0.009226
mean,60,best_short,11,ABB,short,-0.1018522262907781,,SHORT: r3y >= 0.3802 AND from_52w_high >= -0.3419 AND nifty_1w >= 0.009226
mean,60,top5_either,11,CROMPTON,long,-0.0017167684536829,-0.0017167684536829,LONG: nifty_1w <= -0.005783 AND days_after_quarter_end >= 27 AND nifty_3d <= 0.004597
mean,60,top5_either,11,GLENMARK,long,-0.0247251711298935,-0.0247251711298935,LONG: nifty_1w <= -0.005783 AND days_after_quarter_end >= 27 AND nifty_3d <= 0.004597
mean,60,top5_either,11,MUTHOOTFIN,long,-0.0053732143318078,-0.0053732143318078,LONG: nifty_1w <= -0.005783 AND days_after_quarter_end >= 27 AND nifty_3d <= 0.004597
mean,60,top5_either,11,POLYCAB,long,0.0189501382669562,0.0189501382669562,LONG: sector_1w <= 0.01254 AND dist_60h <= -0.1598 AND maxabs5 >= 0.01411
mean,60,top5_either,11,IEX,long,0.0295277910658421,0.0295277910658421,LONG: sector_1w <= 0.01254 AND dist_60h <= -0.1598 AND maxabs5 >= 0.01411
mean,60,top5_either,11,BANDHANBNK,long,-0.0718311302294483,-0.0718311302294483,LONG: sector_1w <= 0.01254 AND dist_60h <= -0.1598 AND maxabs5 >= 0.01411
mean,60,top5_either,11,CROMPTON,long,-0.0017167684536829,-0.0017167684536829,LONG: nifty_1w <= -0.005783 AND days_after_quarter_end >= 27 AND nifty_3d <= 0.006647
mean,60,top5_either,11,GLENMARK,long,-0.0247251711298935,-0.0247251711298935,LONG: nifty_1w <= -0.005783 AND days_after_quarter_end >= 27 AND nifty_3d <= 0.006647
mean,60,top5_either,11,MUTHOOTFIN,long,-0.0053732143318078,-0.0053732143318078,LONG: nifty_1w <= -0.005783 AND days_after_quarter_end >= 27 AND nifty_3d <= 0.006647
mean,60,top5_either,11,AUROPHARMA,long,0.0236080107955767,0.0236080107955767,LONG: days_after_quarter_end >= 27 AND r10d <= -0.06078 AND sec_3d <= 0.01353
mean,60,top5_either,11,GLENMARK,long,-0.0247251711298935,-0.0247251711298935,LONG: days_after_quarter_end >= 27 AND r10d <= -0.06078 AND sec_3d <= 0.01353
mean,60,top5_either,11,IEX,long,0.0295277910658421,0.0295277910658421,LONG: sector_1w <= 0.01254 AND india_vix >= 13.69 AND dist_60h <= -0.1598
mean,60,top5_either,11,BANDHANBNK,long,-0.0718311302294483,-0.0718311302294483,LONG: sector_1w <= 0.01254 AND india_vix >= 13.69 AND dist_60h <= -0.1598
fpos,15,best_either,11,SBICARD,long,-0.0176713838822599,0.0406295965744092,LONG: nifty_1w <= -0.01608 AND peers_reported_n <= 2 AND up10 <= 0.3
fpos,15,best_long,11,SBICARD,long,-0.0176713838822599,0.0406295965744092,LONG: nifty_1w <= -0.01608 AND peers_reported_n <= 2 AND up10 <= 0.3
fpos,15,best_short,11,ABB,short,-0.1018522262907781,,SHORT: r5y >= 2.421 AND nifty_1m >= 0.01427 AND sec_vs_200dma >= -0.06643
fpos,15,top5_either,11,SBICARD,long,-0.0176713838822599,0.0406295965744092,LONG: nifty_1w <= -0.01608 AND peers_reported_n <= 2 AND up10 <= 0.3
fpos,15,top5_either,11,ABB,short,-0.1018522262907781,,SHORT: r5y >= 2.421 AND nifty_1m >= 0.01427 AND sec_vs_200dma >= -0.06643
fpos,30,best_either,11,IEX,long,0.0295277910658421,0.0295277910658421,LONG: r3y <= 1.775 AND vs_ma50 <= -0.07705 AND nifty_1w <= -0.01279
fpos,30,best_long,11,IEX,long,0.0295277910658421,0.0295277910658421,LONG: r3y <= 1.775 AND vs_ma50 <= -0.07705 AND nifty_1w <= -0.01279
fpos,30,best_short,11,POLYCAB,short,-0.0189501382669562,,SHORT: nifty_1w >= 0.01428 AND sector_3m >= -0.03184 AND prev_pat_yoy >= 0.1256
fpos,30,top5_either,11,IEX,long,0.0295277910658421,0.0295277910658421,LONG: r3y <= 1.775 AND vs_ma50 <= -0.07705 AND nifty_1w <= -0.01279
fpos,30,top5_either,11,AUBANK,long,-0.1260550892771587,-0.1260550892771587,LONG: nifty_1w <= -0.01279 AND nifty_1m <= 0.01427 AND d2 >= -0.01512
fpos,30,top5_either,11,IEX,long,0.0295277910658421,0.0295277910658421,LONG: nifty_1w <= -0.01279 AND nifty_1m <= 0.01427 AND d2 >= -0.01512
fpos,30,top5_either,11,JSWSTEEL,long,0.0269864914490537,0.0318902550876463,LONG: nifty_1w <= -0.01279 AND nifty_1m <= 0.01427 AND d2 >= -0.01512
fpos,30,top5_either,11,SBICARD,long,-0.0176713838822599,0.0406295965744092,LONG: nifty_1w <= -0.01279 AND nifty_1m <= 0.01427 AND d2 >= -0.01512
fpos,30,top5_either,11,POLYCAB,long,0.0189501382669562,0.0189501382669562,LONG: dist_60h <= -0.1598 AND own_abs3d <= 0.07805 AND pre5_vs_own <= -0.04127
fpos,30,top5_either,11,IEX,long,0.0295277910658421,0.0295277910658421,LONG: dist_60h <= -0.1598 AND own_abs3d <= 0.07805 AND pre5_vs_own <= -0.04127
fpos,30,top5_either,11,POLYCAB,long,0.0189501382669562,0.0189501382669562,LONG: dist_60h <= -0.1598 AND own_abs3d <= 0.06973 AND pre5_vs_own <= -0.04127
fpos,30,top5_either,11,IEX,long,0.0295277910658421,0.0295277910658421,LONG: dist_60h <= -0.1598 AND own_abs3d <= 0.06973 AND pre5_vs_own <= -0.04127
fpos,60,best_either,11,AUROPHARMA,long,0.0236080107955767,0.0236080107955767,LONG: days_after_quarter_end >= 27 AND r10d <= -0.06078 AND sec_3d <= 0.01353
fpos,60,best_either,11,GLENMARK,long,-0.0247251711298935,-0.0247251711298935,LONG: days_after_quarter_end >= 27 AND r10d <= -0.06078 AND sec_3d <= 0.01353
fpos,60,best_long,11,AUROPHARMA,long,0.0236080107955767,0.0236080107955767,LONG: days_after_quarter_end >= 27 AND r10d <= -0.06078 AND sec_3d <= 0.01353
fpos,60,best_long,11,GLENMARK,long,-0.0247251711298935,-0.0247251711298935,LONG: days_after_quarter_end >= 27 AND r10d <= -0.06078 AND sec_3d <= 0.01353
fpos,60,best_short,11,ICICIPRULI,short,0.0697611364484603,,SHORT: nifty_1w >= 0.01428 AND r20d >= -0.1141 AND vol20_60 >= 0.7035
fpos,60,best_short,11,UPL,short,0.1192128343598908,,SHORT: nifty_1w >= 0.01428 AND r20d >= -0.1141 AND vol20_60 >= 0.7035
fpos,60,best_short,11,MFSL,short,-0.0813107650024357,,SHORT: nifty_1w >= 0.01428 AND r20d >= -0.1141 AND vol20_60 >= 0.7035
fpos,60,best_short,11,PAGEIND,short,0.0012494799322673,,SHORT: nifty_1w >= 0.01428 AND r20d >= -0.1141 AND vol20_60 >= 0.7035
fpos,60,top5_either,11,AUROPHARMA,long,0.0236080107955767,0.0236080107955767,LONG: days_after_quarter_end >= 27 AND r10d <= -0.06078 AND sec_3d <= 0.01353
fpos,60,top5_either,11,GLENMARK,long,-0.0247251711298935,-0.0247251711298935,LONG: days_after_quarter_end >= 27 AND r10d <= -0.06078 AND sec_3d <= 0.01353
fpos,60,top5_either,11,IEX,long,0.0295277910658421,0.0295277910658421,LONG: sector_1w <= 0.01254 AND india_vix >= 13.69 AND dist_60h <= -0.1598
fpos,60,top5_either,11,BANDHANBNK,long,-0.0718311302294483,-0.0718311302294483,LONG: sector_1w <= 0.01254 AND india_vix >= 13.69 AND dist_60h <= -0.1598
fpos,60,top5_either,11,AUROPHARMA,long,0.0236080107955767,0.0236080107955767,LONG: days_after_quarter_end >= 27 AND r10d <= -0.06078 AND nifty_3d <= 0.01231
fpos,60,top5_either,11,GLENMARK,long,-0.0247251711298935,-0.0247251711298935,LONG: days_after_quarter_end >= 27 AND r10d <= -0.06078 AND nifty_3d <= 0.01231
fpos,60,top5_either,11,MFSL,long,0.0813107650024357,0.0813107650024357,LONG: vs_nifty_1w <= 0.00189 AND days_after_quarter_end >= 27 AND dist_60h <= -0.1598
fpos,60,top5_either,11,BANDHANBNK,long,-0.0718311302294483,-0.0718311302294483,LONG: vs_nifty_1w <= 0.00189 AND days_after_quarter_end >= 27 AND dist_60h <= -0.1598
fpos,60,top5_either,11,AUROPHARMA,long,0.0236080107955767,0.0236080107955767,LONG: days_after_quarter_end >= 27 AND r10d <= -0.06078 AND sec_3d <= 0.01737
fpos,60,top5_either,11,GLENMARK,long,-0.0247251711298935,-0.0247251711298935,LONG: days_after_quarter_end >= 27 AND r10d <= -0.06078 AND sec_3d <= 0.01737
worst,15,best_short,11,UPL,short,0.1192128343598908,,SHORT: sector_1w >= 0.0195 AND d1 <= -0.0003867 AND gap0 >= -0.002057
worst,15,best_short,11,AUROPHARMA,short,-0.0236080107955767,,SHORT: sector_1w >= 0.0195 AND d1 <= -0.0003867 AND gap0 >= -0.002057
worst,15,best_short,11,GLENMARK,short,0.0247251711298935,,SHORT: sector_1w >= 0.0195 AND d1 <= -0.0003867 AND gap0 >= -0.002057
worst,30,best_short,11,UPL,short,0.1192128343598908,,SHORT: sector_1w >= 0.02506 AND sector_3m >= -0.05554 AND up10 <= 0.5
worst,30,best_short,11,AUROPHARMA,short,-0.0236080107955767,,SHORT: sector_1w >= 0.02506 AND sector_3m >= -0.05554 AND up10 <= 0.5
worst,30,best_short,11,DIVISLAB,short,-0.004726379632878,,SHORT: sector_1w >= 0.02506 AND sector_3m >= -0.05554 AND up10 <= 0.5
worst,60,best_either,11,DIXON,long,0.0426255716832142,0.0426255716832142,LONG: log_mcap >= 9.678 AND days_after_quarter_end >= 27 AND r10d <= -0.06078
worst,60,best_either,11,AUROPHARMA,long,0.0236080107955767,0.0236080107955767,LONG: log_mcap >= 9.678 AND days_after_quarter_end >= 27 AND r10d <= -0.06078
worst,60,best_either,11,GLENMARK,long,-0.0247251711298935,-0.0247251711298935,LONG: log_mcap >= 9.678 AND days_after_quarter_end >= 27 AND r10d <= -0.06078
worst,60,best_long,11,DIXON,long,0.0426255716832142,0.0426255716832142,LONG: log_mcap >= 9.678 AND days_after_quarter_end >= 27 AND r10d <= -0.06078
worst,60,best_long,11,AUROPHARMA,long,0.0236080107955767,0.0236080107955767,LONG: log_mcap >= 9.678 AND days_after_quarter_end >= 27 AND r10d <= -0.06078
worst,60,best_long,11,GLENMARK,long,-0.0247251711298935,-0.0247251711298935,LONG: log_mcap >= 9.678 AND days_after_quarter_end >= 27 AND r10d <= -0.06078
worst,60,top5_either,11,DIXON,long,0.0426255716832142,0.0426255716832142,LONG: log_mcap >= 9.678 AND days_after_quarter_end >= 27 AND r10d <= -0.06078
worst,60,top5_either,11,AUROPHARMA,long,0.0236080107955767,0.0236080107955767,LONG: log_mcap >= 9.678 AND days_after_quarter_end >= 27 AND r10d <= -0.06078
worst,60,top5_either,11,GLENMARK,long,-0.0247251711298935,-0.0247251711298935,LONG: log_mcap >= 9.678 AND days_after_quarter_end >= 27 AND r10d <= -0.06078
worst,60,top5_either,11,DIXON,long,0.0426255716832142,0.0426255716832142,LONG: india_vix >= 13.69 AND days_after_quarter_end >= 27 AND r10d <= -0.06078
worst,60,top5_either,11,AUROPHARMA,long,0.0236080107955767,0.0236080107955767,LONG: india_vix >= 13.69 AND days_after_quarter_end >= 27 AND r10d <= -0.06078
worst,60,top5_either,11,GLENMARK,long,-0.0247251711298935,-0.0247251711298935,LONG: india_vix >= 13.69 AND days_after_quarter_end >= 27 AND r10d <= -0.06078
worst,60,top5_either,11,AUBANK,long,-0.1260550892771587,-0.1260550892771587,LONG: india_vix >= 13.69 AND r10d <= -0.06078 AND nifty_3d <= 0.006647
worst,60,top5_either,11,IEX,long,0.0295277910658421,0.0295277910658421,LONG: india_vix >= 13.69 AND r10d <= -0.06078 AND nifty_3d <= 0.006647
worst,60,top5_either,11,AUROPHARMA,long,0.0236080107955767,0.0236080107955767,LONG: india_vix >= 13.69 AND r10d <= -0.06078 AND nifty_3d <= 0.006647
worst,60,top5_either,11,GLENMARK,long,-0.0247251711298935,-0.0247251711298935,LONG: india_vix >= 13.69 AND r10d <= -0.06078 AND nifty_3d <= 0.006647
worst,60,top5_either,11,IEX,long,0.0295277910658421,0.0295277910658421,LONG: vs_ma50 <= -0.07705 AND sector_1w <= 0.0195 AND india_vix >= 13.69
mean,15,best_short,12,APOLLOHOSP,short,0.0107685184405253,,SHORT: r5y >= 2.416 AND nifty_1m >= 0.01284 AND nifty_3d <= 0.004968
mean,15,top5_either,12,INFY,long,0.0129914861968423,0.0129914861968423,LONG: vs_ma50 <= -0.09479 AND nifty_1w <= -0.01634 AND d2 >= -0.01519
mean,15,top5_either,12,WIPRO,long,0.0304131169461949,0.0304131169461949,LONG: vs_ma50 <= -0.09479 AND nifty_1w <= -0.01634 AND d2 >= -0.01519
mean,15,top5_either,12,INFY,long,0.0129914861968423,0.0129914861968423,LONG: vs_ma50 <= -0.09479 AND nifty_1w <= -0.01634 AND d2 >= -0.01793
mean,15,top5_either,12,WIPRO,long,0.0304131169461949,0.0304131169461949,LONG: vs_ma50 <= -0.09479 AND nifty_1w <= -0.01634 AND d2 >= -0.01793
mean,15,top5_either,12,DLF,long,0.0027744560698022,0.0027744560698022,LONG: vol60 >= 0.3103 AND nifty_1w <= -0.01279 AND d1 >= -0.01271
mean,30,best_either,12,INFY,long,0.0129914861968423,0.0129914861968423,LONG: r3y <= 1.724 AND vs_ma50 <= -0.07583 AND nifty_1w <= -0.01279
mean,30,best_either,12,WIPRO,long,0.0304131169461949,0.0304131169461949,LONG: r3y <= 1.724 AND vs_ma50 <= -0.07583 AND nifty_1w <= -0.01279
mean,30,best_long,12,INFY,long,0.0129914861968423,0.0129914861968423,LONG: r3y <= 1.724 AND vs_ma50 <= -0.07583 AND nifty_1w <= -0.01279
mean,30,best_long,12,WIPRO,long,0.0304131169461949,0.0304131169461949,LONG: r3y <= 1.724 AND vs_ma50 <= -0.07583 AND nifty_1w <= -0.01279
mean,30,top5_either,12,INFY,long,0.0129914861968423,0.0129914861968423,LONG: r3y <= 1.724 AND vs_ma50 <= -0.07583 AND nifty_1w <= -0.01279
mean,30,top5_either,12,WIPRO,long,0.0304131169461949,0.0304131169461949,LONG: r3y <= 1.724 AND vs_ma50 <= -0.07583 AND nifty_1w <= -0.01279
mean,30,top5_either,12,INFY,long,0.0129914861968423,0.0129914861968423,LONG: vs_ma50 <= -0.05037 AND nifty_1w <= -0.01279 AND d2 >= -0.01519
mean,30,top5_either,12,WIPRO,long,0.0304131169461949,0.0304131169461949,LONG: vs_ma50 <= -0.05037 AND nifty_1w <= -0.01279 AND d2 >= -0.01519
mean,30,top5_either,12,PERSISTENT,long,-0.0803700310724196,-0.0803700310724196,LONG: vs_ma50 <= -0.05037 AND nifty_1w <= -0.01279 AND d2 >= -0.01519
mean,30,top5_either,12,INFY,long,0.0129914861968423,0.0129914861968423,LONG: vs_ma50 <= -0.06099 AND nifty_1w <= -0.01279 AND d2 >= -0.01793
mean,30,top5_either,12,WIPRO,long,0.0304131169461949,0.0304131169461949,LONG: vs_ma50 <= -0.06099 AND nifty_1w <= -0.01279 AND d2 >= -0.01793
mean,30,top5_either,12,PERSISTENT,long,-0.0803700310724196,-0.0803700310724196,LONG: vs_ma50 <= -0.06099 AND nifty_1w <= -0.01279 AND d2 >= -0.01793
mean,30,top5_either,12,INFY,long,0.0129914861968423,0.0129914861968423,LONG: r3y <= 2.031 AND dist_60h <= -0.1582 AND cal_days >= 3
mean,30,top5_either,12,WIPRO,long,0.0304131169461949,0.0304131169461949,LONG: r3y <= 2.031 AND dist_60h <= -0.1582 AND cal_days >= 3
mean,30,top5_either,12,COFORGE,long,-0.1395677206524834,-0.1395677206524834,LONG: r3y <= 2.031 AND dist_60h <= -0.1582 AND cal_days >= 3
mean,30,top5_either,12,INFY,long,0.0129914861968423,0.0129914861968423,LONG: r3y <= 1.724 AND nifty_1w <= -0.01279 AND dist_60h <= -0.1582
mean,30,top5_either,12,WIPRO,long,0.0304131169461949,0.0304131169461949,LONG: r3y <= 1.724 AND nifty_1w <= -0.01279 AND dist_60h <= -0.1582
mean,60,best_either,12,COFORGE,long,-0.1395677206524834,-0.1395677206524834,LONG: days_after_quarter_end >= 27 AND r10d <= -0.06068 AND sec_3d <= 0.01341
mean,60,best_either,12,PNB,long,0.0135342104090933,0.0135342104090933,LONG: days_after_quarter_end >= 27 AND r10d <= -0.06068 AND sec_3d <= 0.01341
mean,60,best_either,12,DLF,long,0.0027744560698022,0.0027744560698022,LONG: days_after_quarter_end >= 27 AND r10d <= -0.06068 AND sec_3d <= 0.01341
mean,60,best_long,12,COFORGE,long,-0.1395677206524834,-0.1395677206524834,LONG: days_after_quarter_end >= 27 AND r10d <= -0.06068 AND sec_3d <= 0.01341
mean,60,best_long,12,PNB,long,0.0135342104090933,0.0135342104090933,LONG: days_after_quarter_end >= 27 AND r10d <= -0.06068 AND sec_3d <= 0.01341
mean,60,best_long,12,DLF,long,0.0027744560698022,0.0027744560698022,LONG: days_after_quarter_end >= 27 AND r10d <= -0.06068 AND sec_3d <= 0.01341
mean,60,best_short,12,PIIND,short,-0.0343001367914583,,SHORT: nifty_1w >= 0.01418 AND vs_nifty_1m >= -0.111 AND vol20_60 >= 0.7055
mean,60,best_short,12,MANAPPURAM,short,0.0151376480033479,,SHORT: nifty_1w >= 0.01418 AND vs_nifty_1m >= -0.111 AND vol20_60 >= 0.7055
mean,60,top5_either,12,COFORGE,long,-0.1395677206524834,-0.1395677206524834,LONG: days_after_quarter_end >= 27 AND r10d <= -0.06068 AND sec_3d <= 0.01341
mean,60,top5_either,12,PNB,long,0.0135342104090933,0.0135342104090933,LONG: days_after_quarter_end >= 27 AND r10d <= -0.06068 AND sec_3d <= 0.01341
mean,60,top5_either,12,DLF,long,0.0027744560698022,0.0027744560698022,LONG: days_after_quarter_end >= 27 AND r10d <= -0.06068 AND sec_3d <= 0.01341
mean,60,top5_either,12,COFORGE,long,-0.1395677206524834,-0.1395677206524834,LONG: days_after_quarter_end >= 27 AND r10d <= -0.06068 AND nifty_3d <= 0.0134
mean,60,top5_either,12,KOTAKBANK,long,0.0438646992342652,0.0317979627939524,LONG: days_after_quarter_end >= 27 AND r10d <= -0.06068 AND nifty_3d <= 0.0134
mean,60,top5_either,12,PNB,long,0.0135342104090933,0.0135342104090933,LONG: days_after_quarter_end >= 27 AND r10d <= -0.06068 AND nifty_3d <= 0.0134
mean,60,top5_either,12,DLF,long,0.0027744560698022,0.0027744560698022,LONG: days_after_quarter_end >= 27 AND r10d <= -0.06068 AND nifty_3d <= 0.0134
mean,60,top5_either,12,PNB,long,0.0135342104090933,0.0135342104090933,LONG: nifty_1w <= -0.005796 AND days_after_quarter_end >= 27 AND nifty_3d <= 0.004968
mean,60,top5_either,12,DLF,long,0.0027744560698022,0.0027744560698022,LONG: nifty_1w <= -0.005796 AND days_after_quarter_end >= 27 AND nifty_3d <= 0.004968
mean,60,top5_either,12,KOTAKBANK,long,0.0438646992342652,0.0317979627939524,LONG: days_after_quarter_end >= 27 AND r10d <= -0.06068 AND z5 <= -0.2189
mean,60,top5_either,12,PNB,long,0.0135342104090933,0.0135342104090933,LONG: days_after_quarter_end >= 27 AND r10d <= -0.06068 AND z5 <= -0.2189
mean,60,top5_either,12,DLF,long,0.0027744560698022,0.0027744560698022,LONG: days_after_quarter_end >= 27 AND r10d <= -0.06068 AND z5 <= -0.2189
fpos,15,top5_either,12,INFY,long,0.0129914861968423,0.0129914861968423,LONG: vs_ma50 <= -0.09479 AND nifty_1w <= -0.01634 AND d2 >= -0.01793
fpos,15,top5_either,12,WIPRO,long,0.0304131169461949,0.0304131169461949,LONG: vs_ma50 <= -0.09479 AND nifty_1w <= -0.01634 AND d2 >= -0.01793
fpos,15,top5_either,12,INFY,long,0.0129914861968423,0.0129914861968423,LONG: vs_ma50 <= -0.09479 AND nifty_1w <= -0.01634 AND d2 >= -0.01519
fpos,15,top5_either,12,WIPRO,long,0.0304131169461949,0.0304131169461949,LONG: vs_ma50 <= -0.09479 AND nifty_1w <= -0.01634 AND d2 >= -0.01519
fpos,15,top5_either,12,DLF,long,0.0027744560698022,0.0027744560698022,LONG: vol60 >= 0.3103 AND nifty_1w <= -0.01279 AND d1 >= -0.01271
fpos,30,best_either,12,INFY,long,0.0129914861968423,0.0129914861968423,LONG: r3y <= 1.724 AND vs_ma50 <= -0.07583 AND nifty_1w <= -0.01279
fpos,30,best_either,12,WIPRO,long,0.0304131169461949,0.0304131169461949,LONG: r3y <= 1.724 AND vs_ma50 <= -0.07583 AND nifty_1w <= -0.01279
fpos,30,best_long,12,INFY,long,0.0129914861968423,0.0129914861968423,LONG: r3y <= 1.724 AND vs_ma50 <= -0.07583 AND nifty_1w <= -0.01279
fpos,30,best_long,12,WIPRO,long,0.0304131169461949,0.0304131169461949,LONG: r3y <= 1.724 AND vs_ma50 <= -0.07583 AND nifty_1w <= -0.01279
fpos,30,best_short,12,PIIND,short,-0.0343001367914583,,SHORT: nifty_1w >= 0.01418 AND prev_pat_yoy >= 0.1227 AND intra5 >= -0.03308
fpos,30,best_short,12,APOLLOHOSP,short,0.0107685184405253,,SHORT: nifty_1w >= 0.01418 AND prev_pat_yoy >= 0.1227 AND intra5 >= -0.03308
fpos,30,top5_either,12,INFY,long,0.0129914861968423,0.0129914861968423,LONG: r3y <= 1.724 AND vs_ma50 <= -0.07583 AND nifty_1w <= -0.01279
fpos,30,top5_either,12,WIPRO,long,0.0304131169461949,0.0304131169461949,LONG: r3y <= 1.724 AND vs_ma50 <= -0.07583 AND nifty_1w <= -0.01279
fpos,30,top5_either,12,INFY,long,0.0129914861968423,0.0129914861968423,LONG: r3y <= 1.724 AND nifty_1w <= -0.01279 AND dist_60h <= -0.1582
fpos,30,top5_either,12,WIPRO,long,0.0304131169461949,0.0304131169461949,LONG: r3y <= 1.724 AND nifty_1w <= -0.01279 AND dist_60h <= -0.1582
fpos,30,top5_either,12,INFY,long,0.0129914861968423,0.0129914861968423,LONG: r3y <= 2.031 AND nifty_1w <= -0.01279 AND dist_60h <= -0.1582
fpos,30,top5_either,12,WIPRO,long,0.0304131169461949,0.0304131169461949,LONG: r3y <= 2.031 AND nifty_1w <= -0.01279 AND dist_60h <= -0.1582
fpos,30,top5_either,12,INFY,long,0.0129914861968423,0.0129914861968423,LONG: nifty_1w <= -0.01279 AND dist_60h <= -0.1582 AND vol5_60 >= 0.3713
fpos,30,top5_either,12,WIPRO,long,0.0304131169461949,0.0304131169461949,LONG: nifty_1w <= -0.01279 AND dist_60h <= -0.1582 AND vol5_60 >= 0.3713
fpos,60,best_either,12,KOTAKBANK,long,0.0438646992342652,0.0317979627939524,LONG: days_after_quarter_end >= 27 AND r10d <= -0.06068 AND z5 <= -0.2189
fpos,60,best_either,12,PNB,long,0.0135342104090933,0.0135342104090933,LONG: days_after_quarter_end >= 27 AND r10d <= -0.06068 AND z5 <= -0.2189
fpos,60,best_either,12,DLF,long,0.0027744560698022,0.0027744560698022,LONG: days_after_quarter_end >= 27 AND r10d <= -0.06068 AND z5 <= -0.2189
fpos,60,best_long,12,KOTAKBANK,long,0.0438646992342652,0.0317979627939524,LONG: days_after_quarter_end >= 27 AND r10d <= -0.06068 AND z5 <= -0.2189
fpos,60,best_long,12,PNB,long,0.0135342104090933,0.0135342104090933,LONG: days_after_quarter_end >= 27 AND r10d <= -0.06068 AND z5 <= -0.2189
fpos,60,best_long,12,DLF,long,0.0027744560698022,0.0027744560698022,LONG: days_after_quarter_end >= 27 AND r10d <= -0.06068 AND z5 <= -0.2189
fpos,60,best_short,12,PIIND,short,-0.0343001367914583,,SHORT: nifty_1w >= 0.01418 AND vs_nifty_1m >= -0.111 AND vol20_60 >= 0.7055
fpos,60,best_short,12,MANAPPURAM,short,0.0151376480033479,,SHORT: nifty_1w >= 0.01418 AND vs_nifty_1m >= -0.111 AND vol20_60 >= 0.7055
fpos,60,top5_either,12,KOTAKBANK,long,0.0438646992342652,0.0317979627939524,LONG: days_after_quarter_end >= 27 AND r10d <= -0.06068 AND z5 <= -0.2189
fpos,60,top5_either,12,PNB,long,0.0135342104090933,0.0135342104090933,LONG: days_after_quarter_end >= 27 AND r10d <= -0.06068 AND z5 <= -0.2189
fpos,60,top5_either,12,DLF,long,0.0027744560698022,0.0027744560698022,LONG: days_after_quarter_end >= 27 AND r10d <= -0.06068 AND z5 <= -0.2189
fpos,60,top5_either,12,KOTAKBANK,long,0.0438646992342652,0.0317979627939524,LONG: r1w <= -0.01508 AND days_after_quarter_end >= 27 AND r10d <= -0.06068
fpos,60,top5_either,12,PNB,long,0.0135342104090933,0.0135342104090933,LONG: r1w <= -0.01508 AND days_after_quarter_end >= 27 AND r10d <= -0.06068
fpos,60,top5_either,12,DLF,long,0.0027744560698022,0.0027744560698022,LONG: r1w <= -0.01508 AND days_after_quarter_end >= 27 AND r10d <= -0.06068
fpos,60,top5_either,12,KOTAKBANK,long,0.0438646992342652,0.0317979627939524,LONG: r1w <= -0.008295 AND days_after_quarter_end >= 27 AND r10d <= -0.06068
fpos,60,top5_either,12,PNB,long,0.0135342104090933,0.0135342104090933,LONG: r1w <= -0.008295 AND days_after_quarter_end >= 27 AND r10d <= -0.06068
fpos,60,top5_either,12,DLF,long,0.0027744560698022,0.0027744560698022,LONG: r1w <= -0.008295 AND days_after_quarter_end >= 27 AND r10d <= -0.06068
fpos,60,top5_either,12,INFY,long,0.0129914861968423,0.0129914861968423,LONG: vs_ma50 <= -0.07583 AND sector_1w <= 0.0195 AND nifty_3m <= 0.01531
fpos,60,top5_either,12,WIPRO,long,0.0304131169461949,0.0304131169461949,LONG: vs_ma50 <= -0.07583 AND sector_1w <= 0.0195 AND nifty_3m <= 0.01531
worst,15,best_either,12,INFY,long,0.0129914861968423,0.0129914861968423,LONG: dist_60h <= -0.1582 AND vol20_60 >= 0.9237 AND cal_days >= 3
worst,15,best_long,12,INFY,long,0.0129914861968423,0.0129914861968423,LONG: dist_60h <= -0.1582 AND vol20_60 >= 0.9237 AND cal_days >= 3
worst,15,top5_either,12,INFY,long,0.0129914861968423,0.0129914861968423,LONG: dist_60h <= -0.1582 AND vol20_60 >= 0.9237 AND cal_days >= 3
worst,30,best_short,12,PIIND,short,-0.0343001367914583,,SHORT: r6m >= -0.2579 AND sector_1w >= 0.02504 AND up10 <= 0.5
worst,30,top5_either,12,OFSS,long,-0.0531145525898908,-0.0531145525898908,LONG: d2 <= 0.0117 AND r10d <= -0.08671 AND own_abs3d <= 0.07739
worst,30,top5_either,12,MPHASIS,long,0.0245100233260315,0.0245100233260315,LONG: d2 <= 0.0117 AND r10d <= -0.08671 AND own_abs3d <= 0.07739
worst,30,top5_either,12,OFSS,long,-0.0531145525898908,-0.0531145525898908,LONG: d2 <= 0.0117 AND r10d <= -0.08671 AND own_dm1 >= -0.01421
worst,30,top5_either,12,MPHASIS,long,0.0245100233260315,0.0245100233260315,LONG: d2 <= 0.0117 AND r10d <= -0.08671 AND own_dm1 >= -0.01421
worst,60,best_either,12,INFY,long,0.0129914861968423,0.0129914861968423,LONG: vs_ma50 <= -0.03607 AND sector_3m <= -0.02354 AND peers_reported_n <= 7
worst,60,best_either,12,WIPRO,long,0.0304131169461949,0.0304131169461949,LONG: vs_ma50 <= -0.03607 AND sector_3m <= -0.02354 AND peers_reported_n <= 7
worst,60,best_either,12,PERSISTENT,long,-0.0803700310724196,-0.0803700310724196,LONG: vs_ma50 <= -0.03607 AND sector_3m <= -0.02354 AND peers_reported_n <= 7
worst,60,best_either,12,LTM,long,-0.0086711545064482,-0.0086711545064482,LONG: vs_ma50 <= -0.03607 AND sector_3m <= -0.02354 AND peers_reported_n <= 7
worst,60,best_either,12,OFSS,long,-0.0531145525898908,-0.0531145525898908,LONG: vs_ma50 <= -0.03607 AND sector_3m <= -0.02354 AND peers_reported_n <= 7
worst,60,best_either,12,MPHASIS,long,0.0245100233260315,0.0245100233260315,LONG: vs_ma50 <= -0.03607 AND sector_3m <= -0.02354 AND peers_reported_n <= 7
worst,60,best_either,12,TECHM,long,0.0660660880612156,0.0660660880612156,LONG: vs_ma50 <= -0.03607 AND sector_3m <= -0.02354 AND peers_reported_n <= 7
worst,60,best_either,12,HCLTECH,long,-0.0619673142505524,-0.0619673142505524,LONG: vs_ma50 <= -0.03607 AND sector_3m <= -0.02354 AND peers_reported_n <= 7
worst,60,best_long,12,INFY,long,0.0129914861968423,0.0129914861968423,LONG: vs_ma50 <= -0.03607 AND sector_3m <= -0.02354 AND peers_reported_n <= 7
worst,60,best_long,12,WIPRO,long,0.0304131169461949,0.0304131169461949,LONG: vs_ma50 <= -0.03607 AND sector_3m <= -0.02354 AND peers_reported_n <= 7
worst,60,best_long,12,PERSISTENT,long,-0.0803700310724196,-0.0803700310724196,LONG: vs_ma50 <= -0.03607 AND sector_3m <= -0.02354 AND peers_reported_n <= 7
worst,60,best_long,12,LTM,long,-0.0086711545064482,-0.0086711545064482,LONG: vs_ma50 <= -0.03607 AND sector_3m <= -0.02354 AND peers_reported_n <= 7
worst,60,best_long,12,OFSS,long,-0.0531145525898908,-0.0531145525898908,LONG: vs_ma50 <= -0.03607 AND sector_3m <= -0.02354 AND peers_reported_n <= 7
worst,60,best_long,12,MPHASIS,long,0.0245100233260315,0.0245100233260315,LONG: vs_ma50 <= -0.03607 AND sector_3m <= -0.02354 AND peers_reported_n <= 7
worst,60,best_long,12,TECHM,long,0.0660660880612156,0.0660660880612156,LONG: vs_ma50 <= -0.03607 AND sector_3m <= -0.02354 AND peers_reported_n <= 7
worst,60,best_long,12,HCLTECH,long,-0.0619673142505524,-0.0619673142505524,LONG: vs_ma50 <= -0.03607 AND sector_3m <= -0.02354 AND peers_reported_n <= 7
worst,60,best_short,12,PIIND,short,-0.0343001367914583,,SHORT: nifty_1w >= 0.01418 AND sector_3m >= -0.07523 AND india_vix >= 15.59
worst,60,best_short,12,MANAPPURAM,short,0.0151376480033479,,SHORT: nifty_1w >= 0.01418 AND sector_3m >= -0.07523 AND india_vix >= 15.59
worst,60,best_short,12,APOLLOHOSP,short,0.0107685184405253,,SHORT: nifty_1w >= 0.01418 AND sector_3m >= -0.07523 AND india_vix >= 15.59
worst,60,top5_either,12,INFY,long,0.0129914861968423,0.0129914861968423,LONG: vs_ma50 <= -0.03607 AND sector_3m <= -0.02354 AND peers_reported_n <= 7
worst,60,top5_either,12,WIPRO,long,0.0304131169461949,0.0304131169461949,LONG: vs_ma50 <= -0.03607 AND sector_3m <= -0.02354 AND peers_reported_n <= 7
worst,60,top5_either,12,PERSISTENT,long,-0.0803700310724196,-0.0803700310724196,LONG: vs_ma50 <= -0.03607 AND sector_3m <= -0.02354 AND peers_reported_n <= 7
worst,60,top5_either,12,LTM,long,-0.0086711545064482,-0.0086711545064482,LONG: vs_ma50 <= -0.03607 AND sector_3m <= -0.02354 AND peers_reported_n <= 7
worst,60,top5_either,12,OFSS,long,-0.0531145525898908,-0.0531145525898908,LONG: vs_ma50 <= -0.03607 AND sector_3m <= -0.02354 AND peers_reported_n <= 7
worst,60,top5_either,12,MPHASIS,long,0.0245100233260315,0.0245100233260315,LONG: vs_ma50 <= -0.03607 AND sector_3m <= -0.02354 AND peers_reported_n <= 7
worst,60,top5_either,12,TECHM,long,0.0660660880612156,0.0660660880612156,LONG: vs_ma50 <= -0.03607 AND sector_3m <= -0.02354 AND peers_reported_n <= 7
worst,60,top5_either,12,HCLTECH,long,-0.0619673142505524,-0.0619673142505524,LONG: vs_ma50 <= -0.03607 AND sector_3m <= -0.02354 AND peers_reported_n <= 7
worst,60,top5_either,12,INFY,long,0.0129914861968423,0.0129914861968423,LONG: vs_ma50 <= -0.07583 AND nifty_3m <= 0.01531 AND d0 <= 0.01827
worst,60,top5_either,12,WIPRO,long,0.0304131169461949,0.0304131169461949,LONG: vs_ma50 <= -0.07583 AND nifty_3m <= 0.01531 AND d0 <= 0.01827
worst,60,top5_either,12,INFY,long,0.0129914861968423,0.0129914861968423,LONG: vs_ma50 <= -0.07583 AND nifty_3m <= 0.01531 AND exn_d0 <= 0.008669
worst,60,top5_either,12,WIPRO,long,0.0304131169461949,0.0304131169461949,LONG: vs_ma50 <= -0.07583 AND nifty_3m <= 0.01531 AND exn_d0 <= 0.008669
worst,60,top5_either,12,INFY,long,0.0129914861968423,0.0129914861968423,LONG: vs_ma50 <= -0.07583 AND nifty_3m <= 0.01531 AND sec_d0 <= 0.01499
worst,60,top5_either,12,WIPRO,long,0.0304131169461949,0.0304131169461949,LONG: vs_ma50 <= -0.07583 AND nifty_3m <= 0.01531 AND sec_d0 <= 0.01499
worst,60,top5_either,12,INFY,long,0.0129914861968423,0.0129914861968423,LONG: vs_ma50 <= -0.07583 AND nifty_3m <= 0.01531 AND own_abs3d >= 0.01912
worst,60,top5_either,12,WIPRO,long,0.0304131169461949,0.0304131169461949,LONG: vs_ma50 <= -0.07583 AND nifty_3m <= 0.01531 AND own_abs3d >= 0.01912
mean,15,best_short,13,POLYCAB,short,0.0482943588375163,,SHORT: r5y >= 2.535 AND nifty_1m >= 0.01284 AND sec_vs_200dma >= -0.06434
mean,15,best_short,13,SRF,short,-0.0107004715145514,,SHORT: r5y >= 2.535 AND nifty_1m >= 0.01284 AND sec_vs_200dma >= -0.06434
mean,15,best_short,13,IEX,short,-0.0271292226627146,,SHORT: r5y >= 2.535 AND nifty_1m >= 0.01284 AND sec_vs_200dma >= -0.06434
mean,15,best_short,13,JINDALSTEL,short,0.0147982746091553,,SHORT: r5y >= 2.535 AND nifty_1m >= 0.01284 AND sec_vs_200dma >= -0.06434
mean,15,best_short,13,DLF,short,-0.0251959327915674,,SHORT: r5y >= 2.535 AND nifty_1m >= 0.01284 AND sec_vs_200dma >= -0.06434
mean,15,best_short,13,CHOLAFIN,short,-0.0324177307017472,,SHORT: r5y >= 2.535 AND nifty_1m >= 0.01284 AND sec_vs_200dma >= -0.06434
mean,15,best_short,13,BEL,short,-0.0548650016848495,,SHORT: r5y >= 2.535 AND nifty_1m >= 0.01284 AND sec_vs_200dma >= -0.06434
mean,15,best_short,13,DIXON,short,-0.072350269318679,,SHORT: r5y >= 2.535 AND nifty_1m >= 0.01284 AND sec_vs_200dma >= -0.06434
mean,15,best_short,13,TATASTEEL,short,-0.0013173727849133,,SHORT: r5y >= 2.535 AND nifty_1m >= 0.01284 AND sec_vs_200dma >= -0.06434
mean,15,best_short,13,CUMMINSIND,short,-0.067523900459586,,SHORT: r5y >= 2.535 AND nifty_1m >= 0.01284 AND sec_vs_200dma >= -0.06434
mean,15,top5_either,13,POLYCAB,short,0.0482943588375163,,SHORT: r5y >= 2.535 AND nifty_1m >= 0.01284 AND sec_vs_200dma >= -0.06434
mean,15,top5_either,13,SRF,short,-0.0107004715145514,,SHORT: r5y >= 2.535 AND nifty_1m >= 0.01284 AND sec_vs_200dma >= -0.06434
mean,15,top5_either,13,IEX,short,-0.0271292226627146,,SHORT: r5y >= 2.535 AND nifty_1m >= 0.01284 AND sec_vs_200dma >= -0.06434
mean,15,top5_either,13,JINDALSTEL,short,0.0147982746091553,,SHORT: r5y >= 2.535 AND nifty_1m >= 0.01284 AND sec_vs_200dma >= -0.06434
mean,15,top5_either,13,DLF,short,-0.0251959327915674,,SHORT: r5y >= 2.535 AND nifty_1m >= 0.01284 AND sec_vs_200dma >= -0.06434
mean,15,top5_either,13,CHOLAFIN,short,-0.0324177307017472,,SHORT: r5y >= 2.535 AND nifty_1m >= 0.01284 AND sec_vs_200dma >= -0.06434
mean,15,top5_either,13,BEL,short,-0.0548650016848495,,SHORT: r5y >= 2.535 AND nifty_1m >= 0.01284 AND sec_vs_200dma >= -0.06434
mean,15,top5_either,13,DIXON,short,-0.072350269318679,,SHORT: r5y >= 2.535 AND nifty_1m >= 0.01284 AND sec_vs_200dma >= -0.06434
mean,15,top5_either,13,TATASTEEL,short,-0.0013173727849133,,SHORT: r5y >= 2.535 AND nifty_1m >= 0.01284 AND sec_vs_200dma >= -0.06434
mean,15,top5_either,13,CUMMINSIND,short,-0.067523900459586,,SHORT: r5y >= 2.535 AND nifty_1m >= 0.01284 AND sec_vs_200dma >= -0.06434
mean,15,top5_either,13,POLYCAB,short,0.0482943588375163,,SHORT: r5y >= 2.535 AND nifty_1m >= 0.01284 AND sec_from_52w_high >= -0.1674
mean,15,top5_either,13,SRF,short,-0.0107004715145514,,SHORT: r5y >= 2.535 AND nifty_1m >= 0.01284 AND sec_from_52w_high >= -0.1674
mean,15,top5_either,13,IEX,short,-0.0271292226627146,,SHORT: r5y >= 2.535 AND nifty_1m >= 0.01284 AND sec_from_52w_high >= -0.1674
mean,15,top5_either,13,JINDALSTEL,short,0.0147982746091553,,SHORT: r5y >= 2.535 AND nifty_1m >= 0.01284 AND sec_from_52w_high >= -0.1674
mean,15,top5_either,13,DLF,short,-0.0251959327915674,,SHORT: r5y >= 2.535 AND nifty_1m >= 0.01284 AND sec_from_52w_high >= -0.1674
mean,15,top5_either,13,CHOLAFIN,short,-0.0324177307017472,,SHORT: r5y >= 2.535 AND nifty_1m >= 0.01284 AND sec_from_52w_high >= -0.1674
mean,15,top5_either,13,BEL,short,-0.0548650016848495,,SHORT: r5y >= 2.535 AND nifty_1m >= 0.01284 AND sec_from_52w_high >= -0.1674
mean,15,top5_either,13,DIXON,short,-0.072350269318679,,SHORT: r5y >= 2.535 AND nifty_1m >= 0.01284 AND sec_from_52w_high >= -0.1674
mean,15,top5_either,13,TATASTEEL,short,-0.0013173727849133,,SHORT: r5y >= 2.535 AND nifty_1m >= 0.01284 AND sec_from_52w_high >= -0.1674
mean,15,top5_either,13,CUMMINSIND,short,-0.067523900459586,,SHORT: r5y >= 2.535 AND nifty_1m >= 0.01284 AND sec_from_52w_high >= -0.1674
mean,15,top5_either,13,POLYCAB,short,0.0482943588375163,,SHORT: r5y >= 2.535 AND nifty_1m >= 0.01284 AND sec_from_52w_high >= -0.1522
mean,15,top5_either,13,SRF,short,-0.0107004715145514,,SHORT: r5y >= 2.535 AND nifty_1m >= 0.01284 AND sec_from_52w_high >= -0.1522
mean,15,top5_either,13,IEX,short,-0.0271292226627146,,SHORT: r5y >= 2.535 AND nifty_1m >= 0.01284 AND sec_from_52w_high >= -0.1522
mean,15,top5_either,13,JINDALSTEL,short,0.0147982746091553,,SHORT: r5y >= 2.535 AND nifty_1m >= 0.01284 AND sec_from_52w_high >= -0.1522
mean,15,top5_either,13,DLF,short,-0.0251959327915674,,SHORT: r5y >= 2.535 AND nifty_1m >= 0.01284 AND sec_from_52w_high >= -0.1522
mean,15,top5_either,13,CHOLAFIN,short,-0.0324177307017472,,SHORT: r5y >= 2.535 AND nifty_1m >= 0.01284 AND sec_from_52w_high >= -0.1522
mean,15,top5_either,13,BEL,short,-0.0548650016848495,,SHORT: r5y >= 2.535 AND nifty_1m >= 0.01284 AND sec_from_52w_high >= -0.1522
mean,15,top5_either,13,DIXON,short,-0.072350269318679,,SHORT: r5y >= 2.535 AND nifty_1m >= 0.01284 AND sec_from_52w_high >= -0.1522
mean,15,top5_either,13,TATASTEEL,short,-0.0013173727849133,,SHORT: r5y >= 2.535 AND nifty_1m >= 0.01284 AND sec_from_52w_high >= -0.1522
mean,15,top5_either,13,CUMMINSIND,short,-0.067523900459586,,SHORT: r5y >= 2.535 AND nifty_1m >= 0.01284 AND sec_from_52w_high >= -0.1522
mean,15,top5_either,13,CONCOR,long,-0.001310733573814,-0.001310733573814,LONG: r5y <= 2.535 AND pe >= 40.5 AND dist_60h <= -0.1581
mean,30,best_either,13,SAIL,long,-0.0428955399331814,0.045548501402628,LONG: r3y <= 1.733 AND vs_ma50 <= -0.07589 AND nifty_1w <= -0.01321
mean,30,best_either,13,NATIONALUM,long,-0.0154813923017973,-0.0154813923017973,LONG: r3y <= 1.733 AND vs_ma50 <= -0.07589 AND nifty_1w <= -0.01321
mean,30,best_either,13,NMDC,long,0.0097346160571613,0.0322490958725163,LONG: r3y <= 1.733 AND vs_ma50 <= -0.07589 AND nifty_1w <= -0.01321
mean,30,best_long,13,SAIL,long,-0.0428955399331814,0.045548501402628,LONG: r3y <= 1.733 AND vs_ma50 <= -0.07589 AND nifty_1w <= -0.01321
mean,30,best_long,13,NATIONALUM,long,-0.0154813923017973,-0.0154813923017973,LONG: r3y <= 1.733 AND vs_ma50 <= -0.07589 AND nifty_1w <= -0.01321
mean,30,best_long,13,NMDC,long,0.0097346160571613,0.0322490958725163,LONG: r3y <= 1.733 AND vs_ma50 <= -0.07589 AND nifty_1w <= -0.01321
mean,30,best_short,13,BAJAJ-AUTO,short,-0.0208942530076131,,SHORT: r5y >= 1.433 AND nifty_1m >= 0.01284 AND days_after_quarter_end <= 39.8
mean,30,best_short,13,POLYCAB,short,0.0482943588375163,,SHORT: r5y >= 1.433 AND nifty_1m >= 0.01284 AND days_after_quarter_end <= 39.8
mean,30,best_short,13,INDHOTEL,short,-0.0581461137468732,,SHORT: r5y >= 1.433 AND nifty_1m >= 0.01284 AND days_after_quarter_end <= 39.8
mean,30,best_short,13,OBEROIRLTY,short,-0.0108528613623897,,SHORT: r5y >= 1.433 AND nifty_1m >= 0.01284 AND days_after_quarter_end <= 39.8
mean,30,best_short,13,SRF,short,-0.0107004715145514,,SHORT: r5y >= 1.433 AND nifty_1m >= 0.01284 AND days_after_quarter_end <= 39.8
mean,30,best_short,13,IEX,short,-0.0271292226627146,,SHORT: r5y >= 1.433 AND nifty_1m >= 0.01284 AND days_after_quarter_end <= 39.8
mean,30,best_short,13,JINDALSTEL,short,0.0147982746091553,,SHORT: r5y >= 1.433 AND nifty_1m >= 0.01284 AND days_after_quarter_end <= 39.8
mean,30,best_short,13,ASHOKLEY,short,-0.0722153616258466,,SHORT: r5y >= 1.433 AND nifty_1m >= 0.01284 AND days_after_quarter_end <= 39.8
mean,30,best_short,13,DLF,short,-0.0251959327915674,,SHORT: r5y >= 1.433 AND nifty_1m >= 0.01284 AND days_after_quarter_end <= 39.8
mean,30,best_short,13,CHOLAFIN,short,-0.0324177307017472,,SHORT: r5y >= 1.433 AND nifty_1m >= 0.01284 AND days_after_quarter_end <= 39.8
mean,30,best_short,13,SHRIRAMFIN,short,-0.0813690779368214,,SHORT: r5y >= 1.433 AND nifty_1m >= 0.01284 AND days_after_quarter_end <= 39.8
mean,30,best_short,13,BEL,short,-0.0548650016848495,,SHORT: r5y >= 1.433 AND nifty_1m >= 0.01284 AND days_after_quarter_end <= 39.8
mean,30,best_short,13,DIXON,short,-0.072350269318679,,SHORT: r5y >= 1.433 AND nifty_1m >= 0.01284 AND days_after_quarter_end <= 39.8
mean,30,best_short,13,TATASTEEL,short,-0.0013173727849133,,SHORT: r5y >= 1.433 AND nifty_1m >= 0.01284 AND days_after_quarter_end <= 39.8
mean,30,best_short,13,ABCAPITAL,short,0.0511491762672634,,SHORT: r5y >= 1.433 AND nifty_1m >= 0.01284 AND days_after_quarter_end <= 39.8
mean,30,best_short,13,ADANIENT,short,-0.0105749454758082,,SHORT: r5y >= 1.433 AND nifty_1m >= 0.01284 AND days_after_quarter_end <= 39.8
mean,30,best_short,13,CUMMINSIND,short,-0.067523900459586,,SHORT: r5y >= 1.433 AND nifty_1m >= 0.01284 AND days_after_quarter_end <= 39.8
mean,30,best_short,13,VEDL,short,0.0022215743642237,,SHORT: r5y >= 1.433 AND nifty_1m >= 0.01284 AND days_after_quarter_end <= 39.8
mean,30,top5_either,13,SAIL,long,-0.0428955399331814,0.045548501402628,LONG: r3y <= 1.733 AND vs_ma50 <= -0.07589 AND nifty_1w <= -0.01321
mean,30,top5_either,13,NATIONALUM,long,-0.0154813923017973,-0.0154813923017973,LONG: r3y <= 1.733 AND vs_ma50 <= -0.07589 AND nifty_1w <= -0.01321
mean,30,top5_either,13,NMDC,long,0.0097346160571613,0.0322490958725163,LONG: r3y <= 1.733 AND vs_ma50 <= -0.07589 AND nifty_1w <= -0.01321
mean,30,top5_either,13,ABB,long,0.0670954676102519,0.0542079108456006,LONG: vs_ma50 <= -0.07589 AND nifty_1w <= -0.01321 AND days_after_quarter_end >= 26.2
mean,30,top5_either,13,SAIL,long,-0.0428955399331814,0.045548501402628,LONG: vs_ma50 <= -0.07589 AND nifty_1w <= -0.01321 AND days_after_quarter_end >= 26.2
mean,30,top5_either,13,NATIONALUM,long,-0.0154813923017973,-0.0154813923017973,LONG: vs_ma50 <= -0.07589 AND nifty_1w <= -0.01321 AND days_after_quarter_end >= 26.2
mean,30,top5_either,13,NMDC,long,0.0097346160571613,0.0322490958725163,LONG: vs_ma50 <= -0.07589 AND nifty_1w <= -0.01321 AND days_after_quarter_end >= 26.2
mean,30,top5_either,13,CONCOR,long,-0.001310733573814,-0.001310733573814,LONG: r3y <= 1.733 AND nifty_1w <= -0.01321 AND dist_60h <= -0.1581
mean,30,top5_either,13,SAIL,long,-0.0428955399331814,0.045548501402628,LONG: r3y <= 1.733 AND nifty_1w <= -0.01321 AND dist_60h <= -0.1581
mean,30,top5_either,13,NATIONALUM,long,-0.0154813923017973,-0.0154813923017973,LONG: r3y <= 1.733 AND nifty_1w <= -0.01321 AND dist_60h <= -0.1581
mean,30,top5_either,13,NMDC,long,0.0097346160571613,0.0322490958725163,LONG: r3y <= 1.733 AND nifty_1w <= -0.01321 AND dist_60h <= -0.1581
mean,30,top5_either,13,ABB,long,0.0670954676102519,0.0542079108456006,LONG: r5y >= -0.4562 AND vs_ma50 <= -0.07589 AND nifty_1w <= -0.01321
mean,30,top5_either,13,SAIL,long,-0.0428955399331814,0.045548501402628,LONG: r5y >= -0.4562 AND vs_ma50 <= -0.07589 AND nifty_1w <= -0.01321
mean,30,top5_either,13,NATIONALUM,long,-0.0154813923017973,-0.0154813923017973,LONG: r5y >= -0.4562 AND vs_ma50 <= -0.07589 AND nifty_1w <= -0.01321
mean,30,top5_either,13,NMDC,long,0.0097346160571613,0.0322490958725163,LONG: r5y >= -0.4562 AND vs_ma50 <= -0.07589 AND nifty_1w <= -0.01321
mean,30,top5_either,13,ABB,long,0.0670954676102519,0.0542079108456006,LONG: vs_ma50 <= -0.07589 AND nifty_1w <= -0.01321 AND vs_sector_3m >= -0.142
mean,30,top5_either,13,SAIL,long,-0.0428955399331814,0.045548501402628,LONG: vs_ma50 <= -0.07589 AND nifty_1w <= -0.01321 AND vs_sector_3m >= -0.142
mean,30,top5_either,13,NATIONALUM,long,-0.0154813923017973,-0.0154813923017973,LONG: vs_ma50 <= -0.07589 AND nifty_1w <= -0.01321 AND vs_sector_3m >= -0.142
mean,30,top5_either,13,NMDC,long,0.0097346160571613,0.0322490958725163,LONG: vs_ma50 <= -0.07589 AND nifty_1w <= -0.01321 AND vs_sector_3m >= -0.142
mean,60,best_short,13,BAJAJ-AUTO,short,-0.0208942530076131,,SHORT: iv_vs_realised >= 1.112 AND days_after_quarter_end <= 26.2 AND d2 >= -0.0152
mean,60,best_short,13,POLYCAB,short,0.0482943588375163,,SHORT: iv_vs_realised >= 1.112 AND days_after_quarter_end <= 26.2 AND d2 >= -0.0152
mean,60,best_short,13,AUBANK,short,0.0075888372912509,,SHORT: iv_vs_realised >= 1.112 AND days_after_quarter_end <= 26.2 AND d2 >= -0.0152
fpos,15,best_short,13,POLYCAB,short,0.0482943588375163,,SHORT: r5y >= 1.433 AND days_after_quarter_end <= 39.8 AND pre5_vs_own >= -0.0005524
fpos,15,best_short,13,ASHOKLEY,short,-0.0722153616258466,,SHORT: r5y >= 1.433 AND days_after_quarter_end <= 39.8 AND pre5_vs_own >= -0.0005524
fpos,15,best_short,13,DIXON,short,-0.072350269318679,,SHORT: r5y >= 1.433 AND days_after_quarter_end <= 39.8 AND pre5_vs_own >= -0.0005524
fpos,15,best_short,13,ABCAPITAL,short,0.0511491762672634,,SHORT: r5y >= 1.433 AND days_after_quarter_end <= 39.8 AND pre5_vs_own >= -0.0005524
fpos,15,best_short,13,ADANIENT,short,-0.0105749454758082,,SHORT: r5y >= 1.433 AND days_after_quarter_end <= 39.8 AND pre5_vs_own >= -0.0005524
fpos,15,top5_either,13,CONCOR,long,-0.001310733573814,-0.001310733573814,LONG: r5y <= 2.535 AND pe >= 40.5 AND dist_60h <= -0.1581
fpos,30,best_either,13,SAIL,long,-0.0428955399331814,0.045548501402628,LONG: r3y <= 1.733 AND vs_ma50 <= -0.07589 AND nifty_1w <= -0.01321
fpos,30,best_either,13,NATIONALUM,long,-0.0154813923017973,-0.0154813923017973,LONG: r3y <= 1.733 AND vs_ma50 <= -0.07589 AND nifty_1w <= -0.01321
fpos,30,best_either,13,NMDC,long,0.0097346160571613,0.0322490958725163,LONG: r3y <= 1.733 AND vs_ma50 <= -0.07589 AND nifty_1w <= -0.01321
fpos,30,best_long,13,SAIL,long,-0.0428955399331814,0.045548501402628,LONG: r3y <= 1.733 AND vs_ma50 <= -0.07589 AND nifty_1w <= -0.01321
fpos,30,best_long,13,NATIONALUM,long,-0.0154813923017973,-0.0154813923017973,LONG: r3y <= 1.733 AND vs_ma50 <= -0.07589 AND nifty_1w <= -0.01321
fpos,30,best_long,13,NMDC,long,0.0097346160571613,0.0322490958725163,LONG: r3y <= 1.733 AND vs_ma50 <= -0.07589 AND nifty_1w <= -0.01321
fpos,30,best_short,13,SRF,short,-0.0107004715145514,,SHORT: r3m <= 0.005184 AND nifty_1w >= -0.006082 AND sec_rank_3m >= 0.6316
fpos,30,top5_either,13,SAIL,long,-0.0428955399331814,0.045548501402628,LONG: r3y <= 1.733 AND vs_ma50 <= -0.07589 AND nifty_1w <= -0.01321
fpos,30,top5_either,13,NATIONALUM,long,-0.0154813923017973,-0.0154813923017973,LONG: r3y <= 1.733 AND vs_ma50 <= -0.07589 AND nifty_1w <= -0.01321
fpos,30,top5_either,13,NMDC,long,0.0097346160571613,0.0322490958725163,LONG: r3y <= 1.733 AND vs_ma50 <= -0.07589 AND nifty_1w <= -0.01321
fpos,30,top5_either,13,CONCOR,long,-0.001310733573814,-0.001310733573814,LONG: r3y <= 1.733 AND nifty_1w <= -0.01321 AND dist_60h <= -0.1581
fpos,30,top5_either,13,SAIL,long,-0.0428955399331814,0.045548501402628,LONG: r3y <= 1.733 AND nifty_1w <= -0.01321 AND dist_60h <= -0.1581
fpos,30,top5_either,13,NATIONALUM,long,-0.0154813923017973,-0.0154813923017973,LONG: r3y <= 1.733 AND nifty_1w <= -0.01321 AND dist_60h <= -0.1581
fpos,30,top5_either,13,NMDC,long,0.0097346160571613,0.0322490958725163,LONG: r3y <= 1.733 AND nifty_1w <= -0.01321 AND dist_60h <= -0.1581
fpos,30,top5_either,13,PNB,long,0.0659854610877915,0.0777177445523584,LONG: r5y >= -0.4562 AND nifty_1w <= -0.01321 AND dist_60h <= -0.1581
fpos,30,top5_either,13,ABB,long,0.0670954676102519,0.0542079108456006,LONG: r5y >= -0.4562 AND nifty_1w <= -0.01321 AND dist_60h <= -0.1581
fpos,30,top5_either,13,CONCOR,long,-0.001310733573814,-0.001310733573814,LONG: r5y >= -0.4562 AND nifty_1w <= -0.01321 AND dist_60h <= -0.1581
fpos,30,top5_either,13,SAIL,long,-0.0428955399331814,0.045548501402628,LONG: r5y >= -0.4562 AND nifty_1w <= -0.01321 AND dist_60h <= -0.1581
fpos,30,top5_either,13,NATIONALUM,long,-0.0154813923017973,-0.0154813923017973,LONG: r5y >= -0.4562 AND nifty_1w <= -0.01321 AND dist_60h <= -0.1581
fpos,30,top5_either,13,NMDC,long,0.0097346160571613,0.0322490958725163,LONG: r5y >= -0.4562 AND nifty_1w <= -0.01321 AND dist_60h <= -0.1581
fpos,30,top5_either,13,ABB,long,0.0670954676102519,0.0542079108456006,LONG: vs_ma50 <= -0.07589 AND vol60 >= 0.2654 AND nifty_1w <= -0.01321
fpos,30,top5_either,13,SAIL,long,-0.0428955399331814,0.045548501402628,LONG: vs_ma50 <= -0.07589 AND vol60 >= 0.2654 AND nifty_1w <= -0.01321
fpos,30,top5_either,13,NATIONALUM,long,-0.0154813923017973,-0.0154813923017973,LONG: vs_ma50 <= -0.07589 AND vol60 >= 0.2654 AND nifty_1w <= -0.01321
fpos,30,top5_either,13,NMDC,long,0.0097346160571613,0.0322490958725163,LONG: vs_ma50 <= -0.07589 AND vol60 >= 0.2654 AND nifty_1w <= -0.01321
fpos,30,top5_either,13,ABB,long,0.0670954676102519,0.0542079108456006,LONG: nifty_1w <= -0.01321 AND vs_sector_3m >= -0.142 AND dist_60h <= -0.1581
fpos,30,top5_either,13,CONCOR,long,-0.001310733573814,-0.001310733573814,LONG: nifty_1w <= -0.01321 AND vs_sector_3m >= -0.142 AND dist_60h <= -0.1581
fpos,30,top5_either,13,SAIL,long,-0.0428955399331814,0.045548501402628,LONG: nifty_1w <= -0.01321 AND vs_sector_3m >= -0.142 AND dist_60h <= -0.1581
fpos,30,top5_either,13,NATIONALUM,long,-0.0154813923017973,-0.0154813923017973,LONG: nifty_1w <= -0.01321 AND vs_sector_3m >= -0.142 AND dist_60h <= -0.1581
fpos,30,top5_either,13,NMDC,long,0.0097346160571613,0.0322490958725163,LONG: nifty_1w <= -0.01321 AND vs_sector_3m >= -0.142 AND dist_60h <= -0.1581
fpos,60,best_short,13,BAJAJ-AUTO,short,-0.0208942530076131,,SHORT: india_vix >= 12.71 AND days_after_quarter_end <= 26.2 AND d2 <= 0.01533
fpos,60,best_short,13,INDHOTEL,short,-0.0581461137468732,,SHORT: india_vix >= 12.71 AND days_after_quarter_end <= 26.2 AND d2 <= 0.01533
fpos,60,best_short,13,OBEROIRLTY,short,-0.0108528613623897,,SHORT: india_vix >= 12.71 AND days_after_quarter_end <= 26.2 AND d2 <= 0.01533
fpos,60,best_short,13,RBLBANK,short,0.0281718316310903,,SHORT: india_vix >= 12.71 AND days_after_quarter_end <= 26.2 AND d2 <= 0.01533
fpos,60,best_short,13,BAJFINANCE,short,0.0475896532168286,,SHORT: india_vix >= 12.71 AND days_after_quarter_end <= 26.2 AND d2 <= 0.01533
fpos,60,best_short,13,SRF,short,-0.0107004715145514,,SHORT: india_vix >= 12.71 AND days_after_quarter_end <= 26.2 AND d2 <= 0.01533
fpos,60,best_short,13,IEX,short,-0.0271292226627146,,SHORT: india_vix >= 12.71 AND days_after_quarter_end <= 26.2 AND d2 <= 0.01533
fpos,60,best_short,13,JINDALSTEL,short,0.0147982746091553,,SHORT: india_vix >= 12.71 AND days_after_quarter_end <= 26.2 AND d2 <= 0.01533
fpos,60,best_short,13,ASHOKLEY,short,-0.0722153616258466,,SHORT: india_vix >= 12.71 AND days_after_quarter_end <= 26.2 AND d2 <= 0.01533
fpos,60,best_short,13,AUBANK,short,0.0075888372912509,,SHORT: india_vix >= 12.71 AND days_after_quarter_end <= 26.2 AND d2 <= 0.01533
fpos,60,best_short,13,CANBK,short,-0.0089938950295656,,SHORT: india_vix >= 12.71 AND days_after_quarter_end <= 26.2 AND d2 <= 0.01533
fpos,60,best_short,13,DLF,short,-0.0251959327915674,,SHORT: india_vix >= 12.71 AND days_after_quarter_end <= 26.2 AND d2 <= 0.01533
worst,30,best_short,13,ADANIENT,short,-0.0105749454758082,,SHORT: sector_1w >= 0.02495 AND peers_reported_n <= 7 AND own_rd <= 0.004148
mean,15,best_either,14,IEX,long,0.0093344411308053,0.0093344411308053,LONG: gap0 <= 0 AND intra0 <= 0.021 AND gap5 <= -0.01189
mean,15,best_either,14,GAIL,long,0.044980523889974,0.044980523889974,LONG: gap0 <= 0 AND intra0 <= 0.021 AND gap5 <= -0.01189
mean,15,best_either,14,HINDALCO,long,0.0055133917568809,0.0055133917568809,LONG: gap0 <= 0 AND intra0 <= 0.021 AND gap5 <= -0.01189
mean,15,best_long,14,IEX,long,0.0093344411308053,0.0093344411308053,LONG: gap0 <= 0 AND intra0 <= 0.021 AND gap5 <= -0.01189
mean,15,best_long,14,GAIL,long,0.044980523889974,0.044980523889974,LONG: gap0 <= 0 AND intra0 <= 0.021 AND gap5 <= -0.01189
mean,15,best_long,14,HINDALCO,long,0.0055133917568809,0.0055133917568809,LONG: gap0 <= 0 AND intra0 <= 0.021 AND gap5 <= -0.01189
mean,15,best_short,14,SAIL,short,0.0008050995062023,,SHORT: r5y >= 1.715 AND vol60 <= 0.4209 AND pre5_vs_own >= 0.008233
mean,15,top5_either,14,IEX,long,0.0093344411308053,0.0093344411308053,LONG: gap0 <= 0 AND intra0 <= 0.021 AND gap5 <= -0.01189
mean,15,top5_either,14,GAIL,long,0.044980523889974,0.044980523889974,LONG: gap0 <= 0 AND intra0 <= 0.021 AND gap5 <= -0.01189
mean,15,top5_either,14,HINDALCO,long,0.0055133917568809,0.0055133917568809,LONG: gap0 <= 0 AND intra0 <= 0.021 AND gap5 <= -0.01189
mean,15,top5_either,14,IEX,long,0.0093344411308053,0.0093344411308053,LONG: gap0 <= 0 AND intra0 <= 0.01274 AND gap5 <= -0.01189
mean,15,top5_either,14,GAIL,long,0.044980523889974,0.044980523889974,LONG: gap0 <= 0 AND intra0 <= 0.01274 AND gap5 <= -0.01189
mean,15,top5_either,14,HINDALCO,long,0.0055133917568809,0.0055133917568809,LONG: gap0 <= 0 AND intra0 <= 0.01274 AND gap5 <= -0.01189
mean,15,top5_either,14,DLF,long,0.0237219410103303,0.0237219410103303,LONG: r1w <= 0.008017 AND pe >= 61.15 AND dist_20h <= -0.09264
mean,15,top5_either,14,ADANIENT,long,0.0992772963887462,0.0390577140841672,LONG: r1w <= 0.008017 AND pe >= 61.15 AND dist_20h <= -0.09264
mean,15,top5_either,14,DLF,long,0.0237219410103303,0.0237219410103303,LONG: r1w <= 0.02407 AND pe >= 61.15 AND dist_20h <= -0.09264
mean,15,top5_either,14,ADANIENT,long,0.0992772963887462,0.0390577140841672,LONG: r1w <= 0.02407 AND pe >= 61.15 AND dist_20h <= -0.09264
mean,15,top5_either,14,DLF,long,0.0237219410103303,0.0237219410103303,LONG: r1w <= 0.01552 AND pe >= 61.15 AND dist_20h <= -0.09264
mean,15,top5_either,14,ADANIENT,long,0.0992772963887462,0.0390577140841672,LONG: r1w <= 0.01552 AND pe >= 61.15 AND dist_20h <= -0.09264
mean,30,best_either,14,AUBANK,long,-0.0282265849899565,-0.0282265849899565,LONG: r6m <= 0.1254 AND nifty_1w <= -0.007281 AND r2d <= -0.0307
mean,30,best_either,14,GMRAIRPORT,long,-0.018422502745132,-0.018422502745132,LONG: r6m <= 0.1254 AND nifty_1w <= -0.007281 AND r2d <= -0.0307
mean,30,best_either,14,INDUSINDBK,long,-0.1818087403040698,-0.1818087403040698,LONG: r6m <= 0.1254 AND nifty_1w <= -0.007281 AND r2d <= -0.0307
mean,30,best_either,14,DLF,long,0.0237219410103303,0.0237219410103303,LONG: r6m <= 0.1254 AND nifty_1w <= -0.007281 AND r2d <= -0.0307
mean,30,best_either,14,ADANIENT,long,0.0992772963887462,0.0390577140841672,LONG: r6m <= 0.1254 AND nifty_1w <= -0.007281 AND r2d <= -0.0307
mean,30,best_either,14,CANBK,long,0.0950768465376783,0.0684422750424449,LONG: r6m <= 0.1254 AND nifty_1w <= -0.007281 AND r2d <= -0.0307
mean,30,best_either,14,ABCAPITAL,long,0.0048681153379002,0.0612362260311258,LONG: r6m <= 0.1254 AND nifty_1w <= -0.007281 AND r2d <= -0.0307
mean,30,best_long,14,AUBANK,long,-0.0282265849899565,-0.0282265849899565,LONG: r6m <= 0.1254 AND nifty_1w <= -0.007281 AND r2d <= -0.0307
mean,30,best_long,14,GMRAIRPORT,long,-0.018422502745132,-0.018422502745132,LONG: r6m <= 0.1254 AND nifty_1w <= -0.007281 AND r2d <= -0.0307
mean,30,best_long,14,INDUSINDBK,long,-0.1818087403040698,-0.1818087403040698,LONG: r6m <= 0.1254 AND nifty_1w <= -0.007281 AND r2d <= -0.0307
mean,30,best_long,14,DLF,long,0.0237219410103303,0.0237219410103303,LONG: r6m <= 0.1254 AND nifty_1w <= -0.007281 AND r2d <= -0.0307
mean,30,best_long,14,ADANIENT,long,0.0992772963887462,0.0390577140841672,LONG: r6m <= 0.1254 AND nifty_1w <= -0.007281 AND r2d <= -0.0307
mean,30,best_long,14,CANBK,long,0.0950768465376783,0.0684422750424449,LONG: r6m <= 0.1254 AND nifty_1w <= -0.007281 AND r2d <= -0.0307
mean,30,best_long,14,ABCAPITAL,long,0.0048681153379002,0.0612362260311258,LONG: r6m <= 0.1254 AND nifty_1w <= -0.007281 AND r2d <= -0.0307
mean,30,top5_either,14,AUBANK,long,-0.0282265849899565,-0.0282265849899565,LONG: r6m <= 0.1254 AND nifty_1w <= -0.007281 AND r2d <= -0.0307
mean,30,top5_either,14,GMRAIRPORT,long,-0.018422502745132,-0.018422502745132,LONG: r6m <= 0.1254 AND nifty_1w <= -0.007281 AND r2d <= -0.0307
mean,30,top5_either,14,INDUSINDBK,long,-0.1818087403040698,-0.1818087403040698,LONG: r6m <= 0.1254 AND nifty_1w <= -0.007281 AND r2d <= -0.0307
mean,30,top5_either,14,DLF,long,0.0237219410103303,0.0237219410103303,LONG: r6m <= 0.1254 AND nifty_1w <= -0.007281 AND r2d <= -0.0307
mean,30,top5_either,14,ADANIENT,long,0.0992772963887462,0.0390577140841672,LONG: r6m <= 0.1254 AND nifty_1w <= -0.007281 AND r2d <= -0.0307
mean,30,top5_either,14,CANBK,long,0.0950768465376783,0.0684422750424449,LONG: r6m <= 0.1254 AND nifty_1w <= -0.007281 AND r2d <= -0.0307
mean,30,top5_either,14,ABCAPITAL,long,0.0048681153379002,0.0612362260311258,LONG: r6m <= 0.1254 AND nifty_1w <= -0.007281 AND r2d <= -0.0307
mean,30,top5_either,14,AUBANK,long,-0.0282265849899565,-0.0282265849899565,LONG: vol60 <= 0.4209 AND nifty_1w <= -0.007281 AND r2d <= -0.0307
mean,30,top5_either,14,GMRAIRPORT,long,-0.018422502745132,-0.018422502745132,LONG: vol60 <= 0.4209 AND nifty_1w <= -0.007281 AND r2d <= -0.0307
mean,30,top5_either,14,INDUSINDBK,long,-0.1818087403040698,-0.1818087403040698,LONG: vol60 <= 0.4209 AND nifty_1w <= -0.007281 AND r2d <= -0.0307
mean,30,top5_either,14,DLF,long,0.0237219410103303,0.0237219410103303,LONG: vol60 <= 0.4209 AND nifty_1w <= -0.007281 AND r2d <= -0.0307
mean,30,top5_either,14,ADANIENT,long,0.0992772963887462,0.0390577140841672,LONG: vol60 <= 0.4209 AND nifty_1w <= -0.007281 AND r2d <= -0.0307
mean,30,top5_either,14,CANBK,long,0.0950768465376783,0.0684422750424449,LONG: vol60 <= 0.4209 AND nifty_1w <= -0.007281 AND r2d <= -0.0307
mean,30,top5_either,14,ABCAPITAL,long,0.0048681153379002,0.0612362260311258,LONG: vol60 <= 0.4209 AND nifty_1w <= -0.007281 AND r2d <= -0.0307
mean,30,top5_either,14,GLENMARK,long,-0.0588406924367845,-0.0588406924367845,LONG: vol60 <= 0.4209 AND nifty_1w <= -0.007281 AND r2d <= -0.0307
mean,30,top5_either,14,BANDHANBNK,long,0.0208303879968596,0.0208303879968596,LONG: vol60 >= 0.3487 AND vs_nifty_1w <= -0.02069 AND own_rd >= -0.005896
mean,30,top5_either,14,AUBANK,long,-0.0282265849899565,-0.0282265849899565,LONG: vs_ma200 <= 0.04402 AND nifty_1w <= -0.007281 AND r2d <= -0.0307
mean,30,top5_either,14,GMRAIRPORT,long,-0.018422502745132,-0.018422502745132,LONG: vs_ma200 <= 0.04402 AND nifty_1w <= -0.007281 AND r2d <= -0.0307
mean,30,top5_either,14,INDUSINDBK,long,-0.1818087403040698,-0.1818087403040698,LONG: vs_ma200 <= 0.04402 AND nifty_1w <= -0.007281 AND r2d <= -0.0307
mean,30,top5_either,14,DLF,long,0.0237219410103303,0.0237219410103303,LONG: vs_ma200 <= 0.04402 AND nifty_1w <= -0.007281 AND r2d <= -0.0307
mean,30,top5_either,14,ADANIENT,long,0.0992772963887462,0.0390577140841672,LONG: vs_ma200 <= 0.04402 AND nifty_1w <= -0.007281 AND r2d <= -0.0307
mean,30,top5_either,14,CANBK,long,0.0950768465376783,0.0684422750424449,LONG: vs_ma200 <= 0.04402 AND nifty_1w <= -0.007281 AND r2d <= -0.0307
mean,30,top5_either,14,ABCAPITAL,long,0.0048681153379002,0.0612362260311258,LONG: vs_ma200 <= 0.04402 AND nifty_1w <= -0.007281 AND r2d <= -0.0307
mean,30,top5_either,14,AUBANK,long,-0.0282265849899565,-0.0282265849899565,LONG: vol60 <= 0.4577 AND nifty_1w <= -0.007281 AND r2d <= -0.0307
mean,30,top5_either,14,GMRAIRPORT,long,-0.018422502745132,-0.018422502745132,LONG: vol60 <= 0.4577 AND nifty_1w <= -0.007281 AND r2d <= -0.0307
mean,30,top5_either,14,IEX,long,0.0093344411308053,0.0093344411308053,LONG: vol60 <= 0.4577 AND nifty_1w <= -0.007281 AND r2d <= -0.0307
mean,30,top5_either,14,INDUSINDBK,long,-0.1818087403040698,-0.1818087403040698,LONG: vol60 <= 0.4577 AND nifty_1w <= -0.007281 AND r2d <= -0.0307
mean,30,top5_either,14,DLF,long,0.0237219410103303,0.0237219410103303,LONG: vol60 <= 0.4577 AND nifty_1w <= -0.007281 AND r2d <= -0.0307
mean,30,top5_either,14,ADANIENT,long,0.0992772963887462,0.0390577140841672,LONG: vol60 <= 0.4577 AND nifty_1w <= -0.007281 AND r2d <= -0.0307
mean,30,top5_either,14,CANBK,long,0.0950768465376783,0.0684422750424449,LONG: vol60 <= 0.4577 AND nifty_1w <= -0.007281 AND r2d <= -0.0307
mean,30,top5_either,14,ABCAPITAL,long,0.0048681153379002,0.0612362260311258,LONG: vol60 <= 0.4577 AND nifty_1w <= -0.007281 AND r2d <= -0.0307
mean,30,top5_either,14,GLENMARK,long,-0.0588406924367845,-0.0588406924367845,LONG: vol60 <= 0.4577 AND nifty_1w <= -0.007281 AND r2d <= -0.0307
mean,60,best_either,14,BHEL,long,0.0363645672886833,0.0363645672886833,LONG: nifty_1w <= -0.007281 AND days_after_quarter_end >= 26 AND exn_10d <= -0.02286
mean,60,best_either,14,ADANIENT,long,0.0992772963887462,0.0390577140841672,LONG: nifty_1w <= -0.007281 AND days_after_quarter_end >= 26 AND exn_10d <= -0.02286
mean,60,best_either,14,CANBK,long,0.0950768465376783,0.0684422750424449,LONG: nifty_1w <= -0.007281 AND days_after_quarter_end >= 26 AND exn_10d <= -0.02286
mean,60,best_either,14,ABCAPITAL,long,0.0048681153379002,0.0612362260311258,LONG: nifty_1w <= -0.007281 AND days_after_quarter_end >= 26 AND exn_10d <= -0.02286
mean,60,best_either,14,BIOCON,long,-0.0235710683312402,-0.0235710683312402,LONG: nifty_1w <= -0.007281 AND days_after_quarter_end >= 26 AND exn_10d <= -0.02286
mean,60,best_either,14,GLENMARK,long,-0.0588406924367845,-0.0588406924367845,LONG: nifty_1w <= -0.007281 AND days_after_quarter_end >= 26 AND exn_10d <= -0.02286
mean,60,best_long,14,BHEL,long,0.0363645672886833,0.0363645672886833,LONG: nifty_1w <= -0.007281 AND days_after_quarter_end >= 26 AND exn_10d <= -0.02286
mean,60,best_long,14,ADANIENT,long,0.0992772963887462,0.0390577140841672,LONG: nifty_1w <= -0.007281 AND days_after_quarter_end >= 26 AND exn_10d <= -0.02286
mean,60,best_long,14,CANBK,long,0.0950768465376783,0.0684422750424449,LONG: nifty_1w <= -0.007281 AND days_after_quarter_end >= 26 AND exn_10d <= -0.02286
mean,60,best_long,14,ABCAPITAL,long,0.0048681153379002,0.0612362260311258,LONG: nifty_1w <= -0.007281 AND days_after_quarter_end >= 26 AND exn_10d <= -0.02286
mean,60,best_long,14,BIOCON,long,-0.0235710683312402,-0.0235710683312402,LONG: nifty_1w <= -0.007281 AND days_after_quarter_end >= 26 AND exn_10d <= -0.02286
mean,60,best_long,14,GLENMARK,long,-0.0588406924367845,-0.0588406924367845,LONG: nifty_1w <= -0.007281 AND days_after_quarter_end >= 26 AND exn_10d <= -0.02286
mean,60,top5_either,14,BHEL,long,0.0363645672886833,0.0363645672886833,LONG: nifty_1w <= -0.007281 AND days_after_quarter_end >= 26 AND exn_10d <= -0.02286
mean,60,top5_either,14,ADANIENT,long,0.0992772963887462,0.0390577140841672,LONG: nifty_1w <= -0.007281 AND days_after_quarter_end >= 26 AND exn_10d <= -0.02286
mean,60,top5_either,14,CANBK,long,0.0950768465376783,0.0684422750424449,LONG: nifty_1w <= -0.007281 AND days_after_quarter_end >= 26 AND exn_10d <= -0.02286
mean,60,top5_either,14,ABCAPITAL,long,0.0048681153379002,0.0612362260311258,LONG: nifty_1w <= -0.007281 AND days_after_quarter_end >= 26 AND exn_10d <= -0.02286
mean,60,top5_either,14,BIOCON,long,-0.0235710683312402,-0.0235710683312402,LONG: nifty_1w <= -0.007281 AND days_after_quarter_end >= 26 AND exn_10d <= -0.02286
mean,60,top5_either,14,GLENMARK,long,-0.0588406924367845,-0.0588406924367845,LONG: nifty_1w <= -0.007281 AND days_after_quarter_end >= 26 AND exn_10d <= -0.02286
mean,60,top5_either,14,BHEL,long,0.0363645672886833,0.0363645672886833,LONG: nifty_1w <= -0.007281 AND days_after_quarter_end >= 26 AND gap5 <= 0.01229
mean,60,top5_either,14,LICHSGFIN,long,0.0611551695322823,0.0304332033264452,LONG: nifty_1w <= -0.007281 AND days_after_quarter_end >= 26 AND gap5 <= 0.01229
mean,60,top5_either,14,CANBK,long,0.0950768465376783,0.0684422750424449,LONG: nifty_1w <= -0.007281 AND days_after_quarter_end >= 26 AND gap5 <= 0.01229
mean,60,top5_either,14,ABCAPITAL,long,0.0048681153379002,0.0612362260311258,LONG: nifty_1w <= -0.007281 AND days_after_quarter_end >= 26 AND gap5 <= 0.01229
mean,60,top5_either,14,BIOCON,long,-0.0235710683312402,-0.0235710683312402,LONG: nifty_1w <= -0.007281 AND days_after_quarter_end >= 26 AND gap5 <= 0.01229
mean,60,top5_either,14,TATASTEEL,long,0.0276916790824934,0.0363388907791766,LONG: nifty_1w <= -0.007281 AND days_after_quarter_end >= 26 AND gap5 <= 0.01229
mean,60,top5_either,14,SAIL,long,-0.0008050995062023,0.0452206192525099,LONG: nifty_1w <= -0.007281 AND days_after_quarter_end >= 26 AND gap5 <= 0.01229
mean,60,top5_either,14,GLENMARK,long,-0.0588406924367845,-0.0588406924367845,LONG: nifty_1w <= -0.007281 AND days_after_quarter_end >= 26 AND gap5 <= 0.01229
mean,60,top5_either,14,BHEL,long,0.0363645672886833,0.0363645672886833,LONG: nifty_1w <= -0.007281 AND days_after_quarter_end >= 26 AND sec_d0 <= -0.001347
mean,60,top5_either,14,ADANIENT,long,0.0992772963887462,0.0390577140841672,LONG: nifty_1w <= -0.007281 AND days_after_quarter_end >= 26 AND sec_d0 <= -0.001347
mean,60,top5_either,14,CANBK,long,0.0950768465376783,0.0684422750424449,LONG: nifty_1w <= -0.007281 AND days_after_quarter_end >= 26 AND sec_d0 <= -0.001347
mean,60,top5_either,14,JINDALSTEL,long,0.0419459071946004,0.0464108964260969,LONG: nifty_1w <= -0.007281 AND days_after_quarter_end >= 26 AND sec_d0 <= -0.001347
mean,60,top5_either,14,TATASTEEL,long,0.0276916790824934,0.0363388907791766,LONG: nifty_1w <= -0.007281 AND days_after_quarter_end >= 26 AND sec_d0 <= -0.001347
mean,60,top5_either,14,GLENMARK,long,-0.0588406924367845,-0.0588406924367845,LONG: nifty_1w <= -0.007281 AND days_after_quarter_end >= 26 AND sec_d0 <= -0.001347
mean,60,top5_either,14,HEROMOTOCO,long,0.0033844127427166,0.0033844127427166,LONG: nifty_1w <= -0.007281 AND days_after_quarter_end >= 26 AND sec_d0 <= -0.001347
mean,60,top5_either,14,GMRAIRPORT,long,-0.018422502745132,-0.018422502745132,LONG: vol60 >= 0.2754 AND maxabs5 >= 0.02843 AND z5 <= -0.6013
mean,60,top5_either,14,IEX,long,0.0093344411308053,0.0093344411308053,LONG: vol60 >= 0.2754 AND maxabs5 >= 0.02843 AND z5 <= -0.6013
mean,60,top5_either,14,BANDHANBNK,long,0.0208303879968596,0.0208303879968596,LONG: vol60 >= 0.2754 AND maxabs5 >= 0.02843 AND z5 <= -0.6013
mean,60,top5_either,14,DLF,long,0.0237219410103303,0.0237219410103303,LONG: vol60 >= 0.2754 AND maxabs5 >= 0.02843 AND z5 <= -0.6013
mean,60,top5_either,14,BHEL,long,0.0363645672886833,0.0363645672886833,LONG: vol60 >= 0.2754 AND maxabs5 >= 0.02843 AND z5 <= -0.6013
mean,60,top5_either,14,CANBK,long,0.0950768465376783,0.0684422750424449,LONG: vol60 >= 0.2754 AND maxabs5 >= 0.02843 AND z5 <= -0.6013
mean,60,top5_either,14,ABCAPITAL,long,0.0048681153379002,0.0612362260311258,LONG: vol60 >= 0.2754 AND maxabs5 >= 0.02843 AND z5 <= -0.6013
mean,60,top5_either,14,BIOCON,long,-0.0235710683312402,-0.0235710683312402,LONG: vol60 >= 0.2754 AND maxabs5 >= 0.02843 AND z5 <= -0.6013
mean,60,top5_either,14,HINDALCO,long,0.0055133917568809,0.0055133917568809,LONG: vol60 >= 0.2754 AND maxabs5 >= 0.02843 AND z5 <= -0.6013
mean,60,top5_either,14,MOTHERSON,long,-0.0944181925050524,-0.0944181925050524,LONG: vol60 >= 0.2754 AND maxabs5 >= 0.02843 AND z5 <= -0.6013
mean,60,top5_either,14,GLENMARK,long,-0.0588406924367845,-0.0588406924367845,LONG: vol60 >= 0.2754 AND maxabs5 >= 0.02843 AND z5 <= -0.6013
mean,60,top5_either,14,BHEL,long,0.0363645672886833,0.0363645672886833,LONG: vol60 >= 0.2987 AND nifty_1w <= -0.007281 AND days_after_quarter_end >= 26
mean,60,top5_either,14,LICHSGFIN,long,0.0611551695322823,0.0304332033264452,LONG: vol60 >= 0.2987 AND nifty_1w <= -0.007281 AND days_after_quarter_end >= 26
mean,60,top5_either,14,CANBK,long,0.0950768465376783,0.0684422750424449,LONG: vol60 >= 0.2987 AND nifty_1w <= -0.007281 AND days_after_quarter_end >= 26
mean,60,top5_either,14,ABCAPITAL,long,0.0048681153379002,0.0612362260311258,LONG: vol60 >= 0.2987 AND nifty_1w <= -0.007281 AND days_after_quarter_end >= 26
mean,60,top5_either,14,BIOCON,long,-0.0235710683312402,-0.0235710683312402,LONG: vol60 >= 0.2987 AND nifty_1w <= -0.007281 AND days_after_quarter_end >= 26
mean,60,top5_either,14,SAIL,long,-0.0008050995062023,0.0452206192525099,LONG: vol60 >= 0.2987 AND nifty_1w <= -0.007281 AND days_after_quarter_end >= 26
fpos,15,best_either,14,IEX,long,0.0093344411308053,0.0093344411308053,LONG: gap0 <= 0 AND intra0 <= 0.021 AND gap5 <= -0.01189
fpos,15,best_either,14,GAIL,long,0.044980523889974,0.044980523889974,LONG: gap0 <= 0 AND intra0 <= 0.021 AND gap5 <= -0.01189
fpos,15,best_either,14,HINDALCO,long,0.0055133917568809,0.0055133917568809,LONG: gap0 <= 0 AND intra0 <= 0.021 AND gap5 <= -0.01189
fpos,15,best_long,14,IEX,long,0.0093344411308053,0.0093344411308053,LONG: gap0 <= 0 AND intra0 <= 0.021 AND gap5 <= -0.01189
fpos,15,best_long,14,GAIL,long,0.044980523889974,0.044980523889974,LONG: gap0 <= 0 AND intra0 <= 0.021 AND gap5 <= -0.01189
fpos,15,best_long,14,HINDALCO,long,0.0055133917568809,0.0055133917568809,LONG: gap0 <= 0 AND intra0 <= 0.021 AND gap5 <= -0.01189
fpos,15,best_short,14,SAIL,short,0.0008050995062023,,SHORT: r5y >= 1.715 AND vol60 <= 0.4209 AND pre5_vs_own >= 0.008233
fpos,15,top5_either,14,IEX,long,0.0093344411308053,0.0093344411308053,LONG: gap0 <= 0 AND intra0 <= 0.021 AND gap5 <= -0.01189
fpos,15,top5_either,14,GAIL,long,0.044980523889974,0.044980523889974,LONG: gap0 <= 0 AND intra0 <= 0.021 AND gap5 <= -0.01189
fpos,15,top5_either,14,HINDALCO,long,0.0055133917568809,0.0055133917568809,LONG: gap0 <= 0 AND intra0 <= 0.021 AND gap5 <= -0.01189
fpos,15,top5_either,14,IEX,long,0.0093344411308053,0.0093344411308053,LONG: gap0 <= 0 AND intra0 <= 0.01274 AND gap5 <= -0.01189
fpos,15,top5_either,14,GAIL,long,0.044980523889974,0.044980523889974,LONG: gap0 <= 0 AND intra0 <= 0.01274 AND gap5 <= -0.01189
fpos,15,top5_either,14,HINDALCO,long,0.0055133917568809,0.0055133917568809,LONG: gap0 <= 0 AND intra0 <= 0.01274 AND gap5 <= -0.01189
fpos,15,top5_either,14,DLF,long,0.0237219410103303,0.0237219410103303,LONG: pe >= 61.15 AND dist_20h <= -0.09264 AND z5 <= 0.3896
fpos,15,top5_either,14,ADANIENT,long,0.0992772963887462,0.0390577140841672,LONG: pe >= 61.15 AND dist_20h <= -0.09264 AND z5 <= 0.3896
fpos,15,top5_either,14,DLF,long,0.0237219410103303,0.0237219410103303,LONG: pe >= 61.15 AND dist_20h <= -0.09264 AND z5 <= 0.1735
fpos,15,top5_either,14,ADANIENT,long,0.0992772963887462,0.0390577140841672,LONG: pe >= 61.15 AND dist_20h <= -0.09264 AND z5 <= 0.1735
fpos,15,top5_either,14,DLF,long,0.0237219410103303,0.0237219410103303,LONG: pe >= 61.15 AND dist_20h <= -0.09264 AND z5 <= 0.6063
fpos,15,top5_either,14,ADANIENT,long,0.0992772963887462,0.0390577140841672,LONG: pe >= 61.15 AND dist_20h <= -0.09264 AND z5 <= 0.6063
fpos,30,best_either,14,BANDHANBNK,long,0.0208303879968596,0.0208303879968596,LONG: vs_ma200 <= -0.02229 AND maxabs5 >= 0.0338 AND pre5_vs_own <= -0.02937
fpos,30,best_either,14,DLF,long,0.0237219410103303,0.0237219410103303,LONG: vs_ma200 <= -0.02229 AND maxabs5 >= 0.0338 AND pre5_vs_own <= -0.02937
fpos,30,best_either,14,BHEL,long,0.0363645672886833,0.0363645672886833,LONG: vs_ma200 <= -0.02229 AND maxabs5 >= 0.0338 AND pre5_vs_own <= -0.02937
fpos,30,best_either,14,ADANIENT,long,0.0992772963887462,0.0390577140841672,LONG: vs_ma200 <= -0.02229 AND maxabs5 >= 0.0338 AND pre5_vs_own <= -0.02937
fpos,30,best_either,14,CANBK,long,0.0950768465376783,0.0684422750424449,LONG: vs_ma200 <= -0.02229 AND maxabs5 >= 0.0338 AND pre5_vs_own <= -0.02937
fpos,30,best_either,14,ABCAPITAL,long,0.0048681153379002,0.0612362260311258,LONG: vs_ma200 <= -0.02229 AND maxabs5 >= 0.0338 AND pre5_vs_own <= -0.02937
fpos,30,best_long,14,BANDHANBNK,long,0.0208303879968596,0.0208303879968596,LONG: vs_ma200 <= -0.02229 AND maxabs5 >= 0.0338 AND pre5_vs_own <= -0.02937
fpos,30,best_long,14,DLF,long,0.0237219410103303,0.0237219410103303,LONG: vs_ma200 <= -0.02229 AND maxabs5 >= 0.0338 AND pre5_vs_own <= -0.02937
fpos,30,best_long,14,BHEL,long,0.0363645672886833,0.0363645672886833,LONG: vs_ma200 <= -0.02229 AND maxabs5 >= 0.0338 AND pre5_vs_own <= -0.02937
fpos,30,best_long,14,ADANIENT,long,0.0992772963887462,0.0390577140841672,LONG: vs_ma200 <= -0.02229 AND maxabs5 >= 0.0338 AND pre5_vs_own <= -0.02937
fpos,30,best_long,14,CANBK,long,0.0950768465376783,0.0684422750424449,LONG: vs_ma200 <= -0.02229 AND maxabs5 >= 0.0338 AND pre5_vs_own <= -0.02937
fpos,30,best_long,14,ABCAPITAL,long,0.0048681153379002,0.0612362260311258,LONG: vs_ma200 <= -0.02229 AND maxabs5 >= 0.0338 AND pre5_vs_own <= -0.02937
fpos,30,top5_either,14,BANDHANBNK,long,0.0208303879968596,0.0208303879968596,LONG: vs_ma200 <= -0.02229 AND maxabs5 >= 0.0338 AND pre5_vs_own <= -0.02937
fpos,30,top5_either,14,DLF,long,0.0237219410103303,0.0237219410103303,LONG: vs_ma200 <= -0.02229 AND maxabs5 >= 0.0338 AND pre5_vs_own <= -0.02937
fpos,30,top5_either,14,BHEL,long,0.0363645672886833,0.0363645672886833,LONG: vs_ma200 <= -0.02229 AND maxabs5 >= 0.0338 AND pre5_vs_own <= -0.02937
fpos,30,top5_either,14,ADANIENT,long,0.0992772963887462,0.0390577140841672,LONG: vs_ma200 <= -0.02229 AND maxabs5 >= 0.0338 AND pre5_vs_own <= -0.02937
fpos,30,top5_either,14,CANBK,long,0.0950768465376783,0.0684422750424449,LONG: vs_ma200 <= -0.02229 AND maxabs5 >= 0.0338 AND pre5_vs_own <= -0.02937
fpos,30,top5_either,14,ABCAPITAL,long,0.0048681153379002,0.0612362260311258,LONG: vs_ma200 <= -0.02229 AND maxabs5 >= 0.0338 AND pre5_vs_own <= -0.02937
fpos,30,top5_either,14,GMRAIRPORT,long,-0.018422502745132,-0.018422502745132,LONG: from_52w_low <= 0.7918 AND r2d <= -0.0307 AND nifty_3d <= -0.01103
fpos,30,top5_either,14,IEX,long,0.0093344411308053,0.0093344411308053,LONG: from_52w_low <= 0.7918 AND r2d <= -0.0307 AND nifty_3d <= -0.01103
fpos,30,top5_either,14,INDUSINDBK,long,-0.1818087403040698,-0.1818087403040698,LONG: from_52w_low <= 0.7918 AND r2d <= -0.0307 AND nifty_3d <= -0.01103
fpos,30,top5_either,14,DLF,long,0.0237219410103303,0.0237219410103303,LONG: from_52w_low <= 0.7918 AND r2d <= -0.0307 AND nifty_3d <= -0.01103
fpos,30,top5_either,14,ADANIENT,long,0.0992772963887462,0.0390577140841672,LONG: from_52w_low <= 0.7918 AND r2d <= -0.0307 AND nifty_3d <= -0.01103
fpos,30,top5_either,14,CANBK,long,0.0950768465376783,0.0684422750424449,LONG: from_52w_low <= 0.7918 AND r2d <= -0.0307 AND nifty_3d <= -0.01103
fpos,30,top5_either,14,GMRAIRPORT,long,-0.018422502745132,-0.018422502745132,LONG: from_52w_low <= 0.9857 AND r2d <= -0.0307 AND nifty_3d <= -0.01103
fpos,30,top5_either,14,IEX,long,0.0093344411308053,0.0093344411308053,LONG: from_52w_low <= 0.9857 AND r2d <= -0.0307 AND nifty_3d <= -0.01103
fpos,30,top5_either,14,INDUSINDBK,long,-0.1818087403040698,-0.1818087403040698,LONG: from_52w_low <= 0.9857 AND r2d <= -0.0307 AND nifty_3d <= -0.01103
fpos,30,top5_either,14,DLF,long,0.0237219410103303,0.0237219410103303,LONG: from_52w_low <= 0.9857 AND r2d <= -0.0307 AND nifty_3d <= -0.01103
fpos,30,top5_either,14,ADANIENT,long,0.0992772963887462,0.0390577140841672,LONG: from_52w_low <= 0.9857 AND r2d <= -0.0307 AND nifty_3d <= -0.01103
fpos,30,top5_either,14,CANBK,long,0.0950768465376783,0.0684422750424449,LONG: from_52w_low <= 0.9857 AND r2d <= -0.0307 AND nifty_3d <= -0.01103
fpos,30,top5_either,14,DLF,long,0.0237219410103303,0.0237219410103303,LONG: r2d <= -0.0307 AND sec_3d <= -0.01345 AND own_rd >= -0.005896
fpos,30,top5_either,14,ADANIENT,long,0.0992772963887462,0.0390577140841672,LONG: r2d <= -0.0307 AND sec_3d <= -0.01345 AND own_rd >= -0.005896
fpos,30,top5_either,14,GLENMARK,long,-0.0588406924367845,-0.0588406924367845,LONG: r2d <= -0.0307 AND sec_3d <= -0.01345 AND own_rd >= -0.005896
fpos,30,top5_either,14,AUBANK,long,-0.0282265849899565,-0.0282265849899565,LONG: nifty_1w <= -0.007281 AND r2d <= -0.0307 AND own_abs3d >= 0.02327
fpos,30,top5_either,14,GMRAIRPORT,long,-0.018422502745132,-0.018422502745132,LONG: nifty_1w <= -0.007281 AND r2d <= -0.0307 AND own_abs3d >= 0.02327
fpos,30,top5_either,14,IEX,long,0.0093344411308053,0.0093344411308053,LONG: nifty_1w <= -0.007281 AND r2d <= -0.0307 AND own_abs3d >= 0.02327
fpos,30,top5_either,14,INDUSINDBK,long,-0.1818087403040698,-0.1818087403040698,LONG: nifty_1w <= -0.007281 AND r2d <= -0.0307 AND own_abs3d >= 0.02327
fpos,30,top5_either,14,DLF,long,0.0237219410103303,0.0237219410103303,LONG: nifty_1w <= -0.007281 AND r2d <= -0.0307 AND own_abs3d >= 0.02327
fpos,30,top5_either,14,ADANIENT,long,0.0992772963887462,0.0390577140841672,LONG: nifty_1w <= -0.007281 AND r2d <= -0.0307 AND own_abs3d >= 0.02327
fpos,30,top5_either,14,CANBK,long,0.0950768465376783,0.0684422750424449,LONG: nifty_1w <= -0.007281 AND r2d <= -0.0307 AND own_abs3d >= 0.02327
fpos,30,top5_either,14,ABCAPITAL,long,0.0048681153379002,0.0612362260311258,LONG: nifty_1w <= -0.007281 AND r2d <= -0.0307 AND own_abs3d >= 0.02327
fpos,30,top5_either,14,GLENMARK,long,-0.0588406924367845,-0.0588406924367845,LONG: nifty_1w <= -0.007281 AND r2d <= -0.0307 AND own_abs3d >= 0.02327
fpos,60,best_either,14,GMRAIRPORT,long,-0.018422502745132,-0.018422502745132,LONG: vol60 >= 0.2754 AND maxabs5 >= 0.02843 AND z5 <= -0.6013
fpos,60,best_either,14,IEX,long,0.0093344411308053,0.0093344411308053,LONG: vol60 >= 0.2754 AND maxabs5 >= 0.02843 AND z5 <= -0.6013
fpos,60,best_either,14,BANDHANBNK,long,0.0208303879968596,0.0208303879968596,LONG: vol60 >= 0.2754 AND maxabs5 >= 0.02843 AND z5 <= -0.6013
fpos,60,best_either,14,DLF,long,0.0237219410103303,0.0237219410103303,LONG: vol60 >= 0.2754 AND maxabs5 >= 0.02843 AND z5 <= -0.6013
fpos,60,best_either,14,BHEL,long,0.0363645672886833,0.0363645672886833,LONG: vol60 >= 0.2754 AND maxabs5 >= 0.02843 AND z5 <= -0.6013
fpos,60,best_either,14,CANBK,long,0.0950768465376783,0.0684422750424449,LONG: vol60 >= 0.2754 AND maxabs5 >= 0.02843 AND z5 <= -0.6013
fpos,60,best_either,14,ABCAPITAL,long,0.0048681153379002,0.0612362260311258,LONG: vol60 >= 0.2754 AND maxabs5 >= 0.02843 AND z5 <= -0.6013
fpos,60,best_either,14,BIOCON,long,-0.0235710683312402,-0.0235710683312402,LONG: vol60 >= 0.2754 AND maxabs5 >= 0.02843 AND z5 <= -0.6013
fpos,60,best_either,14,HINDALCO,long,0.0055133917568809,0.0055133917568809,LONG: vol60 >= 0.2754 AND maxabs5 >= 0.02843 AND z5 <= -0.6013
fpos,60,best_either,14,MOTHERSON,long,-0.0944181925050524,-0.0944181925050524,LONG: vol60 >= 0.2754 AND maxabs5 >= 0.02843 AND z5 <= -0.6013
fpos,60,best_either,14,GLENMARK,long,-0.0588406924367845,-0.0588406924367845,LONG: vol60 >= 0.2754 AND maxabs5 >= 0.02843 AND z5 <= -0.6013
fpos,60,best_long,14,GMRAIRPORT,long,-0.018422502745132,-0.018422502745132,LONG: vol60 >= 0.2754 AND maxabs5 >= 0.02843 AND z5 <= -0.6013
fpos,60,best_long,14,IEX,long,0.0093344411308053,0.0093344411308053,LONG: vol60 >= 0.2754 AND maxabs5 >= 0.02843 AND z5 <= -0.6013
fpos,60,best_long,14,BANDHANBNK,long,0.0208303879968596,0.0208303879968596,LONG: vol60 >= 0.2754 AND maxabs5 >= 0.02843 AND z5 <= -0.6013
fpos,60,best_long,14,DLF,long,0.0237219410103303,0.0237219410103303,LONG: vol60 >= 0.2754 AND maxabs5 >= 0.02843 AND z5 <= -0.6013
fpos,60,best_long,14,BHEL,long,0.0363645672886833,0.0363645672886833,LONG: vol60 >= 0.2754 AND maxabs5 >= 0.02843 AND z5 <= -0.6013
fpos,60,best_long,14,CANBK,long,0.0950768465376783,0.0684422750424449,LONG: vol60 >= 0.2754 AND maxabs5 >= 0.02843 AND z5 <= -0.6013
fpos,60,best_long,14,ABCAPITAL,long,0.0048681153379002,0.0612362260311258,LONG: vol60 >= 0.2754 AND maxabs5 >= 0.02843 AND z5 <= -0.6013
fpos,60,best_long,14,BIOCON,long,-0.0235710683312402,-0.0235710683312402,LONG: vol60 >= 0.2754 AND maxabs5 >= 0.02843 AND z5 <= -0.6013
fpos,60,best_long,14,HINDALCO,long,0.0055133917568809,0.0055133917568809,LONG: vol60 >= 0.2754 AND maxabs5 >= 0.02843 AND z5 <= -0.6013
fpos,60,best_long,14,MOTHERSON,long,-0.0944181925050524,-0.0944181925050524,LONG: vol60 >= 0.2754 AND maxabs5 >= 0.02843 AND z5 <= -0.6013
fpos,60,best_long,14,GLENMARK,long,-0.0588406924367845,-0.0588406924367845,LONG: vol60 >= 0.2754 AND maxabs5 >= 0.02843 AND z5 <= -0.6013
fpos,60,top5_either,14,GMRAIRPORT,long,-0.018422502745132,-0.018422502745132,LONG: vol60 >= 0.2754 AND maxabs5 >= 0.02843 AND z5 <= -0.6013
fpos,60,top5_either,14,IEX,long,0.0093344411308053,0.0093344411308053,LONG: vol60 >= 0.2754 AND maxabs5 >= 0.02843 AND z5 <= -0.6013
fpos,60,top5_either,14,BANDHANBNK,long,0.0208303879968596,0.0208303879968596,LONG: vol60 >= 0.2754 AND maxabs5 >= 0.02843 AND z5 <= -0.6013
fpos,60,top5_either,14,DLF,long,0.0237219410103303,0.0237219410103303,LONG: vol60 >= 0.2754 AND maxabs5 >= 0.02843 AND z5 <= -0.6013
fpos,60,top5_either,14,BHEL,long,0.0363645672886833,0.0363645672886833,LONG: vol60 >= 0.2754 AND maxabs5 >= 0.02843 AND z5 <= -0.6013
fpos,60,top5_either,14,CANBK,long,0.0950768465376783,0.0684422750424449,LONG: vol60 >= 0.2754 AND maxabs5 >= 0.02843 AND z5 <= -0.6013
fpos,60,top5_either,14,ABCAPITAL,long,0.0048681153379002,0.0612362260311258,LONG: vol60 >= 0.2754 AND maxabs5 >= 0.02843 AND z5 <= -0.6013
fpos,60,top5_either,14,BIOCON,long,-0.0235710683312402,-0.0235710683312402,LONG: vol60 >= 0.2754 AND maxabs5 >= 0.02843 AND z5 <= -0.6013
fpos,60,top5_either,14,HINDALCO,long,0.0055133917568809,0.0055133917568809,LONG: vol60 >= 0.2754 AND maxabs5 >= 0.02843 AND z5 <= -0.6013
fpos,60,top5_either,14,MOTHERSON,long,-0.0944181925050524,-0.0944181925050524,LONG: vol60 >= 0.2754 AND maxabs5 >= 0.02843 AND z5 <= -0.6013
fpos,60,top5_either,14,GLENMARK,long,-0.0588406924367845,-0.0588406924367845,LONG: vol60 >= 0.2754 AND maxabs5 >= 0.02843 AND z5 <= -0.6013
worst,15,best_either,14,IEX,long,0.0093344411308053,0.0093344411308053,LONG: sec_rank_1m >= 0.1053 AND gap0 <= 0 AND gap5 <= -0.01189
worst,15,best_either,14,HINDALCO,long,0.0055133917568809,0.0055133917568809,LONG: sec_rank_1m >= 0.1053 AND gap0 <= 0 AND gap5 <= -0.01189
worst,15,best_either,14,GLENMARK,long,-0.0588406924367845,-0.0588406924367845,LONG: sec_rank_1m >= 0.1053 AND gap0 <= 0 AND gap5 <= -0.01189
worst,15,best_long,14,IEX,long,0.0093344411308053,0.0093344411308053,LONG: sec_rank_1m >= 0.1053 AND gap0 <= 0 AND gap5 <= -0.01189
worst,15,best_long,14,HINDALCO,long,0.0055133917568809,0.0055133917568809,LONG: sec_rank_1m >= 0.1053 AND gap0 <= 0 AND gap5 <= -0.01189
worst,15,best_long,14,GLENMARK,long,-0.0588406924367845,-0.0588406924367845,LONG: sec_rank_1m >= 0.1053 AND gap0 <= 0 AND gap5 <= -0.01189
worst,15,top5_either,14,IEX,long,0.0093344411308053,0.0093344411308053,LONG: sec_rank_1m >= 0.1053 AND gap0 <= 0 AND gap5 <= -0.01189
worst,15,top5_either,14,HINDALCO,long,0.0055133917568809,0.0055133917568809,LONG: sec_rank_1m >= 0.1053 AND gap0 <= 0 AND gap5 <= -0.01189
worst,15,top5_either,14,GLENMARK,long,-0.0588406924367845,-0.0588406924367845,LONG: sec_rank_1m >= 0.1053 AND gap0 <= 0 AND gap5 <= -0.01189
worst,15,top5_either,14,MANAPPURAM,long,-0.0150356417610972,-0.0150356417610972,LONG: r6m <= -0.07506 AND vol60 >= 0.3938 AND nifty_1m >= -0.06018
worst,15,top5_either,14,IDEA,long,-0.0635688285438622,-0.0635688285438622,LONG: r6m <= -0.07506 AND vol60 >= 0.3938 AND nifty_1m >= -0.06018
worst,15,top5_either,14,BHEL,long,0.0363645672886833,0.0363645672886833,LONG: from_52w_high <= -0.3101 AND sec_vs_nifty_1w <= 0.001928 AND own_abs3d <= 0.04365
worst,30,best_either,14,IDEA,long,-0.0635688285438622,-0.0635688285438622,LONG: vs_ma200 <= -0.1761 AND season_so_far_3d <= 0.01131 AND own_rd >= -0.02203
worst,30,best_long,14,IDEA,long,-0.0635688285438622,-0.0635688285438622,LONG: vs_ma200 <= -0.1761 AND season_so_far_3d <= 0.01131 AND own_rd >= -0.02203
worst,30,top5_either,14,IDEA,long,-0.0635688285438622,-0.0635688285438622,LONG: vs_ma200 <= -0.1761 AND season_so_far_3d <= 0.01131 AND own_rd >= -0.02203
worst,30,top5_either,14,IDEA,long,-0.0635688285438622,-0.0635688285438622,LONG: vs_ma200 <= -0.1761 AND season_so_far_3d <= 0.01334 AND own_rd >= -0.02203
worst,30,top5_either,14,IDEA,long,-0.0635688285438622,-0.0635688285438622,LONG: vs_ma200 <= -0.1761 AND days_after_quarter_end >= 18 AND own_rd >= -0.02203
worst,30,top5_either,14,IDEA,long,-0.0635688285438622,-0.0635688285438622,LONG: vs_ma200 <= -0.1761 AND season_so_far_3d <= 0.0164 AND own_rd >= -0.02203
worst,30,top5_either,14,IDEA,long,-0.0635688285438622,-0.0635688285438622,LONG: vs_ma200 <= -0.1761 AND days_after_quarter_end >= 21 AND own_rd >= -0.02203
worst,60,best_either,14,GMRAIRPORT,long,-0.018422502745132,-0.018422502745132,LONG: vol60 >= 0.2987 AND season_so_far_3d <= -0.004125 AND gap5 <= 0.03141
worst,60,best_either,14,IEX,long,0.0093344411308053,0.0093344411308053,LONG: vol60 >= 0.2987 AND season_so_far_3d <= -0.004125 AND gap5 <= 0.03141
worst,60,best_either,14,BANDHANBNK,long,0.0208303879968596,0.0208303879968596,LONG: vol60 >= 0.2987 AND season_so_far_3d <= -0.004125 AND gap5 <= 0.03141
worst,60,best_either,14,DLF,long,0.0237219410103303,0.0237219410103303,LONG: vol60 >= 0.2987 AND season_so_far_3d <= -0.004125 AND gap5 <= 0.03141
worst,60,best_either,14,BHEL,long,0.0363645672886833,0.0363645672886833,LONG: vol60 >= 0.2987 AND season_so_far_3d <= -0.004125 AND gap5 <= 0.03141
worst,60,best_either,14,LICHSGFIN,long,0.0611551695322823,0.0304332033264452,LONG: vol60 >= 0.2987 AND season_so_far_3d <= -0.004125 AND gap5 <= 0.03141
worst,60,best_either,14,CANBK,long,0.0950768465376783,0.0684422750424449,LONG: vol60 >= 0.2987 AND season_so_far_3d <= -0.004125 AND gap5 <= 0.03141
worst,60,best_either,14,ABCAPITAL,long,0.0048681153379002,0.0612362260311258,LONG: vol60 >= 0.2987 AND season_so_far_3d <= -0.004125 AND gap5 <= 0.03141
worst,60,best_either,14,BIOCON,long,-0.0235710683312402,-0.0235710683312402,LONG: vol60 >= 0.2987 AND season_so_far_3d <= -0.004125 AND gap5 <= 0.03141
worst,60,best_long,14,GMRAIRPORT,long,-0.018422502745132,-0.018422502745132,LONG: vol60 >= 0.2987 AND season_so_far_3d <= -0.004125 AND gap5 <= 0.03141
worst,60,best_long,14,IEX,long,0.0093344411308053,0.0093344411308053,LONG: vol60 >= 0.2987 AND season_so_far_3d <= -0.004125 AND gap5 <= 0.03141
worst,60,best_long,14,BANDHANBNK,long,0.0208303879968596,0.0208303879968596,LONG: vol60 >= 0.2987 AND season_so_far_3d <= -0.004125 AND gap5 <= 0.03141
worst,60,best_long,14,DLF,long,0.0237219410103303,0.0237219410103303,LONG: vol60 >= 0.2987 AND season_so_far_3d <= -0.004125 AND gap5 <= 0.03141
worst,60,best_long,14,BHEL,long,0.0363645672886833,0.0363645672886833,LONG: vol60 >= 0.2987 AND season_so_far_3d <= -0.004125 AND gap5 <= 0.03141
worst,60,best_long,14,LICHSGFIN,long,0.0611551695322823,0.0304332033264452,LONG: vol60 >= 0.2987 AND season_so_far_3d <= -0.004125 AND gap5 <= 0.03141
worst,60,best_long,14,CANBK,long,0.0950768465376783,0.0684422750424449,LONG: vol60 >= 0.2987 AND season_so_far_3d <= -0.004125 AND gap5 <= 0.03141
worst,60,best_long,14,ABCAPITAL,long,0.0048681153379002,0.0612362260311258,LONG: vol60 >= 0.2987 AND season_so_far_3d <= -0.004125 AND gap5 <= 0.03141
worst,60,best_long,14,BIOCON,long,-0.0235710683312402,-0.0235710683312402,LONG: vol60 >= 0.2987 AND season_so_far_3d <= -0.004125 AND gap5 <= 0.03141
worst,60,top5_either,14,GMRAIRPORT,long,-0.018422502745132,-0.018422502745132,LONG: vol60 >= 0.2987 AND season_so_far_3d <= -0.004125 AND gap5 <= 0.03141
worst,60,top5_either,14,IEX,long,0.0093344411308053,0.0093344411308053,LONG: vol60 >= 0.2987 AND season_so_far_3d <= -0.004125 AND gap5 <= 0.03141
worst,60,top5_either,14,BANDHANBNK,long,0.0208303879968596,0.0208303879968596,LONG: vol60 >= 0.2987 AND season_so_far_3d <= -0.004125 AND gap5 <= 0.03141
worst,60,top5_either,14,DLF,long,0.0237219410103303,0.0237219410103303,LONG: vol60 >= 0.2987 AND season_so_far_3d <= -0.004125 AND gap5 <= 0.03141
worst,60,top5_either,14,BHEL,long,0.0363645672886833,0.0363645672886833,LONG: vol60 >= 0.2987 AND season_so_far_3d <= -0.004125 AND gap5 <= 0.03141
worst,60,top5_either,14,LICHSGFIN,long,0.0611551695322823,0.0304332033264452,LONG: vol60 >= 0.2987 AND season_so_far_3d <= -0.004125 AND gap5 <= 0.03141
worst,60,top5_either,14,CANBK,long,0.0950768465376783,0.0684422750424449,LONG: vol60 >= 0.2987 AND season_so_far_3d <= -0.004125 AND gap5 <= 0.03141
worst,60,top5_either,14,ABCAPITAL,long,0.0048681153379002,0.0612362260311258,LONG: vol60 >= 0.2987 AND season_so_far_3d <= -0.004125 AND gap5 <= 0.03141
worst,60,top5_either,14,BIOCON,long,-0.0235710683312402,-0.0235710683312402,LONG: vol60 >= 0.2987 AND season_so_far_3d <= -0.004125 AND gap5 <= 0.03141
worst,60,top5_either,14,GMRAIRPORT,long,-0.018422502745132,-0.018422502745132,LONG: vs_ma50 <= -0.07348 AND vol60 >= 0.2987 AND nifty_3m <= 0.05466
worst,60,top5_either,14,IEX,long,0.0093344411308053,0.0093344411308053,LONG: vs_ma50 <= -0.07348 AND vol60 >= 0.2987 AND nifty_3m <= 0.05466
worst,60,top5_either,14,BANDHANBNK,long,0.0208303879968596,0.0208303879968596,LONG: vs_ma50 <= -0.07348 AND vol60 >= 0.2987 AND nifty_3m <= 0.05466
worst,60,top5_either,14,BHEL,long,0.0363645672886833,0.0363645672886833,LONG: vs_ma50 <= -0.07348 AND vol60 >= 0.2987 AND nifty_3m <= 0.05466
worst,60,top5_either,14,LICHSGFIN,long,0.0611551695322823,0.0304332033264452,LONG: vs_ma50 <= -0.07348 AND vol60 >= 0.2987 AND nifty_3m <= 0.05466
worst,60,top5_either,14,CANBK,long,0.0950768465376783,0.0684422750424449,LONG: vs_ma50 <= -0.07348 AND vol60 >= 0.2987 AND nifty_3m <= 0.05466
worst,60,top5_either,14,ABCAPITAL,long,0.0048681153379002,0.0612362260311258,LONG: vs_ma50 <= -0.07348 AND vol60 >= 0.2987 AND nifty_3m <= 0.05466
worst,60,top5_either,14,BIOCON,long,-0.0235710683312402,-0.0235710683312402,LONG: vs_ma50 <= -0.07348 AND vol60 >= 0.2987 AND nifty_3m <= 0.05466
worst,60,top5_either,14,MANAPPURAM,long,-0.0150356417610972,-0.0150356417610972,LONG: vs_ma50 <= -0.07348 AND vol60 >= 0.2987 AND nifty_3m <= 0.05466
worst,60,top5_either,14,SAIL,long,-0.0008050995062023,0.0452206192525099,LONG: vs_ma50 <= -0.07348 AND vol60 >= 0.2987 AND nifty_3m <= 0.05466
worst,60,top5_either,14,HINDALCO,long,0.0055133917568809,0.0055133917568809,LONG: vs_ma50 <= -0.07348 AND vol60 >= 0.2987 AND nifty_3m <= 0.05466
worst,60,top5_either,14,IDEA,long,-0.0635688285438622,-0.0635688285438622,LONG: vs_ma50 <= -0.07348 AND vol60 >= 0.2987 AND nifty_3m <= 0.05466
worst,60,top5_either,14,MPHASIS,long,0.0567481643897062,0.0516997909074646,LONG: vol60 >= 0.3487 AND volume_5d_vs_60d >= 0.5683 AND prev2_sum <= 0.0775
worst,60,top5_either,14,BHEL,long,0.0363645672886833,0.0363645672886833,LONG: vol60 >= 0.3487 AND volume_5d_vs_60d >= 0.5683 AND prev2_sum <= 0.0775
worst,60,top5_either,14,MANAPPURAM,long,-0.0150356417610972,-0.0150356417610972,LONG: vol60 >= 0.3487 AND volume_5d_vs_60d >= 0.5683 AND prev2_sum <= 0.0775
worst,60,top5_either,14,IDEA,long,-0.0635688285438622,-0.0635688285438622,LONG: vol60 >= 0.3487 AND volume_5d_vs_60d >= 0.5683 AND prev2_sum <= 0.0775
mean,15,best_either,15,HAVELLS,long,0.0320129091352185,0.0320129091352185,LONG: r1w <= -0.03859 AND r6m <= -0.1399 AND own_rd >= -0.006116
mean,15,best_either,15,JIOFIN,long,0.0122727364826106,0.0122727364826106,LONG: r1w <= -0.03859 AND r6m <= -0.1399 AND own_rd >= -0.006116
mean,15,best_either,15,SUPREMEIND,long,-0.0854556653877933,-0.0854556653877933,LONG: r1w <= -0.03859 AND r6m <= -0.1399 AND own_rd >= -0.006116
mean,15,best_either,15,LODHA,long,0.0444513651320068,0.0444513651320068,LONG: r1w <= -0.03859 AND r6m <= -0.1399 AND own_rd >= -0.006116
mean,15,best_either,15,BHEL,long,0.0014439687719129,0.0014439687719129,LONG: r1w <= -0.03859 AND r6m <= -0.1399 AND own_rd >= -0.006116
mean,15,best_either,15,CGPOWER,long,0.0134797757649079,0.0134797757649079,LONG: r1w <= -0.03859 AND r6m <= -0.1399 AND own_rd >= -0.006116
mean,15,best_either,15,JSWENERGY,long,-0.1328434330999338,-0.1328434330999338,LONG: r1w <= -0.03859 AND r6m <= -0.1399 AND own_rd >= -0.006116
mean,15,best_either,15,ADANIENT,long,0.0013994677103847,0.0013994677103847,LONG: r1w <= -0.03859 AND r6m <= -0.1399 AND own_rd >= -0.006116
mean,15,best_either,15,BEL,long,0.1277478595112917,0.0346563407550821,LONG: r1w <= -0.03859 AND r6m <= -0.1399 AND own_rd >= -0.006116
mean,15,best_either,15,MOTHERSON,long,-0.0298103310652173,-0.0298103310652173,LONG: r1w <= -0.03859 AND r6m <= -0.1399 AND own_rd >= -0.006116
mean,15,best_either,15,ABB,long,-0.0560872561493412,-0.0560872561493412,LONG: r1w <= -0.03859 AND r6m <= -0.1399 AND own_rd >= -0.006116
mean,15,best_long,15,HAVELLS,long,0.0320129091352185,0.0320129091352185,LONG: r1w <= -0.03859 AND r6m <= -0.1399 AND own_rd >= -0.006116
mean,15,best_long,15,JIOFIN,long,0.0122727364826106,0.0122727364826106,LONG: r1w <= -0.03859 AND r6m <= -0.1399 AND own_rd >= -0.006116
mean,15,best_long,15,SUPREMEIND,long,-0.0854556653877933,-0.0854556653877933,LONG: r1w <= -0.03859 AND r6m <= -0.1399 AND own_rd >= -0.006116
mean,15,best_long,15,LODHA,long,0.0444513651320068,0.0444513651320068,LONG: r1w <= -0.03859 AND r6m <= -0.1399 AND own_rd >= -0.006116
mean,15,best_long,15,BHEL,long,0.0014439687719129,0.0014439687719129,LONG: r1w <= -0.03859 AND r6m <= -0.1399 AND own_rd >= -0.006116
mean,15,best_long,15,CGPOWER,long,0.0134797757649079,0.0134797757649079,LONG: r1w <= -0.03859 AND r6m <= -0.1399 AND own_rd >= -0.006116
mean,15,best_long,15,JSWENERGY,long,-0.1328434330999338,-0.1328434330999338,LONG: r1w <= -0.03859 AND r6m <= -0.1399 AND own_rd >= -0.006116
mean,15,best_long,15,ADANIENT,long,0.0013994677103847,0.0013994677103847,LONG: r1w <= -0.03859 AND r6m <= -0.1399 AND own_rd >= -0.006116
mean,15,best_long,15,BEL,long,0.1277478595112917,0.0346563407550821,LONG: r1w <= -0.03859 AND r6m <= -0.1399 AND own_rd >= -0.006116
mean,15,best_long,15,MOTHERSON,long,-0.0298103310652173,-0.0298103310652173,LONG: r1w <= -0.03859 AND r6m <= -0.1399 AND own_rd >= -0.006116
mean,15,best_long,15,ABB,long,-0.0560872561493412,-0.0560872561493412,LONG: r1w <= -0.03859 AND r6m <= -0.1399 AND own_rd >= -0.006116
mean,15,best_short,15,DIXON,short,0.1012317321737206,,SHORT: r5y >= 2.467 AND d0 <= 0.01188 AND pre5_vs_own >= -0.001563
mean,15,best_short,15,POLYCAB,short,0.0826374022758282,,SHORT: r5y >= 2.467 AND d0 <= 0.01188 AND pre5_vs_own >= -0.001563
mean,15,best_short,15,TIINDIA,short,0.0695881985111893,,SHORT: r5y >= 2.467 AND d0 <= 0.01188 AND pre5_vs_own >= -0.001563
mean,15,best_short,15,TRENT,short,0.0486983651886482,,SHORT: r5y >= 2.467 AND d0 <= 0.01188 AND pre5_vs_own >= -0.001563
mean,15,best_short,15,VBL,short,0.0869216815850463,,SHORT: r5y >= 2.467 AND d0 <= 0.01188 AND pre5_vs_own >= -0.001563
mean,15,best_short,15,SIEMENS,short,0.0461502154256812,,SHORT: r5y >= 2.467 AND d0 <= 0.01188 AND pre5_vs_own >= -0.001563
mean,15,top5_either,15,HAVELLS,long,0.0320129091352185,0.0320129091352185,LONG: r1w <= -0.03859 AND r6m <= -0.1399 AND own_rd >= -0.006116
mean,15,top5_either,15,JIOFIN,long,0.0122727364826106,0.0122727364826106,LONG: r1w <= -0.03859 AND r6m <= -0.1399 AND own_rd >= -0.006116
mean,15,top5_either,15,SUPREMEIND,long,-0.0854556653877933,-0.0854556653877933,LONG: r1w <= -0.03859 AND r6m <= -0.1399 AND own_rd >= -0.006116
mean,15,top5_either,15,LODHA,long,0.0444513651320068,0.0444513651320068,LONG: r1w <= -0.03859 AND r6m <= -0.1399 AND own_rd >= -0.006116
mean,15,top5_either,15,BHEL,long,0.0014439687719129,0.0014439687719129,LONG: r1w <= -0.03859 AND r6m <= -0.1399 AND own_rd >= -0.006116
mean,15,top5_either,15,CGPOWER,long,0.0134797757649079,0.0134797757649079,LONG: r1w <= -0.03859 AND r6m <= -0.1399 AND own_rd >= -0.006116
mean,15,top5_either,15,JSWENERGY,long,-0.1328434330999338,-0.1328434330999338,LONG: r1w <= -0.03859 AND r6m <= -0.1399 AND own_rd >= -0.006116
mean,15,top5_either,15,ADANIENT,long,0.0013994677103847,0.0013994677103847,LONG: r1w <= -0.03859 AND r6m <= -0.1399 AND own_rd >= -0.006116
mean,15,top5_either,15,BEL,long,0.1277478595112917,0.0346563407550821,LONG: r1w <= -0.03859 AND r6m <= -0.1399 AND own_rd >= -0.006116
mean,15,top5_either,15,MOTHERSON,long,-0.0298103310652173,-0.0298103310652173,LONG: r1w <= -0.03859 AND r6m <= -0.1399 AND own_rd >= -0.006116
mean,15,top5_either,15,ABB,long,-0.0560872561493412,-0.0560872561493412,LONG: r1w <= -0.03859 AND r6m <= -0.1399 AND own_rd >= -0.006116
mean,15,top5_either,15,JIOFIN,long,0.0122727364826106,0.0122727364826106,LONG: r6m <= -0.07817 AND sector_3m >= -0.1096 AND pre5_vs_own <= -0.07791
mean,15,top5_either,15,GAIL,long,0.065862319302592,0.065862319302592,LONG: r6m <= -0.07817 AND sector_3m >= -0.1096 AND pre5_vs_own <= -0.07791
mean,15,top5_either,15,KALYANKJIL,long,0.1480940309520386,0.1480940309520386,LONG: r6m <= -0.07817 AND sector_3m >= -0.1096 AND pre5_vs_own <= -0.07791
mean,15,top5_either,15,PRESTIGE,long,0.0681539240907749,0.0372118637400677,LONG: r6m <= -0.07817 AND sector_3m >= -0.1096 AND pre5_vs_own <= -0.07791
mean,15,top5_either,15,JIOFIN,long,0.0122727364826106,0.0122727364826106,LONG: r1w <= -0.08161 AND r6m <= -0.07817 AND vs_ma50 <= -0.09476
mean,15,top5_either,15,KALYANKJIL,long,0.1480940309520386,0.1480940309520386,LONG: r1w <= -0.08161 AND r6m <= -0.07817 AND vs_ma50 <= -0.09476
mean,15,top5_either,15,PRESTIGE,long,0.0681539240907749,0.0372118637400677,LONG: r1w <= -0.08161 AND r6m <= -0.07817 AND vs_ma50 <= -0.09476
mean,15,top5_either,15,SUPREMEIND,long,-0.0854556653877933,-0.0854556653877933,LONG: r6m <= -0.1399 AND intra0 <= -0.02145 AND own_dm1 <= 0.007995
mean,15,top5_either,15,BHEL,long,0.0014439687719129,0.0014439687719129,LONG: r6m <= -0.1399 AND intra0 <= -0.02145 AND own_dm1 <= 0.007995
mean,15,top5_either,15,GMRAIRPORT,long,-0.00309337598775,-0.00309337598775,LONG: r6m <= -0.1399 AND intra0 <= -0.02145 AND own_dm1 <= 0.007995
mean,15,top5_either,15,CUMMINSIND,long,0.095331096025369,0.0565779242418633,LONG: r6m <= -0.1399 AND intra0 <= -0.02145 AND own_dm1 <= 0.007995
mean,15,top5_either,15,JIOFIN,long,0.0122727364826106,0.0122727364826106,LONG: vs_ma200 <= -0.1095 AND sector_3m >= -0.1096 AND pre5_vs_own <= -0.07791
mean,15,top5_either,15,VOLTAS,long,-0.1001783186215534,0.0387539112136001,LONG: vs_ma200 <= -0.1095 AND sector_3m >= -0.1096 AND pre5_vs_own <= -0.07791
mean,15,top5_either,15,GAIL,long,0.065862319302592,0.065862319302592,LONG: vs_ma200 <= -0.1095 AND sector_3m >= -0.1096 AND pre5_vs_own <= -0.07791
mean,15,top5_either,15,KALYANKJIL,long,0.1480940309520386,0.1480940309520386,LONG: vs_ma200 <= -0.1095 AND sector_3m >= -0.1096 AND pre5_vs_own <= -0.07791
mean,15,top5_either,15,PRESTIGE,long,0.0681539240907749,0.0372118637400677,LONG: vs_ma200 <= -0.1095 AND sector_3m >= -0.1096 AND pre5_vs_own <= -0.07791
mean,30,best_either,15,HAVELLS,long,0.0320129091352185,0.0320129091352185,LONG: r6m <= -0.07817 AND r2d <= -0.0222 AND sec_3d <= -0.01335
mean,30,best_either,15,DLF,long,-0.0134976127115816,-0.0134976127115816,LONG: r6m <= -0.07817 AND r2d <= -0.0222 AND sec_3d <= -0.01335
mean,30,best_either,15,LODHA,long,0.0444513651320068,0.0444513651320068,LONG: r6m <= -0.07817 AND r2d <= -0.0222 AND sec_3d <= -0.01335
mean,30,best_either,15,BEL,long,0.1277478595112917,0.0346563407550821,LONG: r6m <= -0.07817 AND r2d <= -0.0222 AND sec_3d <= -0.01335
mean,30,best_either,15,GAIL,long,0.065862319302592,0.065862319302592,LONG: r6m <= -0.07817 AND r2d <= -0.0222 AND sec_3d <= -0.01335
mean,30,best_either,15,JINDALSTEL,long,-0.0588840102981621,-0.0588840102981621,LONG: r6m <= -0.07817 AND r2d <= -0.0222 AND sec_3d <= -0.01335
mean,30,best_either,15,KALYANKJIL,long,0.1480940309520386,0.1480940309520386,LONG: r6m <= -0.07817 AND r2d <= -0.0222 AND sec_3d <= -0.01335
mean,30,best_either,15,SIEMENS,long,-0.0461502154256812,-0.0461502154256812,LONG: r6m <= -0.07817 AND r2d <= -0.0222 AND sec_3d <= -0.01335
mean,30,best_either,15,MOTHERSON,long,-0.0298103310652173,-0.0298103310652173,LONG: r6m <= -0.07817 AND r2d <= -0.0222 AND sec_3d <= -0.01335
mean,30,best_long,15,HAVELLS,long,0.0320129091352185,0.0320129091352185,LONG: r6m <= -0.07817 AND r2d <= -0.0222 AND sec_3d <= -0.01335
mean,30,best_long,15,DLF,long,-0.0134976127115816,-0.0134976127115816,LONG: r6m <= -0.07817 AND r2d <= -0.0222 AND sec_3d <= -0.01335
mean,30,best_long,15,LODHA,long,0.0444513651320068,0.0444513651320068,LONG: r6m <= -0.07817 AND r2d <= -0.0222 AND sec_3d <= -0.01335
mean,30,best_long,15,BEL,long,0.1277478595112917,0.0346563407550821,LONG: r6m <= -0.07817 AND r2d <= -0.0222 AND sec_3d <= -0.01335
mean,30,best_long,15,GAIL,long,0.065862319302592,0.065862319302592,LONG: r6m <= -0.07817 AND r2d <= -0.0222 AND sec_3d <= -0.01335
mean,30,best_long,15,JINDALSTEL,long,-0.0588840102981621,-0.0588840102981621,LONG: r6m <= -0.07817 AND r2d <= -0.0222 AND sec_3d <= -0.01335
mean,30,best_long,15,KALYANKJIL,long,0.1480940309520386,0.1480940309520386,LONG: r6m <= -0.07817 AND r2d <= -0.0222 AND sec_3d <= -0.01335
mean,30,best_long,15,SIEMENS,long,-0.0461502154256812,-0.0461502154256812,LONG: r6m <= -0.07817 AND r2d <= -0.0222 AND sec_3d <= -0.01335
mean,30,best_long,15,MOTHERSON,long,-0.0298103310652173,-0.0298103310652173,LONG: r6m <= -0.07817 AND r2d <= -0.0222 AND sec_3d <= -0.01335
mean,30,best_short,15,AUROPHARMA,short,-0.0174172817427676,,SHORT: nifty_1w >= 0.01693 AND d1 <= -0.006367 AND dist_60h >= -0.2009
mean,30,top5_either,15,HAVELLS,long,0.0320129091352185,0.0320129091352185,LONG: r6m <= -0.07817 AND r2d <= -0.0222 AND sec_3d <= -0.01335
mean,30,top5_either,15,DLF,long,-0.0134976127115816,-0.0134976127115816,LONG: r6m <= -0.07817 AND r2d <= -0.0222 AND sec_3d <= -0.01335
mean,30,top5_either,15,LODHA,long,0.0444513651320068,0.0444513651320068,LONG: r6m <= -0.07817 AND r2d <= -0.0222 AND sec_3d <= -0.01335
mean,30,top5_either,15,BEL,long,0.1277478595112917,0.0346563407550821,LONG: r6m <= -0.07817 AND r2d <= -0.0222 AND sec_3d <= -0.01335
mean,30,top5_either,15,GAIL,long,0.065862319302592,0.065862319302592,LONG: r6m <= -0.07817 AND r2d <= -0.0222 AND sec_3d <= -0.01335
mean,30,top5_either,15,JINDALSTEL,long,-0.0588840102981621,-0.0588840102981621,LONG: r6m <= -0.07817 AND r2d <= -0.0222 AND sec_3d <= -0.01335
mean,30,top5_either,15,KALYANKJIL,long,0.1480940309520386,0.1480940309520386,LONG: r6m <= -0.07817 AND r2d <= -0.0222 AND sec_3d <= -0.01335
mean,30,top5_either,15,SIEMENS,long,-0.0461502154256812,-0.0461502154256812,LONG: r6m <= -0.07817 AND r2d <= -0.0222 AND sec_3d <= -0.01335
mean,30,top5_either,15,MOTHERSON,long,-0.0298103310652173,-0.0298103310652173,LONG: r6m <= -0.07817 AND r2d <= -0.0222 AND sec_3d <= -0.01335
mean,30,top5_either,15,ANGELONE,long,-0.1005406875277945,-0.1005406875277945,LONG: vol60 >= 0.3459 AND vs_nifty_1w <= -0.02076 AND own_rd >= -0.003745
mean,30,top5_either,15,SUPREMEIND,long,-0.0854556653877933,-0.0854556653877933,LONG: vol60 >= 0.3459 AND vs_nifty_1w <= -0.02076 AND own_rd >= -0.003745
mean,30,top5_either,15,SHRIRAMFIN,long,-0.0128929619833892,-0.0128929619833892,LONG: vol60 >= 0.3459 AND vs_nifty_1w <= -0.02076 AND own_rd >= -0.003745
mean,30,top5_either,15,CDSL,long,-0.1737154538901288,-0.1737154538901288,LONG: vol60 >= 0.3459 AND vs_nifty_1w <= -0.02076 AND own_rd >= -0.003745
mean,30,top5_either,15,LODHA,long,0.0444513651320068,0.0444513651320068,LONG: vol60 >= 0.3459 AND vs_nifty_1w <= -0.02076 AND own_rd >= -0.003745
mean,30,top5_either,15,CGPOWER,long,0.0134797757649079,0.0134797757649079,LONG: vol60 >= 0.3459 AND vs_nifty_1w <= -0.02076 AND own_rd >= -0.003745
mean,30,top5_either,15,ADANIENT,long,0.0013994677103847,0.0013994677103847,LONG: vol60 >= 0.3459 AND vs_nifty_1w <= -0.02076 AND own_rd >= -0.003745
mean,30,top5_either,15,MAXHEALTH,long,0.0383383149947322,0.0383383149947322,LONG: vol60 >= 0.3459 AND vs_nifty_1w <= -0.02076 AND own_rd >= -0.003745
mean,30,top5_either,15,RECLTD,long,0.032568893618025,0.0301860301860301,LONG: vol60 >= 0.3459 AND vs_nifty_1w <= -0.02076 AND own_rd >= -0.003745
mean,30,top5_either,15,MOTHERSON,long,-0.0298103310652173,-0.0298103310652173,LONG: vol60 >= 0.3459 AND vs_nifty_1w <= -0.02076 AND own_rd >= -0.003745
mean,30,top5_either,15,HDFCAMC,long,0.052493140234171,0.052493140234171,LONG: vs_ma200 <= -0.06726 AND r2d <= -0.0222 AND sec_3d <= -0.01335
mean,30,top5_either,15,HAVELLS,long,0.0320129091352185,0.0320129091352185,LONG: vs_ma200 <= -0.06726 AND r2d <= -0.0222 AND sec_3d <= -0.01335
mean,30,top5_either,15,DLF,long,-0.0134976127115816,-0.0134976127115816,LONG: vs_ma200 <= -0.06726 AND r2d <= -0.0222 AND sec_3d <= -0.01335
mean,30,top5_either,15,LODHA,long,0.0444513651320068,0.0444513651320068,LONG: vs_ma200 <= -0.06726 AND r2d <= -0.0222 AND sec_3d <= -0.01335
mean,30,top5_either,15,VOLTAS,long,-0.1001783186215534,0.0387539112136001,LONG: vs_ma200 <= -0.06726 AND r2d <= -0.0222 AND sec_3d <= -0.01335
mean,30,top5_either,15,BEL,long,0.1277478595112917,0.0346563407550821,LONG: vs_ma200 <= -0.06726 AND r2d <= -0.0222 AND sec_3d <= -0.01335
mean,30,top5_either,15,GAIL,long,0.065862319302592,0.065862319302592,LONG: vs_ma200 <= -0.06726 AND r2d <= -0.0222 AND sec_3d <= -0.01335
mean,30,top5_either,15,JINDALSTEL,long,-0.0588840102981621,-0.0588840102981621,LONG: vs_ma200 <= -0.06726 AND r2d <= -0.0222 AND sec_3d <= -0.01335
mean,30,top5_either,15,KALYANKJIL,long,0.1480940309520386,0.1480940309520386,LONG: vs_ma200 <= -0.06726 AND r2d <= -0.0222 AND sec_3d <= -0.01335
mean,30,top5_either,15,VBL,long,-0.0869216815850463,-0.0869216815850463,LONG: vs_ma200 <= -0.06726 AND r2d <= -0.0222 AND sec_3d <= -0.01335
mean,30,top5_either,15,SIEMENS,long,-0.0461502154256812,-0.0461502154256812,LONG: vs_ma200 <= -0.06726 AND r2d <= -0.0222 AND sec_3d <= -0.01335
mean,30,top5_either,15,MOTHERSON,long,-0.0298103310652173,-0.0298103310652173,LONG: vs_ma200 <= -0.06726 AND r2d <= -0.0222 AND sec_3d <= -0.01335
mean,30,top5_either,15,HAVELLS,long,0.0320129091352185,0.0320129091352185,LONG: vs_ma200 <= -0.02797 AND maxabs5 >= 0.03404 AND pre5_vs_own <= -0.03207
mean,30,top5_either,15,JIOFIN,long,0.0122727364826106,0.0122727364826106,LONG: vs_ma200 <= -0.02797 AND maxabs5 >= 0.03404 AND pre5_vs_own <= -0.03207
mean,30,top5_either,15,SUPREMEIND,long,-0.0854556653877933,-0.0854556653877933,LONG: vs_ma200 <= -0.02797 AND maxabs5 >= 0.03404 AND pre5_vs_own <= -0.03207
mean,30,top5_either,15,SHRIRAMFIN,long,-0.0128929619833892,-0.0128929619833892,LONG: vs_ma200 <= -0.02797 AND maxabs5 >= 0.03404 AND pre5_vs_own <= -0.03207
mean,30,top5_either,15,LODHA,long,0.0444513651320068,0.0444513651320068,LONG: vs_ma200 <= -0.02797 AND maxabs5 >= 0.03404 AND pre5_vs_own <= -0.03207
mean,30,top5_either,15,CGPOWER,long,0.0134797757649079,0.0134797757649079,LONG: vs_ma200 <= -0.02797 AND maxabs5 >= 0.03404 AND pre5_vs_own <= -0.03207
mean,30,top5_either,15,JSWENERGY,long,-0.1328434330999338,-0.1328434330999338,LONG: vs_ma200 <= -0.02797 AND maxabs5 >= 0.03404 AND pre5_vs_own <= -0.03207
mean,30,top5_either,15,CAMS,long,-0.0408274082784769,0.0371720340394525,LONG: vs_ma200 <= -0.02797 AND maxabs5 >= 0.03404 AND pre5_vs_own <= -0.03207
mean,30,top5_either,15,GAIL,long,0.065862319302592,0.065862319302592,LONG: vs_ma200 <= -0.02797 AND maxabs5 >= 0.03404 AND pre5_vs_own <= -0.03207
mean,30,top5_either,15,JINDALSTEL,long,-0.0588840102981621,-0.0588840102981621,LONG: vs_ma200 <= -0.02797 AND maxabs5 >= 0.03404 AND pre5_vs_own <= -0.03207
mean,30,top5_either,15,KALYANKJIL,long,0.1480940309520386,0.1480940309520386,LONG: vs_ma200 <= -0.02797 AND maxabs5 >= 0.03404 AND pre5_vs_own <= -0.03207
mean,30,top5_either,15,PRESTIGE,long,0.0681539240907749,0.0372118637400677,LONG: vs_ma200 <= -0.02797 AND maxabs5 >= 0.03404 AND pre5_vs_own <= -0.03207
mean,30,top5_either,15,RECLTD,long,0.032568893618025,0.0301860301860301,LONG: vs_ma200 <= -0.02797 AND maxabs5 >= 0.03404 AND pre5_vs_own <= -0.03207
mean,30,top5_either,15,MOTHERSON,long,-0.0298103310652173,-0.0298103310652173,LONG: vs_ma200 <= -0.02797 AND maxabs5 >= 0.03404 AND pre5_vs_own <= -0.03207
mean,30,top5_either,15,ANGELONE,long,-0.1005406875277945,-0.1005406875277945,LONG: nifty_1w <= -0.01505 AND dist_20h <= -0.08467 AND cal_days >= 3
mean,30,top5_either,15,HDFCAMC,long,0.052493140234171,0.052493140234171,LONG: nifty_1w <= -0.01505 AND dist_20h <= -0.08467 AND cal_days >= 3
mean,30,top5_either,15,ABB,long,-0.0560872561493412,-0.0560872561493412,LONG: nifty_1w <= -0.01505 AND dist_20h <= -0.08467 AND cal_days >= 3
mean,60,best_either,15,ANGELONE,long,-0.1005406875277945,-0.1005406875277945,LONG: r1w <= -0.02873 AND vol60 >= 0.2972 AND sec_d0 <= -0.001358
mean,60,best_either,15,JIOFIN,long,0.0122727364826106,0.0122727364826106,LONG: r1w <= -0.02873 AND vol60 >= 0.2972 AND sec_d0 <= -0.001358
mean,60,best_either,15,BHEL,long,0.0014439687719129,0.0014439687719129,LONG: r1w <= -0.02873 AND vol60 >= 0.2972 AND sec_d0 <= -0.001358
mean,60,best_either,15,CGPOWER,long,0.0134797757649079,0.0134797757649079,LONG: r1w <= -0.02873 AND vol60 >= 0.2972 AND sec_d0 <= -0.001358
mean,60,best_either,15,GMRAIRPORT,long,-0.00309337598775,-0.00309337598775,LONG: r1w <= -0.02873 AND vol60 >= 0.2972 AND sec_d0 <= -0.001358
mean,60,best_either,15,JSWENERGY,long,-0.1328434330999338,-0.1328434330999338,LONG: r1w <= -0.02873 AND vol60 >= 0.2972 AND sec_d0 <= -0.001358
mean,60,best_either,15,CAMS,long,-0.0408274082784769,0.0371720340394525,LONG: r1w <= -0.02873 AND vol60 >= 0.2972 AND sec_d0 <= -0.001358
mean,60,best_either,15,VOLTAS,long,-0.1001783186215534,0.0387539112136001,LONG: r1w <= -0.02873 AND vol60 >= 0.2972 AND sec_d0 <= -0.001358
mean,60,best_either,15,BEL,long,0.1277478595112917,0.0346563407550821,LONG: r1w <= -0.02873 AND vol60 >= 0.2972 AND sec_d0 <= -0.001358
mean,60,best_either,15,GAIL,long,0.065862319302592,0.065862319302592,LONG: r1w <= -0.02873 AND vol60 >= 0.2972 AND sec_d0 <= -0.001358
mean,60,best_either,15,KALYANKJIL,long,0.1480940309520386,0.1480940309520386,LONG: r1w <= -0.02873 AND vol60 >= 0.2972 AND sec_d0 <= -0.001358
mean,60,best_either,15,JUBLFOOD,long,-0.0221232592056328,-0.0221232592056328,LONG: r1w <= -0.02873 AND vol60 >= 0.2972 AND sec_d0 <= -0.001358
mean,60,best_either,15,MOTHERSON,long,-0.0298103310652173,-0.0298103310652173,LONG: r1w <= -0.02873 AND vol60 >= 0.2972 AND sec_d0 <= -0.001358
mean,60,best_long,15,ANGELONE,long,-0.1005406875277945,-0.1005406875277945,LONG: r1w <= -0.02873 AND vol60 >= 0.2972 AND sec_d0 <= -0.001358
mean,60,best_long,15,JIOFIN,long,0.0122727364826106,0.0122727364826106,LONG: r1w <= -0.02873 AND vol60 >= 0.2972 AND sec_d0 <= -0.001358
mean,60,best_long,15,BHEL,long,0.0014439687719129,0.0014439687719129,LONG: r1w <= -0.02873 AND vol60 >= 0.2972 AND sec_d0 <= -0.001358
mean,60,best_long,15,CGPOWER,long,0.0134797757649079,0.0134797757649079,LONG: r1w <= -0.02873 AND vol60 >= 0.2972 AND sec_d0 <= -0.001358
mean,60,best_long,15,GMRAIRPORT,long,-0.00309337598775,-0.00309337598775,LONG: r1w <= -0.02873 AND vol60 >= 0.2972 AND sec_d0 <= -0.001358
mean,60,best_long,15,JSWENERGY,long,-0.1328434330999338,-0.1328434330999338,LONG: r1w <= -0.02873 AND vol60 >= 0.2972 AND sec_d0 <= -0.001358
mean,60,best_long,15,CAMS,long,-0.0408274082784769,0.0371720340394525,LONG: r1w <= -0.02873 AND vol60 >= 0.2972 AND sec_d0 <= -0.001358
mean,60,best_long,15,VOLTAS,long,-0.1001783186215534,0.0387539112136001,LONG: r1w <= -0.02873 AND vol60 >= 0.2972 AND sec_d0 <= -0.001358
mean,60,best_long,15,BEL,long,0.1277478595112917,0.0346563407550821,LONG: r1w <= -0.02873 AND vol60 >= 0.2972 AND sec_d0 <= -0.001358
mean,60,best_long,15,GAIL,long,0.065862319302592,0.065862319302592,LONG: r1w <= -0.02873 AND vol60 >= 0.2972 AND sec_d0 <= -0.001358
mean,60,best_long,15,KALYANKJIL,long,0.1480940309520386,0.1480940309520386,LONG: r1w <= -0.02873 AND vol60 >= 0.2972 AND sec_d0 <= -0.001358
mean,60,best_long,15,JUBLFOOD,long,-0.0221232592056328,-0.0221232592056328,LONG: r1w <= -0.02873 AND vol60 >= 0.2972 AND sec_d0 <= -0.001358
mean,60,best_long,15,MOTHERSON,long,-0.0298103310652173,-0.0298103310652173,LONG: r1w <= -0.02873 AND vol60 >= 0.2972 AND sec_d0 <= -0.001358
mean,60,best_short,15,SUPREMEIND,short,0.0854556653877933,,SHORT: iv_vs_realised >= 1.182 AND days_after_quarter_end <= 26 AND d2 >= -0.01582
mean,60,best_short,15,PERSISTENT,short,-0.0382770646226188,,SHORT: iv_vs_realised >= 1.182 AND days_after_quarter_end <= 26 AND d2 >= -0.01582
mean,60,best_short,15,POLYCAB,short,0.0826374022758282,,SHORT: iv_vs_realised >= 1.182 AND days_after_quarter_end <= 26 AND d2 >= -0.01582
mean,60,best_short,15,COFORGE,short,-0.1178404018941813,,SHORT: iv_vs_realised >= 1.182 AND days_after_quarter_end <= 26 AND d2 >= -0.01582
mean,60,best_short,15,HINDPETRO,short,0.0467557487611063,,SHORT: iv_vs_realised >= 1.182 AND days_after_quarter_end <= 26 AND d2 >= -0.01582
mean,60,best_short,15,INDIGO,short,-0.0406184882079196,,SHORT: iv_vs_realised >= 1.182 AND days_after_quarter_end <= 26 AND d2 >= -0.01582
mean,60,top5_either,15,ANGELONE,long,-0.1005406875277945,-0.1005406875277945,LONG: r1w <= -0.02873 AND vol60 >= 0.2972 AND sec_d0 <= -0.001358
mean,60,top5_either,15,JIOFIN,long,0.0122727364826106,0.0122727364826106,LONG: r1w <= -0.02873 AND vol60 >= 0.2972 AND sec_d0 <= -0.001358
mean,60,top5_either,15,BHEL,long,0.0014439687719129,0.0014439687719129,LONG: r1w <= -0.02873 AND vol60 >= 0.2972 AND sec_d0 <= -0.001358
mean,60,top5_either,15,CGPOWER,long,0.0134797757649079,0.0134797757649079,LONG: r1w <= -0.02873 AND vol60 >= 0.2972 AND sec_d0 <= -0.001358
mean,60,top5_either,15,GMRAIRPORT,long,-0.00309337598775,-0.00309337598775,LONG: r1w <= -0.02873 AND vol60 >= 0.2972 AND sec_d0 <= -0.001358
mean,60,top5_either,15,JSWENERGY,long,-0.1328434330999338,-0.1328434330999338,LONG: r1w <= -0.02873 AND vol60 >= 0.2972 AND sec_d0 <= -0.001358
mean,60,top5_either,15,CAMS,long,-0.0408274082784769,0.0371720340394525,LONG: r1w <= -0.02873 AND vol60 >= 0.2972 AND sec_d0 <= -0.001358
mean,60,top5_either,15,VOLTAS,long,-0.1001783186215534,0.0387539112136001,LONG: r1w <= -0.02873 AND vol60 >= 0.2972 AND sec_d0 <= -0.001358
mean,60,top5_either,15,BEL,long,0.1277478595112917,0.0346563407550821,LONG: r1w <= -0.02873 AND vol60 >= 0.2972 AND sec_d0 <= -0.001358
mean,60,top5_either,15,GAIL,long,0.065862319302592,0.065862319302592,LONG: r1w <= -0.02873 AND vol60 >= 0.2972 AND sec_d0 <= -0.001358
mean,60,top5_either,15,KALYANKJIL,long,0.1480940309520386,0.1480940309520386,LONG: r1w <= -0.02873 AND vol60 >= 0.2972 AND sec_d0 <= -0.001358
mean,60,top5_either,15,JUBLFOOD,long,-0.0221232592056328,-0.0221232592056328,LONG: r1w <= -0.02873 AND vol60 >= 0.2972 AND sec_d0 <= -0.001358
mean,60,top5_either,15,MOTHERSON,long,-0.0298103310652173,-0.0298103310652173,LONG: r1w <= -0.02873 AND vol60 >= 0.2972 AND sec_d0 <= -0.001358
mean,60,top5_either,15,CAMS,long,-0.0408274082784769,0.0371720340394525,LONG: days_after_quarter_end >= 26 AND r10d <= -0.07607 AND z5 <= 0.168
mean,60,top5_either,15,VOLTAS,long,-0.1001783186215534,0.0387539112136001,LONG: days_after_quarter_end >= 26 AND r10d <= -0.07607 AND z5 <= 0.168
mean,60,top5_either,15,KALYANKJIL,long,0.1480940309520386,0.1480940309520386,LONG: days_after_quarter_end >= 26 AND r10d <= -0.07607 AND z5 <= 0.168
mean,60,top5_either,15,PRESTIGE,long,0.0681539240907749,0.0372118637400677,LONG: days_after_quarter_end >= 26 AND r10d <= -0.07607 AND z5 <= 0.168
mean,60,top5_either,15,CAMS,long,-0.0408274082784769,0.0371720340394525,LONG: r1w <= 0.007933 AND days_after_quarter_end >= 26 AND r10d <= -0.07607
mean,60,top5_either,15,VOLTAS,long,-0.1001783186215534,0.0387539112136001,LONG: r1w <= 0.007933 AND days_after_quarter_end >= 26 AND r10d <= -0.07607
mean,60,top5_either,15,KALYANKJIL,long,0.1480940309520386,0.1480940309520386,LONG: r1w <= 0.007933 AND days_after_quarter_end >= 26 AND r10d <= -0.07607
mean,60,top5_either,15,PRESTIGE,long,0.0681539240907749,0.0372118637400677,LONG: r1w <= 0.007933 AND days_after_quarter_end >= 26 AND r10d <= -0.07607
mean,60,top5_either,15,CAMS,long,-0.0408274082784769,0.0371720340394525,LONG: days_after_quarter_end >= 26 AND r10d <= -0.07607 AND z5 <= 0.3652
mean,60,top5_either,15,VOLTAS,long,-0.1001783186215534,0.0387539112136001,LONG: days_after_quarter_end >= 26 AND r10d <= -0.07607 AND z5 <= 0.3652
mean,60,top5_either,15,KALYANKJIL,long,0.1480940309520386,0.1480940309520386,LONG: days_after_quarter_end >= 26 AND r10d <= -0.07607 AND z5 <= 0.3652
mean,60,top5_either,15,PRESTIGE,long,0.0681539240907749,0.0372118637400677,LONG: days_after_quarter_end >= 26 AND r10d <= -0.07607 AND z5 <= 0.3652
mean,60,top5_either,15,CAMS,long,-0.0408274082784769,0.0371720340394525,LONG: r1w <= 0.01406 AND days_after_quarter_end >= 26 AND r10d <= -0.07607
mean,60,top5_either,15,VOLTAS,long,-0.1001783186215534,0.0387539112136001,LONG: r1w <= 0.01406 AND days_after_quarter_end >= 26 AND r10d <= -0.07607
mean,60,top5_either,15,KALYANKJIL,long,0.1480940309520386,0.1480940309520386,LONG: r1w <= 0.01406 AND days_after_quarter_end >= 26 AND r10d <= -0.07607
mean,60,top5_either,15,PRESTIGE,long,0.0681539240907749,0.0372118637400677,LONG: r1w <= 0.01406 AND days_after_quarter_end >= 26 AND r10d <= -0.07607
fpos,15,best_either,15,HAVELLS,long,0.0320129091352185,0.0320129091352185,LONG: r1w <= -0.03859 AND r6m <= -0.1399 AND own_rd >= -0.006116
fpos,15,best_either,15,JIOFIN,long,0.0122727364826106,0.0122727364826106,LONG: r1w <= -0.03859 AND r6m <= -0.1399 AND own_rd >= -0.006116
fpos,15,best_either,15,SUPREMEIND,long,-0.0854556653877933,-0.0854556653877933,LONG: r1w <= -0.03859 AND r6m <= -0.1399 AND own_rd >= -0.006116
fpos,15,best_either,15,LODHA,long,0.0444513651320068,0.0444513651320068,LONG: r1w <= -0.03859 AND r6m <= -0.1399 AND own_rd >= -0.006116
fpos,15,best_either,15,BHEL,long,0.0014439687719129,0.0014439687719129,LONG: r1w <= -0.03859 AND r6m <= -0.1399 AND own_rd >= -0.006116
fpos,15,best_either,15,CGPOWER,long,0.0134797757649079,0.0134797757649079,LONG: r1w <= -0.03859 AND r6m <= -0.1399 AND own_rd >= -0.006116
fpos,15,best_either,15,JSWENERGY,long,-0.1328434330999338,-0.1328434330999338,LONG: r1w <= -0.03859 AND r6m <= -0.1399 AND own_rd >= -0.006116
fpos,15,best_either,15,ADANIENT,long,0.0013994677103847,0.0013994677103847,LONG: r1w <= -0.03859 AND r6m <= -0.1399 AND own_rd >= -0.006116
fpos,15,best_either,15,BEL,long,0.1277478595112917,0.0346563407550821,LONG: r1w <= -0.03859 AND r6m <= -0.1399 AND own_rd >= -0.006116
fpos,15,best_either,15,MOTHERSON,long,-0.0298103310652173,-0.0298103310652173,LONG: r1w <= -0.03859 AND r6m <= -0.1399 AND own_rd >= -0.006116
fpos,15,best_either,15,ABB,long,-0.0560872561493412,-0.0560872561493412,LONG: r1w <= -0.03859 AND r6m <= -0.1399 AND own_rd >= -0.006116
fpos,15,best_long,15,HAVELLS,long,0.0320129091352185,0.0320129091352185,LONG: r1w <= -0.03859 AND r6m <= -0.1399 AND own_rd >= -0.006116
fpos,15,best_long,15,JIOFIN,long,0.0122727364826106,0.0122727364826106,LONG: r1w <= -0.03859 AND r6m <= -0.1399 AND own_rd >= -0.006116
fpos,15,best_long,15,SUPREMEIND,long,-0.0854556653877933,-0.0854556653877933,LONG: r1w <= -0.03859 AND r6m <= -0.1399 AND own_rd >= -0.006116
fpos,15,best_long,15,LODHA,long,0.0444513651320068,0.0444513651320068,LONG: r1w <= -0.03859 AND r6m <= -0.1399 AND own_rd >= -0.006116
fpos,15,best_long,15,BHEL,long,0.0014439687719129,0.0014439687719129,LONG: r1w <= -0.03859 AND r6m <= -0.1399 AND own_rd >= -0.006116
fpos,15,best_long,15,CGPOWER,long,0.0134797757649079,0.0134797757649079,LONG: r1w <= -0.03859 AND r6m <= -0.1399 AND own_rd >= -0.006116
fpos,15,best_long,15,JSWENERGY,long,-0.1328434330999338,-0.1328434330999338,LONG: r1w <= -0.03859 AND r6m <= -0.1399 AND own_rd >= -0.006116
fpos,15,best_long,15,ADANIENT,long,0.0013994677103847,0.0013994677103847,LONG: r1w <= -0.03859 AND r6m <= -0.1399 AND own_rd >= -0.006116
fpos,15,best_long,15,BEL,long,0.1277478595112917,0.0346563407550821,LONG: r1w <= -0.03859 AND r6m <= -0.1399 AND own_rd >= -0.006116
fpos,15,best_long,15,MOTHERSON,long,-0.0298103310652173,-0.0298103310652173,LONG: r1w <= -0.03859 AND r6m <= -0.1399 AND own_rd >= -0.006116
fpos,15,best_long,15,ABB,long,-0.0560872561493412,-0.0560872561493412,LONG: r1w <= -0.03859 AND r6m <= -0.1399 AND own_rd >= -0.006116
fpos,15,best_short,15,DIXON,short,0.1012317321737206,,SHORT: r5y >= 2.467 AND intra0 <= 0.01299 AND pre5_vs_own >= -0.001563
fpos,15,best_short,15,POLYCAB,short,0.0826374022758282,,SHORT: r5y >= 2.467 AND intra0 <= 0.01299 AND pre5_vs_own >= -0.001563
fpos,15,best_short,15,TIINDIA,short,0.0695881985111893,,SHORT: r5y >= 2.467 AND intra0 <= 0.01299 AND pre5_vs_own >= -0.001563
fpos,15,best_short,15,TRENT,short,0.0486983651886482,,SHORT: r5y >= 2.467 AND intra0 <= 0.01299 AND pre5_vs_own >= -0.001563
fpos,15,best_short,15,VBL,short,0.0869216815850463,,SHORT: r5y >= 2.467 AND intra0 <= 0.01299 AND pre5_vs_own >= -0.001563
fpos,15,best_short,15,SIEMENS,short,0.0461502154256812,,SHORT: r5y >= 2.467 AND intra0 <= 0.01299 AND pre5_vs_own >= -0.001563
fpos,15,top5_either,15,HAVELLS,long,0.0320129091352185,0.0320129091352185,LONG: r1w <= -0.03859 AND r6m <= -0.1399 AND own_rd >= -0.006116
fpos,15,top5_either,15,JIOFIN,long,0.0122727364826106,0.0122727364826106,LONG: r1w <= -0.03859 AND r6m <= -0.1399 AND own_rd >= -0.006116
fpos,15,top5_either,15,SUPREMEIND,long,-0.0854556653877933,-0.0854556653877933,LONG: r1w <= -0.03859 AND r6m <= -0.1399 AND own_rd >= -0.006116
fpos,15,top5_either,15,LODHA,long,0.0444513651320068,0.0444513651320068,LONG: r1w <= -0.03859 AND r6m <= -0.1399 AND own_rd >= -0.006116
fpos,15,top5_either,15,BHEL,long,0.0014439687719129,0.0014439687719129,LONG: r1w <= -0.03859 AND r6m <= -0.1399 AND own_rd >= -0.006116
fpos,15,top5_either,15,CGPOWER,long,0.0134797757649079,0.0134797757649079,LONG: r1w <= -0.03859 AND r6m <= -0.1399 AND own_rd >= -0.006116
fpos,15,top5_either,15,JSWENERGY,long,-0.1328434330999338,-0.1328434330999338,LONG: r1w <= -0.03859 AND r6m <= -0.1399 AND own_rd >= -0.006116
fpos,15,top5_either,15,ADANIENT,long,0.0013994677103847,0.0013994677103847,LONG: r1w <= -0.03859 AND r6m <= -0.1399 AND own_rd >= -0.006116
fpos,15,top5_either,15,BEL,long,0.1277478595112917,0.0346563407550821,LONG: r1w <= -0.03859 AND r6m <= -0.1399 AND own_rd >= -0.006116
fpos,15,top5_either,15,MOTHERSON,long,-0.0298103310652173,-0.0298103310652173,LONG: r1w <= -0.03859 AND r6m <= -0.1399 AND own_rd >= -0.006116
fpos,15,top5_either,15,ABB,long,-0.0560872561493412,-0.0560872561493412,LONG: r1w <= -0.03859 AND r6m <= -0.1399 AND own_rd >= -0.006116
fpos,15,top5_either,15,JIOFIN,long,0.0122727364826106,0.0122727364826106,LONG: r6m <= -0.07817 AND sector_3m >= -0.1096 AND pre5_vs_own <= -0.07791
fpos,15,top5_either,15,GAIL,long,0.065862319302592,0.065862319302592,LONG: r6m <= -0.07817 AND sector_3m >= -0.1096 AND pre5_vs_own <= -0.07791
fpos,15,top5_either,15,KALYANKJIL,long,0.1480940309520386,0.1480940309520386,LONG: r6m <= -0.07817 AND sector_3m >= -0.1096 AND pre5_vs_own <= -0.07791
fpos,15,top5_either,15,PRESTIGE,long,0.0681539240907749,0.0372118637400677,LONG: r6m <= -0.07817 AND sector_3m >= -0.1096 AND pre5_vs_own <= -0.07791
fpos,15,top5_either,15,JIOFIN,long,0.0122727364826106,0.0122727364826106,LONG: r1w <= -0.08161 AND r6m <= -0.07817 AND vs_ma50 <= -0.09476
fpos,15,top5_either,15,KALYANKJIL,long,0.1480940309520386,0.1480940309520386,LONG: r1w <= -0.08161 AND r6m <= -0.07817 AND vs_ma50 <= -0.09476
fpos,15,top5_either,15,PRESTIGE,long,0.0681539240907749,0.0372118637400677,LONG: r1w <= -0.08161 AND r6m <= -0.07817 AND vs_ma50 <= -0.09476
fpos,15,top5_either,15,SUPREMEIND,long,-0.0854556653877933,-0.0854556653877933,LONG: r6m <= -0.1399 AND intra0 <= -0.02145 AND own_dm1 <= 0.007995
fpos,15,top5_either,15,BHEL,long,0.0014439687719129,0.0014439687719129,LONG: r6m <= -0.1399 AND intra0 <= -0.02145 AND own_dm1 <= 0.007995
fpos,15,top5_either,15,GMRAIRPORT,long,-0.00309337598775,-0.00309337598775,LONG: r6m <= -0.1399 AND intra0 <= -0.02145 AND own_dm1 <= 0.007995
fpos,15,top5_either,15,CUMMINSIND,long,0.095331096025369,0.0565779242418633,LONG: r6m <= -0.1399 AND intra0 <= -0.02145 AND own_dm1 <= 0.007995
fpos,15,top5_either,15,JIOFIN,long,0.0122727364826106,0.0122727364826106,LONG: vs_ma200 <= -0.1095 AND sector_3m >= -0.1096 AND pre5_vs_own <= -0.07791
fpos,15,top5_either,15,VOLTAS,long,-0.1001783186215534,0.0387539112136001,LONG: vs_ma200 <= -0.1095 AND sector_3m >= -0.1096 AND pre5_vs_own <= -0.07791
fpos,15,top5_either,15,GAIL,long,0.065862319302592,0.065862319302592,LONG: vs_ma200 <= -0.1095 AND sector_3m >= -0.1096 AND pre5_vs_own <= -0.07791
fpos,15,top5_either,15,KALYANKJIL,long,0.1480940309520386,0.1480940309520386,LONG: vs_ma200 <= -0.1095 AND sector_3m >= -0.1096 AND pre5_vs_own <= -0.07791
fpos,15,top5_either,15,PRESTIGE,long,0.0681539240907749,0.0372118637400677,LONG: vs_ma200 <= -0.1095 AND sector_3m >= -0.1096 AND pre5_vs_own <= -0.07791
fpos,30,best_either,15,HAVELLS,long,0.0320129091352185,0.0320129091352185,LONG: vs_ma200 <= -0.02797 AND maxabs5 >= 0.03404 AND pre5_vs_own <= -0.03207
fpos,30,best_either,15,JIOFIN,long,0.0122727364826106,0.0122727364826106,LONG: vs_ma200 <= -0.02797 AND maxabs5 >= 0.03404 AND pre5_vs_own <= -0.03207
fpos,30,best_either,15,SUPREMEIND,long,-0.0854556653877933,-0.0854556653877933,LONG: vs_ma200 <= -0.02797 AND maxabs5 >= 0.03404 AND pre5_vs_own <= -0.03207
fpos,30,best_either,15,SHRIRAMFIN,long,-0.0128929619833892,-0.0128929619833892,LONG: vs_ma200 <= -0.02797 AND maxabs5 >= 0.03404 AND pre5_vs_own <= -0.03207
fpos,30,best_either,15,LODHA,long,0.0444513651320068,0.0444513651320068,LONG: vs_ma200 <= -0.02797 AND maxabs5 >= 0.03404 AND pre5_vs_own <= -0.03207
fpos,30,best_either,15,CGPOWER,long,0.0134797757649079,0.0134797757649079,LONG: vs_ma200 <= -0.02797 AND maxabs5 >= 0.03404 AND pre5_vs_own <= -0.03207
fpos,30,best_either,15,JSWENERGY,long,-0.1328434330999338,-0.1328434330999338,LONG: vs_ma200 <= -0.02797 AND maxabs5 >= 0.03404 AND pre5_vs_own <= -0.03207
fpos,30,best_either,15,CAMS,long,-0.0408274082784769,0.0371720340394525,LONG: vs_ma200 <= -0.02797 AND maxabs5 >= 0.03404 AND pre5_vs_own <= -0.03207
fpos,30,best_either,15,GAIL,long,0.065862319302592,0.065862319302592,LONG: vs_ma200 <= -0.02797 AND maxabs5 >= 0.03404 AND pre5_vs_own <= -0.03207
fpos,30,best_either,15,JINDALSTEL,long,-0.0588840102981621,-0.0588840102981621,LONG: vs_ma200 <= -0.02797 AND maxabs5 >= 0.03404 AND pre5_vs_own <= -0.03207
fpos,30,best_either,15,KALYANKJIL,long,0.1480940309520386,0.1480940309520386,LONG: vs_ma200 <= -0.02797 AND maxabs5 >= 0.03404 AND pre5_vs_own <= -0.03207
fpos,30,best_either,15,PRESTIGE,long,0.0681539240907749,0.0372118637400677,LONG: vs_ma200 <= -0.02797 AND maxabs5 >= 0.03404 AND pre5_vs_own <= -0.03207
fpos,30,best_either,15,RECLTD,long,0.032568893618025,0.0301860301860301,LONG: vs_ma200 <= -0.02797 AND maxabs5 >= 0.03404 AND pre5_vs_own <= -0.03207
fpos,30,best_either,15,MOTHERSON,long,-0.0298103310652173,-0.0298103310652173,LONG: vs_ma200 <= -0.02797 AND maxabs5 >= 0.03404 AND pre5_vs_own <= -0.03207
fpos,30,best_long,15,HAVELLS,long,0.0320129091352185,0.0320129091352185,LONG: vs_ma200 <= -0.02797 AND maxabs5 >= 0.03404 AND pre5_vs_own <= -0.03207
fpos,30,best_long,15,JIOFIN,long,0.0122727364826106,0.0122727364826106,LONG: vs_ma200 <= -0.02797 AND maxabs5 >= 0.03404 AND pre5_vs_own <= -0.03207
fpos,30,best_long,15,SUPREMEIND,long,-0.0854556653877933,-0.0854556653877933,LONG: vs_ma200 <= -0.02797 AND maxabs5 >= 0.03404 AND pre5_vs_own <= -0.03207
fpos,30,best_long,15,SHRIRAMFIN,long,-0.0128929619833892,-0.0128929619833892,LONG: vs_ma200 <= -0.02797 AND maxabs5 >= 0.03404 AND pre5_vs_own <= -0.03207
fpos,30,best_long,15,LODHA,long,0.0444513651320068,0.0444513651320068,LONG: vs_ma200 <= -0.02797 AND maxabs5 >= 0.03404 AND pre5_vs_own <= -0.03207
fpos,30,best_long,15,CGPOWER,long,0.0134797757649079,0.0134797757649079,LONG: vs_ma200 <= -0.02797 AND maxabs5 >= 0.03404 AND pre5_vs_own <= -0.03207
fpos,30,best_long,15,JSWENERGY,long,-0.1328434330999338,-0.1328434330999338,LONG: vs_ma200 <= -0.02797 AND maxabs5 >= 0.03404 AND pre5_vs_own <= -0.03207
fpos,30,best_long,15,CAMS,long,-0.0408274082784769,0.0371720340394525,LONG: vs_ma200 <= -0.02797 AND maxabs5 >= 0.03404 AND pre5_vs_own <= -0.03207
fpos,30,best_long,15,GAIL,long,0.065862319302592,0.065862319302592,LONG: vs_ma200 <= -0.02797 AND maxabs5 >= 0.03404 AND pre5_vs_own <= -0.03207
fpos,30,best_long,15,JINDALSTEL,long,-0.0588840102981621,-0.0588840102981621,LONG: vs_ma200 <= -0.02797 AND maxabs5 >= 0.03404 AND pre5_vs_own <= -0.03207
fpos,30,best_long,15,KALYANKJIL,long,0.1480940309520386,0.1480940309520386,LONG: vs_ma200 <= -0.02797 AND maxabs5 >= 0.03404 AND pre5_vs_own <= -0.03207
fpos,30,best_long,15,PRESTIGE,long,0.0681539240907749,0.0372118637400677,LONG: vs_ma200 <= -0.02797 AND maxabs5 >= 0.03404 AND pre5_vs_own <= -0.03207
fpos,30,best_long,15,RECLTD,long,0.032568893618025,0.0301860301860301,LONG: vs_ma200 <= -0.02797 AND maxabs5 >= 0.03404 AND pre5_vs_own <= -0.03207
fpos,30,best_long,15,MOTHERSON,long,-0.0298103310652173,-0.0298103310652173,LONG: vs_ma200 <= -0.02797 AND maxabs5 >= 0.03404 AND pre5_vs_own <= -0.03207
fpos,30,best_short,15,LTM,short,-0.0242852251812911,,SHORT: r3m <= 0.005672 AND sec_vs_nifty_3m >= 0.0131 AND z5 >= -0.2736
fpos,30,best_short,15,ETERNAL,short,0.1129599035749141,,SHORT: r3m <= 0.005672 AND sec_vs_nifty_3m >= 0.0131 AND z5 >= -0.2736
fpos,30,best_short,15,POLICYBZR,short,-0.0513562897855546,,SHORT: r3m <= 0.005672 AND sec_vs_nifty_3m >= 0.0131 AND z5 >= -0.2736
fpos,30,best_short,15,NAUKRI,short,-0.0426143387726311,,SHORT: r3m <= 0.005672 AND sec_vs_nifty_3m >= 0.0131 AND z5 >= -0.2736
fpos,30,top5_either,15,HAVELLS,long,0.0320129091352185,0.0320129091352185,LONG: vs_ma200 <= -0.02797 AND maxabs5 >= 0.03404 AND pre5_vs_own <= -0.03207
fpos,30,top5_either,15,JIOFIN,long,0.0122727364826106,0.0122727364826106,LONG: vs_ma200 <= -0.02797 AND maxabs5 >= 0.03404 AND pre5_vs_own <= -0.03207
fpos,30,top5_either,15,SUPREMEIND,long,-0.0854556653877933,-0.0854556653877933,LONG: vs_ma200 <= -0.02797 AND maxabs5 >= 0.03404 AND pre5_vs_own <= -0.03207
fpos,30,top5_either,15,SHRIRAMFIN,long,-0.0128929619833892,-0.0128929619833892,LONG: vs_ma200 <= -0.02797 AND maxabs5 >= 0.03404 AND pre5_vs_own <= -0.03207
fpos,30,top5_either,15,LODHA,long,0.0444513651320068,0.0444513651320068,LONG: vs_ma200 <= -0.02797 AND maxabs5 >= 0.03404 AND pre5_vs_own <= -0.03207
fpos,30,top5_either,15,CGPOWER,long,0.0134797757649079,0.0134797757649079,LONG: vs_ma200 <= -0.02797 AND maxabs5 >= 0.03404 AND pre5_vs_own <= -0.03207
fpos,30,top5_either,15,JSWENERGY,long,-0.1328434330999338,-0.1328434330999338,LONG: vs_ma200 <= -0.02797 AND maxabs5 >= 0.03404 AND pre5_vs_own <= -0.03207
fpos,30,top5_either,15,CAMS,long,-0.0408274082784769,0.0371720340394525,LONG: vs_ma200 <= -0.02797 AND maxabs5 >= 0.03404 AND pre5_vs_own <= -0.03207
fpos,30,top5_either,15,GAIL,long,0.065862319302592,0.065862319302592,LONG: vs_ma200 <= -0.02797 AND maxabs5 >= 0.03404 AND pre5_vs_own <= -0.03207
fpos,30,top5_either,15,JINDALSTEL,long,-0.0588840102981621,-0.0588840102981621,LONG: vs_ma200 <= -0.02797 AND maxabs5 >= 0.03404 AND pre5_vs_own <= -0.03207
fpos,30,top5_either,15,KALYANKJIL,long,0.1480940309520386,0.1480940309520386,LONG: vs_ma200 <= -0.02797 AND maxabs5 >= 0.03404 AND pre5_vs_own <= -0.03207
fpos,30,top5_either,15,PRESTIGE,long,0.0681539240907749,0.0372118637400677,LONG: vs_ma200 <= -0.02797 AND maxabs5 >= 0.03404 AND pre5_vs_own <= -0.03207
fpos,30,top5_either,15,RECLTD,long,0.032568893618025,0.0301860301860301,LONG: vs_ma200 <= -0.02797 AND maxabs5 >= 0.03404 AND pre5_vs_own <= -0.03207
fpos,30,top5_either,15,MOTHERSON,long,-0.0298103310652173,-0.0298103310652173,LONG: vs_ma200 <= -0.02797 AND maxabs5 >= 0.03404 AND pre5_vs_own <= -0.03207
fpos,30,top5_either,15,JIOFIN,long,0.0122727364826106,0.0122727364826106,LONG: r6m <= -0.1399 AND vol60 >= 0.2972 AND r3d <= -0.02246
fpos,30,top5_either,15,LODHA,long,0.0444513651320068,0.0444513651320068,LONG: r6m <= -0.1399 AND vol60 >= 0.2972 AND r3d <= -0.02246
fpos,30,top5_either,15,BHEL,long,0.0014439687719129,0.0014439687719129,LONG: r6m <= -0.1399 AND vol60 >= 0.2972 AND r3d <= -0.02246
fpos,30,top5_either,15,CGPOWER,long,0.0134797757649079,0.0134797757649079,LONG: r6m <= -0.1399 AND vol60 >= 0.2972 AND r3d <= -0.02246
fpos,30,top5_either,15,GMRAIRPORT,long,-0.00309337598775,-0.00309337598775,LONG: r6m <= -0.1399 AND vol60 >= 0.2972 AND r3d <= -0.02246
fpos,30,top5_either,15,JSWENERGY,long,-0.1328434330999338,-0.1328434330999338,LONG: r6m <= -0.1399 AND vol60 >= 0.2972 AND r3d <= -0.02246
fpos,30,top5_either,15,ADANIENT,long,0.0013994677103847,0.0013994677103847,LONG: r6m <= -0.1399 AND vol60 >= 0.2972 AND r3d <= -0.02246
fpos,30,top5_either,15,BEL,long,0.1277478595112917,0.0346563407550821,LONG: r6m <= -0.1399 AND vol60 >= 0.2972 AND r3d <= -0.02246
fpos,30,top5_either,15,GAIL,long,0.065862319302592,0.065862319302592,LONG: r6m <= -0.1399 AND vol60 >= 0.2972 AND r3d <= -0.02246
fpos,30,top5_either,15,KALYANKJIL,long,0.1480940309520386,0.1480940309520386,LONG: r6m <= -0.1399 AND vol60 >= 0.2972 AND r3d <= -0.02246
fpos,30,top5_either,15,PRESTIGE,long,0.0681539240907749,0.0372118637400677,LONG: r6m <= -0.1399 AND vol60 >= 0.2972 AND r3d <= -0.02246
fpos,30,top5_either,15,CUMMINSIND,long,0.095331096025369,0.0565779242418633,LONG: r6m <= -0.1399 AND vol60 >= 0.2972 AND r3d <= -0.02246
fpos,30,top5_either,15,RECLTD,long,0.032568893618025,0.0301860301860301,LONG: r6m <= -0.1399 AND vol60 >= 0.2972 AND r3d <= -0.02246
fpos,30,top5_either,15,SIEMENS,long,-0.0461502154256812,-0.0461502154256812,LONG: r6m <= -0.1399 AND vol60 >= 0.2972 AND r3d <= -0.02246
fpos,30,top5_either,15,MOTHERSON,long,-0.0298103310652173,-0.0298103310652173,LONG: r6m <= -0.1399 AND vol60 >= 0.2972 AND r3d <= -0.02246
fpos,30,top5_either,15,ABB,long,-0.0560872561493412,-0.0560872561493412,LONG: r6m <= -0.1399 AND vol60 >= 0.2972 AND r3d <= -0.02246
fpos,30,top5_either,15,BHEL,long,0.0014439687719129,0.0014439687719129,LONG: vs_ma200 <= -0.173 AND sec_rank_3m <= 0.5789 AND own_dm1 >= -0.01306
fpos,30,top5_either,15,JSWENERGY,long,-0.1328434330999338,-0.1328434330999338,LONG: vs_ma200 <= -0.173 AND sec_rank_3m <= 0.5789 AND own_dm1 >= -0.01306
fpos,30,top5_either,15,GAIL,long,0.065862319302592,0.065862319302592,LONG: vs_ma200 <= -0.173 AND sec_rank_3m <= 0.5789 AND own_dm1 >= -0.01306
fpos,30,top5_either,15,KALYANKJIL,long,0.1480940309520386,0.1480940309520386,LONG: vs_ma200 <= -0.173 AND sec_rank_3m <= 0.5789 AND own_dm1 >= -0.01306
fpos,30,top5_either,15,PRESTIGE,long,0.0681539240907749,0.0372118637400677,LONG: vs_ma200 <= -0.173 AND sec_rank_3m <= 0.5789 AND own_dm1 >= -0.01306
fpos,30,top5_either,15,GODREJPROP,long,-0.0239303953755302,-0.0239303953755302,LONG: vs_ma200 <= -0.173 AND sec_rank_3m <= 0.5789 AND own_dm1 >= -0.01306
fpos,30,top5_either,15,CUMMINSIND,long,0.095331096025369,0.0565779242418633,LONG: vs_ma200 <= -0.173 AND sec_rank_3m <= 0.5789 AND own_dm1 >= -0.01306
fpos,30,top5_either,15,SIEMENS,long,-0.0461502154256812,-0.0461502154256812,LONG: vs_ma200 <= -0.173 AND sec_rank_3m <= 0.5789 AND own_dm1 >= -0.01306
fpos,30,top5_either,15,ABB,long,-0.0560872561493412,-0.0560872561493412,LONG: vs_ma200 <= -0.173 AND sec_rank_3m <= 0.5789 AND own_dm1 >= -0.01306
fpos,30,top5_either,15,CAMS,long,-0.0408274082784769,0.0371720340394525,LONG: nifty_1w <= -0.008163 AND days_after_quarter_end >= 26 AND r10d <= -0.07607
fpos,30,top5_either,15,VOLTAS,long,-0.1001783186215534,0.0387539112136001,LONG: nifty_1w <= -0.008163 AND days_after_quarter_end >= 26 AND r10d <= -0.07607
fpos,30,top5_either,15,HAVELLS,long,0.0320129091352185,0.0320129091352185,LONG: pe >= 50.07 AND nifty_d0 <= 0.009582 AND dist_20h <= -0.08467
fpos,30,top5_either,15,JIOFIN,long,0.0122727364826106,0.0122727364826106,LONG: pe >= 50.07 AND nifty_d0 <= 0.009582 AND dist_20h <= -0.08467
fpos,30,top5_either,15,ETERNAL,long,-0.1129599035749141,-0.1129599035749141,LONG: pe >= 50.07 AND nifty_d0 <= 0.009582 AND dist_20h <= -0.08467
fpos,30,top5_either,15,SUPREMEIND,long,-0.0854556653877933,-0.0854556653877933,LONG: pe >= 50.07 AND nifty_d0 <= 0.009582 AND dist_20h <= -0.08467
fpos,30,top5_either,15,COFORGE,long,0.1178404018941813,0.1136920620456528,LONG: pe >= 50.07 AND nifty_d0 <= 0.009582 AND dist_20h <= -0.08467
fpos,30,top5_either,15,CDSL,long,-0.1737154538901288,-0.1737154538901288,LONG: pe >= 50.07 AND nifty_d0 <= 0.009582 AND dist_20h <= -0.08467
fpos,30,top5_either,15,LODHA,long,0.0444513651320068,0.0444513651320068,LONG: pe >= 50.07 AND nifty_d0 <= 0.009582 AND dist_20h <= -0.08467
fpos,30,top5_either,15,BHEL,long,0.0014439687719129,0.0014439687719129,LONG: pe >= 50.07 AND nifty_d0 <= 0.009582 AND dist_20h <= -0.08467
fpos,30,top5_either,15,CGPOWER,long,0.0134797757649079,0.0134797757649079,LONG: pe >= 50.07 AND nifty_d0 <= 0.009582 AND dist_20h <= -0.08467
fpos,30,top5_either,15,VOLTAS,long,-0.1001783186215534,0.0387539112136001,LONG: pe >= 50.07 AND nifty_d0 <= 0.009582 AND dist_20h <= -0.08467
fpos,30,top5_either,15,ASTRAL,long,0.0246129248221959,0.0246129248221959,LONG: pe >= 50.07 AND nifty_d0 <= 0.009582 AND dist_20h <= -0.08467
fpos,30,top5_either,15,KALYANKJIL,long,0.1480940309520386,0.1480940309520386,LONG: pe >= 50.07 AND nifty_d0 <= 0.009582 AND dist_20h <= -0.08467
fpos,30,top5_either,15,MAXHEALTH,long,0.0383383149947322,0.0383383149947322,LONG: pe >= 50.07 AND nifty_d0 <= 0.009582 AND dist_20h <= -0.08467
fpos,30,top5_either,15,POLICYBZR,long,0.0513562897855546,0.0407238442822384,LONG: pe >= 50.07 AND nifty_d0 <= 0.009582 AND dist_20h <= -0.08467
fpos,30,top5_either,15,PRESTIGE,long,0.0681539240907749,0.0372118637400677,LONG: pe >= 50.07 AND nifty_d0 <= 0.009582 AND dist_20h <= -0.08467
fpos,30,top5_either,15,SIEMENS,long,-0.0461502154256812,-0.0461502154256812,LONG: pe >= 50.07 AND nifty_d0 <= 0.009582 AND dist_20h <= -0.08467
fpos,30,top5_either,15,ABB,long,-0.0560872561493412,-0.0560872561493412,LONG: pe >= 50.07 AND nifty_d0 <= 0.009582 AND dist_20h <= -0.08467
fpos,60,best_either,15,JIOFIN,long,0.0122727364826106,0.0122727364826106,LONG: r1w <= -0.02873 AND vol60 >= 0.2972 AND vol20_60 >= 0.7694
fpos,60,best_either,15,OBEROIRLTY,long,-0.0530667069281813,-0.0530667069281813,LONG: r1w <= -0.02873 AND vol60 >= 0.2972 AND vol20_60 >= 0.7694
fpos,60,best_either,15,CDSL,long,-0.1737154538901288,-0.1737154538901288,LONG: r1w <= -0.02873 AND vol60 >= 0.2972 AND vol20_60 >= 0.7694
fpos,60,best_either,15,LODHA,long,0.0444513651320068,0.0444513651320068,LONG: r1w <= -0.02873 AND vol60 >= 0.2972 AND vol20_60 >= 0.7694
fpos,60,best_either,15,BHEL,long,0.0014439687719129,0.0014439687719129,LONG: r1w <= -0.02873 AND vol60 >= 0.2972 AND vol20_60 >= 0.7694
fpos,60,best_either,15,CGPOWER,long,0.0134797757649079,0.0134797757649079,LONG: r1w <= -0.02873 AND vol60 >= 0.2972 AND vol20_60 >= 0.7694
fpos,60,best_either,15,GMRAIRPORT,long,-0.00309337598775,-0.00309337598775,LONG: r1w <= -0.02873 AND vol60 >= 0.2972 AND vol20_60 >= 0.7694
fpos,60,best_either,15,JSWENERGY,long,-0.1328434330999338,-0.1328434330999338,LONG: r1w <= -0.02873 AND vol60 >= 0.2972 AND vol20_60 >= 0.7694
fpos,60,best_either,15,CAMS,long,-0.0408274082784769,0.0371720340394525,LONG: r1w <= -0.02873 AND vol60 >= 0.2972 AND vol20_60 >= 0.7694
fpos,60,best_either,15,VOLTAS,long,-0.1001783186215534,0.0387539112136001,LONG: r1w <= -0.02873 AND vol60 >= 0.2972 AND vol20_60 >= 0.7694
fpos,60,best_either,15,BANKBARODA,long,-0.0376251735368601,-0.0376251735368601,LONG: r1w <= -0.02873 AND vol60 >= 0.2972 AND vol20_60 >= 0.7694
fpos,60,best_either,15,BEL,long,0.1277478595112917,0.0346563407550821,LONG: r1w <= -0.02873 AND vol60 >= 0.2972 AND vol20_60 >= 0.7694
fpos,60,best_either,15,GAIL,long,0.065862319302592,0.065862319302592,LONG: r1w <= -0.02873 AND vol60 >= 0.2972 AND vol20_60 >= 0.7694
fpos,60,best_either,15,KALYANKJIL,long,0.1480940309520386,0.1480940309520386,LONG: r1w <= -0.02873 AND vol60 >= 0.2972 AND vol20_60 >= 0.7694
fpos,60,best_either,15,MAXHEALTH,long,0.0383383149947322,0.0383383149947322,LONG: r1w <= -0.02873 AND vol60 >= 0.2972 AND vol20_60 >= 0.7694
fpos,60,best_either,15,PRESTIGE,long,0.0681539240907749,0.0372118637400677,LONG: r1w <= -0.02873 AND vol60 >= 0.2972 AND vol20_60 >= 0.7694
fpos,60,best_either,15,JUBLFOOD,long,-0.0221232592056328,-0.0221232592056328,LONG: r1w <= -0.02873 AND vol60 >= 0.2972 AND vol20_60 >= 0.7694
fpos,60,best_either,15,MOTHERSON,long,-0.0298103310652173,-0.0298103310652173,LONG: r1w <= -0.02873 AND vol60 >= 0.2972 AND vol20_60 >= 0.7694
fpos,60,best_either,15,ABB,long,-0.0560872561493412,-0.0560872561493412,LONG: r1w <= -0.02873 AND vol60 >= 0.2972 AND vol20_60 >= 0.7694
fpos,60,best_long,15,JIOFIN,long,0.0122727364826106,0.0122727364826106,LONG: r1w <= -0.02873 AND vol60 >= 0.2972 AND vol20_60 >= 0.7694
fpos,60,best_long,15,OBEROIRLTY,long,-0.0530667069281813,-0.0530667069281813,LONG: r1w <= -0.02873 AND vol60 >= 0.2972 AND vol20_60 >= 0.7694
fpos,60,best_long,15,CDSL,long,-0.1737154538901288,-0.1737154538901288,LONG: r1w <= -0.02873 AND vol60 >= 0.2972 AND vol20_60 >= 0.7694
fpos,60,best_long,15,LODHA,long,0.0444513651320068,0.0444513651320068,LONG: r1w <= -0.02873 AND vol60 >= 0.2972 AND vol20_60 >= 0.7694
fpos,60,best_long,15,BHEL,long,0.0014439687719129,0.0014439687719129,LONG: r1w <= -0.02873 AND vol60 >= 0.2972 AND vol20_60 >= 0.7694
fpos,60,best_long,15,CGPOWER,long,0.0134797757649079,0.0134797757649079,LONG: r1w <= -0.02873 AND vol60 >= 0.2972 AND vol20_60 >= 0.7694
fpos,60,best_long,15,GMRAIRPORT,long,-0.00309337598775,-0.00309337598775,LONG: r1w <= -0.02873 AND vol60 >= 0.2972 AND vol20_60 >= 0.7694
fpos,60,best_long,15,JSWENERGY,long,-0.1328434330999338,-0.1328434330999338,LONG: r1w <= -0.02873 AND vol60 >= 0.2972 AND vol20_60 >= 0.7694
fpos,60,best_long,15,CAMS,long,-0.0408274082784769,0.0371720340394525,LONG: r1w <= -0.02873 AND vol60 >= 0.2972 AND vol20_60 >= 0.7694
fpos,60,best_long,15,VOLTAS,long,-0.1001783186215534,0.0387539112136001,LONG: r1w <= -0.02873 AND vol60 >= 0.2972 AND vol20_60 >= 0.7694
fpos,60,best_long,15,BANKBARODA,long,-0.0376251735368601,-0.0376251735368601,LONG: r1w <= -0.02873 AND vol60 >= 0.2972 AND vol20_60 >= 0.7694
fpos,60,best_long,15,BEL,long,0.1277478595112917,0.0346563407550821,LONG: r1w <= -0.02873 AND vol60 >= 0.2972 AND vol20_60 >= 0.7694
fpos,60,best_long,15,GAIL,long,0.065862319302592,0.065862319302592,LONG: r1w <= -0.02873 AND vol60 >= 0.2972 AND vol20_60 >= 0.7694
fpos,60,best_long,15,KALYANKJIL,long,0.1480940309520386,0.1480940309520386,LONG: r1w <= -0.02873 AND vol60 >= 0.2972 AND vol20_60 >= 0.7694
fpos,60,best_long,15,MAXHEALTH,long,0.0383383149947322,0.0383383149947322,LONG: r1w <= -0.02873 AND vol60 >= 0.2972 AND vol20_60 >= 0.7694
fpos,60,best_long,15,PRESTIGE,long,0.0681539240907749,0.0372118637400677,LONG: r1w <= -0.02873 AND vol60 >= 0.2972 AND vol20_60 >= 0.7694
fpos,60,best_long,15,JUBLFOOD,long,-0.0221232592056328,-0.0221232592056328,LONG: r1w <= -0.02873 AND vol60 >= 0.2972 AND vol20_60 >= 0.7694
fpos,60,best_long,15,MOTHERSON,long,-0.0298103310652173,-0.0298103310652173,LONG: r1w <= -0.02873 AND vol60 >= 0.2972 AND vol20_60 >= 0.7694
fpos,60,best_long,15,ABB,long,-0.0560872561493412,-0.0560872561493412,LONG: r1w <= -0.02873 AND vol60 >= 0.2972 AND vol20_60 >= 0.7694
fpos,60,best_short,15,PERSISTENT,short,-0.0382770646226188,,SHORT: prev2_sum >= -0.07918 AND iv_vs_realised >= 1.182 AND days_after_quarter_end <= 26
fpos,60,best_short,15,COFORGE,short,-0.1178404018941813,,SHORT: prev2_sum >= -0.07918 AND iv_vs_realised >= 1.182 AND days_after_quarter_end <= 26
fpos,60,best_short,15,HINDPETRO,short,0.0467557487611063,,SHORT: prev2_sum >= -0.07918 AND iv_vs_realised >= 1.182 AND days_after_quarter_end <= 26
fpos,60,best_short,15,ICICIBANK,short,-0.0371376368858487,,SHORT: prev2_sum >= -0.07918 AND iv_vs_realised >= 1.182 AND days_after_quarter_end <= 26
fpos,60,top5_either,15,JIOFIN,long,0.0122727364826106,0.0122727364826106,LONG: r1w <= -0.02873 AND vol60 >= 0.2972 AND vol20_60 >= 0.7694
fpos,60,top5_either,15,OBEROIRLTY,long,-0.0530667069281813,-0.0530667069281813,LONG: r1w <= -0.02873 AND vol60 >= 0.2972 AND vol20_60 >= 0.7694
fpos,60,top5_either,15,CDSL,long,-0.1737154538901288,-0.1737154538901288,LONG: r1w <= -0.02873 AND vol60 >= 0.2972 AND vol20_60 >= 0.7694
fpos,60,top5_either,15,LODHA,long,0.0444513651320068,0.0444513651320068,LONG: r1w <= -0.02873 AND vol60 >= 0.2972 AND vol20_60 >= 0.7694
fpos,60,top5_either,15,BHEL,long,0.0014439687719129,0.0014439687719129,LONG: r1w <= -0.02873 AND vol60 >= 0.2972 AND vol20_60 >= 0.7694
fpos,60,top5_either,15,CGPOWER,long,0.0134797757649079,0.0134797757649079,LONG: r1w <= -0.02873 AND vol60 >= 0.2972 AND vol20_60 >= 0.7694
fpos,60,top5_either,15,GMRAIRPORT,long,-0.00309337598775,-0.00309337598775,LONG: r1w <= -0.02873 AND vol60 >= 0.2972 AND vol20_60 >= 0.7694
fpos,60,top5_either,15,JSWENERGY,long,-0.1328434330999338,-0.1328434330999338,LONG: r1w <= -0.02873 AND vol60 >= 0.2972 AND vol20_60 >= 0.7694
fpos,60,top5_either,15,CAMS,long,-0.0408274082784769,0.0371720340394525,LONG: r1w <= -0.02873 AND vol60 >= 0.2972 AND vol20_60 >= 0.7694
fpos,60,top5_either,15,VOLTAS,long,-0.1001783186215534,0.0387539112136001,LONG: r1w <= -0.02873 AND vol60 >= 0.2972 AND vol20_60 >= 0.7694
fpos,60,top5_either,15,BANKBARODA,long,-0.0376251735368601,-0.0376251735368601,LONG: r1w <= -0.02873 AND vol60 >= 0.2972 AND vol20_60 >= 0.7694
fpos,60,top5_either,15,BEL,long,0.1277478595112917,0.0346563407550821,LONG: r1w <= -0.02873 AND vol60 >= 0.2972 AND vol20_60 >= 0.7694
fpos,60,top5_either,15,GAIL,long,0.065862319302592,0.065862319302592,LONG: r1w <= -0.02873 AND vol60 >= 0.2972 AND vol20_60 >= 0.7694
fpos,60,top5_either,15,KALYANKJIL,long,0.1480940309520386,0.1480940309520386,LONG: r1w <= -0.02873 AND vol60 >= 0.2972 AND vol20_60 >= 0.7694
fpos,60,top5_either,15,MAXHEALTH,long,0.0383383149947322,0.0383383149947322,LONG: r1w <= -0.02873 AND vol60 >= 0.2972 AND vol20_60 >= 0.7694
fpos,60,top5_either,15,PRESTIGE,long,0.0681539240907749,0.0372118637400677,LONG: r1w <= -0.02873 AND vol60 >= 0.2972 AND vol20_60 >= 0.7694
fpos,60,top5_either,15,JUBLFOOD,long,-0.0221232592056328,-0.0221232592056328,LONG: r1w <= -0.02873 AND vol60 >= 0.2972 AND vol20_60 >= 0.7694
fpos,60,top5_either,15,MOTHERSON,long,-0.0298103310652173,-0.0298103310652173,LONG: r1w <= -0.02873 AND vol60 >= 0.2972 AND vol20_60 >= 0.7694
fpos,60,top5_either,15,ABB,long,-0.0560872561493412,-0.0560872561493412,LONG: r1w <= -0.02873 AND vol60 >= 0.2972 AND vol20_60 >= 0.7694
fpos,60,top5_either,15,ANGELONE,long,-0.1005406875277945,-0.1005406875277945,LONG: vol60 >= 0.2972 AND maxabs5 >= 0.02915 AND z5 <= -0.6536
fpos,60,top5_either,15,JIOFIN,long,0.0122727364826106,0.0122727364826106,LONG: vol60 >= 0.2972 AND maxabs5 >= 0.02915 AND z5 <= -0.6536
fpos,60,top5_either,15,OBEROIRLTY,long,-0.0530667069281813,-0.0530667069281813,LONG: vol60 >= 0.2972 AND maxabs5 >= 0.02915 AND z5 <= -0.6536
fpos,60,top5_either,15,SUPREMEIND,long,-0.0854556653877933,-0.0854556653877933,LONG: vol60 >= 0.2972 AND maxabs5 >= 0.02915 AND z5 <= -0.6536
fpos,60,top5_either,15,CDSL,long,-0.1737154538901288,-0.1737154538901288,LONG: vol60 >= 0.2972 AND maxabs5 >= 0.02915 AND z5 <= -0.6536
fpos,60,top5_either,15,BHEL,long,0.0014439687719129,0.0014439687719129,LONG: vol60 >= 0.2972 AND maxabs5 >= 0.02915 AND z5 <= -0.6536
fpos,60,top5_either,15,CGPOWER,long,0.0134797757649079,0.0134797757649079,LONG: vol60 >= 0.2972 AND maxabs5 >= 0.02915 AND z5 <= -0.6536
fpos,60,top5_either,15,GMRAIRPORT,long,-0.00309337598775,-0.00309337598775,LONG: vol60 >= 0.2972 AND maxabs5 >= 0.02915 AND z5 <= -0.6536
fpos,60,top5_either,15,JSWENERGY,long,-0.1328434330999338,-0.1328434330999338,LONG: vol60 >= 0.2972 AND maxabs5 >= 0.02915 AND z5 <= -0.6536
fpos,60,top5_either,15,CAMS,long,-0.0408274082784769,0.0371720340394525,LONG: vol60 >= 0.2972 AND maxabs5 >= 0.02915 AND z5 <= -0.6536
fpos,60,top5_either,15,BEL,long,0.1277478595112917,0.0346563407550821,LONG: vol60 >= 0.2972 AND maxabs5 >= 0.02915 AND z5 <= -0.6536
fpos,60,top5_either,15,GAIL,long,0.065862319302592,0.065862319302592,LONG: vol60 >= 0.2972 AND maxabs5 >= 0.02915 AND z5 <= -0.6536
fpos,60,top5_either,15,KALYANKJIL,long,0.1480940309520386,0.1480940309520386,LONG: vol60 >= 0.2972 AND maxabs5 >= 0.02915 AND z5 <= -0.6536
fpos,60,top5_either,15,PRESTIGE,long,0.0681539240907749,0.0372118637400677,LONG: vol60 >= 0.2972 AND maxabs5 >= 0.02915 AND z5 <= -0.6536
fpos,60,top5_either,15,JUBLFOOD,long,-0.0221232592056328,-0.0221232592056328,LONG: vol60 >= 0.2972 AND maxabs5 >= 0.02915 AND z5 <= -0.6536
fpos,60,top5_either,15,MOTHERSON,long,-0.0298103310652173,-0.0298103310652173,LONG: vol60 >= 0.2972 AND maxabs5 >= 0.02915 AND z5 <= -0.6536
fpos,60,top5_either,15,PERSISTENT,short,-0.0382770646226188,,SHORT: prev2_sum >= -0.07918 AND iv_vs_realised >= 1.182 AND days_after_quarter_end <= 26
fpos,60,top5_either,15,COFORGE,short,-0.1178404018941813,,SHORT: prev2_sum >= -0.07918 AND iv_vs_realised >= 1.182 AND days_after_quarter_end <= 26
fpos,60,top5_either,15,HINDPETRO,short,0.0467557487611063,,SHORT: prev2_sum >= -0.07918 AND iv_vs_realised >= 1.182 AND days_after_quarter_end <= 26
fpos,60,top5_either,15,ICICIBANK,short,-0.0371376368858487,,SHORT: prev2_sum >= -0.07918 AND iv_vs_realised >= 1.182 AND days_after_quarter_end <= 26
fpos,60,top5_either,15,ANGELONE,long,-0.1005406875277945,-0.1005406875277945,LONG: vol60 >= 0.2972 AND dist_20h <= -0.08467 AND dist_20l <= 0.003598
fpos,60,top5_either,15,OBEROIRLTY,long,-0.0530667069281813,-0.0530667069281813,LONG: vol60 >= 0.2972 AND dist_20h <= -0.08467 AND dist_20l <= 0.003598
fpos,60,top5_either,15,CAMS,long,-0.0408274082784769,0.0371720340394525,LONG: vol60 >= 0.2972 AND dist_20h <= -0.08467 AND dist_20l <= 0.003598
fpos,60,top5_either,15,VOLTAS,long,-0.1001783186215534,0.0387539112136001,LONG: vol60 >= 0.2972 AND dist_20h <= -0.08467 AND dist_20l <= 0.003598
fpos,60,top5_either,15,BEL,long,0.1277478595112917,0.0346563407550821,LONG: vol60 >= 0.2972 AND dist_20h <= -0.08467 AND dist_20l <= 0.003598
fpos,60,top5_either,15,GAIL,long,0.065862319302592,0.065862319302592,LONG: vol60 >= 0.2972 AND dist_20h <= -0.08467 AND dist_20l <= 0.003598
fpos,60,top5_either,15,KALYANKJIL,long,0.1480940309520386,0.1480940309520386,LONG: vol60 >= 0.2972 AND dist_20h <= -0.08467 AND dist_20l <= 0.003598
fpos,60,top5_either,15,MAXHEALTH,long,0.0383383149947322,0.0383383149947322,LONG: vol60 >= 0.2972 AND dist_20h <= -0.08467 AND dist_20l <= 0.003598
fpos,60,top5_either,15,CUMMINSIND,long,0.095331096025369,0.0565779242418633,LONG: vol60 >= 0.2972 AND dist_20h <= -0.08467 AND dist_20l <= 0.003598
fpos,60,top5_either,15,MOTHERSON,long,-0.0298103310652173,-0.0298103310652173,LONG: vol60 >= 0.2972 AND dist_20h <= -0.08467 AND dist_20l <= 0.003598
fpos,60,top5_either,15,ANGELONE,long,-0.1005406875277945,-0.1005406875277945,LONG: r1w <= -0.03859 AND vol60 >= 0.2972 AND maxabs5 >= 0.02915
fpos,60,top5_either,15,JIOFIN,long,0.0122727364826106,0.0122727364826106,LONG: r1w <= -0.03859 AND vol60 >= 0.2972 AND maxabs5 >= 0.02915
fpos,60,top5_either,15,OBEROIRLTY,long,-0.0530667069281813,-0.0530667069281813,LONG: r1w <= -0.03859 AND vol60 >= 0.2972 AND maxabs5 >= 0.02915
fpos,60,top5_either,15,SUPREMEIND,long,-0.0854556653877933,-0.0854556653877933,LONG: r1w <= -0.03859 AND vol60 >= 0.2972 AND maxabs5 >= 0.02915
fpos,60,top5_either,15,CDSL,long,-0.1737154538901288,-0.1737154538901288,LONG: r1w <= -0.03859 AND vol60 >= 0.2972 AND maxabs5 >= 0.02915
fpos,60,top5_either,15,LODHA,long,0.0444513651320068,0.0444513651320068,LONG: r1w <= -0.03859 AND vol60 >= 0.2972 AND maxabs5 >= 0.02915
fpos,60,top5_either,15,BHEL,long,0.0014439687719129,0.0014439687719129,LONG: r1w <= -0.03859 AND vol60 >= 0.2972 AND maxabs5 >= 0.02915
fpos,60,top5_either,15,CGPOWER,long,0.0134797757649079,0.0134797757649079,LONG: r1w <= -0.03859 AND vol60 >= 0.2972 AND maxabs5 >= 0.02915
fpos,60,top5_either,15,GMRAIRPORT,long,-0.00309337598775,-0.00309337598775,LONG: r1w <= -0.03859 AND vol60 >= 0.2972 AND maxabs5 >= 0.02915
fpos,60,top5_either,15,JSWENERGY,long,-0.1328434330999338,-0.1328434330999338,LONG: r1w <= -0.03859 AND vol60 >= 0.2972 AND maxabs5 >= 0.02915
fpos,60,top5_either,15,CAMS,long,-0.0408274082784769,0.0371720340394525,LONG: r1w <= -0.03859 AND vol60 >= 0.2972 AND maxabs5 >= 0.02915
fpos,60,top5_either,15,ADANIENT,long,0.0013994677103847,0.0013994677103847,LONG: r1w <= -0.03859 AND vol60 >= 0.2972 AND maxabs5 >= 0.02915
fpos,60,top5_either,15,BEL,long,0.1277478595112917,0.0346563407550821,LONG: r1w <= -0.03859 AND vol60 >= 0.2972 AND maxabs5 >= 0.02915
fpos,60,top5_either,15,GAIL,long,0.065862319302592,0.065862319302592,LONG: r1w <= -0.03859 AND vol60 >= 0.2972 AND maxabs5 >= 0.02915
fpos,60,top5_either,15,KALYANKJIL,long,0.1480940309520386,0.1480940309520386,LONG: r1w <= -0.03859 AND vol60 >= 0.2972 AND maxabs5 >= 0.02915
fpos,60,top5_either,15,PRESTIGE,long,0.0681539240907749,0.0372118637400677,LONG: r1w <= -0.03859 AND vol60 >= 0.2972 AND maxabs5 >= 0.02915
fpos,60,top5_either,15,JUBLFOOD,long,-0.0221232592056328,-0.0221232592056328,LONG: r1w <= -0.03859 AND vol60 >= 0.2972 AND maxabs5 >= 0.02915
fpos,60,top5_either,15,MOTHERSON,long,-0.0298103310652173,-0.0298103310652173,LONG: r1w <= -0.03859 AND vol60 >= 0.2972 AND maxabs5 >= 0.02915
worst,15,best_either,15,HAVELLS,long,0.0320129091352185,0.0320129091352185,LONG: r1w <= -0.03859 AND r6m <= -0.1399 AND own_rd >= -0.006116
worst,15,best_either,15,JIOFIN,long,0.0122727364826106,0.0122727364826106,LONG: r1w <= -0.03859 AND r6m <= -0.1399 AND own_rd >= -0.006116
worst,15,best_either,15,SUPREMEIND,long,-0.0854556653877933,-0.0854556653877933,LONG: r1w <= -0.03859 AND r6m <= -0.1399 AND own_rd >= -0.006116
worst,15,best_either,15,LODHA,long,0.0444513651320068,0.0444513651320068,LONG: r1w <= -0.03859 AND r6m <= -0.1399 AND own_rd >= -0.006116
worst,15,best_either,15,BHEL,long,0.0014439687719129,0.0014439687719129,LONG: r1w <= -0.03859 AND r6m <= -0.1399 AND own_rd >= -0.006116
worst,15,best_either,15,CGPOWER,long,0.0134797757649079,0.0134797757649079,LONG: r1w <= -0.03859 AND r6m <= -0.1399 AND own_rd >= -0.006116
worst,15,best_either,15,JSWENERGY,long,-0.1328434330999338,-0.1328434330999338,LONG: r1w <= -0.03859 AND r6m <= -0.1399 AND own_rd >= -0.006116
worst,15,best_either,15,ADANIENT,long,0.0013994677103847,0.0013994677103847,LONG: r1w <= -0.03859 AND r6m <= -0.1399 AND own_rd >= -0.006116
worst,15,best_either,15,BEL,long,0.1277478595112917,0.0346563407550821,LONG: r1w <= -0.03859 AND r6m <= -0.1399 AND own_rd >= -0.006116
worst,15,best_either,15,MOTHERSON,long,-0.0298103310652173,-0.0298103310652173,LONG: r1w <= -0.03859 AND r6m <= -0.1399 AND own_rd >= -0.006116
worst,15,best_either,15,ABB,long,-0.0560872561493412,-0.0560872561493412,LONG: r1w <= -0.03859 AND r6m <= -0.1399 AND own_rd >= -0.006116
worst,15,best_long,15,HAVELLS,long,0.0320129091352185,0.0320129091352185,LONG: r1w <= -0.03859 AND r6m <= -0.1399 AND own_rd >= -0.006116
worst,15,best_long,15,JIOFIN,long,0.0122727364826106,0.0122727364826106,LONG: r1w <= -0.03859 AND r6m <= -0.1399 AND own_rd >= -0.006116
worst,15,best_long,15,SUPREMEIND,long,-0.0854556653877933,-0.0854556653877933,LONG: r1w <= -0.03859 AND r6m <= -0.1399 AND own_rd >= -0.006116
worst,15,best_long,15,LODHA,long,0.0444513651320068,0.0444513651320068,LONG: r1w <= -0.03859 AND r6m <= -0.1399 AND own_rd >= -0.006116
worst,15,best_long,15,BHEL,long,0.0014439687719129,0.0014439687719129,LONG: r1w <= -0.03859 AND r6m <= -0.1399 AND own_rd >= -0.006116
worst,15,best_long,15,CGPOWER,long,0.0134797757649079,0.0134797757649079,LONG: r1w <= -0.03859 AND r6m <= -0.1399 AND own_rd >= -0.006116
worst,15,best_long,15,JSWENERGY,long,-0.1328434330999338,-0.1328434330999338,LONG: r1w <= -0.03859 AND r6m <= -0.1399 AND own_rd >= -0.006116
worst,15,best_long,15,ADANIENT,long,0.0013994677103847,0.0013994677103847,LONG: r1w <= -0.03859 AND r6m <= -0.1399 AND own_rd >= -0.006116
worst,15,best_long,15,BEL,long,0.1277478595112917,0.0346563407550821,LONG: r1w <= -0.03859 AND r6m <= -0.1399 AND own_rd >= -0.006116
worst,15,best_long,15,MOTHERSON,long,-0.0298103310652173,-0.0298103310652173,LONG: r1w <= -0.03859 AND r6m <= -0.1399 AND own_rd >= -0.006116
worst,15,best_long,15,ABB,long,-0.0560872561493412,-0.0560872561493412,LONG: r1w <= -0.03859 AND r6m <= -0.1399 AND own_rd >= -0.006116
worst,15,best_short,15,DIVISLAB,short,-0.0906416829226943,,SHORT: nifty_1w >= 0.01693 AND own_rd <= -0.006116 AND own_dp1 >= -0.01707
worst,15,best_short,15,GODREJPROP,short,0.0239303953755302,,SHORT: nifty_1w >= 0.01693 AND own_rd <= -0.006116 AND own_dp1 >= -0.01707
worst,15,top5_either,15,HAVELLS,long,0.0320129091352185,0.0320129091352185,LONG: r1w <= -0.03859 AND r6m <= -0.1399 AND own_rd >= -0.006116
worst,15,top5_either,15,JIOFIN,long,0.0122727364826106,0.0122727364826106,LONG: r1w <= -0.03859 AND r6m <= -0.1399 AND own_rd >= -0.006116
worst,15,top5_either,15,SUPREMEIND,long,-0.0854556653877933,-0.0854556653877933,LONG: r1w <= -0.03859 AND r6m <= -0.1399 AND own_rd >= -0.006116
worst,15,top5_either,15,LODHA,long,0.0444513651320068,0.0444513651320068,LONG: r1w <= -0.03859 AND r6m <= -0.1399 AND own_rd >= -0.006116
worst,15,top5_either,15,BHEL,long,0.0014439687719129,0.0014439687719129,LONG: r1w <= -0.03859 AND r6m <= -0.1399 AND own_rd >= -0.006116
worst,15,top5_either,15,CGPOWER,long,0.0134797757649079,0.0134797757649079,LONG: r1w <= -0.03859 AND r6m <= -0.1399 AND own_rd >= -0.006116
worst,15,top5_either,15,JSWENERGY,long,-0.1328434330999338,-0.1328434330999338,LONG: r1w <= -0.03859 AND r6m <= -0.1399 AND own_rd >= -0.006116
worst,15,top5_either,15,ADANIENT,long,0.0013994677103847,0.0013994677103847,LONG: r1w <= -0.03859 AND r6m <= -0.1399 AND own_rd >= -0.006116
worst,15,top5_either,15,BEL,long,0.1277478595112917,0.0346563407550821,LONG: r1w <= -0.03859 AND r6m <= -0.1399 AND own_rd >= -0.006116
worst,15,top5_either,15,MOTHERSON,long,-0.0298103310652173,-0.0298103310652173,LONG: r1w <= -0.03859 AND r6m <= -0.1399 AND own_rd >= -0.006116
worst,15,top5_either,15,ABB,long,-0.0560872561493412,-0.0560872561493412,LONG: r1w <= -0.03859 AND r6m <= -0.1399 AND own_rd >= -0.006116
worst,15,top5_either,15,HAVELLS,long,0.0320129091352185,0.0320129091352185,LONG: r6m <= -0.1399 AND z5 <= -0.8999 AND own_rd >= -0.006116
worst,15,top5_either,15,JIOFIN,long,0.0122727364826106,0.0122727364826106,LONG: r6m <= -0.1399 AND z5 <= -0.8999 AND own_rd >= -0.006116
worst,15,top5_either,15,SUPREMEIND,long,-0.0854556653877933,-0.0854556653877933,LONG: r6m <= -0.1399 AND z5 <= -0.8999 AND own_rd >= -0.006116
worst,15,top5_either,15,BHEL,long,0.0014439687719129,0.0014439687719129,LONG: r6m <= -0.1399 AND z5 <= -0.8999 AND own_rd >= -0.006116
worst,15,top5_either,15,BEL,long,0.1277478595112917,0.0346563407550821,LONG: r6m <= -0.1399 AND z5 <= -0.8999 AND own_rd >= -0.006116
worst,15,top5_either,15,MOTHERSON,long,-0.0298103310652173,-0.0298103310652173,LONG: r6m <= -0.1399 AND z5 <= -0.8999 AND own_rd >= -0.006116
worst,15,top5_either,15,HDFCAMC,long,0.052493140234171,0.052493140234171,LONG: vs_ma200 <= -0.06726 AND own_rd >= -0.003745 AND pre5_vs_own <= -0.06596
worst,15,top5_either,15,JIOFIN,long,0.0122727364826106,0.0122727364826106,LONG: vs_ma200 <= -0.06726 AND own_rd >= -0.003745 AND pre5_vs_own <= -0.06596
worst,15,top5_either,15,VOLTAS,long,-0.1001783186215534,0.0387539112136001,LONG: vs_ma200 <= -0.06726 AND own_rd >= -0.003745 AND pre5_vs_own <= -0.06596
worst,15,top5_either,15,ADANIENT,long,0.0013994677103847,0.0013994677103847,LONG: vs_ma200 <= -0.06726 AND own_rd >= -0.003745 AND pre5_vs_own <= -0.06596
worst,15,top5_either,15,MOTHERSON,long,-0.0298103310652173,-0.0298103310652173,LONG: vs_ma200 <= -0.06726 AND own_rd >= -0.003745 AND pre5_vs_own <= -0.06596
worst,15,top5_either,15,HDFCAMC,long,0.052493140234171,0.052493140234171,LONG: vs_ma200 <= -0.02797 AND own_rd >= -0.003745 AND pre5_vs_own <= -0.06596
worst,15,top5_either,15,JIOFIN,long,0.0122727364826106,0.0122727364826106,LONG: vs_ma200 <= -0.02797 AND own_rd >= -0.003745 AND pre5_vs_own <= -0.06596
worst,15,top5_either,15,VOLTAS,long,-0.1001783186215534,0.0387539112136001,LONG: vs_ma200 <= -0.02797 AND own_rd >= -0.003745 AND pre5_vs_own <= -0.06596
worst,15,top5_either,15,ADANIENT,long,0.0013994677103847,0.0013994677103847,LONG: vs_ma200 <= -0.02797 AND own_rd >= -0.003745 AND pre5_vs_own <= -0.06596
worst,15,top5_either,15,MOTHERSON,long,-0.0298103310652173,-0.0298103310652173,LONG: vs_ma200 <= -0.02797 AND own_rd >= -0.003745 AND pre5_vs_own <= -0.06596
worst,15,top5_either,15,HDFCAMC,long,0.052493140234171,0.052493140234171,LONG: r6m <= -0.02886 AND prev1_3d >= -0.002063 AND r10d <= -0.08695
worst,15,top5_either,15,DLF,long,-0.0134976127115816,-0.0134976127115816,LONG: r6m <= -0.02886 AND prev1_3d >= -0.002063 AND r10d <= -0.08695
worst,15,top5_either,15,SHRIRAMFIN,long,-0.0128929619833892,-0.0128929619833892,LONG: r6m <= -0.02886 AND prev1_3d >= -0.002063 AND r10d <= -0.08695
worst,15,top5_either,15,LODHA,long,0.0444513651320068,0.0444513651320068,LONG: r6m <= -0.02886 AND prev1_3d >= -0.002063 AND r10d <= -0.08695
worst,30,best_either,15,TATAELXSI,long,-0.0839289886363864,-0.0839289886363864,LONG: r3m <= -0.05644 AND nifty_3m <= -0.00609 AND intra5 <= -0.04505
worst,30,best_either,15,HDFCAMC,long,0.052493140234171,0.052493140234171,LONG: r3m <= -0.05644 AND nifty_3m <= -0.00609 AND intra5 <= -0.04505
worst,30,best_either,15,HAVELLS,long,0.0320129091352185,0.0320129091352185,LONG: r3m <= -0.05644 AND nifty_3m <= -0.00609 AND intra5 <= -0.04505
worst,30,best_either,15,JIOFIN,long,0.0122727364826106,0.0122727364826106,LONG: r3m <= -0.05644 AND nifty_3m <= -0.00609 AND intra5 <= -0.04505
worst,30,best_either,15,ETERNAL,long,-0.1129599035749141,-0.1129599035749141,LONG: r3m <= -0.05644 AND nifty_3m <= -0.00609 AND intra5 <= -0.04505
worst,30,best_either,15,SUPREMEIND,long,-0.0854556653877933,-0.0854556653877933,LONG: r3m <= -0.05644 AND nifty_3m <= -0.00609 AND intra5 <= -0.04505
worst,30,best_either,15,DLF,long,-0.0134976127115816,-0.0134976127115816,LONG: r3m <= -0.05644 AND nifty_3m <= -0.00609 AND intra5 <= -0.04505
worst,30,best_either,15,BHEL,long,0.0014439687719129,0.0014439687719129,LONG: r3m <= -0.05644 AND nifty_3m <= -0.00609 AND intra5 <= -0.04505
worst,30,best_either,15,BOSCHLTD,long,-0.0734463515778589,-0.0734463515778589,LONG: r3m <= -0.05644 AND nifty_3m <= -0.00609 AND intra5 <= -0.04505
worst,30,best_either,15,CGPOWER,long,0.0134797757649079,0.0134797757649079,LONG: r3m <= -0.05644 AND nifty_3m <= -0.00609 AND intra5 <= -0.04505
worst,30,best_either,15,GMRAIRPORT,long,-0.00309337598775,-0.00309337598775,LONG: r3m <= -0.05644 AND nifty_3m <= -0.00609 AND intra5 <= -0.04505
worst,30,best_either,15,CAMS,long,-0.0408274082784769,0.0371720340394525,LONG: r3m <= -0.05644 AND nifty_3m <= -0.00609 AND intra5 <= -0.04505
worst,30,best_either,15,VOLTAS,long,-0.1001783186215534,0.0387539112136001,LONG: r3m <= -0.05644 AND nifty_3m <= -0.00609 AND intra5 <= -0.04505
worst,30,best_either,15,ADANIENT,long,0.0013994677103847,0.0013994677103847,LONG: r3m <= -0.05644 AND nifty_3m <= -0.00609 AND intra5 <= -0.04505
worst,30,best_either,15,JINDALSTEL,long,-0.0588840102981621,-0.0588840102981621,LONG: r3m <= -0.05644 AND nifty_3m <= -0.00609 AND intra5 <= -0.04505
worst,30,best_either,15,KALYANKJIL,long,0.1480940309520386,0.1480940309520386,LONG: r3m <= -0.05644 AND nifty_3m <= -0.00609 AND intra5 <= -0.04505
worst,30,best_either,15,PRESTIGE,long,0.0681539240907749,0.0372118637400677,LONG: r3m <= -0.05644 AND nifty_3m <= -0.00609 AND intra5 <= -0.04505
worst,30,best_either,15,MOTHERSON,long,-0.0298103310652173,-0.0298103310652173,LONG: r3m <= -0.05644 AND nifty_3m <= -0.00609 AND intra5 <= -0.04505
worst,30,best_either,15,ABB,long,-0.0560872561493412,-0.0560872561493412,LONG: r3m <= -0.05644 AND nifty_3m <= -0.00609 AND intra5 <= -0.04505
worst,30,best_long,15,TATAELXSI,long,-0.0839289886363864,-0.0839289886363864,LONG: r3m <= -0.05644 AND nifty_3m <= -0.00609 AND intra5 <= -0.04505
worst,30,best_long,15,HDFCAMC,long,0.052493140234171,0.052493140234171,LONG: r3m <= -0.05644 AND nifty_3m <= -0.00609 AND intra5 <= -0.04505
worst,30,best_long,15,HAVELLS,long,0.0320129091352185,0.0320129091352185,LONG: r3m <= -0.05644 AND nifty_3m <= -0.00609 AND intra5 <= -0.04505
worst,30,best_long,15,JIOFIN,long,0.0122727364826106,0.0122727364826106,LONG: r3m <= -0.05644 AND nifty_3m <= -0.00609 AND intra5 <= -0.04505
worst,30,best_long,15,ETERNAL,long,-0.1129599035749141,-0.1129599035749141,LONG: r3m <= -0.05644 AND nifty_3m <= -0.00609 AND intra5 <= -0.04505
worst,30,best_long,15,SUPREMEIND,long,-0.0854556653877933,-0.0854556653877933,LONG: r3m <= -0.05644 AND nifty_3m <= -0.00609 AND intra5 <= -0.04505
worst,30,best_long,15,DLF,long,-0.0134976127115816,-0.0134976127115816,LONG: r3m <= -0.05644 AND nifty_3m <= -0.00609 AND intra5 <= -0.04505
worst,30,best_long,15,BHEL,long,0.0014439687719129,0.0014439687719129,LONG: r3m <= -0.05644 AND nifty_3m <= -0.00609 AND intra5 <= -0.04505
worst,30,best_long,15,BOSCHLTD,long,-0.0734463515778589,-0.0734463515778589,LONG: r3m <= -0.05644 AND nifty_3m <= -0.00609 AND intra5 <= -0.04505
worst,30,best_long,15,CGPOWER,long,0.0134797757649079,0.0134797757649079,LONG: r3m <= -0.05644 AND nifty_3m <= -0.00609 AND intra5 <= -0.04505
worst,30,best_long,15,GMRAIRPORT,long,-0.00309337598775,-0.00309337598775,LONG: r3m <= -0.05644 AND nifty_3m <= -0.00609 AND intra5 <= -0.04505
worst,30,best_long,15,CAMS,long,-0.0408274082784769,0.0371720340394525,LONG: r3m <= -0.05644 AND nifty_3m <= -0.00609 AND intra5 <= -0.04505
worst,30,best_long,15,VOLTAS,long,-0.1001783186215534,0.0387539112136001,LONG: r3m <= -0.05644 AND nifty_3m <= -0.00609 AND intra5 <= -0.04505
worst,30,best_long,15,ADANIENT,long,0.0013994677103847,0.0013994677103847,LONG: r3m <= -0.05644 AND nifty_3m <= -0.00609 AND intra5 <= -0.04505
worst,30,best_long,15,JINDALSTEL,long,-0.0588840102981621,-0.0588840102981621,LONG: r3m <= -0.05644 AND nifty_3m <= -0.00609 AND intra5 <= -0.04505
worst,30,best_long,15,KALYANKJIL,long,0.1480940309520386,0.1480940309520386,LONG: r3m <= -0.05644 AND nifty_3m <= -0.00609 AND intra5 <= -0.04505
worst,30,best_long,15,PRESTIGE,long,0.0681539240907749,0.0372118637400677,LONG: r3m <= -0.05644 AND nifty_3m <= -0.00609 AND intra5 <= -0.04505
worst,30,best_long,15,MOTHERSON,long,-0.0298103310652173,-0.0298103310652173,LONG: r3m <= -0.05644 AND nifty_3m <= -0.00609 AND intra5 <= -0.04505
worst,30,best_long,15,ABB,long,-0.0560872561493412,-0.0560872561493412,LONG: r3m <= -0.05644 AND nifty_3m <= -0.00609 AND intra5 <= -0.04505
worst,30,best_short,15,DIVISLAB,short,-0.0906416829226943,,SHORT: nifty_1w >= 0.01693 AND vs_nifty_1m <= -0.05705 AND r10d <= -0.01273
worst,30,best_short,15,TIINDIA,short,0.0695881985111893,,SHORT: nifty_1w >= 0.01693 AND vs_nifty_1m <= -0.05705 AND r10d <= -0.01273
worst,30,best_short,15,GODREJPROP,short,0.0239303953755302,,SHORT: nifty_1w >= 0.01693 AND vs_nifty_1m <= -0.05705 AND r10d <= -0.01273
worst,30,best_short,15,CUMMINSIND,short,-0.095331096025369,,SHORT: nifty_1w >= 0.01693 AND vs_nifty_1m <= -0.05705 AND r10d <= -0.01273
worst,30,best_short,15,AUROPHARMA,short,-0.0174172817427676,,SHORT: nifty_1w >= 0.01693 AND vs_nifty_1m <= -0.05705 AND r10d <= -0.01273
worst,30,best_short,15,RECLTD,short,-0.032568893618025,,SHORT: nifty_1w >= 0.01693 AND vs_nifty_1m <= -0.05705 AND r10d <= -0.01273
worst,30,best_short,15,OIL,short,0.0617841824644489,,SHORT: nifty_1w >= 0.01693 AND vs_nifty_1m <= -0.05705 AND r10d <= -0.01273
worst,30,top5_either,15,TATAELXSI,long,-0.0839289886363864,-0.0839289886363864,LONG: r3m <= -0.05644 AND nifty_3m <= -0.00609 AND intra5 <= -0.04505
worst,30,top5_either,15,HDFCAMC,long,0.052493140234171,0.052493140234171,LONG: r3m <= -0.05644 AND nifty_3m <= -0.00609 AND intra5 <= -0.04505
worst,30,top5_either,15,HAVELLS,long,0.0320129091352185,0.0320129091352185,LONG: r3m <= -0.05644 AND nifty_3m <= -0.00609 AND intra5 <= -0.04505
worst,30,top5_either,15,JIOFIN,long,0.0122727364826106,0.0122727364826106,LONG: r3m <= -0.05644 AND nifty_3m <= -0.00609 AND intra5 <= -0.04505
worst,30,top5_either,15,ETERNAL,long,-0.1129599035749141,-0.1129599035749141,LONG: r3m <= -0.05644 AND nifty_3m <= -0.00609 AND intra5 <= -0.04505
worst,30,top5_either,15,SUPREMEIND,long,-0.0854556653877933,-0.0854556653877933,LONG: r3m <= -0.05644 AND nifty_3m <= -0.00609 AND intra5 <= -0.04505
worst,30,top5_either,15,DLF,long,-0.0134976127115816,-0.0134976127115816,LONG: r3m <= -0.05644 AND nifty_3m <= -0.00609 AND intra5 <= -0.04505
worst,30,top5_either,15,BHEL,long,0.0014439687719129,0.0014439687719129,LONG: r3m <= -0.05644 AND nifty_3m <= -0.00609 AND intra5 <= -0.04505
worst,30,top5_either,15,BOSCHLTD,long,-0.0734463515778589,-0.0734463515778589,LONG: r3m <= -0.05644 AND nifty_3m <= -0.00609 AND intra5 <= -0.04505
worst,30,top5_either,15,CGPOWER,long,0.0134797757649079,0.0134797757649079,LONG: r3m <= -0.05644 AND nifty_3m <= -0.00609 AND intra5 <= -0.04505
worst,30,top5_either,15,GMRAIRPORT,long,-0.00309337598775,-0.00309337598775,LONG: r3m <= -0.05644 AND nifty_3m <= -0.00609 AND intra5 <= -0.04505
worst,30,top5_either,15,CAMS,long,-0.0408274082784769,0.0371720340394525,LONG: r3m <= -0.05644 AND nifty_3m <= -0.00609 AND intra5 <= -0.04505
worst,30,top5_either,15,VOLTAS,long,-0.1001783186215534,0.0387539112136001,LONG: r3m <= -0.05644 AND nifty_3m <= -0.00609 AND intra5 <= -0.04505
worst,30,top5_either,15,ADANIENT,long,0.0013994677103847,0.0013994677103847,LONG: r3m <= -0.05644 AND nifty_3m <= -0.00609 AND intra5 <= -0.04505
worst,30,top5_either,15,JINDALSTEL,long,-0.0588840102981621,-0.0588840102981621,LONG: r3m <= -0.05644 AND nifty_3m <= -0.00609 AND intra5 <= -0.04505
worst,30,top5_either,15,KALYANKJIL,long,0.1480940309520386,0.1480940309520386,LONG: r3m <= -0.05644 AND nifty_3m <= -0.00609 AND intra5 <= -0.04505
worst,30,top5_either,15,PRESTIGE,long,0.0681539240907749,0.0372118637400677,LONG: r3m <= -0.05644 AND nifty_3m <= -0.00609 AND intra5 <= -0.04505
worst,30,top5_either,15,MOTHERSON,long,-0.0298103310652173,-0.0298103310652173,LONG: r3m <= -0.05644 AND nifty_3m <= -0.00609 AND intra5 <= -0.04505
worst,30,top5_either,15,ABB,long,-0.0560872561493412,-0.0560872561493412,LONG: r3m <= -0.05644 AND nifty_3m <= -0.00609 AND intra5 <= -0.04505
worst,30,top5_either,15,ANGELONE,long,-0.1005406875277945,-0.1005406875277945,LONG: vs_ma50 <= -0.1065 AND india_vix >= 14.59 AND days_since_dividend >= 86
worst,30,top5_either,15,JIOFIN,long,0.0122727364826106,0.0122727364826106,LONG: vs_ma50 <= -0.1065 AND india_vix >= 14.59 AND days_since_dividend >= 86
worst,30,top5_either,15,ETERNAL,long,-0.1129599035749141,-0.1129599035749141,LONG: vs_ma50 <= -0.1065 AND india_vix >= 14.59 AND days_since_dividend >= 86
worst,30,top5_either,15,DLF,long,-0.0134976127115816,-0.0134976127115816,LONG: vs_ma50 <= -0.1065 AND india_vix >= 14.59 AND days_since_dividend >= 86
worst,30,top5_either,15,CDSL,long,-0.1737154538901288,-0.1737154538901288,LONG: vs_ma50 <= -0.1065 AND india_vix >= 14.59 AND days_since_dividend >= 86
worst,30,top5_either,15,LODHA,long,0.0444513651320068,0.0444513651320068,LONG: vs_ma50 <= -0.1065 AND india_vix >= 14.59 AND days_since_dividend >= 86
worst,30,top5_either,15,BHEL,long,0.0014439687719129,0.0014439687719129,LONG: vs_ma50 <= -0.1065 AND india_vix >= 14.59 AND days_since_dividend >= 86
worst,30,top5_either,15,CGPOWER,long,0.0134797757649079,0.0134797757649079,LONG: vs_ma50 <= -0.1065 AND india_vix >= 14.59 AND days_since_dividend >= 86
worst,30,top5_either,15,JSWENERGY,long,-0.1328434330999338,-0.1328434330999338,LONG: vs_ma50 <= -0.1065 AND india_vix >= 14.59 AND days_since_dividend >= 86
worst,30,top5_either,15,VOLTAS,long,-0.1001783186215534,0.0387539112136001,LONG: vs_ma50 <= -0.1065 AND india_vix >= 14.59 AND days_since_dividend >= 86
worst,30,top5_either,15,BEL,long,0.1277478595112917,0.0346563407550821,LONG: vs_ma50 <= -0.1065 AND india_vix >= 14.59 AND days_since_dividend >= 86
worst,30,top5_either,15,GAIL,long,0.065862319302592,0.065862319302592,LONG: vs_ma50 <= -0.1065 AND india_vix >= 14.59 AND days_since_dividend >= 86
worst,30,top5_either,15,KALYANKJIL,long,0.1480940309520386,0.1480940309520386,LONG: vs_ma50 <= -0.1065 AND india_vix >= 14.59 AND days_since_dividend >= 86
worst,30,top5_either,15,POLICYBZR,long,0.0513562897855546,0.0407238442822384,LONG: vs_ma50 <= -0.1065 AND india_vix >= 14.59 AND days_since_dividend >= 86
worst,30,top5_either,15,PRESTIGE,long,0.0681539240907749,0.0372118637400677,LONG: vs_ma50 <= -0.1065 AND india_vix >= 14.59 AND days_since_dividend >= 86
worst,30,top5_either,15,MOTHERSON,long,-0.0298103310652173,-0.0298103310652173,LONG: vs_ma50 <= -0.1065 AND india_vix >= 14.59 AND days_since_dividend >= 86
worst,30,top5_either,15,ABB,long,-0.0560872561493412,-0.0560872561493412,LONG: vs_ma50 <= -0.1065 AND india_vix >= 14.59 AND days_since_dividend >= 86
worst,30,top5_either,15,BHEL,long,0.0014439687719129,0.0014439687719129,LONG: from_52w_high <= -0.352 AND sec_vs_nifty_3m <= 0.04156 AND own_rd >= -0.02146
worst,30,top5_either,15,KALYANKJIL,long,0.1480940309520386,0.1480940309520386,LONG: from_52w_high <= -0.352 AND sec_vs_nifty_3m <= 0.04156 AND own_rd >= -0.02146
worst,30,top5_either,15,PRESTIGE,long,0.0681539240907749,0.0372118637400677,LONG: from_52w_high <= -0.352 AND sec_vs_nifty_3m <= 0.04156 AND own_rd >= -0.02146
worst,30,top5_either,15,OIL,long,-0.0617841824644489,-0.0617841824644489,LONG: from_52w_high <= -0.352 AND sec_vs_nifty_3m <= 0.04156 AND own_rd >= -0.02146
worst,30,top5_either,15,MOTHERSON,long,-0.0298103310652173,-0.0298103310652173,LONG: from_52w_high <= -0.352 AND sec_vs_nifty_3m <= 0.04156 AND own_rd >= -0.02146
worst,30,top5_either,15,ABB,long,-0.0560872561493412,-0.0560872561493412,LONG: from_52w_high <= -0.352 AND sec_vs_nifty_3m <= 0.04156 AND own_rd >= -0.02146
worst,30,top5_either,15,BHEL,long,0.0014439687719129,0.0014439687719129,LONG: from_52w_high <= -0.352 AND sec_vs_nifty_3m <= 0.02774 AND own_rd >= -0.02146
worst,30,top5_either,15,KALYANKJIL,long,0.1480940309520386,0.1480940309520386,LONG: from_52w_high <= -0.352 AND sec_vs_nifty_3m <= 0.02774 AND own_rd >= -0.02146
worst,30,top5_either,15,PRESTIGE,long,0.0681539240907749,0.0372118637400677,LONG: from_52w_high <= -0.352 AND sec_vs_nifty_3m <= 0.02774 AND own_rd >= -0.02146
worst,30,top5_either,15,OIL,long,-0.0617841824644489,-0.0617841824644489,LONG: from_52w_high <= -0.352 AND sec_vs_nifty_3m <= 0.02774 AND own_rd >= -0.02146
worst,30,top5_either,15,MOTHERSON,long,-0.0298103310652173,-0.0298103310652173,LONG: from_52w_high <= -0.352 AND sec_vs_nifty_3m <= 0.02774 AND own_rd >= -0.02146
worst,30,top5_either,15,ABB,long,-0.0560872561493412,-0.0560872561493412,LONG: from_52w_high <= -0.352 AND sec_vs_nifty_3m <= 0.02774 AND own_rd >= -0.02146
worst,30,top5_either,15,TATAELXSI,long,-0.0839289886363864,-0.0839289886363864,LONG: r3m <= -0.05644 AND nifty_3m <= -0.02181 AND intra5 <= -0.04505
worst,30,top5_either,15,HDFCAMC,long,0.052493140234171,0.052493140234171,LONG: r3m <= -0.05644 AND nifty_3m <= -0.02181 AND intra5 <= -0.04505
worst,30,top5_either,15,HAVELLS,long,0.0320129091352185,0.0320129091352185,LONG: r3m <= -0.05644 AND nifty_3m <= -0.02181 AND intra5 <= -0.04505
worst,30,top5_either,15,JIOFIN,long,0.0122727364826106,0.0122727364826106,LONG: r3m <= -0.05644 AND nifty_3m <= -0.02181 AND intra5 <= -0.04505
worst,30,top5_either,15,ETERNAL,long,-0.1129599035749141,-0.1129599035749141,LONG: r3m <= -0.05644 AND nifty_3m <= -0.02181 AND intra5 <= -0.04505
worst,30,top5_either,15,SUPREMEIND,long,-0.0854556653877933,-0.0854556653877933,LONG: r3m <= -0.05644 AND nifty_3m <= -0.02181 AND intra5 <= -0.04505
worst,30,top5_either,15,DLF,long,-0.0134976127115816,-0.0134976127115816,LONG: r3m <= -0.05644 AND nifty_3m <= -0.02181 AND intra5 <= -0.04505
worst,30,top5_either,15,BHEL,long,0.0014439687719129,0.0014439687719129,LONG: r3m <= -0.05644 AND nifty_3m <= -0.02181 AND intra5 <= -0.04505
worst,30,top5_either,15,BOSCHLTD,long,-0.0734463515778589,-0.0734463515778589,LONG: r3m <= -0.05644 AND nifty_3m <= -0.02181 AND intra5 <= -0.04505
worst,30,top5_either,15,CGPOWER,long,0.0134797757649079,0.0134797757649079,LONG: r3m <= -0.05644 AND nifty_3m <= -0.02181 AND intra5 <= -0.04505
worst,30,top5_either,15,GMRAIRPORT,long,-0.00309337598775,-0.00309337598775,LONG: r3m <= -0.05644 AND nifty_3m <= -0.02181 AND intra5 <= -0.04505
worst,30,top5_either,15,CAMS,long,-0.0408274082784769,0.0371720340394525,LONG: r3m <= -0.05644 AND nifty_3m <= -0.02181 AND intra5 <= -0.04505
worst,30,top5_either,15,VOLTAS,long,-0.1001783186215534,0.0387539112136001,LONG: r3m <= -0.05644 AND nifty_3m <= -0.02181 AND intra5 <= -0.04505
worst,30,top5_either,15,ADANIENT,long,0.0013994677103847,0.0013994677103847,LONG: r3m <= -0.05644 AND nifty_3m <= -0.02181 AND intra5 <= -0.04505
worst,30,top5_either,15,JINDALSTEL,long,-0.0588840102981621,-0.0588840102981621,LONG: r3m <= -0.05644 AND nifty_3m <= -0.02181 AND intra5 <= -0.04505
worst,30,top5_either,15,KALYANKJIL,long,0.1480940309520386,0.1480940309520386,LONG: r3m <= -0.05644 AND nifty_3m <= -0.02181 AND intra5 <= -0.04505
worst,30,top5_either,15,PRESTIGE,long,0.0681539240907749,0.0372118637400677,LONG: r3m <= -0.05644 AND nifty_3m <= -0.02181 AND intra5 <= -0.04505
worst,30,top5_either,15,MOTHERSON,long,-0.0298103310652173,-0.0298103310652173,LONG: r3m <= -0.05644 AND nifty_3m <= -0.02181 AND intra5 <= -0.04505
worst,60,best_either,15,LTM,long,0.0242852251812911,0.039087526646468,LONG: vol60 >= 0.2972 AND vs_nifty_1m <= -0.05705 AND season_so_far_3d <= -0.004995
worst,60,best_either,15,JIOFIN,long,0.0122727364826106,0.0122727364826106,LONG: vol60 >= 0.2972 AND vs_nifty_1m <= -0.05705 AND season_so_far_3d <= -0.004995
worst,60,best_either,15,DIXON,long,-0.1012317321737206,0.0363067442591973,LONG: vol60 >= 0.2972 AND vs_nifty_1m <= -0.05705 AND season_so_far_3d <= -0.004995
worst,60,best_either,15,ETERNAL,long,-0.1129599035749141,-0.1129599035749141,LONG: vol60 >= 0.2972 AND vs_nifty_1m <= -0.05705 AND season_so_far_3d <= -0.004995
worst,60,best_either,15,OBEROIRLTY,long,-0.0530667069281813,-0.0530667069281813,LONG: vol60 >= 0.2972 AND vs_nifty_1m <= -0.05705 AND season_so_far_3d <= -0.004995
worst,60,best_either,15,PAYTM,long,-0.0452666547035277,-0.0452666547035277,LONG: vol60 >= 0.2972 AND vs_nifty_1m <= -0.05705 AND season_so_far_3d <= -0.004995
worst,60,best_either,15,SUPREMEIND,long,-0.0854556653877933,-0.0854556653877933,LONG: vol60 >= 0.2972 AND vs_nifty_1m <= -0.05705 AND season_so_far_3d <= -0.004995
worst,60,best_either,15,POLYCAB,long,-0.0826374022758282,-0.0826374022758282,LONG: vol60 >= 0.2972 AND vs_nifty_1m <= -0.05705 AND season_so_far_3d <= -0.004995
worst,60,best_either,15,DLF,long,-0.0134976127115816,-0.0134976127115816,LONG: vol60 >= 0.2972 AND vs_nifty_1m <= -0.05705 AND season_so_far_3d <= -0.004995
worst,60,best_either,15,INDIGO,long,0.0406184882079196,0.0307366321824753,LONG: vol60 >= 0.2972 AND vs_nifty_1m <= -0.05705 AND season_so_far_3d <= -0.004995
worst,60,best_either,15,SHRIRAMFIN,long,-0.0128929619833892,-0.0128929619833892,LONG: vol60 >= 0.2972 AND vs_nifty_1m <= -0.05705 AND season_so_far_3d <= -0.004995
worst,60,best_either,15,CDSL,long,-0.1737154538901288,-0.1737154538901288,LONG: vol60 >= 0.2972 AND vs_nifty_1m <= -0.05705 AND season_so_far_3d <= -0.004995
worst,60,best_either,15,LODHA,long,0.0444513651320068,0.0444513651320068,LONG: vol60 >= 0.2972 AND vs_nifty_1m <= -0.05705 AND season_so_far_3d <= -0.004995
worst,60,best_either,15,BHEL,long,0.0014439687719129,0.0014439687719129,LONG: vol60 >= 0.2972 AND vs_nifty_1m <= -0.05705 AND season_so_far_3d <= -0.004995
worst,60,best_either,15,CGPOWER,long,0.0134797757649079,0.0134797757649079,LONG: vol60 >= 0.2972 AND vs_nifty_1m <= -0.05705 AND season_so_far_3d <= -0.004995
worst,60,best_either,15,GMRAIRPORT,long,-0.00309337598775,-0.00309337598775,LONG: vol60 >= 0.2972 AND vs_nifty_1m <= -0.05705 AND season_so_far_3d <= -0.004995
worst,60,best_either,15,JSWENERGY,long,-0.1328434330999338,-0.1328434330999338,LONG: vol60 >= 0.2972 AND vs_nifty_1m <= -0.05705 AND season_so_far_3d <= -0.004995
worst,60,best_either,15,CAMS,long,-0.0408274082784769,0.0371720340394525,LONG: vol60 >= 0.2972 AND vs_nifty_1m <= -0.05705 AND season_so_far_3d <= -0.004995
worst,60,best_either,15,KPITTECH,long,0.1014514356721958,0.0555407024872756,LONG: vol60 >= 0.2972 AND vs_nifty_1m <= -0.05705 AND season_so_far_3d <= -0.004995
worst,60,best_either,15,VOLTAS,long,-0.1001783186215534,0.0387539112136001,LONG: vol60 >= 0.2972 AND vs_nifty_1m <= -0.05705 AND season_so_far_3d <= -0.004995
worst,60,best_either,15,ADANIENT,long,0.0013994677103847,0.0013994677103847,LONG: vol60 >= 0.2972 AND vs_nifty_1m <= -0.05705 AND season_so_far_3d <= -0.004995
worst,60,best_either,15,ADANIPORTS,long,0.0176000433261998,0.0176000433261998,LONG: vol60 >= 0.2972 AND vs_nifty_1m <= -0.05705 AND season_so_far_3d <= -0.004995
worst,60,best_either,15,BEL,long,0.1277478595112917,0.0346563407550821,LONG: vol60 >= 0.2972 AND vs_nifty_1m <= -0.05705 AND season_so_far_3d <= -0.004995
worst,60,best_either,15,GAIL,long,0.065862319302592,0.065862319302592,LONG: vol60 >= 0.2972 AND vs_nifty_1m <= -0.05705 AND season_so_far_3d <= -0.004995
worst,60,best_either,15,KALYANKJIL,long,0.1480940309520386,0.1480940309520386,LONG: vol60 >= 0.2972 AND vs_nifty_1m <= -0.05705 AND season_so_far_3d <= -0.004995
worst,60,best_either,15,MAXHEALTH,long,0.0383383149947322,0.0383383149947322,LONG: vol60 >= 0.2972 AND vs_nifty_1m <= -0.05705 AND season_so_far_3d <= -0.004995
worst,60,best_either,15,POLICYBZR,long,0.0513562897855546,0.0407238442822384,LONG: vol60 >= 0.2972 AND vs_nifty_1m <= -0.05705 AND season_so_far_3d <= -0.004995
worst,60,best_either,15,PRESTIGE,long,0.0681539240907749,0.0372118637400677,LONG: vol60 >= 0.2972 AND vs_nifty_1m <= -0.05705 AND season_so_far_3d <= -0.004995
worst,60,best_long,15,LTM,long,0.0242852251812911,0.039087526646468,LONG: vol60 >= 0.2972 AND vs_nifty_1m <= -0.05705 AND season_so_far_3d <= -0.004995
worst,60,best_long,15,JIOFIN,long,0.0122727364826106,0.0122727364826106,LONG: vol60 >= 0.2972 AND vs_nifty_1m <= -0.05705 AND season_so_far_3d <= -0.004995
worst,60,best_long,15,DIXON,long,-0.1012317321737206,0.0363067442591973,LONG: vol60 >= 0.2972 AND vs_nifty_1m <= -0.05705 AND season_so_far_3d <= -0.004995
worst,60,best_long,15,ETERNAL,long,-0.1129599035749141,-0.1129599035749141,LONG: vol60 >= 0.2972 AND vs_nifty_1m <= -0.05705 AND season_so_far_3d <= -0.004995
worst,60,best_long,15,OBEROIRLTY,long,-0.0530667069281813,-0.0530667069281813,LONG: vol60 >= 0.2972 AND vs_nifty_1m <= -0.05705 AND season_so_far_3d <= -0.004995
worst,60,best_long,15,PAYTM,long,-0.0452666547035277,-0.0452666547035277,LONG: vol60 >= 0.2972 AND vs_nifty_1m <= -0.05705 AND season_so_far_3d <= -0.004995
worst,60,best_long,15,SUPREMEIND,long,-0.0854556653877933,-0.0854556653877933,LONG: vol60 >= 0.2972 AND vs_nifty_1m <= -0.05705 AND season_so_far_3d <= -0.004995
worst,60,best_long,15,POLYCAB,long,-0.0826374022758282,-0.0826374022758282,LONG: vol60 >= 0.2972 AND vs_nifty_1m <= -0.05705 AND season_so_far_3d <= -0.004995
worst,60,best_long,15,DLF,long,-0.0134976127115816,-0.0134976127115816,LONG: vol60 >= 0.2972 AND vs_nifty_1m <= -0.05705 AND season_so_far_3d <= -0.004995
worst,60,best_long,15,INDIGO,long,0.0406184882079196,0.0307366321824753,LONG: vol60 >= 0.2972 AND vs_nifty_1m <= -0.05705 AND season_so_far_3d <= -0.004995
worst,60,best_long,15,SHRIRAMFIN,long,-0.0128929619833892,-0.0128929619833892,LONG: vol60 >= 0.2972 AND vs_nifty_1m <= -0.05705 AND season_so_far_3d <= -0.004995
worst,60,best_long,15,CDSL,long,-0.1737154538901288,-0.1737154538901288,LONG: vol60 >= 0.2972 AND vs_nifty_1m <= -0.05705 AND season_so_far_3d <= -0.004995
worst,60,best_long,15,LODHA,long,0.0444513651320068,0.0444513651320068,LONG: vol60 >= 0.2972 AND vs_nifty_1m <= -0.05705 AND season_so_far_3d <= -0.004995
worst,60,best_long,15,BHEL,long,0.0014439687719129,0.0014439687719129,LONG: vol60 >= 0.2972 AND vs_nifty_1m <= -0.05705 AND season_so_far_3d <= -0.004995
worst,60,best_long,15,CGPOWER,long,0.0134797757649079,0.0134797757649079,LONG: vol60 >= 0.2972 AND vs_nifty_1m <= -0.05705 AND season_so_far_3d <= -0.004995
worst,60,best_long,15,GMRAIRPORT,long,-0.00309337598775,-0.00309337598775,LONG: vol60 >= 0.2972 AND vs_nifty_1m <= -0.05705 AND season_so_far_3d <= -0.004995
worst,60,best_long,15,JSWENERGY,long,-0.1328434330999338,-0.1328434330999338,LONG: vol60 >= 0.2972 AND vs_nifty_1m <= -0.05705 AND season_so_far_3d <= -0.004995
worst,60,best_long,15,CAMS,long,-0.0408274082784769,0.0371720340394525,LONG: vol60 >= 0.2972 AND vs_nifty_1m <= -0.05705 AND season_so_far_3d <= -0.004995
worst,60,best_long,15,KPITTECH,long,0.1014514356721958,0.0555407024872756,LONG: vol60 >= 0.2972 AND vs_nifty_1m <= -0.05705 AND season_so_far_3d <= -0.004995
worst,60,best_long,15,VOLTAS,long,-0.1001783186215534,0.0387539112136001,LONG: vol60 >= 0.2972 AND vs_nifty_1m <= -0.05705 AND season_so_far_3d <= -0.004995
worst,60,best_long,15,ADANIENT,long,0.0013994677103847,0.0013994677103847,LONG: vol60 >= 0.2972 AND vs_nifty_1m <= -0.05705 AND season_so_far_3d <= -0.004995
worst,60,best_long,15,ADANIPORTS,long,0.0176000433261998,0.0176000433261998,LONG: vol60 >= 0.2972 AND vs_nifty_1m <= -0.05705 AND season_so_far_3d <= -0.004995
worst,60,best_long,15,BEL,long,0.1277478595112917,0.0346563407550821,LONG: vol60 >= 0.2972 AND vs_nifty_1m <= -0.05705 AND season_so_far_3d <= -0.004995
worst,60,best_long,15,GAIL,long,0.065862319302592,0.065862319302592,LONG: vol60 >= 0.2972 AND vs_nifty_1m <= -0.05705 AND season_so_far_3d <= -0.004995
worst,60,best_long,15,KALYANKJIL,long,0.1480940309520386,0.1480940309520386,LONG: vol60 >= 0.2972 AND vs_nifty_1m <= -0.05705 AND season_so_far_3d <= -0.004995
worst,60,best_long,15,MAXHEALTH,long,0.0383383149947322,0.0383383149947322,LONG: vol60 >= 0.2972 AND vs_nifty_1m <= -0.05705 AND season_so_far_3d <= -0.004995
worst,60,best_long,15,POLICYBZR,long,0.0513562897855546,0.0407238442822384,LONG: vol60 >= 0.2972 AND vs_nifty_1m <= -0.05705 AND season_so_far_3d <= -0.004995
worst,60,best_long,15,PRESTIGE,long,0.0681539240907749,0.0372118637400677,LONG: vol60 >= 0.2972 AND vs_nifty_1m <= -0.05705 AND season_so_far_3d <= -0.004995
worst,60,top5_either,15,LTM,long,0.0242852251812911,0.039087526646468,LONG: vol60 >= 0.2972 AND vs_nifty_1m <= -0.05705 AND season_so_far_3d <= -0.004995
worst,60,top5_either,15,JIOFIN,long,0.0122727364826106,0.0122727364826106,LONG: vol60 >= 0.2972 AND vs_nifty_1m <= -0.05705 AND season_so_far_3d <= -0.004995
worst,60,top5_either,15,DIXON,long,-0.1012317321737206,0.0363067442591973,LONG: vol60 >= 0.2972 AND vs_nifty_1m <= -0.05705 AND season_so_far_3d <= -0.004995
worst,60,top5_either,15,ETERNAL,long,-0.1129599035749141,-0.1129599035749141,LONG: vol60 >= 0.2972 AND vs_nifty_1m <= -0.05705 AND season_so_far_3d <= -0.004995
worst,60,top5_either,15,OBEROIRLTY,long,-0.0530667069281813,-0.0530667069281813,LONG: vol60 >= 0.2972 AND vs_nifty_1m <= -0.05705 AND season_so_far_3d <= -0.004995
worst,60,top5_either,15,PAYTM,long,-0.0452666547035277,-0.0452666547035277,LONG: vol60 >= 0.2972 AND vs_nifty_1m <= -0.05705 AND season_so_far_3d <= -0.004995
worst,60,top5_either,15,SUPREMEIND,long,-0.0854556653877933,-0.0854556653877933,LONG: vol60 >= 0.2972 AND vs_nifty_1m <= -0.05705 AND season_so_far_3d <= -0.004995
worst,60,top5_either,15,POLYCAB,long,-0.0826374022758282,-0.0826374022758282,LONG: vol60 >= 0.2972 AND vs_nifty_1m <= -0.05705 AND season_so_far_3d <= -0.004995
worst,60,top5_either,15,DLF,long,-0.0134976127115816,-0.0134976127115816,LONG: vol60 >= 0.2972 AND vs_nifty_1m <= -0.05705 AND season_so_far_3d <= -0.004995
worst,60,top5_either,15,INDIGO,long,0.0406184882079196,0.0307366321824753,LONG: vol60 >= 0.2972 AND vs_nifty_1m <= -0.05705 AND season_so_far_3d <= -0.004995
worst,60,top5_either,15,SHRIRAMFIN,long,-0.0128929619833892,-0.0128929619833892,LONG: vol60 >= 0.2972 AND vs_nifty_1m <= -0.05705 AND season_so_far_3d <= -0.004995
worst,60,top5_either,15,CDSL,long,-0.1737154538901288,-0.1737154538901288,LONG: vol60 >= 0.2972 AND vs_nifty_1m <= -0.05705 AND season_so_far_3d <= -0.004995
worst,60,top5_either,15,LODHA,long,0.0444513651320068,0.0444513651320068,LONG: vol60 >= 0.2972 AND vs_nifty_1m <= -0.05705 AND season_so_far_3d <= -0.004995
worst,60,top5_either,15,BHEL,long,0.0014439687719129,0.0014439687719129,LONG: vol60 >= 0.2972 AND vs_nifty_1m <= -0.05705 AND season_so_far_3d <= -0.004995
worst,60,top5_either,15,CGPOWER,long,0.0134797757649079,0.0134797757649079,LONG: vol60 >= 0.2972 AND vs_nifty_1m <= -0.05705 AND season_so_far_3d <= -0.004995
worst,60,top5_either,15,GMRAIRPORT,long,-0.00309337598775,-0.00309337598775,LONG: vol60 >= 0.2972 AND vs_nifty_1m <= -0.05705 AND season_so_far_3d <= -0.004995
worst,60,top5_either,15,JSWENERGY,long,-0.1328434330999338,-0.1328434330999338,LONG: vol60 >= 0.2972 AND vs_nifty_1m <= -0.05705 AND season_so_far_3d <= -0.004995
worst,60,top5_either,15,CAMS,long,-0.0408274082784769,0.0371720340394525,LONG: vol60 >= 0.2972 AND vs_nifty_1m <= -0.05705 AND season_so_far_3d <= -0.004995
worst,60,top5_either,15,KPITTECH,long,0.1014514356721958,0.0555407024872756,LONG: vol60 >= 0.2972 AND vs_nifty_1m <= -0.05705 AND season_so_far_3d <= -0.004995
worst,60,top5_either,15,VOLTAS,long,-0.1001783186215534,0.0387539112136001,LONG: vol60 >= 0.2972 AND vs_nifty_1m <= -0.05705 AND season_so_far_3d <= -0.004995
worst,60,top5_either,15,ADANIENT,long,0.0013994677103847,0.0013994677103847,LONG: vol60 >= 0.2972 AND vs_nifty_1m <= -0.05705 AND season_so_far_3d <= -0.004995
worst,60,top5_either,15,ADANIPORTS,long,0.0176000433261998,0.0176000433261998,LONG: vol60 >= 0.2972 AND vs_nifty_1m <= -0.05705 AND season_so_far_3d <= -0.004995
worst,60,top5_either,15,BEL,long,0.1277478595112917,0.0346563407550821,LONG: vol60 >= 0.2972 AND vs_nifty_1m <= -0.05705 AND season_so_far_3d <= -0.004995
worst,60,top5_either,15,GAIL,long,0.065862319302592,0.065862319302592,LONG: vol60 >= 0.2972 AND vs_nifty_1m <= -0.05705 AND season_so_far_3d <= -0.004995
worst,60,top5_either,15,KALYANKJIL,long,0.1480940309520386,0.1480940309520386,LONG: vol60 >= 0.2972 AND vs_nifty_1m <= -0.05705 AND season_so_far_3d <= -0.004995
worst,60,top5_either,15,MAXHEALTH,long,0.0383383149947322,0.0383383149947322,LONG: vol60 >= 0.2972 AND vs_nifty_1m <= -0.05705 AND season_so_far_3d <= -0.004995
worst,60,top5_either,15,POLICYBZR,long,0.0513562897855546,0.0407238442822384,LONG: vol60 >= 0.2972 AND vs_nifty_1m <= -0.05705 AND season_so_far_3d <= -0.004995
worst,60,top5_either,15,PRESTIGE,long,0.0681539240907749,0.0372118637400677,LONG: vol60 >= 0.2972 AND vs_nifty_1m <= -0.05705 AND season_so_far_3d <= -0.004995
worst,60,top5_either,15,LTM,long,0.0242852251812911,0.039087526646468,LONG: vol60 >= 0.2972 AND season_so_far_3d <= -0.004995 AND gap5 <= 0.02747
worst,60,top5_either,15,JIOFIN,long,0.0122727364826106,0.0122727364826106,LONG: vol60 >= 0.2972 AND season_so_far_3d <= -0.004995 AND gap5 <= 0.02747
worst,60,top5_either,15,DIXON,long,-0.1012317321737206,0.0363067442591973,LONG: vol60 >= 0.2972 AND season_so_far_3d <= -0.004995 AND gap5 <= 0.02747
worst,60,top5_either,15,OBEROIRLTY,long,-0.0530667069281813,-0.0530667069281813,LONG: vol60 >= 0.2972 AND season_so_far_3d <= -0.004995 AND gap5 <= 0.02747
worst,60,top5_either,15,PAYTM,long,-0.0452666547035277,-0.0452666547035277,LONG: vol60 >= 0.2972 AND season_so_far_3d <= -0.004995 AND gap5 <= 0.02747
worst,60,top5_either,15,SUPREMEIND,long,-0.0854556653877933,-0.0854556653877933,LONG: vol60 >= 0.2972 AND season_so_far_3d <= -0.004995 AND gap5 <= 0.02747
worst,60,top5_either,15,POLYCAB,long,-0.0826374022758282,-0.0826374022758282,LONG: vol60 >= 0.2972 AND season_so_far_3d <= -0.004995 AND gap5 <= 0.02747
worst,60,top5_either,15,HINDPETRO,long,-0.0467557487611063,-0.0467557487611063,LONG: vol60 >= 0.2972 AND season_so_far_3d <= -0.004995 AND gap5 <= 0.02747
worst,60,top5_either,15,DLF,long,-0.0134976127115816,-0.0134976127115816,LONG: vol60 >= 0.2972 AND season_so_far_3d <= -0.004995 AND gap5 <= 0.02747
worst,60,top5_either,15,INDIGO,long,0.0406184882079196,0.0307366321824753,LONG: vol60 >= 0.2972 AND season_so_far_3d <= -0.004995 AND gap5 <= 0.02747
worst,60,top5_either,15,SHRIRAMFIN,long,-0.0128929619833892,-0.0128929619833892,LONG: vol60 >= 0.2972 AND season_so_far_3d <= -0.004995 AND gap5 <= 0.02747
worst,60,top5_either,15,CDSL,long,-0.1737154538901288,-0.1737154538901288,LONG: vol60 >= 0.2972 AND season_so_far_3d <= -0.004995 AND gap5 <= 0.02747
worst,60,top5_either,15,LODHA,long,0.0444513651320068,0.0444513651320068,LONG: vol60 >= 0.2972 AND season_so_far_3d <= -0.004995 AND gap5 <= 0.02747
worst,60,top5_either,15,BHEL,long,0.0014439687719129,0.0014439687719129,LONG: vol60 >= 0.2972 AND season_so_far_3d <= -0.004995 AND gap5 <= 0.02747
worst,60,top5_either,15,CGPOWER,long,0.0134797757649079,0.0134797757649079,LONG: vol60 >= 0.2972 AND season_so_far_3d <= -0.004995 AND gap5 <= 0.02747
worst,60,top5_either,15,GMRAIRPORT,long,-0.00309337598775,-0.00309337598775,LONG: vol60 >= 0.2972 AND season_so_far_3d <= -0.004995 AND gap5 <= 0.02747
worst,60,top5_either,15,JSWENERGY,long,-0.1328434330999338,-0.1328434330999338,LONG: vol60 >= 0.2972 AND season_so_far_3d <= -0.004995 AND gap5 <= 0.02747
worst,60,top5_either,15,CAMS,long,-0.0408274082784769,0.0371720340394525,LONG: vol60 >= 0.2972 AND season_so_far_3d <= -0.004995 AND gap5 <= 0.02747
worst,60,top5_either,15,KPITTECH,long,0.1014514356721958,0.0555407024872756,LONG: vol60 >= 0.2972 AND season_so_far_3d <= -0.004995 AND gap5 <= 0.02747
worst,60,top5_either,15,VOLTAS,long,-0.1001783186215534,0.0387539112136001,LONG: vol60 >= 0.2972 AND season_so_far_3d <= -0.004995 AND gap5 <= 0.02747
worst,60,top5_either,15,ADANIENT,long,0.0013994677103847,0.0013994677103847,LONG: vol60 >= 0.2972 AND season_so_far_3d <= -0.004995 AND gap5 <= 0.02747
worst,60,top5_either,15,ADANIPORTS,long,0.0176000433261998,0.0176000433261998,LONG: vol60 >= 0.2972 AND season_so_far_3d <= -0.004995 AND gap5 <= 0.02747
worst,60,top5_either,15,BANKBARODA,long,-0.0376251735368601,-0.0376251735368601,LONG: vol60 >= 0.2972 AND season_so_far_3d <= -0.004995 AND gap5 <= 0.02747
worst,60,top5_either,15,BEL,long,0.1277478595112917,0.0346563407550821,LONG: vol60 >= 0.2972 AND season_so_far_3d <= -0.004995 AND gap5 <= 0.02747
worst,60,top5_either,15,GAIL,long,0.065862319302592,0.065862319302592,LONG: vol60 >= 0.2972 AND season_so_far_3d <= -0.004995 AND gap5 <= 0.02747
worst,60,top5_either,15,KALYANKJIL,long,0.1480940309520386,0.1480940309520386,LONG: vol60 >= 0.2972 AND season_so_far_3d <= -0.004995 AND gap5 <= 0.02747
worst,60,top5_either,15,MAXHEALTH,long,0.0383383149947322,0.0383383149947322,LONG: vol60 >= 0.2972 AND season_so_far_3d <= -0.004995 AND gap5 <= 0.02747
worst,60,top5_either,15,POLICYBZR,long,0.0513562897855546,0.0407238442822384,LONG: vol60 >= 0.2972 AND season_so_far_3d <= -0.004995 AND gap5 <= 0.02747
worst,60,top5_either,15,PRESTIGE,long,0.0681539240907749,0.0372118637400677,LONG: vol60 >= 0.2972 AND season_so_far_3d <= -0.004995 AND gap5 <= 0.02747
worst,60,top5_either,15,LTM,long,0.0242852251812911,0.039087526646468,LONG: r1w <= 0.007933 AND vol60 >= 0.2972 AND season_so_far_3d <= -0.004995
worst,60,top5_either,15,JIOFIN,long,0.0122727364826106,0.0122727364826106,LONG: r1w <= 0.007933 AND vol60 >= 0.2972 AND season_so_far_3d <= -0.004995
worst,60,top5_either,15,DIXON,long,-0.1012317321737206,0.0363067442591973,LONG: r1w <= 0.007933 AND vol60 >= 0.2972 AND season_so_far_3d <= -0.004995
worst,60,top5_either,15,ETERNAL,long,-0.1129599035749141,-0.1129599035749141,LONG: r1w <= 0.007933 AND vol60 >= 0.2972 AND season_so_far_3d <= -0.004995
worst,60,top5_either,15,OBEROIRLTY,long,-0.0530667069281813,-0.0530667069281813,LONG: r1w <= 0.007933 AND vol60 >= 0.2972 AND season_so_far_3d <= -0.004995
worst,60,top5_either,15,PAYTM,long,-0.0452666547035277,-0.0452666547035277,LONG: r1w <= 0.007933 AND vol60 >= 0.2972 AND season_so_far_3d <= -0.004995
worst,60,top5_either,15,SUPREMEIND,long,-0.0854556653877933,-0.0854556653877933,LONG: r1w <= 0.007933 AND vol60 >= 0.2972 AND season_so_far_3d <= -0.004995
worst,60,top5_either,15,HINDPETRO,long,-0.0467557487611063,-0.0467557487611063,LONG: r1w <= 0.007933 AND vol60 >= 0.2972 AND season_so_far_3d <= -0.004995
worst,60,top5_either,15,DLF,long,-0.0134976127115816,-0.0134976127115816,LONG: r1w <= 0.007933 AND vol60 >= 0.2972 AND season_so_far_3d <= -0.004995
worst,60,top5_either,15,INDIGO,long,0.0406184882079196,0.0307366321824753,LONG: r1w <= 0.007933 AND vol60 >= 0.2972 AND season_so_far_3d <= -0.004995
worst,60,top5_either,15,SHRIRAMFIN,long,-0.0128929619833892,-0.0128929619833892,LONG: r1w <= 0.007933 AND vol60 >= 0.2972 AND season_so_far_3d <= -0.004995
worst,60,top5_either,15,CDSL,long,-0.1737154538901288,-0.1737154538901288,LONG: r1w <= 0.007933 AND vol60 >= 0.2972 AND season_so_far_3d <= -0.004995
worst,60,top5_either,15,LODHA,long,0.0444513651320068,0.0444513651320068,LONG: r1w <= 0.007933 AND vol60 >= 0.2972 AND season_so_far_3d <= -0.004995
worst,60,top5_either,15,BHEL,long,0.0014439687719129,0.0014439687719129,LONG: r1w <= 0.007933 AND vol60 >= 0.2972 AND season_so_far_3d <= -0.004995
worst,60,top5_either,15,CGPOWER,long,0.0134797757649079,0.0134797757649079,LONG: r1w <= 0.007933 AND vol60 >= 0.2972 AND season_so_far_3d <= -0.004995
worst,60,top5_either,15,GMRAIRPORT,long,-0.00309337598775,-0.00309337598775,LONG: r1w <= 0.007933 AND vol60 >= 0.2972 AND season_so_far_3d <= -0.004995
worst,60,top5_either,15,JSWENERGY,long,-0.1328434330999338,-0.1328434330999338,LONG: r1w <= 0.007933 AND vol60 >= 0.2972 AND season_so_far_3d <= -0.004995
worst,60,top5_either,15,CAMS,long,-0.0408274082784769,0.0371720340394525,LONG: r1w <= 0.007933 AND vol60 >= 0.2972 AND season_so_far_3d <= -0.004995
worst,60,top5_either,15,KPITTECH,long,0.1014514356721958,0.0555407024872756,LONG: r1w <= 0.007933 AND vol60 >= 0.2972 AND season_so_far_3d <= -0.004995
worst,60,top5_either,15,VOLTAS,long,-0.1001783186215534,0.0387539112136001,LONG: r1w <= 0.007933 AND vol60 >= 0.2972 AND season_so_far_3d <= -0.004995
worst,60,top5_either,15,ADANIENT,long,0.0013994677103847,0.0013994677103847,LONG: r1w <= 0.007933 AND vol60 >= 0.2972 AND season_so_far_3d <= -0.004995
worst,60,top5_either,15,ADANIPORTS,long,0.0176000433261998,0.0176000433261998,LONG: r1w <= 0.007933 AND vol60 >= 0.2972 AND season_so_far_3d <= -0.004995
worst,60,top5_either,15,BANKBARODA,long,-0.0376251735368601,-0.0376251735368601,LONG: r1w <= 0.007933 AND vol60 >= 0.2972 AND season_so_far_3d <= -0.004995
worst,60,top5_either,15,BEL,long,0.1277478595112917,0.0346563407550821,LONG: r1w <= 0.007933 AND vol60 >= 0.2972 AND season_so_far_3d <= -0.004995
worst,60,top5_either,15,GAIL,long,0.065862319302592,0.065862319302592,LONG: r1w <= 0.007933 AND vol60 >= 0.2972 AND season_so_far_3d <= -0.004995
worst,60,top5_either,15,KALYANKJIL,long,0.1480940309520386,0.1480940309520386,LONG: r1w <= 0.007933 AND vol60 >= 0.2972 AND season_so_far_3d <= -0.004995
worst,60,top5_either,15,MAXHEALTH,long,0.0383383149947322,0.0383383149947322,LONG: r1w <= 0.007933 AND vol60 >= 0.2972 AND season_so_far_3d <= -0.004995
worst,60,top5_either,15,POLICYBZR,long,0.0513562897855546,0.0407238442822384,LONG: r1w <= 0.007933 AND vol60 >= 0.2972 AND season_so_far_3d <= -0.004995
worst,60,top5_either,15,PRESTIGE,long,0.0681539240907749,0.0372118637400677,LONG: r1w <= 0.007933 AND vol60 >= 0.2972 AND season_so_far_3d <= -0.004995
worst,60,top5_either,15,LTM,long,0.0242852251812911,0.039087526646468,LONG: vol60 >= 0.2972 AND season_so_far_3d <= -0.004995 AND z5 <= 0.168
worst,60,top5_either,15,JIOFIN,long,0.0122727364826106,0.0122727364826106,LONG: vol60 >= 0.2972 AND season_so_far_3d <= -0.004995 AND z5 <= 0.168
worst,60,top5_either,15,DIXON,long,-0.1012317321737206,0.0363067442591973,LONG: vol60 >= 0.2972 AND season_so_far_3d <= -0.004995 AND z5 <= 0.168
worst,60,top5_either,15,ETERNAL,long,-0.1129599035749141,-0.1129599035749141,LONG: vol60 >= 0.2972 AND season_so_far_3d <= -0.004995 AND z5 <= 0.168
worst,60,top5_either,15,OBEROIRLTY,long,-0.0530667069281813,-0.0530667069281813,LONG: vol60 >= 0.2972 AND season_so_far_3d <= -0.004995 AND z5 <= 0.168
worst,60,top5_either,15,PAYTM,long,-0.0452666547035277,-0.0452666547035277,LONG: vol60 >= 0.2972 AND season_so_far_3d <= -0.004995 AND z5 <= 0.168
worst,60,top5_either,15,SUPREMEIND,long,-0.0854556653877933,-0.0854556653877933,LONG: vol60 >= 0.2972 AND season_so_far_3d <= -0.004995 AND z5 <= 0.168
worst,60,top5_either,15,HINDPETRO,long,-0.0467557487611063,-0.0467557487611063,LONG: vol60 >= 0.2972 AND season_so_far_3d <= -0.004995 AND z5 <= 0.168
worst,60,top5_either,15,DLF,long,-0.0134976127115816,-0.0134976127115816,LONG: vol60 >= 0.2972 AND season_so_far_3d <= -0.004995 AND z5 <= 0.168
worst,60,top5_either,15,INDIGO,long,0.0406184882079196,0.0307366321824753,LONG: vol60 >= 0.2972 AND season_so_far_3d <= -0.004995 AND z5 <= 0.168
worst,60,top5_either,15,SHRIRAMFIN,long,-0.0128929619833892,-0.0128929619833892,LONG: vol60 >= 0.2972 AND season_so_far_3d <= -0.004995 AND z5 <= 0.168
worst,60,top5_either,15,CDSL,long,-0.1737154538901288,-0.1737154538901288,LONG: vol60 >= 0.2972 AND season_so_far_3d <= -0.004995 AND z5 <= 0.168
worst,60,top5_either,15,LODHA,long,0.0444513651320068,0.0444513651320068,LONG: vol60 >= 0.2972 AND season_so_far_3d <= -0.004995 AND z5 <= 0.168
worst,60,top5_either,15,BHEL,long,0.0014439687719129,0.0014439687719129,LONG: vol60 >= 0.2972 AND season_so_far_3d <= -0.004995 AND z5 <= 0.168
worst,60,top5_either,15,CGPOWER,long,0.0134797757649079,0.0134797757649079,LONG: vol60 >= 0.2972 AND season_so_far_3d <= -0.004995 AND z5 <= 0.168
worst,60,top5_either,15,GMRAIRPORT,long,-0.00309337598775,-0.00309337598775,LONG: vol60 >= 0.2972 AND season_so_far_3d <= -0.004995 AND z5 <= 0.168
worst,60,top5_either,15,JSWENERGY,long,-0.1328434330999338,-0.1328434330999338,LONG: vol60 >= 0.2972 AND season_so_far_3d <= -0.004995 AND z5 <= 0.168
worst,60,top5_either,15,CAMS,long,-0.0408274082784769,0.0371720340394525,LONG: vol60 >= 0.2972 AND season_so_far_3d <= -0.004995 AND z5 <= 0.168
worst,60,top5_either,15,KPITTECH,long,0.1014514356721958,0.0555407024872756,LONG: vol60 >= 0.2972 AND season_so_far_3d <= -0.004995 AND z5 <= 0.168
worst,60,top5_either,15,VOLTAS,long,-0.1001783186215534,0.0387539112136001,LONG: vol60 >= 0.2972 AND season_so_far_3d <= -0.004995 AND z5 <= 0.168
worst,60,top5_either,15,ADANIENT,long,0.0013994677103847,0.0013994677103847,LONG: vol60 >= 0.2972 AND season_so_far_3d <= -0.004995 AND z5 <= 0.168
worst,60,top5_either,15,ADANIPORTS,long,0.0176000433261998,0.0176000433261998,LONG: vol60 >= 0.2972 AND season_so_far_3d <= -0.004995 AND z5 <= 0.168
worst,60,top5_either,15,BANKBARODA,long,-0.0376251735368601,-0.0376251735368601,LONG: vol60 >= 0.2972 AND season_so_far_3d <= -0.004995 AND z5 <= 0.168
worst,60,top5_either,15,BEL,long,0.1277478595112917,0.0346563407550821,LONG: vol60 >= 0.2972 AND season_so_far_3d <= -0.004995 AND z5 <= 0.168
worst,60,top5_either,15,GAIL,long,0.065862319302592,0.065862319302592,LONG: vol60 >= 0.2972 AND season_so_far_3d <= -0.004995 AND z5 <= 0.168
worst,60,top5_either,15,KALYANKJIL,long,0.1480940309520386,0.1480940309520386,LONG: vol60 >= 0.2972 AND season_so_far_3d <= -0.004995 AND z5 <= 0.168
worst,60,top5_either,15,MAXHEALTH,long,0.0383383149947322,0.0383383149947322,LONG: vol60 >= 0.2972 AND season_so_far_3d <= -0.004995 AND z5 <= 0.168
worst,60,top5_either,15,POLICYBZR,long,0.0513562897855546,0.0407238442822384,LONG: vol60 >= 0.2972 AND season_so_far_3d <= -0.004995 AND z5 <= 0.168
worst,60,top5_either,15,PRESTIGE,long,0.0681539240907749,0.0372118637400677,LONG: vol60 >= 0.2972 AND season_so_far_3d <= -0.004995 AND z5 <= 0.168
worst,60,top5_either,15,LTM,long,0.0242852251812911,0.039087526646468,LONG: vol60 >= 0.2972 AND season_so_far_3d <= -0.004995 AND gap5 <= 0.03095
worst,60,top5_either,15,JIOFIN,long,0.0122727364826106,0.0122727364826106,LONG: vol60 >= 0.2972 AND season_so_far_3d <= -0.004995 AND gap5 <= 0.03095
worst,60,top5_either,15,DIXON,long,-0.1012317321737206,0.0363067442591973,LONG: vol60 >= 0.2972 AND season_so_far_3d <= -0.004995 AND gap5 <= 0.03095
worst,60,top5_either,15,OBEROIRLTY,long,-0.0530667069281813,-0.0530667069281813,LONG: vol60 >= 0.2972 AND season_so_far_3d <= -0.004995 AND gap5 <= 0.03095
worst,60,top5_either,15,PAYTM,long,-0.0452666547035277,-0.0452666547035277,LONG: vol60 >= 0.2972 AND season_so_far_3d <= -0.004995 AND gap5 <= 0.03095
worst,60,top5_either,15,SUPREMEIND,long,-0.0854556653877933,-0.0854556653877933,LONG: vol60 >= 0.2972 AND season_so_far_3d <= -0.004995 AND gap5 <= 0.03095
worst,60,top5_either,15,POLYCAB,long,-0.0826374022758282,-0.0826374022758282,LONG: vol60 >= 0.2972 AND season_so_far_3d <= -0.004995 AND gap5 <= 0.03095
worst,60,top5_either,15,HINDPETRO,long,-0.0467557487611063,-0.0467557487611063,LONG: vol60 >= 0.2972 AND season_so_far_3d <= -0.004995 AND gap5 <= 0.03095
worst,60,top5_either,15,DLF,long,-0.0134976127115816,-0.0134976127115816,LONG: vol60 >= 0.2972 AND season_so_far_3d <= -0.004995 AND gap5 <= 0.03095
worst,60,top5_either,15,INDIGO,long,0.0406184882079196,0.0307366321824753,LONG: vol60 >= 0.2972 AND season_so_far_3d <= -0.004995 AND gap5 <= 0.03095
worst,60,top5_either,15,SHRIRAMFIN,long,-0.0128929619833892,-0.0128929619833892,LONG: vol60 >= 0.2972 AND season_so_far_3d <= -0.004995 AND gap5 <= 0.03095
worst,60,top5_either,15,CDSL,long,-0.1737154538901288,-0.1737154538901288,LONG: vol60 >= 0.2972 AND season_so_far_3d <= -0.004995 AND gap5 <= 0.03095
worst,60,top5_either,15,LODHA,long,0.0444513651320068,0.0444513651320068,LONG: vol60 >= 0.2972 AND season_so_far_3d <= -0.004995 AND gap5 <= 0.03095
worst,60,top5_either,15,BHEL,long,0.0014439687719129,0.0014439687719129,LONG: vol60 >= 0.2972 AND season_so_far_3d <= -0.004995 AND gap5 <= 0.03095
worst,60,top5_either,15,CGPOWER,long,0.0134797757649079,0.0134797757649079,LONG: vol60 >= 0.2972 AND season_so_far_3d <= -0.004995 AND gap5 <= 0.03095
worst,60,top5_either,15,GMRAIRPORT,long,-0.00309337598775,-0.00309337598775,LONG: vol60 >= 0.2972 AND season_so_far_3d <= -0.004995 AND gap5 <= 0.03095
worst,60,top5_either,15,JSWENERGY,long,-0.1328434330999338,-0.1328434330999338,LONG: vol60 >= 0.2972 AND season_so_far_3d <= -0.004995 AND gap5 <= 0.03095
worst,60,top5_either,15,CAMS,long,-0.0408274082784769,0.0371720340394525,LONG: vol60 >= 0.2972 AND season_so_far_3d <= -0.004995 AND gap5 <= 0.03095
worst,60,top5_either,15,KPITTECH,long,0.1014514356721958,0.0555407024872756,LONG: vol60 >= 0.2972 AND season_so_far_3d <= -0.004995 AND gap5 <= 0.03095
worst,60,top5_either,15,VOLTAS,long,-0.1001783186215534,0.0387539112136001,LONG: vol60 >= 0.2972 AND season_so_far_3d <= -0.004995 AND gap5 <= 0.03095
worst,60,top5_either,15,ADANIENT,long,0.0013994677103847,0.0013994677103847,LONG: vol60 >= 0.2972 AND season_so_far_3d <= -0.004995 AND gap5 <= 0.03095
worst,60,top5_either,15,ADANIPORTS,long,0.0176000433261998,0.0176000433261998,LONG: vol60 >= 0.2972 AND season_so_far_3d <= -0.004995 AND gap5 <= 0.03095
worst,60,top5_either,15,BANKBARODA,long,-0.0376251735368601,-0.0376251735368601,LONG: vol60 >= 0.2972 AND season_so_far_3d <= -0.004995 AND gap5 <= 0.03095
worst,60,top5_either,15,BEL,long,0.1277478595112917,0.0346563407550821,LONG: vol60 >= 0.2972 AND season_so_far_3d <= -0.004995 AND gap5 <= 0.03095
worst,60,top5_either,15,GAIL,long,0.065862319302592,0.065862319302592,LONG: vol60 >= 0.2972 AND season_so_far_3d <= -0.004995 AND gap5 <= 0.03095
worst,60,top5_either,15,KALYANKJIL,long,0.1480940309520386,0.1480940309520386,LONG: vol60 >= 0.2972 AND season_so_far_3d <= -0.004995 AND gap5 <= 0.03095
worst,60,top5_either,15,MAXHEALTH,long,0.0383383149947322,0.0383383149947322,LONG: vol60 >= 0.2972 AND season_so_far_3d <= -0.004995 AND gap5 <= 0.03095
worst,60,top5_either,15,POLICYBZR,long,0.0513562897855546,0.0407238442822384,LONG: vol60 >= 0.2972 AND season_so_far_3d <= -0.004995 AND gap5 <= 0.03095
worst,60,top5_either,15,PRESTIGE,long,0.0681539240907749,0.0372118637400677,LONG: vol60 >= 0.2972 AND season_so_far_3d <= -0.004995 AND gap5 <= 0.03095
mean,15,best_short,16,TATAELXSI,short,-0.1101437631050926,,SHORT: r5y >= 2.763 AND intra0 <= 0.005578 AND pre5_vs_own >= -0.002963
mean,15,best_short,16,KPITTECH,short,-0.0417418176724979,,SHORT: r5y >= 2.763 AND intra0 <= 0.005578 AND pre5_vs_own >= -0.002963
mean,15,best_short,16,VEDL,short,0.0023337504675569,,SHORT: r5y >= 2.763 AND intra0 <= 0.005578 AND pre5_vs_own >= -0.002963
mean,15,best_short,16,LT,short,-0.0784646666253017,,SHORT: r5y >= 2.763 AND intra0 <= 0.005578 AND pre5_vs_own >= -0.002963
mean,15,best_short,16,JSWENERGY,short,-0.0614398132948874,,SHORT: r5y >= 2.763 AND intra0 <= 0.005578 AND pre5_vs_own >= -0.002963
mean,15,best_short,16,JSWSTEEL,short,-0.0311790292981419,,SHORT: r5y >= 2.763 AND intra0 <= 0.005578 AND pre5_vs_own >= -0.002963
mean,15,top5_either,16,RECLTD,long,-0.0504653957620653,-0.0504653957620653,LONG: r6m <= -0.1028 AND sector_3m >= -0.1096 AND pre5_vs_own <= -0.07869
mean,15,top5_either,16,RECLTD,long,-0.0504653957620653,-0.0504653957620653,LONG: r6m <= -0.1028 AND gap0 <= 0.006872 AND pre5_vs_own <= -0.07869
mean,15,top5_either,16,TATAELXSI,short,-0.1101437631050926,,SHORT: r5y >= 2.763 AND intra0 <= 0.005578 AND pre5_vs_own >= -0.002963
mean,15,top5_either,16,KPITTECH,short,-0.0417418176724979,,SHORT: r5y >= 2.763 AND intra0 <= 0.005578 AND pre5_vs_own >= -0.002963
mean,15,top5_either,16,VEDL,short,0.0023337504675569,,SHORT: r5y >= 2.763 AND intra0 <= 0.005578 AND pre5_vs_own >= -0.002963
mean,15,top5_either,16,LT,short,-0.0784646666253017,,SHORT: r5y >= 2.763 AND intra0 <= 0.005578 AND pre5_vs_own >= -0.002963
mean,15,top5_either,16,JSWENERGY,short,-0.0614398132948874,,SHORT: r5y >= 2.763 AND intra0 <= 0.005578 AND pre5_vs_own >= -0.002963
mean,15,top5_either,16,JSWSTEEL,short,-0.0311790292981419,,SHORT: r5y >= 2.763 AND intra0 <= 0.005578 AND pre5_vs_own >= -0.002963
mean,30,best_short,16,TATAELXSI,short,-0.1101437631050926,,SHORT: r5y >= 1.433 AND intra0 <= 0.005578 AND pre5_vs_own >= -0.002963
mean,30,best_short,16,TECHM,short,-0.0613555588958183,,SHORT: r5y >= 1.433 AND intra0 <= 0.005578 AND pre5_vs_own >= -0.002963
mean,30,best_short,16,HINDZINC,short,-0.0085514493245857,,SHORT: r5y >= 1.433 AND intra0 <= 0.005578 AND pre5_vs_own >= -0.002963
mean,30,best_short,16,KPITTECH,short,-0.0417418176724979,,SHORT: r5y >= 1.433 AND intra0 <= 0.005578 AND pre5_vs_own >= -0.002963
mean,30,best_short,16,VEDL,short,0.0023337504675569,,SHORT: r5y >= 1.433 AND intra0 <= 0.005578 AND pre5_vs_own >= -0.002963
mean,30,best_short,16,LT,short,-0.0784646666253017,,SHORT: r5y >= 1.433 AND intra0 <= 0.005578 AND pre5_vs_own >= -0.002963
mean,30,best_short,16,MUTHOOTFIN,short,0.0670437189311208,,SHORT: r5y >= 1.433 AND intra0 <= 0.005578 AND pre5_vs_own >= -0.002963
mean,30,best_short,16,JSWENERGY,short,-0.0614398132948874,,SHORT: r5y >= 1.433 AND intra0 <= 0.005578 AND pre5_vs_own >= -0.002963
mean,30,best_short,16,TORNTPHARM,short,-0.0071136583825954,,SHORT: r5y >= 1.433 AND intra0 <= 0.005578 AND pre5_vs_own >= -0.002963
mean,30,best_short,16,ZYDUSLIFE,short,0.0140116178644145,,SHORT: r5y >= 1.433 AND intra0 <= 0.005578 AND pre5_vs_own >= -0.002963
mean,30,best_short,16,JSWSTEEL,short,-0.0311790292981419,,SHORT: r5y >= 1.433 AND intra0 <= 0.005578 AND pre5_vs_own >= -0.002963
mean,30,best_short,16,NTPC,short,0.0082294178369559,,SHORT: r5y >= 1.433 AND intra0 <= 0.005578 AND pre5_vs_own >= -0.002963
mean,30,top5_either,16,RECLTD,long,-0.0504653957620653,-0.0504653957620653,LONG: r6m <= -0.1649 AND r2d <= -0.02379 AND intra5 <= -0.01963
mean,30,top5_either,16,RECLTD,long,-0.0504653957620653,-0.0504653957620653,LONG: r6m <= -0.1649 AND vs_nifty_1w <= -0.01398 AND r2d <= -0.02379
mean,30,top5_either,16,RECLTD,long,-0.0504653957620653,-0.0504653957620653,LONG: r6m <= -0.1649 AND vs_nifty_1w <= -0.02158 AND r2d <= -0.02379
mean,60,best_short,16,TATAELXSI,short,-0.1101437631050926,,SHORT: nifty_3m <= 0.05513 AND days_after_quarter_end <= 25 AND vol5_60 <= 1.146
mean,60,best_short,16,HCLTECH,short,-0.1062808528434128,,SHORT: nifty_3m <= 0.05513 AND days_after_quarter_end <= 25 AND vol5_60 <= 1.146
mean,60,best_short,16,LTM,short,-0.0547776510014609,,SHORT: nifty_3m <= 0.05513 AND days_after_quarter_end <= 25 AND vol5_60 <= 1.146
mean,60,best_short,16,PERSISTENT,short,-0.0621525227654532,,SHORT: nifty_3m <= 0.05513 AND days_after_quarter_end <= 25 AND vol5_60 <= 1.146
mean,60,best_short,16,TECHM,short,-0.0613555588958183,,SHORT: nifty_3m <= 0.05513 AND days_after_quarter_end <= 25 AND vol5_60 <= 1.146
mean,60,best_short,16,HINDZINC,short,-0.0085514493245857,,SHORT: nifty_3m <= 0.05513 AND days_after_quarter_end <= 25 AND vol5_60 <= 1.146
mean,60,top5_either,16,WIPRO,long,-0.0107222203918806,0.0326858151421391,LONG: nifty_3m <= -0.01968 AND r2d <= -0.02379 AND dist_20h <= -0.0419
mean,60,top5_either,16,WIPRO,long,-0.0107222203918806,0.0326858151421391,LONG: nifty_3m <= -0.01968 AND r2d <= -0.02379 AND dist_20h <= -0.06272
mean,60,top5_either,16,WIPRO,long,-0.0107222203918806,0.0326858151421391,LONG: nifty_3m <= -0.01968 AND r2d <= -0.02379 AND dist_20h <= -0.04882
fpos,15,best_short,16,TATAELXSI,short,-0.1101437631050926,,SHORT: r5y >= 2.763 AND intra0 <= 0.005578 AND pre5_vs_own >= -0.002963
fpos,15,best_short,16,KPITTECH,short,-0.0417418176724979,,SHORT: r5y >= 2.763 AND intra0 <= 0.005578 AND pre5_vs_own >= -0.002963
fpos,15,best_short,16,VEDL,short,0.0023337504675569,,SHORT: r5y >= 2.763 AND intra0 <= 0.005578 AND pre5_vs_own >= -0.002963
fpos,15,best_short,16,LT,short,-0.0784646666253017,,SHORT: r5y >= 2.763 AND intra0 <= 0.005578 AND pre5_vs_own >= -0.002963
fpos,15,best_short,16,JSWENERGY,short,-0.0614398132948874,,SHORT: r5y >= 2.763 AND intra0 <= 0.005578 AND pre5_vs_own >= -0.002963
fpos,15,best_short,16,JSWSTEEL,short,-0.0311790292981419,,SHORT: r5y >= 2.763 AND intra0 <= 0.005578 AND pre5_vs_own >= -0.002963
fpos,15,top5_either,16,RECLTD,long,-0.0504653957620653,-0.0504653957620653,LONG: r6m <= -0.1028 AND sector_3m >= -0.1096 AND pre5_vs_own <= -0.07869
fpos,15,top5_either,16,RECLTD,long,-0.0504653957620653,-0.0504653957620653,LONG: r6m <= -0.1028 AND gap0 <= 0.006872 AND pre5_vs_own <= -0.07869
fpos,15,top5_either,16,TATAELXSI,short,-0.1101437631050926,,SHORT: r5y >= 2.763 AND intra0 <= 0.005578 AND pre5_vs_own >= -0.002963
fpos,15,top5_either,16,KPITTECH,short,-0.0417418176724979,,SHORT: r5y >= 2.763 AND intra0 <= 0.005578 AND pre5_vs_own >= -0.002963
fpos,15,top5_either,16,VEDL,short,0.0023337504675569,,SHORT: r5y >= 2.763 AND intra0 <= 0.005578 AND pre5_vs_own >= -0.002963
fpos,15,top5_either,16,LT,short,-0.0784646666253017,,SHORT: r5y >= 2.763 AND intra0 <= 0.005578 AND pre5_vs_own >= -0.002963
fpos,15,top5_either,16,JSWENERGY,short,-0.0614398132948874,,SHORT: r5y >= 2.763 AND intra0 <= 0.005578 AND pre5_vs_own >= -0.002963
fpos,15,top5_either,16,JSWSTEEL,short,-0.0311790292981419,,SHORT: r5y >= 2.763 AND intra0 <= 0.005578 AND pre5_vs_own >= -0.002963
fpos,30,best_either,16,TCS,long,-0.0135586658192123,-0.0135586658192123,LONG: vs_ma200 <= -0.153 AND volume_5d_vs_60d >= 0.7943 AND vs_nifty_1w <= -0.02158
fpos,30,best_either,16,INFY,long,0.0176736785903496,0.0176736785903496,LONG: vs_ma200 <= -0.153 AND volume_5d_vs_60d >= 0.7943 AND vs_nifty_1w <= -0.02158
fpos,30,best_either,16,TATAELXSI,long,0.1101437631050926,0.0843107417647707,LONG: vs_ma200 <= -0.153 AND volume_5d_vs_60d >= 0.7943 AND vs_nifty_1w <= -0.02158
fpos,30,best_either,16,HCLTECH,long,0.1062808528434128,0.0305980528511822,LONG: vs_ma200 <= -0.153 AND volume_5d_vs_60d >= 0.7943 AND vs_nifty_1w <= -0.02158
fpos,30,best_either,16,LTM,long,0.0547776510014609,0.0554168821606735,LONG: vs_ma200 <= -0.153 AND volume_5d_vs_60d >= 0.7943 AND vs_nifty_1w <= -0.02158
fpos,30,best_either,16,BHARATFORG,long,0.0720760647656809,0.0492964223305436,LONG: vs_ma200 <= -0.153 AND volume_5d_vs_60d >= 0.7943 AND vs_nifty_1w <= -0.02158
fpos,30,best_long,16,TCS,long,-0.0135586658192123,-0.0135586658192123,LONG: vs_ma200 <= -0.153 AND volume_5d_vs_60d >= 0.7943 AND vs_nifty_1w <= -0.02158
fpos,30,best_long,16,INFY,long,0.0176736785903496,0.0176736785903496,LONG: vs_ma200 <= -0.153 AND volume_5d_vs_60d >= 0.7943 AND vs_nifty_1w <= -0.02158
fpos,30,best_long,16,TATAELXSI,long,0.1101437631050926,0.0843107417647707,LONG: vs_ma200 <= -0.153 AND volume_5d_vs_60d >= 0.7943 AND vs_nifty_1w <= -0.02158
fpos,30,best_long,16,HCLTECH,long,0.1062808528434128,0.0305980528511822,LONG: vs_ma200 <= -0.153 AND volume_5d_vs_60d >= 0.7943 AND vs_nifty_1w <= -0.02158
fpos,30,best_long,16,LTM,long,0.0547776510014609,0.0554168821606735,LONG: vs_ma200 <= -0.153 AND volume_5d_vs_60d >= 0.7943 AND vs_nifty_1w <= -0.02158
fpos,30,best_long,16,BHARATFORG,long,0.0720760647656809,0.0492964223305436,LONG: vs_ma200 <= -0.153 AND volume_5d_vs_60d >= 0.7943 AND vs_nifty_1w <= -0.02158
fpos,30,best_short,16,PERSISTENT,short,-0.0621525227654532,,SHORT: r3y >= 0.8584 AND nifty_3m <= 0.05513 AND days_after_quarter_end <= 25
fpos,30,top5_either,16,TCS,long,-0.0135586658192123,-0.0135586658192123,LONG: vs_ma200 <= -0.153 AND volume_5d_vs_60d >= 0.7943 AND vs_nifty_1w <= -0.02158
fpos,30,top5_either,16,INFY,long,0.0176736785903496,0.0176736785903496,LONG: vs_ma200 <= -0.153 AND volume_5d_vs_60d >= 0.7943 AND vs_nifty_1w <= -0.02158
fpos,30,top5_either,16,TATAELXSI,long,0.1101437631050926,0.0843107417647707,LONG: vs_ma200 <= -0.153 AND volume_5d_vs_60d >= 0.7943 AND vs_nifty_1w <= -0.02158
fpos,30,top5_either,16,HCLTECH,long,0.1062808528434128,0.0305980528511822,LONG: vs_ma200 <= -0.153 AND volume_5d_vs_60d >= 0.7943 AND vs_nifty_1w <= -0.02158
fpos,30,top5_either,16,LTM,long,0.0547776510014609,0.0554168821606735,LONG: vs_ma200 <= -0.153 AND volume_5d_vs_60d >= 0.7943 AND vs_nifty_1w <= -0.02158
fpos,30,top5_either,16,BHARATFORG,long,0.0720760647656809,0.0492964223305436,LONG: vs_ma200 <= -0.153 AND volume_5d_vs_60d >= 0.7943 AND vs_nifty_1w <= -0.02158
fpos,30,top5_either,16,TCS,long,-0.0135586658192123,-0.0135586658192123,LONG: vs_ma200 <= -0.153 AND volume_5d_vs_60d >= 0.7943 AND z5 <= -0.2843
fpos,30,top5_either,16,INFY,long,0.0176736785903496,0.0176736785903496,LONG: vs_ma200 <= -0.153 AND volume_5d_vs_60d >= 0.7943 AND z5 <= -0.2843
fpos,30,top5_either,16,BHARATFORG,long,0.0720760647656809,0.0492964223305436,LONG: vs_ma200 <= -0.153 AND volume_5d_vs_60d >= 0.7943 AND z5 <= -0.2843
fpos,30,top5_either,16,TCS,long,-0.0135586658192123,-0.0135586658192123,LONG: r6m <= -0.1028 AND vs_nifty_1w <= -0.03646 AND nifty_3d <= -0.004176
fpos,30,top5_either,16,BHARATFORG,long,0.0720760647656809,0.0492964223305436,LONG: vs_ma200 <= -0.153 AND volume_5d_vs_60d >= 0.7943 AND intra5 <= -0.01963
fpos,60,best_short,16,TATAELXSI,short,-0.1101437631050926,,SHORT: nifty_3m <= 0.05513 AND days_after_quarter_end <= 25 AND vol5_60 <= 1.146
fpos,60,best_short,16,HCLTECH,short,-0.1062808528434128,,SHORT: nifty_3m <= 0.05513 AND days_after_quarter_end <= 25 AND vol5_60 <= 1.146
fpos,60,best_short,16,LTM,short,-0.0547776510014609,,SHORT: nifty_3m <= 0.05513 AND days_after_quarter_end <= 25 AND vol5_60 <= 1.146
fpos,60,best_short,16,PERSISTENT,short,-0.0621525227654532,,SHORT: nifty_3m <= 0.05513 AND days_after_quarter_end <= 25 AND vol5_60 <= 1.146
fpos,60,best_short,16,TECHM,short,-0.0613555588958183,,SHORT: nifty_3m <= 0.05513 AND days_after_quarter_end <= 25 AND vol5_60 <= 1.146
fpos,60,best_short,16,HINDZINC,short,-0.0085514493245857,,SHORT: nifty_3m <= 0.05513 AND days_after_quarter_end <= 25 AND vol5_60 <= 1.146
fpos,60,top5_either,16,TATAELXSI,short,-0.1101437631050926,,SHORT: nifty_3m <= 0.05513 AND days_after_quarter_end <= 25 AND vol5_60 <= 1.146
fpos,60,top5_either,16,HCLTECH,short,-0.1062808528434128,,SHORT: nifty_3m <= 0.05513 AND days_after_quarter_end <= 25 AND vol5_60 <= 1.146
fpos,60,top5_either,16,LTM,short,-0.0547776510014609,,SHORT: nifty_3m <= 0.05513 AND days_after_quarter_end <= 25 AND vol5_60 <= 1.146
fpos,60,top5_either,16,PERSISTENT,short,-0.0621525227654532,,SHORT: nifty_3m <= 0.05513 AND days_after_quarter_end <= 25 AND vol5_60 <= 1.146
fpos,60,top5_either,16,TECHM,short,-0.0613555588958183,,SHORT: nifty_3m <= 0.05513 AND days_after_quarter_end <= 25 AND vol5_60 <= 1.146
fpos,60,top5_either,16,HINDZINC,short,-0.0085514493245857,,SHORT: nifty_3m <= 0.05513 AND days_after_quarter_end <= 25 AND vol5_60 <= 1.146
fpos,60,top5_either,16,TCS,long,-0.0135586658192123,-0.0135586658192123,LONG: volume_5d_vs_60d >= 0.8604 AND r3d <= 0.04211 AND r10d <= -0.07832
fpos,60,top5_either,16,WIPRO,long,-0.0107222203918806,0.0326858151421391,LONG: volume_5d_vs_60d >= 0.8604 AND r3d <= 0.04211 AND r10d <= -0.07832
fpos,60,top5_either,16,INFY,long,0.0176736785903496,0.0176736785903496,LONG: volume_5d_vs_60d >= 0.8604 AND r3d <= 0.04211 AND r10d <= -0.07832
worst,15,best_either,16,RECLTD,long,-0.0504653957620653,-0.0504653957620653,LONG: r6m <= -0.1028 AND r3y >= 0.2215 AND pre5_vs_own <= -0.07869
worst,15,best_long,16,RECLTD,long,-0.0504653957620653,-0.0504653957620653,LONG: r6m <= -0.1028 AND r3y >= 0.2215 AND pre5_vs_own <= -0.07869
worst,15,top5_either,16,RECLTD,long,-0.0504653957620653,-0.0504653957620653,LONG: r6m <= -0.1028 AND r3y >= 0.2215 AND pre5_vs_own <= -0.07869
worst,15,top5_either,16,VOLTAS,long,-0.0137164626114547,-0.0137164626114547,LONG: r6m <= -0.1028 AND vs_nifty_1m <= -0.141 AND prev_sales_yoy >= 0.149
worst,15,top5_either,16,VOLTAS,long,-0.0137164626114547,-0.0137164626114547,LONG: r6m <= -0.1028 AND vs_nifty_1m <= -0.141 AND prev_sales_yoy >= 0.1058
worst,15,top5_either,16,TCS,long,-0.0135586658192123,-0.0135586658192123,LONG: r6m <= -0.1028 AND peers_reported_n <= 1 AND pre5_vs_own <= -0.06873
worst,30,best_short,16,WIPRO,short,0.0107222203918806,,SHORT: nifty_3m <= -0.001976 AND past_pct_up >= 0.4444 AND days_after_quarter_end <= 25
worst,30,best_short,16,INFY,short,-0.0176736785903496,,SHORT: nifty_3m <= -0.001976 AND past_pct_up >= 0.4444 AND days_after_quarter_end <= 25
worst,30,top5_either,16,TATAELXSI,long,0.1101437631050926,0.0843107417647707,LONG: r1y <= 0.06712 AND from_52w_high <= -0.3576 AND sec_rank_3m <= 0.5789
worst,30,top5_either,16,LTM,long,0.0547776510014609,0.0554168821606735,LONG: r1y <= 0.06712 AND from_52w_high <= -0.3576 AND sec_rank_3m <= 0.5789
worst,30,top5_either,16,SONACOMS,long,0.0728211149424022,0.0617377226119806,LONG: r1y <= 0.06712 AND from_52w_high <= -0.3576 AND sec_rank_3m <= 0.5789
worst,30,top5_either,16,BHARATFORG,long,0.0720760647656809,0.0492964223305436,LONG: r1y <= 0.06712 AND from_52w_high <= -0.3576 AND sec_rank_3m <= 0.5789
worst,30,top5_either,16,IDEA,long,-0.0121073824087017,-0.0121073824087017,LONG: r1y <= 0.06712 AND from_52w_high <= -0.3576 AND sec_rank_3m <= 0.5789
worst,30,top5_either,16,TATAELXSI,long,0.1101437631050926,0.0843107417647707,LONG: r1y <= 0.06712 AND from_52w_high <= -0.3576 AND sec_vs_nifty_3m <= 0.01263
worst,30,top5_either,16,LTM,long,0.0547776510014609,0.0554168821606735,LONG: r1y <= 0.06712 AND from_52w_high <= -0.3576 AND sec_vs_nifty_3m <= 0.01263
worst,30,top5_either,16,SONACOMS,long,0.0728211149424022,0.0617377226119806,LONG: r1y <= 0.06712 AND from_52w_high <= -0.3576 AND sec_vs_nifty_3m <= 0.01263
worst,30,top5_either,16,BHARATFORG,long,0.0720760647656809,0.0492964223305436,LONG: r1y <= 0.06712 AND from_52w_high <= -0.3576 AND sec_vs_nifty_3m <= 0.01263
worst,30,top5_either,16,IDEA,long,-0.0121073824087017,-0.0121073824087017,LONG: r1y <= 0.06712 AND from_52w_high <= -0.3576 AND sec_vs_nifty_3m <= 0.01263
worst,30,top5_either,16,TCS,long,-0.0135586658192123,-0.0135586658192123,LONG: r6m <= -0.1649 AND nifty_3m <= 0.02568 AND z5 <= -0.9524
worst,60,top5_either,16,TCS,long,-0.0135586658192123,-0.0135586658192123,LONG: nifty_3m <= 0.05513 AND nifty_3d <= -0.008036 AND dist_60h <= -0.1476
mean,15,top5_either,17,GODREJPROP,long,-0.014151285166214,-0.014151285166214,LONG: vs_ma200 <= -0.09253 AND vs_sector_1w <= -0.04708 AND pre5_vs_own <= -0.09405
mean,15,top5_either,17,INOXWIND,long,-0.0050319899030564,-0.0050319899030564,LONG: vs_ma200 <= -0.09253 AND vs_sector_1w <= -0.04708 AND pre5_vs_own <= -0.09405
mean,30,best_short,17,APLAPOLLO,short,0.069363157470034,,SHORT: vs_ma50 <= -0.05437 AND vol60 <= 0.2275 AND prev1_next20 >= -0.04507
mean,30,top5_either,17,INOXWIND,long,-0.0050319899030564,-0.0050319899030564,LONG: vs_ma200 <= -0.166 AND vs_nifty_1w <= -0.02095 AND past_pct_up >= 0.3817
mean,30,top5_either,17,LODHA,long,-0.058787848394167,-0.058787848394167,LONG: sec_rank_1m >= 0.1158 AND gap5 <= -0.007895 AND sec_d0 <= 0.00129
mean,30,top5_either,17,RVNL,long,-0.0301353565662264,-0.0301353565662264,LONG: sec_rank_1m >= 0.1158 AND gap5 <= -0.007895 AND sec_d0 <= 0.00129
mean,60,best_either,17,LODHA,long,-0.058787848394167,-0.058787848394167,LONG: days_after_quarter_end >= 21 AND gap5 <= -0.007895 AND dist_20l <= 0.06479
mean,60,best_either,17,CHOLAFIN,long,-0.0424669116317214,-0.0424669116317214,LONG: days_after_quarter_end >= 21 AND gap5 <= -0.007895 AND dist_20l <= 0.06479
mean,60,best_either,17,GODREJPROP,long,-0.014151285166214,-0.014151285166214,LONG: days_after_quarter_end >= 21 AND gap5 <= -0.007895 AND dist_20l <= 0.06479
mean,60,best_either,17,BHARATFORG,long,-0.0130515398747194,-0.0130515398747194,LONG: days_after_quarter_end >= 21 AND gap5 <= -0.007895 AND dist_20l <= 0.06479
mean,60,best_either,17,HINDPETRO,long,0.0175263959530462,0.0175263959530462,LONG: days_after_quarter_end >= 21 AND gap5 <= -0.007895 AND dist_20l <= 0.06479
mean,60,best_either,17,RVNL,long,-0.0301353565662264,-0.0301353565662264,LONG: days_after_quarter_end >= 21 AND gap5 <= -0.007895 AND dist_20l <= 0.06479
mean,60,best_long,17,LODHA,long,-0.058787848394167,-0.058787848394167,LONG: days_after_quarter_end >= 21 AND gap5 <= -0.007895 AND dist_20l <= 0.06479
mean,60,best_long,17,CHOLAFIN,long,-0.0424669116317214,-0.0424669116317214,LONG: days_after_quarter_end >= 21 AND gap5 <= -0.007895 AND dist_20l <= 0.06479
mean,60,best_long,17,GODREJPROP,long,-0.014151285166214,-0.014151285166214,LONG: days_after_quarter_end >= 21 AND gap5 <= -0.007895 AND dist_20l <= 0.06479
mean,60,best_long,17,BHARATFORG,long,-0.0130515398747194,-0.0130515398747194,LONG: days_after_quarter_end >= 21 AND gap5 <= -0.007895 AND dist_20l <= 0.06479
mean,60,best_long,17,HINDPETRO,long,0.0175263959530462,0.0175263959530462,LONG: days_after_quarter_end >= 21 AND gap5 <= -0.007895 AND dist_20l <= 0.06479
mean,60,best_long,17,RVNL,long,-0.0301353565662264,-0.0301353565662264,LONG: days_after_quarter_end >= 21 AND gap5 <= -0.007895 AND dist_20l <= 0.06479
mean,60,best_short,17,IREDA,short,0.0377679863345308,,SHORT: vs_nifty_3m >= -0.1752 AND days_after_quarter_end <= 24 AND d2 >= -0.007659
mean,60,best_short,17,TATAELXSI,short,0.0171663372399309,,SHORT: vs_nifty_3m >= -0.1752 AND days_after_quarter_end <= 24 AND d2 >= -0.007659
mean,60,best_short,17,ANGELONE,short,-0.0227851688512934,,SHORT: vs_nifty_3m >= -0.1752 AND days_after_quarter_end <= 24 AND d2 >= -0.007659
mean,60,best_short,17,AXISBANK,short,0.057380392985318,,SHORT: vs_nifty_3m >= -0.1752 AND days_after_quarter_end <= 24 AND d2 >= -0.007659
mean,60,best_short,17,HINDZINC,short,-0.0217156521836781,,SHORT: vs_nifty_3m >= -0.1752 AND days_after_quarter_end <= 24 AND d2 >= -0.007659
mean,60,top5_either,17,LODHA,long,-0.058787848394167,-0.058787848394167,LONG: days_after_quarter_end >= 21 AND gap5 <= -0.007895 AND dist_20l <= 0.06479
mean,60,top5_either,17,CHOLAFIN,long,-0.0424669116317214,-0.0424669116317214,LONG: days_after_quarter_end >= 21 AND gap5 <= -0.007895 AND dist_20l <= 0.06479
mean,60,top5_either,17,GODREJPROP,long,-0.014151285166214,-0.014151285166214,LONG: days_after_quarter_end >= 21 AND gap5 <= -0.007895 AND dist_20l <= 0.06479
mean,60,top5_either,17,BHARATFORG,long,-0.0130515398747194,-0.0130515398747194,LONG: days_after_quarter_end >= 21 AND gap5 <= -0.007895 AND dist_20l <= 0.06479
mean,60,top5_either,17,HINDPETRO,long,0.0175263959530462,0.0175263959530462,LONG: days_after_quarter_end >= 21 AND gap5 <= -0.007895 AND dist_20l <= 0.06479
mean,60,top5_either,17,RVNL,long,-0.0301353565662264,-0.0301353565662264,LONG: days_after_quarter_end >= 21 AND gap5 <= -0.007895 AND dist_20l <= 0.06479
mean,60,top5_either,17,TECHM,long,-0.0077278055341959,-0.0077278055341959,LONG: gap0 <= 0.01487 AND gap5 <= -0.007895 AND exn_d0 <= 0.008635
mean,60,top5_either,17,LODHA,long,-0.058787848394167,-0.058787848394167,LONG: gap0 <= 0.01487 AND gap5 <= -0.007895 AND exn_d0 <= 0.008635
mean,60,top5_either,17,CHOLAFIN,long,-0.0424669116317214,-0.0424669116317214,LONG: gap0 <= 0.01487 AND gap5 <= -0.007895 AND exn_d0 <= 0.008635
mean,60,top5_either,17,GODREJPROP,long,-0.014151285166214,-0.014151285166214,LONG: gap0 <= 0.01487 AND gap5 <= -0.007895 AND exn_d0 <= 0.008635
mean,60,top5_either,17,HINDPETRO,long,0.0175263959530462,0.0175263959530462,LONG: gap0 <= 0.01487 AND gap5 <= -0.007895 AND exn_d0 <= 0.008635
mean,60,top5_either,17,RVNL,long,-0.0301353565662264,-0.0301353565662264,LONG: gap0 <= 0.01487 AND gap5 <= -0.007895 AND exn_d0 <= 0.008635
mean,60,top5_either,17,COFORGE,long,0.0264597231543429,0.0264597231543429,LONG: days_after_quarter_end >= 26 AND d2 <= 0.01262 AND r10d <= -0.07782
mean,60,top5_either,17,MAZDOCK,long,-0.0830434453520357,-0.0830434453520357,LONG: days_after_quarter_end >= 26 AND d2 <= 0.01262 AND r10d <= -0.07782
mean,60,top5_either,17,NAUKRI,long,-0.0006508368532652,-0.0006508368532652,LONG: days_after_quarter_end >= 26 AND d2 <= 0.01262 AND r10d <= -0.07782
mean,60,top5_either,17,BDL,long,0.0622376047371336,0.0622376047371336,LONG: days_after_quarter_end >= 26 AND d2 <= 0.01262 AND r10d <= -0.07782
mean,60,top5_either,17,RVNL,long,-0.0301353565662264,-0.0301353565662264,LONG: days_after_quarter_end >= 26 AND d2 <= 0.01262 AND r10d <= -0.07782
mean,60,top5_either,17,MOTHERSON,long,0.0259492923165688,0.0259492923165688,LONG: days_after_quarter_end >= 26 AND d2 <= 0.01262 AND r10d <= -0.07782
mean,60,top5_either,17,IDEA,long,0.0003860905454582,0.0003860905454582,LONG: days_after_quarter_end >= 26 AND d2 <= 0.01262 AND r10d <= -0.07782
mean,60,top5_either,17,INOXWIND,long,-0.0050319899030564,-0.0050319899030564,LONG: days_after_quarter_end >= 26 AND d2 <= 0.01262 AND r10d <= -0.07782
mean,60,top5_either,17,COFORGE,long,0.0264597231543429,0.0264597231543429,LONG: r2d <= -0.03214 AND sec_3d <= -0.01335 AND own_abs3d <= 0.0736
mean,60,top5_either,17,CAMS,long,-0.0409142879427285,-0.0409142879427285,LONG: r2d <= -0.03214 AND sec_3d <= -0.01335 AND own_abs3d <= 0.0736
mean,60,top5_either,17,BDL,long,0.0622376047371336,0.0622376047371336,LONG: r2d <= -0.03214 AND sec_3d <= -0.01335 AND own_abs3d <= 0.0736
fpos,15,top5_either,17,GODREJPROP,long,-0.014151285166214,-0.014151285166214,LONG: vs_ma200 <= -0.09253 AND vs_sector_1w <= -0.04708 AND pre5_vs_own <= -0.09405
fpos,15,top5_either,17,INOXWIND,long,-0.0050319899030564,-0.0050319899030564,LONG: vs_ma200 <= -0.09253 AND vs_sector_1w <= -0.04708 AND pre5_vs_own <= -0.09405
fpos,30,top5_either,17,INOXWIND,long,-0.0050319899030564,-0.0050319899030564,LONG: vs_ma200 <= -0.166 AND vs_nifty_1w <= -0.02095 AND past_pct_up >= 0.3817
fpos,60,best_short,17,ANGELONE,short,-0.0227851688512934,,SHORT: days_after_quarter_end <= 24 AND sec_vs_200dma >= -0.0149 AND d1 <= -0.0004117
fpos,60,best_short,17,AXISBANK,short,0.057380392985318,,SHORT: days_after_quarter_end <= 24 AND sec_vs_200dma >= -0.0149 AND d1 <= -0.0004117
worst,30,best_short,17,MAZDOCK,short,0.0830434453520357,,SHORT: prev1_next20 <= -0.08217 AND prev_net_margin <= 0.43 AND r10d <= -0.01224
worst,30,top5_either,17,INOXWIND,long,-0.0050319899030564,-0.0050319899030564,LONG: r6m <= -0.1695 AND vs_ma50 <= -0.09997 AND vs_nifty_1w <= -0.02095
worst,60,top5_either,17,RVNL,long,-0.0301353565662264,-0.0301353565662264,LONG: vs_ma200 <= -0.1326 AND past_pct_up >= 0.3817 AND days_after_quarter_end >= 21
worst,60,top5_either,17,INOXWIND,long,-0.0050319899030564,-0.0050319899030564,LONG: vs_ma200 <= -0.1326 AND past_pct_up >= 0.3817 AND days_after_quarter_end >= 21
worst,60,top5_either,17,INOXWIND,long,-0.0050319899030564,-0.0050319899030564,LONG: vs_ma200 <= -0.166 AND prev1_3d <= 0.06756 AND past_avg_3d >= -0.03692
mean,15,best_short,18,POWERINDIA,short,-0.1409252356849153,,SHORT: vol60 <= 0.4535 AND past_pct_up >= 0.3333 AND exn_3d >= 0.03078
mean,30,best_short,18,GODREJCP,short,-0.0642717172901472,,SHORT: vs_ma50 <= -0.05513 AND vol60 <= 0.23 AND prev1_next20 >= -0.0443
mean,30,best_short,18,CROMPTON,short,0.0246110475244577,,SHORT: vs_ma50 <= -0.05513 AND vol60 <= 0.23 AND prev1_next20 >= -0.0443
mean,30,best_short,18,TRENT,short,0.0813557022360391,,SHORT: vs_ma50 <= -0.05513 AND vol60 <= 0.23 AND prev1_next20 >= -0.0443
mean,30,best_short,18,BOSCHLTD,short,-0.0123499666664819,,SHORT: vs_ma50 <= -0.05513 AND vol60 <= 0.23 AND prev1_next20 >= -0.0443
mean,30,best_short,18,JUBLFOOD,short,-0.0617761314979782,,SHORT: vs_ma50 <= -0.05513 AND vol60 <= 0.23 AND prev1_next20 >= -0.0443
mean,60,best_either,18,SOLARINDS,long,0.0309156985920694,0.0309156985920694,LONG: vs_nifty_1m <= -0.05553 AND r2d <= -0.03215 AND sec_3d <= -0.01337
mean,60,best_long,18,SOLARINDS,long,0.0309156985920694,0.0309156985920694,LONG: vs_nifty_1m <= -0.05553 AND r2d <= -0.03215 AND sec_3d <= -0.01337
mean,60,best_short,18,HAVELLS,short,-0.0144708704024767,,SHORT: vs_sector_3m <= -0.02782 AND iv_vs_realised >= 1.034 AND days_after_quarter_end <= 25
mean,60,top5_either,18,SOLARINDS,long,0.0309156985920694,0.0309156985920694,LONG: vs_nifty_1m <= -0.05553 AND r2d <= -0.03215 AND sec_3d <= -0.01337
mean,60,top5_either,18,SOLARINDS,long,0.0309156985920694,0.0309156985920694,LONG: r2d <= -0.03215 AND sec_3d <= -0.01337 AND pre5_vs_own <= -0.03503
mean,60,top5_either,18,JUBLFOOD,long,0.0617761314979782,0.0617761314979782,LONG: r6m <= -0.1664 AND volume_5d_vs_60d >= 0.793 AND vs_nifty_1w <= 0.01564
mean,60,top5_either,18,SOLARINDS,long,0.0309156985920694,0.0309156985920694,LONG: nifty_1m <= 0.04592 AND r2d <= -0.03215 AND sec_3d <= -0.01337
mean,60,top5_either,18,SOLARINDS,long,0.0309156985920694,0.0309156985920694,LONG: nifty_1m <= 0.04892 AND r2d <= -0.03215 AND sec_3d <= -0.01337
fpos,15,best_short,18,POWERINDIA,short,-0.1409252356849153,,SHORT: vol60 <= 0.4535 AND past_pct_up >= 0.3333 AND exn_3d >= 0.03078
fpos,60,best_either,18,JUBLFOOD,long,0.0617761314979782,0.0617761314979782,LONG: r6m <= -0.1664 AND volume_5d_vs_60d >= 0.793 AND vs_nifty_1w <= 0.01564
fpos,60,best_long,18,JUBLFOOD,long,0.0617761314979782,0.0617761314979782,LONG: r6m <= -0.1664 AND volume_5d_vs_60d >= 0.793 AND vs_nifty_1w <= 0.01564
fpos,60,top5_either,18,JUBLFOOD,long,0.0617761314979782,0.0617761314979782,LONG: r6m <= -0.1664 AND volume_5d_vs_60d >= 0.793 AND vs_nifty_1w <= 0.01564
fpos,60,top5_either,18,JUBLFOOD,long,0.0617761314979782,0.0617761314979782,LONG: r6m <= -0.1664 AND volume_5d_vs_60d >= 0.793 AND days_since_dividend >= 76
fpos,60,top5_either,18,JUBLFOOD,long,0.0617761314979782,0.0617761314979782,LONG: r6m <= -0.1664 AND volume_5d_vs_60d >= 0.793 AND vs_nifty_1w <= 0.02842
fpos,60,top5_either,18,JUBLFOOD,long,0.0617761314979782,0.0617761314979782,LONG: r6m <= -0.1664 AND volume_5d_vs_60d >= 0.793 AND peers_reported_n <= 9
fpos,60,top5_either,18,SOLARINDS,long,0.0309156985920694,0.0309156985920694,LONG: r2d <= -0.03215 AND r20d <= -0.04682 AND sec_3d <= -0.01337
worst,15,top5_either,18,PGEL,long,0.0906331326929762,0.0572968202432487,LONG: vs_ma200 <= -0.1575 AND past_pct_up >= 0.3846 AND nifty_d0 >= 0.001692
worst,30,best_short,18,DMART,short,0.0230934048380487,,SHORT: vs_nifty_3m >= -0.1237 AND nifty_3m <= 0.006696 AND days_after_quarter_end <= 23.8
worst,30,best_short,18,TECHM,short,-0.0013316380725283,,SHORT: vs_nifty_3m >= -0.1237 AND nifty_3m <= 0.006696 AND days_after_quarter_end <= 23.8
worst,30,best_short,18,DIXON,short,0.0419806253183121,,SHORT: vs_nifty_3m >= -0.1237 AND nifty_3m <= 0.006696 AND days_after_quarter_end <= 23.8
worst,30,best_short,18,HAVELLS,short,-0.0144708704024767,,SHORT: vs_nifty_3m >= -0.1237 AND nifty_3m <= 0.006696 AND days_after_quarter_end <= 23.8
worst,60,best_either,18,JUBLFOOD,long,0.0617761314979782,0.0617761314979782,LONG: r6m <= -0.1664 AND volume_5d_vs_60d >= 0.793 AND days_since_dividend >= 76
worst,60,best_long,18,JUBLFOOD,long,0.0617761314979782,0.0617761314979782,LONG: r6m <= -0.1664 AND volume_5d_vs_60d >= 0.793 AND days_since_dividend >= 76
worst,60,top5_either,18,JUBLFOOD,long,0.0617761314979782,0.0617761314979782,LONG: r6m <= -0.1664 AND volume_5d_vs_60d >= 0.793 AND days_since_dividend >= 76
worst,60,top5_either,18,PGEL,long,0.0906331326929762,0.0572968202432487,LONG: vs_ma200 <= -0.1575 AND days_since_dividend <= 630.4 AND own_rd >= -0.0187
worst,60,top5_either,18,PGEL,long,0.0906331326929762,0.0572968202432487,LONG: vs_ma200 <= -0.1575 AND days_since_dividend <= 1955 AND own_rd >= -0.0187
worst,60,top5_either,18,PGEL,long,0.0906331326929762,0.0572968202432487,LONG: vs_ma200 <= -0.1575 AND past_avg_3d >= -0.0367 AND days_since_dividend <= 630.4
mean,15,best_either,19,LODHA,long,0.0558060456995435,0.0318043236028908,LONG: r6m <= -0.105 AND sector_3m >= -0.12 AND pre5_vs_own <= -0.08967
mean,15,best_either,19,PRESTIGE,long,0.0492373793779545,0.0492373793779545,LONG: r6m <= -0.105 AND sector_3m >= -0.12 AND pre5_vs_own <= -0.08967
mean,15,best_either,19,SWIGGY,long,-0.0057742044964493,0.0360288230584466,LONG: r6m <= -0.105 AND sector_3m >= -0.12 AND pre5_vs_own <= -0.08967
mean,15,best_long,19,LODHA,long,0.0558060456995435,0.0318043236028908,LONG: r6m <= -0.105 AND sector_3m >= -0.12 AND pre5_vs_own <= -0.08967
mean,15,best_long,19,PRESTIGE,long,0.0492373793779545,0.0492373793779545,LONG: r6m <= -0.105 AND sector_3m >= -0.12 AND pre5_vs_own <= -0.08967
mean,15,best_long,19,SWIGGY,long,-0.0057742044964493,0.0360288230584466,LONG: r6m <= -0.105 AND sector_3m >= -0.12 AND pre5_vs_own <= -0.08967
mean,15,best_short,19,ADANIENT,short,-0.142535782826374,,SHORT: r5y >= 2.215 AND season_so_far_3d <= 0.008459 AND pre5_vs_own >= 0.00887
mean,15,best_short,19,SUZLON,short,0.0221982522328376,,SHORT: r5y >= 2.215 AND season_so_far_3d <= 0.008459 AND pre5_vs_own >= 0.00887
mean,15,best_short,19,UNOMINDA,short,0.0451464297081978,,SHORT: r5y >= 2.215 AND season_so_far_3d <= 0.008459 AND pre5_vs_own >= 0.00887
mean,15,top5_either,19,LODHA,long,0.0558060456995435,0.0318043236028908,LONG: r6m <= -0.105 AND sector_3m >= -0.12 AND pre5_vs_own <= -0.08967
mean,15,top5_either,19,PRESTIGE,long,0.0492373793779545,0.0492373793779545,LONG: r6m <= -0.105 AND sector_3m >= -0.12 AND pre5_vs_own <= -0.08967
mean,15,top5_either,19,SWIGGY,long,-0.0057742044964493,0.0360288230584466,LONG: r6m <= -0.105 AND sector_3m >= -0.12 AND pre5_vs_own <= -0.08967
mean,15,top5_either,19,LODHA,long,0.0558060456995435,0.0318043236028908,LONG: r1w <= -0.08002 AND r6m <= -0.105 AND pre5_vs_own <= -0.08967
mean,15,top5_either,19,LODHA,long,0.0558060456995435,0.0318043236028908,LONG: r6m <= -0.105 AND vol20_60 >= 0.8558 AND pre5_vs_own <= -0.08967
mean,15,top5_either,19,PRESTIGE,long,0.0492373793779545,0.0492373793779545,LONG: r6m <= -0.105 AND vol20_60 >= 0.8558 AND pre5_vs_own <= -0.08967
mean,15,top5_either,19,LODHA,long,0.0558060456995435,0.0318043236028908,LONG: r1w <= -0.08002 AND r6m <= -0.105 AND sector_3m >= -0.12
mean,15,top5_either,19,SBICARD,long,-0.0013094571921908,-0.0013094571921908,LONG: r1w <= -0.08002 AND r6m <= -0.105 AND sector_3m >= -0.12
mean,15,top5_either,19,LODHA,long,0.0558060456995435,0.0318043236028908,LONG: r1w <= -0.08002 AND vs_ma200 <= -0.1521 AND days_since_dividend <= 2059
mean,30,best_either,19,DLF,long,-0.0398112892564808,-0.0398112892564808,LONG: vs_ma200 <= -0.1521 AND volume_5d_vs_60d >= 0.8451 AND vs_nifty_1w <= -0.02973
mean,30,best_either,19,LODHA,long,0.0558060456995435,0.0318043236028908,LONG: vs_ma200 <= -0.1521 AND volume_5d_vs_60d >= 0.8451 AND vs_nifty_1w <= -0.02973
mean,30,best_either,19,DIXON,long,0.0255155758919976,0.0255155758919976,LONG: vs_ma200 <= -0.1521 AND volume_5d_vs_60d >= 0.8451 AND vs_nifty_1w <= -0.02973
mean,30,best_either,19,SWIGGY,long,-0.0057742044964493,0.0360288230584466,LONG: vs_ma200 <= -0.1521 AND volume_5d_vs_60d >= 0.8451 AND vs_nifty_1w <= -0.02973
mean,30,best_long,19,DLF,long,-0.0398112892564808,-0.0398112892564808,LONG: vs_ma200 <= -0.1521 AND volume_5d_vs_60d >= 0.8451 AND vs_nifty_1w <= -0.02973
mean,30,best_long,19,LODHA,long,0.0558060456995435,0.0318043236028908,LONG: vs_ma200 <= -0.1521 AND volume_5d_vs_60d >= 0.8451 AND vs_nifty_1w <= -0.02973
mean,30,best_long,19,DIXON,long,0.0255155758919976,0.0255155758919976,LONG: vs_ma200 <= -0.1521 AND volume_5d_vs_60d >= 0.8451 AND vs_nifty_1w <= -0.02973
mean,30,best_long,19,SWIGGY,long,-0.0057742044964493,0.0360288230584466,LONG: vs_ma200 <= -0.1521 AND volume_5d_vs_60d >= 0.8451 AND vs_nifty_1w <= -0.02973
mean,30,top5_either,19,DLF,long,-0.0398112892564808,-0.0398112892564808,LONG: vs_ma200 <= -0.1521 AND volume_5d_vs_60d >= 0.8451 AND vs_nifty_1w <= -0.02973
mean,30,top5_either,19,LODHA,long,0.0558060456995435,0.0318043236028908,LONG: vs_ma200 <= -0.1521 AND volume_5d_vs_60d >= 0.8451 AND vs_nifty_1w <= -0.02973
mean,30,top5_either,19,DIXON,long,0.0255155758919976,0.0255155758919976,LONG: vs_ma200 <= -0.1521 AND volume_5d_vs_60d >= 0.8451 AND vs_nifty_1w <= -0.02973
mean,30,top5_either,19,SWIGGY,long,-0.0057742044964493,0.0360288230584466,LONG: vs_ma200 <= -0.1521 AND volume_5d_vs_60d >= 0.8451 AND vs_nifty_1w <= -0.02973
mean,30,top5_either,19,DLF,long,-0.0398112892564808,-0.0398112892564808,LONG: r6m <= -0.1934 AND days_since_dividend >= 102.8 AND sec_vs_nifty_3m <= -0.01124
mean,30,top5_either,19,LODHA,long,0.0558060456995435,0.0318043236028908,LONG: r6m <= -0.1934 AND days_since_dividend >= 102.8 AND sec_vs_nifty_3m <= -0.01124
mean,30,top5_either,19,DIXON,long,0.0255155758919976,0.0255155758919976,LONG: r6m <= -0.1934 AND days_since_dividend >= 102.8 AND sec_vs_nifty_3m <= -0.01124
mean,30,top5_either,19,ITC,long,0.011047882196936,0.011047882196936,LONG: r6m <= -0.1934 AND days_since_dividend >= 102.8 AND sec_vs_nifty_3m <= -0.01124
mean,30,top5_either,19,PRESTIGE,long,0.0492373793779545,0.0492373793779545,LONG: r6m <= -0.1934 AND days_since_dividend >= 102.8 AND sec_vs_nifty_3m <= -0.01124
mean,30,top5_either,19,KAYNES,long,0.0446065957413962,0.0645297580486155,LONG: r6m <= -0.1934 AND days_since_dividend >= 102.8 AND sec_vs_nifty_3m <= -0.01124
mean,30,top5_either,19,KALYANKJIL,long,0.132526049360499,0.132526049360499,LONG: r6m <= -0.1934 AND days_since_dividend >= 102.8 AND sec_vs_nifty_3m <= -0.01124
mean,30,top5_either,19,DLF,long,-0.0398112892564808,-0.0398112892564808,LONG: r6m <= -0.1934 AND sec_vs_nifty_3m <= -0.01124 AND exs_3d <= -0.01147
mean,30,top5_either,19,LODHA,long,0.0558060456995435,0.0318043236028908,LONG: r6m <= -0.1934 AND sec_vs_nifty_3m <= -0.01124 AND exs_3d <= -0.01147
mean,30,top5_either,19,ITC,long,0.011047882196936,0.011047882196936,LONG: r6m <= -0.1934 AND sec_vs_nifty_3m <= -0.01124 AND exs_3d <= -0.01147
mean,30,top5_either,19,PRESTIGE,long,0.0492373793779545,0.0492373793779545,LONG: r6m <= -0.1934 AND sec_vs_nifty_3m <= -0.01124 AND exs_3d <= -0.01147
mean,30,top5_either,19,KALYANKJIL,long,0.132526049360499,0.132526049360499,LONG: r6m <= -0.1934 AND sec_vs_nifty_3m <= -0.01124 AND exs_3d <= -0.01147
mean,30,top5_either,19,WAAREEENER,long,0.0361786760620854,0.0361786760620854,LONG: r6m <= -0.1934 AND volume_5d_vs_60d >= 0.8451 AND days_after_quarter_end <= 38.9
mean,30,top5_either,19,DLF,long,-0.0398112892564808,-0.0398112892564808,LONG: r6m <= -0.1934 AND volume_5d_vs_60d >= 0.8451 AND days_after_quarter_end <= 38.9
mean,30,top5_either,19,PREMIERENE,long,-0.0657137871808499,-0.0657137871808499,LONG: r6m <= -0.1934 AND volume_5d_vs_60d >= 0.8451 AND days_after_quarter_end <= 38.9
mean,30,top5_either,19,LODHA,long,0.0558060456995435,0.0318043236028908,LONG: r6m <= -0.1934 AND volume_5d_vs_60d >= 0.8451 AND days_after_quarter_end <= 38.9
mean,30,top5_either,19,DIXON,long,0.0255155758919976,0.0255155758919976,LONG: r6m <= -0.1934 AND volume_5d_vs_60d >= 0.8451 AND days_after_quarter_end <= 38.9
mean,30,top5_either,19,ITC,long,0.011047882196936,0.011047882196936,LONG: r6m <= -0.1934 AND volume_5d_vs_60d >= 0.8451 AND days_after_quarter_end <= 38.9
mean,30,top5_either,19,PRESTIGE,long,0.0492373793779545,0.0492373793779545,LONG: r6m <= -0.1934 AND volume_5d_vs_60d >= 0.8451 AND days_after_quarter_end <= 38.9
mean,30,top5_either,19,SWIGGY,long,-0.0057742044964493,0.0360288230584466,LONG: r6m <= -0.1934 AND volume_5d_vs_60d >= 0.8451 AND days_after_quarter_end <= 38.9
mean,30,top5_either,19,ADANIENT,long,0.142535782826374,0.130913155022869,LONG: r6m <= -0.1934 AND volume_5d_vs_60d >= 0.8451 AND days_after_quarter_end <= 38.9
mean,30,top5_either,19,SUZLON,long,-0.0221982522328376,-0.0221982522328376,LONG: r6m <= -0.1934 AND volume_5d_vs_60d >= 0.8451 AND days_after_quarter_end <= 38.9
mean,30,top5_either,19,KALYANKJIL,long,0.132526049360499,0.132526049360499,LONG: r6m <= -0.1934 AND volume_5d_vs_60d >= 0.8451 AND days_after_quarter_end <= 38.9
mean,30,top5_either,19,WAAREEENER,long,0.0361786760620854,0.0361786760620854,LONG: r6m <= -0.1934 AND volume_5d_vs_60d >= 0.923 AND days_after_quarter_end <= 38.9
mean,30,top5_either,19,DLF,long,-0.0398112892564808,-0.0398112892564808,LONG: r6m <= -0.1934 AND volume_5d_vs_60d >= 0.923 AND days_after_quarter_end <= 38.9
mean,30,top5_either,19,PREMIERENE,long,-0.0657137871808499,-0.0657137871808499,LONG: r6m <= -0.1934 AND volume_5d_vs_60d >= 0.923 AND days_after_quarter_end <= 38.9
mean,30,top5_either,19,LODHA,long,0.0558060456995435,0.0318043236028908,LONG: r6m <= -0.1934 AND volume_5d_vs_60d >= 0.923 AND days_after_quarter_end <= 38.9
mean,30,top5_either,19,DIXON,long,0.0255155758919976,0.0255155758919976,LONG: r6m <= -0.1934 AND volume_5d_vs_60d >= 0.923 AND days_after_quarter_end <= 38.9
mean,30,top5_either,19,ITC,long,0.011047882196936,0.011047882196936,LONG: r6m <= -0.1934 AND volume_5d_vs_60d >= 0.923 AND days_after_quarter_end <= 38.9
mean,30,top5_either,19,PRESTIGE,long,0.0492373793779545,0.0492373793779545,LONG: r6m <= -0.1934 AND volume_5d_vs_60d >= 0.923 AND days_after_quarter_end <= 38.9
mean,30,top5_either,19,SWIGGY,long,-0.0057742044964493,0.0360288230584466,LONG: r6m <= -0.1934 AND volume_5d_vs_60d >= 0.923 AND days_after_quarter_end <= 38.9
mean,30,top5_either,19,ADANIENT,long,0.142535782826374,0.130913155022869,LONG: r6m <= -0.1934 AND volume_5d_vs_60d >= 0.923 AND days_after_quarter_end <= 38.9
mean,30,top5_either,19,SUZLON,long,-0.0221982522328376,-0.0221982522328376,LONG: r6m <= -0.1934 AND volume_5d_vs_60d >= 0.923 AND days_after_quarter_end <= 38.9
mean,30,top5_either,19,KALYANKJIL,long,0.132526049360499,0.132526049360499,LONG: r6m <= -0.1934 AND volume_5d_vs_60d >= 0.923 AND days_after_quarter_end <= 38.9
mean,60,best_either,19,DLF,long,-0.0398112892564808,-0.0398112892564808,LONG: r2d <= -0.03116 AND gap5 <= 0.0195 AND sec_3d <= -0.01266
mean,60,best_either,19,ADANIGREEN,long,-0.082250305158729,-0.082250305158729,LONG: r2d <= -0.03116 AND gap5 <= 0.0195 AND sec_3d <= -0.01266
mean,60,best_either,19,PAYTM,long,-0.0056308007892704,-0.0056308007892704,LONG: r2d <= -0.03116 AND gap5 <= 0.0195 AND sec_3d <= -0.01266
mean,60,best_long,19,DLF,long,-0.0398112892564808,-0.0398112892564808,LONG: r2d <= -0.03116 AND gap5 <= 0.0195 AND sec_3d <= -0.01266
mean,60,best_long,19,ADANIGREEN,long,-0.082250305158729,-0.082250305158729,LONG: r2d <= -0.03116 AND gap5 <= 0.0195 AND sec_3d <= -0.01266
mean,60,best_long,19,PAYTM,long,-0.0056308007892704,-0.0056308007892704,LONG: r2d <= -0.03116 AND gap5 <= 0.0195 AND sec_3d <= -0.01266
mean,60,best_short,19,DIVISLAB,short,-0.0127578363115108,,SHORT: vs_ma50 >= -0.1245 AND nifty_1w >= 0.01659 AND d1 <= 0.003584
mean,60,top5_either,19,DLF,long,-0.0398112892564808,-0.0398112892564808,LONG: r2d <= -0.03116 AND gap5 <= 0.0195 AND sec_3d <= -0.01266
mean,60,top5_either,19,ADANIGREEN,long,-0.082250305158729,-0.082250305158729,LONG: r2d <= -0.03116 AND gap5 <= 0.0195 AND sec_3d <= -0.01266
mean,60,top5_either,19,PAYTM,long,-0.0056308007892704,-0.0056308007892704,LONG: r2d <= -0.03116 AND gap5 <= 0.0195 AND sec_3d <= -0.01266
mean,60,top5_either,19,DLF,long,-0.0398112892564808,-0.0398112892564808,LONG: vs_nifty_1m <= -0.05755 AND r2d <= -0.03116 AND sec_3d <= -0.01266
mean,60,top5_either,19,ADANIGREEN,long,-0.082250305158729,-0.082250305158729,LONG: vs_nifty_1m <= -0.05755 AND r2d <= -0.03116 AND sec_3d <= -0.01266
mean,60,top5_either,19,DIXON,long,0.0255155758919976,0.0255155758919976,LONG: vs_nifty_1m <= -0.05755 AND r2d <= -0.03116 AND sec_3d <= -0.01266
mean,60,top5_either,19,PAYTM,long,-0.0056308007892704,-0.0056308007892704,LONG: vs_nifty_1m <= -0.05755 AND r2d <= -0.03116 AND sec_3d <= -0.01266
mean,60,top5_either,19,ADANIENT,long,0.142535782826374,0.130913155022869,LONG: vs_nifty_1m <= -0.05755 AND r2d <= -0.03116 AND sec_3d <= -0.01266
mean,60,top5_either,19,DLF,long,-0.0398112892564808,-0.0398112892564808,LONG: r2d <= -0.03116 AND gap5 <= 0.02291 AND sec_3d <= -0.01266
mean,60,top5_either,19,ADANIGREEN,long,-0.082250305158729,-0.082250305158729,LONG: r2d <= -0.03116 AND gap5 <= 0.02291 AND sec_3d <= -0.01266
mean,60,top5_either,19,PAYTM,long,-0.0056308007892704,-0.0056308007892704,LONG: r2d <= -0.03116 AND gap5 <= 0.02291 AND sec_3d <= -0.01266
mean,60,top5_either,19,DLF,long,-0.0398112892564808,-0.0398112892564808,LONG: r2d <= -0.03116 AND gap5 <= 0.02653 AND sec_3d <= -0.01266
mean,60,top5_either,19,ADANIGREEN,long,-0.082250305158729,-0.082250305158729,LONG: r2d <= -0.03116 AND gap5 <= 0.02653 AND sec_3d <= -0.01266
mean,60,top5_either,19,PAYTM,long,-0.0056308007892704,-0.0056308007892704,LONG: r2d <= -0.03116 AND gap5 <= 0.02653 AND sec_3d <= -0.01266
mean,60,top5_either,19,DLF,long,-0.0398112892564808,-0.0398112892564808,LONG: r2d <= -0.03116 AND sec_3d <= -0.01266 AND z5 <= -0.6585
mean,60,top5_either,19,ADANIGREEN,long,-0.082250305158729,-0.082250305158729,LONG: r2d <= -0.03116 AND sec_3d <= -0.01266 AND z5 <= -0.6585
mean,60,top5_either,19,DIXON,long,0.0255155758919976,0.0255155758919976,LONG: r2d <= -0.03116 AND sec_3d <= -0.01266 AND z5 <= -0.6585
mean,60,top5_either,19,PAYTM,long,-0.0056308007892704,-0.0056308007892704,LONG: r2d <= -0.03116 AND sec_3d <= -0.01266 AND z5 <= -0.6585
fpos,15,best_either,19,LODHA,long,0.0558060456995435,0.0318043236028908,LONG: r1w <= -0.08002 AND r6m <= -0.105 AND pre5_vs_own <= -0.08967
fpos,15,best_long,19,LODHA,long,0.0558060456995435,0.0318043236028908,LONG: r1w <= -0.08002 AND r6m <= -0.105 AND pre5_vs_own <= -0.08967
fpos,15,best_short,19,WAAREEENER,short,-0.0361786760620854,,SHORT: prev_pat_yoy >= -0.06033 AND own_dm1 >= 0.007165 AND own_abs3d >= 0.05864
fpos,15,best_short,19,TRENT,short,-0.1066171363770964,,SHORT: prev_pat_yoy >= -0.06033 AND own_dm1 >= 0.007165 AND own_abs3d >= 0.05864
fpos,15,top5_either,19,LODHA,long,0.0558060456995435,0.0318043236028908,LONG: r1w <= -0.08002 AND r6m <= -0.105 AND pre5_vs_own <= -0.08967
fpos,15,top5_either,19,LODHA,long,0.0558060456995435,0.0318043236028908,LONG: r6m <= -0.105 AND vol20_60 >= 0.8558 AND pre5_vs_own <= -0.08967
fpos,15,top5_either,19,PRESTIGE,long,0.0492373793779545,0.0492373793779545,LONG: r6m <= -0.105 AND vol20_60 >= 0.8558 AND pre5_vs_own <= -0.08967
fpos,15,top5_either,19,LODHA,long,0.0558060456995435,0.0318043236028908,LONG: r1w <= -0.08002 AND r6m <= -0.105 AND sector_3m >= -0.12
fpos,15,top5_either,19,SBICARD,long,-0.0013094571921908,-0.0013094571921908,LONG: r1w <= -0.08002 AND r6m <= -0.105 AND sector_3m >= -0.12
fpos,15,top5_either,19,LODHA,long,0.0558060456995435,0.0318043236028908,LONG: r1w <= -0.08002 AND vs_ma200 <= -0.1521 AND days_since_dividend <= 2059
fpos,15,top5_either,19,LODHA,long,0.0558060456995435,0.0318043236028908,LONG: r1w <= -0.08002 AND vs_ma200 <= -0.1521 AND d1 <= 0.01282
fpos,30,best_either,19,DLF,long,-0.0398112892564808,-0.0398112892564808,LONG: vs_ma200 <= -0.1521 AND volume_5d_vs_60d >= 0.8451 AND vs_nifty_1w <= -0.02973
fpos,30,best_either,19,LODHA,long,0.0558060456995435,0.0318043236028908,LONG: vs_ma200 <= -0.1521 AND volume_5d_vs_60d >= 0.8451 AND vs_nifty_1w <= -0.02973
fpos,30,best_either,19,DIXON,long,0.0255155758919976,0.0255155758919976,LONG: vs_ma200 <= -0.1521 AND volume_5d_vs_60d >= 0.8451 AND vs_nifty_1w <= -0.02973
fpos,30,best_either,19,SWIGGY,long,-0.0057742044964493,0.0360288230584466,LONG: vs_ma200 <= -0.1521 AND volume_5d_vs_60d >= 0.8451 AND vs_nifty_1w <= -0.02973
fpos,30,best_long,19,DLF,long,-0.0398112892564808,-0.0398112892564808,LONG: vs_ma200 <= -0.1521 AND volume_5d_vs_60d >= 0.8451 AND vs_nifty_1w <= -0.02973
fpos,30,best_long,19,LODHA,long,0.0558060456995435,0.0318043236028908,LONG: vs_ma200 <= -0.1521 AND volume_5d_vs_60d >= 0.8451 AND vs_nifty_1w <= -0.02973
fpos,30,best_long,19,DIXON,long,0.0255155758919976,0.0255155758919976,LONG: vs_ma200 <= -0.1521 AND volume_5d_vs_60d >= 0.8451 AND vs_nifty_1w <= -0.02973
fpos,30,best_long,19,SWIGGY,long,-0.0057742044964493,0.0360288230584466,LONG: vs_ma200 <= -0.1521 AND volume_5d_vs_60d >= 0.8451 AND vs_nifty_1w <= -0.02973
fpos,30,top5_either,19,DLF,long,-0.0398112892564808,-0.0398112892564808,LONG: vs_ma200 <= -0.1521 AND volume_5d_vs_60d >= 0.8451 AND vs_nifty_1w <= -0.02973
fpos,30,top5_either,19,LODHA,long,0.0558060456995435,0.0318043236028908,LONG: vs_ma200 <= -0.1521 AND volume_5d_vs_60d >= 0.8451 AND vs_nifty_1w <= -0.02973
fpos,30,top5_either,19,DIXON,long,0.0255155758919976,0.0255155758919976,LONG: vs_ma200 <= -0.1521 AND volume_5d_vs_60d >= 0.8451 AND vs_nifty_1w <= -0.02973
fpos,30,top5_either,19,SWIGGY,long,-0.0057742044964493,0.0360288230584466,LONG: vs_ma200 <= -0.1521 AND volume_5d_vs_60d >= 0.8451 AND vs_nifty_1w <= -0.02973
fpos,30,top5_either,19,DLF,long,-0.0398112892564808,-0.0398112892564808,LONG: r6m <= -0.1934 AND days_since_dividend >= 102.8 AND sec_vs_nifty_3m <= -0.01124
fpos,30,top5_either,19,LODHA,long,0.0558060456995435,0.0318043236028908,LONG: r6m <= -0.1934 AND days_since_dividend >= 102.8 AND sec_vs_nifty_3m <= -0.01124
fpos,30,top5_either,19,DIXON,long,0.0255155758919976,0.0255155758919976,LONG: r6m <= -0.1934 AND days_since_dividend >= 102.8 AND sec_vs_nifty_3m <= -0.01124
fpos,30,top5_either,19,ITC,long,0.011047882196936,0.011047882196936,LONG: r6m <= -0.1934 AND days_since_dividend >= 102.8 AND sec_vs_nifty_3m <= -0.01124
fpos,30,top5_either,19,PRESTIGE,long,0.0492373793779545,0.0492373793779545,LONG: r6m <= -0.1934 AND days_since_dividend >= 102.8 AND sec_vs_nifty_3m <= -0.01124
fpos,30,top5_either,19,KAYNES,long,0.0446065957413962,0.0645297580486155,LONG: r6m <= -0.1934 AND days_since_dividend >= 102.8 AND sec_vs_nifty_3m <= -0.01124
fpos,30,top5_either,19,KALYANKJIL,long,0.132526049360499,0.132526049360499,LONG: r6m <= -0.1934 AND days_since_dividend >= 102.8 AND sec_vs_nifty_3m <= -0.01124
fpos,30,top5_either,19,DLF,long,-0.0398112892564808,-0.0398112892564808,LONG: r6m <= -0.1934 AND sec_vs_nifty_3m <= -0.01124 AND exs_3d <= -0.01147
fpos,30,top5_either,19,LODHA,long,0.0558060456995435,0.0318043236028908,LONG: r6m <= -0.1934 AND sec_vs_nifty_3m <= -0.01124 AND exs_3d <= -0.01147
fpos,30,top5_either,19,ITC,long,0.011047882196936,0.011047882196936,LONG: r6m <= -0.1934 AND sec_vs_nifty_3m <= -0.01124 AND exs_3d <= -0.01147
fpos,30,top5_either,19,PRESTIGE,long,0.0492373793779545,0.0492373793779545,LONG: r6m <= -0.1934 AND sec_vs_nifty_3m <= -0.01124 AND exs_3d <= -0.01147
fpos,30,top5_either,19,KALYANKJIL,long,0.132526049360499,0.132526049360499,LONG: r6m <= -0.1934 AND sec_vs_nifty_3m <= -0.01124 AND exs_3d <= -0.01147
fpos,30,top5_either,19,WAAREEENER,long,0.0361786760620854,0.0361786760620854,LONG: r6m <= -0.1934 AND volume_5d_vs_60d >= 0.923 AND days_after_quarter_end <= 38.9
fpos,30,top5_either,19,DLF,long,-0.0398112892564808,-0.0398112892564808,LONG: r6m <= -0.1934 AND volume_5d_vs_60d >= 0.923 AND days_after_quarter_end <= 38.9
fpos,30,top5_either,19,PREMIERENE,long,-0.0657137871808499,-0.0657137871808499,LONG: r6m <= -0.1934 AND volume_5d_vs_60d >= 0.923 AND days_after_quarter_end <= 38.9
fpos,30,top5_either,19,LODHA,long,0.0558060456995435,0.0318043236028908,LONG: r6m <= -0.1934 AND volume_5d_vs_60d >= 0.923 AND days_after_quarter_end <= 38.9
fpos,30,top5_either,19,DIXON,long,0.0255155758919976,0.0255155758919976,LONG: r6m <= -0.1934 AND volume_5d_vs_60d >= 0.923 AND days_after_quarter_end <= 38.9
fpos,30,top5_either,19,ITC,long,0.011047882196936,0.011047882196936,LONG: r6m <= -0.1934 AND volume_5d_vs_60d >= 0.923 AND days_after_quarter_end <= 38.9
fpos,30,top5_either,19,PRESTIGE,long,0.0492373793779545,0.0492373793779545,LONG: r6m <= -0.1934 AND volume_5d_vs_60d >= 0.923 AND days_after_quarter_end <= 38.9
fpos,30,top5_either,19,SWIGGY,long,-0.0057742044964493,0.0360288230584466,LONG: r6m <= -0.1934 AND volume_5d_vs_60d >= 0.923 AND days_after_quarter_end <= 38.9
fpos,30,top5_either,19,ADANIENT,long,0.142535782826374,0.130913155022869,LONG: r6m <= -0.1934 AND volume_5d_vs_60d >= 0.923 AND days_after_quarter_end <= 38.9
fpos,30,top5_either,19,SUZLON,long,-0.0221982522328376,-0.0221982522328376,LONG: r6m <= -0.1934 AND volume_5d_vs_60d >= 0.923 AND days_after_quarter_end <= 38.9
fpos,30,top5_either,19,KALYANKJIL,long,0.132526049360499,0.132526049360499,LONG: r6m <= -0.1934 AND volume_5d_vs_60d >= 0.923 AND days_after_quarter_end <= 38.9
fpos,30,top5_either,19,WAAREEENER,long,0.0361786760620854,0.0361786760620854,LONG: r6m <= -0.1934 AND volume_5d_vs_60d >= 0.8451 AND days_after_quarter_end <= 38.9
fpos,30,top5_either,19,DLF,long,-0.0398112892564808,-0.0398112892564808,LONG: r6m <= -0.1934 AND volume_5d_vs_60d >= 0.8451 AND days_after_quarter_end <= 38.9
fpos,30,top5_either,19,PREMIERENE,long,-0.0657137871808499,-0.0657137871808499,LONG: r6m <= -0.1934 AND volume_5d_vs_60d >= 0.8451 AND days_after_quarter_end <= 38.9
fpos,30,top5_either,19,LODHA,long,0.0558060456995435,0.0318043236028908,LONG: r6m <= -0.1934 AND volume_5d_vs_60d >= 0.8451 AND days_after_quarter_end <= 38.9
fpos,30,top5_either,19,DIXON,long,0.0255155758919976,0.0255155758919976,LONG: r6m <= -0.1934 AND volume_5d_vs_60d >= 0.8451 AND days_after_quarter_end <= 38.9
fpos,30,top5_either,19,ITC,long,0.011047882196936,0.011047882196936,LONG: r6m <= -0.1934 AND volume_5d_vs_60d >= 0.8451 AND days_after_quarter_end <= 38.9
fpos,30,top5_either,19,PRESTIGE,long,0.0492373793779545,0.0492373793779545,LONG: r6m <= -0.1934 AND volume_5d_vs_60d >= 0.8451 AND days_after_quarter_end <= 38.9
fpos,30,top5_either,19,SWIGGY,long,-0.0057742044964493,0.0360288230584466,LONG: r6m <= -0.1934 AND volume_5d_vs_60d >= 0.8451 AND days_after_quarter_end <= 38.9
fpos,30,top5_either,19,ADANIENT,long,0.142535782826374,0.130913155022869,LONG: r6m <= -0.1934 AND volume_5d_vs_60d >= 0.8451 AND days_after_quarter_end <= 38.9
fpos,30,top5_either,19,SUZLON,long,-0.0221982522328376,-0.0221982522328376,LONG: r6m <= -0.1934 AND volume_5d_vs_60d >= 0.8451 AND days_after_quarter_end <= 38.9
fpos,30,top5_either,19,KALYANKJIL,long,0.132526049360499,0.132526049360499,LONG: r6m <= -0.1934 AND volume_5d_vs_60d >= 0.8451 AND days_after_quarter_end <= 38.9
fpos,60,best_either,19,DLF,long,-0.0398112892564808,-0.0398112892564808,LONG: r2d <= -0.03116 AND sec_3d <= -0.01266 AND dist_20h <= -0.08451
fpos,60,best_either,19,ADANIGREEN,long,-0.082250305158729,-0.082250305158729,LONG: r2d <= -0.03116 AND sec_3d <= -0.01266 AND dist_20h <= -0.08451
fpos,60,best_either,19,DIXON,long,0.0255155758919976,0.0255155758919976,LONG: r2d <= -0.03116 AND sec_3d <= -0.01266 AND dist_20h <= -0.08451
fpos,60,best_either,19,PAYTM,long,-0.0056308007892704,-0.0056308007892704,LONG: r2d <= -0.03116 AND sec_3d <= -0.01266 AND dist_20h <= -0.08451
fpos,60,best_either,19,ADANIENT,long,0.142535782826374,0.130913155022869,LONG: r2d <= -0.03116 AND sec_3d <= -0.01266 AND dist_20h <= -0.08451
fpos,60,best_long,19,DLF,long,-0.0398112892564808,-0.0398112892564808,LONG: r2d <= -0.03116 AND sec_3d <= -0.01266 AND dist_20h <= -0.08451
fpos,60,best_long,19,ADANIGREEN,long,-0.082250305158729,-0.082250305158729,LONG: r2d <= -0.03116 AND sec_3d <= -0.01266 AND dist_20h <= -0.08451
fpos,60,best_long,19,DIXON,long,0.0255155758919976,0.0255155758919976,LONG: r2d <= -0.03116 AND sec_3d <= -0.01266 AND dist_20h <= -0.08451
fpos,60,best_long,19,PAYTM,long,-0.0056308007892704,-0.0056308007892704,LONG: r2d <= -0.03116 AND sec_3d <= -0.01266 AND dist_20h <= -0.08451
fpos,60,best_long,19,ADANIENT,long,0.142535782826374,0.130913155022869,LONG: r2d <= -0.03116 AND sec_3d <= -0.01266 AND dist_20h <= -0.08451
fpos,60,best_short,19,HDFCAMC,short,-0.0433553882630693,,SHORT: days_after_quarter_end <= 24 AND sec_vs_200dma >= -0.00911 AND d1 <= -0.0002672
fpos,60,best_short,19,LTF,short,-0.0391133207961962,,SHORT: days_after_quarter_end <= 24 AND sec_vs_200dma >= -0.00911 AND d1 <= -0.0002672
fpos,60,best_short,19,DRREDDY,short,-0.0435375377538137,,SHORT: days_after_quarter_end <= 24 AND sec_vs_200dma >= -0.00911 AND d1 <= -0.0002672
fpos,60,best_short,19,WAAREEENER,short,-0.0361786760620854,,SHORT: days_after_quarter_end <= 24 AND sec_vs_200dma >= -0.00911 AND d1 <= -0.0002672
fpos,60,best_short,19,COFORGE,short,0.0337786155289745,,SHORT: days_after_quarter_end <= 24 AND sec_vs_200dma >= -0.00911 AND d1 <= -0.0002672
fpos,60,best_short,19,PREMIERENE,short,0.0657137871808499,,SHORT: days_after_quarter_end <= 24 AND sec_vs_200dma >= -0.00911 AND d1 <= -0.0002672
fpos,60,best_short,19,SONACOMS,short,-0.0972514676262592,,SHORT: days_after_quarter_end <= 24 AND sec_vs_200dma >= -0.00911 AND d1 <= -0.0002672
fpos,60,top5_either,19,DLF,long,-0.0398112892564808,-0.0398112892564808,LONG: r2d <= -0.03116 AND sec_3d <= -0.01266 AND dist_20h <= -0.08451
fpos,60,top5_either,19,ADANIGREEN,long,-0.082250305158729,-0.082250305158729,LONG: r2d <= -0.03116 AND sec_3d <= -0.01266 AND dist_20h <= -0.08451
fpos,60,top5_either,19,DIXON,long,0.0255155758919976,0.0255155758919976,LONG: r2d <= -0.03116 AND sec_3d <= -0.01266 AND dist_20h <= -0.08451
fpos,60,top5_either,19,PAYTM,long,-0.0056308007892704,-0.0056308007892704,LONG: r2d <= -0.03116 AND sec_3d <= -0.01266 AND dist_20h <= -0.08451
fpos,60,top5_either,19,ADANIENT,long,0.142535782826374,0.130913155022869,LONG: r2d <= -0.03116 AND sec_3d <= -0.01266 AND dist_20h <= -0.08451
fpos,60,top5_either,19,DLF,long,-0.0398112892564808,-0.0398112892564808,LONG: r2d <= -0.03116 AND sec_3d <= -0.01266 AND z20 <= -0.5494
fpos,60,top5_either,19,ADANIGREEN,long,-0.082250305158729,-0.082250305158729,LONG: r2d <= -0.03116 AND sec_3d <= -0.01266 AND z20 <= -0.5494
fpos,60,top5_either,19,DIXON,long,0.0255155758919976,0.0255155758919976,LONG: r2d <= -0.03116 AND sec_3d <= -0.01266 AND z20 <= -0.5494
fpos,60,top5_either,19,PAYTM,long,-0.0056308007892704,-0.0056308007892704,LONG: r2d <= -0.03116 AND sec_3d <= -0.01266 AND z20 <= -0.5494
fpos,60,top5_either,19,ADANIENT,long,0.142535782826374,0.130913155022869,LONG: r2d <= -0.03116 AND sec_3d <= -0.01266 AND z20 <= -0.5494
fpos,60,top5_either,19,HDFCAMC,long,0.0433553882630693,0.0433553882630693,LONG: r2d <= -0.03116 AND sec_3d <= -0.006786 AND z20 <= -0.6722
fpos,60,top5_either,19,DLF,long,-0.0398112892564808,-0.0398112892564808,LONG: r2d <= -0.03116 AND sec_3d <= -0.006786 AND z20 <= -0.6722
fpos,60,top5_either,19,ADANIGREEN,long,-0.082250305158729,-0.082250305158729,LONG: r2d <= -0.03116 AND sec_3d <= -0.006786 AND z20 <= -0.6722
fpos,60,top5_either,19,LODHA,long,0.0558060456995435,0.0318043236028908,LONG: r2d <= -0.03116 AND sec_3d <= -0.006786 AND z20 <= -0.6722
fpos,60,top5_either,19,DIXON,long,0.0255155758919976,0.0255155758919976,LONG: r2d <= -0.03116 AND sec_3d <= -0.006786 AND z20 <= -0.6722
fpos,60,top5_either,19,PAYTM,long,-0.0056308007892704,-0.0056308007892704,LONG: r2d <= -0.03116 AND sec_3d <= -0.006786 AND z20 <= -0.6722
fpos,60,top5_either,19,ADANIENT,long,0.142535782826374,0.130913155022869,LONG: r2d <= -0.03116 AND sec_3d <= -0.006786 AND z20 <= -0.6722
fpos,60,top5_either,19,DLF,long,-0.0398112892564808,-0.0398112892564808,LONG: r2d <= -0.03116 AND r20d <= -0.05652 AND sec_3d <= -0.01266
fpos,60,top5_either,19,ADANIGREEN,long,-0.082250305158729,-0.082250305158729,LONG: r2d <= -0.03116 AND r20d <= -0.05652 AND sec_3d <= -0.01266
fpos,60,top5_either,19,DIXON,long,0.0255155758919976,0.0255155758919976,LONG: r2d <= -0.03116 AND r20d <= -0.05652 AND sec_3d <= -0.01266
fpos,60,top5_either,19,PAYTM,long,-0.0056308007892704,-0.0056308007892704,LONG: r2d <= -0.03116 AND r20d <= -0.05652 AND sec_3d <= -0.01266
fpos,60,top5_either,19,ADANIENT,long,0.142535782826374,0.130913155022869,LONG: r2d <= -0.03116 AND r20d <= -0.05652 AND sec_3d <= -0.01266
fpos,60,top5_either,19,DLF,long,-0.0398112892564808,-0.0398112892564808,LONG: r2d <= -0.03116 AND sec_3d <= -0.01266 AND dist_60h <= -0.0967
fpos,60,top5_either,19,ADANIGREEN,long,-0.082250305158729,-0.082250305158729,LONG: r2d <= -0.03116 AND sec_3d <= -0.01266 AND dist_60h <= -0.0967
fpos,60,top5_either,19,DIXON,long,0.0255155758919976,0.0255155758919976,LONG: r2d <= -0.03116 AND sec_3d <= -0.01266 AND dist_60h <= -0.0967
fpos,60,top5_either,19,PAYTM,long,-0.0056308007892704,-0.0056308007892704,LONG: r2d <= -0.03116 AND sec_3d <= -0.01266 AND dist_60h <= -0.0967
fpos,60,top5_either,19,ADANIENT,long,0.142535782826374,0.130913155022869,LONG: r2d <= -0.03116 AND sec_3d <= -0.01266 AND dist_60h <= -0.0967
worst,15,top5_either,19,LODHA,long,0.0558060456995435,0.0318043236028908,LONG: r1w <= -0.08002 AND vs_ma200 <= -0.1521 AND up10 <= 0.5
worst,15,top5_either,19,LODHA,long,0.0558060456995435,0.0318043236028908,LONG: r1w <= -0.08002 AND vs_ma200 <= -0.1521 AND sec_vs_50dma <= 0.007359
worst,15,top5_either,19,LODHA,long,0.0558060456995435,0.0318043236028908,LONG: r1w <= -0.08002 AND vs_ma200 <= -0.1521 AND gap0 >= -0.008914
worst,15,top5_either,19,LODHA,long,0.0558060456995435,0.0318043236028908,LONG: r1w <= -0.08002 AND vs_ma200 <= -0.1521 AND nifty_1m <= 0.03608
worst,30,best_either,19,DLF,long,-0.0398112892564808,-0.0398112892564808,LONG: r6m <= -0.1934 AND sec_vs_50dma <= -0.02874 AND fin_type == Company
worst,30,best_either,19,PREMIERENE,long,-0.0657137871808499,-0.0657137871808499,LONG: r6m <= -0.1934 AND sec_vs_50dma <= -0.02874 AND fin_type == Company
worst,30,best_either,19,LODHA,long,0.0558060456995435,0.0318043236028908,LONG: r6m <= -0.1934 AND sec_vs_50dma <= -0.02874 AND fin_type == Company
worst,30,best_either,19,DIXON,long,0.0255155758919976,0.0255155758919976,LONG: r6m <= -0.1934 AND sec_vs_50dma <= -0.02874 AND fin_type == Company
worst,30,best_either,19,ITC,long,0.011047882196936,0.011047882196936,LONG: r6m <= -0.1934 AND sec_vs_50dma <= -0.02874 AND fin_type == Company
worst,30,best_either,19,PRESTIGE,long,0.0492373793779545,0.0492373793779545,LONG: r6m <= -0.1934 AND sec_vs_50dma <= -0.02874 AND fin_type == Company
worst,30,best_either,19,SWIGGY,long,-0.0057742044964493,0.0360288230584466,LONG: r6m <= -0.1934 AND sec_vs_50dma <= -0.02874 AND fin_type == Company
worst,30,best_either,19,KAYNES,long,0.0446065957413962,0.0645297580486155,LONG: r6m <= -0.1934 AND sec_vs_50dma <= -0.02874 AND fin_type == Company
worst,30,best_long,19,DLF,long,-0.0398112892564808,-0.0398112892564808,LONG: r6m <= -0.1934 AND sec_vs_50dma <= -0.02874 AND fin_type == Company
worst,30,best_long,19,PREMIERENE,long,-0.0657137871808499,-0.0657137871808499,LONG: r6m <= -0.1934 AND sec_vs_50dma <= -0.02874 AND fin_type == Company
worst,30,best_long,19,LODHA,long,0.0558060456995435,0.0318043236028908,LONG: r6m <= -0.1934 AND sec_vs_50dma <= -0.02874 AND fin_type == Company
worst,30,best_long,19,DIXON,long,0.0255155758919976,0.0255155758919976,LONG: r6m <= -0.1934 AND sec_vs_50dma <= -0.02874 AND fin_type == Company
worst,30,best_long,19,ITC,long,0.011047882196936,0.011047882196936,LONG: r6m <= -0.1934 AND sec_vs_50dma <= -0.02874 AND fin_type == Company
worst,30,best_long,19,PRESTIGE,long,0.0492373793779545,0.0492373793779545,LONG: r6m <= -0.1934 AND sec_vs_50dma <= -0.02874 AND fin_type == Company
worst,30,best_long,19,SWIGGY,long,-0.0057742044964493,0.0360288230584466,LONG: r6m <= -0.1934 AND sec_vs_50dma <= -0.02874 AND fin_type == Company
worst,30,best_long,19,KAYNES,long,0.0446065957413962,0.0645297580486155,LONG: r6m <= -0.1934 AND sec_vs_50dma <= -0.02874 AND fin_type == Company
worst,30,best_short,19,WAAREEENER,short,-0.0361786760620854,,SHORT: sector_3m >= -0.02552 AND own_dm1 >= 0.007165 AND n_prior <= 7
worst,30,best_short,19,PREMIERENE,short,0.0657137871808499,,SHORT: sector_3m >= -0.02552 AND own_dm1 >= 0.007165 AND n_prior <= 7
worst,30,top5_either,19,DLF,long,-0.0398112892564808,-0.0398112892564808,LONG: r6m <= -0.1934 AND sec_vs_50dma <= -0.02874 AND fin_type == Company
worst,30,top5_either,19,PREMIERENE,long,-0.0657137871808499,-0.0657137871808499,LONG: r6m <= -0.1934 AND sec_vs_50dma <= -0.02874 AND fin_type == Company
worst,30,top5_either,19,LODHA,long,0.0558060456995435,0.0318043236028908,LONG: r6m <= -0.1934 AND sec_vs_50dma <= -0.02874 AND fin_type == Company
worst,30,top5_either,19,DIXON,long,0.0255155758919976,0.0255155758919976,LONG: r6m <= -0.1934 AND sec_vs_50dma <= -0.02874 AND fin_type == Company
worst,30,top5_either,19,ITC,long,0.011047882196936,0.011047882196936,LONG: r6m <= -0.1934 AND sec_vs_50dma <= -0.02874 AND fin_type == Company
worst,30,top5_either,19,PRESTIGE,long,0.0492373793779545,0.0492373793779545,LONG: r6m <= -0.1934 AND sec_vs_50dma <= -0.02874 AND fin_type == Company
worst,30,top5_either,19,SWIGGY,long,-0.0057742044964493,0.0360288230584466,LONG: r6m <= -0.1934 AND sec_vs_50dma <= -0.02874 AND fin_type == Company
worst,30,top5_either,19,KAYNES,long,0.0446065957413962,0.0645297580486155,LONG: r6m <= -0.1934 AND sec_vs_50dma <= -0.02874 AND fin_type == Company
worst,30,top5_either,19,DLF,long,-0.0398112892564808,-0.0398112892564808,LONG: r6m <= -0.1934 AND sec_vs_50dma <= -0.02874 AND own_abs3d <= 0.06515
worst,30,top5_either,19,PREMIERENE,long,-0.0657137871808499,-0.0657137871808499,LONG: r6m <= -0.1934 AND sec_vs_50dma <= -0.02874 AND own_abs3d <= 0.06515
worst,30,top5_either,19,LODHA,long,0.0558060456995435,0.0318043236028908,LONG: r6m <= -0.1934 AND sec_vs_50dma <= -0.02874 AND own_abs3d <= 0.06515
worst,30,top5_either,19,DIXON,long,0.0255155758919976,0.0255155758919976,LONG: r6m <= -0.1934 AND sec_vs_50dma <= -0.02874 AND own_abs3d <= 0.06515
worst,30,top5_either,19,ITC,long,0.011047882196936,0.011047882196936,LONG: r6m <= -0.1934 AND sec_vs_50dma <= -0.02874 AND own_abs3d <= 0.06515
worst,30,top5_either,19,PRESTIGE,long,0.0492373793779545,0.0492373793779545,LONG: r6m <= -0.1934 AND sec_vs_50dma <= -0.02874 AND own_abs3d <= 0.06515
worst,30,top5_either,19,DLF,long,-0.0398112892564808,-0.0398112892564808,LONG: r6m <= -0.1934 AND sec_vs_50dma <= -0.02874 AND own_abs3d <= 0.07467
worst,30,top5_either,19,PREMIERENE,long,-0.0657137871808499,-0.0657137871808499,LONG: r6m <= -0.1934 AND sec_vs_50dma <= -0.02874 AND own_abs3d <= 0.07467
worst,30,top5_either,19,LODHA,long,0.0558060456995435,0.0318043236028908,LONG: r6m <= -0.1934 AND sec_vs_50dma <= -0.02874 AND own_abs3d <= 0.07467
worst,30,top5_either,19,DIXON,long,0.0255155758919976,0.0255155758919976,LONG: r6m <= -0.1934 AND sec_vs_50dma <= -0.02874 AND own_abs3d <= 0.07467
worst,30,top5_either,19,ITC,long,0.011047882196936,0.011047882196936,LONG: r6m <= -0.1934 AND sec_vs_50dma <= -0.02874 AND own_abs3d <= 0.07467
worst,30,top5_either,19,PRESTIGE,long,0.0492373793779545,0.0492373793779545,LONG: r6m <= -0.1934 AND sec_vs_50dma <= -0.02874 AND own_abs3d <= 0.07467
worst,30,top5_either,19,SWIGGY,long,-0.0057742044964493,0.0360288230584466,LONG: r6m <= -0.1934 AND sec_vs_50dma <= -0.02874 AND own_abs3d <= 0.07467
worst,30,top5_either,19,WAAREEENER,long,0.0361786760620854,0.0361786760620854,LONG: r6m <= -0.1934 AND vs_ma50 <= -0.1084 AND own_rd >= -0.009213
worst,30,top5_either,19,DLF,long,-0.0398112892564808,-0.0398112892564808,LONG: r6m <= -0.1934 AND vs_ma50 <= -0.1084 AND own_rd >= -0.009213
worst,30,top5_either,19,LODHA,long,0.0558060456995435,0.0318043236028908,LONG: r6m <= -0.1934 AND vs_ma50 <= -0.1084 AND own_rd >= -0.009213
worst,30,top5_either,19,DIXON,long,0.0255155758919976,0.0255155758919976,LONG: r6m <= -0.1934 AND vs_ma50 <= -0.1084 AND own_rd >= -0.009213
worst,30,top5_either,19,ITC,long,0.011047882196936,0.011047882196936,LONG: r6m <= -0.1934 AND vs_ma50 <= -0.1084 AND own_rd >= -0.009213
worst,30,top5_either,19,PRESTIGE,long,0.0492373793779545,0.0492373793779545,LONG: r6m <= -0.1934 AND vs_ma50 <= -0.1084 AND own_rd >= -0.009213
worst,30,top5_either,19,SWIGGY,long,-0.0057742044964493,0.0360288230584466,LONG: r6m <= -0.1934 AND vs_ma50 <= -0.1084 AND own_rd >= -0.009213
worst,30,top5_either,19,ADANIENT,long,0.142535782826374,0.130913155022869,LONG: r6m <= -0.1934 AND vs_ma50 <= -0.1084 AND own_rd >= -0.009213
worst,30,top5_either,19,KAYNES,long,0.0446065957413962,0.0645297580486155,LONG: r6m <= -0.1934 AND vs_ma50 <= -0.1084 AND own_rd >= -0.009213
worst,30,top5_either,19,KALYANKJIL,long,0.132526049360499,0.132526049360499,LONG: r6m <= -0.1934 AND vs_ma50 <= -0.1084 AND own_rd >= -0.009213
worst,30,top5_either,19,DLF,long,-0.0398112892564808,-0.0398112892564808,LONG: r6m <= -0.1934 AND sec_vs_50dma <= -0.02874 AND own_dm1 <= 0.0102
worst,30,top5_either,19,LODHA,long,0.0558060456995435,0.0318043236028908,LONG: r6m <= -0.1934 AND sec_vs_50dma <= -0.02874 AND own_dm1 <= 0.0102
worst,30,top5_either,19,DIXON,long,0.0255155758919976,0.0255155758919976,LONG: r6m <= -0.1934 AND sec_vs_50dma <= -0.02874 AND own_dm1 <= 0.0102
worst,30,top5_either,19,ITC,long,0.011047882196936,0.011047882196936,LONG: r6m <= -0.1934 AND sec_vs_50dma <= -0.02874 AND own_dm1 <= 0.0102
worst,30,top5_either,19,PRESTIGE,long,0.0492373793779545,0.0492373793779545,LONG: r6m <= -0.1934 AND sec_vs_50dma <= -0.02874 AND own_dm1 <= 0.0102
worst,30,top5_either,19,SWIGGY,long,-0.0057742044964493,0.0360288230584466,LONG: r6m <= -0.1934 AND sec_vs_50dma <= -0.02874 AND own_dm1 <= 0.0102
worst,30,top5_either,19,KAYNES,long,0.0446065957413962,0.0645297580486155,LONG: r6m <= -0.1934 AND sec_vs_50dma <= -0.02874 AND own_dm1 <= 0.0102
worst,60,best_either,19,WAAREEENER,long,0.0361786760620854,0.0361786760620854,LONG: volume_5d_vs_60d >= 0.7867 AND sec_d0 <= 0.001117 AND dist_20h <= -0.1316
worst,60,best_either,19,ADANIENSOL,long,-0.0772755948158302,0.0439398031080451,LONG: volume_5d_vs_60d >= 0.7867 AND sec_d0 <= 0.001117 AND dist_20h <= -0.1316
worst,60,best_either,19,DLF,long,-0.0398112892564808,-0.0398112892564808,LONG: volume_5d_vs_60d >= 0.7867 AND sec_d0 <= 0.001117 AND dist_20h <= -0.1316
worst,60,best_either,19,PREMIERENE,long,-0.0657137871808499,-0.0657137871808499,LONG: volume_5d_vs_60d >= 0.7867 AND sec_d0 <= 0.001117 AND dist_20h <= -0.1316
worst,60,best_either,19,LODHA,long,0.0558060456995435,0.0318043236028908,LONG: volume_5d_vs_60d >= 0.7867 AND sec_d0 <= 0.001117 AND dist_20h <= -0.1316
worst,60,best_either,19,SBICARD,long,-0.0013094571921908,-0.0013094571921908,LONG: volume_5d_vs_60d >= 0.7867 AND sec_d0 <= 0.001117 AND dist_20h <= -0.1316
worst,60,best_either,19,DIXON,long,0.0255155758919976,0.0255155758919976,LONG: volume_5d_vs_60d >= 0.7867 AND sec_d0 <= 0.001117 AND dist_20h <= -0.1316
worst,60,best_either,19,ITC,long,0.011047882196936,0.011047882196936,LONG: volume_5d_vs_60d >= 0.7867 AND sec_d0 <= 0.001117 AND dist_20h <= -0.1316
worst,60,best_either,19,PAYTM,long,-0.0056308007892704,-0.0056308007892704,LONG: volume_5d_vs_60d >= 0.7867 AND sec_d0 <= 0.001117 AND dist_20h <= -0.1316
worst,60,best_either,19,SWIGGY,long,-0.0057742044964493,0.0360288230584466,LONG: volume_5d_vs_60d >= 0.7867 AND sec_d0 <= 0.001117 AND dist_20h <= -0.1316
worst,60,best_either,19,ADANIENT,long,0.142535782826374,0.130913155022869,LONG: volume_5d_vs_60d >= 0.7867 AND sec_d0 <= 0.001117 AND dist_20h <= -0.1316
worst,60,best_long,19,WAAREEENER,long,0.0361786760620854,0.0361786760620854,LONG: volume_5d_vs_60d >= 0.7867 AND sec_d0 <= 0.001117 AND dist_20h <= -0.1316
worst,60,best_long,19,ADANIENSOL,long,-0.0772755948158302,0.0439398031080451,LONG: volume_5d_vs_60d >= 0.7867 AND sec_d0 <= 0.001117 AND dist_20h <= -0.1316
worst,60,best_long,19,DLF,long,-0.0398112892564808,-0.0398112892564808,LONG: volume_5d_vs_60d >= 0.7867 AND sec_d0 <= 0.001117 AND dist_20h <= -0.1316
worst,60,best_long,19,PREMIERENE,long,-0.0657137871808499,-0.0657137871808499,LONG: volume_5d_vs_60d >= 0.7867 AND sec_d0 <= 0.001117 AND dist_20h <= -0.1316
worst,60,best_long,19,LODHA,long,0.0558060456995435,0.0318043236028908,LONG: volume_5d_vs_60d >= 0.7867 AND sec_d0 <= 0.001117 AND dist_20h <= -0.1316
worst,60,best_long,19,SBICARD,long,-0.0013094571921908,-0.0013094571921908,LONG: volume_5d_vs_60d >= 0.7867 AND sec_d0 <= 0.001117 AND dist_20h <= -0.1316
worst,60,best_long,19,DIXON,long,0.0255155758919976,0.0255155758919976,LONG: volume_5d_vs_60d >= 0.7867 AND sec_d0 <= 0.001117 AND dist_20h <= -0.1316
worst,60,best_long,19,ITC,long,0.011047882196936,0.011047882196936,LONG: volume_5d_vs_60d >= 0.7867 AND sec_d0 <= 0.001117 AND dist_20h <= -0.1316
worst,60,best_long,19,PAYTM,long,-0.0056308007892704,-0.0056308007892704,LONG: volume_5d_vs_60d >= 0.7867 AND sec_d0 <= 0.001117 AND dist_20h <= -0.1316
worst,60,best_long,19,SWIGGY,long,-0.0057742044964493,0.0360288230584466,LONG: volume_5d_vs_60d >= 0.7867 AND sec_d0 <= 0.001117 AND dist_20h <= -0.1316
worst,60,best_long,19,ADANIENT,long,0.142535782826374,0.130913155022869,LONG: volume_5d_vs_60d >= 0.7867 AND sec_d0 <= 0.001117 AND dist_20h <= -0.1316
worst,60,best_short,19,PREMIERENE,short,0.0657137871808499,,SHORT: season_so_far_3d >= -0.01568 AND own_rd <= -0.003056 AND n_prior <= 7
worst,60,best_short,19,SWIGGY,short,0.0057742044964493,,SHORT: season_so_far_3d >= -0.01568 AND own_rd <= -0.003056 AND n_prior <= 7
worst,60,top5_either,19,WAAREEENER,long,0.0361786760620854,0.0361786760620854,LONG: volume_5d_vs_60d >= 0.7867 AND sec_d0 <= 0.001117 AND dist_20h <= -0.1316
worst,60,top5_either,19,ADANIENSOL,long,-0.0772755948158302,0.0439398031080451,LONG: volume_5d_vs_60d >= 0.7867 AND sec_d0 <= 0.001117 AND dist_20h <= -0.1316
worst,60,top5_either,19,DLF,long,-0.0398112892564808,-0.0398112892564808,LONG: volume_5d_vs_60d >= 0.7867 AND sec_d0 <= 0.001117 AND dist_20h <= -0.1316
worst,60,top5_either,19,PREMIERENE,long,-0.0657137871808499,-0.0657137871808499,LONG: volume_5d_vs_60d >= 0.7867 AND sec_d0 <= 0.001117 AND dist_20h <= -0.1316
worst,60,top5_either,19,LODHA,long,0.0558060456995435,0.0318043236028908,LONG: volume_5d_vs_60d >= 0.7867 AND sec_d0 <= 0.001117 AND dist_20h <= -0.1316
worst,60,top5_either,19,SBICARD,long,-0.0013094571921908,-0.0013094571921908,LONG: volume_5d_vs_60d >= 0.7867 AND sec_d0 <= 0.001117 AND dist_20h <= -0.1316
worst,60,top5_either,19,DIXON,long,0.0255155758919976,0.0255155758919976,LONG: volume_5d_vs_60d >= 0.7867 AND sec_d0 <= 0.001117 AND dist_20h <= -0.1316
worst,60,top5_either,19,ITC,long,0.011047882196936,0.011047882196936,LONG: volume_5d_vs_60d >= 0.7867 AND sec_d0 <= 0.001117 AND dist_20h <= -0.1316
worst,60,top5_either,19,PAYTM,long,-0.0056308007892704,-0.0056308007892704,LONG: volume_5d_vs_60d >= 0.7867 AND sec_d0 <= 0.001117 AND dist_20h <= -0.1316
worst,60,top5_either,19,SWIGGY,long,-0.0057742044964493,0.0360288230584466,LONG: volume_5d_vs_60d >= 0.7867 AND sec_d0 <= 0.001117 AND dist_20h <= -0.1316
worst,60,top5_either,19,ADANIENT,long,0.142535782826374,0.130913155022869,LONG: volume_5d_vs_60d >= 0.7867 AND sec_d0 <= 0.001117 AND dist_20h <= -0.1316
worst,60,top5_either,19,DLF,long,-0.0398112892564808,-0.0398112892564808,LONG: r6m <= -0.1934 AND r3y >= -0.2951 AND past_pct_up >= 0.2941
worst,60,top5_either,19,LODHA,long,0.0558060456995435,0.0318043236028908,LONG: r6m <= -0.1934 AND r3y >= -0.2951 AND past_pct_up >= 0.2941
worst,60,top5_either,19,DIXON,long,0.0255155758919976,0.0255155758919976,LONG: r6m <= -0.1934 AND r3y >= -0.2951 AND past_pct_up >= 0.2941
worst,60,top5_either,19,ITC,long,0.011047882196936,0.011047882196936,LONG: r6m <= -0.1934 AND r3y >= -0.2951 AND past_pct_up >= 0.2941
worst,60,top5_either,19,PRESTIGE,long,0.0492373793779545,0.0492373793779545,LONG: r6m <= -0.1934 AND r3y >= -0.2951 AND past_pct_up >= 0.2941
worst,60,top5_either,19,ADANIENT,long,0.142535782826374,0.130913155022869,LONG: r6m <= -0.1934 AND r3y >= -0.2951 AND past_pct_up >= 0.2941
worst,60,top5_either,19,TRENT,long,0.1066171363770964,0.0770353191015145,LONG: r6m <= -0.1934 AND r3y >= -0.2951 AND past_pct_up >= 0.2941
worst,60,top5_either,19,KAYNES,long,0.0446065957413962,0.0645297580486155,LONG: r6m <= -0.1934 AND r3y >= -0.2951 AND past_pct_up >= 0.2941
worst,60,top5_either,19,SUZLON,long,-0.0221982522328376,-0.0221982522328376,LONG: r6m <= -0.1934 AND r3y >= -0.2951 AND past_pct_up >= 0.2941
worst,60,top5_either,19,KALYANKJIL,long,0.132526049360499,0.132526049360499,LONG: r6m <= -0.1934 AND r3y >= -0.2951 AND past_pct_up >= 0.2941
worst,60,top5_either,19,DLF,long,-0.0398112892564808,-0.0398112892564808,LONG: vs_ma200 <= -0.1521 AND volume_5d_vs_60d >= 0.7867 AND past_pct_up <= 0.75
worst,60,top5_either,19,PREMIERENE,long,-0.0657137871808499,-0.0657137871808499,LONG: vs_ma200 <= -0.1521 AND volume_5d_vs_60d >= 0.7867 AND past_pct_up <= 0.75
worst,60,top5_either,19,CGPOWER,long,0.0192771974467117,0.0192771974467117,LONG: vs_ma200 <= -0.1521 AND volume_5d_vs_60d >= 0.7867 AND past_pct_up <= 0.75
worst,60,top5_either,19,LODHA,long,0.0558060456995435,0.0318043236028908,LONG: vs_ma200 <= -0.1521 AND volume_5d_vs_60d >= 0.7867 AND past_pct_up <= 0.75
worst,60,top5_either,19,DIXON,long,0.0255155758919976,0.0255155758919976,LONG: vs_ma200 <= -0.1521 AND volume_5d_vs_60d >= 0.7867 AND past_pct_up <= 0.75
worst,60,top5_either,19,ITC,long,0.011047882196936,0.011047882196936,LONG: vs_ma200 <= -0.1521 AND volume_5d_vs_60d >= 0.7867 AND past_pct_up <= 0.75
worst,60,top5_either,19,SWIGGY,long,-0.0057742044964493,0.0360288230584466,LONG: vs_ma200 <= -0.1521 AND volume_5d_vs_60d >= 0.7867 AND past_pct_up <= 0.75
worst,60,top5_either,19,ADANIENT,long,0.142535782826374,0.130913155022869,LONG: vs_ma200 <= -0.1521 AND volume_5d_vs_60d >= 0.7867 AND past_pct_up <= 0.75
worst,60,top5_either,19,TIINDIA,long,0.0375920501498531,0.0810122209267178,LONG: vs_ma200 <= -0.1521 AND volume_5d_vs_60d >= 0.7867 AND past_pct_up <= 0.75
worst,60,top5_either,19,TRENT,long,0.1066171363770964,0.0770353191015145,LONG: vs_ma200 <= -0.1521 AND volume_5d_vs_60d >= 0.7867 AND past_pct_up <= 0.75
worst,60,top5_either,19,GODREJPROP,long,0.0003614106880028,0.0003614106880028,LONG: vs_ma200 <= -0.1521 AND volume_5d_vs_60d >= 0.7867 AND past_pct_up <= 0.75
worst,60,top5_either,19,SUZLON,long,-0.0221982522328376,-0.0221982522328376,LONG: vs_ma200 <= -0.1521 AND volume_5d_vs_60d >= 0.7867 AND past_pct_up <= 0.75
worst,60,top5_either,19,KALYANKJIL,long,0.132526049360499,0.132526049360499,LONG: vs_ma200 <= -0.1521 AND volume_5d_vs_60d >= 0.7867 AND past_pct_up <= 0.75
worst,60,top5_either,19,WAAREEENER,long,0.0361786760620854,0.0361786760620854,LONG: r6m <= -0.1934 AND past_avg_3d >= -0.03625 AND sec_rank_3m <= 0.8333
worst,60,top5_either,19,DLF,long,-0.0398112892564808,-0.0398112892564808,LONG: r6m <= -0.1934 AND past_avg_3d >= -0.03625 AND sec_rank_3m <= 0.8333
worst,60,top5_either,19,PREMIERENE,long,-0.0657137871808499,-0.0657137871808499,LONG: r6m <= -0.1934 AND past_avg_3d >= -0.03625 AND sec_rank_3m <= 0.8333
worst,60,top5_either,19,LODHA,long,0.0558060456995435,0.0318043236028908,LONG: r6m <= -0.1934 AND past_avg_3d >= -0.03625 AND sec_rank_3m <= 0.8333
worst,60,top5_either,19,DIXON,long,0.0255155758919976,0.0255155758919976,LONG: r6m <= -0.1934 AND past_avg_3d >= -0.03625 AND sec_rank_3m <= 0.8333
worst,60,top5_either,19,ITC,long,0.011047882196936,0.011047882196936,LONG: r6m <= -0.1934 AND past_avg_3d >= -0.03625 AND sec_rank_3m <= 0.8333
worst,60,top5_either,19,PRESTIGE,long,0.0492373793779545,0.0492373793779545,LONG: r6m <= -0.1934 AND past_avg_3d >= -0.03625 AND sec_rank_3m <= 0.8333
worst,60,top5_either,19,SWIGGY,long,-0.0057742044964493,0.0360288230584466,LONG: r6m <= -0.1934 AND past_avg_3d >= -0.03625 AND sec_rank_3m <= 0.8333
worst,60,top5_either,19,KAYNES,long,0.0446065957413962,0.0645297580486155,LONG: r6m <= -0.1934 AND past_avg_3d >= -0.03625 AND sec_rank_3m <= 0.8333
worst,60,top5_either,19,SUZLON,long,-0.0221982522328376,-0.0221982522328376,LONG: r6m <= -0.1934 AND past_avg_3d >= -0.03625 AND sec_rank_3m <= 0.8333
worst,60,top5_either,19,KALYANKJIL,long,0.132526049360499,0.132526049360499,LONG: r6m <= -0.1934 AND past_avg_3d >= -0.03625 AND sec_rank_3m <= 0.8333
worst,60,top5_either,19,WAAREEENER,long,0.0361786760620854,0.0361786760620854,LONG: r6m <= -0.1934 AND sector_3m <= 0.08582 AND past_pct_up >= 0.2941
worst,60,top5_either,19,DLF,long,-0.0398112892564808,-0.0398112892564808,LONG: r6m <= -0.1934 AND sector_3m <= 0.08582 AND past_pct_up >= 0.2941
worst,60,top5_either,19,PREMIERENE,long,-0.0657137871808499,-0.0657137871808499,LONG: r6m <= -0.1934 AND sector_3m <= 0.08582 AND past_pct_up >= 0.2941
worst,60,top5_either,19,LODHA,long,0.0558060456995435,0.0318043236028908,LONG: r6m <= -0.1934 AND sector_3m <= 0.08582 AND past_pct_up >= 0.2941
worst,60,top5_either,19,DIXON,long,0.0255155758919976,0.0255155758919976,LONG: r6m <= -0.1934 AND sector_3m <= 0.08582 AND past_pct_up >= 0.2941
worst,60,top5_either,19,ITC,long,0.011047882196936,0.011047882196936,LONG: r6m <= -0.1934 AND sector_3m <= 0.08582 AND past_pct_up >= 0.2941
worst,60,top5_either,19,PRESTIGE,long,0.0492373793779545,0.0492373793779545,LONG: r6m <= -0.1934 AND sector_3m <= 0.08582 AND past_pct_up >= 0.2941
worst,60,top5_either,19,ADANIENT,long,0.142535782826374,0.130913155022869,LONG: r6m <= -0.1934 AND sector_3m <= 0.08582 AND past_pct_up >= 0.2941
worst,60,top5_either,19,TRENT,long,0.1066171363770964,0.0770353191015145,LONG: r6m <= -0.1934 AND sector_3m <= 0.08582 AND past_pct_up >= 0.2941
worst,60,top5_either,19,KAYNES,long,0.0446065957413962,0.0645297580486155,LONG: r6m <= -0.1934 AND sector_3m <= 0.08582 AND past_pct_up >= 0.2941
worst,60,top5_either,19,SUZLON,long,-0.0221982522328376,-0.0221982522328376,LONG: r6m <= -0.1934 AND sector_3m <= 0.08582 AND past_pct_up >= 0.2941
worst,60,top5_either,19,KALYANKJIL,long,0.132526049360499,0.132526049360499,LONG: r6m <= -0.1934 AND sector_3m <= 0.08582 AND past_pct_up >= 0.2941
mean,30,best_short,20,HDFCBANK,short,-0.0205226679483654,,SHORT: nifty_3m <= -0.02663 AND pe_vs_peers <= 0.8943 AND r2d >= -0.01542
mean,30,best_short,20,SBICARD,short,0.0491298748004028,,SHORT: nifty_3m <= -0.02663 AND pe_vs_peers <= 0.8943 AND r2d >= -0.01542
mean,30,best_short,20,INDUSTOWER,short,0.0333255776226518,,SHORT: nifty_3m <= -0.02663 AND pe_vs_peers <= 0.8943 AND r2d >= -0.01542
mean,30,best_short,20,APLAPOLLO,short,0.0494023627518703,,SHORT: nifty_3m <= -0.02663 AND pe_vs_peers <= 0.8943 AND r2d >= -0.01542
mean,30,best_short,20,HEROMOTOCO,short,-0.0139543492757754,,SHORT: nifty_3m <= -0.02663 AND pe_vs_peers <= 0.8943 AND r2d >= -0.01542
mean,30,best_short,20,NAUKRI,short,0.0028800412042373,,SHORT: nifty_3m <= -0.02663 AND pe_vs_peers <= 0.8943 AND r2d >= -0.01542
mean,30,best_short,20,RVNL,short,0.0403416398941318,,SHORT: nifty_3m <= -0.02663 AND pe_vs_peers <= 0.8943 AND r2d >= -0.01542
mean,30,best_short,20,PGEL,short,-0.0240175274012903,,SHORT: nifty_3m <= -0.02663 AND pe_vs_peers <= 0.8943 AND r2d >= -0.01542
mean,30,best_short,20,ASHOKLEY,short,0.0672214022631009,,SHORT: nifty_3m <= -0.02663 AND pe_vs_peers <= 0.8943 AND r2d >= -0.01542
mean,30,top5_either,20,SBICARD,long,-0.0491298748004028,-0.0491298748004028,LONG: vs_ma200 <= -0.1634 AND vol60 >= 0.3008 AND peers_reported_n <= 1
mean,30,top5_either,20,SWIGGY,long,-0.0575659005988231,-0.0575659005988231,LONG: vs_ma200 <= -0.1634 AND vol60 >= 0.3008 AND peers_reported_n <= 1
mean,30,top5_either,20,SBICARD,long,-0.0491298748004028,-0.0491298748004028,LONG: vs_ma200 <= -0.1634 AND days_since_dividend <= 307 AND peers_reported_n <= 1
mean,60,best_either,20,SWIGGY,long,-0.0575659005988231,-0.0575659005988231,LONG: vs_ma200 <= -0.1634 AND days_since_dividend >= 77 AND own_rd >= -0.009195
mean,60,best_either,20,NAUKRI,long,-0.0028800412042373,-0.0028800412042373,LONG: vs_ma200 <= -0.1634 AND days_since_dividend >= 77 AND own_rd >= -0.009195
mean,60,best_long,20,SWIGGY,long,-0.0575659005988231,-0.0575659005988231,LONG: vs_ma200 <= -0.1634 AND days_since_dividend >= 77 AND own_rd >= -0.009195
mean,60,best_long,20,NAUKRI,long,-0.0028800412042373,-0.0028800412042373,LONG: vs_ma200 <= -0.1634 AND days_since_dividend >= 77 AND own_rd >= -0.009195
mean,60,best_short,20,ICICIPRULI,short,-0.0201961264342135,,SHORT: r6m >= -0.2009 AND nifty_1w >= 0.01545 AND d1 <= 0.00349
mean,60,top5_either,20,SWIGGY,long,-0.0575659005988231,-0.0575659005988231,LONG: vs_ma200 <= -0.1634 AND days_since_dividend >= 77 AND own_rd >= -0.009195
mean,60,top5_either,20,NAUKRI,long,-0.0028800412042373,-0.0028800412042373,LONG: vs_ma200 <= -0.1634 AND days_since_dividend >= 77 AND own_rd >= -0.009195
mean,60,top5_either,20,SWIGGY,long,-0.0575659005988231,-0.0575659005988231,LONG: vs_ma200 <= -0.1634 AND volume_5d_vs_60d >= 0.7968 AND days_since_dividend >= 68
mean,60,top5_either,20,NAUKRI,long,-0.0028800412042373,-0.0028800412042373,LONG: vs_ma200 <= -0.1634 AND volume_5d_vs_60d >= 0.7968 AND days_since_dividend >= 68
mean,60,top5_either,20,SWIGGY,long,-0.0575659005988231,-0.0575659005988231,LONG: vs_ma200 <= -0.1634 AND volume_5d_vs_60d >= 0.7968 AND days_after_quarter_end <= 51
mean,60,top5_either,20,SWIGGY,long,-0.0575659005988231,-0.0575659005988231,LONG: vs_ma200 <= -0.1634 AND vol60 >= 0.2536 AND volume_5d_vs_60d >= 0.7968
mean,60,top5_either,20,NAUKRI,long,-0.0028800412042373,-0.0028800412042373,LONG: vs_ma200 <= -0.1634 AND vol60 >= 0.2536 AND volume_5d_vs_60d >= 0.7968
mean,60,top5_either,20,SWIGGY,long,-0.0575659005988231,-0.0575659005988231,LONG: vs_ma200 <= -0.1634 AND days_since_dividend >= 68 AND own_rd >= -0.009195
mean,60,top5_either,20,NAUKRI,long,-0.0028800412042373,-0.0028800412042373,LONG: vs_ma200 <= -0.1634 AND days_since_dividend >= 68 AND own_rd >= -0.009195
fpos,30,best_short,20,HDFCBANK,short,-0.0205226679483654,,SHORT: nifty_3m <= -0.02663 AND pe_vs_peers <= 0.8943 AND r2d >= -0.01542
fpos,30,best_short,20,SBICARD,short,0.0491298748004028,,SHORT: nifty_3m <= -0.02663 AND pe_vs_peers <= 0.8943 AND r2d >= -0.01542
fpos,30,best_short,20,INDUSTOWER,short,0.0333255776226518,,SHORT: nifty_3m <= -0.02663 AND pe_vs_peers <= 0.8943 AND r2d >= -0.01542
fpos,30,best_short,20,APLAPOLLO,short,0.0494023627518703,,SHORT: nifty_3m <= -0.02663 AND pe_vs_peers <= 0.8943 AND r2d >= -0.01542
fpos,30,best_short,20,HEROMOTOCO,short,-0.0139543492757754,,SHORT: nifty_3m <= -0.02663 AND pe_vs_peers <= 0.8943 AND r2d >= -0.01542
fpos,30,best_short,20,NAUKRI,short,0.0028800412042373,,SHORT: nifty_3m <= -0.02663 AND pe_vs_peers <= 0.8943 AND r2d >= -0.01542
fpos,30,best_short,20,RVNL,short,0.0403416398941318,,SHORT: nifty_3m <= -0.02663 AND pe_vs_peers <= 0.8943 AND r2d >= -0.01542
fpos,30,best_short,20,PGEL,short,-0.0240175274012903,,SHORT: nifty_3m <= -0.02663 AND pe_vs_peers <= 0.8943 AND r2d >= -0.01542
fpos,30,best_short,20,ASHOKLEY,short,0.0672214022631009,,SHORT: nifty_3m <= -0.02663 AND pe_vs_peers <= 0.8943 AND r2d >= -0.01542
fpos,30,top5_either,20,SBICARD,long,-0.0491298748004028,-0.0491298748004028,LONG: vs_ma200 <= -0.1634 AND vol60 >= 0.3008 AND peers_reported_n <= 1
fpos,30,top5_either,20,SWIGGY,long,-0.0575659005988231,-0.0575659005988231,LONG: vs_ma200 <= -0.1634 AND vol60 >= 0.3008 AND peers_reported_n <= 1
fpos,30,top5_either,20,SBICARD,long,-0.0491298748004028,-0.0491298748004028,LONG: vs_ma200 <= -0.1634 AND days_since_dividend <= 307 AND peers_reported_n <= 1
fpos,60,best_either,20,SWIGGY,long,-0.0575659005988231,-0.0575659005988231,LONG: vs_ma200 <= -0.1634 AND volume_5d_vs_60d >= 0.7968 AND days_since_dividend >= 68
fpos,60,best_either,20,NAUKRI,long,-0.0028800412042373,-0.0028800412042373,LONG: vs_ma200 <= -0.1634 AND volume_5d_vs_60d >= 0.7968 AND days_since_dividend >= 68
fpos,60,best_long,20,SWIGGY,long,-0.0575659005988231,-0.0575659005988231,LONG: vs_ma200 <= -0.1634 AND volume_5d_vs_60d >= 0.7968 AND days_since_dividend >= 68
fpos,60,best_long,20,NAUKRI,long,-0.0028800412042373,-0.0028800412042373,LONG: vs_ma200 <= -0.1634 AND volume_5d_vs_60d >= 0.7968 AND days_since_dividend >= 68
fpos,60,best_short,20,ICICIPRULI,short,-0.0201961264342135,,SHORT: volume_5d_vs_60d <= 1.29 AND nifty_3m <= 0.004205 AND days_after_quarter_end <= 26
fpos,60,best_short,20,ICICIGI,short,-0.0558507597157283,,SHORT: volume_5d_vs_60d <= 1.29 AND nifty_3m <= 0.004205 AND days_after_quarter_end <= 26
fpos,60,best_short,20,HDFCBANK,short,-0.0205226679483654,,SHORT: volume_5d_vs_60d <= 1.29 AND nifty_3m <= 0.004205 AND days_after_quarter_end <= 26
fpos,60,best_short,20,RELIANCE,short,-0.0032776398391402,,SHORT: volume_5d_vs_60d <= 1.29 AND nifty_3m <= 0.004205 AND days_after_quarter_end <= 26
fpos,60,top5_either,20,SWIGGY,long,-0.0575659005988231,-0.0575659005988231,LONG: vs_ma200 <= -0.1634 AND volume_5d_vs_60d >= 0.7968 AND days_since_dividend >= 68
fpos,60,top5_either,20,NAUKRI,long,-0.0028800412042373,-0.0028800412042373,LONG: vs_ma200 <= -0.1634 AND volume_5d_vs_60d >= 0.7968 AND days_since_dividend >= 68
fpos,60,top5_either,20,SWIGGY,long,-0.0575659005988231,-0.0575659005988231,LONG: vs_ma200 <= -0.1634 AND volume_5d_vs_60d >= 0.7968 AND days_after_quarter_end <= 51
fpos,60,top5_either,20,SWIGGY,long,-0.0575659005988231,-0.0575659005988231,LONG: vs_ma200 <= -0.1634 AND vol60 >= 0.2536 AND volume_5d_vs_60d >= 0.7968
fpos,60,top5_either,20,NAUKRI,long,-0.0028800412042373,-0.0028800412042373,LONG: vs_ma200 <= -0.1634 AND vol60 >= 0.2536 AND volume_5d_vs_60d >= 0.7968
fpos,60,top5_either,20,NAUKRI,long,-0.0028800412042373,-0.0028800412042373,LONG: vs_ma200 <= -0.1634 AND volume_5d_vs_60d >= 0.7968 AND days_since_dividend <= 686
fpos,60,top5_either,20,HDFCBANK,long,0.0205226679483654,0.0205226679483654,LONG: r6m <= -0.1682 AND volume_5d_vs_60d >= 0.7968 AND days_after_quarter_end <= 38
fpos,60,top5_either,20,SWIGGY,long,-0.0575659005988231,-0.0575659005988231,LONG: r6m <= -0.1682 AND volume_5d_vs_60d >= 0.7968 AND days_after_quarter_end <= 38
worst,15,best_short,20,FORCEMOT,short,0.0049966043224667,,SHORT: from_52w_low >= 0.6754 AND nifty_3m <= 0.004205 AND sec_vs_50dma >= -0.04498
worst,30,best_either,20,SWIGGY,long,-0.0575659005988231,-0.0575659005988231,LONG: vs_ma200 <= -0.1634 AND nifty_d0 >= 0.0001321 AND own_rd >= -0.009195
worst,30,best_either,20,NAUKRI,long,-0.0028800412042373,-0.0028800412042373,LONG: vs_ma200 <= -0.1634 AND nifty_d0 >= 0.0001321 AND own_rd >= -0.009195
worst,30,best_long,20,SWIGGY,long,-0.0575659005988231,-0.0575659005988231,LONG: vs_ma200 <= -0.1634 AND nifty_d0 >= 0.0001321 AND own_rd >= -0.009195
worst,30,best_long,20,NAUKRI,long,-0.0028800412042373,-0.0028800412042373,LONG: vs_ma200 <= -0.1634 AND nifty_d0 >= 0.0001321 AND own_rd >= -0.009195
worst,30,best_short,20,ICICIPRULI,short,-0.0201961264342135,,SHORT: nifty_1w >= 0.01545 AND vs_sector_1m <= -0.05542 AND days_after_quarter_end <= 35
worst,30,best_short,20,ICICIGI,short,-0.0558507597157283,,SHORT: nifty_1w >= 0.01545 AND vs_sector_1m <= -0.05542 AND days_after_quarter_end <= 35
worst,30,top5_either,20,SWIGGY,long,-0.0575659005988231,-0.0575659005988231,LONG: vs_ma200 <= -0.1634 AND nifty_d0 >= 0.0001321 AND own_rd >= -0.009195
worst,30,top5_either,20,NAUKRI,long,-0.0028800412042373,-0.0028800412042373,LONG: vs_ma200 <= -0.1634 AND nifty_d0 >= 0.0001321 AND own_rd >= -0.009195
worst,30,top5_either,20,SBICARD,long,-0.0491298748004028,-0.0491298748004028,LONG: vs_ma200 <= -0.1634 AND log_mcap <= 12.1 AND peers_reported_n <= 1
worst,30,top5_either,20,SWIGGY,long,-0.0575659005988231,-0.0575659005988231,LONG: vs_ma200 <= -0.1634 AND log_mcap <= 12.1 AND peers_reported_n <= 1
worst,30,top5_either,20,SWIGGY,long,-0.0575659005988231,-0.0575659005988231,LONG: vs_ma200 <= -0.1634 AND volume_5d_vs_60d >= 0.7968 AND peers_reported_n <= 1
worst,30,top5_either,20,SBICARD,long,-0.0491298748004028,-0.0491298748004028,LONG: vs_ma200 <= -0.1634 AND peers_reported_n <= 1 AND maxabs5 >= 0.02422
worst,30,top5_either,20,SWIGGY,long,-0.0575659005988231,-0.0575659005988231,LONG: vs_ma200 <= -0.1634 AND peers_reported_n <= 1 AND maxabs5 >= 0.02422
worst,30,top5_either,20,SBICARD,long,-0.0491298748004028,-0.0491298748004028,LONG: vs_ma200 <= -0.1634 AND peers_reported_n <= 1 AND maxabs5 >= 0.01994
worst,30,top5_either,20,SWIGGY,long,-0.0575659005988231,-0.0575659005988231,LONG: vs_ma200 <= -0.1634 AND peers_reported_n <= 1 AND maxabs5 >= 0.01994
worst,60,best_either,20,SWIGGY,long,-0.0575659005988231,-0.0575659005988231,LONG: vs_ma200 <= -0.1634 AND volume_5d_vs_60d >= 0.7968 AND days_since_dividend >= 68
worst,60,best_either,20,NAUKRI,long,-0.0028800412042373,-0.0028800412042373,LONG: vs_ma200 <= -0.1634 AND volume_5d_vs_60d >= 0.7968 AND days_since_dividend >= 68
worst,60,best_long,20,SWIGGY,long,-0.0575659005988231,-0.0575659005988231,LONG: vs_ma200 <= -0.1634 AND volume_5d_vs_60d >= 0.7968 AND days_since_dividend >= 68
worst,60,best_long,20,NAUKRI,long,-0.0028800412042373,-0.0028800412042373,LONG: vs_ma200 <= -0.1634 AND volume_5d_vs_60d >= 0.7968 AND days_since_dividend >= 68
worst,60,top5_either,20,SWIGGY,long,-0.0575659005988231,-0.0575659005988231,LONG: vs_ma200 <= -0.1634 AND volume_5d_vs_60d >= 0.7968 AND days_since_dividend >= 68
worst,60,top5_either,20,NAUKRI,long,-0.0028800412042373,-0.0028800412042373,LONG: vs_ma200 <= -0.1634 AND volume_5d_vs_60d >= 0.7968 AND days_since_dividend >= 68
worst,60,top5_either,20,SWIGGY,long,-0.0575659005988231,-0.0575659005988231,LONG: vs_ma200 <= -0.1634 AND volume_5d_vs_60d >= 0.7968 AND days_after_quarter_end <= 51
worst,60,top5_either,20,HDFCBANK,long,0.0205226679483654,0.0205226679483654,LONG: r6m <= -0.1682 AND volume_5d_vs_60d >= 0.7968 AND days_after_quarter_end <= 38
worst,60,top5_either,20,SWIGGY,long,-0.0575659005988231,-0.0575659005988231,LONG: r6m <= -0.1682 AND volume_5d_vs_60d >= 0.7968 AND days_after_quarter_end <= 38
worst,60,top5_either,20,BPCL,long,0.0327736797191501,0.0327736797191501,LONG: r6m <= -0.2009 AND past_pct_up >= 0.4 AND days_after_quarter_end >= 21
worst,60,top5_either,20,NAUKRI,long,-0.0028800412042373,-0.0028800412042373,LONG: r6m <= -0.2009 AND past_pct_up >= 0.4 AND days_after_quarter_end >= 21
worst,60,top5_either,20,BPCL,long,0.0327736797191501,0.0327736797191501,LONG: r6m <= -0.2009 AND prev1_3d <= 0.08768 AND past_pct_up >= 0.4
worst,60,top5_either,20,NAUKRI,long,-0.0028800412042373,-0.0028800412042373,LONG: r6m <= -0.2009 AND prev1_3d <= 0.08768 AND past_pct_up >= 0.4
mean,30,best_either,21,BANKBARODA,long,-0.0069491528987243,-0.0069491528987243,LONG: r6m <= -0.1696 AND r2d <= -0.03062 AND nifty_3d <= -0.003845
mean,30,best_long,21,BANKBARODA,long,-0.0069491528987243,-0.0069491528987243,LONG: r6m <= -0.1696 AND r2d <= -0.03062 AND nifty_3d <= -0.003845
mean,30,top5_either,21,BANKBARODA,long,-0.0069491528987243,-0.0069491528987243,LONG: r6m <= -0.1696 AND r2d <= -0.03062 AND nifty_3d <= -0.003845
mean,30,top5_either,21,TCS,long,-0.012788850065074,-0.012788850065074,LONG: vs_ma200 <= -0.1635 AND peers_reported_n <= 1 AND exs_3d <= -0.005584
mean,30,top5_either,21,TATAELXSI,long,-0.0447556986142779,0.0361217245210416,LONG: vs_ma200 <= -0.1635 AND peers_reported_n <= 1 AND exs_3d <= -0.005584
mean,30,top5_either,21,LTM,long,0.0540890550744769,0.0474263179742631,LONG: vs_ma200 <= -0.1635 AND past_pct_up >= 0.4456 AND peers_reported_n <= 1
mean,30,top5_either,21,TATAELXSI,long,-0.0447556986142779,0.0361217245210416,LONG: vs_ma200 <= -0.1635 AND past_pct_up >= 0.4456 AND peers_reported_n <= 1
mean,30,top5_either,21,TATAELXSI,long,-0.0447556986142779,0.0361217245210416,LONG: vs_ma200 <= -0.1635 AND peers_reported_n <= 1 AND d2 <= -0.0004616
mean,60,best_either,21,TCS,long,-0.012788850065074,-0.012788850065074,LONG: vs_ma200 <= -0.1635 AND volume_5d_vs_60d >= 0.7965 AND exn_3d <= 0.01902
mean,60,best_either,21,INOXWIND,long,-0.0686191144326023,-0.0686191144326023,LONG: vs_ma200 <= -0.1635 AND volume_5d_vs_60d >= 0.7965 AND exn_3d <= 0.01902
mean,60,best_either,21,PATANJALI,long,0.0037146168219376,0.0037146168219376,LONG: vs_ma200 <= -0.1635 AND volume_5d_vs_60d >= 0.7965 AND exn_3d <= 0.01902
mean,60,best_long,21,TCS,long,-0.012788850065074,-0.012788850065074,LONG: vs_ma200 <= -0.1635 AND volume_5d_vs_60d >= 0.7965 AND exn_3d <= 0.01902
mean,60,best_long,21,INOXWIND,long,-0.0686191144326023,-0.0686191144326023,LONG: vs_ma200 <= -0.1635 AND volume_5d_vs_60d >= 0.7965 AND exn_3d <= 0.01902
mean,60,best_long,21,PATANJALI,long,0.0037146168219376,0.0037146168219376,LONG: vs_ma200 <= -0.1635 AND volume_5d_vs_60d >= 0.7965 AND exn_3d <= 0.01902
mean,60,best_short,21,IREDA,short,-0.0045502886072665,,SHORT: nifty_1w >= 0.0153 AND sector_3m >= -0.03093 AND d1 <= 0.003736
mean,60,best_short,21,KEI,short,-0.1413255784347034,,SHORT: nifty_1w >= 0.0153 AND sector_3m >= -0.03093 AND d1 <= 0.003736
mean,60,best_short,21,BSE,short,0.0305506165714584,,SHORT: nifty_1w >= 0.0153 AND sector_3m >= -0.03093 AND d1 <= 0.003736
mean,60,best_short,21,AUROPHARMA,short,-0.0222231689308486,,SHORT: nifty_1w >= 0.0153 AND sector_3m >= -0.03093 AND d1 <= 0.003736
mean,60,best_short,21,FORTIS,short,-0.0244391952359548,,SHORT: nifty_1w >= 0.0153 AND sector_3m >= -0.03093 AND d1 <= 0.003736
mean,60,top5_either,21,TCS,long,-0.012788850065074,-0.012788850065074,LONG: vs_ma200 <= -0.1635 AND volume_5d_vs_60d >= 0.7965 AND exn_3d <= 0.01902
mean,60,top5_either,21,INOXWIND,long,-0.0686191144326023,-0.0686191144326023,LONG: vs_ma200 <= -0.1635 AND volume_5d_vs_60d >= 0.7965 AND exn_3d <= 0.01902
mean,60,top5_either,21,PATANJALI,long,0.0037146168219376,0.0037146168219376,LONG: vs_ma200 <= -0.1635 AND volume_5d_vs_60d >= 0.7965 AND exn_3d <= 0.01902
mean,60,top5_either,21,TCS,long,-0.012788850065074,-0.012788850065074,LONG: r6m <= -0.2026 AND volume_5d_vs_60d >= 0.7965 AND exs_3d <= 0.01871
mean,60,top5_either,21,INOXWIND,long,-0.0686191144326023,-0.0686191144326023,LONG: r6m <= -0.2026 AND volume_5d_vs_60d >= 0.7965 AND exs_3d <= 0.01871
mean,60,top5_either,21,PATANJALI,long,0.0037146168219376,0.0037146168219376,LONG: r6m <= -0.2026 AND volume_5d_vs_60d >= 0.7965 AND exs_3d <= 0.01871
mean,60,top5_either,21,TCS,long,-0.012788850065074,-0.012788850065074,LONG: vs_ma200 <= -0.1635 AND volume_5d_vs_60d >= 0.7965 AND days_since_dividend <= 688.7
mean,60,top5_either,21,LTM,long,0.0540890550744769,0.0474263179742631,LONG: vs_ma200 <= -0.1635 AND volume_5d_vs_60d >= 0.7965 AND days_since_dividend <= 688.7
mean,60,top5_either,21,KPITTECH,long,0.0130187360628796,0.0897310648300029,LONG: vs_ma200 <= -0.1635 AND volume_5d_vs_60d >= 0.7965 AND days_since_dividend <= 688.7
mean,60,top5_either,21,PATANJALI,long,0.0037146168219376,0.0037146168219376,LONG: vs_ma200 <= -0.1635 AND volume_5d_vs_60d >= 0.7965 AND days_since_dividend <= 688.7
mean,60,top5_either,21,TCS,long,-0.012788850065074,-0.012788850065074,LONG: vs_ma200 <= -0.09378 AND gap0 <= 0.008484 AND maxabs5 >= 0.03641
mean,60,top5_either,21,KPITTECH,long,0.0130187360628796,0.0897310648300029,LONG: vs_ma200 <= -0.09378 AND gap0 <= 0.008484 AND maxabs5 >= 0.03641
mean,60,top5_either,21,INOXWIND,long,-0.0686191144326023,-0.0686191144326023,LONG: vs_ma200 <= -0.09378 AND gap0 <= 0.008484 AND maxabs5 >= 0.03641
mean,60,top5_either,21,TCS,long,-0.012788850065074,-0.012788850065074,LONG: vs_ma200 <= -0.1635 AND volume_5d_vs_60d >= 0.7965 AND exs_3d <= 0.01871
mean,60,top5_either,21,INOXWIND,long,-0.0686191144326023,-0.0686191144326023,LONG: vs_ma200 <= -0.1635 AND volume_5d_vs_60d >= 0.7965 AND exs_3d <= 0.01871
mean,60,top5_either,21,PATANJALI,long,0.0037146168219376,0.0037146168219376,LONG: vs_ma200 <= -0.1635 AND volume_5d_vs_60d >= 0.7965 AND exs_3d <= 0.01871
fpos,30,best_either,21,BANKBARODA,long,-0.0069491528987243,-0.0069491528987243,LONG: r6m <= -0.1696 AND r2d <= -0.03062 AND nifty_3d <= -0.003845
fpos,30,best_long,21,BANKBARODA,long,-0.0069491528987243,-0.0069491528987243,LONG: r6m <= -0.1696 AND r2d <= -0.03062 AND nifty_3d <= -0.003845
fpos,30,top5_either,21,BANKBARODA,long,-0.0069491528987243,-0.0069491528987243,LONG: r6m <= -0.1696 AND r2d <= -0.03062 AND nifty_3d <= -0.003845
fpos,30,top5_either,21,TCS,long,-0.012788850065074,-0.012788850065074,LONG: vs_ma200 <= -0.1635 AND peers_reported_n <= 1 AND exs_3d <= -0.005584
fpos,30,top5_either,21,TATAELXSI,long,-0.0447556986142779,0.0361217245210416,LONG: vs_ma200 <= -0.1635 AND peers_reported_n <= 1 AND exs_3d <= -0.005584
fpos,30,top5_either,21,LTM,long,0.0540890550744769,0.0474263179742631,LONG: vs_ma200 <= -0.1635 AND past_pct_up >= 0.4456 AND peers_reported_n <= 1
fpos,30,top5_either,21,TATAELXSI,long,-0.0447556986142779,0.0361217245210416,LONG: vs_ma200 <= -0.1635 AND past_pct_up >= 0.4456 AND peers_reported_n <= 1
fpos,30,top5_either,21,TATAELXSI,long,-0.0447556986142779,0.0361217245210416,LONG: vs_ma200 <= -0.1635 AND peers_reported_n <= 1 AND d2 <= -0.0004616
fpos,60,best_either,21,TCS,long,-0.012788850065074,-0.012788850065074,LONG: r6m <= -0.2026 AND volume_5d_vs_60d >= 0.7965 AND exs_3d <= 0.01871
fpos,60,best_either,21,INOXWIND,long,-0.0686191144326023,-0.0686191144326023,LONG: r6m <= -0.2026 AND volume_5d_vs_60d >= 0.7965 AND exs_3d <= 0.01871
fpos,60,best_either,21,PATANJALI,long,0.0037146168219376,0.0037146168219376,LONG: r6m <= -0.2026 AND volume_5d_vs_60d >= 0.7965 AND exs_3d <= 0.01871
fpos,60,best_long,21,TCS,long,-0.012788850065074,-0.012788850065074,LONG: r6m <= -0.2026 AND volume_5d_vs_60d >= 0.7965 AND exs_3d <= 0.01871
fpos,60,best_long,21,INOXWIND,long,-0.0686191144326023,-0.0686191144326023,LONG: r6m <= -0.2026 AND volume_5d_vs_60d >= 0.7965 AND exs_3d <= 0.01871
fpos,60,best_long,21,PATANJALI,long,0.0037146168219376,0.0037146168219376,LONG: r6m <= -0.2026 AND volume_5d_vs_60d >= 0.7965 AND exs_3d <= 0.01871
fpos,60,top5_either,21,TCS,long,-0.012788850065074,-0.012788850065074,LONG: r6m <= -0.2026 AND volume_5d_vs_60d >= 0.7965 AND exs_3d <= 0.01871
fpos,60,top5_either,21,INOXWIND,long,-0.0686191144326023,-0.0686191144326023,LONG: r6m <= -0.2026 AND volume_5d_vs_60d >= 0.7965 AND exs_3d <= 0.01871
fpos,60,top5_either,21,PATANJALI,long,0.0037146168219376,0.0037146168219376,LONG: r6m <= -0.2026 AND volume_5d_vs_60d >= 0.7965 AND exs_3d <= 0.01871
fpos,60,top5_either,21,KPITTECH,long,0.0130187360628796,0.0897310648300029,LONG: from_52w_high <= -0.1546 AND past_pct_up >= 0.4 AND vol20_60 >= 1.131
fpos,60,top5_either,21,TCS,long,-0.012788850065074,-0.012788850065074,LONG: r6m <= -0.1696 AND volume_5d_vs_60d >= 0.7965 AND gap0 <= 0.005007
fpos,60,top5_either,21,LTM,long,0.0540890550744769,0.0474263179742631,LONG: r6m <= -0.1696 AND volume_5d_vs_60d >= 0.7965 AND gap0 <= 0.005007
fpos,60,top5_either,21,KPITTECH,long,0.0130187360628796,0.0897310648300029,LONG: r6m <= -0.1696 AND volume_5d_vs_60d >= 0.7965 AND gap0 <= 0.005007
fpos,60,top5_either,21,INOXWIND,long,-0.0686191144326023,-0.0686191144326023,LONG: r6m <= -0.1696 AND volume_5d_vs_60d >= 0.7965 AND gap0 <= 0.005007
fpos,60,top5_either,21,PATANJALI,long,0.0037146168219376,0.0037146168219376,LONG: r6m <= -0.1696 AND volume_5d_vs_60d >= 0.7965 AND gap0 <= 0.005007
fpos,60,top5_either,21,TCS,long,-0.012788850065074,-0.012788850065074,LONG: r6m <= -0.1696 AND volume_5d_vs_60d >= 0.8616 AND own_rd >= -0.009124
fpos,60,top5_either,21,KPITTECH,long,0.0130187360628796,0.0897310648300029,LONG: r6m <= -0.1696 AND volume_5d_vs_60d >= 0.8616 AND own_rd >= -0.009124
fpos,60,top5_either,21,INOXWIND,long,-0.0686191144326023,-0.0686191144326023,LONG: r6m <= -0.1696 AND volume_5d_vs_60d >= 0.8616 AND own_rd >= -0.009124
fpos,60,top5_either,21,PATANJALI,long,0.0037146168219376,0.0037146168219376,LONG: r6m <= -0.1696 AND volume_5d_vs_60d >= 0.8616 AND own_rd >= -0.009124
fpos,60,top5_either,21,TCS,long,-0.012788850065074,-0.012788850065074,LONG: r6m <= -0.2026 AND volume_5d_vs_60d >= 0.7232 AND exn_3d <= 0.01902
fpos,60,top5_either,21,TATAELXSI,long,-0.0447556986142779,0.0361217245210416,LONG: r6m <= -0.2026 AND volume_5d_vs_60d >= 0.7232 AND exn_3d <= 0.01902
fpos,60,top5_either,21,INOXWIND,long,-0.0686191144326023,-0.0686191144326023,LONG: r6m <= -0.2026 AND volume_5d_vs_60d >= 0.7232 AND exn_3d <= 0.01902
fpos,60,top5_either,21,PATANJALI,long,0.0037146168219376,0.0037146168219376,LONG: r6m <= -0.2026 AND volume_5d_vs_60d >= 0.7232 AND exn_3d <= 0.01902
worst,30,best_either,21,TCS,long,-0.012788850065074,-0.012788850065074,LONG: vs_ma200 <= -0.1635 AND peers_reported_n <= 1 AND exs_3d <= -0.005584
worst,30,best_either,21,TATAELXSI,long,-0.0447556986142779,0.0361217245210416,LONG: vs_ma200 <= -0.1635 AND peers_reported_n <= 1 AND exs_3d <= -0.005584
worst,30,best_long,21,TCS,long,-0.012788850065074,-0.012788850065074,LONG: vs_ma200 <= -0.1635 AND peers_reported_n <= 1 AND exs_3d <= -0.005584
worst,30,best_long,21,TATAELXSI,long,-0.0447556986142779,0.0361217245210416,LONG: vs_ma200 <= -0.1635 AND peers_reported_n <= 1 AND exs_3d <= -0.005584
worst,30,best_short,21,HINDZINC,short,0.0107555390559536,,SHORT: r1y >= 0.1839 AND nifty_3m <= 0.0003452 AND z20 >= -0.8539
worst,30,best_short,21,SAIL,short,-0.0039969850892769,,SHORT: r1y >= 0.1839 AND nifty_3m <= 0.0003452 AND z20 >= -0.8539
worst,30,best_short,21,VEDL,short,-0.0190499579459807,,SHORT: r1y >= 0.1839 AND nifty_3m <= 0.0003452 AND z20 >= -0.8539
worst,30,top5_either,21,TCS,long,-0.012788850065074,-0.012788850065074,LONG: vs_ma200 <= -0.1635 AND peers_reported_n <= 1 AND exs_3d <= -0.005584
worst,30,top5_either,21,TATAELXSI,long,-0.0447556986142779,0.0361217245210416,LONG: vs_ma200 <= -0.1635 AND peers_reported_n <= 1 AND exs_3d <= -0.005584
worst,30,top5_either,21,KPITTECH,long,0.0130187360628796,0.0897310648300029,LONG: r6m <= -0.2026 AND vs_ma50 <= -0.1119 AND past_pct_up >= 0.4
worst,60,best_either,21,LTM,long,0.0540890550744769,0.0474263179742631,LONG: r6m <= -0.2026 AND past_pct_up >= 0.4 AND maxabs5 >= 0.01486
worst,60,best_either,21,TATAELXSI,long,-0.0447556986142779,0.0361217245210416,LONG: r6m <= -0.2026 AND past_pct_up >= 0.4 AND maxabs5 >= 0.01486
worst,60,best_either,21,KPITTECH,long,0.0130187360628796,0.0897310648300029,LONG: r6m <= -0.2026 AND past_pct_up >= 0.4 AND maxabs5 >= 0.01486
worst,60,best_long,21,LTM,long,0.0540890550744769,0.0474263179742631,LONG: r6m <= -0.2026 AND past_pct_up >= 0.4 AND maxabs5 >= 0.01486
worst,60,best_long,21,TATAELXSI,long,-0.0447556986142779,0.0361217245210416,LONG: r6m <= -0.2026 AND past_pct_up >= 0.4 AND maxabs5 >= 0.01486
worst,60,best_long,21,KPITTECH,long,0.0130187360628796,0.0897310648300029,LONG: r6m <= -0.2026 AND past_pct_up >= 0.4 AND maxabs5 >= 0.01486
worst,60,top5_either,21,LTM,long,0.0540890550744769,0.0474263179742631,LONG: r6m <= -0.2026 AND past_pct_up >= 0.4 AND maxabs5 >= 0.01486
worst,60,top5_either,21,TATAELXSI,long,-0.0447556986142779,0.0361217245210416,LONG: r6m <= -0.2026 AND past_pct_up >= 0.4 AND maxabs5 >= 0.01486
worst,60,top5_either,21,KPITTECH,long,0.0130187360628796,0.0897310648300029,LONG: r6m <= -0.2026 AND past_pct_up >= 0.4 AND maxabs5 >= 0.01486
worst,60,top5_either,21,LTM,long,0.0540890550744769,0.0474263179742631,LONG: r6m <= -0.2026 AND past_pct_up >= 0.4 AND maxabs5 >= 0.01289
worst,60,top5_either,21,TATAELXSI,long,-0.0447556986142779,0.0361217245210416,LONG: r6m <= -0.2026 AND past_pct_up >= 0.4 AND maxabs5 >= 0.01289
worst,60,top5_either,21,KPITTECH,long,0.0130187360628796,0.0897310648300029,LONG: r6m <= -0.2026 AND past_pct_up >= 0.4 AND maxabs5 >= 0.01289
worst,60,top5_either,21,GODFRYPHLP,long,-0.002473364603341,0.0406059125335938,LONG: season_so_far_3d <= -0.005034 AND nifty_3d <= -0.007527 AND dist_60h <= -0.1455
worst,60,top5_either,21,TATAPOWER,long,-0.0126734835625622,-0.0126734835625622,LONG: season_so_far_3d <= -0.005034 AND nifty_3d <= -0.007527 AND dist_60h <= -0.1455
worst,60,top5_either,21,VBL,long,-0.0183066581155288,-0.0183066581155288,LONG: season_so_far_3d <= -0.005034 AND nifty_3d <= -0.007527 AND dist_60h <= -0.1455
worst,60,top5_either,21,VBL,long,-0.0183066581155288,-0.0183066581155288,LONG: season_so_far_3d <= -0.009553 AND nifty_3d <= -0.0003074 AND dist_60h <= -0.1455
