grouping,T,side,inst,H,q,g,t,nleg,gross,nifty,raw_net,vsn_net,vss_net,score,n_rep
SEC,0.02,1,STOCK3D,3,0,Nifty Auto,1387,1,0.0419241042359103,0.0055848055470589,0.0402241042359103,0.0344392986888514,0.0228165115233028,0.03629460842632528,10
SEC,0.03,1,STOCK3D,3,0,Nifty Auto,1387,1,0.0419241042359103,0.0055848055470589,0.0402241042359103,0.0344392986888514,0.0228165115233028,0.03629460842632528,10
SEC,0.02,1,STOCK3D,3,0,Nifty Auto,1373,1,0.0755418754789799,0.0112420027297256,0.07384187547897991,0.06239987274925431,0.057282352478359305,0.0314034157882246,9
SEC,0.03,1,STOCK3D,3,0,Nifty Auto,1373,1,0.0755418754789799,0.0112420027297256,0.07384187547897991,0.06239987274925431,0.057282352478359305,0.0314034157882246,9
SEC,0.02,1,STOCK3D,3,0,Nifty Auto,1362,1,0.0597152766988205,0.0046469141615056,0.0580152766988205,0.0531683625373149,0.057375438755031996,0.024022491059415407,4
SEC,0.02,1,STOCK3D,3,0,Nifty FMCG,1359,1,0.0336721423517585,0.0278368045520637,0.0319721423517585,0.0039353377996948,0.0101610406856453,0.02977290801289248,5
SEC,0.02,-1,STOCK3D,3,0,Nifty Services Sector,1363,1,0.0591901697448473,0.0112824809920674,-0.0608901697448473,-0.049807688752779904,-0.042053154385568205,-0.03727250105529123,3
SEC,0.03,-1,STOCK3D,3,0,Nifty Services Sector,1363,1,0.0591901697448473,0.0112824809920674,-0.0608901697448473,-0.049807688752779904,-0.042053154385568205,-0.03727250105529123,3
SEC,0.02,1,STOCK3D,3,0,Nifty Auto,1367,1,0.0052463415922824,0.0148702637122812,0.0035463415922824,-0.0115239221199988,-0.0102361053576452,0.021238964252408527,6
SEC,0.02,-1,STOCK3D,3,0,Nifty FMCG,1356,1,0.2387066382116689,-0.0084754323157143,-0.2404066382116689,-0.2490820705273832,-0.24403817623924962,-0.02006153518572605,4
SEC,0.02,1,STOCK3D,3,0,Nifty Auto,1353,1,0.0309703811037941,0.0223665913853179,0.0292703811037941,0.0067037897184761995,0.0024621797942342982,0.04026332403488719,3
SEC,0.03,1,STOCK3D,3,0,Nifty Auto,1353,1,0.0309703811037941,0.0223665913853179,0.0292703811037941,0.0067037897184761995,0.0024621797942342982,0.04026332403488719,3
SEC,0.02,1,STOCK3D,3,0,Nifty FMCG,1370,1,-0.0178896404286247,0.0091096265509077,-0.0195896404286247,-0.0288992669795324,-0.0261601965540357,0.025178486620816985,6
SEC,0.02,-1,STOCK3D,3,0,Nifty Metal,1363,1,-0.0347425905384497,0.0112824809920674,0.0330425905384497,0.0441250715305171,-0.002494104447251399,-0.03216442460692321,3
SEC,0.03,-1,STOCK3D,3,0,Nifty Metal,1363,1,-0.0347425905384497,0.0112824809920674,0.0330425905384497,0.0441250715305171,-0.002494104447251399,-0.03216442460692321,3
SEC,0.02,1,STOCK3D,3,0,Nifty Auto,1368,1,-0.0149775481128471,0.0182883683658756,-0.0166775481128471,-0.0351659164787227,-0.0235573147794383,0.021238964252408527,6
SEC,0.02,-1,STOCK3D,3,0,Nifty Metal,1389,1,0.1266757066999112,-0.0026406608994148,-0.12837570669991122,-0.13121636759932603,-0.1033822334600832,-0.03048991416647988,4
SEC,0.03,-1,STOCK3D,3,0,Nifty Metal,1389,1,0.1266757066999112,-0.0026406608994148,-0.12837570669991122,-0.13121636759932603,-0.1033822334600832,-0.03048991416647988,4
SEC,0.02,1,STOCK3D,3,0,Nifty Auto,1360,1,0.0095464377659898,0.0239497323653794,0.0078464377659898,-0.0163032945993896,-0.0383176627196055,0.024022491059415407,4
SEC,0.02,1,STOCK3D,3,1,Nifty FMCG,1414,1,-0.0199455299231836,0.0311451982979353,-0.0216455299231836,-0.0529907282211189,-0.035417361855309595,0.022287211769653446,4
SEC,0.02,1,STOCK3D,3,1,Nifty FMCG,1415,1,-0.0158306272493888,0.0256011199469969,-0.0175306272493888,-0.0433317471963857,-0.0331987658198674,0.021027316841950562,5
SEC,0.02,-1,STOCK3D,3,1,Nifty Metal,1421,1,0.0199931192560965,0.0152419648862813,-0.0216931192560965,-0.006651154369815198,0.0168597951585201,-0.031722850290002214,7
SEC,0.03,-1,STOCK3D,3,1,Nifty Metal,1421,1,0.0199931192560965,0.0152419648862813,-0.0216931192560965,-0.006651154369815198,0.0168597951585201,-0.031722850290002214,7
SEC,0.02,-1,STOCK3D,3,1,Nifty Pharma,1412,1,0.124380733121064,0.0111654056113453,-0.126080733121064,-0.1151153275097187,-0.0912440659491903,-0.02815518191574036,3
SEC,0.02,1,STOCK3D,3,1,Nifty FMCG,1414,1,0.0034340201237829,0.0311451982979353,0.0017340201237829001,-0.0296111781741524,-0.0120378118083431,0.022287211769653446,4
SEC,0.02,-1,STOCK3D,3,1,Nifty Metal,1421,1,0.0630322423089302,0.0152419648862813,-0.0647322423089302,-0.0496902774226489,-0.026179327894313605,-0.031722850290002214,7
SEC,0.03,-1,STOCK3D,3,1,Nifty Metal,1421,1,0.0630322423089302,0.0152419648862813,-0.0647322423089302,-0.0496902774226489,-0.026179327894313605,-0.031722850290002214,7
SEC,0.02,1,STOCK3D,3,2,Nifty Auto,1483,1,0.0240082282864565,0.0052205322176795,0.0223082282864565,0.016887696068777002,0.0325704644405352,0.02676679163904647,7
SEC,0.02,1,STOCK3D,3,2,Nifty Bank,1473,1,-0.035441745442146,-0.0329606927130663,-0.037141745442146,-0.004381052729079697,0.0148445726580012,0.02753908381459339,5
SEC,0.02,-1,STOCK3D,3,2,Nifty Financial Services,1473,1,-0.0292069898504505,-0.0329606927130663,0.0275069898504505,-0.005653702862615799,-0.0169111356895434,-0.0248335521304248,7
SEC,0.02,-1,STOCK3D,3,2,Nifty Financial Services,1471,1,-0.0284554951522558,0.0053243398168042,0.0267554951522558,0.03187983496906,0.037081935834958,-0.025698163975540884,6
SEC,0.02,1,STOCK3D,3,2,Nifty Auto,1483,1,-0.0660193415573237,0.0052205322176795,-0.06771934155732369,-0.0731398737750032,-0.057457105403244994,0.02676679163904647,7
SEC,0.02,1,STOCK3D,3,2,Nifty Auto,1480,1,0.0557080079093219,0.0056257336474973,0.0540080079093219,0.0481822742618246,0.030050583064500203,0.029065296141864105,5
SEC,0.02,-1,STOCK3D,3,2,Nifty FMCG,1479,1,-0.0017589181602162,0.0120381144697441,5.891816021620015e-05,0.0118970326299603,0.0138186235396619,-0.022969476455674317,6
SEC,0.02,-1,STOCK3D,3,2,Nifty Financial Services,1474,1,-0.0562703892778057,-0.0152162627494049,0.0545703892778057,0.0391541265284008,0.029135986354323202,-0.022828980638456235,9
SEC,0.02,1,STOCK3D,3,2,Nifty IT,1470,1,-0.0664584765375901,0.0049924034128412,-0.06815847653759009,-0.0733508799504313,-0.0488946880691326,0.02071184473444685,5
SEC,0.02,-1,STOCK3D,3,2,Nifty FMCG,1476,1,0.0416936855856668,0.008989621717353,-0.0433936855856668,-0.0346040638683138,-0.041141692332992905,-0.02835234833904606,5
SEC,0.02,-1,STOCK3D,3,2,Nifty Pharma,1474,1,0.0301688384780106,-0.0152162627494049,-0.0318688384780106,-0.0472851012274155,-0.0364011064225217,-0.02557547994857857,3
SEC,0.02,1,STOCK3D,3,2,Nifty Auto,1477,1,0.0404577774265768,-0.0006967453493216,0.0387577774265768,0.0392545227758984,0.023912046460948203,0.029375828687229693,3
SEC,0.02,-1,STOCK3D,3,2,Nifty FMCG,1482,1,-0.0422553111370379,0.0033513301952377,0.0405553111370379,0.0437066413322756,0.0376259467123123,-0.023188754354104994,7
SEC,0.02,1,STOCK3D,3,2,Nifty Auto,1483,1,-0.0093910514547539,0.0052205322176795,-0.0110910514547539,-0.0165115836724334,-0.0008288153006751997,0.02676679163904647,7
SEC,0.02,1,STOCK3D,3,2,Nifty Bank,1472,1,-0.000818349427884,-0.0146776740145639,-0.002518349427884,0.0119593245866799,0.0383977134536899,0.056619393730807856,3
SEC,0.03,1,STOCK3D,3,2,Nifty Bank,1472,1,-0.000818349427884,-0.0146776740145639,-0.002518349427884,0.0119593245866799,0.0383977134536899,0.056619393730807856,3
SEC,0.02,-1,STOCK3D,3,2,Nifty FMCG,1472,1,-0.0344544376312673,-0.0146776740145639,0.0327544376312673,0.0178767636167034,0.023913470830026998,-0.03511020089231579,3
SEC,0.03,-1,STOCK3D,3,2,Nifty FMCG,1472,1,-0.0344544376312673,-0.0146776740145639,0.0327544376312673,0.0178767636167034,0.023913470830026998,-0.03511020089231579,3
SEC,0.02,1,STOCK3D,3,2,Nifty Auto,1480,1,0.0535168906171797,0.0056257336474973,0.0518168906171797,0.0459911569696824,0.027859465772357997,0.029065296141864105,5
SEC,0.02,-1,STOCK3D,3,2,Nifty FMCG,1473,1,0.0096357521143649,-0.0329606927130663,-0.0113357521143649,-0.0444964448274312,-0.0285475025793999,-0.03511020089231579,3
SEC,0.03,-1,STOCK3D,3,2,Nifty FMCG,1473,1,0.0096357521143649,-0.0329606927130663,-0.0113357521143649,-0.0444964448274312,-0.0285475025793999,-0.03511020089231579,3
SEC,0.02,1,STOCK3D,3,2,Nifty Auto,1483,1,-0.018190396917639,0.0052205322176795,-0.019890396917639,-0.0253109291353185,-0.0096281607635603,0.02676679163904647,7
SEC,0.02,1,STOCK3D,3,2,Nifty IT,1468,1,-0.0844874996833486,-0.0165822231845643,-0.08618749968334859,-0.06980527649878429,-0.04111629538244759,0.02071184473444685,5
SEC,0.02,-1,STOCK3D,3,2,Nifty Financial Services,1471,1,-0.0313975371662658,0.0053243398168042,0.029697537166265803,0.03482187698307,0.040023977848968,-0.025698163975540884,6
SEC,0.02,1,STOCK3D,3,2,Nifty Bank,1472,1,-0.0759387050402387,-0.0146776740145639,-0.07763870504023869,-0.0631610310256748,-0.036722642158664796,0.056619393730807856,3
SEC,0.03,1,STOCK3D,3,2,Nifty Bank,1472,1,-0.0759387050402387,-0.0146776740145639,-0.07763870504023869,-0.0631610310256748,-0.036722642158664796,0.056619393730807856,3
SEC,0.02,1,STOCK3D,3,2,Nifty Bank,1473,1,-0.1488695559578789,-0.0329606927130663,-0.1505695559578789,-0.1178088632448126,-0.0985832378577317,0.02753908381459339,5
SEC,0.02,-1,STOCK3D,3,2,Nifty Financial Services,1473,1,-0.0224982667566834,-0.0329606927130663,0.0207982667566834,-0.012362425956382901,-0.0236198587833105,-0.0248335521304248,7
SEC,0.02,-1,STOCK3D,3,2,Nifty Financial Services,1474,1,-0.0650382286705245,-0.0152162627494049,0.06333822867052451,0.0479219659211196,0.037903825747042,-0.022828980638456235,9
SEC,0.02,1,STOCK3D,3,2,Nifty IT,1470,1,0.0256412386471877,0.0049924034128412,0.0239412386471877,0.0187488352343465,0.043205027115645195,0.02071184473444685,5
SEC,0.02,1,STOCK3D,3,2,Nifty Auto,1475,1,0.0140701779471632,0.0019361347802692,0.0123701779471632,0.010234043166893999,-0.012289352594778901,0.029375828687229693,3
SEC,0.02,-1,STOCK3D,3,2,Nifty Pharma,1474,1,-0.0144778590116083,-0.0152162627494049,0.0127778590116083,-0.0026384037377966004,0.0082455910670972,-0.02557547994857857,3
SEC,0.02,-1,STOCK3D,3,3,Nifty Services Sector,1538,1,0.0487327233315511,0.0391364488031693,-0.0504327233315511,-0.0114962745283818,-0.008336398334319595,-0.027599807856159838,3
SEC,0.02,1,STOCK3D,3,3,Nifty Bank,1536,1,0.0500983156206813,0.0037196463961119,0.0483983156206813,0.0444786692245694,0.041015157331217404,0.03272248110800073,5
SEC,0.03,1,STOCK3D,3,3,Nifty Bank,1536,1,0.0500983156206813,0.0037196463961119,0.0483983156206813,0.0444786692245694,0.041015157331217404,0.03272248110800073,5
SEC,0.02,-1,STOCK3D,3,3,Nifty Services Sector,1543,1,-0.0008843178930221,-0.0027812648502499,-0.0008156821069778999,-0.0037969469572278,-0.0111153559259075,-0.021406569918296398,4
SEC,0.02,1,STOCK3D,3,3,Nifty Bank,1535,1,0.1405867430248639,-0.0026775341696725,0.1388867430248639,0.1413642771945364,0.11854255142659881,0.023078511065810648,3
SEC,0.02,-1,STOCK3D,3,3,Nifty India Manufacturing,1545,1,0.0339752246202026,0.0064197568277107,-0.0356752246202026,-0.0294554677924919,-0.0328915515331602,-0.020381113281418384,6
SEC,0.02,-1,STOCK3D,3,3,Nifty Oil & Gas,1540,1,-0.006302200699108,-0.0033043601462235,0.004602200699108,0.0010978405528844998,-0.0064571237165463,-0.05002973837035315,4
SEC,0.03,-1,STOCK3D,3,3,Nifty Oil & Gas,1540,1,-0.006302200699108,-0.0033043601462235,0.004602200699108,0.0010978405528844998,-0.0064571237165463,-0.05002973837035315,4
SEC,0.02,-1,STOCK3D,3,3,Nifty Financial Services,1533,1,-0.0690450827994334,-0.0269301149048024,0.06734508279943341,0.040214967894631,0.048082289091804606,-0.02749179805551029,4
SEC,0.02,1,STOCK3D,3,3,Nifty Bank,1537,1,0.0323379568160222,0.0270993850004593,0.030637956816022202,0.0033385718155629026,0.016596832932293203,0.04349140097339774,6
SEC,0.03,1,STOCK3D,3,3,Nifty Bank,1537,1,0.0323379568160222,0.0270993850004593,0.030637956816022202,0.0033385718155629026,0.016596832932293203,0.04349140097339774,6
SEC,0.02,-1,STOCK3D,3,3,Nifty Financial Services,1533,1,-0.0829004264243545,-0.0269301149048024,0.0812004264243545,0.05407031151955209,0.0619376327167257,-0.02749179805551029,4
SEC,0.02,-1,STOCK3D,3,3,Nifty Services Sector,1541,1,0.1129599947507508,-0.0321432230473421,-0.1146599947507508,-0.14700321779809292,-0.15442502919183032,-0.021406569918296398,4
SEC,0.02,1,STOCK3D,3,3,Nifty Bank,1537,1,0.0401517461543337,0.0270993850004593,0.0384517461543337,0.0111523611538744,0.0244106222706047,0.04349140097339774,6
SEC,0.03,1,STOCK3D,3,3,Nifty Bank,1537,1,0.0401517461543337,0.0270993850004593,0.0384517461543337,0.0111523611538744,0.0244106222706047,0.04349140097339774,6
SEC,0.02,1,STOCK3D,3,3,Nifty Bank,1536,1,0.0018214602604359,0.0037196463961119,0.00012146026043590016,-0.003798186135676,-0.007261698029028,0.03272248110800073,5
SEC,0.03,1,STOCK3D,3,3,Nifty Bank,1536,1,0.0018214602604359,0.0037196463961119,0.00012146026043590016,-0.003798186135676,-0.007261698029028,0.03272248110800073,5
SEC,0.02,-1,STOCK3D,3,3,Nifty IT,1530,1,-0.0715054976691146,-0.0304083582381472,0.0698054976691146,0.0391971394309674,0.011843907946991396,-0.02726061441487647,4
SEC,0.02,-1,STOCK3D,3,3,Nifty IT,1531,1,-0.0560888470297974,-0.0276303711920147,0.0543888470297974,0.0265584758377827,-0.0017679359268471038,-0.02726061441487647,4
SEC,0.02,-1,STOCK3D,3,3,Nifty IT,1530,1,-0.0933715639486753,-0.0304083582381472,0.0916715639486753,0.061063205710528104,0.03370997422655209,-0.02726061441487647,4
SEC,0.02,-1,STOCK3D,3,3,Nifty Oil & Gas,1546,1,0.01419724974878,-0.0356086181166838,-0.01589724974878,-0.0517058678654638,-0.038184022602954,-0.035217789751400636,5
SEC,0.03,-1,STOCK3D,3,3,Nifty Oil & Gas,1546,1,0.01419724974878,-0.0356086181166838,-0.01589724974878,-0.0517058678654638,-0.038184022602954,-0.035217789751400636,5
SEC,0.02,-1,STOCK3D,3,3,Nifty IT,1531,1,-0.0106854875162861,-0.0276303711920147,0.0089854875162861,-0.018844883675728598,-0.047171295440358404,-0.02726061441487647,4
SEC,0.02,-1,STOCK3D,3,3,Nifty Oil & Gas,1544,1,0.0352616649418624,0.022633750498253,-0.0369616649418624,-0.0145279144436094,-0.0392767287655567,-0.035217789751400636,5
SEC,0.03,-1,STOCK3D,3,3,Nifty Oil & Gas,1544,1,0.0352616649418624,0.022633750498253,-0.0369616649418624,-0.0145279144436094,-0.0392767287655567,-0.035217789751400636,5
SEC,0.02,1,STOCK3D,3,3,Nifty Bank,1535,1,0.0739679479459267,-0.0026775341696725,0.07226794794592671,0.0747454821155992,0.05192375634766161,0.023078511065810648,3
SEC,0.02,1,STOCK3D,3,3,Nifty Bank,1535,1,0.0723482587827432,-0.0026775341696725,0.07064825878274321,0.0731257929524157,0.05030406718447811,0.023078511065810648,3
SEC,0.02,-1,STOCK3D,3,3,Nifty Financial Services,1533,1,-0.0107070542254734,-0.0269301149048024,0.009007054225473399,-0.018123060679329,-0.010255739482155402,-0.02749179805551029,4
SEC,0.02,-1,STOCK3D,3,3,Nifty Financial Services,1533,1,-0.0445366212300994,-0.0269301149048024,0.0428366212300994,0.015706506325297003,0.023573827522470604,-0.02749179805551029,4
SEC,0.02,-1,STOCK3D,3,3,Nifty India Manufacturing,1541,1,-0.0095533540824107,-0.0321432230473421,0.0078533540824107,-0.0244898689649314,-0.011110868792354602,-0.027335701296984566,5
SEC,0.02,-1,STOCK3D,3,3,Nifty India Manufacturing,1546,1,-0.0439818316516996,-0.0356086181166838,0.0422818316516996,0.0064732135350158,-0.0020562854597332976,-0.020381113281418384,6
SEC,0.02,-1,STOCK3D,3,4,Nifty Services Sector,1613,1,-0.0789290769465133,-0.0148469596759358,0.0772290769465133,0.0621821172705775,0.06611862732840912,-0.022282793134815227,5
SEC,0.02,1,STOCK3D,3,4,Nifty Auto,1610,1,0.0239124433877943,0.0011897164216122,0.0222124433877943,0.0208227269661821,0.019449920437367,0.024088061205086227,7
SEC,0.02,1,STOCK3D,3,4,Nifty Auto,1610,1,0.0433608043043624,0.0011897164216122,0.0416608043043624,0.0402710878827502,0.038898281353935096,0.024088061205086227,7
SEC,0.02,-1,STOCK3D,3,4,Nifty Oil & Gas,1614,1,-0.0235072863389419,-0.0026765987283222,0.0218072863389419,0.018930687610619702,0.0110895229773895,-0.02127578571604517,4
SEC,0.02,-1,STOCK3D,3,4,Nifty Oil & Gas,1616,1,-0.0548200542544432,0.0391744035716243,0.0531200542544432,0.0920944578260675,0.07422876503023401,-0.02127578571604517,4
SEC,0.02,-1,STOCK3D,3,4,Nifty Services Sector,1614,1,0.0569834153800441,-0.0026765987283222,-0.0586834153800441,-0.0615600141083663,-0.051431961650594805,-0.022282793134815227,5
SEC,0.02,-1,STOCK3D,3,4,Nifty Bank,1599,1,0.0039364873504725,-0.0245892302539676,-0.0056364873504725,-0.0304257176044401,-0.0295052146373045,-0.024122946882890572,4
SEC,0.02,-1,STOCK3D,3,4,Nifty IT,1596,1,0.0271737162904039,-0.0055761758424439,-0.0288737162904039,-0.0346498921328478,-0.037309941991924,-0.02477321121633581,4
SEC,0.02,-1,STOCK3D,3,4,Nifty IT,1595,1,0.0741386771294883,0.0172470936974515,-0.07583867712948829,-0.05879158343203679,-0.07210121169553538,-0.02477321121633581,4
SEC,0.02,-1,STOCK3D,3,4,Nifty IT,1597,1,-0.0464988284691677,0.0019093967975658,0.0447988284691677,0.0465082252667335,0.0287863423011158,-0.02477321121633581,4
SEC,0.02,-1,STOCK3D,3,5,Nifty Services Sector,1667,1,-0.0207441288938142,0.0087767529966382,0.0190441288938142,0.0276208818904524,0.0257267202529785,-0.03587683213067657,4
SEC,0.03,-1,STOCK3D,3,5,Nifty Services Sector,1667,1,-0.0207441288938142,0.0087767529966382,0.0190441288938142,0.0276208818904524,0.0257267202529785,-0.03587683213067657,4
SEC,0.02,-1,STOCK3D,3,5,Nifty Financial Services,1660,1,0.1275734539805271,0.0403818389165209,-0.12927345398052711,-0.08909161506400622,-0.08792636890170581,-0.023173733642580064,6
SEC,0.02,-1,STOCK3D,3,5,Nifty Financial Services,1659,1,0.133419167177587,0.0180279738951624,-0.135119167177587,-0.11729119328242461,-0.1090480320547009,-0.024089107287096345,5
SEC,0.02,-1,STOCK3D,3,5,Nifty Services Sector,1667,1,0.0299368747354789,0.0087767529966382,-0.031636874735478895,-0.0230601217388407,-0.024954283376314598,-0.03587683213067657,4
SEC,0.03,-1,STOCK3D,3,5,Nifty Services Sector,1667,1,0.0299368747354789,0.0087767529966382,-0.031636874735478895,-0.0230601217388407,-0.024954283376314598,-0.03587683213067657,4
SEC,0.02,1,STOCK3D,3,5,Nifty India Manufacturing,1665,1,-0.0540796358632079,0.0029997786106539,-0.0557796358632079,-0.0589794144738618,-0.056184589507440603,0.025615076281434727,4
SEC,0.02,-1,STOCK3D,3,5,Nifty Financial Services,1656,1,-0.0321297564594241,0.006695793198549,0.030429756459424098,0.0369255496579731,0.0487877076423933,-0.025366148356623403,4
SEC,0.02,-1,STOCK3D,3,5,Nifty Financial Services,1657,1,-0.0579621109311211,-0.0072608373625913,0.0562621109311211,0.0488012735685298,0.06421715919726,-0.025366148356623403,4
SEC,0.02,-1,STOCK3D,3,5,Nifty IT,1657,1,-0.0540281493310257,-0.0072608373625913,0.0523281493310257,0.044867311968434395,0.017909610003175896,-0.02394895330152553,5
SEC,0.02,1,STOCK3D,3,5,Nifty India Manufacturing,1658,1,0.0167359979445114,-0.0045560742495265,0.015035997944511399,0.0193920721940379,0.014205122025956297,0.02870603708259727,3
SEC,0.02,-1,STOCK3D,3,5,Nifty IT,1655,1,0.0599267579442333,0.0230199393178394,-0.0616267579442333,-0.0388068186263939,-0.033245409053203896,-0.024002392631622144,4
SEC,0.02,-1,STOCK3D,3,5,Nifty Financial Services,1660,1,0.0070150490766074,0.0403818389165209,-0.0087150490766074,0.031466789839913495,0.0326320360022139,-0.023173733642580064,6
SEC,0.02,-1,STOCK3D,3,5,Nifty IT,1654,1,-0.0023020003653505,0.0199543725781634,0.0006020003653505002,0.020356372943513903,0.0359961876101792,-0.024002392631622144,4
SEC,0.02,-1,STOCK3D,3,5,Nifty Oil & Gas,1670,1,0.0461068605642609,0.016484470772494,-0.0478068605642609,-0.0315223897917669,-0.010213514965275498,-0.02014166468079108,6
SEC,0.02,-1,STOCK3D,3,5,Nifty IT,1655,1,0.0894005700114952,0.0230199393178394,-0.0911005700114952,-0.06828063069365581,-0.06271922112046581,-0.024002392631622144,4
SEC,0.02,-1,STOCK3D,3,5,Nifty Financial Services,1660,1,0.0526809960200166,0.0403818389165209,-0.0543809960200166,-0.014199157103495704,-0.0130339109411953,-0.023173733642580064,6
SEC,0.02,-1,STOCK3D,3,5,Nifty Financial Services,1660,1,0.1328328874291255,0.0403818389165209,-0.1345328874291255,-0.0943510485126046,-0.0931858023503042,-0.023173733642580064,6
SEC,0.02,-1,STOCK3D,3,5,Nifty Financial Services,1660,1,-0.0672197741356527,0.0403818389165209,0.0655197741356527,0.10570161305217358,0.10686685921447399,-0.023173733642580064,6
SEC,0.02,1,STOCK3D,3,5,Nifty India Manufacturing,1663,1,-0.0286288866596072,0.0133686446105916,-0.0303288866596072,-0.0438975312701988,-0.0407532905819452,0.025615076281434727,4
SEC,0.02,-1,STOCK3D,3,5,Nifty IT,1657,1,-0.032648582799695,-0.0072608373625913,0.030948582799695,0.0234877454371037,-0.0034699565281548004,-0.02394895330152553,5
SEC,0.02,-1,STOCK3D,3,5,Nifty Consumer Durables,1667,1,0.0041358694258641,0.0087767529966382,-0.0058358694258641005,0.002740883570774099,-0.018881325979188502,-0.021343323594032546,3
SEC,0.02,1,STOCK3D,3,5,Nifty India Manufacturing,1663,1,-0.0225306985951824,0.0133686446105916,-0.024230698595182402,-0.037799343205774,-0.0346551025175204,0.025615076281434727,4
SEC,0.02,-1,STOCK3D,3,6,Nifty Pharma,1730,1,-0.0129660082888272,0.0096195802797891,0.0112660082888272,0.0206855885686163,0.005025489814694698,-0.03457733341716474,6
SEC,0.03,-1,STOCK3D,3,6,Nifty Pharma,1730,1,-0.0129660082888272,0.0096195802797891,0.0112660082888272,0.0206855885686163,0.005025489814694698,-0.03457733341716474,6
SEC,0.02,-1,STOCK3D,3,6,Nifty Pharma,1731,1,0.0301349002753016,0.0207641875041991,-0.0318349002753016,-0.011270712771102502,-0.0293955675322495,-0.02345945966083732,7
SEC,0.02,-1,STOCK3D,3,6,Nifty Pharma,1731,1,0.0287612253441398,0.0207641875041991,-0.0304612253441398,-0.009897037839940703,-0.0280218926010877,-0.02345945966083732,7
SEC,0.02,-1,STOCK3D,3,6,Nifty Pharma,1726,1,-0.0245573673564496,0.0066303421825986,0.0228573673564496,0.0292877095390482,-0.0030958226054822,-0.023999058162483565,4
SEC,0.02,-1,STOCK3D,3,6,Nifty Pharma,1727,1,-0.1317631089716032,0.0057815714283283,0.1300631089716032,0.1356446803999315,0.09250927994737063,-0.023999058162483565,4
SEC,0.02,-1,STOCK3D,3,6,Nifty Pharma,1730,1,0.0242789661818983,0.0096195802797891,-0.0259789661818983,-0.0165593859021092,-0.0322194846560308,-0.03457733341716474,6
SEC,0.03,-1,STOCK3D,3,6,Nifty Pharma,1730,1,0.0242789661818983,0.0096195802797891,-0.0259789661818983,-0.0165593859021092,-0.0322194846560308,-0.03457733341716474,6
SEC,0.02,-1,STOCK3D,3,6,Nifty Services Sector,1735,1,0.0327923415272815,-0.0136152959288253,-0.0344923415272815,-0.0483076374561068,-0.0513637799704982,-0.021627113424351602,6
SEC,0.02,-1,STOCK3D,3,6,Nifty Pharma,1728,1,0.0130519192860216,-0.0048822145358717,-0.0147519192860216,-0.019834133821893297,-0.049513781271624195,-0.02283648714740144,5
SEC,0.02,1,STOCK3D,3,6,Nifty Auto,1730,1,-0.0449233780282934,0.0096195802797891,-0.0466233780282934,-0.056442958308082505,-0.028078782103102003,0.02151255883122196,5
SEC,0.02,-1,STOCK3D,3,6,Nifty Consumer Durables,1726,1,0.0049266760082816,0.0066303421825986,-0.0066266760082816,-0.00019633382568299946,-0.0160487152254022,-0.02155557795078493,3
SEC,0.02,-1,STOCK3D,3,6,Nifty Pharma,1730,1,-0.055744239401462,0.0096195802797891,0.054044239401461996,0.0634638196812511,0.0478037209273295,-0.03457733341716474,6
SEC,0.03,-1,STOCK3D,3,6,Nifty Pharma,1730,1,-0.055744239401462,0.0096195802797891,0.054044239401461996,0.0634638196812511,0.0478037209273295,-0.03457733341716474,6
SEC,0.02,1,STOCK3D,3,7,Nifty Auto,1787,1,0.0534474933197371,-0.0021829439454855,0.051747493319737096,0.0537304372652226,0.0394556972769715,0.05030454597505858,4
SEC,0.03,1,STOCK3D,3,7,Nifty Auto,1787,1,0.0534474933197371,-0.0021829439454855,0.051747493319737096,0.0537304372652226,0.0394556972769715,0.05030454597505858,4
SEC,0.02,1,STOCK3D,3,7,Nifty Auto,1796,1,-0.0538845003409457,0.0089470959780496,-0.0555845003409457,-0.06473159631899529,-0.05736897843917079,0.025625948926754346,8
SEC,0.02,1,STOCK3D,3,7,Nifty Auto,1796,1,0.0204854536421085,0.0089470959780496,0.0187854536421085,0.009638357664058898,0.017000975543883405,0.025625948926754346,8
SEC,0.02,1,STOCK3D,3,7,Nifty Auto,1796,1,0.0315397135783326,0.0089470959780496,0.0298397135783326,0.020692617600283,0.028055235480107507,0.025625948926754346,8
SEC,0.02,-1,STOCK3D,3,7,Nifty Services Sector,1796,1,-0.0089911962385064,0.0089470959780496,0.0072911962385064,0.016038292216556,0.0072314953849063005,-0.020714409485243855,5
SEC,0.02,1,STOCK3D,3,7,Nifty Auto,1791,1,-0.0146868203492717,0.0010393393647839,-0.016386820349271698,-0.017626159714055598,-0.0090855020258903,0.04620094019881241,5
SEC,0.03,1,STOCK3D,3,7,Nifty Auto,1791,1,-0.0146868203492717,0.0010393393647839,-0.016386820349271698,-0.017626159714055598,-0.0090855020258903,0.04620094019881241,5
SEC,0.02,-1,STOCK3D,3,7,Nifty Services Sector,1796,1,-0.0126147737612704,0.0089470959780496,0.0109147737612704,0.01966186973932,0.0108550729076703,-0.020714409485243855,5
SEC,0.02,-1,STOCK3D,3,7,Nifty FMCG,1789,1,0.0602318651933286,0.0084905895957282,-0.0619318651933286,-0.0536412755976004,-0.0340922082718403,-0.02374065837823472,3
SEC,0.02,1,STOCK3D,3,7,Nifty Auto,1794,1,-0.0146560409878291,-0.0056417661197227,-0.0163560409878291,-0.0109142748681064,-0.0102952721364284,0.02969452856785153,7
SEC,0.02,-1,STOCK3D,3,7,Nifty FMCG,1789,1,-0.0009205595683341,0.0084905895957282,-0.0007794404316658999,0.007511149164062299,0.0270602164898224,-0.02374065837823472,3
SEC,0.02,1,STOCK3D,3,7,Nifty Auto,1792,1,0.0092421695483628,0.007266415003681,0.007542169548362799,7.575454468179945e-05,0.018755315201276997,0.04620094019881241,5
SEC,0.03,1,STOCK3D,3,7,Nifty Auto,1792,1,0.0092421695483628,0.007266415003681,0.007542169548362799,7.575454468179945e-05,0.018755315201276997,0.04620094019881241,5
SEC,0.02,-1,STOCK3D,3,8,Nifty Pharma,1858,1,-0.0394081084903241,0.0073000586398591,0.0377081084903241,0.0448081671301832,0.023656663592392397,-0.026009836846239708,4
SEC,0.02,-1,STOCK3D,3,8,Nifty Financial Services,1843,1,0.0067738647102941,0.0165610292218987,-0.008473864710294099,0.0078871645116046,0.0018753578307471003,-0.027126227682805495,3
SEC,0.02,-1,STOCK3D,3,8,Nifty Bank,1855,1,0.039728234749412,-0.0072454446937024,-0.041428234749412,-0.048873679443114396,-0.0437580308659528,-0.020263752744089238,10
SEC,0.02,-1,STOCK3D,3,8,Nifty Pharma,1860,1,0.0052028418268698,0.0045205678916502,-0.0069028418268698,-0.0025822739352195996,0.017259937724101303,-0.022206315678043393,6
SEC,0.02,-1,STOCK3D,3,8,Nifty IT,1843,1,0.0636611302165113,0.0165610292218987,-0.0653611302165113,-0.049000100994612605,-0.0404996115232505,-0.02206563453696379,4
SEC,0.02,-1,STOCK3D,3,8,Nifty Pharma,1859,1,0.0732978071743413,0.0119836912604858,-0.07499780717434129,-0.06321411591385549,-0.07065335756865658,-0.024382247340233754,5
SEC,0.02,-1,STOCK3D,3,8,Nifty Pharma,1858,1,-0.0036762510494624,0.0073000586398591,0.0019762510494624004,0.009076309689321499,-0.012075193848469301,-0.026009836846239708,4
SEC,0.02,-1,STOCK3D,3,8,Nifty Metal,1858,1,0.0137063725084333,0.0073000586398591,-0.0154063725084333,-0.008306313868574201,0.012224087471196101,-0.025135173426179963,4
SEC,0.02,-1,STOCK3D,3,8,Nifty Financial Services,1844,1,0.0237224742936454,0.0186402897857931,-0.0254224742936454,-0.006982184507852298,-0.0148689756245772,-0.027126227682805495,3
SEC,0.02,-1,STOCK3D,3,8,Nifty IT,1843,1,0.055175160846179,0.0165610292218987,-0.056875160846179,-0.0405141316242803,-0.0320136421529182,-0.02206563453696379,4
SEC,0.02,-1,STOCK3D,3,8,Nifty IT,1843,1,0.0308183031748496,0.0165610292218987,-0.0325183031748496,-0.0161572739529509,-0.0076567844815888,-0.02206563453696379,4
SEC,0.02,-1,STOCK3D,3,8,Nifty Metal,1860,1,-0.0051730456766921,0.0045205678916502,0.0034730456766921,0.007793613568342301,0.0440618155884007,-0.025135173426179963,4
SEC,0.02,-1,STOCK3D,3,8,Nifty IT,1842,1,0.0241414152481576,0.0096478513858098,-0.0258414152481576,-0.0163935638623478,-0.014913316137226702,-0.03117880280221853,3
SEC,0.03,-1,STOCK3D,3,8,Nifty IT,1842,1,0.0241414152481576,0.0096478513858098,-0.0258414152481576,-0.0163935638623478,-0.014913316137226702,-0.03117880280221853,3
SEC,0.02,-1,STOCK3D,3,8,Nifty IT,1841,1,0.0394995294797666,0.010724760706986,-0.0411995294797666,-0.030674768772780598,-0.0338541139046149,-0.03117880280221853,3
SEC,0.03,-1,STOCK3D,3,8,Nifty IT,1841,1,0.0394995294797666,0.010724760706986,-0.0411995294797666,-0.030674768772780598,-0.0338541139046149,-0.03117880280221853,3
SEC,0.02,-1,STOCK3D,3,8,Nifty Financial Services,1844,1,0.0076288616834218,0.0186402897857931,-0.009328861683421799,0.009111428102371302,0.0012246369856464005,-0.027126227682805495,3
SEC,0.02,-1,STOCK3D,3,8,Nifty Financial Services,1843,1,-0.070893783265281,0.0165610292218987,0.069193783265281,0.0855548124871797,0.07954300580632219,-0.027126227682805495,3
SEC,0.02,-1,STOCK3D,3,8,Nifty IT,1843,1,0.0266588035728885,0.0165610292218987,-0.0283588035728885,-0.0119977743509898,-0.0034972848796277,-0.02206563453696379,4
SEC,0.02,-1,STOCK3D,3,8,Nifty IT,1843,1,0.0249832275485973,0.0165610292218987,-0.0266832275485973,-0.010322198326698602,-0.0018217088553365009,-0.02206563453696379,4
SEC,0.02,-1,STOCK3D,3,8,Nifty Pharma,1857,1,-0.0417662913432017,-0.0045259728051189,0.0400662913432017,0.0353403185380828,0.0116290988156398,-0.026009836846239708,4
SEC,0.02,1,STOCK3D,3,9,Nifty India Manufacturing,1912,1,-0.0396263131615716,0.003677105694634,-0.0413263131615716,-0.0452034188562056,-0.0493549834830293,0.02135605510134895,4
SEC,0.02,-1,STOCK3D,3,9,Nifty Consumer Durables,1918,1,-0.0696798913456723,-0.0039857030610643,0.06797989134567231,0.063794188284608,0.0591570896896543,-0.023286104723277218,3
SEC,0.02,1,STOCK3D,3,9,Nifty India Manufacturing,1911,1,-0.0692734997756893,-0.0109270058340114,-0.0709734997756893,-0.06024649394167791,-0.060438736226085504,0.02135605510134895,4
SEC,0.02,1,STOCK3D,3,10,Nifty Pharma,1977,1,0.0832827190305318,0.0009666192036945,0.08158271903053181,0.08041609982683731,0.06387418293701072,0.023175270990186854,8
SEC,0.02,-1,STOCK3D,3,10,Nifty India Manufacturing,1969,1,0.0339603665224266,0.0117898543563974,-0.0356603665224266,-0.0240705121660292,-0.03156863012382,-0.027829098570286915,3
SEC,0.02,1,STOCK3D,3,10,Nifty Pharma,1978,1,0.0349649271356893,0.0042285750960791,0.0332649271356893,0.0288363520396102,0.0273479636172958,0.023175270990186854,8
SEC,0.02,-1,STOCK3D,3,10,Nifty Metal,1978,1,0.0448866005871244,0.0042285750960791,-0.046586600587124403,-0.0425580254910453,-0.0387325358754396,-0.021198511456024874,4
SEC,0.02,1,STOCK3D,3,10,Nifty Pharma,1978,1,-0.0296086850146829,0.0042285750960791,-0.0313086850146829,-0.035737260110762,-0.0372256485330764,0.023175270990186854,8
SEC,0.02,-1,STOCK3D,3,10,Nifty Metal,1978,1,-0.0114891502796171,0.0042285750960791,0.0097891502796171,0.013817725375696198,0.0176432149913019,-0.021198511456024874,4
SEC,0.02,-1,STOCK3D,3,10,Nifty India Manufacturing,1970,1,-0.0021743418952675,-0.0030265113938179,0.0004743418952675002,-0.0027521694985504,-0.0085080800104273,-0.027829098570286915,3
SEC,0.02,-1,STOCK3D,3,10,Nifty Metal,1977,1,-0.0251404125506617,0.0009666192036945,0.0234404125506617,0.024207031754356203,0.032268033096545704,-0.021198511456024874,4
SEC,0.02,-1,STOCK3D,3,10,Nifty Metal,1978,1,0.0407533843422869,0.0042285750960791,-0.0424533843422869,-0.038424809246207794,-0.034599319630602095,-0.021198511456024874,4
SEC,0.02,1,STOCK3D,3,10,Nifty Auto,1972,1,0.0297905348626634,0.0079358798159334,0.0280905348626634,0.01995465504673,0.018249274030146,0.021533485403883137,3
SEC,0.02,-1,STOCK3D,3,10,Nifty Metal,1974,1,0.0371625128185411,0.0142477324370943,-0.0388625128185411,-0.024814780381446796,-0.0208205948926012,-0.025625974309709948,3
SEC,0.02,1,STOCK3D,3,11,Nifty Pharma,2040,1,0.0053874523863151,-0.0143612409732751,0.0036874523863150996,0.0178486933595902,-0.0036568509778879005,0.02835668651682736,5
SEC,0.02,1,STOCK3D,3,11,Nifty Pharma,2041,1,0.0236080107955767,0.0012152568800062,0.0219080107955767,0.0204927539155705,0.007643280951241799,0.026510825678517827,6
SEC,0.02,-1,STOCK3D,3,11,Nifty Bank,2028,1,-0.0519711278454793,-0.0076469410352342,0.050271127845479296,0.042424186810245096,0.0367314891986861,-0.03646271266189589,4
SEC,0.03,-1,STOCK3D,3,11,Nifty Bank,2028,1,-0.0519711278454793,-0.0076469410352342,0.050271127845479296,0.042424186810245096,0.0367314891986861,-0.03646271266189589,4
SEC,0.02,-1,STOCK3D,3,11,Nifty Bank,2040,1,-0.0718311302294483,-0.0143612409732751,0.07013113022944831,0.055569889256173205,0.0496745096709396,-0.020481619487889926,13
SEC,0.02,-1,STOCK3D,3,11,Nifty Bank,2033,1,0.0901302082071446,-0.0017539578544771,-0.09183020820714459,-0.0937841660616217,-0.07563533001487589,-0.026635490332960452,11
SEC,0.02,1,STOCK3D,3,11,Nifty Auto,2041,1,-0.1486221881636757,0.0012152568800062,-0.1503221881636757,-0.15173744504368192,-0.14098485945399702,0.020428699177188984,5
SEC,0.02,1,STOCK3D,3,11,Nifty Pharma,2039,1,-0.08661338808506,-0.0066696247054757,-0.08831338808506,-0.0818437633795843,-0.09699442370989489,0.02835668651682736,5
SEC,0.02,1,STOCK3D,3,11,Nifty Auto,2042,1,0.0752790149822951,0.0026950174238989,0.0735790149822951,0.0706839975583962,0.06461554390702001,0.020428699177188984,5
SEC,0.02,-1,STOCK3D,3,11,Nifty Bank,2029,1,-0.0235312673441745,-0.0100308470721769,0.0218312673441745,0.011600420271997598,-0.0043178571198721006,-0.02388435697871012,5
SEC,0.02,1,STOCK3D,3,11,Nifty IT,2028,1,-0.0065610024959563,-0.0076469410352342,-0.0082610024959563,-0.0008140614607220999,-0.0107068719646476,0.06011166370172697,6
SEC,0.03,1,STOCK3D,3,11,Nifty IT,2028,1,-0.0065610024959563,-0.0076469410352342,-0.0082610024959563,-0.0008140614607220999,-0.0107068719646476,0.06011166370172697,6
SEC,0.02,1,STOCK3D,3,11,Nifty Pharma,2041,1,0.004726379632878,0.0012152568800062,0.003026379632878,0.0016111227528718003,-0.011238350211456902,0.026510825678517827,6
SEC,0.02,1,STOCK3D,3,11,Nifty Auto,2042,1,0.0157716395181111,0.0026950174238989,0.0140716395181111,0.0111766220942122,0.005108168442836,0.020428699177188984,5
SEC,0.02,1,STOCK3D,3,11,Nifty Auto,2040,1,-0.0210598793509945,-0.0143612409732751,-0.0227598793509945,-0.008598638377719401,4.650333566319888e-05,0.020428699177188984,5
SEC,0.02,1,STOCK3D,3,11,Nifty IT,2024,1,-0.1133598277537761,-0.0289279348647835,-0.11505982775377609,-0.0863318928889926,-0.10412779871413667,0.04269059178230078,4
SEC,0.03,1,STOCK3D,3,11,Nifty IT,2024,1,-0.1133598277537761,-0.0289279348647835,-0.11505982775377609,-0.0863318928889926,-0.10412779871413667,0.04269059178230078,4
SEC,0.02,1,STOCK3D,3,11,Nifty Pharma,2038,1,0.0209940548292515,-0.0023984724998514,0.0192940548292515,0.0214925273291029,0.0051744054430198985,0.02835668651682736,5
SEC,0.02,1,STOCK3D,3,11,Nifty Auto,2041,1,-0.0352130178394312,0.0012152568800062,-0.0369130178394312,-0.038328274719437394,-0.027575689129752497,0.020428699177188984,5
SEC,0.02,1,STOCK3D,3,11,Nifty IT,2034,1,-0.0166500081276651,0.0153656559724165,-0.0183500081276651,-0.0339156641000816,-0.045852160039944,0.040472988287517615,9
SEC,0.03,1,STOCK3D,3,11,Nifty IT,2034,1,-0.0166500081276651,0.0153656559724165,-0.0183500081276651,-0.0339156641000816,-0.045852160039944,0.040472988287517615,9
SEC,0.02,1,STOCK3D,3,11,Nifty IT,2042,1,-0.0705343737314048,0.0026950174238989,-0.07223437373140479,-0.07512939115530369,-0.07606155197717739,0.03416864786850986,10
SEC,0.03,1,STOCK3D,3,11,Nifty IT,2042,1,-0.0705343737314048,0.0026950174238989,-0.07223437373140479,-0.07512939115530369,-0.07606155197717739,0.03416864786850986,10
SEC,0.02,1,STOCK3D,3,11,Nifty IT,2024,1,0.2910967891089897,-0.0289279348647835,0.2893967891089897,0.3181247239737732,0.3003288181486291,0.04269059178230078,4
SEC,0.03,1,STOCK3D,3,11,Nifty IT,2024,1,0.2910967891089897,-0.0289279348647835,0.2893967891089897,0.3181247239737732,0.3003288181486291,0.04269059178230078,4
SEC,0.02,1,STOCK3D,3,11,Nifty IT,2027,1,0.0623286234772391,-0.0103150470612995,0.0606286234772391,0.0707436705385386,0.06453462497583462,0.06011166370172697,6
SEC,0.03,1,STOCK3D,3,11,Nifty IT,2027,1,0.0623286234772391,-0.0103150470612995,0.0606286234772391,0.0707436705385386,0.06453462497583462,0.06011166370172697,6
SEC,0.02,-1,STOCK3D,3,11,Nifty Bank,2036,1,0.0041287576534417,0.010692480201314,-0.0058287576534417004,0.004663722547872299,-0.016845403116268597,-0.0216420530883181,12
SEC,0.02,1,STOCK3D,3,11,Nifty IT,2029,1,-0.0444671942510866,-0.0100308470721769,-0.0461671942510866,-0.0363363471789097,-0.0426279058336189,0.06011166370172697,6
SEC,0.03,1,STOCK3D,3,11,Nifty IT,2029,1,-0.0444671942510866,-0.0100308470721769,-0.0461671942510866,-0.0363363471789097,-0.0426279058336189,0.06011166370172697,6
SEC,0.02,1,STOCK3D,3,11,Nifty Pharma,2035,1,0.0446256902802641,0.0021488288579161,0.0429256902802641,0.040576861422348,0.0214670284377616,0.035938879621674184,4
SEC,0.03,1,STOCK3D,3,11,Nifty Pharma,2035,1,0.0446256902802641,0.0021488288579161,0.0429256902802641,0.040576861422348,0.0214670284377616,0.035938879621674184,4
SEC,0.02,1,STOCK3D,3,11,Nifty Pharma,2040,1,0.0810369246600262,-0.0143612409732751,0.0793369246600262,0.0934981656333013,0.0719926212958232,0.02835668651682736,5
SEC,0.02,-1,STOCK3D,3,12,Nifty Pharma,2104,1,-0.016174325374868,0.011157317879885,0.014474325374868001,0.025431643254753,0.019174063105536,-0.02817606228669461,4
SEC,0.02,-1,STOCK3D,3,12,Nifty Pharma,2100,1,0.0231568467304423,-0.0088047159197596,-0.0248568467304423,-0.0338615626502019,-0.021448630080923,-0.03136261480724714,3
SEC,0.03,-1,STOCK3D,3,12,Nifty Pharma,2100,1,0.0231568467304423,-0.0088047159197596,-0.0248568467304423,-0.0338615626502019,-0.021448630080923,-0.03136261480724714,3
SEC,0.02,1,STOCK3D,3,12,Nifty FMCG,2102,1,-0.0449080612242248,0.0065846217530621,-0.0466080612242248,-0.053392682977286894,-0.0352423081560709,0.02361264222975303,6
SEC,0.02,1,STOCK3D,3,12,Nifty Auto,2101,1,0.0352676860655698,0.0118127796781162,0.0335676860655698,0.021554906387453603,0.0209005026431954,0.03418687741043162,5
SEC,0.03,1,STOCK3D,3,12,Nifty Auto,2101,1,0.0352676860655698,0.0118127796781162,0.0335676860655698,0.021554906387453603,0.0209005026431954,0.03418687741043162,5
SEC,0.02,-1,STOCK3D,3,12,Nifty IT,2091,1,-0.0619673142505524,0.0107999250045842,0.0602673142505524,0.0708672392551366,0.06266550512051311,-0.027526011866376925,4
SEC,0.02,1,STOCK3D,3,12,Nifty Metal,2105,1,0.0231388755726685,0.0135339342332754,0.0214388755726685,0.0077049413393930994,-0.0048400928088831,0.025274691294884372,3
SEC,0.02,-1,STOCK3D,3,12,Nifty IT,2089,1,-0.0086711545064482,0.0104496070243431,0.0069711545064482,0.0172207615307913,0.0057896607843745,-0.027526011866376925,4
SEC,0.02,-1,STOCK3D,3,12,Nifty IT,2090,1,0.0245100233260315,0.0023712663542363,-0.0262100233260315,-0.024038756971795198,-0.029301312263464798,-0.027526011866376925,4
SEC,0.02,-1,STOCK3D,3,12,Nifty IT,2104,1,0.0353751071400598,0.011157317879885,-0.0370751071400598,-0.0261177892601748,-0.0308127771869602,-0.021733485124090957,10
SEC,0.02,-1,STOCK3D,3,12,Nifty IT,2089,1,-0.0531145525898908,0.0104496070243431,0.0514145525898908,0.061664159614233896,0.0502330588678171,-0.027526011866376925,4
SEC,0.02,1,STOCK3D,3,12,Nifty Metal,2107,1,0.0138244479836611,0.0058516941016684,0.0121244479836611,0.0060727538819927,-0.027465014733106398,0.025274691294884372,3
SEC,0.02,-1,STOCK3D,3,12,Nifty IT,2090,1,0.0660660880612156,0.0023712663542363,-0.06776608806121559,-0.06559482170697929,-0.07085737699864889,-0.027526011866376925,4
SEC,0.02,1,STOCK3D,3,12,Nifty Auto,2100,1,-0.0491752226636751,-0.0088047159197596,-0.0508752226636751,-0.0422705067439155,-0.0529706839630991,0.030483517310063386,4
SEC,0.03,1,STOCK3D,3,12,Nifty Auto,2100,1,-0.0491752226636751,-0.0088047159197596,-0.0508752226636751,-0.0422705067439155,-0.0529706839630991,0.030483517310063386,4
SEC,0.02,-1,STOCK3D,3,12,Nifty Pharma,2105,1,0.1039881383126331,0.0135339342332754,-0.10568813831263309,-0.0923542040793577,-0.09569193112035468,-0.02817606228669461,4
SEC,0.02,1,STOCK3D,3,13,Nifty IT,2149,1,0.030116991098511,-0.0129994557906768,0.028416991098511,0.041216446889187804,0.025827416448737,0.02952946053038498,3
SEC,0.02,-1,STOCK3D,3,14,Nifty Auto,2226,1,0.0401308542328489,-0.0140274069335507,-0.0418308542328489,-0.0560582611663996,-0.0605003682533893,-0.0664186098925402,3
SEC,0.03,-1,STOCK3D,3,14,Nifty Auto,2226,1,0.0401308542328489,-0.0140274069335507,-0.0418308542328489,-0.0560582611663996,-0.0605003682533893,-0.0664186098925402,3
SEC,0.02,-1,STOCK3D,3,14,Nifty Bank,2214,1,-0.0282265849899565,-0.0154421195838108,0.0265265849899565,0.0108844654061457,0.018096190795254805,-0.023933730141506196,4
SEC,0.02,-1,STOCK3D,3,14,Nifty Bank,2216,1,0.0208303879968596,-0.0038880114628316,-0.0225303879968596,-0.0266183994596912,-0.0221700427581575,-0.023933730141506196,4
SEC,0.02,-1,STOCK3D,3,14,Nifty Bank,2216,1,0.0505897219002496,-0.0038880114628316,-0.0522897219002496,-0.0563777333630812,-0.0519293766615475,-0.023933730141506196,4
SEC,0.02,-1,STOCK3D,3,14,Nifty Auto,2230,1,-0.0414637376666777,-0.0180538749013604,0.0397637376666777,0.0215098627653173,0.028611562274572996,-0.030382673192142058,7
SEC,0.03,-1,STOCK3D,3,14,Nifty Auto,2230,1,-0.0414637376666777,-0.0180538749013604,0.0397637376666777,0.0215098627653173,0.028611562274572996,-0.030382673192142058,7
SEC,0.02,-1,STOCK3D,3,14,Nifty Auto,2228,1,-0.0545957364993031,-0.0245492292823465,0.0528957364993031,0.0281465072169566,0.0069583863715236005,-0.034498211665369254,5
SEC,0.03,-1,STOCK3D,3,14,Nifty Auto,2228,1,-0.0545957364993031,-0.0245492292823465,0.0528957364993031,0.0281465072169566,0.0069583863715236005,-0.034498211665369254,5
SEC,0.02,-1,STOCK3D,3,14,Nifty Bank,2218,1,0.0950768465376783,0.0066454498596253,-0.09677684653767829,-0.090331396678053,-0.07678841630947149,-0.04689925418377727,6
SEC,0.03,-1,STOCK3D,3,14,Nifty Bank,2218,1,0.0950768465376783,0.0066454498596253,-0.09677684653767829,-0.090331396678053,-0.07678841630947149,-0.04689925418377727,6
SEC,0.02,-1,STOCK3D,3,14,Nifty Auto,2229,1,0.0212101493002694,-0.0253819598516432,-0.0229101493002694,-0.0484921091519126,-0.059107165979625606,-0.028856079790678304,6
SEC,0.02,-1,STOCK3D,3,14,Nifty Bank,2217,1,0.0643390296755611,0.0028360383286931,-0.06603902967556109,-0.063402991346868,-0.0506739095910303,-0.02081455236104111,5
SEC,0.02,-1,STOCK3D,3,14,Nifty Oil & Gas,2223,1,0.044980523889974,0.0075511074932659,-0.046680523889974,-0.039329416396708096,-0.039997310076249,-0.02455660270598425,5
SEC,0.02,-1,STOCK3D,3,14,Nifty Auto,2230,1,0.0033844127427166,-0.0180538749013604,-0.0050844127427166,-0.023338287644077,-0.0162365881348213,-0.030382673192142058,7
SEC,0.03,-1,STOCK3D,3,14,Nifty Auto,2230,1,0.0033844127427166,-0.0180538749013604,-0.0050844127427166,-0.023338287644077,-0.0162365881348213,-0.030382673192142058,7
SEC,0.02,-1,STOCK3D,3,14,Nifty Bank,2217,1,0.0621112860484762,0.0028360383286931,-0.06381128604847619,-0.061175247719783096,-0.048446165963945395,-0.02081455236104111,5
SEC,0.02,-1,STOCK3D,3,14,Nifty Services Sector,2229,1,-0.0635688285438622,-0.0253819598516432,0.0618688285438622,0.036286868692219004,0.037217555346443,-0.020137537251019137,6
SEC,0.02,-1,STOCK3D,3,14,Nifty Bank,2217,1,-0.0055856098648809,0.0028360383286931,0.0038856098648808995,0.006521648193573999,0.019250729949411703,-0.02081455236104111,5
SEC,0.02,-1,STOCK3D,3,14,Nifty Bank,2215,1,-0.1818087403040698,-0.0119321761450353,0.1801087403040698,0.16797656415903447,0.1708243075382257,-0.023933730141506196,4
SEC,0.02,-1,STOCK3D,3,14,Nifty Auto,2225,1,0.0262811136241938,-0.002559800230357,-0.0279811136241938,-0.0307409138545508,-0.0309557559405709,-0.0664186098925402,3
SEC,0.03,-1,STOCK3D,3,14,Nifty Auto,2225,1,0.0262811136241938,-0.002559800230357,-0.0279811136241938,-0.0307409138545508,-0.0309557559405709,-0.0664186098925402,3
SEC,0.02,-1,STOCK3D,3,14,Nifty Auto,2228,1,-0.0944181925050524,-0.0245492292823465,0.09271819250505241,0.0679689632227059,0.0467808423772729,-0.034498211665369254,5
SEC,0.03,-1,STOCK3D,3,14,Nifty Auto,2228,1,-0.0944181925050524,-0.0245492292823465,0.09271819250505241,0.0679689632227059,0.0467808423772729,-0.034498211665369254,5
SEC,0.02,1,STOCK3D,3,14,Nifty IT,2226,1,-0.0043983754826019,-0.0140274069335507,-0.0060983754826019,0.007729031450948799,-0.0209457868600986,0.02942644683133496,10
SEC,0.02,-1,STOCK3D,3,14,Nifty Bank,2217,1,0.0270929811731527,0.0028360383286931,-0.0287929811731527,-0.0261569428444596,-0.013427861088621899,-0.02081455236104111,5
SEC,0.02,-1,STOCK3D,3,14,Nifty Auto,2226,1,-0.0421339844570798,-0.0140274069335507,0.0404339844570798,0.026206577523529097,0.021764470436539396,-0.0664186098925402,3
SEC,0.03,-1,STOCK3D,3,14,Nifty Auto,2226,1,-0.0421339844570798,-0.0140274069335507,0.0404339844570798,0.026206577523529097,0.021764470436539396,-0.0664186098925402,3
SEC,0.02,-1,STOCK3D,3,15,Nifty India Manufacturing,2282,1,0.1277478595112917,0.0238324603253137,-0.1294478595112917,-0.105815399185978,-0.09283655056115578,-0.030361162347726567,3
SEC,0.03,-1,STOCK3D,3,15,Nifty India Manufacturing,2282,1,0.1277478595112917,0.0238324603253137,-0.1294478595112917,-0.105815399185978,-0.09283655056115578,-0.030361162347726567,3
SEC,0.02,-1,STOCK3D,3,15,Nifty Auto,2290,1,-0.0692420280245402,-0.0226585069013685,0.06754202802454021,0.0446835211231717,0.0346428333067579,-0.023822711023927474,7
SEC,0.02,-1,STOCK3D,3,15,Nifty Oil & Gas,2282,1,0.065862319302592,0.0238324603253137,-0.06756231930259199,-0.043929858977278295,-0.028953459894813995,-0.02079209345010071,5
SEC,0.02,1,STOCK3D,3,15,Nifty Commodities,2290,1,-0.0029716985450135,-0.0226585069013685,-0.0046716985450135,0.017786808356355,0.022617890377937197,0.02379476009844962,6
SEC,0.02,-1,STOCK3D,3,15,Nifty Auto,2288,1,0.0089539959599665,-0.0075705153275983,-0.0106539959599665,-0.0184245112875648,-0.0154826648475784,-0.023822711023927474,7
SEC,0.02,-1,STOCK3D,3,15,Nifty IT,2272,1,-0.0645217024839519,0.0011919462196842,0.06282170248395191,0.06381364870363611,0.03734466157907551,-0.032096102426841654,3
SEC,0.03,-1,STOCK3D,3,15,Nifty IT,2272,1,-0.0645217024839519,0.0011919462196842,0.06282170248395191,0.06381364870363611,0.03734466157907551,-0.032096102426841654,3
SEC,0.02,-1,STOCK3D,3,15,Nifty India Manufacturing,2282,1,0.0449622281172591,0.0238324603253137,-0.0466622281172591,-0.023029767791945398,-0.010050919167123196,-0.030361162347726567,3
SEC,0.03,-1,STOCK3D,3,15,Nifty India Manufacturing,2282,1,0.0449622281172591,0.0238324603253137,-0.0466622281172591,-0.023029767791945398,-0.010050919167123196,-0.030361162347726567,3
SEC,0.02,-1,STOCK3D,3,15,Nifty IT,2272,1,0.0242852251812911,0.0011919462196842,-0.0259852251812911,-0.0249932789616069,-0.051462266086167496,-0.032096102426841654,3
SEC,0.03,-1,STOCK3D,3,15,Nifty IT,2272,1,0.0242852251812911,0.0011919462196842,-0.0259852251812911,-0.0249932789616069,-0.051462266086167496,-0.032096102426841654,3
SEC,0.02,-1,STOCK3D,3,15,Nifty Auto,2289,1,-0.0127094540823892,-0.0133313253771503,0.0110094540823892,-0.0025218712947611007,-0.0078604756854553,-0.023822711023927474,7
SEC,0.02,-1,STOCK3D,3,15,Nifty Oil & Gas,2283,1,0.0248366639188462,0.0137491718780663,-0.0265366639188462,-0.0129874920407799,-0.008189631620583598,-0.02079209345010071,5
SEC,0.02,1,STOCK3D,3,15,Nifty Commodities,2288,1,-0.008135987504408,-0.0075705153275983,-0.009835987504408,-0.002465472176809701,-0.0199727848922073,0.030161146123784198,5
SEC,0.03,1,STOCK3D,3,15,Nifty Commodities,2288,1,-0.008135987504408,-0.0075705153275983,-0.009835987504408,-0.002465472176809701,-0.0199727848922073,0.030161146123784198,5
SEC,0.02,1,STOCK3D,3,15,Nifty Commodities,2287,1,-0.0404757701330931,0.0104575475226714,-0.0421757701330931,-0.0528333176557645,-0.06632648568786248,0.030161146123784198,5
SEC,0.03,1,STOCK3D,3,15,Nifty Commodities,2287,1,-0.0404757701330931,0.0104575475226714,-0.0421757701330931,-0.0528333176557645,-0.06632648568786248,0.030161146123784198,5
SEC,0.02,-1,STOCK3D,3,15,Nifty IT,2273,1,-0.0006119504057171,0.0056894500107692,-0.0010880495942829,0.0044014004164863,-0.030642280851399802,-0.032096102426841654,3
SEC,0.03,-1,STOCK3D,3,15,Nifty IT,2273,1,-0.0006119504057171,0.0056894500107692,-0.0010880495942829,0.0044014004164863,-0.030642280851399802,-0.032096102426841654,3
SEC,0.02,-1,STOCK3D,3,15,Nifty Auto,2285,1,-0.0695881985111893,0.0099156099634268,0.06788819851118931,0.0776038084746161,0.09517890199627711,-0.02181803097749165,6
SEC,0.02,1,STOCK3D,3,15,Nifty Commodities,2283,1,0.0903634805892186,0.0137491718780663,0.08866348058921861,0.0747143087111523,0.07949985892302341,0.02406235910556657,3
SEC,0.02,-1,STOCK3D,3,15,Nifty IT,2273,1,0.0280098110175038,0.0056894500107692,-0.0297098110175038,-0.0242203610067346,-0.059264042274620704,-0.032096102426841654,3
SEC,0.03,-1,STOCK3D,3,15,Nifty IT,2273,1,0.0280098110175038,0.0056894500107692,-0.0297098110175038,-0.0242203610067346,-0.059264042274620704,-0.032096102426841654,3
SEC,0.02,1,STOCK3D,3,16,Nifty Bank,2341,1,-0.0148466436829322,0.0007479954683664,-0.0165466436829322,-0.017494639151298598,-0.011018966798090401,0.022054776931203827,7
SEC,0.02,1,STOCK3D,3,16,Nifty Consumer Durables,2351,1,0.0618339068125968,0.0179364268023284,0.0601339068125968,0.0419974800102684,0.041894095830923406,0.02885638452839408,3
SEC,0.02,1,STOCK3D,3,16,Nifty Consumer Durables,2354,1,-0.0632325790436189,-0.0082081641925924,-0.06493257904361889,-0.05692441485102649,-0.0531560191145126,0.040275915267846615,4
SEC,0.03,1,STOCK3D,3,16,Nifty Consumer Durables,2354,1,-0.0632325790436189,-0.0082081641925924,-0.06493257904361889,-0.05692441485102649,-0.0531560191145126,0.040275915267846615,4
SEC,0.02,-1,STOCK3D,3,16,Nifty Infrastructure,2353,1,0.0615293070955036,-0.0151443319460152,-0.0632293070955036,-0.0785736390415188,-0.07820135854495239,-0.03002941719004247,4
SEC,0.03,-1,STOCK3D,3,16,Nifty Infrastructure,2353,1,0.0615293070955036,-0.0151443319460152,-0.0632293070955036,-0.0785736390415188,-0.07820135854495239,-0.03002941719004247,4
SEC,0.02,1,STOCK3D,3,16,Nifty Bank,2341,1,-0.0507589554658961,0.0007479954683664,-0.0524589554658961,-0.0534069509342625,-0.0469312785810543,0.022054776931203827,7
SEC,0.02,1,STOCK3D,3,16,Nifty Oil & Gas,2344,1,0.0329443266263191,0.0027944073665385,0.031244326626319097,0.028249919259780598,0.028857664584621898,0.024716961434284562,3
SEC,0.02,1,STOCK3D,3,16,Nifty Bank,2339,1,-0.0103855890053971,0.0037827414494319,-0.0120855890053971,-0.016068330454829,-0.0158648513682912,0.024065805049159637,4
SEC,0.02,1,STOCK3D,3,16,Nifty Bank,2343,1,-0.0067458580910102,0.0018806647738459,-0.0084458580910102,-0.0105265228648561,0.006196590916667,0.022054776931203827,7
SEC,0.02,-1,STOCK3D,3,16,Nifty IT,2336,1,0.0547776510014609,0.0050385849992999,-0.0564776510014609,-0.051639066002161,-0.023481384788582298,-0.024735132975632925,3
SEC,0.02,1,STOCK3D,3,16,Nifty India Digital,2362,1,-0.0306397351900895,-0.001437494654303,-0.0323397351900895,-0.0311022405357865,-0.038270740027526104,0.02241368474138852,3
SEC,0.02,-1,STOCK3D,3,16,Nifty Energy,2353,1,-0.0055666781609625,-0.0151443319460152,0.0038666781609624995,-0.011477653785052703,0.004279966740091699,-0.020679209100501052,3
SEC,0.02,1,STOCK3D,3,16,Nifty Bank,2338,1,0.0841760383687946,9.57702566207752e-05,0.08247603836879461,0.08218026811217383,0.0809930902525512,0.024065805049159637,4
SEC,0.02,1,STOCK3D,3,16,Nifty Bank,2343,1,-0.0182349002902731,0.0018806647738459,-0.0199349002902731,-0.022015565064119,-0.005292451282595899,0.022054776931203827,7
SEC,0.02,1,STOCK3D,3,17,Nifty Consumer Durables,2410,1,0.0500017331268747,-0.0051244733966324,0.0483017331268747,0.0532262065235071,0.0499848743089356,0.04300599202030396,4
SEC,0.03,1,STOCK3D,3,17,Nifty Consumer Durables,2410,1,0.0500017331268747,-0.0051244733966324,0.0483017331268747,0.0532262065235071,0.0499848743089356,0.04300599202030396,4
SEC,0.02,1,STOCK3D,3,17,Nifty Consumer Durables,2411,1,-0.0109545635991002,-0.0116305664963863,-0.0126545635991002,-0.0012239971027139002,0.009421251127516798,0.04300599202030396,4
SEC,0.03,1,STOCK3D,3,17,Nifty Consumer Durables,2411,1,-0.0109545635991002,-0.0116305664963863,-0.0126545635991002,-0.0012239971027139002,0.009421251127516798,0.04300599202030396,4
SEC,0.02,-1,STOCK3D,3,17,Nifty Commodities,2412,1,-0.0019756960975479,0.000528089203763,0.0002756960975479003,0.0006037853013109005,-0.0006209514580906997,-0.02247507675325879,4
SEC,0.02,1,STOCK3D,3,17,Nifty Consumer Durables,2411,1,-0.1214167531374503,-0.0116305664963863,-0.1231167531374503,-0.111686186641064,-0.1010409384108333,0.04300599202030396,4
SEC,0.03,1,STOCK3D,3,17,Nifty Consumer Durables,2411,1,-0.1214167531374503,-0.0116305664963863,-0.1231167531374503,-0.111686186641064,-0.1010409384108333,0.04300599202030396,4
SEC,0.02,-1,STOCK3D,3,17,Nifty IT,2396,1,-0.0238752934376473,-0.0090418112767128,0.0221752934376473,0.012933482160934498,0.013008248928334399,-0.02241307685044901,3
SEC,0.02,1,STOCK3D,3,17,Nifty Pharma,2406,1,0.0045686044743554,-0.0103163804503479,0.0028686044743554,0.0129849849247033,0.0475781450507348,0.026149464183805576,4
SEC,0.02,1,STOCK3D,3,17,Nifty India Digital,2414,1,0.0632010056991896,0.0105183642423383,0.0615010056991896,0.0507826414568513,0.040289889632121295,0.036122729993743795,3
SEC,0.03,1,STOCK3D,3,17,Nifty India Digital,2414,1,0.0632010056991896,0.0105183642423383,0.0615010056991896,0.0507826414568513,0.040289889632121295,0.036122729993743795,3
SEC,0.02,1,STOCK3D,3,17,Nifty Consumer Durables,2412,1,-0.3616289696702621,0.000528089203763,-0.36332896967026207,-0.36405705887402506,-0.34251125959326933,0.03726668380352853,5
SEC,0.03,1,STOCK3D,3,17,Nifty Consumer Durables,2412,1,-0.3616289696702621,0.000528089203763,-0.36332896967026207,-0.36405705887402506,-0.34251125959326933,0.03726668380352853,5
SEC,0.02,-1,STOCK3D,3,17,Nifty Commodities,2410,1,0.0332198602123792,-0.0051244733966324,-0.0349198602123792,-0.0402443336090116,-0.0411574991073783,-0.02247507675325879,4
SEC,0.02,-1,STOCK3D,3,17,Nifty Commodities,2411,1,-0.0306944015401452,-0.0116305664963863,0.0289944015401452,0.0171638350437589,0.014758597413720199,-0.02247507675325879,4
SEC,0.02,1,STOCK3D,3,17,Nifty Pharma,2406,1,-0.0471249654933113,-0.0103163804503479,-0.0488249654933113,-0.0387085850429634,-0.004115424916931898,0.026149464183805576,4
SEC,0.02,1,STOCK3D,3,17,Nifty Consumer Durables,2411,1,0.0122966115488138,-0.0116305664963863,0.0105966115488138,0.022027178045200102,0.0326724262754308,0.04300599202030396,4
SEC,0.03,1,STOCK3D,3,17,Nifty Consumer Durables,2411,1,0.0122966115488138,-0.0116305664963863,0.0105966115488138,0.022027178045200102,0.0326724262754308,0.04300599202030396,4
SEC,0.02,-1,STOCK3D,3,17,Nifty IT,2396,1,0.0369744816359057,-0.0090418112767128,-0.0386744816359057,-0.0479162929126185,-0.047841526145218596,-0.02241307685044901,3
SEC,0.02,1,STOCK3D,3,18,Nifty Financial Services,2459,1,0.0197311689362107,0.020389041483285,0.0180311689362107,-0.0025578725470742996,0.0018557815081551008,0.03873238165324133,3
SEC,0.03,1,STOCK3D,3,18,Nifty Financial Services,2459,1,0.0197311689362107,0.020389041483285,0.0180311689362107,-0.0025578725470742996,0.0018557815081551008,0.03873238165324133,3
SEC,0.02,1,STOCK3D,3,18,Nifty India Manufacturing,2471,1,-0.0457894520587118,-0.0105495727609157,-0.0474894520587118,-0.0371398792977961,-0.0366883753787656,0.021740775090839923,6
SEC,0.02,-1,STOCK3D,3,18,Nifty Consumer Durables,2475,1,0.0845107272718641,0.0118834749711482,-0.08621072727186409,-0.0745272523007159,-0.07917521527090259,-0.029745841957718115,7
SEC,0.02,1,STOCK3D,3,18,Nifty Bank,2467,1,-0.1110734278605826,-0.008237747734758,-0.11277342786058259,-0.1047356801258246,-0.1054578054037153,0.025593451295557842,13
SEC,0.02,1,STOCK3D,3,18,Nifty Bank,2468,1,0.0599548798110042,-0.011172127183414,0.0582548798110042,0.0692270069944182,0.06288364182920189,0.025593451295557842,13
SEC,0.02,1,STOCK3D,3,18,Nifty Bank,2467,1,0.0535384902621872,-0.008237747734758,0.051838490262187197,0.0598762379969452,0.0591541127190545,0.025593451295557842,13
SEC,0.02,1,STOCK3D,3,18,Nifty India Manufacturing,2471,1,-0.0201539541396748,-0.0105495727609157,-0.0218539541396748,-0.011504381378759101,-0.011052877459728602,0.021740775090839923,6
SEC,0.02,1,STOCK3D,3,18,Nifty FMCG,2468,1,0.0642717172901472,-0.011172127183414,0.06257171729014721,0.0735438444735612,0.06904437739476102,0.0347352544255641,3
SEC,0.03,1,STOCK3D,3,18,Nifty FMCG,2468,1,0.0642717172901472,-0.011172127183414,0.06257171729014721,0.0735438444735612,0.06904437739476102,0.0347352544255641,3
SEC,0.02,1,STOCK3D,3,18,Nifty Infrastructure,2471,1,-0.0728347267563684,-0.0105495727609157,-0.0745347267563684,-0.0641851539954527,-0.055332107803649305,0.02201780340909834,4
SEC,0.02,1,STOCK3D,3,18,Nifty India Manufacturing,2477,1,-0.0295635617154161,0.005314205457517,-0.0312635617154161,-0.0367777671729331,-0.0324040431826685,0.023089364678412244,10
SEC,0.02,1,STOCK3D,3,18,Nifty Bank,2464,1,-0.0292238207280206,0.0017582478682953,-0.0309238207280206,-0.0328820685963159,-0.0335121150948084,0.029741536941605015,12
SEC,0.02,1,STOCK3D,3,18,Nifty FMCG,2468,1,-0.0439651027823327,-0.011172127183414,-0.0456651027823327,-0.03469297559891869,-0.039192442677718896,0.0347352544255641,3
SEC,0.03,1,STOCK3D,3,18,Nifty FMCG,2468,1,-0.0439651027823327,-0.011172127183414,-0.0456651027823327,-0.03469297559891869,-0.039192442677718896,0.0347352544255641,3
SEC,0.02,-1,STOCK3D,3,18,Nifty Consumer Durables,2476,1,0.0906331326929762,0.0083618239937712,-0.09233313269297619,-0.084171308699205,-0.08352504351728789,-0.029745841957718115,7
SEC,0.02,1,STOCK3D,3,18,Nifty India Manufacturing,2477,1,0.0571274984368925,0.005314205457517,0.0554274984368925,0.0499132929793755,0.0542870169696401,0.023089364678412244,10
SEC,0.02,1,STOCK3D,3,18,Nifty India Manufacturing,2470,1,0.0053141711691713,-0.0082637999564104,0.0036141711691712996,0.011677971125581698,0.0122069523304835,0.021740775090839923,6
SEC,0.02,1,STOCK3D,3,18,Nifty FMCG,2469,1,0.0028397503349993,-0.0108465984265363,0.0011397503349993,0.011786348761535599,0.0088316837093643,0.0347352544255641,3
SEC,0.03,1,STOCK3D,3,18,Nifty FMCG,2469,1,0.0028397503349993,-0.0108465984265363,0.0011397503349993,0.011786348761535599,0.0088316837093643,0.0347352544255641,3
SEC,0.02,1,STOCK3D,3,18,Nifty Bank,2467,1,0.0121522312634693,-0.008237747734758,0.0104522312634693,0.0184899789982273,0.0177678537203366,0.025593451295557842,13
SEC,0.02,1,STOCK3D,3,18,Nifty India Manufacturing,2476,1,0.0358728835811293,0.0083618239937712,0.0341728835811293,0.025611059587358098,0.031003720949880097,0.023089364678412244,10
SEC,0.02,1,STOCK3D,3,19,Nifty Metal,2529,1,-0.0143909818156902,-0.0204175898690376,-0.0160909818156902,0.004126608053347399,0.0441363906666018,0.027905792382501456,3
SEC,0.02,1,STOCK3D,3,19,Nifty Metal,2529,1,-0.1263842745774305,-0.0204175898690376,-0.12808427457743052,-0.1078666847083929,-0.0678569020951385,0.027905792382501456,3
SEC,0.02,-1,STOCK3D,3,19,Nifty Energy,2533,1,0.0282391730166134,0.0221915146433524,-0.0299391730166134,-0.007947658373261,0.014670733089622499,-0.04182553919110554,5
SEC,0.03,-1,STOCK3D,3,19,Nifty Energy,2533,1,0.0282391730166134,0.0221915146433524,-0.0299391730166134,-0.007947658373261,0.014670733089622499,-0.04182553919110554,5
SEC,0.02,-1,STOCK3D,3,19,Nifty Energy,2529,1,-0.0085853757991484,-0.0204175898690376,0.006885375799148399,-0.0137322140698892,-0.012445700048059102,-0.06552097189686852,3
SEC,0.03,-1,STOCK3D,3,19,Nifty Energy,2529,1,-0.0085853757991484,-0.0204175898690376,0.006885375799148399,-0.0137322140698892,-0.012445700048059102,-0.06552097189686852,3
SEC,0.02,-1,STOCK3D,3,19,Nifty India Digital,2534,1,0.1242205395813509,-0.0012994398729953,-0.1259205395813509,-0.12741997945434622,-0.16181716325648693,-0.04884472324140181,4
SEC,0.03,-1,STOCK3D,3,19,Nifty India Digital,2534,1,0.1242205395813509,-0.0012994398729953,-0.1259205395813509,-0.12741997945434622,-0.16181716325648693,-0.04884472324140181,4
SEC,0.02,-1,STOCK3D,3,19,Nifty India Digital,2531,1,-0.1205946388407609,0.0165107103053515,0.1188946388407609,0.13520534914611237,0.12646249245341487,-0.03505602526955809,3
SEC,0.03,-1,STOCK3D,3,19,Nifty India Digital,2531,1,-0.1205946388407609,0.0165107103053515,0.1188946388407609,0.13520534914611237,0.12646249245341487,-0.03505602526955809,3
SEC,0.02,-1,STOCK3D,3,19,Nifty Energy,2529,1,-0.0327386787893797,-0.0204175898690376,0.0310386787893797,0.010421088920342101,0.011707602942172199,-0.06552097189686852,3
SEC,0.03,-1,STOCK3D,3,19,Nifty Energy,2529,1,-0.0327386787893797,-0.0204175898690376,0.0310386787893797,0.010421088920342101,0.011707602942172199,-0.06552097189686852,3
SEC,0.02,-1,STOCK3D,3,19,Nifty India Manufacturing,2524,1,-0.0657137871808499,-0.0072488943309323,0.06401378718084991,0.0565648928499176,0.059522026726442495,-0.029664039796579778,3
SEC,0.02,1,STOCK3D,3,19,Nifty Metal,2529,1,-0.0457867725112374,-0.0204175898690376,-0.0474867725112374,-0.027269182642199803,0.012740599971054596,0.027905792382501456,3
SEC,0.02,-1,STOCK3D,3,19,Nifty Energy,2533,1,0.0162503551899311,0.0221915146433524,-0.0179503551899311,0.004041159453421302,0.0266595509163048,-0.04182553919110554,5
SEC,0.03,-1,STOCK3D,3,19,Nifty Energy,2533,1,0.0162503551899311,0.0221915146433524,-0.0179503551899311,0.004041159453421302,0.0266595509163048,-0.04182553919110554,5
SEC,0.02,1,STOCK3D,3,19,Nifty Metal,2528,1,-0.0261068812480694,0.0057869321059553,-0.0278068812480694,-0.0337938133540247,-0.031468552773332,0.027905792382501456,3
SEC,0.02,1,STOCK3D,3,20,Nifty Financial Services,2582,1,-0.0526740312186666,0.0010780079967996,-0.0543740312186666,-0.0556520392154662,-0.0585926915718004,0.02704859869601815,5
SEC,0.02,1,STOCK3D,3,20,Nifty Metal,2590,1,-0.0494023627518703,-0.0059619333287609,-0.0511023627518703,-0.045340429423109396,-0.0437612724883604,0.026727766504366243,3
SEC,0.02,-1,STOCK3D,3,20,Nifty Consumer Durables,2608,1,-0.0053782591606823,-0.0223204700314402,0.0036782591606822996,-0.018842210870757898,-0.0205627601242333,-0.03018165887277041,7
SEC,0.03,-1,STOCK3D,3,20,Nifty Consumer Durables,2608,1,-0.0053782591606823,-0.0223204700314402,0.0036782591606822996,-0.018842210870757898,-0.0205627601242333,-0.03018165887277041,7
SEC,0.02,-1,STOCK3D,3,20,Nifty Bank,2586,1,-0.0317224350095987,-0.0072573235060215,0.030022435009598697,0.0225651115035772,0.013756275628711895,-0.02069956155756862,4
SEC,0.02,-1,STOCK3D,3,20,Nifty Bank,2587,1,-0.0513705242180724,0.0117057273140638,0.0496705242180724,0.0611762515321362,0.0372859574184389,-0.02069956155756862,4
SEC,0.02,-1,STOCK3D,3,20,Nifty Auto,2592,1,0.046402900021233,0.008642892643162,-0.048102900021233,-0.039660007378070995,-0.0001264976135937966,-0.040812296815737975,3
SEC,0.03,-1,STOCK3D,3,20,Nifty Auto,2592,1,0.046402900021233,0.008642892643162,-0.048102900021233,-0.039660007378070995,-0.0001264976135937966,-0.040812296815737975,3
SEC,0.02,-1,STOCK3D,3,20,Nifty Bank,2587,1,0.1335072369996599,0.0117057273140638,-0.13520723699965992,-0.12370150968559611,-0.14759180379929343,-0.02069956155756862,4
SEC,0.02,-1,STOCK3D,3,20,Nifty India Defence,2608,1,-0.0968864286668726,-0.0223204700314402,0.0951864286668726,0.07266595863543239,0.05860553268481129,-0.0382468476672819,3
SEC,0.03,-1,STOCK3D,3,20,Nifty India Defence,2608,1,-0.0968864286668726,-0.0223204700314402,0.0951864286668726,0.07266595863543239,0.05860553268481129,-0.0382468476672819,3
SEC,0.02,-1,STOCK3D,3,20,Nifty India Manufacturing,2601,1,-0.0244086648957049,0.0006578121149244,0.0227086648957049,0.0231664770106293,0.0208818560762233,-0.021482719294845094,8
SEC,0.02,-1,STOCK3D,3,20,Nifty Auto,2593,1,0.0658122592157816,0.0060426015019617,-0.06751225921578159,-0.061669657713819895,-0.028781982975765,-0.02131893771920709,4
SEC,0.02,1,STOCK3D,3,20,Nifty Oil & Gas,2601,1,0.0327736797191501,0.0006578121149244,0.0310736797191501,0.030215867604225705,0.0196356096331384,0.02679246006588073,4
SEC,0.02,1,STOCK3D,3,20,Nifty FMCG,2593,1,-0.0540338620142303,0.0060426015019617,-0.0557338620142303,-0.061976463516192,-0.049144814719604996,0.04873530219594326,3
SEC,0.03,1,STOCK3D,3,20,Nifty FMCG,2593,1,-0.0540338620142303,0.0060426015019617,-0.0557338620142303,-0.061976463516192,-0.049144814719604996,0.04873530219594326,3
SEC,0.02,-1,STOCK3D,3,20,Nifty IT,2591,1,0.0733750567387838,0.0138930568615299,-0.0750750567387838,-0.0613819998772539,-0.0796465956023212,-0.027505155790134662,10
SEC,0.02,1,STOCK3D,3,20,Nifty FMCG,2593,1,0.0580789762615461,0.0060426015019617,0.0563789762615461,0.0501363747595844,0.06296802355617141,0.04873530219594326,3
SEC,0.03,1,STOCK3D,3,20,Nifty FMCG,2593,1,0.0580789762615461,0.0060426015019617,0.0563789762615461,0.0501363747595844,0.06296802355617141,0.04873530219594326,3
SEC,0.02,1,STOCK3D,3,20,Nifty Oil & Gas,2603,1,0.0298339367441532,0.0042851734075286,0.0281339367441532,0.0236487633366246,0.009315182304468199,0.026544458898774038,5
SEC,0.02,1,STOCK3D,3,20,Nifty FMCG,2599,1,-0.0425311897422113,0.0101580368011012,-0.0442311897422113,-0.054589226543312504,-0.0517732882259233,0.02697070213971871,7
SEC,0.02,1,STOCK3D,3,20,Nifty Commodities,2602,1,0.0710374385132365,0.0002032608475471,0.06933743851323651,0.0689341776656894,0.0587988129282345,0.021748173360337308,6
SEC,0.02,-1,STOCK3D,3,20,Nifty Bank,2586,1,0.0141721797662138,-0.0072573235060215,-0.0158721797662138,-0.023329503272235298,-0.0321383391471006,-0.02069956155756862,4
SEC,0.02,1,STOCK3D,3,20,Nifty Financial Services,2584,1,-0.0222311524992701,-0.027868468714629,-0.0239311524992701,0.003737316215358897,0.002483622261801098,0.02548041385620381,7
SEC,0.02,1,STOCK3D,3,20,Nifty Oil & Gas,2600,1,-0.0368619342043373,-0.0030241536012216,-0.0385619342043373,-0.0357377806031157,-0.017316589150924402,0.02679246006588073,4
SEC,0.02,1,STOCK3D,3,20,Nifty Metal,2590,1,0.0270839908970712,-0.0059619333287609,0.0253839908970712,0.0311459242258321,0.0327250811605811,0.026727766504366243,3
SEC,0.02,1,STOCK3D,3,20,Nifty Energy,2595,1,-0.1031568677742414,-0.0394094804871162,-0.1048568677742414,-0.0656473872871252,-0.06718758025619709,0.03233557095897629,3
SEC,0.03,1,STOCK3D,3,20,Nifty Energy,2595,1,-0.1031568677742414,-0.0394094804871162,-0.1048568677742414,-0.0656473872871252,-0.06718758025619709,0.03233557095897629,3
SEC,0.02,-1,STOCK3D,3,20,Nifty IT,2592,1,-0.0604636702803519,0.008642892643162,0.0587636702803519,0.0672065629235139,0.0559871524123688,-0.027505155790134662,10
SEC,0.02,-1,STOCK3D,3,20,Nifty IT,2588,1,0.0053029525561382,-0.0038925355818674,-0.0070029525561382,-0.0110954881380056,-0.0019677395225944,-0.03267250958216689,9
SEC,0.03,-1,STOCK3D,3,20,Nifty IT,2588,1,0.0053029525561382,-0.0038925355818674,-0.0070029525561382,-0.0110954881380056,-0.0019677395225944,-0.03267250958216689,9
SEC,0.02,1,STOCK3D,3,20,Nifty Oil & Gas,2606,1,-0.0552474633888528,0.0079866263781911,-0.0569474633888528,-0.06513408976704389,-0.06852763717407069,0.026425396009864887,7
SEC,0.02,-1,STOCK3D,3,20,Nifty Consumer Durables,2607,1,0.0240175274012903,-0.0202172422427704,-0.0257175274012903,-0.0461347696440607,-0.0478145045714781,-0.03018165887277041,7
SEC,0.03,-1,STOCK3D,3,20,Nifty Consumer Durables,2607,1,0.0240175274012903,-0.0202172422427704,-0.0257175274012903,-0.0461347696440607,-0.0478145045714781,-0.03018165887277041,7
SEC,0.02,1,STOCK3D,3,20,Nifty Commodities,2601,1,-0.0683285096543844,0.0006578121149244,-0.0700285096543844,-0.0708863217693088,-0.07142891989214359,0.021748173360337308,6
SEC,0.02,-1,STOCK3D,3,20,Nifty Bank,2586,1,0.027302250117738,-0.0072573235060215,-0.029002250117738,-0.0364595736237595,-0.045268409498624804,-0.02069956155756862,4
SEC,0.02,1,STOCK3D,3,20,Nifty FMCG,2594,1,0.1014374861539112,-0.0212664776786153,0.0997374861539112,0.12080396383252649,0.1029718072337047,0.04873530219594326,3
SEC,0.03,1,STOCK3D,3,20,Nifty FMCG,2594,1,0.1014374861539112,-0.0212664776786153,0.0997374861539112,0.12080396383252649,0.1029718072337047,0.04873530219594326,3
SEC,0.02,1,STOCK3D,3,20,Nifty Energy,2596,1,-0.0739276768039096,-0.0318092211984192,-0.0756276768039096,-0.0440184556054904,-0.0533859417636785,0.03233557095897629,3
SEC,0.03,1,STOCK3D,3,20,Nifty Energy,2596,1,-0.0739276768039096,-0.0318092211984192,-0.0756276768039096,-0.0440184556054904,-0.0533859417636785,0.03233557095897629,3
SEC,0.02,1,STOCK3D,3,21,Nifty Bank,2644,1,-0.1900138939088155,-0.0139478492002571,-0.19171389390881552,-0.17796604470855842,-0.16792103599245062,0.05140936561657489,3
SEC,0.03,1,STOCK3D,3,21,Nifty Bank,2644,1,-0.1900138939088155,-0.0139478492002571,-0.19171389390881552,-0.17796604470855842,-0.16792103599245062,0.05140936561657489,3
SEC,0.02,-1,STOCK3D,3,21,Nifty Infrastructure,2653,1,-0.0167932459044465,0.01232161705607,0.015093245904446499,0.0272148629605165,0.021455076252517198,-0.020147279482271192,4
SEC,0.02,-1,STOCK3D,3,21,Nifty Infrastructure,2654,1,-0.0022846653187614,0.0099850792942028,0.0005846653187614001,0.010369744612964199,0.0036011329832906997,-0.020147279482271192,4
SEC,0.02,-1,STOCK3D,3,21,Nifty FMCG,2652,1,0.0029521397509663,0.0215165059657032,-0.0046521397509663,0.016664366214736902,-0.0006321701994719,-0.021482096682512712,5
SEC,0.02,-1,STOCK3D,3,21,Nifty Consumer Durables,2657,1,-0.0420070928388421,-0.0016565105454873,0.0403070928388421,0.0384505822933548,0.0382114677682882,-0.021081485947230263,3
SEC,0.02,-1,STOCK3D,3,21,Nifty FMCG,2654,1,-0.02120954482063,0.0099850792942028,0.019509544820629998,0.0292946241148328,0.023324217957787198,-0.021282480897555123,6
SEC,0.02,-1,STOCK3D,3,21,Nifty Infrastructure,2659,1,-0.0334826505106384,-0.0054855931909194,0.0317826505106384,0.026097057319719005,0.020154715496395203,-0.022030940675892136,6
SEC,0.02,-1,STOCK3D,3,21,Nifty Infrastructure,2659,1,-0.0145169212336532,-0.0054855931909194,0.0128169212336532,0.007131328042733801,0.0011889862194100003,-0.022030940675892136,6
SEC,0.02,-1,STOCK3D,3,21,Nifty Consumer Durables,2657,1,0.0361765681743516,-0.0016565105454873,-0.0378765681743516,-0.0397330787198389,-0.0399721932449055,-0.021081485947230263,3
PEER,0.02,1,STOCK3D,3,0,FMCG,1359,1,0.0336721423517585,0.0278368045520637,0.0319721423517585,0.0039353377996948,0.0101610406856453,0.024543179757220517,6
PEER,0.02,-1,STOCK3D,3,0,Metals,1363,1,-0.0347425905384497,0.0112824809920674,0.0330425905384497,0.0441250715305171,-0.002494104447251399,-0.03216442460692321,3
PEER,0.03,-1,STOCK3D,3,0,Metals,1363,1,-0.0347425905384497,0.0112824809920674,0.0330425905384497,0.0441250715305171,-0.002494104447251399,-0.03216442460692321,3
PEER,0.02,-1,STOCK3D,3,0,Metals,1389,1,0.1266757066999112,-0.0026406608994148,-0.12837570669991122,-0.13121636759932603,-0.1033822334600832,-0.03048991416647988,4
PEER,0.03,-1,STOCK3D,3,0,Metals,1389,1,0.1266757066999112,-0.0026406608994148,-0.12837570669991122,-0.13121636759932603,-0.1033822334600832,-0.03048991416647988,4
PEER,0.02,1,STOCK3D,3,0,FMCG,1363,1,0.0013981354155719,0.0112824809920674,-0.0003018645844280999,-0.0117843455764955,-0.014033052469205401,0.02135220831482323,7
PEER,0.02,-1,STOCK3D,3,1,Metals,1421,1,0.0199931192560965,0.0152419648862813,-0.0216931192560965,-0.006651154369815198,0.0168597951585201,-0.031722850290002214,7
PEER,0.03,-1,STOCK3D,3,1,Metals,1421,1,0.0199931192560965,0.0152419648862813,-0.0216931192560965,-0.006651154369815198,0.0168597951585201,-0.031722850290002214,7
PEER,0.02,-1,STOCK3D,3,1,Pharma,1412,1,0.124380733121064,0.0111654056113453,-0.126080733121064,-0.1151153275097187,-0.0912440659491903,-0.02815518191574036,3
PEER,0.02,-1,STOCK3D,3,1,Metals,1421,1,0.0630322423089302,0.0152419648862813,-0.0647322423089302,-0.0496902774226489,-0.026179327894313605,-0.031722850290002214,7
PEER,0.03,-1,STOCK3D,3,1,Metals,1421,1,0.0630322423089302,0.0152419648862813,-0.0647322423089302,-0.0496902774226489,-0.026179327894313605,-0.031722850290002214,7
PEER,0.02,1,STOCK3D,3,2,Banks,1473,1,-0.035441745442146,-0.0329606927130663,-0.037141745442146,-0.004381052729079697,0.0148445726580012,0.02753908381459339,5
PEER,0.02,-1,STOCK3D,3,2,NBFCs,1474,1,-0.0562703892778057,-0.0152162627494049,0.0545703892778057,0.0391541265284008,0.029135986354323202,-0.058331135412024636,3
PEER,0.03,-1,STOCK3D,3,2,NBFCs,1474,1,-0.0562703892778057,-0.0152162627494049,0.0545703892778057,0.0391541265284008,0.029135986354323202,-0.058331135412024636,3
PEER,0.02,1,STOCK3D,3,2,IT services,1470,1,-0.0664584765375901,0.0049924034128412,-0.06815847653759009,-0.0733508799504313,-0.0488946880691326,0.02071184473444685,5
PEER,0.02,-1,STOCK3D,3,2,Pharma,1474,1,0.0301688384780106,-0.0152162627494049,-0.0318688384780106,-0.0472851012274155,-0.0364011064225217,-0.02557547994857857,3
PEER,0.02,1,STOCK3D,3,2,Banks,1472,1,-0.000818349427884,-0.0146776740145639,-0.002518349427884,0.0119593245866799,0.0383977134536899,0.056619393730807856,3
PEER,0.03,1,STOCK3D,3,2,Banks,1472,1,-0.000818349427884,-0.0146776740145639,-0.002518349427884,0.0119593245866799,0.0383977134536899,0.056619393730807856,3
PEER,0.02,-1,STOCK3D,3,2,FMCG,1472,1,-0.0344544376312673,-0.0146776740145639,0.0327544376312673,0.0178767636167034,0.023913470830026998,-0.03564180927268003,4
PEER,0.03,-1,STOCK3D,3,2,FMCG,1472,1,-0.0344544376312673,-0.0146776740145639,0.0327544376312673,0.0178767636167034,0.023913470830026998,-0.03564180927268003,4
PEER,0.02,-1,STOCK3D,3,2,NBFCs,1484,1,-0.1286824411935873,0.0071027123739094,0.1269824411935873,0.13388515356749667,0.12862625453808277,-0.02928123752493142,8
PEER,0.02,-1,STOCK3D,3,2,FMCG,1473,1,0.0096357521143649,-0.0329606927130663,-0.0113357521143649,-0.0444964448274312,-0.0285475025793999,-0.03564180927268003,4
PEER,0.03,-1,STOCK3D,3,2,FMCG,1473,1,0.0096357521143649,-0.0329606927130663,-0.0113357521143649,-0.0444964448274312,-0.0285475025793999,-0.03564180927268003,4
PEER,0.02,1,STOCK3D,3,2,IT services,1468,1,-0.0844874996833486,-0.0165822231845643,-0.08618749968334859,-0.06980527649878429,-0.04111629538244759,0.02071184473444685,5
PEER,0.02,-1,STOCK3D,3,2,NBFCs,1478,1,0.1103868641473544,0.0100429420233648,-0.11208686414735439,-0.1022439221239896,-0.10480147037862919,-0.03379682026941405,7
PEER,0.03,-1,STOCK3D,3,2,NBFCs,1478,1,0.1103868641473544,0.0100429420233648,-0.11208686414735439,-0.1022439221239896,-0.10480147037862919,-0.03379682026941405,7
PEER,0.02,-1,STOCK3D,3,2,NBFCs,1482,1,-0.0067534466642811,0.0033513301952377,0.0050534466642811,0.0082047768595188,0.0058195343016041005,-0.02928123752493142,8
PEER,0.02,1,STOCK3D,3,2,Banks,1472,1,-0.0759387050402387,-0.0146776740145639,-0.07763870504023869,-0.0631610310256748,-0.036722642158664796,0.056619393730807856,3
PEER,0.03,1,STOCK3D,3,2,Banks,1472,1,-0.0759387050402387,-0.0146776740145639,-0.07763870504023869,-0.0631610310256748,-0.036722642158664796,0.056619393730807856,3
PEER,0.02,1,STOCK3D,3,2,Banks,1473,1,-0.1488695559578789,-0.0329606927130663,-0.1505695559578789,-0.1178088632448126,-0.0985832378577317,0.02753908381459339,5
PEER,0.02,-1,STOCK3D,3,2,NBFCs,1474,1,-0.0379680469251924,-0.0152162627494049,0.0362680469251924,0.0208517841757875,0.0230742899295924,-0.058331135412024636,3
PEER,0.03,-1,STOCK3D,3,2,NBFCs,1474,1,-0.0379680469251924,-0.0152162627494049,0.0362680469251924,0.0208517841757875,0.0230742899295924,-0.058331135412024636,3
PEER,0.02,-1,STOCK3D,3,2,NBFCs,1474,1,-0.0650382286705245,-0.0152162627494049,0.06333822867052451,0.0479219659211196,0.037903825747042,-0.058331135412024636,3
PEER,0.03,-1,STOCK3D,3,2,NBFCs,1474,1,-0.0650382286705245,-0.0152162627494049,0.06333822867052451,0.0479219659211196,0.037903825747042,-0.058331135412024636,3
PEER,0.02,1,STOCK3D,3,2,IT services,1470,1,0.0256412386471877,0.0049924034128412,0.0239412386471877,0.0187488352343465,0.043205027115645195,0.02071184473444685,5
PEER,0.02,-1,STOCK3D,3,2,FMCG,1472,1,0.0788553325857692,-0.0146776740145639,-0.08055533258576919,-0.09543300660033309,-0.09141735353416379,-0.03564180927268003,4
PEER,0.03,-1,STOCK3D,3,2,FMCG,1472,1,0.0788553325857692,-0.0146776740145639,-0.08055533258576919,-0.09543300660033309,-0.09141735353416379,-0.03564180927268003,4
PEER,0.02,-1,STOCK3D,3,2,Pharma,1474,1,-0.0144778590116083,-0.0152162627494049,0.0127778590116083,-0.0026384037377966004,0.0082455910670972,-0.02557547994857857,3
PEER,0.02,1,STOCK3D,3,3,Banks,1536,1,0.0500983156206813,0.0037196463961119,0.0483983156206813,0.0444786692245694,0.041015157331217404,0.03272248110800073,5
PEER,0.03,1,STOCK3D,3,3,Banks,1536,1,0.0500983156206813,0.0037196463961119,0.0483983156206813,0.0444786692245694,0.041015157331217404,0.03272248110800073,5
PEER,0.02,1,STOCK3D,3,3,Banks,1535,1,0.1405867430248639,-0.0026775341696725,0.1388867430248639,0.1413642771945364,0.11854255142659881,0.023078511065810648,3
PEER,0.02,1,STOCK3D,3,3,Banks,1537,1,0.0323379568160222,0.0270993850004593,0.030637956816022202,0.0033385718155629026,0.016596832932293203,0.04349140097339774,6
PEER,0.03,1,STOCK3D,3,3,Banks,1537,1,0.0323379568160222,0.0270993850004593,0.030637956816022202,0.0033385718155629026,0.016596832932293203,0.04349140097339774,6
PEER,0.02,1,STOCK3D,3,3,Banks,1537,1,0.0401517461543337,0.0270993850004593,0.0384517461543337,0.0111523611538744,0.0244106222706047,0.04349140097339774,6
PEER,0.03,1,STOCK3D,3,3,Banks,1537,1,0.0401517461543337,0.0270993850004593,0.0384517461543337,0.0111523611538744,0.0244106222706047,0.04349140097339774,6
PEER,0.02,1,STOCK3D,3,3,Banks,1536,1,0.0018214602604359,0.0037196463961119,0.00012146026043590016,-0.003798186135676,-0.007261698029028,0.03272248110800073,5
PEER,0.03,1,STOCK3D,3,3,Banks,1536,1,0.0018214602604359,0.0037196463961119,0.00012146026043590016,-0.003798186135676,-0.007261698029028,0.03272248110800073,5
PEER,0.02,-1,STOCK3D,3,3,IT services,1530,1,-0.0715054976691146,-0.0304083582381472,0.0698054976691146,0.0391971394309674,0.011843907946991396,-0.02726061441487647,4
PEER,0.02,-1,STOCK3D,3,3,IT services,1531,1,-0.0560888470297974,-0.0276303711920147,0.0543888470297974,0.0265584758377827,-0.0017679359268471038,-0.02726061441487647,4
PEER,0.02,-1,STOCK3D,3,3,IT services,1530,1,-0.0933715639486753,-0.0304083582381472,0.0916715639486753,0.061063205710528104,0.03370997422655209,-0.02726061441487647,4
PEER,0.02,-1,STOCK3D,3,3,IT services,1531,1,-0.0106854875162861,-0.0276303711920147,0.0089854875162861,-0.018844883675728598,-0.047171295440358404,-0.02726061441487647,4
PEER,0.02,1,STOCK3D,3,3,Banks,1535,1,0.0739679479459267,-0.0026775341696725,0.07226794794592671,0.0747454821155992,0.05192375634766161,0.023078511065810648,3
PEER,0.02,1,STOCK3D,3,3,Banks,1535,1,0.0723482587827432,-0.0026775341696725,0.07064825878274321,0.0731257929524157,0.05030406718447811,0.023078511065810648,3
PEER,0.02,-1,STOCK3D,3,4,NBFCs,1605,1,-0.0396740758831564,-0.0283390049864437,0.0379740758831564,0.0094350708967127,-0.0025542815437352997,-0.02279697136222628,6
PEER,0.02,-1,STOCK3D,3,4,Banks,1599,1,0.0039364873504725,-0.0245892302539676,-0.0056364873504725,-0.0304257176044401,-0.0295052146373045,-0.024122946882890572,4
PEER,0.02,-1,STOCK3D,3,4,IT services,1596,1,0.0271737162904039,-0.0055761758424439,-0.0288737162904039,-0.0346498921328478,-0.037309941991924,-0.02477321121633581,4
PEER,0.02,-1,STOCK3D,3,4,IT services,1595,1,0.0741386771294883,0.0172470936974515,-0.07583867712948829,-0.05879158343203679,-0.07210121169553538,-0.02477321121633581,4
PEER,0.02,-1,STOCK3D,3,4,NBFCs,1606,1,-0.025562550045808,-0.020035755949499,0.023862550045808,0.0036267940963090003,0.007768262482265299,-0.02279697136222628,6
PEER,0.02,-1,STOCK3D,3,4,IT services,1597,1,-0.0464988284691677,0.0019093967975658,0.0447988284691677,0.0465082252667335,0.0287863423011158,-0.02477321121633581,4
PEER,0.02,-1,STOCK3D,3,5,IT services,1657,1,-0.0540281493310257,-0.0072608373625913,0.0523281493310257,0.044867311968434395,0.017909610003175896,-0.02394895330152553,5
PEER,0.02,-1,STOCK3D,3,5,Insurers,1662,1,0.0280798136520681,0.0244128343649097,-0.0297798136520681,-0.005566979287158398,-0.0150341779861513,-0.02415829769959379,3
PEER,0.02,-1,STOCK3D,3,5,IT services,1655,1,0.0599267579442333,0.0230199393178394,-0.0616267579442333,-0.0388068186263939,-0.033245409053203896,-0.024002392631622144,4
PEER,0.02,-1,STOCK3D,3,5,IT services,1654,1,-0.0023020003653505,0.0199543725781634,0.0006020003653505002,0.020356372943513903,0.0359961876101792,-0.024002392631622144,4
PEER,0.02,-1,STOCK3D,3,5,IT services,1655,1,0.0894005700114952,0.0230199393178394,-0.0911005700114952,-0.06828063069365581,-0.06271922112046581,-0.024002392631622144,4
PEER,0.02,-1,STOCK3D,3,5,Insurers,1660,1,0.1328328874291255,0.0403818389165209,-0.1345328874291255,-0.0943510485126046,-0.0931858023503042,-0.02415829769959379,3
PEER,0.02,-1,STOCK3D,3,5,IT services,1657,1,-0.032648582799695,-0.0072608373625913,0.030948582799695,0.0234877454371037,-0.0034699565281548004,-0.02394895330152553,5
PEER,0.02,-1,STOCK3D,3,5,Consumer brands,1667,1,0.0041358694258641,0.0087767529966382,-0.0058358694258641005,0.002740883570774099,-0.018881325979188502,-0.021343323594032546,3
PEER,0.02,-1,STOCK3D,3,6,Pharma,1730,1,-0.0129660082888272,0.0096195802797891,0.0112660082888272,0.0206855885686163,0.005025489814694698,-0.03457733341716474,6
PEER,0.03,-1,STOCK3D,3,6,Pharma,1730,1,-0.0129660082888272,0.0096195802797891,0.0112660082888272,0.0206855885686163,0.005025489814694698,-0.03457733341716474,6
PEER,0.02,-1,STOCK3D,3,6,Pharma,1731,1,0.0301349002753016,0.0207641875041991,-0.0318349002753016,-0.011270712771102502,-0.0293955675322495,-0.02345945966083732,7
PEER,0.02,-1,STOCK3D,3,6,Pharma,1731,1,0.0287612253441398,0.0207641875041991,-0.0304612253441398,-0.009897037839940703,-0.0280218926010877,-0.02345945966083732,7
PEER,0.02,-1,STOCK3D,3,6,NBFCs,1723,1,0.0397757169248176,0.0166201519890184,-0.0414757169248176,-0.025055564935799197,-0.025682581224010598,-0.025344919240593906,5
PEER,0.02,-1,STOCK3D,3,6,Pharma,1726,1,-0.0245573673564496,0.0066303421825986,0.0228573673564496,0.0292877095390482,-0.0030958226054822,-0.023999058162483565,4
PEER,0.02,-1,STOCK3D,3,6,Pharma,1727,1,-0.1317631089716032,0.0057815714283283,0.1300631089716032,0.1356446803999315,0.09250927994737063,-0.023999058162483565,4
PEER,0.02,-1,STOCK3D,3,6,Pharma,1730,1,0.0242789661818983,0.0096195802797891,-0.0259789661818983,-0.0165593859021092,-0.0322194846560308,-0.03457733341716474,6
PEER,0.03,-1,STOCK3D,3,6,Pharma,1730,1,0.0242789661818983,0.0096195802797891,-0.0259789661818983,-0.0165593859021092,-0.0322194846560308,-0.03457733341716474,6
PEER,0.02,-1,STOCK3D,3,6,NBFCs,1723,1,-0.1341117177613654,0.0166201519890184,0.1324117177613654,0.1488318697503838,0.14820485346217238,-0.025344919240593906,5
PEER,0.02,-1,STOCK3D,3,6,Pharma,1728,1,0.0130519192860216,-0.0048822145358717,-0.0147519192860216,-0.019834133821893297,-0.049513781271624195,-0.02283648714740144,5
PEER,0.02,-1,STOCK3D,3,6,Consumer brands,1726,1,0.0049266760082816,0.0066303421825986,-0.0066266760082816,-0.00019633382568299946,-0.0160487152254022,-0.02155557795078493,3
PEER,0.02,-1,STOCK3D,3,6,Pharma,1730,1,-0.055744239401462,0.0096195802797891,0.054044239401461996,0.0634638196812511,0.0478037209273295,-0.03457733341716474,6
PEER,0.03,-1,STOCK3D,3,6,Pharma,1730,1,-0.055744239401462,0.0096195802797891,0.054044239401461996,0.0634638196812511,0.0478037209273295,-0.03457733341716474,6
PEER,0.02,1,STOCK3D,3,7,NBFCs,1788,1,0.0048492955906666,0.0109047106398806,0.0031492955906665997,-0.007955415049214,-0.0166326132974385,0.02317539913659563,5
PEER,0.02,-1,STOCK3D,3,7,FMCG,1787,1,0.038363161278507,-0.0021829439454855,-0.040063161278507,-0.0424461052239925,-0.0023754951529449046,-0.033745129902505715,3
PEER,0.03,-1,STOCK3D,3,7,FMCG,1787,1,0.038363161278507,-0.0021829439454855,-0.040063161278507,-0.0424461052239925,-0.0023754951529449046,-0.033745129902505715,3
PEER,0.02,-1,STOCK3D,3,7,FMCG,1788,1,-0.0432406023440224,0.0109047106398806,0.0415406023440224,0.052245312983902996,0.07508918942437241,-0.022881852388860032,4
PEER,0.02,-1,STOCK3D,3,7,FMCG,1786,1,0.0248304783065996,0.0006854378885912,-0.0265304783065996,-0.026045040418008397,-0.0175888574671105,-0.033745129902505715,3
PEER,0.03,-1,STOCK3D,3,7,FMCG,1786,1,0.0248304783065996,0.0006854378885912,-0.0265304783065996,-0.026045040418008397,-0.0175888574671105,-0.033745129902505715,3
PEER,0.02,-1,STOCK3D,3,7,FMCG,1789,1,0.0602318651933286,0.0084905895957282,-0.0619318651933286,-0.0536412755976004,-0.0340922082718403,-0.03027473257117186,5
PEER,0.03,-1,STOCK3D,3,7,FMCG,1789,1,0.0602318651933286,0.0084905895957282,-0.0619318651933286,-0.0536412755976004,-0.0340922082718403,-0.03027473257117186,5
PEER,0.02,-1,STOCK3D,3,7,FMCG,1787,1,-0.1049269366247239,-0.0021829439454855,0.1032269366247239,0.1008439926792384,0.14091460275028597,-0.033745129902505715,3
PEER,0.03,-1,STOCK3D,3,7,FMCG,1787,1,-0.1049269366247239,-0.0021829439454855,0.1032269366247239,0.1008439926792384,0.14091460275028597,-0.033745129902505715,3
PEER,0.02,1,STOCK3D,3,7,NBFCs,1790,1,-0.0476579334433218,0.0063993332885224,-0.0493579334433218,-0.0559572667318442,-0.0703543785759935,0.027148107011734268,7
PEER,0.02,1,STOCK3D,3,7,NBFCs,1789,1,0.0216288147278699,0.0084905895957282,0.0199288147278699,0.0112382251321417,0.003705690516813401,0.027148107011734268,7
PEER,0.02,-1,STOCK3D,3,7,FMCG,1789,1,-0.0009205595683341,0.0084905895957282,-0.0007794404316658999,0.007511149164062299,0.0270602164898224,-0.03027473257117186,5
PEER,0.03,-1,STOCK3D,3,7,FMCG,1789,1,-0.0009205595683341,0.0084905895957282,-0.0007794404316658999,0.007511149164062299,0.0270602164898224,-0.03027473257117186,5
PEER,0.02,1,STOCK3D,3,7,NBFCs,1790,1,-0.0145904934559395,0.0063993332885224,-0.016290493455939498,-0.022889826744461897,-0.0372869385886112,0.027148107011734268,7
PEER,0.02,-1,STOCK3D,3,7,FMCG,1788,1,-0.0037489209683461,0.0109047106398806,0.0020489209683461004,0.0127536316082267,0.0355975080486961,-0.022881852388860032,4
PEER,0.02,-1,STOCK3D,3,8,Pharma,1858,1,-0.0394081084903241,0.0073000586398591,0.0377081084903241,0.0448081671301832,0.023656663592392397,-0.026009836846239708,4
PEER,0.02,-1,STOCK3D,3,8,Banks,1855,1,0.039728234749412,-0.0072454446937024,-0.041428234749412,-0.048873679443114396,-0.0437580308659528,-0.020263752744089238,10
PEER,0.02,-1,STOCK3D,3,8,Pharma,1860,1,0.0052028418268698,0.0045205678916502,-0.0069028418268698,-0.0025822739352195996,0.017259937724101303,-0.022206315678043393,6
PEER,0.02,-1,STOCK3D,3,8,IT services,1843,1,0.0636611302165113,0.0165610292218987,-0.0653611302165113,-0.049000100994612605,-0.0404996115232505,-0.02206563453696379,4
PEER,0.02,-1,STOCK3D,3,8,Pharma,1859,1,0.0732978071743413,0.0119836912604858,-0.07499780717434129,-0.06321411591385549,-0.07065335756865658,-0.024382247340233754,5
PEER,0.02,-1,STOCK3D,3,8,Pharma,1858,1,-0.0036762510494624,0.0073000586398591,0.0019762510494624004,0.009076309689321499,-0.012075193848469301,-0.026009836846239708,4
PEER,0.02,-1,STOCK3D,3,8,Metals,1858,1,0.0137063725084333,0.0073000586398591,-0.0154063725084333,-0.008306313868574201,0.012224087471196101,-0.025135173426179963,4
PEER,0.02,-1,STOCK3D,3,8,IT services,1843,1,0.055175160846179,0.0165610292218987,-0.056875160846179,-0.0405141316242803,-0.0320136421529182,-0.02206563453696379,4
PEER,0.02,-1,STOCK3D,3,8,Insurers,1853,1,0.0131661518447806,0.0045737661878181,-0.0148661518447806,-0.0104923856569625,-0.0023943347483798,-0.02295490427675265,4
PEER,0.02,-1,STOCK3D,3,8,IT services,1843,1,0.0308183031748496,0.0165610292218987,-0.0325183031748496,-0.0161572739529509,-0.0076567844815888,-0.02206563453696379,4
PEER,0.02,-1,STOCK3D,3,8,Metals,1860,1,-0.0051730456766921,0.0045205678916502,0.0034730456766921,0.007793613568342301,0.0440618155884007,-0.025135173426179963,4
PEER,0.02,-1,STOCK3D,3,8,IT services,1842,1,0.0241414152481576,0.0096478513858098,-0.0258414152481576,-0.0163935638623478,-0.014913316137226702,-0.03117880280221853,3
PEER,0.03,-1,STOCK3D,3,8,IT services,1842,1,0.0241414152481576,0.0096478513858098,-0.0258414152481576,-0.0163935638623478,-0.014913316137226702,-0.03117880280221853,3
PEER,0.02,-1,STOCK3D,3,8,IT services,1841,1,0.0394995294797666,0.010724760706986,-0.0411995294797666,-0.030674768772780598,-0.0338541139046149,-0.03117880280221853,3
PEER,0.03,-1,STOCK3D,3,8,IT services,1841,1,0.0394995294797666,0.010724760706986,-0.0411995294797666,-0.030674768772780598,-0.0338541139046149,-0.03117880280221853,3
PEER,0.02,-1,STOCK3D,3,8,IT services,1843,1,0.0266588035728885,0.0165610292218987,-0.0283588035728885,-0.0119977743509898,-0.0034972848796277,-0.02206563453696379,4
PEER,0.02,-1,STOCK3D,3,8,IT services,1843,1,0.0249832275485973,0.0165610292218987,-0.0266832275485973,-0.010322198326698602,-0.0018217088553365009,-0.02206563453696379,4
PEER,0.02,-1,STOCK3D,3,8,Pharma,1857,1,-0.0417662913432017,-0.0045259728051189,0.0400662913432017,0.0353403185380828,0.0116290988156398,-0.026009836846239708,4
PEER,0.02,1,STOCK3D,3,9,FMCG,1907,1,0.052690974970756,-0.0012062754094015,0.050990974970756,0.0519972503801575,0.0535396873498702,0.024202155092373393,3
PEER,0.02,-1,STOCK3D,3,9,Consumer brands,1916,1,0.0434017911833541,-0.0072777570134698,-0.0451017911833541,-0.052579548196823894,-0.0540014533286691,-0.023286104723277218,3
PEER,0.02,1,STOCK3D,3,10,Pharma,1977,1,0.0832827190305318,0.0009666192036945,0.08158271903053181,0.08041609982683731,0.06387418293701072,0.023175270990186854,8
PEER,0.02,1,STOCK3D,3,10,Pharma,1978,1,0.0349649271356893,0.0042285750960791,0.0332649271356893,0.0288363520396102,0.0273479636172958,0.023175270990186854,8
PEER,0.02,-1,STOCK3D,3,10,NBFCs,1972,1,-0.0015988068539605,0.0079358798159334,-0.00010119314603950001,0.0076346866698939015,0.0081793557691606,-0.020855087018626622,5
PEER,0.02,-1,STOCK3D,3,10,Metals,1978,1,0.0448866005871244,0.0042285750960791,-0.046586600587124403,-0.0425580254910453,-0.0387325358754396,-0.021198511456024874,4
PEER,0.02,1,STOCK3D,3,10,Pharma,1978,1,-0.0296086850146829,0.0042285750960791,-0.0313086850146829,-0.035737260110762,-0.0372256485330764,0.023175270990186854,8
PEER,0.02,-1,STOCK3D,3,10,Metals,1978,1,-0.0114891502796171,0.0042285750960791,0.0097891502796171,0.013817725375696198,0.0176432149913019,-0.021198511456024874,4
PEER,0.02,-1,STOCK3D,3,10,NBFCs,1971,1,-0.0043085101806418,-0.0003546876709452,0.0026085101806417998,0.0020538225096966,0.0040237222627292,-0.020855087018626622,5
PEER,0.02,-1,STOCK3D,3,10,FMCG,1969,1,-0.0012164966660506,0.0117898543563974,-0.00048350333394939996,0.011106351022447999,0.0041573334482146,-0.022998247989219584,3
PEER,0.02,-1,STOCK3D,3,10,Metals,1977,1,-0.0251404125506617,0.0009666192036945,0.0234404125506617,0.024207031754356203,0.032268033096545704,-0.021198511456024874,4
PEER,0.02,-1,STOCK3D,3,10,NBFCs,1971,1,0.0856478895926304,-0.0003546876709452,-0.08734788959263039,-0.08790257726357559,-0.08515647554574758,-0.020855087018626622,5
PEER,0.02,-1,STOCK3D,3,10,Metals,1978,1,0.0407533843422869,0.0042285750960791,-0.0424533843422869,-0.038424809246207794,-0.034599319630602095,-0.021198511456024874,4
PEER,0.02,-1,STOCK3D,3,10,Metals,1974,1,0.0371625128185411,0.0142477324370943,-0.0388625128185411,-0.024814780381446796,-0.0208205948926012,-0.025625974309709948,3
PEER,0.02,-1,STOCK3D,3,11,NBFCs,2034,1,0.0718033937437185,0.0153656559724165,-0.07350339374371849,-0.058337737771301995,-0.06634431724321839,-0.02560537174818697,7
PEER,0.02,1,STOCK3D,3,11,Pharma,2040,1,0.0053874523863151,-0.0143612409732751,0.0036874523863150996,0.0178486933595902,-0.0036568509778879005,0.02835668651682736,5
PEER,0.02,1,STOCK3D,3,11,Pharma,2041,1,0.0236080107955767,0.0012152568800062,0.0219080107955767,0.0204927539155705,0.007643280951241799,0.026510825678517827,6
PEER,0.02,-1,STOCK3D,3,11,Banks,2028,1,-0.0519711278454793,-0.0076469410352342,0.050271127845479296,0.042424186810245096,0.0367314891986861,-0.03646271266189589,4
PEER,0.03,-1,STOCK3D,3,11,Banks,2028,1,-0.0519711278454793,-0.0076469410352342,0.050271127845479296,0.042424186810245096,0.0367314891986861,-0.03646271266189589,4
PEER,0.02,-1,STOCK3D,3,11,Banks,2040,1,-0.0718311302294483,-0.0143612409732751,0.07013113022944831,0.055569889256173205,0.0496745096709396,-0.020481619487889926,13
PEER,0.02,-1,STOCK3D,3,11,Banks,2033,1,0.0901302082071446,-0.0017539578544771,-0.09183020820714459,-0.0937841660616217,-0.07563533001487589,-0.026635490332960452,11
PEER,0.02,1,STOCK3D,3,11,Pharma,2039,1,-0.08661338808506,-0.0066696247054757,-0.08831338808506,-0.0818437633795843,-0.09699442370989489,0.02835668651682736,5
PEER,0.02,-1,STOCK3D,3,11,Banks,2029,1,-0.0235312673441745,-0.0100308470721769,0.0218312673441745,0.011600420271997598,-0.0043178571198721006,-0.02388435697871012,5
PEER,0.02,1,STOCK3D,3,11,IT services,2028,1,-0.0065610024959563,-0.0076469410352342,-0.0082610024959563,-0.0008140614607220999,-0.0107068719646476,0.06011166370172697,6
PEER,0.03,1,STOCK3D,3,11,IT services,2028,1,-0.0065610024959563,-0.0076469410352342,-0.0082610024959563,-0.0008140614607220999,-0.0107068719646476,0.06011166370172697,6
PEER,0.02,-1,STOCK3D,3,11,FMCG,2033,1,0.0374200919097431,-0.0017539578544771,-0.0391200919097431,-0.0410740497642202,-0.039332560930080904,-0.02159511298825526,3
PEER,0.02,1,STOCK3D,3,11,Pharma,2041,1,0.004726379632878,0.0012152568800062,0.003026379632878,0.0016111227528718003,-0.011238350211456902,0.026510825678517827,6
PEER,0.02,-1,STOCK3D,3,11,FMCG,2033,1,0.0742887289929568,-0.0017539578544771,-0.07598872899295679,-0.0779426868474339,-0.07620119801329459,-0.02159511298825526,3
PEER,0.02,-1,STOCK3D,3,11,FMCG,2031,1,-0.0561099267176428,0.003392821407083,0.0544099267176428,0.057602748124725794,0.029569468115333696,-0.02159511298825526,3
PEER,0.02,-1,STOCK3D,3,11,FMCG,2033,1,-0.0213919969216164,-0.0017539578544771,0.0196919969216164,0.0177380390671393,0.0194795279012786,-0.02159511298825526,3
PEER,0.02,-1,STOCK3D,3,11,NBFCs,2035,1,0.0234759230796366,0.0021488288579161,-0.0251759230796366,-0.023227094221720496,-0.034252123898707895,-0.02560537174818697,7
PEER,0.02,1,STOCK3D,3,11,IT services,2024,1,-0.1133598277537761,-0.0289279348647835,-0.11505982775377609,-0.0863318928889926,-0.10412779871413667,0.04269059178230078,4
PEER,0.03,1,STOCK3D,3,11,IT services,2024,1,-0.1133598277537761,-0.0289279348647835,-0.11505982775377609,-0.0863318928889926,-0.10412779871413667,0.04269059178230078,4
PEER,0.02,1,STOCK3D,3,11,Pharma,2038,1,0.0209940548292515,-0.0023984724998514,0.0192940548292515,0.0214925273291029,0.0051744054430198985,0.02835668651682736,5
PEER,0.02,-1,STOCK3D,3,11,NBFCs,2038,1,0.0118800782709189,-0.0023984724998514,-0.0135800782709189,-0.016178550770770298,-0.0260351197318941,-0.02103592502140722,9
PEER,0.02,-1,STOCK3D,3,11,FMCG,2031,1,-0.0120989161996016,0.003392821407083,0.0103989161996016,0.0135917376066846,-0.014441542402707501,-0.02159511298825526,3
PEER,0.02,1,STOCK3D,3,11,IT services,2034,1,-0.0166500081276651,0.0153656559724165,-0.0183500081276651,-0.0339156641000816,-0.045852160039944,0.040472988287517615,9
PEER,0.03,1,STOCK3D,3,11,IT services,2034,1,-0.0166500081276651,0.0153656559724165,-0.0183500081276651,-0.0339156641000816,-0.045852160039944,0.040472988287517615,9
PEER,0.02,1,STOCK3D,3,11,IT services,2042,1,-0.0705343737314048,0.0026950174238989,-0.07223437373140479,-0.07512939115530369,-0.07606155197717739,0.03416864786850986,10
PEER,0.03,1,STOCK3D,3,11,IT services,2042,1,-0.0705343737314048,0.0026950174238989,-0.07223437373140479,-0.07512939115530369,-0.07606155197717739,0.03416864786850986,10
PEER,0.02,1,STOCK3D,3,11,IT services,2024,1,0.2910967891089897,-0.0289279348647835,0.2893967891089897,0.3181247239737732,0.3003288181486291,0.04269059178230078,4
PEER,0.03,1,STOCK3D,3,11,IT services,2024,1,0.2910967891089897,-0.0289279348647835,0.2893967891089897,0.3181247239737732,0.3003288181486291,0.04269059178230078,4
PEER,0.02,1,STOCK3D,3,11,IT services,2027,1,0.0623286234772391,-0.0103150470612995,0.0606286234772391,0.0707436705385386,0.06453462497583462,0.06011166370172697,6
PEER,0.03,1,STOCK3D,3,11,IT services,2027,1,0.0623286234772391,-0.0103150470612995,0.0606286234772391,0.0707436705385386,0.06453462497583462,0.06011166370172697,6
PEER,0.02,-1,STOCK3D,3,11,NBFCs,2039,1,-0.0526493252759161,-0.0066696247054757,0.0509493252759161,0.0440797005704404,0.0456628598427438,-0.02103592502140722,9
PEER,0.02,-1,STOCK3D,3,11,Banks,2036,1,0.0041287576534417,0.010692480201314,-0.0058287576534417004,0.004663722547872299,-0.016845403116268597,-0.0216420530883181,12
PEER,0.02,1,STOCK3D,3,11,IT services,2029,1,-0.0444671942510866,-0.0100308470721769,-0.0461671942510866,-0.0363363471789097,-0.0426279058336189,0.06011166370172697,6
PEER,0.03,1,STOCK3D,3,11,IT services,2029,1,-0.0444671942510866,-0.0100308470721769,-0.0461671942510866,-0.0363363471789097,-0.0426279058336189,0.06011166370172697,6
PEER,0.02,1,STOCK3D,3,11,Pharma,2035,1,0.0446256902802641,0.0021488288579161,0.0429256902802641,0.040576861422348,0.0214670284377616,0.035938879621674184,4
PEER,0.03,1,STOCK3D,3,11,Pharma,2035,1,0.0446256902802641,0.0021488288579161,0.0429256902802641,0.040576861422348,0.0214670284377616,0.035938879621674184,4
PEER,0.02,1,STOCK3D,3,11,Pharma,2040,1,0.0810369246600262,-0.0143612409732751,0.0793369246600262,0.0934981656333013,0.0719926212958232,0.02835668651682736,5
PEER,0.02,-1,STOCK3D,3,12,Pharma,2104,1,-0.016174325374868,0.011157317879885,0.014474325374868001,0.025431643254753,0.019174063105536,-0.02817606228669461,4
PEER,0.02,-1,STOCK3D,3,12,NBFCs,2093,1,0.1092045397333864,0.0101818171541836,-0.11090453973338639,-0.1009227225792028,-0.0868329688890518,-0.02990934710810873,3
PEER,0.02,-1,STOCK3D,3,12,Pharma,2100,1,0.0231568467304423,-0.0088047159197596,-0.0248568467304423,-0.0338615626502019,-0.021448630080923,-0.03136261480724714,3
PEER,0.03,-1,STOCK3D,3,12,Pharma,2100,1,0.0231568467304423,-0.0088047159197596,-0.0248568467304423,-0.0338615626502019,-0.021448630080923,-0.03136261480724714,3
PEER,0.02,-1,STOCK3D,3,12,IT services,2091,1,-0.0619673142505524,0.0107999250045842,0.0602673142505524,0.0708672392551366,0.06266550512051311,-0.027526011866376925,4
PEER,0.02,1,STOCK3D,3,12,Metals,2105,1,0.0231388755726685,0.0135339342332754,0.0214388755726685,0.0077049413393930994,-0.0048400928088831,0.025274691294884372,3
PEER,0.02,-1,STOCK3D,3,12,IT services,2089,1,-0.0086711545064482,0.0104496070243431,0.0069711545064482,0.0172207615307913,0.0057896607843745,-0.027526011866376925,4
PEER,0.02,-1,STOCK3D,3,12,IT services,2090,1,0.0245100233260315,0.0023712663542363,-0.0262100233260315,-0.024038756971795198,-0.029301312263464798,-0.027526011866376925,4
PEER,0.02,-1,STOCK3D,3,12,IT services,2104,1,0.0353751071400598,0.011157317879885,-0.0370751071400598,-0.0261177892601748,-0.0308127771869602,-0.021733485124090957,10
PEER,0.02,-1,STOCK3D,3,12,IT services,2089,1,-0.0531145525898908,0.0104496070243431,0.0514145525898908,0.061664159614233896,0.0502330588678171,-0.027526011866376925,4
PEER,0.02,-1,STOCK3D,3,12,NBFCs,2093,1,0.2006672745912541,0.0101818171541836,-0.20236727459125411,-0.19238545743707053,-0.19237957478214593,-0.02990934710810873,3
PEER,0.02,1,STOCK3D,3,12,Metals,2107,1,0.0138244479836611,0.0058516941016684,0.0121244479836611,0.0060727538819927,-0.027465014733106398,0.025274691294884372,3
PEER,0.02,-1,STOCK3D,3,12,IT services,2090,1,0.0660660880612156,0.0023712663542363,-0.06776608806121559,-0.06559482170697929,-0.07085737699864889,-0.027526011866376925,4
PEER,0.02,-1,STOCK3D,3,12,Pharma,2105,1,0.1039881383126331,0.0135339342332754,-0.10568813831263309,-0.0923542040793577,-0.09569193112035468,-0.02817606228669461,4
PEER,0.02,1,STOCK3D,3,13,IT services,2149,1,0.030116991098511,-0.0129994557906768,0.028416991098511,0.041216446889187804,0.025827416448737,0.02952946053038498,3
PEER,0.02,1,STOCK3D,3,13,Insurers,2165,1,-0.0483059251508495,-0.0091876544975488,-0.0500059251508495,-0.0410182706533007,-0.0332005837392476,0.034498495938139,4
PEER,0.03,1,STOCK3D,3,13,Insurers,2165,1,-0.0483059251508495,-0.0091876544975488,-0.0500059251508495,-0.0410182706533007,-0.0332005837392476,0.034498495938139,4
PEER,0.02,-1,STOCK3D,3,14,Consumer brands,2227,1,-0.1343875145016562,-0.0130802951182376,0.1326875145016562,0.1194072193834186,0.11499589325760132,-0.020234385401162246,3
PEER,0.02,-1,STOCK3D,3,14,Banks,2214,1,-0.0282265849899565,-0.0154421195838108,0.0265265849899565,0.0108844654061457,0.018096190795254805,-0.023933730141506196,4
PEER,0.02,-1,STOCK3D,3,14,Banks,2216,1,0.0208303879968596,-0.0038880114628316,-0.0225303879968596,-0.0266183994596912,-0.0221700427581575,-0.023933730141506196,4
PEER,0.02,-1,STOCK3D,3,14,Banks,2216,1,0.0505897219002496,-0.0038880114628316,-0.0522897219002496,-0.0563777333630812,-0.0519293766615475,-0.023933730141506196,4
PEER,0.02,-1,STOCK3D,3,14,Banks,2218,1,0.0950768465376783,0.0066454498596253,-0.09677684653767829,-0.090331396678053,-0.07678841630947149,-0.04689925418377727,6
PEER,0.03,-1,STOCK3D,3,14,Banks,2218,1,0.0950768465376783,0.0066454498596253,-0.09677684653767829,-0.090331396678053,-0.07678841630947149,-0.04689925418377727,6
PEER,0.02,-1,STOCK3D,3,14,Consumer brands,2228,1,-0.0344117258524132,-0.0245492292823465,0.0327117258524132,0.0079624965700667,3.5188947754010054e-06,-0.020234385401162246,3
PEER,0.02,-1,STOCK3D,3,14,Banks,2217,1,0.0643390296755611,0.0028360383286931,-0.06603902967556109,-0.063402991346868,-0.0506739095910303,-0.02081455236104111,5
PEER,0.02,-1,STOCK3D,3,14,Banks,2217,1,0.0621112860484762,0.0028360383286931,-0.06381128604847619,-0.061175247719783096,-0.048446165963945395,-0.02081455236104111,5
PEER,0.02,-1,STOCK3D,3,14,Banks,2217,1,-0.0055856098648809,0.0028360383286931,0.0038856098648808995,0.006521648193573999,0.019250729949411703,-0.02081455236104111,5
PEER,0.02,-1,STOCK3D,3,14,Banks,2215,1,-0.1818087403040698,-0.0119321761450353,0.1801087403040698,0.16797656415903447,0.1708243075382257,-0.023933730141506196,4
PEER,0.02,1,STOCK3D,3,14,NBFCs,2223,1,-0.0150356417610972,0.0075511074932659,-0.016735641761097198,-0.0244867492543631,-0.026911535291827,0.020853640613911588,9
PEER,0.02,1,STOCK3D,3,14,IT services,2226,1,-0.0043983754826019,-0.0140274069335507,-0.0060983754826019,0.007729031450948799,-0.0209457868600986,0.02942644683133496,10
PEER,0.02,-1,STOCK3D,3,14,Banks,2217,1,0.0270929811731527,0.0028360383286931,-0.0287929811731527,-0.0261569428444596,-0.013427861088621899,-0.02081455236104111,5
PEER,0.02,-1,STOCK3D,3,15,IT services,2272,1,-0.0645217024839519,0.0011919462196842,0.06282170248395191,0.06381364870363611,0.03734466157907551,-0.032096102426841654,3
PEER,0.03,-1,STOCK3D,3,15,IT services,2272,1,-0.0645217024839519,0.0011919462196842,0.06282170248395191,0.06381364870363611,0.03734466157907551,-0.032096102426841654,3
PEER,0.02,-1,STOCK3D,3,15,IT services,2272,1,0.0242852251812911,0.0011919462196842,-0.0259852251812911,-0.0249932789616069,-0.051462266086167496,-0.032096102426841654,3
PEER,0.03,-1,STOCK3D,3,15,IT services,2272,1,0.0242852251812911,0.0011919462196842,-0.0259852251812911,-0.0249932789616069,-0.051462266086167496,-0.032096102426841654,3
PEER,0.02,-1,STOCK3D,3,15,IT services,2273,1,-0.0006119504057171,0.0056894500107692,-0.0010880495942829,0.0044014004164863,-0.030642280851399802,-0.032096102426841654,3
PEER,0.03,-1,STOCK3D,3,15,IT services,2273,1,-0.0006119504057171,0.0056894500107692,-0.0010880495942829,0.0044014004164863,-0.030642280851399802,-0.032096102426841654,3
PEER,0.02,-1,STOCK3D,3,15,IT services,2273,1,0.0280098110175038,0.0056894500107692,-0.0297098110175038,-0.0242203610067346,-0.059264042274620704,-0.032096102426841654,3
PEER,0.03,-1,STOCK3D,3,15,IT services,2273,1,0.0280098110175038,0.0056894500107692,-0.0297098110175038,-0.0242203610067346,-0.059264042274620704,-0.032096102426841654,3
PEER,0.02,-1,STOCK3D,3,16,NBFCs,2349,1,0.1264706308029867,0.0278900155396223,-0.1281706308029867,-0.10048061526336441,-0.10264612374061781,-0.02185629557821556,11
PEER,0.02,-1,STOCK3D,3,16,NBFCs,2341,1,-0.0441131919369256,0.0007479954683664,0.0424131919369256,0.042961187405292006,0.036890616746612405,-0.02414220345197551,7
PEER,0.02,1,STOCK3D,3,16,Banks,2341,1,-0.0148466436829322,0.0007479954683664,-0.0165466436829322,-0.017494639151298598,-0.011018966798090401,0.022054776931203827,7
PEER,0.02,1,STOCK3D,3,16,Consumer brands,2354,1,-0.0632325790436189,-0.0082081641925924,-0.06493257904361889,-0.05692441485102649,-0.0531560191145126,0.02783330435727151,6
PEER,0.02,-1,STOCK3D,3,16,Real estate,2353,1,0.0615293070955036,-0.0151443319460152,-0.0632293070955036,-0.0785736390415188,-0.07820135854495239,-0.03002941719004247,4
PEER,0.03,-1,STOCK3D,3,16,Real estate,2353,1,0.0615293070955036,-0.0151443319460152,-0.0632293070955036,-0.0785736390415188,-0.07820135854495239,-0.03002941719004247,4
PEER,0.02,1,STOCK3D,3,16,Banks,2341,1,-0.0507589554658961,0.0007479954683664,-0.0524589554658961,-0.0534069509342625,-0.0469312785810543,0.022054776931203827,7
PEER,0.02,1,STOCK3D,3,16,Banks,2339,1,-0.0103855890053971,0.0037827414494319,-0.0120855890053971,-0.016068330454829,-0.0158648513682912,0.024065805049159637,4
PEER,0.02,1,STOCK3D,3,16,Banks,2343,1,-0.0067458580910102,0.0018806647738459,-0.0084458580910102,-0.0105265228648561,0.006196590916667,0.022054776931203827,7
PEER,0.02,-1,STOCK3D,3,16,NBFCs,2351,1,0.0299339739991293,0.0179364268023284,-0.031633973999129296,-0.0138975471968009,-0.021551388020795897,-0.022447755582652273,12
PEER,0.02,-1,STOCK3D,3,16,IT services,2336,1,0.0547776510014609,0.0050385849992999,-0.0564776510014609,-0.051639066002161,-0.023481384788582298,-0.024735132975632925,3
PEER,0.02,-1,STOCK3D,3,16,NBFCs,2348,1,0.0141682760970074,0.0133371734565372,-0.0158682760970074,-0.0027311026404702016,-0.006456522956298301,-0.02305997292220986,10
PEER,0.02,-1,STOCK3D,3,16,NBFCs,2350,1,-0.0670437189311208,0.0057283799753412,0.0653437189311208,0.070872098906462,0.0647311695989736,-0.022447755582652273,12
PEER,0.02,1,STOCK3D,3,16,Banks,2338,1,0.0841760383687946,9.57702566207752e-05,0.08247603836879461,0.08218026811217383,0.0809930902525512,0.024065805049159637,4
PEER,0.02,-1,STOCK3D,3,16,NBFCs,2346,1,-0.0504653957620653,-0.0152815513233781,0.0487653957620653,0.033283844438687205,0.0342803240338023,-0.02305997292220986,10
PEER,0.02,1,STOCK3D,3,16,Banks,2343,1,-0.0182349002902731,0.0018806647738459,-0.0199349002902731,-0.022015565064119,-0.005292451282595899,0.022054776931203827,7
PEER,0.02,1,STOCK3D,3,17,Consumer brands,2410,1,0.0500017331268747,-0.0051244733966324,0.0483017331268747,0.0532262065235071,0.0499848743089356,0.03233875375847065,5
PEER,0.03,1,STOCK3D,3,17,Consumer brands,2410,1,0.0500017331268747,-0.0051244733966324,0.0483017331268747,0.0532262065235071,0.0499848743089356,0.03233875375847065,5
PEER,0.02,1,STOCK3D,3,17,Consumer brands,2411,1,-0.0109545635991002,-0.0116305664963863,-0.0126545635991002,-0.0012239971027139002,0.009421251127516798,0.03233875375847065,5
PEER,0.03,1,STOCK3D,3,17,Consumer brands,2411,1,-0.0109545635991002,-0.0116305664963863,-0.0126545635991002,-0.0012239971027139002,0.009421251127516798,0.03233875375847065,5
PEER,0.02,1,STOCK3D,3,17,Consumer brands,2411,1,-0.1214167531374503,-0.0116305664963863,-0.1231167531374503,-0.111686186641064,-0.1010409384108333,0.03233875375847065,5
PEER,0.03,1,STOCK3D,3,17,Consumer brands,2411,1,-0.1214167531374503,-0.0116305664963863,-0.1231167531374503,-0.111686186641064,-0.1010409384108333,0.03233875375847065,5
PEER,0.02,-1,STOCK3D,3,17,IT services,2396,1,-0.0238752934376473,-0.0090418112767128,0.0221752934376473,0.012933482160934498,0.013008248928334399,-0.02241307685044901,3
PEER,0.02,1,STOCK3D,3,17,Pharma,2406,1,0.0045686044743554,-0.0103163804503479,0.0028686044743554,0.0129849849247033,0.0475781450507348,0.026149464183805576,4
PEER,0.02,1,STOCK3D,3,17,Consumer brands,2411,1,-0.0187571680481706,-0.0116305664963863,-0.0204571680481706,-0.009026601551784301,-0.010028955132745002,0.03233875375847065,5
PEER,0.03,1,STOCK3D,3,17,Consumer brands,2411,1,-0.0187571680481706,-0.0116305664963863,-0.0204571680481706,-0.009026601551784301,-0.010028955132745002,0.03233875375847065,5
PEER,0.02,1,STOCK3D,3,17,Consumer brands,2412,1,-0.3616289696702621,0.000528089203763,-0.36332896967026207,-0.36405705887402506,-0.34251125959326933,0.02933386995479668,6
PEER,0.02,1,STOCK3D,3,17,Pharma,2406,1,-0.0471249654933113,-0.0103163804503479,-0.0488249654933113,-0.0387085850429634,-0.004115424916931898,0.026149464183805576,4
PEER,0.02,1,STOCK3D,3,17,Consumer brands,2411,1,0.0122966115488138,-0.0116305664963863,0.0105966115488138,0.022027178045200102,0.0326724262754308,0.03233875375847065,5
PEER,0.03,1,STOCK3D,3,17,Consumer brands,2411,1,0.0122966115488138,-0.0116305664963863,0.0105966115488138,0.022027178045200102,0.0326724262754308,0.03233875375847065,5
PEER,0.02,-1,STOCK3D,3,17,IT services,2396,1,0.0369744816359057,-0.0090418112767128,-0.0386744816359057,-0.0479162929126185,-0.047841526145218596,-0.02241307685044901,3
PEER,0.02,-1,STOCK3D,3,18,Consumer brands,2475,1,0.0845107272718641,0.0118834749711482,-0.08621072727186409,-0.0745272523007159,-0.07917521527090259,-0.02914913441834458,8
PEER,0.02,1,STOCK3D,3,18,Banks,2467,1,-0.1110734278605826,-0.008237747734758,-0.11277342786058259,-0.1047356801258246,-0.1054578054037153,0.025593451295557842,13
PEER,0.02,1,STOCK3D,3,18,Banks,2468,1,0.0599548798110042,-0.011172127183414,0.0582548798110042,0.0692270069944182,0.06288364182920189,0.025593451295557842,13
PEER,0.02,1,STOCK3D,3,18,Banks,2467,1,0.0535384902621872,-0.008237747734758,0.051838490262187197,0.0598762379969452,0.0591541127190545,0.025593451295557842,13
PEER,0.02,1,STOCK3D,3,18,Real estate,2471,1,-0.0728347267563684,-0.0105495727609157,-0.0745347267563684,-0.0641851539954527,-0.055332107803649305,0.02201780340909834,4
PEER,0.02,1,STOCK3D,3,18,Banks,2464,1,-0.0292238207280206,0.0017582478682953,-0.0309238207280206,-0.0328820685963159,-0.0335121150948084,0.029741536941605015,12
PEER,0.02,-1,STOCK3D,3,18,Consumer brands,2476,1,-0.0108944779253674,0.0083618239937712,0.0091944779253674,0.017356301919138603,0.013102014759348999,-0.02914913441834458,8
PEER,0.02,-1,STOCK3D,3,18,Consumer brands,2476,1,0.0906331326929762,0.0083618239937712,-0.09233313269297619,-0.084171308699205,-0.08352504351728789,-0.02914913441834458,8
PEER,0.02,1,STOCK3D,3,18,Banks,2467,1,0.0121522312634693,-0.008237747734758,0.0104522312634693,0.0184899789982273,0.0177678537203366,0.025593451295557842,13
PEER,0.02,1,STOCK3D,3,19,Metals,2529,1,-0.0143909818156902,-0.0204175898690376,-0.0160909818156902,0.004126608053347399,0.0441363906666018,0.027905792382501456,3
PEER,0.02,1,STOCK3D,3,19,Metals,2529,1,-0.1263842745774305,-0.0204175898690376,-0.12808427457743052,-0.1078666847083929,-0.0678569020951385,0.027905792382501456,3
PEER,0.02,1,STOCK3D,3,19,Metals,2529,1,-0.0457867725112374,-0.0204175898690376,-0.0474867725112374,-0.027269182642199803,0.012740599971054596,0.027905792382501456,3
PEER,0.02,1,STOCK3D,3,19,Metals,2528,1,-0.0261068812480694,0.0057869321059553,-0.0278068812480694,-0.0337938133540247,-0.031468552773332,0.027905792382501456,3
PEER,0.02,1,STOCK3D,3,20,Metals,2590,1,-0.0494023627518703,-0.0059619333287609,-0.0511023627518703,-0.045340429423109396,-0.0437612724883604,0.026727766504366243,3
PEER,0.02,-1,STOCK3D,3,20,Consumer brands,2608,1,-0.0053782591606823,-0.0223204700314402,0.0036782591606822996,-0.018842210870757898,-0.0205627601242333,-0.02855681438438613,10
PEER,0.02,-1,STOCK3D,3,20,Banks,2586,1,-0.0317224350095987,-0.0072573235060215,0.030022435009598697,0.0225651115035772,0.013756275628711895,-0.02069956155756862,4
PEER,0.02,-1,STOCK3D,3,20,Banks,2587,1,-0.0513705242180724,0.0117057273140638,0.0496705242180724,0.0611762515321362,0.0372859574184389,-0.02069956155756862,4
PEER,0.02,-1,STOCK3D,3,20,Banks,2587,1,0.1335072369996599,0.0117057273140638,-0.13520723699965992,-0.12370150968559611,-0.14759180379929343,-0.02069956155756862,4
PEER,0.02,1,STOCK3D,3,20,FMCG,2593,1,-0.0540338620142303,0.0060426015019617,-0.0557338620142303,-0.061976463516192,-0.049144814719604996,0.0315545087314963,4
PEER,0.03,1,STOCK3D,3,20,FMCG,2593,1,-0.0540338620142303,0.0060426015019617,-0.0557338620142303,-0.061976463516192,-0.049144814719604996,0.0315545087314963,4
PEER,0.02,-1,STOCK3D,3,20,IT services,2591,1,0.0733750567387838,0.0138930568615299,-0.0750750567387838,-0.0613819998772539,-0.0796465956023212,-0.027505155790134662,10
PEER,0.02,1,STOCK3D,3,20,FMCG,2593,1,0.0580789762615461,0.0060426015019617,0.0563789762615461,0.0501363747595844,0.06296802355617141,0.0315545087314963,4
PEER,0.03,1,STOCK3D,3,20,FMCG,2593,1,0.0580789762615461,0.0060426015019617,0.0563789762615461,0.0501363747595844,0.06296802355617141,0.0315545087314963,4
PEER,0.02,1,STOCK3D,3,20,FMCG,2599,1,-0.0425311897422113,0.0101580368011012,-0.0442311897422113,-0.054589226543312504,-0.0517732882259233,0.021100880414523304,8
PEER,0.02,1,STOCK3D,3,20,FMCG,2592,1,-0.0322330957221609,0.008642892643162,-0.0339330957221609,-0.0427759883653229,-0.0318250500760163,0.03125386511853322,3
PEER,0.03,1,STOCK3D,3,20,FMCG,2592,1,-0.0322330957221609,0.008642892643162,-0.0339330957221609,-0.0427759883653229,-0.0318250500760163,0.03125386511853322,3
PEER,0.02,-1,STOCK3D,3,20,Banks,2586,1,0.0141721797662138,-0.0072573235060215,-0.0158721797662138,-0.023329503272235298,-0.0321383391471006,-0.02069956155756862,4
PEER,0.02,1,STOCK3D,3,20,Metals,2590,1,0.0270839908970712,-0.0059619333287609,0.0253839908970712,0.0311459242258321,0.0327250811605811,0.026727766504366243,3
PEER,0.02,-1,STOCK3D,3,20,IT services,2592,1,-0.0604636702803519,0.008642892643162,0.0587636702803519,0.0672065629235139,0.0559871524123688,-0.027505155790134662,10
PEER,0.02,1,STOCK3D,3,20,FMCG,2591,1,0.0506078961779996,0.0138930568615299,0.0489078961779996,0.0348148393164697,0.039599919517288,0.03125386511853322,3
PEER,0.03,1,STOCK3D,3,20,FMCG,2591,1,0.0506078961779996,0.0138930568615299,0.0489078961779996,0.0348148393164697,0.039599919517288,0.03125386511853322,3
PEER,0.02,-1,STOCK3D,3,20,IT services,2588,1,0.0053029525561382,-0.0038925355818674,-0.0070029525561382,-0.0110954881380056,-0.0019677395225944,-0.03267250958216689,9
PEER,0.03,-1,STOCK3D,3,20,IT services,2588,1,0.0053029525561382,-0.0038925355818674,-0.0070029525561382,-0.0110954881380056,-0.0019677395225944,-0.03267250958216689,9
PEER,0.02,-1,STOCK3D,3,20,Consumer brands,2603,1,0.0197672552516342,0.0042851734075286,-0.0214672552516342,-0.0173820818441056,-0.023909491459370002,-0.03202569809568318,9
PEER,0.03,-1,STOCK3D,3,20,Consumer brands,2603,1,0.0197672552516342,0.0042851734075286,-0.0214672552516342,-0.0173820818441056,-0.023909491459370002,-0.03202569809568318,9
PEER,0.02,-1,STOCK3D,3,20,Consumer brands,2607,1,0.0240175274012903,-0.0202172422427704,-0.0257175274012903,-0.0461347696440607,-0.0478145045714781,-0.02855681438438613,10
PEER,0.02,-1,STOCK3D,3,20,Banks,2586,1,0.027302250117738,-0.0072573235060215,-0.029002250117738,-0.0364595736237595,-0.045268409498624804,-0.02069956155756862,4
PEER,0.02,1,STOCK3D,3,20,FMCG,2594,1,0.1014374861539112,-0.0212664776786153,0.0997374861539112,0.12080396383252649,0.1029718072337047,0.0315545087314963,4
PEER,0.03,1,STOCK3D,3,20,FMCG,2594,1,0.1014374861539112,-0.0212664776786153,0.0997374861539112,0.12080396383252649,0.1029718072337047,0.0315545087314963,4
PEER,0.02,1,STOCK3D,3,20,FMCG,2598,1,0.0578268513930091,0.0112988631281224,0.0561268513930091,0.0446279882648867,0.0440425408442101,0.021100880414523304,8
PEER,0.02,1,STOCK3D,3,21,Banks,2644,1,-0.1900138939088155,-0.0139478492002571,-0.19171389390881552,-0.17796604470855842,-0.16792103599245062,0.05140936561657489,3
PEER,0.03,1,STOCK3D,3,21,Banks,2644,1,-0.1900138939088155,-0.0139478492002571,-0.19171389390881552,-0.17796604470855842,-0.16792103599245062,0.05140936561657489,3
PEER,0.02,-1,STOCK3D,3,21,Real estate,2653,1,-0.0167932459044465,0.01232161705607,0.015093245904446499,0.0272148629605165,0.021455076252517198,-0.020147279482271192,4
PEER,0.02,-1,STOCK3D,3,21,Real estate,2654,1,-0.0022846653187614,0.0099850792942028,0.0005846653187614001,0.010369744612964199,0.0036011329832906997,-0.020147279482271192,4
PEER,0.02,-1,STOCK3D,3,21,Insurers,2647,1,0.0330670551870031,5.6578912637328393e-05,-0.0347670551870031,-0.03491047627436577,-0.0372960547984197,-0.021907791286855965,3
