a,b,c,n_is,wr_is,n_oos,wr_oos,avg_oos
100,-0.025,-0.002,6,100.0,4,75.0,-2.241834679026683
100,-0.025,-0.001,6,100.0,5,80.0,-1.6849243112186727
100,-0.025,0.0,7,100.0,5,80.0,-1.6849243112186727
100,-0.025,0.001,8,100.0,7,85.71428571428571,0.18913877326848955
100,-0.025,0.002,9,100.0,11,90.9090909090909,0.6615207447146318
100,-0.025,0.003,11,100.0,14,85.71428571428571,1.4244355231276133
100,-0.025,0.004,14,100.0,16,81.25,1.1899259327172271
100,-0.025,0.005,17,88.23529411764706,20,75.0,1.1162128578697823
100,-0.025,0.006,17,88.23529411764706,22,77.27272727272727,1.6601077677522058
100,-0.025,0.007000000000000001,18,83.33333333333334,23,78.26086956521739,1.7546174952183369
100,-0.025,0.008,20,80.0,23,78.26086956521739,1.7546174952183369
100,-0.024,-0.002,6,100.0,5,80.0,0.8766769967718517
100,-0.024,-0.001,6,100.0,6,83.33333333333334,0.8210170239787716
100,-0.024,0.0,7,100.0,6,83.33333333333334,0.8210170239787716
100,-0.024,0.001,8,100.0,8,87.5,1.834336889105677
100,-0.024,0.002,9,100.0,12,91.66666666666666,1.7189543243189116
100,-0.024,0.003,11,100.0,15,86.66666666666667,2.2195214015835054
100,-0.024,0.004,14,100.0,17,82.35294117647058,1.9052669778495073
100,-0.024,0.005,17,88.23529411764706,21,76.19047619047619,1.6988086122553159
100,-0.024,0.006,17,88.23529411764706,23,78.26086956521739,2.1683954169788917
100,-0.024,0.007000000000000001,18,83.33333333333334,24,79.16666666666666,2.2377885870828225
100,-0.024,0.008,20,80.0,24,79.16666666666666,2.2377885870828225
100,-0.023,-0.002,6,100.0,6,66.66666666666666,0.5287744571648485
100,-0.023,-0.001,7,100.0,7,71.42857142857143,0.530766271857494
100,-0.023,0.0,8,100.0,7,71.42857142857143,0.530766271857494
100,-0.023,0.001,9,100.0,9,77.77777777777779,1.4959952079972494
100,-0.023,0.002,10,100.0,13,84.61538461538461,1.4935933577659053
100,-0.023,0.003,12,100.0,17,82.35294117647058,2.1046782909689985
100,-0.023,0.004,15,100.0,19,78.94736842105263,1.83559202874537
100,-0.023,0.005,18,88.88888888888889,23,73.91304347826086,1.659203946960088
100,-0.023,0.006,19,89.47368421052632,25,76.0,2.0943921805293964
100,-0.023,0.007000000000000001,20,85.0,26,76.92307692307693,2.161293692796467
100,-0.023,0.008,23,82.6086956521739,26,76.92307692307693,2.161293692796467
100,-0.022,-0.002,7,100.0,7,71.42857142857143,1.3309468674968328
100,-0.022,-0.001,8,100.0,8,75.0,1.2324181540613999
100,-0.022,0.0,9,100.0,8,75.0,1.2324181540613999
100,-0.022,0.001,10,100.0,10,80.0,1.9607938201463984
100,-0.022,0.002,11,100.0,14,85.71428571428571,1.825763927174679
100,-0.022,0.003,13,100.0,18,83.33333333333334,2.3290840153312065
100,-0.022,0.004,16,100.0,20,80.0,2.0510114937825383
100,-0.022,0.005,19,89.47368421052632,24,75.0,1.8460696712321154
100,-0.022,0.006,20,90.0,26,76.92307692307693,2.2501456093355254
100,-0.022,0.007000000000000001,21,85.71428571428571,28,75.0,0.9348114419703812
100,-0.022,0.008,24,83.33333333333334,28,75.0,0.9348114419703812
100,-0.020999999999999998,-0.002,7,100.0,8,62.5,0.2765663913999885
100,-0.020999999999999998,-0.001,9,100.0,9,66.66666666666666,0.3061386990236979
100,-0.020999999999999998,0.0,12,100.0,10,60.0,-0.545917510751363
100,-0.020999999999999998,0.001,13,100.0,12,66.66666666666666,0.35745148845493
100,-0.020999999999999998,0.002,15,100.0,17,76.47058823529412,0.7557804468880523
100,-0.020999999999999998,0.003,17,100.0,21,76.19047619047619,1.3910040425053856
100,-0.020999999999999998,0.004,20,100.0,23,73.91304347826086,1.2307740214044416
100,-0.020999999999999998,0.005,23,91.30434782608695,27,70.37037037037037,1.1701201750452648
100,-0.020999999999999998,0.006,24,91.66666666666666,29,72.41379310344827,1.5790123606681046
100,-0.020999999999999998,0.007000000000000001,25,88.0,31,70.96774193548387,0.43426751586522766
100,-0.020999999999999998,0.008,28,85.71428571428571,31,70.96774193548387,0.43426751586522766
100,-0.019999999999999997,-0.002,11,100.0,8,62.5,0.2765663913999885
100,-0.019999999999999997,-0.001,13,100.0,9,66.66666666666666,0.3061386990236979
100,-0.019999999999999997,0.0,17,100.0,10,60.0,-0.545917510751363
100,-0.019999999999999997,0.001,18,100.0,12,66.66666666666666,0.35745148845493
100,-0.019999999999999997,0.002,20,100.0,17,76.47058823529412,0.7557804468880523
100,-0.019999999999999997,0.003,23,100.0,22,72.72727272727273,1.2165981131855277
100,-0.019999999999999997,0.004,26,100.0,24,70.83333333333334,1.0775781704071106
100,-0.019999999999999997,0.005,29,93.10344827586206,28,67.85714285714286,1.0409756544175235
100,-0.019999999999999997,0.006,30,93.33333333333333,30,70.0,1.4448477352281182
100,-0.019999999999999997,0.007000000000000001,31,90.32258064516128,34,70.58823529411765,0.7028654796638713
100,-0.019999999999999997,0.008,34,88.23529411764706,34,70.58823529411765,0.7028654796638713
100,-0.018999999999999996,-0.002,12,100.0,9,66.66666666666666,0.7456203911330341
100,-0.018999999999999996,-0.001,14,100.0,10,70.0,0.7253300680210681
100,-0.018999999999999996,0.0,19,94.73684210526315,11,63.63636363636363,-0.08737479259238447
100,-0.018999999999999996,0.001,20,95.0,14,64.28571428571429,0.3385340688422073
100,-0.018999999999999996,0.002,23,95.65217391304348,19,73.68421052631578,0.6999119315488753
100,-0.018999999999999996,0.003,26,96.15384615384616,24,70.83333333333334,1.1339673996838895
100,-0.018999999999999996,0.004,29,96.55172413793103,26,69.23076923076923,1.0119975073885537
100,-0.018999999999999996,0.005,32,90.625,30,66.66666666666666,0.9865792475340799
100,-0.018999999999999996,0.006,34,88.23529411764706,32,68.75,1.3686090987242279
100,-0.018999999999999996,0.007000000000000001,35,85.71428571428571,37,70.27027027027027,0.7244754168798796
100,-0.018999999999999996,0.008,38,84.21052631578947,37,70.27027027027027,0.7244754168798796
100,-0.017999999999999995,-0.002,12,100.0,10,60.0,0.3930781817776559
100,-0.017999999999999995,-0.001,14,100.0,12,66.66666666666666,0.4627109635365594
100,-0.017999999999999995,0.0,19,94.73684210526315,13,61.53846153846154,-0.20476091048370784
100,-0.017999999999999995,0.001,20,95.0,16,62.5,0.18991924037618335
100,-0.017999999999999995,0.002,23,95.65217391304348,23,73.91304347826086,0.6494434062989308
100,-0.017999999999999995,0.003,26,96.15384615384616,28,71.42857142857143,1.0305031870664332
100,-0.017999999999999995,0.004,29,96.55172413793103,30,70.0,0.9316935612516393
100,-0.017999999999999995,0.005,32,90.625,34,67.64705882352942,0.9187132079843876
100,-0.017999999999999995,0.006,34,88.23529411764706,36,69.44444444444444,1.2620656334617242
100,-0.017999999999999995,0.007000000000000001,35,85.71428571428571,41,70.73170731707317,0.693767367561032
100,-0.017999999999999995,0.008,38,84.21052631578947,41,70.73170731707317,0.693767367561032
100,-0.016999999999999994,-0.002,12,100.0,14,64.28571428571429,0.447888421804305
100,-0.016999999999999994,-0.001,14,100.0,16,68.75,0.49326172812015123
100,-0.016999999999999994,0.0,19,94.73684210526315,17,64.70588235294117,-0.01895504404732302
100,-0.016999999999999994,0.001,20,95.0,20,65.0,0.2689181966751322
100,-0.016999999999999994,0.002,23,95.65217391304348,27,74.07407407407408,0.6398834974947822
100,-0.016999999999999994,0.003,26,96.15384615384616,33,72.72727272727273,0.9480605572610991
100,-0.016999999999999994,0.004,29,96.55172413793103,35,71.42857142857143,0.8680775996944373
100,-0.016999999999999994,0.005,32,90.625,39,69.23076923076923,0.8632861082878284
100,-0.016999999999999994,0.006,34,88.23529411764706,42,71.42857142857143,1.260771227897484
100,-0.016999999999999994,0.007000000000000001,36,83.33333333333334,47,72.3404255319149,0.7651593795122251
100,-0.016999999999999994,0.008,39,82.05128205128204,47,72.3404255319149,0.7651593795122251
100,-0.015999999999999993,-0.002,12,100.0,15,66.66666666666666,0.8586027126545713
100,-0.015999999999999993,-0.001,14,100.0,17,70.58823529411765,0.8529876726165128
100,-0.015999999999999993,0.0,19,94.73684210526315,18,66.66666666666666,0.3492426130974338
100,-0.015999999999999993,0.001,20,95.0,21,66.66666666666666,0.570807938955283
100,-0.015999999999999993,0.002,23,95.65217391304348,29,72.41379310344827,0.7748389206998629
100,-0.015999999999999993,0.003,26,96.15384615384616,35,71.42857142857143,1.0422706473586614
100,-0.015999999999999993,0.004,29,96.55172413793103,37,70.27027027027027,0.9615186556011402
100,-0.015999999999999993,0.005,32,90.625,42,69.04761904761905,0.9353083741109193
100,-0.015999999999999993,0.006,35,88.57142857142857,45,71.11111111111111,1.3014930013583914
100,-0.015999999999999993,0.007000000000000001,37,83.78378378378379,50,72.0,0.8315456865301578
100,-0.015999999999999993,0.008,40,82.5,50,72.0,0.8315456865301578
100,-0.014999999999999993,-0.002,16,81.25,19,68.42105263157895,0.7200333831565142
100,-0.014999999999999993,-0.001,19,84.21052631578947,22,72.72727272727273,1.107570559859334
100,-0.014999999999999993,0.0,24,83.33333333333334,23,69.56521739130434,0.7022664747034103
100,-0.014999999999999993,0.001,26,84.61538461538461,26,69.23076923076923,0.8404895615571374
100,-0.014999999999999993,0.002,29,86.20689655172413,35,71.42857142857143,0.7476798307315102
100,-0.014999999999999993,0.003,32,87.5,42,71.42857142857143,0.9707845036232908
100,-0.014999999999999993,0.004,35,88.57142857142857,44,70.45454545454545,0.906128789815165
100,-0.014999999999999993,0.005,38,84.21052631578947,50,68.0,0.7727238786271455
100,-0.014999999999999993,0.006,41,82.92682926829268,54,68.51851851851852,0.9791188318616917
100,-0.014999999999999993,0.007000000000000001,44,77.27272727272727,60,68.33333333333333,0.5290989900814649
100,-0.014999999999999993,0.008,47,76.59574468085107,61,68.85245901639344,0.7298479566560175
100,-0.013999999999999992,-0.002,17,76.47058823529412,19,68.42105263157895,0.7200333831565142
100,-0.013999999999999992,-0.001,20,80.0,23,73.91304347826086,1.4198264576162318
100,-0.013999999999999992,0.0,25,80.0,26,69.23076923076923,1.0585613936024236
100,-0.013999999999999992,0.001,27,81.48148148148148,30,70.0,1.3474857484952065
100,-0.013999999999999992,0.002,30,83.33333333333334,39,71.7948717948718,1.1471958443582941
100,-0.013999999999999992,0.003,33,84.84848484848484,46,71.73913043478261,1.2901041957945396
100,-0.013999999999999992,0.004,38,84.21052631578947,48,70.83333333333334,1.2175314709632892
100,-0.013999999999999992,0.005,41,80.48780487804879,55,67.27272727272727,0.9347769159481754
100,-0.013999999999999992,0.006,45,80.0,61,68.85245901639344,1.0857718619569645
100,-0.013999999999999992,0.007000000000000001,49,73.46938775510205,68,69.11764705882352,0.6655641789680057
100,-0.013999999999999992,0.008,52,73.07692307692307,69,69.56521739130434,0.8410601466804863
100,-0.01299999999999999,-0.002,19,73.68421052631578,20,70.0,1.078807440277176
100,-0.01299999999999999,-0.001,22,77.27272727272727,24,75.0,1.6896467937809618
100,-0.01299999999999999,0.0,27,77.77777777777779,27,70.37037037037037,1.3117818799715837
100,-0.01299999999999999,0.001,29,79.3103448275862,32,68.75,1.3244399670972948
100,-0.01299999999999999,0.002,33,81.81818181818183,42,71.42857142857143,1.1315693068072719
100,-0.01299999999999999,0.003,37,83.78378378378379,51,68.62745098039215,1.043847933682822
100,-0.01299999999999999,0.004,42,83.33333333333334,53,67.9245283018868,0.987414381462509
100,-0.01299999999999999,0.005,45,80.0,60,65.0,0.7550696998070789
100,-0.01299999999999999,0.006,49,79.59183673469387,66,66.66666666666666,0.9109626544037867
100,-0.01299999999999999,0.007000000000000001,53,73.58490566037736,73,67.12328767123287,0.5362988463164313
100,-0.01299999999999999,0.008,57,73.68421052631578,75,66.66666666666666,0.6858766916379775
100,-0.01199999999999999,-0.002,21,76.19047619047619,20,70.0,1.078807440277176
100,-0.01199999999999999,-0.001,25,80.0,24,75.0,1.6896467937809618
100,-0.01199999999999999,0.0,30,80.0,27,70.37037037037037,1.3117818799715837
100,-0.01199999999999999,0.001,32,81.25,33,69.6969696969697,1.4094857897070108
100,-0.01199999999999999,0.002,37,83.78378378378379,43,72.09302325581395,1.2013223953284495
100,-0.01199999999999999,0.003,41,85.36585365853658,52,69.23076923076923,1.1032153217508045
100,-0.01199999999999999,0.004,48,83.33333333333334,55,67.27272727272727,0.973962432502536
100,-0.01199999999999999,0.005,53,81.13207547169812,62,64.51612903225806,0.7506315090088913
100,-0.01199999999999999,0.006,57,80.7017543859649,68,66.17647058823529,0.9023309817761237
100,-0.01199999999999999,0.007000000000000001,61,75.40983606557377,75,66.66666666666666,0.5384638313496801
100,-0.01199999999999999,0.008,67,74.6268656716418,77,66.23376623376623,0.6841003044542185
100,-0.010999999999999989,-0.002,23,73.91304347826086,23,69.56521739130434,1.0738052627071766
100,-0.010999999999999989,-0.001,27,77.77777777777779,28,71.42857142857143,1.4219693513880949
100,-0.010999999999999989,0.0,32,78.125,32,65.625,0.888224725783982
100,-0.010999999999999989,0.001,35,77.14285714285715,40,65.0,0.9459399898327842
100,-0.010999999999999989,0.002,40,80.0,50,68.0,0.8596286306420672
100,-0.010999999999999989,0.003,45,80.0,61,65.57377049180327,0.7497329762275581
100,-0.010999999999999989,0.004,52,78.84615384615384,65,63.07692307692307,0.6084361084527421
100,-0.010999999999999989,0.005,57,77.19298245614034,72,61.111111111111114,0.4516606502825
100,-0.010999999999999989,0.006,61,77.04918032786885,78,62.82051282051282,0.6069092310585278
100,-0.010999999999999989,0.007000000000000001,66,72.72727272727273,86,62.7906976744186,0.2868463336259607
100,-0.010999999999999989,0.008,72,72.22222222222221,88,62.5,0.41999682708615277
100,-0.009999999999999988,-0.002,24,75.0,26,65.38461538461539,0.8765619101528154
100,-0.009999999999999988,-0.001,29,75.86206896551724,32,68.75,1.2846725429405201
100,-0.009999999999999988,0.0,34,76.47058823529412,36,63.888888888888886,0.8254880766754837
100,-0.009999999999999988,0.001,37,75.67567567567568,44,63.63636363636363,0.8893631620123038
100,-0.009999999999999988,0.002,43,76.74418604651163,54,66.66666666666666,0.8199224271728398
100,-0.009999999999999988,0.003,48,77.08333333333334,65,64.61538461538461,0.723509093617093
100,-0.009999999999999988,0.004,57,75.43859649122807,70,62.857142857142854,0.6568336509030527
100,-0.009999999999999988,0.005,62,74.19354838709677,79,59.49367088607595,0.3247772877434486
100,-0.009999999999999988,0.006,66,74.24242424242425,86,60.46511627906976,0.43549580903582386
100,-0.009999999999999988,0.007000000000000001,71,70.4225352112676,94,60.63829787234043,0.15726068347179054
100,-0.009999999999999988,0.008,77,70.12987012987013,96,60.416666666666664,0.28201500352184533
110,-0.025,-0.002,6,100.0,4,75.0,-2.241834679026683
110,-0.025,-0.001,6,100.0,5,80.0,-1.6849243112186727
110,-0.025,0.0,7,100.0,5,80.0,-1.6849243112186727
110,-0.025,0.001,8,100.0,7,85.71428571428571,0.18913877326848955
110,-0.025,0.002,9,100.0,11,90.9090909090909,0.6615207447146318
110,-0.025,0.003,11,100.0,13,84.61538461538461,1.281902257836275
110,-0.025,0.004,14,100.0,15,80.0,1.0507631301040412
110,-0.025,0.005,17,88.23529411764706,19,73.68421052631578,1.0024678518674017
110,-0.025,0.006,17,88.23529411764706,21,76.19047619047619,1.5830953770777865
110,-0.025,0.007000000000000001,18,83.33333333333334,22,77.27272727272727,1.6854015644593972
110,-0.025,0.008,20,80.0,22,77.27272727272727,1.6854015644593972
110,-0.024,-0.002,6,100.0,5,80.0,0.8766769967718517
110,-0.024,-0.001,6,100.0,6,83.33333333333334,0.8210170239787716
110,-0.024,0.0,7,100.0,6,83.33333333333334,0.8210170239787716
110,-0.024,0.001,8,100.0,8,87.5,1.834336889105677
110,-0.024,0.002,9,100.0,12,91.66666666666666,1.7189543243189116
110,-0.024,0.003,11,100.0,14,85.71428571428571,2.1439609322741116
110,-0.024,0.004,14,100.0,16,81.25,1.8195106657204136
110,-0.024,0.005,17,88.23529411764706,20,75.0,1.619880644272331
110,-0.024,0.006,17,88.23529411764706,22,77.27272727272727,2.1179875735727047
110,-0.024,0.007000000000000001,18,83.33333333333334,23,78.26086956521739,2.1925894833944666
110,-0.024,0.008,20,80.0,23,78.26086956521739,2.1925894833944666
110,-0.023,-0.002,6,100.0,6,66.66666666666666,0.5287744571648485
110,-0.023,-0.001,7,100.0,7,71.42857142857143,0.530766271857494
110,-0.023,0.0,8,100.0,7,71.42857142857143,0.530766271857494
110,-0.023,0.001,9,100.0,9,77.77777777777779,1.4959952079972494
110,-0.023,0.002,10,100.0,13,84.61538461538461,1.4935933577659053
110,-0.023,0.003,12,100.0,16,81.25,2.031385185909873
110,-0.023,0.004,15,100.0,18,77.77777777777779,1.7554933652359452
110,-0.023,0.005,18,88.88888888888889,22,72.72727272727273,1.5856510367348642
110,-0.023,0.006,19,89.47368421052632,24,75.0,2.045101522554996
110,-0.023,0.007000000000000001,20,85.0,25,76.0,2.116650721631725
110,-0.023,0.008,23,82.6086956521739,25,76.0,2.116650721631725
110,-0.022,-0.002,7,100.0,7,71.42857142857143,1.3309468674968328
110,-0.022,-0.001,8,100.0,8,75.0,1.2324181540613999
110,-0.022,0.0,9,100.0,8,75.0,1.2324181540613999
110,-0.022,0.001,10,100.0,10,80.0,1.9607938201463984
110,-0.022,0.002,11,100.0,14,85.71428571428571,1.825763927174679
110,-0.022,0.003,13,100.0,17,82.35294117647058,2.273302606120394
110,-0.022,0.004,16,100.0,19,78.94736842105263,1.9864664159860925
110,-0.022,0.005,19,89.47368421052632,23,73.91304347826086,1.7838393103328594
110,-0.022,0.006,20,90.0,25,76.0,2.2090567148323457
110,-0.022,0.007000000000000001,21,85.71428571428571,27,74.07407407407408,0.848050089009469
110,-0.022,0.008,24,83.33333333333334,27,74.07407407407408,0.848050089009469
110,-0.020999999999999998,-0.002,7,100.0,8,62.5,0.2765663913999885
110,-0.020999999999999998,-0.001,9,100.0,9,66.66666666666666,0.3061386990236979
110,-0.020999999999999998,0.0,12,100.0,10,60.0,-0.545917510751363
110,-0.020999999999999998,0.001,13,100.0,12,66.66666666666666,0.35745148845493
110,-0.020999999999999998,0.002,15,100.0,17,76.47058823529412,0.7557804468880523
110,-0.020999999999999998,0.003,17,100.0,20,75.0,1.2966858460349042
110,-0.020999999999999998,0.004,20,100.0,22,72.72727272727273,1.137747023653961
110,-0.020999999999999998,0.005,23,91.30434782608695,26,69.23076923076923,1.0890721828579668
110,-0.020999999999999998,0.006,24,91.66666666666666,28,71.42857142857143,1.5183568031235721
110,-0.020999999999999998,0.007000000000000001,25,88.0,30,70.0,0.33949750066356815
110,-0.020999999999999998,0.008,28,85.71428571428571,30,70.0,0.33949750066356815
110,-0.019999999999999997,-0.002,11,100.0,8,62.5,0.2765663913999885
110,-0.019999999999999997,-0.001,13,100.0,9,66.66666666666666,0.3061386990236979
110,-0.019999999999999997,0.0,17,100.0,10,60.0,-0.545917510751363
110,-0.019999999999999997,0.001,18,100.0,12,66.66666666666666,0.35745148845493
110,-0.019999999999999997,0.002,20,100.0,17,76.47058823529412,0.7557804468880523
110,-0.019999999999999997,0.003,23,100.0,21,71.42857142857143,1.1184662151507903
110,-0.019999999999999997,0.004,26,100.0,23,69.56521739130434,0.9819351355589414
110,-0.019999999999999997,0.005,29,93.10344827586206,27,66.66666666666666,0.958146309325024
110,-0.019999999999999997,0.006,30,93.33333333333333,29,68.96551724137932,1.3816573822389149
110,-0.019999999999999997,0.007000000000000001,31,90.32258064516128,33,69.6969696969697,0.6248502526259581
110,-0.019999999999999997,0.008,34,88.23529411764706,33,69.6969696969697,0.6248502526259581
110,-0.018999999999999996,-0.002,12,100.0,9,66.66666666666666,0.7456203911330341
110,-0.018999999999999996,-0.001,14,100.0,10,70.0,0.7253300680210681
110,-0.018999999999999996,0.0,19,94.73684210526315,11,63.63636363636363,-0.08737479259238447
110,-0.018999999999999996,0.001,20,95.0,14,64.28571428571429,0.3385340688422073
110,-0.018999999999999996,0.002,23,95.65217391304348,19,73.68421052631578,0.6999119315488753
110,-0.018999999999999996,0.003,26,96.15384615384616,23,69.56521739130434,1.0407760704564497
110,-0.018999999999999996,0.004,29,96.55172413793103,25,68.0,0.9213826888074955
110,-0.018999999999999996,0.005,32,90.625,29,65.51724137931035,0.9075865329002548
110,-0.018999999999999996,0.006,34,88.23529411764706,31,67.74193548387096,1.3070362318471058
110,-0.018999999999999996,0.007000000000000001,35,85.71428571428571,36,69.44444444444444,0.6535617347955703
110,-0.018999999999999996,0.008,38,84.21052631578947,36,69.44444444444444,0.6535617347955703
110,-0.017999999999999995,-0.002,12,100.0,10,60.0,0.3930781817776559
110,-0.017999999999999995,-0.001,14,100.0,12,66.66666666666666,0.4627109635365594
110,-0.017999999999999995,0.0,19,94.73684210526315,13,61.53846153846154,-0.20476091048370784
110,-0.017999999999999995,0.001,20,95.0,16,62.5,0.18991924037618335
110,-0.017999999999999995,0.002,23,95.65217391304348,23,73.91304347826086,0.6494434062989308
110,-0.017999999999999995,0.003,26,96.15384615384616,27,70.37037037037037,0.947285972812782
110,-0.017999999999999995,0.004,29,96.55172413793103,29,68.96551724137932,0.8508082367460057
110,-0.017999999999999995,0.005,32,90.625,33,66.66666666666666,0.8472388211986112
110,-0.017999999999999995,0.006,34,88.23529411764706,35,68.57142857142857,1.204485566648773
110,-0.017999999999999995,0.007000000000000001,35,85.71428571428571,40,70.0,0.6291773524521828
110,-0.017999999999999995,0.008,38,84.21052631578947,40,70.0,0.6291773524521828
110,-0.016999999999999994,-0.002,12,100.0,14,64.28571428571429,0.447888421804305
110,-0.016999999999999994,-0.001,14,100.0,16,68.75,0.49326172812015123
110,-0.016999999999999994,0.0,19,94.73684210526315,17,64.70588235294117,-0.01895504404732302
110,-0.016999999999999994,0.001,20,95.0,20,65.0,0.2689181966751322
110,-0.016999999999999994,0.002,23,95.65217391304348,27,74.07407407407408,0.6398834974947822
110,-0.016999999999999994,0.003,26,96.15384615384616,32,71.875,0.8752697005531642
110,-0.016999999999999994,0.004,29,96.55172413793103,34,70.58823529411765,0.7972161181585382
110,-0.016999999999999994,0.005,32,90.625,38,68.42105263157895,0.7997576381923762
110,-0.016999999999999994,0.006,34,88.23529411764706,41,70.73170731707317,1.2115859414580321
110,-0.016999999999999994,0.007000000000000001,36,83.33333333333334,46,71.73913043478261,0.7105461492425994
110,-0.016999999999999994,0.008,39,82.05128205128204,46,71.73913043478261,0.7105461492425994
110,-0.015999999999999993,-0.002,12,100.0,15,66.66666666666666,0.8586027126545713
110,-0.015999999999999993,-0.001,14,100.0,17,70.58823529411765,0.8529876726165128
110,-0.015999999999999993,0.0,19,94.73684210526315,18,66.66666666666666,0.3492426130974338
110,-0.015999999999999993,0.001,20,95.0,21,66.66666666666666,0.570807938955283
110,-0.015999999999999993,0.002,23,95.65217391304348,29,72.41379310344827,0.7748389206998629
110,-0.015999999999999993,0.003,26,96.15384615384616,34,70.58823529411765,0.9765324907540629
110,-0.015999999999999993,0.004,29,96.55172413793103,36,69.44444444444444,0.8971895079257552
110,-0.015999999999999993,0.005,32,90.625,40,67.5,0.8896066129811798
110,-0.015999999999999993,0.006,35,88.57142857142857,43,69.76744186046511,1.2760115783189818
110,-0.015999999999999993,0.007000000000000001,37,83.78378378378379,48,70.83333333333334,0.7891374402728429
110,-0.015999999999999993,0.008,40,82.5,48,70.83333333333334,0.7891374402728429
110,-0.014999999999999993,-0.002,16,81.25,19,68.42105263157895,0.7200333831565142
110,-0.014999999999999993,-0.001,19,84.21052631578947,22,72.72727272727273,1.107570559859334
110,-0.014999999999999993,0.0,24,83.33333333333334,23,69.56521739130434,0.7022664747034103
110,-0.014999999999999993,0.001,26,84.61538461538461,26,69.23076923076923,0.8404895615571374
110,-0.014999999999999993,0.002,29,86.20689655172413,35,71.42857142857143,0.7476798307315102
110,-0.014999999999999993,0.003,32,87.5,40,70.0,0.9225142515236243
110,-0.014999999999999993,0.004,35,88.57142857142857,42,69.04761904761905,0.8570782776341433
110,-0.014999999999999993,0.005,38,84.21052631578947,47,65.95744680851064,0.7306913961410137
110,-0.014999999999999993,0.006,41,82.92682926829268,51,66.66666666666666,0.9525238942706221
110,-0.014999999999999993,0.007000000000000001,44,77.27272727272727,57,66.66666666666666,0.48161826477470643
110,-0.014999999999999993,0.008,47,76.59574468085107,58,67.24137931034483,0.6935694317808182
110,-0.013999999999999992,-0.002,17,76.47058823529412,19,68.42105263157895,0.7200333831565142
110,-0.013999999999999992,-0.001,20,80.0,23,73.91304347826086,1.4198264576162318
110,-0.013999999999999992,0.0,25,80.0,26,69.23076923076923,1.0585613936024236
110,-0.013999999999999992,0.001,27,81.48148148148148,30,70.0,1.3474857484952065
110,-0.013999999999999992,0.002,30,83.33333333333334,39,71.7948717948718,1.1471958443582941
110,-0.013999999999999992,0.003,33,84.84848484848484,44,70.45454545454545,1.2607366798935364
110,-0.013999999999999992,0.004,37,86.48648648648648,46,69.56521739130434,1.1862854677174923
110,-0.013999999999999992,0.005,40,82.5,52,65.38461538461539,0.9061352320080771
110,-0.013999999999999992,0.006,44,81.81818181818183,58,67.24137931034483,1.0679031942525032
110,-0.013999999999999992,0.007000000000000001,48,75.0,65,67.6923076923077,0.6302256285706886
110,-0.013999999999999992,0.008,51,74.50980392156863,66,68.18181818181817,0.8142341183064231
110,-0.01299999999999999,-0.002,19,73.68421052631578,19,68.42105263157895,0.7200333831565142
110,-0.01299999999999999,-0.001,22,77.27272727272727,23,73.91304347826086,1.4198264576162318
110,-0.01299999999999999,0.0,27,77.77777777777779,26,69.23076923076923,1.0585613936024236
110,-0.01299999999999999,0.001,29,79.3103448275862,31,67.74193548387096,1.1124698200497964
110,-0.01299999999999999,0.002,33,81.81818181818183,41,70.73170731707317,0.9665950331789187
110,-0.01299999999999999,0.003,37,83.78378378378379,48,66.66666666666666,0.8639239791879363
110,-0.01299999999999999,0.004,41,85.36585365853658,50,66.0,0.8113013720141999
110,-0.01299999999999999,0.005,44,81.81818181818183,56,62.5,0.5913387348236672
110,-0.01299999999999999,0.006,48,81.25,62,64.51612903225806,0.7731342314895248
110,-0.01299999999999999,0.007000000000000001,52,75.0,69,65.21739130434783,0.39073337598261026
110,-0.01299999999999999,0.008,56,75.0,71,64.7887323943662,0.5528385779513932
110,-0.01199999999999999,-0.002,21,76.19047619047619,19,68.42105263157895,0.7200333831565142
110,-0.01199999999999999,-0.001,25,80.0,23,73.91304347826086,1.4198264576162318
110,-0.01199999999999999,0.0,30,80.0,26,69.23076923076923,1.0585613936024236
110,-0.01199999999999999,0.001,32,81.25,32,68.75,1.2067973917113002
110,-0.01199999999999999,0.002,37,83.78378378378379,42,71.42857142857143,1.0419368684179424
110,-0.01199999999999999,0.003,41,85.36585365853658,49,67.3469387755102,0.9305980227395685
110,-0.01199999999999999,0.004,47,85.1063829787234,52,65.38461538461539,0.8038469263622408
110,-0.01199999999999999,0.005,52,82.6923076923077,58,62.06896551724138,0.5922403572457221
110,-0.01199999999999999,0.006,56,82.14285714285714,64,64.0625,0.768270217538704
110,-0.01199999999999999,0.007000000000000001,60,76.66666666666667,71,64.7887323943662,0.39712076778769884
110,-0.01199999999999999,0.008,66,75.75757575757575,73,64.38356164383562,0.5546097343106227
110,-0.010999999999999989,-0.002,23,73.91304347826086,22,68.18181818181817,0.7637275689406959
110,-0.010999999999999989,-0.001,27,77.77777777777779,27,70.37037037037037,1.1822084190109967
110,-0.010999999999999989,0.0,32,78.125,31,64.51612903225806,0.66218311933928
110,-0.010999999999999989,0.001,35,77.14285714285715,39,64.1025641025641,0.7677457709677342
110,-0.010999999999999989,0.002,40,80.0,49,67.3469387755102,0.7160391225823185
110,-0.010999999999999989,0.003,45,80.0,57,63.1578947368421,0.5560151201351368
110,-0.010999999999999989,0.004,51,80.3921568627451,61,60.65573770491803,0.418155694217213
110,-0.010999999999999989,0.005,56,78.57142857142857,67,58.2089552238806,0.2695134014427664
110,-0.010999999999999989,0.006,60,78.33333333333333,73,60.273972602739725,0.45036645340945913
110,-0.010999999999999989,0.007000000000000001,65,73.84615384615385,81,60.49382716049383,0.1260076020760243
110,-0.010999999999999989,0.008,71,73.23943661971832,83,60.24096385542169,0.27105484168562416
110,-0.009999999999999988,-0.002,24,75.0,24,62.5,0.22751971453786565
110,-0.009999999999999988,-0.001,29,75.86206896551724,30,66.66666666666666,0.7926461619677407
110,-0.009999999999999988,0.0,34,76.47058823529412,34,61.76470588235294,0.3643363013309706
110,-0.009999999999999988,0.001,37,75.67567567567568,42,61.904761904761905,0.5190914907970702
110,-0.009999999999999988,0.002,43,76.74418604651163,52,65.38461538461539,0.5181860490820946
110,-0.009999999999999988,0.003,48,77.08333333333334,60,61.66666666666667,0.39254365655730206
110,-0.009999999999999988,0.004,55,76.36363636363637,65,60.0,0.34619821340831947
110,-0.009999999999999988,0.005,60,75.0,72,56.94444444444444,0.10817875877544328
110,-0.009999999999999988,0.006,64,75.0,79,58.22784810126582,0.24790005667316867
110,-0.009999999999999988,0.007000000000000001,69,71.01449275362319,87,58.620689655172406,-0.03547161900634741
110,-0.009999999999999988,0.008,75,70.66666666666667,89,58.42696629213483,0.10342590155277105
120,-0.025,-0.002,6,100.0,4,75.0,-2.241834679026683
120,-0.025,-0.001,6,100.0,5,80.0,-1.6849243112186727
120,-0.025,0.0,7,100.0,5,80.0,-1.6849243112186727
120,-0.025,0.001,8,100.0,7,85.71428571428571,0.18913877326848955
120,-0.025,0.002,9,100.0,11,90.9090909090909,0.6615207447146318
120,-0.025,0.003,11,100.0,13,84.61538461538461,1.281902257836275
120,-0.025,0.004,14,100.0,15,80.0,1.0507631301040412
120,-0.025,0.005,17,88.23529411764706,19,73.68421052631578,1.0024678518674017
120,-0.025,0.006,17,88.23529411764706,21,76.19047619047619,1.5830953770777865
120,-0.025,0.007000000000000001,18,83.33333333333334,22,77.27272727272727,1.6854015644593972
120,-0.025,0.008,20,80.0,22,77.27272727272727,1.6854015644593972
120,-0.024,-0.002,6,100.0,5,80.0,0.8766769967718517
120,-0.024,-0.001,6,100.0,6,83.33333333333334,0.8210170239787716
120,-0.024,0.0,7,100.0,6,83.33333333333334,0.8210170239787716
120,-0.024,0.001,8,100.0,8,87.5,1.834336889105677
120,-0.024,0.002,9,100.0,12,91.66666666666666,1.7189543243189116
120,-0.024,0.003,11,100.0,14,85.71428571428571,2.1439609322741116
120,-0.024,0.004,14,100.0,16,81.25,1.8195106657204136
120,-0.024,0.005,17,88.23529411764706,20,75.0,1.619880644272331
120,-0.024,0.006,17,88.23529411764706,22,77.27272727272727,2.1179875735727047
120,-0.024,0.007000000000000001,18,83.33333333333334,23,78.26086956521739,2.1925894833944666
120,-0.024,0.008,20,80.0,23,78.26086956521739,2.1925894833944666
120,-0.023,-0.002,6,100.0,6,66.66666666666666,0.5287744571648485
120,-0.023,-0.001,7,100.0,7,71.42857142857143,0.530766271857494
120,-0.023,0.0,8,100.0,7,71.42857142857143,0.530766271857494
120,-0.023,0.001,9,100.0,9,77.77777777777779,1.4959952079972494
120,-0.023,0.002,10,100.0,13,84.61538461538461,1.4935933577659053
120,-0.023,0.003,12,100.0,16,81.25,2.031385185909873
120,-0.023,0.004,15,100.0,18,77.77777777777779,1.7554933652359452
120,-0.023,0.005,18,88.88888888888889,22,72.72727272727273,1.5856510367348642
120,-0.023,0.006,19,89.47368421052632,24,75.0,2.045101522554996
120,-0.023,0.007000000000000001,20,85.0,25,76.0,2.116650721631725
120,-0.023,0.008,23,82.6086956521739,25,76.0,2.116650721631725
120,-0.022,-0.002,7,100.0,7,71.42857142857143,1.3309468674968328
120,-0.022,-0.001,8,100.0,8,75.0,1.2324181540613999
120,-0.022,0.0,9,100.0,8,75.0,1.2324181540613999
120,-0.022,0.001,10,100.0,10,80.0,1.9607938201463984
120,-0.022,0.002,11,100.0,14,85.71428571428571,1.825763927174679
120,-0.022,0.003,13,100.0,17,82.35294117647058,2.273302606120394
120,-0.022,0.004,16,100.0,19,78.94736842105263,1.9864664159860925
120,-0.022,0.005,19,89.47368421052632,23,73.91304347826086,1.7838393103328594
120,-0.022,0.006,20,90.0,25,76.0,2.2090567148323457
120,-0.022,0.007000000000000001,21,85.71428571428571,27,74.07407407407408,0.848050089009469
120,-0.022,0.008,24,83.33333333333334,27,74.07407407407408,0.848050089009469
120,-0.020999999999999998,-0.002,7,100.0,8,62.5,0.2765663913999885
120,-0.020999999999999998,-0.001,9,100.0,9,66.66666666666666,0.3061386990236979
120,-0.020999999999999998,0.0,12,100.0,10,60.0,-0.545917510751363
120,-0.020999999999999998,0.001,13,100.0,12,66.66666666666666,0.35745148845493
120,-0.020999999999999998,0.002,15,100.0,17,76.47058823529412,0.7557804468880523
120,-0.020999999999999998,0.003,17,100.0,20,75.0,1.2966858460349042
120,-0.020999999999999998,0.004,20,100.0,22,72.72727272727273,1.137747023653961
120,-0.020999999999999998,0.005,23,91.30434782608695,26,69.23076923076923,1.0890721828579668
120,-0.020999999999999998,0.006,24,91.66666666666666,28,71.42857142857143,1.5183568031235721
120,-0.020999999999999998,0.007000000000000001,25,88.0,30,70.0,0.33949750066356815
120,-0.020999999999999998,0.008,28,85.71428571428571,30,70.0,0.33949750066356815
120,-0.019999999999999997,-0.002,11,100.0,8,62.5,0.2765663913999885
120,-0.019999999999999997,-0.001,13,100.0,9,66.66666666666666,0.3061386990236979
120,-0.019999999999999997,0.0,17,100.0,10,60.0,-0.545917510751363
120,-0.019999999999999997,0.001,18,100.0,12,66.66666666666666,0.35745148845493
120,-0.019999999999999997,0.002,20,100.0,17,76.47058823529412,0.7557804468880523
120,-0.019999999999999997,0.003,23,100.0,21,71.42857142857143,1.1184662151507903
120,-0.019999999999999997,0.004,26,100.0,23,69.56521739130434,0.9819351355589414
120,-0.019999999999999997,0.005,29,93.10344827586206,27,66.66666666666666,0.958146309325024
120,-0.019999999999999997,0.006,30,93.33333333333333,29,68.96551724137932,1.3816573822389149
120,-0.019999999999999997,0.007000000000000001,31,90.32258064516128,33,69.6969696969697,0.6248502526259581
120,-0.019999999999999997,0.008,34,88.23529411764706,33,69.6969696969697,0.6248502526259581
120,-0.018999999999999996,-0.002,12,100.0,9,66.66666666666666,0.7456203911330341
120,-0.018999999999999996,-0.001,14,100.0,10,70.0,0.7253300680210681
120,-0.018999999999999996,0.0,19,94.73684210526315,11,63.63636363636363,-0.08737479259238447
120,-0.018999999999999996,0.001,20,95.0,14,64.28571428571429,0.3385340688422073
120,-0.018999999999999996,0.002,23,95.65217391304348,19,73.68421052631578,0.6999119315488753
120,-0.018999999999999996,0.003,26,96.15384615384616,23,69.56521739130434,1.0407760704564497
120,-0.018999999999999996,0.004,29,96.55172413793103,25,68.0,0.9213826888074955
120,-0.018999999999999996,0.005,32,90.625,29,65.51724137931035,0.9075865329002548
120,-0.018999999999999996,0.006,34,88.23529411764706,31,67.74193548387096,1.3070362318471058
120,-0.018999999999999996,0.007000000000000001,35,85.71428571428571,36,69.44444444444444,0.6535617347955703
120,-0.018999999999999996,0.008,38,84.21052631578947,36,69.44444444444444,0.6535617347955703
120,-0.017999999999999995,-0.002,12,100.0,10,60.0,0.3930781817776559
120,-0.017999999999999995,-0.001,14,100.0,12,66.66666666666666,0.4627109635365594
120,-0.017999999999999995,0.0,19,94.73684210526315,13,61.53846153846154,-0.20476091048370784
120,-0.017999999999999995,0.001,20,95.0,16,62.5,0.18991924037618335
120,-0.017999999999999995,0.002,23,95.65217391304348,23,73.91304347826086,0.6494434062989308
120,-0.017999999999999995,0.003,26,96.15384615384616,27,70.37037037037037,0.947285972812782
120,-0.017999999999999995,0.004,29,96.55172413793103,29,68.96551724137932,0.8508082367460057
120,-0.017999999999999995,0.005,32,90.625,33,66.66666666666666,0.8472388211986112
120,-0.017999999999999995,0.006,34,88.23529411764706,35,68.57142857142857,1.204485566648773
120,-0.017999999999999995,0.007000000000000001,35,85.71428571428571,40,70.0,0.6291773524521828
120,-0.017999999999999995,0.008,38,84.21052631578947,40,70.0,0.6291773524521828
120,-0.016999999999999994,-0.002,12,100.0,14,64.28571428571429,0.447888421804305
120,-0.016999999999999994,-0.001,14,100.0,16,68.75,0.49326172812015123
120,-0.016999999999999994,0.0,19,94.73684210526315,17,64.70588235294117,-0.01895504404732302
120,-0.016999999999999994,0.001,20,95.0,20,65.0,0.2689181966751322
120,-0.016999999999999994,0.002,23,95.65217391304348,27,74.07407407407408,0.6398834974947822
120,-0.016999999999999994,0.003,26,96.15384615384616,32,71.875,0.8752697005531642
120,-0.016999999999999994,0.004,29,96.55172413793103,34,70.58823529411765,0.7972161181585382
120,-0.016999999999999994,0.005,32,90.625,38,68.42105263157895,0.7997576381923762
120,-0.016999999999999994,0.006,34,88.23529411764706,41,70.73170731707317,1.2115859414580321
120,-0.016999999999999994,0.007000000000000001,36,83.33333333333334,46,71.73913043478261,0.7105461492425994
120,-0.016999999999999994,0.008,39,82.05128205128204,46,71.73913043478261,0.7105461492425994
120,-0.015999999999999993,-0.002,12,100.0,15,66.66666666666666,0.8586027126545713
120,-0.015999999999999993,-0.001,14,100.0,17,70.58823529411765,0.8529876726165128
120,-0.015999999999999993,0.0,19,94.73684210526315,18,66.66666666666666,0.3492426130974338
120,-0.015999999999999993,0.001,20,95.0,21,66.66666666666666,0.570807938955283
120,-0.015999999999999993,0.002,23,95.65217391304348,29,72.41379310344827,0.7748389206998629
120,-0.015999999999999993,0.003,26,96.15384615384616,34,70.58823529411765,0.9765324907540629
120,-0.015999999999999993,0.004,29,96.55172413793103,36,69.44444444444444,0.8971895079257552
120,-0.015999999999999993,0.005,32,90.625,40,67.5,0.8896066129811798
120,-0.015999999999999993,0.006,35,88.57142857142857,43,69.76744186046511,1.2760115783189818
120,-0.015999999999999993,0.007000000000000001,37,83.78378378378379,48,70.83333333333334,0.7891374402728429
120,-0.015999999999999993,0.008,40,82.5,48,70.83333333333334,0.7891374402728429
120,-0.014999999999999993,-0.002,16,81.25,19,68.42105263157895,0.7200333831565142
120,-0.014999999999999993,-0.001,19,84.21052631578947,22,72.72727272727273,1.107570559859334
120,-0.014999999999999993,0.0,24,83.33333333333334,23,69.56521739130434,0.7022664747034103
120,-0.014999999999999993,0.001,26,84.61538461538461,26,69.23076923076923,0.8404895615571374
120,-0.014999999999999993,0.002,29,86.20689655172413,35,71.42857142857143,0.7476798307315102
120,-0.014999999999999993,0.003,32,87.5,40,70.0,0.9225142515236243
120,-0.014999999999999993,0.004,35,88.57142857142857,42,69.04761904761905,0.8570782776341433
120,-0.014999999999999993,0.005,38,84.21052631578947,47,65.95744680851064,0.7306913961410137
120,-0.014999999999999993,0.006,41,82.92682926829268,51,66.66666666666666,0.9525238942706221
120,-0.014999999999999993,0.007000000000000001,44,77.27272727272727,57,66.66666666666666,0.48161826477470643
120,-0.014999999999999993,0.008,47,76.59574468085107,58,67.24137931034483,0.6935694317808182
120,-0.013999999999999992,-0.002,17,76.47058823529412,19,68.42105263157895,0.7200333831565142
120,-0.013999999999999992,-0.001,20,80.0,23,73.91304347826086,1.4198264576162318
120,-0.013999999999999992,0.0,25,80.0,26,69.23076923076923,1.0585613936024236
120,-0.013999999999999992,0.001,27,81.48148148148148,30,70.0,1.3474857484952065
120,-0.013999999999999992,0.002,30,83.33333333333334,39,71.7948717948718,1.1471958443582941
120,-0.013999999999999992,0.003,33,84.84848484848484,44,70.45454545454545,1.2607366798935364
120,-0.013999999999999992,0.004,37,86.48648648648648,46,69.56521739130434,1.1862854677174923
120,-0.013999999999999992,0.005,40,82.5,52,65.38461538461539,0.9061352320080771
120,-0.013999999999999992,0.006,44,81.81818181818183,58,67.24137931034483,1.0679031942525032
120,-0.013999999999999992,0.007000000000000001,48,75.0,65,67.6923076923077,0.6302256285706886
120,-0.013999999999999992,0.008,51,74.50980392156863,66,68.18181818181817,0.8142341183064231
120,-0.01299999999999999,-0.002,19,73.68421052631578,19,68.42105263157895,0.7200333831565142
120,-0.01299999999999999,-0.001,22,77.27272727272727,23,73.91304347826086,1.4198264576162318
120,-0.01299999999999999,0.0,27,77.77777777777779,26,69.23076923076923,1.0585613936024236
120,-0.01299999999999999,0.001,29,79.3103448275862,31,67.74193548387096,1.1124698200497964
120,-0.01299999999999999,0.002,33,81.81818181818183,41,70.73170731707317,0.9665950331789187
120,-0.01299999999999999,0.003,37,83.78378378378379,48,66.66666666666666,0.8639239791879363
120,-0.01299999999999999,0.004,41,85.36585365853658,50,66.0,0.8113013720141999
120,-0.01299999999999999,0.005,44,81.81818181818183,56,62.5,0.5913387348236672
120,-0.01299999999999999,0.006,48,81.25,62,64.51612903225806,0.7731342314895248
120,-0.01299999999999999,0.007000000000000001,52,75.0,69,65.21739130434783,0.39073337598261026
120,-0.01299999999999999,0.008,55,74.54545454545455,71,64.7887323943662,0.5528385779513932
120,-0.01199999999999999,-0.002,21,76.19047619047619,19,68.42105263157895,0.7200333831565142
120,-0.01199999999999999,-0.001,25,80.0,23,73.91304347826086,1.4198264576162318
120,-0.01199999999999999,0.0,30,80.0,26,69.23076923076923,1.0585613936024236
120,-0.01199999999999999,0.001,32,81.25,32,68.75,1.2067973917113002
120,-0.01199999999999999,0.002,37,83.78378378378379,42,71.42857142857143,1.0419368684179424
120,-0.01199999999999999,0.003,41,85.36585365853658,49,67.3469387755102,0.9305980227395685
120,-0.01199999999999999,0.004,47,85.1063829787234,52,65.38461538461539,0.8038469263622408
120,-0.01199999999999999,0.005,52,82.6923076923077,58,62.06896551724138,0.5922403572457221
120,-0.01199999999999999,0.006,56,82.14285714285714,64,64.0625,0.768270217538704
120,-0.01199999999999999,0.007000000000000001,60,76.66666666666667,71,64.7887323943662,0.39712076778769884
120,-0.01199999999999999,0.008,65,75.38461538461539,73,64.38356164383562,0.5546097343106227
120,-0.010999999999999989,-0.002,23,73.91304347826086,22,68.18181818181817,0.7637275689406959
120,-0.010999999999999989,-0.001,27,77.77777777777779,27,70.37037037037037,1.1822084190109967
120,-0.010999999999999989,0.0,32,78.125,31,64.51612903225806,0.66218311933928
120,-0.010999999999999989,0.001,35,77.14285714285715,39,64.1025641025641,0.7677457709677342
120,-0.010999999999999989,0.002,40,80.0,49,67.3469387755102,0.7160391225823185
120,-0.010999999999999989,0.003,45,80.0,57,63.1578947368421,0.5560151201351368
120,-0.010999999999999989,0.004,51,80.3921568627451,61,60.65573770491803,0.418155694217213
120,-0.010999999999999989,0.005,56,78.57142857142857,67,58.2089552238806,0.2695134014427664
120,-0.010999999999999989,0.006,60,78.33333333333333,73,60.273972602739725,0.45036645340945913
120,-0.010999999999999989,0.007000000000000001,65,73.84615384615385,81,60.49382716049383,0.1260076020760243
120,-0.010999999999999989,0.008,70,72.85714285714285,83,60.24096385542169,0.27105484168562416
120,-0.009999999999999988,-0.002,24,75.0,24,62.5,0.22751971453786565
120,-0.009999999999999988,-0.001,29,75.86206896551724,30,66.66666666666666,0.7926461619677407
120,-0.009999999999999988,0.0,34,76.47058823529412,34,61.76470588235294,0.3643363013309706
120,-0.009999999999999988,0.001,37,75.67567567567568,42,61.904761904761905,0.5190914907970702
120,-0.009999999999999988,0.002,43,76.74418604651163,52,65.38461538461539,0.5181860490820946
120,-0.009999999999999988,0.003,48,77.08333333333334,60,61.66666666666667,0.39254365655730206
120,-0.009999999999999988,0.004,55,76.36363636363637,65,60.0,0.34619821340831947
120,-0.009999999999999988,0.005,60,75.0,72,56.94444444444444,0.10817875877544328
120,-0.009999999999999988,0.006,64,75.0,79,58.22784810126582,0.24790005667316867
120,-0.009999999999999988,0.007000000000000001,69,71.01449275362319,87,58.620689655172406,-0.03547161900634741
120,-0.009999999999999988,0.008,74,70.27027027027027,89,58.42696629213483,0.10342590155277105
130,-0.025,-0.002,6,100.0,4,75.0,-2.241834679026683
130,-0.025,-0.001,6,100.0,5,80.0,-1.6849243112186727
130,-0.025,0.0,7,100.0,5,80.0,-1.6849243112186727
130,-0.025,0.001,8,100.0,7,85.71428571428571,0.18913877326848955
130,-0.025,0.002,9,100.0,11,90.9090909090909,0.6615207447146318
130,-0.025,0.003,11,100.0,13,84.61538461538461,1.281902257836275
130,-0.025,0.004,14,100.0,15,80.0,1.0507631301040412
130,-0.025,0.005,17,88.23529411764706,19,73.68421052631578,1.0024678518674017
130,-0.025,0.006,17,88.23529411764706,21,76.19047619047619,1.5830953770777865
130,-0.025,0.007000000000000001,18,83.33333333333334,22,77.27272727272727,1.6854015644593972
130,-0.025,0.008,20,80.0,22,77.27272727272727,1.6854015644593972
130,-0.024,-0.002,6,100.0,5,80.0,0.8766769967718517
130,-0.024,-0.001,6,100.0,6,83.33333333333334,0.8210170239787716
130,-0.024,0.0,7,100.0,6,83.33333333333334,0.8210170239787716
130,-0.024,0.001,8,100.0,8,87.5,1.834336889105677
130,-0.024,0.002,9,100.0,12,91.66666666666666,1.7189543243189116
130,-0.024,0.003,11,100.0,14,85.71428571428571,2.1439609322741116
130,-0.024,0.004,14,100.0,16,81.25,1.8195106657204136
130,-0.024,0.005,17,88.23529411764706,20,75.0,1.619880644272331
130,-0.024,0.006,17,88.23529411764706,22,77.27272727272727,2.1179875735727047
130,-0.024,0.007000000000000001,18,83.33333333333334,23,78.26086956521739,2.1925894833944666
130,-0.024,0.008,20,80.0,23,78.26086956521739,2.1925894833944666
130,-0.023,-0.002,6,100.0,6,66.66666666666666,0.5287744571648485
130,-0.023,-0.001,7,100.0,7,71.42857142857143,0.530766271857494
130,-0.023,0.0,8,100.0,7,71.42857142857143,0.530766271857494
130,-0.023,0.001,9,100.0,9,77.77777777777779,1.4959952079972494
130,-0.023,0.002,10,100.0,13,84.61538461538461,1.4935933577659053
130,-0.023,0.003,12,100.0,16,81.25,2.031385185909873
130,-0.023,0.004,15,100.0,18,77.77777777777779,1.7554933652359452
130,-0.023,0.005,18,88.88888888888889,22,72.72727272727273,1.5856510367348642
130,-0.023,0.006,19,89.47368421052632,24,75.0,2.045101522554996
130,-0.023,0.007000000000000001,20,85.0,25,76.0,2.116650721631725
130,-0.023,0.008,23,82.6086956521739,25,76.0,2.116650721631725
130,-0.022,-0.002,7,100.0,7,71.42857142857143,1.3309468674968328
130,-0.022,-0.001,8,100.0,8,75.0,1.2324181540613999
130,-0.022,0.0,9,100.0,8,75.0,1.2324181540613999
130,-0.022,0.001,10,100.0,10,80.0,1.9607938201463984
130,-0.022,0.002,11,100.0,14,85.71428571428571,1.825763927174679
130,-0.022,0.003,13,100.0,17,82.35294117647058,2.273302606120394
130,-0.022,0.004,16,100.0,19,78.94736842105263,1.9864664159860925
130,-0.022,0.005,19,89.47368421052632,23,73.91304347826086,1.7838393103328594
130,-0.022,0.006,20,90.0,25,76.0,2.2090567148323457
130,-0.022,0.007000000000000001,21,85.71428571428571,27,74.07407407407408,0.848050089009469
130,-0.022,0.008,24,83.33333333333334,27,74.07407407407408,0.848050089009469
130,-0.020999999999999998,-0.002,7,100.0,8,62.5,0.2765663913999885
130,-0.020999999999999998,-0.001,9,100.0,9,66.66666666666666,0.3061386990236979
130,-0.020999999999999998,0.0,12,100.0,10,60.0,-0.545917510751363
130,-0.020999999999999998,0.001,13,100.0,12,66.66666666666666,0.35745148845493
130,-0.020999999999999998,0.002,14,100.0,17,76.47058823529412,0.7557804468880523
130,-0.020999999999999998,0.003,16,100.0,20,75.0,1.2966858460349042
130,-0.020999999999999998,0.004,19,100.0,22,72.72727272727273,1.137747023653961
130,-0.020999999999999998,0.005,22,90.9090909090909,26,69.23076923076923,1.0890721828579668
130,-0.020999999999999998,0.006,23,91.30434782608695,28,71.42857142857143,1.5183568031235721
130,-0.020999999999999998,0.007000000000000001,24,87.5,30,70.0,0.33949750066356815
130,-0.020999999999999998,0.008,27,85.18518518518519,30,70.0,0.33949750066356815
130,-0.019999999999999997,-0.002,10,100.0,8,62.5,0.2765663913999885
130,-0.019999999999999997,-0.001,12,100.0,9,66.66666666666666,0.3061386990236979
130,-0.019999999999999997,0.0,16,100.0,10,60.0,-0.545917510751363
130,-0.019999999999999997,0.001,17,100.0,12,66.66666666666666,0.35745148845493
130,-0.019999999999999997,0.002,18,100.0,17,76.47058823529412,0.7557804468880523
130,-0.019999999999999997,0.003,21,100.0,21,71.42857142857143,1.1184662151507903
130,-0.019999999999999997,0.004,24,100.0,23,69.56521739130434,0.9819351355589414
130,-0.019999999999999997,0.005,27,92.5925925925926,27,66.66666666666666,0.958146309325024
130,-0.019999999999999997,0.006,28,92.85714285714286,29,68.96551724137932,1.3816573822389149
130,-0.019999999999999997,0.007000000000000001,29,89.65517241379311,33,69.6969696969697,0.6248502526259581
130,-0.019999999999999997,0.008,32,87.5,33,69.6969696969697,0.6248502526259581
130,-0.018999999999999996,-0.002,11,100.0,9,66.66666666666666,0.7456203911330341
130,-0.018999999999999996,-0.001,13,100.0,10,70.0,0.7253300680210681
130,-0.018999999999999996,0.0,18,94.44444444444444,11,63.63636363636363,-0.08737479259238447
130,-0.018999999999999996,0.001,19,94.73684210526315,14,64.28571428571429,0.3385340688422073
130,-0.018999999999999996,0.002,21,95.23809523809523,19,73.68421052631578,0.6999119315488753
130,-0.018999999999999996,0.003,24,95.83333333333334,23,69.56521739130434,1.0407760704564497
130,-0.018999999999999996,0.004,27,96.29629629629629,25,68.0,0.9213826888074955
130,-0.018999999999999996,0.005,30,90.0,29,65.51724137931035,0.9075865329002548
130,-0.018999999999999996,0.006,32,87.5,31,67.74193548387096,1.3070362318471058
130,-0.018999999999999996,0.007000000000000001,33,84.84848484848484,36,69.44444444444444,0.6535617347955703
130,-0.018999999999999996,0.008,36,83.33333333333334,36,69.44444444444444,0.6535617347955703
130,-0.017999999999999995,-0.002,11,100.0,10,60.0,0.3930781817776559
130,-0.017999999999999995,-0.001,13,100.0,12,66.66666666666666,0.4627109635365594
130,-0.017999999999999995,0.0,18,94.44444444444444,13,61.53846153846154,-0.20476091048370784
130,-0.017999999999999995,0.001,19,94.73684210526315,16,62.5,0.18991924037618335
130,-0.017999999999999995,0.002,21,95.23809523809523,23,73.91304347826086,0.6494434062989308
130,-0.017999999999999995,0.003,24,95.83333333333334,27,70.37037037037037,0.947285972812782
130,-0.017999999999999995,0.004,27,96.29629629629629,29,68.96551724137932,0.8508082367460057
130,-0.017999999999999995,0.005,30,90.0,33,66.66666666666666,0.8472388211986112
130,-0.017999999999999995,0.006,32,87.5,35,68.57142857142857,1.204485566648773
130,-0.017999999999999995,0.007000000000000001,33,84.84848484848484,40,70.0,0.6291773524521828
130,-0.017999999999999995,0.008,36,83.33333333333334,40,70.0,0.6291773524521828
130,-0.016999999999999994,-0.002,11,100.0,14,64.28571428571429,0.447888421804305
130,-0.016999999999999994,-0.001,13,100.0,16,68.75,0.49326172812015123
130,-0.016999999999999994,0.0,18,94.44444444444444,17,64.70588235294117,-0.01895504404732302
130,-0.016999999999999994,0.001,19,94.73684210526315,20,65.0,0.2689181966751322
130,-0.016999999999999994,0.002,21,95.23809523809523,27,74.07407407407408,0.6398834974947822
130,-0.016999999999999994,0.003,24,95.83333333333334,32,71.875,0.8752697005531642
130,-0.016999999999999994,0.004,27,96.29629629629629,34,70.58823529411765,0.7972161181585382
130,-0.016999999999999994,0.005,30,90.0,38,68.42105263157895,0.7997576381923762
130,-0.016999999999999994,0.006,32,87.5,41,70.73170731707317,1.2115859414580321
130,-0.016999999999999994,0.007000000000000001,34,82.35294117647058,46,71.73913043478261,0.7105461492425994
130,-0.016999999999999994,0.008,37,81.08108108108108,46,71.73913043478261,0.7105461492425994
130,-0.015999999999999993,-0.002,11,100.0,15,66.66666666666666,0.8586027126545713
130,-0.015999999999999993,-0.001,13,100.0,17,70.58823529411765,0.8529876726165128
130,-0.015999999999999993,0.0,18,94.44444444444444,18,66.66666666666666,0.3492426130974338
130,-0.015999999999999993,0.001,19,94.73684210526315,21,66.66666666666666,0.570807938955283
130,-0.015999999999999993,0.002,21,95.23809523809523,29,72.41379310344827,0.7748389206998629
130,-0.015999999999999993,0.003,24,95.83333333333334,34,70.58823529411765,0.9765324907540629
130,-0.015999999999999993,0.004,27,96.29629629629629,36,69.44444444444444,0.8971895079257552
130,-0.015999999999999993,0.005,30,90.0,40,67.5,0.8896066129811798
130,-0.015999999999999993,0.006,33,87.87878787878788,43,69.76744186046511,1.2760115783189818
130,-0.015999999999999993,0.007000000000000001,35,82.85714285714286,48,70.83333333333334,0.7891374402728429
130,-0.015999999999999993,0.008,38,81.57894736842105,48,70.83333333333334,0.7891374402728429
130,-0.014999999999999993,-0.002,15,80.0,19,68.42105263157895,0.7200333831565142
130,-0.014999999999999993,-0.001,18,83.33333333333334,22,72.72727272727273,1.107570559859334
130,-0.014999999999999993,0.0,23,82.6086956521739,23,69.56521739130434,0.7022664747034103
130,-0.014999999999999993,0.001,25,84.0,26,69.23076923076923,0.8404895615571374
130,-0.014999999999999993,0.002,27,85.18518518518519,35,71.42857142857143,0.7476798307315102
130,-0.014999999999999993,0.003,30,86.66666666666667,40,70.0,0.9225142515236243
130,-0.014999999999999993,0.004,33,87.87878787878788,42,69.04761904761905,0.8570782776341433
130,-0.014999999999999993,0.005,36,83.33333333333334,47,65.95744680851064,0.7306913961410137
130,-0.014999999999999993,0.006,39,82.05128205128204,51,66.66666666666666,0.9525238942706221
130,-0.014999999999999993,0.007000000000000001,42,76.19047619047619,57,66.66666666666666,0.48161826477470643
130,-0.014999999999999993,0.008,45,75.55555555555556,58,67.24137931034483,0.6935694317808182
130,-0.013999999999999992,-0.002,16,75.0,19,68.42105263157895,0.7200333831565142
130,-0.013999999999999992,-0.001,19,78.94736842105263,23,73.91304347826086,1.4198264576162318
130,-0.013999999999999992,0.0,24,79.16666666666666,26,69.23076923076923,1.0585613936024236
130,-0.013999999999999992,0.001,26,80.76923076923077,30,70.0,1.3474857484952065
130,-0.013999999999999992,0.002,28,82.14285714285714,39,71.7948717948718,1.1471958443582941
130,-0.013999999999999992,0.003,31,83.87096774193549,44,70.45454545454545,1.2607366798935364
130,-0.013999999999999992,0.004,35,85.71428571428571,46,69.56521739130434,1.1862854677174923
130,-0.013999999999999992,0.005,38,81.57894736842105,52,65.38461538461539,0.9061352320080771
130,-0.013999999999999992,0.006,42,80.95238095238095,58,67.24137931034483,1.0679031942525032
130,-0.013999999999999992,0.007000000000000001,46,73.91304347826086,65,67.6923076923077,0.6302256285706886
130,-0.013999999999999992,0.008,49,73.46938775510205,66,68.18181818181817,0.8142341183064231
130,-0.01299999999999999,-0.002,18,72.22222222222221,19,68.42105263157895,0.7200333831565142
130,-0.01299999999999999,-0.001,21,76.19047619047619,23,73.91304347826086,1.4198264576162318
130,-0.01299999999999999,0.0,26,76.92307692307693,26,69.23076923076923,1.0585613936024236
130,-0.01299999999999999,0.001,28,78.57142857142857,31,67.74193548387096,1.1124698200497964
130,-0.01299999999999999,0.002,31,80.64516129032258,41,70.73170731707317,0.9665950331789187
130,-0.01299999999999999,0.003,35,82.85714285714286,48,66.66666666666666,0.8639239791879363
130,-0.01299999999999999,0.004,39,84.61538461538461,50,66.0,0.8113013720141999
130,-0.01299999999999999,0.005,42,80.95238095238095,56,62.5,0.5913387348236672
130,-0.01299999999999999,0.006,46,80.43478260869566,62,64.51612903225806,0.7731342314895248
130,-0.01299999999999999,0.007000000000000001,50,74.0,69,65.21739130434783,0.39073337598261026
130,-0.01299999999999999,0.008,53,73.58490566037736,71,64.7887323943662,0.5528385779513932
130,-0.01199999999999999,-0.002,19,73.68421052631578,19,68.42105263157895,0.7200333831565142
130,-0.01199999999999999,-0.001,23,78.26086956521739,23,73.91304347826086,1.4198264576162318
130,-0.01199999999999999,0.0,28,78.57142857142857,26,69.23076923076923,1.0585613936024236
130,-0.01199999999999999,0.001,30,80.0,32,68.75,1.2067973917113002
130,-0.01199999999999999,0.002,34,82.35294117647058,42,71.42857142857143,1.0419368684179424
130,-0.01199999999999999,0.003,38,84.21052631578947,49,67.3469387755102,0.9305980227395685
130,-0.01199999999999999,0.004,44,84.0909090909091,52,65.38461538461539,0.8038469263622408
130,-0.01199999999999999,0.005,49,81.63265306122449,58,62.06896551724138,0.5922403572457221
130,-0.01199999999999999,0.006,53,81.13207547169812,64,64.0625,0.768270217538704
130,-0.01199999999999999,0.007000000000000001,57,75.43859649122807,71,64.7887323943662,0.39712076778769884
130,-0.01199999999999999,0.008,62,74.19354838709677,73,64.38356164383562,0.5546097343106227
130,-0.010999999999999989,-0.002,20,75.0,22,68.18181818181817,0.7637275689406959
130,-0.010999999999999989,-0.001,24,79.16666666666666,27,70.37037037037037,1.1822084190109967
130,-0.010999999999999989,0.0,29,79.3103448275862,31,64.51612903225806,0.66218311933928
130,-0.010999999999999989,0.001,32,78.125,39,64.1025641025641,0.7677457709677342
130,-0.010999999999999989,0.002,36,80.55555555555556,49,67.3469387755102,0.7160391225823185
130,-0.010999999999999989,0.003,41,80.48780487804879,57,63.1578947368421,0.5560151201351368
130,-0.010999999999999989,0.004,47,80.85106382978722,61,60.65573770491803,0.418155694217213
130,-0.010999999999999989,0.005,52,78.84615384615384,67,58.2089552238806,0.2695134014427664
130,-0.010999999999999989,0.006,56,78.57142857142857,73,60.273972602739725,0.45036645340945913
130,-0.010999999999999989,0.007000000000000001,61,73.77049180327869,81,60.49382716049383,0.1260076020760243
130,-0.010999999999999989,0.008,66,72.72727272727273,83,60.24096385542169,0.27105484168562416
130,-0.009999999999999988,-0.002,21,76.19047619047619,24,62.5,0.22751971453786565
130,-0.009999999999999988,-0.001,26,76.92307692307693,30,66.66666666666666,0.7926461619677407
130,-0.009999999999999988,0.0,31,77.41935483870968,34,61.76470588235294,0.3643363013309706
130,-0.009999999999999988,0.001,34,76.47058823529412,42,61.904761904761905,0.5190914907970702
130,-0.009999999999999988,0.002,39,76.92307692307693,52,65.38461538461539,0.5181860490820946
130,-0.009999999999999988,0.003,44,77.27272727272727,60,61.66666666666667,0.39254365655730206
130,-0.009999999999999988,0.004,51,76.47058823529412,65,60.0,0.34619821340831947
130,-0.009999999999999988,0.005,56,75.0,72,56.94444444444444,0.10817875877544328
130,-0.009999999999999988,0.006,60,75.0,79,58.22784810126582,0.24790005667316867
130,-0.009999999999999988,0.007000000000000001,65,70.76923076923077,87,58.620689655172406,-0.03547161900634741
130,-0.009999999999999988,0.008,70,70.0,89,58.42696629213483,0.10342590155277105
140,-0.025,-0.002,6,100.0,4,75.0,-2.241834679026683
140,-0.025,-0.001,6,100.0,5,80.0,-1.6849243112186727
140,-0.025,0.0,7,100.0,5,80.0,-1.6849243112186727
140,-0.025,0.001,8,100.0,7,85.71428571428571,0.18913877326848955
140,-0.025,0.002,9,100.0,11,90.9090909090909,0.6615207447146318
140,-0.025,0.003,11,100.0,13,84.61538461538461,1.281902257836275
140,-0.025,0.004,14,100.0,15,80.0,1.0507631301040412
140,-0.025,0.005,17,88.23529411764706,19,73.68421052631578,1.0024678518674017
140,-0.025,0.006,17,88.23529411764706,21,76.19047619047619,1.5830953770777865
140,-0.025,0.007000000000000001,18,83.33333333333334,22,77.27272727272727,1.6854015644593972
140,-0.025,0.008,20,80.0,22,77.27272727272727,1.6854015644593972
140,-0.024,-0.002,6,100.0,5,80.0,0.8766769967718517
140,-0.024,-0.001,6,100.0,6,83.33333333333334,0.8210170239787716
140,-0.024,0.0,7,100.0,6,83.33333333333334,0.8210170239787716
140,-0.024,0.001,8,100.0,8,87.5,1.834336889105677
140,-0.024,0.002,9,100.0,12,91.66666666666666,1.7189543243189116
140,-0.024,0.003,11,100.0,14,85.71428571428571,2.1439609322741116
140,-0.024,0.004,14,100.0,16,81.25,1.8195106657204136
140,-0.024,0.005,17,88.23529411764706,20,75.0,1.619880644272331
140,-0.024,0.006,17,88.23529411764706,22,77.27272727272727,2.1179875735727047
140,-0.024,0.007000000000000001,18,83.33333333333334,23,78.26086956521739,2.1925894833944666
140,-0.024,0.008,20,80.0,23,78.26086956521739,2.1925894833944666
140,-0.023,-0.002,6,100.0,6,66.66666666666666,0.5287744571648485
140,-0.023,-0.001,7,100.0,7,71.42857142857143,0.530766271857494
140,-0.023,0.0,8,100.0,7,71.42857142857143,0.530766271857494
140,-0.023,0.001,9,100.0,9,77.77777777777779,1.4959952079972494
140,-0.023,0.002,10,100.0,13,84.61538461538461,1.4935933577659053
140,-0.023,0.003,12,100.0,16,81.25,2.031385185909873
140,-0.023,0.004,15,100.0,18,77.77777777777779,1.7554933652359452
140,-0.023,0.005,18,88.88888888888889,22,72.72727272727273,1.5856510367348642
140,-0.023,0.006,19,89.47368421052632,24,75.0,2.045101522554996
140,-0.023,0.007000000000000001,20,85.0,25,76.0,2.116650721631725
140,-0.023,0.008,23,82.6086956521739,25,76.0,2.116650721631725
140,-0.022,-0.002,7,100.0,7,71.42857142857143,1.3309468674968328
140,-0.022,-0.001,8,100.0,8,75.0,1.2324181540613999
140,-0.022,0.0,9,100.0,8,75.0,1.2324181540613999
140,-0.022,0.001,10,100.0,10,80.0,1.9607938201463984
140,-0.022,0.002,11,100.0,14,85.71428571428571,1.825763927174679
140,-0.022,0.003,13,100.0,17,82.35294117647058,2.273302606120394
140,-0.022,0.004,16,100.0,19,78.94736842105263,1.9864664159860925
140,-0.022,0.005,19,89.47368421052632,23,73.91304347826086,1.7838393103328594
140,-0.022,0.006,20,90.0,25,76.0,2.2090567148323457
140,-0.022,0.007000000000000001,21,85.71428571428571,27,74.07407407407408,0.848050089009469
140,-0.022,0.008,24,83.33333333333334,27,74.07407407407408,0.848050089009469
140,-0.020999999999999998,-0.002,7,100.0,8,62.5,0.2765663913999885
140,-0.020999999999999998,-0.001,9,100.0,9,66.66666666666666,0.3061386990236979
140,-0.020999999999999998,0.0,12,100.0,10,60.0,-0.545917510751363
140,-0.020999999999999998,0.001,13,100.0,12,66.66666666666666,0.35745148845493
140,-0.020999999999999998,0.002,14,100.0,17,76.47058823529412,0.7557804468880523
140,-0.020999999999999998,0.003,16,100.0,20,75.0,1.2966858460349042
140,-0.020999999999999998,0.004,19,100.0,22,72.72727272727273,1.137747023653961
140,-0.020999999999999998,0.005,22,90.9090909090909,26,69.23076923076923,1.0890721828579668
140,-0.020999999999999998,0.006,23,91.30434782608695,28,71.42857142857143,1.5183568031235721
140,-0.020999999999999998,0.007000000000000001,24,87.5,30,70.0,0.33949750066356815
140,-0.020999999999999998,0.008,27,85.18518518518519,30,70.0,0.33949750066356815
140,-0.019999999999999997,-0.002,10,100.0,8,62.5,0.2765663913999885
140,-0.019999999999999997,-0.001,12,100.0,9,66.66666666666666,0.3061386990236979
140,-0.019999999999999997,0.0,16,100.0,10,60.0,-0.545917510751363
140,-0.019999999999999997,0.001,17,100.0,12,66.66666666666666,0.35745148845493
140,-0.019999999999999997,0.002,18,100.0,17,76.47058823529412,0.7557804468880523
140,-0.019999999999999997,0.003,21,100.0,21,71.42857142857143,1.1184662151507903
140,-0.019999999999999997,0.004,24,100.0,23,69.56521739130434,0.9819351355589414
140,-0.019999999999999997,0.005,27,92.5925925925926,27,66.66666666666666,0.958146309325024
140,-0.019999999999999997,0.006,28,92.85714285714286,29,68.96551724137932,1.3816573822389149
140,-0.019999999999999997,0.007000000000000001,29,89.65517241379311,33,69.6969696969697,0.6248502526259581
140,-0.019999999999999997,0.008,32,87.5,33,69.6969696969697,0.6248502526259581
140,-0.018999999999999996,-0.002,11,100.0,9,66.66666666666666,0.7456203911330341
140,-0.018999999999999996,-0.001,13,100.0,10,70.0,0.7253300680210681
140,-0.018999999999999996,0.0,18,94.44444444444444,11,63.63636363636363,-0.08737479259238447
140,-0.018999999999999996,0.001,19,94.73684210526315,14,64.28571428571429,0.3385340688422073
140,-0.018999999999999996,0.002,21,95.23809523809523,19,73.68421052631578,0.6999119315488753
140,-0.018999999999999996,0.003,24,95.83333333333334,23,69.56521739130434,1.0407760704564497
140,-0.018999999999999996,0.004,27,96.29629629629629,25,68.0,0.9213826888074955
140,-0.018999999999999996,0.005,30,90.0,29,65.51724137931035,0.9075865329002548
140,-0.018999999999999996,0.006,32,87.5,31,67.74193548387096,1.3070362318471058
140,-0.018999999999999996,0.007000000000000001,33,84.84848484848484,36,69.44444444444444,0.6535617347955703
140,-0.018999999999999996,0.008,36,83.33333333333334,36,69.44444444444444,0.6535617347955703
140,-0.017999999999999995,-0.002,11,100.0,10,60.0,0.3930781817776559
140,-0.017999999999999995,-0.001,13,100.0,12,66.66666666666666,0.4627109635365594
140,-0.017999999999999995,0.0,18,94.44444444444444,13,61.53846153846154,-0.20476091048370784
140,-0.017999999999999995,0.001,19,94.73684210526315,16,62.5,0.18991924037618335
140,-0.017999999999999995,0.002,21,95.23809523809523,23,73.91304347826086,0.6494434062989308
140,-0.017999999999999995,0.003,24,95.83333333333334,27,70.37037037037037,0.947285972812782
140,-0.017999999999999995,0.004,27,96.29629629629629,29,68.96551724137932,0.8508082367460057
140,-0.017999999999999995,0.005,30,90.0,33,66.66666666666666,0.8472388211986112
140,-0.017999999999999995,0.006,32,87.5,35,68.57142857142857,1.204485566648773
140,-0.017999999999999995,0.007000000000000001,33,84.84848484848484,40,70.0,0.6291773524521828
140,-0.017999999999999995,0.008,36,83.33333333333334,40,70.0,0.6291773524521828
140,-0.016999999999999994,-0.002,11,100.0,14,64.28571428571429,0.447888421804305
140,-0.016999999999999994,-0.001,13,100.0,16,68.75,0.49326172812015123
140,-0.016999999999999994,0.0,18,94.44444444444444,17,64.70588235294117,-0.01895504404732302
140,-0.016999999999999994,0.001,19,94.73684210526315,20,65.0,0.2689181966751322
140,-0.016999999999999994,0.002,21,95.23809523809523,27,74.07407407407408,0.6398834974947822
140,-0.016999999999999994,0.003,24,95.83333333333334,32,71.875,0.8752697005531642
140,-0.016999999999999994,0.004,27,96.29629629629629,34,70.58823529411765,0.7972161181585382
140,-0.016999999999999994,0.005,30,90.0,38,68.42105263157895,0.7997576381923762
140,-0.016999999999999994,0.006,32,87.5,41,70.73170731707317,1.2115859414580321
140,-0.016999999999999994,0.007000000000000001,34,82.35294117647058,46,71.73913043478261,0.7105461492425994
140,-0.016999999999999994,0.008,37,81.08108108108108,46,71.73913043478261,0.7105461492425994
140,-0.015999999999999993,-0.002,11,100.0,15,66.66666666666666,0.8586027126545713
140,-0.015999999999999993,-0.001,13,100.0,17,70.58823529411765,0.8529876726165128
140,-0.015999999999999993,0.0,18,94.44444444444444,18,66.66666666666666,0.3492426130974338
140,-0.015999999999999993,0.001,19,94.73684210526315,21,66.66666666666666,0.570807938955283
140,-0.015999999999999993,0.002,21,95.23809523809523,29,72.41379310344827,0.7748389206998629
140,-0.015999999999999993,0.003,24,95.83333333333334,34,70.58823529411765,0.9765324907540629
140,-0.015999999999999993,0.004,27,96.29629629629629,36,69.44444444444444,0.8971895079257552
140,-0.015999999999999993,0.005,30,90.0,40,67.5,0.8896066129811798
140,-0.015999999999999993,0.006,33,87.87878787878788,43,69.76744186046511,1.2760115783189818
140,-0.015999999999999993,0.007000000000000001,35,82.85714285714286,48,70.83333333333334,0.7891374402728429
140,-0.015999999999999993,0.008,38,81.57894736842105,48,70.83333333333334,0.7891374402728429
140,-0.014999999999999993,-0.002,15,80.0,19,68.42105263157895,0.7200333831565142
140,-0.014999999999999993,-0.001,18,83.33333333333334,22,72.72727272727273,1.107570559859334
140,-0.014999999999999993,0.0,23,82.6086956521739,23,69.56521739130434,0.7022664747034103
140,-0.014999999999999993,0.001,25,84.0,26,69.23076923076923,0.8404895615571374
140,-0.014999999999999993,0.002,27,85.18518518518519,35,71.42857142857143,0.7476798307315102
140,-0.014999999999999993,0.003,30,86.66666666666667,40,70.0,0.9225142515236243
140,-0.014999999999999993,0.004,33,87.87878787878788,42,69.04761904761905,0.8570782776341433
140,-0.014999999999999993,0.005,36,83.33333333333334,47,65.95744680851064,0.7306913961410137
140,-0.014999999999999993,0.006,39,82.05128205128204,51,66.66666666666666,0.9525238942706221
140,-0.014999999999999993,0.007000000000000001,42,76.19047619047619,57,66.66666666666666,0.48161826477470643
140,-0.014999999999999993,0.008,45,75.55555555555556,58,67.24137931034483,0.6935694317808182
140,-0.013999999999999992,-0.002,16,75.0,19,68.42105263157895,0.7200333831565142
140,-0.013999999999999992,-0.001,19,78.94736842105263,22,72.72727272727273,1.107570559859334
140,-0.013999999999999992,0.0,24,79.16666666666666,25,68.0,0.7693256010158008
140,-0.013999999999999992,0.001,26,80.76923076923077,29,68.96551724137932,1.1081074567789038
140,-0.013999999999999992,0.002,28,82.14285714285714,38,71.05263157894737,0.9592416242554076
140,-0.013999999999999992,0.003,31,83.87096774193549,43,69.76744186046511,1.0972780862104097
140,-0.013999999999999992,0.004,35,85.71428571428571,45,68.88888888888889,1.0284372290385926
140,-0.013999999999999992,0.005,38,81.57894736842105,51,64.70588235294117,0.7613642324735691
140,-0.013999999999999992,0.006,42,80.95238095238095,57,66.66666666666666,0.9412092817259157
140,-0.013999999999999992,0.007000000000000001,46,73.91304347826086,64,67.1875,0.5105501507629184
140,-0.013999999999999992,0.008,49,73.46938775510205,65,67.6923076923077,0.6992307015377837
140,-0.01299999999999999,-0.002,18,72.22222222222221,19,68.42105263157895,0.7200333831565142
140,-0.01299999999999999,-0.001,21,76.19047619047619,22,72.72727272727273,1.107570559859334
140,-0.01299999999999999,0.0,26,76.92307692307693,25,68.0,0.7693256010158008
140,-0.01299999999999999,0.001,28,78.57142857142857,30,66.66666666666666,0.8732369404425236
140,-0.01299999999999999,0.002,31,80.64516129032258,40,70.0,0.7835235038016919
140,-0.01299999999999999,0.003,35,82.85714285714286,47,65.95744680851064,0.7059339317607011
140,-0.01299999999999999,0.004,39,84.61538461538461,49,65.3061224489796,0.658685967192694
140,-0.01299999999999999,0.005,42,80.95238095238095,55,61.81818181818181,0.451372962579225
140,-0.01299999999999999,0.006,46,80.43478260869566,61,63.934426229508205,0.6499158384275826
140,-0.01299999999999999,0.007000000000000001,50,74.0,68,64.70588235294117,0.27457568727253107
140,-0.01299999999999999,0.008,53,73.58490566037736,70,64.28571428571429,0.44231546894687057
140,-0.01199999999999999,-0.002,19,73.68421052631578,19,68.42105263157895,0.7200333831565142
140,-0.01199999999999999,-0.001,23,78.26086956521739,22,72.72727272727273,1.107570559859334
140,-0.01199999999999999,0.0,28,78.57142857142857,25,68.0,0.7693256010158008
140,-0.01199999999999999,0.001,30,80.0,31,67.74193548387096,0.9783245266610846
140,-0.01199999999999999,0.002,34,82.35294117647058,41,70.73170731707317,0.865168104031356
140,-0.01199999999999999,0.003,38,84.21052631578947,48,66.66666666666666,0.7772884772077265
140,-0.01199999999999999,0.004,44,84.0909090909091,51,64.70588235294117,0.6570702737758535
140,-0.01199999999999999,0.005,49,81.63265306122449,57,61.40350877192983,0.457201482666384
140,-0.01199999999999999,0.006,53,81.13207547169812,63,63.49206349206349,0.6488863129239533
140,-0.01199999999999999,0.007000000000000001,57,75.43859649122807,70,64.28571428571429,0.2843731186379805
140,-0.01199999999999999,0.008,62,74.19354838709677,72,63.888888888888886,0.4471813110612149
140,-0.010999999999999989,-0.002,20,75.0,22,68.18181818181817,0.7637275689406959
140,-0.010999999999999989,-0.001,24,79.16666666666666,26,69.23076923076923,0.9088527348088048
140,-0.010999999999999989,0.0,29,79.3103448275862,30,63.33333333333333,0.4079406830416565
140,-0.010999999999999989,0.001,32,78.125,38,63.1578947368421,0.5698060226177274
140,-0.010999999999999989,0.002,36,80.55555555555556,48,66.66666666666666,0.558259599963867
140,-0.010999999999999989,0.003,41,80.48780487804879,56,62.5,0.41791795784705005
140,-0.010999999999999989,0.004,47,80.85106382978722,60,60.0,0.28696735231636644
140,-0.010999999999999989,0.005,52,78.84615384615384,66,57.57575757575758,0.14799911649086905
140,-0.010999999999999989,0.006,56,78.57142857142857,72,59.72222222222222,0.34149020681420184
140,-0.010999999999999989,0.007000000000000001,61,73.77049180327869,80,60.0,0.023964494498624766
140,-0.010999999999999989,0.008,66,72.72727272727273,82,59.756097560975604,0.17326945916632705
140,-0.009999999999999988,-0.002,21,76.19047619047619,24,62.5,0.22751971453786565
140,-0.009999999999999988,-0.001,26,76.92307692307693,29,65.51724137931035,0.5341354707160082
140,-0.009999999999999988,0.0,31,77.41935483870968,33,60.60606060606061,0.12418115263590934
140,-0.009999999999999988,0.001,34,76.47058823529412,41,60.97560975609756,0.3295704001270478
140,-0.009999999999999988,0.002,39,76.92307692307693,51,64.70588235294117,0.3658082028235477
140,-0.009999999999999988,0.003,44,77.27272727272727,59,61.016949152542374,0.25869768110457847
140,-0.009999999999999988,0.004,51,76.47058823529412,64,59.375,0.2220848072386371
140,-0.009999999999999988,0.005,56,75.0,71,56.33802816901409,-0.007050501076564448
140,-0.009999999999999988,0.006,60,75.0,78,57.692307692307686,0.14480318293477362
140,-0.009999999999999988,0.007000000000000001,65,70.76923076923077,86,58.139534883720934,-0.1322731053700023
140,-0.009999999999999988,0.008,70,70.0,88,57.95454545454546,0.010402829885552462
150,-0.025,-0.002,5,100.0,4,75.0,-2.241834679026683
150,-0.025,-0.001,5,100.0,5,80.0,-1.6849243112186727
150,-0.025,0.0,6,100.0,5,80.0,-1.6849243112186727
150,-0.025,0.001,7,100.0,7,85.71428571428571,0.18913877326848955
150,-0.025,0.002,8,100.0,11,90.9090909090909,0.6615207447146318
150,-0.025,0.003,10,100.0,13,84.61538461538461,1.281902257836275
150,-0.025,0.004,13,100.0,15,80.0,1.0507631301040412
150,-0.025,0.005,16,87.5,19,73.68421052631578,1.0024678518674017
150,-0.025,0.006,16,87.5,21,76.19047619047619,1.5830953770777865
150,-0.025,0.007000000000000001,17,82.35294117647058,22,77.27272727272727,1.6854015644593972
150,-0.025,0.008,19,78.94736842105263,22,77.27272727272727,1.6854015644593972
150,-0.024,-0.002,5,100.0,5,80.0,0.8766769967718517
150,-0.024,-0.001,5,100.0,6,83.33333333333334,0.8210170239787716
150,-0.024,0.0,6,100.0,6,83.33333333333334,0.8210170239787716
150,-0.024,0.001,7,100.0,8,87.5,1.834336889105677
150,-0.024,0.002,8,100.0,12,91.66666666666666,1.7189543243189116
150,-0.024,0.003,10,100.0,14,85.71428571428571,2.1439609322741116
150,-0.024,0.004,13,100.0,16,81.25,1.8195106657204136
150,-0.024,0.005,16,87.5,20,75.0,1.619880644272331
150,-0.024,0.006,16,87.5,22,77.27272727272727,2.1179875735727047
150,-0.024,0.007000000000000001,17,82.35294117647058,23,78.26086956521739,2.1925894833944666
150,-0.024,0.008,19,78.94736842105263,23,78.26086956521739,2.1925894833944666
150,-0.023,-0.002,5,100.0,6,66.66666666666666,0.5287744571648485
150,-0.023,-0.001,6,100.0,7,71.42857142857143,0.530766271857494
150,-0.023,0.0,7,100.0,7,71.42857142857143,0.530766271857494
150,-0.023,0.001,8,100.0,9,77.77777777777779,1.4959952079972494
150,-0.023,0.002,9,100.0,13,84.61538461538461,1.4935933577659053
150,-0.023,0.003,11,100.0,16,81.25,2.031385185909873
150,-0.023,0.004,14,100.0,18,77.77777777777779,1.7554933652359452
150,-0.023,0.005,17,88.23529411764706,22,72.72727272727273,1.5856510367348642
150,-0.023,0.006,18,88.88888888888889,24,75.0,2.045101522554996
150,-0.023,0.007000000000000001,19,84.21052631578947,25,76.0,2.116650721631725
150,-0.023,0.008,22,81.81818181818183,25,76.0,2.116650721631725
150,-0.022,-0.002,6,100.0,7,71.42857142857143,1.3309468674968328
150,-0.022,-0.001,7,100.0,8,75.0,1.2324181540613999
150,-0.022,0.0,8,100.0,8,75.0,1.2324181540613999
150,-0.022,0.001,9,100.0,10,80.0,1.9607938201463984
150,-0.022,0.002,10,100.0,14,85.71428571428571,1.825763927174679
150,-0.022,0.003,12,100.0,17,82.35294117647058,2.273302606120394
150,-0.022,0.004,15,100.0,19,78.94736842105263,1.9864664159860925
150,-0.022,0.005,18,88.88888888888889,23,73.91304347826086,1.7838393103328594
150,-0.022,0.006,19,89.47368421052632,25,76.0,2.2090567148323457
150,-0.022,0.007000000000000001,20,85.0,27,74.07407407407408,0.848050089009469
150,-0.022,0.008,23,82.6086956521739,27,74.07407407407408,0.848050089009469
150,-0.020999999999999998,-0.002,6,100.0,8,62.5,0.2765663913999885
150,-0.020999999999999998,-0.001,8,100.0,9,66.66666666666666,0.3061386990236979
150,-0.020999999999999998,0.0,11,100.0,10,60.0,-0.545917510751363
150,-0.020999999999999998,0.001,12,100.0,12,66.66666666666666,0.35745148845493
150,-0.020999999999999998,0.002,13,100.0,17,76.47058823529412,0.7557804468880523
150,-0.020999999999999998,0.003,15,100.0,20,75.0,1.2966858460349042
150,-0.020999999999999998,0.004,18,100.0,22,72.72727272727273,1.137747023653961
150,-0.020999999999999998,0.005,21,90.47619047619048,26,69.23076923076923,1.0890721828579668
150,-0.020999999999999998,0.006,22,90.9090909090909,28,71.42857142857143,1.5183568031235721
150,-0.020999999999999998,0.007000000000000001,23,86.95652173913044,30,70.0,0.33949750066356815
150,-0.020999999999999998,0.008,26,84.61538461538461,30,70.0,0.33949750066356815
150,-0.019999999999999997,-0.002,9,100.0,8,62.5,0.2765663913999885
150,-0.019999999999999997,-0.001,11,100.0,9,66.66666666666666,0.3061386990236979
150,-0.019999999999999997,0.0,15,100.0,10,60.0,-0.545917510751363
150,-0.019999999999999997,0.001,16,100.0,12,66.66666666666666,0.35745148845493
150,-0.019999999999999997,0.002,17,100.0,17,76.47058823529412,0.7557804468880523
150,-0.019999999999999997,0.003,20,100.0,21,71.42857142857143,1.1184662151507903
150,-0.019999999999999997,0.004,23,100.0,23,69.56521739130434,0.9819351355589414
150,-0.019999999999999997,0.005,26,92.3076923076923,27,66.66666666666666,0.958146309325024
150,-0.019999999999999997,0.006,27,92.5925925925926,29,68.96551724137932,1.3816573822389149
150,-0.019999999999999997,0.007000000000000001,28,89.28571428571429,33,69.6969696969697,0.6248502526259581
150,-0.019999999999999997,0.008,31,87.09677419354838,33,69.6969696969697,0.6248502526259581
150,-0.018999999999999996,-0.002,10,100.0,9,66.66666666666666,0.7456203911330341
150,-0.018999999999999996,-0.001,12,100.0,10,70.0,0.7253300680210681
150,-0.018999999999999996,0.0,17,94.11764705882352,11,63.63636363636363,-0.08737479259238447
150,-0.018999999999999996,0.001,18,94.44444444444444,14,64.28571428571429,0.3385340688422073
150,-0.018999999999999996,0.002,20,95.0,19,73.68421052631578,0.6999119315488753
150,-0.018999999999999996,0.003,23,95.65217391304348,23,69.56521739130434,1.0407760704564497
150,-0.018999999999999996,0.004,26,96.15384615384616,25,68.0,0.9213826888074955
150,-0.018999999999999996,0.005,29,89.65517241379311,29,65.51724137931035,0.9075865329002548
150,-0.018999999999999996,0.006,31,87.09677419354838,31,67.74193548387096,1.3070362318471058
150,-0.018999999999999996,0.007000000000000001,32,84.375,36,69.44444444444444,0.6535617347955703
150,-0.018999999999999996,0.008,35,82.85714285714286,36,69.44444444444444,0.6535617347955703
150,-0.017999999999999995,-0.002,10,100.0,10,60.0,0.3930781817776559
150,-0.017999999999999995,-0.001,12,100.0,12,66.66666666666666,0.4627109635365594
150,-0.017999999999999995,0.0,17,94.11764705882352,13,61.53846153846154,-0.20476091048370784
150,-0.017999999999999995,0.001,18,94.44444444444444,16,62.5,0.18991924037618335
150,-0.017999999999999995,0.002,20,95.0,23,73.91304347826086,0.6494434062989308
150,-0.017999999999999995,0.003,23,95.65217391304348,27,70.37037037037037,0.947285972812782
150,-0.017999999999999995,0.004,26,96.15384615384616,29,68.96551724137932,0.8508082367460057
150,-0.017999999999999995,0.005,29,89.65517241379311,33,66.66666666666666,0.8472388211986112
150,-0.017999999999999995,0.006,31,87.09677419354838,35,68.57142857142857,1.204485566648773
150,-0.017999999999999995,0.007000000000000001,32,84.375,40,70.0,0.6291773524521828
150,-0.017999999999999995,0.008,35,82.85714285714286,40,70.0,0.6291773524521828
150,-0.016999999999999994,-0.002,10,100.0,13,61.53846153846154,0.41053798401382646
150,-0.016999999999999994,-0.001,12,100.0,15,66.66666666666666,0.46391623578945934
150,-0.016999999999999994,0.0,17,94.11764705882352,16,62.5,-0.0784799913678138
150,-0.016999999999999994,0.001,18,94.44444444444444,19,63.1578947368421,0.23394314844326902
150,-0.016999999999999994,0.002,20,95.0,26,73.07692307692307,0.6285927045876379
150,-0.016999999999999994,0.003,23,95.65217391304348,31,70.96774193548387,0.8733931066006684
150,-0.016999999999999994,0.004,26,96.15384615384616,33,69.6969696969697,0.7930879971002961
150,-0.016999999999999994,0.005,29,89.65517241379311,37,67.56756756756756,0.7961444902224262
150,-0.016999999999999994,0.006,31,87.09677419354838,40,70.0,1.2185394871674695
150,-0.016999999999999994,0.007000000000000001,33,81.81818181818183,45,71.11111111111111,0.7055928611573118
150,-0.016999999999999994,0.008,36,80.55555555555556,45,71.11111111111111,0.7055928611573118
150,-0.015999999999999993,-0.002,10,100.0,14,64.28571428571429,0.8532568983384318
150,-0.015999999999999993,-0.001,12,100.0,16,68.75,0.8479591450875117
150,-0.015999999999999993,0.0,17,94.11764705882352,17,64.70588235294117,0.31487781898078115
150,-0.015999999999999993,0.001,18,94.44444444444444,20,65.0,0.5526761302490206
150,-0.015999999999999993,0.002,20,95.0,28,71.42857142857143,0.7691744495434104
150,-0.015999999999999993,0.003,23,95.65217391304348,33,69.6969696969697,0.9778381991684123
150,-0.015999999999999993,0.004,26,96.15384615384616,35,68.57142857142857,0.8961536620641903
150,-0.015999999999999993,0.005,29,89.65517241379311,39,66.66666666666666,0.8884825745170942
150,-0.015999999999999993,0.006,32,87.5,42,69.04761904761905,1.284167946538945
150,-0.015999999999999993,0.007000000000000001,34,82.35294117647058,47,70.2127659574468,0.786067085532254
150,-0.015999999999999993,0.008,37,81.08108108108108,47,70.2127659574468,0.786067085532254
150,-0.014999999999999993,-0.002,14,78.57142857142857,17,64.70588235294117,0.538817753457665
150,-0.014999999999999993,-0.001,17,82.35294117647058,20,70.0,0.9922909922855945
150,-0.014999999999999993,0.0,22,81.81818181818183,21,66.66666666666666,0.5538760212849991
150,-0.014999999999999993,0.001,24,83.33333333333334,24,66.66666666666666,0.722166505387171
150,-0.014999999999999993,0.002,26,84.61538461538461,33,69.6969696969697,0.6560018668002844
150,-0.014999999999999993,0.003,29,86.20689655172413,38,68.42105263157895,0.8521009892039872
150,-0.014999999999999993,0.004,32,87.5,40,67.5,0.7869138797360142
150,-0.014999999999999993,0.005,35,82.85714285714286,45,64.44444444444444,0.6627058477207598
150,-0.014999999999999993,0.006,38,81.57894736842105,49,65.3061224489796,0.8991425742164951
150,-0.014999999999999993,0.007000000000000001,41,75.60975609756098,55,65.45454545454545,0.4169365203811783
150,-0.014999999999999993,0.008,44,75.0,56,66.07142857142857,0.637612403073107
150,-0.013999999999999992,-0.002,15,73.33333333333333,17,64.70588235294117,0.538817753457665
150,-0.013999999999999992,-0.001,18,77.77777777777779,20,70.0,0.9922909922855945
150,-0.013999999999999992,0.0,23,78.26086956521739,23,65.21739130434783,0.6396698936609373
150,-0.013999999999999992,0.001,25,80.0,27,66.66666666666666,1.02275495464425
150,-0.013999999999999992,0.002,27,81.48148148148148,36,69.44444444444444,0.8869569236253342
150,-0.013999999999999992,0.003,30,83.33333333333334,41,68.29268292682927,1.0405420789232722
150,-0.013999999999999992,0.004,34,85.29411764705883,43,67.44186046511628,0.9711382054777489
150,-0.013999999999999992,0.005,37,81.08108108108108,49,63.26530612244898,0.7001804772440525
150,-0.013999999999999992,0.006,41,80.48780487804879,55,65.45454545454545,0.8932399379487953
150,-0.013999999999999992,0.007000000000000001,45,73.33333333333333,62,66.12903225806451,0.454104470606989
150,-0.013999999999999992,0.008,48,72.91666666666666,63,66.66666666666666,0.6496708433136902
150,-0.01299999999999999,-0.002,17,70.58823529411765,17,64.70588235294117,0.538817753457665
150,-0.01299999999999999,-0.001,20,75.0,20,70.0,0.9922909922855945
150,-0.01299999999999999,0.0,25,76.0,23,65.21739130434783,0.6396698936609373
150,-0.01299999999999999,0.001,27,77.77777777777779,28,64.28571428571429,0.7741562765029372
150,-0.01299999999999999,0.002,30,80.0,38,68.42105263157895,0.705794938970374
150,-0.01299999999999999,0.003,34,82.35294117647058,45,64.44444444444444,0.6368480515902109
150,-0.01299999999999999,0.004,38,84.21052631578947,47,63.829787234042556,0.5905293600265648
150,-0.01299999999999999,0.005,41,80.48780487804879,53,60.37735849056604,0.3831090654842247
150,-0.01299999999999999,0.006,45,80.0,59,62.71186440677966,0.5953242995404929
150,-0.01299999999999999,0.007000000000000001,49,73.46938775510205,66,63.63636363636363,0.21440021611119178
150,-0.01299999999999999,0.008,52,73.07692307692307,68,63.23529411764706,0.38884338757481607
150,-0.01199999999999999,-0.002,18,72.22222222222221,17,64.70588235294117,0.538817753457665
150,-0.01199999999999999,-0.001,22,77.27272727272727,20,70.0,0.9922909922855945
150,-0.01199999999999999,0.0,27,77.77777777777779,23,65.21739130434783,0.6396698936609373
150,-0.01199999999999999,0.001,29,79.3103448275862,28,64.28571428571429,0.7741562765029372
150,-0.01199999999999999,0.002,33,81.81818181818183,38,68.42105263157895,0.705794938970374
150,-0.01199999999999999,0.003,37,83.78378378378379,45,64.44444444444444,0.6368480515902109
150,-0.01199999999999999,0.004,43,83.72093023255815,48,62.5,0.5178937370449405
150,-0.01199999999999999,0.005,48,81.25,54,59.25925925925925,0.3223851838439353
150,-0.01199999999999999,0.006,52,80.76923076923077,60,61.66666666666667,0.5371358854966279
150,-0.01199999999999999,0.007000000000000001,56,75.0,67,62.68656716417911,0.16797662269025762
150,-0.01199999999999999,0.008,61,73.77049180327869,69,62.31884057971014,0.34123724365211733
150,-0.010999999999999989,-0.002,19,73.68421052631578,20,65.0,0.6140637022750924
150,-0.010999999999999989,-0.001,23,78.26086956521739,24,66.66666666666666,0.7962266097431443
150,-0.010999999999999989,0.0,28,78.57142857142857,28,60.71428571428571,0.27562457214486547
150,-0.010999999999999989,0.001,31,77.41935483870968,35,60.0,0.3714555507160647
150,-0.010999999999999989,0.002,35,80.0,45,64.44444444444444,0.4032172491967609
150,-0.010999999999999989,0.003,40,80.0,53,60.37735849056604,0.2783343595287439
150,-0.010999999999999989,0.004,46,80.43478260869566,57,57.89473684210527,0.15028695709773002
150,-0.010999999999999989,0.005,51,78.43137254901961,63,55.55555555555556,0.01771836672993626
150,-0.010999999999999989,0.006,55,78.18181818181819,69,57.971014492753625,0.23095087400305997
150,-0.010999999999999989,0.007000000000000001,60,73.33333333333333,77,58.44155844155844,-0.08746136395482326
150,-0.010999999999999989,0.008,65,72.3076923076923,79,58.22784810126582,0.07033431730667641
150,-0.009999999999999988,-0.002,20,75.0,22,59.09090909090909,0.04271548535069624
150,-0.009999999999999988,-0.001,25,76.0,27,62.96296296296296,0.4062665251692883
150,-0.009999999999999988,0.0,30,76.66666666666667,31,58.06451612903226,-0.01363723981317569
150,-0.009999999999999988,0.001,33,75.75757575757575,38,57.89473684210527,0.12791320581046256
150,-0.009999999999999988,0.002,38,76.31578947368422,48,62.5,0.20842778665811587
150,-0.009999999999999988,0.003,43,76.74418604651163,56,58.92857142857143,0.11806211787069194
150,-0.009999999999999988,0.004,50,76.0,61,57.377049180327866,0.09117611604690824
150,-0.009999999999999988,0.005,55,74.54545454545455,68,54.41176470588235,-0.13459220824775667
150,-0.009999999999999988,0.006,59,74.57627118644068,75,56.00000000000001,0.03523951579334613
150,-0.009999999999999988,0.007000000000000001,64,70.3125,83,56.62650602409639,-0.24129122465339253
150,-0.009999999999999988,0.008,69,69.56521739130434,85,56.470588235294116,-0.09101453593509129
160,-0.025,-0.002,5,100.0,4,75.0,-2.241834679026683
160,-0.025,-0.001,5,100.0,5,80.0,-1.6849243112186727
160,-0.025,0.0,6,100.0,5,80.0,-1.6849243112186727
160,-0.025,0.001,7,100.0,7,85.71428571428571,0.18913877326848955
160,-0.025,0.002,8,100.0,11,90.9090909090909,0.6615207447146318
160,-0.025,0.003,10,100.0,13,84.61538461538461,1.281902257836275
160,-0.025,0.004,13,100.0,15,80.0,1.0507631301040412
160,-0.025,0.005,16,87.5,19,73.68421052631578,1.0024678518674017
160,-0.025,0.006,16,87.5,21,76.19047619047619,1.5830953770777865
160,-0.025,0.007000000000000001,17,82.35294117647058,21,76.19047619047619,1.5830953770777865
160,-0.025,0.008,19,78.94736842105263,21,76.19047619047619,1.5830953770777865
160,-0.024,-0.002,5,100.0,5,80.0,0.8766769967718517
160,-0.024,-0.001,5,100.0,6,83.33333333333334,0.8210170239787716
160,-0.024,0.0,6,100.0,6,83.33333333333334,0.8210170239787716
160,-0.024,0.001,7,100.0,8,87.5,1.834336889105677
160,-0.024,0.002,8,100.0,12,91.66666666666666,1.7189543243189116
160,-0.024,0.003,10,100.0,14,85.71428571428571,2.1439609322741116
160,-0.024,0.004,13,100.0,16,81.25,1.8195106657204136
160,-0.024,0.005,16,87.5,20,75.0,1.619880644272331
160,-0.024,0.006,16,87.5,22,77.27272727272727,2.1179875735727047
160,-0.024,0.007000000000000001,17,82.35294117647058,22,77.27272727272727,2.1179875735727047
160,-0.024,0.008,19,78.94736842105263,22,77.27272727272727,2.1179875735727047
160,-0.023,-0.002,5,100.0,6,66.66666666666666,0.5287744571648485
160,-0.023,-0.001,6,100.0,7,71.42857142857143,0.530766271857494
160,-0.023,0.0,7,100.0,7,71.42857142857143,0.530766271857494
160,-0.023,0.001,8,100.0,9,77.77777777777779,1.4959952079972494
160,-0.023,0.002,9,100.0,13,84.61538461538461,1.4935933577659053
160,-0.023,0.003,11,100.0,16,81.25,2.031385185909873
160,-0.023,0.004,14,100.0,18,77.77777777777779,1.7554933652359452
160,-0.023,0.005,17,88.23529411764706,22,72.72727272727273,1.5856510367348642
160,-0.023,0.006,18,88.88888888888889,24,75.0,2.045101522554996
160,-0.023,0.007000000000000001,19,84.21052631578947,24,75.0,2.045101522554996
160,-0.023,0.008,22,81.81818181818183,24,75.0,2.045101522554996
160,-0.022,-0.002,6,100.0,7,71.42857142857143,1.3309468674968328
160,-0.022,-0.001,7,100.0,8,75.0,1.2324181540613999
160,-0.022,0.0,8,100.0,8,75.0,1.2324181540613999
160,-0.022,0.001,9,100.0,10,80.0,1.9607938201463984
160,-0.022,0.002,10,100.0,14,85.71428571428571,1.825763927174679
160,-0.022,0.003,12,100.0,17,82.35294117647058,2.273302606120394
160,-0.022,0.004,15,100.0,19,78.94736842105263,1.9864664159860925
160,-0.022,0.005,18,88.88888888888889,23,73.91304347826086,1.7838393103328594
160,-0.022,0.006,19,89.47368421052632,25,76.0,2.2090567148323457
160,-0.022,0.007000000000000001,20,85.0,26,73.07692307692307,0.7332123424531711
160,-0.022,0.008,23,82.6086956521739,26,73.07692307692307,0.7332123424531711
160,-0.020999999999999998,-0.002,6,100.0,8,62.5,0.2765663913999885
160,-0.020999999999999998,-0.001,8,100.0,9,66.66666666666666,0.3061386990236979
160,-0.020999999999999998,0.0,11,100.0,10,60.0,-0.545917510751363
160,-0.020999999999999998,0.001,12,100.0,12,66.66666666666666,0.35745148845493
160,-0.020999999999999998,0.002,13,100.0,17,76.47058823529412,0.7557804468880523
160,-0.020999999999999998,0.003,15,100.0,20,75.0,1.2966858460349042
160,-0.020999999999999998,0.004,18,100.0,22,72.72727272727273,1.137747023653961
160,-0.020999999999999998,0.005,21,90.47619047619048,26,69.23076923076923,1.0890721828579668
160,-0.020999999999999998,0.006,22,90.9090909090909,28,71.42857142857143,1.5183568031235721
160,-0.020999999999999998,0.007000000000000001,23,86.95652173913044,29,68.96551724137932,0.21900322484254567
160,-0.020999999999999998,0.008,26,84.61538461538461,29,68.96551724137932,0.21900322484254567
160,-0.019999999999999997,-0.002,9,100.0,8,62.5,0.2765663913999885
160,-0.019999999999999997,-0.001,11,100.0,9,66.66666666666666,0.3061386990236979
160,-0.019999999999999997,0.0,15,100.0,10,60.0,-0.545917510751363
160,-0.019999999999999997,0.001,16,100.0,12,66.66666666666666,0.35745148845493
160,-0.019999999999999997,0.002,17,100.0,17,76.47058823529412,0.7557804468880523
160,-0.019999999999999997,0.003,20,100.0,21,71.42857142857143,1.1184662151507903
160,-0.019999999999999997,0.004,23,100.0,23,69.56521739130434,0.9819351355589414
160,-0.019999999999999997,0.005,26,92.3076923076923,27,66.66666666666666,0.958146309325024
160,-0.019999999999999997,0.006,27,92.5925925925926,29,68.96551724137932,1.3816573822389149
160,-0.019999999999999997,0.007000000000000001,28,89.28571428571429,32,68.75,0.524569588661981
160,-0.019999999999999997,0.008,31,87.09677419354838,32,68.75,0.524569588661981
160,-0.018999999999999996,-0.002,10,100.0,9,66.66666666666666,0.7456203911330341
160,-0.018999999999999996,-0.001,12,100.0,10,70.0,0.7253300680210681
160,-0.018999999999999996,0.0,16,100.0,11,63.63636363636363,-0.08737479259238447
160,-0.018999999999999996,0.001,17,100.0,14,64.28571428571429,0.3385340688422073
160,-0.018999999999999996,0.002,19,100.0,19,73.68421052631578,0.6999119315488753
160,-0.018999999999999996,0.003,22,100.0,23,69.56521739130434,1.0407760704564497
160,-0.018999999999999996,0.004,25,100.0,25,68.0,0.9213826888074955
160,-0.018999999999999996,0.005,28,92.85714285714286,29,65.51724137931035,0.9075865329002548
160,-0.018999999999999996,0.006,30,90.0,31,67.74193548387096,1.3070362318471058
160,-0.018999999999999996,0.007000000000000001,31,87.09677419354838,35,68.57142857142857,0.5626968843762089
160,-0.018999999999999996,0.008,34,85.29411764705883,35,68.57142857142857,0.5626968843762089
160,-0.017999999999999995,-0.002,10,100.0,10,60.0,0.3930781817776559
160,-0.017999999999999995,-0.001,12,100.0,12,66.66666666666666,0.4627109635365594
160,-0.017999999999999995,0.0,16,100.0,13,61.53846153846154,-0.20476091048370784
160,-0.017999999999999995,0.001,17,100.0,16,62.5,0.18991924037618335
160,-0.017999999999999995,0.002,19,100.0,23,73.91304347826086,0.6494434062989308
160,-0.017999999999999995,0.003,22,100.0,27,70.37037037037037,0.947285972812782
160,-0.017999999999999995,0.004,25,100.0,29,68.96551724137932,0.8508082367460057
160,-0.017999999999999995,0.005,28,92.85714285714286,33,66.66666666666666,0.8472388211986112
160,-0.017999999999999995,0.006,30,90.0,35,68.57142857142857,1.204485566648773
160,-0.017999999999999995,0.007000000000000001,31,87.09677419354838,39,69.23076923076923,0.5470067332977967
160,-0.017999999999999995,0.008,34,85.29411764705883,39,69.23076923076923,0.5470067332977967
160,-0.016999999999999994,-0.002,10,100.0,13,61.53846153846154,0.41053798401382646
160,-0.016999999999999994,-0.001,12,100.0,15,66.66666666666666,0.46391623578945934
160,-0.016999999999999994,0.0,16,100.0,16,62.5,-0.0784799913678138
160,-0.016999999999999994,0.001,17,100.0,19,63.1578947368421,0.23394314844326902
160,-0.016999999999999994,0.002,19,100.0,26,73.07692307692307,0.6285927045876379
160,-0.016999999999999994,0.003,22,100.0,31,70.96774193548387,0.8733931066006684
160,-0.016999999999999994,0.004,25,100.0,33,69.6969696969697,0.7930879971002961
160,-0.016999999999999994,0.005,28,92.85714285714286,37,67.56756756756756,0.7961444902224262
160,-0.016999999999999994,0.006,30,90.0,40,70.0,1.2185394871674695
160,-0.016999999999999994,0.007000000000000001,32,84.375,44,70.45454545454545,0.634496528468314
160,-0.016999999999999994,0.008,35,82.85714285714286,44,70.45454545454545,0.634496528468314
160,-0.015999999999999993,-0.002,10,100.0,14,64.28571428571429,0.8532568983384318
160,-0.015999999999999993,-0.001,12,100.0,16,68.75,0.8479591450875117
160,-0.015999999999999993,0.0,16,100.0,17,64.70588235294117,0.31487781898078115
160,-0.015999999999999993,0.001,17,100.0,20,65.0,0.5526761302490206
160,-0.015999999999999993,0.002,19,100.0,28,71.42857142857143,0.7691744495434104
160,-0.015999999999999993,0.003,22,100.0,33,69.6969696969697,0.9778381991684123
160,-0.015999999999999993,0.004,25,100.0,35,68.57142857142857,0.8961536620641903
160,-0.015999999999999993,0.005,28,92.85714285714286,39,66.66666666666666,0.8884825745170942
160,-0.015999999999999993,0.006,31,90.32258064516128,42,69.04761904761905,1.284167946538945
160,-0.015999999999999993,0.007000000000000001,33,84.84848484848484,46,69.56521739130434,0.7198113374031025
160,-0.015999999999999993,0.008,36,83.33333333333334,46,69.56521739130434,0.7198113374031025
160,-0.014999999999999993,-0.002,14,78.57142857142857,17,64.70588235294117,0.538817753457665
160,-0.014999999999999993,-0.001,17,82.35294117647058,20,70.0,0.9922909922855945
160,-0.014999999999999993,0.0,21,85.71428571428571,21,66.66666666666666,0.5538760212849991
160,-0.014999999999999993,0.001,23,86.95652173913044,24,66.66666666666666,0.722166505387171
160,-0.014999999999999993,0.002,25,88.0,33,69.6969696969697,0.6560018668002844
160,-0.014999999999999993,0.003,28,89.28571428571429,38,68.42105263157895,0.8521009892039872
160,-0.014999999999999993,0.004,31,90.32258064516128,40,67.5,0.7869138797360142
160,-0.014999999999999993,0.005,34,85.29411764705883,45,64.44444444444444,0.6627058477207598
160,-0.014999999999999993,0.006,37,83.78378378378379,49,65.3061224489796,0.8991425742164951
160,-0.014999999999999993,0.007000000000000001,40,77.5,54,64.81481481481481,0.3536606874350295
160,-0.014999999999999993,0.008,43,76.74418604651163,55,65.45454545454545,0.5794993285931045
160,-0.013999999999999992,-0.002,15,73.33333333333333,17,64.70588235294117,0.538817753457665
160,-0.013999999999999992,-0.001,18,77.77777777777779,20,70.0,0.9922909922855945
160,-0.013999999999999992,0.0,22,81.81818181818183,23,65.21739130434783,0.6396698936609373
160,-0.013999999999999992,0.001,24,83.33333333333334,27,66.66666666666666,1.02275495464425
160,-0.013999999999999992,0.002,26,84.61538461538461,36,69.44444444444444,0.8869569236253342
160,-0.013999999999999992,0.003,29,86.20689655172413,41,68.29268292682927,1.0405420789232722
160,-0.013999999999999992,0.004,33,87.87878787878788,43,67.44186046511628,0.9711382054777489
160,-0.013999999999999992,0.005,36,83.33333333333334,49,63.26530612244898,0.7001804772440525
160,-0.013999999999999992,0.006,40,82.5,55,65.45454545454545,0.8932399379487953
160,-0.013999999999999992,0.007000000000000001,44,75.0,61,65.57377049180327,0.3986991094780343
160,-0.013999999999999992,0.008,47,74.46808510638297,62,66.12903225806451,0.5983134133756332
160,-0.01299999999999999,-0.002,17,70.58823529411765,17,64.70588235294117,0.538817753457665
160,-0.01299999999999999,-0.001,20,75.0,20,70.0,0.9922909922855945
160,-0.01299999999999999,0.0,24,79.16666666666666,23,65.21739130434783,0.6396698936609373
160,-0.01299999999999999,0.001,26,80.76923076923077,28,64.28571428571429,0.7741562765029372
160,-0.01299999999999999,0.002,29,82.75862068965517,38,68.42105263157895,0.705794938970374
160,-0.01299999999999999,0.003,33,84.84848484848484,45,64.44444444444444,0.6368480515902109
160,-0.01299999999999999,0.004,37,86.48648648648648,47,63.829787234042556,0.5905293600265648
160,-0.01299999999999999,0.005,40,82.5,53,60.37735849056604,0.3831090654842247
160,-0.01299999999999999,0.006,44,81.81818181818183,59,62.71186440677966,0.5953242995404929
160,-0.01299999999999999,0.007000000000000001,48,75.0,65,63.07692307692307,0.15871665790562195
160,-0.01299999999999999,0.008,51,74.50980392156863,67,62.68656716417911,0.3374256545614071
160,-0.01199999999999999,-0.002,18,72.22222222222221,17,64.70588235294117,0.538817753457665
160,-0.01199999999999999,-0.001,22,77.27272727272727,20,70.0,0.9922909922855945
160,-0.01199999999999999,0.0,26,80.76923076923077,23,65.21739130434783,0.6396698936609373
160,-0.01199999999999999,0.001,28,82.14285714285714,28,64.28571428571429,0.7741562765029372
160,-0.01199999999999999,0.002,32,84.375,38,68.42105263157895,0.705794938970374
160,-0.01199999999999999,0.003,36,86.11111111111111,45,64.44444444444444,0.6368480515902109
160,-0.01199999999999999,0.004,42,85.71428571428571,48,62.5,0.5178937370449405
160,-0.01199999999999999,0.005,46,82.6086956521739,54,59.25925925925925,0.3223851838439353
160,-0.01199999999999999,0.006,50,82.0,60,61.66666666666667,0.5371358854966279
160,-0.01199999999999999,0.007000000000000001,54,75.92592592592592,66,62.121212121212125,0.11243336698142474
160,-0.01199999999999999,0.008,59,74.57627118644068,68,61.76470588235294,0.28987556341945414
160,-0.010999999999999989,-0.002,19,73.68421052631578,19,68.42105263157895,0.7543558127985189
160,-0.010999999999999989,-0.001,23,78.26086956521739,23,69.56521739130434,0.9200402187611073
160,-0.010999999999999989,0.0,27,81.48148148148148,27,62.96296296296296,0.361813867323194
160,-0.010999999999999989,0.001,30,80.0,34,61.76470588235294,0.44271854919800785
160,-0.010999999999999989,0.002,34,82.35294117647058,44,65.9090909090909,0.459005968443733
160,-0.010999999999999989,0.003,39,82.05128205128204,52,61.53846153846154,0.3231386048594891
160,-0.010999999999999989,0.004,45,82.22222222222221,56,58.92857142857143,0.18960433843286825
160,-0.010999999999999989,0.005,49,79.59183673469387,62,56.451612903225815,0.051092637123483685
160,-0.010999999999999989,0.006,53,79.24528301886792,68,58.82352941176471,0.2645161279982523
160,-0.010999999999999989,0.007000000000000001,58,74.13793103448276,75,58.666666666666664,-0.11355826835099478
160,-0.010999999999999989,0.008,63,73.01587301587301,77,58.44155844155844,0.04901384370680828
160,-0.009999999999999988,-0.002,20,75.0,20,65.0,0.5112343197862417
160,-0.009999999999999988,-0.001,25,76.0,25,68.0,0.8101656759032118
160,-0.009999999999999988,0.0,29,79.3103448275862,29,62.06896551724138,0.3055928028896919
160,-0.009999999999999988,0.001,32,78.125,36,61.111111111111114,0.39293465385575277
160,-0.009999999999999988,0.002,37,78.37837837837837,46,65.21739130434783,0.41933651038258846
160,-0.009999999999999988,0.003,42,78.57142857142857,54,61.111111111111114,0.294378228125338
160,-0.009999999999999988,0.004,49,77.55102040816327,59,59.32203389830508,0.2516387931673036
160,-0.009999999999999988,0.005,53,75.47169811320755,66,56.060606060606055,0.0020102357145767124
160,-0.009999999999999988,0.006,57,75.43859649122807,72,58.333333333333336,0.2076670661026003
160,-0.009999999999999988,0.007000000000000001,62,70.96774193548387,79,58.22784810126582,-0.1462270641875765
160,-0.009999999999999988,0.008,67,70.1492537313433,81,58.0246913580247,0.009123432357163987
170,-0.025,-0.002,5,100.0,3,66.66666666666666,-3.5782355250472313
170,-0.025,-0.001,5,100.0,4,75.0,-2.547997353782081
170,-0.025,0.0,6,100.0,4,75.0,-2.547997353782081
170,-0.025,0.001,7,100.0,6,83.33333333333334,-0.07389940769258867
170,-0.025,0.002,8,100.0,10,90.0,0.5509360332825988
170,-0.025,0.003,9,100.0,11,90.9090909090909,1.6505839466476964
170,-0.025,0.004,11,100.0,13,84.61538461538461,1.3271646932933618
170,-0.025,0.005,14,85.71428571428571,16,75.0,1.1800091916254694
170,-0.025,0.006,14,85.71428571428571,18,77.77777777777779,1.8376811555089105
170,-0.025,0.007000000000000001,15,80.0,18,77.77777777777779,1.8376811555089105
170,-0.025,0.008,17,76.47058823529412,18,77.77777777777779,1.8376811555089105
170,-0.024,-0.002,5,100.0,4,75.0,0.6540042812060749
170,-0.024,-0.001,5,100.0,5,80.0,0.6317468569675334
170,-0.024,0.0,6,100.0,5,80.0,0.6317468569675334
170,-0.024,0.001,7,100.0,7,85.71428571428571,1.8439038934014944
170,-0.024,0.002,8,100.0,11,90.9090909090909,1.7145530938901798
170,-0.024,0.003,9,100.0,12,91.66666666666666,2.6255955927575543
170,-0.024,0.004,11,100.0,14,85.71428571428571,2.1859903366271207
170,-0.024,0.005,14,85.71428571428571,17,76.47058823529412,1.8959335744690289
170,-0.024,0.006,14,85.71428571428571,19,78.94736842105263,2.443630763111915
170,-0.024,0.007000000000000001,15,80.0,19,78.94736842105263,2.443630763111915
170,-0.024,0.008,17,76.47058823529412,19,78.94736842105263,2.443630763111915
170,-0.023,-0.002,5,100.0,5,60.0,0.2810557767908257
170,-0.023,-0.001,6,100.0,6,66.66666666666666,0.324666007327916
170,-0.023,0.0,7,100.0,6,66.66666666666666,0.324666007327916
170,-0.023,0.001,8,100.0,8,75.0,1.4620736266175358
170,-0.023,0.002,9,100.0,12,83.33333333333334,1.4707788159934845
170,-0.023,0.003,10,100.0,13,84.61538461538461,2.3304929901708062
170,-0.023,0.004,12,100.0,15,80.0,1.9595417647939681
170,-0.023,0.005,15,86.66666666666667,18,72.22222222222221,1.7233406958390736
170,-0.023,0.006,16,87.5,20,75.0,2.2609123129128106
170,-0.023,0.007000000000000001,17,82.35294117647058,20,75.0,2.2609123129128106
170,-0.023,0.008,20,80.0,20,75.0,2.2609123129128106
170,-0.022,-0.002,5,100.0,6,66.66666666666666,1.2582100355738113
170,-0.022,-0.001,6,100.0,7,71.42857142857143,1.1559967676366054
170,-0.022,0.0,7,100.0,7,71.42857142857143,1.1559967676366054
170,-0.022,0.001,8,100.0,9,77.77777777777779,1.9822855936032253
170,-0.022,0.002,9,100.0,13,84.61538461538461,1.8302559324161964
170,-0.022,0.003,10,100.0,14,85.71428571428571,2.6028850144078013
170,-0.022,0.004,12,100.0,16,81.25,2.2210692375873915
170,-0.022,0.005,15,86.66666666666667,19,73.68421052631578,1.9560059923469506
170,-0.022,0.006,16,87.5,21,76.19047619047619,2.445820361321189
170,-0.022,0.007000000000000001,17,82.35294117647058,22,72.72727272727273,0.6908786645781251
170,-0.022,0.008,20,80.0,22,72.72727272727273,0.6908786645781251
170,-0.020999999999999998,-0.002,5,100.0,7,57.14285714285714,0.06359475316642157
170,-0.020999999999999998,-0.001,7,100.0,8,62.5,0.12348505402228982
170,-0.020999999999999998,0.0,9,100.0,9,55.55555555555556,-0.802949218505399
170,-0.020999999999999998,0.001,10,100.0,11,63.63636363636363,0.22927727294765435
170,-0.020999999999999998,0.002,11,100.0,16,75.0,0.6925562336288708
170,-0.020999999999999998,0.003,12,100.0,17,76.47058823529412,1.3957625187270941
170,-0.020999999999999998,0.004,14,100.0,19,73.68421052631578,1.201298969371034
170,-0.020999999999999998,0.005,17,88.23529411764706,22,68.18181818181817,1.1114402941474297
170,-0.020999999999999998,0.006,18,88.88888888888889,24,70.83333333333334,1.6104083418498474
170,-0.020999999999999998,0.007000000000000001,19,84.21052631578947,25,68.0,0.09947612949480501
170,-0.020999999999999998,0.008,22,81.81818181818183,25,68.0,0.09947612949480501
170,-0.019999999999999997,-0.002,8,100.0,7,57.14285714285714,0.06359475316642157
170,-0.019999999999999997,-0.001,10,100.0,8,62.5,0.12348505402228982
170,-0.019999999999999997,0.0,13,100.0,9,55.55555555555556,-0.802949218505399
170,-0.019999999999999997,0.001,14,100.0,11,63.63636363636363,0.22927727294765435
170,-0.019999999999999997,0.002,15,100.0,16,75.0,0.6925562336288708
170,-0.019999999999999997,0.003,17,100.0,17,76.47058823529412,1.3957625187270941
170,-0.019999999999999997,0.004,19,100.0,19,73.68421052631578,1.201298969371034
170,-0.019999999999999997,0.005,22,90.9090909090909,22,68.18181818181817,1.1114402941474297
170,-0.019999999999999997,0.006,23,91.30434782608695,24,70.83333333333334,1.6104083418498474
170,-0.019999999999999997,0.007000000000000001,24,87.5,27,70.37037037037037,0.5691838132093038
170,-0.019999999999999997,0.008,27,85.18518518518519,27,70.37037037037037,0.5691838132093038
170,-0.018999999999999996,-0.002,9,100.0,8,62.5,0.6179019576452938
170,-0.018999999999999996,-0.001,11,100.0,9,66.66666666666666,0.6095480912417466
170,-0.018999999999999996,0.0,14,100.0,10,60.0,-0.2728490577551188
170,-0.018999999999999996,0.001,15,100.0,13,61.53846153846154,0.2286237772889185
170,-0.018999999999999996,0.002,17,100.0,18,72.22222222222221,0.6406088244663154
170,-0.018999999999999996,0.003,19,100.0,19,73.68421052631578,1.2725274695101232
170,-0.018999999999999996,0.004,21,100.0,21,71.42857142857143,1.1083209295419707
170,-0.018999999999999996,0.005,24,91.66666666666666,24,66.66666666666666,1.0375727322322996
170,-0.018999999999999996,0.006,26,88.46153846153845,26,69.23076923076923,1.5038407425664646
170,-0.018999999999999996,0.007000000000000001,27,85.18518518518519,30,70.0,0.6092042357545037
170,-0.018999999999999996,0.008,30,83.33333333333334,30,70.0,0.6092042357545037
170,-0.017999999999999995,-0.002,9,100.0,9,55.55555555555556,0.24037932874906667
170,-0.017999999999999995,-0.001,11,100.0,11,63.63636363636363,0.34410579121852275
170,-0.017999999999999995,0.0,14,100.0,12,58.333333333333336,-0.36910497461026326
170,-0.017999999999999995,0.001,15,100.0,15,60.0,0.08475599913226523
170,-0.017999999999999995,0.002,17,100.0,21,71.42857142857143,0.5303132248038265
170,-0.017999999999999995,0.003,19,100.0,22,72.72727272727273,1.0810745818717737
170,-0.017999999999999995,0.004,21,100.0,24,70.83333333333334,0.9533482667028367
170,-0.017999999999999995,0.005,24,91.66666666666666,27,66.66666666666666,0.9076801649652549
170,-0.017999999999999995,0.006,26,88.46153846153845,29,68.96551724137932,1.3346716616280954
170,-0.017999999999999995,0.007000000000000001,27,85.18518518518519,33,69.6969696969697,0.5418710894885396
170,-0.017999999999999995,0.008,30,83.33333333333334,33,69.6969696969697,0.5418710894885396
170,-0.016999999999999994,-0.002,9,100.0,12,58.333333333333336,0.2974688277620651
170,-0.016999999999999994,-0.001,11,100.0,14,64.28571428571429,0.37081254841478056
170,-0.016999999999999994,0.0,14,100.0,15,60.0,-0.20153651472799877
170,-0.016999999999999994,0.001,15,100.0,18,61.111111111111114,0.1487528867437305
170,-0.016999999999999994,0.002,17,100.0,24,70.83333333333334,0.5226162373034807
170,-0.016999999999999994,0.003,19,100.0,26,73.07692307692307,0.9723886861482551
170,-0.016999999999999994,0.004,21,100.0,28,71.42857142857143,0.8706722656979887
170,-0.016999999999999994,0.005,24,91.66666666666666,31,67.74193548387096,0.838897725572177
170,-0.016999999999999994,0.006,26,88.46153846153845,34,70.58823529411765,1.3320606718001913
170,-0.016999999999999994,0.007000000000000001,28,82.14285714285714,38,71.05263157894737,0.6438508054503561
170,-0.016999999999999994,0.008,31,80.64516129032258,38,71.05263157894737,0.6438508054503561
170,-0.015999999999999993,-0.002,9,100.0,13,61.53846153846154,0.7829406705925448
170,-0.015999999999999993,-0.001,11,100.0,15,66.66666666666666,0.7866652308243486
170,-0.015999999999999993,0.0,14,100.0,16,62.5,0.22409719147739482
170,-0.015999999999999993,0.001,15,100.0,19,63.1578947368421,0.48874498662870824
170,-0.015999999999999993,0.002,17,100.0,26,69.23076923076923,0.6821639985854016
170,-0.015999999999999993,0.003,19,100.0,28,71.42857142857143,1.0884135752782689
170,-0.015999999999999993,0.004,21,100.0,30,70.0,0.9857432569160192
170,-0.015999999999999993,0.005,24,91.66666666666666,33,66.66666666666666,0.9454334472931628
170,-0.015999999999999993,0.006,27,88.88888888888889,36,69.44444444444444,1.4023204752539833
170,-0.015999999999999993,0.007000000000000001,29,82.75862068965517,40,70.0,0.7414951218762609
170,-0.015999999999999993,0.008,32,81.25,40,70.0,0.7414951218762609
170,-0.014999999999999993,-0.002,12,75.0,16,62.5,0.4620333718590842
170,-0.014999999999999993,-0.001,15,80.0,19,68.42105263157895,0.9514974729829963
170,-0.014999999999999993,0.0,18,83.33333333333334,20,65.0,0.493201429397501
170,-0.014999999999999993,0.001,20,85.0,23,65.21739130434783,0.6767229682720499
170,-0.014999999999999993,0.002,22,86.36363636363636,31,67.74193548387096,0.5757239025940109
170,-0.014999999999999993,0.003,24,87.5,33,69.6969696969697,0.9268714280298614
170,-0.014999999999999993,0.004,26,88.46153846153845,35,68.57142857142857,0.848099277847842
170,-0.014999999999999993,0.005,29,82.75862068965517,39,64.1025641025641,0.6761601667164587
170,-0.014999999999999993,0.006,32,81.25,43,65.11627906976744,0.9443364997933944
170,-0.014999999999999993,0.007000000000000001,34,76.47058823529412,48,64.58333333333334,0.3259616765833189
170,-0.014999999999999993,0.008,37,75.67567567567568,48,64.58333333333334,0.3259616765833189
170,-0.013999999999999992,-0.002,13,69.23076923076923,16,62.5,0.4620333718590842
170,-0.013999999999999992,-0.001,16,75.0,19,68.42105263157895,0.9514974729829963
170,-0.013999999999999992,0.0,19,78.94736842105263,22,63.63636363636363,0.5884108952348452
170,-0.013999999999999992,0.001,21,80.95238095238095,26,65.38461538461539,0.9941159967830688
170,-0.013999999999999992,0.002,23,82.6086956521739,34,67.64705882352942,0.8273479007799112
170,-0.013999999999999992,0.003,25,84.0,36,69.44444444444444,1.135254021419113
170,-0.013999999999999992,0.004,28,85.71428571428571,38,68.42105263157895,1.051733220283608
170,-0.013999999999999992,0.005,31,80.64516129032258,43,62.7906976744186,0.7176122497550296
170,-0.013999999999999992,0.006,35,80.0,49,65.3061224489796,0.9321771416671724
170,-0.013999999999999992,0.007000000000000001,38,73.68421052631578,55,65.45454545454545,0.3794387096848691
170,-0.013999999999999992,0.008,41,73.17073170731707,55,65.45454545454545,0.3794387096848691
170,-0.01299999999999999,-0.002,15,66.66666666666666,16,62.5,0.4620333718590842
170,-0.01299999999999999,-0.001,18,72.22222222222221,19,68.42105263157895,0.9514974729829963
170,-0.01299999999999999,0.0,21,76.19047619047619,22,63.63636363636363,0.5884108952348452
170,-0.01299999999999999,0.001,23,78.26086956521739,27,62.96296296296296,0.7373706623350849
170,-0.01299999999999999,0.002,26,80.76923076923077,36,66.66666666666666,0.639432973802199
170,-0.01299999999999999,0.003,28,82.14285714285714,40,65.0,0.6716270464198351
170,-0.01299999999999999,0.004,31,83.87096774193549,42,64.28571428571429,0.6181380822972012
170,-0.01299999999999999,0.005,34,79.41176470588235,47,59.57446808510638,0.35858008138663006
170,-0.01299999999999999,0.006,38,78.94736842105263,53,62.264150943396224,0.5975965476867316
170,-0.01299999999999999,0.007000000000000001,41,73.17073170731707,59,62.71186440677966,0.11635705285378208
170,-0.01299999999999999,0.008,44,72.72727272727273,60,61.66666666666667,0.10635360431654696
170,-0.01199999999999999,-0.002,16,68.75,16,62.5,0.4620333718590842
170,-0.01199999999999999,-0.001,20,75.0,19,68.42105263157895,0.9514974729829963
170,-0.01199999999999999,0.0,23,78.26086956521739,22,63.63636363636363,0.5884108952348452
170,-0.01199999999999999,0.001,25,80.0,27,62.96296296296296,0.7373706623350849
170,-0.01199999999999999,0.002,29,82.75862068965517,36,66.66666666666666,0.639432973802199
170,-0.01199999999999999,0.003,31,83.87096774193549,40,65.0,0.6716270464198351
170,-0.01199999999999999,0.004,36,83.33333333333334,43,62.7906976744186,0.5364143933346758
170,-0.01199999999999999,0.005,39,79.48717948717949,48,58.333333333333336,0.29077673504333784
170,-0.01199999999999999,0.006,43,79.06976744186046,54,61.111111111111114,0.5329006756352848
170,-0.01199999999999999,0.007000000000000001,46,73.91304347826086,60,61.66666666666667,0.06615142625469575
170,-0.01199999999999999,0.008,51,72.54901960784314,61,60.65573770491803,0.05713501173608868
170,-0.010999999999999989,-0.002,17,70.58823529411765,16,62.5,0.4620333718590842
170,-0.010999999999999989,-0.001,21,76.19047619047619,20,65.0,0.711034926903948
170,-0.010999999999999989,0.0,24,79.16666666666666,24,58.333333333333336,0.11786449684582223
170,-0.010999999999999989,0.001,27,77.77777777777779,31,58.06451612903226,0.261684005784057
170,-0.010999999999999989,0.002,31,80.64516129032258,40,62.5,0.2805695838284413
170,-0.010999999999999989,0.003,34,79.41176470588235,45,60.0,0.21860596341190655
170,-0.010999999999999989,0.004,39,79.48717948717949,49,57.14285714285714,0.07452865006291796
170,-0.010999999999999989,0.005,42,76.19047619047619,54,53.70370370370371,-0.10104873663384918
170,-0.010999999999999989,0.006,46,76.08695652173914,60,56.666666666666664,0.1560453570666221
170,-0.010999999999999989,0.007000000000000001,49,71.42857142857143,66,57.57575757575758,-0.23401256795494438
170,-0.010999999999999989,0.008,54,70.37037037037037,67,56.71641791044776,-0.23774148275233817
170,-0.009999999999999988,-0.002,18,72.22222222222221,17,58.82352941176471,0.19320352366460702
170,-0.009999999999999988,-0.001,23,73.91304347826086,22,63.63636363636363,0.6051779729160809
170,-0.009999999999999988,0.0,26,76.92307692307693,26,57.692307692307686,0.07392172270671342
170,-0.009999999999999988,0.001,29,75.86206896551724,33,57.57575757575758,0.21834609228426025
170,-0.009999999999999988,0.002,34,76.47058823529412,42,61.904761904761905,0.24561905283839222
170,-0.009999999999999988,0.003,37,75.67567567567568,47,59.57446808510638,0.1900103238215024
170,-0.009999999999999988,0.004,43,74.4186046511628,52,57.692307692307686,0.1515528788021782
170,-0.009999999999999988,0.005,46,71.73913043478261,58,53.44827586206896,-0.14640861590899618
170,-0.009999999999999988,0.006,50,72.0,64,56.25,0.09886958561724037
170,-0.009999999999999988,0.007000000000000001,53,67.9245283018868,70,57.14285714285714,-0.26399853470743234
170,-0.009999999999999988,0.008,58,67.24137931034483,71,56.33802816901409,-0.26709503223803643
180,-0.025,-0.002,3,100.0,3,66.66666666666666,-3.5782355250472313
180,-0.025,-0.001,3,100.0,4,75.0,-2.547997353782081
180,-0.025,0.0,4,100.0,4,75.0,-2.547997353782081
180,-0.025,0.001,5,100.0,5,80.0,-0.3019179409213244
180,-0.025,0.002,6,100.0,9,88.88888888888889,0.4936852304860998
180,-0.025,0.003,7,100.0,10,90.0,1.7090230154673567
180,-0.025,0.004,9,100.0,12,83.33333333333334,1.3489123128635514
180,-0.025,0.005,12,83.33333333333334,15,73.33333333333333,1.1875969205037609
180,-0.025,0.006,12,83.33333333333334,17,76.47058823529412,1.8830627965123115
180,-0.025,0.007000000000000001,13,76.92307692307693,17,76.47058823529412,1.8830627965123115
180,-0.025,0.008,15,73.33333333333333,17,76.47058823529412,1.8830627965123115
180,-0.024,-0.002,3,100.0,4,75.0,0.6540042812060749
180,-0.024,-0.001,3,100.0,5,80.0,0.6317468569675334
180,-0.024,0.0,4,100.0,5,80.0,0.6317468569675334
180,-0.024,0.001,5,100.0,6,83.33333333333334,1.9735223325598945
180,-0.024,0.002,6,100.0,10,90.0,1.779389077434089
180,-0.024,0.003,7,100.0,11,90.9090909090909,2.7673594413308686
180,-0.024,0.004,9,100.0,13,84.61538461538461,2.272128573409893
180,-0.024,0.005,12,83.33333333333334,16,75.0,1.9477923442201506
180,-0.024,0.006,12,83.33333333333334,18,77.77777777777779,2.520155068926405
180,-0.024,0.007000000000000001,13,76.92307692307693,18,77.77777777777779,2.520155068926405
180,-0.024,0.008,15,73.33333333333333,18,77.77777777777779,2.520155068926405
180,-0.023,-0.002,3,100.0,5,60.0,0.2810557767908257
180,-0.023,-0.001,4,100.0,6,66.66666666666666,0.324666007327916
180,-0.023,0.0,5,100.0,6,66.66666666666666,0.324666007327916
180,-0.023,0.001,6,100.0,7,71.42857142857143,1.518627964927028
180,-0.023,0.002,7,100.0,11,81.81818181818183,1.507559321224611
180,-0.023,0.003,8,100.0,12,83.33333333333334,2.4358513011474487
180,-0.023,0.004,10,100.0,14,78.57142857142857,2.0233523723898883
180,-0.023,0.005,13,84.61538461538461,17,70.58823529411765,1.7619964274501316
180,-0.023,0.006,13,84.61538461538461,19,73.68421052631578,2.323792263147638
180,-0.023,0.007000000000000001,14,78.57142857142857,19,73.68421052631578,2.323792263147638
180,-0.023,0.008,17,76.47058823529412,19,73.68421052631578,2.323792263147638
180,-0.022,-0.002,3,100.0,6,66.66666666666666,1.2582100355738113
180,-0.022,-0.001,4,100.0,7,71.42857142857143,1.1559967676366054
180,-0.022,0.0,5,100.0,7,71.42857142857143,1.1559967676366054
180,-0.022,0.001,6,100.0,8,75.0,2.0967971354972423
180,-0.022,0.002,7,100.0,12,83.33333333333334,1.8939278219132882
180,-0.022,0.003,8,100.0,13,84.61538461538461,2.7210920725583176
180,-0.022,0.004,10,100.0,15,80.0,2.2980609695298115
180,-0.022,0.005,13,84.61538461538461,18,72.22222222222221,2.0054400331189433
180,-0.022,0.006,13,84.61538461538461,20,75.0,2.5148017164646936
180,-0.022,0.007000000000000001,14,78.57142857142857,21,71.42857142857143,0.673006541060365
180,-0.022,0.008,17,76.47058823529412,21,71.42857142857143,0.673006541060365
180,-0.020999999999999998,-0.002,3,100.0,7,57.14285714285714,0.06359475316642157
180,-0.020999999999999998,-0.001,5,100.0,8,62.5,0.12348505402228982
180,-0.020999999999999998,0.0,7,100.0,8,62.5,0.12348505402228982
180,-0.020999999999999998,0.001,8,100.0,9,66.66666666666666,1.0744755714111132
180,-0.020999999999999998,0.002,9,100.0,14,78.57142857142857,1.3020807055955534
180,-0.020999999999999998,0.003,10,100.0,15,80.0,2.0584128639090937
180,-0.020999999999999998,0.004,12,100.0,17,76.47058823529412,1.763112385783851
180,-0.020999999999999998,0.005,15,86.66666666666667,20,70.0,1.5799958305759634
180,-0.020999999999999998,0.006,15,86.66666666666667,22,72.72727272727273,2.081728652030552
180,-0.020999999999999998,0.007000000000000001,16,81.25,23,69.56521739130434,0.4189188425063455
180,-0.020999999999999998,0.008,19,78.94736842105263,23,69.56521739130434,0.4189188425063455
180,-0.019999999999999997,-0.002,6,100.0,7,57.14285714285714,0.06359475316642157
180,-0.019999999999999997,-0.001,8,100.0,8,62.5,0.12348505402228982
180,-0.019999999999999997,0.0,11,100.0,8,62.5,0.12348505402228982
180,-0.019999999999999997,0.001,12,100.0,9,66.66666666666666,1.0744755714111132
180,-0.019999999999999997,0.002,13,100.0,14,78.57142857142857,1.3020807055955534
180,-0.019999999999999997,0.003,15,100.0,15,80.0,2.0584128639090937
180,-0.019999999999999997,0.004,17,100.0,17,76.47058823529412,1.763112385783851
180,-0.019999999999999997,0.005,20,90.0,20,70.0,1.5799958305759634
180,-0.019999999999999997,0.006,20,90.0,22,72.72727272727273,2.081728652030552
180,-0.019999999999999997,0.007000000000000001,21,85.71428571428571,25,72.0,0.9006477238770806
180,-0.019999999999999997,0.008,24,83.33333333333334,25,72.0,0.9006477238770806
180,-0.018999999999999996,-0.002,7,100.0,8,62.5,0.6179019576452938
180,-0.018999999999999996,-0.001,9,100.0,9,66.66666666666666,0.6095480912417466
180,-0.018999999999999996,0.0,12,100.0,9,66.66666666666666,0.6095480912417466
180,-0.018999999999999996,0.001,13,100.0,11,63.63636363636363,0.9200308404574329
180,-0.018999999999999996,0.002,15,100.0,16,75.0,1.167449311291843
180,-0.018999999999999996,0.003,17,100.0,17,76.47058823529412,1.8427207094687155
180,-0.018999999999999996,0.004,19,100.0,19,73.68421052631578,1.6012089295082743
180,-0.018999999999999996,0.005,22,90.9090909090909,22,68.18181818181817,1.4568170779023182
180,-0.018999999999999996,0.006,23,86.95652173913044,24,70.83333333333334,1.9270037269584959
180,-0.018999999999999996,0.007000000000000001,24,83.33333333333334,28,71.42857142857143,0.908012757603962
180,-0.018999999999999996,0.008,27,81.48148148148148,28,71.42857142857143,0.908012757603962
180,-0.017999999999999995,-0.002,7,100.0,9,55.55555555555556,0.24037932874906667
180,-0.017999999999999995,-0.001,9,100.0,11,63.63636363636363,0.34410579121852275
180,-0.017999999999999995,0.0,12,100.0,11,63.63636363636363,0.34410579121852275
180,-0.017999999999999995,0.001,13,100.0,13,61.53846153846154,0.6476592405584461
180,-0.017999999999999995,0.002,15,100.0,19,73.68421052631578,0.9623583084819037
180,-0.017999999999999995,0.003,17,100.0,20,75.0,1.546593547072742
180,-0.017999999999999995,0.004,19,100.0,22,72.72727272727273,1.364935842779268
180,-0.017999999999999995,0.005,22,90.9090909090909,25,68.0,1.2662237837735082
180,-0.017999999999999995,0.006,23,86.95652173913044,27,70.37037037037037,1.6982854936107623
180,-0.017999999999999995,0.007000000000000001,24,83.33333333333334,31,70.96774193548387,0.8074185836579877
180,-0.017999999999999995,0.008,27,81.48148148148148,31,70.96774193548387,0.8074185836579877
180,-0.016999999999999994,-0.002,7,100.0,11,63.63636363636363,1.4132197337537151
180,-0.016999999999999994,-0.001,9,100.0,13,69.23076923076923,1.3205512935348471
180,-0.016999999999999994,0.0,12,100.0,13,69.23076923076923,1.3205512935348471
180,-0.016999999999999994,0.001,13,100.0,15,66.66666666666666,1.4534382159872699
180,-0.016999999999999994,0.002,15,100.0,21,76.19047619047619,1.507943379700259
180,-0.016999999999999994,0.003,17,100.0,22,77.27272727272727,2.014267002454732
180,-0.016999999999999994,0.004,19,100.0,24,75.0,1.808774652237215
180,-0.016999999999999994,0.005,22,90.9090909090909,27,70.37037037037037,1.6680591743291464
180,-0.016999999999999994,0.006,23,86.95652173913044,30,73.33333333333333,2.1440610351785323
180,-0.016999999999999994,0.007000000000000001,24,83.33333333333334,34,73.52941176470588,1.2793558476842062
180,-0.016999999999999994,0.008,27,81.48148148148148,34,73.52941176470588,1.2793558476842062
180,-0.015999999999999993,-0.002,7,100.0,12,66.66666666666666,1.8461683213207634
180,-0.015999999999999993,-0.001,9,100.0,14,71.42857142857143,1.6982692571793785
180,-0.015999999999999993,0.0,12,100.0,14,71.42857142857143,1.6982692571793785
180,-0.015999999999999993,0.001,13,100.0,16,68.75,1.7756360015229593
180,-0.015999999999999993,0.002,15,100.0,23,73.91304347826086,1.60262109746271
180,-0.015999999999999993,0.003,17,100.0,24,75.0,2.0628061800808752
180,-0.015999999999999993,0.004,19,100.0,26,73.07692307692307,1.869387150831925
180,-0.015999999999999993,0.005,22,90.9090909090909,29,68.96551724137932,1.7321059301663395
180,-0.015999999999999993,0.006,24,87.5,32,71.875,2.1723532913529024
180,-0.015999999999999993,0.007000000000000001,25,84.0,36,72.22222222222221,1.3525436969222195
180,-0.015999999999999993,0.008,28,82.14285714285714,36,72.22222222222221,1.3525436969222195
180,-0.014999999999999993,-0.002,10,70.0,14,64.28571428571429,1.3788410125533397
180,-0.014999999999999993,-0.001,13,76.92307692307693,17,70.58823529411765,1.7640995419222552
180,-0.014999999999999993,0.0,16,81.25,17,70.58823529411765,1.7640995419222552
180,-0.014999999999999993,0.001,18,83.33333333333334,19,68.42105263157895,1.8223209808702308
180,-0.014999999999999993,0.002,20,85.0,27,70.37037037037037,1.3669226424700582
180,-0.014999999999999993,0.003,22,86.36363636363636,28,71.42857142857143,1.7697848009639365
180,-0.014999999999999993,0.004,24,87.5,30,70.0,1.6216897342226426
180,-0.014999999999999993,0.005,27,81.48148148148148,34,64.70588235294117,1.3334548177631387
180,-0.014999999999999993,0.006,29,79.3103448275862,38,65.78947368421053,1.5677285998189683
180,-0.014999999999999993,0.007000000000000001,30,76.66666666666667,43,65.11627906976744,0.8049622739070723
180,-0.014999999999999993,0.008,33,75.75757575757575,43,65.11627906976744,0.8049622739070723
180,-0.013999999999999992,-0.002,11,63.63636363636363,14,64.28571428571429,1.3788410125533397
180,-0.013999999999999992,-0.001,14,71.42857142857143,17,70.58823529411765,1.7640995419222552
180,-0.013999999999999992,0.0,17,76.47058823529412,19,68.42105263157895,1.7405633326260483
180,-0.013999999999999992,0.001,19,78.94736842105263,22,68.18181818181817,2.0412039219380467
180,-0.013999999999999992,0.002,21,80.95238095238095,30,70.0,1.5729766330931405
180,-0.013999999999999992,0.003,23,82.6086956521739,31,70.96774193548387,1.9302052281642863
180,-0.013999999999999992,0.004,26,84.61538461538461,33,69.6969696969697,1.78585089917521
180,-0.013999999999999992,0.005,29,79.3103448275862,38,63.1578947368421,1.3111722116176605
180,-0.013999999999999992,0.006,32,78.125,44,65.9090909090909,1.4691794828112783
180,-0.013999999999999992,0.007000000000000001,34,73.52941176470588,50,66.0,0.7967269266934521
180,-0.013999999999999992,0.008,37,72.97297297297297,50,66.0,0.7967269266934521
180,-0.01299999999999999,-0.002,13,61.53846153846154,14,64.28571428571429,1.3788410125533397
180,-0.01299999999999999,-0.001,16,68.75,17,70.58823529411765,1.7640995419222552
180,-0.01299999999999999,0.0,19,73.68421052631578,19,68.42105263157895,1.7405633326260483
180,-0.01299999999999999,0.001,21,76.19047619047619,22,68.18181818181817,2.0412039219380467
180,-0.01299999999999999,0.002,24,79.16666666666666,31,70.96774193548387,1.5489375953699647
180,-0.01299999999999999,0.003,26,80.76923076923077,34,67.64705882352942,1.5226560938856097
180,-0.01299999999999999,0.004,29,82.75862068965517,36,66.66666666666666,1.4129729108833269
180,-0.01299999999999999,0.005,32,78.125,41,60.97560975609756,1.0184997356216814
180,-0.01299999999999999,0.006,35,77.14285714285715,47,63.829787234042556,1.2037838800577472
180,-0.01299999999999999,0.007000000000000001,37,72.97297297297297,53,64.15094339622641,0.5994394613903856
180,-0.01299999999999999,0.008,40,72.5,54,62.96296296296296,0.5793785480427803
180,-0.01199999999999999,-0.002,14,64.28571428571429,14,64.28571428571429,1.3788410125533397
180,-0.01199999999999999,-0.001,18,72.22222222222221,17,70.58823529411765,1.7640995419222552
180,-0.01199999999999999,0.0,21,76.19047619047619,19,68.42105263157895,1.7405633326260483
180,-0.01199999999999999,0.001,23,78.26086956521739,22,68.18181818181817,2.0412039219380467
180,-0.01199999999999999,0.002,26,80.76923076923077,31,70.96774193548387,1.5489375953699647
180,-0.01199999999999999,0.003,28,82.14285714285714,34,67.64705882352942,1.5226560938856097
180,-0.01199999999999999,0.004,33,81.81818181818183,37,64.86486486486487,1.2965147094245506
180,-0.01199999999999999,0.005,36,77.77777777777779,42,59.523809523809526,0.9252978242237511
180,-0.01199999999999999,0.006,39,76.92307692307693,48,62.5,1.1183721212421396
180,-0.01199999999999999,0.007000000000000001,41,73.17073170731707,54,62.96296296296296,0.5347094613073899
180,-0.01199999999999999,0.008,46,71.73913043478261,55,61.81818181818181,0.5161902009312496
180,-0.010999999999999989,-0.002,14,64.28571428571429,14,64.28571428571429,1.3788410125533397
180,-0.010999999999999989,-0.001,18,72.22222222222221,18,66.66666666666666,1.4517743757822428
180,-0.010999999999999989,0.0,21,76.19047619047619,21,61.904761904761905,1.0930672166203832
180,-0.010999999999999989,0.001,24,75.0,26,61.53846153846154,1.2734493299575194
180,-0.010999999999999989,0.002,27,77.77777777777779,35,65.71428571428571,1.0348646215064967
180,-0.010999999999999989,0.003,29,79.3103448275862,39,61.53846153846154,0.8908331715090545
180,-0.010999999999999989,0.004,34,79.41176470588235,43,58.139534883720934,0.66411928345117
180,-0.010999999999999989,0.005,37,75.67567567567568,48,54.166666666666664,0.40517903243936376
180,-0.010999999999999989,0.006,40,75.0,54,57.407407407407405,0.6345916066539746
180,-0.010999999999999989,0.007000000000000001,42,71.42857142857143,60,58.333333333333336,0.15767326417151656
180,-0.010999999999999989,0.008,47,70.2127659574468,61,57.377049180327866,0.14715649165427297
180,-0.009999999999999988,-0.002,15,66.66666666666666,15,60.0,1.013046675219982
180,-0.009999999999999988,-0.001,20,70.0,20,65.0,1.2612577815077595
180,-0.009999999999999988,0.0,23,73.91304347826086,23,60.86956521739131,0.9585925397870811
180,-0.009999999999999988,0.001,26,73.07692307692307,28,60.71428571428571,1.1501035516060831
180,-0.009999999999999988,0.002,29,75.86206896551724,37,64.86486486486487,0.9544183410487083
180,-0.009999999999999988,0.003,31,77.41935483870968,41,60.97560975609756,0.825261233047023
180,-0.009999999999999988,0.004,36,77.77777777777779,46,58.69565217391305,0.7127385876745782
180,-0.009999999999999988,0.005,39,74.35897435897436,52,53.84615384615385,0.31564472331914495
180,-0.009999999999999988,0.006,42,73.80952380952381,58,56.896551724137936,0.538497910600357
180,-0.009999999999999988,0.007000000000000001,44,70.45454545454545,64,57.8125,0.10039574852807909
180,-0.009999999999999988,0.008,49,69.38775510204081,65,56.92307692307692,0.09140735456025764
190,-0.025,-0.002,3,100.0,3,66.66666666666666,-3.5782355250472313
190,-0.025,-0.001,3,100.0,4,75.0,-2.547997353782081
190,-0.025,0.0,4,100.0,4,75.0,-2.547997353782081
190,-0.025,0.001,5,100.0,5,80.0,-0.3019179409213244
190,-0.025,0.002,6,100.0,9,88.88888888888889,0.4936852304860998
190,-0.025,0.003,7,100.0,10,90.0,1.7090230154673567
190,-0.025,0.004,9,100.0,11,81.81818181818183,1.1776304381881424
190,-0.025,0.005,12,83.33333333333334,14,71.42857142857143,1.0414957766616688
190,-0.025,0.006,12,83.33333333333334,16,75.0,1.7986909129010158
190,-0.025,0.007000000000000001,13,76.92307692307693,16,75.0,1.7986909129010158
190,-0.025,0.008,15,73.33333333333333,16,75.0,1.7986909129010158
190,-0.024,-0.002,3,100.0,4,75.0,0.6540042812060749
190,-0.024,-0.001,3,100.0,5,80.0,0.6317468569675334
190,-0.024,0.0,4,100.0,5,80.0,0.6317468569675334
190,-0.024,0.001,5,100.0,6,83.33333333333334,1.9735223325598945
190,-0.024,0.002,6,100.0,10,90.0,1.779389077434089
190,-0.024,0.003,7,100.0,11,90.9090909090909,2.7673594413308686
190,-0.024,0.004,9,100.0,12,83.33333333333334,2.1920548766696295
190,-0.024,0.005,12,83.33333333333334,15,73.33333333333333,1.8621109715486235
190,-0.024,0.006,12,83.33333333333334,17,76.47058823529412,2.478222253316603
190,-0.024,0.007000000000000001,13,76.92307692307693,17,76.47058823529412,2.478222253316603
190,-0.024,0.008,15,73.33333333333333,17,76.47058823529412,2.478222253316603
190,-0.023,-0.002,3,100.0,5,60.0,0.2810557767908257
190,-0.023,-0.001,4,100.0,6,66.66666666666666,0.324666007327916
190,-0.023,0.0,5,100.0,6,66.66666666666666,0.324666007327916
190,-0.023,0.001,6,100.0,7,71.42857142857143,1.518627964927028
190,-0.023,0.002,7,100.0,11,81.81818181818183,1.507559321224611
190,-0.023,0.003,8,100.0,12,83.33333333333334,2.4358513011474487
190,-0.023,0.004,10,100.0,13,76.92307692307693,1.9303015599357989
190,-0.023,0.005,13,84.61538461538461,16,68.75,1.6700578957724492
190,-0.023,0.006,13,84.61538461538461,18,72.22222222222221,2.27328000363956
190,-0.023,0.007000000000000001,14,78.57142857142857,18,72.22222222222221,2.27328000363956
190,-0.023,0.008,17,76.47058823529412,18,72.22222222222221,2.27328000363956
190,-0.022,-0.002,3,100.0,6,66.66666666666666,1.2582100355738113
190,-0.022,-0.001,4,100.0,7,71.42857142857143,1.1559967676366054
190,-0.022,0.0,5,100.0,7,71.42857142857143,1.1559967676366054
190,-0.022,0.001,6,100.0,8,75.0,2.0967971354972423
190,-0.022,0.002,7,100.0,12,83.33333333333334,1.8939278219132882
190,-0.022,0.003,8,100.0,13,84.61538461538461,2.7210920725583176
190,-0.022,0.004,10,100.0,14,78.57142857142857,2.231278686332437
190,-0.022,0.005,13,84.61538461538461,17,70.58823529411765,1.9332298624616424
190,-0.022,0.006,13,84.61538461538461,19,73.68421052631578,2.4770011260526745
190,-0.022,0.007000000000000001,14,78.57142857142857,20,70.0,0.5450062213987307
190,-0.022,0.008,17,76.47058823529412,20,70.0,0.5450062213987307
190,-0.020999999999999998,-0.002,3,100.0,7,57.14285714285714,0.06359475316642157
190,-0.020999999999999998,-0.001,5,100.0,8,62.5,0.12348505402228982
190,-0.020999999999999998,0.0,7,100.0,8,62.5,0.12348505402228982
190,-0.020999999999999998,0.001,8,100.0,9,66.66666666666666,1.0744755714111132
190,-0.020999999999999998,0.002,9,100.0,14,78.57142857142857,1.3020807055955534
190,-0.020999999999999998,0.003,10,100.0,15,80.0,2.0584128639090937
190,-0.020999999999999998,0.004,12,100.0,16,75.0,1.6712436015020262
190,-0.020999999999999998,0.005,15,86.66666666666667,19,68.42105263157895,1.4929949303803272
190,-0.020999999999999998,0.006,15,86.66666666666667,21,71.42857142857143,2.026905590970433
190,-0.020999999999999998,0.007000000000000001,16,81.25,22,68.18181818181817,0.2910054746978589
190,-0.020999999999999998,0.008,19,78.94736842105263,22,68.18181818181817,0.2910054746978589
190,-0.019999999999999997,-0.002,6,100.0,7,57.14285714285714,0.06359475316642157
190,-0.019999999999999997,-0.001,8,100.0,8,62.5,0.12348505402228982
190,-0.019999999999999997,0.0,11,100.0,8,62.5,0.12348505402228982
190,-0.019999999999999997,0.001,12,100.0,9,66.66666666666666,1.0744755714111132
190,-0.019999999999999997,0.002,13,100.0,14,78.57142857142857,1.3020807055955534
190,-0.019999999999999997,0.003,15,100.0,15,80.0,2.0584128639090937
190,-0.019999999999999997,0.004,17,100.0,16,75.0,1.6712436015020262
190,-0.019999999999999997,0.005,20,90.0,19,68.42105263157895,1.4929949303803272
190,-0.019999999999999997,0.006,20,90.0,21,71.42857142857143,2.026905590970433
190,-0.019999999999999997,0.007000000000000001,21,85.71428571428571,24,70.83333333333334,0.8034658401097482
190,-0.019999999999999997,0.008,24,83.33333333333334,24,70.83333333333334,0.8034658401097482
190,-0.018999999999999996,-0.002,7,100.0,8,62.5,0.6179019576452938
190,-0.018999999999999996,-0.001,9,100.0,9,66.66666666666666,0.6095480912417466
190,-0.018999999999999996,0.0,12,100.0,9,66.66666666666666,0.6095480912417466
190,-0.018999999999999996,0.001,13,100.0,11,63.63636363636363,0.9200308404574329
190,-0.018999999999999996,0.002,15,100.0,16,75.0,1.167449311291843
190,-0.018999999999999996,0.003,17,100.0,17,76.47058823529412,1.8427207094687155
190,-0.018999999999999996,0.004,19,100.0,18,72.22222222222221,1.5105531514646757
190,-0.018999999999999996,0.005,22,90.9090909090909,21,66.66666666666666,1.3722363228360932
190,-0.018999999999999996,0.006,23,86.95652173913044,23,69.56521739130434,1.8702207179439494
190,-0.018999999999999996,0.007000000000000001,24,83.33333333333334,27,70.37037037037037,0.8219016399488104
190,-0.018999999999999996,0.008,27,81.48148148148148,27,70.37037037037037,0.8219016399488104
190,-0.017999999999999995,-0.002,7,100.0,9,55.55555555555556,0.24037932874906667
190,-0.017999999999999995,-0.001,9,100.0,11,63.63636363636363,0.34410579121852275
190,-0.017999999999999995,0.0,12,100.0,11,63.63636363636363,0.34410579121852275
190,-0.017999999999999995,0.001,13,100.0,13,61.53846153846154,0.6476592405584461
190,-0.017999999999999995,0.002,15,100.0,19,73.68421052631578,0.9623583084819037
190,-0.017999999999999995,0.003,17,100.0,20,75.0,1.546593547072742
190,-0.017999999999999995,0.004,19,100.0,21,71.42857142857143,1.2759797908024215
190,-0.017999999999999995,0.005,22,90.9090909090909,24,66.66666666666666,1.1842742358351936
190,-0.017999999999999995,0.006,23,86.95652173913044,26,69.23076923076923,1.6392575151229822
190,-0.017999999999999995,0.007000000000000001,24,83.33333333333334,30,70.0,0.7265654386368191
190,-0.017999999999999995,0.008,27,81.48148148148148,30,70.0,0.7265654386368191
190,-0.016999999999999994,-0.002,7,100.0,11,63.63636363636363,1.4132197337537151
190,-0.016999999999999994,-0.001,9,100.0,13,69.23076923076923,1.3205512935348471
190,-0.016999999999999994,0.0,12,100.0,13,69.23076923076923,1.3205512935348471
190,-0.016999999999999994,0.001,13,100.0,15,66.66666666666666,1.4534382159872699
190,-0.016999999999999994,0.002,15,100.0,21,76.19047619047619,1.507943379700259
190,-0.016999999999999994,0.003,17,100.0,22,77.27272727272727,2.014267002454732
190,-0.016999999999999994,0.004,19,100.0,23,73.91304347826086,1.7468512486695702
190,-0.016999999999999994,0.005,22,90.9090909090909,26,69.23076923076923,1.607868645099766
190,-0.016999999999999994,0.006,23,86.95652173913044,29,72.41379310344827,2.1065109696918256
190,-0.016999999999999994,0.007000000000000001,24,83.33333333333334,33,72.72727272727273,1.2201541177869684
190,-0.016999999999999994,0.008,27,81.48148148148148,33,72.72727272727273,1.2201541177869684
190,-0.015999999999999993,-0.002,7,100.0,12,66.66666666666666,1.8461683213207634
190,-0.015999999999999993,-0.001,9,100.0,14,71.42857142857143,1.6982692571793785
190,-0.015999999999999993,0.0,12,100.0,14,71.42857142857143,1.6982692571793785
190,-0.015999999999999993,0.001,13,100.0,16,68.75,1.7756360015229593
190,-0.015999999999999993,0.002,15,100.0,23,73.91304347826086,1.60262109746271
190,-0.015999999999999993,0.003,17,100.0,24,75.0,2.0628061800808752
190,-0.015999999999999993,0.004,19,100.0,25,72.0,1.8148421194934803
190,-0.015999999999999993,0.005,22,90.9090909090909,28,67.85714285714286,1.6785021085903864
190,-0.015999999999999993,0.006,24,87.5,31,70.96774193548387,2.138138464161285
190,-0.015999999999999993,0.007000000000000001,25,84.0,35,71.42857142857143,1.29881600442591
190,-0.015999999999999993,0.008,28,82.14285714285714,35,71.42857142857143,1.29881600442591
190,-0.014999999999999993,-0.002,9,77.77777777777779,14,64.28571428571429,1.3788410125533397
190,-0.014999999999999993,-0.001,12,83.33333333333334,16,68.75,1.3078452450255567
190,-0.014999999999999993,0.0,15,86.66666666666667,16,68.75,1.3078452450255567
190,-0.014999999999999993,0.001,17,88.23529411764706,18,66.66666666666666,1.4199961302369417
190,-0.014999999999999993,0.002,19,89.47368421052632,26,69.23076923076923,1.0708747328623902
190,-0.014999999999999993,0.003,21,90.47619047619048,27,70.37037037037037,1.499622449434104
190,-0.014999999999999993,0.004,23,91.30434782608695,28,67.85714285714286,1.298339671432743
190,-0.014999999999999993,0.005,26,84.61538461538461,32,62.5,1.0325088305432573
190,-0.014999999999999993,0.006,28,82.14285714285714,36,63.888888888888886,1.3132362657377306
190,-0.014999999999999993,0.007000000000000001,29,79.3103448275862,41,63.41463414634146,0.54429747686443
190,-0.014999999999999993,0.008,32,78.125,41,63.41463414634146,0.54429747686443
190,-0.013999999999999992,-0.002,10,70.0,14,64.28571428571429,1.3788410125533397
190,-0.013999999999999992,-0.001,13,76.92307692307693,16,68.75,1.3078452450255567
190,-0.013999999999999992,0.0,16,81.25,18,66.66666666666666,1.333696390423638
190,-0.013999999999999992,0.001,18,83.33333333333334,21,66.66666666666666,1.7067770471603614
190,-0.013999999999999992,0.002,20,85.0,29,68.96551724137932,1.3146596793284409
190,-0.013999999999999992,0.003,22,86.36363636363636,30,70.0,1.6924064593607813
190,-0.013999999999999992,0.004,25,88.0,31,67.74193548387096,1.5043838208457887
190,-0.013999999999999992,0.005,28,82.14285714285714,35,62.857142857142854,1.2377905778139104
190,-0.013999999999999992,0.006,31,80.64516129032258,41,65.85365853658537,1.41809813233444
190,-0.013999999999999992,0.007000000000000001,33,75.75757575757575,46,65.21739130434783,0.7213416176216382
190,-0.013999999999999992,0.008,36,75.0,46,65.21739130434783,0.7213416176216382
190,-0.01299999999999999,-0.002,12,66.66666666666666,14,64.28571428571429,1.3788410125533397
190,-0.01299999999999999,-0.001,15,73.33333333333333,16,68.75,1.3078452450255567
190,-0.01299999999999999,0.0,18,77.77777777777779,18,66.66666666666666,1.333696390423638
190,-0.01299999999999999,0.001,20,80.0,21,66.66666666666666,1.7067770471603614
190,-0.01299999999999999,0.002,23,82.6086956521739,30,70.0,1.2984299054733162
190,-0.01299999999999999,0.003,25,84.0,33,66.66666666666666,1.2941254212073119
190,-0.01299999999999999,0.004,28,85.71428571428571,34,64.70588235294117,1.13440716368345
190,-0.01299999999999999,0.005,31,80.64516129032258,38,60.526315789473685,0.9278056669080188
190,-0.01299999999999999,0.006,34,79.41176470588235,44,63.63636363636363,1.1380901941984065
190,-0.01299999999999999,0.007000000000000001,36,75.0,49,63.26530612244898,0.5125644801961879
190,-0.01299999999999999,0.008,39,74.35897435897436,50,62.0,0.49263619340465764
190,-0.01199999999999999,-0.002,13,69.23076923076923,14,64.28571428571429,1.3788410125533397
190,-0.01199999999999999,-0.001,17,76.47058823529412,16,68.75,1.3078452450255567
190,-0.01199999999999999,0.0,20,80.0,18,66.66666666666666,1.333696390423638
190,-0.01199999999999999,0.001,22,81.81818181818183,21,66.66666666666666,1.7067770471603614
190,-0.01199999999999999,0.002,25,84.0,30,70.0,1.2984299054733162
190,-0.01199999999999999,0.003,27,85.18518518518519,33,66.66666666666666,1.2941254212073119
190,-0.01199999999999999,0.004,32,84.375,35,62.857142857142854,1.0192532292041687
190,-0.01199999999999999,0.005,35,80.0,39,58.97435897435898,0.8297598666516236
190,-0.01199999999999999,0.006,38,78.94736842105263,45,62.22222222222222,1.0484441778141886
190,-0.01199999999999999,0.007000000000000001,40,75.0,50,62.0,0.44439357973043614
190,-0.01199999999999999,0.008,45,73.33333333333333,51,60.78431372549019,0.42619272798316626
190,-0.010999999999999989,-0.002,13,69.23076923076923,14,64.28571428571429,1.3788410125533397
190,-0.010999999999999989,-0.001,17,76.47058823529412,17,64.70588235294117,1.00398649834182
190,-0.010999999999999989,0.0,20,80.0,20,60.0,0.6945121628379309
190,-0.010999999999999989,0.001,23,78.26086956521739,25,60.0,0.9618205714650426
190,-0.010999999999999989,0.002,26,80.76923076923077,34,64.70588235294117,0.7987086311899401
190,-0.010999999999999989,0.003,28,82.14285714285714,37,62.16216216216216,0.8353874377324267
190,-0.010999999999999989,0.004,33,81.81818181818183,40,57.49999999999999,0.537273944033848
190,-0.010999999999999989,0.005,36,77.77777777777779,44,54.54545454545454,0.41313021678684864
190,-0.010999999999999989,0.006,39,76.92307692307693,50,57.99999999999999,0.6599416548169301
190,-0.010999999999999989,0.007000000000000001,41,73.17073170731707,55,58.18181818181818,0.14612315864963327
190,-0.010999999999999989,0.008,46,71.73913043478261,56,57.14285714285714,0.13487364047052658
190,-0.009999999999999988,-0.002,14,71.42857142857143,15,60.0,1.013046675219982
190,-0.009999999999999988,-0.001,19,73.68421052631578,19,63.1578947368421,0.8505782809413558
190,-0.009999999999999988,0.0,22,77.27272727272727,22,59.09090909090909,0.5901572783106108
190,-0.009999999999999988,0.001,25,76.0,27,59.25925925925925,0.8569900426926258
190,-0.009999999999999988,0.002,28,78.57142857142857,36,63.888888888888886,0.7291475090703549
190,-0.009999999999999988,0.003,30,80.0,39,61.53846153846154,0.7692962067224257
190,-0.009999999999999988,0.004,35,80.0,43,58.139534883720934,0.5981349675810278
190,-0.009999999999999988,0.005,38,76.31578947368422,47,55.319148936170215,0.4767356464521623
190,-0.009999999999999988,0.006,41,75.60975609756098,53,58.490566037735846,0.7023760110467319
190,-0.009999999999999988,0.007000000000000001,43,72.09302325581395,58,58.620689655172406,0.2114761994889674
190,-0.009999999999999988,0.008,48,70.83333333333334,59,57.6271186440678,0.19969101205050493
200,-0.025,-0.002,1,100.0,3,66.66666666666666,-3.5782355250472313
200,-0.025,-0.001,1,100.0,4,75.0,-2.547997353782081
200,-0.025,0.0,2,100.0,4,75.0,-2.547997353782081
200,-0.025,0.001,3,100.0,5,80.0,-0.3019179409213244
200,-0.025,0.002,4,100.0,9,88.88888888888889,0.4936852304860998
200,-0.025,0.003,5,100.0,10,90.0,1.7090230154673567
200,-0.025,0.004,7,100.0,11,81.81818181818183,1.1776304381881424
200,-0.025,0.005,10,80.0,14,71.42857142857143,1.0414957766616688
200,-0.025,0.006,10,80.0,16,75.0,1.7986909129010158
200,-0.025,0.007000000000000001,11,72.72727272727273,16,75.0,1.7986909129010158
200,-0.025,0.008,11,72.72727272727273,16,75.0,1.7986909129010158
200,-0.024,-0.002,1,100.0,4,75.0,0.6540042812060749
200,-0.024,-0.001,1,100.0,5,80.0,0.6317468569675334
200,-0.024,0.0,2,100.0,5,80.0,0.6317468569675334
200,-0.024,0.001,3,100.0,6,83.33333333333334,1.9735223325598945
200,-0.024,0.002,4,100.0,10,90.0,1.779389077434089
200,-0.024,0.003,5,100.0,11,90.9090909090909,2.7673594413308686
200,-0.024,0.004,7,100.0,12,83.33333333333334,2.1920548766696295
200,-0.024,0.005,10,80.0,15,73.33333333333333,1.8621109715486235
200,-0.024,0.006,10,80.0,17,76.47058823529412,2.478222253316603
200,-0.024,0.007000000000000001,11,72.72727272727273,17,76.47058823529412,2.478222253316603
200,-0.024,0.008,11,72.72727272727273,17,76.47058823529412,2.478222253316603
200,-0.023,-0.002,1,100.0,5,60.0,0.2810557767908257
200,-0.023,-0.001,2,100.0,6,66.66666666666666,0.324666007327916
200,-0.023,0.0,3,100.0,6,66.66666666666666,0.324666007327916
200,-0.023,0.001,4,100.0,7,71.42857142857143,1.518627964927028
200,-0.023,0.002,5,100.0,11,81.81818181818183,1.507559321224611
200,-0.023,0.003,6,100.0,12,83.33333333333334,2.4358513011474487
200,-0.023,0.004,8,100.0,13,76.92307692307693,1.9303015599357989
200,-0.023,0.005,11,81.81818181818183,16,68.75,1.6700578957724492
200,-0.023,0.006,11,81.81818181818183,18,72.22222222222221,2.27328000363956
200,-0.023,0.007000000000000001,12,75.0,18,72.22222222222221,2.27328000363956
200,-0.023,0.008,13,76.92307692307693,18,72.22222222222221,2.27328000363956
200,-0.022,-0.002,1,100.0,6,66.66666666666666,1.2582100355738113
200,-0.022,-0.001,2,100.0,7,71.42857142857143,1.1559967676366054
200,-0.022,0.0,3,100.0,7,71.42857142857143,1.1559967676366054
200,-0.022,0.001,4,100.0,8,75.0,2.0967971354972423
200,-0.022,0.002,5,100.0,12,83.33333333333334,1.8939278219132882
200,-0.022,0.003,6,100.0,13,84.61538461538461,2.7210920725583176
200,-0.022,0.004,8,100.0,14,78.57142857142857,2.231278686332437
200,-0.022,0.005,11,81.81818181818183,17,70.58823529411765,1.9332298624616424
200,-0.022,0.006,11,81.81818181818183,19,73.68421052631578,2.4770011260526745
200,-0.022,0.007000000000000001,12,75.0,20,70.0,0.5450062213987307
200,-0.022,0.008,13,76.92307692307693,20,70.0,0.5450062213987307
200,-0.020999999999999998,-0.002,1,100.0,7,57.14285714285714,0.06359475316642157
200,-0.020999999999999998,-0.001,3,100.0,8,62.5,0.12348505402228982
200,-0.020999999999999998,0.0,5,100.0,8,62.5,0.12348505402228982
200,-0.020999999999999998,0.001,6,100.0,9,66.66666666666666,1.0744755714111132
200,-0.020999999999999998,0.002,7,100.0,14,78.57142857142857,1.3020807055955534
200,-0.020999999999999998,0.003,8,100.0,15,80.0,2.0584128639090937
200,-0.020999999999999998,0.004,10,100.0,16,75.0,1.6712436015020262
200,-0.020999999999999998,0.005,13,84.61538461538461,19,68.42105263157895,1.4929949303803272
200,-0.020999999999999998,0.006,13,84.61538461538461,21,71.42857142857143,2.026905590970433
200,-0.020999999999999998,0.007000000000000001,14,78.57142857142857,22,68.18181818181817,0.2910054746978589
200,-0.020999999999999998,0.008,15,80.0,22,68.18181818181817,0.2910054746978589
200,-0.019999999999999997,-0.002,4,100.0,7,57.14285714285714,0.06359475316642157
200,-0.019999999999999997,-0.001,6,100.0,8,62.5,0.12348505402228982
200,-0.019999999999999997,0.0,9,100.0,8,62.5,0.12348505402228982
200,-0.019999999999999997,0.001,10,100.0,9,66.66666666666666,1.0744755714111132
200,-0.019999999999999997,0.002,11,100.0,14,78.57142857142857,1.3020807055955534
200,-0.019999999999999997,0.003,13,100.0,15,80.0,2.0584128639090937
200,-0.019999999999999997,0.004,15,100.0,16,75.0,1.6712436015020262
200,-0.019999999999999997,0.005,18,88.88888888888889,19,68.42105263157895,1.4929949303803272
200,-0.019999999999999997,0.006,18,88.88888888888889,21,71.42857142857143,2.026905590970433
200,-0.019999999999999997,0.007000000000000001,19,84.21052631578947,24,70.83333333333334,0.8034658401097482
200,-0.019999999999999997,0.008,20,85.0,24,70.83333333333334,0.8034658401097482
200,-0.018999999999999996,-0.002,5,100.0,8,62.5,0.6179019576452938
200,-0.018999999999999996,-0.001,7,100.0,9,66.66666666666666,0.6095480912417466
200,-0.018999999999999996,0.0,10,100.0,9,66.66666666666666,0.6095480912417466
200,-0.018999999999999996,0.001,11,100.0,11,63.63636363636363,0.9200308404574329
200,-0.018999999999999996,0.002,12,100.0,16,75.0,1.167449311291843
200,-0.018999999999999996,0.003,14,100.0,17,76.47058823529412,1.8427207094687155
200,-0.018999999999999996,0.004,16,100.0,18,72.22222222222221,1.5105531514646757
200,-0.018999999999999996,0.005,19,89.47368421052632,21,66.66666666666666,1.3722363228360932
200,-0.018999999999999996,0.006,20,85.0,23,69.56521739130434,1.8702207179439494
200,-0.018999999999999996,0.007000000000000001,21,80.95238095238095,27,70.37037037037037,0.8219016399488104
200,-0.018999999999999996,0.008,22,81.81818181818183,27,70.37037037037037,0.8219016399488104
200,-0.017999999999999995,-0.002,5,100.0,9,55.55555555555556,0.24037932874906667
200,-0.017999999999999995,-0.001,7,100.0,11,63.63636363636363,0.34410579121852275
200,-0.017999999999999995,0.0,10,100.0,11,63.63636363636363,0.34410579121852275
200,-0.017999999999999995,0.001,11,100.0,13,61.53846153846154,0.6476592405584461
200,-0.017999999999999995,0.002,12,100.0,19,73.68421052631578,0.9623583084819037
200,-0.017999999999999995,0.003,14,100.0,20,75.0,1.546593547072742
200,-0.017999999999999995,0.004,16,100.0,21,71.42857142857143,1.2759797908024215
200,-0.017999999999999995,0.005,19,89.47368421052632,24,66.66666666666666,1.1842742358351936
200,-0.017999999999999995,0.006,20,85.0,26,69.23076923076923,1.6392575151229822
200,-0.017999999999999995,0.007000000000000001,21,80.95238095238095,30,70.0,0.7265654386368191
200,-0.017999999999999995,0.008,22,81.81818181818183,30,70.0,0.7265654386368191
200,-0.016999999999999994,-0.002,5,100.0,11,63.63636363636363,1.4132197337537151
200,-0.016999999999999994,-0.001,7,100.0,13,69.23076923076923,1.3205512935348471
200,-0.016999999999999994,0.0,10,100.0,13,69.23076923076923,1.3205512935348471
200,-0.016999999999999994,0.001,11,100.0,15,66.66666666666666,1.4534382159872699
200,-0.016999999999999994,0.002,12,100.0,21,76.19047619047619,1.507943379700259
200,-0.016999999999999994,0.003,14,100.0,22,77.27272727272727,2.014267002454732
200,-0.016999999999999994,0.004,16,100.0,23,73.91304347826086,1.7468512486695702
200,-0.016999999999999994,0.005,19,89.47368421052632,26,69.23076923076923,1.607868645099766
200,-0.016999999999999994,0.006,20,85.0,29,72.41379310344827,2.1065109696918256
200,-0.016999999999999994,0.007000000000000001,21,80.95238095238095,33,72.72727272727273,1.2201541177869684
200,-0.016999999999999994,0.008,22,81.81818181818183,33,72.72727272727273,1.2201541177869684
200,-0.015999999999999993,-0.002,5,100.0,11,63.63636363636363,1.4132197337537151
200,-0.015999999999999993,-0.001,7,100.0,13,69.23076923076923,1.3205512935348471
200,-0.015999999999999993,0.0,10,100.0,13,69.23076923076923,1.3205512935348471
200,-0.015999999999999993,0.001,11,100.0,15,66.66666666666666,1.4534382159872699
200,-0.015999999999999993,0.002,12,100.0,22,72.72727272727273,1.3750764753220015
200,-0.015999999999999993,0.003,14,100.0,23,73.91304347826086,1.8651628494514214
200,-0.015999999999999993,0.004,16,100.0,24,70.83333333333334,1.6151020917824461
200,-0.015999999999999993,0.005,19,89.47368421052632,27,66.66666666666666,1.4959057872582415
200,-0.015999999999999993,0.006,21,85.71428571428571,30,70.0,1.9891229868147178
200,-0.015999999999999993,0.007000000000000001,22,81.81818181818183,34,70.58823529411765,1.142645805010252
200,-0.015999999999999993,0.008,23,82.6086956521739,34,70.58823529411765,1.142645805010252
200,-0.014999999999999993,-0.002,7,71.42857142857143,13,61.53846153846154,0.9765516454760357
200,-0.014999999999999993,-0.001,10,80.0,15,66.66666666666666,0.9544614090567073
200,-0.014999999999999993,0.0,13,84.61538461538461,15,66.66666666666666,0.9544614090567073
200,-0.014999999999999993,0.001,15,86.66666666666667,17,64.70588235294117,1.1147839741003913
200,-0.014999999999999993,0.002,16,87.5,25,68.0,0.8493656107945539
200,-0.014999999999999993,0.003,18,88.88888888888889,26,69.23076923076923,1.3031232057754811
200,-0.014999999999999993,0.004,20,90.0,27,66.66666666666666,1.1016632598355005
200,-0.014999999999999993,0.005,23,82.6086956521739,31,61.29032258064516,0.8526348320266428
200,-0.014999999999999993,0.006,25,80.0,35,62.857142857142854,1.1619400794857142
200,-0.014999999999999993,0.007000000000000001,26,76.92307692307693,40,62.5,0.39268984417208314
200,-0.014999999999999993,0.008,27,77.77777777777779,40,62.5,0.39268984417208314
200,-0.013999999999999992,-0.002,8,62.5,13,61.53846153846154,0.9765516454760357
200,-0.013999999999999992,-0.001,11,72.72727272727273,15,66.66666666666666,0.9544614090567073
200,-0.013999999999999992,0.0,14,78.57142857142857,17,64.70588235294117,1.0234077790039524
200,-0.013999999999999992,0.001,16,81.25,20,65.0,1.4616857602904647
200,-0.013999999999999992,0.002,17,82.35294117647058,28,67.85714285714286,1.1255902827130886
200,-0.013999999999999992,0.003,19,84.21052631578947,29,68.96551724137932,1.5228824481470742
200,-0.013999999999999992,0.004,22,86.36363636363636,30,66.66666666666666,1.3342431887220383
200,-0.013999999999999992,0.005,25,80.0,34,61.76470588235294,1.0798255129096639
200,-0.013999999999999992,0.006,28,78.57142857142857,40,65.0,1.2883355160288432
200,-0.013999999999999992,0.007000000000000001,29,75.86206896551724,45,64.44444444444444,0.5905135916897127
200,-0.013999999999999992,0.008,30,76.66666666666667,45,64.44444444444444,0.5905135916897127
200,-0.01299999999999999,-0.002,10,60.0,13,61.53846153846154,0.9765516454760357
200,-0.01299999999999999,-0.001,13,69.23076923076923,15,66.66666666666666,0.9544614090567073
200,-0.01299999999999999,0.0,16,75.0,17,64.70588235294117,1.0234077790039524
200,-0.01299999999999999,0.001,18,77.77777777777779,20,65.0,1.4616857602904647
200,-0.01299999999999999,0.002,20,80.0,29,68.96551724137932,1.115320495849696
200,-0.01299999999999999,0.003,22,81.81818181818183,32,65.625,1.128048003602594
200,-0.01299999999999999,0.004,25,84.0,33,63.63636363636363,0.9685224478993638
200,-0.01299999999999999,0.005,28,78.57142857142857,37,59.45945945945946,0.7742706096742275
200,-0.01299999999999999,0.006,31,77.41935483870968,43,62.7906976744186,1.0108689711667809
200,-0.01299999999999999,0.007000000000000001,32,75.0,48,62.5,0.38556368218864384
200,-0.01299999999999999,0.008,33,75.75757575757575,49,61.224489795918366,0.3678205486872363
200,-0.01199999999999999,-0.002,11,63.63636363636363,13,61.53846153846154,0.9765516454760357
200,-0.01199999999999999,-0.001,15,73.33333333333333,15,66.66666666666666,0.9544614090567073
200,-0.01199999999999999,0.0,18,77.77777777777779,17,64.70588235294117,1.0234077790039524
200,-0.01199999999999999,0.001,20,80.0,20,65.0,1.4616857602904647
200,-0.01199999999999999,0.002,22,81.81818181818183,29,68.96551724137932,1.115320495849696
200,-0.01199999999999999,0.003,24,83.33333333333334,32,65.625,1.128048003602594
200,-0.01199999999999999,0.004,29,82.75862068965517,34,61.76470588235294,0.8548605952231645
200,-0.01199999999999999,0.005,32,78.125,38,57.89473684210527,0.6776850530225007
200,-0.01199999999999999,0.006,35,77.14285714285715,44,61.36363636363637,0.9220769367518223
200,-0.01199999999999999,0.007000000000000001,36,75.0,49,61.224489795918366,0.3185933918768064
200,-0.01199999999999999,0.008,39,74.35897435897436,50,60.0,0.30254452685166355
200,-0.010999999999999989,-0.002,11,63.63636363636363,13,61.53846153846154,0.9765516454760357
200,-0.010999999999999989,-0.001,15,73.33333333333333,16,62.5,0.6536979804532901
200,-0.010999999999999989,0.0,18,77.77777777777779,19,57.89473684210527,0.3832442353789642
200,-0.010999999999999989,0.001,21,76.19047619047619,24,58.333333333333336,0.7265379792528236
200,-0.010999999999999989,0.002,23,78.26086956521739,33,63.63636363636363,0.6226512326030199
200,-0.010999999999999989,0.003,25,80.0,36,61.111111111111114,0.675020344765041
200,-0.010999999999999989,0.004,30,80.0,39,56.41025641025641,0.3815988455588621
200,-0.010999999999999989,0.005,33,75.75757575757575,43,53.48837209302325,0.2690494593968149
200,-0.010999999999999989,0.006,36,75.0,49,57.14285714285714,0.5385404072711879
200,-0.010999999999999989,0.007000000000000001,37,72.97297297297297,54,57.407407407407405,0.02644761002169496
200,-0.010999999999999989,0.008,40,72.5,55,56.36363636363636,0.017169474214385326
200,-0.009999999999999988,-0.002,12,66.66666666666666,14,57.14285714285714,0.6133640959815307
200,-0.009999999999999988,-0.001,17,70.58823529411765,18,61.111111111111114,0.5306880307404145
200,-0.009999999999999988,0.0,20,75.0,21,57.14285714285714,0.30356463515595894
200,-0.009999999999999988,0.001,23,73.91304347826086,26,57.692307692307686,0.6357741680054841
200,-0.009999999999999988,0.002,25,76.0,35,62.857142857142854,0.5611630726278424
200,-0.009999999999999988,0.003,27,77.77777777777779,38,60.526315789473685,0.6156302441477974
200,-0.009999999999999988,0.004,32,78.125,42,57.14285714285714,0.45502859098633097
200,-0.009999999999999988,0.005,35,74.28571428571429,46,54.347826086956516,0.3434341869281157
200,-0.009999999999999988,0.006,38,73.68421052631578,52,57.692307692307686,0.58879472694074
200,-0.009999999999999988,0.007000000000000001,39,71.7948717948718,57,57.89473684210527,0.09924590852283872
200,-0.009999999999999988,0.008,42,71.42857142857143,58,56.896551724137936,0.08919253321416344
210,-0.025,-0.002,1,100.0,3,66.66666666666666,-3.5782355250472313
210,-0.025,-0.001,1,100.0,4,75.0,-2.547997353782081
210,-0.025,0.0,2,100.0,4,75.0,-2.547997353782081
210,-0.025,0.001,3,100.0,5,80.0,-0.3019179409213244
210,-0.025,0.002,4,100.0,9,88.88888888888889,0.4936852304860998
210,-0.025,0.003,5,100.0,10,90.0,1.7090230154673567
210,-0.025,0.004,7,100.0,10,90.0,1.7090230154673567
210,-0.025,0.005,10,80.0,13,76.92307692307693,1.4397874006051816
210,-0.025,0.006,10,80.0,15,80.0,2.1943566627346835
210,-0.025,0.007000000000000001,11,72.72727272727273,15,80.0,2.1943566627346835
210,-0.025,0.008,11,72.72727272727273,15,80.0,2.1943566627346835
210,-0.024,-0.002,1,100.0,4,75.0,0.6540042812060749
210,-0.024,-0.001,1,100.0,5,80.0,0.6317468569675334
210,-0.024,0.0,2,100.0,5,80.0,0.6317468569675334
210,-0.024,0.001,3,100.0,6,83.33333333333334,1.9735223325598945
210,-0.024,0.002,4,100.0,10,90.0,1.779389077434089
210,-0.024,0.003,5,100.0,11,90.9090909090909,2.7673594413308686
210,-0.024,0.004,7,100.0,11,90.9090909090909,2.7673594413308686
210,-0.024,0.005,10,80.0,14,78.57142857142857,2.29056856484524
210,-0.024,0.006,10,80.0,16,81.25,2.8916296025616406
210,-0.024,0.007000000000000001,11,72.72727272727273,16,81.25,2.8916296025616406
210,-0.024,0.008,11,72.72727272727273,16,81.25,2.8916296025616406
210,-0.023,-0.002,1,100.0,5,60.0,0.2810557767908257
210,-0.023,-0.001,2,100.0,6,66.66666666666666,0.324666007327916
210,-0.023,0.0,3,100.0,6,66.66666666666666,0.324666007327916
210,-0.023,0.001,4,100.0,7,71.42857142857143,1.518627964927028
210,-0.023,0.002,5,100.0,11,81.81818181818183,1.507559321224611
210,-0.023,0.003,6,100.0,12,83.33333333333334,2.4358513011474487
210,-0.023,0.004,8,100.0,12,83.33333333333334,2.4358513011474487
210,-0.023,0.005,11,81.81818181818183,15,73.33333333333333,2.057148111130879
210,-0.023,0.006,11,81.81818181818183,17,76.47058823529412,2.6503138470656515
210,-0.023,0.007000000000000001,12,75.0,17,76.47058823529412,2.6503138470656515
210,-0.023,0.008,13,76.92307692307693,17,76.47058823529412,2.6503138470656515
210,-0.022,-0.002,1,100.0,6,66.66666666666666,1.2582100355738113
210,-0.022,-0.001,2,100.0,7,71.42857142857143,1.1559967676366054
210,-0.022,0.0,3,100.0,7,71.42857142857143,1.1559967676366054
210,-0.022,0.001,4,100.0,8,75.0,2.0967971354972423
210,-0.022,0.002,5,100.0,12,83.33333333333334,1.8939278219132882
210,-0.022,0.003,6,100.0,13,84.61538461538461,2.7210920725583176
210,-0.022,0.004,8,100.0,13,84.61538461538461,2.7210920725583176
210,-0.022,0.005,11,81.81818181818183,16,75.0,2.312575187278245
210,-0.022,0.006,11,81.81818181818183,18,77.77777777777779,2.8444064849780464
210,-0.022,0.007000000000000001,12,75.0,19,73.68421052631578,0.7913905138199266
210,-0.022,0.008,13,76.92307692307693,19,73.68421052631578,0.7913905138199266
210,-0.020999999999999998,-0.002,1,100.0,7,57.14285714285714,0.06359475316642157
210,-0.020999999999999998,-0.001,3,100.0,8,62.5,0.12348505402228982
210,-0.020999999999999998,0.0,5,100.0,8,62.5,0.12348505402228982
210,-0.020999999999999998,0.001,6,100.0,9,66.66666666666666,1.0744755714111132
210,-0.020999999999999998,0.002,7,100.0,14,78.57142857142857,1.3020807055955534
210,-0.020999999999999998,0.003,8,100.0,15,80.0,2.0584128639090937
210,-0.020999999999999998,0.004,10,100.0,15,80.0,2.0584128639090937
210,-0.020999999999999998,0.005,13,84.61538461538461,18,72.22222222222221,1.8057332784350122
210,-0.020999999999999998,0.006,13,84.61538461538461,20,75.0,2.335065637249155
210,-0.020999999999999998,0.007000000000000001,14,78.57142857142857,21,71.42857142857143,0.5018293227598521
210,-0.020999999999999998,0.008,15,80.0,21,71.42857142857143,0.5018293227598521
210,-0.019999999999999997,-0.002,3,100.0,7,57.14285714285714,0.06359475316642157
210,-0.019999999999999997,-0.001,5,100.0,8,62.5,0.12348505402228982
210,-0.019999999999999997,0.0,8,100.0,8,62.5,0.12348505402228982
210,-0.019999999999999997,0.001,9,100.0,9,66.66666666666666,1.0744755714111132
210,-0.019999999999999997,0.002,10,100.0,14,78.57142857142857,1.3020807055955534
210,-0.019999999999999997,0.003,12,100.0,15,80.0,2.0584128639090937
210,-0.019999999999999997,0.004,14,100.0,15,80.0,2.0584128639090937
210,-0.019999999999999997,0.005,17,88.23529411764706,18,72.22222222222221,1.8057332784350122
210,-0.019999999999999997,0.006,17,88.23529411764706,20,75.0,2.335065637249155
210,-0.019999999999999997,0.007000000000000001,18,83.33333333333334,23,73.91304347826086,1.0182380650973022
210,-0.019999999999999997,0.008,19,84.21052631578947,23,73.91304347826086,1.0182380650973022
210,-0.018999999999999996,-0.002,4,100.0,8,62.5,0.6179019576452938
210,-0.018999999999999996,-0.001,6,100.0,9,66.66666666666666,0.6095480912417466
210,-0.018999999999999996,0.0,9,100.0,9,66.66666666666666,0.6095480912417466
210,-0.018999999999999996,0.001,10,100.0,11,63.63636363636363,0.9200308404574329
210,-0.018999999999999996,0.002,11,100.0,16,75.0,1.167449311291843
210,-0.018999999999999996,0.003,13,100.0,17,76.47058823529412,1.8427207094687155
210,-0.018999999999999996,0.004,15,100.0,17,76.47058823529412,1.8427207094687155
210,-0.018999999999999996,0.005,18,88.88888888888889,20,70.0,1.6476629057080978
210,-0.018999999999999996,0.006,19,84.21052631578947,22,72.72727272727273,2.143244174877948
210,-0.018999999999999996,0.007000000000000001,20,80.0,26,73.07692307692307,1.0126015235854566
210,-0.018999999999999996,0.008,21,80.95238095238095,26,73.07692307692307,1.0126015235854566
210,-0.017999999999999995,-0.002,4,100.0,9,55.55555555555556,0.24037932874906667
210,-0.017999999999999995,-0.001,6,100.0,11,63.63636363636363,0.34410579121852275
210,-0.017999999999999995,0.0,9,100.0,11,63.63636363636363,0.34410579121852275
210,-0.017999999999999995,0.001,10,100.0,13,61.53846153846154,0.6476592405584461
210,-0.017999999999999995,0.002,11,100.0,19,73.68421052631578,0.9623583084819037
210,-0.017999999999999995,0.003,13,100.0,20,75.0,1.546593547072742
210,-0.017999999999999995,0.004,15,100.0,20,75.0,1.546593547072742
210,-0.017999999999999995,0.005,18,88.88888888888889,23,69.56521739130434,1.4156033475934198
210,-0.017999999999999995,0.006,19,84.21052631578947,25,72.0,1.8702796291120614
210,-0.017999999999999995,0.007000000000000001,20,80.0,29,72.41379310344827,0.8942502928865026
210,-0.017999999999999995,0.008,21,80.95238095238095,29,72.41379310344827,0.8942502928865026
210,-0.016999999999999994,-0.002,4,100.0,10,60.0,0.5820270308664941
210,-0.016999999999999994,-0.001,6,100.0,12,66.66666666666666,0.6201683377772573
210,-0.016999999999999994,0.0,9,100.0,12,66.66666666666666,0.6201683377772573
210,-0.016999999999999994,0.001,10,100.0,14,64.28571428571429,0.862601891227367
210,-0.016999999999999994,0.002,11,100.0,20,75.0,1.097083210553976
210,-0.016999999999999994,0.003,13,100.0,21,76.19047619047619,1.64708225197039
210,-0.016999999999999994,0.004,15,100.0,21,76.19047619047619,1.64708225197039
210,-0.016999999999999994,0.005,18,88.88888888888889,24,70.83333333333334,1.5089888893571664
210,-0.016999999999999994,0.006,19,84.21052631578947,27,74.07407407407408,2.055554321964482
210,-0.016999999999999994,0.007000000000000001,20,80.0,31,74.19354838709677,1.1185882083531626
210,-0.016999999999999994,0.008,21,80.95238095238095,31,74.19354838709677,1.1185882083531626
210,-0.015999999999999993,-0.002,4,100.0,10,60.0,0.5820270308664941
210,-0.015999999999999993,-0.001,6,100.0,12,66.66666666666666,0.6201683377772573
210,-0.015999999999999993,0.0,9,100.0,12,66.66666666666666,0.6201683377772573
210,-0.015999999999999993,0.001,10,100.0,14,64.28571428571429,0.862601891227367
210,-0.015999999999999993,0.002,11,100.0,21,71.42857142857143,0.977454080688482
210,-0.015999999999999993,0.003,13,100.0,22,72.72727272727273,1.5078908533980355
210,-0.015999999999999993,0.004,15,100.0,22,72.72727272727273,1.5078908533980355
210,-0.015999999999999993,0.005,18,88.88888888888889,25,68.0,1.3920241931180237
210,-0.015999999999999993,0.006,20,85.0,28,71.42857142857143,1.9316013634435574
210,-0.015999999999999993,0.007000000000000001,21,80.95238095238095,32,71.875,1.0394095606977078
210,-0.015999999999999993,0.008,22,81.81818181818183,32,71.875,1.0394095606977078
210,-0.014999999999999993,-0.002,6,66.66666666666666,12,58.333333333333336,0.24750205238021147
210,-0.014999999999999993,-0.001,9,77.77777777777779,14,64.28571428571429,0.32798388380176363
210,-0.014999999999999993,0.0,12,83.33333333333334,14,64.28571428571429,0.32798388380176363
210,-0.014999999999999993,0.001,14,85.71428571428571,16,62.5,0.5766362998175455
210,-0.014999999999999993,0.002,15,86.66666666666667,24,66.66666666666666,0.47954139613491326
210,-0.014999999999999993,0.003,17,88.23529411764706,25,68.0,0.9662422635014635
210,-0.014999999999999993,0.004,19,89.47368421052632,25,68.0,0.9662422635014635
210,-0.014999999999999993,0.005,22,81.81818181818183,29,62.06896551724138,0.7187182194760003
210,-0.014999999999999993,0.006,24,79.16666666666666,33,63.63636363636363,1.0630015561811539
210,-0.014999999999999993,0.007000000000000001,25,76.0,38,63.1578947368421,0.2662826931279319
210,-0.014999999999999993,0.008,26,76.92307692307693,38,63.1578947368421,0.2662826931279319
210,-0.013999999999999992,-0.002,7,57.14285714285714,12,58.333333333333336,0.24750205238021147
210,-0.013999999999999992,-0.001,10,70.0,14,64.28571428571429,0.32798388380176363
210,-0.013999999999999992,0.0,13,76.92307692307693,16,62.5,0.47954909252757927
210,-0.013999999999999992,0.001,15,80.0,19,63.1578947368421,1.0267667601675456
210,-0.013999999999999992,0.002,16,81.25,27,66.66666666666666,0.8070881908644653
210,-0.013999999999999992,0.003,18,83.33333333333334,28,67.85714285714286,1.229944436915687
210,-0.013999999999999992,0.004,21,85.71428571428571,28,67.85714285714286,1.229944436915687
210,-0.013999999999999992,0.005,24,79.16666666666666,32,62.5,0.9726630003408328
210,-0.013999999999999992,0.006,26,76.92307692307693,37,64.86486486486487,1.231079500281549
210,-0.013999999999999992,0.007000000000000001,27,74.07407407407408,42,64.28571428571429,0.4902293451262056
210,-0.013999999999999992,0.008,28,75.0,42,64.28571428571429,0.4902293451262056
210,-0.01299999999999999,-0.002,9,55.55555555555556,12,58.333333333333336,0.24750205238021147
210,-0.01299999999999999,-0.001,12,66.66666666666666,14,64.28571428571429,0.32798388380176363
210,-0.01299999999999999,0.0,15,73.33333333333333,16,62.5,0.47954909252757927
210,-0.01299999999999999,0.001,17,76.47058823529412,19,63.1578947368421,1.0267667601675456
210,-0.01299999999999999,0.002,19,78.94736842105263,28,67.85714285714286,0.8078267006076877
210,-0.01299999999999999,0.003,21,80.95238095238095,31,64.51612903225806,0.8507222371824865
210,-0.01299999999999999,0.004,24,83.33333333333334,31,64.51612903225806,0.8507222371824865
210,-0.01299999999999999,0.005,27,77.77777777777779,35,60.0,0.6588331751407
210,-0.01299999999999999,0.006,29,75.86206896551724,40,62.5,0.9370971657358791
210,-0.01299999999999999,0.007000000000000001,30,73.33333333333333,45,62.22222222222222,0.27830172476263315
210,-0.01299999999999999,0.008,31,74.19354838709677,46,60.86956521739131,0.2617332120638731
210,-0.01199999999999999,-0.002,10,60.0,12,58.333333333333336,0.24750205238021147
210,-0.01199999999999999,-0.001,14,71.42857142857143,14,64.28571428571429,0.32798388380176363
210,-0.01199999999999999,0.0,17,76.47058823529412,16,62.5,0.47954909252757927
210,-0.01199999999999999,0.001,19,78.94736842105263,19,63.1578947368421,1.0267667601675456
210,-0.01199999999999999,0.002,21,80.95238095238095,28,67.85714285714286,0.8078267006076877
210,-0.01199999999999999,0.003,23,82.6086956521739,31,64.51612903225806,0.8507222371824865
210,-0.01199999999999999,0.004,28,82.14285714285714,32,62.5,0.7336377752989276
210,-0.01199999999999999,0.005,31,77.41935483870968,36,58.333333333333336,0.5600883496342527
210,-0.01199999999999999,0.006,33,75.75757575757575,41,60.97560975609756,0.8436074655205796
210,-0.01199999999999999,0.007000000000000001,34,73.52941176470588,46,60.86956521739131,0.20929558850493665
210,-0.01199999999999999,0.008,36,72.22222222222221,47,59.57446808510638,0.19454781301801613
210,-0.010999999999999989,-0.002,10,60.0,12,58.333333333333336,0.24750205238021147
210,-0.010999999999999989,-0.001,14,71.42857142857143,15,60.0,0.04893472830844819
210,-0.010999999999999989,0.0,17,76.47058823529412,18,55.55555555555556,-0.13575034946808925
210,-0.010999999999999989,0.001,20,75.0,23,56.52173913043478,0.33529411910616747
210,-0.010999999999999989,0.002,22,77.27272727272727,32,62.5,0.33819824728980435
210,-0.010999999999999989,0.003,24,79.16666666666666,35,60.0,0.41644530425473025
210,-0.010999999999999989,0.004,29,79.3103448275862,37,56.75675675675676,0.2511757715884785
210,-0.010999999999999989,0.005,32,75.0,41,53.65853658536586,0.14586037380588096
210,-0.010999999999999989,0.006,34,73.52941176470588,46,56.52173913043478,0.44358697446851697
210,-0.010999999999999989,0.007000000000000001,35,71.42857142857143,51,56.86274509803921,-0.089319768422841
210,-0.010999999999999989,0.008,37,70.27027027027027,52,55.769230769230774,-0.09690688555663886
210,-0.009999999999999988,-0.002,11,63.63636363636363,13,53.84615384615385,-0.0875422629911145
210,-0.009999999999999988,-0.001,16,68.75,17,58.82352941176471,-0.010162482899909306
210,-0.009999999999999988,0.0,19,73.68421052631578,20,55.00000000000001,-0.1675144712175391
210,-0.009999999999999988,0.001,22,72.72727272727273,25,56.00000000000001,0.2721992642206668
210,-0.009999999999999988,0.002,24,75.0,34,61.76470588235294,0.2916341405690752
210,-0.009999999999999988,0.003,26,76.92307692307693,37,59.45945945945946,0.36942709499973997
210,-0.009999999999999988,0.004,31,77.41935483870968,40,57.49999999999999,0.33805873483509946
210,-0.009999999999999988,0.005,34,73.52941176470588,44,54.54545454545454,0.2320254811516227
210,-0.009999999999999988,0.006,36,72.22222222222221,49,57.14285714285714,0.5027315646975933
210,-0.009999999999999988,0.007000000000000001,37,70.27027027027027,54,57.407407407407405,-0.00604559898027049
210,-0.009999999999999988,0.008,39,69.23076923076923,55,56.36363636363636,-0.014732949169362573
220,-0.025,-0.002,1,100.0,3,66.66666666666666,-3.5782355250472313
220,-0.025,-0.001,1,100.0,4,75.0,-2.547997353782081
220,-0.025,0.0,2,100.0,4,75.0,-2.547997353782081
220,-0.025,0.001,3,100.0,5,80.0,-0.3019179409213244
220,-0.025,0.002,4,100.0,9,88.88888888888889,0.4936852304860998
220,-0.025,0.003,5,100.0,10,90.0,1.7090230154673567
220,-0.025,0.004,7,100.0,10,90.0,1.7090230154673567
220,-0.025,0.005,9,88.88888888888889,13,76.92307692307693,1.4397874006051816
220,-0.025,0.006,9,88.88888888888889,15,80.0,2.1943566627346835
220,-0.025,0.007000000000000001,10,80.0,15,80.0,2.1943566627346835
220,-0.025,0.008,10,80.0,15,80.0,2.1943566627346835
220,-0.024,-0.002,1,100.0,4,75.0,0.6540042812060749
220,-0.024,-0.001,1,100.0,5,80.0,0.6317468569675334
220,-0.024,0.0,2,100.0,5,80.0,0.6317468569675334
220,-0.024,0.001,3,100.0,6,83.33333333333334,1.9735223325598945
220,-0.024,0.002,4,100.0,10,90.0,1.779389077434089
220,-0.024,0.003,5,100.0,11,90.9090909090909,2.7673594413308686
220,-0.024,0.004,7,100.0,11,90.9090909090909,2.7673594413308686
220,-0.024,0.005,9,88.88888888888889,14,78.57142857142857,2.29056856484524
220,-0.024,0.006,9,88.88888888888889,16,81.25,2.8916296025616406
220,-0.024,0.007000000000000001,10,80.0,16,81.25,2.8916296025616406
220,-0.024,0.008,10,80.0,16,81.25,2.8916296025616406
220,-0.023,-0.002,1,100.0,5,60.0,0.2810557767908257
220,-0.023,-0.001,2,100.0,6,66.66666666666666,0.324666007327916
220,-0.023,0.0,3,100.0,6,66.66666666666666,0.324666007327916
220,-0.023,0.001,4,100.0,7,71.42857142857143,1.518627964927028
220,-0.023,0.002,5,100.0,11,81.81818181818183,1.507559321224611
220,-0.023,0.003,6,100.0,12,83.33333333333334,2.4358513011474487
220,-0.023,0.004,8,100.0,12,83.33333333333334,2.4358513011474487
220,-0.023,0.005,10,90.0,15,73.33333333333333,2.057148111130879
220,-0.023,0.006,10,90.0,17,76.47058823529412,2.6503138470656515
220,-0.023,0.007000000000000001,11,81.81818181818183,17,76.47058823529412,2.6503138470656515
220,-0.023,0.008,12,83.33333333333334,17,76.47058823529412,2.6503138470656515
220,-0.022,-0.002,1,100.0,6,66.66666666666666,1.2582100355738113
220,-0.022,-0.001,2,100.0,7,71.42857142857143,1.1559967676366054
220,-0.022,0.0,3,100.0,7,71.42857142857143,1.1559967676366054
220,-0.022,0.001,4,100.0,8,75.0,2.0967971354972423
220,-0.022,0.002,5,100.0,12,83.33333333333334,1.8939278219132882
220,-0.022,0.003,6,100.0,13,84.61538461538461,2.7210920725583176
220,-0.022,0.004,8,100.0,13,84.61538461538461,2.7210920725583176
220,-0.022,0.005,10,90.0,16,75.0,2.312575187278245
220,-0.022,0.006,10,90.0,18,77.77777777777779,2.8444064849780464
220,-0.022,0.007000000000000001,11,81.81818181818183,19,73.68421052631578,0.7913905138199266
220,-0.022,0.008,12,83.33333333333334,19,73.68421052631578,0.7913905138199266
220,-0.020999999999999998,-0.002,1,100.0,7,57.14285714285714,0.06359475316642157
220,-0.020999999999999998,-0.001,3,100.0,8,62.5,0.12348505402228982
220,-0.020999999999999998,0.0,5,100.0,8,62.5,0.12348505402228982
220,-0.020999999999999998,0.001,6,100.0,9,66.66666666666666,1.0744755714111132
220,-0.020999999999999998,0.002,7,100.0,13,76.92307692307693,1.2017720708985802
220,-0.020999999999999998,0.003,8,100.0,14,78.57142857142857,2.0192928572843005
220,-0.020999999999999998,0.004,10,100.0,14,78.57142857142857,2.0192928572843005
220,-0.020999999999999998,0.005,12,91.66666666666666,17,70.58823529411765,1.758653297363177
220,-0.020999999999999998,0.006,12,91.66666666666666,19,73.68421052631578,2.3208010414908897
220,-0.020999999999999998,0.007000000000000001,13,84.61538461538461,20,70.0,0.3966161410650349
220,-0.020999999999999998,0.008,14,85.71428571428571,20,70.0,0.3966161410650349
220,-0.019999999999999997,-0.002,3,100.0,7,57.14285714285714,0.06359475316642157
220,-0.019999999999999997,-0.001,5,100.0,8,62.5,0.12348505402228982
220,-0.019999999999999997,0.0,8,100.0,8,62.5,0.12348505402228982
220,-0.019999999999999997,0.001,9,100.0,9,66.66666666666666,1.0744755714111132
220,-0.019999999999999997,0.002,10,100.0,13,76.92307692307693,1.2017720708985802
220,-0.019999999999999997,0.003,12,100.0,14,78.57142857142857,2.0192928572843005
220,-0.019999999999999997,0.004,14,100.0,14,78.57142857142857,2.0192928572843005
220,-0.019999999999999997,0.005,16,93.75,17,70.58823529411765,1.758653297363177
220,-0.019999999999999997,0.006,16,93.75,19,73.68421052631578,2.3208010414908897
220,-0.019999999999999997,0.007000000000000001,17,88.23529411764706,22,72.72727272727273,0.946062842753716
220,-0.019999999999999997,0.008,18,88.88888888888889,22,72.72727272727273,0.946062842753716
220,-0.018999999999999996,-0.002,4,100.0,8,62.5,0.6179019576452938
220,-0.018999999999999996,-0.001,6,100.0,9,66.66666666666666,0.6095480912417466
220,-0.018999999999999996,0.0,9,100.0,9,66.66666666666666,0.6095480912417466
220,-0.018999999999999996,0.001,10,100.0,11,63.63636363636363,0.9200308404574329
220,-0.018999999999999996,0.002,11,100.0,15,73.33333333333333,1.0715397349342186
220,-0.018999999999999996,0.003,13,100.0,16,75.0,1.7950099440194967
220,-0.018999999999999996,0.004,15,100.0,16,75.0,1.7950099440194967
220,-0.018999999999999996,0.005,17,94.11764705882352,19,68.42105263157895,1.5972192188160923
220,-0.018999999999999996,0.006,18,88.88888888888889,21,71.42857142857143,2.121203756698031
220,-0.018999999999999996,0.007000000000000001,19,84.21052631578947,25,72.0,0.9488618662626267
220,-0.018999999999999996,0.008,20,85.0,25,72.0,0.9488618662626267
220,-0.017999999999999995,-0.002,4,100.0,9,55.55555555555556,0.24037932874906667
220,-0.017999999999999995,-0.001,6,100.0,11,63.63636363636363,0.34410579121852275
220,-0.017999999999999995,0.0,9,100.0,11,63.63636363636363,0.34410579121852275
220,-0.017999999999999995,0.001,10,100.0,13,61.53846153846154,0.6476592405584461
220,-0.017999999999999995,0.002,11,100.0,18,72.22222222222221,0.8710397169166652
220,-0.017999999999999995,0.003,13,100.0,19,73.68421052631578,1.49083042025256
220,-0.017999999999999995,0.004,15,100.0,19,73.68421052631578,1.49083042025256
220,-0.017999999999999995,0.005,17,94.11764705882352,22,68.18181818181817,1.361490183545111
220,-0.017999999999999995,0.006,18,88.88888888888889,24,70.83333333333334,1.8396207404643887
220,-0.017999999999999995,0.007000000000000001,19,84.21052631578947,28,71.42857142857143,0.8331130548947272
220,-0.017999999999999995,0.008,20,85.0,28,71.42857142857143,0.8331130548947272
220,-0.016999999999999994,-0.002,4,100.0,10,60.0,0.5820270308664941
220,-0.016999999999999994,-0.001,6,100.0,12,66.66666666666666,0.6201683377772573
220,-0.016999999999999994,0.0,9,100.0,12,66.66666666666666,0.6201683377772573
220,-0.016999999999999994,0.001,10,100.0,14,64.28571428571429,0.862601891227367
220,-0.016999999999999994,0.002,11,100.0,19,73.68421052631578,1.0176616449696478
220,-0.016999999999999994,0.003,13,100.0,20,75.0,1.5991317167360988
220,-0.016999999999999994,0.004,15,100.0,20,75.0,1.5991317167360988
220,-0.016999999999999994,0.005,17,94.11764705882352,23,69.56521739130434,1.4612887125180778
220,-0.016999999999999994,0.006,18,88.88888888888889,26,73.07692307692307,2.0343797590917228
220,-0.016999999999999994,0.007000000000000001,19,84.21052631578947,30,73.33333333333333,1.0690047167430612
220,-0.016999999999999994,0.008,20,85.0,30,73.33333333333333,1.0690047167430612
220,-0.015999999999999993,-0.002,4,100.0,10,60.0,0.5820270308664941
220,-0.015999999999999993,-0.001,6,100.0,12,66.66666666666666,0.6201683377772573
220,-0.015999999999999993,0.0,9,100.0,12,66.66666666666666,0.6201683377772573
220,-0.015999999999999993,0.001,10,100.0,14,64.28571428571429,0.862601891227367
220,-0.015999999999999993,0.002,11,100.0,20,70.0,0.8960221368900958
220,-0.015999999999999993,0.003,13,100.0,21,71.42857142857143,1.4555955151476465
220,-0.015999999999999993,0.004,15,100.0,21,71.42857142857143,1.4555955151476465
220,-0.015999999999999993,0.005,17,94.11764705882352,24,66.66666666666666,1.3414379946372659
220,-0.015999999999999993,0.006,19,89.47368421052632,27,70.37037037037037,1.9066201933245703
220,-0.015999999999999993,0.007000000000000001,20,85.0,31,70.96774193548387,0.9888713866345301
220,-0.015999999999999993,0.008,21,85.71428571428571,31,70.96774193548387,0.9888713866345301
220,-0.014999999999999993,-0.002,6,66.66666666666666,12,58.333333333333336,0.24750205238021147
220,-0.014999999999999993,-0.001,9,77.77777777777779,14,64.28571428571429,0.32798388380176363
220,-0.014999999999999993,0.0,12,83.33333333333334,14,64.28571428571429,0.32798388380176363
220,-0.014999999999999993,0.001,14,85.71428571428571,16,62.5,0.5766362998175455
220,-0.014999999999999993,0.002,15,86.66666666666667,23,65.21739130434783,0.38708263263398734
220,-0.014999999999999993,0.003,17,88.23529411764706,24,66.66666666666666,0.8979151512866825
220,-0.014999999999999993,0.004,19,89.47368421052632,24,66.66666666666666,0.8979151512866825
220,-0.014999999999999993,0.005,21,85.71428571428571,28,60.71428571428571,0.6513119788624213
220,-0.014999999999999993,0.006,23,82.6086956521739,32,62.5,1.0147799499163086
220,-0.014999999999999993,0.007000000000000001,24,79.16666666666666,37,62.16216216216216,0.20304457789743788
220,-0.014999999999999993,0.008,25,80.0,37,62.16216216216216,0.20304457789743788
220,-0.013999999999999992,-0.002,7,57.14285714285714,12,58.333333333333336,0.24750205238021147
220,-0.013999999999999992,-0.001,10,70.0,14,64.28571428571429,0.32798388380176363
220,-0.013999999999999992,0.0,13,76.92307692307693,16,62.5,0.47954909252757927
220,-0.013999999999999992,0.001,15,80.0,19,63.1578947368421,1.0267667601675456
220,-0.013999999999999992,0.002,16,81.25,26,65.38461538461539,0.7378956998724748
220,-0.013999999999999992,0.003,18,83.33333333333334,27,66.66666666666666,1.1789759732215936
220,-0.013999999999999992,0.004,21,85.71428571428571,27,66.66666666666666,1.1789759732215936
220,-0.013999999999999992,0.005,23,82.6086956521739,31,61.29032258064516,0.9199717114274336
220,-0.013999999999999992,0.006,25,80.0,36,63.888888888888886,1.1928846820489196
220,-0.013999999999999992,0.007000000000000001,26,76.92307692307693,41,63.41463414634146,0.4386229155766934
220,-0.013999999999999992,0.008,27,77.77777777777779,41,63.41463414634146,0.4386229155766934
220,-0.01299999999999999,-0.002,9,55.55555555555556,12,58.333333333333336,0.24750205238021147
220,-0.01299999999999999,-0.001,12,66.66666666666666,14,64.28571428571429,0.32798388380176363
220,-0.01299999999999999,0.0,15,73.33333333333333,16,62.5,0.47954909252757927
220,-0.01299999999999999,0.001,17,76.47058823529412,19,63.1578947368421,1.0267667601675456
220,-0.01299999999999999,0.002,19,78.94736842105263,27,66.66666666666666,0.7412242466799648
220,-0.01299999999999999,0.003,21,80.95238095238095,30,63.33333333333333,0.7922098798666958
220,-0.01299999999999999,0.004,24,83.33333333333334,30,63.33333333333333,0.7922098798666958
220,-0.01299999999999999,0.005,26,80.76923076923077,34,58.82352941176471,0.601560828625538
220,-0.01299999999999999,0.006,28,78.57142857142857,39,61.53846153846154,0.8943024018661271
220,-0.01299999999999999,0.007000000000000001,29,75.86206896551724,44,61.36363636363637,0.2253973785832337
220,-0.01299999999999999,0.008,30,76.66666666666667,45,60.0,0.20963632885070985
220,-0.01199999999999999,-0.002,10,60.0,12,58.333333333333336,0.24750205238021147
220,-0.01199999999999999,-0.001,14,71.42857142857143,14,64.28571428571429,0.32798388380176363
220,-0.01199999999999999,0.0,17,76.47058823529412,16,62.5,0.47954909252757927
220,-0.01199999999999999,0.001,19,78.94736842105263,19,63.1578947368421,1.0267667601675456
220,-0.01199999999999999,0.002,21,80.95238095238095,27,66.66666666666666,0.7412242466799648
220,-0.01199999999999999,0.003,23,82.6086956521739,30,63.33333333333333,0.7922098798666958
220,-0.01199999999999999,0.004,28,82.14285714285714,31,61.29032258064516,0.6732359952551441
220,-0.01199999999999999,0.005,30,80.0,35,57.14285714285714,0.501631075147911
220,-0.01199999999999999,0.006,32,78.125,40,60.0,0.7995453282421889
220,-0.01199999999999999,0.007000000000000001,33,75.75757575757575,45,60.0,0.15603342476824178
220,-0.01199999999999999,0.008,35,74.28571428571429,46,58.69565217391305,0.1421229185910991
220,-0.010999999999999989,-0.002,10,60.0,12,58.333333333333336,0.24750205238021147
220,-0.010999999999999989,-0.001,14,71.42857142857143,15,60.0,0.04893472830844819
220,-0.010999999999999989,0.0,17,76.47058823529412,18,55.55555555555556,-0.13575034946808925
220,-0.010999999999999989,0.001,20,75.0,23,56.52173913043478,0.33529411910616747
220,-0.010999999999999989,0.002,22,77.27272727272727,31,61.29032258064516,0.265040353439275
220,-0.010999999999999989,0.003,24,79.16666666666666,34,58.82352941176471,0.35204390271351044
220,-0.010999999999999989,0.004,29,79.3103448275862,36,55.55555555555556,0.18576140533659694
220,-0.010999999999999989,0.005,31,77.41935483870968,40,52.5,0.08435455923462273
220,-0.010999999999999989,0.006,33,75.75757575757575,45,55.55555555555556,0.3955312859754574
220,-0.010999999999999989,0.007000000000000001,34,73.52941176470588,50,56.00000000000001,-0.14322802292442202
220,-0.010999999999999989,0.008,36,72.22222222222221,51,54.90196078431373,-0.14990688246277317
220,-0.009999999999999988,-0.002,11,63.63636363636363,13,53.84615384615385,-0.0875422629911145
220,-0.009999999999999988,-0.001,16,68.75,17,58.82352941176471,-0.010162482899909306
220,-0.009999999999999988,0.0,19,73.68421052631578,20,55.00000000000001,-0.1675144712175391
220,-0.009999999999999988,0.001,22,72.72727272727273,25,56.00000000000001,0.2721992642206668
220,-0.009999999999999988,0.002,24,75.0,33,60.60606060606061,0.22149902493007106
220,-0.009999999999999988,0.003,26,76.92307692307693,36,58.333333333333336,0.3072974877315046
220,-0.009999999999999988,0.004,31,77.41935483870968,39,56.41025641025641,0.27990401119866076
220,-0.009999999999999988,0.005,33,75.75757575757575,43,53.48837209302325,0.17681460962826037
220,-0.009999999999999988,0.006,35,74.28571428571429,48,56.25,0.45891153569845544
220,-0.009999999999999988,0.007000000000000001,36,72.22222222222221,53,56.60377358490566,-0.05533123210548703
220,-0.009999999999999988,0.008,38,71.05263157894737,54,55.55555555555556,-0.06326676224020644
230,-0.025,-0.002,1,100.0,3,66.66666666666666,-3.5782355250472313
230,-0.025,-0.001,1,100.0,4,75.0,-2.547997353782081
230,-0.025,0.0,2,100.0,4,75.0,-2.547997353782081
230,-0.025,0.001,3,100.0,5,80.0,-0.3019179409213244
230,-0.025,0.002,3,100.0,9,88.88888888888889,0.4936852304860998
230,-0.025,0.003,4,100.0,10,90.0,1.7090230154673567
230,-0.025,0.004,6,100.0,10,90.0,1.7090230154673567
230,-0.025,0.005,8,87.5,13,76.92307692307693,1.4397874006051816
230,-0.025,0.006,8,87.5,15,80.0,2.1943566627346835
230,-0.025,0.007000000000000001,9,77.77777777777779,15,80.0,2.1943566627346835
230,-0.025,0.008,9,77.77777777777779,15,80.0,2.1943566627346835
230,-0.024,-0.002,1,100.0,4,75.0,0.6540042812060749
230,-0.024,-0.001,1,100.0,5,80.0,0.6317468569675334
230,-0.024,0.0,2,100.0,5,80.0,0.6317468569675334
230,-0.024,0.001,3,100.0,6,83.33333333333334,1.9735223325598945
230,-0.024,0.002,3,100.0,10,90.0,1.779389077434089
230,-0.024,0.003,4,100.0,11,90.9090909090909,2.7673594413308686
230,-0.024,0.004,6,100.0,11,90.9090909090909,2.7673594413308686
230,-0.024,0.005,8,87.5,14,78.57142857142857,2.29056856484524
230,-0.024,0.006,8,87.5,16,81.25,2.8916296025616406
230,-0.024,0.007000000000000001,9,77.77777777777779,16,81.25,2.8916296025616406
230,-0.024,0.008,9,77.77777777777779,16,81.25,2.8916296025616406
230,-0.023,-0.002,1,100.0,5,60.0,0.2810557767908257
230,-0.023,-0.001,2,100.0,6,66.66666666666666,0.324666007327916
230,-0.023,0.0,3,100.0,6,66.66666666666666,0.324666007327916
230,-0.023,0.001,4,100.0,7,71.42857142857143,1.518627964927028
230,-0.023,0.002,4,100.0,11,81.81818181818183,1.507559321224611
230,-0.023,0.003,5,100.0,12,83.33333333333334,2.4358513011474487
230,-0.023,0.004,7,100.0,12,83.33333333333334,2.4358513011474487
230,-0.023,0.005,9,88.88888888888889,15,73.33333333333333,2.057148111130879
230,-0.023,0.006,9,88.88888888888889,17,76.47058823529412,2.6503138470656515
230,-0.023,0.007000000000000001,10,80.0,17,76.47058823529412,2.6503138470656515
230,-0.023,0.008,11,81.81818181818183,17,76.47058823529412,2.6503138470656515
230,-0.022,-0.002,1,100.0,6,66.66666666666666,1.2582100355738113
230,-0.022,-0.001,2,100.0,7,71.42857142857143,1.1559967676366054
230,-0.022,0.0,3,100.0,7,71.42857142857143,1.1559967676366054
230,-0.022,0.001,4,100.0,8,75.0,2.0967971354972423
230,-0.022,0.002,4,100.0,12,83.33333333333334,1.8939278219132882
230,-0.022,0.003,5,100.0,13,84.61538461538461,2.7210920725583176
230,-0.022,0.004,7,100.0,13,84.61538461538461,2.7210920725583176
230,-0.022,0.005,9,88.88888888888889,16,75.0,2.312575187278245
230,-0.022,0.006,9,88.88888888888889,18,77.77777777777779,2.8444064849780464
230,-0.022,0.007000000000000001,10,80.0,19,73.68421052631578,0.7913905138199266
230,-0.022,0.008,11,81.81818181818183,19,73.68421052631578,0.7913905138199266
230,-0.020999999999999998,-0.002,1,100.0,7,57.14285714285714,0.06359475316642157
230,-0.020999999999999998,-0.001,3,100.0,8,62.5,0.12348505402228982
230,-0.020999999999999998,0.0,5,100.0,8,62.5,0.12348505402228982
230,-0.020999999999999998,0.001,6,100.0,9,66.66666666666666,1.0744755714111132
230,-0.020999999999999998,0.002,6,100.0,13,76.92307692307693,1.2017720708985802
230,-0.020999999999999998,0.003,7,100.0,14,78.57142857142857,2.0192928572843005
230,-0.020999999999999998,0.004,9,100.0,14,78.57142857142857,2.0192928572843005
230,-0.020999999999999998,0.005,11,90.9090909090909,17,70.58823529411765,1.758653297363177
230,-0.020999999999999998,0.006,11,90.9090909090909,19,73.68421052631578,2.3208010414908897
230,-0.020999999999999998,0.007000000000000001,12,83.33333333333334,20,70.0,0.3966161410650349
230,-0.020999999999999998,0.008,13,84.61538461538461,20,70.0,0.3966161410650349
230,-0.019999999999999997,-0.002,3,100.0,7,57.14285714285714,0.06359475316642157
230,-0.019999999999999997,-0.001,5,100.0,8,62.5,0.12348505402228982
230,-0.019999999999999997,0.0,8,100.0,8,62.5,0.12348505402228982
230,-0.019999999999999997,0.001,9,100.0,9,66.66666666666666,1.0744755714111132
230,-0.019999999999999997,0.002,9,100.0,13,76.92307692307693,1.2017720708985802
230,-0.019999999999999997,0.003,11,100.0,14,78.57142857142857,2.0192928572843005
230,-0.019999999999999997,0.004,13,100.0,14,78.57142857142857,2.0192928572843005
230,-0.019999999999999997,0.005,15,93.33333333333333,17,70.58823529411765,1.758653297363177
230,-0.019999999999999997,0.006,15,93.33333333333333,19,73.68421052631578,2.3208010414908897
230,-0.019999999999999997,0.007000000000000001,16,87.5,22,72.72727272727273,0.946062842753716
230,-0.019999999999999997,0.008,17,88.23529411764706,22,72.72727272727273,0.946062842753716
230,-0.018999999999999996,-0.002,4,100.0,8,62.5,0.6179019576452938
230,-0.018999999999999996,-0.001,6,100.0,9,66.66666666666666,0.6095480912417466
230,-0.018999999999999996,0.0,9,100.0,9,66.66666666666666,0.6095480912417466
230,-0.018999999999999996,0.001,10,100.0,11,63.63636363636363,0.9200308404574329
230,-0.018999999999999996,0.002,10,100.0,15,73.33333333333333,1.0715397349342186
230,-0.018999999999999996,0.003,12,100.0,16,75.0,1.7950099440194967
230,-0.018999999999999996,0.004,14,100.0,16,75.0,1.7950099440194967
230,-0.018999999999999996,0.005,16,93.75,19,68.42105263157895,1.5972192188160923
230,-0.018999999999999996,0.006,17,88.23529411764706,21,71.42857142857143,2.121203756698031
230,-0.018999999999999996,0.007000000000000001,18,83.33333333333334,25,72.0,0.9488618662626267
230,-0.018999999999999996,0.008,19,84.21052631578947,25,72.0,0.9488618662626267
230,-0.017999999999999995,-0.002,4,100.0,9,55.55555555555556,0.24037932874906667
230,-0.017999999999999995,-0.001,6,100.0,11,63.63636363636363,0.34410579121852275
230,-0.017999999999999995,0.0,9,100.0,11,63.63636363636363,0.34410579121852275
230,-0.017999999999999995,0.001,10,100.0,13,61.53846153846154,0.6476592405584461
230,-0.017999999999999995,0.002,10,100.0,18,72.22222222222221,0.8710397169166652
230,-0.017999999999999995,0.003,12,100.0,19,73.68421052631578,1.49083042025256
230,-0.017999999999999995,0.004,14,100.0,19,73.68421052631578,1.49083042025256
230,-0.017999999999999995,0.005,16,93.75,22,68.18181818181817,1.361490183545111
230,-0.017999999999999995,0.006,17,88.23529411764706,24,70.83333333333334,1.8396207404643887
230,-0.017999999999999995,0.007000000000000001,18,83.33333333333334,28,71.42857142857143,0.8331130548947272
230,-0.017999999999999995,0.008,19,84.21052631578947,28,71.42857142857143,0.8331130548947272
230,-0.016999999999999994,-0.002,4,100.0,9,55.55555555555556,0.24037932874906667
230,-0.016999999999999994,-0.001,6,100.0,11,63.63636363636363,0.34410579121852275
230,-0.016999999999999994,0.0,9,100.0,11,63.63636363636363,0.34410579121852275
230,-0.016999999999999994,0.001,10,100.0,13,61.53846153846154,0.6476592405584461
230,-0.016999999999999994,0.002,10,100.0,18,72.22222222222221,0.8710397169166652
230,-0.016999999999999994,0.003,12,100.0,19,73.68421052631578,1.49083042025256
230,-0.016999999999999994,0.004,14,100.0,19,73.68421052631578,1.49083042025256
230,-0.016999999999999994,0.005,16,93.75,22,68.18181818181817,1.361490183545111
230,-0.016999999999999994,0.006,17,88.23529411764706,25,72.0,1.9694806954584585
230,-0.016999999999999994,0.007000000000000001,18,83.33333333333334,29,72.41379310344827,0.979768453529948
230,-0.016999999999999994,0.008,19,84.21052631578947,29,72.41379310344827,0.979768453529948
230,-0.015999999999999993,-0.002,4,100.0,9,55.55555555555556,0.24037932874906667
230,-0.015999999999999993,-0.001,6,100.0,11,63.63636363636363,0.34410579121852275
230,-0.015999999999999993,0.0,9,100.0,11,63.63636363636363,0.34410579121852275
230,-0.015999999999999993,0.001,10,100.0,13,61.53846153846154,0.6476592405584461
230,-0.015999999999999993,0.002,10,100.0,19,68.42105263157895,0.7507150730462403
230,-0.015999999999999993,0.003,12,100.0,20,70.0,1.3455324734088618
230,-0.015999999999999993,0.004,14,100.0,20,70.0,1.3455324734088618
230,-0.015999999999999993,0.005,16,93.75,23,65.21739130434783,1.2407676313639586
230,-0.015999999999999993,0.006,18,88.88888888888889,26,69.23076923076923,1.8393034180707712
230,-0.015999999999999993,0.007000000000000001,19,84.21052631578947,30,70.0,0.8999385545249032
230,-0.015999999999999993,0.008,20,85.0,30,70.0,0.8999385545249032
230,-0.014999999999999993,-0.002,6,66.66666666666666,11,54.54545454545454,-0.06243924739643638
230,-0.014999999999999993,-0.001,8,75.0,13,61.53846153846154,0.07191677102318103
230,-0.014999999999999993,0.0,11,81.81818181818183,13,61.53846153846154,0.07191677102318103
230,-0.014999999999999993,0.001,13,84.61538461538461,15,60.0,0.3712882964771597
230,-0.014999999999999993,0.002,13,84.61538461538461,22,63.63636363636363,0.2384565545753805
230,-0.014999999999999993,0.003,15,86.66666666666667,23,65.21739130434783,0.7779611861285668
230,-0.014999999999999993,0.004,17,88.23529411764706,23,65.21739130434783,0.7779611861285668
230,-0.014999999999999993,0.005,19,84.21052631578947,27,59.25925925925925,0.53999552067498
230,-0.014999999999999993,0.006,21,80.95238095238095,31,61.29032258064516,0.9295516789483401
230,-0.014999999999999993,0.007000000000000001,22,77.27272727272727,36,61.111111111111114,0.10710536200782975
230,-0.014999999999999993,0.008,23,78.26086956521739,36,61.111111111111114,0.10710536200782975
230,-0.013999999999999992,-0.002,7,57.14285714285714,11,54.54545454545454,-0.06243924739643638
230,-0.013999999999999992,-0.001,9,66.66666666666666,13,61.53846153846154,0.07191677102318103
230,-0.013999999999999992,0.0,12,75.0,15,60.0,0.26772860870119575
230,-0.013999999999999992,0.001,14,78.57142857142857,18,61.111111111111114,0.880650671847779
230,-0.013999999999999992,0.002,14,78.57142857142857,25,64.0,0.6211372738704404
230,-0.013999999999999992,0.003,16,81.25,26,65.38461538461539,1.0836728818099879
230,-0.013999999999999992,0.004,19,84.21052631578947,26,65.38461538461539,1.0836728818099879
230,-0.013999999999999992,0.005,21,80.95238095238095,30,60.0,0.8287422234775698
230,-0.013999999999999992,0.006,23,78.26086956521739,35,62.857142857142854,1.122485491538222
230,-0.013999999999999992,0.007000000000000001,24,75.0,40,62.5,0.35816707971802736
230,-0.013999999999999992,0.008,25,76.0,40,62.5,0.35816707971802736
230,-0.01299999999999999,-0.002,9,55.55555555555556,11,54.54545454545454,-0.06243924739643638
230,-0.01299999999999999,-0.001,11,63.63636363636363,13,61.53846153846154,0.07191677102318103
230,-0.01299999999999999,0.0,14,71.42857142857143,15,60.0,0.26772860870119575
230,-0.01299999999999999,0.001,16,75.0,18,61.111111111111114,0.880650671847779
230,-0.01299999999999999,0.002,17,76.47058823529412,26,65.38461538461539,0.6290845504013733
230,-0.01299999999999999,0.003,19,78.94736842105263,29,62.06896551724138,0.6934289671061216
230,-0.01299999999999999,0.004,22,81.81818181818183,29,62.06896551724138,0.6934289671061216
230,-0.01299999999999999,0.005,24,79.16666666666666,33,57.57575757575758,0.508976115858938
230,-0.01299999999999999,0.006,26,76.92307692307693,38,60.526315789473685,0.8216036137593582
230,-0.01299999999999999,0.007000000000000001,27,74.07407407407408,43,60.46511627906976,0.14559600715671944
230,-0.01299999999999999,0.008,28,75.0,44,59.09090909090909,0.13129041928087745
230,-0.01199999999999999,-0.002,10,60.0,11,54.54545454545454,-0.06243924739643638
230,-0.01199999999999999,-0.001,13,69.23076923076923,13,61.53846153846154,0.07191677102318103
230,-0.01199999999999999,0.0,16,75.0,15,60.0,0.26772860870119575
230,-0.01199999999999999,0.001,18,77.77777777777779,18,61.111111111111114,0.880650671847779
230,-0.01199999999999999,0.002,19,78.94736842105263,26,65.38461538461539,0.6290845504013733
230,-0.01199999999999999,0.003,21,80.95238095238095,29,62.06896551724138,0.6934289671061216
230,-0.01199999999999999,0.004,25,84.0,30,60.0,0.573781983432871
230,-0.01199999999999999,0.005,27,81.48148148148148,34,55.88235294117647,0.4088303317721632
230,-0.01199999999999999,0.006,29,79.3103448275862,39,58.97435897435898,0.7262809430708773
230,-0.01199999999999999,0.007000000000000001,30,76.66666666666667,44,59.09090909090909,0.07646926737835323
230,-0.01199999999999999,0.008,32,75.0,45,57.77777777777777,0.06401773122816
230,-0.010999999999999989,-0.002,10,60.0,11,54.54545454545454,-0.06243924739643638
230,-0.010999999999999989,-0.001,13,69.23076923076923,14,57.14285714285714,-0.20877395894975873
230,-0.010999999999999989,0.0,16,75.0,17,52.94117647058824,-0.3588448611969965
230,-0.010999999999999989,0.001,19,73.68421052631578,22,54.54545454545454,0.1843140177053869
230,-0.010999999999999989,0.002,20,75.0,30,60.0,0.1519798202231396
230,-0.010999999999999989,0.003,22,77.27272727272727,33,57.57575757575758,0.2518980709798792
230,-0.010999999999999989,0.004,26,80.76923076923077,35,54.285714285714285,0.08658726406268975
230,-0.010999999999999989,0.005,28,78.57142857142857,39,51.28205128205128,-0.007248050783036711
230,-0.010999999999999989,0.006,30,76.66666666666667,44,54.54545454545454,0.32141026179482357
230,-0.010999999999999989,0.007000000000000001,31,74.19354838709677,49,55.10204081632652,-0.22078076522743761
230,-0.010999999999999989,0.008,33,72.72727272727273,50,54.0,-0.2260421471104954
230,-0.009999999999999988,-0.002,11,63.63636363636363,12,50.0,-0.3995754807339857
230,-0.009999999999999988,-0.001,15,66.66666666666666,15,53.333333333333336,-0.46872729818291
230,-0.009999999999999988,0.0,18,72.22222222222221,18,50.0,-0.5671353715442207
230,-0.009999999999999988,0.001,21,71.42857142857143,23,52.17391304347826,-0.0023115503447183965
230,-0.009999999999999988,0.002,22,72.72727272727273,31,58.06451612903226,0.014558727717650339
230,-0.009999999999999988,0.003,24,75.0,34,55.88235294117647,0.12366359690849939
230,-0.009999999999999988,0.004,28,78.57142857142857,37,54.054054054054056,0.10967862630547509
230,-0.009999999999999988,0.005,30,76.66666666666667,41,51.21951219512195,0.018167828062682814
230,-0.009999999999999988,0.006,32,75.0,46,54.347826086956516,0.32977405326262316
230,-0.009999999999999988,0.007000000000000001,33,72.72727272727273,51,54.90196078431373,-0.19197456009874536
230,-0.009999999999999988,0.008,35,71.42857142857143,52,53.84615384615385,-0.19758754662339126
240,-0.025,-0.002,1,100.0,3,66.66666666666666,-3.5782355250472313
240,-0.025,-0.001,1,100.0,4,75.0,-2.547997353782081
240,-0.025,0.0,2,100.0,4,75.0,-2.547997353782081
240,-0.025,0.001,3,100.0,5,80.0,-0.3019179409213244
240,-0.025,0.002,3,100.0,9,88.88888888888889,0.4936852304860998
240,-0.025,0.003,4,100.0,10,90.0,1.7090230154673567
240,-0.025,0.004,6,100.0,10,90.0,1.7090230154673567
240,-0.025,0.005,8,87.5,13,76.92307692307693,1.4397874006051816
240,-0.025,0.006,8,87.5,15,80.0,2.1943566627346835
240,-0.025,0.007000000000000001,9,77.77777777777779,15,80.0,2.1943566627346835
240,-0.025,0.008,9,77.77777777777779,15,80.0,2.1943566627346835
240,-0.024,-0.002,1,100.0,4,75.0,0.6540042812060749
240,-0.024,-0.001,1,100.0,5,80.0,0.6317468569675334
240,-0.024,0.0,2,100.0,5,80.0,0.6317468569675334
240,-0.024,0.001,3,100.0,6,83.33333333333334,1.9735223325598945
240,-0.024,0.002,3,100.0,10,90.0,1.779389077434089
240,-0.024,0.003,4,100.0,11,90.9090909090909,2.7673594413308686
240,-0.024,0.004,6,100.0,11,90.9090909090909,2.7673594413308686
240,-0.024,0.005,8,87.5,14,78.57142857142857,2.29056856484524
240,-0.024,0.006,8,87.5,16,81.25,2.8916296025616406
240,-0.024,0.007000000000000001,9,77.77777777777779,16,81.25,2.8916296025616406
240,-0.024,0.008,9,77.77777777777779,16,81.25,2.8916296025616406
240,-0.023,-0.002,1,100.0,5,60.0,0.2810557767908257
240,-0.023,-0.001,2,100.0,6,66.66666666666666,0.324666007327916
240,-0.023,0.0,3,100.0,6,66.66666666666666,0.324666007327916
240,-0.023,0.001,4,100.0,7,71.42857142857143,1.518627964927028
240,-0.023,0.002,4,100.0,11,81.81818181818183,1.507559321224611
240,-0.023,0.003,5,100.0,12,83.33333333333334,2.4358513011474487
240,-0.023,0.004,7,100.0,12,83.33333333333334,2.4358513011474487
240,-0.023,0.005,9,88.88888888888889,15,73.33333333333333,2.057148111130879
240,-0.023,0.006,9,88.88888888888889,17,76.47058823529412,2.6503138470656515
240,-0.023,0.007000000000000001,10,80.0,17,76.47058823529412,2.6503138470656515
240,-0.023,0.008,11,81.81818181818183,17,76.47058823529412,2.6503138470656515
240,-0.022,-0.002,1,100.0,6,66.66666666666666,1.2582100355738113
240,-0.022,-0.001,2,100.0,7,71.42857142857143,1.1559967676366054
240,-0.022,0.0,3,100.0,7,71.42857142857143,1.1559967676366054
240,-0.022,0.001,4,100.0,8,75.0,2.0967971354972423
240,-0.022,0.002,4,100.0,12,83.33333333333334,1.8939278219132882
240,-0.022,0.003,5,100.0,13,84.61538461538461,2.7210920725583176
240,-0.022,0.004,7,100.0,13,84.61538461538461,2.7210920725583176
240,-0.022,0.005,9,88.88888888888889,16,75.0,2.312575187278245
240,-0.022,0.006,9,88.88888888888889,18,77.77777777777779,2.8444064849780464
240,-0.022,0.007000000000000001,10,80.0,19,73.68421052631578,0.7913905138199266
240,-0.022,0.008,11,81.81818181818183,19,73.68421052631578,0.7913905138199266
240,-0.020999999999999998,-0.002,1,100.0,7,57.14285714285714,0.06359475316642157
240,-0.020999999999999998,-0.001,3,100.0,8,62.5,0.12348505402228982
240,-0.020999999999999998,0.0,5,100.0,8,62.5,0.12348505402228982
240,-0.020999999999999998,0.001,6,100.0,9,66.66666666666666,1.0744755714111132
240,-0.020999999999999998,0.002,6,100.0,13,76.92307692307693,1.2017720708985802
240,-0.020999999999999998,0.003,7,100.0,14,78.57142857142857,2.0192928572843005
240,-0.020999999999999998,0.004,9,100.0,14,78.57142857142857,2.0192928572843005
240,-0.020999999999999998,0.005,11,90.9090909090909,17,70.58823529411765,1.758653297363177
240,-0.020999999999999998,0.006,11,90.9090909090909,19,73.68421052631578,2.3208010414908897
240,-0.020999999999999998,0.007000000000000001,12,83.33333333333334,20,70.0,0.3966161410650349
240,-0.020999999999999998,0.008,13,84.61538461538461,20,70.0,0.3966161410650349
240,-0.019999999999999997,-0.002,3,100.0,7,57.14285714285714,0.06359475316642157
240,-0.019999999999999997,-0.001,5,100.0,8,62.5,0.12348505402228982
240,-0.019999999999999997,0.0,8,100.0,8,62.5,0.12348505402228982
240,-0.019999999999999997,0.001,9,100.0,9,66.66666666666666,1.0744755714111132
240,-0.019999999999999997,0.002,9,100.0,13,76.92307692307693,1.2017720708985802
240,-0.019999999999999997,0.003,11,100.0,14,78.57142857142857,2.0192928572843005
240,-0.019999999999999997,0.004,13,100.0,14,78.57142857142857,2.0192928572843005
240,-0.019999999999999997,0.005,15,93.33333333333333,17,70.58823529411765,1.758653297363177
240,-0.019999999999999997,0.006,15,93.33333333333333,19,73.68421052631578,2.3208010414908897
240,-0.019999999999999997,0.007000000000000001,16,87.5,22,72.72727272727273,0.946062842753716
240,-0.019999999999999997,0.008,17,88.23529411764706,22,72.72727272727273,0.946062842753716
240,-0.018999999999999996,-0.002,4,100.0,8,62.5,0.6179019576452938
240,-0.018999999999999996,-0.001,6,100.0,9,66.66666666666666,0.6095480912417466
240,-0.018999999999999996,0.0,9,100.0,9,66.66666666666666,0.6095480912417466
240,-0.018999999999999996,0.001,10,100.0,11,63.63636363636363,0.9200308404574329
240,-0.018999999999999996,0.002,10,100.0,15,73.33333333333333,1.0715397349342186
240,-0.018999999999999996,0.003,12,100.0,16,75.0,1.7950099440194967
240,-0.018999999999999996,0.004,14,100.0,16,75.0,1.7950099440194967
240,-0.018999999999999996,0.005,16,93.75,19,68.42105263157895,1.5972192188160923
240,-0.018999999999999996,0.006,17,88.23529411764706,21,71.42857142857143,2.121203756698031
240,-0.018999999999999996,0.007000000000000001,18,83.33333333333334,25,72.0,0.9488618662626267
240,-0.018999999999999996,0.008,19,84.21052631578947,25,72.0,0.9488618662626267
240,-0.017999999999999995,-0.002,4,100.0,9,55.55555555555556,0.24037932874906667
240,-0.017999999999999995,-0.001,6,100.0,11,63.63636363636363,0.34410579121852275
240,-0.017999999999999995,0.0,9,100.0,11,63.63636363636363,0.34410579121852275
240,-0.017999999999999995,0.001,10,100.0,13,61.53846153846154,0.6476592405584461
240,-0.017999999999999995,0.002,10,100.0,18,72.22222222222221,0.8710397169166652
240,-0.017999999999999995,0.003,12,100.0,19,73.68421052631578,1.49083042025256
240,-0.017999999999999995,0.004,14,100.0,19,73.68421052631578,1.49083042025256
240,-0.017999999999999995,0.005,16,93.75,22,68.18181818181817,1.361490183545111
240,-0.017999999999999995,0.006,17,88.23529411764706,24,70.83333333333334,1.8396207404643887
240,-0.017999999999999995,0.007000000000000001,18,83.33333333333334,28,71.42857142857143,0.8331130548947272
240,-0.017999999999999995,0.008,19,84.21052631578947,28,71.42857142857143,0.8331130548947272
240,-0.016999999999999994,-0.002,4,100.0,9,55.55555555555556,0.24037932874906667
240,-0.016999999999999994,-0.001,6,100.0,11,63.63636363636363,0.34410579121852275
240,-0.016999999999999994,0.0,9,100.0,11,63.63636363636363,0.34410579121852275
240,-0.016999999999999994,0.001,10,100.0,13,61.53846153846154,0.6476592405584461
240,-0.016999999999999994,0.002,10,100.0,18,72.22222222222221,0.8710397169166652
240,-0.016999999999999994,0.003,12,100.0,19,73.68421052631578,1.49083042025256
240,-0.016999999999999994,0.004,14,100.0,19,73.68421052631578,1.49083042025256
240,-0.016999999999999994,0.005,16,93.75,22,68.18181818181817,1.361490183545111
240,-0.016999999999999994,0.006,17,88.23529411764706,25,72.0,1.9694806954584585
240,-0.016999999999999994,0.007000000000000001,18,83.33333333333334,29,72.41379310344827,0.979768453529948
240,-0.016999999999999994,0.008,19,84.21052631578947,29,72.41379310344827,0.979768453529948
240,-0.015999999999999993,-0.002,4,100.0,9,55.55555555555556,0.24037932874906667
240,-0.015999999999999993,-0.001,6,100.0,11,63.63636363636363,0.34410579121852275
240,-0.015999999999999993,0.0,9,100.0,11,63.63636363636363,0.34410579121852275
240,-0.015999999999999993,0.001,10,100.0,13,61.53846153846154,0.6476592405584461
240,-0.015999999999999993,0.002,10,100.0,19,68.42105263157895,0.7507150730462403
240,-0.015999999999999993,0.003,12,100.0,20,70.0,1.3455324734088618
240,-0.015999999999999993,0.004,14,100.0,20,70.0,1.3455324734088618
240,-0.015999999999999993,0.005,16,93.75,23,65.21739130434783,1.2407676313639586
240,-0.015999999999999993,0.006,18,88.88888888888889,26,69.23076923076923,1.8393034180707712
240,-0.015999999999999993,0.007000000000000001,19,84.21052631578947,30,70.0,0.8999385545249032
240,-0.015999999999999993,0.008,20,85.0,30,70.0,0.8999385545249032
240,-0.014999999999999993,-0.002,6,66.66666666666666,11,54.54545454545454,-0.06243924739643638
240,-0.014999999999999993,-0.001,8,75.0,13,61.53846153846154,0.07191677102318103
240,-0.014999999999999993,0.0,11,81.81818181818183,13,61.53846153846154,0.07191677102318103
240,-0.014999999999999993,0.001,13,84.61538461538461,15,60.0,0.3712882964771597
240,-0.014999999999999993,0.002,13,84.61538461538461,22,63.63636363636363,0.2384565545753805
240,-0.014999999999999993,0.003,15,86.66666666666667,23,65.21739130434783,0.7779611861285668
240,-0.014999999999999993,0.004,17,88.23529411764706,23,65.21739130434783,0.7779611861285668
240,-0.014999999999999993,0.005,19,84.21052631578947,27,59.25925925925925,0.53999552067498
240,-0.014999999999999993,0.006,21,80.95238095238095,31,61.29032258064516,0.9295516789483401
240,-0.014999999999999993,0.007000000000000001,22,77.27272727272727,36,61.111111111111114,0.10710536200782975
240,-0.014999999999999993,0.008,23,78.26086956521739,36,61.111111111111114,0.10710536200782975
240,-0.013999999999999992,-0.002,7,57.14285714285714,11,54.54545454545454,-0.06243924739643638
240,-0.013999999999999992,-0.001,9,66.66666666666666,13,61.53846153846154,0.07191677102318103
240,-0.013999999999999992,0.0,12,75.0,15,60.0,0.26772860870119575
240,-0.013999999999999992,0.001,14,78.57142857142857,18,61.111111111111114,0.880650671847779
240,-0.013999999999999992,0.002,14,78.57142857142857,25,64.0,0.6211372738704404
240,-0.013999999999999992,0.003,16,81.25,26,65.38461538461539,1.0836728818099879
240,-0.013999999999999992,0.004,19,84.21052631578947,26,65.38461538461539,1.0836728818099879
240,-0.013999999999999992,0.005,21,80.95238095238095,30,60.0,0.8287422234775698
240,-0.013999999999999992,0.006,23,78.26086956521739,35,62.857142857142854,1.122485491538222
240,-0.013999999999999992,0.007000000000000001,24,75.0,40,62.5,0.35816707971802736
240,-0.013999999999999992,0.008,25,76.0,40,62.5,0.35816707971802736
240,-0.01299999999999999,-0.002,9,55.55555555555556,11,54.54545454545454,-0.06243924739643638
240,-0.01299999999999999,-0.001,11,63.63636363636363,13,61.53846153846154,0.07191677102318103
240,-0.01299999999999999,0.0,14,71.42857142857143,15,60.0,0.26772860870119575
240,-0.01299999999999999,0.001,16,75.0,18,61.111111111111114,0.880650671847779
240,-0.01299999999999999,0.002,17,76.47058823529412,26,65.38461538461539,0.6290845504013733
240,-0.01299999999999999,0.003,19,78.94736842105263,29,62.06896551724138,0.6934289671061216
240,-0.01299999999999999,0.004,22,81.81818181818183,29,62.06896551724138,0.6934289671061216
240,-0.01299999999999999,0.005,24,79.16666666666666,33,57.57575757575758,0.508976115858938
240,-0.01299999999999999,0.006,26,76.92307692307693,38,60.526315789473685,0.8216036137593582
240,-0.01299999999999999,0.007000000000000001,27,74.07407407407408,43,60.46511627906976,0.14559600715671944
240,-0.01299999999999999,0.008,28,75.0,44,59.09090909090909,0.13129041928087745
240,-0.01199999999999999,-0.002,10,60.0,11,54.54545454545454,-0.06243924739643638
240,-0.01199999999999999,-0.001,13,69.23076923076923,13,61.53846153846154,0.07191677102318103
240,-0.01199999999999999,0.0,16,75.0,15,60.0,0.26772860870119575
240,-0.01199999999999999,0.001,18,77.77777777777779,18,61.111111111111114,0.880650671847779
240,-0.01199999999999999,0.002,19,78.94736842105263,26,65.38461538461539,0.6290845504013733
240,-0.01199999999999999,0.003,21,80.95238095238095,29,62.06896551724138,0.6934289671061216
240,-0.01199999999999999,0.004,25,84.0,30,60.0,0.573781983432871
240,-0.01199999999999999,0.005,27,81.48148148148148,34,55.88235294117647,0.4088303317721632
240,-0.01199999999999999,0.006,29,79.3103448275862,39,58.97435897435898,0.7262809430708773
240,-0.01199999999999999,0.007000000000000001,30,76.66666666666667,44,59.09090909090909,0.07646926737835323
240,-0.01199999999999999,0.008,32,75.0,45,57.77777777777777,0.06401773122816
240,-0.010999999999999989,-0.002,10,60.0,11,54.54545454545454,-0.06243924739643638
240,-0.010999999999999989,-0.001,13,69.23076923076923,14,57.14285714285714,-0.20877395894975873
240,-0.010999999999999989,0.0,16,75.0,16,56.25,0.009885980119997362
240,-0.010999999999999989,0.001,19,73.68421052631578,21,57.14285714285714,0.49111651008511475
240,-0.010999999999999989,0.002,20,75.0,29,62.06896551724138,0.3730321699642443
240,-0.010999999999999989,0.003,22,77.27272727272727,32,59.375,0.45534920826890346
240,-0.010999999999999989,0.004,26,80.76923076923077,34,55.88235294117647,0.2732086048371483
240,-0.010999999999999989,0.005,28,78.57142857142857,38,52.63157894736842,0.1572595879402756
240,-0.010999999999999989,0.006,30,76.66666666666667,43,55.81395348837209,0.4744323218893287
240,-0.010999999999999989,0.007000000000000001,31,74.19354838709677,48,56.25,-0.09499414945574054
240,-0.010999999999999989,0.008,33,72.72727272727273,49,55.10204081632652,-0.102929980270528
240,-0.009999999999999988,-0.002,11,63.63636363636363,12,50.0,-0.3995754807339857
240,-0.009999999999999988,-0.001,15,66.66666666666666,15,53.333333333333336,-0.46872729818291
240,-0.009999999999999988,0.0,18,72.22222222222221,17,52.94117647058824,-0.2323469626780631
240,-0.009999999999999988,0.001,21,71.42857142857143,22,54.54545454545454,0.2820623938336539
240,-0.009999999999999988,0.002,22,72.72727272727273,30,60.0,0.22366196271720198
240,-0.009999999999999988,0.003,24,75.0,33,57.57575757575758,0.31706365506539036
240,-0.009999999999999988,0.004,28,78.57142857142857,36,55.55555555555556,0.2865735415436521
240,-0.009999999999999988,0.005,30,76.66666666666667,40,52.5,0.17508548182097255
240,-0.009999999999999988,0.006,32,75.0,45,55.55555555555556,0.47618099494110155
240,-0.009999999999999988,0.007000000000000001,33,72.72727272727273,50,56.00000000000001,-0.0706432848553423
240,-0.009999999999999988,0.008,35,71.42857142857143,51,54.90196078431373,-0.07874537455191069
250,-0.025,-0.002,1,100.0,3,66.66666666666666,-3.5782355250472313
250,-0.025,-0.001,1,100.0,4,75.0,-2.547997353782081
250,-0.025,0.0,2,100.0,4,75.0,-2.547997353782081
250,-0.025,0.001,3,100.0,5,80.0,-0.3019179409213244
250,-0.025,0.002,3,100.0,9,88.88888888888889,0.4936852304860998
250,-0.025,0.003,4,100.0,10,90.0,1.7090230154673567
250,-0.025,0.004,6,100.0,10,90.0,1.7090230154673567
250,-0.025,0.005,8,87.5,13,76.92307692307693,1.4397874006051816
250,-0.025,0.006,8,87.5,15,80.0,2.1943566627346835
250,-0.025,0.007000000000000001,9,77.77777777777779,15,80.0,2.1943566627346835
250,-0.025,0.008,9,77.77777777777779,15,80.0,2.1943566627346835
250,-0.024,-0.002,1,100.0,4,75.0,0.6540042812060749
250,-0.024,-0.001,1,100.0,5,80.0,0.6317468569675334
250,-0.024,0.0,2,100.0,5,80.0,0.6317468569675334
250,-0.024,0.001,3,100.0,6,83.33333333333334,1.9735223325598945
250,-0.024,0.002,3,100.0,10,90.0,1.779389077434089
250,-0.024,0.003,4,100.0,11,90.9090909090909,2.7673594413308686
250,-0.024,0.004,6,100.0,11,90.9090909090909,2.7673594413308686
250,-0.024,0.005,8,87.5,14,78.57142857142857,2.29056856484524
250,-0.024,0.006,8,87.5,16,81.25,2.8916296025616406
250,-0.024,0.007000000000000001,9,77.77777777777779,16,81.25,2.8916296025616406
250,-0.024,0.008,9,77.77777777777779,16,81.25,2.8916296025616406
250,-0.023,-0.002,1,100.0,5,60.0,0.2810557767908257
250,-0.023,-0.001,2,100.0,6,66.66666666666666,0.324666007327916
250,-0.023,0.0,3,100.0,6,66.66666666666666,0.324666007327916
250,-0.023,0.001,4,100.0,7,71.42857142857143,1.518627964927028
250,-0.023,0.002,4,100.0,11,81.81818181818183,1.507559321224611
250,-0.023,0.003,5,100.0,12,83.33333333333334,2.4358513011474487
250,-0.023,0.004,7,100.0,12,83.33333333333334,2.4358513011474487
250,-0.023,0.005,9,88.88888888888889,15,73.33333333333333,2.057148111130879
250,-0.023,0.006,9,88.88888888888889,17,76.47058823529412,2.6503138470656515
250,-0.023,0.007000000000000001,10,80.0,17,76.47058823529412,2.6503138470656515
250,-0.023,0.008,11,81.81818181818183,17,76.47058823529412,2.6503138470656515
250,-0.022,-0.002,1,100.0,6,66.66666666666666,1.2582100355738113
250,-0.022,-0.001,2,100.0,7,71.42857142857143,1.1559967676366054
250,-0.022,0.0,3,100.0,7,71.42857142857143,1.1559967676366054
250,-0.022,0.001,4,100.0,8,75.0,2.0967971354972423
250,-0.022,0.002,4,100.0,12,83.33333333333334,1.8939278219132882
250,-0.022,0.003,5,100.0,13,84.61538461538461,2.7210920725583176
250,-0.022,0.004,7,100.0,13,84.61538461538461,2.7210920725583176
250,-0.022,0.005,9,88.88888888888889,16,75.0,2.312575187278245
250,-0.022,0.006,9,88.88888888888889,18,77.77777777777779,2.8444064849780464
250,-0.022,0.007000000000000001,10,80.0,19,73.68421052631578,0.7913905138199266
250,-0.022,0.008,11,81.81818181818183,19,73.68421052631578,0.7913905138199266
250,-0.020999999999999998,-0.002,1,100.0,7,57.14285714285714,0.06359475316642157
250,-0.020999999999999998,-0.001,3,100.0,8,62.5,0.12348505402228982
250,-0.020999999999999998,0.0,5,100.0,8,62.5,0.12348505402228982
250,-0.020999999999999998,0.001,6,100.0,9,66.66666666666666,1.0744755714111132
250,-0.020999999999999998,0.002,6,100.0,13,76.92307692307693,1.2017720708985802
250,-0.020999999999999998,0.003,7,100.0,14,78.57142857142857,2.0192928572843005
250,-0.020999999999999998,0.004,9,100.0,14,78.57142857142857,2.0192928572843005
250,-0.020999999999999998,0.005,11,90.9090909090909,17,70.58823529411765,1.758653297363177
250,-0.020999999999999998,0.006,11,90.9090909090909,19,73.68421052631578,2.3208010414908897
250,-0.020999999999999998,0.007000000000000001,12,83.33333333333334,20,70.0,0.3966161410650349
250,-0.020999999999999998,0.008,13,84.61538461538461,20,70.0,0.3966161410650349
250,-0.019999999999999997,-0.002,3,100.0,7,57.14285714285714,0.06359475316642157
250,-0.019999999999999997,-0.001,5,100.0,8,62.5,0.12348505402228982
250,-0.019999999999999997,0.0,8,100.0,8,62.5,0.12348505402228982
250,-0.019999999999999997,0.001,9,100.0,9,66.66666666666666,1.0744755714111132
250,-0.019999999999999997,0.002,9,100.0,13,76.92307692307693,1.2017720708985802
250,-0.019999999999999997,0.003,11,100.0,14,78.57142857142857,2.0192928572843005
250,-0.019999999999999997,0.004,13,100.0,14,78.57142857142857,2.0192928572843005
250,-0.019999999999999997,0.005,15,93.33333333333333,17,70.58823529411765,1.758653297363177
250,-0.019999999999999997,0.006,15,93.33333333333333,19,73.68421052631578,2.3208010414908897
250,-0.019999999999999997,0.007000000000000001,16,87.5,22,72.72727272727273,0.946062842753716
250,-0.019999999999999997,0.008,17,88.23529411764706,22,72.72727272727273,0.946062842753716
250,-0.018999999999999996,-0.002,4,100.0,8,62.5,0.6179019576452938
250,-0.018999999999999996,-0.001,6,100.0,9,66.66666666666666,0.6095480912417466
250,-0.018999999999999996,0.0,9,100.0,9,66.66666666666666,0.6095480912417466
250,-0.018999999999999996,0.001,10,100.0,11,63.63636363636363,0.9200308404574329
250,-0.018999999999999996,0.002,10,100.0,15,73.33333333333333,1.0715397349342186
250,-0.018999999999999996,0.003,12,100.0,16,75.0,1.7950099440194967
250,-0.018999999999999996,0.004,14,100.0,16,75.0,1.7950099440194967
250,-0.018999999999999996,0.005,16,93.75,19,68.42105263157895,1.5972192188160923
250,-0.018999999999999996,0.006,17,88.23529411764706,21,71.42857142857143,2.121203756698031
250,-0.018999999999999996,0.007000000000000001,18,83.33333333333334,25,72.0,0.9488618662626267
250,-0.018999999999999996,0.008,19,84.21052631578947,25,72.0,0.9488618662626267
250,-0.017999999999999995,-0.002,4,100.0,9,55.55555555555556,0.24037932874906667
250,-0.017999999999999995,-0.001,6,100.0,11,63.63636363636363,0.34410579121852275
250,-0.017999999999999995,0.0,9,100.0,11,63.63636363636363,0.34410579121852275
250,-0.017999999999999995,0.001,10,100.0,13,61.53846153846154,0.6476592405584461
250,-0.017999999999999995,0.002,10,100.0,18,72.22222222222221,0.8710397169166652
250,-0.017999999999999995,0.003,12,100.0,19,73.68421052631578,1.49083042025256
250,-0.017999999999999995,0.004,14,100.0,19,73.68421052631578,1.49083042025256
250,-0.017999999999999995,0.005,16,93.75,22,68.18181818181817,1.361490183545111
250,-0.017999999999999995,0.006,17,88.23529411764706,24,70.83333333333334,1.8396207404643887
250,-0.017999999999999995,0.007000000000000001,18,83.33333333333334,28,71.42857142857143,0.8331130548947272
250,-0.017999999999999995,0.008,19,84.21052631578947,28,71.42857142857143,0.8331130548947272
250,-0.016999999999999994,-0.002,4,100.0,9,55.55555555555556,0.24037932874906667
250,-0.016999999999999994,-0.001,6,100.0,11,63.63636363636363,0.34410579121852275
250,-0.016999999999999994,0.0,9,100.0,11,63.63636363636363,0.34410579121852275
250,-0.016999999999999994,0.001,10,100.0,13,61.53846153846154,0.6476592405584461
250,-0.016999999999999994,0.002,10,100.0,18,72.22222222222221,0.8710397169166652
250,-0.016999999999999994,0.003,12,100.0,19,73.68421052631578,1.49083042025256
250,-0.016999999999999994,0.004,14,100.0,19,73.68421052631578,1.49083042025256
250,-0.016999999999999994,0.005,16,93.75,22,68.18181818181817,1.361490183545111
250,-0.016999999999999994,0.006,17,88.23529411764706,25,72.0,1.9694806954584585
250,-0.016999999999999994,0.007000000000000001,18,83.33333333333334,29,72.41379310344827,0.979768453529948
250,-0.016999999999999994,0.008,19,84.21052631578947,29,72.41379310344827,0.979768453529948
250,-0.015999999999999993,-0.002,4,100.0,9,55.55555555555556,0.24037932874906667
250,-0.015999999999999993,-0.001,6,100.0,11,63.63636363636363,0.34410579121852275
250,-0.015999999999999993,0.0,9,100.0,11,63.63636363636363,0.34410579121852275
250,-0.015999999999999993,0.001,10,100.0,13,61.53846153846154,0.6476592405584461
250,-0.015999999999999993,0.002,10,100.0,19,68.42105263157895,0.7507150730462403
250,-0.015999999999999993,0.003,12,100.0,20,70.0,1.3455324734088618
250,-0.015999999999999993,0.004,14,100.0,20,70.0,1.3455324734088618
250,-0.015999999999999993,0.005,16,93.75,23,65.21739130434783,1.2407676313639586
250,-0.015999999999999993,0.006,18,88.88888888888889,26,69.23076923076923,1.8393034180707712
250,-0.015999999999999993,0.007000000000000001,19,84.21052631578947,30,70.0,0.8999385545249032
250,-0.015999999999999993,0.008,20,85.0,30,70.0,0.8999385545249032
250,-0.014999999999999993,-0.002,6,66.66666666666666,11,54.54545454545454,-0.06243924739643638
250,-0.014999999999999993,-0.001,8,75.0,13,61.53846153846154,0.07191677102318103
250,-0.014999999999999993,0.0,11,81.81818181818183,13,61.53846153846154,0.07191677102318103
250,-0.014999999999999993,0.001,13,84.61538461538461,15,60.0,0.3712882964771597
250,-0.014999999999999993,0.002,13,84.61538461538461,22,63.63636363636363,0.2384565545753805
250,-0.014999999999999993,0.003,15,86.66666666666667,23,65.21739130434783,0.7779611861285668
250,-0.014999999999999993,0.004,17,88.23529411764706,23,65.21739130434783,0.7779611861285668
250,-0.014999999999999993,0.005,19,84.21052631578947,27,59.25925925925925,0.53999552067498
250,-0.014999999999999993,0.006,21,80.95238095238095,31,61.29032258064516,0.9295516789483401
250,-0.014999999999999993,0.007000000000000001,22,77.27272727272727,36,61.111111111111114,0.10710536200782975
250,-0.014999999999999993,0.008,23,78.26086956521739,36,61.111111111111114,0.10710536200782975
250,-0.013999999999999992,-0.002,6,66.66666666666666,11,54.54545454545454,-0.06243924739643638
250,-0.013999999999999992,-0.001,8,75.0,13,61.53846153846154,0.07191677102318103
250,-0.013999999999999992,0.0,11,81.81818181818183,15,60.0,0.26772860870119575
250,-0.013999999999999992,0.001,13,84.61538461538461,18,61.111111111111114,0.880650671847779
250,-0.013999999999999992,0.002,13,84.61538461538461,25,64.0,0.6211372738704404
250,-0.013999999999999992,0.003,15,86.66666666666667,26,65.38461538461539,1.0836728818099879
250,-0.013999999999999992,0.004,18,88.88888888888889,26,65.38461538461539,1.0836728818099879
250,-0.013999999999999992,0.005,20,85.0,30,60.0,0.8287422234775698
250,-0.013999999999999992,0.006,22,81.81818181818183,35,62.857142857142854,1.122485491538222
250,-0.013999999999999992,0.007000000000000001,23,78.26086956521739,40,62.5,0.35816707971802736
250,-0.013999999999999992,0.008,24,79.16666666666666,40,62.5,0.35816707971802736
250,-0.01299999999999999,-0.002,8,62.5,11,54.54545454545454,-0.06243924739643638
250,-0.01299999999999999,-0.001,10,70.0,13,61.53846153846154,0.07191677102318103
250,-0.01299999999999999,0.0,13,76.92307692307693,15,60.0,0.26772860870119575
250,-0.01299999999999999,0.001,15,80.0,18,61.111111111111114,0.880650671847779
250,-0.01299999999999999,0.002,16,81.25,26,65.38461538461539,0.6290845504013733
250,-0.01299999999999999,0.003,18,83.33333333333334,29,62.06896551724138,0.6934289671061216
250,-0.01299999999999999,0.004,21,85.71428571428571,29,62.06896551724138,0.6934289671061216
250,-0.01299999999999999,0.005,23,82.6086956521739,33,57.57575757575758,0.508976115858938
250,-0.01299999999999999,0.006,25,80.0,38,60.526315789473685,0.8216036137593582
250,-0.01299999999999999,0.007000000000000001,26,76.92307692307693,43,60.46511627906976,0.14559600715671944
250,-0.01299999999999999,0.008,27,77.77777777777779,44,59.09090909090909,0.13129041928087745
250,-0.01199999999999999,-0.002,9,66.66666666666666,11,54.54545454545454,-0.06243924739643638
250,-0.01199999999999999,-0.001,12,75.0,13,61.53846153846154,0.07191677102318103
250,-0.01199999999999999,0.0,15,80.0,15,60.0,0.26772860870119575
250,-0.01199999999999999,0.001,17,82.35294117647058,18,61.111111111111114,0.880650671847779
250,-0.01199999999999999,0.002,18,83.33333333333334,26,65.38461538461539,0.6290845504013733
250,-0.01199999999999999,0.003,20,85.0,29,62.06896551724138,0.6934289671061216
250,-0.01199999999999999,0.004,24,87.5,30,60.0,0.573781983432871
250,-0.01199999999999999,0.005,26,84.61538461538461,34,55.88235294117647,0.4088303317721632
250,-0.01199999999999999,0.006,28,82.14285714285714,39,58.97435897435898,0.7262809430708773
250,-0.01199999999999999,0.007000000000000001,29,79.3103448275862,44,59.09090909090909,0.07646926737835323
250,-0.01199999999999999,0.008,31,77.41935483870968,45,57.77777777777777,0.06401773122816
250,-0.010999999999999989,-0.002,9,66.66666666666666,11,54.54545454545454,-0.06243924739643638
250,-0.010999999999999989,-0.001,12,75.0,14,57.14285714285714,-0.20877395894975873
250,-0.010999999999999989,0.0,15,80.0,16,56.25,0.009885980119997362
250,-0.010999999999999989,0.001,18,77.77777777777779,21,57.14285714285714,0.49111651008511475
250,-0.010999999999999989,0.002,19,78.94736842105263,29,62.06896551724138,0.3730321699642443
250,-0.010999999999999989,0.003,21,80.95238095238095,32,59.375,0.45534920826890346
250,-0.010999999999999989,0.004,25,84.0,34,55.88235294117647,0.2732086048371483
250,-0.010999999999999989,0.005,27,81.48148148148148,38,52.63157894736842,0.1572595879402756
250,-0.010999999999999989,0.006,29,79.3103448275862,43,55.81395348837209,0.4744323218893287
250,-0.010999999999999989,0.007000000000000001,30,76.66666666666667,48,56.25,-0.09499414945574054
250,-0.010999999999999989,0.008,32,75.0,49,55.10204081632652,-0.102929980270528
250,-0.009999999999999988,-0.002,10,70.0,12,50.0,-0.3995754807339857
250,-0.009999999999999988,-0.001,14,71.42857142857143,15,53.333333333333336,-0.46872729818291
250,-0.009999999999999988,0.0,17,76.47058823529412,17,52.94117647058824,-0.2323469626780631
250,-0.009999999999999988,0.001,20,75.0,22,54.54545454545454,0.2820623938336539
250,-0.009999999999999988,0.002,21,76.19047619047619,30,60.0,0.22366196271720198
250,-0.009999999999999988,0.003,23,78.26086956521739,33,57.57575757575758,0.31706365506539036
250,-0.009999999999999988,0.004,27,81.48148148148148,36,55.55555555555556,0.2865735415436521
250,-0.009999999999999988,0.005,29,79.3103448275862,40,52.5,0.17508548182097255
250,-0.009999999999999988,0.006,31,77.41935483870968,45,55.55555555555556,0.47618099494110155
250,-0.009999999999999988,0.007000000000000001,32,75.0,50,56.00000000000001,-0.0706432848553423
250,-0.009999999999999988,0.008,34,73.52941176470588,51,54.90196078431373,-0.07874537455191069
